patient_id_left,patient_id_right,left_occurrence_count,right_occurrence_count,shared_accept_set_count,similarity,shared_accept_set_ids
TCGA-B0-4712,TCGA-B0-4821,7,3,0,0.0,[]
TCGA-B0-4712,TCGA-B0-5081,7,6,4,0.5714285714285714,"[""K4_repeat1_K4_C0001_M_K4_C0004"", ""K4_repeat2_K4_C0001"", ""K5_repeat2_K5_C0001_M_K5_C0005"", ""K5_repeat3_K5_C0001_M_K5_C0005""]"
TCGA-B0-4712,TCGA-B0-5085,7,12,5,0.4166666666666667,"[""K4_repeat1_K4_C0001_M_K4_C0004"", ""K4_repeat2_K4_C0001"", ""K5_repeat2_K5_C0001_M_K5_C0005"", ""K5_repeat3_K5_C0001_M_K5_C0005"", ""K6_repeat3_K6_C0001_M_K6_C0004""]"
TCGA-B0-4712,TCGA-B0-5088,7,6,0,0.0,[]
TCGA-B0-4712,TCGA-B0-5106,7,3,0,0.0,[]
TCGA-B0-4712,TCGA-B0-5115,7,13,7,0.5384615384615384,"[""K4_repeat1_K4_C0001_M_K4_C0004"", ""K4_repeat2_K4_C0001"", ""K5_repeat2_K5_C0001_M_K5_C0005"", ""K5_repeat3_K5_C0001_M_K5_C0005"", ""K6_repeat3_K6_C0001_M_K6_C0004"", ""K7_repeat1_K7_C0001"", ""K8_repeat2_K8_C0001""]"
TCGA-B0-4712,TCGA-B0-5117,7,3,0,0.0,[]
TCGA-B0-4712,TCGA-B0-5696,7,6,4,0.5714285714285714,"[""K4_repeat1_K4_C0001_M_K4_C0004"", ""K4_repeat2_K4_C0001"", ""K5_repeat2_K5_C0001_M_K5_C0005"", ""K5_repeat3_K5_C0001_M_K5_C0005""]"
TCGA-B0-4712,TCGA-B0-5697,7,3,0,0.0,[]
TCGA-B0-4712,TCGA-B0-5698,7,3,0,0.0,[]
TCGA-B0-4712,TCGA-B0-5702,7,7,0,0.0,[]
TCGA-B0-4712,TCGA-B0-5703,7,11,5,0.45454545454545453,"[""K4_repeat1_K4_C0001_M_K4_C0004"", ""K4_repeat2_K4_C0001"", ""K5_repeat2_K5_C0001_M_K5_C0005"", ""K5_repeat3_K5_C0001_M_K5_C0005"", ""K6_repeat3_K6_C0001_M_K6_C0004""]"
TCGA-B0-4712,TCGA-B0-5706,7,3,0,0.0,[]
TCGA-B0-4712,TCGA-B0-5709,7,7,0,0.0,[]
TCGA-B0-4712,TCGA-B0-5712,7,3,0,0.0,[]
TCGA-B0-4712,TCGA-B0-5812,7,13,7,0.5384615384615384,"[""K4_repeat1_K4_C0001_M_K4_C0004"", ""K4_repeat2_K4_C0001"", ""K5_repeat2_K5_C0001_M_K5_C0005"", ""K5_repeat3_K5_C0001_M_K5_C0005"", ""K6_repeat3_K6_C0001_M_K6_C0004"", ""K7_repeat1_K7_C0001"", ""K8_repeat2_K8_C0001""]"
TCGA-B0-4712,TCGA-B8-4148,7,9,4,0.4444444444444444,"[""K4_repeat1_K4_C0001_M_K4_C0004"", ""K4_repeat2_K4_C0001"", ""K5_repeat2_K5_C0001_M_K5_C0005"", ""K5_repeat3_K5_C0001_M_K5_C0005""]"
TCGA-B0-4712,TCGA-B8-4151,7,3,0,0.0,[]
TCGA-B0-4712,TCGA-B8-4153,7,3,0,0.0,[]
TCGA-B0-4712,TCGA-B8-4619,7,3,0,0.0,[]
TCGA-B0-4712,TCGA-B8-4622,7,9,4,0.4444444444444444,"[""K4_repeat1_K4_C0001_M_K4_C0004"", ""K4_repeat2_K4_C0001"", ""K5_repeat2_K5_C0001_M_K5_C0005"", ""K5_repeat3_K5_C0001_M_K5_C0005""]"
TCGA-B0-4712,TCGA-B8-5158,7,3,0,0.0,[]
TCGA-B0-4712,TCGA-B8-5159,7,8,1,0.125,"[""K4_repeat1_K4_C0001_M_K4_C0004""]"
TCGA-B0-4712,TCGA-B8-5162,7,8,1,0.125,"[""K4_repeat1_K4_C0001_M_K4_C0004""]"
TCGA-B0-4712,TCGA-B8-5164,7,3,0,0.0,[]
TCGA-B0-4712,TCGA-B8-5165,7,8,1,0.125,"[""K4_repeat1_K4_C0001_M_K4_C0004""]"
TCGA-B0-4712,TCGA-B8-5546,7,3,0,0.0,[]
TCGA-B0-4712,TCGA-B8-5549,7,8,1,0.125,"[""K4_repeat1_K4_C0001_M_K4_C0004""]"
TCGA-B0-4712,TCGA-B8-5550,7,3,0,0.0,[]
TCGA-B0-4712,TCGA-B8-5551,7,7,0,0.0,[]
TCGA-B0-4712,TCGA-B8-5553,7,3,0,0.0,[]
TCGA-B0-4712,TCGA-B8-A54D,7,5,0,0.0,[]
TCGA-B0-4712,TCGA-B8-A54E,7,3,0,0.0,[]
TCGA-B0-4712,TCGA-B8-A54F,7,3,0,0.0,[]
TCGA-B0-4712,TCGA-B8-A54G,7,5,0,0.0,[]
TCGA-B0-4712,TCGA-BP-4164,7,8,5,0.625,"[""K4_repeat1_K4_C0001_M_K4_C0004"", ""K4_repeat2_K4_C0001"", ""K5_repeat2_K5_C0001_M_K5_C0005"", ""K5_repeat3_K5_C0001_M_K5_C0005"", ""K6_repeat3_K6_C0001_M_K6_C0004""]"
TCGA-B0-4712,TCGA-BP-4167,7,7,0,0.0,[]
TCGA-B0-4712,TCGA-BP-4770,7,3,0,0.0,[]
TCGA-B0-4712,TCGA-BP-4782,7,3,0,0.0,[]
TCGA-B0-4712,TCGA-BP-4960,7,10,7,0.7,"[""K4_repeat1_K4_C0001_M_K4_C0004"", ""K4_repeat2_K4_C0001"", ""K5_repeat2_K5_C0001_M_K5_C0005"", ""K5_repeat3_K5_C0001_M_K5_C0005"", ""K6_repeat3_K6_C0001_M_K6_C0004"", ""K7_repeat1_K7_C0001"", ""K8_repeat2_K8_C0001""]"
TCGA-B0-4712,TCGA-BP-4962,7,7,0,0.0,[]
TCGA-B0-4712,TCGA-BP-4965,7,11,5,0.45454545454545453,"[""K4_repeat1_K4_C0001_M_K4_C0004"", ""K4_repeat2_K4_C0001"", ""K5_repeat2_K5_C0001_M_K5_C0005"", ""K5_repeat3_K5_C0001_M_K5_C0005"", ""K6_repeat3_K6_C0001_M_K6_C0004""]"
TCGA-B0-4712,TCGA-BP-4967,7,8,1,0.125,"[""K4_repeat1_K4_C0001_M_K4_C0004""]"
TCGA-B0-4712,TCGA-BP-4970,7,8,1,0.125,"[""K4_repeat1_K4_C0001_M_K4_C0004""]"
TCGA-B0-4712,TCGA-BP-4971,7,7,0,0.0,[]
TCGA-B0-4712,TCGA-BP-4972,7,6,1,0.14285714285714285,"[""K6_repeat3_K6_C0001_M_K6_C0004""]"
TCGA-B0-4712,TCGA-BP-4976,7,12,5,0.4166666666666667,"[""K4_repeat1_K4_C0001_M_K4_C0004"", ""K4_repeat2_K4_C0001"", ""K5_repeat2_K5_C0001_M_K5_C0005"", ""K5_repeat3_K5_C0001_M_K5_C0005"", ""K6_repeat3_K6_C0001_M_K6_C0004""]"
TCGA-B0-4712,TCGA-BP-4977,7,8,1,0.125,"[""K4_repeat1_K4_C0001_M_K4_C0004""]"
TCGA-B0-4712,TCGA-BP-4982,7,11,5,0.45454545454545453,"[""K4_repeat1_K4_C0001_M_K4_C0004"", ""K4_repeat2_K4_C0001"", ""K5_repeat2_K5_C0001_M_K5_C0005"", ""K5_repeat3_K5_C0001_M_K5_C0005"", ""K6_repeat3_K6_C0001_M_K6_C0004""]"
TCGA-B0-4712,TCGA-BP-4986,7,8,1,0.125,"[""K4_repeat1_K4_C0001_M_K4_C0004""]"
TCGA-B0-4712,TCGA-BP-4988,7,9,6,0.6666666666666666,"[""K4_repeat1_K4_C0001_M_K4_C0004"", ""K4_repeat2_K4_C0001"", ""K5_repeat2_K5_C0001_M_K5_C0005"", ""K5_repeat3_K5_C0001_M_K5_C0005"", ""K6_repeat3_K6_C0001_M_K6_C0004"", ""K7_repeat1_K7_C0001""]"
TCGA-B0-4712,TCGA-BP-4989,7,13,7,0.5384615384615384,"[""K4_repeat1_K4_C0001_M_K4_C0004"", ""K4_repeat2_K4_C0001"", ""K5_repeat2_K5_C0001_M_K5_C0005"", ""K5_repeat3_K5_C0001_M_K5_C0005"", ""K6_repeat3_K6_C0001_M_K6_C0004"", ""K7_repeat1_K7_C0001"", ""K8_repeat2_K8_C0001""]"
TCGA-B0-4712,TCGA-BP-4992,7,7,0,0.0,[]
TCGA-B0-4712,TCGA-BP-4994,7,3,0,0.0,[]
TCGA-B0-4712,TCGA-BP-4995,7,12,5,0.4166666666666667,"[""K4_repeat1_K4_C0001_M_K4_C0004"", ""K4_repeat2_K4_C0001"", ""K5_repeat2_K5_C0001_M_K5_C0005"", ""K5_repeat3_K5_C0001_M_K5_C0005"", ""K6_repeat3_K6_C0001_M_K6_C0004""]"
TCGA-B0-4712,TCGA-BP-4999,7,11,5,0.45454545454545453,"[""K4_repeat1_K4_C0001_M_K4_C0004"", ""K4_repeat2_K4_C0001"", ""K5_repeat2_K5_C0001_M_K5_C0005"", ""K5_repeat3_K5_C0001_M_K5_C0005"", ""K6_repeat3_K6_C0001_M_K6_C0004""]"
TCGA-B0-4712,TCGA-BP-5000,7,3,0,0.0,[]
TCGA-B0-4712,TCGA-BP-5001,7,12,5,0.4166666666666667,"[""K4_repeat1_K4_C0001_M_K4_C0004"", ""K4_repeat2_K4_C0001"", ""K5_repeat2_K5_C0001_M_K5_C0005"", ""K5_repeat3_K5_C0001_M_K5_C0005"", ""K6_repeat3_K6_C0001_M_K6_C0004""]"
TCGA-B0-4712,TCGA-BP-5004,7,12,5,0.4166666666666667,"[""K4_repeat1_K4_C0001_M_K4_C0004"", ""K4_repeat2_K4_C0001"", ""K5_repeat2_K5_C0001_M_K5_C0005"", ""K5_repeat3_K5_C0001_M_K5_C0005"", ""K6_repeat3_K6_C0001_M_K6_C0004""]"
TCGA-B0-4712,TCGA-BP-5006,7,12,5,0.4166666666666667,"[""K4_repeat1_K4_C0001_M_K4_C0004"", ""K4_repeat2_K4_C0001"", ""K5_repeat2_K5_C0001_M_K5_C0005"", ""K5_repeat3_K5_C0001_M_K5_C0005"", ""K6_repeat3_K6_C0001_M_K6_C0004""]"
TCGA-B0-4712,TCGA-BP-5007,7,12,5,0.4166666666666667,"[""K4_repeat1_K4_C0001_M_K4_C0004"", ""K4_repeat2_K4_C0001"", ""K5_repeat2_K5_C0001_M_K5_C0005"", ""K5_repeat3_K5_C0001_M_K5_C0005"", ""K6_repeat3_K6_C0001_M_K6_C0004""]"
TCGA-B0-4712,TCGA-BP-5009,7,12,6,0.5,"[""K4_repeat1_K4_C0001_M_K4_C0004"", ""K4_repeat2_K4_C0001"", ""K5_repeat2_K5_C0001_M_K5_C0005"", ""K5_repeat3_K5_C0001_M_K5_C0005"", ""K6_repeat3_K6_C0001_M_K6_C0004"", ""K7_repeat1_K7_C0001""]"
TCGA-B0-4712,TCGA-BP-5010,7,4,0,0.0,[]
TCGA-B0-4712,TCGA-BP-5174,7,8,1,0.125,"[""K4_repeat1_K4_C0001_M_K4_C0004""]"
TCGA-B0-4712,TCGA-BP-5175,7,7,0,0.0,[]
TCGA-B0-4712,TCGA-BP-5180,7,13,7,0.5384615384615384,"[""K4_repeat1_K4_C0001_M_K4_C0004"", ""K4_repeat2_K4_C0001"", ""K5_repeat2_K5_C0001_M_K5_C0005"", ""K5_repeat3_K5_C0001_M_K5_C0005"", ""K6_repeat3_K6_C0001_M_K6_C0004"", ""K7_repeat1_K7_C0001"", ""K8_repeat2_K8_C0001""]"
TCGA-B0-4712,TCGA-BP-5181,7,13,7,0.5384615384615384,"[""K4_repeat1_K4_C0001_M_K4_C0004"", ""K4_repeat2_K4_C0001"", ""K5_repeat2_K5_C0001_M_K5_C0005"", ""K5_repeat3_K5_C0001_M_K5_C0005"", ""K6_repeat3_K6_C0001_M_K6_C0004"", ""K7_repeat1_K7_C0001"", ""K8_repeat2_K8_C0001""]"
TCGA-B0-4712,TCGA-BP-5183,7,13,7,0.5384615384615384,"[""K4_repeat1_K4_C0001_M_K4_C0004"", ""K4_repeat2_K4_C0001"", ""K5_repeat2_K5_C0001_M_K5_C0005"", ""K5_repeat3_K5_C0001_M_K5_C0005"", ""K6_repeat3_K6_C0001_M_K6_C0004"", ""K7_repeat1_K7_C0001"", ""K8_repeat2_K8_C0001""]"
TCGA-B0-4712,TCGA-BP-5184,7,13,7,0.5384615384615384,"[""K4_repeat1_K4_C0001_M_K4_C0004"", ""K4_repeat2_K4_C0001"", ""K5_repeat2_K5_C0001_M_K5_C0005"", ""K5_repeat3_K5_C0001_M_K5_C0005"", ""K6_repeat3_K6_C0001_M_K6_C0004"", ""K7_repeat1_K7_C0001"", ""K8_repeat2_K8_C0001""]"
TCGA-B0-4712,TCGA-BP-5186,7,13,7,0.5384615384615384,"[""K4_repeat1_K4_C0001_M_K4_C0004"", ""K4_repeat2_K4_C0001"", ""K5_repeat2_K5_C0001_M_K5_C0005"", ""K5_repeat3_K5_C0001_M_K5_C0005"", ""K6_repeat3_K6_C0001_M_K6_C0004"", ""K7_repeat1_K7_C0001"", ""K8_repeat2_K8_C0001""]"
TCGA-B0-4712,TCGA-BP-5187,7,13,7,0.5384615384615384,"[""K4_repeat1_K4_C0001_M_K4_C0004"", ""K4_repeat2_K4_C0001"", ""K5_repeat2_K5_C0001_M_K5_C0005"", ""K5_repeat3_K5_C0001_M_K5_C0005"", ""K6_repeat3_K6_C0001_M_K6_C0004"", ""K7_repeat1_K7_C0001"", ""K8_repeat2_K8_C0001""]"
TCGA-B0-4712,TCGA-BP-5189,7,11,3,0.2727272727272727,"[""K4_repeat1_K4_C0001_M_K4_C0004"", ""K4_repeat2_K4_C0001"", ""K6_repeat3_K6_C0001_M_K6_C0004""]"
TCGA-B0-4712,TCGA-BP-5190,7,3,0,0.0,[]
TCGA-B0-4712,TCGA-BP-5191,7,3,0,0.0,[]
TCGA-B0-4712,TCGA-BP-5192,7,10,1,0.1,"[""K4_repeat1_K4_C0001_M_K4_C0004""]"
TCGA-B0-4712,TCGA-BP-5194,7,11,5,0.45454545454545453,"[""K4_repeat1_K4_C0001_M_K4_C0004"", ""K4_repeat2_K4_C0001"", ""K5_repeat2_K5_C0001_M_K5_C0005"", ""K5_repeat3_K5_C0001_M_K5_C0005"", ""K6_repeat3_K6_C0001_M_K6_C0004""]"
TCGA-B0-4712,TCGA-BP-5195,7,12,6,0.5,"[""K4_repeat1_K4_C0001_M_K4_C0004"", ""K4_repeat2_K4_C0001"", ""K5_repeat2_K5_C0001_M_K5_C0005"", ""K5_repeat3_K5_C0001_M_K5_C0005"", ""K6_repeat3_K6_C0001_M_K6_C0004"", ""K8_repeat2_K8_C0001""]"
TCGA-B0-4712,TCGA-BP-5196,7,8,1,0.125,"[""K4_repeat1_K4_C0001_M_K4_C0004""]"
TCGA-B0-4712,TCGA-BP-5199,7,12,4,0.3333333333333333,"[""K4_repeat1_K4_C0001_M_K4_C0004"", ""K5_repeat2_K5_C0001_M_K5_C0005"", ""K5_repeat3_K5_C0001_M_K5_C0005"", ""K6_repeat3_K6_C0001_M_K6_C0004""]"
TCGA-B0-4712,TCGA-BP-5200,7,11,5,0.45454545454545453,"[""K4_repeat1_K4_C0001_M_K4_C0004"", ""K4_repeat2_K4_C0001"", ""K5_repeat2_K5_C0001_M_K5_C0005"", ""K5_repeat3_K5_C0001_M_K5_C0005"", ""K6_repeat3_K6_C0001_M_K6_C0004""]"
TCGA-B0-4712,TCGA-CJ-4637,7,7,0,0.0,[]
TCGA-B0-4712,TCGA-CJ-4641,7,7,0,0.0,[]
TCGA-B0-4712,TCGA-CJ-4900,7,6,1,0.14285714285714285,"[""K8_repeat2_K8_C0001""]"
TCGA-B0-4712,TCGA-CJ-4902,7,4,0,0.0,[]
TCGA-B0-4712,TCGA-CJ-4903,7,8,5,0.625,"[""K4_repeat1_K4_C0001_M_K4_C0004"", ""K4_repeat2_K4_C0001"", ""K5_repeat2_K5_C0001_M_K5_C0005"", ""K5_repeat3_K5_C0001_M_K5_C0005"", ""K6_repeat3_K6_C0001_M_K6_C0004""]"
TCGA-B0-4712,TCGA-CJ-4904,7,9,6,0.6666666666666666,"[""K4_repeat1_K4_C0001_M_K4_C0004"", ""K4_repeat2_K4_C0001"", ""K5_repeat2_K5_C0001_M_K5_C0005"", ""K5_repeat3_K5_C0001_M_K5_C0005"", ""K6_repeat3_K6_C0001_M_K6_C0004"", ""K7_repeat1_K7_C0001""]"
TCGA-B0-4712,TCGA-CJ-4923,7,7,0,0.0,[]
TCGA-B0-4712,TCGA-CJ-6027,7,7,0,0.0,[]
TCGA-B0-4712,TCGA-CJ-6028,7,7,0,0.0,[]
TCGA-B0-4712,TCGA-CJ-6030,7,7,0,0.0,[]
TCGA-B0-4712,TCGA-CJ-6033,7,5,5,0.7142857142857143,"[""K4_repeat1_K4_C0001_M_K4_C0004"", ""K4_repeat2_K4_C0001"", ""K5_repeat2_K5_C0001_M_K5_C0005"", ""K5_repeat3_K5_C0001_M_K5_C0005"", ""K6_repeat3_K6_C0001_M_K6_C0004""]"
TCGA-B0-4712,TCGA-CZ-4859,7,12,5,0.4166666666666667,"[""K4_repeat1_K4_C0001_M_K4_C0004"", ""K4_repeat2_K4_C0001"", ""K5_repeat2_K5_C0001_M_K5_C0005"", ""K5_repeat3_K5_C0001_M_K5_C0005"", ""K6_repeat3_K6_C0001_M_K6_C0004""]"
TCGA-B0-4712,TCGA-CZ-4863,7,3,0,0.0,[]
TCGA-B0-4712,TCGA-CZ-4865,7,3,0,0.0,[]
TCGA-B0-4712,TCGA-CZ-5451,7,9,4,0.4444444444444444,"[""K4_repeat1_K4_C0001_M_K4_C0004"", ""K4_repeat2_K4_C0001"", ""K5_repeat2_K5_C0001_M_K5_C0005"", ""K5_repeat3_K5_C0001_M_K5_C0005""]"
TCGA-B0-4712,TCGA-CZ-5462,7,5,0,0.0,[]
TCGA-B0-4712,TCGA-CZ-5468,7,3,0,0.0,[]
TCGA-B0-4712,TCGA-CZ-5984,7,8,1,0.125,"[""K4_repeat1_K4_C0001_M_K4_C0004""]"
TCGA-B0-4712,TCGA-CZ-5985,7,7,0,0.0,[]
TCGA-B0-4712,TCGA-CZ-5988,7,3,0,0.0,[]
TCGA-B0-4712,TCGA-G6-A5PC,7,7,0,0.0,[]
TCGA-B0-4712,TCGA-G6-A8L7,7,5,5,0.7142857142857143,"[""K4_repeat1_K4_C0001_M_K4_C0004"", ""K4_repeat2_K4_C0001"", ""K5_repeat2_K5_C0001_M_K5_C0005"", ""K5_repeat3_K5_C0001_M_K5_C0005"", ""K6_repeat3_K6_C0001_M_K6_C0004""]"
TCGA-B0-4821,TCGA-B0-5081,3,6,2,0.3333333333333333,"[""K6_repeat3_K6_C0002_M_K6_C0003"", ""K7_repeat1_K7_C0002_M_K7_C0003""]"
TCGA-B0-4821,TCGA-B0-5085,3,12,0,0.0,[]
TCGA-B0-4821,TCGA-B0-5088,3,6,2,0.3333333333333333,"[""K5_repeat2_K5_C0002_M_K5_C0003"", ""K6_repeat3_K6_C0002_M_K6_C0003""]"
TCGA-B0-4821,TCGA-B0-5106,3,3,3,1.0,"[""K5_repeat2_K5_C0002_M_K5_C0003"", ""K6_repeat3_K6_C0002_M_K6_C0003"", ""K7_repeat1_K7_C0002_M_K7_C0003""]"
TCGA-B0-4821,TCGA-B0-5115,3,13,0,0.0,[]
TCGA-B0-4821,TCGA-B0-5117,3,3,3,1.0,"[""K5_repeat2_K5_C0002_M_K5_C0003"", ""K6_repeat3_K6_C0002_M_K6_C0003"", ""K7_repeat1_K7_C0002_M_K7_C0003""]"
TCGA-B0-4821,TCGA-B0-5696,3,6,2,0.3333333333333333,"[""K6_repeat3_K6_C0002_M_K6_C0003"", ""K7_repeat1_K7_C0002_M_K7_C0003""]"
TCGA-B0-4821,TCGA-B0-5697,3,3,3,1.0,"[""K5_repeat2_K5_C0002_M_K5_C0003"", ""K6_repeat3_K6_C0002_M_K6_C0003"", ""K7_repeat1_K7_C0002_M_K7_C0003""]"
TCGA-B0-4821,TCGA-B0-5698,3,3,3,1.0,"[""K5_repeat2_K5_C0002_M_K5_C0003"", ""K6_repeat3_K6_C0002_M_K6_C0003"", ""K7_repeat1_K7_C0002_M_K7_C0003""]"
TCGA-B0-4821,TCGA-B0-5702,3,7,1,0.14285714285714285,"[""K5_repeat2_K5_C0002_M_K5_C0003""]"
TCGA-B0-4821,TCGA-B0-5703,3,11,0,0.0,[]
TCGA-B0-4821,TCGA-B0-5706,3,3,3,1.0,"[""K5_repeat2_K5_C0002_M_K5_C0003"", ""K6_repeat3_K6_C0002_M_K6_C0003"", ""K7_repeat1_K7_C0002_M_K7_C0003""]"
TCGA-B0-4821,TCGA-B0-5709,3,7,1,0.14285714285714285,"[""K5_repeat2_K5_C0002_M_K5_C0003""]"
TCGA-B0-4821,TCGA-B0-5712,3,3,3,1.0,"[""K5_repeat2_K5_C0002_M_K5_C0003"", ""K6_repeat3_K6_C0002_M_K6_C0003"", ""K7_repeat1_K7_C0002_M_K7_C0003""]"
TCGA-B0-4821,TCGA-B0-5812,3,13,0,0.0,[]
TCGA-B0-4821,TCGA-B8-4148,3,9,2,0.2222222222222222,"[""K6_repeat3_K6_C0002_M_K6_C0003"", ""K7_repeat1_K7_C0002_M_K7_C0003""]"
TCGA-B0-4821,TCGA-B8-4151,3,3,3,1.0,"[""K5_repeat2_K5_C0002_M_K5_C0003"", ""K6_repeat3_K6_C0002_M_K6_C0003"", ""K7_repeat1_K7_C0002_M_K7_C0003""]"
TCGA-B0-4821,TCGA-B8-4153,3,3,3,1.0,"[""K5_repeat2_K5_C0002_M_K5_C0003"", ""K6_repeat3_K6_C0002_M_K6_C0003"", ""K7_repeat1_K7_C0002_M_K7_C0003""]"
TCGA-B0-4821,TCGA-B8-4619,3,3,3,1.0,"[""K5_repeat2_K5_C0002_M_K5_C0003"", ""K6_repeat3_K6_C0002_M_K6_C0003"", ""K7_repeat1_K7_C0002_M_K7_C0003""]"
TCGA-B0-4821,TCGA-B8-4622,3,9,2,0.2222222222222222,"[""K6_repeat3_K6_C0002_M_K6_C0003"", ""K7_repeat1_K7_C0002_M_K7_C0003""]"
TCGA-B0-4821,TCGA-B8-5158,3,3,3,1.0,"[""K5_repeat2_K5_C0002_M_K5_C0003"", ""K6_repeat3_K6_C0002_M_K6_C0003"", ""K7_repeat1_K7_C0002_M_K7_C0003""]"
TCGA-B0-4821,TCGA-B8-5159,3,8,0,0.0,[]
TCGA-B0-4821,TCGA-B8-5162,3,8,0,0.0,[]
TCGA-B0-4821,TCGA-B8-5164,3,3,3,1.0,"[""K5_repeat2_K5_C0002_M_K5_C0003"", ""K6_repeat3_K6_C0002_M_K6_C0003"", ""K7_repeat1_K7_C0002_M_K7_C0003""]"
TCGA-B0-4821,TCGA-B8-5165,3,8,0,0.0,[]
TCGA-B0-4821,TCGA-B8-5546,3,3,3,1.0,"[""K5_repeat2_K5_C0002_M_K5_C0003"", ""K6_repeat3_K6_C0002_M_K6_C0003"", ""K7_repeat1_K7_C0002_M_K7_C0003""]"
TCGA-B0-4821,TCGA-B8-5549,3,8,0,0.0,[]
TCGA-B0-4821,TCGA-B8-5550,3,3,3,1.0,"[""K5_repeat2_K5_C0002_M_K5_C0003"", ""K6_repeat3_K6_C0002_M_K6_C0003"", ""K7_repeat1_K7_C0002_M_K7_C0003""]"
TCGA-B0-4821,TCGA-B8-5551,3,7,1,0.14285714285714285,"[""K5_repeat2_K5_C0002_M_K5_C0003""]"
TCGA-B0-4821,TCGA-B8-5553,3,3,3,1.0,"[""K5_repeat2_K5_C0002_M_K5_C0003"", ""K6_repeat3_K6_C0002_M_K6_C0003"", ""K7_repeat1_K7_C0002_M_K7_C0003""]"
TCGA-B0-4821,TCGA-B8-A54D,3,5,3,0.6,"[""K5_repeat2_K5_C0002_M_K5_C0003"", ""K6_repeat3_K6_C0002_M_K6_C0003"", ""K7_repeat1_K7_C0002_M_K7_C0003""]"
TCGA-B0-4821,TCGA-B8-A54E,3,3,3,1.0,"[""K5_repeat2_K5_C0002_M_K5_C0003"", ""K6_repeat3_K6_C0002_M_K6_C0003"", ""K7_repeat1_K7_C0002_M_K7_C0003""]"
TCGA-B0-4821,TCGA-B8-A54F,3,3,3,1.0,"[""K5_repeat2_K5_C0002_M_K5_C0003"", ""K6_repeat3_K6_C0002_M_K6_C0003"", ""K7_repeat1_K7_C0002_M_K7_C0003""]"
TCGA-B0-4821,TCGA-B8-A54G,3,5,3,0.6,"[""K5_repeat2_K5_C0002_M_K5_C0003"", ""K6_repeat3_K6_C0002_M_K6_C0003"", ""K7_repeat1_K7_C0002_M_K7_C0003""]"
TCGA-B0-4821,TCGA-BP-4164,3,8,0,0.0,[]
TCGA-B0-4821,TCGA-BP-4167,3,7,1,0.14285714285714285,"[""K5_repeat2_K5_C0002_M_K5_C0003""]"
TCGA-B0-4821,TCGA-BP-4770,3,3,3,1.0,"[""K5_repeat2_K5_C0002_M_K5_C0003"", ""K6_repeat3_K6_C0002_M_K6_C0003"", ""K7_repeat1_K7_C0002_M_K7_C0003""]"
TCGA-B0-4821,TCGA-BP-4782,3,3,3,1.0,"[""K5_repeat2_K5_C0002_M_K5_C0003"", ""K6_repeat3_K6_C0002_M_K6_C0003"", ""K7_repeat1_K7_C0002_M_K7_C0003""]"
TCGA-B0-4821,TCGA-BP-4960,3,10,0,0.0,[]
TCGA-B0-4821,TCGA-BP-4962,3,7,1,0.14285714285714285,"[""K5_repeat2_K5_C0002_M_K5_C0003""]"
TCGA-B0-4821,TCGA-BP-4965,3,11,0,0.0,[]
TCGA-B0-4821,TCGA-BP-4967,3,8,0,0.0,[]
TCGA-B0-4821,TCGA-BP-4970,3,8,0,0.0,[]
TCGA-B0-4821,TCGA-BP-4971,3,7,1,0.14285714285714285,"[""K5_repeat2_K5_C0002_M_K5_C0003""]"
TCGA-B0-4821,TCGA-BP-4972,3,6,1,0.16666666666666666,"[""K5_repeat2_K5_C0002_M_K5_C0003""]"
TCGA-B0-4821,TCGA-BP-4976,3,12,0,0.0,[]
TCGA-B0-4821,TCGA-BP-4977,3,8,0,0.0,[]
TCGA-B0-4821,TCGA-BP-4982,3,11,0,0.0,[]
TCGA-B0-4821,TCGA-BP-4986,3,8,0,0.0,[]
TCGA-B0-4821,TCGA-BP-4988,3,9,0,0.0,[]
TCGA-B0-4821,TCGA-BP-4989,3,13,0,0.0,[]
TCGA-B0-4821,TCGA-BP-4992,3,7,1,0.14285714285714285,"[""K5_repeat2_K5_C0002_M_K5_C0003""]"
TCGA-B0-4821,TCGA-BP-4994,3,3,3,1.0,"[""K5_repeat2_K5_C0002_M_K5_C0003"", ""K6_repeat3_K6_C0002_M_K6_C0003"", ""K7_repeat1_K7_C0002_M_K7_C0003""]"
TCGA-B0-4821,TCGA-BP-4995,3,12,0,0.0,[]
TCGA-B0-4821,TCGA-BP-4999,3,11,0,0.0,[]
TCGA-B0-4821,TCGA-BP-5000,3,3,3,1.0,"[""K5_repeat2_K5_C0002_M_K5_C0003"", ""K6_repeat3_K6_C0002_M_K6_C0003"", ""K7_repeat1_K7_C0002_M_K7_C0003""]"
TCGA-B0-4821,TCGA-BP-5001,3,12,0,0.0,[]
TCGA-B0-4821,TCGA-BP-5004,3,12,0,0.0,[]
TCGA-B0-4821,TCGA-BP-5006,3,12,0,0.0,[]
TCGA-B0-4821,TCGA-BP-5007,3,12,0,0.0,[]
TCGA-B0-4821,TCGA-BP-5009,3,12,0,0.0,[]
TCGA-B0-4821,TCGA-BP-5010,3,4,0,0.0,[]
TCGA-B0-4821,TCGA-BP-5174,3,8,0,0.0,[]
TCGA-B0-4821,TCGA-BP-5175,3,7,1,0.14285714285714285,"[""K5_repeat2_K5_C0002_M_K5_C0003""]"
TCGA-B0-4821,TCGA-BP-5180,3,13,0,0.0,[]
TCGA-B0-4821,TCGA-BP-5181,3,13,0,0.0,[]
TCGA-B0-4821,TCGA-BP-5183,3,13,0,0.0,[]
TCGA-B0-4821,TCGA-BP-5184,3,13,0,0.0,[]
TCGA-B0-4821,TCGA-BP-5186,3,13,0,0.0,[]
TCGA-B0-4821,TCGA-BP-5187,3,13,0,0.0,[]
TCGA-B0-4821,TCGA-BP-5189,3,11,2,0.18181818181818182,"[""K5_repeat2_K5_C0002_M_K5_C0003"", ""K7_repeat1_K7_C0002_M_K7_C0003""]"
TCGA-B0-4821,TCGA-BP-5190,3,3,3,1.0,"[""K5_repeat2_K5_C0002_M_K5_C0003"", ""K6_repeat3_K6_C0002_M_K6_C0003"", ""K7_repeat1_K7_C0002_M_K7_C0003""]"
TCGA-B0-4821,TCGA-BP-5191,3,3,3,1.0,"[""K5_repeat2_K5_C0002_M_K5_C0003"", ""K6_repeat3_K6_C0002_M_K6_C0003"", ""K7_repeat1_K7_C0002_M_K7_C0003""]"
TCGA-B0-4821,TCGA-BP-5192,3,10,0,0.0,[]
TCGA-B0-4821,TCGA-BP-5194,3,11,0,0.0,[]
TCGA-B0-4821,TCGA-BP-5195,3,12,0,0.0,[]
TCGA-B0-4821,TCGA-BP-5196,3,8,0,0.0,[]
TCGA-B0-4821,TCGA-BP-5199,3,12,0,0.0,[]
TCGA-B0-4821,TCGA-BP-5200,3,11,0,0.0,[]
TCGA-B0-4821,TCGA-CJ-4637,3,7,1,0.14285714285714285,"[""K5_repeat2_K5_C0002_M_K5_C0003""]"
TCGA-B0-4821,TCGA-CJ-4641,3,7,1,0.14285714285714285,"[""K5_repeat2_K5_C0002_M_K5_C0003""]"
TCGA-B0-4821,TCGA-CJ-4900,3,6,1,0.16666666666666666,"[""K5_repeat2_K5_C0002_M_K5_C0003""]"
TCGA-B0-4821,TCGA-CJ-4902,3,4,0,0.0,[]
TCGA-B0-4821,TCGA-CJ-4903,3,8,0,0.0,[]
TCGA-B0-4821,TCGA-CJ-4904,3,9,0,0.0,[]
TCGA-B0-4821,TCGA-CJ-4923,3,7,1,0.14285714285714285,"[""K5_repeat2_K5_C0002_M_K5_C0003""]"
TCGA-B0-4821,TCGA-CJ-6027,3,7,1,0.14285714285714285,"[""K5_repeat2_K5_C0002_M_K5_C0003""]"
TCGA-B0-4821,TCGA-CJ-6028,3,7,1,0.14285714285714285,"[""K5_repeat2_K5_C0002_M_K5_C0003""]"
TCGA-B0-4821,TCGA-CJ-6030,3,7,1,0.14285714285714285,"[""K5_repeat2_K5_C0002_M_K5_C0003""]"
TCGA-B0-4821,TCGA-CJ-6033,3,5,0,0.0,[]
TCGA-B0-4821,TCGA-CZ-4859,3,12,0,0.0,[]
TCGA-B0-4821,TCGA-CZ-4863,3,3,3,1.0,"[""K5_repeat2_K5_C0002_M_K5_C0003"", ""K6_repeat3_K6_C0002_M_K6_C0003"", ""K7_repeat1_K7_C0002_M_K7_C0003""]"
TCGA-B0-4821,TCGA-CZ-4865,3,3,3,1.0,"[""K5_repeat2_K5_C0002_M_K5_C0003"", ""K6_repeat3_K6_C0002_M_K6_C0003"", ""K7_repeat1_K7_C0002_M_K7_C0003""]"
TCGA-B0-4821,TCGA-CZ-5451,3,9,2,0.2222222222222222,"[""K6_repeat3_K6_C0002_M_K6_C0003"", ""K7_repeat1_K7_C0002_M_K7_C0003""]"
TCGA-B0-4821,TCGA-CZ-5462,3,5,3,0.6,"[""K5_repeat2_K5_C0002_M_K5_C0003"", ""K6_repeat3_K6_C0002_M_K6_C0003"", ""K7_repeat1_K7_C0002_M_K7_C0003""]"
TCGA-B0-4821,TCGA-CZ-5468,3,3,3,1.0,"[""K5_repeat2_K5_C0002_M_K5_C0003"", ""K6_repeat3_K6_C0002_M_K6_C0003"", ""K7_repeat1_K7_C0002_M_K7_C0003""]"
TCGA-B0-4821,TCGA-CZ-5984,3,8,0,0.0,[]
TCGA-B0-4821,TCGA-CZ-5985,3,7,1,0.14285714285714285,"[""K5_repeat2_K5_C0002_M_K5_C0003""]"
TCGA-B0-4821,TCGA-CZ-5988,3,3,3,1.0,"[""K5_repeat2_K5_C0002_M_K5_C0003"", ""K6_repeat3_K6_C0002_M_K6_C0003"", ""K7_repeat1_K7_C0002_M_K7_C0003""]"
TCGA-B0-4821,TCGA-G6-A5PC,3,7,1,0.14285714285714285,"[""K5_repeat2_K5_C0002_M_K5_C0003""]"
TCGA-B0-4821,TCGA-G6-A8L7,3,5,0,0.0,[]
TCGA-B0-5081,TCGA-B0-5085,6,12,4,0.3333333333333333,"[""K4_repeat1_K4_C0001_M_K4_C0004"", ""K4_repeat2_K4_C0001"", ""K5_repeat2_K5_C0001_M_K5_C0005"", ""K5_repeat3_K5_C0001_M_K5_C0005""]"
TCGA-B0-5081,TCGA-B0-5088,6,6,1,0.16666666666666666,"[""K6_repeat3_K6_C0002_M_K6_C0003""]"
TCGA-B0-5081,TCGA-B0-5106,6,3,2,0.3333333333333333,"[""K6_repeat3_K6_C0002_M_K6_C0003"", ""K7_repeat1_K7_C0002_M_K7_C0003""]"
TCGA-B0-5081,TCGA-B0-5115,6,13,4,0.3076923076923077,"[""K4_repeat1_K4_C0001_M_K4_C0004"", ""K4_repeat2_K4_C0001"", ""K5_repeat2_K5_C0001_M_K5_C0005"", ""K5_repeat3_K5_C0001_M_K5_C0005""]"
TCGA-B0-5081,TCGA-B0-5117,6,3,2,0.3333333333333333,"[""K6_repeat3_K6_C0002_M_K6_C0003"", ""K7_repeat1_K7_C0002_M_K7_C0003""]"
TCGA-B0-5081,TCGA-B0-5696,6,6,6,1.0,"[""K4_repeat1_K4_C0001_M_K4_C0004"", ""K4_repeat2_K4_C0001"", ""K5_repeat2_K5_C0001_M_K5_C0005"", ""K5_repeat3_K5_C0001_M_K5_C0005"", ""K6_repeat3_K6_C0002_M_K6_C0003"", ""K7_repeat1_K7_C0002_M_K7_C0003""]"
TCGA-B0-5081,TCGA-B0-5697,6,3,2,0.3333333333333333,"[""K6_repeat3_K6_C0002_M_K6_C0003"", ""K7_repeat1_K7_C0002_M_K7_C0003""]"
TCGA-B0-5081,TCGA-B0-5698,6,3,2,0.3333333333333333,"[""K6_repeat3_K6_C0002_M_K6_C0003"", ""K7_repeat1_K7_C0002_M_K7_C0003""]"
TCGA-B0-5081,TCGA-B0-5702,6,7,0,0.0,[]
TCGA-B0-5081,TCGA-B0-5703,6,11,4,0.36363636363636365,"[""K4_repeat1_K4_C0001_M_K4_C0004"", ""K4_repeat2_K4_C0001"", ""K5_repeat2_K5_C0001_M_K5_C0005"", ""K5_repeat3_K5_C0001_M_K5_C0005""]"
TCGA-B0-5081,TCGA-B0-5706,6,3,2,0.3333333333333333,"[""K6_repeat3_K6_C0002_M_K6_C0003"", ""K7_repeat1_K7_C0002_M_K7_C0003""]"
TCGA-B0-5081,TCGA-B0-5709,6,7,0,0.0,[]
TCGA-B0-5081,TCGA-B0-5712,6,3,2,0.3333333333333333,"[""K6_repeat3_K6_C0002_M_K6_C0003"", ""K7_repeat1_K7_C0002_M_K7_C0003""]"
TCGA-B0-5081,TCGA-B0-5812,6,13,4,0.3076923076923077,"[""K4_repeat1_K4_C0001_M_K4_C0004"", ""K4_repeat2_K4_C0001"", ""K5_repeat2_K5_C0001_M_K5_C0005"", ""K5_repeat3_K5_C0001_M_K5_C0005""]"
TCGA-B0-5081,TCGA-B8-4148,6,9,6,0.6666666666666666,"[""K4_repeat1_K4_C0001_M_K4_C0004"", ""K4_repeat2_K4_C0001"", ""K5_repeat2_K5_C0001_M_K5_C0005"", ""K5_repeat3_K5_C0001_M_K5_C0005"", ""K6_repeat3_K6_C0002_M_K6_C0003"", ""K7_repeat1_K7_C0002_M_K7_C0003""]"
TCGA-B0-5081,TCGA-B8-4151,6,3,2,0.3333333333333333,"[""K6_repeat3_K6_C0002_M_K6_C0003"", ""K7_repeat1_K7_C0002_M_K7_C0003""]"
TCGA-B0-5081,TCGA-B8-4153,6,3,2,0.3333333333333333,"[""K6_repeat3_K6_C0002_M_K6_C0003"", ""K7_repeat1_K7_C0002_M_K7_C0003""]"
TCGA-B0-5081,TCGA-B8-4619,6,3,2,0.3333333333333333,"[""K6_repeat3_K6_C0002_M_K6_C0003"", ""K7_repeat1_K7_C0002_M_K7_C0003""]"
TCGA-B0-5081,TCGA-B8-4622,6,9,6,0.6666666666666666,"[""K4_repeat1_K4_C0001_M_K4_C0004"", ""K4_repeat2_K4_C0001"", ""K5_repeat2_K5_C0001_M_K5_C0005"", ""K5_repeat3_K5_C0001_M_K5_C0005"", ""K6_repeat3_K6_C0002_M_K6_C0003"", ""K7_repeat1_K7_C0002_M_K7_C0003""]"
TCGA-B0-5081,TCGA-B8-5158,6,3,2,0.3333333333333333,"[""K6_repeat3_K6_C0002_M_K6_C0003"", ""K7_repeat1_K7_C0002_M_K7_C0003""]"
TCGA-B0-5081,TCGA-B8-5159,6,8,1,0.125,"[""K4_repeat1_K4_C0001_M_K4_C0004""]"
TCGA-B0-5081,TCGA-B8-5162,6,8,1,0.125,"[""K4_repeat1_K4_C0001_M_K4_C0004""]"
TCGA-B0-5081,TCGA-B8-5164,6,3,2,0.3333333333333333,"[""K6_repeat3_K6_C0002_M_K6_C0003"", ""K7_repeat1_K7_C0002_M_K7_C0003""]"
TCGA-B0-5081,TCGA-B8-5165,6,8,1,0.125,"[""K4_repeat1_K4_C0001_M_K4_C0004""]"
TCGA-B0-5081,TCGA-B8-5546,6,3,2,0.3333333333333333,"[""K6_repeat3_K6_C0002_M_K6_C0003"", ""K7_repeat1_K7_C0002_M_K7_C0003""]"
TCGA-B0-5081,TCGA-B8-5549,6,8,1,0.125,"[""K4_repeat1_K4_C0001_M_K4_C0004""]"
TCGA-B0-5081,TCGA-B8-5550,6,3,2,0.3333333333333333,"[""K6_repeat3_K6_C0002_M_K6_C0003"", ""K7_repeat1_K7_C0002_M_K7_C0003""]"
TCGA-B0-5081,TCGA-B8-5551,6,7,0,0.0,[]
TCGA-B0-5081,TCGA-B8-5553,6,3,2,0.3333333333333333,"[""K6_repeat3_K6_C0002_M_K6_C0003"", ""K7_repeat1_K7_C0002_M_K7_C0003""]"
TCGA-B0-5081,TCGA-B8-A54D,6,5,2,0.3333333333333333,"[""K6_repeat3_K6_C0002_M_K6_C0003"", ""K7_repeat1_K7_C0002_M_K7_C0003""]"
TCGA-B0-5081,TCGA-B8-A54E,6,3,2,0.3333333333333333,"[""K6_repeat3_K6_C0002_M_K6_C0003"", ""K7_repeat1_K7_C0002_M_K7_C0003""]"
TCGA-B0-5081,TCGA-B8-A54F,6,3,2,0.3333333333333333,"[""K6_repeat3_K6_C0002_M_K6_C0003"", ""K7_repeat1_K7_C0002_M_K7_C0003""]"
TCGA-B0-5081,TCGA-B8-A54G,6,5,2,0.3333333333333333,"[""K6_repeat3_K6_C0002_M_K6_C0003"", ""K7_repeat1_K7_C0002_M_K7_C0003""]"
TCGA-B0-5081,TCGA-BP-4164,6,8,4,0.5,"[""K4_repeat1_K4_C0001_M_K4_C0004"", ""K4_repeat2_K4_C0001"", ""K5_repeat2_K5_C0001_M_K5_C0005"", ""K5_repeat3_K5_C0001_M_K5_C0005""]"
TCGA-B0-5081,TCGA-BP-4167,6,7,0,0.0,[]
TCGA-B0-5081,TCGA-BP-4770,6,3,2,0.3333333333333333,"[""K6_repeat3_K6_C0002_M_K6_C0003"", ""K7_repeat1_K7_C0002_M_K7_C0003""]"
TCGA-B0-5081,TCGA-BP-4782,6,3,2,0.3333333333333333,"[""K6_repeat3_K6_C0002_M_K6_C0003"", ""K7_repeat1_K7_C0002_M_K7_C0003""]"
TCGA-B0-5081,TCGA-BP-4960,6,10,4,0.4,"[""K4_repeat1_K4_C0001_M_K4_C0004"", ""K4_repeat2_K4_C0001"", ""K5_repeat2_K5_C0001_M_K5_C0005"", ""K5_repeat3_K5_C0001_M_K5_C0005""]"
TCGA-B0-5081,TCGA-BP-4962,6,7,0,0.0,[]
TCGA-B0-5081,TCGA-BP-4965,6,11,4,0.36363636363636365,"[""K4_repeat1_K4_C0001_M_K4_C0004"", ""K4_repeat2_K4_C0001"", ""K5_repeat2_K5_C0001_M_K5_C0005"", ""K5_repeat3_K5_C0001_M_K5_C0005""]"
TCGA-B0-5081,TCGA-BP-4967,6,8,1,0.125,"[""K4_repeat1_K4_C0001_M_K4_C0004""]"
TCGA-B0-5081,TCGA-BP-4970,6,8,1,0.125,"[""K4_repeat1_K4_C0001_M_K4_C0004""]"
TCGA-B0-5081,TCGA-BP-4971,6,7,0,0.0,[]
TCGA-B0-5081,TCGA-BP-4972,6,6,0,0.0,[]
TCGA-B0-5081,TCGA-BP-4976,6,12,4,0.3333333333333333,"[""K4_repeat1_K4_C0001_M_K4_C0004"", ""K4_repeat2_K4_C0001"", ""K5_repeat2_K5_C0001_M_K5_C0005"", ""K5_repeat3_K5_C0001_M_K5_C0005""]"
TCGA-B0-5081,TCGA-BP-4977,6,8,1,0.125,"[""K4_repeat1_K4_C0001_M_K4_C0004""]"
TCGA-B0-5081,TCGA-BP-4982,6,11,4,0.36363636363636365,"[""K4_repeat1_K4_C0001_M_K4_C0004"", ""K4_repeat2_K4_C0001"", ""K5_repeat2_K5_C0001_M_K5_C0005"", ""K5_repeat3_K5_C0001_M_K5_C0005""]"
TCGA-B0-5081,TCGA-BP-4986,6,8,1,0.125,"[""K4_repeat1_K4_C0001_M_K4_C0004""]"
TCGA-B0-5081,TCGA-BP-4988,6,9,4,0.4444444444444444,"[""K4_repeat1_K4_C0001_M_K4_C0004"", ""K4_repeat2_K4_C0001"", ""K5_repeat2_K5_C0001_M_K5_C0005"", ""K5_repeat3_K5_C0001_M_K5_C0005""]"
TCGA-B0-5081,TCGA-BP-4989,6,13,4,0.3076923076923077,"[""K4_repeat1_K4_C0001_M_K4_C0004"", ""K4_repeat2_K4_C0001"", ""K5_repeat2_K5_C0001_M_K5_C0005"", ""K5_repeat3_K5_C0001_M_K5_C0005""]"
TCGA-B0-5081,TCGA-BP-4992,6,7,0,0.0,[]
TCGA-B0-5081,TCGA-BP-4994,6,3,2,0.3333333333333333,"[""K6_repeat3_K6_C0002_M_K6_C0003"", ""K7_repeat1_K7_C0002_M_K7_C0003""]"
TCGA-B0-5081,TCGA-BP-4995,6,12,4,0.3333333333333333,"[""K4_repeat1_K4_C0001_M_K4_C0004"", ""K4_repeat2_K4_C0001"", ""K5_repeat2_K5_C0001_M_K5_C0005"", ""K5_repeat3_K5_C0001_M_K5_C0005""]"
TCGA-B0-5081,TCGA-BP-4999,6,11,4,0.36363636363636365,"[""K4_repeat1_K4_C0001_M_K4_C0004"", ""K4_repeat2_K4_C0001"", ""K5_repeat2_K5_C0001_M_K5_C0005"", ""K5_repeat3_K5_C0001_M_K5_C0005""]"
TCGA-B0-5081,TCGA-BP-5000,6,3,2,0.3333333333333333,"[""K6_repeat3_K6_C0002_M_K6_C0003"", ""K7_repeat1_K7_C0002_M_K7_C0003""]"
TCGA-B0-5081,TCGA-BP-5001,6,12,4,0.3333333333333333,"[""K4_repeat1_K4_C0001_M_K4_C0004"", ""K4_repeat2_K4_C0001"", ""K5_repeat2_K5_C0001_M_K5_C0005"", ""K5_repeat3_K5_C0001_M_K5_C0005""]"
TCGA-B0-5081,TCGA-BP-5004,6,12,4,0.3333333333333333,"[""K4_repeat1_K4_C0001_M_K4_C0004"", ""K4_repeat2_K4_C0001"", ""K5_repeat2_K5_C0001_M_K5_C0005"", ""K5_repeat3_K5_C0001_M_K5_C0005""]"
TCGA-B0-5081,TCGA-BP-5006,6,12,4,0.3333333333333333,"[""K4_repeat1_K4_C0001_M_K4_C0004"", ""K4_repeat2_K4_C0001"", ""K5_repeat2_K5_C0001_M_K5_C0005"", ""K5_repeat3_K5_C0001_M_K5_C0005""]"
TCGA-B0-5081,TCGA-BP-5007,6,12,4,0.3333333333333333,"[""K4_repeat1_K4_C0001_M_K4_C0004"", ""K4_repeat2_K4_C0001"", ""K5_repeat2_K5_C0001_M_K5_C0005"", ""K5_repeat3_K5_C0001_M_K5_C0005""]"
TCGA-B0-5081,TCGA-BP-5009,6,12,4,0.3333333333333333,"[""K4_repeat1_K4_C0001_M_K4_C0004"", ""K4_repeat2_K4_C0001"", ""K5_repeat2_K5_C0001_M_K5_C0005"", ""K5_repeat3_K5_C0001_M_K5_C0005""]"
TCGA-B0-5081,TCGA-BP-5010,6,4,0,0.0,[]
TCGA-B0-5081,TCGA-BP-5174,6,8,1,0.125,"[""K4_repeat1_K4_C0001_M_K4_C0004""]"
TCGA-B0-5081,TCGA-BP-5175,6,7,0,0.0,[]
TCGA-B0-5081,TCGA-BP-5180,6,13,4,0.3076923076923077,"[""K4_repeat1_K4_C0001_M_K4_C0004"", ""K4_repeat2_K4_C0001"", ""K5_repeat2_K5_C0001_M_K5_C0005"", ""K5_repeat3_K5_C0001_M_K5_C0005""]"
TCGA-B0-5081,TCGA-BP-5181,6,13,4,0.3076923076923077,"[""K4_repeat1_K4_C0001_M_K4_C0004"", ""K4_repeat2_K4_C0001"", ""K5_repeat2_K5_C0001_M_K5_C0005"", ""K5_repeat3_K5_C0001_M_K5_C0005""]"
TCGA-B0-5081,TCGA-BP-5183,6,13,4,0.3076923076923077,"[""K4_repeat1_K4_C0001_M_K4_C0004"", ""K4_repeat2_K4_C0001"", ""K5_repeat2_K5_C0001_M_K5_C0005"", ""K5_repeat3_K5_C0001_M_K5_C0005""]"
TCGA-B0-5081,TCGA-BP-5184,6,13,4,0.3076923076923077,"[""K4_repeat1_K4_C0001_M_K4_C0004"", ""K4_repeat2_K4_C0001"", ""K5_repeat2_K5_C0001_M_K5_C0005"", ""K5_repeat3_K5_C0001_M_K5_C0005""]"
TCGA-B0-5081,TCGA-BP-5186,6,13,4,0.3076923076923077,"[""K4_repeat1_K4_C0001_M_K4_C0004"", ""K4_repeat2_K4_C0001"", ""K5_repeat2_K5_C0001_M_K5_C0005"", ""K5_repeat3_K5_C0001_M_K5_C0005""]"
TCGA-B0-5081,TCGA-BP-5187,6,13,4,0.3076923076923077,"[""K4_repeat1_K4_C0001_M_K4_C0004"", ""K4_repeat2_K4_C0001"", ""K5_repeat2_K5_C0001_M_K5_C0005"", ""K5_repeat3_K5_C0001_M_K5_C0005""]"
TCGA-B0-5081,TCGA-BP-5189,6,11,3,0.2727272727272727,"[""K4_repeat1_K4_C0001_M_K4_C0004"", ""K4_repeat2_K4_C0001"", ""K7_repeat1_K7_C0002_M_K7_C0003""]"
TCGA-B0-5081,TCGA-BP-5190,6,3,2,0.3333333333333333,"[""K6_repeat3_K6_C0002_M_K6_C0003"", ""K7_repeat1_K7_C0002_M_K7_C0003""]"
TCGA-B0-5081,TCGA-BP-5191,6,3,2,0.3333333333333333,"[""K6_repeat3_K6_C0002_M_K6_C0003"", ""K7_repeat1_K7_C0002_M_K7_C0003""]"
TCGA-B0-5081,TCGA-BP-5192,6,10,1,0.1,"[""K4_repeat1_K4_C0001_M_K4_C0004""]"
TCGA-B0-5081,TCGA-BP-5194,6,11,4,0.36363636363636365,"[""K4_repeat1_K4_C0001_M_K4_C0004"", ""K4_repeat2_K4_C0001"", ""K5_repeat2_K5_C0001_M_K5_C0005"", ""K5_repeat3_K5_C0001_M_K5_C0005""]"
TCGA-B0-5081,TCGA-BP-5195,6,12,4,0.3333333333333333,"[""K4_repeat1_K4_C0001_M_K4_C0004"", ""K4_repeat2_K4_C0001"", ""K5_repeat2_K5_C0001_M_K5_C0005"", ""K5_repeat3_K5_C0001_M_K5_C0005""]"
TCGA-B0-5081,TCGA-BP-5196,6,8,1,0.125,"[""K4_repeat1_K4_C0001_M_K4_C0004""]"
TCGA-B0-5081,TCGA-BP-5199,6,12,3,0.25,"[""K4_repeat1_K4_C0001_M_K4_C0004"", ""K5_repeat2_K5_C0001_M_K5_C0005"", ""K5_repeat3_K5_C0001_M_K5_C0005""]"
TCGA-B0-5081,TCGA-BP-5200,6,11,4,0.36363636363636365,"[""K4_repeat1_K4_C0001_M_K4_C0004"", ""K4_repeat2_K4_C0001"", ""K5_repeat2_K5_C0001_M_K5_C0005"", ""K5_repeat3_K5_C0001_M_K5_C0005""]"
TCGA-B0-5081,TCGA-CJ-4637,6,7,0,0.0,[]
TCGA-B0-5081,TCGA-CJ-4641,6,7,0,0.0,[]
TCGA-B0-5081,TCGA-CJ-4900,6,6,0,0.0,[]
TCGA-B0-5081,TCGA-CJ-4902,6,4,0,0.0,[]
TCGA-B0-5081,TCGA-CJ-4903,6,8,4,0.5,"[""K4_repeat1_K4_C0001_M_K4_C0004"", ""K4_repeat2_K4_C0001"", ""K5_repeat2_K5_C0001_M_K5_C0005"", ""K5_repeat3_K5_C0001_M_K5_C0005""]"
TCGA-B0-5081,TCGA-CJ-4904,6,9,4,0.4444444444444444,"[""K4_repeat1_K4_C0001_M_K4_C0004"", ""K4_repeat2_K4_C0001"", ""K5_repeat2_K5_C0001_M_K5_C0005"", ""K5_repeat3_K5_C0001_M_K5_C0005""]"
TCGA-B0-5081,TCGA-CJ-4923,6,7,0,0.0,[]
TCGA-B0-5081,TCGA-CJ-6027,6,7,0,0.0,[]
TCGA-B0-5081,TCGA-CJ-6028,6,7,0,0.0,[]
TCGA-B0-5081,TCGA-CJ-6030,6,7,0,0.0,[]
TCGA-B0-5081,TCGA-CJ-6033,6,5,4,0.6666666666666666,"[""K4_repeat1_K4_C0001_M_K4_C0004"", ""K4_repeat2_K4_C0001"", ""K5_repeat2_K5_C0001_M_K5_C0005"", ""K5_repeat3_K5_C0001_M_K5_C0005""]"
TCGA-B0-5081,TCGA-CZ-4859,6,12,4,0.3333333333333333,"[""K4_repeat1_K4_C0001_M_K4_C0004"", ""K4_repeat2_K4_C0001"", ""K5_repeat2_K5_C0001_M_K5_C0005"", ""K5_repeat3_K5_C0001_M_K5_C0005""]"
TCGA-B0-5081,TCGA-CZ-4863,6,3,2,0.3333333333333333,"[""K6_repeat3_K6_C0002_M_K6_C0003"", ""K7_repeat1_K7_C0002_M_K7_C0003""]"
TCGA-B0-5081,TCGA-CZ-4865,6,3,2,0.3333333333333333,"[""K6_repeat3_K6_C0002_M_K6_C0003"", ""K7_repeat1_K7_C0002_M_K7_C0003""]"
TCGA-B0-5081,TCGA-CZ-5451,6,9,6,0.6666666666666666,"[""K4_repeat1_K4_C0001_M_K4_C0004"", ""K4_repeat2_K4_C0001"", ""K5_repeat2_K5_C0001_M_K5_C0005"", ""K5_repeat3_K5_C0001_M_K5_C0005"", ""K6_repeat3_K6_C0002_M_K6_C0003"", ""K7_repeat1_K7_C0002_M_K7_C0003""]"
TCGA-B0-5081,TCGA-CZ-5462,6,5,2,0.3333333333333333,"[""K6_repeat3_K6_C0002_M_K6_C0003"", ""K7_repeat1_K7_C0002_M_K7_C0003""]"
TCGA-B0-5081,TCGA-CZ-5468,6,3,2,0.3333333333333333,"[""K6_repeat3_K6_C0002_M_K6_C0003"", ""K7_repeat1_K7_C0002_M_K7_C0003""]"
TCGA-B0-5081,TCGA-CZ-5984,6,8,1,0.125,"[""K4_repeat1_K4_C0001_M_K4_C0004""]"
TCGA-B0-5081,TCGA-CZ-5985,6,7,0,0.0,[]
TCGA-B0-5081,TCGA-CZ-5988,6,3,2,0.3333333333333333,"[""K6_repeat3_K6_C0002_M_K6_C0003"", ""K7_repeat1_K7_C0002_M_K7_C0003""]"
TCGA-B0-5081,TCGA-G6-A5PC,6,7,0,0.0,[]
TCGA-B0-5081,TCGA-G6-A8L7,6,5,4,0.6666666666666666,"[""K4_repeat1_K4_C0001_M_K4_C0004"", ""K4_repeat2_K4_C0001"", ""K5_repeat2_K5_C0001_M_K5_C0005"", ""K5_repeat3_K5_C0001_M_K5_C0005""]"
TCGA-B0-5085,TCGA-B0-5088,12,6,0,0.0,[]
TCGA-B0-5085,TCGA-B0-5106,12,3,0,0.0,[]
TCGA-B0-5085,TCGA-B0-5115,12,13,11,0.8461538461538461,"[""K2_repeat1_K2_C0002"", ""K2_repeat2_K2_C0002"", ""K2_repeat3_K2_C0002"", ""K3_repeat1_K3_C0003"", ""K3_repeat2_K3_C0003"", ""K3_repeat3_K3_C0003"", ""K4_repeat1_K4_C0001_M_K4_C0004"", ""K4_repeat2_K4_C0001"", ""K5_repeat2_K5_C0001_M_K5_C0005"", ""K5_repeat3_K5_C0001_M_K5_C0005"", ""K6_repeat3_K6_C0001_M_K6_C0004""]"
TCGA-B0-5085,TCGA-B0-5117,12,3,0,0.0,[]
TCGA-B0-5085,TCGA-B0-5696,12,6,4,0.3333333333333333,"[""K4_repeat1_K4_C0001_M_K4_C0004"", ""K4_repeat2_K4_C0001"", ""K5_repeat2_K5_C0001_M_K5_C0005"", ""K5_repeat3_K5_C0001_M_K5_C0005""]"
TCGA-B0-5085,TCGA-B0-5697,12,3,0,0.0,[]
TCGA-B0-5085,TCGA-B0-5698,12,3,0,0.0,[]
TCGA-B0-5085,TCGA-B0-5702,12,7,0,0.0,[]
TCGA-B0-5085,TCGA-B0-5703,12,11,11,0.9166666666666666,"[""K2_repeat1_K2_C0002"", ""K2_repeat2_K2_C0002"", ""K2_repeat3_K2_C0002"", ""K3_repeat1_K3_C0003"", ""K3_repeat2_K3_C0003"", ""K3_repeat3_K3_C0003"", ""K4_repeat1_K4_C0001_M_K4_C0004"", ""K4_repeat2_K4_C0001"", ""K5_repeat2_K5_C0001_M_K5_C0005"", ""K5_repeat3_K5_C0001_M_K5_C0005"", ""K6_repeat3_K6_C0001_M_K6_C0004""]"
TCGA-B0-5085,TCGA-B0-5706,12,3,0,0.0,[]
TCGA-B0-5085,TCGA-B0-5709,12,7,0,0.0,[]
TCGA-B0-5085,TCGA-B0-5712,12,3,0,0.0,[]
TCGA-B0-5085,TCGA-B0-5812,12,13,11,0.8461538461538461,"[""K2_repeat1_K2_C0002"", ""K2_repeat2_K2_C0002"", ""K2_repeat3_K2_C0002"", ""K3_repeat1_K3_C0003"", ""K3_repeat2_K3_C0003"", ""K3_repeat3_K3_C0003"", ""K4_repeat1_K4_C0001_M_K4_C0004"", ""K4_repeat2_K4_C0001"", ""K5_repeat2_K5_C0001_M_K5_C0005"", ""K5_repeat3_K5_C0001_M_K5_C0005"", ""K6_repeat3_K6_C0001_M_K6_C0004""]"
TCGA-B0-5085,TCGA-B8-4148,12,9,7,0.5833333333333334,"[""K2_repeat1_K2_C0002"", ""K2_repeat2_K2_C0002"", ""K2_repeat3_K2_C0002"", ""K4_repeat1_K4_C0001_M_K4_C0004"", ""K4_repeat2_K4_C0001"", ""K5_repeat2_K5_C0001_M_K5_C0005"", ""K5_repeat3_K5_C0001_M_K5_C0005""]"
TCGA-B0-5085,TCGA-B8-4151,12,3,0,0.0,[]
TCGA-B0-5085,TCGA-B8-4153,12,3,0,0.0,[]
TCGA-B0-5085,TCGA-B8-4619,12,3,0,0.0,[]
TCGA-B0-5085,TCGA-B8-4622,12,9,7,0.5833333333333334,"[""K2_repeat1_K2_C0002"", ""K2_repeat2_K2_C0002"", ""K2_repeat3_K2_C0002"", ""K4_repeat1_K4_C0001_M_K4_C0004"", ""K4_repeat2_K4_C0001"", ""K5_repeat2_K5_C0001_M_K5_C0005"", ""K5_repeat3_K5_C0001_M_K5_C0005""]"
TCGA-B0-5085,TCGA-B8-5158,12,3,0,0.0,[]
TCGA-B0-5085,TCGA-B8-5159,12,8,4,0.3333333333333333,"[""K2_repeat1_K2_C0002"", ""K2_repeat2_K2_C0002"", ""K2_repeat3_K2_C0002"", ""K4_repeat1_K4_C0001_M_K4_C0004""]"
TCGA-B0-5085,TCGA-B8-5162,12,8,4,0.3333333333333333,"[""K2_repeat1_K2_C0002"", ""K2_repeat2_K2_C0002"", ""K2_repeat3_K2_C0002"", ""K4_repeat1_K4_C0001_M_K4_C0004""]"
TCGA-B0-5085,TCGA-B8-5164,12,3,0,0.0,[]
TCGA-B0-5085,TCGA-B8-5165,12,8,4,0.3333333333333333,"[""K2_repeat1_K2_C0002"", ""K2_repeat2_K2_C0002"", ""K2_repeat3_K2_C0002"", ""K4_repeat1_K4_C0001_M_K4_C0004""]"
TCGA-B0-5085,TCGA-B8-5546,12,3,0,0.0,[]
TCGA-B0-5085,TCGA-B8-5549,12,8,4,0.3333333333333333,"[""K2_repeat1_K2_C0002"", ""K2_repeat2_K2_C0002"", ""K2_repeat3_K2_C0002"", ""K4_repeat1_K4_C0001_M_K4_C0004""]"
TCGA-B0-5085,TCGA-B8-5550,12,3,0,0.0,[]
TCGA-B0-5085,TCGA-B8-5551,12,7,0,0.0,[]
TCGA-B0-5085,TCGA-B8-5553,12,3,0,0.0,[]
TCGA-B0-5085,TCGA-B8-A54D,12,5,0,0.0,[]
TCGA-B0-5085,TCGA-B8-A54E,12,3,0,0.0,[]
TCGA-B0-5085,TCGA-B8-A54F,12,3,0,0.0,[]
TCGA-B0-5085,TCGA-B8-A54G,12,5,0,0.0,[]
TCGA-B0-5085,TCGA-BP-4164,12,8,8,0.6666666666666666,"[""K2_repeat1_K2_C0002"", ""K2_repeat2_K2_C0002"", ""K2_repeat3_K2_C0002"", ""K4_repeat1_K4_C0001_M_K4_C0004"", ""K4_repeat2_K4_C0001"", ""K5_repeat2_K5_C0001_M_K5_C0005"", ""K5_repeat3_K5_C0001_M_K5_C0005"", ""K6_repeat3_K6_C0001_M_K6_C0004""]"
TCGA-B0-5085,TCGA-BP-4167,12,7,0,0.0,[]
TCGA-B0-5085,TCGA-BP-4770,12,3,0,0.0,[]
TCGA-B0-5085,TCGA-BP-4782,12,3,0,0.0,[]
TCGA-B0-5085,TCGA-BP-4960,12,10,8,0.6666666666666666,"[""K2_repeat1_K2_C0002"", ""K2_repeat2_K2_C0002"", ""K2_repeat3_K2_C0002"", ""K4_repeat1_K4_C0001_M_K4_C0004"", ""K4_repeat2_K4_C0001"", ""K5_repeat2_K5_C0001_M_K5_C0005"", ""K5_repeat3_K5_C0001_M_K5_C0005"", ""K6_repeat3_K6_C0001_M_K6_C0004""]"
TCGA-B0-5085,TCGA-BP-4962,12,7,0,0.0,[]
TCGA-B0-5085,TCGA-BP-4965,12,11,11,0.9166666666666666,"[""K2_repeat1_K2_C0002"", ""K2_repeat2_K2_C0002"", ""K2_repeat3_K2_C0002"", ""K3_repeat1_K3_C0003"", ""K3_repeat2_K3_C0003"", ""K3_repeat3_K3_C0003"", ""K4_repeat1_K4_C0001_M_K4_C0004"", ""K4_repeat2_K4_C0001"", ""K5_repeat2_K5_C0001_M_K5_C0005"", ""K5_repeat3_K5_C0001_M_K5_C0005"", ""K6_repeat3_K6_C0001_M_K6_C0004""]"
TCGA-B0-5085,TCGA-BP-4967,12,8,4,0.3333333333333333,"[""K2_repeat1_K2_C0002"", ""K2_repeat2_K2_C0002"", ""K2_repeat3_K2_C0002"", ""K4_repeat1_K4_C0001_M_K4_C0004""]"
TCGA-B0-5085,TCGA-BP-4970,12,8,4,0.3333333333333333,"[""K2_repeat1_K2_C0002"", ""K2_repeat2_K2_C0002"", ""K2_repeat3_K2_C0002"", ""K4_repeat1_K4_C0001_M_K4_C0004""]"
TCGA-B0-5085,TCGA-BP-4971,12,7,0,0.0,[]
TCGA-B0-5085,TCGA-BP-4972,12,6,5,0.4166666666666667,"[""K2_repeat1_K2_C0002"", ""K2_repeat2_K2_C0002"", ""K2_repeat3_K2_C0002"", ""K6_repeat3_K6_C0001_M_K6_C0004"", ""K8_repeat1_K8_C0004""]"
TCGA-B0-5085,TCGA-BP-4976,12,12,12,1.0,"[""K2_repeat1_K2_C0002"", ""K2_repeat2_K2_C0002"", ""K2_repeat3_K2_C0002"", ""K3_repeat1_K3_C0003"", ""K3_repeat2_K3_C0003"", ""K3_repeat3_K3_C0003"", ""K4_repeat1_K4_C0001_M_K4_C0004"", ""K4_repeat2_K4_C0001"", ""K5_repeat2_K5_C0001_M_K5_C0005"", ""K5_repeat3_K5_C0001_M_K5_C0005"", ""K6_repeat3_K6_C0001_M_K6_C0004"", ""K8_repeat1_K8_C0004""]"
TCGA-B0-5085,TCGA-BP-4977,12,8,4,0.3333333333333333,"[""K2_repeat1_K2_C0002"", ""K2_repeat2_K2_C0002"", ""K2_repeat3_K2_C0002"", ""K4_repeat1_K4_C0001_M_K4_C0004""]"
TCGA-B0-5085,TCGA-BP-4982,12,11,11,0.9166666666666666,"[""K2_repeat1_K2_C0002"", ""K2_repeat2_K2_C0002"", ""K2_repeat3_K2_C0002"", ""K3_repeat1_K3_C0003"", ""K3_repeat2_K3_C0003"", ""K3_repeat3_K3_C0003"", ""K4_repeat1_K4_C0001_M_K4_C0004"", ""K4_repeat2_K4_C0001"", ""K5_repeat2_K5_C0001_M_K5_C0005"", ""K5_repeat3_K5_C0001_M_K5_C0005"", ""K6_repeat3_K6_C0001_M_K6_C0004""]"
TCGA-B0-5085,TCGA-BP-4986,12,8,4,0.3333333333333333,"[""K2_repeat1_K2_C0002"", ""K2_repeat2_K2_C0002"", ""K2_repeat3_K2_C0002"", ""K4_repeat1_K4_C0001_M_K4_C0004""]"
TCGA-B0-5085,TCGA-BP-4988,12,9,8,0.6666666666666666,"[""K2_repeat1_K2_C0002"", ""K2_repeat2_K2_C0002"", ""K2_repeat3_K2_C0002"", ""K4_repeat1_K4_C0001_M_K4_C0004"", ""K4_repeat2_K4_C0001"", ""K5_repeat2_K5_C0001_M_K5_C0005"", ""K5_repeat3_K5_C0001_M_K5_C0005"", ""K6_repeat3_K6_C0001_M_K6_C0004""]"
TCGA-B0-5085,TCGA-BP-4989,12,13,11,0.8461538461538461,"[""K2_repeat1_K2_C0002"", ""K2_repeat2_K2_C0002"", ""K2_repeat3_K2_C0002"", ""K3_repeat1_K3_C0003"", ""K3_repeat2_K3_C0003"", ""K3_repeat3_K3_C0003"", ""K4_repeat1_K4_C0001_M_K4_C0004"", ""K4_repeat2_K4_C0001"", ""K5_repeat2_K5_C0001_M_K5_C0005"", ""K5_repeat3_K5_C0001_M_K5_C0005"", ""K6_repeat3_K6_C0001_M_K6_C0004""]"
TCGA-B0-5085,TCGA-BP-4992,12,7,0,0.0,[]
TCGA-B0-5085,TCGA-BP-4994,12,3,0,0.0,[]
TCGA-B0-5085,TCGA-BP-4995,12,12,12,1.0,"[""K2_repeat1_K2_C0002"", ""K2_repeat2_K2_C0002"", ""K2_repeat3_K2_C0002"", ""K3_repeat1_K3_C0003"", ""K3_repeat2_K3_C0003"", ""K3_repeat3_K3_C0003"", ""K4_repeat1_K4_C0001_M_K4_C0004"", ""K4_repeat2_K4_C0001"", ""K5_repeat2_K5_C0001_M_K5_C0005"", ""K5_repeat3_K5_C0001_M_K5_C0005"", ""K6_repeat3_K6_C0001_M_K6_C0004"", ""K8_repeat1_K8_C0004""]"
TCGA-B0-5085,TCGA-BP-4999,12,11,11,0.9166666666666666,"[""K2_repeat1_K2_C0002"", ""K2_repeat2_K2_C0002"", ""K2_repeat3_K2_C0002"", ""K3_repeat1_K3_C0003"", ""K3_repeat2_K3_C0003"", ""K3_repeat3_K3_C0003"", ""K4_repeat1_K4_C0001_M_K4_C0004"", ""K4_repeat2_K4_C0001"", ""K5_repeat2_K5_C0001_M_K5_C0005"", ""K5_repeat3_K5_C0001_M_K5_C0005"", ""K6_repeat3_K6_C0001_M_K6_C0004""]"
TCGA-B0-5085,TCGA-BP-5000,12,3,0,0.0,[]
TCGA-B0-5085,TCGA-BP-5001,12,12,12,1.0,"[""K2_repeat1_K2_C0002"", ""K2_repeat2_K2_C0002"", ""K2_repeat3_K2_C0002"", ""K3_repeat1_K3_C0003"", ""K3_repeat2_K3_C0003"", ""K3_repeat3_K3_C0003"", ""K4_repeat1_K4_C0001_M_K4_C0004"", ""K4_repeat2_K4_C0001"", ""K5_repeat2_K5_C0001_M_K5_C0005"", ""K5_repeat3_K5_C0001_M_K5_C0005"", ""K6_repeat3_K6_C0001_M_K6_C0004"", ""K8_repeat1_K8_C0004""]"
TCGA-B0-5085,TCGA-BP-5004,12,12,12,1.0,"[""K2_repeat1_K2_C0002"", ""K2_repeat2_K2_C0002"", ""K2_repeat3_K2_C0002"", ""K3_repeat1_K3_C0003"", ""K3_repeat2_K3_C0003"", ""K3_repeat3_K3_C0003"", ""K4_repeat1_K4_C0001_M_K4_C0004"", ""K4_repeat2_K4_C0001"", ""K5_repeat2_K5_C0001_M_K5_C0005"", ""K5_repeat3_K5_C0001_M_K5_C0005"", ""K6_repeat3_K6_C0001_M_K6_C0004"", ""K8_repeat1_K8_C0004""]"
TCGA-B0-5085,TCGA-BP-5006,12,12,12,1.0,"[""K2_repeat1_K2_C0002"", ""K2_repeat2_K2_C0002"", ""K2_repeat3_K2_C0002"", ""K3_repeat1_K3_C0003"", ""K3_repeat2_K3_C0003"", ""K3_repeat3_K3_C0003"", ""K4_repeat1_K4_C0001_M_K4_C0004"", ""K4_repeat2_K4_C0001"", ""K5_repeat2_K5_C0001_M_K5_C0005"", ""K5_repeat3_K5_C0001_M_K5_C0005"", ""K6_repeat3_K6_C0001_M_K6_C0004"", ""K8_repeat1_K8_C0004""]"
TCGA-B0-5085,TCGA-BP-5007,12,12,12,1.0,"[""K2_repeat1_K2_C0002"", ""K2_repeat2_K2_C0002"", ""K2_repeat3_K2_C0002"", ""K3_repeat1_K3_C0003"", ""K3_repeat2_K3_C0003"", ""K3_repeat3_K3_C0003"", ""K4_repeat1_K4_C0001_M_K4_C0004"", ""K4_repeat2_K4_C0001"", ""K5_repeat2_K5_C0001_M_K5_C0005"", ""K5_repeat3_K5_C0001_M_K5_C0005"", ""K6_repeat3_K6_C0001_M_K6_C0004"", ""K8_repeat1_K8_C0004""]"
TCGA-B0-5085,TCGA-BP-5009,12,12,11,0.9166666666666666,"[""K2_repeat1_K2_C0002"", ""K2_repeat2_K2_C0002"", ""K2_repeat3_K2_C0002"", ""K3_repeat1_K3_C0003"", ""K3_repeat2_K3_C0003"", ""K3_repeat3_K3_C0003"", ""K4_repeat1_K4_C0001_M_K4_C0004"", ""K4_repeat2_K4_C0001"", ""K5_repeat2_K5_C0001_M_K5_C0005"", ""K5_repeat3_K5_C0001_M_K5_C0005"", ""K6_repeat3_K6_C0001_M_K6_C0004""]"
TCGA-B0-5085,TCGA-BP-5010,12,4,0,0.0,[]
TCGA-B0-5085,TCGA-BP-5174,12,8,4,0.3333333333333333,"[""K2_repeat1_K2_C0002"", ""K2_repeat2_K2_C0002"", ""K2_repeat3_K2_C0002"", ""K4_repeat1_K4_C0001_M_K4_C0004""]"
TCGA-B0-5085,TCGA-BP-5175,12,7,0,0.0,[]
TCGA-B0-5085,TCGA-BP-5180,12,13,11,0.8461538461538461,"[""K2_repeat1_K2_C0002"", ""K2_repeat2_K2_C0002"", ""K2_repeat3_K2_C0002"", ""K3_repeat1_K3_C0003"", ""K3_repeat2_K3_C0003"", ""K3_repeat3_K3_C0003"", ""K4_repeat1_K4_C0001_M_K4_C0004"", ""K4_repeat2_K4_C0001"", ""K5_repeat2_K5_C0001_M_K5_C0005"", ""K5_repeat3_K5_C0001_M_K5_C0005"", ""K6_repeat3_K6_C0001_M_K6_C0004""]"
TCGA-B0-5085,TCGA-BP-5181,12,13,11,0.8461538461538461,"[""K2_repeat1_K2_C0002"", ""K2_repeat2_K2_C0002"", ""K2_repeat3_K2_C0002"", ""K3_repeat1_K3_C0003"", ""K3_repeat2_K3_C0003"", ""K3_repeat3_K3_C0003"", ""K4_repeat1_K4_C0001_M_K4_C0004"", ""K4_repeat2_K4_C0001"", ""K5_repeat2_K5_C0001_M_K5_C0005"", ""K5_repeat3_K5_C0001_M_K5_C0005"", ""K6_repeat3_K6_C0001_M_K6_C0004""]"
TCGA-B0-5085,TCGA-BP-5183,12,13,11,0.8461538461538461,"[""K2_repeat1_K2_C0002"", ""K2_repeat2_K2_C0002"", ""K2_repeat3_K2_C0002"", ""K3_repeat1_K3_C0003"", ""K3_repeat2_K3_C0003"", ""K3_repeat3_K3_C0003"", ""K4_repeat1_K4_C0001_M_K4_C0004"", ""K4_repeat2_K4_C0001"", ""K5_repeat2_K5_C0001_M_K5_C0005"", ""K5_repeat3_K5_C0001_M_K5_C0005"", ""K6_repeat3_K6_C0001_M_K6_C0004""]"
TCGA-B0-5085,TCGA-BP-5184,12,13,11,0.8461538461538461,"[""K2_repeat1_K2_C0002"", ""K2_repeat2_K2_C0002"", ""K2_repeat3_K2_C0002"", ""K3_repeat1_K3_C0003"", ""K3_repeat2_K3_C0003"", ""K3_repeat3_K3_C0003"", ""K4_repeat1_K4_C0001_M_K4_C0004"", ""K4_repeat2_K4_C0001"", ""K5_repeat2_K5_C0001_M_K5_C0005"", ""K5_repeat3_K5_C0001_M_K5_C0005"", ""K6_repeat3_K6_C0001_M_K6_C0004""]"
TCGA-B0-5085,TCGA-BP-5186,12,13,11,0.8461538461538461,"[""K2_repeat1_K2_C0002"", ""K2_repeat2_K2_C0002"", ""K2_repeat3_K2_C0002"", ""K3_repeat1_K3_C0003"", ""K3_repeat2_K3_C0003"", ""K3_repeat3_K3_C0003"", ""K4_repeat1_K4_C0001_M_K4_C0004"", ""K4_repeat2_K4_C0001"", ""K5_repeat2_K5_C0001_M_K5_C0005"", ""K5_repeat3_K5_C0001_M_K5_C0005"", ""K6_repeat3_K6_C0001_M_K6_C0004""]"
TCGA-B0-5085,TCGA-BP-5187,12,13,11,0.8461538461538461,"[""K2_repeat1_K2_C0002"", ""K2_repeat2_K2_C0002"", ""K2_repeat3_K2_C0002"", ""K3_repeat1_K3_C0003"", ""K3_repeat2_K3_C0003"", ""K3_repeat3_K3_C0003"", ""K4_repeat1_K4_C0001_M_K4_C0004"", ""K4_repeat2_K4_C0001"", ""K5_repeat2_K5_C0001_M_K5_C0005"", ""K5_repeat3_K5_C0001_M_K5_C0005"", ""K6_repeat3_K6_C0001_M_K6_C0004""]"
TCGA-B0-5085,TCGA-BP-5189,12,11,9,0.75,"[""K2_repeat1_K2_C0002"", ""K2_repeat2_K2_C0002"", ""K2_repeat3_K2_C0002"", ""K3_repeat1_K3_C0003"", ""K3_repeat2_K3_C0003"", ""K3_repeat3_K3_C0003"", ""K4_repeat1_K4_C0001_M_K4_C0004"", ""K4_repeat2_K4_C0001"", ""K6_repeat3_K6_C0001_M_K6_C0004""]"
TCGA-B0-5085,TCGA-BP-5190,12,3,0,0.0,[]
TCGA-B0-5085,TCGA-BP-5191,12,3,0,0.0,[]
TCGA-B0-5085,TCGA-BP-5192,12,10,8,0.6666666666666666,"[""K2_repeat1_K2_C0002"", ""K2_repeat2_K2_C0002"", ""K2_repeat3_K2_C0002"", ""K3_repeat1_K3_C0003"", ""K3_repeat2_K3_C0003"", ""K3_repeat3_K3_C0003"", ""K4_repeat1_K4_C0001_M_K4_C0004"", ""K8_repeat1_K8_C0004""]"
TCGA-B0-5085,TCGA-BP-5194,12,11,11,0.9166666666666666,"[""K2_repeat1_K2_C0002"", ""K2_repeat2_K2_C0002"", ""K2_repeat3_K2_C0002"", ""K3_repeat1_K3_C0003"", ""K3_repeat2_K3_C0003"", ""K3_repeat3_K3_C0003"", ""K4_repeat1_K4_C0001_M_K4_C0004"", ""K4_repeat2_K4_C0001"", ""K5_repeat2_K5_C0001_M_K5_C0005"", ""K5_repeat3_K5_C0001_M_K5_C0005"", ""K6_repeat3_K6_C0001_M_K6_C0004""]"
TCGA-B0-5085,TCGA-BP-5195,12,12,11,0.9166666666666666,"[""K2_repeat1_K2_C0002"", ""K2_repeat2_K2_C0002"", ""K2_repeat3_K2_C0002"", ""K3_repeat1_K3_C0003"", ""K3_repeat2_K3_C0003"", ""K3_repeat3_K3_C0003"", ""K4_repeat1_K4_C0001_M_K4_C0004"", ""K4_repeat2_K4_C0001"", ""K5_repeat2_K5_C0001_M_K5_C0005"", ""K5_repeat3_K5_C0001_M_K5_C0005"", ""K6_repeat3_K6_C0001_M_K6_C0004""]"
TCGA-B0-5085,TCGA-BP-5196,12,8,4,0.3333333333333333,"[""K2_repeat1_K2_C0002"", ""K2_repeat2_K2_C0002"", ""K2_repeat3_K2_C0002"", ""K4_repeat1_K4_C0001_M_K4_C0004""]"
TCGA-B0-5085,TCGA-BP-5199,12,12,11,0.9166666666666666,"[""K2_repeat1_K2_C0002"", ""K2_repeat2_K2_C0002"", ""K2_repeat3_K2_C0002"", ""K3_repeat1_K3_C0003"", ""K3_repeat2_K3_C0003"", ""K3_repeat3_K3_C0003"", ""K4_repeat1_K4_C0001_M_K4_C0004"", ""K5_repeat2_K5_C0001_M_K5_C0005"", ""K5_repeat3_K5_C0001_M_K5_C0005"", ""K6_repeat3_K6_C0001_M_K6_C0004"", ""K8_repeat1_K8_C0004""]"
TCGA-B0-5085,TCGA-BP-5200,12,11,11,0.9166666666666666,"[""K2_repeat1_K2_C0002"", ""K2_repeat2_K2_C0002"", ""K2_repeat3_K2_C0002"", ""K3_repeat1_K3_C0003"", ""K3_repeat2_K3_C0003"", ""K3_repeat3_K3_C0003"", ""K4_repeat1_K4_C0001_M_K4_C0004"", ""K4_repeat2_K4_C0001"", ""K5_repeat2_K5_C0001_M_K5_C0005"", ""K5_repeat3_K5_C0001_M_K5_C0005"", ""K6_repeat3_K6_C0001_M_K6_C0004""]"
TCGA-B0-5085,TCGA-CJ-4637,12,7,0,0.0,[]
TCGA-B0-5085,TCGA-CJ-4641,12,7,0,0.0,[]
TCGA-B0-5085,TCGA-CJ-4900,12,6,0,0.0,[]
TCGA-B0-5085,TCGA-CJ-4902,12,4,0,0.0,[]
TCGA-B0-5085,TCGA-CJ-4903,12,8,8,0.6666666666666666,"[""K2_repeat1_K2_C0002"", ""K2_repeat2_K2_C0002"", ""K2_repeat3_K2_C0002"", ""K4_repeat1_K4_C0001_M_K4_C0004"", ""K4_repeat2_K4_C0001"", ""K5_repeat2_K5_C0001_M_K5_C0005"", ""K5_repeat3_K5_C0001_M_K5_C0005"", ""K6_repeat3_K6_C0001_M_K6_C0004""]"
TCGA-B0-5085,TCGA-CJ-4904,12,9,8,0.6666666666666666,"[""K2_repeat1_K2_C0002"", ""K2_repeat2_K2_C0002"", ""K2_repeat3_K2_C0002"", ""K4_repeat1_K4_C0001_M_K4_C0004"", ""K4_repeat2_K4_C0001"", ""K5_repeat2_K5_C0001_M_K5_C0005"", ""K5_repeat3_K5_C0001_M_K5_C0005"", ""K6_repeat3_K6_C0001_M_K6_C0004""]"
TCGA-B0-5085,TCGA-CJ-4923,12,7,0,0.0,[]
TCGA-B0-5085,TCGA-CJ-6027,12,7,0,0.0,[]
TCGA-B0-5085,TCGA-CJ-6028,12,7,0,0.0,[]
TCGA-B0-5085,TCGA-CJ-6030,12,7,0,0.0,[]
TCGA-B0-5085,TCGA-CJ-6033,12,5,5,0.4166666666666667,"[""K4_repeat1_K4_C0001_M_K4_C0004"", ""K4_repeat2_K4_C0001"", ""K5_repeat2_K5_C0001_M_K5_C0005"", ""K5_repeat3_K5_C0001_M_K5_C0005"", ""K6_repeat3_K6_C0001_M_K6_C0004""]"
TCGA-B0-5085,TCGA-CZ-4859,12,12,12,1.0,"[""K2_repeat1_K2_C0002"", ""K2_repeat2_K2_C0002"", ""K2_repeat3_K2_C0002"", ""K3_repeat1_K3_C0003"", ""K3_repeat2_K3_C0003"", ""K3_repeat3_K3_C0003"", ""K4_repeat1_K4_C0001_M_K4_C0004"", ""K4_repeat2_K4_C0001"", ""K5_repeat2_K5_C0001_M_K5_C0005"", ""K5_repeat3_K5_C0001_M_K5_C0005"", ""K6_repeat3_K6_C0001_M_K6_C0004"", ""K8_repeat1_K8_C0004""]"
TCGA-B0-5085,TCGA-CZ-4863,12,3,0,0.0,[]
TCGA-B0-5085,TCGA-CZ-4865,12,3,0,0.0,[]
TCGA-B0-5085,TCGA-CZ-5451,12,9,7,0.5833333333333334,"[""K2_repeat1_K2_C0002"", ""K2_repeat2_K2_C0002"", ""K2_repeat3_K2_C0002"", ""K4_repeat1_K4_C0001_M_K4_C0004"", ""K4_repeat2_K4_C0001"", ""K5_repeat2_K5_C0001_M_K5_C0005"", ""K5_repeat3_K5_C0001_M_K5_C0005""]"
TCGA-B0-5085,TCGA-CZ-5462,12,5,0,0.0,[]
TCGA-B0-5085,TCGA-CZ-5468,12,3,0,0.0,[]
TCGA-B0-5085,TCGA-CZ-5984,12,8,4,0.3333333333333333,"[""K2_repeat1_K2_C0002"", ""K2_repeat2_K2_C0002"", ""K2_repeat3_K2_C0002"", ""K4_repeat1_K4_C0001_M_K4_C0004""]"
TCGA-B0-5085,TCGA-CZ-5985,12,7,0,0.0,[]
TCGA-B0-5085,TCGA-CZ-5988,12,3,0,0.0,[]
TCGA-B0-5085,TCGA-G6-A5PC,12,7,0,0.0,[]
TCGA-B0-5085,TCGA-G6-A8L7,12,5,5,0.4166666666666667,"[""K4_repeat1_K4_C0001_M_K4_C0004"", ""K4_repeat2_K4_C0001"", ""K5_repeat2_K5_C0001_M_K5_C0005"", ""K5_repeat3_K5_C0001_M_K5_C0005"", ""K6_repeat3_K6_C0001_M_K6_C0004""]"
TCGA-B0-5088,TCGA-B0-5106,6,3,2,0.3333333333333333,"[""K5_repeat2_K5_C0002_M_K5_C0003"", ""K6_repeat3_K6_C0002_M_K6_C0003""]"
TCGA-B0-5088,TCGA-B0-5115,6,13,0,0.0,[]
TCGA-B0-5088,TCGA-B0-5117,6,3,2,0.3333333333333333,"[""K5_repeat2_K5_C0002_M_K5_C0003"", ""K6_repeat3_K6_C0002_M_K6_C0003""]"
TCGA-B0-5088,TCGA-B0-5696,6,6,1,0.16666666666666666,"[""K6_repeat3_K6_C0002_M_K6_C0003""]"
TCGA-B0-5088,TCGA-B0-5697,6,3,2,0.3333333333333333,"[""K5_repeat2_K5_C0002_M_K5_C0003"", ""K6_repeat3_K6_C0002_M_K6_C0003""]"
TCGA-B0-5088,TCGA-B0-5698,6,3,2,0.3333333333333333,"[""K5_repeat2_K5_C0002_M_K5_C0003"", ""K6_repeat3_K6_C0002_M_K6_C0003""]"
TCGA-B0-5088,TCGA-B0-5702,6,7,5,0.7142857142857143,"[""K4_repeat2_K4_C0003"", ""K5_repeat2_K5_C0002_M_K5_C0003"", ""K7_repeat1_K7_C0005"", ""K8_repeat1_K8_C0005"", ""K8_repeat2_K8_C0005""]"
TCGA-B0-5088,TCGA-B0-5703,6,11,0,0.0,[]
TCGA-B0-5088,TCGA-B0-5706,6,3,2,0.3333333333333333,"[""K5_repeat2_K5_C0002_M_K5_C0003"", ""K6_repeat3_K6_C0002_M_K6_C0003""]"
TCGA-B0-5088,TCGA-B0-5709,6,7,5,0.7142857142857143,"[""K4_repeat2_K4_C0003"", ""K5_repeat2_K5_C0002_M_K5_C0003"", ""K7_repeat1_K7_C0005"", ""K8_repeat1_K8_C0005"", ""K8_repeat2_K8_C0005""]"
TCGA-B0-5088,TCGA-B0-5712,6,3,2,0.3333333333333333,"[""K5_repeat2_K5_C0002_M_K5_C0003"", ""K6_repeat3_K6_C0002_M_K6_C0003""]"
TCGA-B0-5088,TCGA-B0-5812,6,13,0,0.0,[]
TCGA-B0-5088,TCGA-B8-4148,6,9,1,0.1111111111111111,"[""K6_repeat3_K6_C0002_M_K6_C0003""]"
TCGA-B0-5088,TCGA-B8-4151,6,3,2,0.3333333333333333,"[""K5_repeat2_K5_C0002_M_K5_C0003"", ""K6_repeat3_K6_C0002_M_K6_C0003""]"
TCGA-B0-5088,TCGA-B8-4153,6,3,2,0.3333333333333333,"[""K5_repeat2_K5_C0002_M_K5_C0003"", ""K6_repeat3_K6_C0002_M_K6_C0003""]"
TCGA-B0-5088,TCGA-B8-4619,6,3,2,0.3333333333333333,"[""K5_repeat2_K5_C0002_M_K5_C0003"", ""K6_repeat3_K6_C0002_M_K6_C0003""]"
TCGA-B0-5088,TCGA-B8-4622,6,9,1,0.1111111111111111,"[""K6_repeat3_K6_C0002_M_K6_C0003""]"
TCGA-B0-5088,TCGA-B8-5158,6,3,2,0.3333333333333333,"[""K5_repeat2_K5_C0002_M_K5_C0003"", ""K6_repeat3_K6_C0002_M_K6_C0003""]"
TCGA-B0-5088,TCGA-B8-5159,6,8,0,0.0,[]
TCGA-B0-5088,TCGA-B8-5162,6,8,0,0.0,[]
TCGA-B0-5088,TCGA-B8-5164,6,3,2,0.3333333333333333,"[""K5_repeat2_K5_C0002_M_K5_C0003"", ""K6_repeat3_K6_C0002_M_K6_C0003""]"
TCGA-B0-5088,TCGA-B8-5165,6,8,0,0.0,[]
TCGA-B0-5088,TCGA-B8-5546,6,3,2,0.3333333333333333,"[""K5_repeat2_K5_C0002_M_K5_C0003"", ""K6_repeat3_K6_C0002_M_K6_C0003""]"
TCGA-B0-5088,TCGA-B8-5549,6,8,0,0.0,[]
TCGA-B0-5088,TCGA-B8-5550,6,3,2,0.3333333333333333,"[""K5_repeat2_K5_C0002_M_K5_C0003"", ""K6_repeat3_K6_C0002_M_K6_C0003""]"
TCGA-B0-5088,TCGA-B8-5551,6,7,5,0.7142857142857143,"[""K4_repeat2_K4_C0003"", ""K5_repeat2_K5_C0002_M_K5_C0003"", ""K7_repeat1_K7_C0005"", ""K8_repeat1_K8_C0005"", ""K8_repeat2_K8_C0005""]"
TCGA-B0-5088,TCGA-B8-5553,6,3,2,0.3333333333333333,"[""K5_repeat2_K5_C0002_M_K5_C0003"", ""K6_repeat3_K6_C0002_M_K6_C0003""]"
TCGA-B0-5088,TCGA-B8-A54D,6,5,4,0.6666666666666666,"[""K5_repeat2_K5_C0002_M_K5_C0003"", ""K6_repeat3_K6_C0002_M_K6_C0003"", ""K8_repeat1_K8_C0005"", ""K8_repeat2_K8_C0005""]"
TCGA-B0-5088,TCGA-B8-A54E,6,3,2,0.3333333333333333,"[""K5_repeat2_K5_C0002_M_K5_C0003"", ""K6_repeat3_K6_C0002_M_K6_C0003""]"
TCGA-B0-5088,TCGA-B8-A54F,6,3,2,0.3333333333333333,"[""K5_repeat2_K5_C0002_M_K5_C0003"", ""K6_repeat3_K6_C0002_M_K6_C0003""]"
TCGA-B0-5088,TCGA-B8-A54G,6,5,4,0.6666666666666666,"[""K5_repeat2_K5_C0002_M_K5_C0003"", ""K6_repeat3_K6_C0002_M_K6_C0003"", ""K8_repeat1_K8_C0005"", ""K8_repeat2_K8_C0005""]"
TCGA-B0-5088,TCGA-BP-4164,6,8,0,0.0,[]
TCGA-B0-5088,TCGA-BP-4167,6,7,5,0.7142857142857143,"[""K4_repeat2_K4_C0003"", ""K5_repeat2_K5_C0002_M_K5_C0003"", ""K7_repeat1_K7_C0005"", ""K8_repeat1_K8_C0005"", ""K8_repeat2_K8_C0005""]"
TCGA-B0-5088,TCGA-BP-4770,6,3,2,0.3333333333333333,"[""K5_repeat2_K5_C0002_M_K5_C0003"", ""K6_repeat3_K6_C0002_M_K6_C0003""]"
TCGA-B0-5088,TCGA-BP-4782,6,3,2,0.3333333333333333,"[""K5_repeat2_K5_C0002_M_K5_C0003"", ""K6_repeat3_K6_C0002_M_K6_C0003""]"
TCGA-B0-5088,TCGA-BP-4960,6,10,0,0.0,[]
TCGA-B0-5088,TCGA-BP-4962,6,7,5,0.7142857142857143,"[""K4_repeat2_K4_C0003"", ""K5_repeat2_K5_C0002_M_K5_C0003"", ""K7_repeat1_K7_C0005"", ""K8_repeat1_K8_C0005"", ""K8_repeat2_K8_C0005""]"
TCGA-B0-5088,TCGA-BP-4965,6,11,0,0.0,[]
TCGA-B0-5088,TCGA-BP-4967,6,8,0,0.0,[]
TCGA-B0-5088,TCGA-BP-4970,6,8,0,0.0,[]
TCGA-B0-5088,TCGA-BP-4971,6,7,5,0.7142857142857143,"[""K4_repeat2_K4_C0003"", ""K5_repeat2_K5_C0002_M_K5_C0003"", ""K7_repeat1_K7_C0005"", ""K8_repeat1_K8_C0005"", ""K8_repeat2_K8_C0005""]"
TCGA-B0-5088,TCGA-BP-4972,6,6,1,0.16666666666666666,"[""K5_repeat2_K5_C0002_M_K5_C0003""]"
TCGA-B0-5088,TCGA-BP-4976,6,12,0,0.0,[]
TCGA-B0-5088,TCGA-BP-4977,6,8,0,0.0,[]
TCGA-B0-5088,TCGA-BP-4982,6,11,0,0.0,[]
TCGA-B0-5088,TCGA-BP-4986,6,8,0,0.0,[]
TCGA-B0-5088,TCGA-BP-4988,6,9,0,0.0,[]
TCGA-B0-5088,TCGA-BP-4989,6,13,0,0.0,[]
TCGA-B0-5088,TCGA-BP-4992,6,7,5,0.7142857142857143,"[""K4_repeat2_K4_C0003"", ""K5_repeat2_K5_C0002_M_K5_C0003"", ""K7_repeat1_K7_C0005"", ""K8_repeat1_K8_C0005"", ""K8_repeat2_K8_C0005""]"
TCGA-B0-5088,TCGA-BP-4994,6,3,2,0.3333333333333333,"[""K5_repeat2_K5_C0002_M_K5_C0003"", ""K6_repeat3_K6_C0002_M_K6_C0003""]"
TCGA-B0-5088,TCGA-BP-4995,6,12,0,0.0,[]
TCGA-B0-5088,TCGA-BP-4999,6,11,0,0.0,[]
TCGA-B0-5088,TCGA-BP-5000,6,3,2,0.3333333333333333,"[""K5_repeat2_K5_C0002_M_K5_C0003"", ""K6_repeat3_K6_C0002_M_K6_C0003""]"
TCGA-B0-5088,TCGA-BP-5001,6,12,0,0.0,[]
TCGA-B0-5088,TCGA-BP-5004,6,12,0,0.0,[]
TCGA-B0-5088,TCGA-BP-5006,6,12,0,0.0,[]
TCGA-B0-5088,TCGA-BP-5007,6,12,0,0.0,[]
TCGA-B0-5088,TCGA-BP-5009,6,12,0,0.0,[]
TCGA-B0-5088,TCGA-BP-5010,6,4,1,0.16666666666666666,"[""K4_repeat2_K4_C0003""]"
TCGA-B0-5088,TCGA-BP-5174,6,8,0,0.0,[]
TCGA-B0-5088,TCGA-BP-5175,6,7,5,0.7142857142857143,"[""K4_repeat2_K4_C0003"", ""K5_repeat2_K5_C0002_M_K5_C0003"", ""K7_repeat1_K7_C0005"", ""K8_repeat1_K8_C0005"", ""K8_repeat2_K8_C0005""]"
TCGA-B0-5088,TCGA-BP-5180,6,13,0,0.0,[]
TCGA-B0-5088,TCGA-BP-5181,6,13,0,0.0,[]
TCGA-B0-5088,TCGA-BP-5183,6,13,0,0.0,[]
TCGA-B0-5088,TCGA-BP-5184,6,13,0,0.0,[]
TCGA-B0-5088,TCGA-BP-5186,6,13,0,0.0,[]
TCGA-B0-5088,TCGA-BP-5187,6,13,0,0.0,[]
TCGA-B0-5088,TCGA-BP-5189,6,11,1,0.09090909090909091,"[""K5_repeat2_K5_C0002_M_K5_C0003""]"
TCGA-B0-5088,TCGA-BP-5190,6,3,2,0.3333333333333333,"[""K5_repeat2_K5_C0002_M_K5_C0003"", ""K6_repeat3_K6_C0002_M_K6_C0003""]"
TCGA-B0-5088,TCGA-BP-5191,6,3,2,0.3333333333333333,"[""K5_repeat2_K5_C0002_M_K5_C0003"", ""K6_repeat3_K6_C0002_M_K6_C0003""]"
TCGA-B0-5088,TCGA-BP-5192,6,10,0,0.0,[]
TCGA-B0-5088,TCGA-BP-5194,6,11,0,0.0,[]
TCGA-B0-5088,TCGA-BP-5195,6,12,0,0.0,[]
TCGA-B0-5088,TCGA-BP-5196,6,8,0,0.0,[]
TCGA-B0-5088,TCGA-BP-5199,6,12,0,0.0,[]
TCGA-B0-5088,TCGA-BP-5200,6,11,0,0.0,[]
TCGA-B0-5088,TCGA-CJ-4637,6,7,5,0.7142857142857143,"[""K4_repeat2_K4_C0003"", ""K5_repeat2_K5_C0002_M_K5_C0003"", ""K7_repeat1_K7_C0005"", ""K8_repeat1_K8_C0005"", ""K8_repeat2_K8_C0005""]"
TCGA-B0-5088,TCGA-CJ-4641,6,7,5,0.7142857142857143,"[""K4_repeat2_K4_C0003"", ""K5_repeat2_K5_C0002_M_K5_C0003"", ""K7_repeat1_K7_C0005"", ""K8_repeat1_K8_C0005"", ""K8_repeat2_K8_C0005""]"
TCGA-B0-5088,TCGA-CJ-4900,6,6,3,0.5,"[""K4_repeat2_K4_C0003"", ""K5_repeat2_K5_C0002_M_K5_C0003"", ""K7_repeat1_K7_C0005""]"
TCGA-B0-5088,TCGA-CJ-4902,6,4,1,0.16666666666666666,"[""K4_repeat2_K4_C0003""]"
TCGA-B0-5088,TCGA-CJ-4903,6,8,0,0.0,[]
TCGA-B0-5088,TCGA-CJ-4904,6,9,0,0.0,[]
TCGA-B0-5088,TCGA-CJ-4923,6,7,5,0.7142857142857143,"[""K4_repeat2_K4_C0003"", ""K5_repeat2_K5_C0002_M_K5_C0003"", ""K7_repeat1_K7_C0005"", ""K8_repeat1_K8_C0005"", ""K8_repeat2_K8_C0005""]"
TCGA-B0-5088,TCGA-CJ-6027,6,7,5,0.7142857142857143,"[""K4_repeat2_K4_C0003"", ""K5_repeat2_K5_C0002_M_K5_C0003"", ""K7_repeat1_K7_C0005"", ""K8_repeat1_K8_C0005"", ""K8_repeat2_K8_C0005""]"
TCGA-B0-5088,TCGA-CJ-6028,6,7,5,0.7142857142857143,"[""K4_repeat2_K4_C0003"", ""K5_repeat2_K5_C0002_M_K5_C0003"", ""K7_repeat1_K7_C0005"", ""K8_repeat1_K8_C0005"", ""K8_repeat2_K8_C0005""]"
TCGA-B0-5088,TCGA-CJ-6030,6,7,5,0.7142857142857143,"[""K4_repeat2_K4_C0003"", ""K5_repeat2_K5_C0002_M_K5_C0003"", ""K7_repeat1_K7_C0005"", ""K8_repeat1_K8_C0005"", ""K8_repeat2_K8_C0005""]"
TCGA-B0-5088,TCGA-CJ-6033,6,5,0,0.0,[]
TCGA-B0-5088,TCGA-CZ-4859,6,12,0,0.0,[]
TCGA-B0-5088,TCGA-CZ-4863,6,3,2,0.3333333333333333,"[""K5_repeat2_K5_C0002_M_K5_C0003"", ""K6_repeat3_K6_C0002_M_K6_C0003""]"
TCGA-B0-5088,TCGA-CZ-4865,6,3,2,0.3333333333333333,"[""K5_repeat2_K5_C0002_M_K5_C0003"", ""K6_repeat3_K6_C0002_M_K6_C0003""]"
TCGA-B0-5088,TCGA-CZ-5451,6,9,1,0.1111111111111111,"[""K6_repeat3_K6_C0002_M_K6_C0003""]"
TCGA-B0-5088,TCGA-CZ-5462,6,5,4,0.6666666666666666,"[""K5_repeat2_K5_C0002_M_K5_C0003"", ""K6_repeat3_K6_C0002_M_K6_C0003"", ""K8_repeat1_K8_C0005"", ""K8_repeat2_K8_C0005""]"
TCGA-B0-5088,TCGA-CZ-5468,6,3,2,0.3333333333333333,"[""K5_repeat2_K5_C0002_M_K5_C0003"", ""K6_repeat3_K6_C0002_M_K6_C0003""]"
TCGA-B0-5088,TCGA-CZ-5984,6,8,0,0.0,[]
TCGA-B0-5088,TCGA-CZ-5985,6,7,5,0.7142857142857143,"[""K4_repeat2_K4_C0003"", ""K5_repeat2_K5_C0002_M_K5_C0003"", ""K7_repeat1_K7_C0005"", ""K8_repeat1_K8_C0005"", ""K8_repeat2_K8_C0005""]"
TCGA-B0-5088,TCGA-CZ-5988,6,3,2,0.3333333333333333,"[""K5_repeat2_K5_C0002_M_K5_C0003"", ""K6_repeat3_K6_C0002_M_K6_C0003""]"
TCGA-B0-5088,TCGA-G6-A5PC,6,7,5,0.7142857142857143,"[""K4_repeat2_K4_C0003"", ""K5_repeat2_K5_C0002_M_K5_C0003"", ""K7_repeat1_K7_C0005"", ""K8_repeat1_K8_C0005"", ""K8_repeat2_K8_C0005""]"
TCGA-B0-5088,TCGA-G6-A8L7,6,5,0,0.0,[]
TCGA-B0-5106,TCGA-B0-5115,3,13,0,0.0,[]
TCGA-B0-5106,TCGA-B0-5117,3,3,3,1.0,"[""K5_repeat2_K5_C0002_M_K5_C0003"", ""K6_repeat3_K6_C0002_M_K6_C0003"", ""K7_repeat1_K7_C0002_M_K7_C0003""]"
TCGA-B0-5106,TCGA-B0-5696,3,6,2,0.3333333333333333,"[""K6_repeat3_K6_C0002_M_K6_C0003"", ""K7_repeat1_K7_C0002_M_K7_C0003""]"
TCGA-B0-5106,TCGA-B0-5697,3,3,3,1.0,"[""K5_repeat2_K5_C0002_M_K5_C0003"", ""K6_repeat3_K6_C0002_M_K6_C0003"", ""K7_repeat1_K7_C0002_M_K7_C0003""]"
TCGA-B0-5106,TCGA-B0-5698,3,3,3,1.0,"[""K5_repeat2_K5_C0002_M_K5_C0003"", ""K6_repeat3_K6_C0002_M_K6_C0003"", ""K7_repeat1_K7_C0002_M_K7_C0003""]"
TCGA-B0-5106,TCGA-B0-5702,3,7,1,0.14285714285714285,"[""K5_repeat2_K5_C0002_M_K5_C0003""]"
TCGA-B0-5106,TCGA-B0-5703,3,11,0,0.0,[]
TCGA-B0-5106,TCGA-B0-5706,3,3,3,1.0,"[""K5_repeat2_K5_C0002_M_K5_C0003"", ""K6_repeat3_K6_C0002_M_K6_C0003"", ""K7_repeat1_K7_C0002_M_K7_C0003""]"
TCGA-B0-5106,TCGA-B0-5709,3,7,1,0.14285714285714285,"[""K5_repeat2_K5_C0002_M_K5_C0003""]"
TCGA-B0-5106,TCGA-B0-5712,3,3,3,1.0,"[""K5_repeat2_K5_C0002_M_K5_C0003"", ""K6_repeat3_K6_C0002_M_K6_C0003"", ""K7_repeat1_K7_C0002_M_K7_C0003""]"
TCGA-B0-5106,TCGA-B0-5812,3,13,0,0.0,[]
TCGA-B0-5106,TCGA-B8-4148,3,9,2,0.2222222222222222,"[""K6_repeat3_K6_C0002_M_K6_C0003"", ""K7_repeat1_K7_C0002_M_K7_C0003""]"
TCGA-B0-5106,TCGA-B8-4151,3,3,3,1.0,"[""K5_repeat2_K5_C0002_M_K5_C0003"", ""K6_repeat3_K6_C0002_M_K6_C0003"", ""K7_repeat1_K7_C0002_M_K7_C0003""]"
TCGA-B0-5106,TCGA-B8-4153,3,3,3,1.0,"[""K5_repeat2_K5_C0002_M_K5_C0003"", ""K6_repeat3_K6_C0002_M_K6_C0003"", ""K7_repeat1_K7_C0002_M_K7_C0003""]"
TCGA-B0-5106,TCGA-B8-4619,3,3,3,1.0,"[""K5_repeat2_K5_C0002_M_K5_C0003"", ""K6_repeat3_K6_C0002_M_K6_C0003"", ""K7_repeat1_K7_C0002_M_K7_C0003""]"
TCGA-B0-5106,TCGA-B8-4622,3,9,2,0.2222222222222222,"[""K6_repeat3_K6_C0002_M_K6_C0003"", ""K7_repeat1_K7_C0002_M_K7_C0003""]"
TCGA-B0-5106,TCGA-B8-5158,3,3,3,1.0,"[""K5_repeat2_K5_C0002_M_K5_C0003"", ""K6_repeat3_K6_C0002_M_K6_C0003"", ""K7_repeat1_K7_C0002_M_K7_C0003""]"
TCGA-B0-5106,TCGA-B8-5159,3,8,0,0.0,[]
TCGA-B0-5106,TCGA-B8-5162,3,8,0,0.0,[]
TCGA-B0-5106,TCGA-B8-5164,3,3,3,1.0,"[""K5_repeat2_K5_C0002_M_K5_C0003"", ""K6_repeat3_K6_C0002_M_K6_C0003"", ""K7_repeat1_K7_C0002_M_K7_C0003""]"
TCGA-B0-5106,TCGA-B8-5165,3,8,0,0.0,[]
TCGA-B0-5106,TCGA-B8-5546,3,3,3,1.0,"[""K5_repeat2_K5_C0002_M_K5_C0003"", ""K6_repeat3_K6_C0002_M_K6_C0003"", ""K7_repeat1_K7_C0002_M_K7_C0003""]"
TCGA-B0-5106,TCGA-B8-5549,3,8,0,0.0,[]
TCGA-B0-5106,TCGA-B8-5550,3,3,3,1.0,"[""K5_repeat2_K5_C0002_M_K5_C0003"", ""K6_repeat3_K6_C0002_M_K6_C0003"", ""K7_repeat1_K7_C0002_M_K7_C0003""]"
TCGA-B0-5106,TCGA-B8-5551,3,7,1,0.14285714285714285,"[""K5_repeat2_K5_C0002_M_K5_C0003""]"
TCGA-B0-5106,TCGA-B8-5553,3,3,3,1.0,"[""K5_repeat2_K5_C0002_M_K5_C0003"", ""K6_repeat3_K6_C0002_M_K6_C0003"", ""K7_repeat1_K7_C0002_M_K7_C0003""]"
TCGA-B0-5106,TCGA-B8-A54D,3,5,3,0.6,"[""K5_repeat2_K5_C0002_M_K5_C0003"", ""K6_repeat3_K6_C0002_M_K6_C0003"", ""K7_repeat1_K7_C0002_M_K7_C0003""]"
TCGA-B0-5106,TCGA-B8-A54E,3,3,3,1.0,"[""K5_repeat2_K5_C0002_M_K5_C0003"", ""K6_repeat3_K6_C0002_M_K6_C0003"", ""K7_repeat1_K7_C0002_M_K7_C0003""]"
TCGA-B0-5106,TCGA-B8-A54F,3,3,3,1.0,"[""K5_repeat2_K5_C0002_M_K5_C0003"", ""K6_repeat3_K6_C0002_M_K6_C0003"", ""K7_repeat1_K7_C0002_M_K7_C0003""]"
TCGA-B0-5106,TCGA-B8-A54G,3,5,3,0.6,"[""K5_repeat2_K5_C0002_M_K5_C0003"", ""K6_repeat3_K6_C0002_M_K6_C0003"", ""K7_repeat1_K7_C0002_M_K7_C0003""]"
TCGA-B0-5106,TCGA-BP-4164,3,8,0,0.0,[]
TCGA-B0-5106,TCGA-BP-4167,3,7,1,0.14285714285714285,"[""K5_repeat2_K5_C0002_M_K5_C0003""]"
TCGA-B0-5106,TCGA-BP-4770,3,3,3,1.0,"[""K5_repeat2_K5_C0002_M_K5_C0003"", ""K6_repeat3_K6_C0002_M_K6_C0003"", ""K7_repeat1_K7_C0002_M_K7_C0003""]"
TCGA-B0-5106,TCGA-BP-4782,3,3,3,1.0,"[""K5_repeat2_K5_C0002_M_K5_C0003"", ""K6_repeat3_K6_C0002_M_K6_C0003"", ""K7_repeat1_K7_C0002_M_K7_C0003""]"
TCGA-B0-5106,TCGA-BP-4960,3,10,0,0.0,[]
TCGA-B0-5106,TCGA-BP-4962,3,7,1,0.14285714285714285,"[""K5_repeat2_K5_C0002_M_K5_C0003""]"
TCGA-B0-5106,TCGA-BP-4965,3,11,0,0.0,[]
TCGA-B0-5106,TCGA-BP-4967,3,8,0,0.0,[]
TCGA-B0-5106,TCGA-BP-4970,3,8,0,0.0,[]
TCGA-B0-5106,TCGA-BP-4971,3,7,1,0.14285714285714285,"[""K5_repeat2_K5_C0002_M_K5_C0003""]"
TCGA-B0-5106,TCGA-BP-4972,3,6,1,0.16666666666666666,"[""K5_repeat2_K5_C0002_M_K5_C0003""]"
TCGA-B0-5106,TCGA-BP-4976,3,12,0,0.0,[]
TCGA-B0-5106,TCGA-BP-4977,3,8,0,0.0,[]
TCGA-B0-5106,TCGA-BP-4982,3,11,0,0.0,[]
TCGA-B0-5106,TCGA-BP-4986,3,8,0,0.0,[]
TCGA-B0-5106,TCGA-BP-4988,3,9,0,0.0,[]
TCGA-B0-5106,TCGA-BP-4989,3,13,0,0.0,[]
TCGA-B0-5106,TCGA-BP-4992,3,7,1,0.14285714285714285,"[""K5_repeat2_K5_C0002_M_K5_C0003""]"
TCGA-B0-5106,TCGA-BP-4994,3,3,3,1.0,"[""K5_repeat2_K5_C0002_M_K5_C0003"", ""K6_repeat3_K6_C0002_M_K6_C0003"", ""K7_repeat1_K7_C0002_M_K7_C0003""]"
TCGA-B0-5106,TCGA-BP-4995,3,12,0,0.0,[]
TCGA-B0-5106,TCGA-BP-4999,3,11,0,0.0,[]
TCGA-B0-5106,TCGA-BP-5000,3,3,3,1.0,"[""K5_repeat2_K5_C0002_M_K5_C0003"", ""K6_repeat3_K6_C0002_M_K6_C0003"", ""K7_repeat1_K7_C0002_M_K7_C0003""]"
TCGA-B0-5106,TCGA-BP-5001,3,12,0,0.0,[]
TCGA-B0-5106,TCGA-BP-5004,3,12,0,0.0,[]
TCGA-B0-5106,TCGA-BP-5006,3,12,0,0.0,[]
TCGA-B0-5106,TCGA-BP-5007,3,12,0,0.0,[]
TCGA-B0-5106,TCGA-BP-5009,3,12,0,0.0,[]
TCGA-B0-5106,TCGA-BP-5010,3,4,0,0.0,[]
TCGA-B0-5106,TCGA-BP-5174,3,8,0,0.0,[]
TCGA-B0-5106,TCGA-BP-5175,3,7,1,0.14285714285714285,"[""K5_repeat2_K5_C0002_M_K5_C0003""]"
TCGA-B0-5106,TCGA-BP-5180,3,13,0,0.0,[]
TCGA-B0-5106,TCGA-BP-5181,3,13,0,0.0,[]
TCGA-B0-5106,TCGA-BP-5183,3,13,0,0.0,[]
TCGA-B0-5106,TCGA-BP-5184,3,13,0,0.0,[]
TCGA-B0-5106,TCGA-BP-5186,3,13,0,0.0,[]
TCGA-B0-5106,TCGA-BP-5187,3,13,0,0.0,[]
TCGA-B0-5106,TCGA-BP-5189,3,11,2,0.18181818181818182,"[""K5_repeat2_K5_C0002_M_K5_C0003"", ""K7_repeat1_K7_C0002_M_K7_C0003""]"
TCGA-B0-5106,TCGA-BP-5190,3,3,3,1.0,"[""K5_repeat2_K5_C0002_M_K5_C0003"", ""K6_repeat3_K6_C0002_M_K6_C0003"", ""K7_repeat1_K7_C0002_M_K7_C0003""]"
TCGA-B0-5106,TCGA-BP-5191,3,3,3,1.0,"[""K5_repeat2_K5_C0002_M_K5_C0003"", ""K6_repeat3_K6_C0002_M_K6_C0003"", ""K7_repeat1_K7_C0002_M_K7_C0003""]"
TCGA-B0-5106,TCGA-BP-5192,3,10,0,0.0,[]
TCGA-B0-5106,TCGA-BP-5194,3,11,0,0.0,[]
TCGA-B0-5106,TCGA-BP-5195,3,12,0,0.0,[]
TCGA-B0-5106,TCGA-BP-5196,3,8,0,0.0,[]
TCGA-B0-5106,TCGA-BP-5199,3,12,0,0.0,[]
TCGA-B0-5106,TCGA-BP-5200,3,11,0,0.0,[]
TCGA-B0-5106,TCGA-CJ-4637,3,7,1,0.14285714285714285,"[""K5_repeat2_K5_C0002_M_K5_C0003""]"
TCGA-B0-5106,TCGA-CJ-4641,3,7,1,0.14285714285714285,"[""K5_repeat2_K5_C0002_M_K5_C0003""]"
TCGA-B0-5106,TCGA-CJ-4900,3,6,1,0.16666666666666666,"[""K5_repeat2_K5_C0002_M_K5_C0003""]"
TCGA-B0-5106,TCGA-CJ-4902,3,4,0,0.0,[]
TCGA-B0-5106,TCGA-CJ-4903,3,8,0,0.0,[]
TCGA-B0-5106,TCGA-CJ-4904,3,9,0,0.0,[]
TCGA-B0-5106,TCGA-CJ-4923,3,7,1,0.14285714285714285,"[""K5_repeat2_K5_C0002_M_K5_C0003""]"
TCGA-B0-5106,TCGA-CJ-6027,3,7,1,0.14285714285714285,"[""K5_repeat2_K5_C0002_M_K5_C0003""]"
TCGA-B0-5106,TCGA-CJ-6028,3,7,1,0.14285714285714285,"[""K5_repeat2_K5_C0002_M_K5_C0003""]"
TCGA-B0-5106,TCGA-CJ-6030,3,7,1,0.14285714285714285,"[""K5_repeat2_K5_C0002_M_K5_C0003""]"
TCGA-B0-5106,TCGA-CJ-6033,3,5,0,0.0,[]
TCGA-B0-5106,TCGA-CZ-4859,3,12,0,0.0,[]
TCGA-B0-5106,TCGA-CZ-4863,3,3,3,1.0,"[""K5_repeat2_K5_C0002_M_K5_C0003"", ""K6_repeat3_K6_C0002_M_K6_C0003"", ""K7_repeat1_K7_C0002_M_K7_C0003""]"
TCGA-B0-5106,TCGA-CZ-4865,3,3,3,1.0,"[""K5_repeat2_K5_C0002_M_K5_C0003"", ""K6_repeat3_K6_C0002_M_K6_C0003"", ""K7_repeat1_K7_C0002_M_K7_C0003""]"
TCGA-B0-5106,TCGA-CZ-5451,3,9,2,0.2222222222222222,"[""K6_repeat3_K6_C0002_M_K6_C0003"", ""K7_repeat1_K7_C0002_M_K7_C0003""]"
TCGA-B0-5106,TCGA-CZ-5462,3,5,3,0.6,"[""K5_repeat2_K5_C0002_M_K5_C0003"", ""K6_repeat3_K6_C0002_M_K6_C0003"", ""K7_repeat1_K7_C0002_M_K7_C0003""]"
TCGA-B0-5106,TCGA-CZ-5468,3,3,3,1.0,"[""K5_repeat2_K5_C0002_M_K5_C0003"", ""K6_repeat3_K6_C0002_M_K6_C0003"", ""K7_repeat1_K7_C0002_M_K7_C0003""]"
TCGA-B0-5106,TCGA-CZ-5984,3,8,0,0.0,[]
TCGA-B0-5106,TCGA-CZ-5985,3,7,1,0.14285714285714285,"[""K5_repeat2_K5_C0002_M_K5_C0003""]"
TCGA-B0-5106,TCGA-CZ-5988,3,3,3,1.0,"[""K5_repeat2_K5_C0002_M_K5_C0003"", ""K6_repeat3_K6_C0002_M_K6_C0003"", ""K7_repeat1_K7_C0002_M_K7_C0003""]"
TCGA-B0-5106,TCGA-G6-A5PC,3,7,1,0.14285714285714285,"[""K5_repeat2_K5_C0002_M_K5_C0003""]"
TCGA-B0-5106,TCGA-G6-A8L7,3,5,0,0.0,[]
TCGA-B0-5115,TCGA-B0-5117,13,3,0,0.0,[]
TCGA-B0-5115,TCGA-B0-5696,13,6,4,0.3076923076923077,"[""K4_repeat1_K4_C0001_M_K4_C0004"", ""K4_repeat2_K4_C0001"", ""K5_repeat2_K5_C0001_M_K5_C0005"", ""K5_repeat3_K5_C0001_M_K5_C0005""]"
TCGA-B0-5115,TCGA-B0-5697,13,3,0,0.0,[]
TCGA-B0-5115,TCGA-B0-5698,13,3,0,0.0,[]
TCGA-B0-5115,TCGA-B0-5702,13,7,0,0.0,[]
TCGA-B0-5115,TCGA-B0-5703,13,11,11,0.8461538461538461,"[""K2_repeat1_K2_C0002"", ""K2_repeat2_K2_C0002"", ""K2_repeat3_K2_C0002"", ""K3_repeat1_K3_C0003"", ""K3_repeat2_K3_C0003"", ""K3_repeat3_K3_C0003"", ""K4_repeat1_K4_C0001_M_K4_C0004"", ""K4_repeat2_K4_C0001"", ""K5_repeat2_K5_C0001_M_K5_C0005"", ""K5_repeat3_K5_C0001_M_K5_C0005"", ""K6_repeat3_K6_C0001_M_K6_C0004""]"
TCGA-B0-5115,TCGA-B0-5706,13,3,0,0.0,[]
TCGA-B0-5115,TCGA-B0-5709,13,7,0,0.0,[]
TCGA-B0-5115,TCGA-B0-5712,13,3,0,0.0,[]
TCGA-B0-5115,TCGA-B0-5812,13,13,13,1.0,"[""K2_repeat1_K2_C0002"", ""K2_repeat2_K2_C0002"", ""K2_repeat3_K2_C0002"", ""K3_repeat1_K3_C0003"", ""K3_repeat2_K3_C0003"", ""K3_repeat3_K3_C0003"", ""K4_repeat1_K4_C0001_M_K4_C0004"", ""K4_repeat2_K4_C0001"", ""K5_repeat2_K5_C0001_M_K5_C0005"", ""K5_repeat3_K5_C0001_M_K5_C0005"", ""K6_repeat3_K6_C0001_M_K6_C0004"", ""K7_repeat1_K7_C0001"", ""K8_repeat2_K8_C0001""]"
TCGA-B0-5115,TCGA-B8-4148,13,9,7,0.5384615384615384,"[""K2_repeat1_K2_C0002"", ""K2_repeat2_K2_C0002"", ""K2_repeat3_K2_C0002"", ""K4_repeat1_K4_C0001_M_K4_C0004"", ""K4_repeat2_K4_C0001"", ""K5_repeat2_K5_C0001_M_K5_C0005"", ""K5_repeat3_K5_C0001_M_K5_C0005""]"
TCGA-B0-5115,TCGA-B8-4151,13,3,0,0.0,[]
TCGA-B0-5115,TCGA-B8-4153,13,3,0,0.0,[]
TCGA-B0-5115,TCGA-B8-4619,13,3,0,0.0,[]
TCGA-B0-5115,TCGA-B8-4622,13,9,7,0.5384615384615384,"[""K2_repeat1_K2_C0002"", ""K2_repeat2_K2_C0002"", ""K2_repeat3_K2_C0002"", ""K4_repeat1_K4_C0001_M_K4_C0004"", ""K4_repeat2_K4_C0001"", ""K5_repeat2_K5_C0001_M_K5_C0005"", ""K5_repeat3_K5_C0001_M_K5_C0005""]"
TCGA-B0-5115,TCGA-B8-5158,13,3,0,0.0,[]
TCGA-B0-5115,TCGA-B8-5159,13,8,4,0.3076923076923077,"[""K2_repeat1_K2_C0002"", ""K2_repeat2_K2_C0002"", ""K2_repeat3_K2_C0002"", ""K4_repeat1_K4_C0001_M_K4_C0004""]"
TCGA-B0-5115,TCGA-B8-5162,13,8,4,0.3076923076923077,"[""K2_repeat1_K2_C0002"", ""K2_repeat2_K2_C0002"", ""K2_repeat3_K2_C0002"", ""K4_repeat1_K4_C0001_M_K4_C0004""]"
TCGA-B0-5115,TCGA-B8-5164,13,3,0,0.0,[]
TCGA-B0-5115,TCGA-B8-5165,13,8,4,0.3076923076923077,"[""K2_repeat1_K2_C0002"", ""K2_repeat2_K2_C0002"", ""K2_repeat3_K2_C0002"", ""K4_repeat1_K4_C0001_M_K4_C0004""]"
TCGA-B0-5115,TCGA-B8-5546,13,3,0,0.0,[]
TCGA-B0-5115,TCGA-B8-5549,13,8,4,0.3076923076923077,"[""K2_repeat1_K2_C0002"", ""K2_repeat2_K2_C0002"", ""K2_repeat3_K2_C0002"", ""K4_repeat1_K4_C0001_M_K4_C0004""]"
TCGA-B0-5115,TCGA-B8-5550,13,3,0,0.0,[]
TCGA-B0-5115,TCGA-B8-5551,13,7,0,0.0,[]
TCGA-B0-5115,TCGA-B8-5553,13,3,0,0.0,[]
TCGA-B0-5115,TCGA-B8-A54D,13,5,0,0.0,[]
TCGA-B0-5115,TCGA-B8-A54E,13,3,0,0.0,[]
TCGA-B0-5115,TCGA-B8-A54F,13,3,0,0.0,[]
TCGA-B0-5115,TCGA-B8-A54G,13,5,0,0.0,[]
TCGA-B0-5115,TCGA-BP-4164,13,8,8,0.6153846153846154,"[""K2_repeat1_K2_C0002"", ""K2_repeat2_K2_C0002"", ""K2_repeat3_K2_C0002"", ""K4_repeat1_K4_C0001_M_K4_C0004"", ""K4_repeat2_K4_C0001"", ""K5_repeat2_K5_C0001_M_K5_C0005"", ""K5_repeat3_K5_C0001_M_K5_C0005"", ""K6_repeat3_K6_C0001_M_K6_C0004""]"
TCGA-B0-5115,TCGA-BP-4167,13,7,0,0.0,[]
TCGA-B0-5115,TCGA-BP-4770,13,3,0,0.0,[]
TCGA-B0-5115,TCGA-BP-4782,13,3,0,0.0,[]
TCGA-B0-5115,TCGA-BP-4960,13,10,10,0.7692307692307693,"[""K2_repeat1_K2_C0002"", ""K2_repeat2_K2_C0002"", ""K2_repeat3_K2_C0002"", ""K4_repeat1_K4_C0001_M_K4_C0004"", ""K4_repeat2_K4_C0001"", ""K5_repeat2_K5_C0001_M_K5_C0005"", ""K5_repeat3_K5_C0001_M_K5_C0005"", ""K6_repeat3_K6_C0001_M_K6_C0004"", ""K7_repeat1_K7_C0001"", ""K8_repeat2_K8_C0001""]"
TCGA-B0-5115,TCGA-BP-4962,13,7,0,0.0,[]
TCGA-B0-5115,TCGA-BP-4965,13,11,11,0.8461538461538461,"[""K2_repeat1_K2_C0002"", ""K2_repeat2_K2_C0002"", ""K2_repeat3_K2_C0002"", ""K3_repeat1_K3_C0003"", ""K3_repeat2_K3_C0003"", ""K3_repeat3_K3_C0003"", ""K4_repeat1_K4_C0001_M_K4_C0004"", ""K4_repeat2_K4_C0001"", ""K5_repeat2_K5_C0001_M_K5_C0005"", ""K5_repeat3_K5_C0001_M_K5_C0005"", ""K6_repeat3_K6_C0001_M_K6_C0004""]"
TCGA-B0-5115,TCGA-BP-4967,13,8,4,0.3076923076923077,"[""K2_repeat1_K2_C0002"", ""K2_repeat2_K2_C0002"", ""K2_repeat3_K2_C0002"", ""K4_repeat1_K4_C0001_M_K4_C0004""]"
TCGA-B0-5115,TCGA-BP-4970,13,8,4,0.3076923076923077,"[""K2_repeat1_K2_C0002"", ""K2_repeat2_K2_C0002"", ""K2_repeat3_K2_C0002"", ""K4_repeat1_K4_C0001_M_K4_C0004""]"
TCGA-B0-5115,TCGA-BP-4971,13,7,0,0.0,[]
TCGA-B0-5115,TCGA-BP-4972,13,6,4,0.3076923076923077,"[""K2_repeat1_K2_C0002"", ""K2_repeat2_K2_C0002"", ""K2_repeat3_K2_C0002"", ""K6_repeat3_K6_C0001_M_K6_C0004""]"
TCGA-B0-5115,TCGA-BP-4976,13,12,11,0.8461538461538461,"[""K2_repeat1_K2_C0002"", ""K2_repeat2_K2_C0002"", ""K2_repeat3_K2_C0002"", ""K3_repeat1_K3_C0003"", ""K3_repeat2_K3_C0003"", ""K3_repeat3_K3_C0003"", ""K4_repeat1_K4_C0001_M_K4_C0004"", ""K4_repeat2_K4_C0001"", ""K5_repeat2_K5_C0001_M_K5_C0005"", ""K5_repeat3_K5_C0001_M_K5_C0005"", ""K6_repeat3_K6_C0001_M_K6_C0004""]"
TCGA-B0-5115,TCGA-BP-4977,13,8,4,0.3076923076923077,"[""K2_repeat1_K2_C0002"", ""K2_repeat2_K2_C0002"", ""K2_repeat3_K2_C0002"", ""K4_repeat1_K4_C0001_M_K4_C0004""]"
TCGA-B0-5115,TCGA-BP-4982,13,11,11,0.8461538461538461,"[""K2_repeat1_K2_C0002"", ""K2_repeat2_K2_C0002"", ""K2_repeat3_K2_C0002"", ""K3_repeat1_K3_C0003"", ""K3_repeat2_K3_C0003"", ""K3_repeat3_K3_C0003"", ""K4_repeat1_K4_C0001_M_K4_C0004"", ""K4_repeat2_K4_C0001"", ""K5_repeat2_K5_C0001_M_K5_C0005"", ""K5_repeat3_K5_C0001_M_K5_C0005"", ""K6_repeat3_K6_C0001_M_K6_C0004""]"
TCGA-B0-5115,TCGA-BP-4986,13,8,4,0.3076923076923077,"[""K2_repeat1_K2_C0002"", ""K2_repeat2_K2_C0002"", ""K2_repeat3_K2_C0002"", ""K4_repeat1_K4_C0001_M_K4_C0004""]"
TCGA-B0-5115,TCGA-BP-4988,13,9,9,0.6923076923076923,"[""K2_repeat1_K2_C0002"", ""K2_repeat2_K2_C0002"", ""K2_repeat3_K2_C0002"", ""K4_repeat1_K4_C0001_M_K4_C0004"", ""K4_repeat2_K4_C0001"", ""K5_repeat2_K5_C0001_M_K5_C0005"", ""K5_repeat3_K5_C0001_M_K5_C0005"", ""K6_repeat3_K6_C0001_M_K6_C0004"", ""K7_repeat1_K7_C0001""]"
TCGA-B0-5115,TCGA-BP-4989,13,13,13,1.0,"[""K2_repeat1_K2_C0002"", ""K2_repeat2_K2_C0002"", ""K2_repeat3_K2_C0002"", ""K3_repeat1_K3_C0003"", ""K3_repeat2_K3_C0003"", ""K3_repeat3_K3_C0003"", ""K4_repeat1_K4_C0001_M_K4_C0004"", ""K4_repeat2_K4_C0001"", ""K5_repeat2_K5_C0001_M_K5_C0005"", ""K5_repeat3_K5_C0001_M_K5_C0005"", ""K6_repeat3_K6_C0001_M_K6_C0004"", ""K7_repeat1_K7_C0001"", ""K8_repeat2_K8_C0001""]"
TCGA-B0-5115,TCGA-BP-4992,13,7,0,0.0,[]
TCGA-B0-5115,TCGA-BP-4994,13,3,0,0.0,[]
TCGA-B0-5115,TCGA-BP-4995,13,12,11,0.8461538461538461,"[""K2_repeat1_K2_C0002"", ""K2_repeat2_K2_C0002"", ""K2_repeat3_K2_C0002"", ""K3_repeat1_K3_C0003"", ""K3_repeat2_K3_C0003"", ""K3_repeat3_K3_C0003"", ""K4_repeat1_K4_C0001_M_K4_C0004"", ""K4_repeat2_K4_C0001"", ""K5_repeat2_K5_C0001_M_K5_C0005"", ""K5_repeat3_K5_C0001_M_K5_C0005"", ""K6_repeat3_K6_C0001_M_K6_C0004""]"
TCGA-B0-5115,TCGA-BP-4999,13,11,11,0.8461538461538461,"[""K2_repeat1_K2_C0002"", ""K2_repeat2_K2_C0002"", ""K2_repeat3_K2_C0002"", ""K3_repeat1_K3_C0003"", ""K3_repeat2_K3_C0003"", ""K3_repeat3_K3_C0003"", ""K4_repeat1_K4_C0001_M_K4_C0004"", ""K4_repeat2_K4_C0001"", ""K5_repeat2_K5_C0001_M_K5_C0005"", ""K5_repeat3_K5_C0001_M_K5_C0005"", ""K6_repeat3_K6_C0001_M_K6_C0004""]"
TCGA-B0-5115,TCGA-BP-5000,13,3,0,0.0,[]
TCGA-B0-5115,TCGA-BP-5001,13,12,11,0.8461538461538461,"[""K2_repeat1_K2_C0002"", ""K2_repeat2_K2_C0002"", ""K2_repeat3_K2_C0002"", ""K3_repeat1_K3_C0003"", ""K3_repeat2_K3_C0003"", ""K3_repeat3_K3_C0003"", ""K4_repeat1_K4_C0001_M_K4_C0004"", ""K4_repeat2_K4_C0001"", ""K5_repeat2_K5_C0001_M_K5_C0005"", ""K5_repeat3_K5_C0001_M_K5_C0005"", ""K6_repeat3_K6_C0001_M_K6_C0004""]"
TCGA-B0-5115,TCGA-BP-5004,13,12,11,0.8461538461538461,"[""K2_repeat1_K2_C0002"", ""K2_repeat2_K2_C0002"", ""K2_repeat3_K2_C0002"", ""K3_repeat1_K3_C0003"", ""K3_repeat2_K3_C0003"", ""K3_repeat3_K3_C0003"", ""K4_repeat1_K4_C0001_M_K4_C0004"", ""K4_repeat2_K4_C0001"", ""K5_repeat2_K5_C0001_M_K5_C0005"", ""K5_repeat3_K5_C0001_M_K5_C0005"", ""K6_repeat3_K6_C0001_M_K6_C0004""]"
TCGA-B0-5115,TCGA-BP-5006,13,12,11,0.8461538461538461,"[""K2_repeat1_K2_C0002"", ""K2_repeat2_K2_C0002"", ""K2_repeat3_K2_C0002"", ""K3_repeat1_K3_C0003"", ""K3_repeat2_K3_C0003"", ""K3_repeat3_K3_C0003"", ""K4_repeat1_K4_C0001_M_K4_C0004"", ""K4_repeat2_K4_C0001"", ""K5_repeat2_K5_C0001_M_K5_C0005"", ""K5_repeat3_K5_C0001_M_K5_C0005"", ""K6_repeat3_K6_C0001_M_K6_C0004""]"
TCGA-B0-5115,TCGA-BP-5007,13,12,11,0.8461538461538461,"[""K2_repeat1_K2_C0002"", ""K2_repeat2_K2_C0002"", ""K2_repeat3_K2_C0002"", ""K3_repeat1_K3_C0003"", ""K3_repeat2_K3_C0003"", ""K3_repeat3_K3_C0003"", ""K4_repeat1_K4_C0001_M_K4_C0004"", ""K4_repeat2_K4_C0001"", ""K5_repeat2_K5_C0001_M_K5_C0005"", ""K5_repeat3_K5_C0001_M_K5_C0005"", ""K6_repeat3_K6_C0001_M_K6_C0004""]"
TCGA-B0-5115,TCGA-BP-5009,13,12,12,0.9230769230769231,"[""K2_repeat1_K2_C0002"", ""K2_repeat2_K2_C0002"", ""K2_repeat3_K2_C0002"", ""K3_repeat1_K3_C0003"", ""K3_repeat2_K3_C0003"", ""K3_repeat3_K3_C0003"", ""K4_repeat1_K4_C0001_M_K4_C0004"", ""K4_repeat2_K4_C0001"", ""K5_repeat2_K5_C0001_M_K5_C0005"", ""K5_repeat3_K5_C0001_M_K5_C0005"", ""K6_repeat3_K6_C0001_M_K6_C0004"", ""K7_repeat1_K7_C0001""]"
TCGA-B0-5115,TCGA-BP-5010,13,4,0,0.0,[]
TCGA-B0-5115,TCGA-BP-5174,13,8,4,0.3076923076923077,"[""K2_repeat1_K2_C0002"", ""K2_repeat2_K2_C0002"", ""K2_repeat3_K2_C0002"", ""K4_repeat1_K4_C0001_M_K4_C0004""]"
TCGA-B0-5115,TCGA-BP-5175,13,7,0,0.0,[]
TCGA-B0-5115,TCGA-BP-5180,13,13,13,1.0,"[""K2_repeat1_K2_C0002"", ""K2_repeat2_K2_C0002"", ""K2_repeat3_K2_C0002"", ""K3_repeat1_K3_C0003"", ""K3_repeat2_K3_C0003"", ""K3_repeat3_K3_C0003"", ""K4_repeat1_K4_C0001_M_K4_C0004"", ""K4_repeat2_K4_C0001"", ""K5_repeat2_K5_C0001_M_K5_C0005"", ""K5_repeat3_K5_C0001_M_K5_C0005"", ""K6_repeat3_K6_C0001_M_K6_C0004"", ""K7_repeat1_K7_C0001"", ""K8_repeat2_K8_C0001""]"
TCGA-B0-5115,TCGA-BP-5181,13,13,13,1.0,"[""K2_repeat1_K2_C0002"", ""K2_repeat2_K2_C0002"", ""K2_repeat3_K2_C0002"", ""K3_repeat1_K3_C0003"", ""K3_repeat2_K3_C0003"", ""K3_repeat3_K3_C0003"", ""K4_repeat1_K4_C0001_M_K4_C0004"", ""K4_repeat2_K4_C0001"", ""K5_repeat2_K5_C0001_M_K5_C0005"", ""K5_repeat3_K5_C0001_M_K5_C0005"", ""K6_repeat3_K6_C0001_M_K6_C0004"", ""K7_repeat1_K7_C0001"", ""K8_repeat2_K8_C0001""]"
TCGA-B0-5115,TCGA-BP-5183,13,13,13,1.0,"[""K2_repeat1_K2_C0002"", ""K2_repeat2_K2_C0002"", ""K2_repeat3_K2_C0002"", ""K3_repeat1_K3_C0003"", ""K3_repeat2_K3_C0003"", ""K3_repeat3_K3_C0003"", ""K4_repeat1_K4_C0001_M_K4_C0004"", ""K4_repeat2_K4_C0001"", ""K5_repeat2_K5_C0001_M_K5_C0005"", ""K5_repeat3_K5_C0001_M_K5_C0005"", ""K6_repeat3_K6_C0001_M_K6_C0004"", ""K7_repeat1_K7_C0001"", ""K8_repeat2_K8_C0001""]"
TCGA-B0-5115,TCGA-BP-5184,13,13,13,1.0,"[""K2_repeat1_K2_C0002"", ""K2_repeat2_K2_C0002"", ""K2_repeat3_K2_C0002"", ""K3_repeat1_K3_C0003"", ""K3_repeat2_K3_C0003"", ""K3_repeat3_K3_C0003"", ""K4_repeat1_K4_C0001_M_K4_C0004"", ""K4_repeat2_K4_C0001"", ""K5_repeat2_K5_C0001_M_K5_C0005"", ""K5_repeat3_K5_C0001_M_K5_C0005"", ""K6_repeat3_K6_C0001_M_K6_C0004"", ""K7_repeat1_K7_C0001"", ""K8_repeat2_K8_C0001""]"
TCGA-B0-5115,TCGA-BP-5186,13,13,13,1.0,"[""K2_repeat1_K2_C0002"", ""K2_repeat2_K2_C0002"", ""K2_repeat3_K2_C0002"", ""K3_repeat1_K3_C0003"", ""K3_repeat2_K3_C0003"", ""K3_repeat3_K3_C0003"", ""K4_repeat1_K4_C0001_M_K4_C0004"", ""K4_repeat2_K4_C0001"", ""K5_repeat2_K5_C0001_M_K5_C0005"", ""K5_repeat3_K5_C0001_M_K5_C0005"", ""K6_repeat3_K6_C0001_M_K6_C0004"", ""K7_repeat1_K7_C0001"", ""K8_repeat2_K8_C0001""]"
TCGA-B0-5115,TCGA-BP-5187,13,13,13,1.0,"[""K2_repeat1_K2_C0002"", ""K2_repeat2_K2_C0002"", ""K2_repeat3_K2_C0002"", ""K3_repeat1_K3_C0003"", ""K3_repeat2_K3_C0003"", ""K3_repeat3_K3_C0003"", ""K4_repeat1_K4_C0001_M_K4_C0004"", ""K4_repeat2_K4_C0001"", ""K5_repeat2_K5_C0001_M_K5_C0005"", ""K5_repeat3_K5_C0001_M_K5_C0005"", ""K6_repeat3_K6_C0001_M_K6_C0004"", ""K7_repeat1_K7_C0001"", ""K8_repeat2_K8_C0001""]"
TCGA-B0-5115,TCGA-BP-5189,13,11,9,0.6923076923076923,"[""K2_repeat1_K2_C0002"", ""K2_repeat2_K2_C0002"", ""K2_repeat3_K2_C0002"", ""K3_repeat1_K3_C0003"", ""K3_repeat2_K3_C0003"", ""K3_repeat3_K3_C0003"", ""K4_repeat1_K4_C0001_M_K4_C0004"", ""K4_repeat2_K4_C0001"", ""K6_repeat3_K6_C0001_M_K6_C0004""]"
TCGA-B0-5115,TCGA-BP-5190,13,3,0,0.0,[]
TCGA-B0-5115,TCGA-BP-5191,13,3,0,0.0,[]
TCGA-B0-5115,TCGA-BP-5192,13,10,7,0.5384615384615384,"[""K2_repeat1_K2_C0002"", ""K2_repeat2_K2_C0002"", ""K2_repeat3_K2_C0002"", ""K3_repeat1_K3_C0003"", ""K3_repeat2_K3_C0003"", ""K3_repeat3_K3_C0003"", ""K4_repeat1_K4_C0001_M_K4_C0004""]"
TCGA-B0-5115,TCGA-BP-5194,13,11,11,0.8461538461538461,"[""K2_repeat1_K2_C0002"", ""K2_repeat2_K2_C0002"", ""K2_repeat3_K2_C0002"", ""K3_repeat1_K3_C0003"", ""K3_repeat2_K3_C0003"", ""K3_repeat3_K3_C0003"", ""K4_repeat1_K4_C0001_M_K4_C0004"", ""K4_repeat2_K4_C0001"", ""K5_repeat2_K5_C0001_M_K5_C0005"", ""K5_repeat3_K5_C0001_M_K5_C0005"", ""K6_repeat3_K6_C0001_M_K6_C0004""]"
TCGA-B0-5115,TCGA-BP-5195,13,12,12,0.9230769230769231,"[""K2_repeat1_K2_C0002"", ""K2_repeat2_K2_C0002"", ""K2_repeat3_K2_C0002"", ""K3_repeat1_K3_C0003"", ""K3_repeat2_K3_C0003"", ""K3_repeat3_K3_C0003"", ""K4_repeat1_K4_C0001_M_K4_C0004"", ""K4_repeat2_K4_C0001"", ""K5_repeat2_K5_C0001_M_K5_C0005"", ""K5_repeat3_K5_C0001_M_K5_C0005"", ""K6_repeat3_K6_C0001_M_K6_C0004"", ""K8_repeat2_K8_C0001""]"
TCGA-B0-5115,TCGA-BP-5196,13,8,4,0.3076923076923077,"[""K2_repeat1_K2_C0002"", ""K2_repeat2_K2_C0002"", ""K2_repeat3_K2_C0002"", ""K4_repeat1_K4_C0001_M_K4_C0004""]"
TCGA-B0-5115,TCGA-BP-5199,13,12,10,0.7692307692307693,"[""K2_repeat1_K2_C0002"", ""K2_repeat2_K2_C0002"", ""K2_repeat3_K2_C0002"", ""K3_repeat1_K3_C0003"", ""K3_repeat2_K3_C0003"", ""K3_repeat3_K3_C0003"", ""K4_repeat1_K4_C0001_M_K4_C0004"", ""K5_repeat2_K5_C0001_M_K5_C0005"", ""K5_repeat3_K5_C0001_M_K5_C0005"", ""K6_repeat3_K6_C0001_M_K6_C0004""]"
TCGA-B0-5115,TCGA-BP-5200,13,11,11,0.8461538461538461,"[""K2_repeat1_K2_C0002"", ""K2_repeat2_K2_C0002"", ""K2_repeat3_K2_C0002"", ""K3_repeat1_K3_C0003"", ""K3_repeat2_K3_C0003"", ""K3_repeat3_K3_C0003"", ""K4_repeat1_K4_C0001_M_K4_C0004"", ""K4_repeat2_K4_C0001"", ""K5_repeat2_K5_C0001_M_K5_C0005"", ""K5_repeat3_K5_C0001_M_K5_C0005"", ""K6_repeat3_K6_C0001_M_K6_C0004""]"
TCGA-B0-5115,TCGA-CJ-4637,13,7,0,0.0,[]
TCGA-B0-5115,TCGA-CJ-4641,13,7,0,0.0,[]
TCGA-B0-5115,TCGA-CJ-4900,13,6,1,0.07692307692307693,"[""K8_repeat2_K8_C0001""]"
TCGA-B0-5115,TCGA-CJ-4902,13,4,0,0.0,[]
TCGA-B0-5115,TCGA-CJ-4903,13,8,8,0.6153846153846154,"[""K2_repeat1_K2_C0002"", ""K2_repeat2_K2_C0002"", ""K2_repeat3_K2_C0002"", ""K4_repeat1_K4_C0001_M_K4_C0004"", ""K4_repeat2_K4_C0001"", ""K5_repeat2_K5_C0001_M_K5_C0005"", ""K5_repeat3_K5_C0001_M_K5_C0005"", ""K6_repeat3_K6_C0001_M_K6_C0004""]"
TCGA-B0-5115,TCGA-CJ-4904,13,9,9,0.6923076923076923,"[""K2_repeat1_K2_C0002"", ""K2_repeat2_K2_C0002"", ""K2_repeat3_K2_C0002"", ""K4_repeat1_K4_C0001_M_K4_C0004"", ""K4_repeat2_K4_C0001"", ""K5_repeat2_K5_C0001_M_K5_C0005"", ""K5_repeat3_K5_C0001_M_K5_C0005"", ""K6_repeat3_K6_C0001_M_K6_C0004"", ""K7_repeat1_K7_C0001""]"
TCGA-B0-5115,TCGA-CJ-4923,13,7,0,0.0,[]
TCGA-B0-5115,TCGA-CJ-6027,13,7,0,0.0,[]
TCGA-B0-5115,TCGA-CJ-6028,13,7,0,0.0,[]
TCGA-B0-5115,TCGA-CJ-6030,13,7,0,0.0,[]
TCGA-B0-5115,TCGA-CJ-6033,13,5,5,0.38461538461538464,"[""K4_repeat1_K4_C0001_M_K4_C0004"", ""K4_repeat2_K4_C0001"", ""K5_repeat2_K5_C0001_M_K5_C0005"", ""K5_repeat3_K5_C0001_M_K5_C0005"", ""K6_repeat3_K6_C0001_M_K6_C0004""]"
TCGA-B0-5115,TCGA-CZ-4859,13,12,11,0.8461538461538461,"[""K2_repeat1_K2_C0002"", ""K2_repeat2_K2_C0002"", ""K2_repeat3_K2_C0002"", ""K3_repeat1_K3_C0003"", ""K3_repeat2_K3_C0003"", ""K3_repeat3_K3_C0003"", ""K4_repeat1_K4_C0001_M_K4_C0004"", ""K4_repeat2_K4_C0001"", ""K5_repeat2_K5_C0001_M_K5_C0005"", ""K5_repeat3_K5_C0001_M_K5_C0005"", ""K6_repeat3_K6_C0001_M_K6_C0004""]"
TCGA-B0-5115,TCGA-CZ-4863,13,3,0,0.0,[]
TCGA-B0-5115,TCGA-CZ-4865,13,3,0,0.0,[]
TCGA-B0-5115,TCGA-CZ-5451,13,9,7,0.5384615384615384,"[""K2_repeat1_K2_C0002"", ""K2_repeat2_K2_C0002"", ""K2_repeat3_K2_C0002"", ""K4_repeat1_K4_C0001_M_K4_C0004"", ""K4_repeat2_K4_C0001"", ""K5_repeat2_K5_C0001_M_K5_C0005"", ""K5_repeat3_K5_C0001_M_K5_C0005""]"
TCGA-B0-5115,TCGA-CZ-5462,13,5,0,0.0,[]
TCGA-B0-5115,TCGA-CZ-5468,13,3,0,0.0,[]
TCGA-B0-5115,TCGA-CZ-5984,13,8,4,0.3076923076923077,"[""K2_repeat1_K2_C0002"", ""K2_repeat2_K2_C0002"", ""K2_repeat3_K2_C0002"", ""K4_repeat1_K4_C0001_M_K4_C0004""]"
TCGA-B0-5115,TCGA-CZ-5985,13,7,0,0.0,[]
TCGA-B0-5115,TCGA-CZ-5988,13,3,0,0.0,[]
TCGA-B0-5115,TCGA-G6-A5PC,13,7,0,0.0,[]
TCGA-B0-5115,TCGA-G6-A8L7,13,5,5,0.38461538461538464,"[""K4_repeat1_K4_C0001_M_K4_C0004"", ""K4_repeat2_K4_C0001"", ""K5_repeat2_K5_C0001_M_K5_C0005"", ""K5_repeat3_K5_C0001_M_K5_C0005"", ""K6_repeat3_K6_C0001_M_K6_C0004""]"
TCGA-B0-5117,TCGA-B0-5696,3,6,2,0.3333333333333333,"[""K6_repeat3_K6_C0002_M_K6_C0003"", ""K7_repeat1_K7_C0002_M_K7_C0003""]"
TCGA-B0-5117,TCGA-B0-5697,3,3,3,1.0,"[""K5_repeat2_K5_C0002_M_K5_C0003"", ""K6_repeat3_K6_C0002_M_K6_C0003"", ""K7_repeat1_K7_C0002_M_K7_C0003""]"
TCGA-B0-5117,TCGA-B0-5698,3,3,3,1.0,"[""K5_repeat2_K5_C0002_M_K5_C0003"", ""K6_repeat3_K6_C0002_M_K6_C0003"", ""K7_repeat1_K7_C0002_M_K7_C0003""]"
TCGA-B0-5117,TCGA-B0-5702,3,7,1,0.14285714285714285,"[""K5_repeat2_K5_C0002_M_K5_C0003""]"
TCGA-B0-5117,TCGA-B0-5703,3,11,0,0.0,[]
TCGA-B0-5117,TCGA-B0-5706,3,3,3,1.0,"[""K5_repeat2_K5_C0002_M_K5_C0003"", ""K6_repeat3_K6_C0002_M_K6_C0003"", ""K7_repeat1_K7_C0002_M_K7_C0003""]"
TCGA-B0-5117,TCGA-B0-5709,3,7,1,0.14285714285714285,"[""K5_repeat2_K5_C0002_M_K5_C0003""]"
TCGA-B0-5117,TCGA-B0-5712,3,3,3,1.0,"[""K5_repeat2_K5_C0002_M_K5_C0003"", ""K6_repeat3_K6_C0002_M_K6_C0003"", ""K7_repeat1_K7_C0002_M_K7_C0003""]"
TCGA-B0-5117,TCGA-B0-5812,3,13,0,0.0,[]
TCGA-B0-5117,TCGA-B8-4148,3,9,2,0.2222222222222222,"[""K6_repeat3_K6_C0002_M_K6_C0003"", ""K7_repeat1_K7_C0002_M_K7_C0003""]"
TCGA-B0-5117,TCGA-B8-4151,3,3,3,1.0,"[""K5_repeat2_K5_C0002_M_K5_C0003"", ""K6_repeat3_K6_C0002_M_K6_C0003"", ""K7_repeat1_K7_C0002_M_K7_C0003""]"
TCGA-B0-5117,TCGA-B8-4153,3,3,3,1.0,"[""K5_repeat2_K5_C0002_M_K5_C0003"", ""K6_repeat3_K6_C0002_M_K6_C0003"", ""K7_repeat1_K7_C0002_M_K7_C0003""]"
TCGA-B0-5117,TCGA-B8-4619,3,3,3,1.0,"[""K5_repeat2_K5_C0002_M_K5_C0003"", ""K6_repeat3_K6_C0002_M_K6_C0003"", ""K7_repeat1_K7_C0002_M_K7_C0003""]"
TCGA-B0-5117,TCGA-B8-4622,3,9,2,0.2222222222222222,"[""K6_repeat3_K6_C0002_M_K6_C0003"", ""K7_repeat1_K7_C0002_M_K7_C0003""]"
TCGA-B0-5117,TCGA-B8-5158,3,3,3,1.0,"[""K5_repeat2_K5_C0002_M_K5_C0003"", ""K6_repeat3_K6_C0002_M_K6_C0003"", ""K7_repeat1_K7_C0002_M_K7_C0003""]"
TCGA-B0-5117,TCGA-B8-5159,3,8,0,0.0,[]
TCGA-B0-5117,TCGA-B8-5162,3,8,0,0.0,[]
TCGA-B0-5117,TCGA-B8-5164,3,3,3,1.0,"[""K5_repeat2_K5_C0002_M_K5_C0003"", ""K6_repeat3_K6_C0002_M_K6_C0003"", ""K7_repeat1_K7_C0002_M_K7_C0003""]"
TCGA-B0-5117,TCGA-B8-5165,3,8,0,0.0,[]
TCGA-B0-5117,TCGA-B8-5546,3,3,3,1.0,"[""K5_repeat2_K5_C0002_M_K5_C0003"", ""K6_repeat3_K6_C0002_M_K6_C0003"", ""K7_repeat1_K7_C0002_M_K7_C0003""]"
TCGA-B0-5117,TCGA-B8-5549,3,8,0,0.0,[]
TCGA-B0-5117,TCGA-B8-5550,3,3,3,1.0,"[""K5_repeat2_K5_C0002_M_K5_C0003"", ""K6_repeat3_K6_C0002_M_K6_C0003"", ""K7_repeat1_K7_C0002_M_K7_C0003""]"
TCGA-B0-5117,TCGA-B8-5551,3,7,1,0.14285714285714285,"[""K5_repeat2_K5_C0002_M_K5_C0003""]"
TCGA-B0-5117,TCGA-B8-5553,3,3,3,1.0,"[""K5_repeat2_K5_C0002_M_K5_C0003"", ""K6_repeat3_K6_C0002_M_K6_C0003"", ""K7_repeat1_K7_C0002_M_K7_C0003""]"
TCGA-B0-5117,TCGA-B8-A54D,3,5,3,0.6,"[""K5_repeat2_K5_C0002_M_K5_C0003"", ""K6_repeat3_K6_C0002_M_K6_C0003"", ""K7_repeat1_K7_C0002_M_K7_C0003""]"
TCGA-B0-5117,TCGA-B8-A54E,3,3,3,1.0,"[""K5_repeat2_K5_C0002_M_K5_C0003"", ""K6_repeat3_K6_C0002_M_K6_C0003"", ""K7_repeat1_K7_C0002_M_K7_C0003""]"
TCGA-B0-5117,TCGA-B8-A54F,3,3,3,1.0,"[""K5_repeat2_K5_C0002_M_K5_C0003"", ""K6_repeat3_K6_C0002_M_K6_C0003"", ""K7_repeat1_K7_C0002_M_K7_C0003""]"
TCGA-B0-5117,TCGA-B8-A54G,3,5,3,0.6,"[""K5_repeat2_K5_C0002_M_K5_C0003"", ""K6_repeat3_K6_C0002_M_K6_C0003"", ""K7_repeat1_K7_C0002_M_K7_C0003""]"
TCGA-B0-5117,TCGA-BP-4164,3,8,0,0.0,[]
TCGA-B0-5117,TCGA-BP-4167,3,7,1,0.14285714285714285,"[""K5_repeat2_K5_C0002_M_K5_C0003""]"
TCGA-B0-5117,TCGA-BP-4770,3,3,3,1.0,"[""K5_repeat2_K5_C0002_M_K5_C0003"", ""K6_repeat3_K6_C0002_M_K6_C0003"", ""K7_repeat1_K7_C0002_M_K7_C0003""]"
TCGA-B0-5117,TCGA-BP-4782,3,3,3,1.0,"[""K5_repeat2_K5_C0002_M_K5_C0003"", ""K6_repeat3_K6_C0002_M_K6_C0003"", ""K7_repeat1_K7_C0002_M_K7_C0003""]"
TCGA-B0-5117,TCGA-BP-4960,3,10,0,0.0,[]
TCGA-B0-5117,TCGA-BP-4962,3,7,1,0.14285714285714285,"[""K5_repeat2_K5_C0002_M_K5_C0003""]"
TCGA-B0-5117,TCGA-BP-4965,3,11,0,0.0,[]
TCGA-B0-5117,TCGA-BP-4967,3,8,0,0.0,[]
TCGA-B0-5117,TCGA-BP-4970,3,8,0,0.0,[]
TCGA-B0-5117,TCGA-BP-4971,3,7,1,0.14285714285714285,"[""K5_repeat2_K5_C0002_M_K5_C0003""]"
TCGA-B0-5117,TCGA-BP-4972,3,6,1,0.16666666666666666,"[""K5_repeat2_K5_C0002_M_K5_C0003""]"
TCGA-B0-5117,TCGA-BP-4976,3,12,0,0.0,[]
TCGA-B0-5117,TCGA-BP-4977,3,8,0,0.0,[]
TCGA-B0-5117,TCGA-BP-4982,3,11,0,0.0,[]
TCGA-B0-5117,TCGA-BP-4986,3,8,0,0.0,[]
TCGA-B0-5117,TCGA-BP-4988,3,9,0,0.0,[]
TCGA-B0-5117,TCGA-BP-4989,3,13,0,0.0,[]
TCGA-B0-5117,TCGA-BP-4992,3,7,1,0.14285714285714285,"[""K5_repeat2_K5_C0002_M_K5_C0003""]"
TCGA-B0-5117,TCGA-BP-4994,3,3,3,1.0,"[""K5_repeat2_K5_C0002_M_K5_C0003"", ""K6_repeat3_K6_C0002_M_K6_C0003"", ""K7_repeat1_K7_C0002_M_K7_C0003""]"
TCGA-B0-5117,TCGA-BP-4995,3,12,0,0.0,[]
TCGA-B0-5117,TCGA-BP-4999,3,11,0,0.0,[]
TCGA-B0-5117,TCGA-BP-5000,3,3,3,1.0,"[""K5_repeat2_K5_C0002_M_K5_C0003"", ""K6_repeat3_K6_C0002_M_K6_C0003"", ""K7_repeat1_K7_C0002_M_K7_C0003""]"
TCGA-B0-5117,TCGA-BP-5001,3,12,0,0.0,[]
TCGA-B0-5117,TCGA-BP-5004,3,12,0,0.0,[]
TCGA-B0-5117,TCGA-BP-5006,3,12,0,0.0,[]
TCGA-B0-5117,TCGA-BP-5007,3,12,0,0.0,[]
TCGA-B0-5117,TCGA-BP-5009,3,12,0,0.0,[]
TCGA-B0-5117,TCGA-BP-5010,3,4,0,0.0,[]
TCGA-B0-5117,TCGA-BP-5174,3,8,0,0.0,[]
TCGA-B0-5117,TCGA-BP-5175,3,7,1,0.14285714285714285,"[""K5_repeat2_K5_C0002_M_K5_C0003""]"
TCGA-B0-5117,TCGA-BP-5180,3,13,0,0.0,[]
TCGA-B0-5117,TCGA-BP-5181,3,13,0,0.0,[]
TCGA-B0-5117,TCGA-BP-5183,3,13,0,0.0,[]
TCGA-B0-5117,TCGA-BP-5184,3,13,0,0.0,[]
TCGA-B0-5117,TCGA-BP-5186,3,13,0,0.0,[]
TCGA-B0-5117,TCGA-BP-5187,3,13,0,0.0,[]
TCGA-B0-5117,TCGA-BP-5189,3,11,2,0.18181818181818182,"[""K5_repeat2_K5_C0002_M_K5_C0003"", ""K7_repeat1_K7_C0002_M_K7_C0003""]"
TCGA-B0-5117,TCGA-BP-5190,3,3,3,1.0,"[""K5_repeat2_K5_C0002_M_K5_C0003"", ""K6_repeat3_K6_C0002_M_K6_C0003"", ""K7_repeat1_K7_C0002_M_K7_C0003""]"
TCGA-B0-5117,TCGA-BP-5191,3,3,3,1.0,"[""K5_repeat2_K5_C0002_M_K5_C0003"", ""K6_repeat3_K6_C0002_M_K6_C0003"", ""K7_repeat1_K7_C0002_M_K7_C0003""]"
TCGA-B0-5117,TCGA-BP-5192,3,10,0,0.0,[]
TCGA-B0-5117,TCGA-BP-5194,3,11,0,0.0,[]
TCGA-B0-5117,TCGA-BP-5195,3,12,0,0.0,[]
TCGA-B0-5117,TCGA-BP-5196,3,8,0,0.0,[]
TCGA-B0-5117,TCGA-BP-5199,3,12,0,0.0,[]
TCGA-B0-5117,TCGA-BP-5200,3,11,0,0.0,[]
TCGA-B0-5117,TCGA-CJ-4637,3,7,1,0.14285714285714285,"[""K5_repeat2_K5_C0002_M_K5_C0003""]"
TCGA-B0-5117,TCGA-CJ-4641,3,7,1,0.14285714285714285,"[""K5_repeat2_K5_C0002_M_K5_C0003""]"
TCGA-B0-5117,TCGA-CJ-4900,3,6,1,0.16666666666666666,"[""K5_repeat2_K5_C0002_M_K5_C0003""]"
TCGA-B0-5117,TCGA-CJ-4902,3,4,0,0.0,[]
TCGA-B0-5117,TCGA-CJ-4903,3,8,0,0.0,[]
TCGA-B0-5117,TCGA-CJ-4904,3,9,0,0.0,[]
TCGA-B0-5117,TCGA-CJ-4923,3,7,1,0.14285714285714285,"[""K5_repeat2_K5_C0002_M_K5_C0003""]"
TCGA-B0-5117,TCGA-CJ-6027,3,7,1,0.14285714285714285,"[""K5_repeat2_K5_C0002_M_K5_C0003""]"
TCGA-B0-5117,TCGA-CJ-6028,3,7,1,0.14285714285714285,"[""K5_repeat2_K5_C0002_M_K5_C0003""]"
TCGA-B0-5117,TCGA-CJ-6030,3,7,1,0.14285714285714285,"[""K5_repeat2_K5_C0002_M_K5_C0003""]"
TCGA-B0-5117,TCGA-CJ-6033,3,5,0,0.0,[]
TCGA-B0-5117,TCGA-CZ-4859,3,12,0,0.0,[]
TCGA-B0-5117,TCGA-CZ-4863,3,3,3,1.0,"[""K5_repeat2_K5_C0002_M_K5_C0003"", ""K6_repeat3_K6_C0002_M_K6_C0003"", ""K7_repeat1_K7_C0002_M_K7_C0003""]"
TCGA-B0-5117,TCGA-CZ-4865,3,3,3,1.0,"[""K5_repeat2_K5_C0002_M_K5_C0003"", ""K6_repeat3_K6_C0002_M_K6_C0003"", ""K7_repeat1_K7_C0002_M_K7_C0003""]"
TCGA-B0-5117,TCGA-CZ-5451,3,9,2,0.2222222222222222,"[""K6_repeat3_K6_C0002_M_K6_C0003"", ""K7_repeat1_K7_C0002_M_K7_C0003""]"
TCGA-B0-5117,TCGA-CZ-5462,3,5,3,0.6,"[""K5_repeat2_K5_C0002_M_K5_C0003"", ""K6_repeat3_K6_C0002_M_K6_C0003"", ""K7_repeat1_K7_C0002_M_K7_C0003""]"
TCGA-B0-5117,TCGA-CZ-5468,3,3,3,1.0,"[""K5_repeat2_K5_C0002_M_K5_C0003"", ""K6_repeat3_K6_C0002_M_K6_C0003"", ""K7_repeat1_K7_C0002_M_K7_C0003""]"
TCGA-B0-5117,TCGA-CZ-5984,3,8,0,0.0,[]
TCGA-B0-5117,TCGA-CZ-5985,3,7,1,0.14285714285714285,"[""K5_repeat2_K5_C0002_M_K5_C0003""]"
TCGA-B0-5117,TCGA-CZ-5988,3,3,3,1.0,"[""K5_repeat2_K5_C0002_M_K5_C0003"", ""K6_repeat3_K6_C0002_M_K6_C0003"", ""K7_repeat1_K7_C0002_M_K7_C0003""]"
TCGA-B0-5117,TCGA-G6-A5PC,3,7,1,0.14285714285714285,"[""K5_repeat2_K5_C0002_M_K5_C0003""]"
TCGA-B0-5117,TCGA-G6-A8L7,3,5,0,0.0,[]
TCGA-B0-5696,TCGA-B0-5697,6,3,2,0.3333333333333333,"[""K6_repeat3_K6_C0002_M_K6_C0003"", ""K7_repeat1_K7_C0002_M_K7_C0003""]"
TCGA-B0-5696,TCGA-B0-5698,6,3,2,0.3333333333333333,"[""K6_repeat3_K6_C0002_M_K6_C0003"", ""K7_repeat1_K7_C0002_M_K7_C0003""]"
TCGA-B0-5696,TCGA-B0-5702,6,7,0,0.0,[]
TCGA-B0-5696,TCGA-B0-5703,6,11,4,0.36363636363636365,"[""K4_repeat1_K4_C0001_M_K4_C0004"", ""K4_repeat2_K4_C0001"", ""K5_repeat2_K5_C0001_M_K5_C0005"", ""K5_repeat3_K5_C0001_M_K5_C0005""]"
TCGA-B0-5696,TCGA-B0-5706,6,3,2,0.3333333333333333,"[""K6_repeat3_K6_C0002_M_K6_C0003"", ""K7_repeat1_K7_C0002_M_K7_C0003""]"
TCGA-B0-5696,TCGA-B0-5709,6,7,0,0.0,[]
TCGA-B0-5696,TCGA-B0-5712,6,3,2,0.3333333333333333,"[""K6_repeat3_K6_C0002_M_K6_C0003"", ""K7_repeat1_K7_C0002_M_K7_C0003""]"
TCGA-B0-5696,TCGA-B0-5812,6,13,4,0.3076923076923077,"[""K4_repeat1_K4_C0001_M_K4_C0004"", ""K4_repeat2_K4_C0001"", ""K5_repeat2_K5_C0001_M_K5_C0005"", ""K5_repeat3_K5_C0001_M_K5_C0005""]"
TCGA-B0-5696,TCGA-B8-4148,6,9,6,0.6666666666666666,"[""K4_repeat1_K4_C0001_M_K4_C0004"", ""K4_repeat2_K4_C0001"", ""K5_repeat2_K5_C0001_M_K5_C0005"", ""K5_repeat3_K5_C0001_M_K5_C0005"", ""K6_repeat3_K6_C0002_M_K6_C0003"", ""K7_repeat1_K7_C0002_M_K7_C0003""]"
TCGA-B0-5696,TCGA-B8-4151,6,3,2,0.3333333333333333,"[""K6_repeat3_K6_C0002_M_K6_C0003"", ""K7_repeat1_K7_C0002_M_K7_C0003""]"
TCGA-B0-5696,TCGA-B8-4153,6,3,2,0.3333333333333333,"[""K6_repeat3_K6_C0002_M_K6_C0003"", ""K7_repeat1_K7_C0002_M_K7_C0003""]"
TCGA-B0-5696,TCGA-B8-4619,6,3,2,0.3333333333333333,"[""K6_repeat3_K6_C0002_M_K6_C0003"", ""K7_repeat1_K7_C0002_M_K7_C0003""]"
TCGA-B0-5696,TCGA-B8-4622,6,9,6,0.6666666666666666,"[""K4_repeat1_K4_C0001_M_K4_C0004"", ""K4_repeat2_K4_C0001"", ""K5_repeat2_K5_C0001_M_K5_C0005"", ""K5_repeat3_K5_C0001_M_K5_C0005"", ""K6_repeat3_K6_C0002_M_K6_C0003"", ""K7_repeat1_K7_C0002_M_K7_C0003""]"
TCGA-B0-5696,TCGA-B8-5158,6,3,2,0.3333333333333333,"[""K6_repeat3_K6_C0002_M_K6_C0003"", ""K7_repeat1_K7_C0002_M_K7_C0003""]"
TCGA-B0-5696,TCGA-B8-5159,6,8,1,0.125,"[""K4_repeat1_K4_C0001_M_K4_C0004""]"
TCGA-B0-5696,TCGA-B8-5162,6,8,1,0.125,"[""K4_repeat1_K4_C0001_M_K4_C0004""]"
TCGA-B0-5696,TCGA-B8-5164,6,3,2,0.3333333333333333,"[""K6_repeat3_K6_C0002_M_K6_C0003"", ""K7_repeat1_K7_C0002_M_K7_C0003""]"
TCGA-B0-5696,TCGA-B8-5165,6,8,1,0.125,"[""K4_repeat1_K4_C0001_M_K4_C0004""]"
TCGA-B0-5696,TCGA-B8-5546,6,3,2,0.3333333333333333,"[""K6_repeat3_K6_C0002_M_K6_C0003"", ""K7_repeat1_K7_C0002_M_K7_C0003""]"
TCGA-B0-5696,TCGA-B8-5549,6,8,1,0.125,"[""K4_repeat1_K4_C0001_M_K4_C0004""]"
TCGA-B0-5696,TCGA-B8-5550,6,3,2,0.3333333333333333,"[""K6_repeat3_K6_C0002_M_K6_C0003"", ""K7_repeat1_K7_C0002_M_K7_C0003""]"
TCGA-B0-5696,TCGA-B8-5551,6,7,0,0.0,[]
TCGA-B0-5696,TCGA-B8-5553,6,3,2,0.3333333333333333,"[""K6_repeat3_K6_C0002_M_K6_C0003"", ""K7_repeat1_K7_C0002_M_K7_C0003""]"
TCGA-B0-5696,TCGA-B8-A54D,6,5,2,0.3333333333333333,"[""K6_repeat3_K6_C0002_M_K6_C0003"", ""K7_repeat1_K7_C0002_M_K7_C0003""]"
TCGA-B0-5696,TCGA-B8-A54E,6,3,2,0.3333333333333333,"[""K6_repeat3_K6_C0002_M_K6_C0003"", ""K7_repeat1_K7_C0002_M_K7_C0003""]"
TCGA-B0-5696,TCGA-B8-A54F,6,3,2,0.3333333333333333,"[""K6_repeat3_K6_C0002_M_K6_C0003"", ""K7_repeat1_K7_C0002_M_K7_C0003""]"
TCGA-B0-5696,TCGA-B8-A54G,6,5,2,0.3333333333333333,"[""K6_repeat3_K6_C0002_M_K6_C0003"", ""K7_repeat1_K7_C0002_M_K7_C0003""]"
TCGA-B0-5696,TCGA-BP-4164,6,8,4,0.5,"[""K4_repeat1_K4_C0001_M_K4_C0004"", ""K4_repeat2_K4_C0001"", ""K5_repeat2_K5_C0001_M_K5_C0005"", ""K5_repeat3_K5_C0001_M_K5_C0005""]"
TCGA-B0-5696,TCGA-BP-4167,6,7,0,0.0,[]
TCGA-B0-5696,TCGA-BP-4770,6,3,2,0.3333333333333333,"[""K6_repeat3_K6_C0002_M_K6_C0003"", ""K7_repeat1_K7_C0002_M_K7_C0003""]"
TCGA-B0-5696,TCGA-BP-4782,6,3,2,0.3333333333333333,"[""K6_repeat3_K6_C0002_M_K6_C0003"", ""K7_repeat1_K7_C0002_M_K7_C0003""]"
TCGA-B0-5696,TCGA-BP-4960,6,10,4,0.4,"[""K4_repeat1_K4_C0001_M_K4_C0004"", ""K4_repeat2_K4_C0001"", ""K5_repeat2_K5_C0001_M_K5_C0005"", ""K5_repeat3_K5_C0001_M_K5_C0005""]"
TCGA-B0-5696,TCGA-BP-4962,6,7,0,0.0,[]
TCGA-B0-5696,TCGA-BP-4965,6,11,4,0.36363636363636365,"[""K4_repeat1_K4_C0001_M_K4_C0004"", ""K4_repeat2_K4_C0001"", ""K5_repeat2_K5_C0001_M_K5_C0005"", ""K5_repeat3_K5_C0001_M_K5_C0005""]"
TCGA-B0-5696,TCGA-BP-4967,6,8,1,0.125,"[""K4_repeat1_K4_C0001_M_K4_C0004""]"
TCGA-B0-5696,TCGA-BP-4970,6,8,1,0.125,"[""K4_repeat1_K4_C0001_M_K4_C0004""]"
TCGA-B0-5696,TCGA-BP-4971,6,7,0,0.0,[]
TCGA-B0-5696,TCGA-BP-4972,6,6,0,0.0,[]
TCGA-B0-5696,TCGA-BP-4976,6,12,4,0.3333333333333333,"[""K4_repeat1_K4_C0001_M_K4_C0004"", ""K4_repeat2_K4_C0001"", ""K5_repeat2_K5_C0001_M_K5_C0005"", ""K5_repeat3_K5_C0001_M_K5_C0005""]"
TCGA-B0-5696,TCGA-BP-4977,6,8,1,0.125,"[""K4_repeat1_K4_C0001_M_K4_C0004""]"
TCGA-B0-5696,TCGA-BP-4982,6,11,4,0.36363636363636365,"[""K4_repeat1_K4_C0001_M_K4_C0004"", ""K4_repeat2_K4_C0001"", ""K5_repeat2_K5_C0001_M_K5_C0005"", ""K5_repeat3_K5_C0001_M_K5_C0005""]"
TCGA-B0-5696,TCGA-BP-4986,6,8,1,0.125,"[""K4_repeat1_K4_C0001_M_K4_C0004""]"
TCGA-B0-5696,TCGA-BP-4988,6,9,4,0.4444444444444444,"[""K4_repeat1_K4_C0001_M_K4_C0004"", ""K4_repeat2_K4_C0001"", ""K5_repeat2_K5_C0001_M_K5_C0005"", ""K5_repeat3_K5_C0001_M_K5_C0005""]"
TCGA-B0-5696,TCGA-BP-4989,6,13,4,0.3076923076923077,"[""K4_repeat1_K4_C0001_M_K4_C0004"", ""K4_repeat2_K4_C0001"", ""K5_repeat2_K5_C0001_M_K5_C0005"", ""K5_repeat3_K5_C0001_M_K5_C0005""]"
TCGA-B0-5696,TCGA-BP-4992,6,7,0,0.0,[]
TCGA-B0-5696,TCGA-BP-4994,6,3,2,0.3333333333333333,"[""K6_repeat3_K6_C0002_M_K6_C0003"", ""K7_repeat1_K7_C0002_M_K7_C0003""]"
TCGA-B0-5696,TCGA-BP-4995,6,12,4,0.3333333333333333,"[""K4_repeat1_K4_C0001_M_K4_C0004"", ""K4_repeat2_K4_C0001"", ""K5_repeat2_K5_C0001_M_K5_C0005"", ""K5_repeat3_K5_C0001_M_K5_C0005""]"
TCGA-B0-5696,TCGA-BP-4999,6,11,4,0.36363636363636365,"[""K4_repeat1_K4_C0001_M_K4_C0004"", ""K4_repeat2_K4_C0001"", ""K5_repeat2_K5_C0001_M_K5_C0005"", ""K5_repeat3_K5_C0001_M_K5_C0005""]"
TCGA-B0-5696,TCGA-BP-5000,6,3,2,0.3333333333333333,"[""K6_repeat3_K6_C0002_M_K6_C0003"", ""K7_repeat1_K7_C0002_M_K7_C0003""]"
TCGA-B0-5696,TCGA-BP-5001,6,12,4,0.3333333333333333,"[""K4_repeat1_K4_C0001_M_K4_C0004"", ""K4_repeat2_K4_C0001"", ""K5_repeat2_K5_C0001_M_K5_C0005"", ""K5_repeat3_K5_C0001_M_K5_C0005""]"
TCGA-B0-5696,TCGA-BP-5004,6,12,4,0.3333333333333333,"[""K4_repeat1_K4_C0001_M_K4_C0004"", ""K4_repeat2_K4_C0001"", ""K5_repeat2_K5_C0001_M_K5_C0005"", ""K5_repeat3_K5_C0001_M_K5_C0005""]"
TCGA-B0-5696,TCGA-BP-5006,6,12,4,0.3333333333333333,"[""K4_repeat1_K4_C0001_M_K4_C0004"", ""K4_repeat2_K4_C0001"", ""K5_repeat2_K5_C0001_M_K5_C0005"", ""K5_repeat3_K5_C0001_M_K5_C0005""]"
TCGA-B0-5696,TCGA-BP-5007,6,12,4,0.3333333333333333,"[""K4_repeat1_K4_C0001_M_K4_C0004"", ""K4_repeat2_K4_C0001"", ""K5_repeat2_K5_C0001_M_K5_C0005"", ""K5_repeat3_K5_C0001_M_K5_C0005""]"
TCGA-B0-5696,TCGA-BP-5009,6,12,4,0.3333333333333333,"[""K4_repeat1_K4_C0001_M_K4_C0004"", ""K4_repeat2_K4_C0001"", ""K5_repeat2_K5_C0001_M_K5_C0005"", ""K5_repeat3_K5_C0001_M_K5_C0005""]"
TCGA-B0-5696,TCGA-BP-5010,6,4,0,0.0,[]
TCGA-B0-5696,TCGA-BP-5174,6,8,1,0.125,"[""K4_repeat1_K4_C0001_M_K4_C0004""]"
TCGA-B0-5696,TCGA-BP-5175,6,7,0,0.0,[]
TCGA-B0-5696,TCGA-BP-5180,6,13,4,0.3076923076923077,"[""K4_repeat1_K4_C0001_M_K4_C0004"", ""K4_repeat2_K4_C0001"", ""K5_repeat2_K5_C0001_M_K5_C0005"", ""K5_repeat3_K5_C0001_M_K5_C0005""]"
TCGA-B0-5696,TCGA-BP-5181,6,13,4,0.3076923076923077,"[""K4_repeat1_K4_C0001_M_K4_C0004"", ""K4_repeat2_K4_C0001"", ""K5_repeat2_K5_C0001_M_K5_C0005"", ""K5_repeat3_K5_C0001_M_K5_C0005""]"
TCGA-B0-5696,TCGA-BP-5183,6,13,4,0.3076923076923077,"[""K4_repeat1_K4_C0001_M_K4_C0004"", ""K4_repeat2_K4_C0001"", ""K5_repeat2_K5_C0001_M_K5_C0005"", ""K5_repeat3_K5_C0001_M_K5_C0005""]"
TCGA-B0-5696,TCGA-BP-5184,6,13,4,0.3076923076923077,"[""K4_repeat1_K4_C0001_M_K4_C0004"", ""K4_repeat2_K4_C0001"", ""K5_repeat2_K5_C0001_M_K5_C0005"", ""K5_repeat3_K5_C0001_M_K5_C0005""]"
TCGA-B0-5696,TCGA-BP-5186,6,13,4,0.3076923076923077,"[""K4_repeat1_K4_C0001_M_K4_C0004"", ""K4_repeat2_K4_C0001"", ""K5_repeat2_K5_C0001_M_K5_C0005"", ""K5_repeat3_K5_C0001_M_K5_C0005""]"
TCGA-B0-5696,TCGA-BP-5187,6,13,4,0.3076923076923077,"[""K4_repeat1_K4_C0001_M_K4_C0004"", ""K4_repeat2_K4_C0001"", ""K5_repeat2_K5_C0001_M_K5_C0005"", ""K5_repeat3_K5_C0001_M_K5_C0005""]"
TCGA-B0-5696,TCGA-BP-5189,6,11,3,0.2727272727272727,"[""K4_repeat1_K4_C0001_M_K4_C0004"", ""K4_repeat2_K4_C0001"", ""K7_repeat1_K7_C0002_M_K7_C0003""]"
TCGA-B0-5696,TCGA-BP-5190,6,3,2,0.3333333333333333,"[""K6_repeat3_K6_C0002_M_K6_C0003"", ""K7_repeat1_K7_C0002_M_K7_C0003""]"
TCGA-B0-5696,TCGA-BP-5191,6,3,2,0.3333333333333333,"[""K6_repeat3_K6_C0002_M_K6_C0003"", ""K7_repeat1_K7_C0002_M_K7_C0003""]"
TCGA-B0-5696,TCGA-BP-5192,6,10,1,0.1,"[""K4_repeat1_K4_C0001_M_K4_C0004""]"
TCGA-B0-5696,TCGA-BP-5194,6,11,4,0.36363636363636365,"[""K4_repeat1_K4_C0001_M_K4_C0004"", ""K4_repeat2_K4_C0001"", ""K5_repeat2_K5_C0001_M_K5_C0005"", ""K5_repeat3_K5_C0001_M_K5_C0005""]"
TCGA-B0-5696,TCGA-BP-5195,6,12,4,0.3333333333333333,"[""K4_repeat1_K4_C0001_M_K4_C0004"", ""K4_repeat2_K4_C0001"", ""K5_repeat2_K5_C0001_M_K5_C0005"", ""K5_repeat3_K5_C0001_M_K5_C0005""]"
TCGA-B0-5696,TCGA-BP-5196,6,8,1,0.125,"[""K4_repeat1_K4_C0001_M_K4_C0004""]"
TCGA-B0-5696,TCGA-BP-5199,6,12,3,0.25,"[""K4_repeat1_K4_C0001_M_K4_C0004"", ""K5_repeat2_K5_C0001_M_K5_C0005"", ""K5_repeat3_K5_C0001_M_K5_C0005""]"
TCGA-B0-5696,TCGA-BP-5200,6,11,4,0.36363636363636365,"[""K4_repeat1_K4_C0001_M_K4_C0004"", ""K4_repeat2_K4_C0001"", ""K5_repeat2_K5_C0001_M_K5_C0005"", ""K5_repeat3_K5_C0001_M_K5_C0005""]"
TCGA-B0-5696,TCGA-CJ-4637,6,7,0,0.0,[]
TCGA-B0-5696,TCGA-CJ-4641,6,7,0,0.0,[]
TCGA-B0-5696,TCGA-CJ-4900,6,6,0,0.0,[]
TCGA-B0-5696,TCGA-CJ-4902,6,4,0,0.0,[]
TCGA-B0-5696,TCGA-CJ-4903,6,8,4,0.5,"[""K4_repeat1_K4_C0001_M_K4_C0004"", ""K4_repeat2_K4_C0001"", ""K5_repeat2_K5_C0001_M_K5_C0005"", ""K5_repeat3_K5_C0001_M_K5_C0005""]"
TCGA-B0-5696,TCGA-CJ-4904,6,9,4,0.4444444444444444,"[""K4_repeat1_K4_C0001_M_K4_C0004"", ""K4_repeat2_K4_C0001"", ""K5_repeat2_K5_C0001_M_K5_C0005"", ""K5_repeat3_K5_C0001_M_K5_C0005""]"
TCGA-B0-5696,TCGA-CJ-4923,6,7,0,0.0,[]
TCGA-B0-5696,TCGA-CJ-6027,6,7,0,0.0,[]
TCGA-B0-5696,TCGA-CJ-6028,6,7,0,0.0,[]
TCGA-B0-5696,TCGA-CJ-6030,6,7,0,0.0,[]
TCGA-B0-5696,TCGA-CJ-6033,6,5,4,0.6666666666666666,"[""K4_repeat1_K4_C0001_M_K4_C0004"", ""K4_repeat2_K4_C0001"", ""K5_repeat2_K5_C0001_M_K5_C0005"", ""K5_repeat3_K5_C0001_M_K5_C0005""]"
TCGA-B0-5696,TCGA-CZ-4859,6,12,4,0.3333333333333333,"[""K4_repeat1_K4_C0001_M_K4_C0004"", ""K4_repeat2_K4_C0001"", ""K5_repeat2_K5_C0001_M_K5_C0005"", ""K5_repeat3_K5_C0001_M_K5_C0005""]"
TCGA-B0-5696,TCGA-CZ-4863,6,3,2,0.3333333333333333,"[""K6_repeat3_K6_C0002_M_K6_C0003"", ""K7_repeat1_K7_C0002_M_K7_C0003""]"
TCGA-B0-5696,TCGA-CZ-4865,6,3,2,0.3333333333333333,"[""K6_repeat3_K6_C0002_M_K6_C0003"", ""K7_repeat1_K7_C0002_M_K7_C0003""]"
TCGA-B0-5696,TCGA-CZ-5451,6,9,6,0.6666666666666666,"[""K4_repeat1_K4_C0001_M_K4_C0004"", ""K4_repeat2_K4_C0001"", ""K5_repeat2_K5_C0001_M_K5_C0005"", ""K5_repeat3_K5_C0001_M_K5_C0005"", ""K6_repeat3_K6_C0002_M_K6_C0003"", ""K7_repeat1_K7_C0002_M_K7_C0003""]"
TCGA-B0-5696,TCGA-CZ-5462,6,5,2,0.3333333333333333,"[""K6_repeat3_K6_C0002_M_K6_C0003"", ""K7_repeat1_K7_C0002_M_K7_C0003""]"
TCGA-B0-5696,TCGA-CZ-5468,6,3,2,0.3333333333333333,"[""K6_repeat3_K6_C0002_M_K6_C0003"", ""K7_repeat1_K7_C0002_M_K7_C0003""]"
TCGA-B0-5696,TCGA-CZ-5984,6,8,1,0.125,"[""K4_repeat1_K4_C0001_M_K4_C0004""]"
TCGA-B0-5696,TCGA-CZ-5985,6,7,0,0.0,[]
TCGA-B0-5696,TCGA-CZ-5988,6,3,2,0.3333333333333333,"[""K6_repeat3_K6_C0002_M_K6_C0003"", ""K7_repeat1_K7_C0002_M_K7_C0003""]"
TCGA-B0-5696,TCGA-G6-A5PC,6,7,0,0.0,[]
TCGA-B0-5696,TCGA-G6-A8L7,6,5,4,0.6666666666666666,"[""K4_repeat1_K4_C0001_M_K4_C0004"", ""K4_repeat2_K4_C0001"", ""K5_repeat2_K5_C0001_M_K5_C0005"", ""K5_repeat3_K5_C0001_M_K5_C0005""]"
TCGA-B0-5697,TCGA-B0-5698,3,3,3,1.0,"[""K5_repeat2_K5_C0002_M_K5_C0003"", ""K6_repeat3_K6_C0002_M_K6_C0003"", ""K7_repeat1_K7_C0002_M_K7_C0003""]"
TCGA-B0-5697,TCGA-B0-5702,3,7,1,0.14285714285714285,"[""K5_repeat2_K5_C0002_M_K5_C0003""]"
TCGA-B0-5697,TCGA-B0-5703,3,11,0,0.0,[]
TCGA-B0-5697,TCGA-B0-5706,3,3,3,1.0,"[""K5_repeat2_K5_C0002_M_K5_C0003"", ""K6_repeat3_K6_C0002_M_K6_C0003"", ""K7_repeat1_K7_C0002_M_K7_C0003""]"
TCGA-B0-5697,TCGA-B0-5709,3,7,1,0.14285714285714285,"[""K5_repeat2_K5_C0002_M_K5_C0003""]"
TCGA-B0-5697,TCGA-B0-5712,3,3,3,1.0,"[""K5_repeat2_K5_C0002_M_K5_C0003"", ""K6_repeat3_K6_C0002_M_K6_C0003"", ""K7_repeat1_K7_C0002_M_K7_C0003""]"
TCGA-B0-5697,TCGA-B0-5812,3,13,0,0.0,[]
TCGA-B0-5697,TCGA-B8-4148,3,9,2,0.2222222222222222,"[""K6_repeat3_K6_C0002_M_K6_C0003"", ""K7_repeat1_K7_C0002_M_K7_C0003""]"
TCGA-B0-5697,TCGA-B8-4151,3,3,3,1.0,"[""K5_repeat2_K5_C0002_M_K5_C0003"", ""K6_repeat3_K6_C0002_M_K6_C0003"", ""K7_repeat1_K7_C0002_M_K7_C0003""]"
TCGA-B0-5697,TCGA-B8-4153,3,3,3,1.0,"[""K5_repeat2_K5_C0002_M_K5_C0003"", ""K6_repeat3_K6_C0002_M_K6_C0003"", ""K7_repeat1_K7_C0002_M_K7_C0003""]"
TCGA-B0-5697,TCGA-B8-4619,3,3,3,1.0,"[""K5_repeat2_K5_C0002_M_K5_C0003"", ""K6_repeat3_K6_C0002_M_K6_C0003"", ""K7_repeat1_K7_C0002_M_K7_C0003""]"
TCGA-B0-5697,TCGA-B8-4622,3,9,2,0.2222222222222222,"[""K6_repeat3_K6_C0002_M_K6_C0003"", ""K7_repeat1_K7_C0002_M_K7_C0003""]"
TCGA-B0-5697,TCGA-B8-5158,3,3,3,1.0,"[""K5_repeat2_K5_C0002_M_K5_C0003"", ""K6_repeat3_K6_C0002_M_K6_C0003"", ""K7_repeat1_K7_C0002_M_K7_C0003""]"
TCGA-B0-5697,TCGA-B8-5159,3,8,0,0.0,[]
TCGA-B0-5697,TCGA-B8-5162,3,8,0,0.0,[]
TCGA-B0-5697,TCGA-B8-5164,3,3,3,1.0,"[""K5_repeat2_K5_C0002_M_K5_C0003"", ""K6_repeat3_K6_C0002_M_K6_C0003"", ""K7_repeat1_K7_C0002_M_K7_C0003""]"
TCGA-B0-5697,TCGA-B8-5165,3,8,0,0.0,[]
TCGA-B0-5697,TCGA-B8-5546,3,3,3,1.0,"[""K5_repeat2_K5_C0002_M_K5_C0003"", ""K6_repeat3_K6_C0002_M_K6_C0003"", ""K7_repeat1_K7_C0002_M_K7_C0003""]"
TCGA-B0-5697,TCGA-B8-5549,3,8,0,0.0,[]
TCGA-B0-5697,TCGA-B8-5550,3,3,3,1.0,"[""K5_repeat2_K5_C0002_M_K5_C0003"", ""K6_repeat3_K6_C0002_M_K6_C0003"", ""K7_repeat1_K7_C0002_M_K7_C0003""]"
TCGA-B0-5697,TCGA-B8-5551,3,7,1,0.14285714285714285,"[""K5_repeat2_K5_C0002_M_K5_C0003""]"
TCGA-B0-5697,TCGA-B8-5553,3,3,3,1.0,"[""K5_repeat2_K5_C0002_M_K5_C0003"", ""K6_repeat3_K6_C0002_M_K6_C0003"", ""K7_repeat1_K7_C0002_M_K7_C0003""]"
TCGA-B0-5697,TCGA-B8-A54D,3,5,3,0.6,"[""K5_repeat2_K5_C0002_M_K5_C0003"", ""K6_repeat3_K6_C0002_M_K6_C0003"", ""K7_repeat1_K7_C0002_M_K7_C0003""]"
TCGA-B0-5697,TCGA-B8-A54E,3,3,3,1.0,"[""K5_repeat2_K5_C0002_M_K5_C0003"", ""K6_repeat3_K6_C0002_M_K6_C0003"", ""K7_repeat1_K7_C0002_M_K7_C0003""]"
TCGA-B0-5697,TCGA-B8-A54F,3,3,3,1.0,"[""K5_repeat2_K5_C0002_M_K5_C0003"", ""K6_repeat3_K6_C0002_M_K6_C0003"", ""K7_repeat1_K7_C0002_M_K7_C0003""]"
TCGA-B0-5697,TCGA-B8-A54G,3,5,3,0.6,"[""K5_repeat2_K5_C0002_M_K5_C0003"", ""K6_repeat3_K6_C0002_M_K6_C0003"", ""K7_repeat1_K7_C0002_M_K7_C0003""]"
TCGA-B0-5697,TCGA-BP-4164,3,8,0,0.0,[]
TCGA-B0-5697,TCGA-BP-4167,3,7,1,0.14285714285714285,"[""K5_repeat2_K5_C0002_M_K5_C0003""]"
TCGA-B0-5697,TCGA-BP-4770,3,3,3,1.0,"[""K5_repeat2_K5_C0002_M_K5_C0003"", ""K6_repeat3_K6_C0002_M_K6_C0003"", ""K7_repeat1_K7_C0002_M_K7_C0003""]"
TCGA-B0-5697,TCGA-BP-4782,3,3,3,1.0,"[""K5_repeat2_K5_C0002_M_K5_C0003"", ""K6_repeat3_K6_C0002_M_K6_C0003"", ""K7_repeat1_K7_C0002_M_K7_C0003""]"
TCGA-B0-5697,TCGA-BP-4960,3,10,0,0.0,[]
TCGA-B0-5697,TCGA-BP-4962,3,7,1,0.14285714285714285,"[""K5_repeat2_K5_C0002_M_K5_C0003""]"
TCGA-B0-5697,TCGA-BP-4965,3,11,0,0.0,[]
TCGA-B0-5697,TCGA-BP-4967,3,8,0,0.0,[]
TCGA-B0-5697,TCGA-BP-4970,3,8,0,0.0,[]
TCGA-B0-5697,TCGA-BP-4971,3,7,1,0.14285714285714285,"[""K5_repeat2_K5_C0002_M_K5_C0003""]"
TCGA-B0-5697,TCGA-BP-4972,3,6,1,0.16666666666666666,"[""K5_repeat2_K5_C0002_M_K5_C0003""]"
TCGA-B0-5697,TCGA-BP-4976,3,12,0,0.0,[]
TCGA-B0-5697,TCGA-BP-4977,3,8,0,0.0,[]
TCGA-B0-5697,TCGA-BP-4982,3,11,0,0.0,[]
TCGA-B0-5697,TCGA-BP-4986,3,8,0,0.0,[]
TCGA-B0-5697,TCGA-BP-4988,3,9,0,0.0,[]
TCGA-B0-5697,TCGA-BP-4989,3,13,0,0.0,[]
TCGA-B0-5697,TCGA-BP-4992,3,7,1,0.14285714285714285,"[""K5_repeat2_K5_C0002_M_K5_C0003""]"
TCGA-B0-5697,TCGA-BP-4994,3,3,3,1.0,"[""K5_repeat2_K5_C0002_M_K5_C0003"", ""K6_repeat3_K6_C0002_M_K6_C0003"", ""K7_repeat1_K7_C0002_M_K7_C0003""]"
TCGA-B0-5697,TCGA-BP-4995,3,12,0,0.0,[]
TCGA-B0-5697,TCGA-BP-4999,3,11,0,0.0,[]
TCGA-B0-5697,TCGA-BP-5000,3,3,3,1.0,"[""K5_repeat2_K5_C0002_M_K5_C0003"", ""K6_repeat3_K6_C0002_M_K6_C0003"", ""K7_repeat1_K7_C0002_M_K7_C0003""]"
TCGA-B0-5697,TCGA-BP-5001,3,12,0,0.0,[]
TCGA-B0-5697,TCGA-BP-5004,3,12,0,0.0,[]
TCGA-B0-5697,TCGA-BP-5006,3,12,0,0.0,[]
TCGA-B0-5697,TCGA-BP-5007,3,12,0,0.0,[]
TCGA-B0-5697,TCGA-BP-5009,3,12,0,0.0,[]
TCGA-B0-5697,TCGA-BP-5010,3,4,0,0.0,[]
TCGA-B0-5697,TCGA-BP-5174,3,8,0,0.0,[]
TCGA-B0-5697,TCGA-BP-5175,3,7,1,0.14285714285714285,"[""K5_repeat2_K5_C0002_M_K5_C0003""]"
TCGA-B0-5697,TCGA-BP-5180,3,13,0,0.0,[]
TCGA-B0-5697,TCGA-BP-5181,3,13,0,0.0,[]
TCGA-B0-5697,TCGA-BP-5183,3,13,0,0.0,[]
TCGA-B0-5697,TCGA-BP-5184,3,13,0,0.0,[]
TCGA-B0-5697,TCGA-BP-5186,3,13,0,0.0,[]
TCGA-B0-5697,TCGA-BP-5187,3,13,0,0.0,[]
TCGA-B0-5697,TCGA-BP-5189,3,11,2,0.18181818181818182,"[""K5_repeat2_K5_C0002_M_K5_C0003"", ""K7_repeat1_K7_C0002_M_K7_C0003""]"
TCGA-B0-5697,TCGA-BP-5190,3,3,3,1.0,"[""K5_repeat2_K5_C0002_M_K5_C0003"", ""K6_repeat3_K6_C0002_M_K6_C0003"", ""K7_repeat1_K7_C0002_M_K7_C0003""]"
TCGA-B0-5697,TCGA-BP-5191,3,3,3,1.0,"[""K5_repeat2_K5_C0002_M_K5_C0003"", ""K6_repeat3_K6_C0002_M_K6_C0003"", ""K7_repeat1_K7_C0002_M_K7_C0003""]"
TCGA-B0-5697,TCGA-BP-5192,3,10,0,0.0,[]
TCGA-B0-5697,TCGA-BP-5194,3,11,0,0.0,[]
TCGA-B0-5697,TCGA-BP-5195,3,12,0,0.0,[]
TCGA-B0-5697,TCGA-BP-5196,3,8,0,0.0,[]
TCGA-B0-5697,TCGA-BP-5199,3,12,0,0.0,[]
TCGA-B0-5697,TCGA-BP-5200,3,11,0,0.0,[]
TCGA-B0-5697,TCGA-CJ-4637,3,7,1,0.14285714285714285,"[""K5_repeat2_K5_C0002_M_K5_C0003""]"
TCGA-B0-5697,TCGA-CJ-4641,3,7,1,0.14285714285714285,"[""K5_repeat2_K5_C0002_M_K5_C0003""]"
TCGA-B0-5697,TCGA-CJ-4900,3,6,1,0.16666666666666666,"[""K5_repeat2_K5_C0002_M_K5_C0003""]"
TCGA-B0-5697,TCGA-CJ-4902,3,4,0,0.0,[]
TCGA-B0-5697,TCGA-CJ-4903,3,8,0,0.0,[]
TCGA-B0-5697,TCGA-CJ-4904,3,9,0,0.0,[]
TCGA-B0-5697,TCGA-CJ-4923,3,7,1,0.14285714285714285,"[""K5_repeat2_K5_C0002_M_K5_C0003""]"
TCGA-B0-5697,TCGA-CJ-6027,3,7,1,0.14285714285714285,"[""K5_repeat2_K5_C0002_M_K5_C0003""]"
TCGA-B0-5697,TCGA-CJ-6028,3,7,1,0.14285714285714285,"[""K5_repeat2_K5_C0002_M_K5_C0003""]"
TCGA-B0-5697,TCGA-CJ-6030,3,7,1,0.14285714285714285,"[""K5_repeat2_K5_C0002_M_K5_C0003""]"
TCGA-B0-5697,TCGA-CJ-6033,3,5,0,0.0,[]
TCGA-B0-5697,TCGA-CZ-4859,3,12,0,0.0,[]
TCGA-B0-5697,TCGA-CZ-4863,3,3,3,1.0,"[""K5_repeat2_K5_C0002_M_K5_C0003"", ""K6_repeat3_K6_C0002_M_K6_C0003"", ""K7_repeat1_K7_C0002_M_K7_C0003""]"
TCGA-B0-5697,TCGA-CZ-4865,3,3,3,1.0,"[""K5_repeat2_K5_C0002_M_K5_C0003"", ""K6_repeat3_K6_C0002_M_K6_C0003"", ""K7_repeat1_K7_C0002_M_K7_C0003""]"
TCGA-B0-5697,TCGA-CZ-5451,3,9,2,0.2222222222222222,"[""K6_repeat3_K6_C0002_M_K6_C0003"", ""K7_repeat1_K7_C0002_M_K7_C0003""]"
TCGA-B0-5697,TCGA-CZ-5462,3,5,3,0.6,"[""K5_repeat2_K5_C0002_M_K5_C0003"", ""K6_repeat3_K6_C0002_M_K6_C0003"", ""K7_repeat1_K7_C0002_M_K7_C0003""]"
TCGA-B0-5697,TCGA-CZ-5468,3,3,3,1.0,"[""K5_repeat2_K5_C0002_M_K5_C0003"", ""K6_repeat3_K6_C0002_M_K6_C0003"", ""K7_repeat1_K7_C0002_M_K7_C0003""]"
TCGA-B0-5697,TCGA-CZ-5984,3,8,0,0.0,[]
TCGA-B0-5697,TCGA-CZ-5985,3,7,1,0.14285714285714285,"[""K5_repeat2_K5_C0002_M_K5_C0003""]"
TCGA-B0-5697,TCGA-CZ-5988,3,3,3,1.0,"[""K5_repeat2_K5_C0002_M_K5_C0003"", ""K6_repeat3_K6_C0002_M_K6_C0003"", ""K7_repeat1_K7_C0002_M_K7_C0003""]"
TCGA-B0-5697,TCGA-G6-A5PC,3,7,1,0.14285714285714285,"[""K5_repeat2_K5_C0002_M_K5_C0003""]"
TCGA-B0-5697,TCGA-G6-A8L7,3,5,0,0.0,[]
TCGA-B0-5698,TCGA-B0-5702,3,7,1,0.14285714285714285,"[""K5_repeat2_K5_C0002_M_K5_C0003""]"
TCGA-B0-5698,TCGA-B0-5703,3,11,0,0.0,[]
TCGA-B0-5698,TCGA-B0-5706,3,3,3,1.0,"[""K5_repeat2_K5_C0002_M_K5_C0003"", ""K6_repeat3_K6_C0002_M_K6_C0003"", ""K7_repeat1_K7_C0002_M_K7_C0003""]"
TCGA-B0-5698,TCGA-B0-5709,3,7,1,0.14285714285714285,"[""K5_repeat2_K5_C0002_M_K5_C0003""]"
TCGA-B0-5698,TCGA-B0-5712,3,3,3,1.0,"[""K5_repeat2_K5_C0002_M_K5_C0003"", ""K6_repeat3_K6_C0002_M_K6_C0003"", ""K7_repeat1_K7_C0002_M_K7_C0003""]"
TCGA-B0-5698,TCGA-B0-5812,3,13,0,0.0,[]
TCGA-B0-5698,TCGA-B8-4148,3,9,2,0.2222222222222222,"[""K6_repeat3_K6_C0002_M_K6_C0003"", ""K7_repeat1_K7_C0002_M_K7_C0003""]"
TCGA-B0-5698,TCGA-B8-4151,3,3,3,1.0,"[""K5_repeat2_K5_C0002_M_K5_C0003"", ""K6_repeat3_K6_C0002_M_K6_C0003"", ""K7_repeat1_K7_C0002_M_K7_C0003""]"
TCGA-B0-5698,TCGA-B8-4153,3,3,3,1.0,"[""K5_repeat2_K5_C0002_M_K5_C0003"", ""K6_repeat3_K6_C0002_M_K6_C0003"", ""K7_repeat1_K7_C0002_M_K7_C0003""]"
TCGA-B0-5698,TCGA-B8-4619,3,3,3,1.0,"[""K5_repeat2_K5_C0002_M_K5_C0003"", ""K6_repeat3_K6_C0002_M_K6_C0003"", ""K7_repeat1_K7_C0002_M_K7_C0003""]"
TCGA-B0-5698,TCGA-B8-4622,3,9,2,0.2222222222222222,"[""K6_repeat3_K6_C0002_M_K6_C0003"", ""K7_repeat1_K7_C0002_M_K7_C0003""]"
TCGA-B0-5698,TCGA-B8-5158,3,3,3,1.0,"[""K5_repeat2_K5_C0002_M_K5_C0003"", ""K6_repeat3_K6_C0002_M_K6_C0003"", ""K7_repeat1_K7_C0002_M_K7_C0003""]"
TCGA-B0-5698,TCGA-B8-5159,3,8,0,0.0,[]
TCGA-B0-5698,TCGA-B8-5162,3,8,0,0.0,[]
TCGA-B0-5698,TCGA-B8-5164,3,3,3,1.0,"[""K5_repeat2_K5_C0002_M_K5_C0003"", ""K6_repeat3_K6_C0002_M_K6_C0003"", ""K7_repeat1_K7_C0002_M_K7_C0003""]"
TCGA-B0-5698,TCGA-B8-5165,3,8,0,0.0,[]
TCGA-B0-5698,TCGA-B8-5546,3,3,3,1.0,"[""K5_repeat2_K5_C0002_M_K5_C0003"", ""K6_repeat3_K6_C0002_M_K6_C0003"", ""K7_repeat1_K7_C0002_M_K7_C0003""]"
TCGA-B0-5698,TCGA-B8-5549,3,8,0,0.0,[]
TCGA-B0-5698,TCGA-B8-5550,3,3,3,1.0,"[""K5_repeat2_K5_C0002_M_K5_C0003"", ""K6_repeat3_K6_C0002_M_K6_C0003"", ""K7_repeat1_K7_C0002_M_K7_C0003""]"
TCGA-B0-5698,TCGA-B8-5551,3,7,1,0.14285714285714285,"[""K5_repeat2_K5_C0002_M_K5_C0003""]"
TCGA-B0-5698,TCGA-B8-5553,3,3,3,1.0,"[""K5_repeat2_K5_C0002_M_K5_C0003"", ""K6_repeat3_K6_C0002_M_K6_C0003"", ""K7_repeat1_K7_C0002_M_K7_C0003""]"
TCGA-B0-5698,TCGA-B8-A54D,3,5,3,0.6,"[""K5_repeat2_K5_C0002_M_K5_C0003"", ""K6_repeat3_K6_C0002_M_K6_C0003"", ""K7_repeat1_K7_C0002_M_K7_C0003""]"
TCGA-B0-5698,TCGA-B8-A54E,3,3,3,1.0,"[""K5_repeat2_K5_C0002_M_K5_C0003"", ""K6_repeat3_K6_C0002_M_K6_C0003"", ""K7_repeat1_K7_C0002_M_K7_C0003""]"
TCGA-B0-5698,TCGA-B8-A54F,3,3,3,1.0,"[""K5_repeat2_K5_C0002_M_K5_C0003"", ""K6_repeat3_K6_C0002_M_K6_C0003"", ""K7_repeat1_K7_C0002_M_K7_C0003""]"
TCGA-B0-5698,TCGA-B8-A54G,3,5,3,0.6,"[""K5_repeat2_K5_C0002_M_K5_C0003"", ""K6_repeat3_K6_C0002_M_K6_C0003"", ""K7_repeat1_K7_C0002_M_K7_C0003""]"
TCGA-B0-5698,TCGA-BP-4164,3,8,0,0.0,[]
TCGA-B0-5698,TCGA-BP-4167,3,7,1,0.14285714285714285,"[""K5_repeat2_K5_C0002_M_K5_C0003""]"
TCGA-B0-5698,TCGA-BP-4770,3,3,3,1.0,"[""K5_repeat2_K5_C0002_M_K5_C0003"", ""K6_repeat3_K6_C0002_M_K6_C0003"", ""K7_repeat1_K7_C0002_M_K7_C0003""]"
TCGA-B0-5698,TCGA-BP-4782,3,3,3,1.0,"[""K5_repeat2_K5_C0002_M_K5_C0003"", ""K6_repeat3_K6_C0002_M_K6_C0003"", ""K7_repeat1_K7_C0002_M_K7_C0003""]"
TCGA-B0-5698,TCGA-BP-4960,3,10,0,0.0,[]
TCGA-B0-5698,TCGA-BP-4962,3,7,1,0.14285714285714285,"[""K5_repeat2_K5_C0002_M_K5_C0003""]"
TCGA-B0-5698,TCGA-BP-4965,3,11,0,0.0,[]
TCGA-B0-5698,TCGA-BP-4967,3,8,0,0.0,[]
TCGA-B0-5698,TCGA-BP-4970,3,8,0,0.0,[]
TCGA-B0-5698,TCGA-BP-4971,3,7,1,0.14285714285714285,"[""K5_repeat2_K5_C0002_M_K5_C0003""]"
TCGA-B0-5698,TCGA-BP-4972,3,6,1,0.16666666666666666,"[""K5_repeat2_K5_C0002_M_K5_C0003""]"
TCGA-B0-5698,TCGA-BP-4976,3,12,0,0.0,[]
TCGA-B0-5698,TCGA-BP-4977,3,8,0,0.0,[]
TCGA-B0-5698,TCGA-BP-4982,3,11,0,0.0,[]
TCGA-B0-5698,TCGA-BP-4986,3,8,0,0.0,[]
TCGA-B0-5698,TCGA-BP-4988,3,9,0,0.0,[]
TCGA-B0-5698,TCGA-BP-4989,3,13,0,0.0,[]
TCGA-B0-5698,TCGA-BP-4992,3,7,1,0.14285714285714285,"[""K5_repeat2_K5_C0002_M_K5_C0003""]"
TCGA-B0-5698,TCGA-BP-4994,3,3,3,1.0,"[""K5_repeat2_K5_C0002_M_K5_C0003"", ""K6_repeat3_K6_C0002_M_K6_C0003"", ""K7_repeat1_K7_C0002_M_K7_C0003""]"
TCGA-B0-5698,TCGA-BP-4995,3,12,0,0.0,[]
TCGA-B0-5698,TCGA-BP-4999,3,11,0,0.0,[]
TCGA-B0-5698,TCGA-BP-5000,3,3,3,1.0,"[""K5_repeat2_K5_C0002_M_K5_C0003"", ""K6_repeat3_K6_C0002_M_K6_C0003"", ""K7_repeat1_K7_C0002_M_K7_C0003""]"
TCGA-B0-5698,TCGA-BP-5001,3,12,0,0.0,[]
TCGA-B0-5698,TCGA-BP-5004,3,12,0,0.0,[]
TCGA-B0-5698,TCGA-BP-5006,3,12,0,0.0,[]
TCGA-B0-5698,TCGA-BP-5007,3,12,0,0.0,[]
TCGA-B0-5698,TCGA-BP-5009,3,12,0,0.0,[]
TCGA-B0-5698,TCGA-BP-5010,3,4,0,0.0,[]
TCGA-B0-5698,TCGA-BP-5174,3,8,0,0.0,[]
TCGA-B0-5698,TCGA-BP-5175,3,7,1,0.14285714285714285,"[""K5_repeat2_K5_C0002_M_K5_C0003""]"
TCGA-B0-5698,TCGA-BP-5180,3,13,0,0.0,[]
TCGA-B0-5698,TCGA-BP-5181,3,13,0,0.0,[]
TCGA-B0-5698,TCGA-BP-5183,3,13,0,0.0,[]
TCGA-B0-5698,TCGA-BP-5184,3,13,0,0.0,[]
TCGA-B0-5698,TCGA-BP-5186,3,13,0,0.0,[]
TCGA-B0-5698,TCGA-BP-5187,3,13,0,0.0,[]
TCGA-B0-5698,TCGA-BP-5189,3,11,2,0.18181818181818182,"[""K5_repeat2_K5_C0002_M_K5_C0003"", ""K7_repeat1_K7_C0002_M_K7_C0003""]"
TCGA-B0-5698,TCGA-BP-5190,3,3,3,1.0,"[""K5_repeat2_K5_C0002_M_K5_C0003"", ""K6_repeat3_K6_C0002_M_K6_C0003"", ""K7_repeat1_K7_C0002_M_K7_C0003""]"
TCGA-B0-5698,TCGA-BP-5191,3,3,3,1.0,"[""K5_repeat2_K5_C0002_M_K5_C0003"", ""K6_repeat3_K6_C0002_M_K6_C0003"", ""K7_repeat1_K7_C0002_M_K7_C0003""]"
TCGA-B0-5698,TCGA-BP-5192,3,10,0,0.0,[]
TCGA-B0-5698,TCGA-BP-5194,3,11,0,0.0,[]
TCGA-B0-5698,TCGA-BP-5195,3,12,0,0.0,[]
TCGA-B0-5698,TCGA-BP-5196,3,8,0,0.0,[]
TCGA-B0-5698,TCGA-BP-5199,3,12,0,0.0,[]
TCGA-B0-5698,TCGA-BP-5200,3,11,0,0.0,[]
TCGA-B0-5698,TCGA-CJ-4637,3,7,1,0.14285714285714285,"[""K5_repeat2_K5_C0002_M_K5_C0003""]"
TCGA-B0-5698,TCGA-CJ-4641,3,7,1,0.14285714285714285,"[""K5_repeat2_K5_C0002_M_K5_C0003""]"
TCGA-B0-5698,TCGA-CJ-4900,3,6,1,0.16666666666666666,"[""K5_repeat2_K5_C0002_M_K5_C0003""]"
TCGA-B0-5698,TCGA-CJ-4902,3,4,0,0.0,[]
TCGA-B0-5698,TCGA-CJ-4903,3,8,0,0.0,[]
TCGA-B0-5698,TCGA-CJ-4904,3,9,0,0.0,[]
TCGA-B0-5698,TCGA-CJ-4923,3,7,1,0.14285714285714285,"[""K5_repeat2_K5_C0002_M_K5_C0003""]"
TCGA-B0-5698,TCGA-CJ-6027,3,7,1,0.14285714285714285,"[""K5_repeat2_K5_C0002_M_K5_C0003""]"
TCGA-B0-5698,TCGA-CJ-6028,3,7,1,0.14285714285714285,"[""K5_repeat2_K5_C0002_M_K5_C0003""]"
TCGA-B0-5698,TCGA-CJ-6030,3,7,1,0.14285714285714285,"[""K5_repeat2_K5_C0002_M_K5_C0003""]"
TCGA-B0-5698,TCGA-CJ-6033,3,5,0,0.0,[]
TCGA-B0-5698,TCGA-CZ-4859,3,12,0,0.0,[]
TCGA-B0-5698,TCGA-CZ-4863,3,3,3,1.0,"[""K5_repeat2_K5_C0002_M_K5_C0003"", ""K6_repeat3_K6_C0002_M_K6_C0003"", ""K7_repeat1_K7_C0002_M_K7_C0003""]"
TCGA-B0-5698,TCGA-CZ-4865,3,3,3,1.0,"[""K5_repeat2_K5_C0002_M_K5_C0003"", ""K6_repeat3_K6_C0002_M_K6_C0003"", ""K7_repeat1_K7_C0002_M_K7_C0003""]"
TCGA-B0-5698,TCGA-CZ-5451,3,9,2,0.2222222222222222,"[""K6_repeat3_K6_C0002_M_K6_C0003"", ""K7_repeat1_K7_C0002_M_K7_C0003""]"
TCGA-B0-5698,TCGA-CZ-5462,3,5,3,0.6,"[""K5_repeat2_K5_C0002_M_K5_C0003"", ""K6_repeat3_K6_C0002_M_K6_C0003"", ""K7_repeat1_K7_C0002_M_K7_C0003""]"
TCGA-B0-5698,TCGA-CZ-5468,3,3,3,1.0,"[""K5_repeat2_K5_C0002_M_K5_C0003"", ""K6_repeat3_K6_C0002_M_K6_C0003"", ""K7_repeat1_K7_C0002_M_K7_C0003""]"
TCGA-B0-5698,TCGA-CZ-5984,3,8,0,0.0,[]
TCGA-B0-5698,TCGA-CZ-5985,3,7,1,0.14285714285714285,"[""K5_repeat2_K5_C0002_M_K5_C0003""]"
TCGA-B0-5698,TCGA-CZ-5988,3,3,3,1.0,"[""K5_repeat2_K5_C0002_M_K5_C0003"", ""K6_repeat3_K6_C0002_M_K6_C0003"", ""K7_repeat1_K7_C0002_M_K7_C0003""]"
TCGA-B0-5698,TCGA-G6-A5PC,3,7,1,0.14285714285714285,"[""K5_repeat2_K5_C0002_M_K5_C0003""]"
TCGA-B0-5698,TCGA-G6-A8L7,3,5,0,0.0,[]
TCGA-B0-5702,TCGA-B0-5703,7,11,0,0.0,[]
TCGA-B0-5702,TCGA-B0-5706,7,3,1,0.14285714285714285,"[""K5_repeat2_K5_C0002_M_K5_C0003""]"
TCGA-B0-5702,TCGA-B0-5709,7,7,7,1.0,"[""K4_repeat2_K4_C0003"", ""K5_repeat2_K5_C0002_M_K5_C0003"", ""K5_repeat3_K5_C0003"", ""K6_repeat3_K6_C0005"", ""K7_repeat1_K7_C0005"", ""K8_repeat1_K8_C0005"", ""K8_repeat2_K8_C0005""]"
TCGA-B0-5702,TCGA-B0-5712,7,3,1,0.14285714285714285,"[""K5_repeat2_K5_C0002_M_K5_C0003""]"
TCGA-B0-5702,TCGA-B0-5812,7,13,0,0.0,[]
TCGA-B0-5702,TCGA-B8-4148,7,9,0,0.0,[]
TCGA-B0-5702,TCGA-B8-4151,7,3,1,0.14285714285714285,"[""K5_repeat2_K5_C0002_M_K5_C0003""]"
TCGA-B0-5702,TCGA-B8-4153,7,3,1,0.14285714285714285,"[""K5_repeat2_K5_C0002_M_K5_C0003""]"
TCGA-B0-5702,TCGA-B8-4619,7,3,1,0.14285714285714285,"[""K5_repeat2_K5_C0002_M_K5_C0003""]"
TCGA-B0-5702,TCGA-B8-4622,7,9,0,0.0,[]
TCGA-B0-5702,TCGA-B8-5158,7,3,1,0.14285714285714285,"[""K5_repeat2_K5_C0002_M_K5_C0003""]"
TCGA-B0-5702,TCGA-B8-5159,7,8,0,0.0,[]
TCGA-B0-5702,TCGA-B8-5162,7,8,0,0.0,[]
TCGA-B0-5702,TCGA-B8-5164,7,3,1,0.14285714285714285,"[""K5_repeat2_K5_C0002_M_K5_C0003""]"
TCGA-B0-5702,TCGA-B8-5165,7,8,0,0.0,[]
TCGA-B0-5702,TCGA-B8-5546,7,3,1,0.14285714285714285,"[""K5_repeat2_K5_C0002_M_K5_C0003""]"
TCGA-B0-5702,TCGA-B8-5549,7,8,0,0.0,[]
TCGA-B0-5702,TCGA-B8-5550,7,3,1,0.14285714285714285,"[""K5_repeat2_K5_C0002_M_K5_C0003""]"
TCGA-B0-5702,TCGA-B8-5551,7,7,7,1.0,"[""K4_repeat2_K4_C0003"", ""K5_repeat2_K5_C0002_M_K5_C0003"", ""K5_repeat3_K5_C0003"", ""K6_repeat3_K6_C0005"", ""K7_repeat1_K7_C0005"", ""K8_repeat1_K8_C0005"", ""K8_repeat2_K8_C0005""]"
TCGA-B0-5702,TCGA-B8-5553,7,3,1,0.14285714285714285,"[""K5_repeat2_K5_C0002_M_K5_C0003""]"
TCGA-B0-5702,TCGA-B8-A54D,7,5,3,0.42857142857142855,"[""K5_repeat2_K5_C0002_M_K5_C0003"", ""K8_repeat1_K8_C0005"", ""K8_repeat2_K8_C0005""]"
TCGA-B0-5702,TCGA-B8-A54E,7,3,1,0.14285714285714285,"[""K5_repeat2_K5_C0002_M_K5_C0003""]"
TCGA-B0-5702,TCGA-B8-A54F,7,3,1,0.14285714285714285,"[""K5_repeat2_K5_C0002_M_K5_C0003""]"
TCGA-B0-5702,TCGA-B8-A54G,7,5,3,0.42857142857142855,"[""K5_repeat2_K5_C0002_M_K5_C0003"", ""K8_repeat1_K8_C0005"", ""K8_repeat2_K8_C0005""]"
TCGA-B0-5702,TCGA-BP-4164,7,8,0,0.0,[]
TCGA-B0-5702,TCGA-BP-4167,7,7,7,1.0,"[""K4_repeat2_K4_C0003"", ""K5_repeat2_K5_C0002_M_K5_C0003"", ""K5_repeat3_K5_C0003"", ""K6_repeat3_K6_C0005"", ""K7_repeat1_K7_C0005"", ""K8_repeat1_K8_C0005"", ""K8_repeat2_K8_C0005""]"
TCGA-B0-5702,TCGA-BP-4770,7,3,1,0.14285714285714285,"[""K5_repeat2_K5_C0002_M_K5_C0003""]"
TCGA-B0-5702,TCGA-BP-4782,7,3,1,0.14285714285714285,"[""K5_repeat2_K5_C0002_M_K5_C0003""]"
TCGA-B0-5702,TCGA-BP-4960,7,10,0,0.0,[]
TCGA-B0-5702,TCGA-BP-4962,7,7,7,1.0,"[""K4_repeat2_K4_C0003"", ""K5_repeat2_K5_C0002_M_K5_C0003"", ""K5_repeat3_K5_C0003"", ""K6_repeat3_K6_C0005"", ""K7_repeat1_K7_C0005"", ""K8_repeat1_K8_C0005"", ""K8_repeat2_K8_C0005""]"
TCGA-B0-5702,TCGA-BP-4965,7,11,0,0.0,[]
TCGA-B0-5702,TCGA-BP-4967,7,8,0,0.0,[]
TCGA-B0-5702,TCGA-BP-4970,7,8,0,0.0,[]
TCGA-B0-5702,TCGA-BP-4971,7,7,7,1.0,"[""K4_repeat2_K4_C0003"", ""K5_repeat2_K5_C0002_M_K5_C0003"", ""K5_repeat3_K5_C0003"", ""K6_repeat3_K6_C0005"", ""K7_repeat1_K7_C0005"", ""K8_repeat1_K8_C0005"", ""K8_repeat2_K8_C0005""]"
TCGA-B0-5702,TCGA-BP-4972,7,6,1,0.14285714285714285,"[""K5_repeat2_K5_C0002_M_K5_C0003""]"
TCGA-B0-5702,TCGA-BP-4976,7,12,0,0.0,[]
TCGA-B0-5702,TCGA-BP-4977,7,8,0,0.0,[]
TCGA-B0-5702,TCGA-BP-4982,7,11,0,0.0,[]
TCGA-B0-5702,TCGA-BP-4986,7,8,0,0.0,[]
TCGA-B0-5702,TCGA-BP-4988,7,9,0,0.0,[]
TCGA-B0-5702,TCGA-BP-4989,7,13,0,0.0,[]
TCGA-B0-5702,TCGA-BP-4992,7,7,7,1.0,"[""K4_repeat2_K4_C0003"", ""K5_repeat2_K5_C0002_M_K5_C0003"", ""K5_repeat3_K5_C0003"", ""K6_repeat3_K6_C0005"", ""K7_repeat1_K7_C0005"", ""K8_repeat1_K8_C0005"", ""K8_repeat2_K8_C0005""]"
TCGA-B0-5702,TCGA-BP-4994,7,3,1,0.14285714285714285,"[""K5_repeat2_K5_C0002_M_K5_C0003""]"
TCGA-B0-5702,TCGA-BP-4995,7,12,0,0.0,[]
TCGA-B0-5702,TCGA-BP-4999,7,11,0,0.0,[]
TCGA-B0-5702,TCGA-BP-5000,7,3,1,0.14285714285714285,"[""K5_repeat2_K5_C0002_M_K5_C0003""]"
TCGA-B0-5702,TCGA-BP-5001,7,12,0,0.0,[]
TCGA-B0-5702,TCGA-BP-5004,7,12,0,0.0,[]
TCGA-B0-5702,TCGA-BP-5006,7,12,0,0.0,[]
TCGA-B0-5702,TCGA-BP-5007,7,12,0,0.0,[]
TCGA-B0-5702,TCGA-BP-5009,7,12,0,0.0,[]
TCGA-B0-5702,TCGA-BP-5010,7,4,1,0.14285714285714285,"[""K4_repeat2_K4_C0003""]"
TCGA-B0-5702,TCGA-BP-5174,7,8,0,0.0,[]
TCGA-B0-5702,TCGA-BP-5175,7,7,7,1.0,"[""K4_repeat2_K4_C0003"", ""K5_repeat2_K5_C0002_M_K5_C0003"", ""K5_repeat3_K5_C0003"", ""K6_repeat3_K6_C0005"", ""K7_repeat1_K7_C0005"", ""K8_repeat1_K8_C0005"", ""K8_repeat2_K8_C0005""]"
TCGA-B0-5702,TCGA-BP-5180,7,13,0,0.0,[]
TCGA-B0-5702,TCGA-BP-5181,7,13,0,0.0,[]
TCGA-B0-5702,TCGA-BP-5183,7,13,0,0.0,[]
TCGA-B0-5702,TCGA-BP-5184,7,13,0,0.0,[]
TCGA-B0-5702,TCGA-BP-5186,7,13,0,0.0,[]
TCGA-B0-5702,TCGA-BP-5187,7,13,0,0.0,[]
TCGA-B0-5702,TCGA-BP-5189,7,11,1,0.09090909090909091,"[""K5_repeat2_K5_C0002_M_K5_C0003""]"
TCGA-B0-5702,TCGA-BP-5190,7,3,1,0.14285714285714285,"[""K5_repeat2_K5_C0002_M_K5_C0003""]"
TCGA-B0-5702,TCGA-BP-5191,7,3,1,0.14285714285714285,"[""K5_repeat2_K5_C0002_M_K5_C0003""]"
TCGA-B0-5702,TCGA-BP-5192,7,10,0,0.0,[]
TCGA-B0-5702,TCGA-BP-5194,7,11,0,0.0,[]
TCGA-B0-5702,TCGA-BP-5195,7,12,0,0.0,[]
TCGA-B0-5702,TCGA-BP-5196,7,8,0,0.0,[]
TCGA-B0-5702,TCGA-BP-5199,7,12,0,0.0,[]
TCGA-B0-5702,TCGA-BP-5200,7,11,0,0.0,[]
TCGA-B0-5702,TCGA-CJ-4637,7,7,7,1.0,"[""K4_repeat2_K4_C0003"", ""K5_repeat2_K5_C0002_M_K5_C0003"", ""K5_repeat3_K5_C0003"", ""K6_repeat3_K6_C0005"", ""K7_repeat1_K7_C0005"", ""K8_repeat1_K8_C0005"", ""K8_repeat2_K8_C0005""]"
TCGA-B0-5702,TCGA-CJ-4641,7,7,7,1.0,"[""K4_repeat2_K4_C0003"", ""K5_repeat2_K5_C0002_M_K5_C0003"", ""K5_repeat3_K5_C0003"", ""K6_repeat3_K6_C0005"", ""K7_repeat1_K7_C0005"", ""K8_repeat1_K8_C0005"", ""K8_repeat2_K8_C0005""]"
TCGA-B0-5702,TCGA-CJ-4900,7,6,5,0.7142857142857143,"[""K4_repeat2_K4_C0003"", ""K5_repeat2_K5_C0002_M_K5_C0003"", ""K5_repeat3_K5_C0003"", ""K6_repeat3_K6_C0005"", ""K7_repeat1_K7_C0005""]"
TCGA-B0-5702,TCGA-CJ-4902,7,4,1,0.14285714285714285,"[""K4_repeat2_K4_C0003""]"
TCGA-B0-5702,TCGA-CJ-4903,7,8,0,0.0,[]
TCGA-B0-5702,TCGA-CJ-4904,7,9,0,0.0,[]
TCGA-B0-5702,TCGA-CJ-4923,7,7,7,1.0,"[""K4_repeat2_K4_C0003"", ""K5_repeat2_K5_C0002_M_K5_C0003"", ""K5_repeat3_K5_C0003"", ""K6_repeat3_K6_C0005"", ""K7_repeat1_K7_C0005"", ""K8_repeat1_K8_C0005"", ""K8_repeat2_K8_C0005""]"
TCGA-B0-5702,TCGA-CJ-6027,7,7,7,1.0,"[""K4_repeat2_K4_C0003"", ""K5_repeat2_K5_C0002_M_K5_C0003"", ""K5_repeat3_K5_C0003"", ""K6_repeat3_K6_C0005"", ""K7_repeat1_K7_C0005"", ""K8_repeat1_K8_C0005"", ""K8_repeat2_K8_C0005""]"
TCGA-B0-5702,TCGA-CJ-6028,7,7,7,1.0,"[""K4_repeat2_K4_C0003"", ""K5_repeat2_K5_C0002_M_K5_C0003"", ""K5_repeat3_K5_C0003"", ""K6_repeat3_K6_C0005"", ""K7_repeat1_K7_C0005"", ""K8_repeat1_K8_C0005"", ""K8_repeat2_K8_C0005""]"
TCGA-B0-5702,TCGA-CJ-6030,7,7,7,1.0,"[""K4_repeat2_K4_C0003"", ""K5_repeat2_K5_C0002_M_K5_C0003"", ""K5_repeat3_K5_C0003"", ""K6_repeat3_K6_C0005"", ""K7_repeat1_K7_C0005"", ""K8_repeat1_K8_C0005"", ""K8_repeat2_K8_C0005""]"
TCGA-B0-5702,TCGA-CJ-6033,7,5,0,0.0,[]
TCGA-B0-5702,TCGA-CZ-4859,7,12,0,0.0,[]
TCGA-B0-5702,TCGA-CZ-4863,7,3,1,0.14285714285714285,"[""K5_repeat2_K5_C0002_M_K5_C0003""]"
TCGA-B0-5702,TCGA-CZ-4865,7,3,1,0.14285714285714285,"[""K5_repeat2_K5_C0002_M_K5_C0003""]"
TCGA-B0-5702,TCGA-CZ-5451,7,9,0,0.0,[]
TCGA-B0-5702,TCGA-CZ-5462,7,5,3,0.42857142857142855,"[""K5_repeat2_K5_C0002_M_K5_C0003"", ""K8_repeat1_K8_C0005"", ""K8_repeat2_K8_C0005""]"
TCGA-B0-5702,TCGA-CZ-5468,7,3,1,0.14285714285714285,"[""K5_repeat2_K5_C0002_M_K5_C0003""]"
TCGA-B0-5702,TCGA-CZ-5984,7,8,0,0.0,[]
TCGA-B0-5702,TCGA-CZ-5985,7,7,7,1.0,"[""K4_repeat2_K4_C0003"", ""K5_repeat2_K5_C0002_M_K5_C0003"", ""K5_repeat3_K5_C0003"", ""K6_repeat3_K6_C0005"", ""K7_repeat1_K7_C0005"", ""K8_repeat1_K8_C0005"", ""K8_repeat2_K8_C0005""]"
TCGA-B0-5702,TCGA-CZ-5988,7,3,1,0.14285714285714285,"[""K5_repeat2_K5_C0002_M_K5_C0003""]"
TCGA-B0-5702,TCGA-G6-A5PC,7,7,7,1.0,"[""K4_repeat2_K4_C0003"", ""K5_repeat2_K5_C0002_M_K5_C0003"", ""K5_repeat3_K5_C0003"", ""K6_repeat3_K6_C0005"", ""K7_repeat1_K7_C0005"", ""K8_repeat1_K8_C0005"", ""K8_repeat2_K8_C0005""]"
TCGA-B0-5702,TCGA-G6-A8L7,7,5,0,0.0,[]
TCGA-B0-5703,TCGA-B0-5706,11,3,0,0.0,[]
TCGA-B0-5703,TCGA-B0-5709,11,7,0,0.0,[]
TCGA-B0-5703,TCGA-B0-5712,11,3,0,0.0,[]
TCGA-B0-5703,TCGA-B0-5812,11,13,11,0.8461538461538461,"[""K2_repeat1_K2_C0002"", ""K2_repeat2_K2_C0002"", ""K2_repeat3_K2_C0002"", ""K3_repeat1_K3_C0003"", ""K3_repeat2_K3_C0003"", ""K3_repeat3_K3_C0003"", ""K4_repeat1_K4_C0001_M_K4_C0004"", ""K4_repeat2_K4_C0001"", ""K5_repeat2_K5_C0001_M_K5_C0005"", ""K5_repeat3_K5_C0001_M_K5_C0005"", ""K6_repeat3_K6_C0001_M_K6_C0004""]"
TCGA-B0-5703,TCGA-B8-4148,11,9,7,0.6363636363636364,"[""K2_repeat1_K2_C0002"", ""K2_repeat2_K2_C0002"", ""K2_repeat3_K2_C0002"", ""K4_repeat1_K4_C0001_M_K4_C0004"", ""K4_repeat2_K4_C0001"", ""K5_repeat2_K5_C0001_M_K5_C0005"", ""K5_repeat3_K5_C0001_M_K5_C0005""]"
TCGA-B0-5703,TCGA-B8-4151,11,3,0,0.0,[]
TCGA-B0-5703,TCGA-B8-4153,11,3,0,0.0,[]
TCGA-B0-5703,TCGA-B8-4619,11,3,0,0.0,[]
TCGA-B0-5703,TCGA-B8-4622,11,9,7,0.6363636363636364,"[""K2_repeat1_K2_C0002"", ""K2_repeat2_K2_C0002"", ""K2_repeat3_K2_C0002"", ""K4_repeat1_K4_C0001_M_K4_C0004"", ""K4_repeat2_K4_C0001"", ""K5_repeat2_K5_C0001_M_K5_C0005"", ""K5_repeat3_K5_C0001_M_K5_C0005""]"
TCGA-B0-5703,TCGA-B8-5158,11,3,0,0.0,[]
TCGA-B0-5703,TCGA-B8-5159,11,8,4,0.36363636363636365,"[""K2_repeat1_K2_C0002"", ""K2_repeat2_K2_C0002"", ""K2_repeat3_K2_C0002"", ""K4_repeat1_K4_C0001_M_K4_C0004""]"
TCGA-B0-5703,TCGA-B8-5162,11,8,4,0.36363636363636365,"[""K2_repeat1_K2_C0002"", ""K2_repeat2_K2_C0002"", ""K2_repeat3_K2_C0002"", ""K4_repeat1_K4_C0001_M_K4_C0004""]"
TCGA-B0-5703,TCGA-B8-5164,11,3,0,0.0,[]
TCGA-B0-5703,TCGA-B8-5165,11,8,4,0.36363636363636365,"[""K2_repeat1_K2_C0002"", ""K2_repeat2_K2_C0002"", ""K2_repeat3_K2_C0002"", ""K4_repeat1_K4_C0001_M_K4_C0004""]"
TCGA-B0-5703,TCGA-B8-5546,11,3,0,0.0,[]
TCGA-B0-5703,TCGA-B8-5549,11,8,4,0.36363636363636365,"[""K2_repeat1_K2_C0002"", ""K2_repeat2_K2_C0002"", ""K2_repeat3_K2_C0002"", ""K4_repeat1_K4_C0001_M_K4_C0004""]"
TCGA-B0-5703,TCGA-B8-5550,11,3,0,0.0,[]
TCGA-B0-5703,TCGA-B8-5551,11,7,0,0.0,[]
TCGA-B0-5703,TCGA-B8-5553,11,3,0,0.0,[]
TCGA-B0-5703,TCGA-B8-A54D,11,5,0,0.0,[]
TCGA-B0-5703,TCGA-B8-A54E,11,3,0,0.0,[]
TCGA-B0-5703,TCGA-B8-A54F,11,3,0,0.0,[]
TCGA-B0-5703,TCGA-B8-A54G,11,5,0,0.0,[]
TCGA-B0-5703,TCGA-BP-4164,11,8,8,0.7272727272727273,"[""K2_repeat1_K2_C0002"", ""K2_repeat2_K2_C0002"", ""K2_repeat3_K2_C0002"", ""K4_repeat1_K4_C0001_M_K4_C0004"", ""K4_repeat2_K4_C0001"", ""K5_repeat2_K5_C0001_M_K5_C0005"", ""K5_repeat3_K5_C0001_M_K5_C0005"", ""K6_repeat3_K6_C0001_M_K6_C0004""]"
TCGA-B0-5703,TCGA-BP-4167,11,7,0,0.0,[]
TCGA-B0-5703,TCGA-BP-4770,11,3,0,0.0,[]
TCGA-B0-5703,TCGA-BP-4782,11,3,0,0.0,[]
TCGA-B0-5703,TCGA-BP-4960,11,10,8,0.7272727272727273,"[""K2_repeat1_K2_C0002"", ""K2_repeat2_K2_C0002"", ""K2_repeat3_K2_C0002"", ""K4_repeat1_K4_C0001_M_K4_C0004"", ""K4_repeat2_K4_C0001"", ""K5_repeat2_K5_C0001_M_K5_C0005"", ""K5_repeat3_K5_C0001_M_K5_C0005"", ""K6_repeat3_K6_C0001_M_K6_C0004""]"
TCGA-B0-5703,TCGA-BP-4962,11,7,0,0.0,[]
TCGA-B0-5703,TCGA-BP-4965,11,11,11,1.0,"[""K2_repeat1_K2_C0002"", ""K2_repeat2_K2_C0002"", ""K2_repeat3_K2_C0002"", ""K3_repeat1_K3_C0003"", ""K3_repeat2_K3_C0003"", ""K3_repeat3_K3_C0003"", ""K4_repeat1_K4_C0001_M_K4_C0004"", ""K4_repeat2_K4_C0001"", ""K5_repeat2_K5_C0001_M_K5_C0005"", ""K5_repeat3_K5_C0001_M_K5_C0005"", ""K6_repeat3_K6_C0001_M_K6_C0004""]"
TCGA-B0-5703,TCGA-BP-4967,11,8,4,0.36363636363636365,"[""K2_repeat1_K2_C0002"", ""K2_repeat2_K2_C0002"", ""K2_repeat3_K2_C0002"", ""K4_repeat1_K4_C0001_M_K4_C0004""]"
TCGA-B0-5703,TCGA-BP-4970,11,8,4,0.36363636363636365,"[""K2_repeat1_K2_C0002"", ""K2_repeat2_K2_C0002"", ""K2_repeat3_K2_C0002"", ""K4_repeat1_K4_C0001_M_K4_C0004""]"
TCGA-B0-5703,TCGA-BP-4971,11,7,0,0.0,[]
TCGA-B0-5703,TCGA-BP-4972,11,6,4,0.36363636363636365,"[""K2_repeat1_K2_C0002"", ""K2_repeat2_K2_C0002"", ""K2_repeat3_K2_C0002"", ""K6_repeat3_K6_C0001_M_K6_C0004""]"
TCGA-B0-5703,TCGA-BP-4976,11,12,11,0.9166666666666666,"[""K2_repeat1_K2_C0002"", ""K2_repeat2_K2_C0002"", ""K2_repeat3_K2_C0002"", ""K3_repeat1_K3_C0003"", ""K3_repeat2_K3_C0003"", ""K3_repeat3_K3_C0003"", ""K4_repeat1_K4_C0001_M_K4_C0004"", ""K4_repeat2_K4_C0001"", ""K5_repeat2_K5_C0001_M_K5_C0005"", ""K5_repeat3_K5_C0001_M_K5_C0005"", ""K6_repeat3_K6_C0001_M_K6_C0004""]"
TCGA-B0-5703,TCGA-BP-4977,11,8,4,0.36363636363636365,"[""K2_repeat1_K2_C0002"", ""K2_repeat2_K2_C0002"", ""K2_repeat3_K2_C0002"", ""K4_repeat1_K4_C0001_M_K4_C0004""]"
TCGA-B0-5703,TCGA-BP-4982,11,11,11,1.0,"[""K2_repeat1_K2_C0002"", ""K2_repeat2_K2_C0002"", ""K2_repeat3_K2_C0002"", ""K3_repeat1_K3_C0003"", ""K3_repeat2_K3_C0003"", ""K3_repeat3_K3_C0003"", ""K4_repeat1_K4_C0001_M_K4_C0004"", ""K4_repeat2_K4_C0001"", ""K5_repeat2_K5_C0001_M_K5_C0005"", ""K5_repeat3_K5_C0001_M_K5_C0005"", ""K6_repeat3_K6_C0001_M_K6_C0004""]"
TCGA-B0-5703,TCGA-BP-4986,11,8,4,0.36363636363636365,"[""K2_repeat1_K2_C0002"", ""K2_repeat2_K2_C0002"", ""K2_repeat3_K2_C0002"", ""K4_repeat1_K4_C0001_M_K4_C0004""]"
TCGA-B0-5703,TCGA-BP-4988,11,9,8,0.7272727272727273,"[""K2_repeat1_K2_C0002"", ""K2_repeat2_K2_C0002"", ""K2_repeat3_K2_C0002"", ""K4_repeat1_K4_C0001_M_K4_C0004"", ""K4_repeat2_K4_C0001"", ""K5_repeat2_K5_C0001_M_K5_C0005"", ""K5_repeat3_K5_C0001_M_K5_C0005"", ""K6_repeat3_K6_C0001_M_K6_C0004""]"
TCGA-B0-5703,TCGA-BP-4989,11,13,11,0.8461538461538461,"[""K2_repeat1_K2_C0002"", ""K2_repeat2_K2_C0002"", ""K2_repeat3_K2_C0002"", ""K3_repeat1_K3_C0003"", ""K3_repeat2_K3_C0003"", ""K3_repeat3_K3_C0003"", ""K4_repeat1_K4_C0001_M_K4_C0004"", ""K4_repeat2_K4_C0001"", ""K5_repeat2_K5_C0001_M_K5_C0005"", ""K5_repeat3_K5_C0001_M_K5_C0005"", ""K6_repeat3_K6_C0001_M_K6_C0004""]"
TCGA-B0-5703,TCGA-BP-4992,11,7,0,0.0,[]
TCGA-B0-5703,TCGA-BP-4994,11,3,0,0.0,[]
TCGA-B0-5703,TCGA-BP-4995,11,12,11,0.9166666666666666,"[""K2_repeat1_K2_C0002"", ""K2_repeat2_K2_C0002"", ""K2_repeat3_K2_C0002"", ""K3_repeat1_K3_C0003"", ""K3_repeat2_K3_C0003"", ""K3_repeat3_K3_C0003"", ""K4_repeat1_K4_C0001_M_K4_C0004"", ""K4_repeat2_K4_C0001"", ""K5_repeat2_K5_C0001_M_K5_C0005"", ""K5_repeat3_K5_C0001_M_K5_C0005"", ""K6_repeat3_K6_C0001_M_K6_C0004""]"
TCGA-B0-5703,TCGA-BP-4999,11,11,11,1.0,"[""K2_repeat1_K2_C0002"", ""K2_repeat2_K2_C0002"", ""K2_repeat3_K2_C0002"", ""K3_repeat1_K3_C0003"", ""K3_repeat2_K3_C0003"", ""K3_repeat3_K3_C0003"", ""K4_repeat1_K4_C0001_M_K4_C0004"", ""K4_repeat2_K4_C0001"", ""K5_repeat2_K5_C0001_M_K5_C0005"", ""K5_repeat3_K5_C0001_M_K5_C0005"", ""K6_repeat3_K6_C0001_M_K6_C0004""]"
TCGA-B0-5703,TCGA-BP-5000,11,3,0,0.0,[]
TCGA-B0-5703,TCGA-BP-5001,11,12,11,0.9166666666666666,"[""K2_repeat1_K2_C0002"", ""K2_repeat2_K2_C0002"", ""K2_repeat3_K2_C0002"", ""K3_repeat1_K3_C0003"", ""K3_repeat2_K3_C0003"", ""K3_repeat3_K3_C0003"", ""K4_repeat1_K4_C0001_M_K4_C0004"", ""K4_repeat2_K4_C0001"", ""K5_repeat2_K5_C0001_M_K5_C0005"", ""K5_repeat3_K5_C0001_M_K5_C0005"", ""K6_repeat3_K6_C0001_M_K6_C0004""]"
TCGA-B0-5703,TCGA-BP-5004,11,12,11,0.9166666666666666,"[""K2_repeat1_K2_C0002"", ""K2_repeat2_K2_C0002"", ""K2_repeat3_K2_C0002"", ""K3_repeat1_K3_C0003"", ""K3_repeat2_K3_C0003"", ""K3_repeat3_K3_C0003"", ""K4_repeat1_K4_C0001_M_K4_C0004"", ""K4_repeat2_K4_C0001"", ""K5_repeat2_K5_C0001_M_K5_C0005"", ""K5_repeat3_K5_C0001_M_K5_C0005"", ""K6_repeat3_K6_C0001_M_K6_C0004""]"
TCGA-B0-5703,TCGA-BP-5006,11,12,11,0.9166666666666666,"[""K2_repeat1_K2_C0002"", ""K2_repeat2_K2_C0002"", ""K2_repeat3_K2_C0002"", ""K3_repeat1_K3_C0003"", ""K3_repeat2_K3_C0003"", ""K3_repeat3_K3_C0003"", ""K4_repeat1_K4_C0001_M_K4_C0004"", ""K4_repeat2_K4_C0001"", ""K5_repeat2_K5_C0001_M_K5_C0005"", ""K5_repeat3_K5_C0001_M_K5_C0005"", ""K6_repeat3_K6_C0001_M_K6_C0004""]"
TCGA-B0-5703,TCGA-BP-5007,11,12,11,0.9166666666666666,"[""K2_repeat1_K2_C0002"", ""K2_repeat2_K2_C0002"", ""K2_repeat3_K2_C0002"", ""K3_repeat1_K3_C0003"", ""K3_repeat2_K3_C0003"", ""K3_repeat3_K3_C0003"", ""K4_repeat1_K4_C0001_M_K4_C0004"", ""K4_repeat2_K4_C0001"", ""K5_repeat2_K5_C0001_M_K5_C0005"", ""K5_repeat3_K5_C0001_M_K5_C0005"", ""K6_repeat3_K6_C0001_M_K6_C0004""]"
TCGA-B0-5703,TCGA-BP-5009,11,12,11,0.9166666666666666,"[""K2_repeat1_K2_C0002"", ""K2_repeat2_K2_C0002"", ""K2_repeat3_K2_C0002"", ""K3_repeat1_K3_C0003"", ""K3_repeat2_K3_C0003"", ""K3_repeat3_K3_C0003"", ""K4_repeat1_K4_C0001_M_K4_C0004"", ""K4_repeat2_K4_C0001"", ""K5_repeat2_K5_C0001_M_K5_C0005"", ""K5_repeat3_K5_C0001_M_K5_C0005"", ""K6_repeat3_K6_C0001_M_K6_C0004""]"
TCGA-B0-5703,TCGA-BP-5010,11,4,0,0.0,[]
TCGA-B0-5703,TCGA-BP-5174,11,8,4,0.36363636363636365,"[""K2_repeat1_K2_C0002"", ""K2_repeat2_K2_C0002"", ""K2_repeat3_K2_C0002"", ""K4_repeat1_K4_C0001_M_K4_C0004""]"
TCGA-B0-5703,TCGA-BP-5175,11,7,0,0.0,[]
TCGA-B0-5703,TCGA-BP-5180,11,13,11,0.8461538461538461,"[""K2_repeat1_K2_C0002"", ""K2_repeat2_K2_C0002"", ""K2_repeat3_K2_C0002"", ""K3_repeat1_K3_C0003"", ""K3_repeat2_K3_C0003"", ""K3_repeat3_K3_C0003"", ""K4_repeat1_K4_C0001_M_K4_C0004"", ""K4_repeat2_K4_C0001"", ""K5_repeat2_K5_C0001_M_K5_C0005"", ""K5_repeat3_K5_C0001_M_K5_C0005"", ""K6_repeat3_K6_C0001_M_K6_C0004""]"
TCGA-B0-5703,TCGA-BP-5181,11,13,11,0.8461538461538461,"[""K2_repeat1_K2_C0002"", ""K2_repeat2_K2_C0002"", ""K2_repeat3_K2_C0002"", ""K3_repeat1_K3_C0003"", ""K3_repeat2_K3_C0003"", ""K3_repeat3_K3_C0003"", ""K4_repeat1_K4_C0001_M_K4_C0004"", ""K4_repeat2_K4_C0001"", ""K5_repeat2_K5_C0001_M_K5_C0005"", ""K5_repeat3_K5_C0001_M_K5_C0005"", ""K6_repeat3_K6_C0001_M_K6_C0004""]"
TCGA-B0-5703,TCGA-BP-5183,11,13,11,0.8461538461538461,"[""K2_repeat1_K2_C0002"", ""K2_repeat2_K2_C0002"", ""K2_repeat3_K2_C0002"", ""K3_repeat1_K3_C0003"", ""K3_repeat2_K3_C0003"", ""K3_repeat3_K3_C0003"", ""K4_repeat1_K4_C0001_M_K4_C0004"", ""K4_repeat2_K4_C0001"", ""K5_repeat2_K5_C0001_M_K5_C0005"", ""K5_repeat3_K5_C0001_M_K5_C0005"", ""K6_repeat3_K6_C0001_M_K6_C0004""]"
TCGA-B0-5703,TCGA-BP-5184,11,13,11,0.8461538461538461,"[""K2_repeat1_K2_C0002"", ""K2_repeat2_K2_C0002"", ""K2_repeat3_K2_C0002"", ""K3_repeat1_K3_C0003"", ""K3_repeat2_K3_C0003"", ""K3_repeat3_K3_C0003"", ""K4_repeat1_K4_C0001_M_K4_C0004"", ""K4_repeat2_K4_C0001"", ""K5_repeat2_K5_C0001_M_K5_C0005"", ""K5_repeat3_K5_C0001_M_K5_C0005"", ""K6_repeat3_K6_C0001_M_K6_C0004""]"
TCGA-B0-5703,TCGA-BP-5186,11,13,11,0.8461538461538461,"[""K2_repeat1_K2_C0002"", ""K2_repeat2_K2_C0002"", ""K2_repeat3_K2_C0002"", ""K3_repeat1_K3_C0003"", ""K3_repeat2_K3_C0003"", ""K3_repeat3_K3_C0003"", ""K4_repeat1_K4_C0001_M_K4_C0004"", ""K4_repeat2_K4_C0001"", ""K5_repeat2_K5_C0001_M_K5_C0005"", ""K5_repeat3_K5_C0001_M_K5_C0005"", ""K6_repeat3_K6_C0001_M_K6_C0004""]"
TCGA-B0-5703,TCGA-BP-5187,11,13,11,0.8461538461538461,"[""K2_repeat1_K2_C0002"", ""K2_repeat2_K2_C0002"", ""K2_repeat3_K2_C0002"", ""K3_repeat1_K3_C0003"", ""K3_repeat2_K3_C0003"", ""K3_repeat3_K3_C0003"", ""K4_repeat1_K4_C0001_M_K4_C0004"", ""K4_repeat2_K4_C0001"", ""K5_repeat2_K5_C0001_M_K5_C0005"", ""K5_repeat3_K5_C0001_M_K5_C0005"", ""K6_repeat3_K6_C0001_M_K6_C0004""]"
TCGA-B0-5703,TCGA-BP-5189,11,11,9,0.8181818181818182,"[""K2_repeat1_K2_C0002"", ""K2_repeat2_K2_C0002"", ""K2_repeat3_K2_C0002"", ""K3_repeat1_K3_C0003"", ""K3_repeat2_K3_C0003"", ""K3_repeat3_K3_C0003"", ""K4_repeat1_K4_C0001_M_K4_C0004"", ""K4_repeat2_K4_C0001"", ""K6_repeat3_K6_C0001_M_K6_C0004""]"
TCGA-B0-5703,TCGA-BP-5190,11,3,0,0.0,[]
TCGA-B0-5703,TCGA-BP-5191,11,3,0,0.0,[]
TCGA-B0-5703,TCGA-BP-5192,11,10,7,0.6363636363636364,"[""K2_repeat1_K2_C0002"", ""K2_repeat2_K2_C0002"", ""K2_repeat3_K2_C0002"", ""K3_repeat1_K3_C0003"", ""K3_repeat2_K3_C0003"", ""K3_repeat3_K3_C0003"", ""K4_repeat1_K4_C0001_M_K4_C0004""]"
TCGA-B0-5703,TCGA-BP-5194,11,11,11,1.0,"[""K2_repeat1_K2_C0002"", ""K2_repeat2_K2_C0002"", ""K2_repeat3_K2_C0002"", ""K3_repeat1_K3_C0003"", ""K3_repeat2_K3_C0003"", ""K3_repeat3_K3_C0003"", ""K4_repeat1_K4_C0001_M_K4_C0004"", ""K4_repeat2_K4_C0001"", ""K5_repeat2_K5_C0001_M_K5_C0005"", ""K5_repeat3_K5_C0001_M_K5_C0005"", ""K6_repeat3_K6_C0001_M_K6_C0004""]"
TCGA-B0-5703,TCGA-BP-5195,11,12,11,0.9166666666666666,"[""K2_repeat1_K2_C0002"", ""K2_repeat2_K2_C0002"", ""K2_repeat3_K2_C0002"", ""K3_repeat1_K3_C0003"", ""K3_repeat2_K3_C0003"", ""K3_repeat3_K3_C0003"", ""K4_repeat1_K4_C0001_M_K4_C0004"", ""K4_repeat2_K4_C0001"", ""K5_repeat2_K5_C0001_M_K5_C0005"", ""K5_repeat3_K5_C0001_M_K5_C0005"", ""K6_repeat3_K6_C0001_M_K6_C0004""]"
TCGA-B0-5703,TCGA-BP-5196,11,8,4,0.36363636363636365,"[""K2_repeat1_K2_C0002"", ""K2_repeat2_K2_C0002"", ""K2_repeat3_K2_C0002"", ""K4_repeat1_K4_C0001_M_K4_C0004""]"
TCGA-B0-5703,TCGA-BP-5199,11,12,10,0.8333333333333334,"[""K2_repeat1_K2_C0002"", ""K2_repeat2_K2_C0002"", ""K2_repeat3_K2_C0002"", ""K3_repeat1_K3_C0003"", ""K3_repeat2_K3_C0003"", ""K3_repeat3_K3_C0003"", ""K4_repeat1_K4_C0001_M_K4_C0004"", ""K5_repeat2_K5_C0001_M_K5_C0005"", ""K5_repeat3_K5_C0001_M_K5_C0005"", ""K6_repeat3_K6_C0001_M_K6_C0004""]"
TCGA-B0-5703,TCGA-BP-5200,11,11,11,1.0,"[""K2_repeat1_K2_C0002"", ""K2_repeat2_K2_C0002"", ""K2_repeat3_K2_C0002"", ""K3_repeat1_K3_C0003"", ""K3_repeat2_K3_C0003"", ""K3_repeat3_K3_C0003"", ""K4_repeat1_K4_C0001_M_K4_C0004"", ""K4_repeat2_K4_C0001"", ""K5_repeat2_K5_C0001_M_K5_C0005"", ""K5_repeat3_K5_C0001_M_K5_C0005"", ""K6_repeat3_K6_C0001_M_K6_C0004""]"
TCGA-B0-5703,TCGA-CJ-4637,11,7,0,0.0,[]
TCGA-B0-5703,TCGA-CJ-4641,11,7,0,0.0,[]
TCGA-B0-5703,TCGA-CJ-4900,11,6,0,0.0,[]
TCGA-B0-5703,TCGA-CJ-4902,11,4,0,0.0,[]
TCGA-B0-5703,TCGA-CJ-4903,11,8,8,0.7272727272727273,"[""K2_repeat1_K2_C0002"", ""K2_repeat2_K2_C0002"", ""K2_repeat3_K2_C0002"", ""K4_repeat1_K4_C0001_M_K4_C0004"", ""K4_repeat2_K4_C0001"", ""K5_repeat2_K5_C0001_M_K5_C0005"", ""K5_repeat3_K5_C0001_M_K5_C0005"", ""K6_repeat3_K6_C0001_M_K6_C0004""]"
TCGA-B0-5703,TCGA-CJ-4904,11,9,8,0.7272727272727273,"[""K2_repeat1_K2_C0002"", ""K2_repeat2_K2_C0002"", ""K2_repeat3_K2_C0002"", ""K4_repeat1_K4_C0001_M_K4_C0004"", ""K4_repeat2_K4_C0001"", ""K5_repeat2_K5_C0001_M_K5_C0005"", ""K5_repeat3_K5_C0001_M_K5_C0005"", ""K6_repeat3_K6_C0001_M_K6_C0004""]"
TCGA-B0-5703,TCGA-CJ-4923,11,7,0,0.0,[]
TCGA-B0-5703,TCGA-CJ-6027,11,7,0,0.0,[]
TCGA-B0-5703,TCGA-CJ-6028,11,7,0,0.0,[]
TCGA-B0-5703,TCGA-CJ-6030,11,7,0,0.0,[]
TCGA-B0-5703,TCGA-CJ-6033,11,5,5,0.45454545454545453,"[""K4_repeat1_K4_C0001_M_K4_C0004"", ""K4_repeat2_K4_C0001"", ""K5_repeat2_K5_C0001_M_K5_C0005"", ""K5_repeat3_K5_C0001_M_K5_C0005"", ""K6_repeat3_K6_C0001_M_K6_C0004""]"
TCGA-B0-5703,TCGA-CZ-4859,11,12,11,0.9166666666666666,"[""K2_repeat1_K2_C0002"", ""K2_repeat2_K2_C0002"", ""K2_repeat3_K2_C0002"", ""K3_repeat1_K3_C0003"", ""K3_repeat2_K3_C0003"", ""K3_repeat3_K3_C0003"", ""K4_repeat1_K4_C0001_M_K4_C0004"", ""K4_repeat2_K4_C0001"", ""K5_repeat2_K5_C0001_M_K5_C0005"", ""K5_repeat3_K5_C0001_M_K5_C0005"", ""K6_repeat3_K6_C0001_M_K6_C0004""]"
TCGA-B0-5703,TCGA-CZ-4863,11,3,0,0.0,[]
TCGA-B0-5703,TCGA-CZ-4865,11,3,0,0.0,[]
TCGA-B0-5703,TCGA-CZ-5451,11,9,7,0.6363636363636364,"[""K2_repeat1_K2_C0002"", ""K2_repeat2_K2_C0002"", ""K2_repeat3_K2_C0002"", ""K4_repeat1_K4_C0001_M_K4_C0004"", ""K4_repeat2_K4_C0001"", ""K5_repeat2_K5_C0001_M_K5_C0005"", ""K5_repeat3_K5_C0001_M_K5_C0005""]"
TCGA-B0-5703,TCGA-CZ-5462,11,5,0,0.0,[]
TCGA-B0-5703,TCGA-CZ-5468,11,3,0,0.0,[]
TCGA-B0-5703,TCGA-CZ-5984,11,8,4,0.36363636363636365,"[""K2_repeat1_K2_C0002"", ""K2_repeat2_K2_C0002"", ""K2_repeat3_K2_C0002"", ""K4_repeat1_K4_C0001_M_K4_C0004""]"
TCGA-B0-5703,TCGA-CZ-5985,11,7,0,0.0,[]
TCGA-B0-5703,TCGA-CZ-5988,11,3,0,0.0,[]
TCGA-B0-5703,TCGA-G6-A5PC,11,7,0,0.0,[]
TCGA-B0-5703,TCGA-G6-A8L7,11,5,5,0.45454545454545453,"[""K4_repeat1_K4_C0001_M_K4_C0004"", ""K4_repeat2_K4_C0001"", ""K5_repeat2_K5_C0001_M_K5_C0005"", ""K5_repeat3_K5_C0001_M_K5_C0005"", ""K6_repeat3_K6_C0001_M_K6_C0004""]"
TCGA-B0-5706,TCGA-B0-5709,3,7,1,0.14285714285714285,"[""K5_repeat2_K5_C0002_M_K5_C0003""]"
TCGA-B0-5706,TCGA-B0-5712,3,3,3,1.0,"[""K5_repeat2_K5_C0002_M_K5_C0003"", ""K6_repeat3_K6_C0002_M_K6_C0003"", ""K7_repeat1_K7_C0002_M_K7_C0003""]"
TCGA-B0-5706,TCGA-B0-5812,3,13,0,0.0,[]
TCGA-B0-5706,TCGA-B8-4148,3,9,2,0.2222222222222222,"[""K6_repeat3_K6_C0002_M_K6_C0003"", ""K7_repeat1_K7_C0002_M_K7_C0003""]"
TCGA-B0-5706,TCGA-B8-4151,3,3,3,1.0,"[""K5_repeat2_K5_C0002_M_K5_C0003"", ""K6_repeat3_K6_C0002_M_K6_C0003"", ""K7_repeat1_K7_C0002_M_K7_C0003""]"
TCGA-B0-5706,TCGA-B8-4153,3,3,3,1.0,"[""K5_repeat2_K5_C0002_M_K5_C0003"", ""K6_repeat3_K6_C0002_M_K6_C0003"", ""K7_repeat1_K7_C0002_M_K7_C0003""]"
TCGA-B0-5706,TCGA-B8-4619,3,3,3,1.0,"[""K5_repeat2_K5_C0002_M_K5_C0003"", ""K6_repeat3_K6_C0002_M_K6_C0003"", ""K7_repeat1_K7_C0002_M_K7_C0003""]"
TCGA-B0-5706,TCGA-B8-4622,3,9,2,0.2222222222222222,"[""K6_repeat3_K6_C0002_M_K6_C0003"", ""K7_repeat1_K7_C0002_M_K7_C0003""]"
TCGA-B0-5706,TCGA-B8-5158,3,3,3,1.0,"[""K5_repeat2_K5_C0002_M_K5_C0003"", ""K6_repeat3_K6_C0002_M_K6_C0003"", ""K7_repeat1_K7_C0002_M_K7_C0003""]"
TCGA-B0-5706,TCGA-B8-5159,3,8,0,0.0,[]
TCGA-B0-5706,TCGA-B8-5162,3,8,0,0.0,[]
TCGA-B0-5706,TCGA-B8-5164,3,3,3,1.0,"[""K5_repeat2_K5_C0002_M_K5_C0003"", ""K6_repeat3_K6_C0002_M_K6_C0003"", ""K7_repeat1_K7_C0002_M_K7_C0003""]"
TCGA-B0-5706,TCGA-B8-5165,3,8,0,0.0,[]
TCGA-B0-5706,TCGA-B8-5546,3,3,3,1.0,"[""K5_repeat2_K5_C0002_M_K5_C0003"", ""K6_repeat3_K6_C0002_M_K6_C0003"", ""K7_repeat1_K7_C0002_M_K7_C0003""]"
TCGA-B0-5706,TCGA-B8-5549,3,8,0,0.0,[]
TCGA-B0-5706,TCGA-B8-5550,3,3,3,1.0,"[""K5_repeat2_K5_C0002_M_K5_C0003"", ""K6_repeat3_K6_C0002_M_K6_C0003"", ""K7_repeat1_K7_C0002_M_K7_C0003""]"
TCGA-B0-5706,TCGA-B8-5551,3,7,1,0.14285714285714285,"[""K5_repeat2_K5_C0002_M_K5_C0003""]"
TCGA-B0-5706,TCGA-B8-5553,3,3,3,1.0,"[""K5_repeat2_K5_C0002_M_K5_C0003"", ""K6_repeat3_K6_C0002_M_K6_C0003"", ""K7_repeat1_K7_C0002_M_K7_C0003""]"
TCGA-B0-5706,TCGA-B8-A54D,3,5,3,0.6,"[""K5_repeat2_K5_C0002_M_K5_C0003"", ""K6_repeat3_K6_C0002_M_K6_C0003"", ""K7_repeat1_K7_C0002_M_K7_C0003""]"
TCGA-B0-5706,TCGA-B8-A54E,3,3,3,1.0,"[""K5_repeat2_K5_C0002_M_K5_C0003"", ""K6_repeat3_K6_C0002_M_K6_C0003"", ""K7_repeat1_K7_C0002_M_K7_C0003""]"
TCGA-B0-5706,TCGA-B8-A54F,3,3,3,1.0,"[""K5_repeat2_K5_C0002_M_K5_C0003"", ""K6_repeat3_K6_C0002_M_K6_C0003"", ""K7_repeat1_K7_C0002_M_K7_C0003""]"
TCGA-B0-5706,TCGA-B8-A54G,3,5,3,0.6,"[""K5_repeat2_K5_C0002_M_K5_C0003"", ""K6_repeat3_K6_C0002_M_K6_C0003"", ""K7_repeat1_K7_C0002_M_K7_C0003""]"
TCGA-B0-5706,TCGA-BP-4164,3,8,0,0.0,[]
TCGA-B0-5706,TCGA-BP-4167,3,7,1,0.14285714285714285,"[""K5_repeat2_K5_C0002_M_K5_C0003""]"
TCGA-B0-5706,TCGA-BP-4770,3,3,3,1.0,"[""K5_repeat2_K5_C0002_M_K5_C0003"", ""K6_repeat3_K6_C0002_M_K6_C0003"", ""K7_repeat1_K7_C0002_M_K7_C0003""]"
TCGA-B0-5706,TCGA-BP-4782,3,3,3,1.0,"[""K5_repeat2_K5_C0002_M_K5_C0003"", ""K6_repeat3_K6_C0002_M_K6_C0003"", ""K7_repeat1_K7_C0002_M_K7_C0003""]"
TCGA-B0-5706,TCGA-BP-4960,3,10,0,0.0,[]
TCGA-B0-5706,TCGA-BP-4962,3,7,1,0.14285714285714285,"[""K5_repeat2_K5_C0002_M_K5_C0003""]"
TCGA-B0-5706,TCGA-BP-4965,3,11,0,0.0,[]
TCGA-B0-5706,TCGA-BP-4967,3,8,0,0.0,[]
TCGA-B0-5706,TCGA-BP-4970,3,8,0,0.0,[]
TCGA-B0-5706,TCGA-BP-4971,3,7,1,0.14285714285714285,"[""K5_repeat2_K5_C0002_M_K5_C0003""]"
TCGA-B0-5706,TCGA-BP-4972,3,6,1,0.16666666666666666,"[""K5_repeat2_K5_C0002_M_K5_C0003""]"
TCGA-B0-5706,TCGA-BP-4976,3,12,0,0.0,[]
TCGA-B0-5706,TCGA-BP-4977,3,8,0,0.0,[]
TCGA-B0-5706,TCGA-BP-4982,3,11,0,0.0,[]
TCGA-B0-5706,TCGA-BP-4986,3,8,0,0.0,[]
TCGA-B0-5706,TCGA-BP-4988,3,9,0,0.0,[]
TCGA-B0-5706,TCGA-BP-4989,3,13,0,0.0,[]
TCGA-B0-5706,TCGA-BP-4992,3,7,1,0.14285714285714285,"[""K5_repeat2_K5_C0002_M_K5_C0003""]"
TCGA-B0-5706,TCGA-BP-4994,3,3,3,1.0,"[""K5_repeat2_K5_C0002_M_K5_C0003"", ""K6_repeat3_K6_C0002_M_K6_C0003"", ""K7_repeat1_K7_C0002_M_K7_C0003""]"
TCGA-B0-5706,TCGA-BP-4995,3,12,0,0.0,[]
TCGA-B0-5706,TCGA-BP-4999,3,11,0,0.0,[]
TCGA-B0-5706,TCGA-BP-5000,3,3,3,1.0,"[""K5_repeat2_K5_C0002_M_K5_C0003"", ""K6_repeat3_K6_C0002_M_K6_C0003"", ""K7_repeat1_K7_C0002_M_K7_C0003""]"
TCGA-B0-5706,TCGA-BP-5001,3,12,0,0.0,[]
TCGA-B0-5706,TCGA-BP-5004,3,12,0,0.0,[]
TCGA-B0-5706,TCGA-BP-5006,3,12,0,0.0,[]
TCGA-B0-5706,TCGA-BP-5007,3,12,0,0.0,[]
TCGA-B0-5706,TCGA-BP-5009,3,12,0,0.0,[]
TCGA-B0-5706,TCGA-BP-5010,3,4,0,0.0,[]
TCGA-B0-5706,TCGA-BP-5174,3,8,0,0.0,[]
TCGA-B0-5706,TCGA-BP-5175,3,7,1,0.14285714285714285,"[""K5_repeat2_K5_C0002_M_K5_C0003""]"
TCGA-B0-5706,TCGA-BP-5180,3,13,0,0.0,[]
TCGA-B0-5706,TCGA-BP-5181,3,13,0,0.0,[]
TCGA-B0-5706,TCGA-BP-5183,3,13,0,0.0,[]
TCGA-B0-5706,TCGA-BP-5184,3,13,0,0.0,[]
TCGA-B0-5706,TCGA-BP-5186,3,13,0,0.0,[]
TCGA-B0-5706,TCGA-BP-5187,3,13,0,0.0,[]
TCGA-B0-5706,TCGA-BP-5189,3,11,2,0.18181818181818182,"[""K5_repeat2_K5_C0002_M_K5_C0003"", ""K7_repeat1_K7_C0002_M_K7_C0003""]"
TCGA-B0-5706,TCGA-BP-5190,3,3,3,1.0,"[""K5_repeat2_K5_C0002_M_K5_C0003"", ""K6_repeat3_K6_C0002_M_K6_C0003"", ""K7_repeat1_K7_C0002_M_K7_C0003""]"
TCGA-B0-5706,TCGA-BP-5191,3,3,3,1.0,"[""K5_repeat2_K5_C0002_M_K5_C0003"", ""K6_repeat3_K6_C0002_M_K6_C0003"", ""K7_repeat1_K7_C0002_M_K7_C0003""]"
TCGA-B0-5706,TCGA-BP-5192,3,10,0,0.0,[]
TCGA-B0-5706,TCGA-BP-5194,3,11,0,0.0,[]
TCGA-B0-5706,TCGA-BP-5195,3,12,0,0.0,[]
TCGA-B0-5706,TCGA-BP-5196,3,8,0,0.0,[]
TCGA-B0-5706,TCGA-BP-5199,3,12,0,0.0,[]
TCGA-B0-5706,TCGA-BP-5200,3,11,0,0.0,[]
TCGA-B0-5706,TCGA-CJ-4637,3,7,1,0.14285714285714285,"[""K5_repeat2_K5_C0002_M_K5_C0003""]"
TCGA-B0-5706,TCGA-CJ-4641,3,7,1,0.14285714285714285,"[""K5_repeat2_K5_C0002_M_K5_C0003""]"
TCGA-B0-5706,TCGA-CJ-4900,3,6,1,0.16666666666666666,"[""K5_repeat2_K5_C0002_M_K5_C0003""]"
TCGA-B0-5706,TCGA-CJ-4902,3,4,0,0.0,[]
TCGA-B0-5706,TCGA-CJ-4903,3,8,0,0.0,[]
TCGA-B0-5706,TCGA-CJ-4904,3,9,0,0.0,[]
TCGA-B0-5706,TCGA-CJ-4923,3,7,1,0.14285714285714285,"[""K5_repeat2_K5_C0002_M_K5_C0003""]"
TCGA-B0-5706,TCGA-CJ-6027,3,7,1,0.14285714285714285,"[""K5_repeat2_K5_C0002_M_K5_C0003""]"
TCGA-B0-5706,TCGA-CJ-6028,3,7,1,0.14285714285714285,"[""K5_repeat2_K5_C0002_M_K5_C0003""]"
TCGA-B0-5706,TCGA-CJ-6030,3,7,1,0.14285714285714285,"[""K5_repeat2_K5_C0002_M_K5_C0003""]"
TCGA-B0-5706,TCGA-CJ-6033,3,5,0,0.0,[]
TCGA-B0-5706,TCGA-CZ-4859,3,12,0,0.0,[]
TCGA-B0-5706,TCGA-CZ-4863,3,3,3,1.0,"[""K5_repeat2_K5_C0002_M_K5_C0003"", ""K6_repeat3_K6_C0002_M_K6_C0003"", ""K7_repeat1_K7_C0002_M_K7_C0003""]"
TCGA-B0-5706,TCGA-CZ-4865,3,3,3,1.0,"[""K5_repeat2_K5_C0002_M_K5_C0003"", ""K6_repeat3_K6_C0002_M_K6_C0003"", ""K7_repeat1_K7_C0002_M_K7_C0003""]"
TCGA-B0-5706,TCGA-CZ-5451,3,9,2,0.2222222222222222,"[""K6_repeat3_K6_C0002_M_K6_C0003"", ""K7_repeat1_K7_C0002_M_K7_C0003""]"
TCGA-B0-5706,TCGA-CZ-5462,3,5,3,0.6,"[""K5_repeat2_K5_C0002_M_K5_C0003"", ""K6_repeat3_K6_C0002_M_K6_C0003"", ""K7_repeat1_K7_C0002_M_K7_C0003""]"
TCGA-B0-5706,TCGA-CZ-5468,3,3,3,1.0,"[""K5_repeat2_K5_C0002_M_K5_C0003"", ""K6_repeat3_K6_C0002_M_K6_C0003"", ""K7_repeat1_K7_C0002_M_K7_C0003""]"
TCGA-B0-5706,TCGA-CZ-5984,3,8,0,0.0,[]
TCGA-B0-5706,TCGA-CZ-5985,3,7,1,0.14285714285714285,"[""K5_repeat2_K5_C0002_M_K5_C0003""]"
TCGA-B0-5706,TCGA-CZ-5988,3,3,3,1.0,"[""K5_repeat2_K5_C0002_M_K5_C0003"", ""K6_repeat3_K6_C0002_M_K6_C0003"", ""K7_repeat1_K7_C0002_M_K7_C0003""]"
TCGA-B0-5706,TCGA-G6-A5PC,3,7,1,0.14285714285714285,"[""K5_repeat2_K5_C0002_M_K5_C0003""]"
TCGA-B0-5706,TCGA-G6-A8L7,3,5,0,0.0,[]
TCGA-B0-5709,TCGA-B0-5712,7,3,1,0.14285714285714285,"[""K5_repeat2_K5_C0002_M_K5_C0003""]"
TCGA-B0-5709,TCGA-B0-5812,7,13,0,0.0,[]
TCGA-B0-5709,TCGA-B8-4148,7,9,0,0.0,[]
TCGA-B0-5709,TCGA-B8-4151,7,3,1,0.14285714285714285,"[""K5_repeat2_K5_C0002_M_K5_C0003""]"
TCGA-B0-5709,TCGA-B8-4153,7,3,1,0.14285714285714285,"[""K5_repeat2_K5_C0002_M_K5_C0003""]"
TCGA-B0-5709,TCGA-B8-4619,7,3,1,0.14285714285714285,"[""K5_repeat2_K5_C0002_M_K5_C0003""]"
TCGA-B0-5709,TCGA-B8-4622,7,9,0,0.0,[]
TCGA-B0-5709,TCGA-B8-5158,7,3,1,0.14285714285714285,"[""K5_repeat2_K5_C0002_M_K5_C0003""]"
TCGA-B0-5709,TCGA-B8-5159,7,8,0,0.0,[]
TCGA-B0-5709,TCGA-B8-5162,7,8,0,0.0,[]
TCGA-B0-5709,TCGA-B8-5164,7,3,1,0.14285714285714285,"[""K5_repeat2_K5_C0002_M_K5_C0003""]"
TCGA-B0-5709,TCGA-B8-5165,7,8,0,0.0,[]
TCGA-B0-5709,TCGA-B8-5546,7,3,1,0.14285714285714285,"[""K5_repeat2_K5_C0002_M_K5_C0003""]"
TCGA-B0-5709,TCGA-B8-5549,7,8,0,0.0,[]
TCGA-B0-5709,TCGA-B8-5550,7,3,1,0.14285714285714285,"[""K5_repeat2_K5_C0002_M_K5_C0003""]"
TCGA-B0-5709,TCGA-B8-5551,7,7,7,1.0,"[""K4_repeat2_K4_C0003"", ""K5_repeat2_K5_C0002_M_K5_C0003"", ""K5_repeat3_K5_C0003"", ""K6_repeat3_K6_C0005"", ""K7_repeat1_K7_C0005"", ""K8_repeat1_K8_C0005"", ""K8_repeat2_K8_C0005""]"
TCGA-B0-5709,TCGA-B8-5553,7,3,1,0.14285714285714285,"[""K5_repeat2_K5_C0002_M_K5_C0003""]"
TCGA-B0-5709,TCGA-B8-A54D,7,5,3,0.42857142857142855,"[""K5_repeat2_K5_C0002_M_K5_C0003"", ""K8_repeat1_K8_C0005"", ""K8_repeat2_K8_C0005""]"
TCGA-B0-5709,TCGA-B8-A54E,7,3,1,0.14285714285714285,"[""K5_repeat2_K5_C0002_M_K5_C0003""]"
TCGA-B0-5709,TCGA-B8-A54F,7,3,1,0.14285714285714285,"[""K5_repeat2_K5_C0002_M_K5_C0003""]"
TCGA-B0-5709,TCGA-B8-A54G,7,5,3,0.42857142857142855,"[""K5_repeat2_K5_C0002_M_K5_C0003"", ""K8_repeat1_K8_C0005"", ""K8_repeat2_K8_C0005""]"
TCGA-B0-5709,TCGA-BP-4164,7,8,0,0.0,[]
TCGA-B0-5709,TCGA-BP-4167,7,7,7,1.0,"[""K4_repeat2_K4_C0003"", ""K5_repeat2_K5_C0002_M_K5_C0003"", ""K5_repeat3_K5_C0003"", ""K6_repeat3_K6_C0005"", ""K7_repeat1_K7_C0005"", ""K8_repeat1_K8_C0005"", ""K8_repeat2_K8_C0005""]"
TCGA-B0-5709,TCGA-BP-4770,7,3,1,0.14285714285714285,"[""K5_repeat2_K5_C0002_M_K5_C0003""]"
TCGA-B0-5709,TCGA-BP-4782,7,3,1,0.14285714285714285,"[""K5_repeat2_K5_C0002_M_K5_C0003""]"
TCGA-B0-5709,TCGA-BP-4960,7,10,0,0.0,[]
TCGA-B0-5709,TCGA-BP-4962,7,7,7,1.0,"[""K4_repeat2_K4_C0003"", ""K5_repeat2_K5_C0002_M_K5_C0003"", ""K5_repeat3_K5_C0003"", ""K6_repeat3_K6_C0005"", ""K7_repeat1_K7_C0005"", ""K8_repeat1_K8_C0005"", ""K8_repeat2_K8_C0005""]"
TCGA-B0-5709,TCGA-BP-4965,7,11,0,0.0,[]
TCGA-B0-5709,TCGA-BP-4967,7,8,0,0.0,[]
TCGA-B0-5709,TCGA-BP-4970,7,8,0,0.0,[]
TCGA-B0-5709,TCGA-BP-4971,7,7,7,1.0,"[""K4_repeat2_K4_C0003"", ""K5_repeat2_K5_C0002_M_K5_C0003"", ""K5_repeat3_K5_C0003"", ""K6_repeat3_K6_C0005"", ""K7_repeat1_K7_C0005"", ""K8_repeat1_K8_C0005"", ""K8_repeat2_K8_C0005""]"
TCGA-B0-5709,TCGA-BP-4972,7,6,1,0.14285714285714285,"[""K5_repeat2_K5_C0002_M_K5_C0003""]"
TCGA-B0-5709,TCGA-BP-4976,7,12,0,0.0,[]
TCGA-B0-5709,TCGA-BP-4977,7,8,0,0.0,[]
TCGA-B0-5709,TCGA-BP-4982,7,11,0,0.0,[]
TCGA-B0-5709,TCGA-BP-4986,7,8,0,0.0,[]
TCGA-B0-5709,TCGA-BP-4988,7,9,0,0.0,[]
TCGA-B0-5709,TCGA-BP-4989,7,13,0,0.0,[]
TCGA-B0-5709,TCGA-BP-4992,7,7,7,1.0,"[""K4_repeat2_K4_C0003"", ""K5_repeat2_K5_C0002_M_K5_C0003"", ""K5_repeat3_K5_C0003"", ""K6_repeat3_K6_C0005"", ""K7_repeat1_K7_C0005"", ""K8_repeat1_K8_C0005"", ""K8_repeat2_K8_C0005""]"
TCGA-B0-5709,TCGA-BP-4994,7,3,1,0.14285714285714285,"[""K5_repeat2_K5_C0002_M_K5_C0003""]"
TCGA-B0-5709,TCGA-BP-4995,7,12,0,0.0,[]
TCGA-B0-5709,TCGA-BP-4999,7,11,0,0.0,[]
TCGA-B0-5709,TCGA-BP-5000,7,3,1,0.14285714285714285,"[""K5_repeat2_K5_C0002_M_K5_C0003""]"
TCGA-B0-5709,TCGA-BP-5001,7,12,0,0.0,[]
TCGA-B0-5709,TCGA-BP-5004,7,12,0,0.0,[]
TCGA-B0-5709,TCGA-BP-5006,7,12,0,0.0,[]
TCGA-B0-5709,TCGA-BP-5007,7,12,0,0.0,[]
TCGA-B0-5709,TCGA-BP-5009,7,12,0,0.0,[]
TCGA-B0-5709,TCGA-BP-5010,7,4,1,0.14285714285714285,"[""K4_repeat2_K4_C0003""]"
TCGA-B0-5709,TCGA-BP-5174,7,8,0,0.0,[]
TCGA-B0-5709,TCGA-BP-5175,7,7,7,1.0,"[""K4_repeat2_K4_C0003"", ""K5_repeat2_K5_C0002_M_K5_C0003"", ""K5_repeat3_K5_C0003"", ""K6_repeat3_K6_C0005"", ""K7_repeat1_K7_C0005"", ""K8_repeat1_K8_C0005"", ""K8_repeat2_K8_C0005""]"
TCGA-B0-5709,TCGA-BP-5180,7,13,0,0.0,[]
TCGA-B0-5709,TCGA-BP-5181,7,13,0,0.0,[]
TCGA-B0-5709,TCGA-BP-5183,7,13,0,0.0,[]
TCGA-B0-5709,TCGA-BP-5184,7,13,0,0.0,[]
TCGA-B0-5709,TCGA-BP-5186,7,13,0,0.0,[]
TCGA-B0-5709,TCGA-BP-5187,7,13,0,0.0,[]
TCGA-B0-5709,TCGA-BP-5189,7,11,1,0.09090909090909091,"[""K5_repeat2_K5_C0002_M_K5_C0003""]"
TCGA-B0-5709,TCGA-BP-5190,7,3,1,0.14285714285714285,"[""K5_repeat2_K5_C0002_M_K5_C0003""]"
TCGA-B0-5709,TCGA-BP-5191,7,3,1,0.14285714285714285,"[""K5_repeat2_K5_C0002_M_K5_C0003""]"
TCGA-B0-5709,TCGA-BP-5192,7,10,0,0.0,[]
TCGA-B0-5709,TCGA-BP-5194,7,11,0,0.0,[]
TCGA-B0-5709,TCGA-BP-5195,7,12,0,0.0,[]
TCGA-B0-5709,TCGA-BP-5196,7,8,0,0.0,[]
TCGA-B0-5709,TCGA-BP-5199,7,12,0,0.0,[]
TCGA-B0-5709,TCGA-BP-5200,7,11,0,0.0,[]
TCGA-B0-5709,TCGA-CJ-4637,7,7,7,1.0,"[""K4_repeat2_K4_C0003"", ""K5_repeat2_K5_C0002_M_K5_C0003"", ""K5_repeat3_K5_C0003"", ""K6_repeat3_K6_C0005"", ""K7_repeat1_K7_C0005"", ""K8_repeat1_K8_C0005"", ""K8_repeat2_K8_C0005""]"
TCGA-B0-5709,TCGA-CJ-4641,7,7,7,1.0,"[""K4_repeat2_K4_C0003"", ""K5_repeat2_K5_C0002_M_K5_C0003"", ""K5_repeat3_K5_C0003"", ""K6_repeat3_K6_C0005"", ""K7_repeat1_K7_C0005"", ""K8_repeat1_K8_C0005"", ""K8_repeat2_K8_C0005""]"
TCGA-B0-5709,TCGA-CJ-4900,7,6,5,0.7142857142857143,"[""K4_repeat2_K4_C0003"", ""K5_repeat2_K5_C0002_M_K5_C0003"", ""K5_repeat3_K5_C0003"", ""K6_repeat3_K6_C0005"", ""K7_repeat1_K7_C0005""]"
TCGA-B0-5709,TCGA-CJ-4902,7,4,1,0.14285714285714285,"[""K4_repeat2_K4_C0003""]"
TCGA-B0-5709,TCGA-CJ-4903,7,8,0,0.0,[]
TCGA-B0-5709,TCGA-CJ-4904,7,9,0,0.0,[]
TCGA-B0-5709,TCGA-CJ-4923,7,7,7,1.0,"[""K4_repeat2_K4_C0003"", ""K5_repeat2_K5_C0002_M_K5_C0003"", ""K5_repeat3_K5_C0003"", ""K6_repeat3_K6_C0005"", ""K7_repeat1_K7_C0005"", ""K8_repeat1_K8_C0005"", ""K8_repeat2_K8_C0005""]"
TCGA-B0-5709,TCGA-CJ-6027,7,7,7,1.0,"[""K4_repeat2_K4_C0003"", ""K5_repeat2_K5_C0002_M_K5_C0003"", ""K5_repeat3_K5_C0003"", ""K6_repeat3_K6_C0005"", ""K7_repeat1_K7_C0005"", ""K8_repeat1_K8_C0005"", ""K8_repeat2_K8_C0005""]"
TCGA-B0-5709,TCGA-CJ-6028,7,7,7,1.0,"[""K4_repeat2_K4_C0003"", ""K5_repeat2_K5_C0002_M_K5_C0003"", ""K5_repeat3_K5_C0003"", ""K6_repeat3_K6_C0005"", ""K7_repeat1_K7_C0005"", ""K8_repeat1_K8_C0005"", ""K8_repeat2_K8_C0005""]"
TCGA-B0-5709,TCGA-CJ-6030,7,7,7,1.0,"[""K4_repeat2_K4_C0003"", ""K5_repeat2_K5_C0002_M_K5_C0003"", ""K5_repeat3_K5_C0003"", ""K6_repeat3_K6_C0005"", ""K7_repeat1_K7_C0005"", ""K8_repeat1_K8_C0005"", ""K8_repeat2_K8_C0005""]"
TCGA-B0-5709,TCGA-CJ-6033,7,5,0,0.0,[]
TCGA-B0-5709,TCGA-CZ-4859,7,12,0,0.0,[]
TCGA-B0-5709,TCGA-CZ-4863,7,3,1,0.14285714285714285,"[""K5_repeat2_K5_C0002_M_K5_C0003""]"
TCGA-B0-5709,TCGA-CZ-4865,7,3,1,0.14285714285714285,"[""K5_repeat2_K5_C0002_M_K5_C0003""]"
TCGA-B0-5709,TCGA-CZ-5451,7,9,0,0.0,[]
TCGA-B0-5709,TCGA-CZ-5462,7,5,3,0.42857142857142855,"[""K5_repeat2_K5_C0002_M_K5_C0003"", ""K8_repeat1_K8_C0005"", ""K8_repeat2_K8_C0005""]"
TCGA-B0-5709,TCGA-CZ-5468,7,3,1,0.14285714285714285,"[""K5_repeat2_K5_C0002_M_K5_C0003""]"
TCGA-B0-5709,TCGA-CZ-5984,7,8,0,0.0,[]
TCGA-B0-5709,TCGA-CZ-5985,7,7,7,1.0,"[""K4_repeat2_K4_C0003"", ""K5_repeat2_K5_C0002_M_K5_C0003"", ""K5_repeat3_K5_C0003"", ""K6_repeat3_K6_C0005"", ""K7_repeat1_K7_C0005"", ""K8_repeat1_K8_C0005"", ""K8_repeat2_K8_C0005""]"
TCGA-B0-5709,TCGA-CZ-5988,7,3,1,0.14285714285714285,"[""K5_repeat2_K5_C0002_M_K5_C0003""]"
TCGA-B0-5709,TCGA-G6-A5PC,7,7,7,1.0,"[""K4_repeat2_K4_C0003"", ""K5_repeat2_K5_C0002_M_K5_C0003"", ""K5_repeat3_K5_C0003"", ""K6_repeat3_K6_C0005"", ""K7_repeat1_K7_C0005"", ""K8_repeat1_K8_C0005"", ""K8_repeat2_K8_C0005""]"
TCGA-B0-5709,TCGA-G6-A8L7,7,5,0,0.0,[]
TCGA-B0-5712,TCGA-B0-5812,3,13,0,0.0,[]
TCGA-B0-5712,TCGA-B8-4148,3,9,2,0.2222222222222222,"[""K6_repeat3_K6_C0002_M_K6_C0003"", ""K7_repeat1_K7_C0002_M_K7_C0003""]"
TCGA-B0-5712,TCGA-B8-4151,3,3,3,1.0,"[""K5_repeat2_K5_C0002_M_K5_C0003"", ""K6_repeat3_K6_C0002_M_K6_C0003"", ""K7_repeat1_K7_C0002_M_K7_C0003""]"
TCGA-B0-5712,TCGA-B8-4153,3,3,3,1.0,"[""K5_repeat2_K5_C0002_M_K5_C0003"", ""K6_repeat3_K6_C0002_M_K6_C0003"", ""K7_repeat1_K7_C0002_M_K7_C0003""]"
TCGA-B0-5712,TCGA-B8-4619,3,3,3,1.0,"[""K5_repeat2_K5_C0002_M_K5_C0003"", ""K6_repeat3_K6_C0002_M_K6_C0003"", ""K7_repeat1_K7_C0002_M_K7_C0003""]"
TCGA-B0-5712,TCGA-B8-4622,3,9,2,0.2222222222222222,"[""K6_repeat3_K6_C0002_M_K6_C0003"", ""K7_repeat1_K7_C0002_M_K7_C0003""]"
TCGA-B0-5712,TCGA-B8-5158,3,3,3,1.0,"[""K5_repeat2_K5_C0002_M_K5_C0003"", ""K6_repeat3_K6_C0002_M_K6_C0003"", ""K7_repeat1_K7_C0002_M_K7_C0003""]"
TCGA-B0-5712,TCGA-B8-5159,3,8,0,0.0,[]
TCGA-B0-5712,TCGA-B8-5162,3,8,0,0.0,[]
TCGA-B0-5712,TCGA-B8-5164,3,3,3,1.0,"[""K5_repeat2_K5_C0002_M_K5_C0003"", ""K6_repeat3_K6_C0002_M_K6_C0003"", ""K7_repeat1_K7_C0002_M_K7_C0003""]"
TCGA-B0-5712,TCGA-B8-5165,3,8,0,0.0,[]
TCGA-B0-5712,TCGA-B8-5546,3,3,3,1.0,"[""K5_repeat2_K5_C0002_M_K5_C0003"", ""K6_repeat3_K6_C0002_M_K6_C0003"", ""K7_repeat1_K7_C0002_M_K7_C0003""]"
TCGA-B0-5712,TCGA-B8-5549,3,8,0,0.0,[]
TCGA-B0-5712,TCGA-B8-5550,3,3,3,1.0,"[""K5_repeat2_K5_C0002_M_K5_C0003"", ""K6_repeat3_K6_C0002_M_K6_C0003"", ""K7_repeat1_K7_C0002_M_K7_C0003""]"
TCGA-B0-5712,TCGA-B8-5551,3,7,1,0.14285714285714285,"[""K5_repeat2_K5_C0002_M_K5_C0003""]"
TCGA-B0-5712,TCGA-B8-5553,3,3,3,1.0,"[""K5_repeat2_K5_C0002_M_K5_C0003"", ""K6_repeat3_K6_C0002_M_K6_C0003"", ""K7_repeat1_K7_C0002_M_K7_C0003""]"
TCGA-B0-5712,TCGA-B8-A54D,3,5,3,0.6,"[""K5_repeat2_K5_C0002_M_K5_C0003"", ""K6_repeat3_K6_C0002_M_K6_C0003"", ""K7_repeat1_K7_C0002_M_K7_C0003""]"
TCGA-B0-5712,TCGA-B8-A54E,3,3,3,1.0,"[""K5_repeat2_K5_C0002_M_K5_C0003"", ""K6_repeat3_K6_C0002_M_K6_C0003"", ""K7_repeat1_K7_C0002_M_K7_C0003""]"
TCGA-B0-5712,TCGA-B8-A54F,3,3,3,1.0,"[""K5_repeat2_K5_C0002_M_K5_C0003"", ""K6_repeat3_K6_C0002_M_K6_C0003"", ""K7_repeat1_K7_C0002_M_K7_C0003""]"
TCGA-B0-5712,TCGA-B8-A54G,3,5,3,0.6,"[""K5_repeat2_K5_C0002_M_K5_C0003"", ""K6_repeat3_K6_C0002_M_K6_C0003"", ""K7_repeat1_K7_C0002_M_K7_C0003""]"
TCGA-B0-5712,TCGA-BP-4164,3,8,0,0.0,[]
TCGA-B0-5712,TCGA-BP-4167,3,7,1,0.14285714285714285,"[""K5_repeat2_K5_C0002_M_K5_C0003""]"
TCGA-B0-5712,TCGA-BP-4770,3,3,3,1.0,"[""K5_repeat2_K5_C0002_M_K5_C0003"", ""K6_repeat3_K6_C0002_M_K6_C0003"", ""K7_repeat1_K7_C0002_M_K7_C0003""]"
TCGA-B0-5712,TCGA-BP-4782,3,3,3,1.0,"[""K5_repeat2_K5_C0002_M_K5_C0003"", ""K6_repeat3_K6_C0002_M_K6_C0003"", ""K7_repeat1_K7_C0002_M_K7_C0003""]"
TCGA-B0-5712,TCGA-BP-4960,3,10,0,0.0,[]
TCGA-B0-5712,TCGA-BP-4962,3,7,1,0.14285714285714285,"[""K5_repeat2_K5_C0002_M_K5_C0003""]"
TCGA-B0-5712,TCGA-BP-4965,3,11,0,0.0,[]
TCGA-B0-5712,TCGA-BP-4967,3,8,0,0.0,[]
TCGA-B0-5712,TCGA-BP-4970,3,8,0,0.0,[]
TCGA-B0-5712,TCGA-BP-4971,3,7,1,0.14285714285714285,"[""K5_repeat2_K5_C0002_M_K5_C0003""]"
TCGA-B0-5712,TCGA-BP-4972,3,6,1,0.16666666666666666,"[""K5_repeat2_K5_C0002_M_K5_C0003""]"
TCGA-B0-5712,TCGA-BP-4976,3,12,0,0.0,[]
TCGA-B0-5712,TCGA-BP-4977,3,8,0,0.0,[]
TCGA-B0-5712,TCGA-BP-4982,3,11,0,0.0,[]
TCGA-B0-5712,TCGA-BP-4986,3,8,0,0.0,[]
TCGA-B0-5712,TCGA-BP-4988,3,9,0,0.0,[]
TCGA-B0-5712,TCGA-BP-4989,3,13,0,0.0,[]
TCGA-B0-5712,TCGA-BP-4992,3,7,1,0.14285714285714285,"[""K5_repeat2_K5_C0002_M_K5_C0003""]"
TCGA-B0-5712,TCGA-BP-4994,3,3,3,1.0,"[""K5_repeat2_K5_C0002_M_K5_C0003"", ""K6_repeat3_K6_C0002_M_K6_C0003"", ""K7_repeat1_K7_C0002_M_K7_C0003""]"
TCGA-B0-5712,TCGA-BP-4995,3,12,0,0.0,[]
TCGA-B0-5712,TCGA-BP-4999,3,11,0,0.0,[]
TCGA-B0-5712,TCGA-BP-5000,3,3,3,1.0,"[""K5_repeat2_K5_C0002_M_K5_C0003"", ""K6_repeat3_K6_C0002_M_K6_C0003"", ""K7_repeat1_K7_C0002_M_K7_C0003""]"
TCGA-B0-5712,TCGA-BP-5001,3,12,0,0.0,[]
TCGA-B0-5712,TCGA-BP-5004,3,12,0,0.0,[]
TCGA-B0-5712,TCGA-BP-5006,3,12,0,0.0,[]
TCGA-B0-5712,TCGA-BP-5007,3,12,0,0.0,[]
TCGA-B0-5712,TCGA-BP-5009,3,12,0,0.0,[]
TCGA-B0-5712,TCGA-BP-5010,3,4,0,0.0,[]
TCGA-B0-5712,TCGA-BP-5174,3,8,0,0.0,[]
TCGA-B0-5712,TCGA-BP-5175,3,7,1,0.14285714285714285,"[""K5_repeat2_K5_C0002_M_K5_C0003""]"
TCGA-B0-5712,TCGA-BP-5180,3,13,0,0.0,[]
TCGA-B0-5712,TCGA-BP-5181,3,13,0,0.0,[]
TCGA-B0-5712,TCGA-BP-5183,3,13,0,0.0,[]
TCGA-B0-5712,TCGA-BP-5184,3,13,0,0.0,[]
TCGA-B0-5712,TCGA-BP-5186,3,13,0,0.0,[]
TCGA-B0-5712,TCGA-BP-5187,3,13,0,0.0,[]
TCGA-B0-5712,TCGA-BP-5189,3,11,2,0.18181818181818182,"[""K5_repeat2_K5_C0002_M_K5_C0003"", ""K7_repeat1_K7_C0002_M_K7_C0003""]"
TCGA-B0-5712,TCGA-BP-5190,3,3,3,1.0,"[""K5_repeat2_K5_C0002_M_K5_C0003"", ""K6_repeat3_K6_C0002_M_K6_C0003"", ""K7_repeat1_K7_C0002_M_K7_C0003""]"
TCGA-B0-5712,TCGA-BP-5191,3,3,3,1.0,"[""K5_repeat2_K5_C0002_M_K5_C0003"", ""K6_repeat3_K6_C0002_M_K6_C0003"", ""K7_repeat1_K7_C0002_M_K7_C0003""]"
TCGA-B0-5712,TCGA-BP-5192,3,10,0,0.0,[]
TCGA-B0-5712,TCGA-BP-5194,3,11,0,0.0,[]
TCGA-B0-5712,TCGA-BP-5195,3,12,0,0.0,[]
TCGA-B0-5712,TCGA-BP-5196,3,8,0,0.0,[]
TCGA-B0-5712,TCGA-BP-5199,3,12,0,0.0,[]
TCGA-B0-5712,TCGA-BP-5200,3,11,0,0.0,[]
TCGA-B0-5712,TCGA-CJ-4637,3,7,1,0.14285714285714285,"[""K5_repeat2_K5_C0002_M_K5_C0003""]"
TCGA-B0-5712,TCGA-CJ-4641,3,7,1,0.14285714285714285,"[""K5_repeat2_K5_C0002_M_K5_C0003""]"
TCGA-B0-5712,TCGA-CJ-4900,3,6,1,0.16666666666666666,"[""K5_repeat2_K5_C0002_M_K5_C0003""]"
TCGA-B0-5712,TCGA-CJ-4902,3,4,0,0.0,[]
TCGA-B0-5712,TCGA-CJ-4903,3,8,0,0.0,[]
TCGA-B0-5712,TCGA-CJ-4904,3,9,0,0.0,[]
TCGA-B0-5712,TCGA-CJ-4923,3,7,1,0.14285714285714285,"[""K5_repeat2_K5_C0002_M_K5_C0003""]"
TCGA-B0-5712,TCGA-CJ-6027,3,7,1,0.14285714285714285,"[""K5_repeat2_K5_C0002_M_K5_C0003""]"
TCGA-B0-5712,TCGA-CJ-6028,3,7,1,0.14285714285714285,"[""K5_repeat2_K5_C0002_M_K5_C0003""]"
TCGA-B0-5712,TCGA-CJ-6030,3,7,1,0.14285714285714285,"[""K5_repeat2_K5_C0002_M_K5_C0003""]"
TCGA-B0-5712,TCGA-CJ-6033,3,5,0,0.0,[]
TCGA-B0-5712,TCGA-CZ-4859,3,12,0,0.0,[]
TCGA-B0-5712,TCGA-CZ-4863,3,3,3,1.0,"[""K5_repeat2_K5_C0002_M_K5_C0003"", ""K6_repeat3_K6_C0002_M_K6_C0003"", ""K7_repeat1_K7_C0002_M_K7_C0003""]"
TCGA-B0-5712,TCGA-CZ-4865,3,3,3,1.0,"[""K5_repeat2_K5_C0002_M_K5_C0003"", ""K6_repeat3_K6_C0002_M_K6_C0003"", ""K7_repeat1_K7_C0002_M_K7_C0003""]"
TCGA-B0-5712,TCGA-CZ-5451,3,9,2,0.2222222222222222,"[""K6_repeat3_K6_C0002_M_K6_C0003"", ""K7_repeat1_K7_C0002_M_K7_C0003""]"
TCGA-B0-5712,TCGA-CZ-5462,3,5,3,0.6,"[""K5_repeat2_K5_C0002_M_K5_C0003"", ""K6_repeat3_K6_C0002_M_K6_C0003"", ""K7_repeat1_K7_C0002_M_K7_C0003""]"
TCGA-B0-5712,TCGA-CZ-5468,3,3,3,1.0,"[""K5_repeat2_K5_C0002_M_K5_C0003"", ""K6_repeat3_K6_C0002_M_K6_C0003"", ""K7_repeat1_K7_C0002_M_K7_C0003""]"
TCGA-B0-5712,TCGA-CZ-5984,3,8,0,0.0,[]
TCGA-B0-5712,TCGA-CZ-5985,3,7,1,0.14285714285714285,"[""K5_repeat2_K5_C0002_M_K5_C0003""]"
TCGA-B0-5712,TCGA-CZ-5988,3,3,3,1.0,"[""K5_repeat2_K5_C0002_M_K5_C0003"", ""K6_repeat3_K6_C0002_M_K6_C0003"", ""K7_repeat1_K7_C0002_M_K7_C0003""]"
TCGA-B0-5712,TCGA-G6-A5PC,3,7,1,0.14285714285714285,"[""K5_repeat2_K5_C0002_M_K5_C0003""]"
TCGA-B0-5712,TCGA-G6-A8L7,3,5,0,0.0,[]
TCGA-B0-5812,TCGA-B8-4148,13,9,7,0.5384615384615384,"[""K2_repeat1_K2_C0002"", ""K2_repeat2_K2_C0002"", ""K2_repeat3_K2_C0002"", ""K4_repeat1_K4_C0001_M_K4_C0004"", ""K4_repeat2_K4_C0001"", ""K5_repeat2_K5_C0001_M_K5_C0005"", ""K5_repeat3_K5_C0001_M_K5_C0005""]"
TCGA-B0-5812,TCGA-B8-4151,13,3,0,0.0,[]
TCGA-B0-5812,TCGA-B8-4153,13,3,0,0.0,[]
TCGA-B0-5812,TCGA-B8-4619,13,3,0,0.0,[]
TCGA-B0-5812,TCGA-B8-4622,13,9,7,0.5384615384615384,"[""K2_repeat1_K2_C0002"", ""K2_repeat2_K2_C0002"", ""K2_repeat3_K2_C0002"", ""K4_repeat1_K4_C0001_M_K4_C0004"", ""K4_repeat2_K4_C0001"", ""K5_repeat2_K5_C0001_M_K5_C0005"", ""K5_repeat3_K5_C0001_M_K5_C0005""]"
TCGA-B0-5812,TCGA-B8-5158,13,3,0,0.0,[]
TCGA-B0-5812,TCGA-B8-5159,13,8,4,0.3076923076923077,"[""K2_repeat1_K2_C0002"", ""K2_repeat2_K2_C0002"", ""K2_repeat3_K2_C0002"", ""K4_repeat1_K4_C0001_M_K4_C0004""]"
TCGA-B0-5812,TCGA-B8-5162,13,8,4,0.3076923076923077,"[""K2_repeat1_K2_C0002"", ""K2_repeat2_K2_C0002"", ""K2_repeat3_K2_C0002"", ""K4_repeat1_K4_C0001_M_K4_C0004""]"
TCGA-B0-5812,TCGA-B8-5164,13,3,0,0.0,[]
TCGA-B0-5812,TCGA-B8-5165,13,8,4,0.3076923076923077,"[""K2_repeat1_K2_C0002"", ""K2_repeat2_K2_C0002"", ""K2_repeat3_K2_C0002"", ""K4_repeat1_K4_C0001_M_K4_C0004""]"
TCGA-B0-5812,TCGA-B8-5546,13,3,0,0.0,[]
TCGA-B0-5812,TCGA-B8-5549,13,8,4,0.3076923076923077,"[""K2_repeat1_K2_C0002"", ""K2_repeat2_K2_C0002"", ""K2_repeat3_K2_C0002"", ""K4_repeat1_K4_C0001_M_K4_C0004""]"
TCGA-B0-5812,TCGA-B8-5550,13,3,0,0.0,[]
TCGA-B0-5812,TCGA-B8-5551,13,7,0,0.0,[]
TCGA-B0-5812,TCGA-B8-5553,13,3,0,0.0,[]
TCGA-B0-5812,TCGA-B8-A54D,13,5,0,0.0,[]
TCGA-B0-5812,TCGA-B8-A54E,13,3,0,0.0,[]
TCGA-B0-5812,TCGA-B8-A54F,13,3,0,0.0,[]
TCGA-B0-5812,TCGA-B8-A54G,13,5,0,0.0,[]
TCGA-B0-5812,TCGA-BP-4164,13,8,8,0.6153846153846154,"[""K2_repeat1_K2_C0002"", ""K2_repeat2_K2_C0002"", ""K2_repeat3_K2_C0002"", ""K4_repeat1_K4_C0001_M_K4_C0004"", ""K4_repeat2_K4_C0001"", ""K5_repeat2_K5_C0001_M_K5_C0005"", ""K5_repeat3_K5_C0001_M_K5_C0005"", ""K6_repeat3_K6_C0001_M_K6_C0004""]"
TCGA-B0-5812,TCGA-BP-4167,13,7,0,0.0,[]
TCGA-B0-5812,TCGA-BP-4770,13,3,0,0.0,[]
TCGA-B0-5812,TCGA-BP-4782,13,3,0,0.0,[]
TCGA-B0-5812,TCGA-BP-4960,13,10,10,0.7692307692307693,"[""K2_repeat1_K2_C0002"", ""K2_repeat2_K2_C0002"", ""K2_repeat3_K2_C0002"", ""K4_repeat1_K4_C0001_M_K4_C0004"", ""K4_repeat2_K4_C0001"", ""K5_repeat2_K5_C0001_M_K5_C0005"", ""K5_repeat3_K5_C0001_M_K5_C0005"", ""K6_repeat3_K6_C0001_M_K6_C0004"", ""K7_repeat1_K7_C0001"", ""K8_repeat2_K8_C0001""]"
TCGA-B0-5812,TCGA-BP-4962,13,7,0,0.0,[]
TCGA-B0-5812,TCGA-BP-4965,13,11,11,0.8461538461538461,"[""K2_repeat1_K2_C0002"", ""K2_repeat2_K2_C0002"", ""K2_repeat3_K2_C0002"", ""K3_repeat1_K3_C0003"", ""K3_repeat2_K3_C0003"", ""K3_repeat3_K3_C0003"", ""K4_repeat1_K4_C0001_M_K4_C0004"", ""K4_repeat2_K4_C0001"", ""K5_repeat2_K5_C0001_M_K5_C0005"", ""K5_repeat3_K5_C0001_M_K5_C0005"", ""K6_repeat3_K6_C0001_M_K6_C0004""]"
TCGA-B0-5812,TCGA-BP-4967,13,8,4,0.3076923076923077,"[""K2_repeat1_K2_C0002"", ""K2_repeat2_K2_C0002"", ""K2_repeat3_K2_C0002"", ""K4_repeat1_K4_C0001_M_K4_C0004""]"
TCGA-B0-5812,TCGA-BP-4970,13,8,4,0.3076923076923077,"[""K2_repeat1_K2_C0002"", ""K2_repeat2_K2_C0002"", ""K2_repeat3_K2_C0002"", ""K4_repeat1_K4_C0001_M_K4_C0004""]"
TCGA-B0-5812,TCGA-BP-4971,13,7,0,0.0,[]
TCGA-B0-5812,TCGA-BP-4972,13,6,4,0.3076923076923077,"[""K2_repeat1_K2_C0002"", ""K2_repeat2_K2_C0002"", ""K2_repeat3_K2_C0002"", ""K6_repeat3_K6_C0001_M_K6_C0004""]"
TCGA-B0-5812,TCGA-BP-4976,13,12,11,0.8461538461538461,"[""K2_repeat1_K2_C0002"", ""K2_repeat2_K2_C0002"", ""K2_repeat3_K2_C0002"", ""K3_repeat1_K3_C0003"", ""K3_repeat2_K3_C0003"", ""K3_repeat3_K3_C0003"", ""K4_repeat1_K4_C0001_M_K4_C0004"", ""K4_repeat2_K4_C0001"", ""K5_repeat2_K5_C0001_M_K5_C0005"", ""K5_repeat3_K5_C0001_M_K5_C0005"", ""K6_repeat3_K6_C0001_M_K6_C0004""]"
TCGA-B0-5812,TCGA-BP-4977,13,8,4,0.3076923076923077,"[""K2_repeat1_K2_C0002"", ""K2_repeat2_K2_C0002"", ""K2_repeat3_K2_C0002"", ""K4_repeat1_K4_C0001_M_K4_C0004""]"
TCGA-B0-5812,TCGA-BP-4982,13,11,11,0.8461538461538461,"[""K2_repeat1_K2_C0002"", ""K2_repeat2_K2_C0002"", ""K2_repeat3_K2_C0002"", ""K3_repeat1_K3_C0003"", ""K3_repeat2_K3_C0003"", ""K3_repeat3_K3_C0003"", ""K4_repeat1_K4_C0001_M_K4_C0004"", ""K4_repeat2_K4_C0001"", ""K5_repeat2_K5_C0001_M_K5_C0005"", ""K5_repeat3_K5_C0001_M_K5_C0005"", ""K6_repeat3_K6_C0001_M_K6_C0004""]"
TCGA-B0-5812,TCGA-BP-4986,13,8,4,0.3076923076923077,"[""K2_repeat1_K2_C0002"", ""K2_repeat2_K2_C0002"", ""K2_repeat3_K2_C0002"", ""K4_repeat1_K4_C0001_M_K4_C0004""]"
TCGA-B0-5812,TCGA-BP-4988,13,9,9,0.6923076923076923,"[""K2_repeat1_K2_C0002"", ""K2_repeat2_K2_C0002"", ""K2_repeat3_K2_C0002"", ""K4_repeat1_K4_C0001_M_K4_C0004"", ""K4_repeat2_K4_C0001"", ""K5_repeat2_K5_C0001_M_K5_C0005"", ""K5_repeat3_K5_C0001_M_K5_C0005"", ""K6_repeat3_K6_C0001_M_K6_C0004"", ""K7_repeat1_K7_C0001""]"
TCGA-B0-5812,TCGA-BP-4989,13,13,13,1.0,"[""K2_repeat1_K2_C0002"", ""K2_repeat2_K2_C0002"", ""K2_repeat3_K2_C0002"", ""K3_repeat1_K3_C0003"", ""K3_repeat2_K3_C0003"", ""K3_repeat3_K3_C0003"", ""K4_repeat1_K4_C0001_M_K4_C0004"", ""K4_repeat2_K4_C0001"", ""K5_repeat2_K5_C0001_M_K5_C0005"", ""K5_repeat3_K5_C0001_M_K5_C0005"", ""K6_repeat3_K6_C0001_M_K6_C0004"", ""K7_repeat1_K7_C0001"", ""K8_repeat2_K8_C0001""]"
TCGA-B0-5812,TCGA-BP-4992,13,7,0,0.0,[]
TCGA-B0-5812,TCGA-BP-4994,13,3,0,0.0,[]
TCGA-B0-5812,TCGA-BP-4995,13,12,11,0.8461538461538461,"[""K2_repeat1_K2_C0002"", ""K2_repeat2_K2_C0002"", ""K2_repeat3_K2_C0002"", ""K3_repeat1_K3_C0003"", ""K3_repeat2_K3_C0003"", ""K3_repeat3_K3_C0003"", ""K4_repeat1_K4_C0001_M_K4_C0004"", ""K4_repeat2_K4_C0001"", ""K5_repeat2_K5_C0001_M_K5_C0005"", ""K5_repeat3_K5_C0001_M_K5_C0005"", ""K6_repeat3_K6_C0001_M_K6_C0004""]"
TCGA-B0-5812,TCGA-BP-4999,13,11,11,0.8461538461538461,"[""K2_repeat1_K2_C0002"", ""K2_repeat2_K2_C0002"", ""K2_repeat3_K2_C0002"", ""K3_repeat1_K3_C0003"", ""K3_repeat2_K3_C0003"", ""K3_repeat3_K3_C0003"", ""K4_repeat1_K4_C0001_M_K4_C0004"", ""K4_repeat2_K4_C0001"", ""K5_repeat2_K5_C0001_M_K5_C0005"", ""K5_repeat3_K5_C0001_M_K5_C0005"", ""K6_repeat3_K6_C0001_M_K6_C0004""]"
TCGA-B0-5812,TCGA-BP-5000,13,3,0,0.0,[]
TCGA-B0-5812,TCGA-BP-5001,13,12,11,0.8461538461538461,"[""K2_repeat1_K2_C0002"", ""K2_repeat2_K2_C0002"", ""K2_repeat3_K2_C0002"", ""K3_repeat1_K3_C0003"", ""K3_repeat2_K3_C0003"", ""K3_repeat3_K3_C0003"", ""K4_repeat1_K4_C0001_M_K4_C0004"", ""K4_repeat2_K4_C0001"", ""K5_repeat2_K5_C0001_M_K5_C0005"", ""K5_repeat3_K5_C0001_M_K5_C0005"", ""K6_repeat3_K6_C0001_M_K6_C0004""]"
TCGA-B0-5812,TCGA-BP-5004,13,12,11,0.8461538461538461,"[""K2_repeat1_K2_C0002"", ""K2_repeat2_K2_C0002"", ""K2_repeat3_K2_C0002"", ""K3_repeat1_K3_C0003"", ""K3_repeat2_K3_C0003"", ""K3_repeat3_K3_C0003"", ""K4_repeat1_K4_C0001_M_K4_C0004"", ""K4_repeat2_K4_C0001"", ""K5_repeat2_K5_C0001_M_K5_C0005"", ""K5_repeat3_K5_C0001_M_K5_C0005"", ""K6_repeat3_K6_C0001_M_K6_C0004""]"
TCGA-B0-5812,TCGA-BP-5006,13,12,11,0.8461538461538461,"[""K2_repeat1_K2_C0002"", ""K2_repeat2_K2_C0002"", ""K2_repeat3_K2_C0002"", ""K3_repeat1_K3_C0003"", ""K3_repeat2_K3_C0003"", ""K3_repeat3_K3_C0003"", ""K4_repeat1_K4_C0001_M_K4_C0004"", ""K4_repeat2_K4_C0001"", ""K5_repeat2_K5_C0001_M_K5_C0005"", ""K5_repeat3_K5_C0001_M_K5_C0005"", ""K6_repeat3_K6_C0001_M_K6_C0004""]"
TCGA-B0-5812,TCGA-BP-5007,13,12,11,0.8461538461538461,"[""K2_repeat1_K2_C0002"", ""K2_repeat2_K2_C0002"", ""K2_repeat3_K2_C0002"", ""K3_repeat1_K3_C0003"", ""K3_repeat2_K3_C0003"", ""K3_repeat3_K3_C0003"", ""K4_repeat1_K4_C0001_M_K4_C0004"", ""K4_repeat2_K4_C0001"", ""K5_repeat2_K5_C0001_M_K5_C0005"", ""K5_repeat3_K5_C0001_M_K5_C0005"", ""K6_repeat3_K6_C0001_M_K6_C0004""]"
TCGA-B0-5812,TCGA-BP-5009,13,12,12,0.9230769230769231,"[""K2_repeat1_K2_C0002"", ""K2_repeat2_K2_C0002"", ""K2_repeat3_K2_C0002"", ""K3_repeat1_K3_C0003"", ""K3_repeat2_K3_C0003"", ""K3_repeat3_K3_C0003"", ""K4_repeat1_K4_C0001_M_K4_C0004"", ""K4_repeat2_K4_C0001"", ""K5_repeat2_K5_C0001_M_K5_C0005"", ""K5_repeat3_K5_C0001_M_K5_C0005"", ""K6_repeat3_K6_C0001_M_K6_C0004"", ""K7_repeat1_K7_C0001""]"
TCGA-B0-5812,TCGA-BP-5010,13,4,0,0.0,[]
TCGA-B0-5812,TCGA-BP-5174,13,8,4,0.3076923076923077,"[""K2_repeat1_K2_C0002"", ""K2_repeat2_K2_C0002"", ""K2_repeat3_K2_C0002"", ""K4_repeat1_K4_C0001_M_K4_C0004""]"
TCGA-B0-5812,TCGA-BP-5175,13,7,0,0.0,[]
TCGA-B0-5812,TCGA-BP-5180,13,13,13,1.0,"[""K2_repeat1_K2_C0002"", ""K2_repeat2_K2_C0002"", ""K2_repeat3_K2_C0002"", ""K3_repeat1_K3_C0003"", ""K3_repeat2_K3_C0003"", ""K3_repeat3_K3_C0003"", ""K4_repeat1_K4_C0001_M_K4_C0004"", ""K4_repeat2_K4_C0001"", ""K5_repeat2_K5_C0001_M_K5_C0005"", ""K5_repeat3_K5_C0001_M_K5_C0005"", ""K6_repeat3_K6_C0001_M_K6_C0004"", ""K7_repeat1_K7_C0001"", ""K8_repeat2_K8_C0001""]"
TCGA-B0-5812,TCGA-BP-5181,13,13,13,1.0,"[""K2_repeat1_K2_C0002"", ""K2_repeat2_K2_C0002"", ""K2_repeat3_K2_C0002"", ""K3_repeat1_K3_C0003"", ""K3_repeat2_K3_C0003"", ""K3_repeat3_K3_C0003"", ""K4_repeat1_K4_C0001_M_K4_C0004"", ""K4_repeat2_K4_C0001"", ""K5_repeat2_K5_C0001_M_K5_C0005"", ""K5_repeat3_K5_C0001_M_K5_C0005"", ""K6_repeat3_K6_C0001_M_K6_C0004"", ""K7_repeat1_K7_C0001"", ""K8_repeat2_K8_C0001""]"
TCGA-B0-5812,TCGA-BP-5183,13,13,13,1.0,"[""K2_repeat1_K2_C0002"", ""K2_repeat2_K2_C0002"", ""K2_repeat3_K2_C0002"", ""K3_repeat1_K3_C0003"", ""K3_repeat2_K3_C0003"", ""K3_repeat3_K3_C0003"", ""K4_repeat1_K4_C0001_M_K4_C0004"", ""K4_repeat2_K4_C0001"", ""K5_repeat2_K5_C0001_M_K5_C0005"", ""K5_repeat3_K5_C0001_M_K5_C0005"", ""K6_repeat3_K6_C0001_M_K6_C0004"", ""K7_repeat1_K7_C0001"", ""K8_repeat2_K8_C0001""]"
TCGA-B0-5812,TCGA-BP-5184,13,13,13,1.0,"[""K2_repeat1_K2_C0002"", ""K2_repeat2_K2_C0002"", ""K2_repeat3_K2_C0002"", ""K3_repeat1_K3_C0003"", ""K3_repeat2_K3_C0003"", ""K3_repeat3_K3_C0003"", ""K4_repeat1_K4_C0001_M_K4_C0004"", ""K4_repeat2_K4_C0001"", ""K5_repeat2_K5_C0001_M_K5_C0005"", ""K5_repeat3_K5_C0001_M_K5_C0005"", ""K6_repeat3_K6_C0001_M_K6_C0004"", ""K7_repeat1_K7_C0001"", ""K8_repeat2_K8_C0001""]"
TCGA-B0-5812,TCGA-BP-5186,13,13,13,1.0,"[""K2_repeat1_K2_C0002"", ""K2_repeat2_K2_C0002"", ""K2_repeat3_K2_C0002"", ""K3_repeat1_K3_C0003"", ""K3_repeat2_K3_C0003"", ""K3_repeat3_K3_C0003"", ""K4_repeat1_K4_C0001_M_K4_C0004"", ""K4_repeat2_K4_C0001"", ""K5_repeat2_K5_C0001_M_K5_C0005"", ""K5_repeat3_K5_C0001_M_K5_C0005"", ""K6_repeat3_K6_C0001_M_K6_C0004"", ""K7_repeat1_K7_C0001"", ""K8_repeat2_K8_C0001""]"
TCGA-B0-5812,TCGA-BP-5187,13,13,13,1.0,"[""K2_repeat1_K2_C0002"", ""K2_repeat2_K2_C0002"", ""K2_repeat3_K2_C0002"", ""K3_repeat1_K3_C0003"", ""K3_repeat2_K3_C0003"", ""K3_repeat3_K3_C0003"", ""K4_repeat1_K4_C0001_M_K4_C0004"", ""K4_repeat2_K4_C0001"", ""K5_repeat2_K5_C0001_M_K5_C0005"", ""K5_repeat3_K5_C0001_M_K5_C0005"", ""K6_repeat3_K6_C0001_M_K6_C0004"", ""K7_repeat1_K7_C0001"", ""K8_repeat2_K8_C0001""]"
TCGA-B0-5812,TCGA-BP-5189,13,11,9,0.6923076923076923,"[""K2_repeat1_K2_C0002"", ""K2_repeat2_K2_C0002"", ""K2_repeat3_K2_C0002"", ""K3_repeat1_K3_C0003"", ""K3_repeat2_K3_C0003"", ""K3_repeat3_K3_C0003"", ""K4_repeat1_K4_C0001_M_K4_C0004"", ""K4_repeat2_K4_C0001"", ""K6_repeat3_K6_C0001_M_K6_C0004""]"
TCGA-B0-5812,TCGA-BP-5190,13,3,0,0.0,[]
TCGA-B0-5812,TCGA-BP-5191,13,3,0,0.0,[]
TCGA-B0-5812,TCGA-BP-5192,13,10,7,0.5384615384615384,"[""K2_repeat1_K2_C0002"", ""K2_repeat2_K2_C0002"", ""K2_repeat3_K2_C0002"", ""K3_repeat1_K3_C0003"", ""K3_repeat2_K3_C0003"", ""K3_repeat3_K3_C0003"", ""K4_repeat1_K4_C0001_M_K4_C0004""]"
TCGA-B0-5812,TCGA-BP-5194,13,11,11,0.8461538461538461,"[""K2_repeat1_K2_C0002"", ""K2_repeat2_K2_C0002"", ""K2_repeat3_K2_C0002"", ""K3_repeat1_K3_C0003"", ""K3_repeat2_K3_C0003"", ""K3_repeat3_K3_C0003"", ""K4_repeat1_K4_C0001_M_K4_C0004"", ""K4_repeat2_K4_C0001"", ""K5_repeat2_K5_C0001_M_K5_C0005"", ""K5_repeat3_K5_C0001_M_K5_C0005"", ""K6_repeat3_K6_C0001_M_K6_C0004""]"
TCGA-B0-5812,TCGA-BP-5195,13,12,12,0.9230769230769231,"[""K2_repeat1_K2_C0002"", ""K2_repeat2_K2_C0002"", ""K2_repeat3_K2_C0002"", ""K3_repeat1_K3_C0003"", ""K3_repeat2_K3_C0003"", ""K3_repeat3_K3_C0003"", ""K4_repeat1_K4_C0001_M_K4_C0004"", ""K4_repeat2_K4_C0001"", ""K5_repeat2_K5_C0001_M_K5_C0005"", ""K5_repeat3_K5_C0001_M_K5_C0005"", ""K6_repeat3_K6_C0001_M_K6_C0004"", ""K8_repeat2_K8_C0001""]"
TCGA-B0-5812,TCGA-BP-5196,13,8,4,0.3076923076923077,"[""K2_repeat1_K2_C0002"", ""K2_repeat2_K2_C0002"", ""K2_repeat3_K2_C0002"", ""K4_repeat1_K4_C0001_M_K4_C0004""]"
TCGA-B0-5812,TCGA-BP-5199,13,12,10,0.7692307692307693,"[""K2_repeat1_K2_C0002"", ""K2_repeat2_K2_C0002"", ""K2_repeat3_K2_C0002"", ""K3_repeat1_K3_C0003"", ""K3_repeat2_K3_C0003"", ""K3_repeat3_K3_C0003"", ""K4_repeat1_K4_C0001_M_K4_C0004"", ""K5_repeat2_K5_C0001_M_K5_C0005"", ""K5_repeat3_K5_C0001_M_K5_C0005"", ""K6_repeat3_K6_C0001_M_K6_C0004""]"
TCGA-B0-5812,TCGA-BP-5200,13,11,11,0.8461538461538461,"[""K2_repeat1_K2_C0002"", ""K2_repeat2_K2_C0002"", ""K2_repeat3_K2_C0002"", ""K3_repeat1_K3_C0003"", ""K3_repeat2_K3_C0003"", ""K3_repeat3_K3_C0003"", ""K4_repeat1_K4_C0001_M_K4_C0004"", ""K4_repeat2_K4_C0001"", ""K5_repeat2_K5_C0001_M_K5_C0005"", ""K5_repeat3_K5_C0001_M_K5_C0005"", ""K6_repeat3_K6_C0001_M_K6_C0004""]"
TCGA-B0-5812,TCGA-CJ-4637,13,7,0,0.0,[]
TCGA-B0-5812,TCGA-CJ-4641,13,7,0,0.0,[]
TCGA-B0-5812,TCGA-CJ-4900,13,6,1,0.07692307692307693,"[""K8_repeat2_K8_C0001""]"
TCGA-B0-5812,TCGA-CJ-4902,13,4,0,0.0,[]
TCGA-B0-5812,TCGA-CJ-4903,13,8,8,0.6153846153846154,"[""K2_repeat1_K2_C0002"", ""K2_repeat2_K2_C0002"", ""K2_repeat3_K2_C0002"", ""K4_repeat1_K4_C0001_M_K4_C0004"", ""K4_repeat2_K4_C0001"", ""K5_repeat2_K5_C0001_M_K5_C0005"", ""K5_repeat3_K5_C0001_M_K5_C0005"", ""K6_repeat3_K6_C0001_M_K6_C0004""]"
TCGA-B0-5812,TCGA-CJ-4904,13,9,9,0.6923076923076923,"[""K2_repeat1_K2_C0002"", ""K2_repeat2_K2_C0002"", ""K2_repeat3_K2_C0002"", ""K4_repeat1_K4_C0001_M_K4_C0004"", ""K4_repeat2_K4_C0001"", ""K5_repeat2_K5_C0001_M_K5_C0005"", ""K5_repeat3_K5_C0001_M_K5_C0005"", ""K6_repeat3_K6_C0001_M_K6_C0004"", ""K7_repeat1_K7_C0001""]"
TCGA-B0-5812,TCGA-CJ-4923,13,7,0,0.0,[]
TCGA-B0-5812,TCGA-CJ-6027,13,7,0,0.0,[]
TCGA-B0-5812,TCGA-CJ-6028,13,7,0,0.0,[]
TCGA-B0-5812,TCGA-CJ-6030,13,7,0,0.0,[]
TCGA-B0-5812,TCGA-CJ-6033,13,5,5,0.38461538461538464,"[""K4_repeat1_K4_C0001_M_K4_C0004"", ""K4_repeat2_K4_C0001"", ""K5_repeat2_K5_C0001_M_K5_C0005"", ""K5_repeat3_K5_C0001_M_K5_C0005"", ""K6_repeat3_K6_C0001_M_K6_C0004""]"
TCGA-B0-5812,TCGA-CZ-4859,13,12,11,0.8461538461538461,"[""K2_repeat1_K2_C0002"", ""K2_repeat2_K2_C0002"", ""K2_repeat3_K2_C0002"", ""K3_repeat1_K3_C0003"", ""K3_repeat2_K3_C0003"", ""K3_repeat3_K3_C0003"", ""K4_repeat1_K4_C0001_M_K4_C0004"", ""K4_repeat2_K4_C0001"", ""K5_repeat2_K5_C0001_M_K5_C0005"", ""K5_repeat3_K5_C0001_M_K5_C0005"", ""K6_repeat3_K6_C0001_M_K6_C0004""]"
TCGA-B0-5812,TCGA-CZ-4863,13,3,0,0.0,[]
TCGA-B0-5812,TCGA-CZ-4865,13,3,0,0.0,[]
TCGA-B0-5812,TCGA-CZ-5451,13,9,7,0.5384615384615384,"[""K2_repeat1_K2_C0002"", ""K2_repeat2_K2_C0002"", ""K2_repeat3_K2_C0002"", ""K4_repeat1_K4_C0001_M_K4_C0004"", ""K4_repeat2_K4_C0001"", ""K5_repeat2_K5_C0001_M_K5_C0005"", ""K5_repeat3_K5_C0001_M_K5_C0005""]"
TCGA-B0-5812,TCGA-CZ-5462,13,5,0,0.0,[]
TCGA-B0-5812,TCGA-CZ-5468,13,3,0,0.0,[]
TCGA-B0-5812,TCGA-CZ-5984,13,8,4,0.3076923076923077,"[""K2_repeat1_K2_C0002"", ""K2_repeat2_K2_C0002"", ""K2_repeat3_K2_C0002"", ""K4_repeat1_K4_C0001_M_K4_C0004""]"
TCGA-B0-5812,TCGA-CZ-5985,13,7,0,0.0,[]
TCGA-B0-5812,TCGA-CZ-5988,13,3,0,0.0,[]
TCGA-B0-5812,TCGA-G6-A5PC,13,7,0,0.0,[]
TCGA-B0-5812,TCGA-G6-A8L7,13,5,5,0.38461538461538464,"[""K4_repeat1_K4_C0001_M_K4_C0004"", ""K4_repeat2_K4_C0001"", ""K5_repeat2_K5_C0001_M_K5_C0005"", ""K5_repeat3_K5_C0001_M_K5_C0005"", ""K6_repeat3_K6_C0001_M_K6_C0004""]"
TCGA-B8-4148,TCGA-B8-4151,9,3,2,0.2222222222222222,"[""K6_repeat3_K6_C0002_M_K6_C0003"", ""K7_repeat1_K7_C0002_M_K7_C0003""]"
TCGA-B8-4148,TCGA-B8-4153,9,3,2,0.2222222222222222,"[""K6_repeat3_K6_C0002_M_K6_C0003"", ""K7_repeat1_K7_C0002_M_K7_C0003""]"
TCGA-B8-4148,TCGA-B8-4619,9,3,2,0.2222222222222222,"[""K6_repeat3_K6_C0002_M_K6_C0003"", ""K7_repeat1_K7_C0002_M_K7_C0003""]"
TCGA-B8-4148,TCGA-B8-4622,9,9,9,1.0,"[""K2_repeat1_K2_C0002"", ""K2_repeat2_K2_C0002"", ""K2_repeat3_K2_C0002"", ""K4_repeat1_K4_C0001_M_K4_C0004"", ""K4_repeat2_K4_C0001"", ""K5_repeat2_K5_C0001_M_K5_C0005"", ""K5_repeat3_K5_C0001_M_K5_C0005"", ""K6_repeat3_K6_C0002_M_K6_C0003"", ""K7_repeat1_K7_C0002_M_K7_C0003""]"
TCGA-B8-4148,TCGA-B8-5158,9,3,2,0.2222222222222222,"[""K6_repeat3_K6_C0002_M_K6_C0003"", ""K7_repeat1_K7_C0002_M_K7_C0003""]"
TCGA-B8-4148,TCGA-B8-5159,9,8,4,0.4444444444444444,"[""K2_repeat1_K2_C0002"", ""K2_repeat2_K2_C0002"", ""K2_repeat3_K2_C0002"", ""K4_repeat1_K4_C0001_M_K4_C0004""]"
TCGA-B8-4148,TCGA-B8-5162,9,8,4,0.4444444444444444,"[""K2_repeat1_K2_C0002"", ""K2_repeat2_K2_C0002"", ""K2_repeat3_K2_C0002"", ""K4_repeat1_K4_C0001_M_K4_C0004""]"
TCGA-B8-4148,TCGA-B8-5164,9,3,2,0.2222222222222222,"[""K6_repeat3_K6_C0002_M_K6_C0003"", ""K7_repeat1_K7_C0002_M_K7_C0003""]"
TCGA-B8-4148,TCGA-B8-5165,9,8,4,0.4444444444444444,"[""K2_repeat1_K2_C0002"", ""K2_repeat2_K2_C0002"", ""K2_repeat3_K2_C0002"", ""K4_repeat1_K4_C0001_M_K4_C0004""]"
TCGA-B8-4148,TCGA-B8-5546,9,3,2,0.2222222222222222,"[""K6_repeat3_K6_C0002_M_K6_C0003"", ""K7_repeat1_K7_C0002_M_K7_C0003""]"
TCGA-B8-4148,TCGA-B8-5549,9,8,4,0.4444444444444444,"[""K2_repeat1_K2_C0002"", ""K2_repeat2_K2_C0002"", ""K2_repeat3_K2_C0002"", ""K4_repeat1_K4_C0001_M_K4_C0004""]"
TCGA-B8-4148,TCGA-B8-5550,9,3,2,0.2222222222222222,"[""K6_repeat3_K6_C0002_M_K6_C0003"", ""K7_repeat1_K7_C0002_M_K7_C0003""]"
TCGA-B8-4148,TCGA-B8-5551,9,7,0,0.0,[]
TCGA-B8-4148,TCGA-B8-5553,9,3,2,0.2222222222222222,"[""K6_repeat3_K6_C0002_M_K6_C0003"", ""K7_repeat1_K7_C0002_M_K7_C0003""]"
TCGA-B8-4148,TCGA-B8-A54D,9,5,2,0.2222222222222222,"[""K6_repeat3_K6_C0002_M_K6_C0003"", ""K7_repeat1_K7_C0002_M_K7_C0003""]"
TCGA-B8-4148,TCGA-B8-A54E,9,3,2,0.2222222222222222,"[""K6_repeat3_K6_C0002_M_K6_C0003"", ""K7_repeat1_K7_C0002_M_K7_C0003""]"
TCGA-B8-4148,TCGA-B8-A54F,9,3,2,0.2222222222222222,"[""K6_repeat3_K6_C0002_M_K6_C0003"", ""K7_repeat1_K7_C0002_M_K7_C0003""]"
TCGA-B8-4148,TCGA-B8-A54G,9,5,2,0.2222222222222222,"[""K6_repeat3_K6_C0002_M_K6_C0003"", ""K7_repeat1_K7_C0002_M_K7_C0003""]"
TCGA-B8-4148,TCGA-BP-4164,9,8,7,0.7777777777777778,"[""K2_repeat1_K2_C0002"", ""K2_repeat2_K2_C0002"", ""K2_repeat3_K2_C0002"", ""K4_repeat1_K4_C0001_M_K4_C0004"", ""K4_repeat2_K4_C0001"", ""K5_repeat2_K5_C0001_M_K5_C0005"", ""K5_repeat3_K5_C0001_M_K5_C0005""]"
TCGA-B8-4148,TCGA-BP-4167,9,7,0,0.0,[]
TCGA-B8-4148,TCGA-BP-4770,9,3,2,0.2222222222222222,"[""K6_repeat3_K6_C0002_M_K6_C0003"", ""K7_repeat1_K7_C0002_M_K7_C0003""]"
TCGA-B8-4148,TCGA-BP-4782,9,3,2,0.2222222222222222,"[""K6_repeat3_K6_C0002_M_K6_C0003"", ""K7_repeat1_K7_C0002_M_K7_C0003""]"
TCGA-B8-4148,TCGA-BP-4960,9,10,7,0.7,"[""K2_repeat1_K2_C0002"", ""K2_repeat2_K2_C0002"", ""K2_repeat3_K2_C0002"", ""K4_repeat1_K4_C0001_M_K4_C0004"", ""K4_repeat2_K4_C0001"", ""K5_repeat2_K5_C0001_M_K5_C0005"", ""K5_repeat3_K5_C0001_M_K5_C0005""]"
TCGA-B8-4148,TCGA-BP-4962,9,7,0,0.0,[]
TCGA-B8-4148,TCGA-BP-4965,9,11,7,0.6363636363636364,"[""K2_repeat1_K2_C0002"", ""K2_repeat2_K2_C0002"", ""K2_repeat3_K2_C0002"", ""K4_repeat1_K4_C0001_M_K4_C0004"", ""K4_repeat2_K4_C0001"", ""K5_repeat2_K5_C0001_M_K5_C0005"", ""K5_repeat3_K5_C0001_M_K5_C0005""]"
TCGA-B8-4148,TCGA-BP-4967,9,8,4,0.4444444444444444,"[""K2_repeat1_K2_C0002"", ""K2_repeat2_K2_C0002"", ""K2_repeat3_K2_C0002"", ""K4_repeat1_K4_C0001_M_K4_C0004""]"
TCGA-B8-4148,TCGA-BP-4970,9,8,4,0.4444444444444444,"[""K2_repeat1_K2_C0002"", ""K2_repeat2_K2_C0002"", ""K2_repeat3_K2_C0002"", ""K4_repeat1_K4_C0001_M_K4_C0004""]"
TCGA-B8-4148,TCGA-BP-4971,9,7,0,0.0,[]
TCGA-B8-4148,TCGA-BP-4972,9,6,3,0.3333333333333333,"[""K2_repeat1_K2_C0002"", ""K2_repeat2_K2_C0002"", ""K2_repeat3_K2_C0002""]"
TCGA-B8-4148,TCGA-BP-4976,9,12,7,0.5833333333333334,"[""K2_repeat1_K2_C0002"", ""K2_repeat2_K2_C0002"", ""K2_repeat3_K2_C0002"", ""K4_repeat1_K4_C0001_M_K4_C0004"", ""K4_repeat2_K4_C0001"", ""K5_repeat2_K5_C0001_M_K5_C0005"", ""K5_repeat3_K5_C0001_M_K5_C0005""]"
TCGA-B8-4148,TCGA-BP-4977,9,8,4,0.4444444444444444,"[""K2_repeat1_K2_C0002"", ""K2_repeat2_K2_C0002"", ""K2_repeat3_K2_C0002"", ""K4_repeat1_K4_C0001_M_K4_C0004""]"
TCGA-B8-4148,TCGA-BP-4982,9,11,7,0.6363636363636364,"[""K2_repeat1_K2_C0002"", ""K2_repeat2_K2_C0002"", ""K2_repeat3_K2_C0002"", ""K4_repeat1_K4_C0001_M_K4_C0004"", ""K4_repeat2_K4_C0001"", ""K5_repeat2_K5_C0001_M_K5_C0005"", ""K5_repeat3_K5_C0001_M_K5_C0005""]"
TCGA-B8-4148,TCGA-BP-4986,9,8,4,0.4444444444444444,"[""K2_repeat1_K2_C0002"", ""K2_repeat2_K2_C0002"", ""K2_repeat3_K2_C0002"", ""K4_repeat1_K4_C0001_M_K4_C0004""]"
TCGA-B8-4148,TCGA-BP-4988,9,9,7,0.7777777777777778,"[""K2_repeat1_K2_C0002"", ""K2_repeat2_K2_C0002"", ""K2_repeat3_K2_C0002"", ""K4_repeat1_K4_C0001_M_K4_C0004"", ""K4_repeat2_K4_C0001"", ""K5_repeat2_K5_C0001_M_K5_C0005"", ""K5_repeat3_K5_C0001_M_K5_C0005""]"
TCGA-B8-4148,TCGA-BP-4989,9,13,7,0.5384615384615384,"[""K2_repeat1_K2_C0002"", ""K2_repeat2_K2_C0002"", ""K2_repeat3_K2_C0002"", ""K4_repeat1_K4_C0001_M_K4_C0004"", ""K4_repeat2_K4_C0001"", ""K5_repeat2_K5_C0001_M_K5_C0005"", ""K5_repeat3_K5_C0001_M_K5_C0005""]"
TCGA-B8-4148,TCGA-BP-4992,9,7,0,0.0,[]
TCGA-B8-4148,TCGA-BP-4994,9,3,2,0.2222222222222222,"[""K6_repeat3_K6_C0002_M_K6_C0003"", ""K7_repeat1_K7_C0002_M_K7_C0003""]"
TCGA-B8-4148,TCGA-BP-4995,9,12,7,0.5833333333333334,"[""K2_repeat1_K2_C0002"", ""K2_repeat2_K2_C0002"", ""K2_repeat3_K2_C0002"", ""K4_repeat1_K4_C0001_M_K4_C0004"", ""K4_repeat2_K4_C0001"", ""K5_repeat2_K5_C0001_M_K5_C0005"", ""K5_repeat3_K5_C0001_M_K5_C0005""]"
TCGA-B8-4148,TCGA-BP-4999,9,11,7,0.6363636363636364,"[""K2_repeat1_K2_C0002"", ""K2_repeat2_K2_C0002"", ""K2_repeat3_K2_C0002"", ""K4_repeat1_K4_C0001_M_K4_C0004"", ""K4_repeat2_K4_C0001"", ""K5_repeat2_K5_C0001_M_K5_C0005"", ""K5_repeat3_K5_C0001_M_K5_C0005""]"
TCGA-B8-4148,TCGA-BP-5000,9,3,2,0.2222222222222222,"[""K6_repeat3_K6_C0002_M_K6_C0003"", ""K7_repeat1_K7_C0002_M_K7_C0003""]"
TCGA-B8-4148,TCGA-BP-5001,9,12,7,0.5833333333333334,"[""K2_repeat1_K2_C0002"", ""K2_repeat2_K2_C0002"", ""K2_repeat3_K2_C0002"", ""K4_repeat1_K4_C0001_M_K4_C0004"", ""K4_repeat2_K4_C0001"", ""K5_repeat2_K5_C0001_M_K5_C0005"", ""K5_repeat3_K5_C0001_M_K5_C0005""]"
TCGA-B8-4148,TCGA-BP-5004,9,12,7,0.5833333333333334,"[""K2_repeat1_K2_C0002"", ""K2_repeat2_K2_C0002"", ""K2_repeat3_K2_C0002"", ""K4_repeat1_K4_C0001_M_K4_C0004"", ""K4_repeat2_K4_C0001"", ""K5_repeat2_K5_C0001_M_K5_C0005"", ""K5_repeat3_K5_C0001_M_K5_C0005""]"
TCGA-B8-4148,TCGA-BP-5006,9,12,7,0.5833333333333334,"[""K2_repeat1_K2_C0002"", ""K2_repeat2_K2_C0002"", ""K2_repeat3_K2_C0002"", ""K4_repeat1_K4_C0001_M_K4_C0004"", ""K4_repeat2_K4_C0001"", ""K5_repeat2_K5_C0001_M_K5_C0005"", ""K5_repeat3_K5_C0001_M_K5_C0005""]"
TCGA-B8-4148,TCGA-BP-5007,9,12,7,0.5833333333333334,"[""K2_repeat1_K2_C0002"", ""K2_repeat2_K2_C0002"", ""K2_repeat3_K2_C0002"", ""K4_repeat1_K4_C0001_M_K4_C0004"", ""K4_repeat2_K4_C0001"", ""K5_repeat2_K5_C0001_M_K5_C0005"", ""K5_repeat3_K5_C0001_M_K5_C0005""]"
TCGA-B8-4148,TCGA-BP-5009,9,12,7,0.5833333333333334,"[""K2_repeat1_K2_C0002"", ""K2_repeat2_K2_C0002"", ""K2_repeat3_K2_C0002"", ""K4_repeat1_K4_C0001_M_K4_C0004"", ""K4_repeat2_K4_C0001"", ""K5_repeat2_K5_C0001_M_K5_C0005"", ""K5_repeat3_K5_C0001_M_K5_C0005""]"
TCGA-B8-4148,TCGA-BP-5010,9,4,0,0.0,[]
TCGA-B8-4148,TCGA-BP-5174,9,8,4,0.4444444444444444,"[""K2_repeat1_K2_C0002"", ""K2_repeat2_K2_C0002"", ""K2_repeat3_K2_C0002"", ""K4_repeat1_K4_C0001_M_K4_C0004""]"
TCGA-B8-4148,TCGA-BP-5175,9,7,0,0.0,[]
TCGA-B8-4148,TCGA-BP-5180,9,13,7,0.5384615384615384,"[""K2_repeat1_K2_C0002"", ""K2_repeat2_K2_C0002"", ""K2_repeat3_K2_C0002"", ""K4_repeat1_K4_C0001_M_K4_C0004"", ""K4_repeat2_K4_C0001"", ""K5_repeat2_K5_C0001_M_K5_C0005"", ""K5_repeat3_K5_C0001_M_K5_C0005""]"
TCGA-B8-4148,TCGA-BP-5181,9,13,7,0.5384615384615384,"[""K2_repeat1_K2_C0002"", ""K2_repeat2_K2_C0002"", ""K2_repeat3_K2_C0002"", ""K4_repeat1_K4_C0001_M_K4_C0004"", ""K4_repeat2_K4_C0001"", ""K5_repeat2_K5_C0001_M_K5_C0005"", ""K5_repeat3_K5_C0001_M_K5_C0005""]"
TCGA-B8-4148,TCGA-BP-5183,9,13,7,0.5384615384615384,"[""K2_repeat1_K2_C0002"", ""K2_repeat2_K2_C0002"", ""K2_repeat3_K2_C0002"", ""K4_repeat1_K4_C0001_M_K4_C0004"", ""K4_repeat2_K4_C0001"", ""K5_repeat2_K5_C0001_M_K5_C0005"", ""K5_repeat3_K5_C0001_M_K5_C0005""]"
TCGA-B8-4148,TCGA-BP-5184,9,13,7,0.5384615384615384,"[""K2_repeat1_K2_C0002"", ""K2_repeat2_K2_C0002"", ""K2_repeat3_K2_C0002"", ""K4_repeat1_K4_C0001_M_K4_C0004"", ""K4_repeat2_K4_C0001"", ""K5_repeat2_K5_C0001_M_K5_C0005"", ""K5_repeat3_K5_C0001_M_K5_C0005""]"
TCGA-B8-4148,TCGA-BP-5186,9,13,7,0.5384615384615384,"[""K2_repeat1_K2_C0002"", ""K2_repeat2_K2_C0002"", ""K2_repeat3_K2_C0002"", ""K4_repeat1_K4_C0001_M_K4_C0004"", ""K4_repeat2_K4_C0001"", ""K5_repeat2_K5_C0001_M_K5_C0005"", ""K5_repeat3_K5_C0001_M_K5_C0005""]"
TCGA-B8-4148,TCGA-BP-5187,9,13,7,0.5384615384615384,"[""K2_repeat1_K2_C0002"", ""K2_repeat2_K2_C0002"", ""K2_repeat3_K2_C0002"", ""K4_repeat1_K4_C0001_M_K4_C0004"", ""K4_repeat2_K4_C0001"", ""K5_repeat2_K5_C0001_M_K5_C0005"", ""K5_repeat3_K5_C0001_M_K5_C0005""]"
TCGA-B8-4148,TCGA-BP-5189,9,11,6,0.5454545454545454,"[""K2_repeat1_K2_C0002"", ""K2_repeat2_K2_C0002"", ""K2_repeat3_K2_C0002"", ""K4_repeat1_K4_C0001_M_K4_C0004"", ""K4_repeat2_K4_C0001"", ""K7_repeat1_K7_C0002_M_K7_C0003""]"
TCGA-B8-4148,TCGA-BP-5190,9,3,2,0.2222222222222222,"[""K6_repeat3_K6_C0002_M_K6_C0003"", ""K7_repeat1_K7_C0002_M_K7_C0003""]"
TCGA-B8-4148,TCGA-BP-5191,9,3,2,0.2222222222222222,"[""K6_repeat3_K6_C0002_M_K6_C0003"", ""K7_repeat1_K7_C0002_M_K7_C0003""]"
TCGA-B8-4148,TCGA-BP-5192,9,10,4,0.4,"[""K2_repeat1_K2_C0002"", ""K2_repeat2_K2_C0002"", ""K2_repeat3_K2_C0002"", ""K4_repeat1_K4_C0001_M_K4_C0004""]"
TCGA-B8-4148,TCGA-BP-5194,9,11,7,0.6363636363636364,"[""K2_repeat1_K2_C0002"", ""K2_repeat2_K2_C0002"", ""K2_repeat3_K2_C0002"", ""K4_repeat1_K4_C0001_M_K4_C0004"", ""K4_repeat2_K4_C0001"", ""K5_repeat2_K5_C0001_M_K5_C0005"", ""K5_repeat3_K5_C0001_M_K5_C0005""]"
TCGA-B8-4148,TCGA-BP-5195,9,12,7,0.5833333333333334,"[""K2_repeat1_K2_C0002"", ""K2_repeat2_K2_C0002"", ""K2_repeat3_K2_C0002"", ""K4_repeat1_K4_C0001_M_K4_C0004"", ""K4_repeat2_K4_C0001"", ""K5_repeat2_K5_C0001_M_K5_C0005"", ""K5_repeat3_K5_C0001_M_K5_C0005""]"
TCGA-B8-4148,TCGA-BP-5196,9,8,4,0.4444444444444444,"[""K2_repeat1_K2_C0002"", ""K2_repeat2_K2_C0002"", ""K2_repeat3_K2_C0002"", ""K4_repeat1_K4_C0001_M_K4_C0004""]"
TCGA-B8-4148,TCGA-BP-5199,9,12,6,0.5,"[""K2_repeat1_K2_C0002"", ""K2_repeat2_K2_C0002"", ""K2_repeat3_K2_C0002"", ""K4_repeat1_K4_C0001_M_K4_C0004"", ""K5_repeat2_K5_C0001_M_K5_C0005"", ""K5_repeat3_K5_C0001_M_K5_C0005""]"
TCGA-B8-4148,TCGA-BP-5200,9,11,7,0.6363636363636364,"[""K2_repeat1_K2_C0002"", ""K2_repeat2_K2_C0002"", ""K2_repeat3_K2_C0002"", ""K4_repeat1_K4_C0001_M_K4_C0004"", ""K4_repeat2_K4_C0001"", ""K5_repeat2_K5_C0001_M_K5_C0005"", ""K5_repeat3_K5_C0001_M_K5_C0005""]"
TCGA-B8-4148,TCGA-CJ-4637,9,7,0,0.0,[]
TCGA-B8-4148,TCGA-CJ-4641,9,7,0,0.0,[]
TCGA-B8-4148,TCGA-CJ-4900,9,6,0,0.0,[]
TCGA-B8-4148,TCGA-CJ-4902,9,4,0,0.0,[]
TCGA-B8-4148,TCGA-CJ-4903,9,8,7,0.7777777777777778,"[""K2_repeat1_K2_C0002"", ""K2_repeat2_K2_C0002"", ""K2_repeat3_K2_C0002"", ""K4_repeat1_K4_C0001_M_K4_C0004"", ""K4_repeat2_K4_C0001"", ""K5_repeat2_K5_C0001_M_K5_C0005"", ""K5_repeat3_K5_C0001_M_K5_C0005""]"
TCGA-B8-4148,TCGA-CJ-4904,9,9,7,0.7777777777777778,"[""K2_repeat1_K2_C0002"", ""K2_repeat2_K2_C0002"", ""K2_repeat3_K2_C0002"", ""K4_repeat1_K4_C0001_M_K4_C0004"", ""K4_repeat2_K4_C0001"", ""K5_repeat2_K5_C0001_M_K5_C0005"", ""K5_repeat3_K5_C0001_M_K5_C0005""]"
TCGA-B8-4148,TCGA-CJ-4923,9,7,0,0.0,[]
TCGA-B8-4148,TCGA-CJ-6027,9,7,0,0.0,[]
TCGA-B8-4148,TCGA-CJ-6028,9,7,0,0.0,[]
TCGA-B8-4148,TCGA-CJ-6030,9,7,0,0.0,[]
TCGA-B8-4148,TCGA-CJ-6033,9,5,4,0.4444444444444444,"[""K4_repeat1_K4_C0001_M_K4_C0004"", ""K4_repeat2_K4_C0001"", ""K5_repeat2_K5_C0001_M_K5_C0005"", ""K5_repeat3_K5_C0001_M_K5_C0005""]"
TCGA-B8-4148,TCGA-CZ-4859,9,12,7,0.5833333333333334,"[""K2_repeat1_K2_C0002"", ""K2_repeat2_K2_C0002"", ""K2_repeat3_K2_C0002"", ""K4_repeat1_K4_C0001_M_K4_C0004"", ""K4_repeat2_K4_C0001"", ""K5_repeat2_K5_C0001_M_K5_C0005"", ""K5_repeat3_K5_C0001_M_K5_C0005""]"
TCGA-B8-4148,TCGA-CZ-4863,9,3,2,0.2222222222222222,"[""K6_repeat3_K6_C0002_M_K6_C0003"", ""K7_repeat1_K7_C0002_M_K7_C0003""]"
TCGA-B8-4148,TCGA-CZ-4865,9,3,2,0.2222222222222222,"[""K6_repeat3_K6_C0002_M_K6_C0003"", ""K7_repeat1_K7_C0002_M_K7_C0003""]"
TCGA-B8-4148,TCGA-CZ-5451,9,9,9,1.0,"[""K2_repeat1_K2_C0002"", ""K2_repeat2_K2_C0002"", ""K2_repeat3_K2_C0002"", ""K4_repeat1_K4_C0001_M_K4_C0004"", ""K4_repeat2_K4_C0001"", ""K5_repeat2_K5_C0001_M_K5_C0005"", ""K5_repeat3_K5_C0001_M_K5_C0005"", ""K6_repeat3_K6_C0002_M_K6_C0003"", ""K7_repeat1_K7_C0002_M_K7_C0003""]"
TCGA-B8-4148,TCGA-CZ-5462,9,5,2,0.2222222222222222,"[""K6_repeat3_K6_C0002_M_K6_C0003"", ""K7_repeat1_K7_C0002_M_K7_C0003""]"
TCGA-B8-4148,TCGA-CZ-5468,9,3,2,0.2222222222222222,"[""K6_repeat3_K6_C0002_M_K6_C0003"", ""K7_repeat1_K7_C0002_M_K7_C0003""]"
TCGA-B8-4148,TCGA-CZ-5984,9,8,4,0.4444444444444444,"[""K2_repeat1_K2_C0002"", ""K2_repeat2_K2_C0002"", ""K2_repeat3_K2_C0002"", ""K4_repeat1_K4_C0001_M_K4_C0004""]"
TCGA-B8-4148,TCGA-CZ-5985,9,7,0,0.0,[]
TCGA-B8-4148,TCGA-CZ-5988,9,3,2,0.2222222222222222,"[""K6_repeat3_K6_C0002_M_K6_C0003"", ""K7_repeat1_K7_C0002_M_K7_C0003""]"
TCGA-B8-4148,TCGA-G6-A5PC,9,7,0,0.0,[]
TCGA-B8-4148,TCGA-G6-A8L7,9,5,4,0.4444444444444444,"[""K4_repeat1_K4_C0001_M_K4_C0004"", ""K4_repeat2_K4_C0001"", ""K5_repeat2_K5_C0001_M_K5_C0005"", ""K5_repeat3_K5_C0001_M_K5_C0005""]"
TCGA-B8-4151,TCGA-B8-4153,3,3,3,1.0,"[""K5_repeat2_K5_C0002_M_K5_C0003"", ""K6_repeat3_K6_C0002_M_K6_C0003"", ""K7_repeat1_K7_C0002_M_K7_C0003""]"
TCGA-B8-4151,TCGA-B8-4619,3,3,3,1.0,"[""K5_repeat2_K5_C0002_M_K5_C0003"", ""K6_repeat3_K6_C0002_M_K6_C0003"", ""K7_repeat1_K7_C0002_M_K7_C0003""]"
TCGA-B8-4151,TCGA-B8-4622,3,9,2,0.2222222222222222,"[""K6_repeat3_K6_C0002_M_K6_C0003"", ""K7_repeat1_K7_C0002_M_K7_C0003""]"
TCGA-B8-4151,TCGA-B8-5158,3,3,3,1.0,"[""K5_repeat2_K5_C0002_M_K5_C0003"", ""K6_repeat3_K6_C0002_M_K6_C0003"", ""K7_repeat1_K7_C0002_M_K7_C0003""]"
TCGA-B8-4151,TCGA-B8-5159,3,8,0,0.0,[]
TCGA-B8-4151,TCGA-B8-5162,3,8,0,0.0,[]
TCGA-B8-4151,TCGA-B8-5164,3,3,3,1.0,"[""K5_repeat2_K5_C0002_M_K5_C0003"", ""K6_repeat3_K6_C0002_M_K6_C0003"", ""K7_repeat1_K7_C0002_M_K7_C0003""]"
TCGA-B8-4151,TCGA-B8-5165,3,8,0,0.0,[]
TCGA-B8-4151,TCGA-B8-5546,3,3,3,1.0,"[""K5_repeat2_K5_C0002_M_K5_C0003"", ""K6_repeat3_K6_C0002_M_K6_C0003"", ""K7_repeat1_K7_C0002_M_K7_C0003""]"
TCGA-B8-4151,TCGA-B8-5549,3,8,0,0.0,[]
TCGA-B8-4151,TCGA-B8-5550,3,3,3,1.0,"[""K5_repeat2_K5_C0002_M_K5_C0003"", ""K6_repeat3_K6_C0002_M_K6_C0003"", ""K7_repeat1_K7_C0002_M_K7_C0003""]"
TCGA-B8-4151,TCGA-B8-5551,3,7,1,0.14285714285714285,"[""K5_repeat2_K5_C0002_M_K5_C0003""]"
TCGA-B8-4151,TCGA-B8-5553,3,3,3,1.0,"[""K5_repeat2_K5_C0002_M_K5_C0003"", ""K6_repeat3_K6_C0002_M_K6_C0003"", ""K7_repeat1_K7_C0002_M_K7_C0003""]"
TCGA-B8-4151,TCGA-B8-A54D,3,5,3,0.6,"[""K5_repeat2_K5_C0002_M_K5_C0003"", ""K6_repeat3_K6_C0002_M_K6_C0003"", ""K7_repeat1_K7_C0002_M_K7_C0003""]"
TCGA-B8-4151,TCGA-B8-A54E,3,3,3,1.0,"[""K5_repeat2_K5_C0002_M_K5_C0003"", ""K6_repeat3_K6_C0002_M_K6_C0003"", ""K7_repeat1_K7_C0002_M_K7_C0003""]"
TCGA-B8-4151,TCGA-B8-A54F,3,3,3,1.0,"[""K5_repeat2_K5_C0002_M_K5_C0003"", ""K6_repeat3_K6_C0002_M_K6_C0003"", ""K7_repeat1_K7_C0002_M_K7_C0003""]"
TCGA-B8-4151,TCGA-B8-A54G,3,5,3,0.6,"[""K5_repeat2_K5_C0002_M_K5_C0003"", ""K6_repeat3_K6_C0002_M_K6_C0003"", ""K7_repeat1_K7_C0002_M_K7_C0003""]"
TCGA-B8-4151,TCGA-BP-4164,3,8,0,0.0,[]
TCGA-B8-4151,TCGA-BP-4167,3,7,1,0.14285714285714285,"[""K5_repeat2_K5_C0002_M_K5_C0003""]"
TCGA-B8-4151,TCGA-BP-4770,3,3,3,1.0,"[""K5_repeat2_K5_C0002_M_K5_C0003"", ""K6_repeat3_K6_C0002_M_K6_C0003"", ""K7_repeat1_K7_C0002_M_K7_C0003""]"
TCGA-B8-4151,TCGA-BP-4782,3,3,3,1.0,"[""K5_repeat2_K5_C0002_M_K5_C0003"", ""K6_repeat3_K6_C0002_M_K6_C0003"", ""K7_repeat1_K7_C0002_M_K7_C0003""]"
TCGA-B8-4151,TCGA-BP-4960,3,10,0,0.0,[]
TCGA-B8-4151,TCGA-BP-4962,3,7,1,0.14285714285714285,"[""K5_repeat2_K5_C0002_M_K5_C0003""]"
TCGA-B8-4151,TCGA-BP-4965,3,11,0,0.0,[]
TCGA-B8-4151,TCGA-BP-4967,3,8,0,0.0,[]
TCGA-B8-4151,TCGA-BP-4970,3,8,0,0.0,[]
TCGA-B8-4151,TCGA-BP-4971,3,7,1,0.14285714285714285,"[""K5_repeat2_K5_C0002_M_K5_C0003""]"
TCGA-B8-4151,TCGA-BP-4972,3,6,1,0.16666666666666666,"[""K5_repeat2_K5_C0002_M_K5_C0003""]"
TCGA-B8-4151,TCGA-BP-4976,3,12,0,0.0,[]
TCGA-B8-4151,TCGA-BP-4977,3,8,0,0.0,[]
TCGA-B8-4151,TCGA-BP-4982,3,11,0,0.0,[]
TCGA-B8-4151,TCGA-BP-4986,3,8,0,0.0,[]
TCGA-B8-4151,TCGA-BP-4988,3,9,0,0.0,[]
TCGA-B8-4151,TCGA-BP-4989,3,13,0,0.0,[]
TCGA-B8-4151,TCGA-BP-4992,3,7,1,0.14285714285714285,"[""K5_repeat2_K5_C0002_M_K5_C0003""]"
TCGA-B8-4151,TCGA-BP-4994,3,3,3,1.0,"[""K5_repeat2_K5_C0002_M_K5_C0003"", ""K6_repeat3_K6_C0002_M_K6_C0003"", ""K7_repeat1_K7_C0002_M_K7_C0003""]"
TCGA-B8-4151,TCGA-BP-4995,3,12,0,0.0,[]
TCGA-B8-4151,TCGA-BP-4999,3,11,0,0.0,[]
TCGA-B8-4151,TCGA-BP-5000,3,3,3,1.0,"[""K5_repeat2_K5_C0002_M_K5_C0003"", ""K6_repeat3_K6_C0002_M_K6_C0003"", ""K7_repeat1_K7_C0002_M_K7_C0003""]"
TCGA-B8-4151,TCGA-BP-5001,3,12,0,0.0,[]
TCGA-B8-4151,TCGA-BP-5004,3,12,0,0.0,[]
TCGA-B8-4151,TCGA-BP-5006,3,12,0,0.0,[]
TCGA-B8-4151,TCGA-BP-5007,3,12,0,0.0,[]
TCGA-B8-4151,TCGA-BP-5009,3,12,0,0.0,[]
TCGA-B8-4151,TCGA-BP-5010,3,4,0,0.0,[]
TCGA-B8-4151,TCGA-BP-5174,3,8,0,0.0,[]
TCGA-B8-4151,TCGA-BP-5175,3,7,1,0.14285714285714285,"[""K5_repeat2_K5_C0002_M_K5_C0003""]"
TCGA-B8-4151,TCGA-BP-5180,3,13,0,0.0,[]
TCGA-B8-4151,TCGA-BP-5181,3,13,0,0.0,[]
TCGA-B8-4151,TCGA-BP-5183,3,13,0,0.0,[]
TCGA-B8-4151,TCGA-BP-5184,3,13,0,0.0,[]
TCGA-B8-4151,TCGA-BP-5186,3,13,0,0.0,[]
TCGA-B8-4151,TCGA-BP-5187,3,13,0,0.0,[]
TCGA-B8-4151,TCGA-BP-5189,3,11,2,0.18181818181818182,"[""K5_repeat2_K5_C0002_M_K5_C0003"", ""K7_repeat1_K7_C0002_M_K7_C0003""]"
TCGA-B8-4151,TCGA-BP-5190,3,3,3,1.0,"[""K5_repeat2_K5_C0002_M_K5_C0003"", ""K6_repeat3_K6_C0002_M_K6_C0003"", ""K7_repeat1_K7_C0002_M_K7_C0003""]"
TCGA-B8-4151,TCGA-BP-5191,3,3,3,1.0,"[""K5_repeat2_K5_C0002_M_K5_C0003"", ""K6_repeat3_K6_C0002_M_K6_C0003"", ""K7_repeat1_K7_C0002_M_K7_C0003""]"
TCGA-B8-4151,TCGA-BP-5192,3,10,0,0.0,[]
TCGA-B8-4151,TCGA-BP-5194,3,11,0,0.0,[]
TCGA-B8-4151,TCGA-BP-5195,3,12,0,0.0,[]
TCGA-B8-4151,TCGA-BP-5196,3,8,0,0.0,[]
TCGA-B8-4151,TCGA-BP-5199,3,12,0,0.0,[]
TCGA-B8-4151,TCGA-BP-5200,3,11,0,0.0,[]
TCGA-B8-4151,TCGA-CJ-4637,3,7,1,0.14285714285714285,"[""K5_repeat2_K5_C0002_M_K5_C0003""]"
TCGA-B8-4151,TCGA-CJ-4641,3,7,1,0.14285714285714285,"[""K5_repeat2_K5_C0002_M_K5_C0003""]"
TCGA-B8-4151,TCGA-CJ-4900,3,6,1,0.16666666666666666,"[""K5_repeat2_K5_C0002_M_K5_C0003""]"
TCGA-B8-4151,TCGA-CJ-4902,3,4,0,0.0,[]
TCGA-B8-4151,TCGA-CJ-4903,3,8,0,0.0,[]
TCGA-B8-4151,TCGA-CJ-4904,3,9,0,0.0,[]
TCGA-B8-4151,TCGA-CJ-4923,3,7,1,0.14285714285714285,"[""K5_repeat2_K5_C0002_M_K5_C0003""]"
TCGA-B8-4151,TCGA-CJ-6027,3,7,1,0.14285714285714285,"[""K5_repeat2_K5_C0002_M_K5_C0003""]"
TCGA-B8-4151,TCGA-CJ-6028,3,7,1,0.14285714285714285,"[""K5_repeat2_K5_C0002_M_K5_C0003""]"
TCGA-B8-4151,TCGA-CJ-6030,3,7,1,0.14285714285714285,"[""K5_repeat2_K5_C0002_M_K5_C0003""]"
TCGA-B8-4151,TCGA-CJ-6033,3,5,0,0.0,[]
TCGA-B8-4151,TCGA-CZ-4859,3,12,0,0.0,[]
TCGA-B8-4151,TCGA-CZ-4863,3,3,3,1.0,"[""K5_repeat2_K5_C0002_M_K5_C0003"", ""K6_repeat3_K6_C0002_M_K6_C0003"", ""K7_repeat1_K7_C0002_M_K7_C0003""]"
TCGA-B8-4151,TCGA-CZ-4865,3,3,3,1.0,"[""K5_repeat2_K5_C0002_M_K5_C0003"", ""K6_repeat3_K6_C0002_M_K6_C0003"", ""K7_repeat1_K7_C0002_M_K7_C0003""]"
TCGA-B8-4151,TCGA-CZ-5451,3,9,2,0.2222222222222222,"[""K6_repeat3_K6_C0002_M_K6_C0003"", ""K7_repeat1_K7_C0002_M_K7_C0003""]"
TCGA-B8-4151,TCGA-CZ-5462,3,5,3,0.6,"[""K5_repeat2_K5_C0002_M_K5_C0003"", ""K6_repeat3_K6_C0002_M_K6_C0003"", ""K7_repeat1_K7_C0002_M_K7_C0003""]"
TCGA-B8-4151,TCGA-CZ-5468,3,3,3,1.0,"[""K5_repeat2_K5_C0002_M_K5_C0003"", ""K6_repeat3_K6_C0002_M_K6_C0003"", ""K7_repeat1_K7_C0002_M_K7_C0003""]"
TCGA-B8-4151,TCGA-CZ-5984,3,8,0,0.0,[]
TCGA-B8-4151,TCGA-CZ-5985,3,7,1,0.14285714285714285,"[""K5_repeat2_K5_C0002_M_K5_C0003""]"
TCGA-B8-4151,TCGA-CZ-5988,3,3,3,1.0,"[""K5_repeat2_K5_C0002_M_K5_C0003"", ""K6_repeat3_K6_C0002_M_K6_C0003"", ""K7_repeat1_K7_C0002_M_K7_C0003""]"
TCGA-B8-4151,TCGA-G6-A5PC,3,7,1,0.14285714285714285,"[""K5_repeat2_K5_C0002_M_K5_C0003""]"
TCGA-B8-4151,TCGA-G6-A8L7,3,5,0,0.0,[]
TCGA-B8-4153,TCGA-B8-4619,3,3,3,1.0,"[""K5_repeat2_K5_C0002_M_K5_C0003"", ""K6_repeat3_K6_C0002_M_K6_C0003"", ""K7_repeat1_K7_C0002_M_K7_C0003""]"
TCGA-B8-4153,TCGA-B8-4622,3,9,2,0.2222222222222222,"[""K6_repeat3_K6_C0002_M_K6_C0003"", ""K7_repeat1_K7_C0002_M_K7_C0003""]"
TCGA-B8-4153,TCGA-B8-5158,3,3,3,1.0,"[""K5_repeat2_K5_C0002_M_K5_C0003"", ""K6_repeat3_K6_C0002_M_K6_C0003"", ""K7_repeat1_K7_C0002_M_K7_C0003""]"
TCGA-B8-4153,TCGA-B8-5159,3,8,0,0.0,[]
TCGA-B8-4153,TCGA-B8-5162,3,8,0,0.0,[]
TCGA-B8-4153,TCGA-B8-5164,3,3,3,1.0,"[""K5_repeat2_K5_C0002_M_K5_C0003"", ""K6_repeat3_K6_C0002_M_K6_C0003"", ""K7_repeat1_K7_C0002_M_K7_C0003""]"
TCGA-B8-4153,TCGA-B8-5165,3,8,0,0.0,[]
TCGA-B8-4153,TCGA-B8-5546,3,3,3,1.0,"[""K5_repeat2_K5_C0002_M_K5_C0003"", ""K6_repeat3_K6_C0002_M_K6_C0003"", ""K7_repeat1_K7_C0002_M_K7_C0003""]"
TCGA-B8-4153,TCGA-B8-5549,3,8,0,0.0,[]
TCGA-B8-4153,TCGA-B8-5550,3,3,3,1.0,"[""K5_repeat2_K5_C0002_M_K5_C0003"", ""K6_repeat3_K6_C0002_M_K6_C0003"", ""K7_repeat1_K7_C0002_M_K7_C0003""]"
TCGA-B8-4153,TCGA-B8-5551,3,7,1,0.14285714285714285,"[""K5_repeat2_K5_C0002_M_K5_C0003""]"
TCGA-B8-4153,TCGA-B8-5553,3,3,3,1.0,"[""K5_repeat2_K5_C0002_M_K5_C0003"", ""K6_repeat3_K6_C0002_M_K6_C0003"", ""K7_repeat1_K7_C0002_M_K7_C0003""]"
TCGA-B8-4153,TCGA-B8-A54D,3,5,3,0.6,"[""K5_repeat2_K5_C0002_M_K5_C0003"", ""K6_repeat3_K6_C0002_M_K6_C0003"", ""K7_repeat1_K7_C0002_M_K7_C0003""]"
TCGA-B8-4153,TCGA-B8-A54E,3,3,3,1.0,"[""K5_repeat2_K5_C0002_M_K5_C0003"", ""K6_repeat3_K6_C0002_M_K6_C0003"", ""K7_repeat1_K7_C0002_M_K7_C0003""]"
TCGA-B8-4153,TCGA-B8-A54F,3,3,3,1.0,"[""K5_repeat2_K5_C0002_M_K5_C0003"", ""K6_repeat3_K6_C0002_M_K6_C0003"", ""K7_repeat1_K7_C0002_M_K7_C0003""]"
TCGA-B8-4153,TCGA-B8-A54G,3,5,3,0.6,"[""K5_repeat2_K5_C0002_M_K5_C0003"", ""K6_repeat3_K6_C0002_M_K6_C0003"", ""K7_repeat1_K7_C0002_M_K7_C0003""]"
TCGA-B8-4153,TCGA-BP-4164,3,8,0,0.0,[]
TCGA-B8-4153,TCGA-BP-4167,3,7,1,0.14285714285714285,"[""K5_repeat2_K5_C0002_M_K5_C0003""]"
TCGA-B8-4153,TCGA-BP-4770,3,3,3,1.0,"[""K5_repeat2_K5_C0002_M_K5_C0003"", ""K6_repeat3_K6_C0002_M_K6_C0003"", ""K7_repeat1_K7_C0002_M_K7_C0003""]"
TCGA-B8-4153,TCGA-BP-4782,3,3,3,1.0,"[""K5_repeat2_K5_C0002_M_K5_C0003"", ""K6_repeat3_K6_C0002_M_K6_C0003"", ""K7_repeat1_K7_C0002_M_K7_C0003""]"
TCGA-B8-4153,TCGA-BP-4960,3,10,0,0.0,[]
TCGA-B8-4153,TCGA-BP-4962,3,7,1,0.14285714285714285,"[""K5_repeat2_K5_C0002_M_K5_C0003""]"
TCGA-B8-4153,TCGA-BP-4965,3,11,0,0.0,[]
TCGA-B8-4153,TCGA-BP-4967,3,8,0,0.0,[]
TCGA-B8-4153,TCGA-BP-4970,3,8,0,0.0,[]
TCGA-B8-4153,TCGA-BP-4971,3,7,1,0.14285714285714285,"[""K5_repeat2_K5_C0002_M_K5_C0003""]"
TCGA-B8-4153,TCGA-BP-4972,3,6,1,0.16666666666666666,"[""K5_repeat2_K5_C0002_M_K5_C0003""]"
TCGA-B8-4153,TCGA-BP-4976,3,12,0,0.0,[]
TCGA-B8-4153,TCGA-BP-4977,3,8,0,0.0,[]
TCGA-B8-4153,TCGA-BP-4982,3,11,0,0.0,[]
TCGA-B8-4153,TCGA-BP-4986,3,8,0,0.0,[]
TCGA-B8-4153,TCGA-BP-4988,3,9,0,0.0,[]
TCGA-B8-4153,TCGA-BP-4989,3,13,0,0.0,[]
TCGA-B8-4153,TCGA-BP-4992,3,7,1,0.14285714285714285,"[""K5_repeat2_K5_C0002_M_K5_C0003""]"
TCGA-B8-4153,TCGA-BP-4994,3,3,3,1.0,"[""K5_repeat2_K5_C0002_M_K5_C0003"", ""K6_repeat3_K6_C0002_M_K6_C0003"", ""K7_repeat1_K7_C0002_M_K7_C0003""]"
TCGA-B8-4153,TCGA-BP-4995,3,12,0,0.0,[]
TCGA-B8-4153,TCGA-BP-4999,3,11,0,0.0,[]
TCGA-B8-4153,TCGA-BP-5000,3,3,3,1.0,"[""K5_repeat2_K5_C0002_M_K5_C0003"", ""K6_repeat3_K6_C0002_M_K6_C0003"", ""K7_repeat1_K7_C0002_M_K7_C0003""]"
TCGA-B8-4153,TCGA-BP-5001,3,12,0,0.0,[]
TCGA-B8-4153,TCGA-BP-5004,3,12,0,0.0,[]
TCGA-B8-4153,TCGA-BP-5006,3,12,0,0.0,[]
TCGA-B8-4153,TCGA-BP-5007,3,12,0,0.0,[]
TCGA-B8-4153,TCGA-BP-5009,3,12,0,0.0,[]
TCGA-B8-4153,TCGA-BP-5010,3,4,0,0.0,[]
TCGA-B8-4153,TCGA-BP-5174,3,8,0,0.0,[]
TCGA-B8-4153,TCGA-BP-5175,3,7,1,0.14285714285714285,"[""K5_repeat2_K5_C0002_M_K5_C0003""]"
TCGA-B8-4153,TCGA-BP-5180,3,13,0,0.0,[]
TCGA-B8-4153,TCGA-BP-5181,3,13,0,0.0,[]
TCGA-B8-4153,TCGA-BP-5183,3,13,0,0.0,[]
TCGA-B8-4153,TCGA-BP-5184,3,13,0,0.0,[]
TCGA-B8-4153,TCGA-BP-5186,3,13,0,0.0,[]
TCGA-B8-4153,TCGA-BP-5187,3,13,0,0.0,[]
TCGA-B8-4153,TCGA-BP-5189,3,11,2,0.18181818181818182,"[""K5_repeat2_K5_C0002_M_K5_C0003"", ""K7_repeat1_K7_C0002_M_K7_C0003""]"
TCGA-B8-4153,TCGA-BP-5190,3,3,3,1.0,"[""K5_repeat2_K5_C0002_M_K5_C0003"", ""K6_repeat3_K6_C0002_M_K6_C0003"", ""K7_repeat1_K7_C0002_M_K7_C0003""]"
TCGA-B8-4153,TCGA-BP-5191,3,3,3,1.0,"[""K5_repeat2_K5_C0002_M_K5_C0003"", ""K6_repeat3_K6_C0002_M_K6_C0003"", ""K7_repeat1_K7_C0002_M_K7_C0003""]"
TCGA-B8-4153,TCGA-BP-5192,3,10,0,0.0,[]
TCGA-B8-4153,TCGA-BP-5194,3,11,0,0.0,[]
TCGA-B8-4153,TCGA-BP-5195,3,12,0,0.0,[]
TCGA-B8-4153,TCGA-BP-5196,3,8,0,0.0,[]
TCGA-B8-4153,TCGA-BP-5199,3,12,0,0.0,[]
TCGA-B8-4153,TCGA-BP-5200,3,11,0,0.0,[]
TCGA-B8-4153,TCGA-CJ-4637,3,7,1,0.14285714285714285,"[""K5_repeat2_K5_C0002_M_K5_C0003""]"
TCGA-B8-4153,TCGA-CJ-4641,3,7,1,0.14285714285714285,"[""K5_repeat2_K5_C0002_M_K5_C0003""]"
TCGA-B8-4153,TCGA-CJ-4900,3,6,1,0.16666666666666666,"[""K5_repeat2_K5_C0002_M_K5_C0003""]"
TCGA-B8-4153,TCGA-CJ-4902,3,4,0,0.0,[]
TCGA-B8-4153,TCGA-CJ-4903,3,8,0,0.0,[]
TCGA-B8-4153,TCGA-CJ-4904,3,9,0,0.0,[]
TCGA-B8-4153,TCGA-CJ-4923,3,7,1,0.14285714285714285,"[""K5_repeat2_K5_C0002_M_K5_C0003""]"
TCGA-B8-4153,TCGA-CJ-6027,3,7,1,0.14285714285714285,"[""K5_repeat2_K5_C0002_M_K5_C0003""]"
TCGA-B8-4153,TCGA-CJ-6028,3,7,1,0.14285714285714285,"[""K5_repeat2_K5_C0002_M_K5_C0003""]"
TCGA-B8-4153,TCGA-CJ-6030,3,7,1,0.14285714285714285,"[""K5_repeat2_K5_C0002_M_K5_C0003""]"
TCGA-B8-4153,TCGA-CJ-6033,3,5,0,0.0,[]
TCGA-B8-4153,TCGA-CZ-4859,3,12,0,0.0,[]
TCGA-B8-4153,TCGA-CZ-4863,3,3,3,1.0,"[""K5_repeat2_K5_C0002_M_K5_C0003"", ""K6_repeat3_K6_C0002_M_K6_C0003"", ""K7_repeat1_K7_C0002_M_K7_C0003""]"
TCGA-B8-4153,TCGA-CZ-4865,3,3,3,1.0,"[""K5_repeat2_K5_C0002_M_K5_C0003"", ""K6_repeat3_K6_C0002_M_K6_C0003"", ""K7_repeat1_K7_C0002_M_K7_C0003""]"
TCGA-B8-4153,TCGA-CZ-5451,3,9,2,0.2222222222222222,"[""K6_repeat3_K6_C0002_M_K6_C0003"", ""K7_repeat1_K7_C0002_M_K7_C0003""]"
TCGA-B8-4153,TCGA-CZ-5462,3,5,3,0.6,"[""K5_repeat2_K5_C0002_M_K5_C0003"", ""K6_repeat3_K6_C0002_M_K6_C0003"", ""K7_repeat1_K7_C0002_M_K7_C0003""]"
TCGA-B8-4153,TCGA-CZ-5468,3,3,3,1.0,"[""K5_repeat2_K5_C0002_M_K5_C0003"", ""K6_repeat3_K6_C0002_M_K6_C0003"", ""K7_repeat1_K7_C0002_M_K7_C0003""]"
TCGA-B8-4153,TCGA-CZ-5984,3,8,0,0.0,[]
TCGA-B8-4153,TCGA-CZ-5985,3,7,1,0.14285714285714285,"[""K5_repeat2_K5_C0002_M_K5_C0003""]"
TCGA-B8-4153,TCGA-CZ-5988,3,3,3,1.0,"[""K5_repeat2_K5_C0002_M_K5_C0003"", ""K6_repeat3_K6_C0002_M_K6_C0003"", ""K7_repeat1_K7_C0002_M_K7_C0003""]"
TCGA-B8-4153,TCGA-G6-A5PC,3,7,1,0.14285714285714285,"[""K5_repeat2_K5_C0002_M_K5_C0003""]"
TCGA-B8-4153,TCGA-G6-A8L7,3,5,0,0.0,[]
TCGA-B8-4619,TCGA-B8-4622,3,9,2,0.2222222222222222,"[""K6_repeat3_K6_C0002_M_K6_C0003"", ""K7_repeat1_K7_C0002_M_K7_C0003""]"
TCGA-B8-4619,TCGA-B8-5158,3,3,3,1.0,"[""K5_repeat2_K5_C0002_M_K5_C0003"", ""K6_repeat3_K6_C0002_M_K6_C0003"", ""K7_repeat1_K7_C0002_M_K7_C0003""]"
TCGA-B8-4619,TCGA-B8-5159,3,8,0,0.0,[]
TCGA-B8-4619,TCGA-B8-5162,3,8,0,0.0,[]
TCGA-B8-4619,TCGA-B8-5164,3,3,3,1.0,"[""K5_repeat2_K5_C0002_M_K5_C0003"", ""K6_repeat3_K6_C0002_M_K6_C0003"", ""K7_repeat1_K7_C0002_M_K7_C0003""]"
TCGA-B8-4619,TCGA-B8-5165,3,8,0,0.0,[]
TCGA-B8-4619,TCGA-B8-5546,3,3,3,1.0,"[""K5_repeat2_K5_C0002_M_K5_C0003"", ""K6_repeat3_K6_C0002_M_K6_C0003"", ""K7_repeat1_K7_C0002_M_K7_C0003""]"
TCGA-B8-4619,TCGA-B8-5549,3,8,0,0.0,[]
TCGA-B8-4619,TCGA-B8-5550,3,3,3,1.0,"[""K5_repeat2_K5_C0002_M_K5_C0003"", ""K6_repeat3_K6_C0002_M_K6_C0003"", ""K7_repeat1_K7_C0002_M_K7_C0003""]"
TCGA-B8-4619,TCGA-B8-5551,3,7,1,0.14285714285714285,"[""K5_repeat2_K5_C0002_M_K5_C0003""]"
TCGA-B8-4619,TCGA-B8-5553,3,3,3,1.0,"[""K5_repeat2_K5_C0002_M_K5_C0003"", ""K6_repeat3_K6_C0002_M_K6_C0003"", ""K7_repeat1_K7_C0002_M_K7_C0003""]"
TCGA-B8-4619,TCGA-B8-A54D,3,5,3,0.6,"[""K5_repeat2_K5_C0002_M_K5_C0003"", ""K6_repeat3_K6_C0002_M_K6_C0003"", ""K7_repeat1_K7_C0002_M_K7_C0003""]"
TCGA-B8-4619,TCGA-B8-A54E,3,3,3,1.0,"[""K5_repeat2_K5_C0002_M_K5_C0003"", ""K6_repeat3_K6_C0002_M_K6_C0003"", ""K7_repeat1_K7_C0002_M_K7_C0003""]"
TCGA-B8-4619,TCGA-B8-A54F,3,3,3,1.0,"[""K5_repeat2_K5_C0002_M_K5_C0003"", ""K6_repeat3_K6_C0002_M_K6_C0003"", ""K7_repeat1_K7_C0002_M_K7_C0003""]"
TCGA-B8-4619,TCGA-B8-A54G,3,5,3,0.6,"[""K5_repeat2_K5_C0002_M_K5_C0003"", ""K6_repeat3_K6_C0002_M_K6_C0003"", ""K7_repeat1_K7_C0002_M_K7_C0003""]"
TCGA-B8-4619,TCGA-BP-4164,3,8,0,0.0,[]
TCGA-B8-4619,TCGA-BP-4167,3,7,1,0.14285714285714285,"[""K5_repeat2_K5_C0002_M_K5_C0003""]"
TCGA-B8-4619,TCGA-BP-4770,3,3,3,1.0,"[""K5_repeat2_K5_C0002_M_K5_C0003"", ""K6_repeat3_K6_C0002_M_K6_C0003"", ""K7_repeat1_K7_C0002_M_K7_C0003""]"
TCGA-B8-4619,TCGA-BP-4782,3,3,3,1.0,"[""K5_repeat2_K5_C0002_M_K5_C0003"", ""K6_repeat3_K6_C0002_M_K6_C0003"", ""K7_repeat1_K7_C0002_M_K7_C0003""]"
TCGA-B8-4619,TCGA-BP-4960,3,10,0,0.0,[]
TCGA-B8-4619,TCGA-BP-4962,3,7,1,0.14285714285714285,"[""K5_repeat2_K5_C0002_M_K5_C0003""]"
TCGA-B8-4619,TCGA-BP-4965,3,11,0,0.0,[]
TCGA-B8-4619,TCGA-BP-4967,3,8,0,0.0,[]
TCGA-B8-4619,TCGA-BP-4970,3,8,0,0.0,[]
TCGA-B8-4619,TCGA-BP-4971,3,7,1,0.14285714285714285,"[""K5_repeat2_K5_C0002_M_K5_C0003""]"
TCGA-B8-4619,TCGA-BP-4972,3,6,1,0.16666666666666666,"[""K5_repeat2_K5_C0002_M_K5_C0003""]"
TCGA-B8-4619,TCGA-BP-4976,3,12,0,0.0,[]
TCGA-B8-4619,TCGA-BP-4977,3,8,0,0.0,[]
TCGA-B8-4619,TCGA-BP-4982,3,11,0,0.0,[]
TCGA-B8-4619,TCGA-BP-4986,3,8,0,0.0,[]
TCGA-B8-4619,TCGA-BP-4988,3,9,0,0.0,[]
TCGA-B8-4619,TCGA-BP-4989,3,13,0,0.0,[]
TCGA-B8-4619,TCGA-BP-4992,3,7,1,0.14285714285714285,"[""K5_repeat2_K5_C0002_M_K5_C0003""]"
TCGA-B8-4619,TCGA-BP-4994,3,3,3,1.0,"[""K5_repeat2_K5_C0002_M_K5_C0003"", ""K6_repeat3_K6_C0002_M_K6_C0003"", ""K7_repeat1_K7_C0002_M_K7_C0003""]"
TCGA-B8-4619,TCGA-BP-4995,3,12,0,0.0,[]
TCGA-B8-4619,TCGA-BP-4999,3,11,0,0.0,[]
TCGA-B8-4619,TCGA-BP-5000,3,3,3,1.0,"[""K5_repeat2_K5_C0002_M_K5_C0003"", ""K6_repeat3_K6_C0002_M_K6_C0003"", ""K7_repeat1_K7_C0002_M_K7_C0003""]"
TCGA-B8-4619,TCGA-BP-5001,3,12,0,0.0,[]
TCGA-B8-4619,TCGA-BP-5004,3,12,0,0.0,[]
TCGA-B8-4619,TCGA-BP-5006,3,12,0,0.0,[]
TCGA-B8-4619,TCGA-BP-5007,3,12,0,0.0,[]
TCGA-B8-4619,TCGA-BP-5009,3,12,0,0.0,[]
TCGA-B8-4619,TCGA-BP-5010,3,4,0,0.0,[]
TCGA-B8-4619,TCGA-BP-5174,3,8,0,0.0,[]
TCGA-B8-4619,TCGA-BP-5175,3,7,1,0.14285714285714285,"[""K5_repeat2_K5_C0002_M_K5_C0003""]"
TCGA-B8-4619,TCGA-BP-5180,3,13,0,0.0,[]
TCGA-B8-4619,TCGA-BP-5181,3,13,0,0.0,[]
TCGA-B8-4619,TCGA-BP-5183,3,13,0,0.0,[]
TCGA-B8-4619,TCGA-BP-5184,3,13,0,0.0,[]
TCGA-B8-4619,TCGA-BP-5186,3,13,0,0.0,[]
TCGA-B8-4619,TCGA-BP-5187,3,13,0,0.0,[]
TCGA-B8-4619,TCGA-BP-5189,3,11,2,0.18181818181818182,"[""K5_repeat2_K5_C0002_M_K5_C0003"", ""K7_repeat1_K7_C0002_M_K7_C0003""]"
TCGA-B8-4619,TCGA-BP-5190,3,3,3,1.0,"[""K5_repeat2_K5_C0002_M_K5_C0003"", ""K6_repeat3_K6_C0002_M_K6_C0003"", ""K7_repeat1_K7_C0002_M_K7_C0003""]"
TCGA-B8-4619,TCGA-BP-5191,3,3,3,1.0,"[""K5_repeat2_K5_C0002_M_K5_C0003"", ""K6_repeat3_K6_C0002_M_K6_C0003"", ""K7_repeat1_K7_C0002_M_K7_C0003""]"
TCGA-B8-4619,TCGA-BP-5192,3,10,0,0.0,[]
TCGA-B8-4619,TCGA-BP-5194,3,11,0,0.0,[]
TCGA-B8-4619,TCGA-BP-5195,3,12,0,0.0,[]
TCGA-B8-4619,TCGA-BP-5196,3,8,0,0.0,[]
TCGA-B8-4619,TCGA-BP-5199,3,12,0,0.0,[]
TCGA-B8-4619,TCGA-BP-5200,3,11,0,0.0,[]
TCGA-B8-4619,TCGA-CJ-4637,3,7,1,0.14285714285714285,"[""K5_repeat2_K5_C0002_M_K5_C0003""]"
TCGA-B8-4619,TCGA-CJ-4641,3,7,1,0.14285714285714285,"[""K5_repeat2_K5_C0002_M_K5_C0003""]"
TCGA-B8-4619,TCGA-CJ-4900,3,6,1,0.16666666666666666,"[""K5_repeat2_K5_C0002_M_K5_C0003""]"
TCGA-B8-4619,TCGA-CJ-4902,3,4,0,0.0,[]
TCGA-B8-4619,TCGA-CJ-4903,3,8,0,0.0,[]
TCGA-B8-4619,TCGA-CJ-4904,3,9,0,0.0,[]
TCGA-B8-4619,TCGA-CJ-4923,3,7,1,0.14285714285714285,"[""K5_repeat2_K5_C0002_M_K5_C0003""]"
TCGA-B8-4619,TCGA-CJ-6027,3,7,1,0.14285714285714285,"[""K5_repeat2_K5_C0002_M_K5_C0003""]"
TCGA-B8-4619,TCGA-CJ-6028,3,7,1,0.14285714285714285,"[""K5_repeat2_K5_C0002_M_K5_C0003""]"
TCGA-B8-4619,TCGA-CJ-6030,3,7,1,0.14285714285714285,"[""K5_repeat2_K5_C0002_M_K5_C0003""]"
TCGA-B8-4619,TCGA-CJ-6033,3,5,0,0.0,[]
TCGA-B8-4619,TCGA-CZ-4859,3,12,0,0.0,[]
TCGA-B8-4619,TCGA-CZ-4863,3,3,3,1.0,"[""K5_repeat2_K5_C0002_M_K5_C0003"", ""K6_repeat3_K6_C0002_M_K6_C0003"", ""K7_repeat1_K7_C0002_M_K7_C0003""]"
TCGA-B8-4619,TCGA-CZ-4865,3,3,3,1.0,"[""K5_repeat2_K5_C0002_M_K5_C0003"", ""K6_repeat3_K6_C0002_M_K6_C0003"", ""K7_repeat1_K7_C0002_M_K7_C0003""]"
TCGA-B8-4619,TCGA-CZ-5451,3,9,2,0.2222222222222222,"[""K6_repeat3_K6_C0002_M_K6_C0003"", ""K7_repeat1_K7_C0002_M_K7_C0003""]"
TCGA-B8-4619,TCGA-CZ-5462,3,5,3,0.6,"[""K5_repeat2_K5_C0002_M_K5_C0003"", ""K6_repeat3_K6_C0002_M_K6_C0003"", ""K7_repeat1_K7_C0002_M_K7_C0003""]"
TCGA-B8-4619,TCGA-CZ-5468,3,3,3,1.0,"[""K5_repeat2_K5_C0002_M_K5_C0003"", ""K6_repeat3_K6_C0002_M_K6_C0003"", ""K7_repeat1_K7_C0002_M_K7_C0003""]"
TCGA-B8-4619,TCGA-CZ-5984,3,8,0,0.0,[]
TCGA-B8-4619,TCGA-CZ-5985,3,7,1,0.14285714285714285,"[""K5_repeat2_K5_C0002_M_K5_C0003""]"
TCGA-B8-4619,TCGA-CZ-5988,3,3,3,1.0,"[""K5_repeat2_K5_C0002_M_K5_C0003"", ""K6_repeat3_K6_C0002_M_K6_C0003"", ""K7_repeat1_K7_C0002_M_K7_C0003""]"
TCGA-B8-4619,TCGA-G6-A5PC,3,7,1,0.14285714285714285,"[""K5_repeat2_K5_C0002_M_K5_C0003""]"
TCGA-B8-4619,TCGA-G6-A8L7,3,5,0,0.0,[]
TCGA-B8-4622,TCGA-B8-5158,9,3,2,0.2222222222222222,"[""K6_repeat3_K6_C0002_M_K6_C0003"", ""K7_repeat1_K7_C0002_M_K7_C0003""]"
TCGA-B8-4622,TCGA-B8-5159,9,8,4,0.4444444444444444,"[""K2_repeat1_K2_C0002"", ""K2_repeat2_K2_C0002"", ""K2_repeat3_K2_C0002"", ""K4_repeat1_K4_C0001_M_K4_C0004""]"
TCGA-B8-4622,TCGA-B8-5162,9,8,4,0.4444444444444444,"[""K2_repeat1_K2_C0002"", ""K2_repeat2_K2_C0002"", ""K2_repeat3_K2_C0002"", ""K4_repeat1_K4_C0001_M_K4_C0004""]"
TCGA-B8-4622,TCGA-B8-5164,9,3,2,0.2222222222222222,"[""K6_repeat3_K6_C0002_M_K6_C0003"", ""K7_repeat1_K7_C0002_M_K7_C0003""]"
TCGA-B8-4622,TCGA-B8-5165,9,8,4,0.4444444444444444,"[""K2_repeat1_K2_C0002"", ""K2_repeat2_K2_C0002"", ""K2_repeat3_K2_C0002"", ""K4_repeat1_K4_C0001_M_K4_C0004""]"
TCGA-B8-4622,TCGA-B8-5546,9,3,2,0.2222222222222222,"[""K6_repeat3_K6_C0002_M_K6_C0003"", ""K7_repeat1_K7_C0002_M_K7_C0003""]"
TCGA-B8-4622,TCGA-B8-5549,9,8,4,0.4444444444444444,"[""K2_repeat1_K2_C0002"", ""K2_repeat2_K2_C0002"", ""K2_repeat3_K2_C0002"", ""K4_repeat1_K4_C0001_M_K4_C0004""]"
TCGA-B8-4622,TCGA-B8-5550,9,3,2,0.2222222222222222,"[""K6_repeat3_K6_C0002_M_K6_C0003"", ""K7_repeat1_K7_C0002_M_K7_C0003""]"
TCGA-B8-4622,TCGA-B8-5551,9,7,0,0.0,[]
TCGA-B8-4622,TCGA-B8-5553,9,3,2,0.2222222222222222,"[""K6_repeat3_K6_C0002_M_K6_C0003"", ""K7_repeat1_K7_C0002_M_K7_C0003""]"
TCGA-B8-4622,TCGA-B8-A54D,9,5,2,0.2222222222222222,"[""K6_repeat3_K6_C0002_M_K6_C0003"", ""K7_repeat1_K7_C0002_M_K7_C0003""]"
TCGA-B8-4622,TCGA-B8-A54E,9,3,2,0.2222222222222222,"[""K6_repeat3_K6_C0002_M_K6_C0003"", ""K7_repeat1_K7_C0002_M_K7_C0003""]"
TCGA-B8-4622,TCGA-B8-A54F,9,3,2,0.2222222222222222,"[""K6_repeat3_K6_C0002_M_K6_C0003"", ""K7_repeat1_K7_C0002_M_K7_C0003""]"
TCGA-B8-4622,TCGA-B8-A54G,9,5,2,0.2222222222222222,"[""K6_repeat3_K6_C0002_M_K6_C0003"", ""K7_repeat1_K7_C0002_M_K7_C0003""]"
TCGA-B8-4622,TCGA-BP-4164,9,8,7,0.7777777777777778,"[""K2_repeat1_K2_C0002"", ""K2_repeat2_K2_C0002"", ""K2_repeat3_K2_C0002"", ""K4_repeat1_K4_C0001_M_K4_C0004"", ""K4_repeat2_K4_C0001"", ""K5_repeat2_K5_C0001_M_K5_C0005"", ""K5_repeat3_K5_C0001_M_K5_C0005""]"
TCGA-B8-4622,TCGA-BP-4167,9,7,0,0.0,[]
TCGA-B8-4622,TCGA-BP-4770,9,3,2,0.2222222222222222,"[""K6_repeat3_K6_C0002_M_K6_C0003"", ""K7_repeat1_K7_C0002_M_K7_C0003""]"
TCGA-B8-4622,TCGA-BP-4782,9,3,2,0.2222222222222222,"[""K6_repeat3_K6_C0002_M_K6_C0003"", ""K7_repeat1_K7_C0002_M_K7_C0003""]"
TCGA-B8-4622,TCGA-BP-4960,9,10,7,0.7,"[""K2_repeat1_K2_C0002"", ""K2_repeat2_K2_C0002"", ""K2_repeat3_K2_C0002"", ""K4_repeat1_K4_C0001_M_K4_C0004"", ""K4_repeat2_K4_C0001"", ""K5_repeat2_K5_C0001_M_K5_C0005"", ""K5_repeat3_K5_C0001_M_K5_C0005""]"
TCGA-B8-4622,TCGA-BP-4962,9,7,0,0.0,[]
TCGA-B8-4622,TCGA-BP-4965,9,11,7,0.6363636363636364,"[""K2_repeat1_K2_C0002"", ""K2_repeat2_K2_C0002"", ""K2_repeat3_K2_C0002"", ""K4_repeat1_K4_C0001_M_K4_C0004"", ""K4_repeat2_K4_C0001"", ""K5_repeat2_K5_C0001_M_K5_C0005"", ""K5_repeat3_K5_C0001_M_K5_C0005""]"
TCGA-B8-4622,TCGA-BP-4967,9,8,4,0.4444444444444444,"[""K2_repeat1_K2_C0002"", ""K2_repeat2_K2_C0002"", ""K2_repeat3_K2_C0002"", ""K4_repeat1_K4_C0001_M_K4_C0004""]"
TCGA-B8-4622,TCGA-BP-4970,9,8,4,0.4444444444444444,"[""K2_repeat1_K2_C0002"", ""K2_repeat2_K2_C0002"", ""K2_repeat3_K2_C0002"", ""K4_repeat1_K4_C0001_M_K4_C0004""]"
TCGA-B8-4622,TCGA-BP-4971,9,7,0,0.0,[]
TCGA-B8-4622,TCGA-BP-4972,9,6,3,0.3333333333333333,"[""K2_repeat1_K2_C0002"", ""K2_repeat2_K2_C0002"", ""K2_repeat3_K2_C0002""]"
TCGA-B8-4622,TCGA-BP-4976,9,12,7,0.5833333333333334,"[""K2_repeat1_K2_C0002"", ""K2_repeat2_K2_C0002"", ""K2_repeat3_K2_C0002"", ""K4_repeat1_K4_C0001_M_K4_C0004"", ""K4_repeat2_K4_C0001"", ""K5_repeat2_K5_C0001_M_K5_C0005"", ""K5_repeat3_K5_C0001_M_K5_C0005""]"
TCGA-B8-4622,TCGA-BP-4977,9,8,4,0.4444444444444444,"[""K2_repeat1_K2_C0002"", ""K2_repeat2_K2_C0002"", ""K2_repeat3_K2_C0002"", ""K4_repeat1_K4_C0001_M_K4_C0004""]"
TCGA-B8-4622,TCGA-BP-4982,9,11,7,0.6363636363636364,"[""K2_repeat1_K2_C0002"", ""K2_repeat2_K2_C0002"", ""K2_repeat3_K2_C0002"", ""K4_repeat1_K4_C0001_M_K4_C0004"", ""K4_repeat2_K4_C0001"", ""K5_repeat2_K5_C0001_M_K5_C0005"", ""K5_repeat3_K5_C0001_M_K5_C0005""]"
TCGA-B8-4622,TCGA-BP-4986,9,8,4,0.4444444444444444,"[""K2_repeat1_K2_C0002"", ""K2_repeat2_K2_C0002"", ""K2_repeat3_K2_C0002"", ""K4_repeat1_K4_C0001_M_K4_C0004""]"
TCGA-B8-4622,TCGA-BP-4988,9,9,7,0.7777777777777778,"[""K2_repeat1_K2_C0002"", ""K2_repeat2_K2_C0002"", ""K2_repeat3_K2_C0002"", ""K4_repeat1_K4_C0001_M_K4_C0004"", ""K4_repeat2_K4_C0001"", ""K5_repeat2_K5_C0001_M_K5_C0005"", ""K5_repeat3_K5_C0001_M_K5_C0005""]"
TCGA-B8-4622,TCGA-BP-4989,9,13,7,0.5384615384615384,"[""K2_repeat1_K2_C0002"", ""K2_repeat2_K2_C0002"", ""K2_repeat3_K2_C0002"", ""K4_repeat1_K4_C0001_M_K4_C0004"", ""K4_repeat2_K4_C0001"", ""K5_repeat2_K5_C0001_M_K5_C0005"", ""K5_repeat3_K5_C0001_M_K5_C0005""]"
TCGA-B8-4622,TCGA-BP-4992,9,7,0,0.0,[]
TCGA-B8-4622,TCGA-BP-4994,9,3,2,0.2222222222222222,"[""K6_repeat3_K6_C0002_M_K6_C0003"", ""K7_repeat1_K7_C0002_M_K7_C0003""]"
TCGA-B8-4622,TCGA-BP-4995,9,12,7,0.5833333333333334,"[""K2_repeat1_K2_C0002"", ""K2_repeat2_K2_C0002"", ""K2_repeat3_K2_C0002"", ""K4_repeat1_K4_C0001_M_K4_C0004"", ""K4_repeat2_K4_C0001"", ""K5_repeat2_K5_C0001_M_K5_C0005"", ""K5_repeat3_K5_C0001_M_K5_C0005""]"
TCGA-B8-4622,TCGA-BP-4999,9,11,7,0.6363636363636364,"[""K2_repeat1_K2_C0002"", ""K2_repeat2_K2_C0002"", ""K2_repeat3_K2_C0002"", ""K4_repeat1_K4_C0001_M_K4_C0004"", ""K4_repeat2_K4_C0001"", ""K5_repeat2_K5_C0001_M_K5_C0005"", ""K5_repeat3_K5_C0001_M_K5_C0005""]"
TCGA-B8-4622,TCGA-BP-5000,9,3,2,0.2222222222222222,"[""K6_repeat3_K6_C0002_M_K6_C0003"", ""K7_repeat1_K7_C0002_M_K7_C0003""]"
TCGA-B8-4622,TCGA-BP-5001,9,12,7,0.5833333333333334,"[""K2_repeat1_K2_C0002"", ""K2_repeat2_K2_C0002"", ""K2_repeat3_K2_C0002"", ""K4_repeat1_K4_C0001_M_K4_C0004"", ""K4_repeat2_K4_C0001"", ""K5_repeat2_K5_C0001_M_K5_C0005"", ""K5_repeat3_K5_C0001_M_K5_C0005""]"
TCGA-B8-4622,TCGA-BP-5004,9,12,7,0.5833333333333334,"[""K2_repeat1_K2_C0002"", ""K2_repeat2_K2_C0002"", ""K2_repeat3_K2_C0002"", ""K4_repeat1_K4_C0001_M_K4_C0004"", ""K4_repeat2_K4_C0001"", ""K5_repeat2_K5_C0001_M_K5_C0005"", ""K5_repeat3_K5_C0001_M_K5_C0005""]"
TCGA-B8-4622,TCGA-BP-5006,9,12,7,0.5833333333333334,"[""K2_repeat1_K2_C0002"", ""K2_repeat2_K2_C0002"", ""K2_repeat3_K2_C0002"", ""K4_repeat1_K4_C0001_M_K4_C0004"", ""K4_repeat2_K4_C0001"", ""K5_repeat2_K5_C0001_M_K5_C0005"", ""K5_repeat3_K5_C0001_M_K5_C0005""]"
TCGA-B8-4622,TCGA-BP-5007,9,12,7,0.5833333333333334,"[""K2_repeat1_K2_C0002"", ""K2_repeat2_K2_C0002"", ""K2_repeat3_K2_C0002"", ""K4_repeat1_K4_C0001_M_K4_C0004"", ""K4_repeat2_K4_C0001"", ""K5_repeat2_K5_C0001_M_K5_C0005"", ""K5_repeat3_K5_C0001_M_K5_C0005""]"
TCGA-B8-4622,TCGA-BP-5009,9,12,7,0.5833333333333334,"[""K2_repeat1_K2_C0002"", ""K2_repeat2_K2_C0002"", ""K2_repeat3_K2_C0002"", ""K4_repeat1_K4_C0001_M_K4_C0004"", ""K4_repeat2_K4_C0001"", ""K5_repeat2_K5_C0001_M_K5_C0005"", ""K5_repeat3_K5_C0001_M_K5_C0005""]"
TCGA-B8-4622,TCGA-BP-5010,9,4,0,0.0,[]
TCGA-B8-4622,TCGA-BP-5174,9,8,4,0.4444444444444444,"[""K2_repeat1_K2_C0002"", ""K2_repeat2_K2_C0002"", ""K2_repeat3_K2_C0002"", ""K4_repeat1_K4_C0001_M_K4_C0004""]"
TCGA-B8-4622,TCGA-BP-5175,9,7,0,0.0,[]
TCGA-B8-4622,TCGA-BP-5180,9,13,7,0.5384615384615384,"[""K2_repeat1_K2_C0002"", ""K2_repeat2_K2_C0002"", ""K2_repeat3_K2_C0002"", ""K4_repeat1_K4_C0001_M_K4_C0004"", ""K4_repeat2_K4_C0001"", ""K5_repeat2_K5_C0001_M_K5_C0005"", ""K5_repeat3_K5_C0001_M_K5_C0005""]"
TCGA-B8-4622,TCGA-BP-5181,9,13,7,0.5384615384615384,"[""K2_repeat1_K2_C0002"", ""K2_repeat2_K2_C0002"", ""K2_repeat3_K2_C0002"", ""K4_repeat1_K4_C0001_M_K4_C0004"", ""K4_repeat2_K4_C0001"", ""K5_repeat2_K5_C0001_M_K5_C0005"", ""K5_repeat3_K5_C0001_M_K5_C0005""]"
TCGA-B8-4622,TCGA-BP-5183,9,13,7,0.5384615384615384,"[""K2_repeat1_K2_C0002"", ""K2_repeat2_K2_C0002"", ""K2_repeat3_K2_C0002"", ""K4_repeat1_K4_C0001_M_K4_C0004"", ""K4_repeat2_K4_C0001"", ""K5_repeat2_K5_C0001_M_K5_C0005"", ""K5_repeat3_K5_C0001_M_K5_C0005""]"
TCGA-B8-4622,TCGA-BP-5184,9,13,7,0.5384615384615384,"[""K2_repeat1_K2_C0002"", ""K2_repeat2_K2_C0002"", ""K2_repeat3_K2_C0002"", ""K4_repeat1_K4_C0001_M_K4_C0004"", ""K4_repeat2_K4_C0001"", ""K5_repeat2_K5_C0001_M_K5_C0005"", ""K5_repeat3_K5_C0001_M_K5_C0005""]"
TCGA-B8-4622,TCGA-BP-5186,9,13,7,0.5384615384615384,"[""K2_repeat1_K2_C0002"", ""K2_repeat2_K2_C0002"", ""K2_repeat3_K2_C0002"", ""K4_repeat1_K4_C0001_M_K4_C0004"", ""K4_repeat2_K4_C0001"", ""K5_repeat2_K5_C0001_M_K5_C0005"", ""K5_repeat3_K5_C0001_M_K5_C0005""]"
TCGA-B8-4622,TCGA-BP-5187,9,13,7,0.5384615384615384,"[""K2_repeat1_K2_C0002"", ""K2_repeat2_K2_C0002"", ""K2_repeat3_K2_C0002"", ""K4_repeat1_K4_C0001_M_K4_C0004"", ""K4_repeat2_K4_C0001"", ""K5_repeat2_K5_C0001_M_K5_C0005"", ""K5_repeat3_K5_C0001_M_K5_C0005""]"
TCGA-B8-4622,TCGA-BP-5189,9,11,6,0.5454545454545454,"[""K2_repeat1_K2_C0002"", ""K2_repeat2_K2_C0002"", ""K2_repeat3_K2_C0002"", ""K4_repeat1_K4_C0001_M_K4_C0004"", ""K4_repeat2_K4_C0001"", ""K7_repeat1_K7_C0002_M_K7_C0003""]"
TCGA-B8-4622,TCGA-BP-5190,9,3,2,0.2222222222222222,"[""K6_repeat3_K6_C0002_M_K6_C0003"", ""K7_repeat1_K7_C0002_M_K7_C0003""]"
TCGA-B8-4622,TCGA-BP-5191,9,3,2,0.2222222222222222,"[""K6_repeat3_K6_C0002_M_K6_C0003"", ""K7_repeat1_K7_C0002_M_K7_C0003""]"
TCGA-B8-4622,TCGA-BP-5192,9,10,4,0.4,"[""K2_repeat1_K2_C0002"", ""K2_repeat2_K2_C0002"", ""K2_repeat3_K2_C0002"", ""K4_repeat1_K4_C0001_M_K4_C0004""]"
TCGA-B8-4622,TCGA-BP-5194,9,11,7,0.6363636363636364,"[""K2_repeat1_K2_C0002"", ""K2_repeat2_K2_C0002"", ""K2_repeat3_K2_C0002"", ""K4_repeat1_K4_C0001_M_K4_C0004"", ""K4_repeat2_K4_C0001"", ""K5_repeat2_K5_C0001_M_K5_C0005"", ""K5_repeat3_K5_C0001_M_K5_C0005""]"
TCGA-B8-4622,TCGA-BP-5195,9,12,7,0.5833333333333334,"[""K2_repeat1_K2_C0002"", ""K2_repeat2_K2_C0002"", ""K2_repeat3_K2_C0002"", ""K4_repeat1_K4_C0001_M_K4_C0004"", ""K4_repeat2_K4_C0001"", ""K5_repeat2_K5_C0001_M_K5_C0005"", ""K5_repeat3_K5_C0001_M_K5_C0005""]"
TCGA-B8-4622,TCGA-BP-5196,9,8,4,0.4444444444444444,"[""K2_repeat1_K2_C0002"", ""K2_repeat2_K2_C0002"", ""K2_repeat3_K2_C0002"", ""K4_repeat1_K4_C0001_M_K4_C0004""]"
TCGA-B8-4622,TCGA-BP-5199,9,12,6,0.5,"[""K2_repeat1_K2_C0002"", ""K2_repeat2_K2_C0002"", ""K2_repeat3_K2_C0002"", ""K4_repeat1_K4_C0001_M_K4_C0004"", ""K5_repeat2_K5_C0001_M_K5_C0005"", ""K5_repeat3_K5_C0001_M_K5_C0005""]"
TCGA-B8-4622,TCGA-BP-5200,9,11,7,0.6363636363636364,"[""K2_repeat1_K2_C0002"", ""K2_repeat2_K2_C0002"", ""K2_repeat3_K2_C0002"", ""K4_repeat1_K4_C0001_M_K4_C0004"", ""K4_repeat2_K4_C0001"", ""K5_repeat2_K5_C0001_M_K5_C0005"", ""K5_repeat3_K5_C0001_M_K5_C0005""]"
TCGA-B8-4622,TCGA-CJ-4637,9,7,0,0.0,[]
TCGA-B8-4622,TCGA-CJ-4641,9,7,0,0.0,[]
TCGA-B8-4622,TCGA-CJ-4900,9,6,0,0.0,[]
TCGA-B8-4622,TCGA-CJ-4902,9,4,0,0.0,[]
TCGA-B8-4622,TCGA-CJ-4903,9,8,7,0.7777777777777778,"[""K2_repeat1_K2_C0002"", ""K2_repeat2_K2_C0002"", ""K2_repeat3_K2_C0002"", ""K4_repeat1_K4_C0001_M_K4_C0004"", ""K4_repeat2_K4_C0001"", ""K5_repeat2_K5_C0001_M_K5_C0005"", ""K5_repeat3_K5_C0001_M_K5_C0005""]"
TCGA-B8-4622,TCGA-CJ-4904,9,9,7,0.7777777777777778,"[""K2_repeat1_K2_C0002"", ""K2_repeat2_K2_C0002"", ""K2_repeat3_K2_C0002"", ""K4_repeat1_K4_C0001_M_K4_C0004"", ""K4_repeat2_K4_C0001"", ""K5_repeat2_K5_C0001_M_K5_C0005"", ""K5_repeat3_K5_C0001_M_K5_C0005""]"
TCGA-B8-4622,TCGA-CJ-4923,9,7,0,0.0,[]
TCGA-B8-4622,TCGA-CJ-6027,9,7,0,0.0,[]
TCGA-B8-4622,TCGA-CJ-6028,9,7,0,0.0,[]
TCGA-B8-4622,TCGA-CJ-6030,9,7,0,0.0,[]
TCGA-B8-4622,TCGA-CJ-6033,9,5,4,0.4444444444444444,"[""K4_repeat1_K4_C0001_M_K4_C0004"", ""K4_repeat2_K4_C0001"", ""K5_repeat2_K5_C0001_M_K5_C0005"", ""K5_repeat3_K5_C0001_M_K5_C0005""]"
TCGA-B8-4622,TCGA-CZ-4859,9,12,7,0.5833333333333334,"[""K2_repeat1_K2_C0002"", ""K2_repeat2_K2_C0002"", ""K2_repeat3_K2_C0002"", ""K4_repeat1_K4_C0001_M_K4_C0004"", ""K4_repeat2_K4_C0001"", ""K5_repeat2_K5_C0001_M_K5_C0005"", ""K5_repeat3_K5_C0001_M_K5_C0005""]"
TCGA-B8-4622,TCGA-CZ-4863,9,3,2,0.2222222222222222,"[""K6_repeat3_K6_C0002_M_K6_C0003"", ""K7_repeat1_K7_C0002_M_K7_C0003""]"
TCGA-B8-4622,TCGA-CZ-4865,9,3,2,0.2222222222222222,"[""K6_repeat3_K6_C0002_M_K6_C0003"", ""K7_repeat1_K7_C0002_M_K7_C0003""]"
TCGA-B8-4622,TCGA-CZ-5451,9,9,9,1.0,"[""K2_repeat1_K2_C0002"", ""K2_repeat2_K2_C0002"", ""K2_repeat3_K2_C0002"", ""K4_repeat1_K4_C0001_M_K4_C0004"", ""K4_repeat2_K4_C0001"", ""K5_repeat2_K5_C0001_M_K5_C0005"", ""K5_repeat3_K5_C0001_M_K5_C0005"", ""K6_repeat3_K6_C0002_M_K6_C0003"", ""K7_repeat1_K7_C0002_M_K7_C0003""]"
TCGA-B8-4622,TCGA-CZ-5462,9,5,2,0.2222222222222222,"[""K6_repeat3_K6_C0002_M_K6_C0003"", ""K7_repeat1_K7_C0002_M_K7_C0003""]"
TCGA-B8-4622,TCGA-CZ-5468,9,3,2,0.2222222222222222,"[""K6_repeat3_K6_C0002_M_K6_C0003"", ""K7_repeat1_K7_C0002_M_K7_C0003""]"
TCGA-B8-4622,TCGA-CZ-5984,9,8,4,0.4444444444444444,"[""K2_repeat1_K2_C0002"", ""K2_repeat2_K2_C0002"", ""K2_repeat3_K2_C0002"", ""K4_repeat1_K4_C0001_M_K4_C0004""]"
TCGA-B8-4622,TCGA-CZ-5985,9,7,0,0.0,[]
TCGA-B8-4622,TCGA-CZ-5988,9,3,2,0.2222222222222222,"[""K6_repeat3_K6_C0002_M_K6_C0003"", ""K7_repeat1_K7_C0002_M_K7_C0003""]"
TCGA-B8-4622,TCGA-G6-A5PC,9,7,0,0.0,[]
TCGA-B8-4622,TCGA-G6-A8L7,9,5,4,0.4444444444444444,"[""K4_repeat1_K4_C0001_M_K4_C0004"", ""K4_repeat2_K4_C0001"", ""K5_repeat2_K5_C0001_M_K5_C0005"", ""K5_repeat3_K5_C0001_M_K5_C0005""]"
TCGA-B8-5158,TCGA-B8-5159,3,8,0,0.0,[]
TCGA-B8-5158,TCGA-B8-5162,3,8,0,0.0,[]
TCGA-B8-5158,TCGA-B8-5164,3,3,3,1.0,"[""K5_repeat2_K5_C0002_M_K5_C0003"", ""K6_repeat3_K6_C0002_M_K6_C0003"", ""K7_repeat1_K7_C0002_M_K7_C0003""]"
TCGA-B8-5158,TCGA-B8-5165,3,8,0,0.0,[]
TCGA-B8-5158,TCGA-B8-5546,3,3,3,1.0,"[""K5_repeat2_K5_C0002_M_K5_C0003"", ""K6_repeat3_K6_C0002_M_K6_C0003"", ""K7_repeat1_K7_C0002_M_K7_C0003""]"
TCGA-B8-5158,TCGA-B8-5549,3,8,0,0.0,[]
TCGA-B8-5158,TCGA-B8-5550,3,3,3,1.0,"[""K5_repeat2_K5_C0002_M_K5_C0003"", ""K6_repeat3_K6_C0002_M_K6_C0003"", ""K7_repeat1_K7_C0002_M_K7_C0003""]"
TCGA-B8-5158,TCGA-B8-5551,3,7,1,0.14285714285714285,"[""K5_repeat2_K5_C0002_M_K5_C0003""]"
TCGA-B8-5158,TCGA-B8-5553,3,3,3,1.0,"[""K5_repeat2_K5_C0002_M_K5_C0003"", ""K6_repeat3_K6_C0002_M_K6_C0003"", ""K7_repeat1_K7_C0002_M_K7_C0003""]"
TCGA-B8-5158,TCGA-B8-A54D,3,5,3,0.6,"[""K5_repeat2_K5_C0002_M_K5_C0003"", ""K6_repeat3_K6_C0002_M_K6_C0003"", ""K7_repeat1_K7_C0002_M_K7_C0003""]"
TCGA-B8-5158,TCGA-B8-A54E,3,3,3,1.0,"[""K5_repeat2_K5_C0002_M_K5_C0003"", ""K6_repeat3_K6_C0002_M_K6_C0003"", ""K7_repeat1_K7_C0002_M_K7_C0003""]"
TCGA-B8-5158,TCGA-B8-A54F,3,3,3,1.0,"[""K5_repeat2_K5_C0002_M_K5_C0003"", ""K6_repeat3_K6_C0002_M_K6_C0003"", ""K7_repeat1_K7_C0002_M_K7_C0003""]"
TCGA-B8-5158,TCGA-B8-A54G,3,5,3,0.6,"[""K5_repeat2_K5_C0002_M_K5_C0003"", ""K6_repeat3_K6_C0002_M_K6_C0003"", ""K7_repeat1_K7_C0002_M_K7_C0003""]"
TCGA-B8-5158,TCGA-BP-4164,3,8,0,0.0,[]
TCGA-B8-5158,TCGA-BP-4167,3,7,1,0.14285714285714285,"[""K5_repeat2_K5_C0002_M_K5_C0003""]"
TCGA-B8-5158,TCGA-BP-4770,3,3,3,1.0,"[""K5_repeat2_K5_C0002_M_K5_C0003"", ""K6_repeat3_K6_C0002_M_K6_C0003"", ""K7_repeat1_K7_C0002_M_K7_C0003""]"
TCGA-B8-5158,TCGA-BP-4782,3,3,3,1.0,"[""K5_repeat2_K5_C0002_M_K5_C0003"", ""K6_repeat3_K6_C0002_M_K6_C0003"", ""K7_repeat1_K7_C0002_M_K7_C0003""]"
TCGA-B8-5158,TCGA-BP-4960,3,10,0,0.0,[]
TCGA-B8-5158,TCGA-BP-4962,3,7,1,0.14285714285714285,"[""K5_repeat2_K5_C0002_M_K5_C0003""]"
TCGA-B8-5158,TCGA-BP-4965,3,11,0,0.0,[]
TCGA-B8-5158,TCGA-BP-4967,3,8,0,0.0,[]
TCGA-B8-5158,TCGA-BP-4970,3,8,0,0.0,[]
TCGA-B8-5158,TCGA-BP-4971,3,7,1,0.14285714285714285,"[""K5_repeat2_K5_C0002_M_K5_C0003""]"
TCGA-B8-5158,TCGA-BP-4972,3,6,1,0.16666666666666666,"[""K5_repeat2_K5_C0002_M_K5_C0003""]"
TCGA-B8-5158,TCGA-BP-4976,3,12,0,0.0,[]
TCGA-B8-5158,TCGA-BP-4977,3,8,0,0.0,[]
TCGA-B8-5158,TCGA-BP-4982,3,11,0,0.0,[]
TCGA-B8-5158,TCGA-BP-4986,3,8,0,0.0,[]
TCGA-B8-5158,TCGA-BP-4988,3,9,0,0.0,[]
TCGA-B8-5158,TCGA-BP-4989,3,13,0,0.0,[]
TCGA-B8-5158,TCGA-BP-4992,3,7,1,0.14285714285714285,"[""K5_repeat2_K5_C0002_M_K5_C0003""]"
TCGA-B8-5158,TCGA-BP-4994,3,3,3,1.0,"[""K5_repeat2_K5_C0002_M_K5_C0003"", ""K6_repeat3_K6_C0002_M_K6_C0003"", ""K7_repeat1_K7_C0002_M_K7_C0003""]"
TCGA-B8-5158,TCGA-BP-4995,3,12,0,0.0,[]
TCGA-B8-5158,TCGA-BP-4999,3,11,0,0.0,[]
TCGA-B8-5158,TCGA-BP-5000,3,3,3,1.0,"[""K5_repeat2_K5_C0002_M_K5_C0003"", ""K6_repeat3_K6_C0002_M_K6_C0003"", ""K7_repeat1_K7_C0002_M_K7_C0003""]"
TCGA-B8-5158,TCGA-BP-5001,3,12,0,0.0,[]
TCGA-B8-5158,TCGA-BP-5004,3,12,0,0.0,[]
TCGA-B8-5158,TCGA-BP-5006,3,12,0,0.0,[]
TCGA-B8-5158,TCGA-BP-5007,3,12,0,0.0,[]
TCGA-B8-5158,TCGA-BP-5009,3,12,0,0.0,[]
TCGA-B8-5158,TCGA-BP-5010,3,4,0,0.0,[]
TCGA-B8-5158,TCGA-BP-5174,3,8,0,0.0,[]
TCGA-B8-5158,TCGA-BP-5175,3,7,1,0.14285714285714285,"[""K5_repeat2_K5_C0002_M_K5_C0003""]"
TCGA-B8-5158,TCGA-BP-5180,3,13,0,0.0,[]
TCGA-B8-5158,TCGA-BP-5181,3,13,0,0.0,[]
TCGA-B8-5158,TCGA-BP-5183,3,13,0,0.0,[]
TCGA-B8-5158,TCGA-BP-5184,3,13,0,0.0,[]
TCGA-B8-5158,TCGA-BP-5186,3,13,0,0.0,[]
TCGA-B8-5158,TCGA-BP-5187,3,13,0,0.0,[]
TCGA-B8-5158,TCGA-BP-5189,3,11,2,0.18181818181818182,"[""K5_repeat2_K5_C0002_M_K5_C0003"", ""K7_repeat1_K7_C0002_M_K7_C0003""]"
TCGA-B8-5158,TCGA-BP-5190,3,3,3,1.0,"[""K5_repeat2_K5_C0002_M_K5_C0003"", ""K6_repeat3_K6_C0002_M_K6_C0003"", ""K7_repeat1_K7_C0002_M_K7_C0003""]"
TCGA-B8-5158,TCGA-BP-5191,3,3,3,1.0,"[""K5_repeat2_K5_C0002_M_K5_C0003"", ""K6_repeat3_K6_C0002_M_K6_C0003"", ""K7_repeat1_K7_C0002_M_K7_C0003""]"
TCGA-B8-5158,TCGA-BP-5192,3,10,0,0.0,[]
TCGA-B8-5158,TCGA-BP-5194,3,11,0,0.0,[]
TCGA-B8-5158,TCGA-BP-5195,3,12,0,0.0,[]
TCGA-B8-5158,TCGA-BP-5196,3,8,0,0.0,[]
TCGA-B8-5158,TCGA-BP-5199,3,12,0,0.0,[]
TCGA-B8-5158,TCGA-BP-5200,3,11,0,0.0,[]
TCGA-B8-5158,TCGA-CJ-4637,3,7,1,0.14285714285714285,"[""K5_repeat2_K5_C0002_M_K5_C0003""]"
TCGA-B8-5158,TCGA-CJ-4641,3,7,1,0.14285714285714285,"[""K5_repeat2_K5_C0002_M_K5_C0003""]"
TCGA-B8-5158,TCGA-CJ-4900,3,6,1,0.16666666666666666,"[""K5_repeat2_K5_C0002_M_K5_C0003""]"
TCGA-B8-5158,TCGA-CJ-4902,3,4,0,0.0,[]
TCGA-B8-5158,TCGA-CJ-4903,3,8,0,0.0,[]
TCGA-B8-5158,TCGA-CJ-4904,3,9,0,0.0,[]
TCGA-B8-5158,TCGA-CJ-4923,3,7,1,0.14285714285714285,"[""K5_repeat2_K5_C0002_M_K5_C0003""]"
TCGA-B8-5158,TCGA-CJ-6027,3,7,1,0.14285714285714285,"[""K5_repeat2_K5_C0002_M_K5_C0003""]"
TCGA-B8-5158,TCGA-CJ-6028,3,7,1,0.14285714285714285,"[""K5_repeat2_K5_C0002_M_K5_C0003""]"
TCGA-B8-5158,TCGA-CJ-6030,3,7,1,0.14285714285714285,"[""K5_repeat2_K5_C0002_M_K5_C0003""]"
TCGA-B8-5158,TCGA-CJ-6033,3,5,0,0.0,[]
TCGA-B8-5158,TCGA-CZ-4859,3,12,0,0.0,[]
TCGA-B8-5158,TCGA-CZ-4863,3,3,3,1.0,"[""K5_repeat2_K5_C0002_M_K5_C0003"", ""K6_repeat3_K6_C0002_M_K6_C0003"", ""K7_repeat1_K7_C0002_M_K7_C0003""]"
TCGA-B8-5158,TCGA-CZ-4865,3,3,3,1.0,"[""K5_repeat2_K5_C0002_M_K5_C0003"", ""K6_repeat3_K6_C0002_M_K6_C0003"", ""K7_repeat1_K7_C0002_M_K7_C0003""]"
TCGA-B8-5158,TCGA-CZ-5451,3,9,2,0.2222222222222222,"[""K6_repeat3_K6_C0002_M_K6_C0003"", ""K7_repeat1_K7_C0002_M_K7_C0003""]"
TCGA-B8-5158,TCGA-CZ-5462,3,5,3,0.6,"[""K5_repeat2_K5_C0002_M_K5_C0003"", ""K6_repeat3_K6_C0002_M_K6_C0003"", ""K7_repeat1_K7_C0002_M_K7_C0003""]"
TCGA-B8-5158,TCGA-CZ-5468,3,3,3,1.0,"[""K5_repeat2_K5_C0002_M_K5_C0003"", ""K6_repeat3_K6_C0002_M_K6_C0003"", ""K7_repeat1_K7_C0002_M_K7_C0003""]"
TCGA-B8-5158,TCGA-CZ-5984,3,8,0,0.0,[]
TCGA-B8-5158,TCGA-CZ-5985,3,7,1,0.14285714285714285,"[""K5_repeat2_K5_C0002_M_K5_C0003""]"
TCGA-B8-5158,TCGA-CZ-5988,3,3,3,1.0,"[""K5_repeat2_K5_C0002_M_K5_C0003"", ""K6_repeat3_K6_C0002_M_K6_C0003"", ""K7_repeat1_K7_C0002_M_K7_C0003""]"
TCGA-B8-5158,TCGA-G6-A5PC,3,7,1,0.14285714285714285,"[""K5_repeat2_K5_C0002_M_K5_C0003""]"
TCGA-B8-5158,TCGA-G6-A8L7,3,5,0,0.0,[]
TCGA-B8-5159,TCGA-B8-5162,8,8,8,1.0,"[""K2_repeat1_K2_C0002"", ""K2_repeat2_K2_C0002"", ""K2_repeat3_K2_C0002"", ""K4_repeat1_K4_C0001_M_K4_C0004"", ""K4_repeat2_K4_C0004"", ""K6_repeat3_K6_C0006"", ""K7_repeat1_K7_C0006"", ""K8_repeat2_K8_C0007""]"
TCGA-B8-5159,TCGA-B8-5164,8,3,0,0.0,[]
TCGA-B8-5159,TCGA-B8-5165,8,8,8,1.0,"[""K2_repeat1_K2_C0002"", ""K2_repeat2_K2_C0002"", ""K2_repeat3_K2_C0002"", ""K4_repeat1_K4_C0001_M_K4_C0004"", ""K4_repeat2_K4_C0004"", ""K6_repeat3_K6_C0006"", ""K7_repeat1_K7_C0006"", ""K8_repeat2_K8_C0007""]"
TCGA-B8-5159,TCGA-B8-5546,8,3,0,0.0,[]
TCGA-B8-5159,TCGA-B8-5549,8,8,8,1.0,"[""K2_repeat1_K2_C0002"", ""K2_repeat2_K2_C0002"", ""K2_repeat3_K2_C0002"", ""K4_repeat1_K4_C0001_M_K4_C0004"", ""K4_repeat2_K4_C0004"", ""K6_repeat3_K6_C0006"", ""K7_repeat1_K7_C0006"", ""K8_repeat2_K8_C0007""]"
TCGA-B8-5159,TCGA-B8-5550,8,3,0,0.0,[]
TCGA-B8-5159,TCGA-B8-5551,8,7,0,0.0,[]
TCGA-B8-5159,TCGA-B8-5553,8,3,0,0.0,[]
TCGA-B8-5159,TCGA-B8-A54D,8,5,0,0.0,[]
TCGA-B8-5159,TCGA-B8-A54E,8,3,0,0.0,[]
TCGA-B8-5159,TCGA-B8-A54F,8,3,0,0.0,[]
TCGA-B8-5159,TCGA-B8-A54G,8,5,0,0.0,[]
TCGA-B8-5159,TCGA-BP-4164,8,8,4,0.5,"[""K2_repeat1_K2_C0002"", ""K2_repeat2_K2_C0002"", ""K2_repeat3_K2_C0002"", ""K4_repeat1_K4_C0001_M_K4_C0004""]"
TCGA-B8-5159,TCGA-BP-4167,8,7,0,0.0,[]
TCGA-B8-5159,TCGA-BP-4770,8,3,0,0.0,[]
TCGA-B8-5159,TCGA-BP-4782,8,3,0,0.0,[]
TCGA-B8-5159,TCGA-BP-4960,8,10,4,0.4,"[""K2_repeat1_K2_C0002"", ""K2_repeat2_K2_C0002"", ""K2_repeat3_K2_C0002"", ""K4_repeat1_K4_C0001_M_K4_C0004""]"
TCGA-B8-5159,TCGA-BP-4962,8,7,0,0.0,[]
TCGA-B8-5159,TCGA-BP-4965,8,11,4,0.36363636363636365,"[""K2_repeat1_K2_C0002"", ""K2_repeat2_K2_C0002"", ""K2_repeat3_K2_C0002"", ""K4_repeat1_K4_C0001_M_K4_C0004""]"
TCGA-B8-5159,TCGA-BP-4967,8,8,8,1.0,"[""K2_repeat1_K2_C0002"", ""K2_repeat2_K2_C0002"", ""K2_repeat3_K2_C0002"", ""K4_repeat1_K4_C0001_M_K4_C0004"", ""K4_repeat2_K4_C0004"", ""K6_repeat3_K6_C0006"", ""K7_repeat1_K7_C0006"", ""K8_repeat2_K8_C0007""]"
TCGA-B8-5159,TCGA-BP-4970,8,8,8,1.0,"[""K2_repeat1_K2_C0002"", ""K2_repeat2_K2_C0002"", ""K2_repeat3_K2_C0002"", ""K4_repeat1_K4_C0001_M_K4_C0004"", ""K4_repeat2_K4_C0004"", ""K6_repeat3_K6_C0006"", ""K7_repeat1_K7_C0006"", ""K8_repeat2_K8_C0007""]"
TCGA-B8-5159,TCGA-BP-4971,8,7,0,0.0,[]
TCGA-B8-5159,TCGA-BP-4972,8,6,3,0.375,"[""K2_repeat1_K2_C0002"", ""K2_repeat2_K2_C0002"", ""K2_repeat3_K2_C0002""]"
TCGA-B8-5159,TCGA-BP-4976,8,12,4,0.3333333333333333,"[""K2_repeat1_K2_C0002"", ""K2_repeat2_K2_C0002"", ""K2_repeat3_K2_C0002"", ""K4_repeat1_K4_C0001_M_K4_C0004""]"
TCGA-B8-5159,TCGA-BP-4977,8,8,8,1.0,"[""K2_repeat1_K2_C0002"", ""K2_repeat2_K2_C0002"", ""K2_repeat3_K2_C0002"", ""K4_repeat1_K4_C0001_M_K4_C0004"", ""K4_repeat2_K4_C0004"", ""K6_repeat3_K6_C0006"", ""K7_repeat1_K7_C0006"", ""K8_repeat2_K8_C0007""]"
TCGA-B8-5159,TCGA-BP-4982,8,11,4,0.36363636363636365,"[""K2_repeat1_K2_C0002"", ""K2_repeat2_K2_C0002"", ""K2_repeat3_K2_C0002"", ""K4_repeat1_K4_C0001_M_K4_C0004""]"
TCGA-B8-5159,TCGA-BP-4986,8,8,8,1.0,"[""K2_repeat1_K2_C0002"", ""K2_repeat2_K2_C0002"", ""K2_repeat3_K2_C0002"", ""K4_repeat1_K4_C0001_M_K4_C0004"", ""K4_repeat2_K4_C0004"", ""K6_repeat3_K6_C0006"", ""K7_repeat1_K7_C0006"", ""K8_repeat2_K8_C0007""]"
TCGA-B8-5159,TCGA-BP-4988,8,9,4,0.4444444444444444,"[""K2_repeat1_K2_C0002"", ""K2_repeat2_K2_C0002"", ""K2_repeat3_K2_C0002"", ""K4_repeat1_K4_C0001_M_K4_C0004""]"
TCGA-B8-5159,TCGA-BP-4989,8,13,4,0.3076923076923077,"[""K2_repeat1_K2_C0002"", ""K2_repeat2_K2_C0002"", ""K2_repeat3_K2_C0002"", ""K4_repeat1_K4_C0001_M_K4_C0004""]"
TCGA-B8-5159,TCGA-BP-4992,8,7,0,0.0,[]
TCGA-B8-5159,TCGA-BP-4994,8,3,0,0.0,[]
TCGA-B8-5159,TCGA-BP-4995,8,12,4,0.3333333333333333,"[""K2_repeat1_K2_C0002"", ""K2_repeat2_K2_C0002"", ""K2_repeat3_K2_C0002"", ""K4_repeat1_K4_C0001_M_K4_C0004""]"
TCGA-B8-5159,TCGA-BP-4999,8,11,4,0.36363636363636365,"[""K2_repeat1_K2_C0002"", ""K2_repeat2_K2_C0002"", ""K2_repeat3_K2_C0002"", ""K4_repeat1_K4_C0001_M_K4_C0004""]"
TCGA-B8-5159,TCGA-BP-5000,8,3,0,0.0,[]
TCGA-B8-5159,TCGA-BP-5001,8,12,4,0.3333333333333333,"[""K2_repeat1_K2_C0002"", ""K2_repeat2_K2_C0002"", ""K2_repeat3_K2_C0002"", ""K4_repeat1_K4_C0001_M_K4_C0004""]"
TCGA-B8-5159,TCGA-BP-5004,8,12,4,0.3333333333333333,"[""K2_repeat1_K2_C0002"", ""K2_repeat2_K2_C0002"", ""K2_repeat3_K2_C0002"", ""K4_repeat1_K4_C0001_M_K4_C0004""]"
TCGA-B8-5159,TCGA-BP-5006,8,12,4,0.3333333333333333,"[""K2_repeat1_K2_C0002"", ""K2_repeat2_K2_C0002"", ""K2_repeat3_K2_C0002"", ""K4_repeat1_K4_C0001_M_K4_C0004""]"
TCGA-B8-5159,TCGA-BP-5007,8,12,4,0.3333333333333333,"[""K2_repeat1_K2_C0002"", ""K2_repeat2_K2_C0002"", ""K2_repeat3_K2_C0002"", ""K4_repeat1_K4_C0001_M_K4_C0004""]"
TCGA-B8-5159,TCGA-BP-5009,8,12,4,0.3333333333333333,"[""K2_repeat1_K2_C0002"", ""K2_repeat2_K2_C0002"", ""K2_repeat3_K2_C0002"", ""K4_repeat1_K4_C0001_M_K4_C0004""]"
TCGA-B8-5159,TCGA-BP-5010,8,4,3,0.375,"[""K6_repeat3_K6_C0006"", ""K7_repeat1_K7_C0006"", ""K8_repeat2_K8_C0007""]"
TCGA-B8-5159,TCGA-BP-5174,8,8,8,1.0,"[""K2_repeat1_K2_C0002"", ""K2_repeat2_K2_C0002"", ""K2_repeat3_K2_C0002"", ""K4_repeat1_K4_C0001_M_K4_C0004"", ""K4_repeat2_K4_C0004"", ""K6_repeat3_K6_C0006"", ""K7_repeat1_K7_C0006"", ""K8_repeat2_K8_C0007""]"
TCGA-B8-5159,TCGA-BP-5175,8,7,0,0.0,[]
TCGA-B8-5159,TCGA-BP-5180,8,13,4,0.3076923076923077,"[""K2_repeat1_K2_C0002"", ""K2_repeat2_K2_C0002"", ""K2_repeat3_K2_C0002"", ""K4_repeat1_K4_C0001_M_K4_C0004""]"
TCGA-B8-5159,TCGA-BP-5181,8,13,4,0.3076923076923077,"[""K2_repeat1_K2_C0002"", ""K2_repeat2_K2_C0002"", ""K2_repeat3_K2_C0002"", ""K4_repeat1_K4_C0001_M_K4_C0004""]"
TCGA-B8-5159,TCGA-BP-5183,8,13,4,0.3076923076923077,"[""K2_repeat1_K2_C0002"", ""K2_repeat2_K2_C0002"", ""K2_repeat3_K2_C0002"", ""K4_repeat1_K4_C0001_M_K4_C0004""]"
TCGA-B8-5159,TCGA-BP-5184,8,13,4,0.3076923076923077,"[""K2_repeat1_K2_C0002"", ""K2_repeat2_K2_C0002"", ""K2_repeat3_K2_C0002"", ""K4_repeat1_K4_C0001_M_K4_C0004""]"
TCGA-B8-5159,TCGA-BP-5186,8,13,4,0.3076923076923077,"[""K2_repeat1_K2_C0002"", ""K2_repeat2_K2_C0002"", ""K2_repeat3_K2_C0002"", ""K4_repeat1_K4_C0001_M_K4_C0004""]"
TCGA-B8-5159,TCGA-BP-5187,8,13,4,0.3076923076923077,"[""K2_repeat1_K2_C0002"", ""K2_repeat2_K2_C0002"", ""K2_repeat3_K2_C0002"", ""K4_repeat1_K4_C0001_M_K4_C0004""]"
TCGA-B8-5159,TCGA-BP-5189,8,11,4,0.36363636363636365,"[""K2_repeat1_K2_C0002"", ""K2_repeat2_K2_C0002"", ""K2_repeat3_K2_C0002"", ""K4_repeat1_K4_C0001_M_K4_C0004""]"
TCGA-B8-5159,TCGA-BP-5190,8,3,0,0.0,[]
TCGA-B8-5159,TCGA-BP-5191,8,3,0,0.0,[]
TCGA-B8-5159,TCGA-BP-5192,8,10,6,0.6,"[""K2_repeat1_K2_C0002"", ""K2_repeat2_K2_C0002"", ""K2_repeat3_K2_C0002"", ""K4_repeat1_K4_C0001_M_K4_C0004"", ""K4_repeat2_K4_C0004"", ""K6_repeat3_K6_C0006""]"
TCGA-B8-5159,TCGA-BP-5194,8,11,4,0.36363636363636365,"[""K2_repeat1_K2_C0002"", ""K2_repeat2_K2_C0002"", ""K2_repeat3_K2_C0002"", ""K4_repeat1_K4_C0001_M_K4_C0004""]"
TCGA-B8-5159,TCGA-BP-5195,8,12,4,0.3333333333333333,"[""K2_repeat1_K2_C0002"", ""K2_repeat2_K2_C0002"", ""K2_repeat3_K2_C0002"", ""K4_repeat1_K4_C0001_M_K4_C0004""]"
TCGA-B8-5159,TCGA-BP-5196,8,8,8,1.0,"[""K2_repeat1_K2_C0002"", ""K2_repeat2_K2_C0002"", ""K2_repeat3_K2_C0002"", ""K4_repeat1_K4_C0001_M_K4_C0004"", ""K4_repeat2_K4_C0004"", ""K6_repeat3_K6_C0006"", ""K7_repeat1_K7_C0006"", ""K8_repeat2_K8_C0007""]"
TCGA-B8-5159,TCGA-BP-5199,8,12,5,0.4166666666666667,"[""K2_repeat1_K2_C0002"", ""K2_repeat2_K2_C0002"", ""K2_repeat3_K2_C0002"", ""K4_repeat1_K4_C0001_M_K4_C0004"", ""K4_repeat2_K4_C0004""]"
TCGA-B8-5159,TCGA-BP-5200,8,11,4,0.36363636363636365,"[""K2_repeat1_K2_C0002"", ""K2_repeat2_K2_C0002"", ""K2_repeat3_K2_C0002"", ""K4_repeat1_K4_C0001_M_K4_C0004""]"
TCGA-B8-5159,TCGA-CJ-4637,8,7,0,0.0,[]
TCGA-B8-5159,TCGA-CJ-4641,8,7,0,0.0,[]
TCGA-B8-5159,TCGA-CJ-4900,8,6,0,0.0,[]
TCGA-B8-5159,TCGA-CJ-4902,8,4,3,0.375,"[""K6_repeat3_K6_C0006"", ""K7_repeat1_K7_C0006"", ""K8_repeat2_K8_C0007""]"
TCGA-B8-5159,TCGA-CJ-4903,8,8,4,0.5,"[""K2_repeat1_K2_C0002"", ""K2_repeat2_K2_C0002"", ""K2_repeat3_K2_C0002"", ""K4_repeat1_K4_C0001_M_K4_C0004""]"
TCGA-B8-5159,TCGA-CJ-4904,8,9,4,0.4444444444444444,"[""K2_repeat1_K2_C0002"", ""K2_repeat2_K2_C0002"", ""K2_repeat3_K2_C0002"", ""K4_repeat1_K4_C0001_M_K4_C0004""]"
TCGA-B8-5159,TCGA-CJ-4923,8,7,0,0.0,[]
TCGA-B8-5159,TCGA-CJ-6027,8,7,0,0.0,[]
TCGA-B8-5159,TCGA-CJ-6028,8,7,0,0.0,[]
TCGA-B8-5159,TCGA-CJ-6030,8,7,0,0.0,[]
TCGA-B8-5159,TCGA-CJ-6033,8,5,1,0.125,"[""K4_repeat1_K4_C0001_M_K4_C0004""]"
TCGA-B8-5159,TCGA-CZ-4859,8,12,4,0.3333333333333333,"[""K2_repeat1_K2_C0002"", ""K2_repeat2_K2_C0002"", ""K2_repeat3_K2_C0002"", ""K4_repeat1_K4_C0001_M_K4_C0004""]"
TCGA-B8-5159,TCGA-CZ-4863,8,3,0,0.0,[]
TCGA-B8-5159,TCGA-CZ-4865,8,3,0,0.0,[]
TCGA-B8-5159,TCGA-CZ-5451,8,9,4,0.4444444444444444,"[""K2_repeat1_K2_C0002"", ""K2_repeat2_K2_C0002"", ""K2_repeat3_K2_C0002"", ""K4_repeat1_K4_C0001_M_K4_C0004""]"
TCGA-B8-5159,TCGA-CZ-5462,8,5,0,0.0,[]
TCGA-B8-5159,TCGA-CZ-5468,8,3,0,0.0,[]
TCGA-B8-5159,TCGA-CZ-5984,8,8,8,1.0,"[""K2_repeat1_K2_C0002"", ""K2_repeat2_K2_C0002"", ""K2_repeat3_K2_C0002"", ""K4_repeat1_K4_C0001_M_K4_C0004"", ""K4_repeat2_K4_C0004"", ""K6_repeat3_K6_C0006"", ""K7_repeat1_K7_C0006"", ""K8_repeat2_K8_C0007""]"
TCGA-B8-5159,TCGA-CZ-5985,8,7,0,0.0,[]
TCGA-B8-5159,TCGA-CZ-5988,8,3,0,0.0,[]
TCGA-B8-5159,TCGA-G6-A5PC,8,7,0,0.0,[]
TCGA-B8-5159,TCGA-G6-A8L7,8,5,1,0.125,"[""K4_repeat1_K4_C0001_M_K4_C0004""]"
TCGA-B8-5162,TCGA-B8-5164,8,3,0,0.0,[]
TCGA-B8-5162,TCGA-B8-5165,8,8,8,1.0,"[""K2_repeat1_K2_C0002"", ""K2_repeat2_K2_C0002"", ""K2_repeat3_K2_C0002"", ""K4_repeat1_K4_C0001_M_K4_C0004"", ""K4_repeat2_K4_C0004"", ""K6_repeat3_K6_C0006"", ""K7_repeat1_K7_C0006"", ""K8_repeat2_K8_C0007""]"
TCGA-B8-5162,TCGA-B8-5546,8,3,0,0.0,[]
TCGA-B8-5162,TCGA-B8-5549,8,8,8,1.0,"[""K2_repeat1_K2_C0002"", ""K2_repeat2_K2_C0002"", ""K2_repeat3_K2_C0002"", ""K4_repeat1_K4_C0001_M_K4_C0004"", ""K4_repeat2_K4_C0004"", ""K6_repeat3_K6_C0006"", ""K7_repeat1_K7_C0006"", ""K8_repeat2_K8_C0007""]"
TCGA-B8-5162,TCGA-B8-5550,8,3,0,0.0,[]
TCGA-B8-5162,TCGA-B8-5551,8,7,0,0.0,[]
TCGA-B8-5162,TCGA-B8-5553,8,3,0,0.0,[]
TCGA-B8-5162,TCGA-B8-A54D,8,5,0,0.0,[]
TCGA-B8-5162,TCGA-B8-A54E,8,3,0,0.0,[]
TCGA-B8-5162,TCGA-B8-A54F,8,3,0,0.0,[]
TCGA-B8-5162,TCGA-B8-A54G,8,5,0,0.0,[]
TCGA-B8-5162,TCGA-BP-4164,8,8,4,0.5,"[""K2_repeat1_K2_C0002"", ""K2_repeat2_K2_C0002"", ""K2_repeat3_K2_C0002"", ""K4_repeat1_K4_C0001_M_K4_C0004""]"
TCGA-B8-5162,TCGA-BP-4167,8,7,0,0.0,[]
TCGA-B8-5162,TCGA-BP-4770,8,3,0,0.0,[]
TCGA-B8-5162,TCGA-BP-4782,8,3,0,0.0,[]
TCGA-B8-5162,TCGA-BP-4960,8,10,4,0.4,"[""K2_repeat1_K2_C0002"", ""K2_repeat2_K2_C0002"", ""K2_repeat3_K2_C0002"", ""K4_repeat1_K4_C0001_M_K4_C0004""]"
TCGA-B8-5162,TCGA-BP-4962,8,7,0,0.0,[]
TCGA-B8-5162,TCGA-BP-4965,8,11,4,0.36363636363636365,"[""K2_repeat1_K2_C0002"", ""K2_repeat2_K2_C0002"", ""K2_repeat3_K2_C0002"", ""K4_repeat1_K4_C0001_M_K4_C0004""]"
TCGA-B8-5162,TCGA-BP-4967,8,8,8,1.0,"[""K2_repeat1_K2_C0002"", ""K2_repeat2_K2_C0002"", ""K2_repeat3_K2_C0002"", ""K4_repeat1_K4_C0001_M_K4_C0004"", ""K4_repeat2_K4_C0004"", ""K6_repeat3_K6_C0006"", ""K7_repeat1_K7_C0006"", ""K8_repeat2_K8_C0007""]"
TCGA-B8-5162,TCGA-BP-4970,8,8,8,1.0,"[""K2_repeat1_K2_C0002"", ""K2_repeat2_K2_C0002"", ""K2_repeat3_K2_C0002"", ""K4_repeat1_K4_C0001_M_K4_C0004"", ""K4_repeat2_K4_C0004"", ""K6_repeat3_K6_C0006"", ""K7_repeat1_K7_C0006"", ""K8_repeat2_K8_C0007""]"
TCGA-B8-5162,TCGA-BP-4971,8,7,0,0.0,[]
TCGA-B8-5162,TCGA-BP-4972,8,6,3,0.375,"[""K2_repeat1_K2_C0002"", ""K2_repeat2_K2_C0002"", ""K2_repeat3_K2_C0002""]"
TCGA-B8-5162,TCGA-BP-4976,8,12,4,0.3333333333333333,"[""K2_repeat1_K2_C0002"", ""K2_repeat2_K2_C0002"", ""K2_repeat3_K2_C0002"", ""K4_repeat1_K4_C0001_M_K4_C0004""]"
TCGA-B8-5162,TCGA-BP-4977,8,8,8,1.0,"[""K2_repeat1_K2_C0002"", ""K2_repeat2_K2_C0002"", ""K2_repeat3_K2_C0002"", ""K4_repeat1_K4_C0001_M_K4_C0004"", ""K4_repeat2_K4_C0004"", ""K6_repeat3_K6_C0006"", ""K7_repeat1_K7_C0006"", ""K8_repeat2_K8_C0007""]"
TCGA-B8-5162,TCGA-BP-4982,8,11,4,0.36363636363636365,"[""K2_repeat1_K2_C0002"", ""K2_repeat2_K2_C0002"", ""K2_repeat3_K2_C0002"", ""K4_repeat1_K4_C0001_M_K4_C0004""]"
TCGA-B8-5162,TCGA-BP-4986,8,8,8,1.0,"[""K2_repeat1_K2_C0002"", ""K2_repeat2_K2_C0002"", ""K2_repeat3_K2_C0002"", ""K4_repeat1_K4_C0001_M_K4_C0004"", ""K4_repeat2_K4_C0004"", ""K6_repeat3_K6_C0006"", ""K7_repeat1_K7_C0006"", ""K8_repeat2_K8_C0007""]"
TCGA-B8-5162,TCGA-BP-4988,8,9,4,0.4444444444444444,"[""K2_repeat1_K2_C0002"", ""K2_repeat2_K2_C0002"", ""K2_repeat3_K2_C0002"", ""K4_repeat1_K4_C0001_M_K4_C0004""]"
TCGA-B8-5162,TCGA-BP-4989,8,13,4,0.3076923076923077,"[""K2_repeat1_K2_C0002"", ""K2_repeat2_K2_C0002"", ""K2_repeat3_K2_C0002"", ""K4_repeat1_K4_C0001_M_K4_C0004""]"
TCGA-B8-5162,TCGA-BP-4992,8,7,0,0.0,[]
TCGA-B8-5162,TCGA-BP-4994,8,3,0,0.0,[]
TCGA-B8-5162,TCGA-BP-4995,8,12,4,0.3333333333333333,"[""K2_repeat1_K2_C0002"", ""K2_repeat2_K2_C0002"", ""K2_repeat3_K2_C0002"", ""K4_repeat1_K4_C0001_M_K4_C0004""]"
TCGA-B8-5162,TCGA-BP-4999,8,11,4,0.36363636363636365,"[""K2_repeat1_K2_C0002"", ""K2_repeat2_K2_C0002"", ""K2_repeat3_K2_C0002"", ""K4_repeat1_K4_C0001_M_K4_C0004""]"
TCGA-B8-5162,TCGA-BP-5000,8,3,0,0.0,[]
TCGA-B8-5162,TCGA-BP-5001,8,12,4,0.3333333333333333,"[""K2_repeat1_K2_C0002"", ""K2_repeat2_K2_C0002"", ""K2_repeat3_K2_C0002"", ""K4_repeat1_K4_C0001_M_K4_C0004""]"
TCGA-B8-5162,TCGA-BP-5004,8,12,4,0.3333333333333333,"[""K2_repeat1_K2_C0002"", ""K2_repeat2_K2_C0002"", ""K2_repeat3_K2_C0002"", ""K4_repeat1_K4_C0001_M_K4_C0004""]"
TCGA-B8-5162,TCGA-BP-5006,8,12,4,0.3333333333333333,"[""K2_repeat1_K2_C0002"", ""K2_repeat2_K2_C0002"", ""K2_repeat3_K2_C0002"", ""K4_repeat1_K4_C0001_M_K4_C0004""]"
TCGA-B8-5162,TCGA-BP-5007,8,12,4,0.3333333333333333,"[""K2_repeat1_K2_C0002"", ""K2_repeat2_K2_C0002"", ""K2_repeat3_K2_C0002"", ""K4_repeat1_K4_C0001_M_K4_C0004""]"
TCGA-B8-5162,TCGA-BP-5009,8,12,4,0.3333333333333333,"[""K2_repeat1_K2_C0002"", ""K2_repeat2_K2_C0002"", ""K2_repeat3_K2_C0002"", ""K4_repeat1_K4_C0001_M_K4_C0004""]"
TCGA-B8-5162,TCGA-BP-5010,8,4,3,0.375,"[""K6_repeat3_K6_C0006"", ""K7_repeat1_K7_C0006"", ""K8_repeat2_K8_C0007""]"
TCGA-B8-5162,TCGA-BP-5174,8,8,8,1.0,"[""K2_repeat1_K2_C0002"", ""K2_repeat2_K2_C0002"", ""K2_repeat3_K2_C0002"", ""K4_repeat1_K4_C0001_M_K4_C0004"", ""K4_repeat2_K4_C0004"", ""K6_repeat3_K6_C0006"", ""K7_repeat1_K7_C0006"", ""K8_repeat2_K8_C0007""]"
TCGA-B8-5162,TCGA-BP-5175,8,7,0,0.0,[]
TCGA-B8-5162,TCGA-BP-5180,8,13,4,0.3076923076923077,"[""K2_repeat1_K2_C0002"", ""K2_repeat2_K2_C0002"", ""K2_repeat3_K2_C0002"", ""K4_repeat1_K4_C0001_M_K4_C0004""]"
TCGA-B8-5162,TCGA-BP-5181,8,13,4,0.3076923076923077,"[""K2_repeat1_K2_C0002"", ""K2_repeat2_K2_C0002"", ""K2_repeat3_K2_C0002"", ""K4_repeat1_K4_C0001_M_K4_C0004""]"
TCGA-B8-5162,TCGA-BP-5183,8,13,4,0.3076923076923077,"[""K2_repeat1_K2_C0002"", ""K2_repeat2_K2_C0002"", ""K2_repeat3_K2_C0002"", ""K4_repeat1_K4_C0001_M_K4_C0004""]"
TCGA-B8-5162,TCGA-BP-5184,8,13,4,0.3076923076923077,"[""K2_repeat1_K2_C0002"", ""K2_repeat2_K2_C0002"", ""K2_repeat3_K2_C0002"", ""K4_repeat1_K4_C0001_M_K4_C0004""]"
TCGA-B8-5162,TCGA-BP-5186,8,13,4,0.3076923076923077,"[""K2_repeat1_K2_C0002"", ""K2_repeat2_K2_C0002"", ""K2_repeat3_K2_C0002"", ""K4_repeat1_K4_C0001_M_K4_C0004""]"
TCGA-B8-5162,TCGA-BP-5187,8,13,4,0.3076923076923077,"[""K2_repeat1_K2_C0002"", ""K2_repeat2_K2_C0002"", ""K2_repeat3_K2_C0002"", ""K4_repeat1_K4_C0001_M_K4_C0004""]"
TCGA-B8-5162,TCGA-BP-5189,8,11,4,0.36363636363636365,"[""K2_repeat1_K2_C0002"", ""K2_repeat2_K2_C0002"", ""K2_repeat3_K2_C0002"", ""K4_repeat1_K4_C0001_M_K4_C0004""]"
TCGA-B8-5162,TCGA-BP-5190,8,3,0,0.0,[]
TCGA-B8-5162,TCGA-BP-5191,8,3,0,0.0,[]
TCGA-B8-5162,TCGA-BP-5192,8,10,6,0.6,"[""K2_repeat1_K2_C0002"", ""K2_repeat2_K2_C0002"", ""K2_repeat3_K2_C0002"", ""K4_repeat1_K4_C0001_M_K4_C0004"", ""K4_repeat2_K4_C0004"", ""K6_repeat3_K6_C0006""]"
TCGA-B8-5162,TCGA-BP-5194,8,11,4,0.36363636363636365,"[""K2_repeat1_K2_C0002"", ""K2_repeat2_K2_C0002"", ""K2_repeat3_K2_C0002"", ""K4_repeat1_K4_C0001_M_K4_C0004""]"
TCGA-B8-5162,TCGA-BP-5195,8,12,4,0.3333333333333333,"[""K2_repeat1_K2_C0002"", ""K2_repeat2_K2_C0002"", ""K2_repeat3_K2_C0002"", ""K4_repeat1_K4_C0001_M_K4_C0004""]"
TCGA-B8-5162,TCGA-BP-5196,8,8,8,1.0,"[""K2_repeat1_K2_C0002"", ""K2_repeat2_K2_C0002"", ""K2_repeat3_K2_C0002"", ""K4_repeat1_K4_C0001_M_K4_C0004"", ""K4_repeat2_K4_C0004"", ""K6_repeat3_K6_C0006"", ""K7_repeat1_K7_C0006"", ""K8_repeat2_K8_C0007""]"
TCGA-B8-5162,TCGA-BP-5199,8,12,5,0.4166666666666667,"[""K2_repeat1_K2_C0002"", ""K2_repeat2_K2_C0002"", ""K2_repeat3_K2_C0002"", ""K4_repeat1_K4_C0001_M_K4_C0004"", ""K4_repeat2_K4_C0004""]"
TCGA-B8-5162,TCGA-BP-5200,8,11,4,0.36363636363636365,"[""K2_repeat1_K2_C0002"", ""K2_repeat2_K2_C0002"", ""K2_repeat3_K2_C0002"", ""K4_repeat1_K4_C0001_M_K4_C0004""]"
TCGA-B8-5162,TCGA-CJ-4637,8,7,0,0.0,[]
TCGA-B8-5162,TCGA-CJ-4641,8,7,0,0.0,[]
TCGA-B8-5162,TCGA-CJ-4900,8,6,0,0.0,[]
TCGA-B8-5162,TCGA-CJ-4902,8,4,3,0.375,"[""K6_repeat3_K6_C0006"", ""K7_repeat1_K7_C0006"", ""K8_repeat2_K8_C0007""]"
TCGA-B8-5162,TCGA-CJ-4903,8,8,4,0.5,"[""K2_repeat1_K2_C0002"", ""K2_repeat2_K2_C0002"", ""K2_repeat3_K2_C0002"", ""K4_repeat1_K4_C0001_M_K4_C0004""]"
TCGA-B8-5162,TCGA-CJ-4904,8,9,4,0.4444444444444444,"[""K2_repeat1_K2_C0002"", ""K2_repeat2_K2_C0002"", ""K2_repeat3_K2_C0002"", ""K4_repeat1_K4_C0001_M_K4_C0004""]"
TCGA-B8-5162,TCGA-CJ-4923,8,7,0,0.0,[]
TCGA-B8-5162,TCGA-CJ-6027,8,7,0,0.0,[]
TCGA-B8-5162,TCGA-CJ-6028,8,7,0,0.0,[]
TCGA-B8-5162,TCGA-CJ-6030,8,7,0,0.0,[]
TCGA-B8-5162,TCGA-CJ-6033,8,5,1,0.125,"[""K4_repeat1_K4_C0001_M_K4_C0004""]"
TCGA-B8-5162,TCGA-CZ-4859,8,12,4,0.3333333333333333,"[""K2_repeat1_K2_C0002"", ""K2_repeat2_K2_C0002"", ""K2_repeat3_K2_C0002"", ""K4_repeat1_K4_C0001_M_K4_C0004""]"
TCGA-B8-5162,TCGA-CZ-4863,8,3,0,0.0,[]
TCGA-B8-5162,TCGA-CZ-4865,8,3,0,0.0,[]
TCGA-B8-5162,TCGA-CZ-5451,8,9,4,0.4444444444444444,"[""K2_repeat1_K2_C0002"", ""K2_repeat2_K2_C0002"", ""K2_repeat3_K2_C0002"", ""K4_repeat1_K4_C0001_M_K4_C0004""]"
TCGA-B8-5162,TCGA-CZ-5462,8,5,0,0.0,[]
TCGA-B8-5162,TCGA-CZ-5468,8,3,0,0.0,[]
TCGA-B8-5162,TCGA-CZ-5984,8,8,8,1.0,"[""K2_repeat1_K2_C0002"", ""K2_repeat2_K2_C0002"", ""K2_repeat3_K2_C0002"", ""K4_repeat1_K4_C0001_M_K4_C0004"", ""K4_repeat2_K4_C0004"", ""K6_repeat3_K6_C0006"", ""K7_repeat1_K7_C0006"", ""K8_repeat2_K8_C0007""]"
TCGA-B8-5162,TCGA-CZ-5985,8,7,0,0.0,[]
TCGA-B8-5162,TCGA-CZ-5988,8,3,0,0.0,[]
TCGA-B8-5162,TCGA-G6-A5PC,8,7,0,0.0,[]
TCGA-B8-5162,TCGA-G6-A8L7,8,5,1,0.125,"[""K4_repeat1_K4_C0001_M_K4_C0004""]"
TCGA-B8-5164,TCGA-B8-5165,3,8,0,0.0,[]
TCGA-B8-5164,TCGA-B8-5546,3,3,3,1.0,"[""K5_repeat2_K5_C0002_M_K5_C0003"", ""K6_repeat3_K6_C0002_M_K6_C0003"", ""K7_repeat1_K7_C0002_M_K7_C0003""]"
TCGA-B8-5164,TCGA-B8-5549,3,8,0,0.0,[]
TCGA-B8-5164,TCGA-B8-5550,3,3,3,1.0,"[""K5_repeat2_K5_C0002_M_K5_C0003"", ""K6_repeat3_K6_C0002_M_K6_C0003"", ""K7_repeat1_K7_C0002_M_K7_C0003""]"
TCGA-B8-5164,TCGA-B8-5551,3,7,1,0.14285714285714285,"[""K5_repeat2_K5_C0002_M_K5_C0003""]"
TCGA-B8-5164,TCGA-B8-5553,3,3,3,1.0,"[""K5_repeat2_K5_C0002_M_K5_C0003"", ""K6_repeat3_K6_C0002_M_K6_C0003"", ""K7_repeat1_K7_C0002_M_K7_C0003""]"
TCGA-B8-5164,TCGA-B8-A54D,3,5,3,0.6,"[""K5_repeat2_K5_C0002_M_K5_C0003"", ""K6_repeat3_K6_C0002_M_K6_C0003"", ""K7_repeat1_K7_C0002_M_K7_C0003""]"
TCGA-B8-5164,TCGA-B8-A54E,3,3,3,1.0,"[""K5_repeat2_K5_C0002_M_K5_C0003"", ""K6_repeat3_K6_C0002_M_K6_C0003"", ""K7_repeat1_K7_C0002_M_K7_C0003""]"
TCGA-B8-5164,TCGA-B8-A54F,3,3,3,1.0,"[""K5_repeat2_K5_C0002_M_K5_C0003"", ""K6_repeat3_K6_C0002_M_K6_C0003"", ""K7_repeat1_K7_C0002_M_K7_C0003""]"
TCGA-B8-5164,TCGA-B8-A54G,3,5,3,0.6,"[""K5_repeat2_K5_C0002_M_K5_C0003"", ""K6_repeat3_K6_C0002_M_K6_C0003"", ""K7_repeat1_K7_C0002_M_K7_C0003""]"
TCGA-B8-5164,TCGA-BP-4164,3,8,0,0.0,[]
TCGA-B8-5164,TCGA-BP-4167,3,7,1,0.14285714285714285,"[""K5_repeat2_K5_C0002_M_K5_C0003""]"
TCGA-B8-5164,TCGA-BP-4770,3,3,3,1.0,"[""K5_repeat2_K5_C0002_M_K5_C0003"", ""K6_repeat3_K6_C0002_M_K6_C0003"", ""K7_repeat1_K7_C0002_M_K7_C0003""]"
TCGA-B8-5164,TCGA-BP-4782,3,3,3,1.0,"[""K5_repeat2_K5_C0002_M_K5_C0003"", ""K6_repeat3_K6_C0002_M_K6_C0003"", ""K7_repeat1_K7_C0002_M_K7_C0003""]"
TCGA-B8-5164,TCGA-BP-4960,3,10,0,0.0,[]
TCGA-B8-5164,TCGA-BP-4962,3,7,1,0.14285714285714285,"[""K5_repeat2_K5_C0002_M_K5_C0003""]"
TCGA-B8-5164,TCGA-BP-4965,3,11,0,0.0,[]
TCGA-B8-5164,TCGA-BP-4967,3,8,0,0.0,[]
TCGA-B8-5164,TCGA-BP-4970,3,8,0,0.0,[]
TCGA-B8-5164,TCGA-BP-4971,3,7,1,0.14285714285714285,"[""K5_repeat2_K5_C0002_M_K5_C0003""]"
TCGA-B8-5164,TCGA-BP-4972,3,6,1,0.16666666666666666,"[""K5_repeat2_K5_C0002_M_K5_C0003""]"
TCGA-B8-5164,TCGA-BP-4976,3,12,0,0.0,[]
TCGA-B8-5164,TCGA-BP-4977,3,8,0,0.0,[]
TCGA-B8-5164,TCGA-BP-4982,3,11,0,0.0,[]
TCGA-B8-5164,TCGA-BP-4986,3,8,0,0.0,[]
TCGA-B8-5164,TCGA-BP-4988,3,9,0,0.0,[]
TCGA-B8-5164,TCGA-BP-4989,3,13,0,0.0,[]
TCGA-B8-5164,TCGA-BP-4992,3,7,1,0.14285714285714285,"[""K5_repeat2_K5_C0002_M_K5_C0003""]"
TCGA-B8-5164,TCGA-BP-4994,3,3,3,1.0,"[""K5_repeat2_K5_C0002_M_K5_C0003"", ""K6_repeat3_K6_C0002_M_K6_C0003"", ""K7_repeat1_K7_C0002_M_K7_C0003""]"
TCGA-B8-5164,TCGA-BP-4995,3,12,0,0.0,[]
TCGA-B8-5164,TCGA-BP-4999,3,11,0,0.0,[]
TCGA-B8-5164,TCGA-BP-5000,3,3,3,1.0,"[""K5_repeat2_K5_C0002_M_K5_C0003"", ""K6_repeat3_K6_C0002_M_K6_C0003"", ""K7_repeat1_K7_C0002_M_K7_C0003""]"
TCGA-B8-5164,TCGA-BP-5001,3,12,0,0.0,[]
TCGA-B8-5164,TCGA-BP-5004,3,12,0,0.0,[]
TCGA-B8-5164,TCGA-BP-5006,3,12,0,0.0,[]
TCGA-B8-5164,TCGA-BP-5007,3,12,0,0.0,[]
TCGA-B8-5164,TCGA-BP-5009,3,12,0,0.0,[]
TCGA-B8-5164,TCGA-BP-5010,3,4,0,0.0,[]
TCGA-B8-5164,TCGA-BP-5174,3,8,0,0.0,[]
TCGA-B8-5164,TCGA-BP-5175,3,7,1,0.14285714285714285,"[""K5_repeat2_K5_C0002_M_K5_C0003""]"
TCGA-B8-5164,TCGA-BP-5180,3,13,0,0.0,[]
TCGA-B8-5164,TCGA-BP-5181,3,13,0,0.0,[]
TCGA-B8-5164,TCGA-BP-5183,3,13,0,0.0,[]
TCGA-B8-5164,TCGA-BP-5184,3,13,0,0.0,[]
TCGA-B8-5164,TCGA-BP-5186,3,13,0,0.0,[]
TCGA-B8-5164,TCGA-BP-5187,3,13,0,0.0,[]
TCGA-B8-5164,TCGA-BP-5189,3,11,2,0.18181818181818182,"[""K5_repeat2_K5_C0002_M_K5_C0003"", ""K7_repeat1_K7_C0002_M_K7_C0003""]"
TCGA-B8-5164,TCGA-BP-5190,3,3,3,1.0,"[""K5_repeat2_K5_C0002_M_K5_C0003"", ""K6_repeat3_K6_C0002_M_K6_C0003"", ""K7_repeat1_K7_C0002_M_K7_C0003""]"
TCGA-B8-5164,TCGA-BP-5191,3,3,3,1.0,"[""K5_repeat2_K5_C0002_M_K5_C0003"", ""K6_repeat3_K6_C0002_M_K6_C0003"", ""K7_repeat1_K7_C0002_M_K7_C0003""]"
TCGA-B8-5164,TCGA-BP-5192,3,10,0,0.0,[]
TCGA-B8-5164,TCGA-BP-5194,3,11,0,0.0,[]
TCGA-B8-5164,TCGA-BP-5195,3,12,0,0.0,[]
TCGA-B8-5164,TCGA-BP-5196,3,8,0,0.0,[]
TCGA-B8-5164,TCGA-BP-5199,3,12,0,0.0,[]
TCGA-B8-5164,TCGA-BP-5200,3,11,0,0.0,[]
TCGA-B8-5164,TCGA-CJ-4637,3,7,1,0.14285714285714285,"[""K5_repeat2_K5_C0002_M_K5_C0003""]"
TCGA-B8-5164,TCGA-CJ-4641,3,7,1,0.14285714285714285,"[""K5_repeat2_K5_C0002_M_K5_C0003""]"
TCGA-B8-5164,TCGA-CJ-4900,3,6,1,0.16666666666666666,"[""K5_repeat2_K5_C0002_M_K5_C0003""]"
TCGA-B8-5164,TCGA-CJ-4902,3,4,0,0.0,[]
TCGA-B8-5164,TCGA-CJ-4903,3,8,0,0.0,[]
TCGA-B8-5164,TCGA-CJ-4904,3,9,0,0.0,[]
TCGA-B8-5164,TCGA-CJ-4923,3,7,1,0.14285714285714285,"[""K5_repeat2_K5_C0002_M_K5_C0003""]"
TCGA-B8-5164,TCGA-CJ-6027,3,7,1,0.14285714285714285,"[""K5_repeat2_K5_C0002_M_K5_C0003""]"
TCGA-B8-5164,TCGA-CJ-6028,3,7,1,0.14285714285714285,"[""K5_repeat2_K5_C0002_M_K5_C0003""]"
TCGA-B8-5164,TCGA-CJ-6030,3,7,1,0.14285714285714285,"[""K5_repeat2_K5_C0002_M_K5_C0003""]"
TCGA-B8-5164,TCGA-CJ-6033,3,5,0,0.0,[]
TCGA-B8-5164,TCGA-CZ-4859,3,12,0,0.0,[]
TCGA-B8-5164,TCGA-CZ-4863,3,3,3,1.0,"[""K5_repeat2_K5_C0002_M_K5_C0003"", ""K6_repeat3_K6_C0002_M_K6_C0003"", ""K7_repeat1_K7_C0002_M_K7_C0003""]"
TCGA-B8-5164,TCGA-CZ-4865,3,3,3,1.0,"[""K5_repeat2_K5_C0002_M_K5_C0003"", ""K6_repeat3_K6_C0002_M_K6_C0003"", ""K7_repeat1_K7_C0002_M_K7_C0003""]"
TCGA-B8-5164,TCGA-CZ-5451,3,9,2,0.2222222222222222,"[""K6_repeat3_K6_C0002_M_K6_C0003"", ""K7_repeat1_K7_C0002_M_K7_C0003""]"
TCGA-B8-5164,TCGA-CZ-5462,3,5,3,0.6,"[""K5_repeat2_K5_C0002_M_K5_C0003"", ""K6_repeat3_K6_C0002_M_K6_C0003"", ""K7_repeat1_K7_C0002_M_K7_C0003""]"
TCGA-B8-5164,TCGA-CZ-5468,3,3,3,1.0,"[""K5_repeat2_K5_C0002_M_K5_C0003"", ""K6_repeat3_K6_C0002_M_K6_C0003"", ""K7_repeat1_K7_C0002_M_K7_C0003""]"
TCGA-B8-5164,TCGA-CZ-5984,3,8,0,0.0,[]
TCGA-B8-5164,TCGA-CZ-5985,3,7,1,0.14285714285714285,"[""K5_repeat2_K5_C0002_M_K5_C0003""]"
TCGA-B8-5164,TCGA-CZ-5988,3,3,3,1.0,"[""K5_repeat2_K5_C0002_M_K5_C0003"", ""K6_repeat3_K6_C0002_M_K6_C0003"", ""K7_repeat1_K7_C0002_M_K7_C0003""]"
TCGA-B8-5164,TCGA-G6-A5PC,3,7,1,0.14285714285714285,"[""K5_repeat2_K5_C0002_M_K5_C0003""]"
TCGA-B8-5164,TCGA-G6-A8L7,3,5,0,0.0,[]
TCGA-B8-5165,TCGA-B8-5546,8,3,0,0.0,[]
TCGA-B8-5165,TCGA-B8-5549,8,8,8,1.0,"[""K2_repeat1_K2_C0002"", ""K2_repeat2_K2_C0002"", ""K2_repeat3_K2_C0002"", ""K4_repeat1_K4_C0001_M_K4_C0004"", ""K4_repeat2_K4_C0004"", ""K6_repeat3_K6_C0006"", ""K7_repeat1_K7_C0006"", ""K8_repeat2_K8_C0007""]"
TCGA-B8-5165,TCGA-B8-5550,8,3,0,0.0,[]
TCGA-B8-5165,TCGA-B8-5551,8,7,0,0.0,[]
TCGA-B8-5165,TCGA-B8-5553,8,3,0,0.0,[]
TCGA-B8-5165,TCGA-B8-A54D,8,5,0,0.0,[]
TCGA-B8-5165,TCGA-B8-A54E,8,3,0,0.0,[]
TCGA-B8-5165,TCGA-B8-A54F,8,3,0,0.0,[]
TCGA-B8-5165,TCGA-B8-A54G,8,5,0,0.0,[]
TCGA-B8-5165,TCGA-BP-4164,8,8,4,0.5,"[""K2_repeat1_K2_C0002"", ""K2_repeat2_K2_C0002"", ""K2_repeat3_K2_C0002"", ""K4_repeat1_K4_C0001_M_K4_C0004""]"
TCGA-B8-5165,TCGA-BP-4167,8,7,0,0.0,[]
TCGA-B8-5165,TCGA-BP-4770,8,3,0,0.0,[]
TCGA-B8-5165,TCGA-BP-4782,8,3,0,0.0,[]
TCGA-B8-5165,TCGA-BP-4960,8,10,4,0.4,"[""K2_repeat1_K2_C0002"", ""K2_repeat2_K2_C0002"", ""K2_repeat3_K2_C0002"", ""K4_repeat1_K4_C0001_M_K4_C0004""]"
TCGA-B8-5165,TCGA-BP-4962,8,7,0,0.0,[]
TCGA-B8-5165,TCGA-BP-4965,8,11,4,0.36363636363636365,"[""K2_repeat1_K2_C0002"", ""K2_repeat2_K2_C0002"", ""K2_repeat3_K2_C0002"", ""K4_repeat1_K4_C0001_M_K4_C0004""]"
TCGA-B8-5165,TCGA-BP-4967,8,8,8,1.0,"[""K2_repeat1_K2_C0002"", ""K2_repeat2_K2_C0002"", ""K2_repeat3_K2_C0002"", ""K4_repeat1_K4_C0001_M_K4_C0004"", ""K4_repeat2_K4_C0004"", ""K6_repeat3_K6_C0006"", ""K7_repeat1_K7_C0006"", ""K8_repeat2_K8_C0007""]"
TCGA-B8-5165,TCGA-BP-4970,8,8,8,1.0,"[""K2_repeat1_K2_C0002"", ""K2_repeat2_K2_C0002"", ""K2_repeat3_K2_C0002"", ""K4_repeat1_K4_C0001_M_K4_C0004"", ""K4_repeat2_K4_C0004"", ""K6_repeat3_K6_C0006"", ""K7_repeat1_K7_C0006"", ""K8_repeat2_K8_C0007""]"
TCGA-B8-5165,TCGA-BP-4971,8,7,0,0.0,[]
TCGA-B8-5165,TCGA-BP-4972,8,6,3,0.375,"[""K2_repeat1_K2_C0002"", ""K2_repeat2_K2_C0002"", ""K2_repeat3_K2_C0002""]"
TCGA-B8-5165,TCGA-BP-4976,8,12,4,0.3333333333333333,"[""K2_repeat1_K2_C0002"", ""K2_repeat2_K2_C0002"", ""K2_repeat3_K2_C0002"", ""K4_repeat1_K4_C0001_M_K4_C0004""]"
TCGA-B8-5165,TCGA-BP-4977,8,8,8,1.0,"[""K2_repeat1_K2_C0002"", ""K2_repeat2_K2_C0002"", ""K2_repeat3_K2_C0002"", ""K4_repeat1_K4_C0001_M_K4_C0004"", ""K4_repeat2_K4_C0004"", ""K6_repeat3_K6_C0006"", ""K7_repeat1_K7_C0006"", ""K8_repeat2_K8_C0007""]"
TCGA-B8-5165,TCGA-BP-4982,8,11,4,0.36363636363636365,"[""K2_repeat1_K2_C0002"", ""K2_repeat2_K2_C0002"", ""K2_repeat3_K2_C0002"", ""K4_repeat1_K4_C0001_M_K4_C0004""]"
TCGA-B8-5165,TCGA-BP-4986,8,8,8,1.0,"[""K2_repeat1_K2_C0002"", ""K2_repeat2_K2_C0002"", ""K2_repeat3_K2_C0002"", ""K4_repeat1_K4_C0001_M_K4_C0004"", ""K4_repeat2_K4_C0004"", ""K6_repeat3_K6_C0006"", ""K7_repeat1_K7_C0006"", ""K8_repeat2_K8_C0007""]"
TCGA-B8-5165,TCGA-BP-4988,8,9,4,0.4444444444444444,"[""K2_repeat1_K2_C0002"", ""K2_repeat2_K2_C0002"", ""K2_repeat3_K2_C0002"", ""K4_repeat1_K4_C0001_M_K4_C0004""]"
TCGA-B8-5165,TCGA-BP-4989,8,13,4,0.3076923076923077,"[""K2_repeat1_K2_C0002"", ""K2_repeat2_K2_C0002"", ""K2_repeat3_K2_C0002"", ""K4_repeat1_K4_C0001_M_K4_C0004""]"
TCGA-B8-5165,TCGA-BP-4992,8,7,0,0.0,[]
TCGA-B8-5165,TCGA-BP-4994,8,3,0,0.0,[]
TCGA-B8-5165,TCGA-BP-4995,8,12,4,0.3333333333333333,"[""K2_repeat1_K2_C0002"", ""K2_repeat2_K2_C0002"", ""K2_repeat3_K2_C0002"", ""K4_repeat1_K4_C0001_M_K4_C0004""]"
TCGA-B8-5165,TCGA-BP-4999,8,11,4,0.36363636363636365,"[""K2_repeat1_K2_C0002"", ""K2_repeat2_K2_C0002"", ""K2_repeat3_K2_C0002"", ""K4_repeat1_K4_C0001_M_K4_C0004""]"
TCGA-B8-5165,TCGA-BP-5000,8,3,0,0.0,[]
TCGA-B8-5165,TCGA-BP-5001,8,12,4,0.3333333333333333,"[""K2_repeat1_K2_C0002"", ""K2_repeat2_K2_C0002"", ""K2_repeat3_K2_C0002"", ""K4_repeat1_K4_C0001_M_K4_C0004""]"
TCGA-B8-5165,TCGA-BP-5004,8,12,4,0.3333333333333333,"[""K2_repeat1_K2_C0002"", ""K2_repeat2_K2_C0002"", ""K2_repeat3_K2_C0002"", ""K4_repeat1_K4_C0001_M_K4_C0004""]"
TCGA-B8-5165,TCGA-BP-5006,8,12,4,0.3333333333333333,"[""K2_repeat1_K2_C0002"", ""K2_repeat2_K2_C0002"", ""K2_repeat3_K2_C0002"", ""K4_repeat1_K4_C0001_M_K4_C0004""]"
TCGA-B8-5165,TCGA-BP-5007,8,12,4,0.3333333333333333,"[""K2_repeat1_K2_C0002"", ""K2_repeat2_K2_C0002"", ""K2_repeat3_K2_C0002"", ""K4_repeat1_K4_C0001_M_K4_C0004""]"
TCGA-B8-5165,TCGA-BP-5009,8,12,4,0.3333333333333333,"[""K2_repeat1_K2_C0002"", ""K2_repeat2_K2_C0002"", ""K2_repeat3_K2_C0002"", ""K4_repeat1_K4_C0001_M_K4_C0004""]"
TCGA-B8-5165,TCGA-BP-5010,8,4,3,0.375,"[""K6_repeat3_K6_C0006"", ""K7_repeat1_K7_C0006"", ""K8_repeat2_K8_C0007""]"
TCGA-B8-5165,TCGA-BP-5174,8,8,8,1.0,"[""K2_repeat1_K2_C0002"", ""K2_repeat2_K2_C0002"", ""K2_repeat3_K2_C0002"", ""K4_repeat1_K4_C0001_M_K4_C0004"", ""K4_repeat2_K4_C0004"", ""K6_repeat3_K6_C0006"", ""K7_repeat1_K7_C0006"", ""K8_repeat2_K8_C0007""]"
TCGA-B8-5165,TCGA-BP-5175,8,7,0,0.0,[]
TCGA-B8-5165,TCGA-BP-5180,8,13,4,0.3076923076923077,"[""K2_repeat1_K2_C0002"", ""K2_repeat2_K2_C0002"", ""K2_repeat3_K2_C0002"", ""K4_repeat1_K4_C0001_M_K4_C0004""]"
TCGA-B8-5165,TCGA-BP-5181,8,13,4,0.3076923076923077,"[""K2_repeat1_K2_C0002"", ""K2_repeat2_K2_C0002"", ""K2_repeat3_K2_C0002"", ""K4_repeat1_K4_C0001_M_K4_C0004""]"
TCGA-B8-5165,TCGA-BP-5183,8,13,4,0.3076923076923077,"[""K2_repeat1_K2_C0002"", ""K2_repeat2_K2_C0002"", ""K2_repeat3_K2_C0002"", ""K4_repeat1_K4_C0001_M_K4_C0004""]"
TCGA-B8-5165,TCGA-BP-5184,8,13,4,0.3076923076923077,"[""K2_repeat1_K2_C0002"", ""K2_repeat2_K2_C0002"", ""K2_repeat3_K2_C0002"", ""K4_repeat1_K4_C0001_M_K4_C0004""]"
TCGA-B8-5165,TCGA-BP-5186,8,13,4,0.3076923076923077,"[""K2_repeat1_K2_C0002"", ""K2_repeat2_K2_C0002"", ""K2_repeat3_K2_C0002"", ""K4_repeat1_K4_C0001_M_K4_C0004""]"
TCGA-B8-5165,TCGA-BP-5187,8,13,4,0.3076923076923077,"[""K2_repeat1_K2_C0002"", ""K2_repeat2_K2_C0002"", ""K2_repeat3_K2_C0002"", ""K4_repeat1_K4_C0001_M_K4_C0004""]"
TCGA-B8-5165,TCGA-BP-5189,8,11,4,0.36363636363636365,"[""K2_repeat1_K2_C0002"", ""K2_repeat2_K2_C0002"", ""K2_repeat3_K2_C0002"", ""K4_repeat1_K4_C0001_M_K4_C0004""]"
TCGA-B8-5165,TCGA-BP-5190,8,3,0,0.0,[]
TCGA-B8-5165,TCGA-BP-5191,8,3,0,0.0,[]
TCGA-B8-5165,TCGA-BP-5192,8,10,6,0.6,"[""K2_repeat1_K2_C0002"", ""K2_repeat2_K2_C0002"", ""K2_repeat3_K2_C0002"", ""K4_repeat1_K4_C0001_M_K4_C0004"", ""K4_repeat2_K4_C0004"", ""K6_repeat3_K6_C0006""]"
TCGA-B8-5165,TCGA-BP-5194,8,11,4,0.36363636363636365,"[""K2_repeat1_K2_C0002"", ""K2_repeat2_K2_C0002"", ""K2_repeat3_K2_C0002"", ""K4_repeat1_K4_C0001_M_K4_C0004""]"
TCGA-B8-5165,TCGA-BP-5195,8,12,4,0.3333333333333333,"[""K2_repeat1_K2_C0002"", ""K2_repeat2_K2_C0002"", ""K2_repeat3_K2_C0002"", ""K4_repeat1_K4_C0001_M_K4_C0004""]"
TCGA-B8-5165,TCGA-BP-5196,8,8,8,1.0,"[""K2_repeat1_K2_C0002"", ""K2_repeat2_K2_C0002"", ""K2_repeat3_K2_C0002"", ""K4_repeat1_K4_C0001_M_K4_C0004"", ""K4_repeat2_K4_C0004"", ""K6_repeat3_K6_C0006"", ""K7_repeat1_K7_C0006"", ""K8_repeat2_K8_C0007""]"
TCGA-B8-5165,TCGA-BP-5199,8,12,5,0.4166666666666667,"[""K2_repeat1_K2_C0002"", ""K2_repeat2_K2_C0002"", ""K2_repeat3_K2_C0002"", ""K4_repeat1_K4_C0001_M_K4_C0004"", ""K4_repeat2_K4_C0004""]"
TCGA-B8-5165,TCGA-BP-5200,8,11,4,0.36363636363636365,"[""K2_repeat1_K2_C0002"", ""K2_repeat2_K2_C0002"", ""K2_repeat3_K2_C0002"", ""K4_repeat1_K4_C0001_M_K4_C0004""]"
TCGA-B8-5165,TCGA-CJ-4637,8,7,0,0.0,[]
TCGA-B8-5165,TCGA-CJ-4641,8,7,0,0.0,[]
TCGA-B8-5165,TCGA-CJ-4900,8,6,0,0.0,[]
TCGA-B8-5165,TCGA-CJ-4902,8,4,3,0.375,"[""K6_repeat3_K6_C0006"", ""K7_repeat1_K7_C0006"", ""K8_repeat2_K8_C0007""]"
TCGA-B8-5165,TCGA-CJ-4903,8,8,4,0.5,"[""K2_repeat1_K2_C0002"", ""K2_repeat2_K2_C0002"", ""K2_repeat3_K2_C0002"", ""K4_repeat1_K4_C0001_M_K4_C0004""]"
TCGA-B8-5165,TCGA-CJ-4904,8,9,4,0.4444444444444444,"[""K2_repeat1_K2_C0002"", ""K2_repeat2_K2_C0002"", ""K2_repeat3_K2_C0002"", ""K4_repeat1_K4_C0001_M_K4_C0004""]"
TCGA-B8-5165,TCGA-CJ-4923,8,7,0,0.0,[]
TCGA-B8-5165,TCGA-CJ-6027,8,7,0,0.0,[]
TCGA-B8-5165,TCGA-CJ-6028,8,7,0,0.0,[]
TCGA-B8-5165,TCGA-CJ-6030,8,7,0,0.0,[]
TCGA-B8-5165,TCGA-CJ-6033,8,5,1,0.125,"[""K4_repeat1_K4_C0001_M_K4_C0004""]"
TCGA-B8-5165,TCGA-CZ-4859,8,12,4,0.3333333333333333,"[""K2_repeat1_K2_C0002"", ""K2_repeat2_K2_C0002"", ""K2_repeat3_K2_C0002"", ""K4_repeat1_K4_C0001_M_K4_C0004""]"
TCGA-B8-5165,TCGA-CZ-4863,8,3,0,0.0,[]
TCGA-B8-5165,TCGA-CZ-4865,8,3,0,0.0,[]
TCGA-B8-5165,TCGA-CZ-5451,8,9,4,0.4444444444444444,"[""K2_repeat1_K2_C0002"", ""K2_repeat2_K2_C0002"", ""K2_repeat3_K2_C0002"", ""K4_repeat1_K4_C0001_M_K4_C0004""]"
TCGA-B8-5165,TCGA-CZ-5462,8,5,0,0.0,[]
TCGA-B8-5165,TCGA-CZ-5468,8,3,0,0.0,[]
TCGA-B8-5165,TCGA-CZ-5984,8,8,8,1.0,"[""K2_repeat1_K2_C0002"", ""K2_repeat2_K2_C0002"", ""K2_repeat3_K2_C0002"", ""K4_repeat1_K4_C0001_M_K4_C0004"", ""K4_repeat2_K4_C0004"", ""K6_repeat3_K6_C0006"", ""K7_repeat1_K7_C0006"", ""K8_repeat2_K8_C0007""]"
TCGA-B8-5165,TCGA-CZ-5985,8,7,0,0.0,[]
TCGA-B8-5165,TCGA-CZ-5988,8,3,0,0.0,[]
TCGA-B8-5165,TCGA-G6-A5PC,8,7,0,0.0,[]
TCGA-B8-5165,TCGA-G6-A8L7,8,5,1,0.125,"[""K4_repeat1_K4_C0001_M_K4_C0004""]"
TCGA-B8-5546,TCGA-B8-5549,3,8,0,0.0,[]
TCGA-B8-5546,TCGA-B8-5550,3,3,3,1.0,"[""K5_repeat2_K5_C0002_M_K5_C0003"", ""K6_repeat3_K6_C0002_M_K6_C0003"", ""K7_repeat1_K7_C0002_M_K7_C0003""]"
TCGA-B8-5546,TCGA-B8-5551,3,7,1,0.14285714285714285,"[""K5_repeat2_K5_C0002_M_K5_C0003""]"
TCGA-B8-5546,TCGA-B8-5553,3,3,3,1.0,"[""K5_repeat2_K5_C0002_M_K5_C0003"", ""K6_repeat3_K6_C0002_M_K6_C0003"", ""K7_repeat1_K7_C0002_M_K7_C0003""]"
TCGA-B8-5546,TCGA-B8-A54D,3,5,3,0.6,"[""K5_repeat2_K5_C0002_M_K5_C0003"", ""K6_repeat3_K6_C0002_M_K6_C0003"", ""K7_repeat1_K7_C0002_M_K7_C0003""]"
TCGA-B8-5546,TCGA-B8-A54E,3,3,3,1.0,"[""K5_repeat2_K5_C0002_M_K5_C0003"", ""K6_repeat3_K6_C0002_M_K6_C0003"", ""K7_repeat1_K7_C0002_M_K7_C0003""]"
TCGA-B8-5546,TCGA-B8-A54F,3,3,3,1.0,"[""K5_repeat2_K5_C0002_M_K5_C0003"", ""K6_repeat3_K6_C0002_M_K6_C0003"", ""K7_repeat1_K7_C0002_M_K7_C0003""]"
TCGA-B8-5546,TCGA-B8-A54G,3,5,3,0.6,"[""K5_repeat2_K5_C0002_M_K5_C0003"", ""K6_repeat3_K6_C0002_M_K6_C0003"", ""K7_repeat1_K7_C0002_M_K7_C0003""]"
TCGA-B8-5546,TCGA-BP-4164,3,8,0,0.0,[]
TCGA-B8-5546,TCGA-BP-4167,3,7,1,0.14285714285714285,"[""K5_repeat2_K5_C0002_M_K5_C0003""]"
TCGA-B8-5546,TCGA-BP-4770,3,3,3,1.0,"[""K5_repeat2_K5_C0002_M_K5_C0003"", ""K6_repeat3_K6_C0002_M_K6_C0003"", ""K7_repeat1_K7_C0002_M_K7_C0003""]"
TCGA-B8-5546,TCGA-BP-4782,3,3,3,1.0,"[""K5_repeat2_K5_C0002_M_K5_C0003"", ""K6_repeat3_K6_C0002_M_K6_C0003"", ""K7_repeat1_K7_C0002_M_K7_C0003""]"
TCGA-B8-5546,TCGA-BP-4960,3,10,0,0.0,[]
TCGA-B8-5546,TCGA-BP-4962,3,7,1,0.14285714285714285,"[""K5_repeat2_K5_C0002_M_K5_C0003""]"
TCGA-B8-5546,TCGA-BP-4965,3,11,0,0.0,[]
TCGA-B8-5546,TCGA-BP-4967,3,8,0,0.0,[]
TCGA-B8-5546,TCGA-BP-4970,3,8,0,0.0,[]
TCGA-B8-5546,TCGA-BP-4971,3,7,1,0.14285714285714285,"[""K5_repeat2_K5_C0002_M_K5_C0003""]"
TCGA-B8-5546,TCGA-BP-4972,3,6,1,0.16666666666666666,"[""K5_repeat2_K5_C0002_M_K5_C0003""]"
TCGA-B8-5546,TCGA-BP-4976,3,12,0,0.0,[]
TCGA-B8-5546,TCGA-BP-4977,3,8,0,0.0,[]
TCGA-B8-5546,TCGA-BP-4982,3,11,0,0.0,[]
TCGA-B8-5546,TCGA-BP-4986,3,8,0,0.0,[]
TCGA-B8-5546,TCGA-BP-4988,3,9,0,0.0,[]
TCGA-B8-5546,TCGA-BP-4989,3,13,0,0.0,[]
TCGA-B8-5546,TCGA-BP-4992,3,7,1,0.14285714285714285,"[""K5_repeat2_K5_C0002_M_K5_C0003""]"
TCGA-B8-5546,TCGA-BP-4994,3,3,3,1.0,"[""K5_repeat2_K5_C0002_M_K5_C0003"", ""K6_repeat3_K6_C0002_M_K6_C0003"", ""K7_repeat1_K7_C0002_M_K7_C0003""]"
TCGA-B8-5546,TCGA-BP-4995,3,12,0,0.0,[]
TCGA-B8-5546,TCGA-BP-4999,3,11,0,0.0,[]
TCGA-B8-5546,TCGA-BP-5000,3,3,3,1.0,"[""K5_repeat2_K5_C0002_M_K5_C0003"", ""K6_repeat3_K6_C0002_M_K6_C0003"", ""K7_repeat1_K7_C0002_M_K7_C0003""]"
TCGA-B8-5546,TCGA-BP-5001,3,12,0,0.0,[]
TCGA-B8-5546,TCGA-BP-5004,3,12,0,0.0,[]
TCGA-B8-5546,TCGA-BP-5006,3,12,0,0.0,[]
TCGA-B8-5546,TCGA-BP-5007,3,12,0,0.0,[]
TCGA-B8-5546,TCGA-BP-5009,3,12,0,0.0,[]
TCGA-B8-5546,TCGA-BP-5010,3,4,0,0.0,[]
TCGA-B8-5546,TCGA-BP-5174,3,8,0,0.0,[]
TCGA-B8-5546,TCGA-BP-5175,3,7,1,0.14285714285714285,"[""K5_repeat2_K5_C0002_M_K5_C0003""]"
TCGA-B8-5546,TCGA-BP-5180,3,13,0,0.0,[]
TCGA-B8-5546,TCGA-BP-5181,3,13,0,0.0,[]
TCGA-B8-5546,TCGA-BP-5183,3,13,0,0.0,[]
TCGA-B8-5546,TCGA-BP-5184,3,13,0,0.0,[]
TCGA-B8-5546,TCGA-BP-5186,3,13,0,0.0,[]
TCGA-B8-5546,TCGA-BP-5187,3,13,0,0.0,[]
TCGA-B8-5546,TCGA-BP-5189,3,11,2,0.18181818181818182,"[""K5_repeat2_K5_C0002_M_K5_C0003"", ""K7_repeat1_K7_C0002_M_K7_C0003""]"
TCGA-B8-5546,TCGA-BP-5190,3,3,3,1.0,"[""K5_repeat2_K5_C0002_M_K5_C0003"", ""K6_repeat3_K6_C0002_M_K6_C0003"", ""K7_repeat1_K7_C0002_M_K7_C0003""]"
TCGA-B8-5546,TCGA-BP-5191,3,3,3,1.0,"[""K5_repeat2_K5_C0002_M_K5_C0003"", ""K6_repeat3_K6_C0002_M_K6_C0003"", ""K7_repeat1_K7_C0002_M_K7_C0003""]"
TCGA-B8-5546,TCGA-BP-5192,3,10,0,0.0,[]
TCGA-B8-5546,TCGA-BP-5194,3,11,0,0.0,[]
TCGA-B8-5546,TCGA-BP-5195,3,12,0,0.0,[]
TCGA-B8-5546,TCGA-BP-5196,3,8,0,0.0,[]
TCGA-B8-5546,TCGA-BP-5199,3,12,0,0.0,[]
TCGA-B8-5546,TCGA-BP-5200,3,11,0,0.0,[]
TCGA-B8-5546,TCGA-CJ-4637,3,7,1,0.14285714285714285,"[""K5_repeat2_K5_C0002_M_K5_C0003""]"
TCGA-B8-5546,TCGA-CJ-4641,3,7,1,0.14285714285714285,"[""K5_repeat2_K5_C0002_M_K5_C0003""]"
TCGA-B8-5546,TCGA-CJ-4900,3,6,1,0.16666666666666666,"[""K5_repeat2_K5_C0002_M_K5_C0003""]"
TCGA-B8-5546,TCGA-CJ-4902,3,4,0,0.0,[]
TCGA-B8-5546,TCGA-CJ-4903,3,8,0,0.0,[]
TCGA-B8-5546,TCGA-CJ-4904,3,9,0,0.0,[]
TCGA-B8-5546,TCGA-CJ-4923,3,7,1,0.14285714285714285,"[""K5_repeat2_K5_C0002_M_K5_C0003""]"
TCGA-B8-5546,TCGA-CJ-6027,3,7,1,0.14285714285714285,"[""K5_repeat2_K5_C0002_M_K5_C0003""]"
TCGA-B8-5546,TCGA-CJ-6028,3,7,1,0.14285714285714285,"[""K5_repeat2_K5_C0002_M_K5_C0003""]"
TCGA-B8-5546,TCGA-CJ-6030,3,7,1,0.14285714285714285,"[""K5_repeat2_K5_C0002_M_K5_C0003""]"
TCGA-B8-5546,TCGA-CJ-6033,3,5,0,0.0,[]
TCGA-B8-5546,TCGA-CZ-4859,3,12,0,0.0,[]
TCGA-B8-5546,TCGA-CZ-4863,3,3,3,1.0,"[""K5_repeat2_K5_C0002_M_K5_C0003"", ""K6_repeat3_K6_C0002_M_K6_C0003"", ""K7_repeat1_K7_C0002_M_K7_C0003""]"
TCGA-B8-5546,TCGA-CZ-4865,3,3,3,1.0,"[""K5_repeat2_K5_C0002_M_K5_C0003"", ""K6_repeat3_K6_C0002_M_K6_C0003"", ""K7_repeat1_K7_C0002_M_K7_C0003""]"
TCGA-B8-5546,TCGA-CZ-5451,3,9,2,0.2222222222222222,"[""K6_repeat3_K6_C0002_M_K6_C0003"", ""K7_repeat1_K7_C0002_M_K7_C0003""]"
TCGA-B8-5546,TCGA-CZ-5462,3,5,3,0.6,"[""K5_repeat2_K5_C0002_M_K5_C0003"", ""K6_repeat3_K6_C0002_M_K6_C0003"", ""K7_repeat1_K7_C0002_M_K7_C0003""]"
TCGA-B8-5546,TCGA-CZ-5468,3,3,3,1.0,"[""K5_repeat2_K5_C0002_M_K5_C0003"", ""K6_repeat3_K6_C0002_M_K6_C0003"", ""K7_repeat1_K7_C0002_M_K7_C0003""]"
TCGA-B8-5546,TCGA-CZ-5984,3,8,0,0.0,[]
TCGA-B8-5546,TCGA-CZ-5985,3,7,1,0.14285714285714285,"[""K5_repeat2_K5_C0002_M_K5_C0003""]"
TCGA-B8-5546,TCGA-CZ-5988,3,3,3,1.0,"[""K5_repeat2_K5_C0002_M_K5_C0003"", ""K6_repeat3_K6_C0002_M_K6_C0003"", ""K7_repeat1_K7_C0002_M_K7_C0003""]"
TCGA-B8-5546,TCGA-G6-A5PC,3,7,1,0.14285714285714285,"[""K5_repeat2_K5_C0002_M_K5_C0003""]"
TCGA-B8-5546,TCGA-G6-A8L7,3,5,0,0.0,[]
TCGA-B8-5549,TCGA-B8-5550,8,3,0,0.0,[]
TCGA-B8-5549,TCGA-B8-5551,8,7,0,0.0,[]
TCGA-B8-5549,TCGA-B8-5553,8,3,0,0.0,[]
TCGA-B8-5549,TCGA-B8-A54D,8,5,0,0.0,[]
TCGA-B8-5549,TCGA-B8-A54E,8,3,0,0.0,[]
TCGA-B8-5549,TCGA-B8-A54F,8,3,0,0.0,[]
TCGA-B8-5549,TCGA-B8-A54G,8,5,0,0.0,[]
TCGA-B8-5549,TCGA-BP-4164,8,8,4,0.5,"[""K2_repeat1_K2_C0002"", ""K2_repeat2_K2_C0002"", ""K2_repeat3_K2_C0002"", ""K4_repeat1_K4_C0001_M_K4_C0004""]"
TCGA-B8-5549,TCGA-BP-4167,8,7,0,0.0,[]
TCGA-B8-5549,TCGA-BP-4770,8,3,0,0.0,[]
TCGA-B8-5549,TCGA-BP-4782,8,3,0,0.0,[]
TCGA-B8-5549,TCGA-BP-4960,8,10,4,0.4,"[""K2_repeat1_K2_C0002"", ""K2_repeat2_K2_C0002"", ""K2_repeat3_K2_C0002"", ""K4_repeat1_K4_C0001_M_K4_C0004""]"
TCGA-B8-5549,TCGA-BP-4962,8,7,0,0.0,[]
TCGA-B8-5549,TCGA-BP-4965,8,11,4,0.36363636363636365,"[""K2_repeat1_K2_C0002"", ""K2_repeat2_K2_C0002"", ""K2_repeat3_K2_C0002"", ""K4_repeat1_K4_C0001_M_K4_C0004""]"
TCGA-B8-5549,TCGA-BP-4967,8,8,8,1.0,"[""K2_repeat1_K2_C0002"", ""K2_repeat2_K2_C0002"", ""K2_repeat3_K2_C0002"", ""K4_repeat1_K4_C0001_M_K4_C0004"", ""K4_repeat2_K4_C0004"", ""K6_repeat3_K6_C0006"", ""K7_repeat1_K7_C0006"", ""K8_repeat2_K8_C0007""]"
TCGA-B8-5549,TCGA-BP-4970,8,8,8,1.0,"[""K2_repeat1_K2_C0002"", ""K2_repeat2_K2_C0002"", ""K2_repeat3_K2_C0002"", ""K4_repeat1_K4_C0001_M_K4_C0004"", ""K4_repeat2_K4_C0004"", ""K6_repeat3_K6_C0006"", ""K7_repeat1_K7_C0006"", ""K8_repeat2_K8_C0007""]"
TCGA-B8-5549,TCGA-BP-4971,8,7,0,0.0,[]
TCGA-B8-5549,TCGA-BP-4972,8,6,3,0.375,"[""K2_repeat1_K2_C0002"", ""K2_repeat2_K2_C0002"", ""K2_repeat3_K2_C0002""]"
TCGA-B8-5549,TCGA-BP-4976,8,12,4,0.3333333333333333,"[""K2_repeat1_K2_C0002"", ""K2_repeat2_K2_C0002"", ""K2_repeat3_K2_C0002"", ""K4_repeat1_K4_C0001_M_K4_C0004""]"
TCGA-B8-5549,TCGA-BP-4977,8,8,8,1.0,"[""K2_repeat1_K2_C0002"", ""K2_repeat2_K2_C0002"", ""K2_repeat3_K2_C0002"", ""K4_repeat1_K4_C0001_M_K4_C0004"", ""K4_repeat2_K4_C0004"", ""K6_repeat3_K6_C0006"", ""K7_repeat1_K7_C0006"", ""K8_repeat2_K8_C0007""]"
TCGA-B8-5549,TCGA-BP-4982,8,11,4,0.36363636363636365,"[""K2_repeat1_K2_C0002"", ""K2_repeat2_K2_C0002"", ""K2_repeat3_K2_C0002"", ""K4_repeat1_K4_C0001_M_K4_C0004""]"
TCGA-B8-5549,TCGA-BP-4986,8,8,8,1.0,"[""K2_repeat1_K2_C0002"", ""K2_repeat2_K2_C0002"", ""K2_repeat3_K2_C0002"", ""K4_repeat1_K4_C0001_M_K4_C0004"", ""K4_repeat2_K4_C0004"", ""K6_repeat3_K6_C0006"", ""K7_repeat1_K7_C0006"", ""K8_repeat2_K8_C0007""]"
TCGA-B8-5549,TCGA-BP-4988,8,9,4,0.4444444444444444,"[""K2_repeat1_K2_C0002"", ""K2_repeat2_K2_C0002"", ""K2_repeat3_K2_C0002"", ""K4_repeat1_K4_C0001_M_K4_C0004""]"
TCGA-B8-5549,TCGA-BP-4989,8,13,4,0.3076923076923077,"[""K2_repeat1_K2_C0002"", ""K2_repeat2_K2_C0002"", ""K2_repeat3_K2_C0002"", ""K4_repeat1_K4_C0001_M_K4_C0004""]"
TCGA-B8-5549,TCGA-BP-4992,8,7,0,0.0,[]
TCGA-B8-5549,TCGA-BP-4994,8,3,0,0.0,[]
TCGA-B8-5549,TCGA-BP-4995,8,12,4,0.3333333333333333,"[""K2_repeat1_K2_C0002"", ""K2_repeat2_K2_C0002"", ""K2_repeat3_K2_C0002"", ""K4_repeat1_K4_C0001_M_K4_C0004""]"
TCGA-B8-5549,TCGA-BP-4999,8,11,4,0.36363636363636365,"[""K2_repeat1_K2_C0002"", ""K2_repeat2_K2_C0002"", ""K2_repeat3_K2_C0002"", ""K4_repeat1_K4_C0001_M_K4_C0004""]"
TCGA-B8-5549,TCGA-BP-5000,8,3,0,0.0,[]
TCGA-B8-5549,TCGA-BP-5001,8,12,4,0.3333333333333333,"[""K2_repeat1_K2_C0002"", ""K2_repeat2_K2_C0002"", ""K2_repeat3_K2_C0002"", ""K4_repeat1_K4_C0001_M_K4_C0004""]"
TCGA-B8-5549,TCGA-BP-5004,8,12,4,0.3333333333333333,"[""K2_repeat1_K2_C0002"", ""K2_repeat2_K2_C0002"", ""K2_repeat3_K2_C0002"", ""K4_repeat1_K4_C0001_M_K4_C0004""]"
TCGA-B8-5549,TCGA-BP-5006,8,12,4,0.3333333333333333,"[""K2_repeat1_K2_C0002"", ""K2_repeat2_K2_C0002"", ""K2_repeat3_K2_C0002"", ""K4_repeat1_K4_C0001_M_K4_C0004""]"
TCGA-B8-5549,TCGA-BP-5007,8,12,4,0.3333333333333333,"[""K2_repeat1_K2_C0002"", ""K2_repeat2_K2_C0002"", ""K2_repeat3_K2_C0002"", ""K4_repeat1_K4_C0001_M_K4_C0004""]"
TCGA-B8-5549,TCGA-BP-5009,8,12,4,0.3333333333333333,"[""K2_repeat1_K2_C0002"", ""K2_repeat2_K2_C0002"", ""K2_repeat3_K2_C0002"", ""K4_repeat1_K4_C0001_M_K4_C0004""]"
TCGA-B8-5549,TCGA-BP-5010,8,4,3,0.375,"[""K6_repeat3_K6_C0006"", ""K7_repeat1_K7_C0006"", ""K8_repeat2_K8_C0007""]"
TCGA-B8-5549,TCGA-BP-5174,8,8,8,1.0,"[""K2_repeat1_K2_C0002"", ""K2_repeat2_K2_C0002"", ""K2_repeat3_K2_C0002"", ""K4_repeat1_K4_C0001_M_K4_C0004"", ""K4_repeat2_K4_C0004"", ""K6_repeat3_K6_C0006"", ""K7_repeat1_K7_C0006"", ""K8_repeat2_K8_C0007""]"
TCGA-B8-5549,TCGA-BP-5175,8,7,0,0.0,[]
TCGA-B8-5549,TCGA-BP-5180,8,13,4,0.3076923076923077,"[""K2_repeat1_K2_C0002"", ""K2_repeat2_K2_C0002"", ""K2_repeat3_K2_C0002"", ""K4_repeat1_K4_C0001_M_K4_C0004""]"
TCGA-B8-5549,TCGA-BP-5181,8,13,4,0.3076923076923077,"[""K2_repeat1_K2_C0002"", ""K2_repeat2_K2_C0002"", ""K2_repeat3_K2_C0002"", ""K4_repeat1_K4_C0001_M_K4_C0004""]"
TCGA-B8-5549,TCGA-BP-5183,8,13,4,0.3076923076923077,"[""K2_repeat1_K2_C0002"", ""K2_repeat2_K2_C0002"", ""K2_repeat3_K2_C0002"", ""K4_repeat1_K4_C0001_M_K4_C0004""]"
TCGA-B8-5549,TCGA-BP-5184,8,13,4,0.3076923076923077,"[""K2_repeat1_K2_C0002"", ""K2_repeat2_K2_C0002"", ""K2_repeat3_K2_C0002"", ""K4_repeat1_K4_C0001_M_K4_C0004""]"
TCGA-B8-5549,TCGA-BP-5186,8,13,4,0.3076923076923077,"[""K2_repeat1_K2_C0002"", ""K2_repeat2_K2_C0002"", ""K2_repeat3_K2_C0002"", ""K4_repeat1_K4_C0001_M_K4_C0004""]"
TCGA-B8-5549,TCGA-BP-5187,8,13,4,0.3076923076923077,"[""K2_repeat1_K2_C0002"", ""K2_repeat2_K2_C0002"", ""K2_repeat3_K2_C0002"", ""K4_repeat1_K4_C0001_M_K4_C0004""]"
TCGA-B8-5549,TCGA-BP-5189,8,11,4,0.36363636363636365,"[""K2_repeat1_K2_C0002"", ""K2_repeat2_K2_C0002"", ""K2_repeat3_K2_C0002"", ""K4_repeat1_K4_C0001_M_K4_C0004""]"
TCGA-B8-5549,TCGA-BP-5190,8,3,0,0.0,[]
TCGA-B8-5549,TCGA-BP-5191,8,3,0,0.0,[]
TCGA-B8-5549,TCGA-BP-5192,8,10,6,0.6,"[""K2_repeat1_K2_C0002"", ""K2_repeat2_K2_C0002"", ""K2_repeat3_K2_C0002"", ""K4_repeat1_K4_C0001_M_K4_C0004"", ""K4_repeat2_K4_C0004"", ""K6_repeat3_K6_C0006""]"
TCGA-B8-5549,TCGA-BP-5194,8,11,4,0.36363636363636365,"[""K2_repeat1_K2_C0002"", ""K2_repeat2_K2_C0002"", ""K2_repeat3_K2_C0002"", ""K4_repeat1_K4_C0001_M_K4_C0004""]"
TCGA-B8-5549,TCGA-BP-5195,8,12,4,0.3333333333333333,"[""K2_repeat1_K2_C0002"", ""K2_repeat2_K2_C0002"", ""K2_repeat3_K2_C0002"", ""K4_repeat1_K4_C0001_M_K4_C0004""]"
TCGA-B8-5549,TCGA-BP-5196,8,8,8,1.0,"[""K2_repeat1_K2_C0002"", ""K2_repeat2_K2_C0002"", ""K2_repeat3_K2_C0002"", ""K4_repeat1_K4_C0001_M_K4_C0004"", ""K4_repeat2_K4_C0004"", ""K6_repeat3_K6_C0006"", ""K7_repeat1_K7_C0006"", ""K8_repeat2_K8_C0007""]"
TCGA-B8-5549,TCGA-BP-5199,8,12,5,0.4166666666666667,"[""K2_repeat1_K2_C0002"", ""K2_repeat2_K2_C0002"", ""K2_repeat3_K2_C0002"", ""K4_repeat1_K4_C0001_M_K4_C0004"", ""K4_repeat2_K4_C0004""]"
TCGA-B8-5549,TCGA-BP-5200,8,11,4,0.36363636363636365,"[""K2_repeat1_K2_C0002"", ""K2_repeat2_K2_C0002"", ""K2_repeat3_K2_C0002"", ""K4_repeat1_K4_C0001_M_K4_C0004""]"
TCGA-B8-5549,TCGA-CJ-4637,8,7,0,0.0,[]
TCGA-B8-5549,TCGA-CJ-4641,8,7,0,0.0,[]
TCGA-B8-5549,TCGA-CJ-4900,8,6,0,0.0,[]
TCGA-B8-5549,TCGA-CJ-4902,8,4,3,0.375,"[""K6_repeat3_K6_C0006"", ""K7_repeat1_K7_C0006"", ""K8_repeat2_K8_C0007""]"
TCGA-B8-5549,TCGA-CJ-4903,8,8,4,0.5,"[""K2_repeat1_K2_C0002"", ""K2_repeat2_K2_C0002"", ""K2_repeat3_K2_C0002"", ""K4_repeat1_K4_C0001_M_K4_C0004""]"
TCGA-B8-5549,TCGA-CJ-4904,8,9,4,0.4444444444444444,"[""K2_repeat1_K2_C0002"", ""K2_repeat2_K2_C0002"", ""K2_repeat3_K2_C0002"", ""K4_repeat1_K4_C0001_M_K4_C0004""]"
TCGA-B8-5549,TCGA-CJ-4923,8,7,0,0.0,[]
TCGA-B8-5549,TCGA-CJ-6027,8,7,0,0.0,[]
TCGA-B8-5549,TCGA-CJ-6028,8,7,0,0.0,[]
TCGA-B8-5549,TCGA-CJ-6030,8,7,0,0.0,[]
TCGA-B8-5549,TCGA-CJ-6033,8,5,1,0.125,"[""K4_repeat1_K4_C0001_M_K4_C0004""]"
TCGA-B8-5549,TCGA-CZ-4859,8,12,4,0.3333333333333333,"[""K2_repeat1_K2_C0002"", ""K2_repeat2_K2_C0002"", ""K2_repeat3_K2_C0002"", ""K4_repeat1_K4_C0001_M_K4_C0004""]"
TCGA-B8-5549,TCGA-CZ-4863,8,3,0,0.0,[]
TCGA-B8-5549,TCGA-CZ-4865,8,3,0,0.0,[]
TCGA-B8-5549,TCGA-CZ-5451,8,9,4,0.4444444444444444,"[""K2_repeat1_K2_C0002"", ""K2_repeat2_K2_C0002"", ""K2_repeat3_K2_C0002"", ""K4_repeat1_K4_C0001_M_K4_C0004""]"
TCGA-B8-5549,TCGA-CZ-5462,8,5,0,0.0,[]
TCGA-B8-5549,TCGA-CZ-5468,8,3,0,0.0,[]
TCGA-B8-5549,TCGA-CZ-5984,8,8,8,1.0,"[""K2_repeat1_K2_C0002"", ""K2_repeat2_K2_C0002"", ""K2_repeat3_K2_C0002"", ""K4_repeat1_K4_C0001_M_K4_C0004"", ""K4_repeat2_K4_C0004"", ""K6_repeat3_K6_C0006"", ""K7_repeat1_K7_C0006"", ""K8_repeat2_K8_C0007""]"
TCGA-B8-5549,TCGA-CZ-5985,8,7,0,0.0,[]
TCGA-B8-5549,TCGA-CZ-5988,8,3,0,0.0,[]
TCGA-B8-5549,TCGA-G6-A5PC,8,7,0,0.0,[]
TCGA-B8-5549,TCGA-G6-A8L7,8,5,1,0.125,"[""K4_repeat1_K4_C0001_M_K4_C0004""]"
TCGA-B8-5550,TCGA-B8-5551,3,7,1,0.14285714285714285,"[""K5_repeat2_K5_C0002_M_K5_C0003""]"
TCGA-B8-5550,TCGA-B8-5553,3,3,3,1.0,"[""K5_repeat2_K5_C0002_M_K5_C0003"", ""K6_repeat3_K6_C0002_M_K6_C0003"", ""K7_repeat1_K7_C0002_M_K7_C0003""]"
TCGA-B8-5550,TCGA-B8-A54D,3,5,3,0.6,"[""K5_repeat2_K5_C0002_M_K5_C0003"", ""K6_repeat3_K6_C0002_M_K6_C0003"", ""K7_repeat1_K7_C0002_M_K7_C0003""]"
TCGA-B8-5550,TCGA-B8-A54E,3,3,3,1.0,"[""K5_repeat2_K5_C0002_M_K5_C0003"", ""K6_repeat3_K6_C0002_M_K6_C0003"", ""K7_repeat1_K7_C0002_M_K7_C0003""]"
TCGA-B8-5550,TCGA-B8-A54F,3,3,3,1.0,"[""K5_repeat2_K5_C0002_M_K5_C0003"", ""K6_repeat3_K6_C0002_M_K6_C0003"", ""K7_repeat1_K7_C0002_M_K7_C0003""]"
TCGA-B8-5550,TCGA-B8-A54G,3,5,3,0.6,"[""K5_repeat2_K5_C0002_M_K5_C0003"", ""K6_repeat3_K6_C0002_M_K6_C0003"", ""K7_repeat1_K7_C0002_M_K7_C0003""]"
TCGA-B8-5550,TCGA-BP-4164,3,8,0,0.0,[]
TCGA-B8-5550,TCGA-BP-4167,3,7,1,0.14285714285714285,"[""K5_repeat2_K5_C0002_M_K5_C0003""]"
TCGA-B8-5550,TCGA-BP-4770,3,3,3,1.0,"[""K5_repeat2_K5_C0002_M_K5_C0003"", ""K6_repeat3_K6_C0002_M_K6_C0003"", ""K7_repeat1_K7_C0002_M_K7_C0003""]"
TCGA-B8-5550,TCGA-BP-4782,3,3,3,1.0,"[""K5_repeat2_K5_C0002_M_K5_C0003"", ""K6_repeat3_K6_C0002_M_K6_C0003"", ""K7_repeat1_K7_C0002_M_K7_C0003""]"
TCGA-B8-5550,TCGA-BP-4960,3,10,0,0.0,[]
TCGA-B8-5550,TCGA-BP-4962,3,7,1,0.14285714285714285,"[""K5_repeat2_K5_C0002_M_K5_C0003""]"
TCGA-B8-5550,TCGA-BP-4965,3,11,0,0.0,[]
TCGA-B8-5550,TCGA-BP-4967,3,8,0,0.0,[]
TCGA-B8-5550,TCGA-BP-4970,3,8,0,0.0,[]
TCGA-B8-5550,TCGA-BP-4971,3,7,1,0.14285714285714285,"[""K5_repeat2_K5_C0002_M_K5_C0003""]"
TCGA-B8-5550,TCGA-BP-4972,3,6,1,0.16666666666666666,"[""K5_repeat2_K5_C0002_M_K5_C0003""]"
TCGA-B8-5550,TCGA-BP-4976,3,12,0,0.0,[]
TCGA-B8-5550,TCGA-BP-4977,3,8,0,0.0,[]
TCGA-B8-5550,TCGA-BP-4982,3,11,0,0.0,[]
TCGA-B8-5550,TCGA-BP-4986,3,8,0,0.0,[]
TCGA-B8-5550,TCGA-BP-4988,3,9,0,0.0,[]
TCGA-B8-5550,TCGA-BP-4989,3,13,0,0.0,[]
TCGA-B8-5550,TCGA-BP-4992,3,7,1,0.14285714285714285,"[""K5_repeat2_K5_C0002_M_K5_C0003""]"
TCGA-B8-5550,TCGA-BP-4994,3,3,3,1.0,"[""K5_repeat2_K5_C0002_M_K5_C0003"", ""K6_repeat3_K6_C0002_M_K6_C0003"", ""K7_repeat1_K7_C0002_M_K7_C0003""]"
TCGA-B8-5550,TCGA-BP-4995,3,12,0,0.0,[]
TCGA-B8-5550,TCGA-BP-4999,3,11,0,0.0,[]
TCGA-B8-5550,TCGA-BP-5000,3,3,3,1.0,"[""K5_repeat2_K5_C0002_M_K5_C0003"", ""K6_repeat3_K6_C0002_M_K6_C0003"", ""K7_repeat1_K7_C0002_M_K7_C0003""]"
TCGA-B8-5550,TCGA-BP-5001,3,12,0,0.0,[]
TCGA-B8-5550,TCGA-BP-5004,3,12,0,0.0,[]
TCGA-B8-5550,TCGA-BP-5006,3,12,0,0.0,[]
TCGA-B8-5550,TCGA-BP-5007,3,12,0,0.0,[]
TCGA-B8-5550,TCGA-BP-5009,3,12,0,0.0,[]
TCGA-B8-5550,TCGA-BP-5010,3,4,0,0.0,[]
TCGA-B8-5550,TCGA-BP-5174,3,8,0,0.0,[]
TCGA-B8-5550,TCGA-BP-5175,3,7,1,0.14285714285714285,"[""K5_repeat2_K5_C0002_M_K5_C0003""]"
TCGA-B8-5550,TCGA-BP-5180,3,13,0,0.0,[]
TCGA-B8-5550,TCGA-BP-5181,3,13,0,0.0,[]
TCGA-B8-5550,TCGA-BP-5183,3,13,0,0.0,[]
TCGA-B8-5550,TCGA-BP-5184,3,13,0,0.0,[]
TCGA-B8-5550,TCGA-BP-5186,3,13,0,0.0,[]
TCGA-B8-5550,TCGA-BP-5187,3,13,0,0.0,[]
TCGA-B8-5550,TCGA-BP-5189,3,11,2,0.18181818181818182,"[""K5_repeat2_K5_C0002_M_K5_C0003"", ""K7_repeat1_K7_C0002_M_K7_C0003""]"
TCGA-B8-5550,TCGA-BP-5190,3,3,3,1.0,"[""K5_repeat2_K5_C0002_M_K5_C0003"", ""K6_repeat3_K6_C0002_M_K6_C0003"", ""K7_repeat1_K7_C0002_M_K7_C0003""]"
TCGA-B8-5550,TCGA-BP-5191,3,3,3,1.0,"[""K5_repeat2_K5_C0002_M_K5_C0003"", ""K6_repeat3_K6_C0002_M_K6_C0003"", ""K7_repeat1_K7_C0002_M_K7_C0003""]"
TCGA-B8-5550,TCGA-BP-5192,3,10,0,0.0,[]
TCGA-B8-5550,TCGA-BP-5194,3,11,0,0.0,[]
TCGA-B8-5550,TCGA-BP-5195,3,12,0,0.0,[]
TCGA-B8-5550,TCGA-BP-5196,3,8,0,0.0,[]
TCGA-B8-5550,TCGA-BP-5199,3,12,0,0.0,[]
TCGA-B8-5550,TCGA-BP-5200,3,11,0,0.0,[]
TCGA-B8-5550,TCGA-CJ-4637,3,7,1,0.14285714285714285,"[""K5_repeat2_K5_C0002_M_K5_C0003""]"
TCGA-B8-5550,TCGA-CJ-4641,3,7,1,0.14285714285714285,"[""K5_repeat2_K5_C0002_M_K5_C0003""]"
TCGA-B8-5550,TCGA-CJ-4900,3,6,1,0.16666666666666666,"[""K5_repeat2_K5_C0002_M_K5_C0003""]"
TCGA-B8-5550,TCGA-CJ-4902,3,4,0,0.0,[]
TCGA-B8-5550,TCGA-CJ-4903,3,8,0,0.0,[]
TCGA-B8-5550,TCGA-CJ-4904,3,9,0,0.0,[]
TCGA-B8-5550,TCGA-CJ-4923,3,7,1,0.14285714285714285,"[""K5_repeat2_K5_C0002_M_K5_C0003""]"
TCGA-B8-5550,TCGA-CJ-6027,3,7,1,0.14285714285714285,"[""K5_repeat2_K5_C0002_M_K5_C0003""]"
TCGA-B8-5550,TCGA-CJ-6028,3,7,1,0.14285714285714285,"[""K5_repeat2_K5_C0002_M_K5_C0003""]"
TCGA-B8-5550,TCGA-CJ-6030,3,7,1,0.14285714285714285,"[""K5_repeat2_K5_C0002_M_K5_C0003""]"
TCGA-B8-5550,TCGA-CJ-6033,3,5,0,0.0,[]
TCGA-B8-5550,TCGA-CZ-4859,3,12,0,0.0,[]
TCGA-B8-5550,TCGA-CZ-4863,3,3,3,1.0,"[""K5_repeat2_K5_C0002_M_K5_C0003"", ""K6_repeat3_K6_C0002_M_K6_C0003"", ""K7_repeat1_K7_C0002_M_K7_C0003""]"
TCGA-B8-5550,TCGA-CZ-4865,3,3,3,1.0,"[""K5_repeat2_K5_C0002_M_K5_C0003"", ""K6_repeat3_K6_C0002_M_K6_C0003"", ""K7_repeat1_K7_C0002_M_K7_C0003""]"
TCGA-B8-5550,TCGA-CZ-5451,3,9,2,0.2222222222222222,"[""K6_repeat3_K6_C0002_M_K6_C0003"", ""K7_repeat1_K7_C0002_M_K7_C0003""]"
TCGA-B8-5550,TCGA-CZ-5462,3,5,3,0.6,"[""K5_repeat2_K5_C0002_M_K5_C0003"", ""K6_repeat3_K6_C0002_M_K6_C0003"", ""K7_repeat1_K7_C0002_M_K7_C0003""]"
TCGA-B8-5550,TCGA-CZ-5468,3,3,3,1.0,"[""K5_repeat2_K5_C0002_M_K5_C0003"", ""K6_repeat3_K6_C0002_M_K6_C0003"", ""K7_repeat1_K7_C0002_M_K7_C0003""]"
TCGA-B8-5550,TCGA-CZ-5984,3,8,0,0.0,[]
TCGA-B8-5550,TCGA-CZ-5985,3,7,1,0.14285714285714285,"[""K5_repeat2_K5_C0002_M_K5_C0003""]"
TCGA-B8-5550,TCGA-CZ-5988,3,3,3,1.0,"[""K5_repeat2_K5_C0002_M_K5_C0003"", ""K6_repeat3_K6_C0002_M_K6_C0003"", ""K7_repeat1_K7_C0002_M_K7_C0003""]"
TCGA-B8-5550,TCGA-G6-A5PC,3,7,1,0.14285714285714285,"[""K5_repeat2_K5_C0002_M_K5_C0003""]"
TCGA-B8-5550,TCGA-G6-A8L7,3,5,0,0.0,[]
TCGA-B8-5551,TCGA-B8-5553,7,3,1,0.14285714285714285,"[""K5_repeat2_K5_C0002_M_K5_C0003""]"
TCGA-B8-5551,TCGA-B8-A54D,7,5,3,0.42857142857142855,"[""K5_repeat2_K5_C0002_M_K5_C0003"", ""K8_repeat1_K8_C0005"", ""K8_repeat2_K8_C0005""]"
TCGA-B8-5551,TCGA-B8-A54E,7,3,1,0.14285714285714285,"[""K5_repeat2_K5_C0002_M_K5_C0003""]"
TCGA-B8-5551,TCGA-B8-A54F,7,3,1,0.14285714285714285,"[""K5_repeat2_K5_C0002_M_K5_C0003""]"
TCGA-B8-5551,TCGA-B8-A54G,7,5,3,0.42857142857142855,"[""K5_repeat2_K5_C0002_M_K5_C0003"", ""K8_repeat1_K8_C0005"", ""K8_repeat2_K8_C0005""]"
TCGA-B8-5551,TCGA-BP-4164,7,8,0,0.0,[]
TCGA-B8-5551,TCGA-BP-4167,7,7,7,1.0,"[""K4_repeat2_K4_C0003"", ""K5_repeat2_K5_C0002_M_K5_C0003"", ""K5_repeat3_K5_C0003"", ""K6_repeat3_K6_C0005"", ""K7_repeat1_K7_C0005"", ""K8_repeat1_K8_C0005"", ""K8_repeat2_K8_C0005""]"
TCGA-B8-5551,TCGA-BP-4770,7,3,1,0.14285714285714285,"[""K5_repeat2_K5_C0002_M_K5_C0003""]"
TCGA-B8-5551,TCGA-BP-4782,7,3,1,0.14285714285714285,"[""K5_repeat2_K5_C0002_M_K5_C0003""]"
TCGA-B8-5551,TCGA-BP-4960,7,10,0,0.0,[]
TCGA-B8-5551,TCGA-BP-4962,7,7,7,1.0,"[""K4_repeat2_K4_C0003"", ""K5_repeat2_K5_C0002_M_K5_C0003"", ""K5_repeat3_K5_C0003"", ""K6_repeat3_K6_C0005"", ""K7_repeat1_K7_C0005"", ""K8_repeat1_K8_C0005"", ""K8_repeat2_K8_C0005""]"
TCGA-B8-5551,TCGA-BP-4965,7,11,0,0.0,[]
TCGA-B8-5551,TCGA-BP-4967,7,8,0,0.0,[]
TCGA-B8-5551,TCGA-BP-4970,7,8,0,0.0,[]
TCGA-B8-5551,TCGA-BP-4971,7,7,7,1.0,"[""K4_repeat2_K4_C0003"", ""K5_repeat2_K5_C0002_M_K5_C0003"", ""K5_repeat3_K5_C0003"", ""K6_repeat3_K6_C0005"", ""K7_repeat1_K7_C0005"", ""K8_repeat1_K8_C0005"", ""K8_repeat2_K8_C0005""]"
TCGA-B8-5551,TCGA-BP-4972,7,6,1,0.14285714285714285,"[""K5_repeat2_K5_C0002_M_K5_C0003""]"
TCGA-B8-5551,TCGA-BP-4976,7,12,0,0.0,[]
TCGA-B8-5551,TCGA-BP-4977,7,8,0,0.0,[]
TCGA-B8-5551,TCGA-BP-4982,7,11,0,0.0,[]
TCGA-B8-5551,TCGA-BP-4986,7,8,0,0.0,[]
TCGA-B8-5551,TCGA-BP-4988,7,9,0,0.0,[]
TCGA-B8-5551,TCGA-BP-4989,7,13,0,0.0,[]
TCGA-B8-5551,TCGA-BP-4992,7,7,7,1.0,"[""K4_repeat2_K4_C0003"", ""K5_repeat2_K5_C0002_M_K5_C0003"", ""K5_repeat3_K5_C0003"", ""K6_repeat3_K6_C0005"", ""K7_repeat1_K7_C0005"", ""K8_repeat1_K8_C0005"", ""K8_repeat2_K8_C0005""]"
TCGA-B8-5551,TCGA-BP-4994,7,3,1,0.14285714285714285,"[""K5_repeat2_K5_C0002_M_K5_C0003""]"
TCGA-B8-5551,TCGA-BP-4995,7,12,0,0.0,[]
TCGA-B8-5551,TCGA-BP-4999,7,11,0,0.0,[]
TCGA-B8-5551,TCGA-BP-5000,7,3,1,0.14285714285714285,"[""K5_repeat2_K5_C0002_M_K5_C0003""]"
TCGA-B8-5551,TCGA-BP-5001,7,12,0,0.0,[]
TCGA-B8-5551,TCGA-BP-5004,7,12,0,0.0,[]
TCGA-B8-5551,TCGA-BP-5006,7,12,0,0.0,[]
TCGA-B8-5551,TCGA-BP-5007,7,12,0,0.0,[]
TCGA-B8-5551,TCGA-BP-5009,7,12,0,0.0,[]
TCGA-B8-5551,TCGA-BP-5010,7,4,1,0.14285714285714285,"[""K4_repeat2_K4_C0003""]"
TCGA-B8-5551,TCGA-BP-5174,7,8,0,0.0,[]
TCGA-B8-5551,TCGA-BP-5175,7,7,7,1.0,"[""K4_repeat2_K4_C0003"", ""K5_repeat2_K5_C0002_M_K5_C0003"", ""K5_repeat3_K5_C0003"", ""K6_repeat3_K6_C0005"", ""K7_repeat1_K7_C0005"", ""K8_repeat1_K8_C0005"", ""K8_repeat2_K8_C0005""]"
TCGA-B8-5551,TCGA-BP-5180,7,13,0,0.0,[]
TCGA-B8-5551,TCGA-BP-5181,7,13,0,0.0,[]
TCGA-B8-5551,TCGA-BP-5183,7,13,0,0.0,[]
TCGA-B8-5551,TCGA-BP-5184,7,13,0,0.0,[]
TCGA-B8-5551,TCGA-BP-5186,7,13,0,0.0,[]
TCGA-B8-5551,TCGA-BP-5187,7,13,0,0.0,[]
TCGA-B8-5551,TCGA-BP-5189,7,11,1,0.09090909090909091,"[""K5_repeat2_K5_C0002_M_K5_C0003""]"
TCGA-B8-5551,TCGA-BP-5190,7,3,1,0.14285714285714285,"[""K5_repeat2_K5_C0002_M_K5_C0003""]"
TCGA-B8-5551,TCGA-BP-5191,7,3,1,0.14285714285714285,"[""K5_repeat2_K5_C0002_M_K5_C0003""]"
TCGA-B8-5551,TCGA-BP-5192,7,10,0,0.0,[]
TCGA-B8-5551,TCGA-BP-5194,7,11,0,0.0,[]
TCGA-B8-5551,TCGA-BP-5195,7,12,0,0.0,[]
TCGA-B8-5551,TCGA-BP-5196,7,8,0,0.0,[]
TCGA-B8-5551,TCGA-BP-5199,7,12,0,0.0,[]
TCGA-B8-5551,TCGA-BP-5200,7,11,0,0.0,[]
TCGA-B8-5551,TCGA-CJ-4637,7,7,7,1.0,"[""K4_repeat2_K4_C0003"", ""K5_repeat2_K5_C0002_M_K5_C0003"", ""K5_repeat3_K5_C0003"", ""K6_repeat3_K6_C0005"", ""K7_repeat1_K7_C0005"", ""K8_repeat1_K8_C0005"", ""K8_repeat2_K8_C0005""]"
TCGA-B8-5551,TCGA-CJ-4641,7,7,7,1.0,"[""K4_repeat2_K4_C0003"", ""K5_repeat2_K5_C0002_M_K5_C0003"", ""K5_repeat3_K5_C0003"", ""K6_repeat3_K6_C0005"", ""K7_repeat1_K7_C0005"", ""K8_repeat1_K8_C0005"", ""K8_repeat2_K8_C0005""]"
TCGA-B8-5551,TCGA-CJ-4900,7,6,5,0.7142857142857143,"[""K4_repeat2_K4_C0003"", ""K5_repeat2_K5_C0002_M_K5_C0003"", ""K5_repeat3_K5_C0003"", ""K6_repeat3_K6_C0005"", ""K7_repeat1_K7_C0005""]"
TCGA-B8-5551,TCGA-CJ-4902,7,4,1,0.14285714285714285,"[""K4_repeat2_K4_C0003""]"
TCGA-B8-5551,TCGA-CJ-4903,7,8,0,0.0,[]
TCGA-B8-5551,TCGA-CJ-4904,7,9,0,0.0,[]
TCGA-B8-5551,TCGA-CJ-4923,7,7,7,1.0,"[""K4_repeat2_K4_C0003"", ""K5_repeat2_K5_C0002_M_K5_C0003"", ""K5_repeat3_K5_C0003"", ""K6_repeat3_K6_C0005"", ""K7_repeat1_K7_C0005"", ""K8_repeat1_K8_C0005"", ""K8_repeat2_K8_C0005""]"
TCGA-B8-5551,TCGA-CJ-6027,7,7,7,1.0,"[""K4_repeat2_K4_C0003"", ""K5_repeat2_K5_C0002_M_K5_C0003"", ""K5_repeat3_K5_C0003"", ""K6_repeat3_K6_C0005"", ""K7_repeat1_K7_C0005"", ""K8_repeat1_K8_C0005"", ""K8_repeat2_K8_C0005""]"
TCGA-B8-5551,TCGA-CJ-6028,7,7,7,1.0,"[""K4_repeat2_K4_C0003"", ""K5_repeat2_K5_C0002_M_K5_C0003"", ""K5_repeat3_K5_C0003"", ""K6_repeat3_K6_C0005"", ""K7_repeat1_K7_C0005"", ""K8_repeat1_K8_C0005"", ""K8_repeat2_K8_C0005""]"
TCGA-B8-5551,TCGA-CJ-6030,7,7,7,1.0,"[""K4_repeat2_K4_C0003"", ""K5_repeat2_K5_C0002_M_K5_C0003"", ""K5_repeat3_K5_C0003"", ""K6_repeat3_K6_C0005"", ""K7_repeat1_K7_C0005"", ""K8_repeat1_K8_C0005"", ""K8_repeat2_K8_C0005""]"
TCGA-B8-5551,TCGA-CJ-6033,7,5,0,0.0,[]
TCGA-B8-5551,TCGA-CZ-4859,7,12,0,0.0,[]
TCGA-B8-5551,TCGA-CZ-4863,7,3,1,0.14285714285714285,"[""K5_repeat2_K5_C0002_M_K5_C0003""]"
TCGA-B8-5551,TCGA-CZ-4865,7,3,1,0.14285714285714285,"[""K5_repeat2_K5_C0002_M_K5_C0003""]"
TCGA-B8-5551,TCGA-CZ-5451,7,9,0,0.0,[]
TCGA-B8-5551,TCGA-CZ-5462,7,5,3,0.42857142857142855,"[""K5_repeat2_K5_C0002_M_K5_C0003"", ""K8_repeat1_K8_C0005"", ""K8_repeat2_K8_C0005""]"
TCGA-B8-5551,TCGA-CZ-5468,7,3,1,0.14285714285714285,"[""K5_repeat2_K5_C0002_M_K5_C0003""]"
TCGA-B8-5551,TCGA-CZ-5984,7,8,0,0.0,[]
TCGA-B8-5551,TCGA-CZ-5985,7,7,7,1.0,"[""K4_repeat2_K4_C0003"", ""K5_repeat2_K5_C0002_M_K5_C0003"", ""K5_repeat3_K5_C0003"", ""K6_repeat3_K6_C0005"", ""K7_repeat1_K7_C0005"", ""K8_repeat1_K8_C0005"", ""K8_repeat2_K8_C0005""]"
TCGA-B8-5551,TCGA-CZ-5988,7,3,1,0.14285714285714285,"[""K5_repeat2_K5_C0002_M_K5_C0003""]"
TCGA-B8-5551,TCGA-G6-A5PC,7,7,7,1.0,"[""K4_repeat2_K4_C0003"", ""K5_repeat2_K5_C0002_M_K5_C0003"", ""K5_repeat3_K5_C0003"", ""K6_repeat3_K6_C0005"", ""K7_repeat1_K7_C0005"", ""K8_repeat1_K8_C0005"", ""K8_repeat2_K8_C0005""]"
TCGA-B8-5551,TCGA-G6-A8L7,7,5,0,0.0,[]
TCGA-B8-5553,TCGA-B8-A54D,3,5,3,0.6,"[""K5_repeat2_K5_C0002_M_K5_C0003"", ""K6_repeat3_K6_C0002_M_K6_C0003"", ""K7_repeat1_K7_C0002_M_K7_C0003""]"
TCGA-B8-5553,TCGA-B8-A54E,3,3,3,1.0,"[""K5_repeat2_K5_C0002_M_K5_C0003"", ""K6_repeat3_K6_C0002_M_K6_C0003"", ""K7_repeat1_K7_C0002_M_K7_C0003""]"
TCGA-B8-5553,TCGA-B8-A54F,3,3,3,1.0,"[""K5_repeat2_K5_C0002_M_K5_C0003"", ""K6_repeat3_K6_C0002_M_K6_C0003"", ""K7_repeat1_K7_C0002_M_K7_C0003""]"
TCGA-B8-5553,TCGA-B8-A54G,3,5,3,0.6,"[""K5_repeat2_K5_C0002_M_K5_C0003"", ""K6_repeat3_K6_C0002_M_K6_C0003"", ""K7_repeat1_K7_C0002_M_K7_C0003""]"
TCGA-B8-5553,TCGA-BP-4164,3,8,0,0.0,[]
TCGA-B8-5553,TCGA-BP-4167,3,7,1,0.14285714285714285,"[""K5_repeat2_K5_C0002_M_K5_C0003""]"
TCGA-B8-5553,TCGA-BP-4770,3,3,3,1.0,"[""K5_repeat2_K5_C0002_M_K5_C0003"", ""K6_repeat3_K6_C0002_M_K6_C0003"", ""K7_repeat1_K7_C0002_M_K7_C0003""]"
TCGA-B8-5553,TCGA-BP-4782,3,3,3,1.0,"[""K5_repeat2_K5_C0002_M_K5_C0003"", ""K6_repeat3_K6_C0002_M_K6_C0003"", ""K7_repeat1_K7_C0002_M_K7_C0003""]"
TCGA-B8-5553,TCGA-BP-4960,3,10,0,0.0,[]
TCGA-B8-5553,TCGA-BP-4962,3,7,1,0.14285714285714285,"[""K5_repeat2_K5_C0002_M_K5_C0003""]"
TCGA-B8-5553,TCGA-BP-4965,3,11,0,0.0,[]
TCGA-B8-5553,TCGA-BP-4967,3,8,0,0.0,[]
TCGA-B8-5553,TCGA-BP-4970,3,8,0,0.0,[]
TCGA-B8-5553,TCGA-BP-4971,3,7,1,0.14285714285714285,"[""K5_repeat2_K5_C0002_M_K5_C0003""]"
TCGA-B8-5553,TCGA-BP-4972,3,6,1,0.16666666666666666,"[""K5_repeat2_K5_C0002_M_K5_C0003""]"
TCGA-B8-5553,TCGA-BP-4976,3,12,0,0.0,[]
TCGA-B8-5553,TCGA-BP-4977,3,8,0,0.0,[]
TCGA-B8-5553,TCGA-BP-4982,3,11,0,0.0,[]
TCGA-B8-5553,TCGA-BP-4986,3,8,0,0.0,[]
TCGA-B8-5553,TCGA-BP-4988,3,9,0,0.0,[]
TCGA-B8-5553,TCGA-BP-4989,3,13,0,0.0,[]
TCGA-B8-5553,TCGA-BP-4992,3,7,1,0.14285714285714285,"[""K5_repeat2_K5_C0002_M_K5_C0003""]"
TCGA-B8-5553,TCGA-BP-4994,3,3,3,1.0,"[""K5_repeat2_K5_C0002_M_K5_C0003"", ""K6_repeat3_K6_C0002_M_K6_C0003"", ""K7_repeat1_K7_C0002_M_K7_C0003""]"
TCGA-B8-5553,TCGA-BP-4995,3,12,0,0.0,[]
TCGA-B8-5553,TCGA-BP-4999,3,11,0,0.0,[]
TCGA-B8-5553,TCGA-BP-5000,3,3,3,1.0,"[""K5_repeat2_K5_C0002_M_K5_C0003"", ""K6_repeat3_K6_C0002_M_K6_C0003"", ""K7_repeat1_K7_C0002_M_K7_C0003""]"
TCGA-B8-5553,TCGA-BP-5001,3,12,0,0.0,[]
TCGA-B8-5553,TCGA-BP-5004,3,12,0,0.0,[]
TCGA-B8-5553,TCGA-BP-5006,3,12,0,0.0,[]
TCGA-B8-5553,TCGA-BP-5007,3,12,0,0.0,[]
TCGA-B8-5553,TCGA-BP-5009,3,12,0,0.0,[]
TCGA-B8-5553,TCGA-BP-5010,3,4,0,0.0,[]
TCGA-B8-5553,TCGA-BP-5174,3,8,0,0.0,[]
TCGA-B8-5553,TCGA-BP-5175,3,7,1,0.14285714285714285,"[""K5_repeat2_K5_C0002_M_K5_C0003""]"
TCGA-B8-5553,TCGA-BP-5180,3,13,0,0.0,[]
TCGA-B8-5553,TCGA-BP-5181,3,13,0,0.0,[]
TCGA-B8-5553,TCGA-BP-5183,3,13,0,0.0,[]
TCGA-B8-5553,TCGA-BP-5184,3,13,0,0.0,[]
TCGA-B8-5553,TCGA-BP-5186,3,13,0,0.0,[]
TCGA-B8-5553,TCGA-BP-5187,3,13,0,0.0,[]
TCGA-B8-5553,TCGA-BP-5189,3,11,2,0.18181818181818182,"[""K5_repeat2_K5_C0002_M_K5_C0003"", ""K7_repeat1_K7_C0002_M_K7_C0003""]"
TCGA-B8-5553,TCGA-BP-5190,3,3,3,1.0,"[""K5_repeat2_K5_C0002_M_K5_C0003"", ""K6_repeat3_K6_C0002_M_K6_C0003"", ""K7_repeat1_K7_C0002_M_K7_C0003""]"
TCGA-B8-5553,TCGA-BP-5191,3,3,3,1.0,"[""K5_repeat2_K5_C0002_M_K5_C0003"", ""K6_repeat3_K6_C0002_M_K6_C0003"", ""K7_repeat1_K7_C0002_M_K7_C0003""]"
TCGA-B8-5553,TCGA-BP-5192,3,10,0,0.0,[]
TCGA-B8-5553,TCGA-BP-5194,3,11,0,0.0,[]
TCGA-B8-5553,TCGA-BP-5195,3,12,0,0.0,[]
TCGA-B8-5553,TCGA-BP-5196,3,8,0,0.0,[]
TCGA-B8-5553,TCGA-BP-5199,3,12,0,0.0,[]
TCGA-B8-5553,TCGA-BP-5200,3,11,0,0.0,[]
TCGA-B8-5553,TCGA-CJ-4637,3,7,1,0.14285714285714285,"[""K5_repeat2_K5_C0002_M_K5_C0003""]"
TCGA-B8-5553,TCGA-CJ-4641,3,7,1,0.14285714285714285,"[""K5_repeat2_K5_C0002_M_K5_C0003""]"
TCGA-B8-5553,TCGA-CJ-4900,3,6,1,0.16666666666666666,"[""K5_repeat2_K5_C0002_M_K5_C0003""]"
TCGA-B8-5553,TCGA-CJ-4902,3,4,0,0.0,[]
TCGA-B8-5553,TCGA-CJ-4903,3,8,0,0.0,[]
TCGA-B8-5553,TCGA-CJ-4904,3,9,0,0.0,[]
TCGA-B8-5553,TCGA-CJ-4923,3,7,1,0.14285714285714285,"[""K5_repeat2_K5_C0002_M_K5_C0003""]"
TCGA-B8-5553,TCGA-CJ-6027,3,7,1,0.14285714285714285,"[""K5_repeat2_K5_C0002_M_K5_C0003""]"
TCGA-B8-5553,TCGA-CJ-6028,3,7,1,0.14285714285714285,"[""K5_repeat2_K5_C0002_M_K5_C0003""]"
TCGA-B8-5553,TCGA-CJ-6030,3,7,1,0.14285714285714285,"[""K5_repeat2_K5_C0002_M_K5_C0003""]"
TCGA-B8-5553,TCGA-CJ-6033,3,5,0,0.0,[]
TCGA-B8-5553,TCGA-CZ-4859,3,12,0,0.0,[]
TCGA-B8-5553,TCGA-CZ-4863,3,3,3,1.0,"[""K5_repeat2_K5_C0002_M_K5_C0003"", ""K6_repeat3_K6_C0002_M_K6_C0003"", ""K7_repeat1_K7_C0002_M_K7_C0003""]"
TCGA-B8-5553,TCGA-CZ-4865,3,3,3,1.0,"[""K5_repeat2_K5_C0002_M_K5_C0003"", ""K6_repeat3_K6_C0002_M_K6_C0003"", ""K7_repeat1_K7_C0002_M_K7_C0003""]"
TCGA-B8-5553,TCGA-CZ-5451,3,9,2,0.2222222222222222,"[""K6_repeat3_K6_C0002_M_K6_C0003"", ""K7_repeat1_K7_C0002_M_K7_C0003""]"
TCGA-B8-5553,TCGA-CZ-5462,3,5,3,0.6,"[""K5_repeat2_K5_C0002_M_K5_C0003"", ""K6_repeat3_K6_C0002_M_K6_C0003"", ""K7_repeat1_K7_C0002_M_K7_C0003""]"
TCGA-B8-5553,TCGA-CZ-5468,3,3,3,1.0,"[""K5_repeat2_K5_C0002_M_K5_C0003"", ""K6_repeat3_K6_C0002_M_K6_C0003"", ""K7_repeat1_K7_C0002_M_K7_C0003""]"
TCGA-B8-5553,TCGA-CZ-5984,3,8,0,0.0,[]
TCGA-B8-5553,TCGA-CZ-5985,3,7,1,0.14285714285714285,"[""K5_repeat2_K5_C0002_M_K5_C0003""]"
TCGA-B8-5553,TCGA-CZ-5988,3,3,3,1.0,"[""K5_repeat2_K5_C0002_M_K5_C0003"", ""K6_repeat3_K6_C0002_M_K6_C0003"", ""K7_repeat1_K7_C0002_M_K7_C0003""]"
TCGA-B8-5553,TCGA-G6-A5PC,3,7,1,0.14285714285714285,"[""K5_repeat2_K5_C0002_M_K5_C0003""]"
TCGA-B8-5553,TCGA-G6-A8L7,3,5,0,0.0,[]
TCGA-B8-A54D,TCGA-B8-A54E,5,3,3,0.6,"[""K5_repeat2_K5_C0002_M_K5_C0003"", ""K6_repeat3_K6_C0002_M_K6_C0003"", ""K7_repeat1_K7_C0002_M_K7_C0003""]"
TCGA-B8-A54D,TCGA-B8-A54F,5,3,3,0.6,"[""K5_repeat2_K5_C0002_M_K5_C0003"", ""K6_repeat3_K6_C0002_M_K6_C0003"", ""K7_repeat1_K7_C0002_M_K7_C0003""]"
TCGA-B8-A54D,TCGA-B8-A54G,5,5,5,1.0,"[""K5_repeat2_K5_C0002_M_K5_C0003"", ""K6_repeat3_K6_C0002_M_K6_C0003"", ""K7_repeat1_K7_C0002_M_K7_C0003"", ""K8_repeat1_K8_C0005"", ""K8_repeat2_K8_C0005""]"
TCGA-B8-A54D,TCGA-BP-4164,5,8,0,0.0,[]
TCGA-B8-A54D,TCGA-BP-4167,5,7,3,0.42857142857142855,"[""K5_repeat2_K5_C0002_M_K5_C0003"", ""K8_repeat1_K8_C0005"", ""K8_repeat2_K8_C0005""]"
TCGA-B8-A54D,TCGA-BP-4770,5,3,3,0.6,"[""K5_repeat2_K5_C0002_M_K5_C0003"", ""K6_repeat3_K6_C0002_M_K6_C0003"", ""K7_repeat1_K7_C0002_M_K7_C0003""]"
TCGA-B8-A54D,TCGA-BP-4782,5,3,3,0.6,"[""K5_repeat2_K5_C0002_M_K5_C0003"", ""K6_repeat3_K6_C0002_M_K6_C0003"", ""K7_repeat1_K7_C0002_M_K7_C0003""]"
TCGA-B8-A54D,TCGA-BP-4960,5,10,0,0.0,[]
TCGA-B8-A54D,TCGA-BP-4962,5,7,3,0.42857142857142855,"[""K5_repeat2_K5_C0002_M_K5_C0003"", ""K8_repeat1_K8_C0005"", ""K8_repeat2_K8_C0005""]"
TCGA-B8-A54D,TCGA-BP-4965,5,11,0,0.0,[]
TCGA-B8-A54D,TCGA-BP-4967,5,8,0,0.0,[]
TCGA-B8-A54D,TCGA-BP-4970,5,8,0,0.0,[]
TCGA-B8-A54D,TCGA-BP-4971,5,7,3,0.42857142857142855,"[""K5_repeat2_K5_C0002_M_K5_C0003"", ""K8_repeat1_K8_C0005"", ""K8_repeat2_K8_C0005""]"
TCGA-B8-A54D,TCGA-BP-4972,5,6,1,0.16666666666666666,"[""K5_repeat2_K5_C0002_M_K5_C0003""]"
TCGA-B8-A54D,TCGA-BP-4976,5,12,0,0.0,[]
TCGA-B8-A54D,TCGA-BP-4977,5,8,0,0.0,[]
TCGA-B8-A54D,TCGA-BP-4982,5,11,0,0.0,[]
TCGA-B8-A54D,TCGA-BP-4986,5,8,0,0.0,[]
TCGA-B8-A54D,TCGA-BP-4988,5,9,0,0.0,[]
TCGA-B8-A54D,TCGA-BP-4989,5,13,0,0.0,[]
TCGA-B8-A54D,TCGA-BP-4992,5,7,3,0.42857142857142855,"[""K5_repeat2_K5_C0002_M_K5_C0003"", ""K8_repeat1_K8_C0005"", ""K8_repeat2_K8_C0005""]"
TCGA-B8-A54D,TCGA-BP-4994,5,3,3,0.6,"[""K5_repeat2_K5_C0002_M_K5_C0003"", ""K6_repeat3_K6_C0002_M_K6_C0003"", ""K7_repeat1_K7_C0002_M_K7_C0003""]"
TCGA-B8-A54D,TCGA-BP-4995,5,12,0,0.0,[]
TCGA-B8-A54D,TCGA-BP-4999,5,11,0,0.0,[]
TCGA-B8-A54D,TCGA-BP-5000,5,3,3,0.6,"[""K5_repeat2_K5_C0002_M_K5_C0003"", ""K6_repeat3_K6_C0002_M_K6_C0003"", ""K7_repeat1_K7_C0002_M_K7_C0003""]"
TCGA-B8-A54D,TCGA-BP-5001,5,12,0,0.0,[]
TCGA-B8-A54D,TCGA-BP-5004,5,12,0,0.0,[]
TCGA-B8-A54D,TCGA-BP-5006,5,12,0,0.0,[]
TCGA-B8-A54D,TCGA-BP-5007,5,12,0,0.0,[]
TCGA-B8-A54D,TCGA-BP-5009,5,12,0,0.0,[]
TCGA-B8-A54D,TCGA-BP-5010,5,4,0,0.0,[]
TCGA-B8-A54D,TCGA-BP-5174,5,8,0,0.0,[]
TCGA-B8-A54D,TCGA-BP-5175,5,7,3,0.42857142857142855,"[""K5_repeat2_K5_C0002_M_K5_C0003"", ""K8_repeat1_K8_C0005"", ""K8_repeat2_K8_C0005""]"
TCGA-B8-A54D,TCGA-BP-5180,5,13,0,0.0,[]
TCGA-B8-A54D,TCGA-BP-5181,5,13,0,0.0,[]
TCGA-B8-A54D,TCGA-BP-5183,5,13,0,0.0,[]
TCGA-B8-A54D,TCGA-BP-5184,5,13,0,0.0,[]
TCGA-B8-A54D,TCGA-BP-5186,5,13,0,0.0,[]
TCGA-B8-A54D,TCGA-BP-5187,5,13,0,0.0,[]
TCGA-B8-A54D,TCGA-BP-5189,5,11,2,0.18181818181818182,"[""K5_repeat2_K5_C0002_M_K5_C0003"", ""K7_repeat1_K7_C0002_M_K7_C0003""]"
TCGA-B8-A54D,TCGA-BP-5190,5,3,3,0.6,"[""K5_repeat2_K5_C0002_M_K5_C0003"", ""K6_repeat3_K6_C0002_M_K6_C0003"", ""K7_repeat1_K7_C0002_M_K7_C0003""]"
TCGA-B8-A54D,TCGA-BP-5191,5,3,3,0.6,"[""K5_repeat2_K5_C0002_M_K5_C0003"", ""K6_repeat3_K6_C0002_M_K6_C0003"", ""K7_repeat1_K7_C0002_M_K7_C0003""]"
TCGA-B8-A54D,TCGA-BP-5192,5,10,0,0.0,[]
TCGA-B8-A54D,TCGA-BP-5194,5,11,0,0.0,[]
TCGA-B8-A54D,TCGA-BP-5195,5,12,0,0.0,[]
TCGA-B8-A54D,TCGA-BP-5196,5,8,0,0.0,[]
TCGA-B8-A54D,TCGA-BP-5199,5,12,0,0.0,[]
TCGA-B8-A54D,TCGA-BP-5200,5,11,0,0.0,[]
TCGA-B8-A54D,TCGA-CJ-4637,5,7,3,0.42857142857142855,"[""K5_repeat2_K5_C0002_M_K5_C0003"", ""K8_repeat1_K8_C0005"", ""K8_repeat2_K8_C0005""]"
TCGA-B8-A54D,TCGA-CJ-4641,5,7,3,0.42857142857142855,"[""K5_repeat2_K5_C0002_M_K5_C0003"", ""K8_repeat1_K8_C0005"", ""K8_repeat2_K8_C0005""]"
TCGA-B8-A54D,TCGA-CJ-4900,5,6,1,0.16666666666666666,"[""K5_repeat2_K5_C0002_M_K5_C0003""]"
TCGA-B8-A54D,TCGA-CJ-4902,5,4,0,0.0,[]
TCGA-B8-A54D,TCGA-CJ-4903,5,8,0,0.0,[]
TCGA-B8-A54D,TCGA-CJ-4904,5,9,0,0.0,[]
TCGA-B8-A54D,TCGA-CJ-4923,5,7,3,0.42857142857142855,"[""K5_repeat2_K5_C0002_M_K5_C0003"", ""K8_repeat1_K8_C0005"", ""K8_repeat2_K8_C0005""]"
TCGA-B8-A54D,TCGA-CJ-6027,5,7,3,0.42857142857142855,"[""K5_repeat2_K5_C0002_M_K5_C0003"", ""K8_repeat1_K8_C0005"", ""K8_repeat2_K8_C0005""]"
TCGA-B8-A54D,TCGA-CJ-6028,5,7,3,0.42857142857142855,"[""K5_repeat2_K5_C0002_M_K5_C0003"", ""K8_repeat1_K8_C0005"", ""K8_repeat2_K8_C0005""]"
TCGA-B8-A54D,TCGA-CJ-6030,5,7,3,0.42857142857142855,"[""K5_repeat2_K5_C0002_M_K5_C0003"", ""K8_repeat1_K8_C0005"", ""K8_repeat2_K8_C0005""]"
TCGA-B8-A54D,TCGA-CJ-6033,5,5,0,0.0,[]
TCGA-B8-A54D,TCGA-CZ-4859,5,12,0,0.0,[]
TCGA-B8-A54D,TCGA-CZ-4863,5,3,3,0.6,"[""K5_repeat2_K5_C0002_M_K5_C0003"", ""K6_repeat3_K6_C0002_M_K6_C0003"", ""K7_repeat1_K7_C0002_M_K7_C0003""]"
TCGA-B8-A54D,TCGA-CZ-4865,5,3,3,0.6,"[""K5_repeat2_K5_C0002_M_K5_C0003"", ""K6_repeat3_K6_C0002_M_K6_C0003"", ""K7_repeat1_K7_C0002_M_K7_C0003""]"
TCGA-B8-A54D,TCGA-CZ-5451,5,9,2,0.2222222222222222,"[""K6_repeat3_K6_C0002_M_K6_C0003"", ""K7_repeat1_K7_C0002_M_K7_C0003""]"
TCGA-B8-A54D,TCGA-CZ-5462,5,5,5,1.0,"[""K5_repeat2_K5_C0002_M_K5_C0003"", ""K6_repeat3_K6_C0002_M_K6_C0003"", ""K7_repeat1_K7_C0002_M_K7_C0003"", ""K8_repeat1_K8_C0005"", ""K8_repeat2_K8_C0005""]"
TCGA-B8-A54D,TCGA-CZ-5468,5,3,3,0.6,"[""K5_repeat2_K5_C0002_M_K5_C0003"", ""K6_repeat3_K6_C0002_M_K6_C0003"", ""K7_repeat1_K7_C0002_M_K7_C0003""]"
TCGA-B8-A54D,TCGA-CZ-5984,5,8,0,0.0,[]
TCGA-B8-A54D,TCGA-CZ-5985,5,7,3,0.42857142857142855,"[""K5_repeat2_K5_C0002_M_K5_C0003"", ""K8_repeat1_K8_C0005"", ""K8_repeat2_K8_C0005""]"
TCGA-B8-A54D,TCGA-CZ-5988,5,3,3,0.6,"[""K5_repeat2_K5_C0002_M_K5_C0003"", ""K6_repeat3_K6_C0002_M_K6_C0003"", ""K7_repeat1_K7_C0002_M_K7_C0003""]"
TCGA-B8-A54D,TCGA-G6-A5PC,5,7,3,0.42857142857142855,"[""K5_repeat2_K5_C0002_M_K5_C0003"", ""K8_repeat1_K8_C0005"", ""K8_repeat2_K8_C0005""]"
TCGA-B8-A54D,TCGA-G6-A8L7,5,5,0,0.0,[]
TCGA-B8-A54E,TCGA-B8-A54F,3,3,3,1.0,"[""K5_repeat2_K5_C0002_M_K5_C0003"", ""K6_repeat3_K6_C0002_M_K6_C0003"", ""K7_repeat1_K7_C0002_M_K7_C0003""]"
TCGA-B8-A54E,TCGA-B8-A54G,3,5,3,0.6,"[""K5_repeat2_K5_C0002_M_K5_C0003"", ""K6_repeat3_K6_C0002_M_K6_C0003"", ""K7_repeat1_K7_C0002_M_K7_C0003""]"
TCGA-B8-A54E,TCGA-BP-4164,3,8,0,0.0,[]
TCGA-B8-A54E,TCGA-BP-4167,3,7,1,0.14285714285714285,"[""K5_repeat2_K5_C0002_M_K5_C0003""]"
TCGA-B8-A54E,TCGA-BP-4770,3,3,3,1.0,"[""K5_repeat2_K5_C0002_M_K5_C0003"", ""K6_repeat3_K6_C0002_M_K6_C0003"", ""K7_repeat1_K7_C0002_M_K7_C0003""]"
TCGA-B8-A54E,TCGA-BP-4782,3,3,3,1.0,"[""K5_repeat2_K5_C0002_M_K5_C0003"", ""K6_repeat3_K6_C0002_M_K6_C0003"", ""K7_repeat1_K7_C0002_M_K7_C0003""]"
TCGA-B8-A54E,TCGA-BP-4960,3,10,0,0.0,[]
TCGA-B8-A54E,TCGA-BP-4962,3,7,1,0.14285714285714285,"[""K5_repeat2_K5_C0002_M_K5_C0003""]"
TCGA-B8-A54E,TCGA-BP-4965,3,11,0,0.0,[]
TCGA-B8-A54E,TCGA-BP-4967,3,8,0,0.0,[]
TCGA-B8-A54E,TCGA-BP-4970,3,8,0,0.0,[]
TCGA-B8-A54E,TCGA-BP-4971,3,7,1,0.14285714285714285,"[""K5_repeat2_K5_C0002_M_K5_C0003""]"
TCGA-B8-A54E,TCGA-BP-4972,3,6,1,0.16666666666666666,"[""K5_repeat2_K5_C0002_M_K5_C0003""]"
TCGA-B8-A54E,TCGA-BP-4976,3,12,0,0.0,[]
TCGA-B8-A54E,TCGA-BP-4977,3,8,0,0.0,[]
TCGA-B8-A54E,TCGA-BP-4982,3,11,0,0.0,[]
TCGA-B8-A54E,TCGA-BP-4986,3,8,0,0.0,[]
TCGA-B8-A54E,TCGA-BP-4988,3,9,0,0.0,[]
TCGA-B8-A54E,TCGA-BP-4989,3,13,0,0.0,[]
TCGA-B8-A54E,TCGA-BP-4992,3,7,1,0.14285714285714285,"[""K5_repeat2_K5_C0002_M_K5_C0003""]"
TCGA-B8-A54E,TCGA-BP-4994,3,3,3,1.0,"[""K5_repeat2_K5_C0002_M_K5_C0003"", ""K6_repeat3_K6_C0002_M_K6_C0003"", ""K7_repeat1_K7_C0002_M_K7_C0003""]"
TCGA-B8-A54E,TCGA-BP-4995,3,12,0,0.0,[]
TCGA-B8-A54E,TCGA-BP-4999,3,11,0,0.0,[]
TCGA-B8-A54E,TCGA-BP-5000,3,3,3,1.0,"[""K5_repeat2_K5_C0002_M_K5_C0003"", ""K6_repeat3_K6_C0002_M_K6_C0003"", ""K7_repeat1_K7_C0002_M_K7_C0003""]"
TCGA-B8-A54E,TCGA-BP-5001,3,12,0,0.0,[]
TCGA-B8-A54E,TCGA-BP-5004,3,12,0,0.0,[]
TCGA-B8-A54E,TCGA-BP-5006,3,12,0,0.0,[]
TCGA-B8-A54E,TCGA-BP-5007,3,12,0,0.0,[]
TCGA-B8-A54E,TCGA-BP-5009,3,12,0,0.0,[]
TCGA-B8-A54E,TCGA-BP-5010,3,4,0,0.0,[]
TCGA-B8-A54E,TCGA-BP-5174,3,8,0,0.0,[]
TCGA-B8-A54E,TCGA-BP-5175,3,7,1,0.14285714285714285,"[""K5_repeat2_K5_C0002_M_K5_C0003""]"
TCGA-B8-A54E,TCGA-BP-5180,3,13,0,0.0,[]
TCGA-B8-A54E,TCGA-BP-5181,3,13,0,0.0,[]
TCGA-B8-A54E,TCGA-BP-5183,3,13,0,0.0,[]
TCGA-B8-A54E,TCGA-BP-5184,3,13,0,0.0,[]
TCGA-B8-A54E,TCGA-BP-5186,3,13,0,0.0,[]
TCGA-B8-A54E,TCGA-BP-5187,3,13,0,0.0,[]
TCGA-B8-A54E,TCGA-BP-5189,3,11,2,0.18181818181818182,"[""K5_repeat2_K5_C0002_M_K5_C0003"", ""K7_repeat1_K7_C0002_M_K7_C0003""]"
TCGA-B8-A54E,TCGA-BP-5190,3,3,3,1.0,"[""K5_repeat2_K5_C0002_M_K5_C0003"", ""K6_repeat3_K6_C0002_M_K6_C0003"", ""K7_repeat1_K7_C0002_M_K7_C0003""]"
TCGA-B8-A54E,TCGA-BP-5191,3,3,3,1.0,"[""K5_repeat2_K5_C0002_M_K5_C0003"", ""K6_repeat3_K6_C0002_M_K6_C0003"", ""K7_repeat1_K7_C0002_M_K7_C0003""]"
TCGA-B8-A54E,TCGA-BP-5192,3,10,0,0.0,[]
TCGA-B8-A54E,TCGA-BP-5194,3,11,0,0.0,[]
TCGA-B8-A54E,TCGA-BP-5195,3,12,0,0.0,[]
TCGA-B8-A54E,TCGA-BP-5196,3,8,0,0.0,[]
TCGA-B8-A54E,TCGA-BP-5199,3,12,0,0.0,[]
TCGA-B8-A54E,TCGA-BP-5200,3,11,0,0.0,[]
TCGA-B8-A54E,TCGA-CJ-4637,3,7,1,0.14285714285714285,"[""K5_repeat2_K5_C0002_M_K5_C0003""]"
TCGA-B8-A54E,TCGA-CJ-4641,3,7,1,0.14285714285714285,"[""K5_repeat2_K5_C0002_M_K5_C0003""]"
TCGA-B8-A54E,TCGA-CJ-4900,3,6,1,0.16666666666666666,"[""K5_repeat2_K5_C0002_M_K5_C0003""]"
TCGA-B8-A54E,TCGA-CJ-4902,3,4,0,0.0,[]
TCGA-B8-A54E,TCGA-CJ-4903,3,8,0,0.0,[]
TCGA-B8-A54E,TCGA-CJ-4904,3,9,0,0.0,[]
TCGA-B8-A54E,TCGA-CJ-4923,3,7,1,0.14285714285714285,"[""K5_repeat2_K5_C0002_M_K5_C0003""]"
TCGA-B8-A54E,TCGA-CJ-6027,3,7,1,0.14285714285714285,"[""K5_repeat2_K5_C0002_M_K5_C0003""]"
TCGA-B8-A54E,TCGA-CJ-6028,3,7,1,0.14285714285714285,"[""K5_repeat2_K5_C0002_M_K5_C0003""]"
TCGA-B8-A54E,TCGA-CJ-6030,3,7,1,0.14285714285714285,"[""K5_repeat2_K5_C0002_M_K5_C0003""]"
TCGA-B8-A54E,TCGA-CJ-6033,3,5,0,0.0,[]
TCGA-B8-A54E,TCGA-CZ-4859,3,12,0,0.0,[]
TCGA-B8-A54E,TCGA-CZ-4863,3,3,3,1.0,"[""K5_repeat2_K5_C0002_M_K5_C0003"", ""K6_repeat3_K6_C0002_M_K6_C0003"", ""K7_repeat1_K7_C0002_M_K7_C0003""]"
TCGA-B8-A54E,TCGA-CZ-4865,3,3,3,1.0,"[""K5_repeat2_K5_C0002_M_K5_C0003"", ""K6_repeat3_K6_C0002_M_K6_C0003"", ""K7_repeat1_K7_C0002_M_K7_C0003""]"
TCGA-B8-A54E,TCGA-CZ-5451,3,9,2,0.2222222222222222,"[""K6_repeat3_K6_C0002_M_K6_C0003"", ""K7_repeat1_K7_C0002_M_K7_C0003""]"
TCGA-B8-A54E,TCGA-CZ-5462,3,5,3,0.6,"[""K5_repeat2_K5_C0002_M_K5_C0003"", ""K6_repeat3_K6_C0002_M_K6_C0003"", ""K7_repeat1_K7_C0002_M_K7_C0003""]"
TCGA-B8-A54E,TCGA-CZ-5468,3,3,3,1.0,"[""K5_repeat2_K5_C0002_M_K5_C0003"", ""K6_repeat3_K6_C0002_M_K6_C0003"", ""K7_repeat1_K7_C0002_M_K7_C0003""]"
TCGA-B8-A54E,TCGA-CZ-5984,3,8,0,0.0,[]
TCGA-B8-A54E,TCGA-CZ-5985,3,7,1,0.14285714285714285,"[""K5_repeat2_K5_C0002_M_K5_C0003""]"
TCGA-B8-A54E,TCGA-CZ-5988,3,3,3,1.0,"[""K5_repeat2_K5_C0002_M_K5_C0003"", ""K6_repeat3_K6_C0002_M_K6_C0003"", ""K7_repeat1_K7_C0002_M_K7_C0003""]"
TCGA-B8-A54E,TCGA-G6-A5PC,3,7,1,0.14285714285714285,"[""K5_repeat2_K5_C0002_M_K5_C0003""]"
TCGA-B8-A54E,TCGA-G6-A8L7,3,5,0,0.0,[]
TCGA-B8-A54F,TCGA-B8-A54G,3,5,3,0.6,"[""K5_repeat2_K5_C0002_M_K5_C0003"", ""K6_repeat3_K6_C0002_M_K6_C0003"", ""K7_repeat1_K7_C0002_M_K7_C0003""]"
TCGA-B8-A54F,TCGA-BP-4164,3,8,0,0.0,[]
TCGA-B8-A54F,TCGA-BP-4167,3,7,1,0.14285714285714285,"[""K5_repeat2_K5_C0002_M_K5_C0003""]"
TCGA-B8-A54F,TCGA-BP-4770,3,3,3,1.0,"[""K5_repeat2_K5_C0002_M_K5_C0003"", ""K6_repeat3_K6_C0002_M_K6_C0003"", ""K7_repeat1_K7_C0002_M_K7_C0003""]"
TCGA-B8-A54F,TCGA-BP-4782,3,3,3,1.0,"[""K5_repeat2_K5_C0002_M_K5_C0003"", ""K6_repeat3_K6_C0002_M_K6_C0003"", ""K7_repeat1_K7_C0002_M_K7_C0003""]"
TCGA-B8-A54F,TCGA-BP-4960,3,10,0,0.0,[]
TCGA-B8-A54F,TCGA-BP-4962,3,7,1,0.14285714285714285,"[""K5_repeat2_K5_C0002_M_K5_C0003""]"
TCGA-B8-A54F,TCGA-BP-4965,3,11,0,0.0,[]
TCGA-B8-A54F,TCGA-BP-4967,3,8,0,0.0,[]
TCGA-B8-A54F,TCGA-BP-4970,3,8,0,0.0,[]
TCGA-B8-A54F,TCGA-BP-4971,3,7,1,0.14285714285714285,"[""K5_repeat2_K5_C0002_M_K5_C0003""]"
TCGA-B8-A54F,TCGA-BP-4972,3,6,1,0.16666666666666666,"[""K5_repeat2_K5_C0002_M_K5_C0003""]"
TCGA-B8-A54F,TCGA-BP-4976,3,12,0,0.0,[]
TCGA-B8-A54F,TCGA-BP-4977,3,8,0,0.0,[]
TCGA-B8-A54F,TCGA-BP-4982,3,11,0,0.0,[]
TCGA-B8-A54F,TCGA-BP-4986,3,8,0,0.0,[]
TCGA-B8-A54F,TCGA-BP-4988,3,9,0,0.0,[]
TCGA-B8-A54F,TCGA-BP-4989,3,13,0,0.0,[]
TCGA-B8-A54F,TCGA-BP-4992,3,7,1,0.14285714285714285,"[""K5_repeat2_K5_C0002_M_K5_C0003""]"
TCGA-B8-A54F,TCGA-BP-4994,3,3,3,1.0,"[""K5_repeat2_K5_C0002_M_K5_C0003"", ""K6_repeat3_K6_C0002_M_K6_C0003"", ""K7_repeat1_K7_C0002_M_K7_C0003""]"
TCGA-B8-A54F,TCGA-BP-4995,3,12,0,0.0,[]
TCGA-B8-A54F,TCGA-BP-4999,3,11,0,0.0,[]
TCGA-B8-A54F,TCGA-BP-5000,3,3,3,1.0,"[""K5_repeat2_K5_C0002_M_K5_C0003"", ""K6_repeat3_K6_C0002_M_K6_C0003"", ""K7_repeat1_K7_C0002_M_K7_C0003""]"
TCGA-B8-A54F,TCGA-BP-5001,3,12,0,0.0,[]
TCGA-B8-A54F,TCGA-BP-5004,3,12,0,0.0,[]
TCGA-B8-A54F,TCGA-BP-5006,3,12,0,0.0,[]
TCGA-B8-A54F,TCGA-BP-5007,3,12,0,0.0,[]
TCGA-B8-A54F,TCGA-BP-5009,3,12,0,0.0,[]
TCGA-B8-A54F,TCGA-BP-5010,3,4,0,0.0,[]
TCGA-B8-A54F,TCGA-BP-5174,3,8,0,0.0,[]
TCGA-B8-A54F,TCGA-BP-5175,3,7,1,0.14285714285714285,"[""K5_repeat2_K5_C0002_M_K5_C0003""]"
TCGA-B8-A54F,TCGA-BP-5180,3,13,0,0.0,[]
TCGA-B8-A54F,TCGA-BP-5181,3,13,0,0.0,[]
TCGA-B8-A54F,TCGA-BP-5183,3,13,0,0.0,[]
TCGA-B8-A54F,TCGA-BP-5184,3,13,0,0.0,[]
TCGA-B8-A54F,TCGA-BP-5186,3,13,0,0.0,[]
TCGA-B8-A54F,TCGA-BP-5187,3,13,0,0.0,[]
TCGA-B8-A54F,TCGA-BP-5189,3,11,2,0.18181818181818182,"[""K5_repeat2_K5_C0002_M_K5_C0003"", ""K7_repeat1_K7_C0002_M_K7_C0003""]"
TCGA-B8-A54F,TCGA-BP-5190,3,3,3,1.0,"[""K5_repeat2_K5_C0002_M_K5_C0003"", ""K6_repeat3_K6_C0002_M_K6_C0003"", ""K7_repeat1_K7_C0002_M_K7_C0003""]"
TCGA-B8-A54F,TCGA-BP-5191,3,3,3,1.0,"[""K5_repeat2_K5_C0002_M_K5_C0003"", ""K6_repeat3_K6_C0002_M_K6_C0003"", ""K7_repeat1_K7_C0002_M_K7_C0003""]"
TCGA-B8-A54F,TCGA-BP-5192,3,10,0,0.0,[]
TCGA-B8-A54F,TCGA-BP-5194,3,11,0,0.0,[]
TCGA-B8-A54F,TCGA-BP-5195,3,12,0,0.0,[]
TCGA-B8-A54F,TCGA-BP-5196,3,8,0,0.0,[]
TCGA-B8-A54F,TCGA-BP-5199,3,12,0,0.0,[]
TCGA-B8-A54F,TCGA-BP-5200,3,11,0,0.0,[]
TCGA-B8-A54F,TCGA-CJ-4637,3,7,1,0.14285714285714285,"[""K5_repeat2_K5_C0002_M_K5_C0003""]"
TCGA-B8-A54F,TCGA-CJ-4641,3,7,1,0.14285714285714285,"[""K5_repeat2_K5_C0002_M_K5_C0003""]"
TCGA-B8-A54F,TCGA-CJ-4900,3,6,1,0.16666666666666666,"[""K5_repeat2_K5_C0002_M_K5_C0003""]"
TCGA-B8-A54F,TCGA-CJ-4902,3,4,0,0.0,[]
TCGA-B8-A54F,TCGA-CJ-4903,3,8,0,0.0,[]
TCGA-B8-A54F,TCGA-CJ-4904,3,9,0,0.0,[]
TCGA-B8-A54F,TCGA-CJ-4923,3,7,1,0.14285714285714285,"[""K5_repeat2_K5_C0002_M_K5_C0003""]"
TCGA-B8-A54F,TCGA-CJ-6027,3,7,1,0.14285714285714285,"[""K5_repeat2_K5_C0002_M_K5_C0003""]"
TCGA-B8-A54F,TCGA-CJ-6028,3,7,1,0.14285714285714285,"[""K5_repeat2_K5_C0002_M_K5_C0003""]"
TCGA-B8-A54F,TCGA-CJ-6030,3,7,1,0.14285714285714285,"[""K5_repeat2_K5_C0002_M_K5_C0003""]"
TCGA-B8-A54F,TCGA-CJ-6033,3,5,0,0.0,[]
TCGA-B8-A54F,TCGA-CZ-4859,3,12,0,0.0,[]
TCGA-B8-A54F,TCGA-CZ-4863,3,3,3,1.0,"[""K5_repeat2_K5_C0002_M_K5_C0003"", ""K6_repeat3_K6_C0002_M_K6_C0003"", ""K7_repeat1_K7_C0002_M_K7_C0003""]"
TCGA-B8-A54F,TCGA-CZ-4865,3,3,3,1.0,"[""K5_repeat2_K5_C0002_M_K5_C0003"", ""K6_repeat3_K6_C0002_M_K6_C0003"", ""K7_repeat1_K7_C0002_M_K7_C0003""]"
TCGA-B8-A54F,TCGA-CZ-5451,3,9,2,0.2222222222222222,"[""K6_repeat3_K6_C0002_M_K6_C0003"", ""K7_repeat1_K7_C0002_M_K7_C0003""]"
TCGA-B8-A54F,TCGA-CZ-5462,3,5,3,0.6,"[""K5_repeat2_K5_C0002_M_K5_C0003"", ""K6_repeat3_K6_C0002_M_K6_C0003"", ""K7_repeat1_K7_C0002_M_K7_C0003""]"
TCGA-B8-A54F,TCGA-CZ-5468,3,3,3,1.0,"[""K5_repeat2_K5_C0002_M_K5_C0003"", ""K6_repeat3_K6_C0002_M_K6_C0003"", ""K7_repeat1_K7_C0002_M_K7_C0003""]"
TCGA-B8-A54F,TCGA-CZ-5984,3,8,0,0.0,[]
TCGA-B8-A54F,TCGA-CZ-5985,3,7,1,0.14285714285714285,"[""K5_repeat2_K5_C0002_M_K5_C0003""]"
TCGA-B8-A54F,TCGA-CZ-5988,3,3,3,1.0,"[""K5_repeat2_K5_C0002_M_K5_C0003"", ""K6_repeat3_K6_C0002_M_K6_C0003"", ""K7_repeat1_K7_C0002_M_K7_C0003""]"
TCGA-B8-A54F,TCGA-G6-A5PC,3,7,1,0.14285714285714285,"[""K5_repeat2_K5_C0002_M_K5_C0003""]"
TCGA-B8-A54F,TCGA-G6-A8L7,3,5,0,0.0,[]
TCGA-B8-A54G,TCGA-BP-4164,5,8,0,0.0,[]
TCGA-B8-A54G,TCGA-BP-4167,5,7,3,0.42857142857142855,"[""K5_repeat2_K5_C0002_M_K5_C0003"", ""K8_repeat1_K8_C0005"", ""K8_repeat2_K8_C0005""]"
TCGA-B8-A54G,TCGA-BP-4770,5,3,3,0.6,"[""K5_repeat2_K5_C0002_M_K5_C0003"", ""K6_repeat3_K6_C0002_M_K6_C0003"", ""K7_repeat1_K7_C0002_M_K7_C0003""]"
TCGA-B8-A54G,TCGA-BP-4782,5,3,3,0.6,"[""K5_repeat2_K5_C0002_M_K5_C0003"", ""K6_repeat3_K6_C0002_M_K6_C0003"", ""K7_repeat1_K7_C0002_M_K7_C0003""]"
TCGA-B8-A54G,TCGA-BP-4960,5,10,0,0.0,[]
TCGA-B8-A54G,TCGA-BP-4962,5,7,3,0.42857142857142855,"[""K5_repeat2_K5_C0002_M_K5_C0003"", ""K8_repeat1_K8_C0005"", ""K8_repeat2_K8_C0005""]"
TCGA-B8-A54G,TCGA-BP-4965,5,11,0,0.0,[]
TCGA-B8-A54G,TCGA-BP-4967,5,8,0,0.0,[]
TCGA-B8-A54G,TCGA-BP-4970,5,8,0,0.0,[]
TCGA-B8-A54G,TCGA-BP-4971,5,7,3,0.42857142857142855,"[""K5_repeat2_K5_C0002_M_K5_C0003"", ""K8_repeat1_K8_C0005"", ""K8_repeat2_K8_C0005""]"
TCGA-B8-A54G,TCGA-BP-4972,5,6,1,0.16666666666666666,"[""K5_repeat2_K5_C0002_M_K5_C0003""]"
TCGA-B8-A54G,TCGA-BP-4976,5,12,0,0.0,[]
TCGA-B8-A54G,TCGA-BP-4977,5,8,0,0.0,[]
TCGA-B8-A54G,TCGA-BP-4982,5,11,0,0.0,[]
TCGA-B8-A54G,TCGA-BP-4986,5,8,0,0.0,[]
TCGA-B8-A54G,TCGA-BP-4988,5,9,0,0.0,[]
TCGA-B8-A54G,TCGA-BP-4989,5,13,0,0.0,[]
TCGA-B8-A54G,TCGA-BP-4992,5,7,3,0.42857142857142855,"[""K5_repeat2_K5_C0002_M_K5_C0003"", ""K8_repeat1_K8_C0005"", ""K8_repeat2_K8_C0005""]"
TCGA-B8-A54G,TCGA-BP-4994,5,3,3,0.6,"[""K5_repeat2_K5_C0002_M_K5_C0003"", ""K6_repeat3_K6_C0002_M_K6_C0003"", ""K7_repeat1_K7_C0002_M_K7_C0003""]"
TCGA-B8-A54G,TCGA-BP-4995,5,12,0,0.0,[]
TCGA-B8-A54G,TCGA-BP-4999,5,11,0,0.0,[]
TCGA-B8-A54G,TCGA-BP-5000,5,3,3,0.6,"[""K5_repeat2_K5_C0002_M_K5_C0003"", ""K6_repeat3_K6_C0002_M_K6_C0003"", ""K7_repeat1_K7_C0002_M_K7_C0003""]"
TCGA-B8-A54G,TCGA-BP-5001,5,12,0,0.0,[]
TCGA-B8-A54G,TCGA-BP-5004,5,12,0,0.0,[]
TCGA-B8-A54G,TCGA-BP-5006,5,12,0,0.0,[]
TCGA-B8-A54G,TCGA-BP-5007,5,12,0,0.0,[]
TCGA-B8-A54G,TCGA-BP-5009,5,12,0,0.0,[]
TCGA-B8-A54G,TCGA-BP-5010,5,4,0,0.0,[]
TCGA-B8-A54G,TCGA-BP-5174,5,8,0,0.0,[]
TCGA-B8-A54G,TCGA-BP-5175,5,7,3,0.42857142857142855,"[""K5_repeat2_K5_C0002_M_K5_C0003"", ""K8_repeat1_K8_C0005"", ""K8_repeat2_K8_C0005""]"
TCGA-B8-A54G,TCGA-BP-5180,5,13,0,0.0,[]
TCGA-B8-A54G,TCGA-BP-5181,5,13,0,0.0,[]
TCGA-B8-A54G,TCGA-BP-5183,5,13,0,0.0,[]
TCGA-B8-A54G,TCGA-BP-5184,5,13,0,0.0,[]
TCGA-B8-A54G,TCGA-BP-5186,5,13,0,0.0,[]
TCGA-B8-A54G,TCGA-BP-5187,5,13,0,0.0,[]
TCGA-B8-A54G,TCGA-BP-5189,5,11,2,0.18181818181818182,"[""K5_repeat2_K5_C0002_M_K5_C0003"", ""K7_repeat1_K7_C0002_M_K7_C0003""]"
TCGA-B8-A54G,TCGA-BP-5190,5,3,3,0.6,"[""K5_repeat2_K5_C0002_M_K5_C0003"", ""K6_repeat3_K6_C0002_M_K6_C0003"", ""K7_repeat1_K7_C0002_M_K7_C0003""]"
TCGA-B8-A54G,TCGA-BP-5191,5,3,3,0.6,"[""K5_repeat2_K5_C0002_M_K5_C0003"", ""K6_repeat3_K6_C0002_M_K6_C0003"", ""K7_repeat1_K7_C0002_M_K7_C0003""]"
TCGA-B8-A54G,TCGA-BP-5192,5,10,0,0.0,[]
TCGA-B8-A54G,TCGA-BP-5194,5,11,0,0.0,[]
TCGA-B8-A54G,TCGA-BP-5195,5,12,0,0.0,[]
TCGA-B8-A54G,TCGA-BP-5196,5,8,0,0.0,[]
TCGA-B8-A54G,TCGA-BP-5199,5,12,0,0.0,[]
TCGA-B8-A54G,TCGA-BP-5200,5,11,0,0.0,[]
TCGA-B8-A54G,TCGA-CJ-4637,5,7,3,0.42857142857142855,"[""K5_repeat2_K5_C0002_M_K5_C0003"", ""K8_repeat1_K8_C0005"", ""K8_repeat2_K8_C0005""]"
TCGA-B8-A54G,TCGA-CJ-4641,5,7,3,0.42857142857142855,"[""K5_repeat2_K5_C0002_M_K5_C0003"", ""K8_repeat1_K8_C0005"", ""K8_repeat2_K8_C0005""]"
TCGA-B8-A54G,TCGA-CJ-4900,5,6,1,0.16666666666666666,"[""K5_repeat2_K5_C0002_M_K5_C0003""]"
TCGA-B8-A54G,TCGA-CJ-4902,5,4,0,0.0,[]
TCGA-B8-A54G,TCGA-CJ-4903,5,8,0,0.0,[]
TCGA-B8-A54G,TCGA-CJ-4904,5,9,0,0.0,[]
TCGA-B8-A54G,TCGA-CJ-4923,5,7,3,0.42857142857142855,"[""K5_repeat2_K5_C0002_M_K5_C0003"", ""K8_repeat1_K8_C0005"", ""K8_repeat2_K8_C0005""]"
TCGA-B8-A54G,TCGA-CJ-6027,5,7,3,0.42857142857142855,"[""K5_repeat2_K5_C0002_M_K5_C0003"", ""K8_repeat1_K8_C0005"", ""K8_repeat2_K8_C0005""]"
TCGA-B8-A54G,TCGA-CJ-6028,5,7,3,0.42857142857142855,"[""K5_repeat2_K5_C0002_M_K5_C0003"", ""K8_repeat1_K8_C0005"", ""K8_repeat2_K8_C0005""]"
TCGA-B8-A54G,TCGA-CJ-6030,5,7,3,0.42857142857142855,"[""K5_repeat2_K5_C0002_M_K5_C0003"", ""K8_repeat1_K8_C0005"", ""K8_repeat2_K8_C0005""]"
TCGA-B8-A54G,TCGA-CJ-6033,5,5,0,0.0,[]
TCGA-B8-A54G,TCGA-CZ-4859,5,12,0,0.0,[]
TCGA-B8-A54G,TCGA-CZ-4863,5,3,3,0.6,"[""K5_repeat2_K5_C0002_M_K5_C0003"", ""K6_repeat3_K6_C0002_M_K6_C0003"", ""K7_repeat1_K7_C0002_M_K7_C0003""]"
TCGA-B8-A54G,TCGA-CZ-4865,5,3,3,0.6,"[""K5_repeat2_K5_C0002_M_K5_C0003"", ""K6_repeat3_K6_C0002_M_K6_C0003"", ""K7_repeat1_K7_C0002_M_K7_C0003""]"
TCGA-B8-A54G,TCGA-CZ-5451,5,9,2,0.2222222222222222,"[""K6_repeat3_K6_C0002_M_K6_C0003"", ""K7_repeat1_K7_C0002_M_K7_C0003""]"
TCGA-B8-A54G,TCGA-CZ-5462,5,5,5,1.0,"[""K5_repeat2_K5_C0002_M_K5_C0003"", ""K6_repeat3_K6_C0002_M_K6_C0003"", ""K7_repeat1_K7_C0002_M_K7_C0003"", ""K8_repeat1_K8_C0005"", ""K8_repeat2_K8_C0005""]"
TCGA-B8-A54G,TCGA-CZ-5468,5,3,3,0.6,"[""K5_repeat2_K5_C0002_M_K5_C0003"", ""K6_repeat3_K6_C0002_M_K6_C0003"", ""K7_repeat1_K7_C0002_M_K7_C0003""]"
TCGA-B8-A54G,TCGA-CZ-5984,5,8,0,0.0,[]
TCGA-B8-A54G,TCGA-CZ-5985,5,7,3,0.42857142857142855,"[""K5_repeat2_K5_C0002_M_K5_C0003"", ""K8_repeat1_K8_C0005"", ""K8_repeat2_K8_C0005""]"
TCGA-B8-A54G,TCGA-CZ-5988,5,3,3,0.6,"[""K5_repeat2_K5_C0002_M_K5_C0003"", ""K6_repeat3_K6_C0002_M_K6_C0003"", ""K7_repeat1_K7_C0002_M_K7_C0003""]"
TCGA-B8-A54G,TCGA-G6-A5PC,5,7,3,0.42857142857142855,"[""K5_repeat2_K5_C0002_M_K5_C0003"", ""K8_repeat1_K8_C0005"", ""K8_repeat2_K8_C0005""]"
TCGA-B8-A54G,TCGA-G6-A8L7,5,5,0,0.0,[]
TCGA-BP-4164,TCGA-BP-4167,8,7,0,0.0,[]
TCGA-BP-4164,TCGA-BP-4770,8,3,0,0.0,[]
TCGA-BP-4164,TCGA-BP-4782,8,3,0,0.0,[]
TCGA-BP-4164,TCGA-BP-4960,8,10,8,0.8,"[""K2_repeat1_K2_C0002"", ""K2_repeat2_K2_C0002"", ""K2_repeat3_K2_C0002"", ""K4_repeat1_K4_C0001_M_K4_C0004"", ""K4_repeat2_K4_C0001"", ""K5_repeat2_K5_C0001_M_K5_C0005"", ""K5_repeat3_K5_C0001_M_K5_C0005"", ""K6_repeat3_K6_C0001_M_K6_C0004""]"
TCGA-BP-4164,TCGA-BP-4962,8,7,0,0.0,[]
TCGA-BP-4164,TCGA-BP-4965,8,11,8,0.7272727272727273,"[""K2_repeat1_K2_C0002"", ""K2_repeat2_K2_C0002"", ""K2_repeat3_K2_C0002"", ""K4_repeat1_K4_C0001_M_K4_C0004"", ""K4_repeat2_K4_C0001"", ""K5_repeat2_K5_C0001_M_K5_C0005"", ""K5_repeat3_K5_C0001_M_K5_C0005"", ""K6_repeat3_K6_C0001_M_K6_C0004""]"
TCGA-BP-4164,TCGA-BP-4967,8,8,4,0.5,"[""K2_repeat1_K2_C0002"", ""K2_repeat2_K2_C0002"", ""K2_repeat3_K2_C0002"", ""K4_repeat1_K4_C0001_M_K4_C0004""]"
TCGA-BP-4164,TCGA-BP-4970,8,8,4,0.5,"[""K2_repeat1_K2_C0002"", ""K2_repeat2_K2_C0002"", ""K2_repeat3_K2_C0002"", ""K4_repeat1_K4_C0001_M_K4_C0004""]"
TCGA-BP-4164,TCGA-BP-4971,8,7,0,0.0,[]
TCGA-BP-4164,TCGA-BP-4972,8,6,4,0.5,"[""K2_repeat1_K2_C0002"", ""K2_repeat2_K2_C0002"", ""K2_repeat3_K2_C0002"", ""K6_repeat3_K6_C0001_M_K6_C0004""]"
TCGA-BP-4164,TCGA-BP-4976,8,12,8,0.6666666666666666,"[""K2_repeat1_K2_C0002"", ""K2_repeat2_K2_C0002"", ""K2_repeat3_K2_C0002"", ""K4_repeat1_K4_C0001_M_K4_C0004"", ""K4_repeat2_K4_C0001"", ""K5_repeat2_K5_C0001_M_K5_C0005"", ""K5_repeat3_K5_C0001_M_K5_C0005"", ""K6_repeat3_K6_C0001_M_K6_C0004""]"
TCGA-BP-4164,TCGA-BP-4977,8,8,4,0.5,"[""K2_repeat1_K2_C0002"", ""K2_repeat2_K2_C0002"", ""K2_repeat3_K2_C0002"", ""K4_repeat1_K4_C0001_M_K4_C0004""]"
TCGA-BP-4164,TCGA-BP-4982,8,11,8,0.7272727272727273,"[""K2_repeat1_K2_C0002"", ""K2_repeat2_K2_C0002"", ""K2_repeat3_K2_C0002"", ""K4_repeat1_K4_C0001_M_K4_C0004"", ""K4_repeat2_K4_C0001"", ""K5_repeat2_K5_C0001_M_K5_C0005"", ""K5_repeat3_K5_C0001_M_K5_C0005"", ""K6_repeat3_K6_C0001_M_K6_C0004""]"
TCGA-BP-4164,TCGA-BP-4986,8,8,4,0.5,"[""K2_repeat1_K2_C0002"", ""K2_repeat2_K2_C0002"", ""K2_repeat3_K2_C0002"", ""K4_repeat1_K4_C0001_M_K4_C0004""]"
TCGA-BP-4164,TCGA-BP-4988,8,9,8,0.8888888888888888,"[""K2_repeat1_K2_C0002"", ""K2_repeat2_K2_C0002"", ""K2_repeat3_K2_C0002"", ""K4_repeat1_K4_C0001_M_K4_C0004"", ""K4_repeat2_K4_C0001"", ""K5_repeat2_K5_C0001_M_K5_C0005"", ""K5_repeat3_K5_C0001_M_K5_C0005"", ""K6_repeat3_K6_C0001_M_K6_C0004""]"
TCGA-BP-4164,TCGA-BP-4989,8,13,8,0.6153846153846154,"[""K2_repeat1_K2_C0002"", ""K2_repeat2_K2_C0002"", ""K2_repeat3_K2_C0002"", ""K4_repeat1_K4_C0001_M_K4_C0004"", ""K4_repeat2_K4_C0001"", ""K5_repeat2_K5_C0001_M_K5_C0005"", ""K5_repeat3_K5_C0001_M_K5_C0005"", ""K6_repeat3_K6_C0001_M_K6_C0004""]"
TCGA-BP-4164,TCGA-BP-4992,8,7,0,0.0,[]
TCGA-BP-4164,TCGA-BP-4994,8,3,0,0.0,[]
TCGA-BP-4164,TCGA-BP-4995,8,12,8,0.6666666666666666,"[""K2_repeat1_K2_C0002"", ""K2_repeat2_K2_C0002"", ""K2_repeat3_K2_C0002"", ""K4_repeat1_K4_C0001_M_K4_C0004"", ""K4_repeat2_K4_C0001"", ""K5_repeat2_K5_C0001_M_K5_C0005"", ""K5_repeat3_K5_C0001_M_K5_C0005"", ""K6_repeat3_K6_C0001_M_K6_C0004""]"
TCGA-BP-4164,TCGA-BP-4999,8,11,8,0.7272727272727273,"[""K2_repeat1_K2_C0002"", ""K2_repeat2_K2_C0002"", ""K2_repeat3_K2_C0002"", ""K4_repeat1_K4_C0001_M_K4_C0004"", ""K4_repeat2_K4_C0001"", ""K5_repeat2_K5_C0001_M_K5_C0005"", ""K5_repeat3_K5_C0001_M_K5_C0005"", ""K6_repeat3_K6_C0001_M_K6_C0004""]"
TCGA-BP-4164,TCGA-BP-5000,8,3,0,0.0,[]
TCGA-BP-4164,TCGA-BP-5001,8,12,8,0.6666666666666666,"[""K2_repeat1_K2_C0002"", ""K2_repeat2_K2_C0002"", ""K2_repeat3_K2_C0002"", ""K4_repeat1_K4_C0001_M_K4_C0004"", ""K4_repeat2_K4_C0001"", ""K5_repeat2_K5_C0001_M_K5_C0005"", ""K5_repeat3_K5_C0001_M_K5_C0005"", ""K6_repeat3_K6_C0001_M_K6_C0004""]"
TCGA-BP-4164,TCGA-BP-5004,8,12,8,0.6666666666666666,"[""K2_repeat1_K2_C0002"", ""K2_repeat2_K2_C0002"", ""K2_repeat3_K2_C0002"", ""K4_repeat1_K4_C0001_M_K4_C0004"", ""K4_repeat2_K4_C0001"", ""K5_repeat2_K5_C0001_M_K5_C0005"", ""K5_repeat3_K5_C0001_M_K5_C0005"", ""K6_repeat3_K6_C0001_M_K6_C0004""]"
TCGA-BP-4164,TCGA-BP-5006,8,12,8,0.6666666666666666,"[""K2_repeat1_K2_C0002"", ""K2_repeat2_K2_C0002"", ""K2_repeat3_K2_C0002"", ""K4_repeat1_K4_C0001_M_K4_C0004"", ""K4_repeat2_K4_C0001"", ""K5_repeat2_K5_C0001_M_K5_C0005"", ""K5_repeat3_K5_C0001_M_K5_C0005"", ""K6_repeat3_K6_C0001_M_K6_C0004""]"
TCGA-BP-4164,TCGA-BP-5007,8,12,8,0.6666666666666666,"[""K2_repeat1_K2_C0002"", ""K2_repeat2_K2_C0002"", ""K2_repeat3_K2_C0002"", ""K4_repeat1_K4_C0001_M_K4_C0004"", ""K4_repeat2_K4_C0001"", ""K5_repeat2_K5_C0001_M_K5_C0005"", ""K5_repeat3_K5_C0001_M_K5_C0005"", ""K6_repeat3_K6_C0001_M_K6_C0004""]"
TCGA-BP-4164,TCGA-BP-5009,8,12,8,0.6666666666666666,"[""K2_repeat1_K2_C0002"", ""K2_repeat2_K2_C0002"", ""K2_repeat3_K2_C0002"", ""K4_repeat1_K4_C0001_M_K4_C0004"", ""K4_repeat2_K4_C0001"", ""K5_repeat2_K5_C0001_M_K5_C0005"", ""K5_repeat3_K5_C0001_M_K5_C0005"", ""K6_repeat3_K6_C0001_M_K6_C0004""]"
TCGA-BP-4164,TCGA-BP-5010,8,4,0,0.0,[]
TCGA-BP-4164,TCGA-BP-5174,8,8,4,0.5,"[""K2_repeat1_K2_C0002"", ""K2_repeat2_K2_C0002"", ""K2_repeat3_K2_C0002"", ""K4_repeat1_K4_C0001_M_K4_C0004""]"
TCGA-BP-4164,TCGA-BP-5175,8,7,0,0.0,[]
TCGA-BP-4164,TCGA-BP-5180,8,13,8,0.6153846153846154,"[""K2_repeat1_K2_C0002"", ""K2_repeat2_K2_C0002"", ""K2_repeat3_K2_C0002"", ""K4_repeat1_K4_C0001_M_K4_C0004"", ""K4_repeat2_K4_C0001"", ""K5_repeat2_K5_C0001_M_K5_C0005"", ""K5_repeat3_K5_C0001_M_K5_C0005"", ""K6_repeat3_K6_C0001_M_K6_C0004""]"
TCGA-BP-4164,TCGA-BP-5181,8,13,8,0.6153846153846154,"[""K2_repeat1_K2_C0002"", ""K2_repeat2_K2_C0002"", ""K2_repeat3_K2_C0002"", ""K4_repeat1_K4_C0001_M_K4_C0004"", ""K4_repeat2_K4_C0001"", ""K5_repeat2_K5_C0001_M_K5_C0005"", ""K5_repeat3_K5_C0001_M_K5_C0005"", ""K6_repeat3_K6_C0001_M_K6_C0004""]"
TCGA-BP-4164,TCGA-BP-5183,8,13,8,0.6153846153846154,"[""K2_repeat1_K2_C0002"", ""K2_repeat2_K2_C0002"", ""K2_repeat3_K2_C0002"", ""K4_repeat1_K4_C0001_M_K4_C0004"", ""K4_repeat2_K4_C0001"", ""K5_repeat2_K5_C0001_M_K5_C0005"", ""K5_repeat3_K5_C0001_M_K5_C0005"", ""K6_repeat3_K6_C0001_M_K6_C0004""]"
TCGA-BP-4164,TCGA-BP-5184,8,13,8,0.6153846153846154,"[""K2_repeat1_K2_C0002"", ""K2_repeat2_K2_C0002"", ""K2_repeat3_K2_C0002"", ""K4_repeat1_K4_C0001_M_K4_C0004"", ""K4_repeat2_K4_C0001"", ""K5_repeat2_K5_C0001_M_K5_C0005"", ""K5_repeat3_K5_C0001_M_K5_C0005"", ""K6_repeat3_K6_C0001_M_K6_C0004""]"
TCGA-BP-4164,TCGA-BP-5186,8,13,8,0.6153846153846154,"[""K2_repeat1_K2_C0002"", ""K2_repeat2_K2_C0002"", ""K2_repeat3_K2_C0002"", ""K4_repeat1_K4_C0001_M_K4_C0004"", ""K4_repeat2_K4_C0001"", ""K5_repeat2_K5_C0001_M_K5_C0005"", ""K5_repeat3_K5_C0001_M_K5_C0005"", ""K6_repeat3_K6_C0001_M_K6_C0004""]"
TCGA-BP-4164,TCGA-BP-5187,8,13,8,0.6153846153846154,"[""K2_repeat1_K2_C0002"", ""K2_repeat2_K2_C0002"", ""K2_repeat3_K2_C0002"", ""K4_repeat1_K4_C0001_M_K4_C0004"", ""K4_repeat2_K4_C0001"", ""K5_repeat2_K5_C0001_M_K5_C0005"", ""K5_repeat3_K5_C0001_M_K5_C0005"", ""K6_repeat3_K6_C0001_M_K6_C0004""]"
TCGA-BP-4164,TCGA-BP-5189,8,11,6,0.5454545454545454,"[""K2_repeat1_K2_C0002"", ""K2_repeat2_K2_C0002"", ""K2_repeat3_K2_C0002"", ""K4_repeat1_K4_C0001_M_K4_C0004"", ""K4_repeat2_K4_C0001"", ""K6_repeat3_K6_C0001_M_K6_C0004""]"
TCGA-BP-4164,TCGA-BP-5190,8,3,0,0.0,[]
TCGA-BP-4164,TCGA-BP-5191,8,3,0,0.0,[]
TCGA-BP-4164,TCGA-BP-5192,8,10,4,0.4,"[""K2_repeat1_K2_C0002"", ""K2_repeat2_K2_C0002"", ""K2_repeat3_K2_C0002"", ""K4_repeat1_K4_C0001_M_K4_C0004""]"
TCGA-BP-4164,TCGA-BP-5194,8,11,8,0.7272727272727273,"[""K2_repeat1_K2_C0002"", ""K2_repeat2_K2_C0002"", ""K2_repeat3_K2_C0002"", ""K4_repeat1_K4_C0001_M_K4_C0004"", ""K4_repeat2_K4_C0001"", ""K5_repeat2_K5_C0001_M_K5_C0005"", ""K5_repeat3_K5_C0001_M_K5_C0005"", ""K6_repeat3_K6_C0001_M_K6_C0004""]"
TCGA-BP-4164,TCGA-BP-5195,8,12,8,0.6666666666666666,"[""K2_repeat1_K2_C0002"", ""K2_repeat2_K2_C0002"", ""K2_repeat3_K2_C0002"", ""K4_repeat1_K4_C0001_M_K4_C0004"", ""K4_repeat2_K4_C0001"", ""K5_repeat2_K5_C0001_M_K5_C0005"", ""K5_repeat3_K5_C0001_M_K5_C0005"", ""K6_repeat3_K6_C0001_M_K6_C0004""]"
TCGA-BP-4164,TCGA-BP-5196,8,8,4,0.5,"[""K2_repeat1_K2_C0002"", ""K2_repeat2_K2_C0002"", ""K2_repeat3_K2_C0002"", ""K4_repeat1_K4_C0001_M_K4_C0004""]"
TCGA-BP-4164,TCGA-BP-5199,8,12,7,0.5833333333333334,"[""K2_repeat1_K2_C0002"", ""K2_repeat2_K2_C0002"", ""K2_repeat3_K2_C0002"", ""K4_repeat1_K4_C0001_M_K4_C0004"", ""K5_repeat2_K5_C0001_M_K5_C0005"", ""K5_repeat3_K5_C0001_M_K5_C0005"", ""K6_repeat3_K6_C0001_M_K6_C0004""]"
TCGA-BP-4164,TCGA-BP-5200,8,11,8,0.7272727272727273,"[""K2_repeat1_K2_C0002"", ""K2_repeat2_K2_C0002"", ""K2_repeat3_K2_C0002"", ""K4_repeat1_K4_C0001_M_K4_C0004"", ""K4_repeat2_K4_C0001"", ""K5_repeat2_K5_C0001_M_K5_C0005"", ""K5_repeat3_K5_C0001_M_K5_C0005"", ""K6_repeat3_K6_C0001_M_K6_C0004""]"
TCGA-BP-4164,TCGA-CJ-4637,8,7,0,0.0,[]
TCGA-BP-4164,TCGA-CJ-4641,8,7,0,0.0,[]
TCGA-BP-4164,TCGA-CJ-4900,8,6,0,0.0,[]
TCGA-BP-4164,TCGA-CJ-4902,8,4,0,0.0,[]
TCGA-BP-4164,TCGA-CJ-4903,8,8,8,1.0,"[""K2_repeat1_K2_C0002"", ""K2_repeat2_K2_C0002"", ""K2_repeat3_K2_C0002"", ""K4_repeat1_K4_C0001_M_K4_C0004"", ""K4_repeat2_K4_C0001"", ""K5_repeat2_K5_C0001_M_K5_C0005"", ""K5_repeat3_K5_C0001_M_K5_C0005"", ""K6_repeat3_K6_C0001_M_K6_C0004""]"
TCGA-BP-4164,TCGA-CJ-4904,8,9,8,0.8888888888888888,"[""K2_repeat1_K2_C0002"", ""K2_repeat2_K2_C0002"", ""K2_repeat3_K2_C0002"", ""K4_repeat1_K4_C0001_M_K4_C0004"", ""K4_repeat2_K4_C0001"", ""K5_repeat2_K5_C0001_M_K5_C0005"", ""K5_repeat3_K5_C0001_M_K5_C0005"", ""K6_repeat3_K6_C0001_M_K6_C0004""]"
TCGA-BP-4164,TCGA-CJ-4923,8,7,0,0.0,[]
TCGA-BP-4164,TCGA-CJ-6027,8,7,0,0.0,[]
TCGA-BP-4164,TCGA-CJ-6028,8,7,0,0.0,[]
TCGA-BP-4164,TCGA-CJ-6030,8,7,0,0.0,[]
TCGA-BP-4164,TCGA-CJ-6033,8,5,5,0.625,"[""K4_repeat1_K4_C0001_M_K4_C0004"", ""K4_repeat2_K4_C0001"", ""K5_repeat2_K5_C0001_M_K5_C0005"", ""K5_repeat3_K5_C0001_M_K5_C0005"", ""K6_repeat3_K6_C0001_M_K6_C0004""]"
TCGA-BP-4164,TCGA-CZ-4859,8,12,8,0.6666666666666666,"[""K2_repeat1_K2_C0002"", ""K2_repeat2_K2_C0002"", ""K2_repeat3_K2_C0002"", ""K4_repeat1_K4_C0001_M_K4_C0004"", ""K4_repeat2_K4_C0001"", ""K5_repeat2_K5_C0001_M_K5_C0005"", ""K5_repeat3_K5_C0001_M_K5_C0005"", ""K6_repeat3_K6_C0001_M_K6_C0004""]"
TCGA-BP-4164,TCGA-CZ-4863,8,3,0,0.0,[]
TCGA-BP-4164,TCGA-CZ-4865,8,3,0,0.0,[]
TCGA-BP-4164,TCGA-CZ-5451,8,9,7,0.7777777777777778,"[""K2_repeat1_K2_C0002"", ""K2_repeat2_K2_C0002"", ""K2_repeat3_K2_C0002"", ""K4_repeat1_K4_C0001_M_K4_C0004"", ""K4_repeat2_K4_C0001"", ""K5_repeat2_K5_C0001_M_K5_C0005"", ""K5_repeat3_K5_C0001_M_K5_C0005""]"
TCGA-BP-4164,TCGA-CZ-5462,8,5,0,0.0,[]
TCGA-BP-4164,TCGA-CZ-5468,8,3,0,0.0,[]
TCGA-BP-4164,TCGA-CZ-5984,8,8,4,0.5,"[""K2_repeat1_K2_C0002"", ""K2_repeat2_K2_C0002"", ""K2_repeat3_K2_C0002"", ""K4_repeat1_K4_C0001_M_K4_C0004""]"
TCGA-BP-4164,TCGA-CZ-5985,8,7,0,0.0,[]
TCGA-BP-4164,TCGA-CZ-5988,8,3,0,0.0,[]
TCGA-BP-4164,TCGA-G6-A5PC,8,7,0,0.0,[]
TCGA-BP-4164,TCGA-G6-A8L7,8,5,5,0.625,"[""K4_repeat1_K4_C0001_M_K4_C0004"", ""K4_repeat2_K4_C0001"", ""K5_repeat2_K5_C0001_M_K5_C0005"", ""K5_repeat3_K5_C0001_M_K5_C0005"", ""K6_repeat3_K6_C0001_M_K6_C0004""]"
TCGA-BP-4167,TCGA-BP-4770,7,3,1,0.14285714285714285,"[""K5_repeat2_K5_C0002_M_K5_C0003""]"
TCGA-BP-4167,TCGA-BP-4782,7,3,1,0.14285714285714285,"[""K5_repeat2_K5_C0002_M_K5_C0003""]"
TCGA-BP-4167,TCGA-BP-4960,7,10,0,0.0,[]
TCGA-BP-4167,TCGA-BP-4962,7,7,7,1.0,"[""K4_repeat2_K4_C0003"", ""K5_repeat2_K5_C0002_M_K5_C0003"", ""K5_repeat3_K5_C0003"", ""K6_repeat3_K6_C0005"", ""K7_repeat1_K7_C0005"", ""K8_repeat1_K8_C0005"", ""K8_repeat2_K8_C0005""]"
TCGA-BP-4167,TCGA-BP-4965,7,11,0,0.0,[]
TCGA-BP-4167,TCGA-BP-4967,7,8,0,0.0,[]
TCGA-BP-4167,TCGA-BP-4970,7,8,0,0.0,[]
TCGA-BP-4167,TCGA-BP-4971,7,7,7,1.0,"[""K4_repeat2_K4_C0003"", ""K5_repeat2_K5_C0002_M_K5_C0003"", ""K5_repeat3_K5_C0003"", ""K6_repeat3_K6_C0005"", ""K7_repeat1_K7_C0005"", ""K8_repeat1_K8_C0005"", ""K8_repeat2_K8_C0005""]"
TCGA-BP-4167,TCGA-BP-4972,7,6,1,0.14285714285714285,"[""K5_repeat2_K5_C0002_M_K5_C0003""]"
TCGA-BP-4167,TCGA-BP-4976,7,12,0,0.0,[]
TCGA-BP-4167,TCGA-BP-4977,7,8,0,0.0,[]
TCGA-BP-4167,TCGA-BP-4982,7,11,0,0.0,[]
TCGA-BP-4167,TCGA-BP-4986,7,8,0,0.0,[]
TCGA-BP-4167,TCGA-BP-4988,7,9,0,0.0,[]
TCGA-BP-4167,TCGA-BP-4989,7,13,0,0.0,[]
TCGA-BP-4167,TCGA-BP-4992,7,7,7,1.0,"[""K4_repeat2_K4_C0003"", ""K5_repeat2_K5_C0002_M_K5_C0003"", ""K5_repeat3_K5_C0003"", ""K6_repeat3_K6_C0005"", ""K7_repeat1_K7_C0005"", ""K8_repeat1_K8_C0005"", ""K8_repeat2_K8_C0005""]"
TCGA-BP-4167,TCGA-BP-4994,7,3,1,0.14285714285714285,"[""K5_repeat2_K5_C0002_M_K5_C0003""]"
TCGA-BP-4167,TCGA-BP-4995,7,12,0,0.0,[]
TCGA-BP-4167,TCGA-BP-4999,7,11,0,0.0,[]
TCGA-BP-4167,TCGA-BP-5000,7,3,1,0.14285714285714285,"[""K5_repeat2_K5_C0002_M_K5_C0003""]"
TCGA-BP-4167,TCGA-BP-5001,7,12,0,0.0,[]
TCGA-BP-4167,TCGA-BP-5004,7,12,0,0.0,[]
TCGA-BP-4167,TCGA-BP-5006,7,12,0,0.0,[]
TCGA-BP-4167,TCGA-BP-5007,7,12,0,0.0,[]
TCGA-BP-4167,TCGA-BP-5009,7,12,0,0.0,[]
TCGA-BP-4167,TCGA-BP-5010,7,4,1,0.14285714285714285,"[""K4_repeat2_K4_C0003""]"
TCGA-BP-4167,TCGA-BP-5174,7,8,0,0.0,[]
TCGA-BP-4167,TCGA-BP-5175,7,7,7,1.0,"[""K4_repeat2_K4_C0003"", ""K5_repeat2_K5_C0002_M_K5_C0003"", ""K5_repeat3_K5_C0003"", ""K6_repeat3_K6_C0005"", ""K7_repeat1_K7_C0005"", ""K8_repeat1_K8_C0005"", ""K8_repeat2_K8_C0005""]"
TCGA-BP-4167,TCGA-BP-5180,7,13,0,0.0,[]
TCGA-BP-4167,TCGA-BP-5181,7,13,0,0.0,[]
TCGA-BP-4167,TCGA-BP-5183,7,13,0,0.0,[]
TCGA-BP-4167,TCGA-BP-5184,7,13,0,0.0,[]
TCGA-BP-4167,TCGA-BP-5186,7,13,0,0.0,[]
TCGA-BP-4167,TCGA-BP-5187,7,13,0,0.0,[]
TCGA-BP-4167,TCGA-BP-5189,7,11,1,0.09090909090909091,"[""K5_repeat2_K5_C0002_M_K5_C0003""]"
TCGA-BP-4167,TCGA-BP-5190,7,3,1,0.14285714285714285,"[""K5_repeat2_K5_C0002_M_K5_C0003""]"
TCGA-BP-4167,TCGA-BP-5191,7,3,1,0.14285714285714285,"[""K5_repeat2_K5_C0002_M_K5_C0003""]"
TCGA-BP-4167,TCGA-BP-5192,7,10,0,0.0,[]
TCGA-BP-4167,TCGA-BP-5194,7,11,0,0.0,[]
TCGA-BP-4167,TCGA-BP-5195,7,12,0,0.0,[]
TCGA-BP-4167,TCGA-BP-5196,7,8,0,0.0,[]
TCGA-BP-4167,TCGA-BP-5199,7,12,0,0.0,[]
TCGA-BP-4167,TCGA-BP-5200,7,11,0,0.0,[]
TCGA-BP-4167,TCGA-CJ-4637,7,7,7,1.0,"[""K4_repeat2_K4_C0003"", ""K5_repeat2_K5_C0002_M_K5_C0003"", ""K5_repeat3_K5_C0003"", ""K6_repeat3_K6_C0005"", ""K7_repeat1_K7_C0005"", ""K8_repeat1_K8_C0005"", ""K8_repeat2_K8_C0005""]"
TCGA-BP-4167,TCGA-CJ-4641,7,7,7,1.0,"[""K4_repeat2_K4_C0003"", ""K5_repeat2_K5_C0002_M_K5_C0003"", ""K5_repeat3_K5_C0003"", ""K6_repeat3_K6_C0005"", ""K7_repeat1_K7_C0005"", ""K8_repeat1_K8_C0005"", ""K8_repeat2_K8_C0005""]"
TCGA-BP-4167,TCGA-CJ-4900,7,6,5,0.7142857142857143,"[""K4_repeat2_K4_C0003"", ""K5_repeat2_K5_C0002_M_K5_C0003"", ""K5_repeat3_K5_C0003"", ""K6_repeat3_K6_C0005"", ""K7_repeat1_K7_C0005""]"
TCGA-BP-4167,TCGA-CJ-4902,7,4,1,0.14285714285714285,"[""K4_repeat2_K4_C0003""]"
TCGA-BP-4167,TCGA-CJ-4903,7,8,0,0.0,[]
TCGA-BP-4167,TCGA-CJ-4904,7,9,0,0.0,[]
TCGA-BP-4167,TCGA-CJ-4923,7,7,7,1.0,"[""K4_repeat2_K4_C0003"", ""K5_repeat2_K5_C0002_M_K5_C0003"", ""K5_repeat3_K5_C0003"", ""K6_repeat3_K6_C0005"", ""K7_repeat1_K7_C0005"", ""K8_repeat1_K8_C0005"", ""K8_repeat2_K8_C0005""]"
TCGA-BP-4167,TCGA-CJ-6027,7,7,7,1.0,"[""K4_repeat2_K4_C0003"", ""K5_repeat2_K5_C0002_M_K5_C0003"", ""K5_repeat3_K5_C0003"", ""K6_repeat3_K6_C0005"", ""K7_repeat1_K7_C0005"", ""K8_repeat1_K8_C0005"", ""K8_repeat2_K8_C0005""]"
TCGA-BP-4167,TCGA-CJ-6028,7,7,7,1.0,"[""K4_repeat2_K4_C0003"", ""K5_repeat2_K5_C0002_M_K5_C0003"", ""K5_repeat3_K5_C0003"", ""K6_repeat3_K6_C0005"", ""K7_repeat1_K7_C0005"", ""K8_repeat1_K8_C0005"", ""K8_repeat2_K8_C0005""]"
TCGA-BP-4167,TCGA-CJ-6030,7,7,7,1.0,"[""K4_repeat2_K4_C0003"", ""K5_repeat2_K5_C0002_M_K5_C0003"", ""K5_repeat3_K5_C0003"", ""K6_repeat3_K6_C0005"", ""K7_repeat1_K7_C0005"", ""K8_repeat1_K8_C0005"", ""K8_repeat2_K8_C0005""]"
TCGA-BP-4167,TCGA-CJ-6033,7,5,0,0.0,[]
TCGA-BP-4167,TCGA-CZ-4859,7,12,0,0.0,[]
TCGA-BP-4167,TCGA-CZ-4863,7,3,1,0.14285714285714285,"[""K5_repeat2_K5_C0002_M_K5_C0003""]"
TCGA-BP-4167,TCGA-CZ-4865,7,3,1,0.14285714285714285,"[""K5_repeat2_K5_C0002_M_K5_C0003""]"
TCGA-BP-4167,TCGA-CZ-5451,7,9,0,0.0,[]
TCGA-BP-4167,TCGA-CZ-5462,7,5,3,0.42857142857142855,"[""K5_repeat2_K5_C0002_M_K5_C0003"", ""K8_repeat1_K8_C0005"", ""K8_repeat2_K8_C0005""]"
TCGA-BP-4167,TCGA-CZ-5468,7,3,1,0.14285714285714285,"[""K5_repeat2_K5_C0002_M_K5_C0003""]"
TCGA-BP-4167,TCGA-CZ-5984,7,8,0,0.0,[]
TCGA-BP-4167,TCGA-CZ-5985,7,7,7,1.0,"[""K4_repeat2_K4_C0003"", ""K5_repeat2_K5_C0002_M_K5_C0003"", ""K5_repeat3_K5_C0003"", ""K6_repeat3_K6_C0005"", ""K7_repeat1_K7_C0005"", ""K8_repeat1_K8_C0005"", ""K8_repeat2_K8_C0005""]"
TCGA-BP-4167,TCGA-CZ-5988,7,3,1,0.14285714285714285,"[""K5_repeat2_K5_C0002_M_K5_C0003""]"
TCGA-BP-4167,TCGA-G6-A5PC,7,7,7,1.0,"[""K4_repeat2_K4_C0003"", ""K5_repeat2_K5_C0002_M_K5_C0003"", ""K5_repeat3_K5_C0003"", ""K6_repeat3_K6_C0005"", ""K7_repeat1_K7_C0005"", ""K8_repeat1_K8_C0005"", ""K8_repeat2_K8_C0005""]"
TCGA-BP-4167,TCGA-G6-A8L7,7,5,0,0.0,[]
TCGA-BP-4770,TCGA-BP-4782,3,3,3,1.0,"[""K5_repeat2_K5_C0002_M_K5_C0003"", ""K6_repeat3_K6_C0002_M_K6_C0003"", ""K7_repeat1_K7_C0002_M_K7_C0003""]"
TCGA-BP-4770,TCGA-BP-4960,3,10,0,0.0,[]
TCGA-BP-4770,TCGA-BP-4962,3,7,1,0.14285714285714285,"[""K5_repeat2_K5_C0002_M_K5_C0003""]"
TCGA-BP-4770,TCGA-BP-4965,3,11,0,0.0,[]
TCGA-BP-4770,TCGA-BP-4967,3,8,0,0.0,[]
TCGA-BP-4770,TCGA-BP-4970,3,8,0,0.0,[]
TCGA-BP-4770,TCGA-BP-4971,3,7,1,0.14285714285714285,"[""K5_repeat2_K5_C0002_M_K5_C0003""]"
TCGA-BP-4770,TCGA-BP-4972,3,6,1,0.16666666666666666,"[""K5_repeat2_K5_C0002_M_K5_C0003""]"
TCGA-BP-4770,TCGA-BP-4976,3,12,0,0.0,[]
TCGA-BP-4770,TCGA-BP-4977,3,8,0,0.0,[]
TCGA-BP-4770,TCGA-BP-4982,3,11,0,0.0,[]
TCGA-BP-4770,TCGA-BP-4986,3,8,0,0.0,[]
TCGA-BP-4770,TCGA-BP-4988,3,9,0,0.0,[]
TCGA-BP-4770,TCGA-BP-4989,3,13,0,0.0,[]
TCGA-BP-4770,TCGA-BP-4992,3,7,1,0.14285714285714285,"[""K5_repeat2_K5_C0002_M_K5_C0003""]"
TCGA-BP-4770,TCGA-BP-4994,3,3,3,1.0,"[""K5_repeat2_K5_C0002_M_K5_C0003"", ""K6_repeat3_K6_C0002_M_K6_C0003"", ""K7_repeat1_K7_C0002_M_K7_C0003""]"
TCGA-BP-4770,TCGA-BP-4995,3,12,0,0.0,[]
TCGA-BP-4770,TCGA-BP-4999,3,11,0,0.0,[]
TCGA-BP-4770,TCGA-BP-5000,3,3,3,1.0,"[""K5_repeat2_K5_C0002_M_K5_C0003"", ""K6_repeat3_K6_C0002_M_K6_C0003"", ""K7_repeat1_K7_C0002_M_K7_C0003""]"
TCGA-BP-4770,TCGA-BP-5001,3,12,0,0.0,[]
TCGA-BP-4770,TCGA-BP-5004,3,12,0,0.0,[]
TCGA-BP-4770,TCGA-BP-5006,3,12,0,0.0,[]
TCGA-BP-4770,TCGA-BP-5007,3,12,0,0.0,[]
TCGA-BP-4770,TCGA-BP-5009,3,12,0,0.0,[]
TCGA-BP-4770,TCGA-BP-5010,3,4,0,0.0,[]
TCGA-BP-4770,TCGA-BP-5174,3,8,0,0.0,[]
TCGA-BP-4770,TCGA-BP-5175,3,7,1,0.14285714285714285,"[""K5_repeat2_K5_C0002_M_K5_C0003""]"
TCGA-BP-4770,TCGA-BP-5180,3,13,0,0.0,[]
TCGA-BP-4770,TCGA-BP-5181,3,13,0,0.0,[]
TCGA-BP-4770,TCGA-BP-5183,3,13,0,0.0,[]
TCGA-BP-4770,TCGA-BP-5184,3,13,0,0.0,[]
TCGA-BP-4770,TCGA-BP-5186,3,13,0,0.0,[]
TCGA-BP-4770,TCGA-BP-5187,3,13,0,0.0,[]
TCGA-BP-4770,TCGA-BP-5189,3,11,2,0.18181818181818182,"[""K5_repeat2_K5_C0002_M_K5_C0003"", ""K7_repeat1_K7_C0002_M_K7_C0003""]"
TCGA-BP-4770,TCGA-BP-5190,3,3,3,1.0,"[""K5_repeat2_K5_C0002_M_K5_C0003"", ""K6_repeat3_K6_C0002_M_K6_C0003"", ""K7_repeat1_K7_C0002_M_K7_C0003""]"
TCGA-BP-4770,TCGA-BP-5191,3,3,3,1.0,"[""K5_repeat2_K5_C0002_M_K5_C0003"", ""K6_repeat3_K6_C0002_M_K6_C0003"", ""K7_repeat1_K7_C0002_M_K7_C0003""]"
TCGA-BP-4770,TCGA-BP-5192,3,10,0,0.0,[]
TCGA-BP-4770,TCGA-BP-5194,3,11,0,0.0,[]
TCGA-BP-4770,TCGA-BP-5195,3,12,0,0.0,[]
TCGA-BP-4770,TCGA-BP-5196,3,8,0,0.0,[]
TCGA-BP-4770,TCGA-BP-5199,3,12,0,0.0,[]
TCGA-BP-4770,TCGA-BP-5200,3,11,0,0.0,[]
TCGA-BP-4770,TCGA-CJ-4637,3,7,1,0.14285714285714285,"[""K5_repeat2_K5_C0002_M_K5_C0003""]"
TCGA-BP-4770,TCGA-CJ-4641,3,7,1,0.14285714285714285,"[""K5_repeat2_K5_C0002_M_K5_C0003""]"
TCGA-BP-4770,TCGA-CJ-4900,3,6,1,0.16666666666666666,"[""K5_repeat2_K5_C0002_M_K5_C0003""]"
TCGA-BP-4770,TCGA-CJ-4902,3,4,0,0.0,[]
TCGA-BP-4770,TCGA-CJ-4903,3,8,0,0.0,[]
TCGA-BP-4770,TCGA-CJ-4904,3,9,0,0.0,[]
TCGA-BP-4770,TCGA-CJ-4923,3,7,1,0.14285714285714285,"[""K5_repeat2_K5_C0002_M_K5_C0003""]"
TCGA-BP-4770,TCGA-CJ-6027,3,7,1,0.14285714285714285,"[""K5_repeat2_K5_C0002_M_K5_C0003""]"
TCGA-BP-4770,TCGA-CJ-6028,3,7,1,0.14285714285714285,"[""K5_repeat2_K5_C0002_M_K5_C0003""]"
TCGA-BP-4770,TCGA-CJ-6030,3,7,1,0.14285714285714285,"[""K5_repeat2_K5_C0002_M_K5_C0003""]"
TCGA-BP-4770,TCGA-CJ-6033,3,5,0,0.0,[]
TCGA-BP-4770,TCGA-CZ-4859,3,12,0,0.0,[]
TCGA-BP-4770,TCGA-CZ-4863,3,3,3,1.0,"[""K5_repeat2_K5_C0002_M_K5_C0003"", ""K6_repeat3_K6_C0002_M_K6_C0003"", ""K7_repeat1_K7_C0002_M_K7_C0003""]"
TCGA-BP-4770,TCGA-CZ-4865,3,3,3,1.0,"[""K5_repeat2_K5_C0002_M_K5_C0003"", ""K6_repeat3_K6_C0002_M_K6_C0003"", ""K7_repeat1_K7_C0002_M_K7_C0003""]"
TCGA-BP-4770,TCGA-CZ-5451,3,9,2,0.2222222222222222,"[""K6_repeat3_K6_C0002_M_K6_C0003"", ""K7_repeat1_K7_C0002_M_K7_C0003""]"
TCGA-BP-4770,TCGA-CZ-5462,3,5,3,0.6,"[""K5_repeat2_K5_C0002_M_K5_C0003"", ""K6_repeat3_K6_C0002_M_K6_C0003"", ""K7_repeat1_K7_C0002_M_K7_C0003""]"
TCGA-BP-4770,TCGA-CZ-5468,3,3,3,1.0,"[""K5_repeat2_K5_C0002_M_K5_C0003"", ""K6_repeat3_K6_C0002_M_K6_C0003"", ""K7_repeat1_K7_C0002_M_K7_C0003""]"
TCGA-BP-4770,TCGA-CZ-5984,3,8,0,0.0,[]
TCGA-BP-4770,TCGA-CZ-5985,3,7,1,0.14285714285714285,"[""K5_repeat2_K5_C0002_M_K5_C0003""]"
TCGA-BP-4770,TCGA-CZ-5988,3,3,3,1.0,"[""K5_repeat2_K5_C0002_M_K5_C0003"", ""K6_repeat3_K6_C0002_M_K6_C0003"", ""K7_repeat1_K7_C0002_M_K7_C0003""]"
TCGA-BP-4770,TCGA-G6-A5PC,3,7,1,0.14285714285714285,"[""K5_repeat2_K5_C0002_M_K5_C0003""]"
TCGA-BP-4770,TCGA-G6-A8L7,3,5,0,0.0,[]
TCGA-BP-4782,TCGA-BP-4960,3,10,0,0.0,[]
TCGA-BP-4782,TCGA-BP-4962,3,7,1,0.14285714285714285,"[""K5_repeat2_K5_C0002_M_K5_C0003""]"
TCGA-BP-4782,TCGA-BP-4965,3,11,0,0.0,[]
TCGA-BP-4782,TCGA-BP-4967,3,8,0,0.0,[]
TCGA-BP-4782,TCGA-BP-4970,3,8,0,0.0,[]
TCGA-BP-4782,TCGA-BP-4971,3,7,1,0.14285714285714285,"[""K5_repeat2_K5_C0002_M_K5_C0003""]"
TCGA-BP-4782,TCGA-BP-4972,3,6,1,0.16666666666666666,"[""K5_repeat2_K5_C0002_M_K5_C0003""]"
TCGA-BP-4782,TCGA-BP-4976,3,12,0,0.0,[]
TCGA-BP-4782,TCGA-BP-4977,3,8,0,0.0,[]
TCGA-BP-4782,TCGA-BP-4982,3,11,0,0.0,[]
TCGA-BP-4782,TCGA-BP-4986,3,8,0,0.0,[]
TCGA-BP-4782,TCGA-BP-4988,3,9,0,0.0,[]
TCGA-BP-4782,TCGA-BP-4989,3,13,0,0.0,[]
TCGA-BP-4782,TCGA-BP-4992,3,7,1,0.14285714285714285,"[""K5_repeat2_K5_C0002_M_K5_C0003""]"
TCGA-BP-4782,TCGA-BP-4994,3,3,3,1.0,"[""K5_repeat2_K5_C0002_M_K5_C0003"", ""K6_repeat3_K6_C0002_M_K6_C0003"", ""K7_repeat1_K7_C0002_M_K7_C0003""]"
TCGA-BP-4782,TCGA-BP-4995,3,12,0,0.0,[]
TCGA-BP-4782,TCGA-BP-4999,3,11,0,0.0,[]
TCGA-BP-4782,TCGA-BP-5000,3,3,3,1.0,"[""K5_repeat2_K5_C0002_M_K5_C0003"", ""K6_repeat3_K6_C0002_M_K6_C0003"", ""K7_repeat1_K7_C0002_M_K7_C0003""]"
TCGA-BP-4782,TCGA-BP-5001,3,12,0,0.0,[]
TCGA-BP-4782,TCGA-BP-5004,3,12,0,0.0,[]
TCGA-BP-4782,TCGA-BP-5006,3,12,0,0.0,[]
TCGA-BP-4782,TCGA-BP-5007,3,12,0,0.0,[]
TCGA-BP-4782,TCGA-BP-5009,3,12,0,0.0,[]
TCGA-BP-4782,TCGA-BP-5010,3,4,0,0.0,[]
TCGA-BP-4782,TCGA-BP-5174,3,8,0,0.0,[]
TCGA-BP-4782,TCGA-BP-5175,3,7,1,0.14285714285714285,"[""K5_repeat2_K5_C0002_M_K5_C0003""]"
TCGA-BP-4782,TCGA-BP-5180,3,13,0,0.0,[]
TCGA-BP-4782,TCGA-BP-5181,3,13,0,0.0,[]
TCGA-BP-4782,TCGA-BP-5183,3,13,0,0.0,[]
TCGA-BP-4782,TCGA-BP-5184,3,13,0,0.0,[]
TCGA-BP-4782,TCGA-BP-5186,3,13,0,0.0,[]
TCGA-BP-4782,TCGA-BP-5187,3,13,0,0.0,[]
TCGA-BP-4782,TCGA-BP-5189,3,11,2,0.18181818181818182,"[""K5_repeat2_K5_C0002_M_K5_C0003"", ""K7_repeat1_K7_C0002_M_K7_C0003""]"
TCGA-BP-4782,TCGA-BP-5190,3,3,3,1.0,"[""K5_repeat2_K5_C0002_M_K5_C0003"", ""K6_repeat3_K6_C0002_M_K6_C0003"", ""K7_repeat1_K7_C0002_M_K7_C0003""]"
TCGA-BP-4782,TCGA-BP-5191,3,3,3,1.0,"[""K5_repeat2_K5_C0002_M_K5_C0003"", ""K6_repeat3_K6_C0002_M_K6_C0003"", ""K7_repeat1_K7_C0002_M_K7_C0003""]"
TCGA-BP-4782,TCGA-BP-5192,3,10,0,0.0,[]
TCGA-BP-4782,TCGA-BP-5194,3,11,0,0.0,[]
TCGA-BP-4782,TCGA-BP-5195,3,12,0,0.0,[]
TCGA-BP-4782,TCGA-BP-5196,3,8,0,0.0,[]
TCGA-BP-4782,TCGA-BP-5199,3,12,0,0.0,[]
TCGA-BP-4782,TCGA-BP-5200,3,11,0,0.0,[]
TCGA-BP-4782,TCGA-CJ-4637,3,7,1,0.14285714285714285,"[""K5_repeat2_K5_C0002_M_K5_C0003""]"
TCGA-BP-4782,TCGA-CJ-4641,3,7,1,0.14285714285714285,"[""K5_repeat2_K5_C0002_M_K5_C0003""]"
TCGA-BP-4782,TCGA-CJ-4900,3,6,1,0.16666666666666666,"[""K5_repeat2_K5_C0002_M_K5_C0003""]"
TCGA-BP-4782,TCGA-CJ-4902,3,4,0,0.0,[]
TCGA-BP-4782,TCGA-CJ-4903,3,8,0,0.0,[]
TCGA-BP-4782,TCGA-CJ-4904,3,9,0,0.0,[]
TCGA-BP-4782,TCGA-CJ-4923,3,7,1,0.14285714285714285,"[""K5_repeat2_K5_C0002_M_K5_C0003""]"
TCGA-BP-4782,TCGA-CJ-6027,3,7,1,0.14285714285714285,"[""K5_repeat2_K5_C0002_M_K5_C0003""]"
TCGA-BP-4782,TCGA-CJ-6028,3,7,1,0.14285714285714285,"[""K5_repeat2_K5_C0002_M_K5_C0003""]"
TCGA-BP-4782,TCGA-CJ-6030,3,7,1,0.14285714285714285,"[""K5_repeat2_K5_C0002_M_K5_C0003""]"
TCGA-BP-4782,TCGA-CJ-6033,3,5,0,0.0,[]
TCGA-BP-4782,TCGA-CZ-4859,3,12,0,0.0,[]
TCGA-BP-4782,TCGA-CZ-4863,3,3,3,1.0,"[""K5_repeat2_K5_C0002_M_K5_C0003"", ""K6_repeat3_K6_C0002_M_K6_C0003"", ""K7_repeat1_K7_C0002_M_K7_C0003""]"
TCGA-BP-4782,TCGA-CZ-4865,3,3,3,1.0,"[""K5_repeat2_K5_C0002_M_K5_C0003"", ""K6_repeat3_K6_C0002_M_K6_C0003"", ""K7_repeat1_K7_C0002_M_K7_C0003""]"
TCGA-BP-4782,TCGA-CZ-5451,3,9,2,0.2222222222222222,"[""K6_repeat3_K6_C0002_M_K6_C0003"", ""K7_repeat1_K7_C0002_M_K7_C0003""]"
TCGA-BP-4782,TCGA-CZ-5462,3,5,3,0.6,"[""K5_repeat2_K5_C0002_M_K5_C0003"", ""K6_repeat3_K6_C0002_M_K6_C0003"", ""K7_repeat1_K7_C0002_M_K7_C0003""]"
TCGA-BP-4782,TCGA-CZ-5468,3,3,3,1.0,"[""K5_repeat2_K5_C0002_M_K5_C0003"", ""K6_repeat3_K6_C0002_M_K6_C0003"", ""K7_repeat1_K7_C0002_M_K7_C0003""]"
TCGA-BP-4782,TCGA-CZ-5984,3,8,0,0.0,[]
TCGA-BP-4782,TCGA-CZ-5985,3,7,1,0.14285714285714285,"[""K5_repeat2_K5_C0002_M_K5_C0003""]"
TCGA-BP-4782,TCGA-CZ-5988,3,3,3,1.0,"[""K5_repeat2_K5_C0002_M_K5_C0003"", ""K6_repeat3_K6_C0002_M_K6_C0003"", ""K7_repeat1_K7_C0002_M_K7_C0003""]"
TCGA-BP-4782,TCGA-G6-A5PC,3,7,1,0.14285714285714285,"[""K5_repeat2_K5_C0002_M_K5_C0003""]"
TCGA-BP-4782,TCGA-G6-A8L7,3,5,0,0.0,[]
TCGA-BP-4960,TCGA-BP-4962,10,7,0,0.0,[]
TCGA-BP-4960,TCGA-BP-4965,10,11,8,0.7272727272727273,"[""K2_repeat1_K2_C0002"", ""K2_repeat2_K2_C0002"", ""K2_repeat3_K2_C0002"", ""K4_repeat1_K4_C0001_M_K4_C0004"", ""K4_repeat2_K4_C0001"", ""K5_repeat2_K5_C0001_M_K5_C0005"", ""K5_repeat3_K5_C0001_M_K5_C0005"", ""K6_repeat3_K6_C0001_M_K6_C0004""]"
TCGA-BP-4960,TCGA-BP-4967,10,8,4,0.4,"[""K2_repeat1_K2_C0002"", ""K2_repeat2_K2_C0002"", ""K2_repeat3_K2_C0002"", ""K4_repeat1_K4_C0001_M_K4_C0004""]"
TCGA-BP-4960,TCGA-BP-4970,10,8,4,0.4,"[""K2_repeat1_K2_C0002"", ""K2_repeat2_K2_C0002"", ""K2_repeat3_K2_C0002"", ""K4_repeat1_K4_C0001_M_K4_C0004""]"
TCGA-BP-4960,TCGA-BP-4971,10,7,0,0.0,[]
TCGA-BP-4960,TCGA-BP-4972,10,6,4,0.4,"[""K2_repeat1_K2_C0002"", ""K2_repeat2_K2_C0002"", ""K2_repeat3_K2_C0002"", ""K6_repeat3_K6_C0001_M_K6_C0004""]"
TCGA-BP-4960,TCGA-BP-4976,10,12,8,0.6666666666666666,"[""K2_repeat1_K2_C0002"", ""K2_repeat2_K2_C0002"", ""K2_repeat3_K2_C0002"", ""K4_repeat1_K4_C0001_M_K4_C0004"", ""K4_repeat2_K4_C0001"", ""K5_repeat2_K5_C0001_M_K5_C0005"", ""K5_repeat3_K5_C0001_M_K5_C0005"", ""K6_repeat3_K6_C0001_M_K6_C0004""]"
TCGA-BP-4960,TCGA-BP-4977,10,8,4,0.4,"[""K2_repeat1_K2_C0002"", ""K2_repeat2_K2_C0002"", ""K2_repeat3_K2_C0002"", ""K4_repeat1_K4_C0001_M_K4_C0004""]"
TCGA-BP-4960,TCGA-BP-4982,10,11,8,0.7272727272727273,"[""K2_repeat1_K2_C0002"", ""K2_repeat2_K2_C0002"", ""K2_repeat3_K2_C0002"", ""K4_repeat1_K4_C0001_M_K4_C0004"", ""K4_repeat2_K4_C0001"", ""K5_repeat2_K5_C0001_M_K5_C0005"", ""K5_repeat3_K5_C0001_M_K5_C0005"", ""K6_repeat3_K6_C0001_M_K6_C0004""]"
TCGA-BP-4960,TCGA-BP-4986,10,8,4,0.4,"[""K2_repeat1_K2_C0002"", ""K2_repeat2_K2_C0002"", ""K2_repeat3_K2_C0002"", ""K4_repeat1_K4_C0001_M_K4_C0004""]"
TCGA-BP-4960,TCGA-BP-4988,10,9,9,0.9,"[""K2_repeat1_K2_C0002"", ""K2_repeat2_K2_C0002"", ""K2_repeat3_K2_C0002"", ""K4_repeat1_K4_C0001_M_K4_C0004"", ""K4_repeat2_K4_C0001"", ""K5_repeat2_K5_C0001_M_K5_C0005"", ""K5_repeat3_K5_C0001_M_K5_C0005"", ""K6_repeat3_K6_C0001_M_K6_C0004"", ""K7_repeat1_K7_C0001""]"
TCGA-BP-4960,TCGA-BP-4989,10,13,10,0.7692307692307693,"[""K2_repeat1_K2_C0002"", ""K2_repeat2_K2_C0002"", ""K2_repeat3_K2_C0002"", ""K4_repeat1_K4_C0001_M_K4_C0004"", ""K4_repeat2_K4_C0001"", ""K5_repeat2_K5_C0001_M_K5_C0005"", ""K5_repeat3_K5_C0001_M_K5_C0005"", ""K6_repeat3_K6_C0001_M_K6_C0004"", ""K7_repeat1_K7_C0001"", ""K8_repeat2_K8_C0001""]"
TCGA-BP-4960,TCGA-BP-4992,10,7,0,0.0,[]
TCGA-BP-4960,TCGA-BP-4994,10,3,0,0.0,[]
TCGA-BP-4960,TCGA-BP-4995,10,12,8,0.6666666666666666,"[""K2_repeat1_K2_C0002"", ""K2_repeat2_K2_C0002"", ""K2_repeat3_K2_C0002"", ""K4_repeat1_K4_C0001_M_K4_C0004"", ""K4_repeat2_K4_C0001"", ""K5_repeat2_K5_C0001_M_K5_C0005"", ""K5_repeat3_K5_C0001_M_K5_C0005"", ""K6_repeat3_K6_C0001_M_K6_C0004""]"
TCGA-BP-4960,TCGA-BP-4999,10,11,8,0.7272727272727273,"[""K2_repeat1_K2_C0002"", ""K2_repeat2_K2_C0002"", ""K2_repeat3_K2_C0002"", ""K4_repeat1_K4_C0001_M_K4_C0004"", ""K4_repeat2_K4_C0001"", ""K5_repeat2_K5_C0001_M_K5_C0005"", ""K5_repeat3_K5_C0001_M_K5_C0005"", ""K6_repeat3_K6_C0001_M_K6_C0004""]"
TCGA-BP-4960,TCGA-BP-5000,10,3,0,0.0,[]
TCGA-BP-4960,TCGA-BP-5001,10,12,8,0.6666666666666666,"[""K2_repeat1_K2_C0002"", ""K2_repeat2_K2_C0002"", ""K2_repeat3_K2_C0002"", ""K4_repeat1_K4_C0001_M_K4_C0004"", ""K4_repeat2_K4_C0001"", ""K5_repeat2_K5_C0001_M_K5_C0005"", ""K5_repeat3_K5_C0001_M_K5_C0005"", ""K6_repeat3_K6_C0001_M_K6_C0004""]"
TCGA-BP-4960,TCGA-BP-5004,10,12,8,0.6666666666666666,"[""K2_repeat1_K2_C0002"", ""K2_repeat2_K2_C0002"", ""K2_repeat3_K2_C0002"", ""K4_repeat1_K4_C0001_M_K4_C0004"", ""K4_repeat2_K4_C0001"", ""K5_repeat2_K5_C0001_M_K5_C0005"", ""K5_repeat3_K5_C0001_M_K5_C0005"", ""K6_repeat3_K6_C0001_M_K6_C0004""]"
TCGA-BP-4960,TCGA-BP-5006,10,12,8,0.6666666666666666,"[""K2_repeat1_K2_C0002"", ""K2_repeat2_K2_C0002"", ""K2_repeat3_K2_C0002"", ""K4_repeat1_K4_C0001_M_K4_C0004"", ""K4_repeat2_K4_C0001"", ""K5_repeat2_K5_C0001_M_K5_C0005"", ""K5_repeat3_K5_C0001_M_K5_C0005"", ""K6_repeat3_K6_C0001_M_K6_C0004""]"
TCGA-BP-4960,TCGA-BP-5007,10,12,8,0.6666666666666666,"[""K2_repeat1_K2_C0002"", ""K2_repeat2_K2_C0002"", ""K2_repeat3_K2_C0002"", ""K4_repeat1_K4_C0001_M_K4_C0004"", ""K4_repeat2_K4_C0001"", ""K5_repeat2_K5_C0001_M_K5_C0005"", ""K5_repeat3_K5_C0001_M_K5_C0005"", ""K6_repeat3_K6_C0001_M_K6_C0004""]"
TCGA-BP-4960,TCGA-BP-5009,10,12,9,0.75,"[""K2_repeat1_K2_C0002"", ""K2_repeat2_K2_C0002"", ""K2_repeat3_K2_C0002"", ""K4_repeat1_K4_C0001_M_K4_C0004"", ""K4_repeat2_K4_C0001"", ""K5_repeat2_K5_C0001_M_K5_C0005"", ""K5_repeat3_K5_C0001_M_K5_C0005"", ""K6_repeat3_K6_C0001_M_K6_C0004"", ""K7_repeat1_K7_C0001""]"
TCGA-BP-4960,TCGA-BP-5010,10,4,0,0.0,[]
TCGA-BP-4960,TCGA-BP-5174,10,8,4,0.4,"[""K2_repeat1_K2_C0002"", ""K2_repeat2_K2_C0002"", ""K2_repeat3_K2_C0002"", ""K4_repeat1_K4_C0001_M_K4_C0004""]"
TCGA-BP-4960,TCGA-BP-5175,10,7,0,0.0,[]
TCGA-BP-4960,TCGA-BP-5180,10,13,10,0.7692307692307693,"[""K2_repeat1_K2_C0002"", ""K2_repeat2_K2_C0002"", ""K2_repeat3_K2_C0002"", ""K4_repeat1_K4_C0001_M_K4_C0004"", ""K4_repeat2_K4_C0001"", ""K5_repeat2_K5_C0001_M_K5_C0005"", ""K5_repeat3_K5_C0001_M_K5_C0005"", ""K6_repeat3_K6_C0001_M_K6_C0004"", ""K7_repeat1_K7_C0001"", ""K8_repeat2_K8_C0001""]"
TCGA-BP-4960,TCGA-BP-5181,10,13,10,0.7692307692307693,"[""K2_repeat1_K2_C0002"", ""K2_repeat2_K2_C0002"", ""K2_repeat3_K2_C0002"", ""K4_repeat1_K4_C0001_M_K4_C0004"", ""K4_repeat2_K4_C0001"", ""K5_repeat2_K5_C0001_M_K5_C0005"", ""K5_repeat3_K5_C0001_M_K5_C0005"", ""K6_repeat3_K6_C0001_M_K6_C0004"", ""K7_repeat1_K7_C0001"", ""K8_repeat2_K8_C0001""]"
TCGA-BP-4960,TCGA-BP-5183,10,13,10,0.7692307692307693,"[""K2_repeat1_K2_C0002"", ""K2_repeat2_K2_C0002"", ""K2_repeat3_K2_C0002"", ""K4_repeat1_K4_C0001_M_K4_C0004"", ""K4_repeat2_K4_C0001"", ""K5_repeat2_K5_C0001_M_K5_C0005"", ""K5_repeat3_K5_C0001_M_K5_C0005"", ""K6_repeat3_K6_C0001_M_K6_C0004"", ""K7_repeat1_K7_C0001"", ""K8_repeat2_K8_C0001""]"
TCGA-BP-4960,TCGA-BP-5184,10,13,10,0.7692307692307693,"[""K2_repeat1_K2_C0002"", ""K2_repeat2_K2_C0002"", ""K2_repeat3_K2_C0002"", ""K4_repeat1_K4_C0001_M_K4_C0004"", ""K4_repeat2_K4_C0001"", ""K5_repeat2_K5_C0001_M_K5_C0005"", ""K5_repeat3_K5_C0001_M_K5_C0005"", ""K6_repeat3_K6_C0001_M_K6_C0004"", ""K7_repeat1_K7_C0001"", ""K8_repeat2_K8_C0001""]"
TCGA-BP-4960,TCGA-BP-5186,10,13,10,0.7692307692307693,"[""K2_repeat1_K2_C0002"", ""K2_repeat2_K2_C0002"", ""K2_repeat3_K2_C0002"", ""K4_repeat1_K4_C0001_M_K4_C0004"", ""K4_repeat2_K4_C0001"", ""K5_repeat2_K5_C0001_M_K5_C0005"", ""K5_repeat3_K5_C0001_M_K5_C0005"", ""K6_repeat3_K6_C0001_M_K6_C0004"", ""K7_repeat1_K7_C0001"", ""K8_repeat2_K8_C0001""]"
TCGA-BP-4960,TCGA-BP-5187,10,13,10,0.7692307692307693,"[""K2_repeat1_K2_C0002"", ""K2_repeat2_K2_C0002"", ""K2_repeat3_K2_C0002"", ""K4_repeat1_K4_C0001_M_K4_C0004"", ""K4_repeat2_K4_C0001"", ""K5_repeat2_K5_C0001_M_K5_C0005"", ""K5_repeat3_K5_C0001_M_K5_C0005"", ""K6_repeat3_K6_C0001_M_K6_C0004"", ""K7_repeat1_K7_C0001"", ""K8_repeat2_K8_C0001""]"
TCGA-BP-4960,TCGA-BP-5189,10,11,6,0.5454545454545454,"[""K2_repeat1_K2_C0002"", ""K2_repeat2_K2_C0002"", ""K2_repeat3_K2_C0002"", ""K4_repeat1_K4_C0001_M_K4_C0004"", ""K4_repeat2_K4_C0001"", ""K6_repeat3_K6_C0001_M_K6_C0004""]"
TCGA-BP-4960,TCGA-BP-5190,10,3,0,0.0,[]
TCGA-BP-4960,TCGA-BP-5191,10,3,0,0.0,[]
TCGA-BP-4960,TCGA-BP-5192,10,10,4,0.4,"[""K2_repeat1_K2_C0002"", ""K2_repeat2_K2_C0002"", ""K2_repeat3_K2_C0002"", ""K4_repeat1_K4_C0001_M_K4_C0004""]"
TCGA-BP-4960,TCGA-BP-5194,10,11,8,0.7272727272727273,"[""K2_repeat1_K2_C0002"", ""K2_repeat2_K2_C0002"", ""K2_repeat3_K2_C0002"", ""K4_repeat1_K4_C0001_M_K4_C0004"", ""K4_repeat2_K4_C0001"", ""K5_repeat2_K5_C0001_M_K5_C0005"", ""K5_repeat3_K5_C0001_M_K5_C0005"", ""K6_repeat3_K6_C0001_M_K6_C0004""]"
TCGA-BP-4960,TCGA-BP-5195,10,12,9,0.75,"[""K2_repeat1_K2_C0002"", ""K2_repeat2_K2_C0002"", ""K2_repeat3_K2_C0002"", ""K4_repeat1_K4_C0001_M_K4_C0004"", ""K4_repeat2_K4_C0001"", ""K5_repeat2_K5_C0001_M_K5_C0005"", ""K5_repeat3_K5_C0001_M_K5_C0005"", ""K6_repeat3_K6_C0001_M_K6_C0004"", ""K8_repeat2_K8_C0001""]"
TCGA-BP-4960,TCGA-BP-5196,10,8,4,0.4,"[""K2_repeat1_K2_C0002"", ""K2_repeat2_K2_C0002"", ""K2_repeat3_K2_C0002"", ""K4_repeat1_K4_C0001_M_K4_C0004""]"
TCGA-BP-4960,TCGA-BP-5199,10,12,7,0.5833333333333334,"[""K2_repeat1_K2_C0002"", ""K2_repeat2_K2_C0002"", ""K2_repeat3_K2_C0002"", ""K4_repeat1_K4_C0001_M_K4_C0004"", ""K5_repeat2_K5_C0001_M_K5_C0005"", ""K5_repeat3_K5_C0001_M_K5_C0005"", ""K6_repeat3_K6_C0001_M_K6_C0004""]"
TCGA-BP-4960,TCGA-BP-5200,10,11,8,0.7272727272727273,"[""K2_repeat1_K2_C0002"", ""K2_repeat2_K2_C0002"", ""K2_repeat3_K2_C0002"", ""K4_repeat1_K4_C0001_M_K4_C0004"", ""K4_repeat2_K4_C0001"", ""K5_repeat2_K5_C0001_M_K5_C0005"", ""K5_repeat3_K5_C0001_M_K5_C0005"", ""K6_repeat3_K6_C0001_M_K6_C0004""]"
TCGA-BP-4960,TCGA-CJ-4637,10,7,0,0.0,[]
TCGA-BP-4960,TCGA-CJ-4641,10,7,0,0.0,[]
TCGA-BP-4960,TCGA-CJ-4900,10,6,1,0.1,"[""K8_repeat2_K8_C0001""]"
TCGA-BP-4960,TCGA-CJ-4902,10,4,0,0.0,[]
TCGA-BP-4960,TCGA-CJ-4903,10,8,8,0.8,"[""K2_repeat1_K2_C0002"", ""K2_repeat2_K2_C0002"", ""K2_repeat3_K2_C0002"", ""K4_repeat1_K4_C0001_M_K4_C0004"", ""K4_repeat2_K4_C0001"", ""K5_repeat2_K5_C0001_M_K5_C0005"", ""K5_repeat3_K5_C0001_M_K5_C0005"", ""K6_repeat3_K6_C0001_M_K6_C0004""]"
TCGA-BP-4960,TCGA-CJ-4904,10,9,9,0.9,"[""K2_repeat1_K2_C0002"", ""K2_repeat2_K2_C0002"", ""K2_repeat3_K2_C0002"", ""K4_repeat1_K4_C0001_M_K4_C0004"", ""K4_repeat2_K4_C0001"", ""K5_repeat2_K5_C0001_M_K5_C0005"", ""K5_repeat3_K5_C0001_M_K5_C0005"", ""K6_repeat3_K6_C0001_M_K6_C0004"", ""K7_repeat1_K7_C0001""]"
TCGA-BP-4960,TCGA-CJ-4923,10,7,0,0.0,[]
TCGA-BP-4960,TCGA-CJ-6027,10,7,0,0.0,[]
TCGA-BP-4960,TCGA-CJ-6028,10,7,0,0.0,[]
TCGA-BP-4960,TCGA-CJ-6030,10,7,0,0.0,[]
TCGA-BP-4960,TCGA-CJ-6033,10,5,5,0.5,"[""K4_repeat1_K4_C0001_M_K4_C0004"", ""K4_repeat2_K4_C0001"", ""K5_repeat2_K5_C0001_M_K5_C0005"", ""K5_repeat3_K5_C0001_M_K5_C0005"", ""K6_repeat3_K6_C0001_M_K6_C0004""]"
TCGA-BP-4960,TCGA-CZ-4859,10,12,8,0.6666666666666666,"[""K2_repeat1_K2_C0002"", ""K2_repeat2_K2_C0002"", ""K2_repeat3_K2_C0002"", ""K4_repeat1_K4_C0001_M_K4_C0004"", ""K4_repeat2_K4_C0001"", ""K5_repeat2_K5_C0001_M_K5_C0005"", ""K5_repeat3_K5_C0001_M_K5_C0005"", ""K6_repeat3_K6_C0001_M_K6_C0004""]"
TCGA-BP-4960,TCGA-CZ-4863,10,3,0,0.0,[]
TCGA-BP-4960,TCGA-CZ-4865,10,3,0,0.0,[]
TCGA-BP-4960,TCGA-CZ-5451,10,9,7,0.7,"[""K2_repeat1_K2_C0002"", ""K2_repeat2_K2_C0002"", ""K2_repeat3_K2_C0002"", ""K4_repeat1_K4_C0001_M_K4_C0004"", ""K4_repeat2_K4_C0001"", ""K5_repeat2_K5_C0001_M_K5_C0005"", ""K5_repeat3_K5_C0001_M_K5_C0005""]"
TCGA-BP-4960,TCGA-CZ-5462,10,5,0,0.0,[]
TCGA-BP-4960,TCGA-CZ-5468,10,3,0,0.0,[]
TCGA-BP-4960,TCGA-CZ-5984,10,8,4,0.4,"[""K2_repeat1_K2_C0002"", ""K2_repeat2_K2_C0002"", ""K2_repeat3_K2_C0002"", ""K4_repeat1_K4_C0001_M_K4_C0004""]"
TCGA-BP-4960,TCGA-CZ-5985,10,7,0,0.0,[]
TCGA-BP-4960,TCGA-CZ-5988,10,3,0,0.0,[]
TCGA-BP-4960,TCGA-G6-A5PC,10,7,0,0.0,[]
TCGA-BP-4960,TCGA-G6-A8L7,10,5,5,0.5,"[""K4_repeat1_K4_C0001_M_K4_C0004"", ""K4_repeat2_K4_C0001"", ""K5_repeat2_K5_C0001_M_K5_C0005"", ""K5_repeat3_K5_C0001_M_K5_C0005"", ""K6_repeat3_K6_C0001_M_K6_C0004""]"
TCGA-BP-4962,TCGA-BP-4965,7,11,0,0.0,[]
TCGA-BP-4962,TCGA-BP-4967,7,8,0,0.0,[]
TCGA-BP-4962,TCGA-BP-4970,7,8,0,0.0,[]
TCGA-BP-4962,TCGA-BP-4971,7,7,7,1.0,"[""K4_repeat2_K4_C0003"", ""K5_repeat2_K5_C0002_M_K5_C0003"", ""K5_repeat3_K5_C0003"", ""K6_repeat3_K6_C0005"", ""K7_repeat1_K7_C0005"", ""K8_repeat1_K8_C0005"", ""K8_repeat2_K8_C0005""]"
TCGA-BP-4962,TCGA-BP-4972,7,6,1,0.14285714285714285,"[""K5_repeat2_K5_C0002_M_K5_C0003""]"
TCGA-BP-4962,TCGA-BP-4976,7,12,0,0.0,[]
TCGA-BP-4962,TCGA-BP-4977,7,8,0,0.0,[]
TCGA-BP-4962,TCGA-BP-4982,7,11,0,0.0,[]
TCGA-BP-4962,TCGA-BP-4986,7,8,0,0.0,[]
TCGA-BP-4962,TCGA-BP-4988,7,9,0,0.0,[]
TCGA-BP-4962,TCGA-BP-4989,7,13,0,0.0,[]
TCGA-BP-4962,TCGA-BP-4992,7,7,7,1.0,"[""K4_repeat2_K4_C0003"", ""K5_repeat2_K5_C0002_M_K5_C0003"", ""K5_repeat3_K5_C0003"", ""K6_repeat3_K6_C0005"", ""K7_repeat1_K7_C0005"", ""K8_repeat1_K8_C0005"", ""K8_repeat2_K8_C0005""]"
TCGA-BP-4962,TCGA-BP-4994,7,3,1,0.14285714285714285,"[""K5_repeat2_K5_C0002_M_K5_C0003""]"
TCGA-BP-4962,TCGA-BP-4995,7,12,0,0.0,[]
TCGA-BP-4962,TCGA-BP-4999,7,11,0,0.0,[]
TCGA-BP-4962,TCGA-BP-5000,7,3,1,0.14285714285714285,"[""K5_repeat2_K5_C0002_M_K5_C0003""]"
TCGA-BP-4962,TCGA-BP-5001,7,12,0,0.0,[]
TCGA-BP-4962,TCGA-BP-5004,7,12,0,0.0,[]
TCGA-BP-4962,TCGA-BP-5006,7,12,0,0.0,[]
TCGA-BP-4962,TCGA-BP-5007,7,12,0,0.0,[]
TCGA-BP-4962,TCGA-BP-5009,7,12,0,0.0,[]
TCGA-BP-4962,TCGA-BP-5010,7,4,1,0.14285714285714285,"[""K4_repeat2_K4_C0003""]"
TCGA-BP-4962,TCGA-BP-5174,7,8,0,0.0,[]
TCGA-BP-4962,TCGA-BP-5175,7,7,7,1.0,"[""K4_repeat2_K4_C0003"", ""K5_repeat2_K5_C0002_M_K5_C0003"", ""K5_repeat3_K5_C0003"", ""K6_repeat3_K6_C0005"", ""K7_repeat1_K7_C0005"", ""K8_repeat1_K8_C0005"", ""K8_repeat2_K8_C0005""]"
TCGA-BP-4962,TCGA-BP-5180,7,13,0,0.0,[]
TCGA-BP-4962,TCGA-BP-5181,7,13,0,0.0,[]
TCGA-BP-4962,TCGA-BP-5183,7,13,0,0.0,[]
TCGA-BP-4962,TCGA-BP-5184,7,13,0,0.0,[]
TCGA-BP-4962,TCGA-BP-5186,7,13,0,0.0,[]
TCGA-BP-4962,TCGA-BP-5187,7,13,0,0.0,[]
TCGA-BP-4962,TCGA-BP-5189,7,11,1,0.09090909090909091,"[""K5_repeat2_K5_C0002_M_K5_C0003""]"
TCGA-BP-4962,TCGA-BP-5190,7,3,1,0.14285714285714285,"[""K5_repeat2_K5_C0002_M_K5_C0003""]"
TCGA-BP-4962,TCGA-BP-5191,7,3,1,0.14285714285714285,"[""K5_repeat2_K5_C0002_M_K5_C0003""]"
TCGA-BP-4962,TCGA-BP-5192,7,10,0,0.0,[]
TCGA-BP-4962,TCGA-BP-5194,7,11,0,0.0,[]
TCGA-BP-4962,TCGA-BP-5195,7,12,0,0.0,[]
TCGA-BP-4962,TCGA-BP-5196,7,8,0,0.0,[]
TCGA-BP-4962,TCGA-BP-5199,7,12,0,0.0,[]
TCGA-BP-4962,TCGA-BP-5200,7,11,0,0.0,[]
TCGA-BP-4962,TCGA-CJ-4637,7,7,7,1.0,"[""K4_repeat2_K4_C0003"", ""K5_repeat2_K5_C0002_M_K5_C0003"", ""K5_repeat3_K5_C0003"", ""K6_repeat3_K6_C0005"", ""K7_repeat1_K7_C0005"", ""K8_repeat1_K8_C0005"", ""K8_repeat2_K8_C0005""]"
TCGA-BP-4962,TCGA-CJ-4641,7,7,7,1.0,"[""K4_repeat2_K4_C0003"", ""K5_repeat2_K5_C0002_M_K5_C0003"", ""K5_repeat3_K5_C0003"", ""K6_repeat3_K6_C0005"", ""K7_repeat1_K7_C0005"", ""K8_repeat1_K8_C0005"", ""K8_repeat2_K8_C0005""]"
TCGA-BP-4962,TCGA-CJ-4900,7,6,5,0.7142857142857143,"[""K4_repeat2_K4_C0003"", ""K5_repeat2_K5_C0002_M_K5_C0003"", ""K5_repeat3_K5_C0003"", ""K6_repeat3_K6_C0005"", ""K7_repeat1_K7_C0005""]"
TCGA-BP-4962,TCGA-CJ-4902,7,4,1,0.14285714285714285,"[""K4_repeat2_K4_C0003""]"
TCGA-BP-4962,TCGA-CJ-4903,7,8,0,0.0,[]
TCGA-BP-4962,TCGA-CJ-4904,7,9,0,0.0,[]
TCGA-BP-4962,TCGA-CJ-4923,7,7,7,1.0,"[""K4_repeat2_K4_C0003"", ""K5_repeat2_K5_C0002_M_K5_C0003"", ""K5_repeat3_K5_C0003"", ""K6_repeat3_K6_C0005"", ""K7_repeat1_K7_C0005"", ""K8_repeat1_K8_C0005"", ""K8_repeat2_K8_C0005""]"
TCGA-BP-4962,TCGA-CJ-6027,7,7,7,1.0,"[""K4_repeat2_K4_C0003"", ""K5_repeat2_K5_C0002_M_K5_C0003"", ""K5_repeat3_K5_C0003"", ""K6_repeat3_K6_C0005"", ""K7_repeat1_K7_C0005"", ""K8_repeat1_K8_C0005"", ""K8_repeat2_K8_C0005""]"
TCGA-BP-4962,TCGA-CJ-6028,7,7,7,1.0,"[""K4_repeat2_K4_C0003"", ""K5_repeat2_K5_C0002_M_K5_C0003"", ""K5_repeat3_K5_C0003"", ""K6_repeat3_K6_C0005"", ""K7_repeat1_K7_C0005"", ""K8_repeat1_K8_C0005"", ""K8_repeat2_K8_C0005""]"
TCGA-BP-4962,TCGA-CJ-6030,7,7,7,1.0,"[""K4_repeat2_K4_C0003"", ""K5_repeat2_K5_C0002_M_K5_C0003"", ""K5_repeat3_K5_C0003"", ""K6_repeat3_K6_C0005"", ""K7_repeat1_K7_C0005"", ""K8_repeat1_K8_C0005"", ""K8_repeat2_K8_C0005""]"
TCGA-BP-4962,TCGA-CJ-6033,7,5,0,0.0,[]
TCGA-BP-4962,TCGA-CZ-4859,7,12,0,0.0,[]
TCGA-BP-4962,TCGA-CZ-4863,7,3,1,0.14285714285714285,"[""K5_repeat2_K5_C0002_M_K5_C0003""]"
TCGA-BP-4962,TCGA-CZ-4865,7,3,1,0.14285714285714285,"[""K5_repeat2_K5_C0002_M_K5_C0003""]"
TCGA-BP-4962,TCGA-CZ-5451,7,9,0,0.0,[]
TCGA-BP-4962,TCGA-CZ-5462,7,5,3,0.42857142857142855,"[""K5_repeat2_K5_C0002_M_K5_C0003"", ""K8_repeat1_K8_C0005"", ""K8_repeat2_K8_C0005""]"
TCGA-BP-4962,TCGA-CZ-5468,7,3,1,0.14285714285714285,"[""K5_repeat2_K5_C0002_M_K5_C0003""]"
TCGA-BP-4962,TCGA-CZ-5984,7,8,0,0.0,[]
TCGA-BP-4962,TCGA-CZ-5985,7,7,7,1.0,"[""K4_repeat2_K4_C0003"", ""K5_repeat2_K5_C0002_M_K5_C0003"", ""K5_repeat3_K5_C0003"", ""K6_repeat3_K6_C0005"", ""K7_repeat1_K7_C0005"", ""K8_repeat1_K8_C0005"", ""K8_repeat2_K8_C0005""]"
TCGA-BP-4962,TCGA-CZ-5988,7,3,1,0.14285714285714285,"[""K5_repeat2_K5_C0002_M_K5_C0003""]"
TCGA-BP-4962,TCGA-G6-A5PC,7,7,7,1.0,"[""K4_repeat2_K4_C0003"", ""K5_repeat2_K5_C0002_M_K5_C0003"", ""K5_repeat3_K5_C0003"", ""K6_repeat3_K6_C0005"", ""K7_repeat1_K7_C0005"", ""K8_repeat1_K8_C0005"", ""K8_repeat2_K8_C0005""]"
TCGA-BP-4962,TCGA-G6-A8L7,7,5,0,0.0,[]
TCGA-BP-4965,TCGA-BP-4967,11,8,4,0.36363636363636365,"[""K2_repeat1_K2_C0002"", ""K2_repeat2_K2_C0002"", ""K2_repeat3_K2_C0002"", ""K4_repeat1_K4_C0001_M_K4_C0004""]"
TCGA-BP-4965,TCGA-BP-4970,11,8,4,0.36363636363636365,"[""K2_repeat1_K2_C0002"", ""K2_repeat2_K2_C0002"", ""K2_repeat3_K2_C0002"", ""K4_repeat1_K4_C0001_M_K4_C0004""]"
TCGA-BP-4965,TCGA-BP-4971,11,7,0,0.0,[]
TCGA-BP-4965,TCGA-BP-4972,11,6,4,0.36363636363636365,"[""K2_repeat1_K2_C0002"", ""K2_repeat2_K2_C0002"", ""K2_repeat3_K2_C0002"", ""K6_repeat3_K6_C0001_M_K6_C0004""]"
TCGA-BP-4965,TCGA-BP-4976,11,12,11,0.9166666666666666,"[""K2_repeat1_K2_C0002"", ""K2_repeat2_K2_C0002"", ""K2_repeat3_K2_C0002"", ""K3_repeat1_K3_C0003"", ""K3_repeat2_K3_C0003"", ""K3_repeat3_K3_C0003"", ""K4_repeat1_K4_C0001_M_K4_C0004"", ""K4_repeat2_K4_C0001"", ""K5_repeat2_K5_C0001_M_K5_C0005"", ""K5_repeat3_K5_C0001_M_K5_C0005"", ""K6_repeat3_K6_C0001_M_K6_C0004""]"
TCGA-BP-4965,TCGA-BP-4977,11,8,4,0.36363636363636365,"[""K2_repeat1_K2_C0002"", ""K2_repeat2_K2_C0002"", ""K2_repeat3_K2_C0002"", ""K4_repeat1_K4_C0001_M_K4_C0004""]"
TCGA-BP-4965,TCGA-BP-4982,11,11,11,1.0,"[""K2_repeat1_K2_C0002"", ""K2_repeat2_K2_C0002"", ""K2_repeat3_K2_C0002"", ""K3_repeat1_K3_C0003"", ""K3_repeat2_K3_C0003"", ""K3_repeat3_K3_C0003"", ""K4_repeat1_K4_C0001_M_K4_C0004"", ""K4_repeat2_K4_C0001"", ""K5_repeat2_K5_C0001_M_K5_C0005"", ""K5_repeat3_K5_C0001_M_K5_C0005"", ""K6_repeat3_K6_C0001_M_K6_C0004""]"
TCGA-BP-4965,TCGA-BP-4986,11,8,4,0.36363636363636365,"[""K2_repeat1_K2_C0002"", ""K2_repeat2_K2_C0002"", ""K2_repeat3_K2_C0002"", ""K4_repeat1_K4_C0001_M_K4_C0004""]"
TCGA-BP-4965,TCGA-BP-4988,11,9,8,0.7272727272727273,"[""K2_repeat1_K2_C0002"", ""K2_repeat2_K2_C0002"", ""K2_repeat3_K2_C0002"", ""K4_repeat1_K4_C0001_M_K4_C0004"", ""K4_repeat2_K4_C0001"", ""K5_repeat2_K5_C0001_M_K5_C0005"", ""K5_repeat3_K5_C0001_M_K5_C0005"", ""K6_repeat3_K6_C0001_M_K6_C0004""]"
TCGA-BP-4965,TCGA-BP-4989,11,13,11,0.8461538461538461,"[""K2_repeat1_K2_C0002"", ""K2_repeat2_K2_C0002"", ""K2_repeat3_K2_C0002"", ""K3_repeat1_K3_C0003"", ""K3_repeat2_K3_C0003"", ""K3_repeat3_K3_C0003"", ""K4_repeat1_K4_C0001_M_K4_C0004"", ""K4_repeat2_K4_C0001"", ""K5_repeat2_K5_C0001_M_K5_C0005"", ""K5_repeat3_K5_C0001_M_K5_C0005"", ""K6_repeat3_K6_C0001_M_K6_C0004""]"
TCGA-BP-4965,TCGA-BP-4992,11,7,0,0.0,[]
TCGA-BP-4965,TCGA-BP-4994,11,3,0,0.0,[]
TCGA-BP-4965,TCGA-BP-4995,11,12,11,0.9166666666666666,"[""K2_repeat1_K2_C0002"", ""K2_repeat2_K2_C0002"", ""K2_repeat3_K2_C0002"", ""K3_repeat1_K3_C0003"", ""K3_repeat2_K3_C0003"", ""K3_repeat3_K3_C0003"", ""K4_repeat1_K4_C0001_M_K4_C0004"", ""K4_repeat2_K4_C0001"", ""K5_repeat2_K5_C0001_M_K5_C0005"", ""K5_repeat3_K5_C0001_M_K5_C0005"", ""K6_repeat3_K6_C0001_M_K6_C0004""]"
TCGA-BP-4965,TCGA-BP-4999,11,11,11,1.0,"[""K2_repeat1_K2_C0002"", ""K2_repeat2_K2_C0002"", ""K2_repeat3_K2_C0002"", ""K3_repeat1_K3_C0003"", ""K3_repeat2_K3_C0003"", ""K3_repeat3_K3_C0003"", ""K4_repeat1_K4_C0001_M_K4_C0004"", ""K4_repeat2_K4_C0001"", ""K5_repeat2_K5_C0001_M_K5_C0005"", ""K5_repeat3_K5_C0001_M_K5_C0005"", ""K6_repeat3_K6_C0001_M_K6_C0004""]"
TCGA-BP-4965,TCGA-BP-5000,11,3,0,0.0,[]
TCGA-BP-4965,TCGA-BP-5001,11,12,11,0.9166666666666666,"[""K2_repeat1_K2_C0002"", ""K2_repeat2_K2_C0002"", ""K2_repeat3_K2_C0002"", ""K3_repeat1_K3_C0003"", ""K3_repeat2_K3_C0003"", ""K3_repeat3_K3_C0003"", ""K4_repeat1_K4_C0001_M_K4_C0004"", ""K4_repeat2_K4_C0001"", ""K5_repeat2_K5_C0001_M_K5_C0005"", ""K5_repeat3_K5_C0001_M_K5_C0005"", ""K6_repeat3_K6_C0001_M_K6_C0004""]"
TCGA-BP-4965,TCGA-BP-5004,11,12,11,0.9166666666666666,"[""K2_repeat1_K2_C0002"", ""K2_repeat2_K2_C0002"", ""K2_repeat3_K2_C0002"", ""K3_repeat1_K3_C0003"", ""K3_repeat2_K3_C0003"", ""K3_repeat3_K3_C0003"", ""K4_repeat1_K4_C0001_M_K4_C0004"", ""K4_repeat2_K4_C0001"", ""K5_repeat2_K5_C0001_M_K5_C0005"", ""K5_repeat3_K5_C0001_M_K5_C0005"", ""K6_repeat3_K6_C0001_M_K6_C0004""]"
TCGA-BP-4965,TCGA-BP-5006,11,12,11,0.9166666666666666,"[""K2_repeat1_K2_C0002"", ""K2_repeat2_K2_C0002"", ""K2_repeat3_K2_C0002"", ""K3_repeat1_K3_C0003"", ""K3_repeat2_K3_C0003"", ""K3_repeat3_K3_C0003"", ""K4_repeat1_K4_C0001_M_K4_C0004"", ""K4_repeat2_K4_C0001"", ""K5_repeat2_K5_C0001_M_K5_C0005"", ""K5_repeat3_K5_C0001_M_K5_C0005"", ""K6_repeat3_K6_C0001_M_K6_C0004""]"
TCGA-BP-4965,TCGA-BP-5007,11,12,11,0.9166666666666666,"[""K2_repeat1_K2_C0002"", ""K2_repeat2_K2_C0002"", ""K2_repeat3_K2_C0002"", ""K3_repeat1_K3_C0003"", ""K3_repeat2_K3_C0003"", ""K3_repeat3_K3_C0003"", ""K4_repeat1_K4_C0001_M_K4_C0004"", ""K4_repeat2_K4_C0001"", ""K5_repeat2_K5_C0001_M_K5_C0005"", ""K5_repeat3_K5_C0001_M_K5_C0005"", ""K6_repeat3_K6_C0001_M_K6_C0004""]"
TCGA-BP-4965,TCGA-BP-5009,11,12,11,0.9166666666666666,"[""K2_repeat1_K2_C0002"", ""K2_repeat2_K2_C0002"", ""K2_repeat3_K2_C0002"", ""K3_repeat1_K3_C0003"", ""K3_repeat2_K3_C0003"", ""K3_repeat3_K3_C0003"", ""K4_repeat1_K4_C0001_M_K4_C0004"", ""K4_repeat2_K4_C0001"", ""K5_repeat2_K5_C0001_M_K5_C0005"", ""K5_repeat3_K5_C0001_M_K5_C0005"", ""K6_repeat3_K6_C0001_M_K6_C0004""]"
TCGA-BP-4965,TCGA-BP-5010,11,4,0,0.0,[]
TCGA-BP-4965,TCGA-BP-5174,11,8,4,0.36363636363636365,"[""K2_repeat1_K2_C0002"", ""K2_repeat2_K2_C0002"", ""K2_repeat3_K2_C0002"", ""K4_repeat1_K4_C0001_M_K4_C0004""]"
TCGA-BP-4965,TCGA-BP-5175,11,7,0,0.0,[]
TCGA-BP-4965,TCGA-BP-5180,11,13,11,0.8461538461538461,"[""K2_repeat1_K2_C0002"", ""K2_repeat2_K2_C0002"", ""K2_repeat3_K2_C0002"", ""K3_repeat1_K3_C0003"", ""K3_repeat2_K3_C0003"", ""K3_repeat3_K3_C0003"", ""K4_repeat1_K4_C0001_M_K4_C0004"", ""K4_repeat2_K4_C0001"", ""K5_repeat2_K5_C0001_M_K5_C0005"", ""K5_repeat3_K5_C0001_M_K5_C0005"", ""K6_repeat3_K6_C0001_M_K6_C0004""]"
TCGA-BP-4965,TCGA-BP-5181,11,13,11,0.8461538461538461,"[""K2_repeat1_K2_C0002"", ""K2_repeat2_K2_C0002"", ""K2_repeat3_K2_C0002"", ""K3_repeat1_K3_C0003"", ""K3_repeat2_K3_C0003"", ""K3_repeat3_K3_C0003"", ""K4_repeat1_K4_C0001_M_K4_C0004"", ""K4_repeat2_K4_C0001"", ""K5_repeat2_K5_C0001_M_K5_C0005"", ""K5_repeat3_K5_C0001_M_K5_C0005"", ""K6_repeat3_K6_C0001_M_K6_C0004""]"
TCGA-BP-4965,TCGA-BP-5183,11,13,11,0.8461538461538461,"[""K2_repeat1_K2_C0002"", ""K2_repeat2_K2_C0002"", ""K2_repeat3_K2_C0002"", ""K3_repeat1_K3_C0003"", ""K3_repeat2_K3_C0003"", ""K3_repeat3_K3_C0003"", ""K4_repeat1_K4_C0001_M_K4_C0004"", ""K4_repeat2_K4_C0001"", ""K5_repeat2_K5_C0001_M_K5_C0005"", ""K5_repeat3_K5_C0001_M_K5_C0005"", ""K6_repeat3_K6_C0001_M_K6_C0004""]"
TCGA-BP-4965,TCGA-BP-5184,11,13,11,0.8461538461538461,"[""K2_repeat1_K2_C0002"", ""K2_repeat2_K2_C0002"", ""K2_repeat3_K2_C0002"", ""K3_repeat1_K3_C0003"", ""K3_repeat2_K3_C0003"", ""K3_repeat3_K3_C0003"", ""K4_repeat1_K4_C0001_M_K4_C0004"", ""K4_repeat2_K4_C0001"", ""K5_repeat2_K5_C0001_M_K5_C0005"", ""K5_repeat3_K5_C0001_M_K5_C0005"", ""K6_repeat3_K6_C0001_M_K6_C0004""]"
TCGA-BP-4965,TCGA-BP-5186,11,13,11,0.8461538461538461,"[""K2_repeat1_K2_C0002"", ""K2_repeat2_K2_C0002"", ""K2_repeat3_K2_C0002"", ""K3_repeat1_K3_C0003"", ""K3_repeat2_K3_C0003"", ""K3_repeat3_K3_C0003"", ""K4_repeat1_K4_C0001_M_K4_C0004"", ""K4_repeat2_K4_C0001"", ""K5_repeat2_K5_C0001_M_K5_C0005"", ""K5_repeat3_K5_C0001_M_K5_C0005"", ""K6_repeat3_K6_C0001_M_K6_C0004""]"
TCGA-BP-4965,TCGA-BP-5187,11,13,11,0.8461538461538461,"[""K2_repeat1_K2_C0002"", ""K2_repeat2_K2_C0002"", ""K2_repeat3_K2_C0002"", ""K3_repeat1_K3_C0003"", ""K3_repeat2_K3_C0003"", ""K3_repeat3_K3_C0003"", ""K4_repeat1_K4_C0001_M_K4_C0004"", ""K4_repeat2_K4_C0001"", ""K5_repeat2_K5_C0001_M_K5_C0005"", ""K5_repeat3_K5_C0001_M_K5_C0005"", ""K6_repeat3_K6_C0001_M_K6_C0004""]"
TCGA-BP-4965,TCGA-BP-5189,11,11,9,0.8181818181818182,"[""K2_repeat1_K2_C0002"", ""K2_repeat2_K2_C0002"", ""K2_repeat3_K2_C0002"", ""K3_repeat1_K3_C0003"", ""K3_repeat2_K3_C0003"", ""K3_repeat3_K3_C0003"", ""K4_repeat1_K4_C0001_M_K4_C0004"", ""K4_repeat2_K4_C0001"", ""K6_repeat3_K6_C0001_M_K6_C0004""]"
TCGA-BP-4965,TCGA-BP-5190,11,3,0,0.0,[]
TCGA-BP-4965,TCGA-BP-5191,11,3,0,0.0,[]
TCGA-BP-4965,TCGA-BP-5192,11,10,7,0.6363636363636364,"[""K2_repeat1_K2_C0002"", ""K2_repeat2_K2_C0002"", ""K2_repeat3_K2_C0002"", ""K3_repeat1_K3_C0003"", ""K3_repeat2_K3_C0003"", ""K3_repeat3_K3_C0003"", ""K4_repeat1_K4_C0001_M_K4_C0004""]"
TCGA-BP-4965,TCGA-BP-5194,11,11,11,1.0,"[""K2_repeat1_K2_C0002"", ""K2_repeat2_K2_C0002"", ""K2_repeat3_K2_C0002"", ""K3_repeat1_K3_C0003"", ""K3_repeat2_K3_C0003"", ""K3_repeat3_K3_C0003"", ""K4_repeat1_K4_C0001_M_K4_C0004"", ""K4_repeat2_K4_C0001"", ""K5_repeat2_K5_C0001_M_K5_C0005"", ""K5_repeat3_K5_C0001_M_K5_C0005"", ""K6_repeat3_K6_C0001_M_K6_C0004""]"
TCGA-BP-4965,TCGA-BP-5195,11,12,11,0.9166666666666666,"[""K2_repeat1_K2_C0002"", ""K2_repeat2_K2_C0002"", ""K2_repeat3_K2_C0002"", ""K3_repeat1_K3_C0003"", ""K3_repeat2_K3_C0003"", ""K3_repeat3_K3_C0003"", ""K4_repeat1_K4_C0001_M_K4_C0004"", ""K4_repeat2_K4_C0001"", ""K5_repeat2_K5_C0001_M_K5_C0005"", ""K5_repeat3_K5_C0001_M_K5_C0005"", ""K6_repeat3_K6_C0001_M_K6_C0004""]"
TCGA-BP-4965,TCGA-BP-5196,11,8,4,0.36363636363636365,"[""K2_repeat1_K2_C0002"", ""K2_repeat2_K2_C0002"", ""K2_repeat3_K2_C0002"", ""K4_repeat1_K4_C0001_M_K4_C0004""]"
TCGA-BP-4965,TCGA-BP-5199,11,12,10,0.8333333333333334,"[""K2_repeat1_K2_C0002"", ""K2_repeat2_K2_C0002"", ""K2_repeat3_K2_C0002"", ""K3_repeat1_K3_C0003"", ""K3_repeat2_K3_C0003"", ""K3_repeat3_K3_C0003"", ""K4_repeat1_K4_C0001_M_K4_C0004"", ""K5_repeat2_K5_C0001_M_K5_C0005"", ""K5_repeat3_K5_C0001_M_K5_C0005"", ""K6_repeat3_K6_C0001_M_K6_C0004""]"
TCGA-BP-4965,TCGA-BP-5200,11,11,11,1.0,"[""K2_repeat1_K2_C0002"", ""K2_repeat2_K2_C0002"", ""K2_repeat3_K2_C0002"", ""K3_repeat1_K3_C0003"", ""K3_repeat2_K3_C0003"", ""K3_repeat3_K3_C0003"", ""K4_repeat1_K4_C0001_M_K4_C0004"", ""K4_repeat2_K4_C0001"", ""K5_repeat2_K5_C0001_M_K5_C0005"", ""K5_repeat3_K5_C0001_M_K5_C0005"", ""K6_repeat3_K6_C0001_M_K6_C0004""]"
TCGA-BP-4965,TCGA-CJ-4637,11,7,0,0.0,[]
TCGA-BP-4965,TCGA-CJ-4641,11,7,0,0.0,[]
TCGA-BP-4965,TCGA-CJ-4900,11,6,0,0.0,[]
TCGA-BP-4965,TCGA-CJ-4902,11,4,0,0.0,[]
TCGA-BP-4965,TCGA-CJ-4903,11,8,8,0.7272727272727273,"[""K2_repeat1_K2_C0002"", ""K2_repeat2_K2_C0002"", ""K2_repeat3_K2_C0002"", ""K4_repeat1_K4_C0001_M_K4_C0004"", ""K4_repeat2_K4_C0001"", ""K5_repeat2_K5_C0001_M_K5_C0005"", ""K5_repeat3_K5_C0001_M_K5_C0005"", ""K6_repeat3_K6_C0001_M_K6_C0004""]"
TCGA-BP-4965,TCGA-CJ-4904,11,9,8,0.7272727272727273,"[""K2_repeat1_K2_C0002"", ""K2_repeat2_K2_C0002"", ""K2_repeat3_K2_C0002"", ""K4_repeat1_K4_C0001_M_K4_C0004"", ""K4_repeat2_K4_C0001"", ""K5_repeat2_K5_C0001_M_K5_C0005"", ""K5_repeat3_K5_C0001_M_K5_C0005"", ""K6_repeat3_K6_C0001_M_K6_C0004""]"
TCGA-BP-4965,TCGA-CJ-4923,11,7,0,0.0,[]
TCGA-BP-4965,TCGA-CJ-6027,11,7,0,0.0,[]
TCGA-BP-4965,TCGA-CJ-6028,11,7,0,0.0,[]
TCGA-BP-4965,TCGA-CJ-6030,11,7,0,0.0,[]
TCGA-BP-4965,TCGA-CJ-6033,11,5,5,0.45454545454545453,"[""K4_repeat1_K4_C0001_M_K4_C0004"", ""K4_repeat2_K4_C0001"", ""K5_repeat2_K5_C0001_M_K5_C0005"", ""K5_repeat3_K5_C0001_M_K5_C0005"", ""K6_repeat3_K6_C0001_M_K6_C0004""]"
TCGA-BP-4965,TCGA-CZ-4859,11,12,11,0.9166666666666666,"[""K2_repeat1_K2_C0002"", ""K2_repeat2_K2_C0002"", ""K2_repeat3_K2_C0002"", ""K3_repeat1_K3_C0003"", ""K3_repeat2_K3_C0003"", ""K3_repeat3_K3_C0003"", ""K4_repeat1_K4_C0001_M_K4_C0004"", ""K4_repeat2_K4_C0001"", ""K5_repeat2_K5_C0001_M_K5_C0005"", ""K5_repeat3_K5_C0001_M_K5_C0005"", ""K6_repeat3_K6_C0001_M_K6_C0004""]"
TCGA-BP-4965,TCGA-CZ-4863,11,3,0,0.0,[]
TCGA-BP-4965,TCGA-CZ-4865,11,3,0,0.0,[]
TCGA-BP-4965,TCGA-CZ-5451,11,9,7,0.6363636363636364,"[""K2_repeat1_K2_C0002"", ""K2_repeat2_K2_C0002"", ""K2_repeat3_K2_C0002"", ""K4_repeat1_K4_C0001_M_K4_C0004"", ""K4_repeat2_K4_C0001"", ""K5_repeat2_K5_C0001_M_K5_C0005"", ""K5_repeat3_K5_C0001_M_K5_C0005""]"
TCGA-BP-4965,TCGA-CZ-5462,11,5,0,0.0,[]
TCGA-BP-4965,TCGA-CZ-5468,11,3,0,0.0,[]
TCGA-BP-4965,TCGA-CZ-5984,11,8,4,0.36363636363636365,"[""K2_repeat1_K2_C0002"", ""K2_repeat2_K2_C0002"", ""K2_repeat3_K2_C0002"", ""K4_repeat1_K4_C0001_M_K4_C0004""]"
TCGA-BP-4965,TCGA-CZ-5985,11,7,0,0.0,[]
TCGA-BP-4965,TCGA-CZ-5988,11,3,0,0.0,[]
TCGA-BP-4965,TCGA-G6-A5PC,11,7,0,0.0,[]
TCGA-BP-4965,TCGA-G6-A8L7,11,5,5,0.45454545454545453,"[""K4_repeat1_K4_C0001_M_K4_C0004"", ""K4_repeat2_K4_C0001"", ""K5_repeat2_K5_C0001_M_K5_C0005"", ""K5_repeat3_K5_C0001_M_K5_C0005"", ""K6_repeat3_K6_C0001_M_K6_C0004""]"
TCGA-BP-4967,TCGA-BP-4970,8,8,8,1.0,"[""K2_repeat1_K2_C0002"", ""K2_repeat2_K2_C0002"", ""K2_repeat3_K2_C0002"", ""K4_repeat1_K4_C0001_M_K4_C0004"", ""K4_repeat2_K4_C0004"", ""K6_repeat3_K6_C0006"", ""K7_repeat1_K7_C0006"", ""K8_repeat2_K8_C0007""]"
TCGA-BP-4967,TCGA-BP-4971,8,7,0,0.0,[]
TCGA-BP-4967,TCGA-BP-4972,8,6,3,0.375,"[""K2_repeat1_K2_C0002"", ""K2_repeat2_K2_C0002"", ""K2_repeat3_K2_C0002""]"
TCGA-BP-4967,TCGA-BP-4976,8,12,4,0.3333333333333333,"[""K2_repeat1_K2_C0002"", ""K2_repeat2_K2_C0002"", ""K2_repeat3_K2_C0002"", ""K4_repeat1_K4_C0001_M_K4_C0004""]"
TCGA-BP-4967,TCGA-BP-4977,8,8,8,1.0,"[""K2_repeat1_K2_C0002"", ""K2_repeat2_K2_C0002"", ""K2_repeat3_K2_C0002"", ""K4_repeat1_K4_C0001_M_K4_C0004"", ""K4_repeat2_K4_C0004"", ""K6_repeat3_K6_C0006"", ""K7_repeat1_K7_C0006"", ""K8_repeat2_K8_C0007""]"
TCGA-BP-4967,TCGA-BP-4982,8,11,4,0.36363636363636365,"[""K2_repeat1_K2_C0002"", ""K2_repeat2_K2_C0002"", ""K2_repeat3_K2_C0002"", ""K4_repeat1_K4_C0001_M_K4_C0004""]"
TCGA-BP-4967,TCGA-BP-4986,8,8,8,1.0,"[""K2_repeat1_K2_C0002"", ""K2_repeat2_K2_C0002"", ""K2_repeat3_K2_C0002"", ""K4_repeat1_K4_C0001_M_K4_C0004"", ""K4_repeat2_K4_C0004"", ""K6_repeat3_K6_C0006"", ""K7_repeat1_K7_C0006"", ""K8_repeat2_K8_C0007""]"
TCGA-BP-4967,TCGA-BP-4988,8,9,4,0.4444444444444444,"[""K2_repeat1_K2_C0002"", ""K2_repeat2_K2_C0002"", ""K2_repeat3_K2_C0002"", ""K4_repeat1_K4_C0001_M_K4_C0004""]"
TCGA-BP-4967,TCGA-BP-4989,8,13,4,0.3076923076923077,"[""K2_repeat1_K2_C0002"", ""K2_repeat2_K2_C0002"", ""K2_repeat3_K2_C0002"", ""K4_repeat1_K4_C0001_M_K4_C0004""]"
TCGA-BP-4967,TCGA-BP-4992,8,7,0,0.0,[]
TCGA-BP-4967,TCGA-BP-4994,8,3,0,0.0,[]
TCGA-BP-4967,TCGA-BP-4995,8,12,4,0.3333333333333333,"[""K2_repeat1_K2_C0002"", ""K2_repeat2_K2_C0002"", ""K2_repeat3_K2_C0002"", ""K4_repeat1_K4_C0001_M_K4_C0004""]"
TCGA-BP-4967,TCGA-BP-4999,8,11,4,0.36363636363636365,"[""K2_repeat1_K2_C0002"", ""K2_repeat2_K2_C0002"", ""K2_repeat3_K2_C0002"", ""K4_repeat1_K4_C0001_M_K4_C0004""]"
TCGA-BP-4967,TCGA-BP-5000,8,3,0,0.0,[]
TCGA-BP-4967,TCGA-BP-5001,8,12,4,0.3333333333333333,"[""K2_repeat1_K2_C0002"", ""K2_repeat2_K2_C0002"", ""K2_repeat3_K2_C0002"", ""K4_repeat1_K4_C0001_M_K4_C0004""]"
TCGA-BP-4967,TCGA-BP-5004,8,12,4,0.3333333333333333,"[""K2_repeat1_K2_C0002"", ""K2_repeat2_K2_C0002"", ""K2_repeat3_K2_C0002"", ""K4_repeat1_K4_C0001_M_K4_C0004""]"
TCGA-BP-4967,TCGA-BP-5006,8,12,4,0.3333333333333333,"[""K2_repeat1_K2_C0002"", ""K2_repeat2_K2_C0002"", ""K2_repeat3_K2_C0002"", ""K4_repeat1_K4_C0001_M_K4_C0004""]"
TCGA-BP-4967,TCGA-BP-5007,8,12,4,0.3333333333333333,"[""K2_repeat1_K2_C0002"", ""K2_repeat2_K2_C0002"", ""K2_repeat3_K2_C0002"", ""K4_repeat1_K4_C0001_M_K4_C0004""]"
TCGA-BP-4967,TCGA-BP-5009,8,12,4,0.3333333333333333,"[""K2_repeat1_K2_C0002"", ""K2_repeat2_K2_C0002"", ""K2_repeat3_K2_C0002"", ""K4_repeat1_K4_C0001_M_K4_C0004""]"
TCGA-BP-4967,TCGA-BP-5010,8,4,3,0.375,"[""K6_repeat3_K6_C0006"", ""K7_repeat1_K7_C0006"", ""K8_repeat2_K8_C0007""]"
TCGA-BP-4967,TCGA-BP-5174,8,8,8,1.0,"[""K2_repeat1_K2_C0002"", ""K2_repeat2_K2_C0002"", ""K2_repeat3_K2_C0002"", ""K4_repeat1_K4_C0001_M_K4_C0004"", ""K4_repeat2_K4_C0004"", ""K6_repeat3_K6_C0006"", ""K7_repeat1_K7_C0006"", ""K8_repeat2_K8_C0007""]"
TCGA-BP-4967,TCGA-BP-5175,8,7,0,0.0,[]
TCGA-BP-4967,TCGA-BP-5180,8,13,4,0.3076923076923077,"[""K2_repeat1_K2_C0002"", ""K2_repeat2_K2_C0002"", ""K2_repeat3_K2_C0002"", ""K4_repeat1_K4_C0001_M_K4_C0004""]"
TCGA-BP-4967,TCGA-BP-5181,8,13,4,0.3076923076923077,"[""K2_repeat1_K2_C0002"", ""K2_repeat2_K2_C0002"", ""K2_repeat3_K2_C0002"", ""K4_repeat1_K4_C0001_M_K4_C0004""]"
TCGA-BP-4967,TCGA-BP-5183,8,13,4,0.3076923076923077,"[""K2_repeat1_K2_C0002"", ""K2_repeat2_K2_C0002"", ""K2_repeat3_K2_C0002"", ""K4_repeat1_K4_C0001_M_K4_C0004""]"
TCGA-BP-4967,TCGA-BP-5184,8,13,4,0.3076923076923077,"[""K2_repeat1_K2_C0002"", ""K2_repeat2_K2_C0002"", ""K2_repeat3_K2_C0002"", ""K4_repeat1_K4_C0001_M_K4_C0004""]"
TCGA-BP-4967,TCGA-BP-5186,8,13,4,0.3076923076923077,"[""K2_repeat1_K2_C0002"", ""K2_repeat2_K2_C0002"", ""K2_repeat3_K2_C0002"", ""K4_repeat1_K4_C0001_M_K4_C0004""]"
TCGA-BP-4967,TCGA-BP-5187,8,13,4,0.3076923076923077,"[""K2_repeat1_K2_C0002"", ""K2_repeat2_K2_C0002"", ""K2_repeat3_K2_C0002"", ""K4_repeat1_K4_C0001_M_K4_C0004""]"
TCGA-BP-4967,TCGA-BP-5189,8,11,4,0.36363636363636365,"[""K2_repeat1_K2_C0002"", ""K2_repeat2_K2_C0002"", ""K2_repeat3_K2_C0002"", ""K4_repeat1_K4_C0001_M_K4_C0004""]"
TCGA-BP-4967,TCGA-BP-5190,8,3,0,0.0,[]
TCGA-BP-4967,TCGA-BP-5191,8,3,0,0.0,[]
TCGA-BP-4967,TCGA-BP-5192,8,10,6,0.6,"[""K2_repeat1_K2_C0002"", ""K2_repeat2_K2_C0002"", ""K2_repeat3_K2_C0002"", ""K4_repeat1_K4_C0001_M_K4_C0004"", ""K4_repeat2_K4_C0004"", ""K6_repeat3_K6_C0006""]"
TCGA-BP-4967,TCGA-BP-5194,8,11,4,0.36363636363636365,"[""K2_repeat1_K2_C0002"", ""K2_repeat2_K2_C0002"", ""K2_repeat3_K2_C0002"", ""K4_repeat1_K4_C0001_M_K4_C0004""]"
TCGA-BP-4967,TCGA-BP-5195,8,12,4,0.3333333333333333,"[""K2_repeat1_K2_C0002"", ""K2_repeat2_K2_C0002"", ""K2_repeat3_K2_C0002"", ""K4_repeat1_K4_C0001_M_K4_C0004""]"
TCGA-BP-4967,TCGA-BP-5196,8,8,8,1.0,"[""K2_repeat1_K2_C0002"", ""K2_repeat2_K2_C0002"", ""K2_repeat3_K2_C0002"", ""K4_repeat1_K4_C0001_M_K4_C0004"", ""K4_repeat2_K4_C0004"", ""K6_repeat3_K6_C0006"", ""K7_repeat1_K7_C0006"", ""K8_repeat2_K8_C0007""]"
TCGA-BP-4967,TCGA-BP-5199,8,12,5,0.4166666666666667,"[""K2_repeat1_K2_C0002"", ""K2_repeat2_K2_C0002"", ""K2_repeat3_K2_C0002"", ""K4_repeat1_K4_C0001_M_K4_C0004"", ""K4_repeat2_K4_C0004""]"
TCGA-BP-4967,TCGA-BP-5200,8,11,4,0.36363636363636365,"[""K2_repeat1_K2_C0002"", ""K2_repeat2_K2_C0002"", ""K2_repeat3_K2_C0002"", ""K4_repeat1_K4_C0001_M_K4_C0004""]"
TCGA-BP-4967,TCGA-CJ-4637,8,7,0,0.0,[]
TCGA-BP-4967,TCGA-CJ-4641,8,7,0,0.0,[]
TCGA-BP-4967,TCGA-CJ-4900,8,6,0,0.0,[]
TCGA-BP-4967,TCGA-CJ-4902,8,4,3,0.375,"[""K6_repeat3_K6_C0006"", ""K7_repeat1_K7_C0006"", ""K8_repeat2_K8_C0007""]"
TCGA-BP-4967,TCGA-CJ-4903,8,8,4,0.5,"[""K2_repeat1_K2_C0002"", ""K2_repeat2_K2_C0002"", ""K2_repeat3_K2_C0002"", ""K4_repeat1_K4_C0001_M_K4_C0004""]"
TCGA-BP-4967,TCGA-CJ-4904,8,9,4,0.4444444444444444,"[""K2_repeat1_K2_C0002"", ""K2_repeat2_K2_C0002"", ""K2_repeat3_K2_C0002"", ""K4_repeat1_K4_C0001_M_K4_C0004""]"
TCGA-BP-4967,TCGA-CJ-4923,8,7,0,0.0,[]
TCGA-BP-4967,TCGA-CJ-6027,8,7,0,0.0,[]
TCGA-BP-4967,TCGA-CJ-6028,8,7,0,0.0,[]
TCGA-BP-4967,TCGA-CJ-6030,8,7,0,0.0,[]
TCGA-BP-4967,TCGA-CJ-6033,8,5,1,0.125,"[""K4_repeat1_K4_C0001_M_K4_C0004""]"
TCGA-BP-4967,TCGA-CZ-4859,8,12,4,0.3333333333333333,"[""K2_repeat1_K2_C0002"", ""K2_repeat2_K2_C0002"", ""K2_repeat3_K2_C0002"", ""K4_repeat1_K4_C0001_M_K4_C0004""]"
TCGA-BP-4967,TCGA-CZ-4863,8,3,0,0.0,[]
TCGA-BP-4967,TCGA-CZ-4865,8,3,0,0.0,[]
TCGA-BP-4967,TCGA-CZ-5451,8,9,4,0.4444444444444444,"[""K2_repeat1_K2_C0002"", ""K2_repeat2_K2_C0002"", ""K2_repeat3_K2_C0002"", ""K4_repeat1_K4_C0001_M_K4_C0004""]"
TCGA-BP-4967,TCGA-CZ-5462,8,5,0,0.0,[]
TCGA-BP-4967,TCGA-CZ-5468,8,3,0,0.0,[]
TCGA-BP-4967,TCGA-CZ-5984,8,8,8,1.0,"[""K2_repeat1_K2_C0002"", ""K2_repeat2_K2_C0002"", ""K2_repeat3_K2_C0002"", ""K4_repeat1_K4_C0001_M_K4_C0004"", ""K4_repeat2_K4_C0004"", ""K6_repeat3_K6_C0006"", ""K7_repeat1_K7_C0006"", ""K8_repeat2_K8_C0007""]"
TCGA-BP-4967,TCGA-CZ-5985,8,7,0,0.0,[]
TCGA-BP-4967,TCGA-CZ-5988,8,3,0,0.0,[]
TCGA-BP-4967,TCGA-G6-A5PC,8,7,0,0.0,[]
TCGA-BP-4967,TCGA-G6-A8L7,8,5,1,0.125,"[""K4_repeat1_K4_C0001_M_K4_C0004""]"
TCGA-BP-4970,TCGA-BP-4971,8,7,0,0.0,[]
TCGA-BP-4970,TCGA-BP-4972,8,6,3,0.375,"[""K2_repeat1_K2_C0002"", ""K2_repeat2_K2_C0002"", ""K2_repeat3_K2_C0002""]"
TCGA-BP-4970,TCGA-BP-4976,8,12,4,0.3333333333333333,"[""K2_repeat1_K2_C0002"", ""K2_repeat2_K2_C0002"", ""K2_repeat3_K2_C0002"", ""K4_repeat1_K4_C0001_M_K4_C0004""]"
TCGA-BP-4970,TCGA-BP-4977,8,8,8,1.0,"[""K2_repeat1_K2_C0002"", ""K2_repeat2_K2_C0002"", ""K2_repeat3_K2_C0002"", ""K4_repeat1_K4_C0001_M_K4_C0004"", ""K4_repeat2_K4_C0004"", ""K6_repeat3_K6_C0006"", ""K7_repeat1_K7_C0006"", ""K8_repeat2_K8_C0007""]"
TCGA-BP-4970,TCGA-BP-4982,8,11,4,0.36363636363636365,"[""K2_repeat1_K2_C0002"", ""K2_repeat2_K2_C0002"", ""K2_repeat3_K2_C0002"", ""K4_repeat1_K4_C0001_M_K4_C0004""]"
TCGA-BP-4970,TCGA-BP-4986,8,8,8,1.0,"[""K2_repeat1_K2_C0002"", ""K2_repeat2_K2_C0002"", ""K2_repeat3_K2_C0002"", ""K4_repeat1_K4_C0001_M_K4_C0004"", ""K4_repeat2_K4_C0004"", ""K6_repeat3_K6_C0006"", ""K7_repeat1_K7_C0006"", ""K8_repeat2_K8_C0007""]"
TCGA-BP-4970,TCGA-BP-4988,8,9,4,0.4444444444444444,"[""K2_repeat1_K2_C0002"", ""K2_repeat2_K2_C0002"", ""K2_repeat3_K2_C0002"", ""K4_repeat1_K4_C0001_M_K4_C0004""]"
TCGA-BP-4970,TCGA-BP-4989,8,13,4,0.3076923076923077,"[""K2_repeat1_K2_C0002"", ""K2_repeat2_K2_C0002"", ""K2_repeat3_K2_C0002"", ""K4_repeat1_K4_C0001_M_K4_C0004""]"
TCGA-BP-4970,TCGA-BP-4992,8,7,0,0.0,[]
TCGA-BP-4970,TCGA-BP-4994,8,3,0,0.0,[]
TCGA-BP-4970,TCGA-BP-4995,8,12,4,0.3333333333333333,"[""K2_repeat1_K2_C0002"", ""K2_repeat2_K2_C0002"", ""K2_repeat3_K2_C0002"", ""K4_repeat1_K4_C0001_M_K4_C0004""]"
TCGA-BP-4970,TCGA-BP-4999,8,11,4,0.36363636363636365,"[""K2_repeat1_K2_C0002"", ""K2_repeat2_K2_C0002"", ""K2_repeat3_K2_C0002"", ""K4_repeat1_K4_C0001_M_K4_C0004""]"
TCGA-BP-4970,TCGA-BP-5000,8,3,0,0.0,[]
TCGA-BP-4970,TCGA-BP-5001,8,12,4,0.3333333333333333,"[""K2_repeat1_K2_C0002"", ""K2_repeat2_K2_C0002"", ""K2_repeat3_K2_C0002"", ""K4_repeat1_K4_C0001_M_K4_C0004""]"
TCGA-BP-4970,TCGA-BP-5004,8,12,4,0.3333333333333333,"[""K2_repeat1_K2_C0002"", ""K2_repeat2_K2_C0002"", ""K2_repeat3_K2_C0002"", ""K4_repeat1_K4_C0001_M_K4_C0004""]"
TCGA-BP-4970,TCGA-BP-5006,8,12,4,0.3333333333333333,"[""K2_repeat1_K2_C0002"", ""K2_repeat2_K2_C0002"", ""K2_repeat3_K2_C0002"", ""K4_repeat1_K4_C0001_M_K4_C0004""]"
TCGA-BP-4970,TCGA-BP-5007,8,12,4,0.3333333333333333,"[""K2_repeat1_K2_C0002"", ""K2_repeat2_K2_C0002"", ""K2_repeat3_K2_C0002"", ""K4_repeat1_K4_C0001_M_K4_C0004""]"
TCGA-BP-4970,TCGA-BP-5009,8,12,4,0.3333333333333333,"[""K2_repeat1_K2_C0002"", ""K2_repeat2_K2_C0002"", ""K2_repeat3_K2_C0002"", ""K4_repeat1_K4_C0001_M_K4_C0004""]"
TCGA-BP-4970,TCGA-BP-5010,8,4,3,0.375,"[""K6_repeat3_K6_C0006"", ""K7_repeat1_K7_C0006"", ""K8_repeat2_K8_C0007""]"
TCGA-BP-4970,TCGA-BP-5174,8,8,8,1.0,"[""K2_repeat1_K2_C0002"", ""K2_repeat2_K2_C0002"", ""K2_repeat3_K2_C0002"", ""K4_repeat1_K4_C0001_M_K4_C0004"", ""K4_repeat2_K4_C0004"", ""K6_repeat3_K6_C0006"", ""K7_repeat1_K7_C0006"", ""K8_repeat2_K8_C0007""]"
TCGA-BP-4970,TCGA-BP-5175,8,7,0,0.0,[]
TCGA-BP-4970,TCGA-BP-5180,8,13,4,0.3076923076923077,"[""K2_repeat1_K2_C0002"", ""K2_repeat2_K2_C0002"", ""K2_repeat3_K2_C0002"", ""K4_repeat1_K4_C0001_M_K4_C0004""]"
TCGA-BP-4970,TCGA-BP-5181,8,13,4,0.3076923076923077,"[""K2_repeat1_K2_C0002"", ""K2_repeat2_K2_C0002"", ""K2_repeat3_K2_C0002"", ""K4_repeat1_K4_C0001_M_K4_C0004""]"
TCGA-BP-4970,TCGA-BP-5183,8,13,4,0.3076923076923077,"[""K2_repeat1_K2_C0002"", ""K2_repeat2_K2_C0002"", ""K2_repeat3_K2_C0002"", ""K4_repeat1_K4_C0001_M_K4_C0004""]"
TCGA-BP-4970,TCGA-BP-5184,8,13,4,0.3076923076923077,"[""K2_repeat1_K2_C0002"", ""K2_repeat2_K2_C0002"", ""K2_repeat3_K2_C0002"", ""K4_repeat1_K4_C0001_M_K4_C0004""]"
TCGA-BP-4970,TCGA-BP-5186,8,13,4,0.3076923076923077,"[""K2_repeat1_K2_C0002"", ""K2_repeat2_K2_C0002"", ""K2_repeat3_K2_C0002"", ""K4_repeat1_K4_C0001_M_K4_C0004""]"
TCGA-BP-4970,TCGA-BP-5187,8,13,4,0.3076923076923077,"[""K2_repeat1_K2_C0002"", ""K2_repeat2_K2_C0002"", ""K2_repeat3_K2_C0002"", ""K4_repeat1_K4_C0001_M_K4_C0004""]"
TCGA-BP-4970,TCGA-BP-5189,8,11,4,0.36363636363636365,"[""K2_repeat1_K2_C0002"", ""K2_repeat2_K2_C0002"", ""K2_repeat3_K2_C0002"", ""K4_repeat1_K4_C0001_M_K4_C0004""]"
TCGA-BP-4970,TCGA-BP-5190,8,3,0,0.0,[]
TCGA-BP-4970,TCGA-BP-5191,8,3,0,0.0,[]
TCGA-BP-4970,TCGA-BP-5192,8,10,6,0.6,"[""K2_repeat1_K2_C0002"", ""K2_repeat2_K2_C0002"", ""K2_repeat3_K2_C0002"", ""K4_repeat1_K4_C0001_M_K4_C0004"", ""K4_repeat2_K4_C0004"", ""K6_repeat3_K6_C0006""]"
TCGA-BP-4970,TCGA-BP-5194,8,11,4,0.36363636363636365,"[""K2_repeat1_K2_C0002"", ""K2_repeat2_K2_C0002"", ""K2_repeat3_K2_C0002"", ""K4_repeat1_K4_C0001_M_K4_C0004""]"
TCGA-BP-4970,TCGA-BP-5195,8,12,4,0.3333333333333333,"[""K2_repeat1_K2_C0002"", ""K2_repeat2_K2_C0002"", ""K2_repeat3_K2_C0002"", ""K4_repeat1_K4_C0001_M_K4_C0004""]"
TCGA-BP-4970,TCGA-BP-5196,8,8,8,1.0,"[""K2_repeat1_K2_C0002"", ""K2_repeat2_K2_C0002"", ""K2_repeat3_K2_C0002"", ""K4_repeat1_K4_C0001_M_K4_C0004"", ""K4_repeat2_K4_C0004"", ""K6_repeat3_K6_C0006"", ""K7_repeat1_K7_C0006"", ""K8_repeat2_K8_C0007""]"
TCGA-BP-4970,TCGA-BP-5199,8,12,5,0.4166666666666667,"[""K2_repeat1_K2_C0002"", ""K2_repeat2_K2_C0002"", ""K2_repeat3_K2_C0002"", ""K4_repeat1_K4_C0001_M_K4_C0004"", ""K4_repeat2_K4_C0004""]"
TCGA-BP-4970,TCGA-BP-5200,8,11,4,0.36363636363636365,"[""K2_repeat1_K2_C0002"", ""K2_repeat2_K2_C0002"", ""K2_repeat3_K2_C0002"", ""K4_repeat1_K4_C0001_M_K4_C0004""]"
TCGA-BP-4970,TCGA-CJ-4637,8,7,0,0.0,[]
TCGA-BP-4970,TCGA-CJ-4641,8,7,0,0.0,[]
TCGA-BP-4970,TCGA-CJ-4900,8,6,0,0.0,[]
TCGA-BP-4970,TCGA-CJ-4902,8,4,3,0.375,"[""K6_repeat3_K6_C0006"", ""K7_repeat1_K7_C0006"", ""K8_repeat2_K8_C0007""]"
TCGA-BP-4970,TCGA-CJ-4903,8,8,4,0.5,"[""K2_repeat1_K2_C0002"", ""K2_repeat2_K2_C0002"", ""K2_repeat3_K2_C0002"", ""K4_repeat1_K4_C0001_M_K4_C0004""]"
TCGA-BP-4970,TCGA-CJ-4904,8,9,4,0.4444444444444444,"[""K2_repeat1_K2_C0002"", ""K2_repeat2_K2_C0002"", ""K2_repeat3_K2_C0002"", ""K4_repeat1_K4_C0001_M_K4_C0004""]"
TCGA-BP-4970,TCGA-CJ-4923,8,7,0,0.0,[]
TCGA-BP-4970,TCGA-CJ-6027,8,7,0,0.0,[]
TCGA-BP-4970,TCGA-CJ-6028,8,7,0,0.0,[]
TCGA-BP-4970,TCGA-CJ-6030,8,7,0,0.0,[]
TCGA-BP-4970,TCGA-CJ-6033,8,5,1,0.125,"[""K4_repeat1_K4_C0001_M_K4_C0004""]"
TCGA-BP-4970,TCGA-CZ-4859,8,12,4,0.3333333333333333,"[""K2_repeat1_K2_C0002"", ""K2_repeat2_K2_C0002"", ""K2_repeat3_K2_C0002"", ""K4_repeat1_K4_C0001_M_K4_C0004""]"
TCGA-BP-4970,TCGA-CZ-4863,8,3,0,0.0,[]
TCGA-BP-4970,TCGA-CZ-4865,8,3,0,0.0,[]
TCGA-BP-4970,TCGA-CZ-5451,8,9,4,0.4444444444444444,"[""K2_repeat1_K2_C0002"", ""K2_repeat2_K2_C0002"", ""K2_repeat3_K2_C0002"", ""K4_repeat1_K4_C0001_M_K4_C0004""]"
TCGA-BP-4970,TCGA-CZ-5462,8,5,0,0.0,[]
TCGA-BP-4970,TCGA-CZ-5468,8,3,0,0.0,[]
TCGA-BP-4970,TCGA-CZ-5984,8,8,8,1.0,"[""K2_repeat1_K2_C0002"", ""K2_repeat2_K2_C0002"", ""K2_repeat3_K2_C0002"", ""K4_repeat1_K4_C0001_M_K4_C0004"", ""K4_repeat2_K4_C0004"", ""K6_repeat3_K6_C0006"", ""K7_repeat1_K7_C0006"", ""K8_repeat2_K8_C0007""]"
TCGA-BP-4970,TCGA-CZ-5985,8,7,0,0.0,[]
TCGA-BP-4970,TCGA-CZ-5988,8,3,0,0.0,[]
TCGA-BP-4970,TCGA-G6-A5PC,8,7,0,0.0,[]
TCGA-BP-4970,TCGA-G6-A8L7,8,5,1,0.125,"[""K4_repeat1_K4_C0001_M_K4_C0004""]"
TCGA-BP-4971,TCGA-BP-4972,7,6,1,0.14285714285714285,"[""K5_repeat2_K5_C0002_M_K5_C0003""]"
TCGA-BP-4971,TCGA-BP-4976,7,12,0,0.0,[]
TCGA-BP-4971,TCGA-BP-4977,7,8,0,0.0,[]
TCGA-BP-4971,TCGA-BP-4982,7,11,0,0.0,[]
TCGA-BP-4971,TCGA-BP-4986,7,8,0,0.0,[]
TCGA-BP-4971,TCGA-BP-4988,7,9,0,0.0,[]
TCGA-BP-4971,TCGA-BP-4989,7,13,0,0.0,[]
TCGA-BP-4971,TCGA-BP-4992,7,7,7,1.0,"[""K4_repeat2_K4_C0003"", ""K5_repeat2_K5_C0002_M_K5_C0003"", ""K5_repeat3_K5_C0003"", ""K6_repeat3_K6_C0005"", ""K7_repeat1_K7_C0005"", ""K8_repeat1_K8_C0005"", ""K8_repeat2_K8_C0005""]"
TCGA-BP-4971,TCGA-BP-4994,7,3,1,0.14285714285714285,"[""K5_repeat2_K5_C0002_M_K5_C0003""]"
TCGA-BP-4971,TCGA-BP-4995,7,12,0,0.0,[]
TCGA-BP-4971,TCGA-BP-4999,7,11,0,0.0,[]
TCGA-BP-4971,TCGA-BP-5000,7,3,1,0.14285714285714285,"[""K5_repeat2_K5_C0002_M_K5_C0003""]"
TCGA-BP-4971,TCGA-BP-5001,7,12,0,0.0,[]
TCGA-BP-4971,TCGA-BP-5004,7,12,0,0.0,[]
TCGA-BP-4971,TCGA-BP-5006,7,12,0,0.0,[]
TCGA-BP-4971,TCGA-BP-5007,7,12,0,0.0,[]
TCGA-BP-4971,TCGA-BP-5009,7,12,0,0.0,[]
TCGA-BP-4971,TCGA-BP-5010,7,4,1,0.14285714285714285,"[""K4_repeat2_K4_C0003""]"
TCGA-BP-4971,TCGA-BP-5174,7,8,0,0.0,[]
TCGA-BP-4971,TCGA-BP-5175,7,7,7,1.0,"[""K4_repeat2_K4_C0003"", ""K5_repeat2_K5_C0002_M_K5_C0003"", ""K5_repeat3_K5_C0003"", ""K6_repeat3_K6_C0005"", ""K7_repeat1_K7_C0005"", ""K8_repeat1_K8_C0005"", ""K8_repeat2_K8_C0005""]"
TCGA-BP-4971,TCGA-BP-5180,7,13,0,0.0,[]
TCGA-BP-4971,TCGA-BP-5181,7,13,0,0.0,[]
TCGA-BP-4971,TCGA-BP-5183,7,13,0,0.0,[]
TCGA-BP-4971,TCGA-BP-5184,7,13,0,0.0,[]
TCGA-BP-4971,TCGA-BP-5186,7,13,0,0.0,[]
TCGA-BP-4971,TCGA-BP-5187,7,13,0,0.0,[]
TCGA-BP-4971,TCGA-BP-5189,7,11,1,0.09090909090909091,"[""K5_repeat2_K5_C0002_M_K5_C0003""]"
TCGA-BP-4971,TCGA-BP-5190,7,3,1,0.14285714285714285,"[""K5_repeat2_K5_C0002_M_K5_C0003""]"
TCGA-BP-4971,TCGA-BP-5191,7,3,1,0.14285714285714285,"[""K5_repeat2_K5_C0002_M_K5_C0003""]"
TCGA-BP-4971,TCGA-BP-5192,7,10,0,0.0,[]
TCGA-BP-4971,TCGA-BP-5194,7,11,0,0.0,[]
TCGA-BP-4971,TCGA-BP-5195,7,12,0,0.0,[]
TCGA-BP-4971,TCGA-BP-5196,7,8,0,0.0,[]
TCGA-BP-4971,TCGA-BP-5199,7,12,0,0.0,[]
TCGA-BP-4971,TCGA-BP-5200,7,11,0,0.0,[]
TCGA-BP-4971,TCGA-CJ-4637,7,7,7,1.0,"[""K4_repeat2_K4_C0003"", ""K5_repeat2_K5_C0002_M_K5_C0003"", ""K5_repeat3_K5_C0003"", ""K6_repeat3_K6_C0005"", ""K7_repeat1_K7_C0005"", ""K8_repeat1_K8_C0005"", ""K8_repeat2_K8_C0005""]"
TCGA-BP-4971,TCGA-CJ-4641,7,7,7,1.0,"[""K4_repeat2_K4_C0003"", ""K5_repeat2_K5_C0002_M_K5_C0003"", ""K5_repeat3_K5_C0003"", ""K6_repeat3_K6_C0005"", ""K7_repeat1_K7_C0005"", ""K8_repeat1_K8_C0005"", ""K8_repeat2_K8_C0005""]"
TCGA-BP-4971,TCGA-CJ-4900,7,6,5,0.7142857142857143,"[""K4_repeat2_K4_C0003"", ""K5_repeat2_K5_C0002_M_K5_C0003"", ""K5_repeat3_K5_C0003"", ""K6_repeat3_K6_C0005"", ""K7_repeat1_K7_C0005""]"
TCGA-BP-4971,TCGA-CJ-4902,7,4,1,0.14285714285714285,"[""K4_repeat2_K4_C0003""]"
TCGA-BP-4971,TCGA-CJ-4903,7,8,0,0.0,[]
TCGA-BP-4971,TCGA-CJ-4904,7,9,0,0.0,[]
TCGA-BP-4971,TCGA-CJ-4923,7,7,7,1.0,"[""K4_repeat2_K4_C0003"", ""K5_repeat2_K5_C0002_M_K5_C0003"", ""K5_repeat3_K5_C0003"", ""K6_repeat3_K6_C0005"", ""K7_repeat1_K7_C0005"", ""K8_repeat1_K8_C0005"", ""K8_repeat2_K8_C0005""]"
TCGA-BP-4971,TCGA-CJ-6027,7,7,7,1.0,"[""K4_repeat2_K4_C0003"", ""K5_repeat2_K5_C0002_M_K5_C0003"", ""K5_repeat3_K5_C0003"", ""K6_repeat3_K6_C0005"", ""K7_repeat1_K7_C0005"", ""K8_repeat1_K8_C0005"", ""K8_repeat2_K8_C0005""]"
TCGA-BP-4971,TCGA-CJ-6028,7,7,7,1.0,"[""K4_repeat2_K4_C0003"", ""K5_repeat2_K5_C0002_M_K5_C0003"", ""K5_repeat3_K5_C0003"", ""K6_repeat3_K6_C0005"", ""K7_repeat1_K7_C0005"", ""K8_repeat1_K8_C0005"", ""K8_repeat2_K8_C0005""]"
TCGA-BP-4971,TCGA-CJ-6030,7,7,7,1.0,"[""K4_repeat2_K4_C0003"", ""K5_repeat2_K5_C0002_M_K5_C0003"", ""K5_repeat3_K5_C0003"", ""K6_repeat3_K6_C0005"", ""K7_repeat1_K7_C0005"", ""K8_repeat1_K8_C0005"", ""K8_repeat2_K8_C0005""]"
TCGA-BP-4971,TCGA-CJ-6033,7,5,0,0.0,[]
TCGA-BP-4971,TCGA-CZ-4859,7,12,0,0.0,[]
TCGA-BP-4971,TCGA-CZ-4863,7,3,1,0.14285714285714285,"[""K5_repeat2_K5_C0002_M_K5_C0003""]"
TCGA-BP-4971,TCGA-CZ-4865,7,3,1,0.14285714285714285,"[""K5_repeat2_K5_C0002_M_K5_C0003""]"
TCGA-BP-4971,TCGA-CZ-5451,7,9,0,0.0,[]
TCGA-BP-4971,TCGA-CZ-5462,7,5,3,0.42857142857142855,"[""K5_repeat2_K5_C0002_M_K5_C0003"", ""K8_repeat1_K8_C0005"", ""K8_repeat2_K8_C0005""]"
TCGA-BP-4971,TCGA-CZ-5468,7,3,1,0.14285714285714285,"[""K5_repeat2_K5_C0002_M_K5_C0003""]"
TCGA-BP-4971,TCGA-CZ-5984,7,8,0,0.0,[]
TCGA-BP-4971,TCGA-CZ-5985,7,7,7,1.0,"[""K4_repeat2_K4_C0003"", ""K5_repeat2_K5_C0002_M_K5_C0003"", ""K5_repeat3_K5_C0003"", ""K6_repeat3_K6_C0005"", ""K7_repeat1_K7_C0005"", ""K8_repeat1_K8_C0005"", ""K8_repeat2_K8_C0005""]"
TCGA-BP-4971,TCGA-CZ-5988,7,3,1,0.14285714285714285,"[""K5_repeat2_K5_C0002_M_K5_C0003""]"
TCGA-BP-4971,TCGA-G6-A5PC,7,7,7,1.0,"[""K4_repeat2_K4_C0003"", ""K5_repeat2_K5_C0002_M_K5_C0003"", ""K5_repeat3_K5_C0003"", ""K6_repeat3_K6_C0005"", ""K7_repeat1_K7_C0005"", ""K8_repeat1_K8_C0005"", ""K8_repeat2_K8_C0005""]"
TCGA-BP-4971,TCGA-G6-A8L7,7,5,0,0.0,[]
TCGA-BP-4972,TCGA-BP-4976,6,12,5,0.4166666666666667,"[""K2_repeat1_K2_C0002"", ""K2_repeat2_K2_C0002"", ""K2_repeat3_K2_C0002"", ""K6_repeat3_K6_C0001_M_K6_C0004"", ""K8_repeat1_K8_C0004""]"
TCGA-BP-4972,TCGA-BP-4977,6,8,3,0.375,"[""K2_repeat1_K2_C0002"", ""K2_repeat2_K2_C0002"", ""K2_repeat3_K2_C0002""]"
TCGA-BP-4972,TCGA-BP-4982,6,11,4,0.36363636363636365,"[""K2_repeat1_K2_C0002"", ""K2_repeat2_K2_C0002"", ""K2_repeat3_K2_C0002"", ""K6_repeat3_K6_C0001_M_K6_C0004""]"
TCGA-BP-4972,TCGA-BP-4986,6,8,3,0.375,"[""K2_repeat1_K2_C0002"", ""K2_repeat2_K2_C0002"", ""K2_repeat3_K2_C0002""]"
TCGA-BP-4972,TCGA-BP-4988,6,9,4,0.4444444444444444,"[""K2_repeat1_K2_C0002"", ""K2_repeat2_K2_C0002"", ""K2_repeat3_K2_C0002"", ""K6_repeat3_K6_C0001_M_K6_C0004""]"
TCGA-BP-4972,TCGA-BP-4989,6,13,4,0.3076923076923077,"[""K2_repeat1_K2_C0002"", ""K2_repeat2_K2_C0002"", ""K2_repeat3_K2_C0002"", ""K6_repeat3_K6_C0001_M_K6_C0004""]"
TCGA-BP-4972,TCGA-BP-4992,6,7,1,0.14285714285714285,"[""K5_repeat2_K5_C0002_M_K5_C0003""]"
TCGA-BP-4972,TCGA-BP-4994,6,3,1,0.16666666666666666,"[""K5_repeat2_K5_C0002_M_K5_C0003""]"
TCGA-BP-4972,TCGA-BP-4995,6,12,5,0.4166666666666667,"[""K2_repeat1_K2_C0002"", ""K2_repeat2_K2_C0002"", ""K2_repeat3_K2_C0002"", ""K6_repeat3_K6_C0001_M_K6_C0004"", ""K8_repeat1_K8_C0004""]"
TCGA-BP-4972,TCGA-BP-4999,6,11,4,0.36363636363636365,"[""K2_repeat1_K2_C0002"", ""K2_repeat2_K2_C0002"", ""K2_repeat3_K2_C0002"", ""K6_repeat3_K6_C0001_M_K6_C0004""]"
TCGA-BP-4972,TCGA-BP-5000,6,3,1,0.16666666666666666,"[""K5_repeat2_K5_C0002_M_K5_C0003""]"
TCGA-BP-4972,TCGA-BP-5001,6,12,5,0.4166666666666667,"[""K2_repeat1_K2_C0002"", ""K2_repeat2_K2_C0002"", ""K2_repeat3_K2_C0002"", ""K6_repeat3_K6_C0001_M_K6_C0004"", ""K8_repeat1_K8_C0004""]"
TCGA-BP-4972,TCGA-BP-5004,6,12,5,0.4166666666666667,"[""K2_repeat1_K2_C0002"", ""K2_repeat2_K2_C0002"", ""K2_repeat3_K2_C0002"", ""K6_repeat3_K6_C0001_M_K6_C0004"", ""K8_repeat1_K8_C0004""]"
TCGA-BP-4972,TCGA-BP-5006,6,12,5,0.4166666666666667,"[""K2_repeat1_K2_C0002"", ""K2_repeat2_K2_C0002"", ""K2_repeat3_K2_C0002"", ""K6_repeat3_K6_C0001_M_K6_C0004"", ""K8_repeat1_K8_C0004""]"
TCGA-BP-4972,TCGA-BP-5007,6,12,5,0.4166666666666667,"[""K2_repeat1_K2_C0002"", ""K2_repeat2_K2_C0002"", ""K2_repeat3_K2_C0002"", ""K6_repeat3_K6_C0001_M_K6_C0004"", ""K8_repeat1_K8_C0004""]"
TCGA-BP-4972,TCGA-BP-5009,6,12,4,0.3333333333333333,"[""K2_repeat1_K2_C0002"", ""K2_repeat2_K2_C0002"", ""K2_repeat3_K2_C0002"", ""K6_repeat3_K6_C0001_M_K6_C0004""]"
TCGA-BP-4972,TCGA-BP-5010,6,4,0,0.0,[]
TCGA-BP-4972,TCGA-BP-5174,6,8,3,0.375,"[""K2_repeat1_K2_C0002"", ""K2_repeat2_K2_C0002"", ""K2_repeat3_K2_C0002""]"
TCGA-BP-4972,TCGA-BP-5175,6,7,1,0.14285714285714285,"[""K5_repeat2_K5_C0002_M_K5_C0003""]"
TCGA-BP-4972,TCGA-BP-5180,6,13,4,0.3076923076923077,"[""K2_repeat1_K2_C0002"", ""K2_repeat2_K2_C0002"", ""K2_repeat3_K2_C0002"", ""K6_repeat3_K6_C0001_M_K6_C0004""]"
TCGA-BP-4972,TCGA-BP-5181,6,13,4,0.3076923076923077,"[""K2_repeat1_K2_C0002"", ""K2_repeat2_K2_C0002"", ""K2_repeat3_K2_C0002"", ""K6_repeat3_K6_C0001_M_K6_C0004""]"
TCGA-BP-4972,TCGA-BP-5183,6,13,4,0.3076923076923077,"[""K2_repeat1_K2_C0002"", ""K2_repeat2_K2_C0002"", ""K2_repeat3_K2_C0002"", ""K6_repeat3_K6_C0001_M_K6_C0004""]"
TCGA-BP-4972,TCGA-BP-5184,6,13,4,0.3076923076923077,"[""K2_repeat1_K2_C0002"", ""K2_repeat2_K2_C0002"", ""K2_repeat3_K2_C0002"", ""K6_repeat3_K6_C0001_M_K6_C0004""]"
TCGA-BP-4972,TCGA-BP-5186,6,13,4,0.3076923076923077,"[""K2_repeat1_K2_C0002"", ""K2_repeat2_K2_C0002"", ""K2_repeat3_K2_C0002"", ""K6_repeat3_K6_C0001_M_K6_C0004""]"
TCGA-BP-4972,TCGA-BP-5187,6,13,4,0.3076923076923077,"[""K2_repeat1_K2_C0002"", ""K2_repeat2_K2_C0002"", ""K2_repeat3_K2_C0002"", ""K6_repeat3_K6_C0001_M_K6_C0004""]"
TCGA-BP-4972,TCGA-BP-5189,6,11,5,0.45454545454545453,"[""K2_repeat1_K2_C0002"", ""K2_repeat2_K2_C0002"", ""K2_repeat3_K2_C0002"", ""K5_repeat2_K5_C0002_M_K5_C0003"", ""K6_repeat3_K6_C0001_M_K6_C0004""]"
TCGA-BP-4972,TCGA-BP-5190,6,3,1,0.16666666666666666,"[""K5_repeat2_K5_C0002_M_K5_C0003""]"
TCGA-BP-4972,TCGA-BP-5191,6,3,1,0.16666666666666666,"[""K5_repeat2_K5_C0002_M_K5_C0003""]"
TCGA-BP-4972,TCGA-BP-5192,6,10,4,0.4,"[""K2_repeat1_K2_C0002"", ""K2_repeat2_K2_C0002"", ""K2_repeat3_K2_C0002"", ""K8_repeat1_K8_C0004""]"
TCGA-BP-4972,TCGA-BP-5194,6,11,4,0.36363636363636365,"[""K2_repeat1_K2_C0002"", ""K2_repeat2_K2_C0002"", ""K2_repeat3_K2_C0002"", ""K6_repeat3_K6_C0001_M_K6_C0004""]"
TCGA-BP-4972,TCGA-BP-5195,6,12,4,0.3333333333333333,"[""K2_repeat1_K2_C0002"", ""K2_repeat2_K2_C0002"", ""K2_repeat3_K2_C0002"", ""K6_repeat3_K6_C0001_M_K6_C0004""]"
TCGA-BP-4972,TCGA-BP-5196,6,8,3,0.375,"[""K2_repeat1_K2_C0002"", ""K2_repeat2_K2_C0002"", ""K2_repeat3_K2_C0002""]"
TCGA-BP-4972,TCGA-BP-5199,6,12,5,0.4166666666666667,"[""K2_repeat1_K2_C0002"", ""K2_repeat2_K2_C0002"", ""K2_repeat3_K2_C0002"", ""K6_repeat3_K6_C0001_M_K6_C0004"", ""K8_repeat1_K8_C0004""]"
TCGA-BP-4972,TCGA-BP-5200,6,11,4,0.36363636363636365,"[""K2_repeat1_K2_C0002"", ""K2_repeat2_K2_C0002"", ""K2_repeat3_K2_C0002"", ""K6_repeat3_K6_C0001_M_K6_C0004""]"
TCGA-BP-4972,TCGA-CJ-4637,6,7,1,0.14285714285714285,"[""K5_repeat2_K5_C0002_M_K5_C0003""]"
TCGA-BP-4972,TCGA-CJ-4641,6,7,1,0.14285714285714285,"[""K5_repeat2_K5_C0002_M_K5_C0003""]"
TCGA-BP-4972,TCGA-CJ-4900,6,6,1,0.16666666666666666,"[""K5_repeat2_K5_C0002_M_K5_C0003""]"
TCGA-BP-4972,TCGA-CJ-4902,6,4,0,0.0,[]
TCGA-BP-4972,TCGA-CJ-4903,6,8,4,0.5,"[""K2_repeat1_K2_C0002"", ""K2_repeat2_K2_C0002"", ""K2_repeat3_K2_C0002"", ""K6_repeat3_K6_C0001_M_K6_C0004""]"
TCGA-BP-4972,TCGA-CJ-4904,6,9,4,0.4444444444444444,"[""K2_repeat1_K2_C0002"", ""K2_repeat2_K2_C0002"", ""K2_repeat3_K2_C0002"", ""K6_repeat3_K6_C0001_M_K6_C0004""]"
TCGA-BP-4972,TCGA-CJ-4923,6,7,1,0.14285714285714285,"[""K5_repeat2_K5_C0002_M_K5_C0003""]"
TCGA-BP-4972,TCGA-CJ-6027,6,7,1,0.14285714285714285,"[""K5_repeat2_K5_C0002_M_K5_C0003""]"
TCGA-BP-4972,TCGA-CJ-6028,6,7,1,0.14285714285714285,"[""K5_repeat2_K5_C0002_M_K5_C0003""]"
TCGA-BP-4972,TCGA-CJ-6030,6,7,1,0.14285714285714285,"[""K5_repeat2_K5_C0002_M_K5_C0003""]"
TCGA-BP-4972,TCGA-CJ-6033,6,5,1,0.16666666666666666,"[""K6_repeat3_K6_C0001_M_K6_C0004""]"
TCGA-BP-4972,TCGA-CZ-4859,6,12,5,0.4166666666666667,"[""K2_repeat1_K2_C0002"", ""K2_repeat2_K2_C0002"", ""K2_repeat3_K2_C0002"", ""K6_repeat3_K6_C0001_M_K6_C0004"", ""K8_repeat1_K8_C0004""]"
TCGA-BP-4972,TCGA-CZ-4863,6,3,1,0.16666666666666666,"[""K5_repeat2_K5_C0002_M_K5_C0003""]"
TCGA-BP-4972,TCGA-CZ-4865,6,3,1,0.16666666666666666,"[""K5_repeat2_K5_C0002_M_K5_C0003""]"
TCGA-BP-4972,TCGA-CZ-5451,6,9,3,0.3333333333333333,"[""K2_repeat1_K2_C0002"", ""K2_repeat2_K2_C0002"", ""K2_repeat3_K2_C0002""]"
TCGA-BP-4972,TCGA-CZ-5462,6,5,1,0.16666666666666666,"[""K5_repeat2_K5_C0002_M_K5_C0003""]"
TCGA-BP-4972,TCGA-CZ-5468,6,3,1,0.16666666666666666,"[""K5_repeat2_K5_C0002_M_K5_C0003""]"
TCGA-BP-4972,TCGA-CZ-5984,6,8,3,0.375,"[""K2_repeat1_K2_C0002"", ""K2_repeat2_K2_C0002"", ""K2_repeat3_K2_C0002""]"
TCGA-BP-4972,TCGA-CZ-5985,6,7,1,0.14285714285714285,"[""K5_repeat2_K5_C0002_M_K5_C0003""]"
TCGA-BP-4972,TCGA-CZ-5988,6,3,1,0.16666666666666666,"[""K5_repeat2_K5_C0002_M_K5_C0003""]"
TCGA-BP-4972,TCGA-G6-A5PC,6,7,1,0.14285714285714285,"[""K5_repeat2_K5_C0002_M_K5_C0003""]"
TCGA-BP-4972,TCGA-G6-A8L7,6,5,1,0.16666666666666666,"[""K6_repeat3_K6_C0001_M_K6_C0004""]"
TCGA-BP-4976,TCGA-BP-4977,12,8,4,0.3333333333333333,"[""K2_repeat1_K2_C0002"", ""K2_repeat2_K2_C0002"", ""K2_repeat3_K2_C0002"", ""K4_repeat1_K4_C0001_M_K4_C0004""]"
TCGA-BP-4976,TCGA-BP-4982,12,11,11,0.9166666666666666,"[""K2_repeat1_K2_C0002"", ""K2_repeat2_K2_C0002"", ""K2_repeat3_K2_C0002"", ""K3_repeat1_K3_C0003"", ""K3_repeat2_K3_C0003"", ""K3_repeat3_K3_C0003"", ""K4_repeat1_K4_C0001_M_K4_C0004"", ""K4_repeat2_K4_C0001"", ""K5_repeat2_K5_C0001_M_K5_C0005"", ""K5_repeat3_K5_C0001_M_K5_C0005"", ""K6_repeat3_K6_C0001_M_K6_C0004""]"
TCGA-BP-4976,TCGA-BP-4986,12,8,4,0.3333333333333333,"[""K2_repeat1_K2_C0002"", ""K2_repeat2_K2_C0002"", ""K2_repeat3_K2_C0002"", ""K4_repeat1_K4_C0001_M_K4_C0004""]"
TCGA-BP-4976,TCGA-BP-4988,12,9,8,0.6666666666666666,"[""K2_repeat1_K2_C0002"", ""K2_repeat2_K2_C0002"", ""K2_repeat3_K2_C0002"", ""K4_repeat1_K4_C0001_M_K4_C0004"", ""K4_repeat2_K4_C0001"", ""K5_repeat2_K5_C0001_M_K5_C0005"", ""K5_repeat3_K5_C0001_M_K5_C0005"", ""K6_repeat3_K6_C0001_M_K6_C0004""]"
TCGA-BP-4976,TCGA-BP-4989,12,13,11,0.8461538461538461,"[""K2_repeat1_K2_C0002"", ""K2_repeat2_K2_C0002"", ""K2_repeat3_K2_C0002"", ""K3_repeat1_K3_C0003"", ""K3_repeat2_K3_C0003"", ""K3_repeat3_K3_C0003"", ""K4_repeat1_K4_C0001_M_K4_C0004"", ""K4_repeat2_K4_C0001"", ""K5_repeat2_K5_C0001_M_K5_C0005"", ""K5_repeat3_K5_C0001_M_K5_C0005"", ""K6_repeat3_K6_C0001_M_K6_C0004""]"
TCGA-BP-4976,TCGA-BP-4992,12,7,0,0.0,[]
TCGA-BP-4976,TCGA-BP-4994,12,3,0,0.0,[]
TCGA-BP-4976,TCGA-BP-4995,12,12,12,1.0,"[""K2_repeat1_K2_C0002"", ""K2_repeat2_K2_C0002"", ""K2_repeat3_K2_C0002"", ""K3_repeat1_K3_C0003"", ""K3_repeat2_K3_C0003"", ""K3_repeat3_K3_C0003"", ""K4_repeat1_K4_C0001_M_K4_C0004"", ""K4_repeat2_K4_C0001"", ""K5_repeat2_K5_C0001_M_K5_C0005"", ""K5_repeat3_K5_C0001_M_K5_C0005"", ""K6_repeat3_K6_C0001_M_K6_C0004"", ""K8_repeat1_K8_C0004""]"
TCGA-BP-4976,TCGA-BP-4999,12,11,11,0.9166666666666666,"[""K2_repeat1_K2_C0002"", ""K2_repeat2_K2_C0002"", ""K2_repeat3_K2_C0002"", ""K3_repeat1_K3_C0003"", ""K3_repeat2_K3_C0003"", ""K3_repeat3_K3_C0003"", ""K4_repeat1_K4_C0001_M_K4_C0004"", ""K4_repeat2_K4_C0001"", ""K5_repeat2_K5_C0001_M_K5_C0005"", ""K5_repeat3_K5_C0001_M_K5_C0005"", ""K6_repeat3_K6_C0001_M_K6_C0004""]"
TCGA-BP-4976,TCGA-BP-5000,12,3,0,0.0,[]
TCGA-BP-4976,TCGA-BP-5001,12,12,12,1.0,"[""K2_repeat1_K2_C0002"", ""K2_repeat2_K2_C0002"", ""K2_repeat3_K2_C0002"", ""K3_repeat1_K3_C0003"", ""K3_repeat2_K3_C0003"", ""K3_repeat3_K3_C0003"", ""K4_repeat1_K4_C0001_M_K4_C0004"", ""K4_repeat2_K4_C0001"", ""K5_repeat2_K5_C0001_M_K5_C0005"", ""K5_repeat3_K5_C0001_M_K5_C0005"", ""K6_repeat3_K6_C0001_M_K6_C0004"", ""K8_repeat1_K8_C0004""]"
TCGA-BP-4976,TCGA-BP-5004,12,12,12,1.0,"[""K2_repeat1_K2_C0002"", ""K2_repeat2_K2_C0002"", ""K2_repeat3_K2_C0002"", ""K3_repeat1_K3_C0003"", ""K3_repeat2_K3_C0003"", ""K3_repeat3_K3_C0003"", ""K4_repeat1_K4_C0001_M_K4_C0004"", ""K4_repeat2_K4_C0001"", ""K5_repeat2_K5_C0001_M_K5_C0005"", ""K5_repeat3_K5_C0001_M_K5_C0005"", ""K6_repeat3_K6_C0001_M_K6_C0004"", ""K8_repeat1_K8_C0004""]"
TCGA-BP-4976,TCGA-BP-5006,12,12,12,1.0,"[""K2_repeat1_K2_C0002"", ""K2_repeat2_K2_C0002"", ""K2_repeat3_K2_C0002"", ""K3_repeat1_K3_C0003"", ""K3_repeat2_K3_C0003"", ""K3_repeat3_K3_C0003"", ""K4_repeat1_K4_C0001_M_K4_C0004"", ""K4_repeat2_K4_C0001"", ""K5_repeat2_K5_C0001_M_K5_C0005"", ""K5_repeat3_K5_C0001_M_K5_C0005"", ""K6_repeat3_K6_C0001_M_K6_C0004"", ""K8_repeat1_K8_C0004""]"
TCGA-BP-4976,TCGA-BP-5007,12,12,12,1.0,"[""K2_repeat1_K2_C0002"", ""K2_repeat2_K2_C0002"", ""K2_repeat3_K2_C0002"", ""K3_repeat1_K3_C0003"", ""K3_repeat2_K3_C0003"", ""K3_repeat3_K3_C0003"", ""K4_repeat1_K4_C0001_M_K4_C0004"", ""K4_repeat2_K4_C0001"", ""K5_repeat2_K5_C0001_M_K5_C0005"", ""K5_repeat3_K5_C0001_M_K5_C0005"", ""K6_repeat3_K6_C0001_M_K6_C0004"", ""K8_repeat1_K8_C0004""]"
TCGA-BP-4976,TCGA-BP-5009,12,12,11,0.9166666666666666,"[""K2_repeat1_K2_C0002"", ""K2_repeat2_K2_C0002"", ""K2_repeat3_K2_C0002"", ""K3_repeat1_K3_C0003"", ""K3_repeat2_K3_C0003"", ""K3_repeat3_K3_C0003"", ""K4_repeat1_K4_C0001_M_K4_C0004"", ""K4_repeat2_K4_C0001"", ""K5_repeat2_K5_C0001_M_K5_C0005"", ""K5_repeat3_K5_C0001_M_K5_C0005"", ""K6_repeat3_K6_C0001_M_K6_C0004""]"
TCGA-BP-4976,TCGA-BP-5010,12,4,0,0.0,[]
TCGA-BP-4976,TCGA-BP-5174,12,8,4,0.3333333333333333,"[""K2_repeat1_K2_C0002"", ""K2_repeat2_K2_C0002"", ""K2_repeat3_K2_C0002"", ""K4_repeat1_K4_C0001_M_K4_C0004""]"
TCGA-BP-4976,TCGA-BP-5175,12,7,0,0.0,[]
TCGA-BP-4976,TCGA-BP-5180,12,13,11,0.8461538461538461,"[""K2_repeat1_K2_C0002"", ""K2_repeat2_K2_C0002"", ""K2_repeat3_K2_C0002"", ""K3_repeat1_K3_C0003"", ""K3_repeat2_K3_C0003"", ""K3_repeat3_K3_C0003"", ""K4_repeat1_K4_C0001_M_K4_C0004"", ""K4_repeat2_K4_C0001"", ""K5_repeat2_K5_C0001_M_K5_C0005"", ""K5_repeat3_K5_C0001_M_K5_C0005"", ""K6_repeat3_K6_C0001_M_K6_C0004""]"
TCGA-BP-4976,TCGA-BP-5181,12,13,11,0.8461538461538461,"[""K2_repeat1_K2_C0002"", ""K2_repeat2_K2_C0002"", ""K2_repeat3_K2_C0002"", ""K3_repeat1_K3_C0003"", ""K3_repeat2_K3_C0003"", ""K3_repeat3_K3_C0003"", ""K4_repeat1_K4_C0001_M_K4_C0004"", ""K4_repeat2_K4_C0001"", ""K5_repeat2_K5_C0001_M_K5_C0005"", ""K5_repeat3_K5_C0001_M_K5_C0005"", ""K6_repeat3_K6_C0001_M_K6_C0004""]"
TCGA-BP-4976,TCGA-BP-5183,12,13,11,0.8461538461538461,"[""K2_repeat1_K2_C0002"", ""K2_repeat2_K2_C0002"", ""K2_repeat3_K2_C0002"", ""K3_repeat1_K3_C0003"", ""K3_repeat2_K3_C0003"", ""K3_repeat3_K3_C0003"", ""K4_repeat1_K4_C0001_M_K4_C0004"", ""K4_repeat2_K4_C0001"", ""K5_repeat2_K5_C0001_M_K5_C0005"", ""K5_repeat3_K5_C0001_M_K5_C0005"", ""K6_repeat3_K6_C0001_M_K6_C0004""]"
TCGA-BP-4976,TCGA-BP-5184,12,13,11,0.8461538461538461,"[""K2_repeat1_K2_C0002"", ""K2_repeat2_K2_C0002"", ""K2_repeat3_K2_C0002"", ""K3_repeat1_K3_C0003"", ""K3_repeat2_K3_C0003"", ""K3_repeat3_K3_C0003"", ""K4_repeat1_K4_C0001_M_K4_C0004"", ""K4_repeat2_K4_C0001"", ""K5_repeat2_K5_C0001_M_K5_C0005"", ""K5_repeat3_K5_C0001_M_K5_C0005"", ""K6_repeat3_K6_C0001_M_K6_C0004""]"
TCGA-BP-4976,TCGA-BP-5186,12,13,11,0.8461538461538461,"[""K2_repeat1_K2_C0002"", ""K2_repeat2_K2_C0002"", ""K2_repeat3_K2_C0002"", ""K3_repeat1_K3_C0003"", ""K3_repeat2_K3_C0003"", ""K3_repeat3_K3_C0003"", ""K4_repeat1_K4_C0001_M_K4_C0004"", ""K4_repeat2_K4_C0001"", ""K5_repeat2_K5_C0001_M_K5_C0005"", ""K5_repeat3_K5_C0001_M_K5_C0005"", ""K6_repeat3_K6_C0001_M_K6_C0004""]"
TCGA-BP-4976,TCGA-BP-5187,12,13,11,0.8461538461538461,"[""K2_repeat1_K2_C0002"", ""K2_repeat2_K2_C0002"", ""K2_repeat3_K2_C0002"", ""K3_repeat1_K3_C0003"", ""K3_repeat2_K3_C0003"", ""K3_repeat3_K3_C0003"", ""K4_repeat1_K4_C0001_M_K4_C0004"", ""K4_repeat2_K4_C0001"", ""K5_repeat2_K5_C0001_M_K5_C0005"", ""K5_repeat3_K5_C0001_M_K5_C0005"", ""K6_repeat3_K6_C0001_M_K6_C0004""]"
TCGA-BP-4976,TCGA-BP-5189,12,11,9,0.75,"[""K2_repeat1_K2_C0002"", ""K2_repeat2_K2_C0002"", ""K2_repeat3_K2_C0002"", ""K3_repeat1_K3_C0003"", ""K3_repeat2_K3_C0003"", ""K3_repeat3_K3_C0003"", ""K4_repeat1_K4_C0001_M_K4_C0004"", ""K4_repeat2_K4_C0001"", ""K6_repeat3_K6_C0001_M_K6_C0004""]"
TCGA-BP-4976,TCGA-BP-5190,12,3,0,0.0,[]
TCGA-BP-4976,TCGA-BP-5191,12,3,0,0.0,[]
TCGA-BP-4976,TCGA-BP-5192,12,10,8,0.6666666666666666,"[""K2_repeat1_K2_C0002"", ""K2_repeat2_K2_C0002"", ""K2_repeat3_K2_C0002"", ""K3_repeat1_K3_C0003"", ""K3_repeat2_K3_C0003"", ""K3_repeat3_K3_C0003"", ""K4_repeat1_K4_C0001_M_K4_C0004"", ""K8_repeat1_K8_C0004""]"
TCGA-BP-4976,TCGA-BP-5194,12,11,11,0.9166666666666666,"[""K2_repeat1_K2_C0002"", ""K2_repeat2_K2_C0002"", ""K2_repeat3_K2_C0002"", ""K3_repeat1_K3_C0003"", ""K3_repeat2_K3_C0003"", ""K3_repeat3_K3_C0003"", ""K4_repeat1_K4_C0001_M_K4_C0004"", ""K4_repeat2_K4_C0001"", ""K5_repeat2_K5_C0001_M_K5_C0005"", ""K5_repeat3_K5_C0001_M_K5_C0005"", ""K6_repeat3_K6_C0001_M_K6_C0004""]"
TCGA-BP-4976,TCGA-BP-5195,12,12,11,0.9166666666666666,"[""K2_repeat1_K2_C0002"", ""K2_repeat2_K2_C0002"", ""K2_repeat3_K2_C0002"", ""K3_repeat1_K3_C0003"", ""K3_repeat2_K3_C0003"", ""K3_repeat3_K3_C0003"", ""K4_repeat1_K4_C0001_M_K4_C0004"", ""K4_repeat2_K4_C0001"", ""K5_repeat2_K5_C0001_M_K5_C0005"", ""K5_repeat3_K5_C0001_M_K5_C0005"", ""K6_repeat3_K6_C0001_M_K6_C0004""]"
TCGA-BP-4976,TCGA-BP-5196,12,8,4,0.3333333333333333,"[""K2_repeat1_K2_C0002"", ""K2_repeat2_K2_C0002"", ""K2_repeat3_K2_C0002"", ""K4_repeat1_K4_C0001_M_K4_C0004""]"
TCGA-BP-4976,TCGA-BP-5199,12,12,11,0.9166666666666666,"[""K2_repeat1_K2_C0002"", ""K2_repeat2_K2_C0002"", ""K2_repeat3_K2_C0002"", ""K3_repeat1_K3_C0003"", ""K3_repeat2_K3_C0003"", ""K3_repeat3_K3_C0003"", ""K4_repeat1_K4_C0001_M_K4_C0004"", ""K5_repeat2_K5_C0001_M_K5_C0005"", ""K5_repeat3_K5_C0001_M_K5_C0005"", ""K6_repeat3_K6_C0001_M_K6_C0004"", ""K8_repeat1_K8_C0004""]"
TCGA-BP-4976,TCGA-BP-5200,12,11,11,0.9166666666666666,"[""K2_repeat1_K2_C0002"", ""K2_repeat2_K2_C0002"", ""K2_repeat3_K2_C0002"", ""K3_repeat1_K3_C0003"", ""K3_repeat2_K3_C0003"", ""K3_repeat3_K3_C0003"", ""K4_repeat1_K4_C0001_M_K4_C0004"", ""K4_repeat2_K4_C0001"", ""K5_repeat2_K5_C0001_M_K5_C0005"", ""K5_repeat3_K5_C0001_M_K5_C0005"", ""K6_repeat3_K6_C0001_M_K6_C0004""]"
TCGA-BP-4976,TCGA-CJ-4637,12,7,0,0.0,[]
TCGA-BP-4976,TCGA-CJ-4641,12,7,0,0.0,[]
TCGA-BP-4976,TCGA-CJ-4900,12,6,0,0.0,[]
TCGA-BP-4976,TCGA-CJ-4902,12,4,0,0.0,[]
TCGA-BP-4976,TCGA-CJ-4903,12,8,8,0.6666666666666666,"[""K2_repeat1_K2_C0002"", ""K2_repeat2_K2_C0002"", ""K2_repeat3_K2_C0002"", ""K4_repeat1_K4_C0001_M_K4_C0004"", ""K4_repeat2_K4_C0001"", ""K5_repeat2_K5_C0001_M_K5_C0005"", ""K5_repeat3_K5_C0001_M_K5_C0005"", ""K6_repeat3_K6_C0001_M_K6_C0004""]"
TCGA-BP-4976,TCGA-CJ-4904,12,9,8,0.6666666666666666,"[""K2_repeat1_K2_C0002"", ""K2_repeat2_K2_C0002"", ""K2_repeat3_K2_C0002"", ""K4_repeat1_K4_C0001_M_K4_C0004"", ""K4_repeat2_K4_C0001"", ""K5_repeat2_K5_C0001_M_K5_C0005"", ""K5_repeat3_K5_C0001_M_K5_C0005"", ""K6_repeat3_K6_C0001_M_K6_C0004""]"
TCGA-BP-4976,TCGA-CJ-4923,12,7,0,0.0,[]
TCGA-BP-4976,TCGA-CJ-6027,12,7,0,0.0,[]
TCGA-BP-4976,TCGA-CJ-6028,12,7,0,0.0,[]
TCGA-BP-4976,TCGA-CJ-6030,12,7,0,0.0,[]
TCGA-BP-4976,TCGA-CJ-6033,12,5,5,0.4166666666666667,"[""K4_repeat1_K4_C0001_M_K4_C0004"", ""K4_repeat2_K4_C0001"", ""K5_repeat2_K5_C0001_M_K5_C0005"", ""K5_repeat3_K5_C0001_M_K5_C0005"", ""K6_repeat3_K6_C0001_M_K6_C0004""]"
TCGA-BP-4976,TCGA-CZ-4859,12,12,12,1.0,"[""K2_repeat1_K2_C0002"", ""K2_repeat2_K2_C0002"", ""K2_repeat3_K2_C0002"", ""K3_repeat1_K3_C0003"", ""K3_repeat2_K3_C0003"", ""K3_repeat3_K3_C0003"", ""K4_repeat1_K4_C0001_M_K4_C0004"", ""K4_repeat2_K4_C0001"", ""K5_repeat2_K5_C0001_M_K5_C0005"", ""K5_repeat3_K5_C0001_M_K5_C0005"", ""K6_repeat3_K6_C0001_M_K6_C0004"", ""K8_repeat1_K8_C0004""]"
TCGA-BP-4976,TCGA-CZ-4863,12,3,0,0.0,[]
TCGA-BP-4976,TCGA-CZ-4865,12,3,0,0.0,[]
TCGA-BP-4976,TCGA-CZ-5451,12,9,7,0.5833333333333334,"[""K2_repeat1_K2_C0002"", ""K2_repeat2_K2_C0002"", ""K2_repeat3_K2_C0002"", ""K4_repeat1_K4_C0001_M_K4_C0004"", ""K4_repeat2_K4_C0001"", ""K5_repeat2_K5_C0001_M_K5_C0005"", ""K5_repeat3_K5_C0001_M_K5_C0005""]"
TCGA-BP-4976,TCGA-CZ-5462,12,5,0,0.0,[]
TCGA-BP-4976,TCGA-CZ-5468,12,3,0,0.0,[]
TCGA-BP-4976,TCGA-CZ-5984,12,8,4,0.3333333333333333,"[""K2_repeat1_K2_C0002"", ""K2_repeat2_K2_C0002"", ""K2_repeat3_K2_C0002"", ""K4_repeat1_K4_C0001_M_K4_C0004""]"
TCGA-BP-4976,TCGA-CZ-5985,12,7,0,0.0,[]
TCGA-BP-4976,TCGA-CZ-5988,12,3,0,0.0,[]
TCGA-BP-4976,TCGA-G6-A5PC,12,7,0,0.0,[]
TCGA-BP-4976,TCGA-G6-A8L7,12,5,5,0.4166666666666667,"[""K4_repeat1_K4_C0001_M_K4_C0004"", ""K4_repeat2_K4_C0001"", ""K5_repeat2_K5_C0001_M_K5_C0005"", ""K5_repeat3_K5_C0001_M_K5_C0005"", ""K6_repeat3_K6_C0001_M_K6_C0004""]"
TCGA-BP-4977,TCGA-BP-4982,8,11,4,0.36363636363636365,"[""K2_repeat1_K2_C0002"", ""K2_repeat2_K2_C0002"", ""K2_repeat3_K2_C0002"", ""K4_repeat1_K4_C0001_M_K4_C0004""]"
TCGA-BP-4977,TCGA-BP-4986,8,8,8,1.0,"[""K2_repeat1_K2_C0002"", ""K2_repeat2_K2_C0002"", ""K2_repeat3_K2_C0002"", ""K4_repeat1_K4_C0001_M_K4_C0004"", ""K4_repeat2_K4_C0004"", ""K6_repeat3_K6_C0006"", ""K7_repeat1_K7_C0006"", ""K8_repeat2_K8_C0007""]"
TCGA-BP-4977,TCGA-BP-4988,8,9,4,0.4444444444444444,"[""K2_repeat1_K2_C0002"", ""K2_repeat2_K2_C0002"", ""K2_repeat3_K2_C0002"", ""K4_repeat1_K4_C0001_M_K4_C0004""]"
TCGA-BP-4977,TCGA-BP-4989,8,13,4,0.3076923076923077,"[""K2_repeat1_K2_C0002"", ""K2_repeat2_K2_C0002"", ""K2_repeat3_K2_C0002"", ""K4_repeat1_K4_C0001_M_K4_C0004""]"
TCGA-BP-4977,TCGA-BP-4992,8,7,0,0.0,[]
TCGA-BP-4977,TCGA-BP-4994,8,3,0,0.0,[]
TCGA-BP-4977,TCGA-BP-4995,8,12,4,0.3333333333333333,"[""K2_repeat1_K2_C0002"", ""K2_repeat2_K2_C0002"", ""K2_repeat3_K2_C0002"", ""K4_repeat1_K4_C0001_M_K4_C0004""]"
TCGA-BP-4977,TCGA-BP-4999,8,11,4,0.36363636363636365,"[""K2_repeat1_K2_C0002"", ""K2_repeat2_K2_C0002"", ""K2_repeat3_K2_C0002"", ""K4_repeat1_K4_C0001_M_K4_C0004""]"
TCGA-BP-4977,TCGA-BP-5000,8,3,0,0.0,[]
TCGA-BP-4977,TCGA-BP-5001,8,12,4,0.3333333333333333,"[""K2_repeat1_K2_C0002"", ""K2_repeat2_K2_C0002"", ""K2_repeat3_K2_C0002"", ""K4_repeat1_K4_C0001_M_K4_C0004""]"
TCGA-BP-4977,TCGA-BP-5004,8,12,4,0.3333333333333333,"[""K2_repeat1_K2_C0002"", ""K2_repeat2_K2_C0002"", ""K2_repeat3_K2_C0002"", ""K4_repeat1_K4_C0001_M_K4_C0004""]"
TCGA-BP-4977,TCGA-BP-5006,8,12,4,0.3333333333333333,"[""K2_repeat1_K2_C0002"", ""K2_repeat2_K2_C0002"", ""K2_repeat3_K2_C0002"", ""K4_repeat1_K4_C0001_M_K4_C0004""]"
TCGA-BP-4977,TCGA-BP-5007,8,12,4,0.3333333333333333,"[""K2_repeat1_K2_C0002"", ""K2_repeat2_K2_C0002"", ""K2_repeat3_K2_C0002"", ""K4_repeat1_K4_C0001_M_K4_C0004""]"
TCGA-BP-4977,TCGA-BP-5009,8,12,4,0.3333333333333333,"[""K2_repeat1_K2_C0002"", ""K2_repeat2_K2_C0002"", ""K2_repeat3_K2_C0002"", ""K4_repeat1_K4_C0001_M_K4_C0004""]"
TCGA-BP-4977,TCGA-BP-5010,8,4,3,0.375,"[""K6_repeat3_K6_C0006"", ""K7_repeat1_K7_C0006"", ""K8_repeat2_K8_C0007""]"
TCGA-BP-4977,TCGA-BP-5174,8,8,8,1.0,"[""K2_repeat1_K2_C0002"", ""K2_repeat2_K2_C0002"", ""K2_repeat3_K2_C0002"", ""K4_repeat1_K4_C0001_M_K4_C0004"", ""K4_repeat2_K4_C0004"", ""K6_repeat3_K6_C0006"", ""K7_repeat1_K7_C0006"", ""K8_repeat2_K8_C0007""]"
TCGA-BP-4977,TCGA-BP-5175,8,7,0,0.0,[]
TCGA-BP-4977,TCGA-BP-5180,8,13,4,0.3076923076923077,"[""K2_repeat1_K2_C0002"", ""K2_repeat2_K2_C0002"", ""K2_repeat3_K2_C0002"", ""K4_repeat1_K4_C0001_M_K4_C0004""]"
TCGA-BP-4977,TCGA-BP-5181,8,13,4,0.3076923076923077,"[""K2_repeat1_K2_C0002"", ""K2_repeat2_K2_C0002"", ""K2_repeat3_K2_C0002"", ""K4_repeat1_K4_C0001_M_K4_C0004""]"
TCGA-BP-4977,TCGA-BP-5183,8,13,4,0.3076923076923077,"[""K2_repeat1_K2_C0002"", ""K2_repeat2_K2_C0002"", ""K2_repeat3_K2_C0002"", ""K4_repeat1_K4_C0001_M_K4_C0004""]"
TCGA-BP-4977,TCGA-BP-5184,8,13,4,0.3076923076923077,"[""K2_repeat1_K2_C0002"", ""K2_repeat2_K2_C0002"", ""K2_repeat3_K2_C0002"", ""K4_repeat1_K4_C0001_M_K4_C0004""]"
TCGA-BP-4977,TCGA-BP-5186,8,13,4,0.3076923076923077,"[""K2_repeat1_K2_C0002"", ""K2_repeat2_K2_C0002"", ""K2_repeat3_K2_C0002"", ""K4_repeat1_K4_C0001_M_K4_C0004""]"
TCGA-BP-4977,TCGA-BP-5187,8,13,4,0.3076923076923077,"[""K2_repeat1_K2_C0002"", ""K2_repeat2_K2_C0002"", ""K2_repeat3_K2_C0002"", ""K4_repeat1_K4_C0001_M_K4_C0004""]"
TCGA-BP-4977,TCGA-BP-5189,8,11,4,0.36363636363636365,"[""K2_repeat1_K2_C0002"", ""K2_repeat2_K2_C0002"", ""K2_repeat3_K2_C0002"", ""K4_repeat1_K4_C0001_M_K4_C0004""]"
TCGA-BP-4977,TCGA-BP-5190,8,3,0,0.0,[]
TCGA-BP-4977,TCGA-BP-5191,8,3,0,0.0,[]
TCGA-BP-4977,TCGA-BP-5192,8,10,6,0.6,"[""K2_repeat1_K2_C0002"", ""K2_repeat2_K2_C0002"", ""K2_repeat3_K2_C0002"", ""K4_repeat1_K4_C0001_M_K4_C0004"", ""K4_repeat2_K4_C0004"", ""K6_repeat3_K6_C0006""]"
TCGA-BP-4977,TCGA-BP-5194,8,11,4,0.36363636363636365,"[""K2_repeat1_K2_C0002"", ""K2_repeat2_K2_C0002"", ""K2_repeat3_K2_C0002"", ""K4_repeat1_K4_C0001_M_K4_C0004""]"
TCGA-BP-4977,TCGA-BP-5195,8,12,4,0.3333333333333333,"[""K2_repeat1_K2_C0002"", ""K2_repeat2_K2_C0002"", ""K2_repeat3_K2_C0002"", ""K4_repeat1_K4_C0001_M_K4_C0004""]"
TCGA-BP-4977,TCGA-BP-5196,8,8,8,1.0,"[""K2_repeat1_K2_C0002"", ""K2_repeat2_K2_C0002"", ""K2_repeat3_K2_C0002"", ""K4_repeat1_K4_C0001_M_K4_C0004"", ""K4_repeat2_K4_C0004"", ""K6_repeat3_K6_C0006"", ""K7_repeat1_K7_C0006"", ""K8_repeat2_K8_C0007""]"
TCGA-BP-4977,TCGA-BP-5199,8,12,5,0.4166666666666667,"[""K2_repeat1_K2_C0002"", ""K2_repeat2_K2_C0002"", ""K2_repeat3_K2_C0002"", ""K4_repeat1_K4_C0001_M_K4_C0004"", ""K4_repeat2_K4_C0004""]"
TCGA-BP-4977,TCGA-BP-5200,8,11,4,0.36363636363636365,"[""K2_repeat1_K2_C0002"", ""K2_repeat2_K2_C0002"", ""K2_repeat3_K2_C0002"", ""K4_repeat1_K4_C0001_M_K4_C0004""]"
TCGA-BP-4977,TCGA-CJ-4637,8,7,0,0.0,[]
TCGA-BP-4977,TCGA-CJ-4641,8,7,0,0.0,[]
TCGA-BP-4977,TCGA-CJ-4900,8,6,0,0.0,[]
TCGA-BP-4977,TCGA-CJ-4902,8,4,3,0.375,"[""K6_repeat3_K6_C0006"", ""K7_repeat1_K7_C0006"", ""K8_repeat2_K8_C0007""]"
TCGA-BP-4977,TCGA-CJ-4903,8,8,4,0.5,"[""K2_repeat1_K2_C0002"", ""K2_repeat2_K2_C0002"", ""K2_repeat3_K2_C0002"", ""K4_repeat1_K4_C0001_M_K4_C0004""]"
TCGA-BP-4977,TCGA-CJ-4904,8,9,4,0.4444444444444444,"[""K2_repeat1_K2_C0002"", ""K2_repeat2_K2_C0002"", ""K2_repeat3_K2_C0002"", ""K4_repeat1_K4_C0001_M_K4_C0004""]"
TCGA-BP-4977,TCGA-CJ-4923,8,7,0,0.0,[]
TCGA-BP-4977,TCGA-CJ-6027,8,7,0,0.0,[]
TCGA-BP-4977,TCGA-CJ-6028,8,7,0,0.0,[]
TCGA-BP-4977,TCGA-CJ-6030,8,7,0,0.0,[]
TCGA-BP-4977,TCGA-CJ-6033,8,5,1,0.125,"[""K4_repeat1_K4_C0001_M_K4_C0004""]"
TCGA-BP-4977,TCGA-CZ-4859,8,12,4,0.3333333333333333,"[""K2_repeat1_K2_C0002"", ""K2_repeat2_K2_C0002"", ""K2_repeat3_K2_C0002"", ""K4_repeat1_K4_C0001_M_K4_C0004""]"
TCGA-BP-4977,TCGA-CZ-4863,8,3,0,0.0,[]
TCGA-BP-4977,TCGA-CZ-4865,8,3,0,0.0,[]
TCGA-BP-4977,TCGA-CZ-5451,8,9,4,0.4444444444444444,"[""K2_repeat1_K2_C0002"", ""K2_repeat2_K2_C0002"", ""K2_repeat3_K2_C0002"", ""K4_repeat1_K4_C0001_M_K4_C0004""]"
TCGA-BP-4977,TCGA-CZ-5462,8,5,0,0.0,[]
TCGA-BP-4977,TCGA-CZ-5468,8,3,0,0.0,[]
TCGA-BP-4977,TCGA-CZ-5984,8,8,8,1.0,"[""K2_repeat1_K2_C0002"", ""K2_repeat2_K2_C0002"", ""K2_repeat3_K2_C0002"", ""K4_repeat1_K4_C0001_M_K4_C0004"", ""K4_repeat2_K4_C0004"", ""K6_repeat3_K6_C0006"", ""K7_repeat1_K7_C0006"", ""K8_repeat2_K8_C0007""]"
TCGA-BP-4977,TCGA-CZ-5985,8,7,0,0.0,[]
TCGA-BP-4977,TCGA-CZ-5988,8,3,0,0.0,[]
TCGA-BP-4977,TCGA-G6-A5PC,8,7,0,0.0,[]
TCGA-BP-4977,TCGA-G6-A8L7,8,5,1,0.125,"[""K4_repeat1_K4_C0001_M_K4_C0004""]"
TCGA-BP-4982,TCGA-BP-4986,11,8,4,0.36363636363636365,"[""K2_repeat1_K2_C0002"", ""K2_repeat2_K2_C0002"", ""K2_repeat3_K2_C0002"", ""K4_repeat1_K4_C0001_M_K4_C0004""]"
TCGA-BP-4982,TCGA-BP-4988,11,9,8,0.7272727272727273,"[""K2_repeat1_K2_C0002"", ""K2_repeat2_K2_C0002"", ""K2_repeat3_K2_C0002"", ""K4_repeat1_K4_C0001_M_K4_C0004"", ""K4_repeat2_K4_C0001"", ""K5_repeat2_K5_C0001_M_K5_C0005"", ""K5_repeat3_K5_C0001_M_K5_C0005"", ""K6_repeat3_K6_C0001_M_K6_C0004""]"
TCGA-BP-4982,TCGA-BP-4989,11,13,11,0.8461538461538461,"[""K2_repeat1_K2_C0002"", ""K2_repeat2_K2_C0002"", ""K2_repeat3_K2_C0002"", ""K3_repeat1_K3_C0003"", ""K3_repeat2_K3_C0003"", ""K3_repeat3_K3_C0003"", ""K4_repeat1_K4_C0001_M_K4_C0004"", ""K4_repeat2_K4_C0001"", ""K5_repeat2_K5_C0001_M_K5_C0005"", ""K5_repeat3_K5_C0001_M_K5_C0005"", ""K6_repeat3_K6_C0001_M_K6_C0004""]"
TCGA-BP-4982,TCGA-BP-4992,11,7,0,0.0,[]
TCGA-BP-4982,TCGA-BP-4994,11,3,0,0.0,[]
TCGA-BP-4982,TCGA-BP-4995,11,12,11,0.9166666666666666,"[""K2_repeat1_K2_C0002"", ""K2_repeat2_K2_C0002"", ""K2_repeat3_K2_C0002"", ""K3_repeat1_K3_C0003"", ""K3_repeat2_K3_C0003"", ""K3_repeat3_K3_C0003"", ""K4_repeat1_K4_C0001_M_K4_C0004"", ""K4_repeat2_K4_C0001"", ""K5_repeat2_K5_C0001_M_K5_C0005"", ""K5_repeat3_K5_C0001_M_K5_C0005"", ""K6_repeat3_K6_C0001_M_K6_C0004""]"
TCGA-BP-4982,TCGA-BP-4999,11,11,11,1.0,"[""K2_repeat1_K2_C0002"", ""K2_repeat2_K2_C0002"", ""K2_repeat3_K2_C0002"", ""K3_repeat1_K3_C0003"", ""K3_repeat2_K3_C0003"", ""K3_repeat3_K3_C0003"", ""K4_repeat1_K4_C0001_M_K4_C0004"", ""K4_repeat2_K4_C0001"", ""K5_repeat2_K5_C0001_M_K5_C0005"", ""K5_repeat3_K5_C0001_M_K5_C0005"", ""K6_repeat3_K6_C0001_M_K6_C0004""]"
TCGA-BP-4982,TCGA-BP-5000,11,3,0,0.0,[]
TCGA-BP-4982,TCGA-BP-5001,11,12,11,0.9166666666666666,"[""K2_repeat1_K2_C0002"", ""K2_repeat2_K2_C0002"", ""K2_repeat3_K2_C0002"", ""K3_repeat1_K3_C0003"", ""K3_repeat2_K3_C0003"", ""K3_repeat3_K3_C0003"", ""K4_repeat1_K4_C0001_M_K4_C0004"", ""K4_repeat2_K4_C0001"", ""K5_repeat2_K5_C0001_M_K5_C0005"", ""K5_repeat3_K5_C0001_M_K5_C0005"", ""K6_repeat3_K6_C0001_M_K6_C0004""]"
TCGA-BP-4982,TCGA-BP-5004,11,12,11,0.9166666666666666,"[""K2_repeat1_K2_C0002"", ""K2_repeat2_K2_C0002"", ""K2_repeat3_K2_C0002"", ""K3_repeat1_K3_C0003"", ""K3_repeat2_K3_C0003"", ""K3_repeat3_K3_C0003"", ""K4_repeat1_K4_C0001_M_K4_C0004"", ""K4_repeat2_K4_C0001"", ""K5_repeat2_K5_C0001_M_K5_C0005"", ""K5_repeat3_K5_C0001_M_K5_C0005"", ""K6_repeat3_K6_C0001_M_K6_C0004""]"
TCGA-BP-4982,TCGA-BP-5006,11,12,11,0.9166666666666666,"[""K2_repeat1_K2_C0002"", ""K2_repeat2_K2_C0002"", ""K2_repeat3_K2_C0002"", ""K3_repeat1_K3_C0003"", ""K3_repeat2_K3_C0003"", ""K3_repeat3_K3_C0003"", ""K4_repeat1_K4_C0001_M_K4_C0004"", ""K4_repeat2_K4_C0001"", ""K5_repeat2_K5_C0001_M_K5_C0005"", ""K5_repeat3_K5_C0001_M_K5_C0005"", ""K6_repeat3_K6_C0001_M_K6_C0004""]"
TCGA-BP-4982,TCGA-BP-5007,11,12,11,0.9166666666666666,"[""K2_repeat1_K2_C0002"", ""K2_repeat2_K2_C0002"", ""K2_repeat3_K2_C0002"", ""K3_repeat1_K3_C0003"", ""K3_repeat2_K3_C0003"", ""K3_repeat3_K3_C0003"", ""K4_repeat1_K4_C0001_M_K4_C0004"", ""K4_repeat2_K4_C0001"", ""K5_repeat2_K5_C0001_M_K5_C0005"", ""K5_repeat3_K5_C0001_M_K5_C0005"", ""K6_repeat3_K6_C0001_M_K6_C0004""]"
TCGA-BP-4982,TCGA-BP-5009,11,12,11,0.9166666666666666,"[""K2_repeat1_K2_C0002"", ""K2_repeat2_K2_C0002"", ""K2_repeat3_K2_C0002"", ""K3_repeat1_K3_C0003"", ""K3_repeat2_K3_C0003"", ""K3_repeat3_K3_C0003"", ""K4_repeat1_K4_C0001_M_K4_C0004"", ""K4_repeat2_K4_C0001"", ""K5_repeat2_K5_C0001_M_K5_C0005"", ""K5_repeat3_K5_C0001_M_K5_C0005"", ""K6_repeat3_K6_C0001_M_K6_C0004""]"
TCGA-BP-4982,TCGA-BP-5010,11,4,0,0.0,[]
TCGA-BP-4982,TCGA-BP-5174,11,8,4,0.36363636363636365,"[""K2_repeat1_K2_C0002"", ""K2_repeat2_K2_C0002"", ""K2_repeat3_K2_C0002"", ""K4_repeat1_K4_C0001_M_K4_C0004""]"
TCGA-BP-4982,TCGA-BP-5175,11,7,0,0.0,[]
TCGA-BP-4982,TCGA-BP-5180,11,13,11,0.8461538461538461,"[""K2_repeat1_K2_C0002"", ""K2_repeat2_K2_C0002"", ""K2_repeat3_K2_C0002"", ""K3_repeat1_K3_C0003"", ""K3_repeat2_K3_C0003"", ""K3_repeat3_K3_C0003"", ""K4_repeat1_K4_C0001_M_K4_C0004"", ""K4_repeat2_K4_C0001"", ""K5_repeat2_K5_C0001_M_K5_C0005"", ""K5_repeat3_K5_C0001_M_K5_C0005"", ""K6_repeat3_K6_C0001_M_K6_C0004""]"
TCGA-BP-4982,TCGA-BP-5181,11,13,11,0.8461538461538461,"[""K2_repeat1_K2_C0002"", ""K2_repeat2_K2_C0002"", ""K2_repeat3_K2_C0002"", ""K3_repeat1_K3_C0003"", ""K3_repeat2_K3_C0003"", ""K3_repeat3_K3_C0003"", ""K4_repeat1_K4_C0001_M_K4_C0004"", ""K4_repeat2_K4_C0001"", ""K5_repeat2_K5_C0001_M_K5_C0005"", ""K5_repeat3_K5_C0001_M_K5_C0005"", ""K6_repeat3_K6_C0001_M_K6_C0004""]"
TCGA-BP-4982,TCGA-BP-5183,11,13,11,0.8461538461538461,"[""K2_repeat1_K2_C0002"", ""K2_repeat2_K2_C0002"", ""K2_repeat3_K2_C0002"", ""K3_repeat1_K3_C0003"", ""K3_repeat2_K3_C0003"", ""K3_repeat3_K3_C0003"", ""K4_repeat1_K4_C0001_M_K4_C0004"", ""K4_repeat2_K4_C0001"", ""K5_repeat2_K5_C0001_M_K5_C0005"", ""K5_repeat3_K5_C0001_M_K5_C0005"", ""K6_repeat3_K6_C0001_M_K6_C0004""]"
TCGA-BP-4982,TCGA-BP-5184,11,13,11,0.8461538461538461,"[""K2_repeat1_K2_C0002"", ""K2_repeat2_K2_C0002"", ""K2_repeat3_K2_C0002"", ""K3_repeat1_K3_C0003"", ""K3_repeat2_K3_C0003"", ""K3_repeat3_K3_C0003"", ""K4_repeat1_K4_C0001_M_K4_C0004"", ""K4_repeat2_K4_C0001"", ""K5_repeat2_K5_C0001_M_K5_C0005"", ""K5_repeat3_K5_C0001_M_K5_C0005"", ""K6_repeat3_K6_C0001_M_K6_C0004""]"
TCGA-BP-4982,TCGA-BP-5186,11,13,11,0.8461538461538461,"[""K2_repeat1_K2_C0002"", ""K2_repeat2_K2_C0002"", ""K2_repeat3_K2_C0002"", ""K3_repeat1_K3_C0003"", ""K3_repeat2_K3_C0003"", ""K3_repeat3_K3_C0003"", ""K4_repeat1_K4_C0001_M_K4_C0004"", ""K4_repeat2_K4_C0001"", ""K5_repeat2_K5_C0001_M_K5_C0005"", ""K5_repeat3_K5_C0001_M_K5_C0005"", ""K6_repeat3_K6_C0001_M_K6_C0004""]"
TCGA-BP-4982,TCGA-BP-5187,11,13,11,0.8461538461538461,"[""K2_repeat1_K2_C0002"", ""K2_repeat2_K2_C0002"", ""K2_repeat3_K2_C0002"", ""K3_repeat1_K3_C0003"", ""K3_repeat2_K3_C0003"", ""K3_repeat3_K3_C0003"", ""K4_repeat1_K4_C0001_M_K4_C0004"", ""K4_repeat2_K4_C0001"", ""K5_repeat2_K5_C0001_M_K5_C0005"", ""K5_repeat3_K5_C0001_M_K5_C0005"", ""K6_repeat3_K6_C0001_M_K6_C0004""]"
TCGA-BP-4982,TCGA-BP-5189,11,11,9,0.8181818181818182,"[""K2_repeat1_K2_C0002"", ""K2_repeat2_K2_C0002"", ""K2_repeat3_K2_C0002"", ""K3_repeat1_K3_C0003"", ""K3_repeat2_K3_C0003"", ""K3_repeat3_K3_C0003"", ""K4_repeat1_K4_C0001_M_K4_C0004"", ""K4_repeat2_K4_C0001"", ""K6_repeat3_K6_C0001_M_K6_C0004""]"
TCGA-BP-4982,TCGA-BP-5190,11,3,0,0.0,[]
TCGA-BP-4982,TCGA-BP-5191,11,3,0,0.0,[]
TCGA-BP-4982,TCGA-BP-5192,11,10,7,0.6363636363636364,"[""K2_repeat1_K2_C0002"", ""K2_repeat2_K2_C0002"", ""K2_repeat3_K2_C0002"", ""K3_repeat1_K3_C0003"", ""K3_repeat2_K3_C0003"", ""K3_repeat3_K3_C0003"", ""K4_repeat1_K4_C0001_M_K4_C0004""]"
TCGA-BP-4982,TCGA-BP-5194,11,11,11,1.0,"[""K2_repeat1_K2_C0002"", ""K2_repeat2_K2_C0002"", ""K2_repeat3_K2_C0002"", ""K3_repeat1_K3_C0003"", ""K3_repeat2_K3_C0003"", ""K3_repeat3_K3_C0003"", ""K4_repeat1_K4_C0001_M_K4_C0004"", ""K4_repeat2_K4_C0001"", ""K5_repeat2_K5_C0001_M_K5_C0005"", ""K5_repeat3_K5_C0001_M_K5_C0005"", ""K6_repeat3_K6_C0001_M_K6_C0004""]"
TCGA-BP-4982,TCGA-BP-5195,11,12,11,0.9166666666666666,"[""K2_repeat1_K2_C0002"", ""K2_repeat2_K2_C0002"", ""K2_repeat3_K2_C0002"", ""K3_repeat1_K3_C0003"", ""K3_repeat2_K3_C0003"", ""K3_repeat3_K3_C0003"", ""K4_repeat1_K4_C0001_M_K4_C0004"", ""K4_repeat2_K4_C0001"", ""K5_repeat2_K5_C0001_M_K5_C0005"", ""K5_repeat3_K5_C0001_M_K5_C0005"", ""K6_repeat3_K6_C0001_M_K6_C0004""]"
TCGA-BP-4982,TCGA-BP-5196,11,8,4,0.36363636363636365,"[""K2_repeat1_K2_C0002"", ""K2_repeat2_K2_C0002"", ""K2_repeat3_K2_C0002"", ""K4_repeat1_K4_C0001_M_K4_C0004""]"
TCGA-BP-4982,TCGA-BP-5199,11,12,10,0.8333333333333334,"[""K2_repeat1_K2_C0002"", ""K2_repeat2_K2_C0002"", ""K2_repeat3_K2_C0002"", ""K3_repeat1_K3_C0003"", ""K3_repeat2_K3_C0003"", ""K3_repeat3_K3_C0003"", ""K4_repeat1_K4_C0001_M_K4_C0004"", ""K5_repeat2_K5_C0001_M_K5_C0005"", ""K5_repeat3_K5_C0001_M_K5_C0005"", ""K6_repeat3_K6_C0001_M_K6_C0004""]"
TCGA-BP-4982,TCGA-BP-5200,11,11,11,1.0,"[""K2_repeat1_K2_C0002"", ""K2_repeat2_K2_C0002"", ""K2_repeat3_K2_C0002"", ""K3_repeat1_K3_C0003"", ""K3_repeat2_K3_C0003"", ""K3_repeat3_K3_C0003"", ""K4_repeat1_K4_C0001_M_K4_C0004"", ""K4_repeat2_K4_C0001"", ""K5_repeat2_K5_C0001_M_K5_C0005"", ""K5_repeat3_K5_C0001_M_K5_C0005"", ""K6_repeat3_K6_C0001_M_K6_C0004""]"
TCGA-BP-4982,TCGA-CJ-4637,11,7,0,0.0,[]
TCGA-BP-4982,TCGA-CJ-4641,11,7,0,0.0,[]
TCGA-BP-4982,TCGA-CJ-4900,11,6,0,0.0,[]
TCGA-BP-4982,TCGA-CJ-4902,11,4,0,0.0,[]
TCGA-BP-4982,TCGA-CJ-4903,11,8,8,0.7272727272727273,"[""K2_repeat1_K2_C0002"", ""K2_repeat2_K2_C0002"", ""K2_repeat3_K2_C0002"", ""K4_repeat1_K4_C0001_M_K4_C0004"", ""K4_repeat2_K4_C0001"", ""K5_repeat2_K5_C0001_M_K5_C0005"", ""K5_repeat3_K5_C0001_M_K5_C0005"", ""K6_repeat3_K6_C0001_M_K6_C0004""]"
TCGA-BP-4982,TCGA-CJ-4904,11,9,8,0.7272727272727273,"[""K2_repeat1_K2_C0002"", ""K2_repeat2_K2_C0002"", ""K2_repeat3_K2_C0002"", ""K4_repeat1_K4_C0001_M_K4_C0004"", ""K4_repeat2_K4_C0001"", ""K5_repeat2_K5_C0001_M_K5_C0005"", ""K5_repeat3_K5_C0001_M_K5_C0005"", ""K6_repeat3_K6_C0001_M_K6_C0004""]"
TCGA-BP-4982,TCGA-CJ-4923,11,7,0,0.0,[]
TCGA-BP-4982,TCGA-CJ-6027,11,7,0,0.0,[]
TCGA-BP-4982,TCGA-CJ-6028,11,7,0,0.0,[]
TCGA-BP-4982,TCGA-CJ-6030,11,7,0,0.0,[]
TCGA-BP-4982,TCGA-CJ-6033,11,5,5,0.45454545454545453,"[""K4_repeat1_K4_C0001_M_K4_C0004"", ""K4_repeat2_K4_C0001"", ""K5_repeat2_K5_C0001_M_K5_C0005"", ""K5_repeat3_K5_C0001_M_K5_C0005"", ""K6_repeat3_K6_C0001_M_K6_C0004""]"
TCGA-BP-4982,TCGA-CZ-4859,11,12,11,0.9166666666666666,"[""K2_repeat1_K2_C0002"", ""K2_repeat2_K2_C0002"", ""K2_repeat3_K2_C0002"", ""K3_repeat1_K3_C0003"", ""K3_repeat2_K3_C0003"", ""K3_repeat3_K3_C0003"", ""K4_repeat1_K4_C0001_M_K4_C0004"", ""K4_repeat2_K4_C0001"", ""K5_repeat2_K5_C0001_M_K5_C0005"", ""K5_repeat3_K5_C0001_M_K5_C0005"", ""K6_repeat3_K6_C0001_M_K6_C0004""]"
TCGA-BP-4982,TCGA-CZ-4863,11,3,0,0.0,[]
TCGA-BP-4982,TCGA-CZ-4865,11,3,0,0.0,[]
TCGA-BP-4982,TCGA-CZ-5451,11,9,7,0.6363636363636364,"[""K2_repeat1_K2_C0002"", ""K2_repeat2_K2_C0002"", ""K2_repeat3_K2_C0002"", ""K4_repeat1_K4_C0001_M_K4_C0004"", ""K4_repeat2_K4_C0001"", ""K5_repeat2_K5_C0001_M_K5_C0005"", ""K5_repeat3_K5_C0001_M_K5_C0005""]"
TCGA-BP-4982,TCGA-CZ-5462,11,5,0,0.0,[]
TCGA-BP-4982,TCGA-CZ-5468,11,3,0,0.0,[]
TCGA-BP-4982,TCGA-CZ-5984,11,8,4,0.36363636363636365,"[""K2_repeat1_K2_C0002"", ""K2_repeat2_K2_C0002"", ""K2_repeat3_K2_C0002"", ""K4_repeat1_K4_C0001_M_K4_C0004""]"
TCGA-BP-4982,TCGA-CZ-5985,11,7,0,0.0,[]
TCGA-BP-4982,TCGA-CZ-5988,11,3,0,0.0,[]
TCGA-BP-4982,TCGA-G6-A5PC,11,7,0,0.0,[]
TCGA-BP-4982,TCGA-G6-A8L7,11,5,5,0.45454545454545453,"[""K4_repeat1_K4_C0001_M_K4_C0004"", ""K4_repeat2_K4_C0001"", ""K5_repeat2_K5_C0001_M_K5_C0005"", ""K5_repeat3_K5_C0001_M_K5_C0005"", ""K6_repeat3_K6_C0001_M_K6_C0004""]"
TCGA-BP-4986,TCGA-BP-4988,8,9,4,0.4444444444444444,"[""K2_repeat1_K2_C0002"", ""K2_repeat2_K2_C0002"", ""K2_repeat3_K2_C0002"", ""K4_repeat1_K4_C0001_M_K4_C0004""]"
TCGA-BP-4986,TCGA-BP-4989,8,13,4,0.3076923076923077,"[""K2_repeat1_K2_C0002"", ""K2_repeat2_K2_C0002"", ""K2_repeat3_K2_C0002"", ""K4_repeat1_K4_C0001_M_K4_C0004""]"
TCGA-BP-4986,TCGA-BP-4992,8,7,0,0.0,[]
TCGA-BP-4986,TCGA-BP-4994,8,3,0,0.0,[]
TCGA-BP-4986,TCGA-BP-4995,8,12,4,0.3333333333333333,"[""K2_repeat1_K2_C0002"", ""K2_repeat2_K2_C0002"", ""K2_repeat3_K2_C0002"", ""K4_repeat1_K4_C0001_M_K4_C0004""]"
TCGA-BP-4986,TCGA-BP-4999,8,11,4,0.36363636363636365,"[""K2_repeat1_K2_C0002"", ""K2_repeat2_K2_C0002"", ""K2_repeat3_K2_C0002"", ""K4_repeat1_K4_C0001_M_K4_C0004""]"
TCGA-BP-4986,TCGA-BP-5000,8,3,0,0.0,[]
TCGA-BP-4986,TCGA-BP-5001,8,12,4,0.3333333333333333,"[""K2_repeat1_K2_C0002"", ""K2_repeat2_K2_C0002"", ""K2_repeat3_K2_C0002"", ""K4_repeat1_K4_C0001_M_K4_C0004""]"
TCGA-BP-4986,TCGA-BP-5004,8,12,4,0.3333333333333333,"[""K2_repeat1_K2_C0002"", ""K2_repeat2_K2_C0002"", ""K2_repeat3_K2_C0002"", ""K4_repeat1_K4_C0001_M_K4_C0004""]"
TCGA-BP-4986,TCGA-BP-5006,8,12,4,0.3333333333333333,"[""K2_repeat1_K2_C0002"", ""K2_repeat2_K2_C0002"", ""K2_repeat3_K2_C0002"", ""K4_repeat1_K4_C0001_M_K4_C0004""]"
TCGA-BP-4986,TCGA-BP-5007,8,12,4,0.3333333333333333,"[""K2_repeat1_K2_C0002"", ""K2_repeat2_K2_C0002"", ""K2_repeat3_K2_C0002"", ""K4_repeat1_K4_C0001_M_K4_C0004""]"
TCGA-BP-4986,TCGA-BP-5009,8,12,4,0.3333333333333333,"[""K2_repeat1_K2_C0002"", ""K2_repeat2_K2_C0002"", ""K2_repeat3_K2_C0002"", ""K4_repeat1_K4_C0001_M_K4_C0004""]"
TCGA-BP-4986,TCGA-BP-5010,8,4,3,0.375,"[""K6_repeat3_K6_C0006"", ""K7_repeat1_K7_C0006"", ""K8_repeat2_K8_C0007""]"
TCGA-BP-4986,TCGA-BP-5174,8,8,8,1.0,"[""K2_repeat1_K2_C0002"", ""K2_repeat2_K2_C0002"", ""K2_repeat3_K2_C0002"", ""K4_repeat1_K4_C0001_M_K4_C0004"", ""K4_repeat2_K4_C0004"", ""K6_repeat3_K6_C0006"", ""K7_repeat1_K7_C0006"", ""K8_repeat2_K8_C0007""]"
TCGA-BP-4986,TCGA-BP-5175,8,7,0,0.0,[]
TCGA-BP-4986,TCGA-BP-5180,8,13,4,0.3076923076923077,"[""K2_repeat1_K2_C0002"", ""K2_repeat2_K2_C0002"", ""K2_repeat3_K2_C0002"", ""K4_repeat1_K4_C0001_M_K4_C0004""]"
TCGA-BP-4986,TCGA-BP-5181,8,13,4,0.3076923076923077,"[""K2_repeat1_K2_C0002"", ""K2_repeat2_K2_C0002"", ""K2_repeat3_K2_C0002"", ""K4_repeat1_K4_C0001_M_K4_C0004""]"
TCGA-BP-4986,TCGA-BP-5183,8,13,4,0.3076923076923077,"[""K2_repeat1_K2_C0002"", ""K2_repeat2_K2_C0002"", ""K2_repeat3_K2_C0002"", ""K4_repeat1_K4_C0001_M_K4_C0004""]"
TCGA-BP-4986,TCGA-BP-5184,8,13,4,0.3076923076923077,"[""K2_repeat1_K2_C0002"", ""K2_repeat2_K2_C0002"", ""K2_repeat3_K2_C0002"", ""K4_repeat1_K4_C0001_M_K4_C0004""]"
TCGA-BP-4986,TCGA-BP-5186,8,13,4,0.3076923076923077,"[""K2_repeat1_K2_C0002"", ""K2_repeat2_K2_C0002"", ""K2_repeat3_K2_C0002"", ""K4_repeat1_K4_C0001_M_K4_C0004""]"
TCGA-BP-4986,TCGA-BP-5187,8,13,4,0.3076923076923077,"[""K2_repeat1_K2_C0002"", ""K2_repeat2_K2_C0002"", ""K2_repeat3_K2_C0002"", ""K4_repeat1_K4_C0001_M_K4_C0004""]"
TCGA-BP-4986,TCGA-BP-5189,8,11,4,0.36363636363636365,"[""K2_repeat1_K2_C0002"", ""K2_repeat2_K2_C0002"", ""K2_repeat3_K2_C0002"", ""K4_repeat1_K4_C0001_M_K4_C0004""]"
TCGA-BP-4986,TCGA-BP-5190,8,3,0,0.0,[]
TCGA-BP-4986,TCGA-BP-5191,8,3,0,0.0,[]
TCGA-BP-4986,TCGA-BP-5192,8,10,6,0.6,"[""K2_repeat1_K2_C0002"", ""K2_repeat2_K2_C0002"", ""K2_repeat3_K2_C0002"", ""K4_repeat1_K4_C0001_M_K4_C0004"", ""K4_repeat2_K4_C0004"", ""K6_repeat3_K6_C0006""]"
TCGA-BP-4986,TCGA-BP-5194,8,11,4,0.36363636363636365,"[""K2_repeat1_K2_C0002"", ""K2_repeat2_K2_C0002"", ""K2_repeat3_K2_C0002"", ""K4_repeat1_K4_C0001_M_K4_C0004""]"
TCGA-BP-4986,TCGA-BP-5195,8,12,4,0.3333333333333333,"[""K2_repeat1_K2_C0002"", ""K2_repeat2_K2_C0002"", ""K2_repeat3_K2_C0002"", ""K4_repeat1_K4_C0001_M_K4_C0004""]"
TCGA-BP-4986,TCGA-BP-5196,8,8,8,1.0,"[""K2_repeat1_K2_C0002"", ""K2_repeat2_K2_C0002"", ""K2_repeat3_K2_C0002"", ""K4_repeat1_K4_C0001_M_K4_C0004"", ""K4_repeat2_K4_C0004"", ""K6_repeat3_K6_C0006"", ""K7_repeat1_K7_C0006"", ""K8_repeat2_K8_C0007""]"
TCGA-BP-4986,TCGA-BP-5199,8,12,5,0.4166666666666667,"[""K2_repeat1_K2_C0002"", ""K2_repeat2_K2_C0002"", ""K2_repeat3_K2_C0002"", ""K4_repeat1_K4_C0001_M_K4_C0004"", ""K4_repeat2_K4_C0004""]"
TCGA-BP-4986,TCGA-BP-5200,8,11,4,0.36363636363636365,"[""K2_repeat1_K2_C0002"", ""K2_repeat2_K2_C0002"", ""K2_repeat3_K2_C0002"", ""K4_repeat1_K4_C0001_M_K4_C0004""]"
TCGA-BP-4986,TCGA-CJ-4637,8,7,0,0.0,[]
TCGA-BP-4986,TCGA-CJ-4641,8,7,0,0.0,[]
TCGA-BP-4986,TCGA-CJ-4900,8,6,0,0.0,[]
TCGA-BP-4986,TCGA-CJ-4902,8,4,3,0.375,"[""K6_repeat3_K6_C0006"", ""K7_repeat1_K7_C0006"", ""K8_repeat2_K8_C0007""]"
TCGA-BP-4986,TCGA-CJ-4903,8,8,4,0.5,"[""K2_repeat1_K2_C0002"", ""K2_repeat2_K2_C0002"", ""K2_repeat3_K2_C0002"", ""K4_repeat1_K4_C0001_M_K4_C0004""]"
TCGA-BP-4986,TCGA-CJ-4904,8,9,4,0.4444444444444444,"[""K2_repeat1_K2_C0002"", ""K2_repeat2_K2_C0002"", ""K2_repeat3_K2_C0002"", ""K4_repeat1_K4_C0001_M_K4_C0004""]"
TCGA-BP-4986,TCGA-CJ-4923,8,7,0,0.0,[]
TCGA-BP-4986,TCGA-CJ-6027,8,7,0,0.0,[]
TCGA-BP-4986,TCGA-CJ-6028,8,7,0,0.0,[]
TCGA-BP-4986,TCGA-CJ-6030,8,7,0,0.0,[]
TCGA-BP-4986,TCGA-CJ-6033,8,5,1,0.125,"[""K4_repeat1_K4_C0001_M_K4_C0004""]"
TCGA-BP-4986,TCGA-CZ-4859,8,12,4,0.3333333333333333,"[""K2_repeat1_K2_C0002"", ""K2_repeat2_K2_C0002"", ""K2_repeat3_K2_C0002"", ""K4_repeat1_K4_C0001_M_K4_C0004""]"
TCGA-BP-4986,TCGA-CZ-4863,8,3,0,0.0,[]
TCGA-BP-4986,TCGA-CZ-4865,8,3,0,0.0,[]
TCGA-BP-4986,TCGA-CZ-5451,8,9,4,0.4444444444444444,"[""K2_repeat1_K2_C0002"", ""K2_repeat2_K2_C0002"", ""K2_repeat3_K2_C0002"", ""K4_repeat1_K4_C0001_M_K4_C0004""]"
TCGA-BP-4986,TCGA-CZ-5462,8,5,0,0.0,[]
TCGA-BP-4986,TCGA-CZ-5468,8,3,0,0.0,[]
TCGA-BP-4986,TCGA-CZ-5984,8,8,8,1.0,"[""K2_repeat1_K2_C0002"", ""K2_repeat2_K2_C0002"", ""K2_repeat3_K2_C0002"", ""K4_repeat1_K4_C0001_M_K4_C0004"", ""K4_repeat2_K4_C0004"", ""K6_repeat3_K6_C0006"", ""K7_repeat1_K7_C0006"", ""K8_repeat2_K8_C0007""]"
TCGA-BP-4986,TCGA-CZ-5985,8,7,0,0.0,[]
TCGA-BP-4986,TCGA-CZ-5988,8,3,0,0.0,[]
TCGA-BP-4986,TCGA-G6-A5PC,8,7,0,0.0,[]
TCGA-BP-4986,TCGA-G6-A8L7,8,5,1,0.125,"[""K4_repeat1_K4_C0001_M_K4_C0004""]"
TCGA-BP-4988,TCGA-BP-4989,9,13,9,0.6923076923076923,"[""K2_repeat1_K2_C0002"", ""K2_repeat2_K2_C0002"", ""K2_repeat3_K2_C0002"", ""K4_repeat1_K4_C0001_M_K4_C0004"", ""K4_repeat2_K4_C0001"", ""K5_repeat2_K5_C0001_M_K5_C0005"", ""K5_repeat3_K5_C0001_M_K5_C0005"", ""K6_repeat3_K6_C0001_M_K6_C0004"", ""K7_repeat1_K7_C0001""]"
TCGA-BP-4988,TCGA-BP-4992,9,7,0,0.0,[]
TCGA-BP-4988,TCGA-BP-4994,9,3,0,0.0,[]
TCGA-BP-4988,TCGA-BP-4995,9,12,8,0.6666666666666666,"[""K2_repeat1_K2_C0002"", ""K2_repeat2_K2_C0002"", ""K2_repeat3_K2_C0002"", ""K4_repeat1_K4_C0001_M_K4_C0004"", ""K4_repeat2_K4_C0001"", ""K5_repeat2_K5_C0001_M_K5_C0005"", ""K5_repeat3_K5_C0001_M_K5_C0005"", ""K6_repeat3_K6_C0001_M_K6_C0004""]"
TCGA-BP-4988,TCGA-BP-4999,9,11,8,0.7272727272727273,"[""K2_repeat1_K2_C0002"", ""K2_repeat2_K2_C0002"", ""K2_repeat3_K2_C0002"", ""K4_repeat1_K4_C0001_M_K4_C0004"", ""K4_repeat2_K4_C0001"", ""K5_repeat2_K5_C0001_M_K5_C0005"", ""K5_repeat3_K5_C0001_M_K5_C0005"", ""K6_repeat3_K6_C0001_M_K6_C0004""]"
TCGA-BP-4988,TCGA-BP-5000,9,3,0,0.0,[]
TCGA-BP-4988,TCGA-BP-5001,9,12,8,0.6666666666666666,"[""K2_repeat1_K2_C0002"", ""K2_repeat2_K2_C0002"", ""K2_repeat3_K2_C0002"", ""K4_repeat1_K4_C0001_M_K4_C0004"", ""K4_repeat2_K4_C0001"", ""K5_repeat2_K5_C0001_M_K5_C0005"", ""K5_repeat3_K5_C0001_M_K5_C0005"", ""K6_repeat3_K6_C0001_M_K6_C0004""]"
TCGA-BP-4988,TCGA-BP-5004,9,12,8,0.6666666666666666,"[""K2_repeat1_K2_C0002"", ""K2_repeat2_K2_C0002"", ""K2_repeat3_K2_C0002"", ""K4_repeat1_K4_C0001_M_K4_C0004"", ""K4_repeat2_K4_C0001"", ""K5_repeat2_K5_C0001_M_K5_C0005"", ""K5_repeat3_K5_C0001_M_K5_C0005"", ""K6_repeat3_K6_C0001_M_K6_C0004""]"
TCGA-BP-4988,TCGA-BP-5006,9,12,8,0.6666666666666666,"[""K2_repeat1_K2_C0002"", ""K2_repeat2_K2_C0002"", ""K2_repeat3_K2_C0002"", ""K4_repeat1_K4_C0001_M_K4_C0004"", ""K4_repeat2_K4_C0001"", ""K5_repeat2_K5_C0001_M_K5_C0005"", ""K5_repeat3_K5_C0001_M_K5_C0005"", ""K6_repeat3_K6_C0001_M_K6_C0004""]"
TCGA-BP-4988,TCGA-BP-5007,9,12,8,0.6666666666666666,"[""K2_repeat1_K2_C0002"", ""K2_repeat2_K2_C0002"", ""K2_repeat3_K2_C0002"", ""K4_repeat1_K4_C0001_M_K4_C0004"", ""K4_repeat2_K4_C0001"", ""K5_repeat2_K5_C0001_M_K5_C0005"", ""K5_repeat3_K5_C0001_M_K5_C0005"", ""K6_repeat3_K6_C0001_M_K6_C0004""]"
TCGA-BP-4988,TCGA-BP-5009,9,12,9,0.75,"[""K2_repeat1_K2_C0002"", ""K2_repeat2_K2_C0002"", ""K2_repeat3_K2_C0002"", ""K4_repeat1_K4_C0001_M_K4_C0004"", ""K4_repeat2_K4_C0001"", ""K5_repeat2_K5_C0001_M_K5_C0005"", ""K5_repeat3_K5_C0001_M_K5_C0005"", ""K6_repeat3_K6_C0001_M_K6_C0004"", ""K7_repeat1_K7_C0001""]"
TCGA-BP-4988,TCGA-BP-5010,9,4,0,0.0,[]
TCGA-BP-4988,TCGA-BP-5174,9,8,4,0.4444444444444444,"[""K2_repeat1_K2_C0002"", ""K2_repeat2_K2_C0002"", ""K2_repeat3_K2_C0002"", ""K4_repeat1_K4_C0001_M_K4_C0004""]"
TCGA-BP-4988,TCGA-BP-5175,9,7,0,0.0,[]
TCGA-BP-4988,TCGA-BP-5180,9,13,9,0.6923076923076923,"[""K2_repeat1_K2_C0002"", ""K2_repeat2_K2_C0002"", ""K2_repeat3_K2_C0002"", ""K4_repeat1_K4_C0001_M_K4_C0004"", ""K4_repeat2_K4_C0001"", ""K5_repeat2_K5_C0001_M_K5_C0005"", ""K5_repeat3_K5_C0001_M_K5_C0005"", ""K6_repeat3_K6_C0001_M_K6_C0004"", ""K7_repeat1_K7_C0001""]"
TCGA-BP-4988,TCGA-BP-5181,9,13,9,0.6923076923076923,"[""K2_repeat1_K2_C0002"", ""K2_repeat2_K2_C0002"", ""K2_repeat3_K2_C0002"", ""K4_repeat1_K4_C0001_M_K4_C0004"", ""K4_repeat2_K4_C0001"", ""K5_repeat2_K5_C0001_M_K5_C0005"", ""K5_repeat3_K5_C0001_M_K5_C0005"", ""K6_repeat3_K6_C0001_M_K6_C0004"", ""K7_repeat1_K7_C0001""]"
TCGA-BP-4988,TCGA-BP-5183,9,13,9,0.6923076923076923,"[""K2_repeat1_K2_C0002"", ""K2_repeat2_K2_C0002"", ""K2_repeat3_K2_C0002"", ""K4_repeat1_K4_C0001_M_K4_C0004"", ""K4_repeat2_K4_C0001"", ""K5_repeat2_K5_C0001_M_K5_C0005"", ""K5_repeat3_K5_C0001_M_K5_C0005"", ""K6_repeat3_K6_C0001_M_K6_C0004"", ""K7_repeat1_K7_C0001""]"
TCGA-BP-4988,TCGA-BP-5184,9,13,9,0.6923076923076923,"[""K2_repeat1_K2_C0002"", ""K2_repeat2_K2_C0002"", ""K2_repeat3_K2_C0002"", ""K4_repeat1_K4_C0001_M_K4_C0004"", ""K4_repeat2_K4_C0001"", ""K5_repeat2_K5_C0001_M_K5_C0005"", ""K5_repeat3_K5_C0001_M_K5_C0005"", ""K6_repeat3_K6_C0001_M_K6_C0004"", ""K7_repeat1_K7_C0001""]"
TCGA-BP-4988,TCGA-BP-5186,9,13,9,0.6923076923076923,"[""K2_repeat1_K2_C0002"", ""K2_repeat2_K2_C0002"", ""K2_repeat3_K2_C0002"", ""K4_repeat1_K4_C0001_M_K4_C0004"", ""K4_repeat2_K4_C0001"", ""K5_repeat2_K5_C0001_M_K5_C0005"", ""K5_repeat3_K5_C0001_M_K5_C0005"", ""K6_repeat3_K6_C0001_M_K6_C0004"", ""K7_repeat1_K7_C0001""]"
TCGA-BP-4988,TCGA-BP-5187,9,13,9,0.6923076923076923,"[""K2_repeat1_K2_C0002"", ""K2_repeat2_K2_C0002"", ""K2_repeat3_K2_C0002"", ""K4_repeat1_K4_C0001_M_K4_C0004"", ""K4_repeat2_K4_C0001"", ""K5_repeat2_K5_C0001_M_K5_C0005"", ""K5_repeat3_K5_C0001_M_K5_C0005"", ""K6_repeat3_K6_C0001_M_K6_C0004"", ""K7_repeat1_K7_C0001""]"
TCGA-BP-4988,TCGA-BP-5189,9,11,6,0.5454545454545454,"[""K2_repeat1_K2_C0002"", ""K2_repeat2_K2_C0002"", ""K2_repeat3_K2_C0002"", ""K4_repeat1_K4_C0001_M_K4_C0004"", ""K4_repeat2_K4_C0001"", ""K6_repeat3_K6_C0001_M_K6_C0004""]"
TCGA-BP-4988,TCGA-BP-5190,9,3,0,0.0,[]
TCGA-BP-4988,TCGA-BP-5191,9,3,0,0.0,[]
TCGA-BP-4988,TCGA-BP-5192,9,10,4,0.4,"[""K2_repeat1_K2_C0002"", ""K2_repeat2_K2_C0002"", ""K2_repeat3_K2_C0002"", ""K4_repeat1_K4_C0001_M_K4_C0004""]"
TCGA-BP-4988,TCGA-BP-5194,9,11,8,0.7272727272727273,"[""K2_repeat1_K2_C0002"", ""K2_repeat2_K2_C0002"", ""K2_repeat3_K2_C0002"", ""K4_repeat1_K4_C0001_M_K4_C0004"", ""K4_repeat2_K4_C0001"", ""K5_repeat2_K5_C0001_M_K5_C0005"", ""K5_repeat3_K5_C0001_M_K5_C0005"", ""K6_repeat3_K6_C0001_M_K6_C0004""]"
TCGA-BP-4988,TCGA-BP-5195,9,12,8,0.6666666666666666,"[""K2_repeat1_K2_C0002"", ""K2_repeat2_K2_C0002"", ""K2_repeat3_K2_C0002"", ""K4_repeat1_K4_C0001_M_K4_C0004"", ""K4_repeat2_K4_C0001"", ""K5_repeat2_K5_C0001_M_K5_C0005"", ""K5_repeat3_K5_C0001_M_K5_C0005"", ""K6_repeat3_K6_C0001_M_K6_C0004""]"
TCGA-BP-4988,TCGA-BP-5196,9,8,4,0.4444444444444444,"[""K2_repeat1_K2_C0002"", ""K2_repeat2_K2_C0002"", ""K2_repeat3_K2_C0002"", ""K4_repeat1_K4_C0001_M_K4_C0004""]"
TCGA-BP-4988,TCGA-BP-5199,9,12,7,0.5833333333333334,"[""K2_repeat1_K2_C0002"", ""K2_repeat2_K2_C0002"", ""K2_repeat3_K2_C0002"", ""K4_repeat1_K4_C0001_M_K4_C0004"", ""K5_repeat2_K5_C0001_M_K5_C0005"", ""K5_repeat3_K5_C0001_M_K5_C0005"", ""K6_repeat3_K6_C0001_M_K6_C0004""]"
TCGA-BP-4988,TCGA-BP-5200,9,11,8,0.7272727272727273,"[""K2_repeat1_K2_C0002"", ""K2_repeat2_K2_C0002"", ""K2_repeat3_K2_C0002"", ""K4_repeat1_K4_C0001_M_K4_C0004"", ""K4_repeat2_K4_C0001"", ""K5_repeat2_K5_C0001_M_K5_C0005"", ""K5_repeat3_K5_C0001_M_K5_C0005"", ""K6_repeat3_K6_C0001_M_K6_C0004""]"
TCGA-BP-4988,TCGA-CJ-4637,9,7,0,0.0,[]
TCGA-BP-4988,TCGA-CJ-4641,9,7,0,0.0,[]
TCGA-BP-4988,TCGA-CJ-4900,9,6,0,0.0,[]
TCGA-BP-4988,TCGA-CJ-4902,9,4,0,0.0,[]
TCGA-BP-4988,TCGA-CJ-4903,9,8,8,0.8888888888888888,"[""K2_repeat1_K2_C0002"", ""K2_repeat2_K2_C0002"", ""K2_repeat3_K2_C0002"", ""K4_repeat1_K4_C0001_M_K4_C0004"", ""K4_repeat2_K4_C0001"", ""K5_repeat2_K5_C0001_M_K5_C0005"", ""K5_repeat3_K5_C0001_M_K5_C0005"", ""K6_repeat3_K6_C0001_M_K6_C0004""]"
TCGA-BP-4988,TCGA-CJ-4904,9,9,9,1.0,"[""K2_repeat1_K2_C0002"", ""K2_repeat2_K2_C0002"", ""K2_repeat3_K2_C0002"", ""K4_repeat1_K4_C0001_M_K4_C0004"", ""K4_repeat2_K4_C0001"", ""K5_repeat2_K5_C0001_M_K5_C0005"", ""K5_repeat3_K5_C0001_M_K5_C0005"", ""K6_repeat3_K6_C0001_M_K6_C0004"", ""K7_repeat1_K7_C0001""]"
TCGA-BP-4988,TCGA-CJ-4923,9,7,0,0.0,[]
TCGA-BP-4988,TCGA-CJ-6027,9,7,0,0.0,[]
TCGA-BP-4988,TCGA-CJ-6028,9,7,0,0.0,[]
TCGA-BP-4988,TCGA-CJ-6030,9,7,0,0.0,[]
TCGA-BP-4988,TCGA-CJ-6033,9,5,5,0.5555555555555556,"[""K4_repeat1_K4_C0001_M_K4_C0004"", ""K4_repeat2_K4_C0001"", ""K5_repeat2_K5_C0001_M_K5_C0005"", ""K5_repeat3_K5_C0001_M_K5_C0005"", ""K6_repeat3_K6_C0001_M_K6_C0004""]"
TCGA-BP-4988,TCGA-CZ-4859,9,12,8,0.6666666666666666,"[""K2_repeat1_K2_C0002"", ""K2_repeat2_K2_C0002"", ""K2_repeat3_K2_C0002"", ""K4_repeat1_K4_C0001_M_K4_C0004"", ""K4_repeat2_K4_C0001"", ""K5_repeat2_K5_C0001_M_K5_C0005"", ""K5_repeat3_K5_C0001_M_K5_C0005"", ""K6_repeat3_K6_C0001_M_K6_C0004""]"
TCGA-BP-4988,TCGA-CZ-4863,9,3,0,0.0,[]
TCGA-BP-4988,TCGA-CZ-4865,9,3,0,0.0,[]
TCGA-BP-4988,TCGA-CZ-5451,9,9,7,0.7777777777777778,"[""K2_repeat1_K2_C0002"", ""K2_repeat2_K2_C0002"", ""K2_repeat3_K2_C0002"", ""K4_repeat1_K4_C0001_M_K4_C0004"", ""K4_repeat2_K4_C0001"", ""K5_repeat2_K5_C0001_M_K5_C0005"", ""K5_repeat3_K5_C0001_M_K5_C0005""]"
TCGA-BP-4988,TCGA-CZ-5462,9,5,0,0.0,[]
TCGA-BP-4988,TCGA-CZ-5468,9,3,0,0.0,[]
TCGA-BP-4988,TCGA-CZ-5984,9,8,4,0.4444444444444444,"[""K2_repeat1_K2_C0002"", ""K2_repeat2_K2_C0002"", ""K2_repeat3_K2_C0002"", ""K4_repeat1_K4_C0001_M_K4_C0004""]"
TCGA-BP-4988,TCGA-CZ-5985,9,7,0,0.0,[]
TCGA-BP-4988,TCGA-CZ-5988,9,3,0,0.0,[]
TCGA-BP-4988,TCGA-G6-A5PC,9,7,0,0.0,[]
TCGA-BP-4988,TCGA-G6-A8L7,9,5,5,0.5555555555555556,"[""K4_repeat1_K4_C0001_M_K4_C0004"", ""K4_repeat2_K4_C0001"", ""K5_repeat2_K5_C0001_M_K5_C0005"", ""K5_repeat3_K5_C0001_M_K5_C0005"", ""K6_repeat3_K6_C0001_M_K6_C0004""]"
TCGA-BP-4989,TCGA-BP-4992,13,7,0,0.0,[]
TCGA-BP-4989,TCGA-BP-4994,13,3,0,0.0,[]
TCGA-BP-4989,TCGA-BP-4995,13,12,11,0.8461538461538461,"[""K2_repeat1_K2_C0002"", ""K2_repeat2_K2_C0002"", ""K2_repeat3_K2_C0002"", ""K3_repeat1_K3_C0003"", ""K3_repeat2_K3_C0003"", ""K3_repeat3_K3_C0003"", ""K4_repeat1_K4_C0001_M_K4_C0004"", ""K4_repeat2_K4_C0001"", ""K5_repeat2_K5_C0001_M_K5_C0005"", ""K5_repeat3_K5_C0001_M_K5_C0005"", ""K6_repeat3_K6_C0001_M_K6_C0004""]"
TCGA-BP-4989,TCGA-BP-4999,13,11,11,0.8461538461538461,"[""K2_repeat1_K2_C0002"", ""K2_repeat2_K2_C0002"", ""K2_repeat3_K2_C0002"", ""K3_repeat1_K3_C0003"", ""K3_repeat2_K3_C0003"", ""K3_repeat3_K3_C0003"", ""K4_repeat1_K4_C0001_M_K4_C0004"", ""K4_repeat2_K4_C0001"", ""K5_repeat2_K5_C0001_M_K5_C0005"", ""K5_repeat3_K5_C0001_M_K5_C0005"", ""K6_repeat3_K6_C0001_M_K6_C0004""]"
TCGA-BP-4989,TCGA-BP-5000,13,3,0,0.0,[]
TCGA-BP-4989,TCGA-BP-5001,13,12,11,0.8461538461538461,"[""K2_repeat1_K2_C0002"", ""K2_repeat2_K2_C0002"", ""K2_repeat3_K2_C0002"", ""K3_repeat1_K3_C0003"", ""K3_repeat2_K3_C0003"", ""K3_repeat3_K3_C0003"", ""K4_repeat1_K4_C0001_M_K4_C0004"", ""K4_repeat2_K4_C0001"", ""K5_repeat2_K5_C0001_M_K5_C0005"", ""K5_repeat3_K5_C0001_M_K5_C0005"", ""K6_repeat3_K6_C0001_M_K6_C0004""]"
TCGA-BP-4989,TCGA-BP-5004,13,12,11,0.8461538461538461,"[""K2_repeat1_K2_C0002"", ""K2_repeat2_K2_C0002"", ""K2_repeat3_K2_C0002"", ""K3_repeat1_K3_C0003"", ""K3_repeat2_K3_C0003"", ""K3_repeat3_K3_C0003"", ""K4_repeat1_K4_C0001_M_K4_C0004"", ""K4_repeat2_K4_C0001"", ""K5_repeat2_K5_C0001_M_K5_C0005"", ""K5_repeat3_K5_C0001_M_K5_C0005"", ""K6_repeat3_K6_C0001_M_K6_C0004""]"
TCGA-BP-4989,TCGA-BP-5006,13,12,11,0.8461538461538461,"[""K2_repeat1_K2_C0002"", ""K2_repeat2_K2_C0002"", ""K2_repeat3_K2_C0002"", ""K3_repeat1_K3_C0003"", ""K3_repeat2_K3_C0003"", ""K3_repeat3_K3_C0003"", ""K4_repeat1_K4_C0001_M_K4_C0004"", ""K4_repeat2_K4_C0001"", ""K5_repeat2_K5_C0001_M_K5_C0005"", ""K5_repeat3_K5_C0001_M_K5_C0005"", ""K6_repeat3_K6_C0001_M_K6_C0004""]"
TCGA-BP-4989,TCGA-BP-5007,13,12,11,0.8461538461538461,"[""K2_repeat1_K2_C0002"", ""K2_repeat2_K2_C0002"", ""K2_repeat3_K2_C0002"", ""K3_repeat1_K3_C0003"", ""K3_repeat2_K3_C0003"", ""K3_repeat3_K3_C0003"", ""K4_repeat1_K4_C0001_M_K4_C0004"", ""K4_repeat2_K4_C0001"", ""K5_repeat2_K5_C0001_M_K5_C0005"", ""K5_repeat3_K5_C0001_M_K5_C0005"", ""K6_repeat3_K6_C0001_M_K6_C0004""]"
TCGA-BP-4989,TCGA-BP-5009,13,12,12,0.9230769230769231,"[""K2_repeat1_K2_C0002"", ""K2_repeat2_K2_C0002"", ""K2_repeat3_K2_C0002"", ""K3_repeat1_K3_C0003"", ""K3_repeat2_K3_C0003"", ""K3_repeat3_K3_C0003"", ""K4_repeat1_K4_C0001_M_K4_C0004"", ""K4_repeat2_K4_C0001"", ""K5_repeat2_K5_C0001_M_K5_C0005"", ""K5_repeat3_K5_C0001_M_K5_C0005"", ""K6_repeat3_K6_C0001_M_K6_C0004"", ""K7_repeat1_K7_C0001""]"
TCGA-BP-4989,TCGA-BP-5010,13,4,0,0.0,[]
TCGA-BP-4989,TCGA-BP-5174,13,8,4,0.3076923076923077,"[""K2_repeat1_K2_C0002"", ""K2_repeat2_K2_C0002"", ""K2_repeat3_K2_C0002"", ""K4_repeat1_K4_C0001_M_K4_C0004""]"
TCGA-BP-4989,TCGA-BP-5175,13,7,0,0.0,[]
TCGA-BP-4989,TCGA-BP-5180,13,13,13,1.0,"[""K2_repeat1_K2_C0002"", ""K2_repeat2_K2_C0002"", ""K2_repeat3_K2_C0002"", ""K3_repeat1_K3_C0003"", ""K3_repeat2_K3_C0003"", ""K3_repeat3_K3_C0003"", ""K4_repeat1_K4_C0001_M_K4_C0004"", ""K4_repeat2_K4_C0001"", ""K5_repeat2_K5_C0001_M_K5_C0005"", ""K5_repeat3_K5_C0001_M_K5_C0005"", ""K6_repeat3_K6_C0001_M_K6_C0004"", ""K7_repeat1_K7_C0001"", ""K8_repeat2_K8_C0001""]"
TCGA-BP-4989,TCGA-BP-5181,13,13,13,1.0,"[""K2_repeat1_K2_C0002"", ""K2_repeat2_K2_C0002"", ""K2_repeat3_K2_C0002"", ""K3_repeat1_K3_C0003"", ""K3_repeat2_K3_C0003"", ""K3_repeat3_K3_C0003"", ""K4_repeat1_K4_C0001_M_K4_C0004"", ""K4_repeat2_K4_C0001"", ""K5_repeat2_K5_C0001_M_K5_C0005"", ""K5_repeat3_K5_C0001_M_K5_C0005"", ""K6_repeat3_K6_C0001_M_K6_C0004"", ""K7_repeat1_K7_C0001"", ""K8_repeat2_K8_C0001""]"
TCGA-BP-4989,TCGA-BP-5183,13,13,13,1.0,"[""K2_repeat1_K2_C0002"", ""K2_repeat2_K2_C0002"", ""K2_repeat3_K2_C0002"", ""K3_repeat1_K3_C0003"", ""K3_repeat2_K3_C0003"", ""K3_repeat3_K3_C0003"", ""K4_repeat1_K4_C0001_M_K4_C0004"", ""K4_repeat2_K4_C0001"", ""K5_repeat2_K5_C0001_M_K5_C0005"", ""K5_repeat3_K5_C0001_M_K5_C0005"", ""K6_repeat3_K6_C0001_M_K6_C0004"", ""K7_repeat1_K7_C0001"", ""K8_repeat2_K8_C0001""]"
TCGA-BP-4989,TCGA-BP-5184,13,13,13,1.0,"[""K2_repeat1_K2_C0002"", ""K2_repeat2_K2_C0002"", ""K2_repeat3_K2_C0002"", ""K3_repeat1_K3_C0003"", ""K3_repeat2_K3_C0003"", ""K3_repeat3_K3_C0003"", ""K4_repeat1_K4_C0001_M_K4_C0004"", ""K4_repeat2_K4_C0001"", ""K5_repeat2_K5_C0001_M_K5_C0005"", ""K5_repeat3_K5_C0001_M_K5_C0005"", ""K6_repeat3_K6_C0001_M_K6_C0004"", ""K7_repeat1_K7_C0001"", ""K8_repeat2_K8_C0001""]"
TCGA-BP-4989,TCGA-BP-5186,13,13,13,1.0,"[""K2_repeat1_K2_C0002"", ""K2_repeat2_K2_C0002"", ""K2_repeat3_K2_C0002"", ""K3_repeat1_K3_C0003"", ""K3_repeat2_K3_C0003"", ""K3_repeat3_K3_C0003"", ""K4_repeat1_K4_C0001_M_K4_C0004"", ""K4_repeat2_K4_C0001"", ""K5_repeat2_K5_C0001_M_K5_C0005"", ""K5_repeat3_K5_C0001_M_K5_C0005"", ""K6_repeat3_K6_C0001_M_K6_C0004"", ""K7_repeat1_K7_C0001"", ""K8_repeat2_K8_C0001""]"
TCGA-BP-4989,TCGA-BP-5187,13,13,13,1.0,"[""K2_repeat1_K2_C0002"", ""K2_repeat2_K2_C0002"", ""K2_repeat3_K2_C0002"", ""K3_repeat1_K3_C0003"", ""K3_repeat2_K3_C0003"", ""K3_repeat3_K3_C0003"", ""K4_repeat1_K4_C0001_M_K4_C0004"", ""K4_repeat2_K4_C0001"", ""K5_repeat2_K5_C0001_M_K5_C0005"", ""K5_repeat3_K5_C0001_M_K5_C0005"", ""K6_repeat3_K6_C0001_M_K6_C0004"", ""K7_repeat1_K7_C0001"", ""K8_repeat2_K8_C0001""]"
TCGA-BP-4989,TCGA-BP-5189,13,11,9,0.6923076923076923,"[""K2_repeat1_K2_C0002"", ""K2_repeat2_K2_C0002"", ""K2_repeat3_K2_C0002"", ""K3_repeat1_K3_C0003"", ""K3_repeat2_K3_C0003"", ""K3_repeat3_K3_C0003"", ""K4_repeat1_K4_C0001_M_K4_C0004"", ""K4_repeat2_K4_C0001"", ""K6_repeat3_K6_C0001_M_K6_C0004""]"
TCGA-BP-4989,TCGA-BP-5190,13,3,0,0.0,[]
TCGA-BP-4989,TCGA-BP-5191,13,3,0,0.0,[]
TCGA-BP-4989,TCGA-BP-5192,13,10,7,0.5384615384615384,"[""K2_repeat1_K2_C0002"", ""K2_repeat2_K2_C0002"", ""K2_repeat3_K2_C0002"", ""K3_repeat1_K3_C0003"", ""K3_repeat2_K3_C0003"", ""K3_repeat3_K3_C0003"", ""K4_repeat1_K4_C0001_M_K4_C0004""]"
TCGA-BP-4989,TCGA-BP-5194,13,11,11,0.8461538461538461,"[""K2_repeat1_K2_C0002"", ""K2_repeat2_K2_C0002"", ""K2_repeat3_K2_C0002"", ""K3_repeat1_K3_C0003"", ""K3_repeat2_K3_C0003"", ""K3_repeat3_K3_C0003"", ""K4_repeat1_K4_C0001_M_K4_C0004"", ""K4_repeat2_K4_C0001"", ""K5_repeat2_K5_C0001_M_K5_C0005"", ""K5_repeat3_K5_C0001_M_K5_C0005"", ""K6_repeat3_K6_C0001_M_K6_C0004""]"
TCGA-BP-4989,TCGA-BP-5195,13,12,12,0.9230769230769231,"[""K2_repeat1_K2_C0002"", ""K2_repeat2_K2_C0002"", ""K2_repeat3_K2_C0002"", ""K3_repeat1_K3_C0003"", ""K3_repeat2_K3_C0003"", ""K3_repeat3_K3_C0003"", ""K4_repeat1_K4_C0001_M_K4_C0004"", ""K4_repeat2_K4_C0001"", ""K5_repeat2_K5_C0001_M_K5_C0005"", ""K5_repeat3_K5_C0001_M_K5_C0005"", ""K6_repeat3_K6_C0001_M_K6_C0004"", ""K8_repeat2_K8_C0001""]"
TCGA-BP-4989,TCGA-BP-5196,13,8,4,0.3076923076923077,"[""K2_repeat1_K2_C0002"", ""K2_repeat2_K2_C0002"", ""K2_repeat3_K2_C0002"", ""K4_repeat1_K4_C0001_M_K4_C0004""]"
TCGA-BP-4989,TCGA-BP-5199,13,12,10,0.7692307692307693,"[""K2_repeat1_K2_C0002"", ""K2_repeat2_K2_C0002"", ""K2_repeat3_K2_C0002"", ""K3_repeat1_K3_C0003"", ""K3_repeat2_K3_C0003"", ""K3_repeat3_K3_C0003"", ""K4_repeat1_K4_C0001_M_K4_C0004"", ""K5_repeat2_K5_C0001_M_K5_C0005"", ""K5_repeat3_K5_C0001_M_K5_C0005"", ""K6_repeat3_K6_C0001_M_K6_C0004""]"
TCGA-BP-4989,TCGA-BP-5200,13,11,11,0.8461538461538461,"[""K2_repeat1_K2_C0002"", ""K2_repeat2_K2_C0002"", ""K2_repeat3_K2_C0002"", ""K3_repeat1_K3_C0003"", ""K3_repeat2_K3_C0003"", ""K3_repeat3_K3_C0003"", ""K4_repeat1_K4_C0001_M_K4_C0004"", ""K4_repeat2_K4_C0001"", ""K5_repeat2_K5_C0001_M_K5_C0005"", ""K5_repeat3_K5_C0001_M_K5_C0005"", ""K6_repeat3_K6_C0001_M_K6_C0004""]"
TCGA-BP-4989,TCGA-CJ-4637,13,7,0,0.0,[]
TCGA-BP-4989,TCGA-CJ-4641,13,7,0,0.0,[]
TCGA-BP-4989,TCGA-CJ-4900,13,6,1,0.07692307692307693,"[""K8_repeat2_K8_C0001""]"
TCGA-BP-4989,TCGA-CJ-4902,13,4,0,0.0,[]
TCGA-BP-4989,TCGA-CJ-4903,13,8,8,0.6153846153846154,"[""K2_repeat1_K2_C0002"", ""K2_repeat2_K2_C0002"", ""K2_repeat3_K2_C0002"", ""K4_repeat1_K4_C0001_M_K4_C0004"", ""K4_repeat2_K4_C0001"", ""K5_repeat2_K5_C0001_M_K5_C0005"", ""K5_repeat3_K5_C0001_M_K5_C0005"", ""K6_repeat3_K6_C0001_M_K6_C0004""]"
TCGA-BP-4989,TCGA-CJ-4904,13,9,9,0.6923076923076923,"[""K2_repeat1_K2_C0002"", ""K2_repeat2_K2_C0002"", ""K2_repeat3_K2_C0002"", ""K4_repeat1_K4_C0001_M_K4_C0004"", ""K4_repeat2_K4_C0001"", ""K5_repeat2_K5_C0001_M_K5_C0005"", ""K5_repeat3_K5_C0001_M_K5_C0005"", ""K6_repeat3_K6_C0001_M_K6_C0004"", ""K7_repeat1_K7_C0001""]"
TCGA-BP-4989,TCGA-CJ-4923,13,7,0,0.0,[]
TCGA-BP-4989,TCGA-CJ-6027,13,7,0,0.0,[]
TCGA-BP-4989,TCGA-CJ-6028,13,7,0,0.0,[]
TCGA-BP-4989,TCGA-CJ-6030,13,7,0,0.0,[]
TCGA-BP-4989,TCGA-CJ-6033,13,5,5,0.38461538461538464,"[""K4_repeat1_K4_C0001_M_K4_C0004"", ""K4_repeat2_K4_C0001"", ""K5_repeat2_K5_C0001_M_K5_C0005"", ""K5_repeat3_K5_C0001_M_K5_C0005"", ""K6_repeat3_K6_C0001_M_K6_C0004""]"
TCGA-BP-4989,TCGA-CZ-4859,13,12,11,0.8461538461538461,"[""K2_repeat1_K2_C0002"", ""K2_repeat2_K2_C0002"", ""K2_repeat3_K2_C0002"", ""K3_repeat1_K3_C0003"", ""K3_repeat2_K3_C0003"", ""K3_repeat3_K3_C0003"", ""K4_repeat1_K4_C0001_M_K4_C0004"", ""K4_repeat2_K4_C0001"", ""K5_repeat2_K5_C0001_M_K5_C0005"", ""K5_repeat3_K5_C0001_M_K5_C0005"", ""K6_repeat3_K6_C0001_M_K6_C0004""]"
TCGA-BP-4989,TCGA-CZ-4863,13,3,0,0.0,[]
TCGA-BP-4989,TCGA-CZ-4865,13,3,0,0.0,[]
TCGA-BP-4989,TCGA-CZ-5451,13,9,7,0.5384615384615384,"[""K2_repeat1_K2_C0002"", ""K2_repeat2_K2_C0002"", ""K2_repeat3_K2_C0002"", ""K4_repeat1_K4_C0001_M_K4_C0004"", ""K4_repeat2_K4_C0001"", ""K5_repeat2_K5_C0001_M_K5_C0005"", ""K5_repeat3_K5_C0001_M_K5_C0005""]"
TCGA-BP-4989,TCGA-CZ-5462,13,5,0,0.0,[]
TCGA-BP-4989,TCGA-CZ-5468,13,3,0,0.0,[]
TCGA-BP-4989,TCGA-CZ-5984,13,8,4,0.3076923076923077,"[""K2_repeat1_K2_C0002"", ""K2_repeat2_K2_C0002"", ""K2_repeat3_K2_C0002"", ""K4_repeat1_K4_C0001_M_K4_C0004""]"
TCGA-BP-4989,TCGA-CZ-5985,13,7,0,0.0,[]
TCGA-BP-4989,TCGA-CZ-5988,13,3,0,0.0,[]
TCGA-BP-4989,TCGA-G6-A5PC,13,7,0,0.0,[]
TCGA-BP-4989,TCGA-G6-A8L7,13,5,5,0.38461538461538464,"[""K4_repeat1_K4_C0001_M_K4_C0004"", ""K4_repeat2_K4_C0001"", ""K5_repeat2_K5_C0001_M_K5_C0005"", ""K5_repeat3_K5_C0001_M_K5_C0005"", ""K6_repeat3_K6_C0001_M_K6_C0004""]"
TCGA-BP-4992,TCGA-BP-4994,7,3,1,0.14285714285714285,"[""K5_repeat2_K5_C0002_M_K5_C0003""]"
TCGA-BP-4992,TCGA-BP-4995,7,12,0,0.0,[]
TCGA-BP-4992,TCGA-BP-4999,7,11,0,0.0,[]
TCGA-BP-4992,TCGA-BP-5000,7,3,1,0.14285714285714285,"[""K5_repeat2_K5_C0002_M_K5_C0003""]"
TCGA-BP-4992,TCGA-BP-5001,7,12,0,0.0,[]
TCGA-BP-4992,TCGA-BP-5004,7,12,0,0.0,[]
TCGA-BP-4992,TCGA-BP-5006,7,12,0,0.0,[]
TCGA-BP-4992,TCGA-BP-5007,7,12,0,0.0,[]
TCGA-BP-4992,TCGA-BP-5009,7,12,0,0.0,[]
TCGA-BP-4992,TCGA-BP-5010,7,4,1,0.14285714285714285,"[""K4_repeat2_K4_C0003""]"
TCGA-BP-4992,TCGA-BP-5174,7,8,0,0.0,[]
TCGA-BP-4992,TCGA-BP-5175,7,7,7,1.0,"[""K4_repeat2_K4_C0003"", ""K5_repeat2_K5_C0002_M_K5_C0003"", ""K5_repeat3_K5_C0003"", ""K6_repeat3_K6_C0005"", ""K7_repeat1_K7_C0005"", ""K8_repeat1_K8_C0005"", ""K8_repeat2_K8_C0005""]"
TCGA-BP-4992,TCGA-BP-5180,7,13,0,0.0,[]
TCGA-BP-4992,TCGA-BP-5181,7,13,0,0.0,[]
TCGA-BP-4992,TCGA-BP-5183,7,13,0,0.0,[]
TCGA-BP-4992,TCGA-BP-5184,7,13,0,0.0,[]
TCGA-BP-4992,TCGA-BP-5186,7,13,0,0.0,[]
TCGA-BP-4992,TCGA-BP-5187,7,13,0,0.0,[]
TCGA-BP-4992,TCGA-BP-5189,7,11,1,0.09090909090909091,"[""K5_repeat2_K5_C0002_M_K5_C0003""]"
TCGA-BP-4992,TCGA-BP-5190,7,3,1,0.14285714285714285,"[""K5_repeat2_K5_C0002_M_K5_C0003""]"
TCGA-BP-4992,TCGA-BP-5191,7,3,1,0.14285714285714285,"[""K5_repeat2_K5_C0002_M_K5_C0003""]"
TCGA-BP-4992,TCGA-BP-5192,7,10,0,0.0,[]
TCGA-BP-4992,TCGA-BP-5194,7,11,0,0.0,[]
TCGA-BP-4992,TCGA-BP-5195,7,12,0,0.0,[]
TCGA-BP-4992,TCGA-BP-5196,7,8,0,0.0,[]
TCGA-BP-4992,TCGA-BP-5199,7,12,0,0.0,[]
TCGA-BP-4992,TCGA-BP-5200,7,11,0,0.0,[]
TCGA-BP-4992,TCGA-CJ-4637,7,7,7,1.0,"[""K4_repeat2_K4_C0003"", ""K5_repeat2_K5_C0002_M_K5_C0003"", ""K5_repeat3_K5_C0003"", ""K6_repeat3_K6_C0005"", ""K7_repeat1_K7_C0005"", ""K8_repeat1_K8_C0005"", ""K8_repeat2_K8_C0005""]"
TCGA-BP-4992,TCGA-CJ-4641,7,7,7,1.0,"[""K4_repeat2_K4_C0003"", ""K5_repeat2_K5_C0002_M_K5_C0003"", ""K5_repeat3_K5_C0003"", ""K6_repeat3_K6_C0005"", ""K7_repeat1_K7_C0005"", ""K8_repeat1_K8_C0005"", ""K8_repeat2_K8_C0005""]"
TCGA-BP-4992,TCGA-CJ-4900,7,6,5,0.7142857142857143,"[""K4_repeat2_K4_C0003"", ""K5_repeat2_K5_C0002_M_K5_C0003"", ""K5_repeat3_K5_C0003"", ""K6_repeat3_K6_C0005"", ""K7_repeat1_K7_C0005""]"
TCGA-BP-4992,TCGA-CJ-4902,7,4,1,0.14285714285714285,"[""K4_repeat2_K4_C0003""]"
TCGA-BP-4992,TCGA-CJ-4903,7,8,0,0.0,[]
TCGA-BP-4992,TCGA-CJ-4904,7,9,0,0.0,[]
TCGA-BP-4992,TCGA-CJ-4923,7,7,7,1.0,"[""K4_repeat2_K4_C0003"", ""K5_repeat2_K5_C0002_M_K5_C0003"", ""K5_repeat3_K5_C0003"", ""K6_repeat3_K6_C0005"", ""K7_repeat1_K7_C0005"", ""K8_repeat1_K8_C0005"", ""K8_repeat2_K8_C0005""]"
TCGA-BP-4992,TCGA-CJ-6027,7,7,7,1.0,"[""K4_repeat2_K4_C0003"", ""K5_repeat2_K5_C0002_M_K5_C0003"", ""K5_repeat3_K5_C0003"", ""K6_repeat3_K6_C0005"", ""K7_repeat1_K7_C0005"", ""K8_repeat1_K8_C0005"", ""K8_repeat2_K8_C0005""]"
TCGA-BP-4992,TCGA-CJ-6028,7,7,7,1.0,"[""K4_repeat2_K4_C0003"", ""K5_repeat2_K5_C0002_M_K5_C0003"", ""K5_repeat3_K5_C0003"", ""K6_repeat3_K6_C0005"", ""K7_repeat1_K7_C0005"", ""K8_repeat1_K8_C0005"", ""K8_repeat2_K8_C0005""]"
TCGA-BP-4992,TCGA-CJ-6030,7,7,7,1.0,"[""K4_repeat2_K4_C0003"", ""K5_repeat2_K5_C0002_M_K5_C0003"", ""K5_repeat3_K5_C0003"", ""K6_repeat3_K6_C0005"", ""K7_repeat1_K7_C0005"", ""K8_repeat1_K8_C0005"", ""K8_repeat2_K8_C0005""]"
TCGA-BP-4992,TCGA-CJ-6033,7,5,0,0.0,[]
TCGA-BP-4992,TCGA-CZ-4859,7,12,0,0.0,[]
TCGA-BP-4992,TCGA-CZ-4863,7,3,1,0.14285714285714285,"[""K5_repeat2_K5_C0002_M_K5_C0003""]"
TCGA-BP-4992,TCGA-CZ-4865,7,3,1,0.14285714285714285,"[""K5_repeat2_K5_C0002_M_K5_C0003""]"
TCGA-BP-4992,TCGA-CZ-5451,7,9,0,0.0,[]
TCGA-BP-4992,TCGA-CZ-5462,7,5,3,0.42857142857142855,"[""K5_repeat2_K5_C0002_M_K5_C0003"", ""K8_repeat1_K8_C0005"", ""K8_repeat2_K8_C0005""]"
TCGA-BP-4992,TCGA-CZ-5468,7,3,1,0.14285714285714285,"[""K5_repeat2_K5_C0002_M_K5_C0003""]"
TCGA-BP-4992,TCGA-CZ-5984,7,8,0,0.0,[]
TCGA-BP-4992,TCGA-CZ-5985,7,7,7,1.0,"[""K4_repeat2_K4_C0003"", ""K5_repeat2_K5_C0002_M_K5_C0003"", ""K5_repeat3_K5_C0003"", ""K6_repeat3_K6_C0005"", ""K7_repeat1_K7_C0005"", ""K8_repeat1_K8_C0005"", ""K8_repeat2_K8_C0005""]"
TCGA-BP-4992,TCGA-CZ-5988,7,3,1,0.14285714285714285,"[""K5_repeat2_K5_C0002_M_K5_C0003""]"
TCGA-BP-4992,TCGA-G6-A5PC,7,7,7,1.0,"[""K4_repeat2_K4_C0003"", ""K5_repeat2_K5_C0002_M_K5_C0003"", ""K5_repeat3_K5_C0003"", ""K6_repeat3_K6_C0005"", ""K7_repeat1_K7_C0005"", ""K8_repeat1_K8_C0005"", ""K8_repeat2_K8_C0005""]"
TCGA-BP-4992,TCGA-G6-A8L7,7,5,0,0.0,[]
TCGA-BP-4994,TCGA-BP-4995,3,12,0,0.0,[]
TCGA-BP-4994,TCGA-BP-4999,3,11,0,0.0,[]
TCGA-BP-4994,TCGA-BP-5000,3,3,3,1.0,"[""K5_repeat2_K5_C0002_M_K5_C0003"", ""K6_repeat3_K6_C0002_M_K6_C0003"", ""K7_repeat1_K7_C0002_M_K7_C0003""]"
TCGA-BP-4994,TCGA-BP-5001,3,12,0,0.0,[]
TCGA-BP-4994,TCGA-BP-5004,3,12,0,0.0,[]
TCGA-BP-4994,TCGA-BP-5006,3,12,0,0.0,[]
TCGA-BP-4994,TCGA-BP-5007,3,12,0,0.0,[]
TCGA-BP-4994,TCGA-BP-5009,3,12,0,0.0,[]
TCGA-BP-4994,TCGA-BP-5010,3,4,0,0.0,[]
TCGA-BP-4994,TCGA-BP-5174,3,8,0,0.0,[]
TCGA-BP-4994,TCGA-BP-5175,3,7,1,0.14285714285714285,"[""K5_repeat2_K5_C0002_M_K5_C0003""]"
TCGA-BP-4994,TCGA-BP-5180,3,13,0,0.0,[]
TCGA-BP-4994,TCGA-BP-5181,3,13,0,0.0,[]
TCGA-BP-4994,TCGA-BP-5183,3,13,0,0.0,[]
TCGA-BP-4994,TCGA-BP-5184,3,13,0,0.0,[]
TCGA-BP-4994,TCGA-BP-5186,3,13,0,0.0,[]
TCGA-BP-4994,TCGA-BP-5187,3,13,0,0.0,[]
TCGA-BP-4994,TCGA-BP-5189,3,11,2,0.18181818181818182,"[""K5_repeat2_K5_C0002_M_K5_C0003"", ""K7_repeat1_K7_C0002_M_K7_C0003""]"
TCGA-BP-4994,TCGA-BP-5190,3,3,3,1.0,"[""K5_repeat2_K5_C0002_M_K5_C0003"", ""K6_repeat3_K6_C0002_M_K6_C0003"", ""K7_repeat1_K7_C0002_M_K7_C0003""]"
TCGA-BP-4994,TCGA-BP-5191,3,3,3,1.0,"[""K5_repeat2_K5_C0002_M_K5_C0003"", ""K6_repeat3_K6_C0002_M_K6_C0003"", ""K7_repeat1_K7_C0002_M_K7_C0003""]"
TCGA-BP-4994,TCGA-BP-5192,3,10,0,0.0,[]
TCGA-BP-4994,TCGA-BP-5194,3,11,0,0.0,[]
TCGA-BP-4994,TCGA-BP-5195,3,12,0,0.0,[]
TCGA-BP-4994,TCGA-BP-5196,3,8,0,0.0,[]
TCGA-BP-4994,TCGA-BP-5199,3,12,0,0.0,[]
TCGA-BP-4994,TCGA-BP-5200,3,11,0,0.0,[]
TCGA-BP-4994,TCGA-CJ-4637,3,7,1,0.14285714285714285,"[""K5_repeat2_K5_C0002_M_K5_C0003""]"
TCGA-BP-4994,TCGA-CJ-4641,3,7,1,0.14285714285714285,"[""K5_repeat2_K5_C0002_M_K5_C0003""]"
TCGA-BP-4994,TCGA-CJ-4900,3,6,1,0.16666666666666666,"[""K5_repeat2_K5_C0002_M_K5_C0003""]"
TCGA-BP-4994,TCGA-CJ-4902,3,4,0,0.0,[]
TCGA-BP-4994,TCGA-CJ-4903,3,8,0,0.0,[]
TCGA-BP-4994,TCGA-CJ-4904,3,9,0,0.0,[]
TCGA-BP-4994,TCGA-CJ-4923,3,7,1,0.14285714285714285,"[""K5_repeat2_K5_C0002_M_K5_C0003""]"
TCGA-BP-4994,TCGA-CJ-6027,3,7,1,0.14285714285714285,"[""K5_repeat2_K5_C0002_M_K5_C0003""]"
TCGA-BP-4994,TCGA-CJ-6028,3,7,1,0.14285714285714285,"[""K5_repeat2_K5_C0002_M_K5_C0003""]"
TCGA-BP-4994,TCGA-CJ-6030,3,7,1,0.14285714285714285,"[""K5_repeat2_K5_C0002_M_K5_C0003""]"
TCGA-BP-4994,TCGA-CJ-6033,3,5,0,0.0,[]
TCGA-BP-4994,TCGA-CZ-4859,3,12,0,0.0,[]
TCGA-BP-4994,TCGA-CZ-4863,3,3,3,1.0,"[""K5_repeat2_K5_C0002_M_K5_C0003"", ""K6_repeat3_K6_C0002_M_K6_C0003"", ""K7_repeat1_K7_C0002_M_K7_C0003""]"
TCGA-BP-4994,TCGA-CZ-4865,3,3,3,1.0,"[""K5_repeat2_K5_C0002_M_K5_C0003"", ""K6_repeat3_K6_C0002_M_K6_C0003"", ""K7_repeat1_K7_C0002_M_K7_C0003""]"
TCGA-BP-4994,TCGA-CZ-5451,3,9,2,0.2222222222222222,"[""K6_repeat3_K6_C0002_M_K6_C0003"", ""K7_repeat1_K7_C0002_M_K7_C0003""]"
TCGA-BP-4994,TCGA-CZ-5462,3,5,3,0.6,"[""K5_repeat2_K5_C0002_M_K5_C0003"", ""K6_repeat3_K6_C0002_M_K6_C0003"", ""K7_repeat1_K7_C0002_M_K7_C0003""]"
TCGA-BP-4994,TCGA-CZ-5468,3,3,3,1.0,"[""K5_repeat2_K5_C0002_M_K5_C0003"", ""K6_repeat3_K6_C0002_M_K6_C0003"", ""K7_repeat1_K7_C0002_M_K7_C0003""]"
TCGA-BP-4994,TCGA-CZ-5984,3,8,0,0.0,[]
TCGA-BP-4994,TCGA-CZ-5985,3,7,1,0.14285714285714285,"[""K5_repeat2_K5_C0002_M_K5_C0003""]"
TCGA-BP-4994,TCGA-CZ-5988,3,3,3,1.0,"[""K5_repeat2_K5_C0002_M_K5_C0003"", ""K6_repeat3_K6_C0002_M_K6_C0003"", ""K7_repeat1_K7_C0002_M_K7_C0003""]"
TCGA-BP-4994,TCGA-G6-A5PC,3,7,1,0.14285714285714285,"[""K5_repeat2_K5_C0002_M_K5_C0003""]"
TCGA-BP-4994,TCGA-G6-A8L7,3,5,0,0.0,[]
TCGA-BP-4995,TCGA-BP-4999,12,11,11,0.9166666666666666,"[""K2_repeat1_K2_C0002"", ""K2_repeat2_K2_C0002"", ""K2_repeat3_K2_C0002"", ""K3_repeat1_K3_C0003"", ""K3_repeat2_K3_C0003"", ""K3_repeat3_K3_C0003"", ""K4_repeat1_K4_C0001_M_K4_C0004"", ""K4_repeat2_K4_C0001"", ""K5_repeat2_K5_C0001_M_K5_C0005"", ""K5_repeat3_K5_C0001_M_K5_C0005"", ""K6_repeat3_K6_C0001_M_K6_C0004""]"
TCGA-BP-4995,TCGA-BP-5000,12,3,0,0.0,[]
TCGA-BP-4995,TCGA-BP-5001,12,12,12,1.0,"[""K2_repeat1_K2_C0002"", ""K2_repeat2_K2_C0002"", ""K2_repeat3_K2_C0002"", ""K3_repeat1_K3_C0003"", ""K3_repeat2_K3_C0003"", ""K3_repeat3_K3_C0003"", ""K4_repeat1_K4_C0001_M_K4_C0004"", ""K4_repeat2_K4_C0001"", ""K5_repeat2_K5_C0001_M_K5_C0005"", ""K5_repeat3_K5_C0001_M_K5_C0005"", ""K6_repeat3_K6_C0001_M_K6_C0004"", ""K8_repeat1_K8_C0004""]"
TCGA-BP-4995,TCGA-BP-5004,12,12,12,1.0,"[""K2_repeat1_K2_C0002"", ""K2_repeat2_K2_C0002"", ""K2_repeat3_K2_C0002"", ""K3_repeat1_K3_C0003"", ""K3_repeat2_K3_C0003"", ""K3_repeat3_K3_C0003"", ""K4_repeat1_K4_C0001_M_K4_C0004"", ""K4_repeat2_K4_C0001"", ""K5_repeat2_K5_C0001_M_K5_C0005"", ""K5_repeat3_K5_C0001_M_K5_C0005"", ""K6_repeat3_K6_C0001_M_K6_C0004"", ""K8_repeat1_K8_C0004""]"
TCGA-BP-4995,TCGA-BP-5006,12,12,12,1.0,"[""K2_repeat1_K2_C0002"", ""K2_repeat2_K2_C0002"", ""K2_repeat3_K2_C0002"", ""K3_repeat1_K3_C0003"", ""K3_repeat2_K3_C0003"", ""K3_repeat3_K3_C0003"", ""K4_repeat1_K4_C0001_M_K4_C0004"", ""K4_repeat2_K4_C0001"", ""K5_repeat2_K5_C0001_M_K5_C0005"", ""K5_repeat3_K5_C0001_M_K5_C0005"", ""K6_repeat3_K6_C0001_M_K6_C0004"", ""K8_repeat1_K8_C0004""]"
TCGA-BP-4995,TCGA-BP-5007,12,12,12,1.0,"[""K2_repeat1_K2_C0002"", ""K2_repeat2_K2_C0002"", ""K2_repeat3_K2_C0002"", ""K3_repeat1_K3_C0003"", ""K3_repeat2_K3_C0003"", ""K3_repeat3_K3_C0003"", ""K4_repeat1_K4_C0001_M_K4_C0004"", ""K4_repeat2_K4_C0001"", ""K5_repeat2_K5_C0001_M_K5_C0005"", ""K5_repeat3_K5_C0001_M_K5_C0005"", ""K6_repeat3_K6_C0001_M_K6_C0004"", ""K8_repeat1_K8_C0004""]"
TCGA-BP-4995,TCGA-BP-5009,12,12,11,0.9166666666666666,"[""K2_repeat1_K2_C0002"", ""K2_repeat2_K2_C0002"", ""K2_repeat3_K2_C0002"", ""K3_repeat1_K3_C0003"", ""K3_repeat2_K3_C0003"", ""K3_repeat3_K3_C0003"", ""K4_repeat1_K4_C0001_M_K4_C0004"", ""K4_repeat2_K4_C0001"", ""K5_repeat2_K5_C0001_M_K5_C0005"", ""K5_repeat3_K5_C0001_M_K5_C0005"", ""K6_repeat3_K6_C0001_M_K6_C0004""]"
TCGA-BP-4995,TCGA-BP-5010,12,4,0,0.0,[]
TCGA-BP-4995,TCGA-BP-5174,12,8,4,0.3333333333333333,"[""K2_repeat1_K2_C0002"", ""K2_repeat2_K2_C0002"", ""K2_repeat3_K2_C0002"", ""K4_repeat1_K4_C0001_M_K4_C0004""]"
TCGA-BP-4995,TCGA-BP-5175,12,7,0,0.0,[]
TCGA-BP-4995,TCGA-BP-5180,12,13,11,0.8461538461538461,"[""K2_repeat1_K2_C0002"", ""K2_repeat2_K2_C0002"", ""K2_repeat3_K2_C0002"", ""K3_repeat1_K3_C0003"", ""K3_repeat2_K3_C0003"", ""K3_repeat3_K3_C0003"", ""K4_repeat1_K4_C0001_M_K4_C0004"", ""K4_repeat2_K4_C0001"", ""K5_repeat2_K5_C0001_M_K5_C0005"", ""K5_repeat3_K5_C0001_M_K5_C0005"", ""K6_repeat3_K6_C0001_M_K6_C0004""]"
TCGA-BP-4995,TCGA-BP-5181,12,13,11,0.8461538461538461,"[""K2_repeat1_K2_C0002"", ""K2_repeat2_K2_C0002"", ""K2_repeat3_K2_C0002"", ""K3_repeat1_K3_C0003"", ""K3_repeat2_K3_C0003"", ""K3_repeat3_K3_C0003"", ""K4_repeat1_K4_C0001_M_K4_C0004"", ""K4_repeat2_K4_C0001"", ""K5_repeat2_K5_C0001_M_K5_C0005"", ""K5_repeat3_K5_C0001_M_K5_C0005"", ""K6_repeat3_K6_C0001_M_K6_C0004""]"
TCGA-BP-4995,TCGA-BP-5183,12,13,11,0.8461538461538461,"[""K2_repeat1_K2_C0002"", ""K2_repeat2_K2_C0002"", ""K2_repeat3_K2_C0002"", ""K3_repeat1_K3_C0003"", ""K3_repeat2_K3_C0003"", ""K3_repeat3_K3_C0003"", ""K4_repeat1_K4_C0001_M_K4_C0004"", ""K4_repeat2_K4_C0001"", ""K5_repeat2_K5_C0001_M_K5_C0005"", ""K5_repeat3_K5_C0001_M_K5_C0005"", ""K6_repeat3_K6_C0001_M_K6_C0004""]"
TCGA-BP-4995,TCGA-BP-5184,12,13,11,0.8461538461538461,"[""K2_repeat1_K2_C0002"", ""K2_repeat2_K2_C0002"", ""K2_repeat3_K2_C0002"", ""K3_repeat1_K3_C0003"", ""K3_repeat2_K3_C0003"", ""K3_repeat3_K3_C0003"", ""K4_repeat1_K4_C0001_M_K4_C0004"", ""K4_repeat2_K4_C0001"", ""K5_repeat2_K5_C0001_M_K5_C0005"", ""K5_repeat3_K5_C0001_M_K5_C0005"", ""K6_repeat3_K6_C0001_M_K6_C0004""]"
TCGA-BP-4995,TCGA-BP-5186,12,13,11,0.8461538461538461,"[""K2_repeat1_K2_C0002"", ""K2_repeat2_K2_C0002"", ""K2_repeat3_K2_C0002"", ""K3_repeat1_K3_C0003"", ""K3_repeat2_K3_C0003"", ""K3_repeat3_K3_C0003"", ""K4_repeat1_K4_C0001_M_K4_C0004"", ""K4_repeat2_K4_C0001"", ""K5_repeat2_K5_C0001_M_K5_C0005"", ""K5_repeat3_K5_C0001_M_K5_C0005"", ""K6_repeat3_K6_C0001_M_K6_C0004""]"
TCGA-BP-4995,TCGA-BP-5187,12,13,11,0.8461538461538461,"[""K2_repeat1_K2_C0002"", ""K2_repeat2_K2_C0002"", ""K2_repeat3_K2_C0002"", ""K3_repeat1_K3_C0003"", ""K3_repeat2_K3_C0003"", ""K3_repeat3_K3_C0003"", ""K4_repeat1_K4_C0001_M_K4_C0004"", ""K4_repeat2_K4_C0001"", ""K5_repeat2_K5_C0001_M_K5_C0005"", ""K5_repeat3_K5_C0001_M_K5_C0005"", ""K6_repeat3_K6_C0001_M_K6_C0004""]"
TCGA-BP-4995,TCGA-BP-5189,12,11,9,0.75,"[""K2_repeat1_K2_C0002"", ""K2_repeat2_K2_C0002"", ""K2_repeat3_K2_C0002"", ""K3_repeat1_K3_C0003"", ""K3_repeat2_K3_C0003"", ""K3_repeat3_K3_C0003"", ""K4_repeat1_K4_C0001_M_K4_C0004"", ""K4_repeat2_K4_C0001"", ""K6_repeat3_K6_C0001_M_K6_C0004""]"
TCGA-BP-4995,TCGA-BP-5190,12,3,0,0.0,[]
TCGA-BP-4995,TCGA-BP-5191,12,3,0,0.0,[]
TCGA-BP-4995,TCGA-BP-5192,12,10,8,0.6666666666666666,"[""K2_repeat1_K2_C0002"", ""K2_repeat2_K2_C0002"", ""K2_repeat3_K2_C0002"", ""K3_repeat1_K3_C0003"", ""K3_repeat2_K3_C0003"", ""K3_repeat3_K3_C0003"", ""K4_repeat1_K4_C0001_M_K4_C0004"", ""K8_repeat1_K8_C0004""]"
TCGA-BP-4995,TCGA-BP-5194,12,11,11,0.9166666666666666,"[""K2_repeat1_K2_C0002"", ""K2_repeat2_K2_C0002"", ""K2_repeat3_K2_C0002"", ""K3_repeat1_K3_C0003"", ""K3_repeat2_K3_C0003"", ""K3_repeat3_K3_C0003"", ""K4_repeat1_K4_C0001_M_K4_C0004"", ""K4_repeat2_K4_C0001"", ""K5_repeat2_K5_C0001_M_K5_C0005"", ""K5_repeat3_K5_C0001_M_K5_C0005"", ""K6_repeat3_K6_C0001_M_K6_C0004""]"
TCGA-BP-4995,TCGA-BP-5195,12,12,11,0.9166666666666666,"[""K2_repeat1_K2_C0002"", ""K2_repeat2_K2_C0002"", ""K2_repeat3_K2_C0002"", ""K3_repeat1_K3_C0003"", ""K3_repeat2_K3_C0003"", ""K3_repeat3_K3_C0003"", ""K4_repeat1_K4_C0001_M_K4_C0004"", ""K4_repeat2_K4_C0001"", ""K5_repeat2_K5_C0001_M_K5_C0005"", ""K5_repeat3_K5_C0001_M_K5_C0005"", ""K6_repeat3_K6_C0001_M_K6_C0004""]"
TCGA-BP-4995,TCGA-BP-5196,12,8,4,0.3333333333333333,"[""K2_repeat1_K2_C0002"", ""K2_repeat2_K2_C0002"", ""K2_repeat3_K2_C0002"", ""K4_repeat1_K4_C0001_M_K4_C0004""]"
TCGA-BP-4995,TCGA-BP-5199,12,12,11,0.9166666666666666,"[""K2_repeat1_K2_C0002"", ""K2_repeat2_K2_C0002"", ""K2_repeat3_K2_C0002"", ""K3_repeat1_K3_C0003"", ""K3_repeat2_K3_C0003"", ""K3_repeat3_K3_C0003"", ""K4_repeat1_K4_C0001_M_K4_C0004"", ""K5_repeat2_K5_C0001_M_K5_C0005"", ""K5_repeat3_K5_C0001_M_K5_C0005"", ""K6_repeat3_K6_C0001_M_K6_C0004"", ""K8_repeat1_K8_C0004""]"
TCGA-BP-4995,TCGA-BP-5200,12,11,11,0.9166666666666666,"[""K2_repeat1_K2_C0002"", ""K2_repeat2_K2_C0002"", ""K2_repeat3_K2_C0002"", ""K3_repeat1_K3_C0003"", ""K3_repeat2_K3_C0003"", ""K3_repeat3_K3_C0003"", ""K4_repeat1_K4_C0001_M_K4_C0004"", ""K4_repeat2_K4_C0001"", ""K5_repeat2_K5_C0001_M_K5_C0005"", ""K5_repeat3_K5_C0001_M_K5_C0005"", ""K6_repeat3_K6_C0001_M_K6_C0004""]"
TCGA-BP-4995,TCGA-CJ-4637,12,7,0,0.0,[]
TCGA-BP-4995,TCGA-CJ-4641,12,7,0,0.0,[]
TCGA-BP-4995,TCGA-CJ-4900,12,6,0,0.0,[]
TCGA-BP-4995,TCGA-CJ-4902,12,4,0,0.0,[]
TCGA-BP-4995,TCGA-CJ-4903,12,8,8,0.6666666666666666,"[""K2_repeat1_K2_C0002"", ""K2_repeat2_K2_C0002"", ""K2_repeat3_K2_C0002"", ""K4_repeat1_K4_C0001_M_K4_C0004"", ""K4_repeat2_K4_C0001"", ""K5_repeat2_K5_C0001_M_K5_C0005"", ""K5_repeat3_K5_C0001_M_K5_C0005"", ""K6_repeat3_K6_C0001_M_K6_C0004""]"
TCGA-BP-4995,TCGA-CJ-4904,12,9,8,0.6666666666666666,"[""K2_repeat1_K2_C0002"", ""K2_repeat2_K2_C0002"", ""K2_repeat3_K2_C0002"", ""K4_repeat1_K4_C0001_M_K4_C0004"", ""K4_repeat2_K4_C0001"", ""K5_repeat2_K5_C0001_M_K5_C0005"", ""K5_repeat3_K5_C0001_M_K5_C0005"", ""K6_repeat3_K6_C0001_M_K6_C0004""]"
TCGA-BP-4995,TCGA-CJ-4923,12,7,0,0.0,[]
TCGA-BP-4995,TCGA-CJ-6027,12,7,0,0.0,[]
TCGA-BP-4995,TCGA-CJ-6028,12,7,0,0.0,[]
TCGA-BP-4995,TCGA-CJ-6030,12,7,0,0.0,[]
TCGA-BP-4995,TCGA-CJ-6033,12,5,5,0.4166666666666667,"[""K4_repeat1_K4_C0001_M_K4_C0004"", ""K4_repeat2_K4_C0001"", ""K5_repeat2_K5_C0001_M_K5_C0005"", ""K5_repeat3_K5_C0001_M_K5_C0005"", ""K6_repeat3_K6_C0001_M_K6_C0004""]"
TCGA-BP-4995,TCGA-CZ-4859,12,12,12,1.0,"[""K2_repeat1_K2_C0002"", ""K2_repeat2_K2_C0002"", ""K2_repeat3_K2_C0002"", ""K3_repeat1_K3_C0003"", ""K3_repeat2_K3_C0003"", ""K3_repeat3_K3_C0003"", ""K4_repeat1_K4_C0001_M_K4_C0004"", ""K4_repeat2_K4_C0001"", ""K5_repeat2_K5_C0001_M_K5_C0005"", ""K5_repeat3_K5_C0001_M_K5_C0005"", ""K6_repeat3_K6_C0001_M_K6_C0004"", ""K8_repeat1_K8_C0004""]"
TCGA-BP-4995,TCGA-CZ-4863,12,3,0,0.0,[]
TCGA-BP-4995,TCGA-CZ-4865,12,3,0,0.0,[]
TCGA-BP-4995,TCGA-CZ-5451,12,9,7,0.5833333333333334,"[""K2_repeat1_K2_C0002"", ""K2_repeat2_K2_C0002"", ""K2_repeat3_K2_C0002"", ""K4_repeat1_K4_C0001_M_K4_C0004"", ""K4_repeat2_K4_C0001"", ""K5_repeat2_K5_C0001_M_K5_C0005"", ""K5_repeat3_K5_C0001_M_K5_C0005""]"
TCGA-BP-4995,TCGA-CZ-5462,12,5,0,0.0,[]
TCGA-BP-4995,TCGA-CZ-5468,12,3,0,0.0,[]
TCGA-BP-4995,TCGA-CZ-5984,12,8,4,0.3333333333333333,"[""K2_repeat1_K2_C0002"", ""K2_repeat2_K2_C0002"", ""K2_repeat3_K2_C0002"", ""K4_repeat1_K4_C0001_M_K4_C0004""]"
TCGA-BP-4995,TCGA-CZ-5985,12,7,0,0.0,[]
TCGA-BP-4995,TCGA-CZ-5988,12,3,0,0.0,[]
TCGA-BP-4995,TCGA-G6-A5PC,12,7,0,0.0,[]
TCGA-BP-4995,TCGA-G6-A8L7,12,5,5,0.4166666666666667,"[""K4_repeat1_K4_C0001_M_K4_C0004"", ""K4_repeat2_K4_C0001"", ""K5_repeat2_K5_C0001_M_K5_C0005"", ""K5_repeat3_K5_C0001_M_K5_C0005"", ""K6_repeat3_K6_C0001_M_K6_C0004""]"
TCGA-BP-4999,TCGA-BP-5000,11,3,0,0.0,[]
TCGA-BP-4999,TCGA-BP-5001,11,12,11,0.9166666666666666,"[""K2_repeat1_K2_C0002"", ""K2_repeat2_K2_C0002"", ""K2_repeat3_K2_C0002"", ""K3_repeat1_K3_C0003"", ""K3_repeat2_K3_C0003"", ""K3_repeat3_K3_C0003"", ""K4_repeat1_K4_C0001_M_K4_C0004"", ""K4_repeat2_K4_C0001"", ""K5_repeat2_K5_C0001_M_K5_C0005"", ""K5_repeat3_K5_C0001_M_K5_C0005"", ""K6_repeat3_K6_C0001_M_K6_C0004""]"
TCGA-BP-4999,TCGA-BP-5004,11,12,11,0.9166666666666666,"[""K2_repeat1_K2_C0002"", ""K2_repeat2_K2_C0002"", ""K2_repeat3_K2_C0002"", ""K3_repeat1_K3_C0003"", ""K3_repeat2_K3_C0003"", ""K3_repeat3_K3_C0003"", ""K4_repeat1_K4_C0001_M_K4_C0004"", ""K4_repeat2_K4_C0001"", ""K5_repeat2_K5_C0001_M_K5_C0005"", ""K5_repeat3_K5_C0001_M_K5_C0005"", ""K6_repeat3_K6_C0001_M_K6_C0004""]"
TCGA-BP-4999,TCGA-BP-5006,11,12,11,0.9166666666666666,"[""K2_repeat1_K2_C0002"", ""K2_repeat2_K2_C0002"", ""K2_repeat3_K2_C0002"", ""K3_repeat1_K3_C0003"", ""K3_repeat2_K3_C0003"", ""K3_repeat3_K3_C0003"", ""K4_repeat1_K4_C0001_M_K4_C0004"", ""K4_repeat2_K4_C0001"", ""K5_repeat2_K5_C0001_M_K5_C0005"", ""K5_repeat3_K5_C0001_M_K5_C0005"", ""K6_repeat3_K6_C0001_M_K6_C0004""]"
TCGA-BP-4999,TCGA-BP-5007,11,12,11,0.9166666666666666,"[""K2_repeat1_K2_C0002"", ""K2_repeat2_K2_C0002"", ""K2_repeat3_K2_C0002"", ""K3_repeat1_K3_C0003"", ""K3_repeat2_K3_C0003"", ""K3_repeat3_K3_C0003"", ""K4_repeat1_K4_C0001_M_K4_C0004"", ""K4_repeat2_K4_C0001"", ""K5_repeat2_K5_C0001_M_K5_C0005"", ""K5_repeat3_K5_C0001_M_K5_C0005"", ""K6_repeat3_K6_C0001_M_K6_C0004""]"
TCGA-BP-4999,TCGA-BP-5009,11,12,11,0.9166666666666666,"[""K2_repeat1_K2_C0002"", ""K2_repeat2_K2_C0002"", ""K2_repeat3_K2_C0002"", ""K3_repeat1_K3_C0003"", ""K3_repeat2_K3_C0003"", ""K3_repeat3_K3_C0003"", ""K4_repeat1_K4_C0001_M_K4_C0004"", ""K4_repeat2_K4_C0001"", ""K5_repeat2_K5_C0001_M_K5_C0005"", ""K5_repeat3_K5_C0001_M_K5_C0005"", ""K6_repeat3_K6_C0001_M_K6_C0004""]"
TCGA-BP-4999,TCGA-BP-5010,11,4,0,0.0,[]
TCGA-BP-4999,TCGA-BP-5174,11,8,4,0.36363636363636365,"[""K2_repeat1_K2_C0002"", ""K2_repeat2_K2_C0002"", ""K2_repeat3_K2_C0002"", ""K4_repeat1_K4_C0001_M_K4_C0004""]"
TCGA-BP-4999,TCGA-BP-5175,11,7,0,0.0,[]
TCGA-BP-4999,TCGA-BP-5180,11,13,11,0.8461538461538461,"[""K2_repeat1_K2_C0002"", ""K2_repeat2_K2_C0002"", ""K2_repeat3_K2_C0002"", ""K3_repeat1_K3_C0003"", ""K3_repeat2_K3_C0003"", ""K3_repeat3_K3_C0003"", ""K4_repeat1_K4_C0001_M_K4_C0004"", ""K4_repeat2_K4_C0001"", ""K5_repeat2_K5_C0001_M_K5_C0005"", ""K5_repeat3_K5_C0001_M_K5_C0005"", ""K6_repeat3_K6_C0001_M_K6_C0004""]"
TCGA-BP-4999,TCGA-BP-5181,11,13,11,0.8461538461538461,"[""K2_repeat1_K2_C0002"", ""K2_repeat2_K2_C0002"", ""K2_repeat3_K2_C0002"", ""K3_repeat1_K3_C0003"", ""K3_repeat2_K3_C0003"", ""K3_repeat3_K3_C0003"", ""K4_repeat1_K4_C0001_M_K4_C0004"", ""K4_repeat2_K4_C0001"", ""K5_repeat2_K5_C0001_M_K5_C0005"", ""K5_repeat3_K5_C0001_M_K5_C0005"", ""K6_repeat3_K6_C0001_M_K6_C0004""]"
TCGA-BP-4999,TCGA-BP-5183,11,13,11,0.8461538461538461,"[""K2_repeat1_K2_C0002"", ""K2_repeat2_K2_C0002"", ""K2_repeat3_K2_C0002"", ""K3_repeat1_K3_C0003"", ""K3_repeat2_K3_C0003"", ""K3_repeat3_K3_C0003"", ""K4_repeat1_K4_C0001_M_K4_C0004"", ""K4_repeat2_K4_C0001"", ""K5_repeat2_K5_C0001_M_K5_C0005"", ""K5_repeat3_K5_C0001_M_K5_C0005"", ""K6_repeat3_K6_C0001_M_K6_C0004""]"
TCGA-BP-4999,TCGA-BP-5184,11,13,11,0.8461538461538461,"[""K2_repeat1_K2_C0002"", ""K2_repeat2_K2_C0002"", ""K2_repeat3_K2_C0002"", ""K3_repeat1_K3_C0003"", ""K3_repeat2_K3_C0003"", ""K3_repeat3_K3_C0003"", ""K4_repeat1_K4_C0001_M_K4_C0004"", ""K4_repeat2_K4_C0001"", ""K5_repeat2_K5_C0001_M_K5_C0005"", ""K5_repeat3_K5_C0001_M_K5_C0005"", ""K6_repeat3_K6_C0001_M_K6_C0004""]"
TCGA-BP-4999,TCGA-BP-5186,11,13,11,0.8461538461538461,"[""K2_repeat1_K2_C0002"", ""K2_repeat2_K2_C0002"", ""K2_repeat3_K2_C0002"", ""K3_repeat1_K3_C0003"", ""K3_repeat2_K3_C0003"", ""K3_repeat3_K3_C0003"", ""K4_repeat1_K4_C0001_M_K4_C0004"", ""K4_repeat2_K4_C0001"", ""K5_repeat2_K5_C0001_M_K5_C0005"", ""K5_repeat3_K5_C0001_M_K5_C0005"", ""K6_repeat3_K6_C0001_M_K6_C0004""]"
TCGA-BP-4999,TCGA-BP-5187,11,13,11,0.8461538461538461,"[""K2_repeat1_K2_C0002"", ""K2_repeat2_K2_C0002"", ""K2_repeat3_K2_C0002"", ""K3_repeat1_K3_C0003"", ""K3_repeat2_K3_C0003"", ""K3_repeat3_K3_C0003"", ""K4_repeat1_K4_C0001_M_K4_C0004"", ""K4_repeat2_K4_C0001"", ""K5_repeat2_K5_C0001_M_K5_C0005"", ""K5_repeat3_K5_C0001_M_K5_C0005"", ""K6_repeat3_K6_C0001_M_K6_C0004""]"
TCGA-BP-4999,TCGA-BP-5189,11,11,9,0.8181818181818182,"[""K2_repeat1_K2_C0002"", ""K2_repeat2_K2_C0002"", ""K2_repeat3_K2_C0002"", ""K3_repeat1_K3_C0003"", ""K3_repeat2_K3_C0003"", ""K3_repeat3_K3_C0003"", ""K4_repeat1_K4_C0001_M_K4_C0004"", ""K4_repeat2_K4_C0001"", ""K6_repeat3_K6_C0001_M_K6_C0004""]"
TCGA-BP-4999,TCGA-BP-5190,11,3,0,0.0,[]
TCGA-BP-4999,TCGA-BP-5191,11,3,0,0.0,[]
TCGA-BP-4999,TCGA-BP-5192,11,10,7,0.6363636363636364,"[""K2_repeat1_K2_C0002"", ""K2_repeat2_K2_C0002"", ""K2_repeat3_K2_C0002"", ""K3_repeat1_K3_C0003"", ""K3_repeat2_K3_C0003"", ""K3_repeat3_K3_C0003"", ""K4_repeat1_K4_C0001_M_K4_C0004""]"
TCGA-BP-4999,TCGA-BP-5194,11,11,11,1.0,"[""K2_repeat1_K2_C0002"", ""K2_repeat2_K2_C0002"", ""K2_repeat3_K2_C0002"", ""K3_repeat1_K3_C0003"", ""K3_repeat2_K3_C0003"", ""K3_repeat3_K3_C0003"", ""K4_repeat1_K4_C0001_M_K4_C0004"", ""K4_repeat2_K4_C0001"", ""K5_repeat2_K5_C0001_M_K5_C0005"", ""K5_repeat3_K5_C0001_M_K5_C0005"", ""K6_repeat3_K6_C0001_M_K6_C0004""]"
TCGA-BP-4999,TCGA-BP-5195,11,12,11,0.9166666666666666,"[""K2_repeat1_K2_C0002"", ""K2_repeat2_K2_C0002"", ""K2_repeat3_K2_C0002"", ""K3_repeat1_K3_C0003"", ""K3_repeat2_K3_C0003"", ""K3_repeat3_K3_C0003"", ""K4_repeat1_K4_C0001_M_K4_C0004"", ""K4_repeat2_K4_C0001"", ""K5_repeat2_K5_C0001_M_K5_C0005"", ""K5_repeat3_K5_C0001_M_K5_C0005"", ""K6_repeat3_K6_C0001_M_K6_C0004""]"
TCGA-BP-4999,TCGA-BP-5196,11,8,4,0.36363636363636365,"[""K2_repeat1_K2_C0002"", ""K2_repeat2_K2_C0002"", ""K2_repeat3_K2_C0002"", ""K4_repeat1_K4_C0001_M_K4_C0004""]"
TCGA-BP-4999,TCGA-BP-5199,11,12,10,0.8333333333333334,"[""K2_repeat1_K2_C0002"", ""K2_repeat2_K2_C0002"", ""K2_repeat3_K2_C0002"", ""K3_repeat1_K3_C0003"", ""K3_repeat2_K3_C0003"", ""K3_repeat3_K3_C0003"", ""K4_repeat1_K4_C0001_M_K4_C0004"", ""K5_repeat2_K5_C0001_M_K5_C0005"", ""K5_repeat3_K5_C0001_M_K5_C0005"", ""K6_repeat3_K6_C0001_M_K6_C0004""]"
TCGA-BP-4999,TCGA-BP-5200,11,11,11,1.0,"[""K2_repeat1_K2_C0002"", ""K2_repeat2_K2_C0002"", ""K2_repeat3_K2_C0002"", ""K3_repeat1_K3_C0003"", ""K3_repeat2_K3_C0003"", ""K3_repeat3_K3_C0003"", ""K4_repeat1_K4_C0001_M_K4_C0004"", ""K4_repeat2_K4_C0001"", ""K5_repeat2_K5_C0001_M_K5_C0005"", ""K5_repeat3_K5_C0001_M_K5_C0005"", ""K6_repeat3_K6_C0001_M_K6_C0004""]"
TCGA-BP-4999,TCGA-CJ-4637,11,7,0,0.0,[]
TCGA-BP-4999,TCGA-CJ-4641,11,7,0,0.0,[]
TCGA-BP-4999,TCGA-CJ-4900,11,6,0,0.0,[]
TCGA-BP-4999,TCGA-CJ-4902,11,4,0,0.0,[]
TCGA-BP-4999,TCGA-CJ-4903,11,8,8,0.7272727272727273,"[""K2_repeat1_K2_C0002"", ""K2_repeat2_K2_C0002"", ""K2_repeat3_K2_C0002"", ""K4_repeat1_K4_C0001_M_K4_C0004"", ""K4_repeat2_K4_C0001"", ""K5_repeat2_K5_C0001_M_K5_C0005"", ""K5_repeat3_K5_C0001_M_K5_C0005"", ""K6_repeat3_K6_C0001_M_K6_C0004""]"
TCGA-BP-4999,TCGA-CJ-4904,11,9,8,0.7272727272727273,"[""K2_repeat1_K2_C0002"", ""K2_repeat2_K2_C0002"", ""K2_repeat3_K2_C0002"", ""K4_repeat1_K4_C0001_M_K4_C0004"", ""K4_repeat2_K4_C0001"", ""K5_repeat2_K5_C0001_M_K5_C0005"", ""K5_repeat3_K5_C0001_M_K5_C0005"", ""K6_repeat3_K6_C0001_M_K6_C0004""]"
TCGA-BP-4999,TCGA-CJ-4923,11,7,0,0.0,[]
TCGA-BP-4999,TCGA-CJ-6027,11,7,0,0.0,[]
TCGA-BP-4999,TCGA-CJ-6028,11,7,0,0.0,[]
TCGA-BP-4999,TCGA-CJ-6030,11,7,0,0.0,[]
TCGA-BP-4999,TCGA-CJ-6033,11,5,5,0.45454545454545453,"[""K4_repeat1_K4_C0001_M_K4_C0004"", ""K4_repeat2_K4_C0001"", ""K5_repeat2_K5_C0001_M_K5_C0005"", ""K5_repeat3_K5_C0001_M_K5_C0005"", ""K6_repeat3_K6_C0001_M_K6_C0004""]"
TCGA-BP-4999,TCGA-CZ-4859,11,12,11,0.9166666666666666,"[""K2_repeat1_K2_C0002"", ""K2_repeat2_K2_C0002"", ""K2_repeat3_K2_C0002"", ""K3_repeat1_K3_C0003"", ""K3_repeat2_K3_C0003"", ""K3_repeat3_K3_C0003"", ""K4_repeat1_K4_C0001_M_K4_C0004"", ""K4_repeat2_K4_C0001"", ""K5_repeat2_K5_C0001_M_K5_C0005"", ""K5_repeat3_K5_C0001_M_K5_C0005"", ""K6_repeat3_K6_C0001_M_K6_C0004""]"
TCGA-BP-4999,TCGA-CZ-4863,11,3,0,0.0,[]
TCGA-BP-4999,TCGA-CZ-4865,11,3,0,0.0,[]
TCGA-BP-4999,TCGA-CZ-5451,11,9,7,0.6363636363636364,"[""K2_repeat1_K2_C0002"", ""K2_repeat2_K2_C0002"", ""K2_repeat3_K2_C0002"", ""K4_repeat1_K4_C0001_M_K4_C0004"", ""K4_repeat2_K4_C0001"", ""K5_repeat2_K5_C0001_M_K5_C0005"", ""K5_repeat3_K5_C0001_M_K5_C0005""]"
TCGA-BP-4999,TCGA-CZ-5462,11,5,0,0.0,[]
TCGA-BP-4999,TCGA-CZ-5468,11,3,0,0.0,[]
TCGA-BP-4999,TCGA-CZ-5984,11,8,4,0.36363636363636365,"[""K2_repeat1_K2_C0002"", ""K2_repeat2_K2_C0002"", ""K2_repeat3_K2_C0002"", ""K4_repeat1_K4_C0001_M_K4_C0004""]"
TCGA-BP-4999,TCGA-CZ-5985,11,7,0,0.0,[]
TCGA-BP-4999,TCGA-CZ-5988,11,3,0,0.0,[]
TCGA-BP-4999,TCGA-G6-A5PC,11,7,0,0.0,[]
TCGA-BP-4999,TCGA-G6-A8L7,11,5,5,0.45454545454545453,"[""K4_repeat1_K4_C0001_M_K4_C0004"", ""K4_repeat2_K4_C0001"", ""K5_repeat2_K5_C0001_M_K5_C0005"", ""K5_repeat3_K5_C0001_M_K5_C0005"", ""K6_repeat3_K6_C0001_M_K6_C0004""]"
TCGA-BP-5000,TCGA-BP-5001,3,12,0,0.0,[]
TCGA-BP-5000,TCGA-BP-5004,3,12,0,0.0,[]
TCGA-BP-5000,TCGA-BP-5006,3,12,0,0.0,[]
TCGA-BP-5000,TCGA-BP-5007,3,12,0,0.0,[]
TCGA-BP-5000,TCGA-BP-5009,3,12,0,0.0,[]
TCGA-BP-5000,TCGA-BP-5010,3,4,0,0.0,[]
TCGA-BP-5000,TCGA-BP-5174,3,8,0,0.0,[]
TCGA-BP-5000,TCGA-BP-5175,3,7,1,0.14285714285714285,"[""K5_repeat2_K5_C0002_M_K5_C0003""]"
TCGA-BP-5000,TCGA-BP-5180,3,13,0,0.0,[]
TCGA-BP-5000,TCGA-BP-5181,3,13,0,0.0,[]
TCGA-BP-5000,TCGA-BP-5183,3,13,0,0.0,[]
TCGA-BP-5000,TCGA-BP-5184,3,13,0,0.0,[]
TCGA-BP-5000,TCGA-BP-5186,3,13,0,0.0,[]
TCGA-BP-5000,TCGA-BP-5187,3,13,0,0.0,[]
TCGA-BP-5000,TCGA-BP-5189,3,11,2,0.18181818181818182,"[""K5_repeat2_K5_C0002_M_K5_C0003"", ""K7_repeat1_K7_C0002_M_K7_C0003""]"
TCGA-BP-5000,TCGA-BP-5190,3,3,3,1.0,"[""K5_repeat2_K5_C0002_M_K5_C0003"", ""K6_repeat3_K6_C0002_M_K6_C0003"", ""K7_repeat1_K7_C0002_M_K7_C0003""]"
TCGA-BP-5000,TCGA-BP-5191,3,3,3,1.0,"[""K5_repeat2_K5_C0002_M_K5_C0003"", ""K6_repeat3_K6_C0002_M_K6_C0003"", ""K7_repeat1_K7_C0002_M_K7_C0003""]"
TCGA-BP-5000,TCGA-BP-5192,3,10,0,0.0,[]
TCGA-BP-5000,TCGA-BP-5194,3,11,0,0.0,[]
TCGA-BP-5000,TCGA-BP-5195,3,12,0,0.0,[]
TCGA-BP-5000,TCGA-BP-5196,3,8,0,0.0,[]
TCGA-BP-5000,TCGA-BP-5199,3,12,0,0.0,[]
TCGA-BP-5000,TCGA-BP-5200,3,11,0,0.0,[]
TCGA-BP-5000,TCGA-CJ-4637,3,7,1,0.14285714285714285,"[""K5_repeat2_K5_C0002_M_K5_C0003""]"
TCGA-BP-5000,TCGA-CJ-4641,3,7,1,0.14285714285714285,"[""K5_repeat2_K5_C0002_M_K5_C0003""]"
TCGA-BP-5000,TCGA-CJ-4900,3,6,1,0.16666666666666666,"[""K5_repeat2_K5_C0002_M_K5_C0003""]"
TCGA-BP-5000,TCGA-CJ-4902,3,4,0,0.0,[]
TCGA-BP-5000,TCGA-CJ-4903,3,8,0,0.0,[]
TCGA-BP-5000,TCGA-CJ-4904,3,9,0,0.0,[]
TCGA-BP-5000,TCGA-CJ-4923,3,7,1,0.14285714285714285,"[""K5_repeat2_K5_C0002_M_K5_C0003""]"
TCGA-BP-5000,TCGA-CJ-6027,3,7,1,0.14285714285714285,"[""K5_repeat2_K5_C0002_M_K5_C0003""]"
TCGA-BP-5000,TCGA-CJ-6028,3,7,1,0.14285714285714285,"[""K5_repeat2_K5_C0002_M_K5_C0003""]"
TCGA-BP-5000,TCGA-CJ-6030,3,7,1,0.14285714285714285,"[""K5_repeat2_K5_C0002_M_K5_C0003""]"
TCGA-BP-5000,TCGA-CJ-6033,3,5,0,0.0,[]
TCGA-BP-5000,TCGA-CZ-4859,3,12,0,0.0,[]
TCGA-BP-5000,TCGA-CZ-4863,3,3,3,1.0,"[""K5_repeat2_K5_C0002_M_K5_C0003"", ""K6_repeat3_K6_C0002_M_K6_C0003"", ""K7_repeat1_K7_C0002_M_K7_C0003""]"
TCGA-BP-5000,TCGA-CZ-4865,3,3,3,1.0,"[""K5_repeat2_K5_C0002_M_K5_C0003"", ""K6_repeat3_K6_C0002_M_K6_C0003"", ""K7_repeat1_K7_C0002_M_K7_C0003""]"
TCGA-BP-5000,TCGA-CZ-5451,3,9,2,0.2222222222222222,"[""K6_repeat3_K6_C0002_M_K6_C0003"", ""K7_repeat1_K7_C0002_M_K7_C0003""]"
TCGA-BP-5000,TCGA-CZ-5462,3,5,3,0.6,"[""K5_repeat2_K5_C0002_M_K5_C0003"", ""K6_repeat3_K6_C0002_M_K6_C0003"", ""K7_repeat1_K7_C0002_M_K7_C0003""]"
TCGA-BP-5000,TCGA-CZ-5468,3,3,3,1.0,"[""K5_repeat2_K5_C0002_M_K5_C0003"", ""K6_repeat3_K6_C0002_M_K6_C0003"", ""K7_repeat1_K7_C0002_M_K7_C0003""]"
TCGA-BP-5000,TCGA-CZ-5984,3,8,0,0.0,[]
TCGA-BP-5000,TCGA-CZ-5985,3,7,1,0.14285714285714285,"[""K5_repeat2_K5_C0002_M_K5_C0003""]"
TCGA-BP-5000,TCGA-CZ-5988,3,3,3,1.0,"[""K5_repeat2_K5_C0002_M_K5_C0003"", ""K6_repeat3_K6_C0002_M_K6_C0003"", ""K7_repeat1_K7_C0002_M_K7_C0003""]"
TCGA-BP-5000,TCGA-G6-A5PC,3,7,1,0.14285714285714285,"[""K5_repeat2_K5_C0002_M_K5_C0003""]"
TCGA-BP-5000,TCGA-G6-A8L7,3,5,0,0.0,[]
TCGA-BP-5001,TCGA-BP-5004,12,12,12,1.0,"[""K2_repeat1_K2_C0002"", ""K2_repeat2_K2_C0002"", ""K2_repeat3_K2_C0002"", ""K3_repeat1_K3_C0003"", ""K3_repeat2_K3_C0003"", ""K3_repeat3_K3_C0003"", ""K4_repeat1_K4_C0001_M_K4_C0004"", ""K4_repeat2_K4_C0001"", ""K5_repeat2_K5_C0001_M_K5_C0005"", ""K5_repeat3_K5_C0001_M_K5_C0005"", ""K6_repeat3_K6_C0001_M_K6_C0004"", ""K8_repeat1_K8_C0004""]"
TCGA-BP-5001,TCGA-BP-5006,12,12,12,1.0,"[""K2_repeat1_K2_C0002"", ""K2_repeat2_K2_C0002"", ""K2_repeat3_K2_C0002"", ""K3_repeat1_K3_C0003"", ""K3_repeat2_K3_C0003"", ""K3_repeat3_K3_C0003"", ""K4_repeat1_K4_C0001_M_K4_C0004"", ""K4_repeat2_K4_C0001"", ""K5_repeat2_K5_C0001_M_K5_C0005"", ""K5_repeat3_K5_C0001_M_K5_C0005"", ""K6_repeat3_K6_C0001_M_K6_C0004"", ""K8_repeat1_K8_C0004""]"
TCGA-BP-5001,TCGA-BP-5007,12,12,12,1.0,"[""K2_repeat1_K2_C0002"", ""K2_repeat2_K2_C0002"", ""K2_repeat3_K2_C0002"", ""K3_repeat1_K3_C0003"", ""K3_repeat2_K3_C0003"", ""K3_repeat3_K3_C0003"", ""K4_repeat1_K4_C0001_M_K4_C0004"", ""K4_repeat2_K4_C0001"", ""K5_repeat2_K5_C0001_M_K5_C0005"", ""K5_repeat3_K5_C0001_M_K5_C0005"", ""K6_repeat3_K6_C0001_M_K6_C0004"", ""K8_repeat1_K8_C0004""]"
TCGA-BP-5001,TCGA-BP-5009,12,12,11,0.9166666666666666,"[""K2_repeat1_K2_C0002"", ""K2_repeat2_K2_C0002"", ""K2_repeat3_K2_C0002"", ""K3_repeat1_K3_C0003"", ""K3_repeat2_K3_C0003"", ""K3_repeat3_K3_C0003"", ""K4_repeat1_K4_C0001_M_K4_C0004"", ""K4_repeat2_K4_C0001"", ""K5_repeat2_K5_C0001_M_K5_C0005"", ""K5_repeat3_K5_C0001_M_K5_C0005"", ""K6_repeat3_K6_C0001_M_K6_C0004""]"
TCGA-BP-5001,TCGA-BP-5010,12,4,0,0.0,[]
TCGA-BP-5001,TCGA-BP-5174,12,8,4,0.3333333333333333,"[""K2_repeat1_K2_C0002"", ""K2_repeat2_K2_C0002"", ""K2_repeat3_K2_C0002"", ""K4_repeat1_K4_C0001_M_K4_C0004""]"
TCGA-BP-5001,TCGA-BP-5175,12,7,0,0.0,[]
TCGA-BP-5001,TCGA-BP-5180,12,13,11,0.8461538461538461,"[""K2_repeat1_K2_C0002"", ""K2_repeat2_K2_C0002"", ""K2_repeat3_K2_C0002"", ""K3_repeat1_K3_C0003"", ""K3_repeat2_K3_C0003"", ""K3_repeat3_K3_C0003"", ""K4_repeat1_K4_C0001_M_K4_C0004"", ""K4_repeat2_K4_C0001"", ""K5_repeat2_K5_C0001_M_K5_C0005"", ""K5_repeat3_K5_C0001_M_K5_C0005"", ""K6_repeat3_K6_C0001_M_K6_C0004""]"
TCGA-BP-5001,TCGA-BP-5181,12,13,11,0.8461538461538461,"[""K2_repeat1_K2_C0002"", ""K2_repeat2_K2_C0002"", ""K2_repeat3_K2_C0002"", ""K3_repeat1_K3_C0003"", ""K3_repeat2_K3_C0003"", ""K3_repeat3_K3_C0003"", ""K4_repeat1_K4_C0001_M_K4_C0004"", ""K4_repeat2_K4_C0001"", ""K5_repeat2_K5_C0001_M_K5_C0005"", ""K5_repeat3_K5_C0001_M_K5_C0005"", ""K6_repeat3_K6_C0001_M_K6_C0004""]"
TCGA-BP-5001,TCGA-BP-5183,12,13,11,0.8461538461538461,"[""K2_repeat1_K2_C0002"", ""K2_repeat2_K2_C0002"", ""K2_repeat3_K2_C0002"", ""K3_repeat1_K3_C0003"", ""K3_repeat2_K3_C0003"", ""K3_repeat3_K3_C0003"", ""K4_repeat1_K4_C0001_M_K4_C0004"", ""K4_repeat2_K4_C0001"", ""K5_repeat2_K5_C0001_M_K5_C0005"", ""K5_repeat3_K5_C0001_M_K5_C0005"", ""K6_repeat3_K6_C0001_M_K6_C0004""]"
TCGA-BP-5001,TCGA-BP-5184,12,13,11,0.8461538461538461,"[""K2_repeat1_K2_C0002"", ""K2_repeat2_K2_C0002"", ""K2_repeat3_K2_C0002"", ""K3_repeat1_K3_C0003"", ""K3_repeat2_K3_C0003"", ""K3_repeat3_K3_C0003"", ""K4_repeat1_K4_C0001_M_K4_C0004"", ""K4_repeat2_K4_C0001"", ""K5_repeat2_K5_C0001_M_K5_C0005"", ""K5_repeat3_K5_C0001_M_K5_C0005"", ""K6_repeat3_K6_C0001_M_K6_C0004""]"
TCGA-BP-5001,TCGA-BP-5186,12,13,11,0.8461538461538461,"[""K2_repeat1_K2_C0002"", ""K2_repeat2_K2_C0002"", ""K2_repeat3_K2_C0002"", ""K3_repeat1_K3_C0003"", ""K3_repeat2_K3_C0003"", ""K3_repeat3_K3_C0003"", ""K4_repeat1_K4_C0001_M_K4_C0004"", ""K4_repeat2_K4_C0001"", ""K5_repeat2_K5_C0001_M_K5_C0005"", ""K5_repeat3_K5_C0001_M_K5_C0005"", ""K6_repeat3_K6_C0001_M_K6_C0004""]"
TCGA-BP-5001,TCGA-BP-5187,12,13,11,0.8461538461538461,"[""K2_repeat1_K2_C0002"", ""K2_repeat2_K2_C0002"", ""K2_repeat3_K2_C0002"", ""K3_repeat1_K3_C0003"", ""K3_repeat2_K3_C0003"", ""K3_repeat3_K3_C0003"", ""K4_repeat1_K4_C0001_M_K4_C0004"", ""K4_repeat2_K4_C0001"", ""K5_repeat2_K5_C0001_M_K5_C0005"", ""K5_repeat3_K5_C0001_M_K5_C0005"", ""K6_repeat3_K6_C0001_M_K6_C0004""]"
TCGA-BP-5001,TCGA-BP-5189,12,11,9,0.75,"[""K2_repeat1_K2_C0002"", ""K2_repeat2_K2_C0002"", ""K2_repeat3_K2_C0002"", ""K3_repeat1_K3_C0003"", ""K3_repeat2_K3_C0003"", ""K3_repeat3_K3_C0003"", ""K4_repeat1_K4_C0001_M_K4_C0004"", ""K4_repeat2_K4_C0001"", ""K6_repeat3_K6_C0001_M_K6_C0004""]"
TCGA-BP-5001,TCGA-BP-5190,12,3,0,0.0,[]
TCGA-BP-5001,TCGA-BP-5191,12,3,0,0.0,[]
TCGA-BP-5001,TCGA-BP-5192,12,10,8,0.6666666666666666,"[""K2_repeat1_K2_C0002"", ""K2_repeat2_K2_C0002"", ""K2_repeat3_K2_C0002"", ""K3_repeat1_K3_C0003"", ""K3_repeat2_K3_C0003"", ""K3_repeat3_K3_C0003"", ""K4_repeat1_K4_C0001_M_K4_C0004"", ""K8_repeat1_K8_C0004""]"
TCGA-BP-5001,TCGA-BP-5194,12,11,11,0.9166666666666666,"[""K2_repeat1_K2_C0002"", ""K2_repeat2_K2_C0002"", ""K2_repeat3_K2_C0002"", ""K3_repeat1_K3_C0003"", ""K3_repeat2_K3_C0003"", ""K3_repeat3_K3_C0003"", ""K4_repeat1_K4_C0001_M_K4_C0004"", ""K4_repeat2_K4_C0001"", ""K5_repeat2_K5_C0001_M_K5_C0005"", ""K5_repeat3_K5_C0001_M_K5_C0005"", ""K6_repeat3_K6_C0001_M_K6_C0004""]"
TCGA-BP-5001,TCGA-BP-5195,12,12,11,0.9166666666666666,"[""K2_repeat1_K2_C0002"", ""K2_repeat2_K2_C0002"", ""K2_repeat3_K2_C0002"", ""K3_repeat1_K3_C0003"", ""K3_repeat2_K3_C0003"", ""K3_repeat3_K3_C0003"", ""K4_repeat1_K4_C0001_M_K4_C0004"", ""K4_repeat2_K4_C0001"", ""K5_repeat2_K5_C0001_M_K5_C0005"", ""K5_repeat3_K5_C0001_M_K5_C0005"", ""K6_repeat3_K6_C0001_M_K6_C0004""]"
TCGA-BP-5001,TCGA-BP-5196,12,8,4,0.3333333333333333,"[""K2_repeat1_K2_C0002"", ""K2_repeat2_K2_C0002"", ""K2_repeat3_K2_C0002"", ""K4_repeat1_K4_C0001_M_K4_C0004""]"
TCGA-BP-5001,TCGA-BP-5199,12,12,11,0.9166666666666666,"[""K2_repeat1_K2_C0002"", ""K2_repeat2_K2_C0002"", ""K2_repeat3_K2_C0002"", ""K3_repeat1_K3_C0003"", ""K3_repeat2_K3_C0003"", ""K3_repeat3_K3_C0003"", ""K4_repeat1_K4_C0001_M_K4_C0004"", ""K5_repeat2_K5_C0001_M_K5_C0005"", ""K5_repeat3_K5_C0001_M_K5_C0005"", ""K6_repeat3_K6_C0001_M_K6_C0004"", ""K8_repeat1_K8_C0004""]"
TCGA-BP-5001,TCGA-BP-5200,12,11,11,0.9166666666666666,"[""K2_repeat1_K2_C0002"", ""K2_repeat2_K2_C0002"", ""K2_repeat3_K2_C0002"", ""K3_repeat1_K3_C0003"", ""K3_repeat2_K3_C0003"", ""K3_repeat3_K3_C0003"", ""K4_repeat1_K4_C0001_M_K4_C0004"", ""K4_repeat2_K4_C0001"", ""K5_repeat2_K5_C0001_M_K5_C0005"", ""K5_repeat3_K5_C0001_M_K5_C0005"", ""K6_repeat3_K6_C0001_M_K6_C0004""]"
TCGA-BP-5001,TCGA-CJ-4637,12,7,0,0.0,[]
TCGA-BP-5001,TCGA-CJ-4641,12,7,0,0.0,[]
TCGA-BP-5001,TCGA-CJ-4900,12,6,0,0.0,[]
TCGA-BP-5001,TCGA-CJ-4902,12,4,0,0.0,[]
TCGA-BP-5001,TCGA-CJ-4903,12,8,8,0.6666666666666666,"[""K2_repeat1_K2_C0002"", ""K2_repeat2_K2_C0002"", ""K2_repeat3_K2_C0002"", ""K4_repeat1_K4_C0001_M_K4_C0004"", ""K4_repeat2_K4_C0001"", ""K5_repeat2_K5_C0001_M_K5_C0005"", ""K5_repeat3_K5_C0001_M_K5_C0005"", ""K6_repeat3_K6_C0001_M_K6_C0004""]"
TCGA-BP-5001,TCGA-CJ-4904,12,9,8,0.6666666666666666,"[""K2_repeat1_K2_C0002"", ""K2_repeat2_K2_C0002"", ""K2_repeat3_K2_C0002"", ""K4_repeat1_K4_C0001_M_K4_C0004"", ""K4_repeat2_K4_C0001"", ""K5_repeat2_K5_C0001_M_K5_C0005"", ""K5_repeat3_K5_C0001_M_K5_C0005"", ""K6_repeat3_K6_C0001_M_K6_C0004""]"
TCGA-BP-5001,TCGA-CJ-4923,12,7,0,0.0,[]
TCGA-BP-5001,TCGA-CJ-6027,12,7,0,0.0,[]
TCGA-BP-5001,TCGA-CJ-6028,12,7,0,0.0,[]
TCGA-BP-5001,TCGA-CJ-6030,12,7,0,0.0,[]
TCGA-BP-5001,TCGA-CJ-6033,12,5,5,0.4166666666666667,"[""K4_repeat1_K4_C0001_M_K4_C0004"", ""K4_repeat2_K4_C0001"", ""K5_repeat2_K5_C0001_M_K5_C0005"", ""K5_repeat3_K5_C0001_M_K5_C0005"", ""K6_repeat3_K6_C0001_M_K6_C0004""]"
TCGA-BP-5001,TCGA-CZ-4859,12,12,12,1.0,"[""K2_repeat1_K2_C0002"", ""K2_repeat2_K2_C0002"", ""K2_repeat3_K2_C0002"", ""K3_repeat1_K3_C0003"", ""K3_repeat2_K3_C0003"", ""K3_repeat3_K3_C0003"", ""K4_repeat1_K4_C0001_M_K4_C0004"", ""K4_repeat2_K4_C0001"", ""K5_repeat2_K5_C0001_M_K5_C0005"", ""K5_repeat3_K5_C0001_M_K5_C0005"", ""K6_repeat3_K6_C0001_M_K6_C0004"", ""K8_repeat1_K8_C0004""]"
TCGA-BP-5001,TCGA-CZ-4863,12,3,0,0.0,[]
TCGA-BP-5001,TCGA-CZ-4865,12,3,0,0.0,[]
TCGA-BP-5001,TCGA-CZ-5451,12,9,7,0.5833333333333334,"[""K2_repeat1_K2_C0002"", ""K2_repeat2_K2_C0002"", ""K2_repeat3_K2_C0002"", ""K4_repeat1_K4_C0001_M_K4_C0004"", ""K4_repeat2_K4_C0001"", ""K5_repeat2_K5_C0001_M_K5_C0005"", ""K5_repeat3_K5_C0001_M_K5_C0005""]"
TCGA-BP-5001,TCGA-CZ-5462,12,5,0,0.0,[]
TCGA-BP-5001,TCGA-CZ-5468,12,3,0,0.0,[]
TCGA-BP-5001,TCGA-CZ-5984,12,8,4,0.3333333333333333,"[""K2_repeat1_K2_C0002"", ""K2_repeat2_K2_C0002"", ""K2_repeat3_K2_C0002"", ""K4_repeat1_K4_C0001_M_K4_C0004""]"
TCGA-BP-5001,TCGA-CZ-5985,12,7,0,0.0,[]
TCGA-BP-5001,TCGA-CZ-5988,12,3,0,0.0,[]
TCGA-BP-5001,TCGA-G6-A5PC,12,7,0,0.0,[]
TCGA-BP-5001,TCGA-G6-A8L7,12,5,5,0.4166666666666667,"[""K4_repeat1_K4_C0001_M_K4_C0004"", ""K4_repeat2_K4_C0001"", ""K5_repeat2_K5_C0001_M_K5_C0005"", ""K5_repeat3_K5_C0001_M_K5_C0005"", ""K6_repeat3_K6_C0001_M_K6_C0004""]"
TCGA-BP-5004,TCGA-BP-5006,12,12,12,1.0,"[""K2_repeat1_K2_C0002"", ""K2_repeat2_K2_C0002"", ""K2_repeat3_K2_C0002"", ""K3_repeat1_K3_C0003"", ""K3_repeat2_K3_C0003"", ""K3_repeat3_K3_C0003"", ""K4_repeat1_K4_C0001_M_K4_C0004"", ""K4_repeat2_K4_C0001"", ""K5_repeat2_K5_C0001_M_K5_C0005"", ""K5_repeat3_K5_C0001_M_K5_C0005"", ""K6_repeat3_K6_C0001_M_K6_C0004"", ""K8_repeat1_K8_C0004""]"
TCGA-BP-5004,TCGA-BP-5007,12,12,12,1.0,"[""K2_repeat1_K2_C0002"", ""K2_repeat2_K2_C0002"", ""K2_repeat3_K2_C0002"", ""K3_repeat1_K3_C0003"", ""K3_repeat2_K3_C0003"", ""K3_repeat3_K3_C0003"", ""K4_repeat1_K4_C0001_M_K4_C0004"", ""K4_repeat2_K4_C0001"", ""K5_repeat2_K5_C0001_M_K5_C0005"", ""K5_repeat3_K5_C0001_M_K5_C0005"", ""K6_repeat3_K6_C0001_M_K6_C0004"", ""K8_repeat1_K8_C0004""]"
TCGA-BP-5004,TCGA-BP-5009,12,12,11,0.9166666666666666,"[""K2_repeat1_K2_C0002"", ""K2_repeat2_K2_C0002"", ""K2_repeat3_K2_C0002"", ""K3_repeat1_K3_C0003"", ""K3_repeat2_K3_C0003"", ""K3_repeat3_K3_C0003"", ""K4_repeat1_K4_C0001_M_K4_C0004"", ""K4_repeat2_K4_C0001"", ""K5_repeat2_K5_C0001_M_K5_C0005"", ""K5_repeat3_K5_C0001_M_K5_C0005"", ""K6_repeat3_K6_C0001_M_K6_C0004""]"
TCGA-BP-5004,TCGA-BP-5010,12,4,0,0.0,[]
TCGA-BP-5004,TCGA-BP-5174,12,8,4,0.3333333333333333,"[""K2_repeat1_K2_C0002"", ""K2_repeat2_K2_C0002"", ""K2_repeat3_K2_C0002"", ""K4_repeat1_K4_C0001_M_K4_C0004""]"
TCGA-BP-5004,TCGA-BP-5175,12,7,0,0.0,[]
TCGA-BP-5004,TCGA-BP-5180,12,13,11,0.8461538461538461,"[""K2_repeat1_K2_C0002"", ""K2_repeat2_K2_C0002"", ""K2_repeat3_K2_C0002"", ""K3_repeat1_K3_C0003"", ""K3_repeat2_K3_C0003"", ""K3_repeat3_K3_C0003"", ""K4_repeat1_K4_C0001_M_K4_C0004"", ""K4_repeat2_K4_C0001"", ""K5_repeat2_K5_C0001_M_K5_C0005"", ""K5_repeat3_K5_C0001_M_K5_C0005"", ""K6_repeat3_K6_C0001_M_K6_C0004""]"
TCGA-BP-5004,TCGA-BP-5181,12,13,11,0.8461538461538461,"[""K2_repeat1_K2_C0002"", ""K2_repeat2_K2_C0002"", ""K2_repeat3_K2_C0002"", ""K3_repeat1_K3_C0003"", ""K3_repeat2_K3_C0003"", ""K3_repeat3_K3_C0003"", ""K4_repeat1_K4_C0001_M_K4_C0004"", ""K4_repeat2_K4_C0001"", ""K5_repeat2_K5_C0001_M_K5_C0005"", ""K5_repeat3_K5_C0001_M_K5_C0005"", ""K6_repeat3_K6_C0001_M_K6_C0004""]"
TCGA-BP-5004,TCGA-BP-5183,12,13,11,0.8461538461538461,"[""K2_repeat1_K2_C0002"", ""K2_repeat2_K2_C0002"", ""K2_repeat3_K2_C0002"", ""K3_repeat1_K3_C0003"", ""K3_repeat2_K3_C0003"", ""K3_repeat3_K3_C0003"", ""K4_repeat1_K4_C0001_M_K4_C0004"", ""K4_repeat2_K4_C0001"", ""K5_repeat2_K5_C0001_M_K5_C0005"", ""K5_repeat3_K5_C0001_M_K5_C0005"", ""K6_repeat3_K6_C0001_M_K6_C0004""]"
TCGA-BP-5004,TCGA-BP-5184,12,13,11,0.8461538461538461,"[""K2_repeat1_K2_C0002"", ""K2_repeat2_K2_C0002"", ""K2_repeat3_K2_C0002"", ""K3_repeat1_K3_C0003"", ""K3_repeat2_K3_C0003"", ""K3_repeat3_K3_C0003"", ""K4_repeat1_K4_C0001_M_K4_C0004"", ""K4_repeat2_K4_C0001"", ""K5_repeat2_K5_C0001_M_K5_C0005"", ""K5_repeat3_K5_C0001_M_K5_C0005"", ""K6_repeat3_K6_C0001_M_K6_C0004""]"
TCGA-BP-5004,TCGA-BP-5186,12,13,11,0.8461538461538461,"[""K2_repeat1_K2_C0002"", ""K2_repeat2_K2_C0002"", ""K2_repeat3_K2_C0002"", ""K3_repeat1_K3_C0003"", ""K3_repeat2_K3_C0003"", ""K3_repeat3_K3_C0003"", ""K4_repeat1_K4_C0001_M_K4_C0004"", ""K4_repeat2_K4_C0001"", ""K5_repeat2_K5_C0001_M_K5_C0005"", ""K5_repeat3_K5_C0001_M_K5_C0005"", ""K6_repeat3_K6_C0001_M_K6_C0004""]"
TCGA-BP-5004,TCGA-BP-5187,12,13,11,0.8461538461538461,"[""K2_repeat1_K2_C0002"", ""K2_repeat2_K2_C0002"", ""K2_repeat3_K2_C0002"", ""K3_repeat1_K3_C0003"", ""K3_repeat2_K3_C0003"", ""K3_repeat3_K3_C0003"", ""K4_repeat1_K4_C0001_M_K4_C0004"", ""K4_repeat2_K4_C0001"", ""K5_repeat2_K5_C0001_M_K5_C0005"", ""K5_repeat3_K5_C0001_M_K5_C0005"", ""K6_repeat3_K6_C0001_M_K6_C0004""]"
TCGA-BP-5004,TCGA-BP-5189,12,11,9,0.75,"[""K2_repeat1_K2_C0002"", ""K2_repeat2_K2_C0002"", ""K2_repeat3_K2_C0002"", ""K3_repeat1_K3_C0003"", ""K3_repeat2_K3_C0003"", ""K3_repeat3_K3_C0003"", ""K4_repeat1_K4_C0001_M_K4_C0004"", ""K4_repeat2_K4_C0001"", ""K6_repeat3_K6_C0001_M_K6_C0004""]"
TCGA-BP-5004,TCGA-BP-5190,12,3,0,0.0,[]
TCGA-BP-5004,TCGA-BP-5191,12,3,0,0.0,[]
TCGA-BP-5004,TCGA-BP-5192,12,10,8,0.6666666666666666,"[""K2_repeat1_K2_C0002"", ""K2_repeat2_K2_C0002"", ""K2_repeat3_K2_C0002"", ""K3_repeat1_K3_C0003"", ""K3_repeat2_K3_C0003"", ""K3_repeat3_K3_C0003"", ""K4_repeat1_K4_C0001_M_K4_C0004"", ""K8_repeat1_K8_C0004""]"
TCGA-BP-5004,TCGA-BP-5194,12,11,11,0.9166666666666666,"[""K2_repeat1_K2_C0002"", ""K2_repeat2_K2_C0002"", ""K2_repeat3_K2_C0002"", ""K3_repeat1_K3_C0003"", ""K3_repeat2_K3_C0003"", ""K3_repeat3_K3_C0003"", ""K4_repeat1_K4_C0001_M_K4_C0004"", ""K4_repeat2_K4_C0001"", ""K5_repeat2_K5_C0001_M_K5_C0005"", ""K5_repeat3_K5_C0001_M_K5_C0005"", ""K6_repeat3_K6_C0001_M_K6_C0004""]"
TCGA-BP-5004,TCGA-BP-5195,12,12,11,0.9166666666666666,"[""K2_repeat1_K2_C0002"", ""K2_repeat2_K2_C0002"", ""K2_repeat3_K2_C0002"", ""K3_repeat1_K3_C0003"", ""K3_repeat2_K3_C0003"", ""K3_repeat3_K3_C0003"", ""K4_repeat1_K4_C0001_M_K4_C0004"", ""K4_repeat2_K4_C0001"", ""K5_repeat2_K5_C0001_M_K5_C0005"", ""K5_repeat3_K5_C0001_M_K5_C0005"", ""K6_repeat3_K6_C0001_M_K6_C0004""]"
TCGA-BP-5004,TCGA-BP-5196,12,8,4,0.3333333333333333,"[""K2_repeat1_K2_C0002"", ""K2_repeat2_K2_C0002"", ""K2_repeat3_K2_C0002"", ""K4_repeat1_K4_C0001_M_K4_C0004""]"
TCGA-BP-5004,TCGA-BP-5199,12,12,11,0.9166666666666666,"[""K2_repeat1_K2_C0002"", ""K2_repeat2_K2_C0002"", ""K2_repeat3_K2_C0002"", ""K3_repeat1_K3_C0003"", ""K3_repeat2_K3_C0003"", ""K3_repeat3_K3_C0003"", ""K4_repeat1_K4_C0001_M_K4_C0004"", ""K5_repeat2_K5_C0001_M_K5_C0005"", ""K5_repeat3_K5_C0001_M_K5_C0005"", ""K6_repeat3_K6_C0001_M_K6_C0004"", ""K8_repeat1_K8_C0004""]"
TCGA-BP-5004,TCGA-BP-5200,12,11,11,0.9166666666666666,"[""K2_repeat1_K2_C0002"", ""K2_repeat2_K2_C0002"", ""K2_repeat3_K2_C0002"", ""K3_repeat1_K3_C0003"", ""K3_repeat2_K3_C0003"", ""K3_repeat3_K3_C0003"", ""K4_repeat1_K4_C0001_M_K4_C0004"", ""K4_repeat2_K4_C0001"", ""K5_repeat2_K5_C0001_M_K5_C0005"", ""K5_repeat3_K5_C0001_M_K5_C0005"", ""K6_repeat3_K6_C0001_M_K6_C0004""]"
TCGA-BP-5004,TCGA-CJ-4637,12,7,0,0.0,[]
TCGA-BP-5004,TCGA-CJ-4641,12,7,0,0.0,[]
TCGA-BP-5004,TCGA-CJ-4900,12,6,0,0.0,[]
TCGA-BP-5004,TCGA-CJ-4902,12,4,0,0.0,[]
TCGA-BP-5004,TCGA-CJ-4903,12,8,8,0.6666666666666666,"[""K2_repeat1_K2_C0002"", ""K2_repeat2_K2_C0002"", ""K2_repeat3_K2_C0002"", ""K4_repeat1_K4_C0001_M_K4_C0004"", ""K4_repeat2_K4_C0001"", ""K5_repeat2_K5_C0001_M_K5_C0005"", ""K5_repeat3_K5_C0001_M_K5_C0005"", ""K6_repeat3_K6_C0001_M_K6_C0004""]"
TCGA-BP-5004,TCGA-CJ-4904,12,9,8,0.6666666666666666,"[""K2_repeat1_K2_C0002"", ""K2_repeat2_K2_C0002"", ""K2_repeat3_K2_C0002"", ""K4_repeat1_K4_C0001_M_K4_C0004"", ""K4_repeat2_K4_C0001"", ""K5_repeat2_K5_C0001_M_K5_C0005"", ""K5_repeat3_K5_C0001_M_K5_C0005"", ""K6_repeat3_K6_C0001_M_K6_C0004""]"
TCGA-BP-5004,TCGA-CJ-4923,12,7,0,0.0,[]
TCGA-BP-5004,TCGA-CJ-6027,12,7,0,0.0,[]
TCGA-BP-5004,TCGA-CJ-6028,12,7,0,0.0,[]
TCGA-BP-5004,TCGA-CJ-6030,12,7,0,0.0,[]
TCGA-BP-5004,TCGA-CJ-6033,12,5,5,0.4166666666666667,"[""K4_repeat1_K4_C0001_M_K4_C0004"", ""K4_repeat2_K4_C0001"", ""K5_repeat2_K5_C0001_M_K5_C0005"", ""K5_repeat3_K5_C0001_M_K5_C0005"", ""K6_repeat3_K6_C0001_M_K6_C0004""]"
TCGA-BP-5004,TCGA-CZ-4859,12,12,12,1.0,"[""K2_repeat1_K2_C0002"", ""K2_repeat2_K2_C0002"", ""K2_repeat3_K2_C0002"", ""K3_repeat1_K3_C0003"", ""K3_repeat2_K3_C0003"", ""K3_repeat3_K3_C0003"", ""K4_repeat1_K4_C0001_M_K4_C0004"", ""K4_repeat2_K4_C0001"", ""K5_repeat2_K5_C0001_M_K5_C0005"", ""K5_repeat3_K5_C0001_M_K5_C0005"", ""K6_repeat3_K6_C0001_M_K6_C0004"", ""K8_repeat1_K8_C0004""]"
TCGA-BP-5004,TCGA-CZ-4863,12,3,0,0.0,[]
TCGA-BP-5004,TCGA-CZ-4865,12,3,0,0.0,[]
TCGA-BP-5004,TCGA-CZ-5451,12,9,7,0.5833333333333334,"[""K2_repeat1_K2_C0002"", ""K2_repeat2_K2_C0002"", ""K2_repeat3_K2_C0002"", ""K4_repeat1_K4_C0001_M_K4_C0004"", ""K4_repeat2_K4_C0001"", ""K5_repeat2_K5_C0001_M_K5_C0005"", ""K5_repeat3_K5_C0001_M_K5_C0005""]"
TCGA-BP-5004,TCGA-CZ-5462,12,5,0,0.0,[]
TCGA-BP-5004,TCGA-CZ-5468,12,3,0,0.0,[]
TCGA-BP-5004,TCGA-CZ-5984,12,8,4,0.3333333333333333,"[""K2_repeat1_K2_C0002"", ""K2_repeat2_K2_C0002"", ""K2_repeat3_K2_C0002"", ""K4_repeat1_K4_C0001_M_K4_C0004""]"
TCGA-BP-5004,TCGA-CZ-5985,12,7,0,0.0,[]
TCGA-BP-5004,TCGA-CZ-5988,12,3,0,0.0,[]
TCGA-BP-5004,TCGA-G6-A5PC,12,7,0,0.0,[]
TCGA-BP-5004,TCGA-G6-A8L7,12,5,5,0.4166666666666667,"[""K4_repeat1_K4_C0001_M_K4_C0004"", ""K4_repeat2_K4_C0001"", ""K5_repeat2_K5_C0001_M_K5_C0005"", ""K5_repeat3_K5_C0001_M_K5_C0005"", ""K6_repeat3_K6_C0001_M_K6_C0004""]"
TCGA-BP-5006,TCGA-BP-5007,12,12,12,1.0,"[""K2_repeat1_K2_C0002"", ""K2_repeat2_K2_C0002"", ""K2_repeat3_K2_C0002"", ""K3_repeat1_K3_C0003"", ""K3_repeat2_K3_C0003"", ""K3_repeat3_K3_C0003"", ""K4_repeat1_K4_C0001_M_K4_C0004"", ""K4_repeat2_K4_C0001"", ""K5_repeat2_K5_C0001_M_K5_C0005"", ""K5_repeat3_K5_C0001_M_K5_C0005"", ""K6_repeat3_K6_C0001_M_K6_C0004"", ""K8_repeat1_K8_C0004""]"
TCGA-BP-5006,TCGA-BP-5009,12,12,11,0.9166666666666666,"[""K2_repeat1_K2_C0002"", ""K2_repeat2_K2_C0002"", ""K2_repeat3_K2_C0002"", ""K3_repeat1_K3_C0003"", ""K3_repeat2_K3_C0003"", ""K3_repeat3_K3_C0003"", ""K4_repeat1_K4_C0001_M_K4_C0004"", ""K4_repeat2_K4_C0001"", ""K5_repeat2_K5_C0001_M_K5_C0005"", ""K5_repeat3_K5_C0001_M_K5_C0005"", ""K6_repeat3_K6_C0001_M_K6_C0004""]"
TCGA-BP-5006,TCGA-BP-5010,12,4,0,0.0,[]
TCGA-BP-5006,TCGA-BP-5174,12,8,4,0.3333333333333333,"[""K2_repeat1_K2_C0002"", ""K2_repeat2_K2_C0002"", ""K2_repeat3_K2_C0002"", ""K4_repeat1_K4_C0001_M_K4_C0004""]"
TCGA-BP-5006,TCGA-BP-5175,12,7,0,0.0,[]
TCGA-BP-5006,TCGA-BP-5180,12,13,11,0.8461538461538461,"[""K2_repeat1_K2_C0002"", ""K2_repeat2_K2_C0002"", ""K2_repeat3_K2_C0002"", ""K3_repeat1_K3_C0003"", ""K3_repeat2_K3_C0003"", ""K3_repeat3_K3_C0003"", ""K4_repeat1_K4_C0001_M_K4_C0004"", ""K4_repeat2_K4_C0001"", ""K5_repeat2_K5_C0001_M_K5_C0005"", ""K5_repeat3_K5_C0001_M_K5_C0005"", ""K6_repeat3_K6_C0001_M_K6_C0004""]"
TCGA-BP-5006,TCGA-BP-5181,12,13,11,0.8461538461538461,"[""K2_repeat1_K2_C0002"", ""K2_repeat2_K2_C0002"", ""K2_repeat3_K2_C0002"", ""K3_repeat1_K3_C0003"", ""K3_repeat2_K3_C0003"", ""K3_repeat3_K3_C0003"", ""K4_repeat1_K4_C0001_M_K4_C0004"", ""K4_repeat2_K4_C0001"", ""K5_repeat2_K5_C0001_M_K5_C0005"", ""K5_repeat3_K5_C0001_M_K5_C0005"", ""K6_repeat3_K6_C0001_M_K6_C0004""]"
TCGA-BP-5006,TCGA-BP-5183,12,13,11,0.8461538461538461,"[""K2_repeat1_K2_C0002"", ""K2_repeat2_K2_C0002"", ""K2_repeat3_K2_C0002"", ""K3_repeat1_K3_C0003"", ""K3_repeat2_K3_C0003"", ""K3_repeat3_K3_C0003"", ""K4_repeat1_K4_C0001_M_K4_C0004"", ""K4_repeat2_K4_C0001"", ""K5_repeat2_K5_C0001_M_K5_C0005"", ""K5_repeat3_K5_C0001_M_K5_C0005"", ""K6_repeat3_K6_C0001_M_K6_C0004""]"
TCGA-BP-5006,TCGA-BP-5184,12,13,11,0.8461538461538461,"[""K2_repeat1_K2_C0002"", ""K2_repeat2_K2_C0002"", ""K2_repeat3_K2_C0002"", ""K3_repeat1_K3_C0003"", ""K3_repeat2_K3_C0003"", ""K3_repeat3_K3_C0003"", ""K4_repeat1_K4_C0001_M_K4_C0004"", ""K4_repeat2_K4_C0001"", ""K5_repeat2_K5_C0001_M_K5_C0005"", ""K5_repeat3_K5_C0001_M_K5_C0005"", ""K6_repeat3_K6_C0001_M_K6_C0004""]"
TCGA-BP-5006,TCGA-BP-5186,12,13,11,0.8461538461538461,"[""K2_repeat1_K2_C0002"", ""K2_repeat2_K2_C0002"", ""K2_repeat3_K2_C0002"", ""K3_repeat1_K3_C0003"", ""K3_repeat2_K3_C0003"", ""K3_repeat3_K3_C0003"", ""K4_repeat1_K4_C0001_M_K4_C0004"", ""K4_repeat2_K4_C0001"", ""K5_repeat2_K5_C0001_M_K5_C0005"", ""K5_repeat3_K5_C0001_M_K5_C0005"", ""K6_repeat3_K6_C0001_M_K6_C0004""]"
TCGA-BP-5006,TCGA-BP-5187,12,13,11,0.8461538461538461,"[""K2_repeat1_K2_C0002"", ""K2_repeat2_K2_C0002"", ""K2_repeat3_K2_C0002"", ""K3_repeat1_K3_C0003"", ""K3_repeat2_K3_C0003"", ""K3_repeat3_K3_C0003"", ""K4_repeat1_K4_C0001_M_K4_C0004"", ""K4_repeat2_K4_C0001"", ""K5_repeat2_K5_C0001_M_K5_C0005"", ""K5_repeat3_K5_C0001_M_K5_C0005"", ""K6_repeat3_K6_C0001_M_K6_C0004""]"
TCGA-BP-5006,TCGA-BP-5189,12,11,9,0.75,"[""K2_repeat1_K2_C0002"", ""K2_repeat2_K2_C0002"", ""K2_repeat3_K2_C0002"", ""K3_repeat1_K3_C0003"", ""K3_repeat2_K3_C0003"", ""K3_repeat3_K3_C0003"", ""K4_repeat1_K4_C0001_M_K4_C0004"", ""K4_repeat2_K4_C0001"", ""K6_repeat3_K6_C0001_M_K6_C0004""]"
TCGA-BP-5006,TCGA-BP-5190,12,3,0,0.0,[]
TCGA-BP-5006,TCGA-BP-5191,12,3,0,0.0,[]
TCGA-BP-5006,TCGA-BP-5192,12,10,8,0.6666666666666666,"[""K2_repeat1_K2_C0002"", ""K2_repeat2_K2_C0002"", ""K2_repeat3_K2_C0002"", ""K3_repeat1_K3_C0003"", ""K3_repeat2_K3_C0003"", ""K3_repeat3_K3_C0003"", ""K4_repeat1_K4_C0001_M_K4_C0004"", ""K8_repeat1_K8_C0004""]"
TCGA-BP-5006,TCGA-BP-5194,12,11,11,0.9166666666666666,"[""K2_repeat1_K2_C0002"", ""K2_repeat2_K2_C0002"", ""K2_repeat3_K2_C0002"", ""K3_repeat1_K3_C0003"", ""K3_repeat2_K3_C0003"", ""K3_repeat3_K3_C0003"", ""K4_repeat1_K4_C0001_M_K4_C0004"", ""K4_repeat2_K4_C0001"", ""K5_repeat2_K5_C0001_M_K5_C0005"", ""K5_repeat3_K5_C0001_M_K5_C0005"", ""K6_repeat3_K6_C0001_M_K6_C0004""]"
TCGA-BP-5006,TCGA-BP-5195,12,12,11,0.9166666666666666,"[""K2_repeat1_K2_C0002"", ""K2_repeat2_K2_C0002"", ""K2_repeat3_K2_C0002"", ""K3_repeat1_K3_C0003"", ""K3_repeat2_K3_C0003"", ""K3_repeat3_K3_C0003"", ""K4_repeat1_K4_C0001_M_K4_C0004"", ""K4_repeat2_K4_C0001"", ""K5_repeat2_K5_C0001_M_K5_C0005"", ""K5_repeat3_K5_C0001_M_K5_C0005"", ""K6_repeat3_K6_C0001_M_K6_C0004""]"
TCGA-BP-5006,TCGA-BP-5196,12,8,4,0.3333333333333333,"[""K2_repeat1_K2_C0002"", ""K2_repeat2_K2_C0002"", ""K2_repeat3_K2_C0002"", ""K4_repeat1_K4_C0001_M_K4_C0004""]"
TCGA-BP-5006,TCGA-BP-5199,12,12,11,0.9166666666666666,"[""K2_repeat1_K2_C0002"", ""K2_repeat2_K2_C0002"", ""K2_repeat3_K2_C0002"", ""K3_repeat1_K3_C0003"", ""K3_repeat2_K3_C0003"", ""K3_repeat3_K3_C0003"", ""K4_repeat1_K4_C0001_M_K4_C0004"", ""K5_repeat2_K5_C0001_M_K5_C0005"", ""K5_repeat3_K5_C0001_M_K5_C0005"", ""K6_repeat3_K6_C0001_M_K6_C0004"", ""K8_repeat1_K8_C0004""]"
TCGA-BP-5006,TCGA-BP-5200,12,11,11,0.9166666666666666,"[""K2_repeat1_K2_C0002"", ""K2_repeat2_K2_C0002"", ""K2_repeat3_K2_C0002"", ""K3_repeat1_K3_C0003"", ""K3_repeat2_K3_C0003"", ""K3_repeat3_K3_C0003"", ""K4_repeat1_K4_C0001_M_K4_C0004"", ""K4_repeat2_K4_C0001"", ""K5_repeat2_K5_C0001_M_K5_C0005"", ""K5_repeat3_K5_C0001_M_K5_C0005"", ""K6_repeat3_K6_C0001_M_K6_C0004""]"
TCGA-BP-5006,TCGA-CJ-4637,12,7,0,0.0,[]
TCGA-BP-5006,TCGA-CJ-4641,12,7,0,0.0,[]
TCGA-BP-5006,TCGA-CJ-4900,12,6,0,0.0,[]
TCGA-BP-5006,TCGA-CJ-4902,12,4,0,0.0,[]
TCGA-BP-5006,TCGA-CJ-4903,12,8,8,0.6666666666666666,"[""K2_repeat1_K2_C0002"", ""K2_repeat2_K2_C0002"", ""K2_repeat3_K2_C0002"", ""K4_repeat1_K4_C0001_M_K4_C0004"", ""K4_repeat2_K4_C0001"", ""K5_repeat2_K5_C0001_M_K5_C0005"", ""K5_repeat3_K5_C0001_M_K5_C0005"", ""K6_repeat3_K6_C0001_M_K6_C0004""]"
TCGA-BP-5006,TCGA-CJ-4904,12,9,8,0.6666666666666666,"[""K2_repeat1_K2_C0002"", ""K2_repeat2_K2_C0002"", ""K2_repeat3_K2_C0002"", ""K4_repeat1_K4_C0001_M_K4_C0004"", ""K4_repeat2_K4_C0001"", ""K5_repeat2_K5_C0001_M_K5_C0005"", ""K5_repeat3_K5_C0001_M_K5_C0005"", ""K6_repeat3_K6_C0001_M_K6_C0004""]"
TCGA-BP-5006,TCGA-CJ-4923,12,7,0,0.0,[]
TCGA-BP-5006,TCGA-CJ-6027,12,7,0,0.0,[]
TCGA-BP-5006,TCGA-CJ-6028,12,7,0,0.0,[]
TCGA-BP-5006,TCGA-CJ-6030,12,7,0,0.0,[]
TCGA-BP-5006,TCGA-CJ-6033,12,5,5,0.4166666666666667,"[""K4_repeat1_K4_C0001_M_K4_C0004"", ""K4_repeat2_K4_C0001"", ""K5_repeat2_K5_C0001_M_K5_C0005"", ""K5_repeat3_K5_C0001_M_K5_C0005"", ""K6_repeat3_K6_C0001_M_K6_C0004""]"
TCGA-BP-5006,TCGA-CZ-4859,12,12,12,1.0,"[""K2_repeat1_K2_C0002"", ""K2_repeat2_K2_C0002"", ""K2_repeat3_K2_C0002"", ""K3_repeat1_K3_C0003"", ""K3_repeat2_K3_C0003"", ""K3_repeat3_K3_C0003"", ""K4_repeat1_K4_C0001_M_K4_C0004"", ""K4_repeat2_K4_C0001"", ""K5_repeat2_K5_C0001_M_K5_C0005"", ""K5_repeat3_K5_C0001_M_K5_C0005"", ""K6_repeat3_K6_C0001_M_K6_C0004"", ""K8_repeat1_K8_C0004""]"
TCGA-BP-5006,TCGA-CZ-4863,12,3,0,0.0,[]
TCGA-BP-5006,TCGA-CZ-4865,12,3,0,0.0,[]
TCGA-BP-5006,TCGA-CZ-5451,12,9,7,0.5833333333333334,"[""K2_repeat1_K2_C0002"", ""K2_repeat2_K2_C0002"", ""K2_repeat3_K2_C0002"", ""K4_repeat1_K4_C0001_M_K4_C0004"", ""K4_repeat2_K4_C0001"", ""K5_repeat2_K5_C0001_M_K5_C0005"", ""K5_repeat3_K5_C0001_M_K5_C0005""]"
TCGA-BP-5006,TCGA-CZ-5462,12,5,0,0.0,[]
TCGA-BP-5006,TCGA-CZ-5468,12,3,0,0.0,[]
TCGA-BP-5006,TCGA-CZ-5984,12,8,4,0.3333333333333333,"[""K2_repeat1_K2_C0002"", ""K2_repeat2_K2_C0002"", ""K2_repeat3_K2_C0002"", ""K4_repeat1_K4_C0001_M_K4_C0004""]"
TCGA-BP-5006,TCGA-CZ-5985,12,7,0,0.0,[]
TCGA-BP-5006,TCGA-CZ-5988,12,3,0,0.0,[]
TCGA-BP-5006,TCGA-G6-A5PC,12,7,0,0.0,[]
TCGA-BP-5006,TCGA-G6-A8L7,12,5,5,0.4166666666666667,"[""K4_repeat1_K4_C0001_M_K4_C0004"", ""K4_repeat2_K4_C0001"", ""K5_repeat2_K5_C0001_M_K5_C0005"", ""K5_repeat3_K5_C0001_M_K5_C0005"", ""K6_repeat3_K6_C0001_M_K6_C0004""]"
TCGA-BP-5007,TCGA-BP-5009,12,12,11,0.9166666666666666,"[""K2_repeat1_K2_C0002"", ""K2_repeat2_K2_C0002"", ""K2_repeat3_K2_C0002"", ""K3_repeat1_K3_C0003"", ""K3_repeat2_K3_C0003"", ""K3_repeat3_K3_C0003"", ""K4_repeat1_K4_C0001_M_K4_C0004"", ""K4_repeat2_K4_C0001"", ""K5_repeat2_K5_C0001_M_K5_C0005"", ""K5_repeat3_K5_C0001_M_K5_C0005"", ""K6_repeat3_K6_C0001_M_K6_C0004""]"
TCGA-BP-5007,TCGA-BP-5010,12,4,0,0.0,[]
TCGA-BP-5007,TCGA-BP-5174,12,8,4,0.3333333333333333,"[""K2_repeat1_K2_C0002"", ""K2_repeat2_K2_C0002"", ""K2_repeat3_K2_C0002"", ""K4_repeat1_K4_C0001_M_K4_C0004""]"
TCGA-BP-5007,TCGA-BP-5175,12,7,0,0.0,[]
TCGA-BP-5007,TCGA-BP-5180,12,13,11,0.8461538461538461,"[""K2_repeat1_K2_C0002"", ""K2_repeat2_K2_C0002"", ""K2_repeat3_K2_C0002"", ""K3_repeat1_K3_C0003"", ""K3_repeat2_K3_C0003"", ""K3_repeat3_K3_C0003"", ""K4_repeat1_K4_C0001_M_K4_C0004"", ""K4_repeat2_K4_C0001"", ""K5_repeat2_K5_C0001_M_K5_C0005"", ""K5_repeat3_K5_C0001_M_K5_C0005"", ""K6_repeat3_K6_C0001_M_K6_C0004""]"
TCGA-BP-5007,TCGA-BP-5181,12,13,11,0.8461538461538461,"[""K2_repeat1_K2_C0002"", ""K2_repeat2_K2_C0002"", ""K2_repeat3_K2_C0002"", ""K3_repeat1_K3_C0003"", ""K3_repeat2_K3_C0003"", ""K3_repeat3_K3_C0003"", ""K4_repeat1_K4_C0001_M_K4_C0004"", ""K4_repeat2_K4_C0001"", ""K5_repeat2_K5_C0001_M_K5_C0005"", ""K5_repeat3_K5_C0001_M_K5_C0005"", ""K6_repeat3_K6_C0001_M_K6_C0004""]"
TCGA-BP-5007,TCGA-BP-5183,12,13,11,0.8461538461538461,"[""K2_repeat1_K2_C0002"", ""K2_repeat2_K2_C0002"", ""K2_repeat3_K2_C0002"", ""K3_repeat1_K3_C0003"", ""K3_repeat2_K3_C0003"", ""K3_repeat3_K3_C0003"", ""K4_repeat1_K4_C0001_M_K4_C0004"", ""K4_repeat2_K4_C0001"", ""K5_repeat2_K5_C0001_M_K5_C0005"", ""K5_repeat3_K5_C0001_M_K5_C0005"", ""K6_repeat3_K6_C0001_M_K6_C0004""]"
TCGA-BP-5007,TCGA-BP-5184,12,13,11,0.8461538461538461,"[""K2_repeat1_K2_C0002"", ""K2_repeat2_K2_C0002"", ""K2_repeat3_K2_C0002"", ""K3_repeat1_K3_C0003"", ""K3_repeat2_K3_C0003"", ""K3_repeat3_K3_C0003"", ""K4_repeat1_K4_C0001_M_K4_C0004"", ""K4_repeat2_K4_C0001"", ""K5_repeat2_K5_C0001_M_K5_C0005"", ""K5_repeat3_K5_C0001_M_K5_C0005"", ""K6_repeat3_K6_C0001_M_K6_C0004""]"
TCGA-BP-5007,TCGA-BP-5186,12,13,11,0.8461538461538461,"[""K2_repeat1_K2_C0002"", ""K2_repeat2_K2_C0002"", ""K2_repeat3_K2_C0002"", ""K3_repeat1_K3_C0003"", ""K3_repeat2_K3_C0003"", ""K3_repeat3_K3_C0003"", ""K4_repeat1_K4_C0001_M_K4_C0004"", ""K4_repeat2_K4_C0001"", ""K5_repeat2_K5_C0001_M_K5_C0005"", ""K5_repeat3_K5_C0001_M_K5_C0005"", ""K6_repeat3_K6_C0001_M_K6_C0004""]"
TCGA-BP-5007,TCGA-BP-5187,12,13,11,0.8461538461538461,"[""K2_repeat1_K2_C0002"", ""K2_repeat2_K2_C0002"", ""K2_repeat3_K2_C0002"", ""K3_repeat1_K3_C0003"", ""K3_repeat2_K3_C0003"", ""K3_repeat3_K3_C0003"", ""K4_repeat1_K4_C0001_M_K4_C0004"", ""K4_repeat2_K4_C0001"", ""K5_repeat2_K5_C0001_M_K5_C0005"", ""K5_repeat3_K5_C0001_M_K5_C0005"", ""K6_repeat3_K6_C0001_M_K6_C0004""]"
TCGA-BP-5007,TCGA-BP-5189,12,11,9,0.75,"[""K2_repeat1_K2_C0002"", ""K2_repeat2_K2_C0002"", ""K2_repeat3_K2_C0002"", ""K3_repeat1_K3_C0003"", ""K3_repeat2_K3_C0003"", ""K3_repeat3_K3_C0003"", ""K4_repeat1_K4_C0001_M_K4_C0004"", ""K4_repeat2_K4_C0001"", ""K6_repeat3_K6_C0001_M_K6_C0004""]"
TCGA-BP-5007,TCGA-BP-5190,12,3,0,0.0,[]
TCGA-BP-5007,TCGA-BP-5191,12,3,0,0.0,[]
TCGA-BP-5007,TCGA-BP-5192,12,10,8,0.6666666666666666,"[""K2_repeat1_K2_C0002"", ""K2_repeat2_K2_C0002"", ""K2_repeat3_K2_C0002"", ""K3_repeat1_K3_C0003"", ""K3_repeat2_K3_C0003"", ""K3_repeat3_K3_C0003"", ""K4_repeat1_K4_C0001_M_K4_C0004"", ""K8_repeat1_K8_C0004""]"
TCGA-BP-5007,TCGA-BP-5194,12,11,11,0.9166666666666666,"[""K2_repeat1_K2_C0002"", ""K2_repeat2_K2_C0002"", ""K2_repeat3_K2_C0002"", ""K3_repeat1_K3_C0003"", ""K3_repeat2_K3_C0003"", ""K3_repeat3_K3_C0003"", ""K4_repeat1_K4_C0001_M_K4_C0004"", ""K4_repeat2_K4_C0001"", ""K5_repeat2_K5_C0001_M_K5_C0005"", ""K5_repeat3_K5_C0001_M_K5_C0005"", ""K6_repeat3_K6_C0001_M_K6_C0004""]"
TCGA-BP-5007,TCGA-BP-5195,12,12,11,0.9166666666666666,"[""K2_repeat1_K2_C0002"", ""K2_repeat2_K2_C0002"", ""K2_repeat3_K2_C0002"", ""K3_repeat1_K3_C0003"", ""K3_repeat2_K3_C0003"", ""K3_repeat3_K3_C0003"", ""K4_repeat1_K4_C0001_M_K4_C0004"", ""K4_repeat2_K4_C0001"", ""K5_repeat2_K5_C0001_M_K5_C0005"", ""K5_repeat3_K5_C0001_M_K5_C0005"", ""K6_repeat3_K6_C0001_M_K6_C0004""]"
TCGA-BP-5007,TCGA-BP-5196,12,8,4,0.3333333333333333,"[""K2_repeat1_K2_C0002"", ""K2_repeat2_K2_C0002"", ""K2_repeat3_K2_C0002"", ""K4_repeat1_K4_C0001_M_K4_C0004""]"
TCGA-BP-5007,TCGA-BP-5199,12,12,11,0.9166666666666666,"[""K2_repeat1_K2_C0002"", ""K2_repeat2_K2_C0002"", ""K2_repeat3_K2_C0002"", ""K3_repeat1_K3_C0003"", ""K3_repeat2_K3_C0003"", ""K3_repeat3_K3_C0003"", ""K4_repeat1_K4_C0001_M_K4_C0004"", ""K5_repeat2_K5_C0001_M_K5_C0005"", ""K5_repeat3_K5_C0001_M_K5_C0005"", ""K6_repeat3_K6_C0001_M_K6_C0004"", ""K8_repeat1_K8_C0004""]"
TCGA-BP-5007,TCGA-BP-5200,12,11,11,0.9166666666666666,"[""K2_repeat1_K2_C0002"", ""K2_repeat2_K2_C0002"", ""K2_repeat3_K2_C0002"", ""K3_repeat1_K3_C0003"", ""K3_repeat2_K3_C0003"", ""K3_repeat3_K3_C0003"", ""K4_repeat1_K4_C0001_M_K4_C0004"", ""K4_repeat2_K4_C0001"", ""K5_repeat2_K5_C0001_M_K5_C0005"", ""K5_repeat3_K5_C0001_M_K5_C0005"", ""K6_repeat3_K6_C0001_M_K6_C0004""]"
TCGA-BP-5007,TCGA-CJ-4637,12,7,0,0.0,[]
TCGA-BP-5007,TCGA-CJ-4641,12,7,0,0.0,[]
TCGA-BP-5007,TCGA-CJ-4900,12,6,0,0.0,[]
TCGA-BP-5007,TCGA-CJ-4902,12,4,0,0.0,[]
TCGA-BP-5007,TCGA-CJ-4903,12,8,8,0.6666666666666666,"[""K2_repeat1_K2_C0002"", ""K2_repeat2_K2_C0002"", ""K2_repeat3_K2_C0002"", ""K4_repeat1_K4_C0001_M_K4_C0004"", ""K4_repeat2_K4_C0001"", ""K5_repeat2_K5_C0001_M_K5_C0005"", ""K5_repeat3_K5_C0001_M_K5_C0005"", ""K6_repeat3_K6_C0001_M_K6_C0004""]"
TCGA-BP-5007,TCGA-CJ-4904,12,9,8,0.6666666666666666,"[""K2_repeat1_K2_C0002"", ""K2_repeat2_K2_C0002"", ""K2_repeat3_K2_C0002"", ""K4_repeat1_K4_C0001_M_K4_C0004"", ""K4_repeat2_K4_C0001"", ""K5_repeat2_K5_C0001_M_K5_C0005"", ""K5_repeat3_K5_C0001_M_K5_C0005"", ""K6_repeat3_K6_C0001_M_K6_C0004""]"
TCGA-BP-5007,TCGA-CJ-4923,12,7,0,0.0,[]
TCGA-BP-5007,TCGA-CJ-6027,12,7,0,0.0,[]
TCGA-BP-5007,TCGA-CJ-6028,12,7,0,0.0,[]
TCGA-BP-5007,TCGA-CJ-6030,12,7,0,0.0,[]
TCGA-BP-5007,TCGA-CJ-6033,12,5,5,0.4166666666666667,"[""K4_repeat1_K4_C0001_M_K4_C0004"", ""K4_repeat2_K4_C0001"", ""K5_repeat2_K5_C0001_M_K5_C0005"", ""K5_repeat3_K5_C0001_M_K5_C0005"", ""K6_repeat3_K6_C0001_M_K6_C0004""]"
TCGA-BP-5007,TCGA-CZ-4859,12,12,12,1.0,"[""K2_repeat1_K2_C0002"", ""K2_repeat2_K2_C0002"", ""K2_repeat3_K2_C0002"", ""K3_repeat1_K3_C0003"", ""K3_repeat2_K3_C0003"", ""K3_repeat3_K3_C0003"", ""K4_repeat1_K4_C0001_M_K4_C0004"", ""K4_repeat2_K4_C0001"", ""K5_repeat2_K5_C0001_M_K5_C0005"", ""K5_repeat3_K5_C0001_M_K5_C0005"", ""K6_repeat3_K6_C0001_M_K6_C0004"", ""K8_repeat1_K8_C0004""]"
TCGA-BP-5007,TCGA-CZ-4863,12,3,0,0.0,[]
TCGA-BP-5007,TCGA-CZ-4865,12,3,0,0.0,[]
TCGA-BP-5007,TCGA-CZ-5451,12,9,7,0.5833333333333334,"[""K2_repeat1_K2_C0002"", ""K2_repeat2_K2_C0002"", ""K2_repeat3_K2_C0002"", ""K4_repeat1_K4_C0001_M_K4_C0004"", ""K4_repeat2_K4_C0001"", ""K5_repeat2_K5_C0001_M_K5_C0005"", ""K5_repeat3_K5_C0001_M_K5_C0005""]"
TCGA-BP-5007,TCGA-CZ-5462,12,5,0,0.0,[]
TCGA-BP-5007,TCGA-CZ-5468,12,3,0,0.0,[]
TCGA-BP-5007,TCGA-CZ-5984,12,8,4,0.3333333333333333,"[""K2_repeat1_K2_C0002"", ""K2_repeat2_K2_C0002"", ""K2_repeat3_K2_C0002"", ""K4_repeat1_K4_C0001_M_K4_C0004""]"
TCGA-BP-5007,TCGA-CZ-5985,12,7,0,0.0,[]
TCGA-BP-5007,TCGA-CZ-5988,12,3,0,0.0,[]
TCGA-BP-5007,TCGA-G6-A5PC,12,7,0,0.0,[]
TCGA-BP-5007,TCGA-G6-A8L7,12,5,5,0.4166666666666667,"[""K4_repeat1_K4_C0001_M_K4_C0004"", ""K4_repeat2_K4_C0001"", ""K5_repeat2_K5_C0001_M_K5_C0005"", ""K5_repeat3_K5_C0001_M_K5_C0005"", ""K6_repeat3_K6_C0001_M_K6_C0004""]"
TCGA-BP-5009,TCGA-BP-5010,12,4,0,0.0,[]
TCGA-BP-5009,TCGA-BP-5174,12,8,4,0.3333333333333333,"[""K2_repeat1_K2_C0002"", ""K2_repeat2_K2_C0002"", ""K2_repeat3_K2_C0002"", ""K4_repeat1_K4_C0001_M_K4_C0004""]"
TCGA-BP-5009,TCGA-BP-5175,12,7,0,0.0,[]
TCGA-BP-5009,TCGA-BP-5180,12,13,12,0.9230769230769231,"[""K2_repeat1_K2_C0002"", ""K2_repeat2_K2_C0002"", ""K2_repeat3_K2_C0002"", ""K3_repeat1_K3_C0003"", ""K3_repeat2_K3_C0003"", ""K3_repeat3_K3_C0003"", ""K4_repeat1_K4_C0001_M_K4_C0004"", ""K4_repeat2_K4_C0001"", ""K5_repeat2_K5_C0001_M_K5_C0005"", ""K5_repeat3_K5_C0001_M_K5_C0005"", ""K6_repeat3_K6_C0001_M_K6_C0004"", ""K7_repeat1_K7_C0001""]"
TCGA-BP-5009,TCGA-BP-5181,12,13,12,0.9230769230769231,"[""K2_repeat1_K2_C0002"", ""K2_repeat2_K2_C0002"", ""K2_repeat3_K2_C0002"", ""K3_repeat1_K3_C0003"", ""K3_repeat2_K3_C0003"", ""K3_repeat3_K3_C0003"", ""K4_repeat1_K4_C0001_M_K4_C0004"", ""K4_repeat2_K4_C0001"", ""K5_repeat2_K5_C0001_M_K5_C0005"", ""K5_repeat3_K5_C0001_M_K5_C0005"", ""K6_repeat3_K6_C0001_M_K6_C0004"", ""K7_repeat1_K7_C0001""]"
TCGA-BP-5009,TCGA-BP-5183,12,13,12,0.9230769230769231,"[""K2_repeat1_K2_C0002"", ""K2_repeat2_K2_C0002"", ""K2_repeat3_K2_C0002"", ""K3_repeat1_K3_C0003"", ""K3_repeat2_K3_C0003"", ""K3_repeat3_K3_C0003"", ""K4_repeat1_K4_C0001_M_K4_C0004"", ""K4_repeat2_K4_C0001"", ""K5_repeat2_K5_C0001_M_K5_C0005"", ""K5_repeat3_K5_C0001_M_K5_C0005"", ""K6_repeat3_K6_C0001_M_K6_C0004"", ""K7_repeat1_K7_C0001""]"
TCGA-BP-5009,TCGA-BP-5184,12,13,12,0.9230769230769231,"[""K2_repeat1_K2_C0002"", ""K2_repeat2_K2_C0002"", ""K2_repeat3_K2_C0002"", ""K3_repeat1_K3_C0003"", ""K3_repeat2_K3_C0003"", ""K3_repeat3_K3_C0003"", ""K4_repeat1_K4_C0001_M_K4_C0004"", ""K4_repeat2_K4_C0001"", ""K5_repeat2_K5_C0001_M_K5_C0005"", ""K5_repeat3_K5_C0001_M_K5_C0005"", ""K6_repeat3_K6_C0001_M_K6_C0004"", ""K7_repeat1_K7_C0001""]"
TCGA-BP-5009,TCGA-BP-5186,12,13,12,0.9230769230769231,"[""K2_repeat1_K2_C0002"", ""K2_repeat2_K2_C0002"", ""K2_repeat3_K2_C0002"", ""K3_repeat1_K3_C0003"", ""K3_repeat2_K3_C0003"", ""K3_repeat3_K3_C0003"", ""K4_repeat1_K4_C0001_M_K4_C0004"", ""K4_repeat2_K4_C0001"", ""K5_repeat2_K5_C0001_M_K5_C0005"", ""K5_repeat3_K5_C0001_M_K5_C0005"", ""K6_repeat3_K6_C0001_M_K6_C0004"", ""K7_repeat1_K7_C0001""]"
TCGA-BP-5009,TCGA-BP-5187,12,13,12,0.9230769230769231,"[""K2_repeat1_K2_C0002"", ""K2_repeat2_K2_C0002"", ""K2_repeat3_K2_C0002"", ""K3_repeat1_K3_C0003"", ""K3_repeat2_K3_C0003"", ""K3_repeat3_K3_C0003"", ""K4_repeat1_K4_C0001_M_K4_C0004"", ""K4_repeat2_K4_C0001"", ""K5_repeat2_K5_C0001_M_K5_C0005"", ""K5_repeat3_K5_C0001_M_K5_C0005"", ""K6_repeat3_K6_C0001_M_K6_C0004"", ""K7_repeat1_K7_C0001""]"
TCGA-BP-5009,TCGA-BP-5189,12,11,9,0.75,"[""K2_repeat1_K2_C0002"", ""K2_repeat2_K2_C0002"", ""K2_repeat3_K2_C0002"", ""K3_repeat1_K3_C0003"", ""K3_repeat2_K3_C0003"", ""K3_repeat3_K3_C0003"", ""K4_repeat1_K4_C0001_M_K4_C0004"", ""K4_repeat2_K4_C0001"", ""K6_repeat3_K6_C0001_M_K6_C0004""]"
TCGA-BP-5009,TCGA-BP-5190,12,3,0,0.0,[]
TCGA-BP-5009,TCGA-BP-5191,12,3,0,0.0,[]
TCGA-BP-5009,TCGA-BP-5192,12,10,7,0.5833333333333334,"[""K2_repeat1_K2_C0002"", ""K2_repeat2_K2_C0002"", ""K2_repeat3_K2_C0002"", ""K3_repeat1_K3_C0003"", ""K3_repeat2_K3_C0003"", ""K3_repeat3_K3_C0003"", ""K4_repeat1_K4_C0001_M_K4_C0004""]"
TCGA-BP-5009,TCGA-BP-5194,12,11,11,0.9166666666666666,"[""K2_repeat1_K2_C0002"", ""K2_repeat2_K2_C0002"", ""K2_repeat3_K2_C0002"", ""K3_repeat1_K3_C0003"", ""K3_repeat2_K3_C0003"", ""K3_repeat3_K3_C0003"", ""K4_repeat1_K4_C0001_M_K4_C0004"", ""K4_repeat2_K4_C0001"", ""K5_repeat2_K5_C0001_M_K5_C0005"", ""K5_repeat3_K5_C0001_M_K5_C0005"", ""K6_repeat3_K6_C0001_M_K6_C0004""]"
TCGA-BP-5009,TCGA-BP-5195,12,12,11,0.9166666666666666,"[""K2_repeat1_K2_C0002"", ""K2_repeat2_K2_C0002"", ""K2_repeat3_K2_C0002"", ""K3_repeat1_K3_C0003"", ""K3_repeat2_K3_C0003"", ""K3_repeat3_K3_C0003"", ""K4_repeat1_K4_C0001_M_K4_C0004"", ""K4_repeat2_K4_C0001"", ""K5_repeat2_K5_C0001_M_K5_C0005"", ""K5_repeat3_K5_C0001_M_K5_C0005"", ""K6_repeat3_K6_C0001_M_K6_C0004""]"
TCGA-BP-5009,TCGA-BP-5196,12,8,4,0.3333333333333333,"[""K2_repeat1_K2_C0002"", ""K2_repeat2_K2_C0002"", ""K2_repeat3_K2_C0002"", ""K4_repeat1_K4_C0001_M_K4_C0004""]"
TCGA-BP-5009,TCGA-BP-5199,12,12,10,0.8333333333333334,"[""K2_repeat1_K2_C0002"", ""K2_repeat2_K2_C0002"", ""K2_repeat3_K2_C0002"", ""K3_repeat1_K3_C0003"", ""K3_repeat2_K3_C0003"", ""K3_repeat3_K3_C0003"", ""K4_repeat1_K4_C0001_M_K4_C0004"", ""K5_repeat2_K5_C0001_M_K5_C0005"", ""K5_repeat3_K5_C0001_M_K5_C0005"", ""K6_repeat3_K6_C0001_M_K6_C0004""]"
TCGA-BP-5009,TCGA-BP-5200,12,11,11,0.9166666666666666,"[""K2_repeat1_K2_C0002"", ""K2_repeat2_K2_C0002"", ""K2_repeat3_K2_C0002"", ""K3_repeat1_K3_C0003"", ""K3_repeat2_K3_C0003"", ""K3_repeat3_K3_C0003"", ""K4_repeat1_K4_C0001_M_K4_C0004"", ""K4_repeat2_K4_C0001"", ""K5_repeat2_K5_C0001_M_K5_C0005"", ""K5_repeat3_K5_C0001_M_K5_C0005"", ""K6_repeat3_K6_C0001_M_K6_C0004""]"
TCGA-BP-5009,TCGA-CJ-4637,12,7,0,0.0,[]
TCGA-BP-5009,TCGA-CJ-4641,12,7,0,0.0,[]
TCGA-BP-5009,TCGA-CJ-4900,12,6,0,0.0,[]
TCGA-BP-5009,TCGA-CJ-4902,12,4,0,0.0,[]
TCGA-BP-5009,TCGA-CJ-4903,12,8,8,0.6666666666666666,"[""K2_repeat1_K2_C0002"", ""K2_repeat2_K2_C0002"", ""K2_repeat3_K2_C0002"", ""K4_repeat1_K4_C0001_M_K4_C0004"", ""K4_repeat2_K4_C0001"", ""K5_repeat2_K5_C0001_M_K5_C0005"", ""K5_repeat3_K5_C0001_M_K5_C0005"", ""K6_repeat3_K6_C0001_M_K6_C0004""]"
TCGA-BP-5009,TCGA-CJ-4904,12,9,9,0.75,"[""K2_repeat1_K2_C0002"", ""K2_repeat2_K2_C0002"", ""K2_repeat3_K2_C0002"", ""K4_repeat1_K4_C0001_M_K4_C0004"", ""K4_repeat2_K4_C0001"", ""K5_repeat2_K5_C0001_M_K5_C0005"", ""K5_repeat3_K5_C0001_M_K5_C0005"", ""K6_repeat3_K6_C0001_M_K6_C0004"", ""K7_repeat1_K7_C0001""]"
TCGA-BP-5009,TCGA-CJ-4923,12,7,0,0.0,[]
TCGA-BP-5009,TCGA-CJ-6027,12,7,0,0.0,[]
TCGA-BP-5009,TCGA-CJ-6028,12,7,0,0.0,[]
TCGA-BP-5009,TCGA-CJ-6030,12,7,0,0.0,[]
TCGA-BP-5009,TCGA-CJ-6033,12,5,5,0.4166666666666667,"[""K4_repeat1_K4_C0001_M_K4_C0004"", ""K4_repeat2_K4_C0001"", ""K5_repeat2_K5_C0001_M_K5_C0005"", ""K5_repeat3_K5_C0001_M_K5_C0005"", ""K6_repeat3_K6_C0001_M_K6_C0004""]"
TCGA-BP-5009,TCGA-CZ-4859,12,12,11,0.9166666666666666,"[""K2_repeat1_K2_C0002"", ""K2_repeat2_K2_C0002"", ""K2_repeat3_K2_C0002"", ""K3_repeat1_K3_C0003"", ""K3_repeat2_K3_C0003"", ""K3_repeat3_K3_C0003"", ""K4_repeat1_K4_C0001_M_K4_C0004"", ""K4_repeat2_K4_C0001"", ""K5_repeat2_K5_C0001_M_K5_C0005"", ""K5_repeat3_K5_C0001_M_K5_C0005"", ""K6_repeat3_K6_C0001_M_K6_C0004""]"
TCGA-BP-5009,TCGA-CZ-4863,12,3,0,0.0,[]
TCGA-BP-5009,TCGA-CZ-4865,12,3,0,0.0,[]
TCGA-BP-5009,TCGA-CZ-5451,12,9,7,0.5833333333333334,"[""K2_repeat1_K2_C0002"", ""K2_repeat2_K2_C0002"", ""K2_repeat3_K2_C0002"", ""K4_repeat1_K4_C0001_M_K4_C0004"", ""K4_repeat2_K4_C0001"", ""K5_repeat2_K5_C0001_M_K5_C0005"", ""K5_repeat3_K5_C0001_M_K5_C0005""]"
TCGA-BP-5009,TCGA-CZ-5462,12,5,0,0.0,[]
TCGA-BP-5009,TCGA-CZ-5468,12,3,0,0.0,[]
TCGA-BP-5009,TCGA-CZ-5984,12,8,4,0.3333333333333333,"[""K2_repeat1_K2_C0002"", ""K2_repeat2_K2_C0002"", ""K2_repeat3_K2_C0002"", ""K4_repeat1_K4_C0001_M_K4_C0004""]"
TCGA-BP-5009,TCGA-CZ-5985,12,7,0,0.0,[]
TCGA-BP-5009,TCGA-CZ-5988,12,3,0,0.0,[]
TCGA-BP-5009,TCGA-G6-A5PC,12,7,0,0.0,[]
TCGA-BP-5009,TCGA-G6-A8L7,12,5,5,0.4166666666666667,"[""K4_repeat1_K4_C0001_M_K4_C0004"", ""K4_repeat2_K4_C0001"", ""K5_repeat2_K5_C0001_M_K5_C0005"", ""K5_repeat3_K5_C0001_M_K5_C0005"", ""K6_repeat3_K6_C0001_M_K6_C0004""]"
TCGA-BP-5010,TCGA-BP-5174,4,8,3,0.375,"[""K6_repeat3_K6_C0006"", ""K7_repeat1_K7_C0006"", ""K8_repeat2_K8_C0007""]"
TCGA-BP-5010,TCGA-BP-5175,4,7,1,0.14285714285714285,"[""K4_repeat2_K4_C0003""]"
TCGA-BP-5010,TCGA-BP-5180,4,13,0,0.0,[]
TCGA-BP-5010,TCGA-BP-5181,4,13,0,0.0,[]
TCGA-BP-5010,TCGA-BP-5183,4,13,0,0.0,[]
TCGA-BP-5010,TCGA-BP-5184,4,13,0,0.0,[]
TCGA-BP-5010,TCGA-BP-5186,4,13,0,0.0,[]
TCGA-BP-5010,TCGA-BP-5187,4,13,0,0.0,[]
TCGA-BP-5010,TCGA-BP-5189,4,11,0,0.0,[]
TCGA-BP-5010,TCGA-BP-5190,4,3,0,0.0,[]
TCGA-BP-5010,TCGA-BP-5191,4,3,0,0.0,[]
TCGA-BP-5010,TCGA-BP-5192,4,10,1,0.1,"[""K6_repeat3_K6_C0006""]"
TCGA-BP-5010,TCGA-BP-5194,4,11,0,0.0,[]
TCGA-BP-5010,TCGA-BP-5195,4,12,0,0.0,[]
TCGA-BP-5010,TCGA-BP-5196,4,8,3,0.375,"[""K6_repeat3_K6_C0006"", ""K7_repeat1_K7_C0006"", ""K8_repeat2_K8_C0007""]"
TCGA-BP-5010,TCGA-BP-5199,4,12,0,0.0,[]
TCGA-BP-5010,TCGA-BP-5200,4,11,0,0.0,[]
TCGA-BP-5010,TCGA-CJ-4637,4,7,1,0.14285714285714285,"[""K4_repeat2_K4_C0003""]"
TCGA-BP-5010,TCGA-CJ-4641,4,7,1,0.14285714285714285,"[""K4_repeat2_K4_C0003""]"
TCGA-BP-5010,TCGA-CJ-4900,4,6,1,0.16666666666666666,"[""K4_repeat2_K4_C0003""]"
TCGA-BP-5010,TCGA-CJ-4902,4,4,4,1.0,"[""K4_repeat2_K4_C0003"", ""K6_repeat3_K6_C0006"", ""K7_repeat1_K7_C0006"", ""K8_repeat2_K8_C0007""]"
TCGA-BP-5010,TCGA-CJ-4903,4,8,0,0.0,[]
TCGA-BP-5010,TCGA-CJ-4904,4,9,0,0.0,[]
TCGA-BP-5010,TCGA-CJ-4923,4,7,1,0.14285714285714285,"[""K4_repeat2_K4_C0003""]"
TCGA-BP-5010,TCGA-CJ-6027,4,7,1,0.14285714285714285,"[""K4_repeat2_K4_C0003""]"
TCGA-BP-5010,TCGA-CJ-6028,4,7,1,0.14285714285714285,"[""K4_repeat2_K4_C0003""]"
TCGA-BP-5010,TCGA-CJ-6030,4,7,1,0.14285714285714285,"[""K4_repeat2_K4_C0003""]"
TCGA-BP-5010,TCGA-CJ-6033,4,5,0,0.0,[]
TCGA-BP-5010,TCGA-CZ-4859,4,12,0,0.0,[]
TCGA-BP-5010,TCGA-CZ-4863,4,3,0,0.0,[]
TCGA-BP-5010,TCGA-CZ-4865,4,3,0,0.0,[]
TCGA-BP-5010,TCGA-CZ-5451,4,9,0,0.0,[]
TCGA-BP-5010,TCGA-CZ-5462,4,5,0,0.0,[]
TCGA-BP-5010,TCGA-CZ-5468,4,3,0,0.0,[]
TCGA-BP-5010,TCGA-CZ-5984,4,8,3,0.375,"[""K6_repeat3_K6_C0006"", ""K7_repeat1_K7_C0006"", ""K8_repeat2_K8_C0007""]"
TCGA-BP-5010,TCGA-CZ-5985,4,7,1,0.14285714285714285,"[""K4_repeat2_K4_C0003""]"
TCGA-BP-5010,TCGA-CZ-5988,4,3,0,0.0,[]
TCGA-BP-5010,TCGA-G6-A5PC,4,7,1,0.14285714285714285,"[""K4_repeat2_K4_C0003""]"
TCGA-BP-5010,TCGA-G6-A8L7,4,5,0,0.0,[]
TCGA-BP-5174,TCGA-BP-5175,8,7,0,0.0,[]
TCGA-BP-5174,TCGA-BP-5180,8,13,4,0.3076923076923077,"[""K2_repeat1_K2_C0002"", ""K2_repeat2_K2_C0002"", ""K2_repeat3_K2_C0002"", ""K4_repeat1_K4_C0001_M_K4_C0004""]"
TCGA-BP-5174,TCGA-BP-5181,8,13,4,0.3076923076923077,"[""K2_repeat1_K2_C0002"", ""K2_repeat2_K2_C0002"", ""K2_repeat3_K2_C0002"", ""K4_repeat1_K4_C0001_M_K4_C0004""]"
TCGA-BP-5174,TCGA-BP-5183,8,13,4,0.3076923076923077,"[""K2_repeat1_K2_C0002"", ""K2_repeat2_K2_C0002"", ""K2_repeat3_K2_C0002"", ""K4_repeat1_K4_C0001_M_K4_C0004""]"
TCGA-BP-5174,TCGA-BP-5184,8,13,4,0.3076923076923077,"[""K2_repeat1_K2_C0002"", ""K2_repeat2_K2_C0002"", ""K2_repeat3_K2_C0002"", ""K4_repeat1_K4_C0001_M_K4_C0004""]"
TCGA-BP-5174,TCGA-BP-5186,8,13,4,0.3076923076923077,"[""K2_repeat1_K2_C0002"", ""K2_repeat2_K2_C0002"", ""K2_repeat3_K2_C0002"", ""K4_repeat1_K4_C0001_M_K4_C0004""]"
TCGA-BP-5174,TCGA-BP-5187,8,13,4,0.3076923076923077,"[""K2_repeat1_K2_C0002"", ""K2_repeat2_K2_C0002"", ""K2_repeat3_K2_C0002"", ""K4_repeat1_K4_C0001_M_K4_C0004""]"
TCGA-BP-5174,TCGA-BP-5189,8,11,4,0.36363636363636365,"[""K2_repeat1_K2_C0002"", ""K2_repeat2_K2_C0002"", ""K2_repeat3_K2_C0002"", ""K4_repeat1_K4_C0001_M_K4_C0004""]"
TCGA-BP-5174,TCGA-BP-5190,8,3,0,0.0,[]
TCGA-BP-5174,TCGA-BP-5191,8,3,0,0.0,[]
TCGA-BP-5174,TCGA-BP-5192,8,10,6,0.6,"[""K2_repeat1_K2_C0002"", ""K2_repeat2_K2_C0002"", ""K2_repeat3_K2_C0002"", ""K4_repeat1_K4_C0001_M_K4_C0004"", ""K4_repeat2_K4_C0004"", ""K6_repeat3_K6_C0006""]"
TCGA-BP-5174,TCGA-BP-5194,8,11,4,0.36363636363636365,"[""K2_repeat1_K2_C0002"", ""K2_repeat2_K2_C0002"", ""K2_repeat3_K2_C0002"", ""K4_repeat1_K4_C0001_M_K4_C0004""]"
TCGA-BP-5174,TCGA-BP-5195,8,12,4,0.3333333333333333,"[""K2_repeat1_K2_C0002"", ""K2_repeat2_K2_C0002"", ""K2_repeat3_K2_C0002"", ""K4_repeat1_K4_C0001_M_K4_C0004""]"
TCGA-BP-5174,TCGA-BP-5196,8,8,8,1.0,"[""K2_repeat1_K2_C0002"", ""K2_repeat2_K2_C0002"", ""K2_repeat3_K2_C0002"", ""K4_repeat1_K4_C0001_M_K4_C0004"", ""K4_repeat2_K4_C0004"", ""K6_repeat3_K6_C0006"", ""K7_repeat1_K7_C0006"", ""K8_repeat2_K8_C0007""]"
TCGA-BP-5174,TCGA-BP-5199,8,12,5,0.4166666666666667,"[""K2_repeat1_K2_C0002"", ""K2_repeat2_K2_C0002"", ""K2_repeat3_K2_C0002"", ""K4_repeat1_K4_C0001_M_K4_C0004"", ""K4_repeat2_K4_C0004""]"
TCGA-BP-5174,TCGA-BP-5200,8,11,4,0.36363636363636365,"[""K2_repeat1_K2_C0002"", ""K2_repeat2_K2_C0002"", ""K2_repeat3_K2_C0002"", ""K4_repeat1_K4_C0001_M_K4_C0004""]"
TCGA-BP-5174,TCGA-CJ-4637,8,7,0,0.0,[]
TCGA-BP-5174,TCGA-CJ-4641,8,7,0,0.0,[]
TCGA-BP-5174,TCGA-CJ-4900,8,6,0,0.0,[]
TCGA-BP-5174,TCGA-CJ-4902,8,4,3,0.375,"[""K6_repeat3_K6_C0006"", ""K7_repeat1_K7_C0006"", ""K8_repeat2_K8_C0007""]"
TCGA-BP-5174,TCGA-CJ-4903,8,8,4,0.5,"[""K2_repeat1_K2_C0002"", ""K2_repeat2_K2_C0002"", ""K2_repeat3_K2_C0002"", ""K4_repeat1_K4_C0001_M_K4_C0004""]"
TCGA-BP-5174,TCGA-CJ-4904,8,9,4,0.4444444444444444,"[""K2_repeat1_K2_C0002"", ""K2_repeat2_K2_C0002"", ""K2_repeat3_K2_C0002"", ""K4_repeat1_K4_C0001_M_K4_C0004""]"
TCGA-BP-5174,TCGA-CJ-4923,8,7,0,0.0,[]
TCGA-BP-5174,TCGA-CJ-6027,8,7,0,0.0,[]
TCGA-BP-5174,TCGA-CJ-6028,8,7,0,0.0,[]
TCGA-BP-5174,TCGA-CJ-6030,8,7,0,0.0,[]
TCGA-BP-5174,TCGA-CJ-6033,8,5,1,0.125,"[""K4_repeat1_K4_C0001_M_K4_C0004""]"
TCGA-BP-5174,TCGA-CZ-4859,8,12,4,0.3333333333333333,"[""K2_repeat1_K2_C0002"", ""K2_repeat2_K2_C0002"", ""K2_repeat3_K2_C0002"", ""K4_repeat1_K4_C0001_M_K4_C0004""]"
TCGA-BP-5174,TCGA-CZ-4863,8,3,0,0.0,[]
TCGA-BP-5174,TCGA-CZ-4865,8,3,0,0.0,[]
TCGA-BP-5174,TCGA-CZ-5451,8,9,4,0.4444444444444444,"[""K2_repeat1_K2_C0002"", ""K2_repeat2_K2_C0002"", ""K2_repeat3_K2_C0002"", ""K4_repeat1_K4_C0001_M_K4_C0004""]"
TCGA-BP-5174,TCGA-CZ-5462,8,5,0,0.0,[]
TCGA-BP-5174,TCGA-CZ-5468,8,3,0,0.0,[]
TCGA-BP-5174,TCGA-CZ-5984,8,8,8,1.0,"[""K2_repeat1_K2_C0002"", ""K2_repeat2_K2_C0002"", ""K2_repeat3_K2_C0002"", ""K4_repeat1_K4_C0001_M_K4_C0004"", ""K4_repeat2_K4_C0004"", ""K6_repeat3_K6_C0006"", ""K7_repeat1_K7_C0006"", ""K8_repeat2_K8_C0007""]"
TCGA-BP-5174,TCGA-CZ-5985,8,7,0,0.0,[]
TCGA-BP-5174,TCGA-CZ-5988,8,3,0,0.0,[]
TCGA-BP-5174,TCGA-G6-A5PC,8,7,0,0.0,[]
TCGA-BP-5174,TCGA-G6-A8L7,8,5,1,0.125,"[""K4_repeat1_K4_C0001_M_K4_C0004""]"
TCGA-BP-5175,TCGA-BP-5180,7,13,0,0.0,[]
TCGA-BP-5175,TCGA-BP-5181,7,13,0,0.0,[]
TCGA-BP-5175,TCGA-BP-5183,7,13,0,0.0,[]
TCGA-BP-5175,TCGA-BP-5184,7,13,0,0.0,[]
TCGA-BP-5175,TCGA-BP-5186,7,13,0,0.0,[]
TCGA-BP-5175,TCGA-BP-5187,7,13,0,0.0,[]
TCGA-BP-5175,TCGA-BP-5189,7,11,1,0.09090909090909091,"[""K5_repeat2_K5_C0002_M_K5_C0003""]"
TCGA-BP-5175,TCGA-BP-5190,7,3,1,0.14285714285714285,"[""K5_repeat2_K5_C0002_M_K5_C0003""]"
TCGA-BP-5175,TCGA-BP-5191,7,3,1,0.14285714285714285,"[""K5_repeat2_K5_C0002_M_K5_C0003""]"
TCGA-BP-5175,TCGA-BP-5192,7,10,0,0.0,[]
TCGA-BP-5175,TCGA-BP-5194,7,11,0,0.0,[]
TCGA-BP-5175,TCGA-BP-5195,7,12,0,0.0,[]
TCGA-BP-5175,TCGA-BP-5196,7,8,0,0.0,[]
TCGA-BP-5175,TCGA-BP-5199,7,12,0,0.0,[]
TCGA-BP-5175,TCGA-BP-5200,7,11,0,0.0,[]
TCGA-BP-5175,TCGA-CJ-4637,7,7,7,1.0,"[""K4_repeat2_K4_C0003"", ""K5_repeat2_K5_C0002_M_K5_C0003"", ""K5_repeat3_K5_C0003"", ""K6_repeat3_K6_C0005"", ""K7_repeat1_K7_C0005"", ""K8_repeat1_K8_C0005"", ""K8_repeat2_K8_C0005""]"
TCGA-BP-5175,TCGA-CJ-4641,7,7,7,1.0,"[""K4_repeat2_K4_C0003"", ""K5_repeat2_K5_C0002_M_K5_C0003"", ""K5_repeat3_K5_C0003"", ""K6_repeat3_K6_C0005"", ""K7_repeat1_K7_C0005"", ""K8_repeat1_K8_C0005"", ""K8_repeat2_K8_C0005""]"
TCGA-BP-5175,TCGA-CJ-4900,7,6,5,0.7142857142857143,"[""K4_repeat2_K4_C0003"", ""K5_repeat2_K5_C0002_M_K5_C0003"", ""K5_repeat3_K5_C0003"", ""K6_repeat3_K6_C0005"", ""K7_repeat1_K7_C0005""]"
TCGA-BP-5175,TCGA-CJ-4902,7,4,1,0.14285714285714285,"[""K4_repeat2_K4_C0003""]"
TCGA-BP-5175,TCGA-CJ-4903,7,8,0,0.0,[]
TCGA-BP-5175,TCGA-CJ-4904,7,9,0,0.0,[]
TCGA-BP-5175,TCGA-CJ-4923,7,7,7,1.0,"[""K4_repeat2_K4_C0003"", ""K5_repeat2_K5_C0002_M_K5_C0003"", ""K5_repeat3_K5_C0003"", ""K6_repeat3_K6_C0005"", ""K7_repeat1_K7_C0005"", ""K8_repeat1_K8_C0005"", ""K8_repeat2_K8_C0005""]"
TCGA-BP-5175,TCGA-CJ-6027,7,7,7,1.0,"[""K4_repeat2_K4_C0003"", ""K5_repeat2_K5_C0002_M_K5_C0003"", ""K5_repeat3_K5_C0003"", ""K6_repeat3_K6_C0005"", ""K7_repeat1_K7_C0005"", ""K8_repeat1_K8_C0005"", ""K8_repeat2_K8_C0005""]"
TCGA-BP-5175,TCGA-CJ-6028,7,7,7,1.0,"[""K4_repeat2_K4_C0003"", ""K5_repeat2_K5_C0002_M_K5_C0003"", ""K5_repeat3_K5_C0003"", ""K6_repeat3_K6_C0005"", ""K7_repeat1_K7_C0005"", ""K8_repeat1_K8_C0005"", ""K8_repeat2_K8_C0005""]"
TCGA-BP-5175,TCGA-CJ-6030,7,7,7,1.0,"[""K4_repeat2_K4_C0003"", ""K5_repeat2_K5_C0002_M_K5_C0003"", ""K5_repeat3_K5_C0003"", ""K6_repeat3_K6_C0005"", ""K7_repeat1_K7_C0005"", ""K8_repeat1_K8_C0005"", ""K8_repeat2_K8_C0005""]"
TCGA-BP-5175,TCGA-CJ-6033,7,5,0,0.0,[]
TCGA-BP-5175,TCGA-CZ-4859,7,12,0,0.0,[]
TCGA-BP-5175,TCGA-CZ-4863,7,3,1,0.14285714285714285,"[""K5_repeat2_K5_C0002_M_K5_C0003""]"
TCGA-BP-5175,TCGA-CZ-4865,7,3,1,0.14285714285714285,"[""K5_repeat2_K5_C0002_M_K5_C0003""]"
TCGA-BP-5175,TCGA-CZ-5451,7,9,0,0.0,[]
TCGA-BP-5175,TCGA-CZ-5462,7,5,3,0.42857142857142855,"[""K5_repeat2_K5_C0002_M_K5_C0003"", ""K8_repeat1_K8_C0005"", ""K8_repeat2_K8_C0005""]"
TCGA-BP-5175,TCGA-CZ-5468,7,3,1,0.14285714285714285,"[""K5_repeat2_K5_C0002_M_K5_C0003""]"
TCGA-BP-5175,TCGA-CZ-5984,7,8,0,0.0,[]
TCGA-BP-5175,TCGA-CZ-5985,7,7,7,1.0,"[""K4_repeat2_K4_C0003"", ""K5_repeat2_K5_C0002_M_K5_C0003"", ""K5_repeat3_K5_C0003"", ""K6_repeat3_K6_C0005"", ""K7_repeat1_K7_C0005"", ""K8_repeat1_K8_C0005"", ""K8_repeat2_K8_C0005""]"
TCGA-BP-5175,TCGA-CZ-5988,7,3,1,0.14285714285714285,"[""K5_repeat2_K5_C0002_M_K5_C0003""]"
TCGA-BP-5175,TCGA-G6-A5PC,7,7,7,1.0,"[""K4_repeat2_K4_C0003"", ""K5_repeat2_K5_C0002_M_K5_C0003"", ""K5_repeat3_K5_C0003"", ""K6_repeat3_K6_C0005"", ""K7_repeat1_K7_C0005"", ""K8_repeat1_K8_C0005"", ""K8_repeat2_K8_C0005""]"
TCGA-BP-5175,TCGA-G6-A8L7,7,5,0,0.0,[]
TCGA-BP-5180,TCGA-BP-5181,13,13,13,1.0,"[""K2_repeat1_K2_C0002"", ""K2_repeat2_K2_C0002"", ""K2_repeat3_K2_C0002"", ""K3_repeat1_K3_C0003"", ""K3_repeat2_K3_C0003"", ""K3_repeat3_K3_C0003"", ""K4_repeat1_K4_C0001_M_K4_C0004"", ""K4_repeat2_K4_C0001"", ""K5_repeat2_K5_C0001_M_K5_C0005"", ""K5_repeat3_K5_C0001_M_K5_C0005"", ""K6_repeat3_K6_C0001_M_K6_C0004"", ""K7_repeat1_K7_C0001"", ""K8_repeat2_K8_C0001""]"
TCGA-BP-5180,TCGA-BP-5183,13,13,13,1.0,"[""K2_repeat1_K2_C0002"", ""K2_repeat2_K2_C0002"", ""K2_repeat3_K2_C0002"", ""K3_repeat1_K3_C0003"", ""K3_repeat2_K3_C0003"", ""K3_repeat3_K3_C0003"", ""K4_repeat1_K4_C0001_M_K4_C0004"", ""K4_repeat2_K4_C0001"", ""K5_repeat2_K5_C0001_M_K5_C0005"", ""K5_repeat3_K5_C0001_M_K5_C0005"", ""K6_repeat3_K6_C0001_M_K6_C0004"", ""K7_repeat1_K7_C0001"", ""K8_repeat2_K8_C0001""]"
TCGA-BP-5180,TCGA-BP-5184,13,13,13,1.0,"[""K2_repeat1_K2_C0002"", ""K2_repeat2_K2_C0002"", ""K2_repeat3_K2_C0002"", ""K3_repeat1_K3_C0003"", ""K3_repeat2_K3_C0003"", ""K3_repeat3_K3_C0003"", ""K4_repeat1_K4_C0001_M_K4_C0004"", ""K4_repeat2_K4_C0001"", ""K5_repeat2_K5_C0001_M_K5_C0005"", ""K5_repeat3_K5_C0001_M_K5_C0005"", ""K6_repeat3_K6_C0001_M_K6_C0004"", ""K7_repeat1_K7_C0001"", ""K8_repeat2_K8_C0001""]"
TCGA-BP-5180,TCGA-BP-5186,13,13,13,1.0,"[""K2_repeat1_K2_C0002"", ""K2_repeat2_K2_C0002"", ""K2_repeat3_K2_C0002"", ""K3_repeat1_K3_C0003"", ""K3_repeat2_K3_C0003"", ""K3_repeat3_K3_C0003"", ""K4_repeat1_K4_C0001_M_K4_C0004"", ""K4_repeat2_K4_C0001"", ""K5_repeat2_K5_C0001_M_K5_C0005"", ""K5_repeat3_K5_C0001_M_K5_C0005"", ""K6_repeat3_K6_C0001_M_K6_C0004"", ""K7_repeat1_K7_C0001"", ""K8_repeat2_K8_C0001""]"
TCGA-BP-5180,TCGA-BP-5187,13,13,13,1.0,"[""K2_repeat1_K2_C0002"", ""K2_repeat2_K2_C0002"", ""K2_repeat3_K2_C0002"", ""K3_repeat1_K3_C0003"", ""K3_repeat2_K3_C0003"", ""K3_repeat3_K3_C0003"", ""K4_repeat1_K4_C0001_M_K4_C0004"", ""K4_repeat2_K4_C0001"", ""K5_repeat2_K5_C0001_M_K5_C0005"", ""K5_repeat3_K5_C0001_M_K5_C0005"", ""K6_repeat3_K6_C0001_M_K6_C0004"", ""K7_repeat1_K7_C0001"", ""K8_repeat2_K8_C0001""]"
TCGA-BP-5180,TCGA-BP-5189,13,11,9,0.6923076923076923,"[""K2_repeat1_K2_C0002"", ""K2_repeat2_K2_C0002"", ""K2_repeat3_K2_C0002"", ""K3_repeat1_K3_C0003"", ""K3_repeat2_K3_C0003"", ""K3_repeat3_K3_C0003"", ""K4_repeat1_K4_C0001_M_K4_C0004"", ""K4_repeat2_K4_C0001"", ""K6_repeat3_K6_C0001_M_K6_C0004""]"
TCGA-BP-5180,TCGA-BP-5190,13,3,0,0.0,[]
TCGA-BP-5180,TCGA-BP-5191,13,3,0,0.0,[]
TCGA-BP-5180,TCGA-BP-5192,13,10,7,0.5384615384615384,"[""K2_repeat1_K2_C0002"", ""K2_repeat2_K2_C0002"", ""K2_repeat3_K2_C0002"", ""K3_repeat1_K3_C0003"", ""K3_repeat2_K3_C0003"", ""K3_repeat3_K3_C0003"", ""K4_repeat1_K4_C0001_M_K4_C0004""]"
TCGA-BP-5180,TCGA-BP-5194,13,11,11,0.8461538461538461,"[""K2_repeat1_K2_C0002"", ""K2_repeat2_K2_C0002"", ""K2_repeat3_K2_C0002"", ""K3_repeat1_K3_C0003"", ""K3_repeat2_K3_C0003"", ""K3_repeat3_K3_C0003"", ""K4_repeat1_K4_C0001_M_K4_C0004"", ""K4_repeat2_K4_C0001"", ""K5_repeat2_K5_C0001_M_K5_C0005"", ""K5_repeat3_K5_C0001_M_K5_C0005"", ""K6_repeat3_K6_C0001_M_K6_C0004""]"
TCGA-BP-5180,TCGA-BP-5195,13,12,12,0.9230769230769231,"[""K2_repeat1_K2_C0002"", ""K2_repeat2_K2_C0002"", ""K2_repeat3_K2_C0002"", ""K3_repeat1_K3_C0003"", ""K3_repeat2_K3_C0003"", ""K3_repeat3_K3_C0003"", ""K4_repeat1_K4_C0001_M_K4_C0004"", ""K4_repeat2_K4_C0001"", ""K5_repeat2_K5_C0001_M_K5_C0005"", ""K5_repeat3_K5_C0001_M_K5_C0005"", ""K6_repeat3_K6_C0001_M_K6_C0004"", ""K8_repeat2_K8_C0001""]"
TCGA-BP-5180,TCGA-BP-5196,13,8,4,0.3076923076923077,"[""K2_repeat1_K2_C0002"", ""K2_repeat2_K2_C0002"", ""K2_repeat3_K2_C0002"", ""K4_repeat1_K4_C0001_M_K4_C0004""]"
TCGA-BP-5180,TCGA-BP-5199,13,12,10,0.7692307692307693,"[""K2_repeat1_K2_C0002"", ""K2_repeat2_K2_C0002"", ""K2_repeat3_K2_C0002"", ""K3_repeat1_K3_C0003"", ""K3_repeat2_K3_C0003"", ""K3_repeat3_K3_C0003"", ""K4_repeat1_K4_C0001_M_K4_C0004"", ""K5_repeat2_K5_C0001_M_K5_C0005"", ""K5_repeat3_K5_C0001_M_K5_C0005"", ""K6_repeat3_K6_C0001_M_K6_C0004""]"
TCGA-BP-5180,TCGA-BP-5200,13,11,11,0.8461538461538461,"[""K2_repeat1_K2_C0002"", ""K2_repeat2_K2_C0002"", ""K2_repeat3_K2_C0002"", ""K3_repeat1_K3_C0003"", ""K3_repeat2_K3_C0003"", ""K3_repeat3_K3_C0003"", ""K4_repeat1_K4_C0001_M_K4_C0004"", ""K4_repeat2_K4_C0001"", ""K5_repeat2_K5_C0001_M_K5_C0005"", ""K5_repeat3_K5_C0001_M_K5_C0005"", ""K6_repeat3_K6_C0001_M_K6_C0004""]"
TCGA-BP-5180,TCGA-CJ-4637,13,7,0,0.0,[]
TCGA-BP-5180,TCGA-CJ-4641,13,7,0,0.0,[]
TCGA-BP-5180,TCGA-CJ-4900,13,6,1,0.07692307692307693,"[""K8_repeat2_K8_C0001""]"
TCGA-BP-5180,TCGA-CJ-4902,13,4,0,0.0,[]
TCGA-BP-5180,TCGA-CJ-4903,13,8,8,0.6153846153846154,"[""K2_repeat1_K2_C0002"", ""K2_repeat2_K2_C0002"", ""K2_repeat3_K2_C0002"", ""K4_repeat1_K4_C0001_M_K4_C0004"", ""K4_repeat2_K4_C0001"", ""K5_repeat2_K5_C0001_M_K5_C0005"", ""K5_repeat3_K5_C0001_M_K5_C0005"", ""K6_repeat3_K6_C0001_M_K6_C0004""]"
TCGA-BP-5180,TCGA-CJ-4904,13,9,9,0.6923076923076923,"[""K2_repeat1_K2_C0002"", ""K2_repeat2_K2_C0002"", ""K2_repeat3_K2_C0002"", ""K4_repeat1_K4_C0001_M_K4_C0004"", ""K4_repeat2_K4_C0001"", ""K5_repeat2_K5_C0001_M_K5_C0005"", ""K5_repeat3_K5_C0001_M_K5_C0005"", ""K6_repeat3_K6_C0001_M_K6_C0004"", ""K7_repeat1_K7_C0001""]"
TCGA-BP-5180,TCGA-CJ-4923,13,7,0,0.0,[]
TCGA-BP-5180,TCGA-CJ-6027,13,7,0,0.0,[]
TCGA-BP-5180,TCGA-CJ-6028,13,7,0,0.0,[]
TCGA-BP-5180,TCGA-CJ-6030,13,7,0,0.0,[]
TCGA-BP-5180,TCGA-CJ-6033,13,5,5,0.38461538461538464,"[""K4_repeat1_K4_C0001_M_K4_C0004"", ""K4_repeat2_K4_C0001"", ""K5_repeat2_K5_C0001_M_K5_C0005"", ""K5_repeat3_K5_C0001_M_K5_C0005"", ""K6_repeat3_K6_C0001_M_K6_C0004""]"
TCGA-BP-5180,TCGA-CZ-4859,13,12,11,0.8461538461538461,"[""K2_repeat1_K2_C0002"", ""K2_repeat2_K2_C0002"", ""K2_repeat3_K2_C0002"", ""K3_repeat1_K3_C0003"", ""K3_repeat2_K3_C0003"", ""K3_repeat3_K3_C0003"", ""K4_repeat1_K4_C0001_M_K4_C0004"", ""K4_repeat2_K4_C0001"", ""K5_repeat2_K5_C0001_M_K5_C0005"", ""K5_repeat3_K5_C0001_M_K5_C0005"", ""K6_repeat3_K6_C0001_M_K6_C0004""]"
TCGA-BP-5180,TCGA-CZ-4863,13,3,0,0.0,[]
TCGA-BP-5180,TCGA-CZ-4865,13,3,0,0.0,[]
TCGA-BP-5180,TCGA-CZ-5451,13,9,7,0.5384615384615384,"[""K2_repeat1_K2_C0002"", ""K2_repeat2_K2_C0002"", ""K2_repeat3_K2_C0002"", ""K4_repeat1_K4_C0001_M_K4_C0004"", ""K4_repeat2_K4_C0001"", ""K5_repeat2_K5_C0001_M_K5_C0005"", ""K5_repeat3_K5_C0001_M_K5_C0005""]"
TCGA-BP-5180,TCGA-CZ-5462,13,5,0,0.0,[]
TCGA-BP-5180,TCGA-CZ-5468,13,3,0,0.0,[]
TCGA-BP-5180,TCGA-CZ-5984,13,8,4,0.3076923076923077,"[""K2_repeat1_K2_C0002"", ""K2_repeat2_K2_C0002"", ""K2_repeat3_K2_C0002"", ""K4_repeat1_K4_C0001_M_K4_C0004""]"
TCGA-BP-5180,TCGA-CZ-5985,13,7,0,0.0,[]
TCGA-BP-5180,TCGA-CZ-5988,13,3,0,0.0,[]
TCGA-BP-5180,TCGA-G6-A5PC,13,7,0,0.0,[]
TCGA-BP-5180,TCGA-G6-A8L7,13,5,5,0.38461538461538464,"[""K4_repeat1_K4_C0001_M_K4_C0004"", ""K4_repeat2_K4_C0001"", ""K5_repeat2_K5_C0001_M_K5_C0005"", ""K5_repeat3_K5_C0001_M_K5_C0005"", ""K6_repeat3_K6_C0001_M_K6_C0004""]"
TCGA-BP-5181,TCGA-BP-5183,13,13,13,1.0,"[""K2_repeat1_K2_C0002"", ""K2_repeat2_K2_C0002"", ""K2_repeat3_K2_C0002"", ""K3_repeat1_K3_C0003"", ""K3_repeat2_K3_C0003"", ""K3_repeat3_K3_C0003"", ""K4_repeat1_K4_C0001_M_K4_C0004"", ""K4_repeat2_K4_C0001"", ""K5_repeat2_K5_C0001_M_K5_C0005"", ""K5_repeat3_K5_C0001_M_K5_C0005"", ""K6_repeat3_K6_C0001_M_K6_C0004"", ""K7_repeat1_K7_C0001"", ""K8_repeat2_K8_C0001""]"
TCGA-BP-5181,TCGA-BP-5184,13,13,13,1.0,"[""K2_repeat1_K2_C0002"", ""K2_repeat2_K2_C0002"", ""K2_repeat3_K2_C0002"", ""K3_repeat1_K3_C0003"", ""K3_repeat2_K3_C0003"", ""K3_repeat3_K3_C0003"", ""K4_repeat1_K4_C0001_M_K4_C0004"", ""K4_repeat2_K4_C0001"", ""K5_repeat2_K5_C0001_M_K5_C0005"", ""K5_repeat3_K5_C0001_M_K5_C0005"", ""K6_repeat3_K6_C0001_M_K6_C0004"", ""K7_repeat1_K7_C0001"", ""K8_repeat2_K8_C0001""]"
TCGA-BP-5181,TCGA-BP-5186,13,13,13,1.0,"[""K2_repeat1_K2_C0002"", ""K2_repeat2_K2_C0002"", ""K2_repeat3_K2_C0002"", ""K3_repeat1_K3_C0003"", ""K3_repeat2_K3_C0003"", ""K3_repeat3_K3_C0003"", ""K4_repeat1_K4_C0001_M_K4_C0004"", ""K4_repeat2_K4_C0001"", ""K5_repeat2_K5_C0001_M_K5_C0005"", ""K5_repeat3_K5_C0001_M_K5_C0005"", ""K6_repeat3_K6_C0001_M_K6_C0004"", ""K7_repeat1_K7_C0001"", ""K8_repeat2_K8_C0001""]"
TCGA-BP-5181,TCGA-BP-5187,13,13,13,1.0,"[""K2_repeat1_K2_C0002"", ""K2_repeat2_K2_C0002"", ""K2_repeat3_K2_C0002"", ""K3_repeat1_K3_C0003"", ""K3_repeat2_K3_C0003"", ""K3_repeat3_K3_C0003"", ""K4_repeat1_K4_C0001_M_K4_C0004"", ""K4_repeat2_K4_C0001"", ""K5_repeat2_K5_C0001_M_K5_C0005"", ""K5_repeat3_K5_C0001_M_K5_C0005"", ""K6_repeat3_K6_C0001_M_K6_C0004"", ""K7_repeat1_K7_C0001"", ""K8_repeat2_K8_C0001""]"
TCGA-BP-5181,TCGA-BP-5189,13,11,9,0.6923076923076923,"[""K2_repeat1_K2_C0002"", ""K2_repeat2_K2_C0002"", ""K2_repeat3_K2_C0002"", ""K3_repeat1_K3_C0003"", ""K3_repeat2_K3_C0003"", ""K3_repeat3_K3_C0003"", ""K4_repeat1_K4_C0001_M_K4_C0004"", ""K4_repeat2_K4_C0001"", ""K6_repeat3_K6_C0001_M_K6_C0004""]"
TCGA-BP-5181,TCGA-BP-5190,13,3,0,0.0,[]
TCGA-BP-5181,TCGA-BP-5191,13,3,0,0.0,[]
TCGA-BP-5181,TCGA-BP-5192,13,10,7,0.5384615384615384,"[""K2_repeat1_K2_C0002"", ""K2_repeat2_K2_C0002"", ""K2_repeat3_K2_C0002"", ""K3_repeat1_K3_C0003"", ""K3_repeat2_K3_C0003"", ""K3_repeat3_K3_C0003"", ""K4_repeat1_K4_C0001_M_K4_C0004""]"
TCGA-BP-5181,TCGA-BP-5194,13,11,11,0.8461538461538461,"[""K2_repeat1_K2_C0002"", ""K2_repeat2_K2_C0002"", ""K2_repeat3_K2_C0002"", ""K3_repeat1_K3_C0003"", ""K3_repeat2_K3_C0003"", ""K3_repeat3_K3_C0003"", ""K4_repeat1_K4_C0001_M_K4_C0004"", ""K4_repeat2_K4_C0001"", ""K5_repeat2_K5_C0001_M_K5_C0005"", ""K5_repeat3_K5_C0001_M_K5_C0005"", ""K6_repeat3_K6_C0001_M_K6_C0004""]"
TCGA-BP-5181,TCGA-BP-5195,13,12,12,0.9230769230769231,"[""K2_repeat1_K2_C0002"", ""K2_repeat2_K2_C0002"", ""K2_repeat3_K2_C0002"", ""K3_repeat1_K3_C0003"", ""K3_repeat2_K3_C0003"", ""K3_repeat3_K3_C0003"", ""K4_repeat1_K4_C0001_M_K4_C0004"", ""K4_repeat2_K4_C0001"", ""K5_repeat2_K5_C0001_M_K5_C0005"", ""K5_repeat3_K5_C0001_M_K5_C0005"", ""K6_repeat3_K6_C0001_M_K6_C0004"", ""K8_repeat2_K8_C0001""]"
TCGA-BP-5181,TCGA-BP-5196,13,8,4,0.3076923076923077,"[""K2_repeat1_K2_C0002"", ""K2_repeat2_K2_C0002"", ""K2_repeat3_K2_C0002"", ""K4_repeat1_K4_C0001_M_K4_C0004""]"
TCGA-BP-5181,TCGA-BP-5199,13,12,10,0.7692307692307693,"[""K2_repeat1_K2_C0002"", ""K2_repeat2_K2_C0002"", ""K2_repeat3_K2_C0002"", ""K3_repeat1_K3_C0003"", ""K3_repeat2_K3_C0003"", ""K3_repeat3_K3_C0003"", ""K4_repeat1_K4_C0001_M_K4_C0004"", ""K5_repeat2_K5_C0001_M_K5_C0005"", ""K5_repeat3_K5_C0001_M_K5_C0005"", ""K6_repeat3_K6_C0001_M_K6_C0004""]"
TCGA-BP-5181,TCGA-BP-5200,13,11,11,0.8461538461538461,"[""K2_repeat1_K2_C0002"", ""K2_repeat2_K2_C0002"", ""K2_repeat3_K2_C0002"", ""K3_repeat1_K3_C0003"", ""K3_repeat2_K3_C0003"", ""K3_repeat3_K3_C0003"", ""K4_repeat1_K4_C0001_M_K4_C0004"", ""K4_repeat2_K4_C0001"", ""K5_repeat2_K5_C0001_M_K5_C0005"", ""K5_repeat3_K5_C0001_M_K5_C0005"", ""K6_repeat3_K6_C0001_M_K6_C0004""]"
TCGA-BP-5181,TCGA-CJ-4637,13,7,0,0.0,[]
TCGA-BP-5181,TCGA-CJ-4641,13,7,0,0.0,[]
TCGA-BP-5181,TCGA-CJ-4900,13,6,1,0.07692307692307693,"[""K8_repeat2_K8_C0001""]"
TCGA-BP-5181,TCGA-CJ-4902,13,4,0,0.0,[]
TCGA-BP-5181,TCGA-CJ-4903,13,8,8,0.6153846153846154,"[""K2_repeat1_K2_C0002"", ""K2_repeat2_K2_C0002"", ""K2_repeat3_K2_C0002"", ""K4_repeat1_K4_C0001_M_K4_C0004"", ""K4_repeat2_K4_C0001"", ""K5_repeat2_K5_C0001_M_K5_C0005"", ""K5_repeat3_K5_C0001_M_K5_C0005"", ""K6_repeat3_K6_C0001_M_K6_C0004""]"
TCGA-BP-5181,TCGA-CJ-4904,13,9,9,0.6923076923076923,"[""K2_repeat1_K2_C0002"", ""K2_repeat2_K2_C0002"", ""K2_repeat3_K2_C0002"", ""K4_repeat1_K4_C0001_M_K4_C0004"", ""K4_repeat2_K4_C0001"", ""K5_repeat2_K5_C0001_M_K5_C0005"", ""K5_repeat3_K5_C0001_M_K5_C0005"", ""K6_repeat3_K6_C0001_M_K6_C0004"", ""K7_repeat1_K7_C0001""]"
TCGA-BP-5181,TCGA-CJ-4923,13,7,0,0.0,[]
TCGA-BP-5181,TCGA-CJ-6027,13,7,0,0.0,[]
TCGA-BP-5181,TCGA-CJ-6028,13,7,0,0.0,[]
TCGA-BP-5181,TCGA-CJ-6030,13,7,0,0.0,[]
TCGA-BP-5181,TCGA-CJ-6033,13,5,5,0.38461538461538464,"[""K4_repeat1_K4_C0001_M_K4_C0004"", ""K4_repeat2_K4_C0001"", ""K5_repeat2_K5_C0001_M_K5_C0005"", ""K5_repeat3_K5_C0001_M_K5_C0005"", ""K6_repeat3_K6_C0001_M_K6_C0004""]"
TCGA-BP-5181,TCGA-CZ-4859,13,12,11,0.8461538461538461,"[""K2_repeat1_K2_C0002"", ""K2_repeat2_K2_C0002"", ""K2_repeat3_K2_C0002"", ""K3_repeat1_K3_C0003"", ""K3_repeat2_K3_C0003"", ""K3_repeat3_K3_C0003"", ""K4_repeat1_K4_C0001_M_K4_C0004"", ""K4_repeat2_K4_C0001"", ""K5_repeat2_K5_C0001_M_K5_C0005"", ""K5_repeat3_K5_C0001_M_K5_C0005"", ""K6_repeat3_K6_C0001_M_K6_C0004""]"
TCGA-BP-5181,TCGA-CZ-4863,13,3,0,0.0,[]
TCGA-BP-5181,TCGA-CZ-4865,13,3,0,0.0,[]
TCGA-BP-5181,TCGA-CZ-5451,13,9,7,0.5384615384615384,"[""K2_repeat1_K2_C0002"", ""K2_repeat2_K2_C0002"", ""K2_repeat3_K2_C0002"", ""K4_repeat1_K4_C0001_M_K4_C0004"", ""K4_repeat2_K4_C0001"", ""K5_repeat2_K5_C0001_M_K5_C0005"", ""K5_repeat3_K5_C0001_M_K5_C0005""]"
TCGA-BP-5181,TCGA-CZ-5462,13,5,0,0.0,[]
TCGA-BP-5181,TCGA-CZ-5468,13,3,0,0.0,[]
TCGA-BP-5181,TCGA-CZ-5984,13,8,4,0.3076923076923077,"[""K2_repeat1_K2_C0002"", ""K2_repeat2_K2_C0002"", ""K2_repeat3_K2_C0002"", ""K4_repeat1_K4_C0001_M_K4_C0004""]"
TCGA-BP-5181,TCGA-CZ-5985,13,7,0,0.0,[]
TCGA-BP-5181,TCGA-CZ-5988,13,3,0,0.0,[]
TCGA-BP-5181,TCGA-G6-A5PC,13,7,0,0.0,[]
TCGA-BP-5181,TCGA-G6-A8L7,13,5,5,0.38461538461538464,"[""K4_repeat1_K4_C0001_M_K4_C0004"", ""K4_repeat2_K4_C0001"", ""K5_repeat2_K5_C0001_M_K5_C0005"", ""K5_repeat3_K5_C0001_M_K5_C0005"", ""K6_repeat3_K6_C0001_M_K6_C0004""]"
TCGA-BP-5183,TCGA-BP-5184,13,13,13,1.0,"[""K2_repeat1_K2_C0002"", ""K2_repeat2_K2_C0002"", ""K2_repeat3_K2_C0002"", ""K3_repeat1_K3_C0003"", ""K3_repeat2_K3_C0003"", ""K3_repeat3_K3_C0003"", ""K4_repeat1_K4_C0001_M_K4_C0004"", ""K4_repeat2_K4_C0001"", ""K5_repeat2_K5_C0001_M_K5_C0005"", ""K5_repeat3_K5_C0001_M_K5_C0005"", ""K6_repeat3_K6_C0001_M_K6_C0004"", ""K7_repeat1_K7_C0001"", ""K8_repeat2_K8_C0001""]"
TCGA-BP-5183,TCGA-BP-5186,13,13,13,1.0,"[""K2_repeat1_K2_C0002"", ""K2_repeat2_K2_C0002"", ""K2_repeat3_K2_C0002"", ""K3_repeat1_K3_C0003"", ""K3_repeat2_K3_C0003"", ""K3_repeat3_K3_C0003"", ""K4_repeat1_K4_C0001_M_K4_C0004"", ""K4_repeat2_K4_C0001"", ""K5_repeat2_K5_C0001_M_K5_C0005"", ""K5_repeat3_K5_C0001_M_K5_C0005"", ""K6_repeat3_K6_C0001_M_K6_C0004"", ""K7_repeat1_K7_C0001"", ""K8_repeat2_K8_C0001""]"
TCGA-BP-5183,TCGA-BP-5187,13,13,13,1.0,"[""K2_repeat1_K2_C0002"", ""K2_repeat2_K2_C0002"", ""K2_repeat3_K2_C0002"", ""K3_repeat1_K3_C0003"", ""K3_repeat2_K3_C0003"", ""K3_repeat3_K3_C0003"", ""K4_repeat1_K4_C0001_M_K4_C0004"", ""K4_repeat2_K4_C0001"", ""K5_repeat2_K5_C0001_M_K5_C0005"", ""K5_repeat3_K5_C0001_M_K5_C0005"", ""K6_repeat3_K6_C0001_M_K6_C0004"", ""K7_repeat1_K7_C0001"", ""K8_repeat2_K8_C0001""]"
TCGA-BP-5183,TCGA-BP-5189,13,11,9,0.6923076923076923,"[""K2_repeat1_K2_C0002"", ""K2_repeat2_K2_C0002"", ""K2_repeat3_K2_C0002"", ""K3_repeat1_K3_C0003"", ""K3_repeat2_K3_C0003"", ""K3_repeat3_K3_C0003"", ""K4_repeat1_K4_C0001_M_K4_C0004"", ""K4_repeat2_K4_C0001"", ""K6_repeat3_K6_C0001_M_K6_C0004""]"
TCGA-BP-5183,TCGA-BP-5190,13,3,0,0.0,[]
TCGA-BP-5183,TCGA-BP-5191,13,3,0,0.0,[]
TCGA-BP-5183,TCGA-BP-5192,13,10,7,0.5384615384615384,"[""K2_repeat1_K2_C0002"", ""K2_repeat2_K2_C0002"", ""K2_repeat3_K2_C0002"", ""K3_repeat1_K3_C0003"", ""K3_repeat2_K3_C0003"", ""K3_repeat3_K3_C0003"", ""K4_repeat1_K4_C0001_M_K4_C0004""]"
TCGA-BP-5183,TCGA-BP-5194,13,11,11,0.8461538461538461,"[""K2_repeat1_K2_C0002"", ""K2_repeat2_K2_C0002"", ""K2_repeat3_K2_C0002"", ""K3_repeat1_K3_C0003"", ""K3_repeat2_K3_C0003"", ""K3_repeat3_K3_C0003"", ""K4_repeat1_K4_C0001_M_K4_C0004"", ""K4_repeat2_K4_C0001"", ""K5_repeat2_K5_C0001_M_K5_C0005"", ""K5_repeat3_K5_C0001_M_K5_C0005"", ""K6_repeat3_K6_C0001_M_K6_C0004""]"
TCGA-BP-5183,TCGA-BP-5195,13,12,12,0.9230769230769231,"[""K2_repeat1_K2_C0002"", ""K2_repeat2_K2_C0002"", ""K2_repeat3_K2_C0002"", ""K3_repeat1_K3_C0003"", ""K3_repeat2_K3_C0003"", ""K3_repeat3_K3_C0003"", ""K4_repeat1_K4_C0001_M_K4_C0004"", ""K4_repeat2_K4_C0001"", ""K5_repeat2_K5_C0001_M_K5_C0005"", ""K5_repeat3_K5_C0001_M_K5_C0005"", ""K6_repeat3_K6_C0001_M_K6_C0004"", ""K8_repeat2_K8_C0001""]"
TCGA-BP-5183,TCGA-BP-5196,13,8,4,0.3076923076923077,"[""K2_repeat1_K2_C0002"", ""K2_repeat2_K2_C0002"", ""K2_repeat3_K2_C0002"", ""K4_repeat1_K4_C0001_M_K4_C0004""]"
TCGA-BP-5183,TCGA-BP-5199,13,12,10,0.7692307692307693,"[""K2_repeat1_K2_C0002"", ""K2_repeat2_K2_C0002"", ""K2_repeat3_K2_C0002"", ""K3_repeat1_K3_C0003"", ""K3_repeat2_K3_C0003"", ""K3_repeat3_K3_C0003"", ""K4_repeat1_K4_C0001_M_K4_C0004"", ""K5_repeat2_K5_C0001_M_K5_C0005"", ""K5_repeat3_K5_C0001_M_K5_C0005"", ""K6_repeat3_K6_C0001_M_K6_C0004""]"
TCGA-BP-5183,TCGA-BP-5200,13,11,11,0.8461538461538461,"[""K2_repeat1_K2_C0002"", ""K2_repeat2_K2_C0002"", ""K2_repeat3_K2_C0002"", ""K3_repeat1_K3_C0003"", ""K3_repeat2_K3_C0003"", ""K3_repeat3_K3_C0003"", ""K4_repeat1_K4_C0001_M_K4_C0004"", ""K4_repeat2_K4_C0001"", ""K5_repeat2_K5_C0001_M_K5_C0005"", ""K5_repeat3_K5_C0001_M_K5_C0005"", ""K6_repeat3_K6_C0001_M_K6_C0004""]"
TCGA-BP-5183,TCGA-CJ-4637,13,7,0,0.0,[]
TCGA-BP-5183,TCGA-CJ-4641,13,7,0,0.0,[]
TCGA-BP-5183,TCGA-CJ-4900,13,6,1,0.07692307692307693,"[""K8_repeat2_K8_C0001""]"
TCGA-BP-5183,TCGA-CJ-4902,13,4,0,0.0,[]
TCGA-BP-5183,TCGA-CJ-4903,13,8,8,0.6153846153846154,"[""K2_repeat1_K2_C0002"", ""K2_repeat2_K2_C0002"", ""K2_repeat3_K2_C0002"", ""K4_repeat1_K4_C0001_M_K4_C0004"", ""K4_repeat2_K4_C0001"", ""K5_repeat2_K5_C0001_M_K5_C0005"", ""K5_repeat3_K5_C0001_M_K5_C0005"", ""K6_repeat3_K6_C0001_M_K6_C0004""]"
TCGA-BP-5183,TCGA-CJ-4904,13,9,9,0.6923076923076923,"[""K2_repeat1_K2_C0002"", ""K2_repeat2_K2_C0002"", ""K2_repeat3_K2_C0002"", ""K4_repeat1_K4_C0001_M_K4_C0004"", ""K4_repeat2_K4_C0001"", ""K5_repeat2_K5_C0001_M_K5_C0005"", ""K5_repeat3_K5_C0001_M_K5_C0005"", ""K6_repeat3_K6_C0001_M_K6_C0004"", ""K7_repeat1_K7_C0001""]"
TCGA-BP-5183,TCGA-CJ-4923,13,7,0,0.0,[]
TCGA-BP-5183,TCGA-CJ-6027,13,7,0,0.0,[]
TCGA-BP-5183,TCGA-CJ-6028,13,7,0,0.0,[]
TCGA-BP-5183,TCGA-CJ-6030,13,7,0,0.0,[]
TCGA-BP-5183,TCGA-CJ-6033,13,5,5,0.38461538461538464,"[""K4_repeat1_K4_C0001_M_K4_C0004"", ""K4_repeat2_K4_C0001"", ""K5_repeat2_K5_C0001_M_K5_C0005"", ""K5_repeat3_K5_C0001_M_K5_C0005"", ""K6_repeat3_K6_C0001_M_K6_C0004""]"
TCGA-BP-5183,TCGA-CZ-4859,13,12,11,0.8461538461538461,"[""K2_repeat1_K2_C0002"", ""K2_repeat2_K2_C0002"", ""K2_repeat3_K2_C0002"", ""K3_repeat1_K3_C0003"", ""K3_repeat2_K3_C0003"", ""K3_repeat3_K3_C0003"", ""K4_repeat1_K4_C0001_M_K4_C0004"", ""K4_repeat2_K4_C0001"", ""K5_repeat2_K5_C0001_M_K5_C0005"", ""K5_repeat3_K5_C0001_M_K5_C0005"", ""K6_repeat3_K6_C0001_M_K6_C0004""]"
TCGA-BP-5183,TCGA-CZ-4863,13,3,0,0.0,[]
TCGA-BP-5183,TCGA-CZ-4865,13,3,0,0.0,[]
TCGA-BP-5183,TCGA-CZ-5451,13,9,7,0.5384615384615384,"[""K2_repeat1_K2_C0002"", ""K2_repeat2_K2_C0002"", ""K2_repeat3_K2_C0002"", ""K4_repeat1_K4_C0001_M_K4_C0004"", ""K4_repeat2_K4_C0001"", ""K5_repeat2_K5_C0001_M_K5_C0005"", ""K5_repeat3_K5_C0001_M_K5_C0005""]"
TCGA-BP-5183,TCGA-CZ-5462,13,5,0,0.0,[]
TCGA-BP-5183,TCGA-CZ-5468,13,3,0,0.0,[]
TCGA-BP-5183,TCGA-CZ-5984,13,8,4,0.3076923076923077,"[""K2_repeat1_K2_C0002"", ""K2_repeat2_K2_C0002"", ""K2_repeat3_K2_C0002"", ""K4_repeat1_K4_C0001_M_K4_C0004""]"
TCGA-BP-5183,TCGA-CZ-5985,13,7,0,0.0,[]
TCGA-BP-5183,TCGA-CZ-5988,13,3,0,0.0,[]
TCGA-BP-5183,TCGA-G6-A5PC,13,7,0,0.0,[]
TCGA-BP-5183,TCGA-G6-A8L7,13,5,5,0.38461538461538464,"[""K4_repeat1_K4_C0001_M_K4_C0004"", ""K4_repeat2_K4_C0001"", ""K5_repeat2_K5_C0001_M_K5_C0005"", ""K5_repeat3_K5_C0001_M_K5_C0005"", ""K6_repeat3_K6_C0001_M_K6_C0004""]"
TCGA-BP-5184,TCGA-BP-5186,13,13,13,1.0,"[""K2_repeat1_K2_C0002"", ""K2_repeat2_K2_C0002"", ""K2_repeat3_K2_C0002"", ""K3_repeat1_K3_C0003"", ""K3_repeat2_K3_C0003"", ""K3_repeat3_K3_C0003"", ""K4_repeat1_K4_C0001_M_K4_C0004"", ""K4_repeat2_K4_C0001"", ""K5_repeat2_K5_C0001_M_K5_C0005"", ""K5_repeat3_K5_C0001_M_K5_C0005"", ""K6_repeat3_K6_C0001_M_K6_C0004"", ""K7_repeat1_K7_C0001"", ""K8_repeat2_K8_C0001""]"
TCGA-BP-5184,TCGA-BP-5187,13,13,13,1.0,"[""K2_repeat1_K2_C0002"", ""K2_repeat2_K2_C0002"", ""K2_repeat3_K2_C0002"", ""K3_repeat1_K3_C0003"", ""K3_repeat2_K3_C0003"", ""K3_repeat3_K3_C0003"", ""K4_repeat1_K4_C0001_M_K4_C0004"", ""K4_repeat2_K4_C0001"", ""K5_repeat2_K5_C0001_M_K5_C0005"", ""K5_repeat3_K5_C0001_M_K5_C0005"", ""K6_repeat3_K6_C0001_M_K6_C0004"", ""K7_repeat1_K7_C0001"", ""K8_repeat2_K8_C0001""]"
TCGA-BP-5184,TCGA-BP-5189,13,11,9,0.6923076923076923,"[""K2_repeat1_K2_C0002"", ""K2_repeat2_K2_C0002"", ""K2_repeat3_K2_C0002"", ""K3_repeat1_K3_C0003"", ""K3_repeat2_K3_C0003"", ""K3_repeat3_K3_C0003"", ""K4_repeat1_K4_C0001_M_K4_C0004"", ""K4_repeat2_K4_C0001"", ""K6_repeat3_K6_C0001_M_K6_C0004""]"
TCGA-BP-5184,TCGA-BP-5190,13,3,0,0.0,[]
TCGA-BP-5184,TCGA-BP-5191,13,3,0,0.0,[]
TCGA-BP-5184,TCGA-BP-5192,13,10,7,0.5384615384615384,"[""K2_repeat1_K2_C0002"", ""K2_repeat2_K2_C0002"", ""K2_repeat3_K2_C0002"", ""K3_repeat1_K3_C0003"", ""K3_repeat2_K3_C0003"", ""K3_repeat3_K3_C0003"", ""K4_repeat1_K4_C0001_M_K4_C0004""]"
TCGA-BP-5184,TCGA-BP-5194,13,11,11,0.8461538461538461,"[""K2_repeat1_K2_C0002"", ""K2_repeat2_K2_C0002"", ""K2_repeat3_K2_C0002"", ""K3_repeat1_K3_C0003"", ""K3_repeat2_K3_C0003"", ""K3_repeat3_K3_C0003"", ""K4_repeat1_K4_C0001_M_K4_C0004"", ""K4_repeat2_K4_C0001"", ""K5_repeat2_K5_C0001_M_K5_C0005"", ""K5_repeat3_K5_C0001_M_K5_C0005"", ""K6_repeat3_K6_C0001_M_K6_C0004""]"
TCGA-BP-5184,TCGA-BP-5195,13,12,12,0.9230769230769231,"[""K2_repeat1_K2_C0002"", ""K2_repeat2_K2_C0002"", ""K2_repeat3_K2_C0002"", ""K3_repeat1_K3_C0003"", ""K3_repeat2_K3_C0003"", ""K3_repeat3_K3_C0003"", ""K4_repeat1_K4_C0001_M_K4_C0004"", ""K4_repeat2_K4_C0001"", ""K5_repeat2_K5_C0001_M_K5_C0005"", ""K5_repeat3_K5_C0001_M_K5_C0005"", ""K6_repeat3_K6_C0001_M_K6_C0004"", ""K8_repeat2_K8_C0001""]"
TCGA-BP-5184,TCGA-BP-5196,13,8,4,0.3076923076923077,"[""K2_repeat1_K2_C0002"", ""K2_repeat2_K2_C0002"", ""K2_repeat3_K2_C0002"", ""K4_repeat1_K4_C0001_M_K4_C0004""]"
TCGA-BP-5184,TCGA-BP-5199,13,12,10,0.7692307692307693,"[""K2_repeat1_K2_C0002"", ""K2_repeat2_K2_C0002"", ""K2_repeat3_K2_C0002"", ""K3_repeat1_K3_C0003"", ""K3_repeat2_K3_C0003"", ""K3_repeat3_K3_C0003"", ""K4_repeat1_K4_C0001_M_K4_C0004"", ""K5_repeat2_K5_C0001_M_K5_C0005"", ""K5_repeat3_K5_C0001_M_K5_C0005"", ""K6_repeat3_K6_C0001_M_K6_C0004""]"
TCGA-BP-5184,TCGA-BP-5200,13,11,11,0.8461538461538461,"[""K2_repeat1_K2_C0002"", ""K2_repeat2_K2_C0002"", ""K2_repeat3_K2_C0002"", ""K3_repeat1_K3_C0003"", ""K3_repeat2_K3_C0003"", ""K3_repeat3_K3_C0003"", ""K4_repeat1_K4_C0001_M_K4_C0004"", ""K4_repeat2_K4_C0001"", ""K5_repeat2_K5_C0001_M_K5_C0005"", ""K5_repeat3_K5_C0001_M_K5_C0005"", ""K6_repeat3_K6_C0001_M_K6_C0004""]"
TCGA-BP-5184,TCGA-CJ-4637,13,7,0,0.0,[]
TCGA-BP-5184,TCGA-CJ-4641,13,7,0,0.0,[]
TCGA-BP-5184,TCGA-CJ-4900,13,6,1,0.07692307692307693,"[""K8_repeat2_K8_C0001""]"
TCGA-BP-5184,TCGA-CJ-4902,13,4,0,0.0,[]
TCGA-BP-5184,TCGA-CJ-4903,13,8,8,0.6153846153846154,"[""K2_repeat1_K2_C0002"", ""K2_repeat2_K2_C0002"", ""K2_repeat3_K2_C0002"", ""K4_repeat1_K4_C0001_M_K4_C0004"", ""K4_repeat2_K4_C0001"", ""K5_repeat2_K5_C0001_M_K5_C0005"", ""K5_repeat3_K5_C0001_M_K5_C0005"", ""K6_repeat3_K6_C0001_M_K6_C0004""]"
TCGA-BP-5184,TCGA-CJ-4904,13,9,9,0.6923076923076923,"[""K2_repeat1_K2_C0002"", ""K2_repeat2_K2_C0002"", ""K2_repeat3_K2_C0002"", ""K4_repeat1_K4_C0001_M_K4_C0004"", ""K4_repeat2_K4_C0001"", ""K5_repeat2_K5_C0001_M_K5_C0005"", ""K5_repeat3_K5_C0001_M_K5_C0005"", ""K6_repeat3_K6_C0001_M_K6_C0004"", ""K7_repeat1_K7_C0001""]"
TCGA-BP-5184,TCGA-CJ-4923,13,7,0,0.0,[]
TCGA-BP-5184,TCGA-CJ-6027,13,7,0,0.0,[]
TCGA-BP-5184,TCGA-CJ-6028,13,7,0,0.0,[]
TCGA-BP-5184,TCGA-CJ-6030,13,7,0,0.0,[]
TCGA-BP-5184,TCGA-CJ-6033,13,5,5,0.38461538461538464,"[""K4_repeat1_K4_C0001_M_K4_C0004"", ""K4_repeat2_K4_C0001"", ""K5_repeat2_K5_C0001_M_K5_C0005"", ""K5_repeat3_K5_C0001_M_K5_C0005"", ""K6_repeat3_K6_C0001_M_K6_C0004""]"
TCGA-BP-5184,TCGA-CZ-4859,13,12,11,0.8461538461538461,"[""K2_repeat1_K2_C0002"", ""K2_repeat2_K2_C0002"", ""K2_repeat3_K2_C0002"", ""K3_repeat1_K3_C0003"", ""K3_repeat2_K3_C0003"", ""K3_repeat3_K3_C0003"", ""K4_repeat1_K4_C0001_M_K4_C0004"", ""K4_repeat2_K4_C0001"", ""K5_repeat2_K5_C0001_M_K5_C0005"", ""K5_repeat3_K5_C0001_M_K5_C0005"", ""K6_repeat3_K6_C0001_M_K6_C0004""]"
TCGA-BP-5184,TCGA-CZ-4863,13,3,0,0.0,[]
TCGA-BP-5184,TCGA-CZ-4865,13,3,0,0.0,[]
TCGA-BP-5184,TCGA-CZ-5451,13,9,7,0.5384615384615384,"[""K2_repeat1_K2_C0002"", ""K2_repeat2_K2_C0002"", ""K2_repeat3_K2_C0002"", ""K4_repeat1_K4_C0001_M_K4_C0004"", ""K4_repeat2_K4_C0001"", ""K5_repeat2_K5_C0001_M_K5_C0005"", ""K5_repeat3_K5_C0001_M_K5_C0005""]"
TCGA-BP-5184,TCGA-CZ-5462,13,5,0,0.0,[]
TCGA-BP-5184,TCGA-CZ-5468,13,3,0,0.0,[]
TCGA-BP-5184,TCGA-CZ-5984,13,8,4,0.3076923076923077,"[""K2_repeat1_K2_C0002"", ""K2_repeat2_K2_C0002"", ""K2_repeat3_K2_C0002"", ""K4_repeat1_K4_C0001_M_K4_C0004""]"
TCGA-BP-5184,TCGA-CZ-5985,13,7,0,0.0,[]
TCGA-BP-5184,TCGA-CZ-5988,13,3,0,0.0,[]
TCGA-BP-5184,TCGA-G6-A5PC,13,7,0,0.0,[]
TCGA-BP-5184,TCGA-G6-A8L7,13,5,5,0.38461538461538464,"[""K4_repeat1_K4_C0001_M_K4_C0004"", ""K4_repeat2_K4_C0001"", ""K5_repeat2_K5_C0001_M_K5_C0005"", ""K5_repeat3_K5_C0001_M_K5_C0005"", ""K6_repeat3_K6_C0001_M_K6_C0004""]"
TCGA-BP-5186,TCGA-BP-5187,13,13,13,1.0,"[""K2_repeat1_K2_C0002"", ""K2_repeat2_K2_C0002"", ""K2_repeat3_K2_C0002"", ""K3_repeat1_K3_C0003"", ""K3_repeat2_K3_C0003"", ""K3_repeat3_K3_C0003"", ""K4_repeat1_K4_C0001_M_K4_C0004"", ""K4_repeat2_K4_C0001"", ""K5_repeat2_K5_C0001_M_K5_C0005"", ""K5_repeat3_K5_C0001_M_K5_C0005"", ""K6_repeat3_K6_C0001_M_K6_C0004"", ""K7_repeat1_K7_C0001"", ""K8_repeat2_K8_C0001""]"
TCGA-BP-5186,TCGA-BP-5189,13,11,9,0.6923076923076923,"[""K2_repeat1_K2_C0002"", ""K2_repeat2_K2_C0002"", ""K2_repeat3_K2_C0002"", ""K3_repeat1_K3_C0003"", ""K3_repeat2_K3_C0003"", ""K3_repeat3_K3_C0003"", ""K4_repeat1_K4_C0001_M_K4_C0004"", ""K4_repeat2_K4_C0001"", ""K6_repeat3_K6_C0001_M_K6_C0004""]"
TCGA-BP-5186,TCGA-BP-5190,13,3,0,0.0,[]
TCGA-BP-5186,TCGA-BP-5191,13,3,0,0.0,[]
TCGA-BP-5186,TCGA-BP-5192,13,10,7,0.5384615384615384,"[""K2_repeat1_K2_C0002"", ""K2_repeat2_K2_C0002"", ""K2_repeat3_K2_C0002"", ""K3_repeat1_K3_C0003"", ""K3_repeat2_K3_C0003"", ""K3_repeat3_K3_C0003"", ""K4_repeat1_K4_C0001_M_K4_C0004""]"
TCGA-BP-5186,TCGA-BP-5194,13,11,11,0.8461538461538461,"[""K2_repeat1_K2_C0002"", ""K2_repeat2_K2_C0002"", ""K2_repeat3_K2_C0002"", ""K3_repeat1_K3_C0003"", ""K3_repeat2_K3_C0003"", ""K3_repeat3_K3_C0003"", ""K4_repeat1_K4_C0001_M_K4_C0004"", ""K4_repeat2_K4_C0001"", ""K5_repeat2_K5_C0001_M_K5_C0005"", ""K5_repeat3_K5_C0001_M_K5_C0005"", ""K6_repeat3_K6_C0001_M_K6_C0004""]"
TCGA-BP-5186,TCGA-BP-5195,13,12,12,0.9230769230769231,"[""K2_repeat1_K2_C0002"", ""K2_repeat2_K2_C0002"", ""K2_repeat3_K2_C0002"", ""K3_repeat1_K3_C0003"", ""K3_repeat2_K3_C0003"", ""K3_repeat3_K3_C0003"", ""K4_repeat1_K4_C0001_M_K4_C0004"", ""K4_repeat2_K4_C0001"", ""K5_repeat2_K5_C0001_M_K5_C0005"", ""K5_repeat3_K5_C0001_M_K5_C0005"", ""K6_repeat3_K6_C0001_M_K6_C0004"", ""K8_repeat2_K8_C0001""]"
TCGA-BP-5186,TCGA-BP-5196,13,8,4,0.3076923076923077,"[""K2_repeat1_K2_C0002"", ""K2_repeat2_K2_C0002"", ""K2_repeat3_K2_C0002"", ""K4_repeat1_K4_C0001_M_K4_C0004""]"
TCGA-BP-5186,TCGA-BP-5199,13,12,10,0.7692307692307693,"[""K2_repeat1_K2_C0002"", ""K2_repeat2_K2_C0002"", ""K2_repeat3_K2_C0002"", ""K3_repeat1_K3_C0003"", ""K3_repeat2_K3_C0003"", ""K3_repeat3_K3_C0003"", ""K4_repeat1_K4_C0001_M_K4_C0004"", ""K5_repeat2_K5_C0001_M_K5_C0005"", ""K5_repeat3_K5_C0001_M_K5_C0005"", ""K6_repeat3_K6_C0001_M_K6_C0004""]"
TCGA-BP-5186,TCGA-BP-5200,13,11,11,0.8461538461538461,"[""K2_repeat1_K2_C0002"", ""K2_repeat2_K2_C0002"", ""K2_repeat3_K2_C0002"", ""K3_repeat1_K3_C0003"", ""K3_repeat2_K3_C0003"", ""K3_repeat3_K3_C0003"", ""K4_repeat1_K4_C0001_M_K4_C0004"", ""K4_repeat2_K4_C0001"", ""K5_repeat2_K5_C0001_M_K5_C0005"", ""K5_repeat3_K5_C0001_M_K5_C0005"", ""K6_repeat3_K6_C0001_M_K6_C0004""]"
TCGA-BP-5186,TCGA-CJ-4637,13,7,0,0.0,[]
TCGA-BP-5186,TCGA-CJ-4641,13,7,0,0.0,[]
TCGA-BP-5186,TCGA-CJ-4900,13,6,1,0.07692307692307693,"[""K8_repeat2_K8_C0001""]"
TCGA-BP-5186,TCGA-CJ-4902,13,4,0,0.0,[]
TCGA-BP-5186,TCGA-CJ-4903,13,8,8,0.6153846153846154,"[""K2_repeat1_K2_C0002"", ""K2_repeat2_K2_C0002"", ""K2_repeat3_K2_C0002"", ""K4_repeat1_K4_C0001_M_K4_C0004"", ""K4_repeat2_K4_C0001"", ""K5_repeat2_K5_C0001_M_K5_C0005"", ""K5_repeat3_K5_C0001_M_K5_C0005"", ""K6_repeat3_K6_C0001_M_K6_C0004""]"
TCGA-BP-5186,TCGA-CJ-4904,13,9,9,0.6923076923076923,"[""K2_repeat1_K2_C0002"", ""K2_repeat2_K2_C0002"", ""K2_repeat3_K2_C0002"", ""K4_repeat1_K4_C0001_M_K4_C0004"", ""K4_repeat2_K4_C0001"", ""K5_repeat2_K5_C0001_M_K5_C0005"", ""K5_repeat3_K5_C0001_M_K5_C0005"", ""K6_repeat3_K6_C0001_M_K6_C0004"", ""K7_repeat1_K7_C0001""]"
TCGA-BP-5186,TCGA-CJ-4923,13,7,0,0.0,[]
TCGA-BP-5186,TCGA-CJ-6027,13,7,0,0.0,[]
TCGA-BP-5186,TCGA-CJ-6028,13,7,0,0.0,[]
TCGA-BP-5186,TCGA-CJ-6030,13,7,0,0.0,[]
TCGA-BP-5186,TCGA-CJ-6033,13,5,5,0.38461538461538464,"[""K4_repeat1_K4_C0001_M_K4_C0004"", ""K4_repeat2_K4_C0001"", ""K5_repeat2_K5_C0001_M_K5_C0005"", ""K5_repeat3_K5_C0001_M_K5_C0005"", ""K6_repeat3_K6_C0001_M_K6_C0004""]"
TCGA-BP-5186,TCGA-CZ-4859,13,12,11,0.8461538461538461,"[""K2_repeat1_K2_C0002"", ""K2_repeat2_K2_C0002"", ""K2_repeat3_K2_C0002"", ""K3_repeat1_K3_C0003"", ""K3_repeat2_K3_C0003"", ""K3_repeat3_K3_C0003"", ""K4_repeat1_K4_C0001_M_K4_C0004"", ""K4_repeat2_K4_C0001"", ""K5_repeat2_K5_C0001_M_K5_C0005"", ""K5_repeat3_K5_C0001_M_K5_C0005"", ""K6_repeat3_K6_C0001_M_K6_C0004""]"
TCGA-BP-5186,TCGA-CZ-4863,13,3,0,0.0,[]
TCGA-BP-5186,TCGA-CZ-4865,13,3,0,0.0,[]
TCGA-BP-5186,TCGA-CZ-5451,13,9,7,0.5384615384615384,"[""K2_repeat1_K2_C0002"", ""K2_repeat2_K2_C0002"", ""K2_repeat3_K2_C0002"", ""K4_repeat1_K4_C0001_M_K4_C0004"", ""K4_repeat2_K4_C0001"", ""K5_repeat2_K5_C0001_M_K5_C0005"", ""K5_repeat3_K5_C0001_M_K5_C0005""]"
TCGA-BP-5186,TCGA-CZ-5462,13,5,0,0.0,[]
TCGA-BP-5186,TCGA-CZ-5468,13,3,0,0.0,[]
TCGA-BP-5186,TCGA-CZ-5984,13,8,4,0.3076923076923077,"[""K2_repeat1_K2_C0002"", ""K2_repeat2_K2_C0002"", ""K2_repeat3_K2_C0002"", ""K4_repeat1_K4_C0001_M_K4_C0004""]"
TCGA-BP-5186,TCGA-CZ-5985,13,7,0,0.0,[]
TCGA-BP-5186,TCGA-CZ-5988,13,3,0,0.0,[]
TCGA-BP-5186,TCGA-G6-A5PC,13,7,0,0.0,[]
TCGA-BP-5186,TCGA-G6-A8L7,13,5,5,0.38461538461538464,"[""K4_repeat1_K4_C0001_M_K4_C0004"", ""K4_repeat2_K4_C0001"", ""K5_repeat2_K5_C0001_M_K5_C0005"", ""K5_repeat3_K5_C0001_M_K5_C0005"", ""K6_repeat3_K6_C0001_M_K6_C0004""]"
TCGA-BP-5187,TCGA-BP-5189,13,11,9,0.6923076923076923,"[""K2_repeat1_K2_C0002"", ""K2_repeat2_K2_C0002"", ""K2_repeat3_K2_C0002"", ""K3_repeat1_K3_C0003"", ""K3_repeat2_K3_C0003"", ""K3_repeat3_K3_C0003"", ""K4_repeat1_K4_C0001_M_K4_C0004"", ""K4_repeat2_K4_C0001"", ""K6_repeat3_K6_C0001_M_K6_C0004""]"
TCGA-BP-5187,TCGA-BP-5190,13,3,0,0.0,[]
TCGA-BP-5187,TCGA-BP-5191,13,3,0,0.0,[]
TCGA-BP-5187,TCGA-BP-5192,13,10,7,0.5384615384615384,"[""K2_repeat1_K2_C0002"", ""K2_repeat2_K2_C0002"", ""K2_repeat3_K2_C0002"", ""K3_repeat1_K3_C0003"", ""K3_repeat2_K3_C0003"", ""K3_repeat3_K3_C0003"", ""K4_repeat1_K4_C0001_M_K4_C0004""]"
TCGA-BP-5187,TCGA-BP-5194,13,11,11,0.8461538461538461,"[""K2_repeat1_K2_C0002"", ""K2_repeat2_K2_C0002"", ""K2_repeat3_K2_C0002"", ""K3_repeat1_K3_C0003"", ""K3_repeat2_K3_C0003"", ""K3_repeat3_K3_C0003"", ""K4_repeat1_K4_C0001_M_K4_C0004"", ""K4_repeat2_K4_C0001"", ""K5_repeat2_K5_C0001_M_K5_C0005"", ""K5_repeat3_K5_C0001_M_K5_C0005"", ""K6_repeat3_K6_C0001_M_K6_C0004""]"
TCGA-BP-5187,TCGA-BP-5195,13,12,12,0.9230769230769231,"[""K2_repeat1_K2_C0002"", ""K2_repeat2_K2_C0002"", ""K2_repeat3_K2_C0002"", ""K3_repeat1_K3_C0003"", ""K3_repeat2_K3_C0003"", ""K3_repeat3_K3_C0003"", ""K4_repeat1_K4_C0001_M_K4_C0004"", ""K4_repeat2_K4_C0001"", ""K5_repeat2_K5_C0001_M_K5_C0005"", ""K5_repeat3_K5_C0001_M_K5_C0005"", ""K6_repeat3_K6_C0001_M_K6_C0004"", ""K8_repeat2_K8_C0001""]"
TCGA-BP-5187,TCGA-BP-5196,13,8,4,0.3076923076923077,"[""K2_repeat1_K2_C0002"", ""K2_repeat2_K2_C0002"", ""K2_repeat3_K2_C0002"", ""K4_repeat1_K4_C0001_M_K4_C0004""]"
TCGA-BP-5187,TCGA-BP-5199,13,12,10,0.7692307692307693,"[""K2_repeat1_K2_C0002"", ""K2_repeat2_K2_C0002"", ""K2_repeat3_K2_C0002"", ""K3_repeat1_K3_C0003"", ""K3_repeat2_K3_C0003"", ""K3_repeat3_K3_C0003"", ""K4_repeat1_K4_C0001_M_K4_C0004"", ""K5_repeat2_K5_C0001_M_K5_C0005"", ""K5_repeat3_K5_C0001_M_K5_C0005"", ""K6_repeat3_K6_C0001_M_K6_C0004""]"
TCGA-BP-5187,TCGA-BP-5200,13,11,11,0.8461538461538461,"[""K2_repeat1_K2_C0002"", ""K2_repeat2_K2_C0002"", ""K2_repeat3_K2_C0002"", ""K3_repeat1_K3_C0003"", ""K3_repeat2_K3_C0003"", ""K3_repeat3_K3_C0003"", ""K4_repeat1_K4_C0001_M_K4_C0004"", ""K4_repeat2_K4_C0001"", ""K5_repeat2_K5_C0001_M_K5_C0005"", ""K5_repeat3_K5_C0001_M_K5_C0005"", ""K6_repeat3_K6_C0001_M_K6_C0004""]"
TCGA-BP-5187,TCGA-CJ-4637,13,7,0,0.0,[]
TCGA-BP-5187,TCGA-CJ-4641,13,7,0,0.0,[]
TCGA-BP-5187,TCGA-CJ-4900,13,6,1,0.07692307692307693,"[""K8_repeat2_K8_C0001""]"
TCGA-BP-5187,TCGA-CJ-4902,13,4,0,0.0,[]
TCGA-BP-5187,TCGA-CJ-4903,13,8,8,0.6153846153846154,"[""K2_repeat1_K2_C0002"", ""K2_repeat2_K2_C0002"", ""K2_repeat3_K2_C0002"", ""K4_repeat1_K4_C0001_M_K4_C0004"", ""K4_repeat2_K4_C0001"", ""K5_repeat2_K5_C0001_M_K5_C0005"", ""K5_repeat3_K5_C0001_M_K5_C0005"", ""K6_repeat3_K6_C0001_M_K6_C0004""]"
TCGA-BP-5187,TCGA-CJ-4904,13,9,9,0.6923076923076923,"[""K2_repeat1_K2_C0002"", ""K2_repeat2_K2_C0002"", ""K2_repeat3_K2_C0002"", ""K4_repeat1_K4_C0001_M_K4_C0004"", ""K4_repeat2_K4_C0001"", ""K5_repeat2_K5_C0001_M_K5_C0005"", ""K5_repeat3_K5_C0001_M_K5_C0005"", ""K6_repeat3_K6_C0001_M_K6_C0004"", ""K7_repeat1_K7_C0001""]"
TCGA-BP-5187,TCGA-CJ-4923,13,7,0,0.0,[]
TCGA-BP-5187,TCGA-CJ-6027,13,7,0,0.0,[]
TCGA-BP-5187,TCGA-CJ-6028,13,7,0,0.0,[]
TCGA-BP-5187,TCGA-CJ-6030,13,7,0,0.0,[]
TCGA-BP-5187,TCGA-CJ-6033,13,5,5,0.38461538461538464,"[""K4_repeat1_K4_C0001_M_K4_C0004"", ""K4_repeat2_K4_C0001"", ""K5_repeat2_K5_C0001_M_K5_C0005"", ""K5_repeat3_K5_C0001_M_K5_C0005"", ""K6_repeat3_K6_C0001_M_K6_C0004""]"
TCGA-BP-5187,TCGA-CZ-4859,13,12,11,0.8461538461538461,"[""K2_repeat1_K2_C0002"", ""K2_repeat2_K2_C0002"", ""K2_repeat3_K2_C0002"", ""K3_repeat1_K3_C0003"", ""K3_repeat2_K3_C0003"", ""K3_repeat3_K3_C0003"", ""K4_repeat1_K4_C0001_M_K4_C0004"", ""K4_repeat2_K4_C0001"", ""K5_repeat2_K5_C0001_M_K5_C0005"", ""K5_repeat3_K5_C0001_M_K5_C0005"", ""K6_repeat3_K6_C0001_M_K6_C0004""]"
TCGA-BP-5187,TCGA-CZ-4863,13,3,0,0.0,[]
TCGA-BP-5187,TCGA-CZ-4865,13,3,0,0.0,[]
TCGA-BP-5187,TCGA-CZ-5451,13,9,7,0.5384615384615384,"[""K2_repeat1_K2_C0002"", ""K2_repeat2_K2_C0002"", ""K2_repeat3_K2_C0002"", ""K4_repeat1_K4_C0001_M_K4_C0004"", ""K4_repeat2_K4_C0001"", ""K5_repeat2_K5_C0001_M_K5_C0005"", ""K5_repeat3_K5_C0001_M_K5_C0005""]"
TCGA-BP-5187,TCGA-CZ-5462,13,5,0,0.0,[]
TCGA-BP-5187,TCGA-CZ-5468,13,3,0,0.0,[]
TCGA-BP-5187,TCGA-CZ-5984,13,8,4,0.3076923076923077,"[""K2_repeat1_K2_C0002"", ""K2_repeat2_K2_C0002"", ""K2_repeat3_K2_C0002"", ""K4_repeat1_K4_C0001_M_K4_C0004""]"
TCGA-BP-5187,TCGA-CZ-5985,13,7,0,0.0,[]
TCGA-BP-5187,TCGA-CZ-5988,13,3,0,0.0,[]
TCGA-BP-5187,TCGA-G6-A5PC,13,7,0,0.0,[]
TCGA-BP-5187,TCGA-G6-A8L7,13,5,5,0.38461538461538464,"[""K4_repeat1_K4_C0001_M_K4_C0004"", ""K4_repeat2_K4_C0001"", ""K5_repeat2_K5_C0001_M_K5_C0005"", ""K5_repeat3_K5_C0001_M_K5_C0005"", ""K6_repeat3_K6_C0001_M_K6_C0004""]"
TCGA-BP-5189,TCGA-BP-5190,11,3,2,0.18181818181818182,"[""K5_repeat2_K5_C0002_M_K5_C0003"", ""K7_repeat1_K7_C0002_M_K7_C0003""]"
TCGA-BP-5189,TCGA-BP-5191,11,3,2,0.18181818181818182,"[""K5_repeat2_K5_C0002_M_K5_C0003"", ""K7_repeat1_K7_C0002_M_K7_C0003""]"
TCGA-BP-5189,TCGA-BP-5192,11,10,7,0.6363636363636364,"[""K2_repeat1_K2_C0002"", ""K2_repeat2_K2_C0002"", ""K2_repeat3_K2_C0002"", ""K3_repeat1_K3_C0003"", ""K3_repeat2_K3_C0003"", ""K3_repeat3_K3_C0003"", ""K4_repeat1_K4_C0001_M_K4_C0004""]"
TCGA-BP-5189,TCGA-BP-5194,11,11,9,0.8181818181818182,"[""K2_repeat1_K2_C0002"", ""K2_repeat2_K2_C0002"", ""K2_repeat3_K2_C0002"", ""K3_repeat1_K3_C0003"", ""K3_repeat2_K3_C0003"", ""K3_repeat3_K3_C0003"", ""K4_repeat1_K4_C0001_M_K4_C0004"", ""K4_repeat2_K4_C0001"", ""K6_repeat3_K6_C0001_M_K6_C0004""]"
TCGA-BP-5189,TCGA-BP-5195,11,12,9,0.75,"[""K2_repeat1_K2_C0002"", ""K2_repeat2_K2_C0002"", ""K2_repeat3_K2_C0002"", ""K3_repeat1_K3_C0003"", ""K3_repeat2_K3_C0003"", ""K3_repeat3_K3_C0003"", ""K4_repeat1_K4_C0001_M_K4_C0004"", ""K4_repeat2_K4_C0001"", ""K6_repeat3_K6_C0001_M_K6_C0004""]"
TCGA-BP-5189,TCGA-BP-5196,11,8,4,0.36363636363636365,"[""K2_repeat1_K2_C0002"", ""K2_repeat2_K2_C0002"", ""K2_repeat3_K2_C0002"", ""K4_repeat1_K4_C0001_M_K4_C0004""]"
TCGA-BP-5189,TCGA-BP-5199,11,12,8,0.6666666666666666,"[""K2_repeat1_K2_C0002"", ""K2_repeat2_K2_C0002"", ""K2_repeat3_K2_C0002"", ""K3_repeat1_K3_C0003"", ""K3_repeat2_K3_C0003"", ""K3_repeat3_K3_C0003"", ""K4_repeat1_K4_C0001_M_K4_C0004"", ""K6_repeat3_K6_C0001_M_K6_C0004""]"
TCGA-BP-5189,TCGA-BP-5200,11,11,9,0.8181818181818182,"[""K2_repeat1_K2_C0002"", ""K2_repeat2_K2_C0002"", ""K2_repeat3_K2_C0002"", ""K3_repeat1_K3_C0003"", ""K3_repeat2_K3_C0003"", ""K3_repeat3_K3_C0003"", ""K4_repeat1_K4_C0001_M_K4_C0004"", ""K4_repeat2_K4_C0001"", ""K6_repeat3_K6_C0001_M_K6_C0004""]"
TCGA-BP-5189,TCGA-CJ-4637,11,7,1,0.09090909090909091,"[""K5_repeat2_K5_C0002_M_K5_C0003""]"
TCGA-BP-5189,TCGA-CJ-4641,11,7,1,0.09090909090909091,"[""K5_repeat2_K5_C0002_M_K5_C0003""]"
TCGA-BP-5189,TCGA-CJ-4900,11,6,1,0.09090909090909091,"[""K5_repeat2_K5_C0002_M_K5_C0003""]"
TCGA-BP-5189,TCGA-CJ-4902,11,4,0,0.0,[]
TCGA-BP-5189,TCGA-CJ-4903,11,8,6,0.5454545454545454,"[""K2_repeat1_K2_C0002"", ""K2_repeat2_K2_C0002"", ""K2_repeat3_K2_C0002"", ""K4_repeat1_K4_C0001_M_K4_C0004"", ""K4_repeat2_K4_C0001"", ""K6_repeat3_K6_C0001_M_K6_C0004""]"
TCGA-BP-5189,TCGA-CJ-4904,11,9,6,0.5454545454545454,"[""K2_repeat1_K2_C0002"", ""K2_repeat2_K2_C0002"", ""K2_repeat3_K2_C0002"", ""K4_repeat1_K4_C0001_M_K4_C0004"", ""K4_repeat2_K4_C0001"", ""K6_repeat3_K6_C0001_M_K6_C0004""]"
TCGA-BP-5189,TCGA-CJ-4923,11,7,1,0.09090909090909091,"[""K5_repeat2_K5_C0002_M_K5_C0003""]"
TCGA-BP-5189,TCGA-CJ-6027,11,7,1,0.09090909090909091,"[""K5_repeat2_K5_C0002_M_K5_C0003""]"
TCGA-BP-5189,TCGA-CJ-6028,11,7,1,0.09090909090909091,"[""K5_repeat2_K5_C0002_M_K5_C0003""]"
TCGA-BP-5189,TCGA-CJ-6030,11,7,1,0.09090909090909091,"[""K5_repeat2_K5_C0002_M_K5_C0003""]"
TCGA-BP-5189,TCGA-CJ-6033,11,5,3,0.2727272727272727,"[""K4_repeat1_K4_C0001_M_K4_C0004"", ""K4_repeat2_K4_C0001"", ""K6_repeat3_K6_C0001_M_K6_C0004""]"
TCGA-BP-5189,TCGA-CZ-4859,11,12,9,0.75,"[""K2_repeat1_K2_C0002"", ""K2_repeat2_K2_C0002"", ""K2_repeat3_K2_C0002"", ""K3_repeat1_K3_C0003"", ""K3_repeat2_K3_C0003"", ""K3_repeat3_K3_C0003"", ""K4_repeat1_K4_C0001_M_K4_C0004"", ""K4_repeat2_K4_C0001"", ""K6_repeat3_K6_C0001_M_K6_C0004""]"
TCGA-BP-5189,TCGA-CZ-4863,11,3,2,0.18181818181818182,"[""K5_repeat2_K5_C0002_M_K5_C0003"", ""K7_repeat1_K7_C0002_M_K7_C0003""]"
TCGA-BP-5189,TCGA-CZ-4865,11,3,2,0.18181818181818182,"[""K5_repeat2_K5_C0002_M_K5_C0003"", ""K7_repeat1_K7_C0002_M_K7_C0003""]"
TCGA-BP-5189,TCGA-CZ-5451,11,9,6,0.5454545454545454,"[""K2_repeat1_K2_C0002"", ""K2_repeat2_K2_C0002"", ""K2_repeat3_K2_C0002"", ""K4_repeat1_K4_C0001_M_K4_C0004"", ""K4_repeat2_K4_C0001"", ""K7_repeat1_K7_C0002_M_K7_C0003""]"
TCGA-BP-5189,TCGA-CZ-5462,11,5,2,0.18181818181818182,"[""K5_repeat2_K5_C0002_M_K5_C0003"", ""K7_repeat1_K7_C0002_M_K7_C0003""]"
TCGA-BP-5189,TCGA-CZ-5468,11,3,2,0.18181818181818182,"[""K5_repeat2_K5_C0002_M_K5_C0003"", ""K7_repeat1_K7_C0002_M_K7_C0003""]"
TCGA-BP-5189,TCGA-CZ-5984,11,8,4,0.36363636363636365,"[""K2_repeat1_K2_C0002"", ""K2_repeat2_K2_C0002"", ""K2_repeat3_K2_C0002"", ""K4_repeat1_K4_C0001_M_K4_C0004""]"
TCGA-BP-5189,TCGA-CZ-5985,11,7,1,0.09090909090909091,"[""K5_repeat2_K5_C0002_M_K5_C0003""]"
TCGA-BP-5189,TCGA-CZ-5988,11,3,2,0.18181818181818182,"[""K5_repeat2_K5_C0002_M_K5_C0003"", ""K7_repeat1_K7_C0002_M_K7_C0003""]"
TCGA-BP-5189,TCGA-G6-A5PC,11,7,1,0.09090909090909091,"[""K5_repeat2_K5_C0002_M_K5_C0003""]"
TCGA-BP-5189,TCGA-G6-A8L7,11,5,3,0.2727272727272727,"[""K4_repeat1_K4_C0001_M_K4_C0004"", ""K4_repeat2_K4_C0001"", ""K6_repeat3_K6_C0001_M_K6_C0004""]"
TCGA-BP-5190,TCGA-BP-5191,3,3,3,1.0,"[""K5_repeat2_K5_C0002_M_K5_C0003"", ""K6_repeat3_K6_C0002_M_K6_C0003"", ""K7_repeat1_K7_C0002_M_K7_C0003""]"
TCGA-BP-5190,TCGA-BP-5192,3,10,0,0.0,[]
TCGA-BP-5190,TCGA-BP-5194,3,11,0,0.0,[]
TCGA-BP-5190,TCGA-BP-5195,3,12,0,0.0,[]
TCGA-BP-5190,TCGA-BP-5196,3,8,0,0.0,[]
TCGA-BP-5190,TCGA-BP-5199,3,12,0,0.0,[]
TCGA-BP-5190,TCGA-BP-5200,3,11,0,0.0,[]
TCGA-BP-5190,TCGA-CJ-4637,3,7,1,0.14285714285714285,"[""K5_repeat2_K5_C0002_M_K5_C0003""]"
TCGA-BP-5190,TCGA-CJ-4641,3,7,1,0.14285714285714285,"[""K5_repeat2_K5_C0002_M_K5_C0003""]"
TCGA-BP-5190,TCGA-CJ-4900,3,6,1,0.16666666666666666,"[""K5_repeat2_K5_C0002_M_K5_C0003""]"
TCGA-BP-5190,TCGA-CJ-4902,3,4,0,0.0,[]
TCGA-BP-5190,TCGA-CJ-4903,3,8,0,0.0,[]
TCGA-BP-5190,TCGA-CJ-4904,3,9,0,0.0,[]
TCGA-BP-5190,TCGA-CJ-4923,3,7,1,0.14285714285714285,"[""K5_repeat2_K5_C0002_M_K5_C0003""]"
TCGA-BP-5190,TCGA-CJ-6027,3,7,1,0.14285714285714285,"[""K5_repeat2_K5_C0002_M_K5_C0003""]"
TCGA-BP-5190,TCGA-CJ-6028,3,7,1,0.14285714285714285,"[""K5_repeat2_K5_C0002_M_K5_C0003""]"
TCGA-BP-5190,TCGA-CJ-6030,3,7,1,0.14285714285714285,"[""K5_repeat2_K5_C0002_M_K5_C0003""]"
TCGA-BP-5190,TCGA-CJ-6033,3,5,0,0.0,[]
TCGA-BP-5190,TCGA-CZ-4859,3,12,0,0.0,[]
TCGA-BP-5190,TCGA-CZ-4863,3,3,3,1.0,"[""K5_repeat2_K5_C0002_M_K5_C0003"", ""K6_repeat3_K6_C0002_M_K6_C0003"", ""K7_repeat1_K7_C0002_M_K7_C0003""]"
TCGA-BP-5190,TCGA-CZ-4865,3,3,3,1.0,"[""K5_repeat2_K5_C0002_M_K5_C0003"", ""K6_repeat3_K6_C0002_M_K6_C0003"", ""K7_repeat1_K7_C0002_M_K7_C0003""]"
TCGA-BP-5190,TCGA-CZ-5451,3,9,2,0.2222222222222222,"[""K6_repeat3_K6_C0002_M_K6_C0003"", ""K7_repeat1_K7_C0002_M_K7_C0003""]"
TCGA-BP-5190,TCGA-CZ-5462,3,5,3,0.6,"[""K5_repeat2_K5_C0002_M_K5_C0003"", ""K6_repeat3_K6_C0002_M_K6_C0003"", ""K7_repeat1_K7_C0002_M_K7_C0003""]"
TCGA-BP-5190,TCGA-CZ-5468,3,3,3,1.0,"[""K5_repeat2_K5_C0002_M_K5_C0003"", ""K6_repeat3_K6_C0002_M_K6_C0003"", ""K7_repeat1_K7_C0002_M_K7_C0003""]"
TCGA-BP-5190,TCGA-CZ-5984,3,8,0,0.0,[]
TCGA-BP-5190,TCGA-CZ-5985,3,7,1,0.14285714285714285,"[""K5_repeat2_K5_C0002_M_K5_C0003""]"
TCGA-BP-5190,TCGA-CZ-5988,3,3,3,1.0,"[""K5_repeat2_K5_C0002_M_K5_C0003"", ""K6_repeat3_K6_C0002_M_K6_C0003"", ""K7_repeat1_K7_C0002_M_K7_C0003""]"
TCGA-BP-5190,TCGA-G6-A5PC,3,7,1,0.14285714285714285,"[""K5_repeat2_K5_C0002_M_K5_C0003""]"
TCGA-BP-5190,TCGA-G6-A8L7,3,5,0,0.0,[]
TCGA-BP-5191,TCGA-BP-5192,3,10,0,0.0,[]
TCGA-BP-5191,TCGA-BP-5194,3,11,0,0.0,[]
TCGA-BP-5191,TCGA-BP-5195,3,12,0,0.0,[]
TCGA-BP-5191,TCGA-BP-5196,3,8,0,0.0,[]
TCGA-BP-5191,TCGA-BP-5199,3,12,0,0.0,[]
TCGA-BP-5191,TCGA-BP-5200,3,11,0,0.0,[]
TCGA-BP-5191,TCGA-CJ-4637,3,7,1,0.14285714285714285,"[""K5_repeat2_K5_C0002_M_K5_C0003""]"
TCGA-BP-5191,TCGA-CJ-4641,3,7,1,0.14285714285714285,"[""K5_repeat2_K5_C0002_M_K5_C0003""]"
TCGA-BP-5191,TCGA-CJ-4900,3,6,1,0.16666666666666666,"[""K5_repeat2_K5_C0002_M_K5_C0003""]"
TCGA-BP-5191,TCGA-CJ-4902,3,4,0,0.0,[]
TCGA-BP-5191,TCGA-CJ-4903,3,8,0,0.0,[]
TCGA-BP-5191,TCGA-CJ-4904,3,9,0,0.0,[]
TCGA-BP-5191,TCGA-CJ-4923,3,7,1,0.14285714285714285,"[""K5_repeat2_K5_C0002_M_K5_C0003""]"
TCGA-BP-5191,TCGA-CJ-6027,3,7,1,0.14285714285714285,"[""K5_repeat2_K5_C0002_M_K5_C0003""]"
TCGA-BP-5191,TCGA-CJ-6028,3,7,1,0.14285714285714285,"[""K5_repeat2_K5_C0002_M_K5_C0003""]"
TCGA-BP-5191,TCGA-CJ-6030,3,7,1,0.14285714285714285,"[""K5_repeat2_K5_C0002_M_K5_C0003""]"
TCGA-BP-5191,TCGA-CJ-6033,3,5,0,0.0,[]
TCGA-BP-5191,TCGA-CZ-4859,3,12,0,0.0,[]
TCGA-BP-5191,TCGA-CZ-4863,3,3,3,1.0,"[""K5_repeat2_K5_C0002_M_K5_C0003"", ""K6_repeat3_K6_C0002_M_K6_C0003"", ""K7_repeat1_K7_C0002_M_K7_C0003""]"
TCGA-BP-5191,TCGA-CZ-4865,3,3,3,1.0,"[""K5_repeat2_K5_C0002_M_K5_C0003"", ""K6_repeat3_K6_C0002_M_K6_C0003"", ""K7_repeat1_K7_C0002_M_K7_C0003""]"
TCGA-BP-5191,TCGA-CZ-5451,3,9,2,0.2222222222222222,"[""K6_repeat3_K6_C0002_M_K6_C0003"", ""K7_repeat1_K7_C0002_M_K7_C0003""]"
TCGA-BP-5191,TCGA-CZ-5462,3,5,3,0.6,"[""K5_repeat2_K5_C0002_M_K5_C0003"", ""K6_repeat3_K6_C0002_M_K6_C0003"", ""K7_repeat1_K7_C0002_M_K7_C0003""]"
TCGA-BP-5191,TCGA-CZ-5468,3,3,3,1.0,"[""K5_repeat2_K5_C0002_M_K5_C0003"", ""K6_repeat3_K6_C0002_M_K6_C0003"", ""K7_repeat1_K7_C0002_M_K7_C0003""]"
TCGA-BP-5191,TCGA-CZ-5984,3,8,0,0.0,[]
TCGA-BP-5191,TCGA-CZ-5985,3,7,1,0.14285714285714285,"[""K5_repeat2_K5_C0002_M_K5_C0003""]"
TCGA-BP-5191,TCGA-CZ-5988,3,3,3,1.0,"[""K5_repeat2_K5_C0002_M_K5_C0003"", ""K6_repeat3_K6_C0002_M_K6_C0003"", ""K7_repeat1_K7_C0002_M_K7_C0003""]"
TCGA-BP-5191,TCGA-G6-A5PC,3,7,1,0.14285714285714285,"[""K5_repeat2_K5_C0002_M_K5_C0003""]"
TCGA-BP-5191,TCGA-G6-A8L7,3,5,0,0.0,[]
TCGA-BP-5192,TCGA-BP-5194,10,11,7,0.6363636363636364,"[""K2_repeat1_K2_C0002"", ""K2_repeat2_K2_C0002"", ""K2_repeat3_K2_C0002"", ""K3_repeat1_K3_C0003"", ""K3_repeat2_K3_C0003"", ""K3_repeat3_K3_C0003"", ""K4_repeat1_K4_C0001_M_K4_C0004""]"
TCGA-BP-5192,TCGA-BP-5195,10,12,7,0.5833333333333334,"[""K2_repeat1_K2_C0002"", ""K2_repeat2_K2_C0002"", ""K2_repeat3_K2_C0002"", ""K3_repeat1_K3_C0003"", ""K3_repeat2_K3_C0003"", ""K3_repeat3_K3_C0003"", ""K4_repeat1_K4_C0001_M_K4_C0004""]"
TCGA-BP-5192,TCGA-BP-5196,10,8,6,0.6,"[""K2_repeat1_K2_C0002"", ""K2_repeat2_K2_C0002"", ""K2_repeat3_K2_C0002"", ""K4_repeat1_K4_C0001_M_K4_C0004"", ""K4_repeat2_K4_C0004"", ""K6_repeat3_K6_C0006""]"
TCGA-BP-5192,TCGA-BP-5199,10,12,9,0.75,"[""K2_repeat1_K2_C0002"", ""K2_repeat2_K2_C0002"", ""K2_repeat3_K2_C0002"", ""K3_repeat1_K3_C0003"", ""K3_repeat2_K3_C0003"", ""K3_repeat3_K3_C0003"", ""K4_repeat1_K4_C0001_M_K4_C0004"", ""K4_repeat2_K4_C0004"", ""K8_repeat1_K8_C0004""]"
TCGA-BP-5192,TCGA-BP-5200,10,11,7,0.6363636363636364,"[""K2_repeat1_K2_C0002"", ""K2_repeat2_K2_C0002"", ""K2_repeat3_K2_C0002"", ""K3_repeat1_K3_C0003"", ""K3_repeat2_K3_C0003"", ""K3_repeat3_K3_C0003"", ""K4_repeat1_K4_C0001_M_K4_C0004""]"
TCGA-BP-5192,TCGA-CJ-4637,10,7,0,0.0,[]
TCGA-BP-5192,TCGA-CJ-4641,10,7,0,0.0,[]
TCGA-BP-5192,TCGA-CJ-4900,10,6,0,0.0,[]
TCGA-BP-5192,TCGA-CJ-4902,10,4,1,0.1,"[""K6_repeat3_K6_C0006""]"
TCGA-BP-5192,TCGA-CJ-4903,10,8,4,0.4,"[""K2_repeat1_K2_C0002"", ""K2_repeat2_K2_C0002"", ""K2_repeat3_K2_C0002"", ""K4_repeat1_K4_C0001_M_K4_C0004""]"
TCGA-BP-5192,TCGA-CJ-4904,10,9,4,0.4,"[""K2_repeat1_K2_C0002"", ""K2_repeat2_K2_C0002"", ""K2_repeat3_K2_C0002"", ""K4_repeat1_K4_C0001_M_K4_C0004""]"
TCGA-BP-5192,TCGA-CJ-4923,10,7,0,0.0,[]
TCGA-BP-5192,TCGA-CJ-6027,10,7,0,0.0,[]
TCGA-BP-5192,TCGA-CJ-6028,10,7,0,0.0,[]
TCGA-BP-5192,TCGA-CJ-6030,10,7,0,0.0,[]
TCGA-BP-5192,TCGA-CJ-6033,10,5,1,0.1,"[""K4_repeat1_K4_C0001_M_K4_C0004""]"
TCGA-BP-5192,TCGA-CZ-4859,10,12,8,0.6666666666666666,"[""K2_repeat1_K2_C0002"", ""K2_repeat2_K2_C0002"", ""K2_repeat3_K2_C0002"", ""K3_repeat1_K3_C0003"", ""K3_repeat2_K3_C0003"", ""K3_repeat3_K3_C0003"", ""K4_repeat1_K4_C0001_M_K4_C0004"", ""K8_repeat1_K8_C0004""]"
TCGA-BP-5192,TCGA-CZ-4863,10,3,0,0.0,[]
TCGA-BP-5192,TCGA-CZ-4865,10,3,0,0.0,[]
TCGA-BP-5192,TCGA-CZ-5451,10,9,4,0.4,"[""K2_repeat1_K2_C0002"", ""K2_repeat2_K2_C0002"", ""K2_repeat3_K2_C0002"", ""K4_repeat1_K4_C0001_M_K4_C0004""]"
TCGA-BP-5192,TCGA-CZ-5462,10,5,0,0.0,[]
TCGA-BP-5192,TCGA-CZ-5468,10,3,0,0.0,[]
TCGA-BP-5192,TCGA-CZ-5984,10,8,6,0.6,"[""K2_repeat1_K2_C0002"", ""K2_repeat2_K2_C0002"", ""K2_repeat3_K2_C0002"", ""K4_repeat1_K4_C0001_M_K4_C0004"", ""K4_repeat2_K4_C0004"", ""K6_repeat3_K6_C0006""]"
TCGA-BP-5192,TCGA-CZ-5985,10,7,0,0.0,[]
TCGA-BP-5192,TCGA-CZ-5988,10,3,0,0.0,[]
TCGA-BP-5192,TCGA-G6-A5PC,10,7,0,0.0,[]
TCGA-BP-5192,TCGA-G6-A8L7,10,5,1,0.1,"[""K4_repeat1_K4_C0001_M_K4_C0004""]"
TCGA-BP-5194,TCGA-BP-5195,11,12,11,0.9166666666666666,"[""K2_repeat1_K2_C0002"", ""K2_repeat2_K2_C0002"", ""K2_repeat3_K2_C0002"", ""K3_repeat1_K3_C0003"", ""K3_repeat2_K3_C0003"", ""K3_repeat3_K3_C0003"", ""K4_repeat1_K4_C0001_M_K4_C0004"", ""K4_repeat2_K4_C0001"", ""K5_repeat2_K5_C0001_M_K5_C0005"", ""K5_repeat3_K5_C0001_M_K5_C0005"", ""K6_repeat3_K6_C0001_M_K6_C0004""]"
TCGA-BP-5194,TCGA-BP-5196,11,8,4,0.36363636363636365,"[""K2_repeat1_K2_C0002"", ""K2_repeat2_K2_C0002"", ""K2_repeat3_K2_C0002"", ""K4_repeat1_K4_C0001_M_K4_C0004""]"
TCGA-BP-5194,TCGA-BP-5199,11,12,10,0.8333333333333334,"[""K2_repeat1_K2_C0002"", ""K2_repeat2_K2_C0002"", ""K2_repeat3_K2_C0002"", ""K3_repeat1_K3_C0003"", ""K3_repeat2_K3_C0003"", ""K3_repeat3_K3_C0003"", ""K4_repeat1_K4_C0001_M_K4_C0004"", ""K5_repeat2_K5_C0001_M_K5_C0005"", ""K5_repeat3_K5_C0001_M_K5_C0005"", ""K6_repeat3_K6_C0001_M_K6_C0004""]"
TCGA-BP-5194,TCGA-BP-5200,11,11,11,1.0,"[""K2_repeat1_K2_C0002"", ""K2_repeat2_K2_C0002"", ""K2_repeat3_K2_C0002"", ""K3_repeat1_K3_C0003"", ""K3_repeat2_K3_C0003"", ""K3_repeat3_K3_C0003"", ""K4_repeat1_K4_C0001_M_K4_C0004"", ""K4_repeat2_K4_C0001"", ""K5_repeat2_K5_C0001_M_K5_C0005"", ""K5_repeat3_K5_C0001_M_K5_C0005"", ""K6_repeat3_K6_C0001_M_K6_C0004""]"
TCGA-BP-5194,TCGA-CJ-4637,11,7,0,0.0,[]
TCGA-BP-5194,TCGA-CJ-4641,11,7,0,0.0,[]
TCGA-BP-5194,TCGA-CJ-4900,11,6,0,0.0,[]
TCGA-BP-5194,TCGA-CJ-4902,11,4,0,0.0,[]
TCGA-BP-5194,TCGA-CJ-4903,11,8,8,0.7272727272727273,"[""K2_repeat1_K2_C0002"", ""K2_repeat2_K2_C0002"", ""K2_repeat3_K2_C0002"", ""K4_repeat1_K4_C0001_M_K4_C0004"", ""K4_repeat2_K4_C0001"", ""K5_repeat2_K5_C0001_M_K5_C0005"", ""K5_repeat3_K5_C0001_M_K5_C0005"", ""K6_repeat3_K6_C0001_M_K6_C0004""]"
TCGA-BP-5194,TCGA-CJ-4904,11,9,8,0.7272727272727273,"[""K2_repeat1_K2_C0002"", ""K2_repeat2_K2_C0002"", ""K2_repeat3_K2_C0002"", ""K4_repeat1_K4_C0001_M_K4_C0004"", ""K4_repeat2_K4_C0001"", ""K5_repeat2_K5_C0001_M_K5_C0005"", ""K5_repeat3_K5_C0001_M_K5_C0005"", ""K6_repeat3_K6_C0001_M_K6_C0004""]"
TCGA-BP-5194,TCGA-CJ-4923,11,7,0,0.0,[]
TCGA-BP-5194,TCGA-CJ-6027,11,7,0,0.0,[]
TCGA-BP-5194,TCGA-CJ-6028,11,7,0,0.0,[]
TCGA-BP-5194,TCGA-CJ-6030,11,7,0,0.0,[]
TCGA-BP-5194,TCGA-CJ-6033,11,5,5,0.45454545454545453,"[""K4_repeat1_K4_C0001_M_K4_C0004"", ""K4_repeat2_K4_C0001"", ""K5_repeat2_K5_C0001_M_K5_C0005"", ""K5_repeat3_K5_C0001_M_K5_C0005"", ""K6_repeat3_K6_C0001_M_K6_C0004""]"
TCGA-BP-5194,TCGA-CZ-4859,11,12,11,0.9166666666666666,"[""K2_repeat1_K2_C0002"", ""K2_repeat2_K2_C0002"", ""K2_repeat3_K2_C0002"", ""K3_repeat1_K3_C0003"", ""K3_repeat2_K3_C0003"", ""K3_repeat3_K3_C0003"", ""K4_repeat1_K4_C0001_M_K4_C0004"", ""K4_repeat2_K4_C0001"", ""K5_repeat2_K5_C0001_M_K5_C0005"", ""K5_repeat3_K5_C0001_M_K5_C0005"", ""K6_repeat3_K6_C0001_M_K6_C0004""]"
TCGA-BP-5194,TCGA-CZ-4863,11,3,0,0.0,[]
TCGA-BP-5194,TCGA-CZ-4865,11,3,0,0.0,[]
TCGA-BP-5194,TCGA-CZ-5451,11,9,7,0.6363636363636364,"[""K2_repeat1_K2_C0002"", ""K2_repeat2_K2_C0002"", ""K2_repeat3_K2_C0002"", ""K4_repeat1_K4_C0001_M_K4_C0004"", ""K4_repeat2_K4_C0001"", ""K5_repeat2_K5_C0001_M_K5_C0005"", ""K5_repeat3_K5_C0001_M_K5_C0005""]"
TCGA-BP-5194,TCGA-CZ-5462,11,5,0,0.0,[]
TCGA-BP-5194,TCGA-CZ-5468,11,3,0,0.0,[]
TCGA-BP-5194,TCGA-CZ-5984,11,8,4,0.36363636363636365,"[""K2_repeat1_K2_C0002"", ""K2_repeat2_K2_C0002"", ""K2_repeat3_K2_C0002"", ""K4_repeat1_K4_C0001_M_K4_C0004""]"
TCGA-BP-5194,TCGA-CZ-5985,11,7,0,0.0,[]
TCGA-BP-5194,TCGA-CZ-5988,11,3,0,0.0,[]
TCGA-BP-5194,TCGA-G6-A5PC,11,7,0,0.0,[]
TCGA-BP-5194,TCGA-G6-A8L7,11,5,5,0.45454545454545453,"[""K4_repeat1_K4_C0001_M_K4_C0004"", ""K4_repeat2_K4_C0001"", ""K5_repeat2_K5_C0001_M_K5_C0005"", ""K5_repeat3_K5_C0001_M_K5_C0005"", ""K6_repeat3_K6_C0001_M_K6_C0004""]"
TCGA-BP-5195,TCGA-BP-5196,12,8,4,0.3333333333333333,"[""K2_repeat1_K2_C0002"", ""K2_repeat2_K2_C0002"", ""K2_repeat3_K2_C0002"", ""K4_repeat1_K4_C0001_M_K4_C0004""]"
TCGA-BP-5195,TCGA-BP-5199,12,12,10,0.8333333333333334,"[""K2_repeat1_K2_C0002"", ""K2_repeat2_K2_C0002"", ""K2_repeat3_K2_C0002"", ""K3_repeat1_K3_C0003"", ""K3_repeat2_K3_C0003"", ""K3_repeat3_K3_C0003"", ""K4_repeat1_K4_C0001_M_K4_C0004"", ""K5_repeat2_K5_C0001_M_K5_C0005"", ""K5_repeat3_K5_C0001_M_K5_C0005"", ""K6_repeat3_K6_C0001_M_K6_C0004""]"
TCGA-BP-5195,TCGA-BP-5200,12,11,11,0.9166666666666666,"[""K2_repeat1_K2_C0002"", ""K2_repeat2_K2_C0002"", ""K2_repeat3_K2_C0002"", ""K3_repeat1_K3_C0003"", ""K3_repeat2_K3_C0003"", ""K3_repeat3_K3_C0003"", ""K4_repeat1_K4_C0001_M_K4_C0004"", ""K4_repeat2_K4_C0001"", ""K5_repeat2_K5_C0001_M_K5_C0005"", ""K5_repeat3_K5_C0001_M_K5_C0005"", ""K6_repeat3_K6_C0001_M_K6_C0004""]"
TCGA-BP-5195,TCGA-CJ-4637,12,7,0,0.0,[]
TCGA-BP-5195,TCGA-CJ-4641,12,7,0,0.0,[]
TCGA-BP-5195,TCGA-CJ-4900,12,6,1,0.08333333333333333,"[""K8_repeat2_K8_C0001""]"
TCGA-BP-5195,TCGA-CJ-4902,12,4,0,0.0,[]
TCGA-BP-5195,TCGA-CJ-4903,12,8,8,0.6666666666666666,"[""K2_repeat1_K2_C0002"", ""K2_repeat2_K2_C0002"", ""K2_repeat3_K2_C0002"", ""K4_repeat1_K4_C0001_M_K4_C0004"", ""K4_repeat2_K4_C0001"", ""K5_repeat2_K5_C0001_M_K5_C0005"", ""K5_repeat3_K5_C0001_M_K5_C0005"", ""K6_repeat3_K6_C0001_M_K6_C0004""]"
TCGA-BP-5195,TCGA-CJ-4904,12,9,8,0.6666666666666666,"[""K2_repeat1_K2_C0002"", ""K2_repeat2_K2_C0002"", ""K2_repeat3_K2_C0002"", ""K4_repeat1_K4_C0001_M_K4_C0004"", ""K4_repeat2_K4_C0001"", ""K5_repeat2_K5_C0001_M_K5_C0005"", ""K5_repeat3_K5_C0001_M_K5_C0005"", ""K6_repeat3_K6_C0001_M_K6_C0004""]"
TCGA-BP-5195,TCGA-CJ-4923,12,7,0,0.0,[]
TCGA-BP-5195,TCGA-CJ-6027,12,7,0,0.0,[]
TCGA-BP-5195,TCGA-CJ-6028,12,7,0,0.0,[]
TCGA-BP-5195,TCGA-CJ-6030,12,7,0,0.0,[]
TCGA-BP-5195,TCGA-CJ-6033,12,5,5,0.4166666666666667,"[""K4_repeat1_K4_C0001_M_K4_C0004"", ""K4_repeat2_K4_C0001"", ""K5_repeat2_K5_C0001_M_K5_C0005"", ""K5_repeat3_K5_C0001_M_K5_C0005"", ""K6_repeat3_K6_C0001_M_K6_C0004""]"
TCGA-BP-5195,TCGA-CZ-4859,12,12,11,0.9166666666666666,"[""K2_repeat1_K2_C0002"", ""K2_repeat2_K2_C0002"", ""K2_repeat3_K2_C0002"", ""K3_repeat1_K3_C0003"", ""K3_repeat2_K3_C0003"", ""K3_repeat3_K3_C0003"", ""K4_repeat1_K4_C0001_M_K4_C0004"", ""K4_repeat2_K4_C0001"", ""K5_repeat2_K5_C0001_M_K5_C0005"", ""K5_repeat3_K5_C0001_M_K5_C0005"", ""K6_repeat3_K6_C0001_M_K6_C0004""]"
TCGA-BP-5195,TCGA-CZ-4863,12,3,0,0.0,[]
TCGA-BP-5195,TCGA-CZ-4865,12,3,0,0.0,[]
TCGA-BP-5195,TCGA-CZ-5451,12,9,7,0.5833333333333334,"[""K2_repeat1_K2_C0002"", ""K2_repeat2_K2_C0002"", ""K2_repeat3_K2_C0002"", ""K4_repeat1_K4_C0001_M_K4_C0004"", ""K4_repeat2_K4_C0001"", ""K5_repeat2_K5_C0001_M_K5_C0005"", ""K5_repeat3_K5_C0001_M_K5_C0005""]"
TCGA-BP-5195,TCGA-CZ-5462,12,5,0,0.0,[]
TCGA-BP-5195,TCGA-CZ-5468,12,3,0,0.0,[]
TCGA-BP-5195,TCGA-CZ-5984,12,8,4,0.3333333333333333,"[""K2_repeat1_K2_C0002"", ""K2_repeat2_K2_C0002"", ""K2_repeat3_K2_C0002"", ""K4_repeat1_K4_C0001_M_K4_C0004""]"
TCGA-BP-5195,TCGA-CZ-5985,12,7,0,0.0,[]
TCGA-BP-5195,TCGA-CZ-5988,12,3,0,0.0,[]
TCGA-BP-5195,TCGA-G6-A5PC,12,7,0,0.0,[]
TCGA-BP-5195,TCGA-G6-A8L7,12,5,5,0.4166666666666667,"[""K4_repeat1_K4_C0001_M_K4_C0004"", ""K4_repeat2_K4_C0001"", ""K5_repeat2_K5_C0001_M_K5_C0005"", ""K5_repeat3_K5_C0001_M_K5_C0005"", ""K6_repeat3_K6_C0001_M_K6_C0004""]"
TCGA-BP-5196,TCGA-BP-5199,8,12,5,0.4166666666666667,"[""K2_repeat1_K2_C0002"", ""K2_repeat2_K2_C0002"", ""K2_repeat3_K2_C0002"", ""K4_repeat1_K4_C0001_M_K4_C0004"", ""K4_repeat2_K4_C0004""]"
TCGA-BP-5196,TCGA-BP-5200,8,11,4,0.36363636363636365,"[""K2_repeat1_K2_C0002"", ""K2_repeat2_K2_C0002"", ""K2_repeat3_K2_C0002"", ""K4_repeat1_K4_C0001_M_K4_C0004""]"
TCGA-BP-5196,TCGA-CJ-4637,8,7,0,0.0,[]
TCGA-BP-5196,TCGA-CJ-4641,8,7,0,0.0,[]
TCGA-BP-5196,TCGA-CJ-4900,8,6,0,0.0,[]
TCGA-BP-5196,TCGA-CJ-4902,8,4,3,0.375,"[""K6_repeat3_K6_C0006"", ""K7_repeat1_K7_C0006"", ""K8_repeat2_K8_C0007""]"
TCGA-BP-5196,TCGA-CJ-4903,8,8,4,0.5,"[""K2_repeat1_K2_C0002"", ""K2_repeat2_K2_C0002"", ""K2_repeat3_K2_C0002"", ""K4_repeat1_K4_C0001_M_K4_C0004""]"
TCGA-BP-5196,TCGA-CJ-4904,8,9,4,0.4444444444444444,"[""K2_repeat1_K2_C0002"", ""K2_repeat2_K2_C0002"", ""K2_repeat3_K2_C0002"", ""K4_repeat1_K4_C0001_M_K4_C0004""]"
TCGA-BP-5196,TCGA-CJ-4923,8,7,0,0.0,[]
TCGA-BP-5196,TCGA-CJ-6027,8,7,0,0.0,[]
TCGA-BP-5196,TCGA-CJ-6028,8,7,0,0.0,[]
TCGA-BP-5196,TCGA-CJ-6030,8,7,0,0.0,[]
TCGA-BP-5196,TCGA-CJ-6033,8,5,1,0.125,"[""K4_repeat1_K4_C0001_M_K4_C0004""]"
TCGA-BP-5196,TCGA-CZ-4859,8,12,4,0.3333333333333333,"[""K2_repeat1_K2_C0002"", ""K2_repeat2_K2_C0002"", ""K2_repeat3_K2_C0002"", ""K4_repeat1_K4_C0001_M_K4_C0004""]"
TCGA-BP-5196,TCGA-CZ-4863,8,3,0,0.0,[]
TCGA-BP-5196,TCGA-CZ-4865,8,3,0,0.0,[]
TCGA-BP-5196,TCGA-CZ-5451,8,9,4,0.4444444444444444,"[""K2_repeat1_K2_C0002"", ""K2_repeat2_K2_C0002"", ""K2_repeat3_K2_C0002"", ""K4_repeat1_K4_C0001_M_K4_C0004""]"
TCGA-BP-5196,TCGA-CZ-5462,8,5,0,0.0,[]
TCGA-BP-5196,TCGA-CZ-5468,8,3,0,0.0,[]
TCGA-BP-5196,TCGA-CZ-5984,8,8,8,1.0,"[""K2_repeat1_K2_C0002"", ""K2_repeat2_K2_C0002"", ""K2_repeat3_K2_C0002"", ""K4_repeat1_K4_C0001_M_K4_C0004"", ""K4_repeat2_K4_C0004"", ""K6_repeat3_K6_C0006"", ""K7_repeat1_K7_C0006"", ""K8_repeat2_K8_C0007""]"
TCGA-BP-5196,TCGA-CZ-5985,8,7,0,0.0,[]
TCGA-BP-5196,TCGA-CZ-5988,8,3,0,0.0,[]
TCGA-BP-5196,TCGA-G6-A5PC,8,7,0,0.0,[]
TCGA-BP-5196,TCGA-G6-A8L7,8,5,1,0.125,"[""K4_repeat1_K4_C0001_M_K4_C0004""]"
TCGA-BP-5199,TCGA-BP-5200,12,11,10,0.8333333333333334,"[""K2_repeat1_K2_C0002"", ""K2_repeat2_K2_C0002"", ""K2_repeat3_K2_C0002"", ""K3_repeat1_K3_C0003"", ""K3_repeat2_K3_C0003"", ""K3_repeat3_K3_C0003"", ""K4_repeat1_K4_C0001_M_K4_C0004"", ""K5_repeat2_K5_C0001_M_K5_C0005"", ""K5_repeat3_K5_C0001_M_K5_C0005"", ""K6_repeat3_K6_C0001_M_K6_C0004""]"
TCGA-BP-5199,TCGA-CJ-4637,12,7,0,0.0,[]
TCGA-BP-5199,TCGA-CJ-4641,12,7,0,0.0,[]
TCGA-BP-5199,TCGA-CJ-4900,12,6,0,0.0,[]
TCGA-BP-5199,TCGA-CJ-4902,12,4,0,0.0,[]
TCGA-BP-5199,TCGA-CJ-4903,12,8,7,0.5833333333333334,"[""K2_repeat1_K2_C0002"", ""K2_repeat2_K2_C0002"", ""K2_repeat3_K2_C0002"", ""K4_repeat1_K4_C0001_M_K4_C0004"", ""K5_repeat2_K5_C0001_M_K5_C0005"", ""K5_repeat3_K5_C0001_M_K5_C0005"", ""K6_repeat3_K6_C0001_M_K6_C0004""]"
TCGA-BP-5199,TCGA-CJ-4904,12,9,7,0.5833333333333334,"[""K2_repeat1_K2_C0002"", ""K2_repeat2_K2_C0002"", ""K2_repeat3_K2_C0002"", ""K4_repeat1_K4_C0001_M_K4_C0004"", ""K5_repeat2_K5_C0001_M_K5_C0005"", ""K5_repeat3_K5_C0001_M_K5_C0005"", ""K6_repeat3_K6_C0001_M_K6_C0004""]"
TCGA-BP-5199,TCGA-CJ-4923,12,7,0,0.0,[]
TCGA-BP-5199,TCGA-CJ-6027,12,7,0,0.0,[]
TCGA-BP-5199,TCGA-CJ-6028,12,7,0,0.0,[]
TCGA-BP-5199,TCGA-CJ-6030,12,7,0,0.0,[]
TCGA-BP-5199,TCGA-CJ-6033,12,5,4,0.3333333333333333,"[""K4_repeat1_K4_C0001_M_K4_C0004"", ""K5_repeat2_K5_C0001_M_K5_C0005"", ""K5_repeat3_K5_C0001_M_K5_C0005"", ""K6_repeat3_K6_C0001_M_K6_C0004""]"
TCGA-BP-5199,TCGA-CZ-4859,12,12,11,0.9166666666666666,"[""K2_repeat1_K2_C0002"", ""K2_repeat2_K2_C0002"", ""K2_repeat3_K2_C0002"", ""K3_repeat1_K3_C0003"", ""K3_repeat2_K3_C0003"", ""K3_repeat3_K3_C0003"", ""K4_repeat1_K4_C0001_M_K4_C0004"", ""K5_repeat2_K5_C0001_M_K5_C0005"", ""K5_repeat3_K5_C0001_M_K5_C0005"", ""K6_repeat3_K6_C0001_M_K6_C0004"", ""K8_repeat1_K8_C0004""]"
TCGA-BP-5199,TCGA-CZ-4863,12,3,0,0.0,[]
TCGA-BP-5199,TCGA-CZ-4865,12,3,0,0.0,[]
TCGA-BP-5199,TCGA-CZ-5451,12,9,6,0.5,"[""K2_repeat1_K2_C0002"", ""K2_repeat2_K2_C0002"", ""K2_repeat3_K2_C0002"", ""K4_repeat1_K4_C0001_M_K4_C0004"", ""K5_repeat2_K5_C0001_M_K5_C0005"", ""K5_repeat3_K5_C0001_M_K5_C0005""]"
TCGA-BP-5199,TCGA-CZ-5462,12,5,0,0.0,[]
TCGA-BP-5199,TCGA-CZ-5468,12,3,0,0.0,[]
TCGA-BP-5199,TCGA-CZ-5984,12,8,5,0.4166666666666667,"[""K2_repeat1_K2_C0002"", ""K2_repeat2_K2_C0002"", ""K2_repeat3_K2_C0002"", ""K4_repeat1_K4_C0001_M_K4_C0004"", ""K4_repeat2_K4_C0004""]"
TCGA-BP-5199,TCGA-CZ-5985,12,7,0,0.0,[]
TCGA-BP-5199,TCGA-CZ-5988,12,3,0,0.0,[]
TCGA-BP-5199,TCGA-G6-A5PC,12,7,0,0.0,[]
TCGA-BP-5199,TCGA-G6-A8L7,12,5,4,0.3333333333333333,"[""K4_repeat1_K4_C0001_M_K4_C0004"", ""K5_repeat2_K5_C0001_M_K5_C0005"", ""K5_repeat3_K5_C0001_M_K5_C0005"", ""K6_repeat3_K6_C0001_M_K6_C0004""]"
TCGA-BP-5200,TCGA-CJ-4637,11,7,0,0.0,[]
TCGA-BP-5200,TCGA-CJ-4641,11,7,0,0.0,[]
TCGA-BP-5200,TCGA-CJ-4900,11,6,0,0.0,[]
TCGA-BP-5200,TCGA-CJ-4902,11,4,0,0.0,[]
TCGA-BP-5200,TCGA-CJ-4903,11,8,8,0.7272727272727273,"[""K2_repeat1_K2_C0002"", ""K2_repeat2_K2_C0002"", ""K2_repeat3_K2_C0002"", ""K4_repeat1_K4_C0001_M_K4_C0004"", ""K4_repeat2_K4_C0001"", ""K5_repeat2_K5_C0001_M_K5_C0005"", ""K5_repeat3_K5_C0001_M_K5_C0005"", ""K6_repeat3_K6_C0001_M_K6_C0004""]"
TCGA-BP-5200,TCGA-CJ-4904,11,9,8,0.7272727272727273,"[""K2_repeat1_K2_C0002"", ""K2_repeat2_K2_C0002"", ""K2_repeat3_K2_C0002"", ""K4_repeat1_K4_C0001_M_K4_C0004"", ""K4_repeat2_K4_C0001"", ""K5_repeat2_K5_C0001_M_K5_C0005"", ""K5_repeat3_K5_C0001_M_K5_C0005"", ""K6_repeat3_K6_C0001_M_K6_C0004""]"
TCGA-BP-5200,TCGA-CJ-4923,11,7,0,0.0,[]
TCGA-BP-5200,TCGA-CJ-6027,11,7,0,0.0,[]
TCGA-BP-5200,TCGA-CJ-6028,11,7,0,0.0,[]
TCGA-BP-5200,TCGA-CJ-6030,11,7,0,0.0,[]
TCGA-BP-5200,TCGA-CJ-6033,11,5,5,0.45454545454545453,"[""K4_repeat1_K4_C0001_M_K4_C0004"", ""K4_repeat2_K4_C0001"", ""K5_repeat2_K5_C0001_M_K5_C0005"", ""K5_repeat3_K5_C0001_M_K5_C0005"", ""K6_repeat3_K6_C0001_M_K6_C0004""]"
TCGA-BP-5200,TCGA-CZ-4859,11,12,11,0.9166666666666666,"[""K2_repeat1_K2_C0002"", ""K2_repeat2_K2_C0002"", ""K2_repeat3_K2_C0002"", ""K3_repeat1_K3_C0003"", ""K3_repeat2_K3_C0003"", ""K3_repeat3_K3_C0003"", ""K4_repeat1_K4_C0001_M_K4_C0004"", ""K4_repeat2_K4_C0001"", ""K5_repeat2_K5_C0001_M_K5_C0005"", ""K5_repeat3_K5_C0001_M_K5_C0005"", ""K6_repeat3_K6_C0001_M_K6_C0004""]"
TCGA-BP-5200,TCGA-CZ-4863,11,3,0,0.0,[]
TCGA-BP-5200,TCGA-CZ-4865,11,3,0,0.0,[]
TCGA-BP-5200,TCGA-CZ-5451,11,9,7,0.6363636363636364,"[""K2_repeat1_K2_C0002"", ""K2_repeat2_K2_C0002"", ""K2_repeat3_K2_C0002"", ""K4_repeat1_K4_C0001_M_K4_C0004"", ""K4_repeat2_K4_C0001"", ""K5_repeat2_K5_C0001_M_K5_C0005"", ""K5_repeat3_K5_C0001_M_K5_C0005""]"
TCGA-BP-5200,TCGA-CZ-5462,11,5,0,0.0,[]
TCGA-BP-5200,TCGA-CZ-5468,11,3,0,0.0,[]
TCGA-BP-5200,TCGA-CZ-5984,11,8,4,0.36363636363636365,"[""K2_repeat1_K2_C0002"", ""K2_repeat2_K2_C0002"", ""K2_repeat3_K2_C0002"", ""K4_repeat1_K4_C0001_M_K4_C0004""]"
TCGA-BP-5200,TCGA-CZ-5985,11,7,0,0.0,[]
TCGA-BP-5200,TCGA-CZ-5988,11,3,0,0.0,[]
TCGA-BP-5200,TCGA-G6-A5PC,11,7,0,0.0,[]
TCGA-BP-5200,TCGA-G6-A8L7,11,5,5,0.45454545454545453,"[""K4_repeat1_K4_C0001_M_K4_C0004"", ""K4_repeat2_K4_C0001"", ""K5_repeat2_K5_C0001_M_K5_C0005"", ""K5_repeat3_K5_C0001_M_K5_C0005"", ""K6_repeat3_K6_C0001_M_K6_C0004""]"
TCGA-CJ-4637,TCGA-CJ-4641,7,7,7,1.0,"[""K4_repeat2_K4_C0003"", ""K5_repeat2_K5_C0002_M_K5_C0003"", ""K5_repeat3_K5_C0003"", ""K6_repeat3_K6_C0005"", ""K7_repeat1_K7_C0005"", ""K8_repeat1_K8_C0005"", ""K8_repeat2_K8_C0005""]"
TCGA-CJ-4637,TCGA-CJ-4900,7,6,5,0.7142857142857143,"[""K4_repeat2_K4_C0003"", ""K5_repeat2_K5_C0002_M_K5_C0003"", ""K5_repeat3_K5_C0003"", ""K6_repeat3_K6_C0005"", ""K7_repeat1_K7_C0005""]"
TCGA-CJ-4637,TCGA-CJ-4902,7,4,1,0.14285714285714285,"[""K4_repeat2_K4_C0003""]"
TCGA-CJ-4637,TCGA-CJ-4903,7,8,0,0.0,[]
TCGA-CJ-4637,TCGA-CJ-4904,7,9,0,0.0,[]
TCGA-CJ-4637,TCGA-CJ-4923,7,7,7,1.0,"[""K4_repeat2_K4_C0003"", ""K5_repeat2_K5_C0002_M_K5_C0003"", ""K5_repeat3_K5_C0003"", ""K6_repeat3_K6_C0005"", ""K7_repeat1_K7_C0005"", ""K8_repeat1_K8_C0005"", ""K8_repeat2_K8_C0005""]"
TCGA-CJ-4637,TCGA-CJ-6027,7,7,7,1.0,"[""K4_repeat2_K4_C0003"", ""K5_repeat2_K5_C0002_M_K5_C0003"", ""K5_repeat3_K5_C0003"", ""K6_repeat3_K6_C0005"", ""K7_repeat1_K7_C0005"", ""K8_repeat1_K8_C0005"", ""K8_repeat2_K8_C0005""]"
TCGA-CJ-4637,TCGA-CJ-6028,7,7,7,1.0,"[""K4_repeat2_K4_C0003"", ""K5_repeat2_K5_C0002_M_K5_C0003"", ""K5_repeat3_K5_C0003"", ""K6_repeat3_K6_C0005"", ""K7_repeat1_K7_C0005"", ""K8_repeat1_K8_C0005"", ""K8_repeat2_K8_C0005""]"
TCGA-CJ-4637,TCGA-CJ-6030,7,7,7,1.0,"[""K4_repeat2_K4_C0003"", ""K5_repeat2_K5_C0002_M_K5_C0003"", ""K5_repeat3_K5_C0003"", ""K6_repeat3_K6_C0005"", ""K7_repeat1_K7_C0005"", ""K8_repeat1_K8_C0005"", ""K8_repeat2_K8_C0005""]"
TCGA-CJ-4637,TCGA-CJ-6033,7,5,0,0.0,[]
TCGA-CJ-4637,TCGA-CZ-4859,7,12,0,0.0,[]
TCGA-CJ-4637,TCGA-CZ-4863,7,3,1,0.14285714285714285,"[""K5_repeat2_K5_C0002_M_K5_C0003""]"
TCGA-CJ-4637,TCGA-CZ-4865,7,3,1,0.14285714285714285,"[""K5_repeat2_K5_C0002_M_K5_C0003""]"
TCGA-CJ-4637,TCGA-CZ-5451,7,9,0,0.0,[]
TCGA-CJ-4637,TCGA-CZ-5462,7,5,3,0.42857142857142855,"[""K5_repeat2_K5_C0002_M_K5_C0003"", ""K8_repeat1_K8_C0005"", ""K8_repeat2_K8_C0005""]"
TCGA-CJ-4637,TCGA-CZ-5468,7,3,1,0.14285714285714285,"[""K5_repeat2_K5_C0002_M_K5_C0003""]"
TCGA-CJ-4637,TCGA-CZ-5984,7,8,0,0.0,[]
TCGA-CJ-4637,TCGA-CZ-5985,7,7,7,1.0,"[""K4_repeat2_K4_C0003"", ""K5_repeat2_K5_C0002_M_K5_C0003"", ""K5_repeat3_K5_C0003"", ""K6_repeat3_K6_C0005"", ""K7_repeat1_K7_C0005"", ""K8_repeat1_K8_C0005"", ""K8_repeat2_K8_C0005""]"
TCGA-CJ-4637,TCGA-CZ-5988,7,3,1,0.14285714285714285,"[""K5_repeat2_K5_C0002_M_K5_C0003""]"
TCGA-CJ-4637,TCGA-G6-A5PC,7,7,7,1.0,"[""K4_repeat2_K4_C0003"", ""K5_repeat2_K5_C0002_M_K5_C0003"", ""K5_repeat3_K5_C0003"", ""K6_repeat3_K6_C0005"", ""K7_repeat1_K7_C0005"", ""K8_repeat1_K8_C0005"", ""K8_repeat2_K8_C0005""]"
TCGA-CJ-4637,TCGA-G6-A8L7,7,5,0,0.0,[]
TCGA-CJ-4641,TCGA-CJ-4900,7,6,5,0.7142857142857143,"[""K4_repeat2_K4_C0003"", ""K5_repeat2_K5_C0002_M_K5_C0003"", ""K5_repeat3_K5_C0003"", ""K6_repeat3_K6_C0005"", ""K7_repeat1_K7_C0005""]"
TCGA-CJ-4641,TCGA-CJ-4902,7,4,1,0.14285714285714285,"[""K4_repeat2_K4_C0003""]"
TCGA-CJ-4641,TCGA-CJ-4903,7,8,0,0.0,[]
TCGA-CJ-4641,TCGA-CJ-4904,7,9,0,0.0,[]
TCGA-CJ-4641,TCGA-CJ-4923,7,7,7,1.0,"[""K4_repeat2_K4_C0003"", ""K5_repeat2_K5_C0002_M_K5_C0003"", ""K5_repeat3_K5_C0003"", ""K6_repeat3_K6_C0005"", ""K7_repeat1_K7_C0005"", ""K8_repeat1_K8_C0005"", ""K8_repeat2_K8_C0005""]"
TCGA-CJ-4641,TCGA-CJ-6027,7,7,7,1.0,"[""K4_repeat2_K4_C0003"", ""K5_repeat2_K5_C0002_M_K5_C0003"", ""K5_repeat3_K5_C0003"", ""K6_repeat3_K6_C0005"", ""K7_repeat1_K7_C0005"", ""K8_repeat1_K8_C0005"", ""K8_repeat2_K8_C0005""]"
TCGA-CJ-4641,TCGA-CJ-6028,7,7,7,1.0,"[""K4_repeat2_K4_C0003"", ""K5_repeat2_K5_C0002_M_K5_C0003"", ""K5_repeat3_K5_C0003"", ""K6_repeat3_K6_C0005"", ""K7_repeat1_K7_C0005"", ""K8_repeat1_K8_C0005"", ""K8_repeat2_K8_C0005""]"
TCGA-CJ-4641,TCGA-CJ-6030,7,7,7,1.0,"[""K4_repeat2_K4_C0003"", ""K5_repeat2_K5_C0002_M_K5_C0003"", ""K5_repeat3_K5_C0003"", ""K6_repeat3_K6_C0005"", ""K7_repeat1_K7_C0005"", ""K8_repeat1_K8_C0005"", ""K8_repeat2_K8_C0005""]"
TCGA-CJ-4641,TCGA-CJ-6033,7,5,0,0.0,[]
TCGA-CJ-4641,TCGA-CZ-4859,7,12,0,0.0,[]
TCGA-CJ-4641,TCGA-CZ-4863,7,3,1,0.14285714285714285,"[""K5_repeat2_K5_C0002_M_K5_C0003""]"
TCGA-CJ-4641,TCGA-CZ-4865,7,3,1,0.14285714285714285,"[""K5_repeat2_K5_C0002_M_K5_C0003""]"
TCGA-CJ-4641,TCGA-CZ-5451,7,9,0,0.0,[]
TCGA-CJ-4641,TCGA-CZ-5462,7,5,3,0.42857142857142855,"[""K5_repeat2_K5_C0002_M_K5_C0003"", ""K8_repeat1_K8_C0005"", ""K8_repeat2_K8_C0005""]"
TCGA-CJ-4641,TCGA-CZ-5468,7,3,1,0.14285714285714285,"[""K5_repeat2_K5_C0002_M_K5_C0003""]"
TCGA-CJ-4641,TCGA-CZ-5984,7,8,0,0.0,[]
TCGA-CJ-4641,TCGA-CZ-5985,7,7,7,1.0,"[""K4_repeat2_K4_C0003"", ""K5_repeat2_K5_C0002_M_K5_C0003"", ""K5_repeat3_K5_C0003"", ""K6_repeat3_K6_C0005"", ""K7_repeat1_K7_C0005"", ""K8_repeat1_K8_C0005"", ""K8_repeat2_K8_C0005""]"
TCGA-CJ-4641,TCGA-CZ-5988,7,3,1,0.14285714285714285,"[""K5_repeat2_K5_C0002_M_K5_C0003""]"
TCGA-CJ-4641,TCGA-G6-A5PC,7,7,7,1.0,"[""K4_repeat2_K4_C0003"", ""K5_repeat2_K5_C0002_M_K5_C0003"", ""K5_repeat3_K5_C0003"", ""K6_repeat3_K6_C0005"", ""K7_repeat1_K7_C0005"", ""K8_repeat1_K8_C0005"", ""K8_repeat2_K8_C0005""]"
TCGA-CJ-4641,TCGA-G6-A8L7,7,5,0,0.0,[]
TCGA-CJ-4900,TCGA-CJ-4902,6,4,1,0.16666666666666666,"[""K4_repeat2_K4_C0003""]"
TCGA-CJ-4900,TCGA-CJ-4903,6,8,0,0.0,[]
TCGA-CJ-4900,TCGA-CJ-4904,6,9,0,0.0,[]
TCGA-CJ-4900,TCGA-CJ-4923,6,7,5,0.7142857142857143,"[""K4_repeat2_K4_C0003"", ""K5_repeat2_K5_C0002_M_K5_C0003"", ""K5_repeat3_K5_C0003"", ""K6_repeat3_K6_C0005"", ""K7_repeat1_K7_C0005""]"
TCGA-CJ-4900,TCGA-CJ-6027,6,7,5,0.7142857142857143,"[""K4_repeat2_K4_C0003"", ""K5_repeat2_K5_C0002_M_K5_C0003"", ""K5_repeat3_K5_C0003"", ""K6_repeat3_K6_C0005"", ""K7_repeat1_K7_C0005""]"
TCGA-CJ-4900,TCGA-CJ-6028,6,7,5,0.7142857142857143,"[""K4_repeat2_K4_C0003"", ""K5_repeat2_K5_C0002_M_K5_C0003"", ""K5_repeat3_K5_C0003"", ""K6_repeat3_K6_C0005"", ""K7_repeat1_K7_C0005""]"
TCGA-CJ-4900,TCGA-CJ-6030,6,7,5,0.7142857142857143,"[""K4_repeat2_K4_C0003"", ""K5_repeat2_K5_C0002_M_K5_C0003"", ""K5_repeat3_K5_C0003"", ""K6_repeat3_K6_C0005"", ""K7_repeat1_K7_C0005""]"
TCGA-CJ-4900,TCGA-CJ-6033,6,5,0,0.0,[]
TCGA-CJ-4900,TCGA-CZ-4859,6,12,0,0.0,[]
TCGA-CJ-4900,TCGA-CZ-4863,6,3,1,0.16666666666666666,"[""K5_repeat2_K5_C0002_M_K5_C0003""]"
TCGA-CJ-4900,TCGA-CZ-4865,6,3,1,0.16666666666666666,"[""K5_repeat2_K5_C0002_M_K5_C0003""]"
TCGA-CJ-4900,TCGA-CZ-5451,6,9,0,0.0,[]
TCGA-CJ-4900,TCGA-CZ-5462,6,5,1,0.16666666666666666,"[""K5_repeat2_K5_C0002_M_K5_C0003""]"
TCGA-CJ-4900,TCGA-CZ-5468,6,3,1,0.16666666666666666,"[""K5_repeat2_K5_C0002_M_K5_C0003""]"
TCGA-CJ-4900,TCGA-CZ-5984,6,8,0,0.0,[]
TCGA-CJ-4900,TCGA-CZ-5985,6,7,5,0.7142857142857143,"[""K4_repeat2_K4_C0003"", ""K5_repeat2_K5_C0002_M_K5_C0003"", ""K5_repeat3_K5_C0003"", ""K6_repeat3_K6_C0005"", ""K7_repeat1_K7_C0005""]"
TCGA-CJ-4900,TCGA-CZ-5988,6,3,1,0.16666666666666666,"[""K5_repeat2_K5_C0002_M_K5_C0003""]"
TCGA-CJ-4900,TCGA-G6-A5PC,6,7,5,0.7142857142857143,"[""K4_repeat2_K4_C0003"", ""K5_repeat2_K5_C0002_M_K5_C0003"", ""K5_repeat3_K5_C0003"", ""K6_repeat3_K6_C0005"", ""K7_repeat1_K7_C0005""]"
TCGA-CJ-4900,TCGA-G6-A8L7,6,5,0,0.0,[]
TCGA-CJ-4902,TCGA-CJ-4903,4,8,0,0.0,[]
TCGA-CJ-4902,TCGA-CJ-4904,4,9,0,0.0,[]
TCGA-CJ-4902,TCGA-CJ-4923,4,7,1,0.14285714285714285,"[""K4_repeat2_K4_C0003""]"
TCGA-CJ-4902,TCGA-CJ-6027,4,7,1,0.14285714285714285,"[""K4_repeat2_K4_C0003""]"
TCGA-CJ-4902,TCGA-CJ-6028,4,7,1,0.14285714285714285,"[""K4_repeat2_K4_C0003""]"
TCGA-CJ-4902,TCGA-CJ-6030,4,7,1,0.14285714285714285,"[""K4_repeat2_K4_C0003""]"
TCGA-CJ-4902,TCGA-CJ-6033,4,5,0,0.0,[]
TCGA-CJ-4902,TCGA-CZ-4859,4,12,0,0.0,[]
TCGA-CJ-4902,TCGA-CZ-4863,4,3,0,0.0,[]
TCGA-CJ-4902,TCGA-CZ-4865,4,3,0,0.0,[]
TCGA-CJ-4902,TCGA-CZ-5451,4,9,0,0.0,[]
TCGA-CJ-4902,TCGA-CZ-5462,4,5,0,0.0,[]
TCGA-CJ-4902,TCGA-CZ-5468,4,3,0,0.0,[]
TCGA-CJ-4902,TCGA-CZ-5984,4,8,3,0.375,"[""K6_repeat3_K6_C0006"", ""K7_repeat1_K7_C0006"", ""K8_repeat2_K8_C0007""]"
TCGA-CJ-4902,TCGA-CZ-5985,4,7,1,0.14285714285714285,"[""K4_repeat2_K4_C0003""]"
TCGA-CJ-4902,TCGA-CZ-5988,4,3,0,0.0,[]
TCGA-CJ-4902,TCGA-G6-A5PC,4,7,1,0.14285714285714285,"[""K4_repeat2_K4_C0003""]"
TCGA-CJ-4902,TCGA-G6-A8L7,4,5,0,0.0,[]
TCGA-CJ-4903,TCGA-CJ-4904,8,9,8,0.8888888888888888,"[""K2_repeat1_K2_C0002"", ""K2_repeat2_K2_C0002"", ""K2_repeat3_K2_C0002"", ""K4_repeat1_K4_C0001_M_K4_C0004"", ""K4_repeat2_K4_C0001"", ""K5_repeat2_K5_C0001_M_K5_C0005"", ""K5_repeat3_K5_C0001_M_K5_C0005"", ""K6_repeat3_K6_C0001_M_K6_C0004""]"
TCGA-CJ-4903,TCGA-CJ-4923,8,7,0,0.0,[]
TCGA-CJ-4903,TCGA-CJ-6027,8,7,0,0.0,[]
TCGA-CJ-4903,TCGA-CJ-6028,8,7,0,0.0,[]
TCGA-CJ-4903,TCGA-CJ-6030,8,7,0,0.0,[]
TCGA-CJ-4903,TCGA-CJ-6033,8,5,5,0.625,"[""K4_repeat1_K4_C0001_M_K4_C0004"", ""K4_repeat2_K4_C0001"", ""K5_repeat2_K5_C0001_M_K5_C0005"", ""K5_repeat3_K5_C0001_M_K5_C0005"", ""K6_repeat3_K6_C0001_M_K6_C0004""]"
TCGA-CJ-4903,TCGA-CZ-4859,8,12,8,0.6666666666666666,"[""K2_repeat1_K2_C0002"", ""K2_repeat2_K2_C0002"", ""K2_repeat3_K2_C0002"", ""K4_repeat1_K4_C0001_M_K4_C0004"", ""K4_repeat2_K4_C0001"", ""K5_repeat2_K5_C0001_M_K5_C0005"", ""K5_repeat3_K5_C0001_M_K5_C0005"", ""K6_repeat3_K6_C0001_M_K6_C0004""]"
TCGA-CJ-4903,TCGA-CZ-4863,8,3,0,0.0,[]
TCGA-CJ-4903,TCGA-CZ-4865,8,3,0,0.0,[]
TCGA-CJ-4903,TCGA-CZ-5451,8,9,7,0.7777777777777778,"[""K2_repeat1_K2_C0002"", ""K2_repeat2_K2_C0002"", ""K2_repeat3_K2_C0002"", ""K4_repeat1_K4_C0001_M_K4_C0004"", ""K4_repeat2_K4_C0001"", ""K5_repeat2_K5_C0001_M_K5_C0005"", ""K5_repeat3_K5_C0001_M_K5_C0005""]"
TCGA-CJ-4903,TCGA-CZ-5462,8,5,0,0.0,[]
TCGA-CJ-4903,TCGA-CZ-5468,8,3,0,0.0,[]
TCGA-CJ-4903,TCGA-CZ-5984,8,8,4,0.5,"[""K2_repeat1_K2_C0002"", ""K2_repeat2_K2_C0002"", ""K2_repeat3_K2_C0002"", ""K4_repeat1_K4_C0001_M_K4_C0004""]"
TCGA-CJ-4903,TCGA-CZ-5985,8,7,0,0.0,[]
TCGA-CJ-4903,TCGA-CZ-5988,8,3,0,0.0,[]
TCGA-CJ-4903,TCGA-G6-A5PC,8,7,0,0.0,[]
TCGA-CJ-4903,TCGA-G6-A8L7,8,5,5,0.625,"[""K4_repeat1_K4_C0001_M_K4_C0004"", ""K4_repeat2_K4_C0001"", ""K5_repeat2_K5_C0001_M_K5_C0005"", ""K5_repeat3_K5_C0001_M_K5_C0005"", ""K6_repeat3_K6_C0001_M_K6_C0004""]"
TCGA-CJ-4904,TCGA-CJ-4923,9,7,0,0.0,[]
TCGA-CJ-4904,TCGA-CJ-6027,9,7,0,0.0,[]
TCGA-CJ-4904,TCGA-CJ-6028,9,7,0,0.0,[]
TCGA-CJ-4904,TCGA-CJ-6030,9,7,0,0.0,[]
TCGA-CJ-4904,TCGA-CJ-6033,9,5,5,0.5555555555555556,"[""K4_repeat1_K4_C0001_M_K4_C0004"", ""K4_repeat2_K4_C0001"", ""K5_repeat2_K5_C0001_M_K5_C0005"", ""K5_repeat3_K5_C0001_M_K5_C0005"", ""K6_repeat3_K6_C0001_M_K6_C0004""]"
TCGA-CJ-4904,TCGA-CZ-4859,9,12,8,0.6666666666666666,"[""K2_repeat1_K2_C0002"", ""K2_repeat2_K2_C0002"", ""K2_repeat3_K2_C0002"", ""K4_repeat1_K4_C0001_M_K4_C0004"", ""K4_repeat2_K4_C0001"", ""K5_repeat2_K5_C0001_M_K5_C0005"", ""K5_repeat3_K5_C0001_M_K5_C0005"", ""K6_repeat3_K6_C0001_M_K6_C0004""]"
TCGA-CJ-4904,TCGA-CZ-4863,9,3,0,0.0,[]
TCGA-CJ-4904,TCGA-CZ-4865,9,3,0,0.0,[]
TCGA-CJ-4904,TCGA-CZ-5451,9,9,7,0.7777777777777778,"[""K2_repeat1_K2_C0002"", ""K2_repeat2_K2_C0002"", ""K2_repeat3_K2_C0002"", ""K4_repeat1_K4_C0001_M_K4_C0004"", ""K4_repeat2_K4_C0001"", ""K5_repeat2_K5_C0001_M_K5_C0005"", ""K5_repeat3_K5_C0001_M_K5_C0005""]"
TCGA-CJ-4904,TCGA-CZ-5462,9,5,0,0.0,[]
TCGA-CJ-4904,TCGA-CZ-5468,9,3,0,0.0,[]
TCGA-CJ-4904,TCGA-CZ-5984,9,8,4,0.4444444444444444,"[""K2_repeat1_K2_C0002"", ""K2_repeat2_K2_C0002"", ""K2_repeat3_K2_C0002"", ""K4_repeat1_K4_C0001_M_K4_C0004""]"
TCGA-CJ-4904,TCGA-CZ-5985,9,7,0,0.0,[]
TCGA-CJ-4904,TCGA-CZ-5988,9,3,0,0.0,[]
TCGA-CJ-4904,TCGA-G6-A5PC,9,7,0,0.0,[]
TCGA-CJ-4904,TCGA-G6-A8L7,9,5,5,0.5555555555555556,"[""K4_repeat1_K4_C0001_M_K4_C0004"", ""K4_repeat2_K4_C0001"", ""K5_repeat2_K5_C0001_M_K5_C0005"", ""K5_repeat3_K5_C0001_M_K5_C0005"", ""K6_repeat3_K6_C0001_M_K6_C0004""]"
TCGA-CJ-4923,TCGA-CJ-6027,7,7,7,1.0,"[""K4_repeat2_K4_C0003"", ""K5_repeat2_K5_C0002_M_K5_C0003"", ""K5_repeat3_K5_C0003"", ""K6_repeat3_K6_C0005"", ""K7_repeat1_K7_C0005"", ""K8_repeat1_K8_C0005"", ""K8_repeat2_K8_C0005""]"
TCGA-CJ-4923,TCGA-CJ-6028,7,7,7,1.0,"[""K4_repeat2_K4_C0003"", ""K5_repeat2_K5_C0002_M_K5_C0003"", ""K5_repeat3_K5_C0003"", ""K6_repeat3_K6_C0005"", ""K7_repeat1_K7_C0005"", ""K8_repeat1_K8_C0005"", ""K8_repeat2_K8_C0005""]"
TCGA-CJ-4923,TCGA-CJ-6030,7,7,7,1.0,"[""K4_repeat2_K4_C0003"", ""K5_repeat2_K5_C0002_M_K5_C0003"", ""K5_repeat3_K5_C0003"", ""K6_repeat3_K6_C0005"", ""K7_repeat1_K7_C0005"", ""K8_repeat1_K8_C0005"", ""K8_repeat2_K8_C0005""]"
TCGA-CJ-4923,TCGA-CJ-6033,7,5,0,0.0,[]
TCGA-CJ-4923,TCGA-CZ-4859,7,12,0,0.0,[]
TCGA-CJ-4923,TCGA-CZ-4863,7,3,1,0.14285714285714285,"[""K5_repeat2_K5_C0002_M_K5_C0003""]"
TCGA-CJ-4923,TCGA-CZ-4865,7,3,1,0.14285714285714285,"[""K5_repeat2_K5_C0002_M_K5_C0003""]"
TCGA-CJ-4923,TCGA-CZ-5451,7,9,0,0.0,[]
TCGA-CJ-4923,TCGA-CZ-5462,7,5,3,0.42857142857142855,"[""K5_repeat2_K5_C0002_M_K5_C0003"", ""K8_repeat1_K8_C0005"", ""K8_repeat2_K8_C0005""]"
TCGA-CJ-4923,TCGA-CZ-5468,7,3,1,0.14285714285714285,"[""K5_repeat2_K5_C0002_M_K5_C0003""]"
TCGA-CJ-4923,TCGA-CZ-5984,7,8,0,0.0,[]
TCGA-CJ-4923,TCGA-CZ-5985,7,7,7,1.0,"[""K4_repeat2_K4_C0003"", ""K5_repeat2_K5_C0002_M_K5_C0003"", ""K5_repeat3_K5_C0003"", ""K6_repeat3_K6_C0005"", ""K7_repeat1_K7_C0005"", ""K8_repeat1_K8_C0005"", ""K8_repeat2_K8_C0005""]"
TCGA-CJ-4923,TCGA-CZ-5988,7,3,1,0.14285714285714285,"[""K5_repeat2_K5_C0002_M_K5_C0003""]"
TCGA-CJ-4923,TCGA-G6-A5PC,7,7,7,1.0,"[""K4_repeat2_K4_C0003"", ""K5_repeat2_K5_C0002_M_K5_C0003"", ""K5_repeat3_K5_C0003"", ""K6_repeat3_K6_C0005"", ""K7_repeat1_K7_C0005"", ""K8_repeat1_K8_C0005"", ""K8_repeat2_K8_C0005""]"
TCGA-CJ-4923,TCGA-G6-A8L7,7,5,0,0.0,[]
TCGA-CJ-6027,TCGA-CJ-6028,7,7,7,1.0,"[""K4_repeat2_K4_C0003"", ""K5_repeat2_K5_C0002_M_K5_C0003"", ""K5_repeat3_K5_C0003"", ""K6_repeat3_K6_C0005"", ""K7_repeat1_K7_C0005"", ""K8_repeat1_K8_C0005"", ""K8_repeat2_K8_C0005""]"
TCGA-CJ-6027,TCGA-CJ-6030,7,7,7,1.0,"[""K4_repeat2_K4_C0003"", ""K5_repeat2_K5_C0002_M_K5_C0003"", ""K5_repeat3_K5_C0003"", ""K6_repeat3_K6_C0005"", ""K7_repeat1_K7_C0005"", ""K8_repeat1_K8_C0005"", ""K8_repeat2_K8_C0005""]"
TCGA-CJ-6027,TCGA-CJ-6033,7,5,0,0.0,[]
TCGA-CJ-6027,TCGA-CZ-4859,7,12,0,0.0,[]
TCGA-CJ-6027,TCGA-CZ-4863,7,3,1,0.14285714285714285,"[""K5_repeat2_K5_C0002_M_K5_C0003""]"
TCGA-CJ-6027,TCGA-CZ-4865,7,3,1,0.14285714285714285,"[""K5_repeat2_K5_C0002_M_K5_C0003""]"
TCGA-CJ-6027,TCGA-CZ-5451,7,9,0,0.0,[]
TCGA-CJ-6027,TCGA-CZ-5462,7,5,3,0.42857142857142855,"[""K5_repeat2_K5_C0002_M_K5_C0003"", ""K8_repeat1_K8_C0005"", ""K8_repeat2_K8_C0005""]"
TCGA-CJ-6027,TCGA-CZ-5468,7,3,1,0.14285714285714285,"[""K5_repeat2_K5_C0002_M_K5_C0003""]"
TCGA-CJ-6027,TCGA-CZ-5984,7,8,0,0.0,[]
TCGA-CJ-6027,TCGA-CZ-5985,7,7,7,1.0,"[""K4_repeat2_K4_C0003"", ""K5_repeat2_K5_C0002_M_K5_C0003"", ""K5_repeat3_K5_C0003"", ""K6_repeat3_K6_C0005"", ""K7_repeat1_K7_C0005"", ""K8_repeat1_K8_C0005"", ""K8_repeat2_K8_C0005""]"
TCGA-CJ-6027,TCGA-CZ-5988,7,3,1,0.14285714285714285,"[""K5_repeat2_K5_C0002_M_K5_C0003""]"
TCGA-CJ-6027,TCGA-G6-A5PC,7,7,7,1.0,"[""K4_repeat2_K4_C0003"", ""K5_repeat2_K5_C0002_M_K5_C0003"", ""K5_repeat3_K5_C0003"", ""K6_repeat3_K6_C0005"", ""K7_repeat1_K7_C0005"", ""K8_repeat1_K8_C0005"", ""K8_repeat2_K8_C0005""]"
TCGA-CJ-6027,TCGA-G6-A8L7,7,5,0,0.0,[]
TCGA-CJ-6028,TCGA-CJ-6030,7,7,7,1.0,"[""K4_repeat2_K4_C0003"", ""K5_repeat2_K5_C0002_M_K5_C0003"", ""K5_repeat3_K5_C0003"", ""K6_repeat3_K6_C0005"", ""K7_repeat1_K7_C0005"", ""K8_repeat1_K8_C0005"", ""K8_repeat2_K8_C0005""]"
TCGA-CJ-6028,TCGA-CJ-6033,7,5,0,0.0,[]
TCGA-CJ-6028,TCGA-CZ-4859,7,12,0,0.0,[]
TCGA-CJ-6028,TCGA-CZ-4863,7,3,1,0.14285714285714285,"[""K5_repeat2_K5_C0002_M_K5_C0003""]"
TCGA-CJ-6028,TCGA-CZ-4865,7,3,1,0.14285714285714285,"[""K5_repeat2_K5_C0002_M_K5_C0003""]"
TCGA-CJ-6028,TCGA-CZ-5451,7,9,0,0.0,[]
TCGA-CJ-6028,TCGA-CZ-5462,7,5,3,0.42857142857142855,"[""K5_repeat2_K5_C0002_M_K5_C0003"", ""K8_repeat1_K8_C0005"", ""K8_repeat2_K8_C0005""]"
TCGA-CJ-6028,TCGA-CZ-5468,7,3,1,0.14285714285714285,"[""K5_repeat2_K5_C0002_M_K5_C0003""]"
TCGA-CJ-6028,TCGA-CZ-5984,7,8,0,0.0,[]
TCGA-CJ-6028,TCGA-CZ-5985,7,7,7,1.0,"[""K4_repeat2_K4_C0003"", ""K5_repeat2_K5_C0002_M_K5_C0003"", ""K5_repeat3_K5_C0003"", ""K6_repeat3_K6_C0005"", ""K7_repeat1_K7_C0005"", ""K8_repeat1_K8_C0005"", ""K8_repeat2_K8_C0005""]"
TCGA-CJ-6028,TCGA-CZ-5988,7,3,1,0.14285714285714285,"[""K5_repeat2_K5_C0002_M_K5_C0003""]"
TCGA-CJ-6028,TCGA-G6-A5PC,7,7,7,1.0,"[""K4_repeat2_K4_C0003"", ""K5_repeat2_K5_C0002_M_K5_C0003"", ""K5_repeat3_K5_C0003"", ""K6_repeat3_K6_C0005"", ""K7_repeat1_K7_C0005"", ""K8_repeat1_K8_C0005"", ""K8_repeat2_K8_C0005""]"
TCGA-CJ-6028,TCGA-G6-A8L7,7,5,0,0.0,[]
TCGA-CJ-6030,TCGA-CJ-6033,7,5,0,0.0,[]
TCGA-CJ-6030,TCGA-CZ-4859,7,12,0,0.0,[]
TCGA-CJ-6030,TCGA-CZ-4863,7,3,1,0.14285714285714285,"[""K5_repeat2_K5_C0002_M_K5_C0003""]"
TCGA-CJ-6030,TCGA-CZ-4865,7,3,1,0.14285714285714285,"[""K5_repeat2_K5_C0002_M_K5_C0003""]"
TCGA-CJ-6030,TCGA-CZ-5451,7,9,0,0.0,[]
TCGA-CJ-6030,TCGA-CZ-5462,7,5,3,0.42857142857142855,"[""K5_repeat2_K5_C0002_M_K5_C0003"", ""K8_repeat1_K8_C0005"", ""K8_repeat2_K8_C0005""]"
TCGA-CJ-6030,TCGA-CZ-5468,7,3,1,0.14285714285714285,"[""K5_repeat2_K5_C0002_M_K5_C0003""]"
TCGA-CJ-6030,TCGA-CZ-5984,7,8,0,0.0,[]
TCGA-CJ-6030,TCGA-CZ-5985,7,7,7,1.0,"[""K4_repeat2_K4_C0003"", ""K5_repeat2_K5_C0002_M_K5_C0003"", ""K5_repeat3_K5_C0003"", ""K6_repeat3_K6_C0005"", ""K7_repeat1_K7_C0005"", ""K8_repeat1_K8_C0005"", ""K8_repeat2_K8_C0005""]"
TCGA-CJ-6030,TCGA-CZ-5988,7,3,1,0.14285714285714285,"[""K5_repeat2_K5_C0002_M_K5_C0003""]"
TCGA-CJ-6030,TCGA-G6-A5PC,7,7,7,1.0,"[""K4_repeat2_K4_C0003"", ""K5_repeat2_K5_C0002_M_K5_C0003"", ""K5_repeat3_K5_C0003"", ""K6_repeat3_K6_C0005"", ""K7_repeat1_K7_C0005"", ""K8_repeat1_K8_C0005"", ""K8_repeat2_K8_C0005""]"
TCGA-CJ-6030,TCGA-G6-A8L7,7,5,0,0.0,[]
TCGA-CJ-6033,TCGA-CZ-4859,5,12,5,0.4166666666666667,"[""K4_repeat1_K4_C0001_M_K4_C0004"", ""K4_repeat2_K4_C0001"", ""K5_repeat2_K5_C0001_M_K5_C0005"", ""K5_repeat3_K5_C0001_M_K5_C0005"", ""K6_repeat3_K6_C0001_M_K6_C0004""]"
TCGA-CJ-6033,TCGA-CZ-4863,5,3,0,0.0,[]
TCGA-CJ-6033,TCGA-CZ-4865,5,3,0,0.0,[]
TCGA-CJ-6033,TCGA-CZ-5451,5,9,4,0.4444444444444444,"[""K4_repeat1_K4_C0001_M_K4_C0004"", ""K4_repeat2_K4_C0001"", ""K5_repeat2_K5_C0001_M_K5_C0005"", ""K5_repeat3_K5_C0001_M_K5_C0005""]"
TCGA-CJ-6033,TCGA-CZ-5462,5,5,0,0.0,[]
TCGA-CJ-6033,TCGA-CZ-5468,5,3,0,0.0,[]
TCGA-CJ-6033,TCGA-CZ-5984,5,8,1,0.125,"[""K4_repeat1_K4_C0001_M_K4_C0004""]"
TCGA-CJ-6033,TCGA-CZ-5985,5,7,0,0.0,[]
TCGA-CJ-6033,TCGA-CZ-5988,5,3,0,0.0,[]
TCGA-CJ-6033,TCGA-G6-A5PC,5,7,0,0.0,[]
TCGA-CJ-6033,TCGA-G6-A8L7,5,5,5,1.0,"[""K4_repeat1_K4_C0001_M_K4_C0004"", ""K4_repeat2_K4_C0001"", ""K5_repeat2_K5_C0001_M_K5_C0005"", ""K5_repeat3_K5_C0001_M_K5_C0005"", ""K6_repeat3_K6_C0001_M_K6_C0004""]"
TCGA-CZ-4859,TCGA-CZ-4863,12,3,0,0.0,[]
TCGA-CZ-4859,TCGA-CZ-4865,12,3,0,0.0,[]
TCGA-CZ-4859,TCGA-CZ-5451,12,9,7,0.5833333333333334,"[""K2_repeat1_K2_C0002"", ""K2_repeat2_K2_C0002"", ""K2_repeat3_K2_C0002"", ""K4_repeat1_K4_C0001_M_K4_C0004"", ""K4_repeat2_K4_C0001"", ""K5_repeat2_K5_C0001_M_K5_C0005"", ""K5_repeat3_K5_C0001_M_K5_C0005""]"
TCGA-CZ-4859,TCGA-CZ-5462,12,5,0,0.0,[]
TCGA-CZ-4859,TCGA-CZ-5468,12,3,0,0.0,[]
TCGA-CZ-4859,TCGA-CZ-5984,12,8,4,0.3333333333333333,"[""K2_repeat1_K2_C0002"", ""K2_repeat2_K2_C0002"", ""K2_repeat3_K2_C0002"", ""K4_repeat1_K4_C0001_M_K4_C0004""]"
TCGA-CZ-4859,TCGA-CZ-5985,12,7,0,0.0,[]
TCGA-CZ-4859,TCGA-CZ-5988,12,3,0,0.0,[]
TCGA-CZ-4859,TCGA-G6-A5PC,12,7,0,0.0,[]
TCGA-CZ-4859,TCGA-G6-A8L7,12,5,5,0.4166666666666667,"[""K4_repeat1_K4_C0001_M_K4_C0004"", ""K4_repeat2_K4_C0001"", ""K5_repeat2_K5_C0001_M_K5_C0005"", ""K5_repeat3_K5_C0001_M_K5_C0005"", ""K6_repeat3_K6_C0001_M_K6_C0004""]"
TCGA-CZ-4863,TCGA-CZ-4865,3,3,3,1.0,"[""K5_repeat2_K5_C0002_M_K5_C0003"", ""K6_repeat3_K6_C0002_M_K6_C0003"", ""K7_repeat1_K7_C0002_M_K7_C0003""]"
TCGA-CZ-4863,TCGA-CZ-5451,3,9,2,0.2222222222222222,"[""K6_repeat3_K6_C0002_M_K6_C0003"", ""K7_repeat1_K7_C0002_M_K7_C0003""]"
TCGA-CZ-4863,TCGA-CZ-5462,3,5,3,0.6,"[""K5_repeat2_K5_C0002_M_K5_C0003"", ""K6_repeat3_K6_C0002_M_K6_C0003"", ""K7_repeat1_K7_C0002_M_K7_C0003""]"
TCGA-CZ-4863,TCGA-CZ-5468,3,3,3,1.0,"[""K5_repeat2_K5_C0002_M_K5_C0003"", ""K6_repeat3_K6_C0002_M_K6_C0003"", ""K7_repeat1_K7_C0002_M_K7_C0003""]"
TCGA-CZ-4863,TCGA-CZ-5984,3,8,0,0.0,[]
TCGA-CZ-4863,TCGA-CZ-5985,3,7,1,0.14285714285714285,"[""K5_repeat2_K5_C0002_M_K5_C0003""]"
TCGA-CZ-4863,TCGA-CZ-5988,3,3,3,1.0,"[""K5_repeat2_K5_C0002_M_K5_C0003"", ""K6_repeat3_K6_C0002_M_K6_C0003"", ""K7_repeat1_K7_C0002_M_K7_C0003""]"
TCGA-CZ-4863,TCGA-G6-A5PC,3,7,1,0.14285714285714285,"[""K5_repeat2_K5_C0002_M_K5_C0003""]"
TCGA-CZ-4863,TCGA-G6-A8L7,3,5,0,0.0,[]
TCGA-CZ-4865,TCGA-CZ-5451,3,9,2,0.2222222222222222,"[""K6_repeat3_K6_C0002_M_K6_C0003"", ""K7_repeat1_K7_C0002_M_K7_C0003""]"
TCGA-CZ-4865,TCGA-CZ-5462,3,5,3,0.6,"[""K5_repeat2_K5_C0002_M_K5_C0003"", ""K6_repeat3_K6_C0002_M_K6_C0003"", ""K7_repeat1_K7_C0002_M_K7_C0003""]"
TCGA-CZ-4865,TCGA-CZ-5468,3,3,3,1.0,"[""K5_repeat2_K5_C0002_M_K5_C0003"", ""K6_repeat3_K6_C0002_M_K6_C0003"", ""K7_repeat1_K7_C0002_M_K7_C0003""]"
TCGA-CZ-4865,TCGA-CZ-5984,3,8,0,0.0,[]
TCGA-CZ-4865,TCGA-CZ-5985,3,7,1,0.14285714285714285,"[""K5_repeat2_K5_C0002_M_K5_C0003""]"
TCGA-CZ-4865,TCGA-CZ-5988,3,3,3,1.0,"[""K5_repeat2_K5_C0002_M_K5_C0003"", ""K6_repeat3_K6_C0002_M_K6_C0003"", ""K7_repeat1_K7_C0002_M_K7_C0003""]"
TCGA-CZ-4865,TCGA-G6-A5PC,3,7,1,0.14285714285714285,"[""K5_repeat2_K5_C0002_M_K5_C0003""]"
TCGA-CZ-4865,TCGA-G6-A8L7,3,5,0,0.0,[]
TCGA-CZ-5451,TCGA-CZ-5462,9,5,2,0.2222222222222222,"[""K6_repeat3_K6_C0002_M_K6_C0003"", ""K7_repeat1_K7_C0002_M_K7_C0003""]"
TCGA-CZ-5451,TCGA-CZ-5468,9,3,2,0.2222222222222222,"[""K6_repeat3_K6_C0002_M_K6_C0003"", ""K7_repeat1_K7_C0002_M_K7_C0003""]"
TCGA-CZ-5451,TCGA-CZ-5984,9,8,4,0.4444444444444444,"[""K2_repeat1_K2_C0002"", ""K2_repeat2_K2_C0002"", ""K2_repeat3_K2_C0002"", ""K4_repeat1_K4_C0001_M_K4_C0004""]"
TCGA-CZ-5451,TCGA-CZ-5985,9,7,0,0.0,[]
TCGA-CZ-5451,TCGA-CZ-5988,9,3,2,0.2222222222222222,"[""K6_repeat3_K6_C0002_M_K6_C0003"", ""K7_repeat1_K7_C0002_M_K7_C0003""]"
TCGA-CZ-5451,TCGA-G6-A5PC,9,7,0,0.0,[]
TCGA-CZ-5451,TCGA-G6-A8L7,9,5,4,0.4444444444444444,"[""K4_repeat1_K4_C0001_M_K4_C0004"", ""K4_repeat2_K4_C0001"", ""K5_repeat2_K5_C0001_M_K5_C0005"", ""K5_repeat3_K5_C0001_M_K5_C0005""]"
TCGA-CZ-5462,TCGA-CZ-5468,5,3,3,0.6,"[""K5_repeat2_K5_C0002_M_K5_C0003"", ""K6_repeat3_K6_C0002_M_K6_C0003"", ""K7_repeat1_K7_C0002_M_K7_C0003""]"
TCGA-CZ-5462,TCGA-CZ-5984,5,8,0,0.0,[]
TCGA-CZ-5462,TCGA-CZ-5985,5,7,3,0.42857142857142855,"[""K5_repeat2_K5_C0002_M_K5_C0003"", ""K8_repeat1_K8_C0005"", ""K8_repeat2_K8_C0005""]"
TCGA-CZ-5462,TCGA-CZ-5988,5,3,3,0.6,"[""K5_repeat2_K5_C0002_M_K5_C0003"", ""K6_repeat3_K6_C0002_M_K6_C0003"", ""K7_repeat1_K7_C0002_M_K7_C0003""]"
TCGA-CZ-5462,TCGA-G6-A5PC,5,7,3,0.42857142857142855,"[""K5_repeat2_K5_C0002_M_K5_C0003"", ""K8_repeat1_K8_C0005"", ""K8_repeat2_K8_C0005""]"
TCGA-CZ-5462,TCGA-G6-A8L7,5,5,0,0.0,[]
TCGA-CZ-5468,TCGA-CZ-5984,3,8,0,0.0,[]
TCGA-CZ-5468,TCGA-CZ-5985,3,7,1,0.14285714285714285,"[""K5_repeat2_K5_C0002_M_K5_C0003""]"
TCGA-CZ-5468,TCGA-CZ-5988,3,3,3,1.0,"[""K5_repeat2_K5_C0002_M_K5_C0003"", ""K6_repeat3_K6_C0002_M_K6_C0003"", ""K7_repeat1_K7_C0002_M_K7_C0003""]"
TCGA-CZ-5468,TCGA-G6-A5PC,3,7,1,0.14285714285714285,"[""K5_repeat2_K5_C0002_M_K5_C0003""]"
TCGA-CZ-5468,TCGA-G6-A8L7,3,5,0,0.0,[]
TCGA-CZ-5984,TCGA-CZ-5985,8,7,0,0.0,[]
TCGA-CZ-5984,TCGA-CZ-5988,8,3,0,0.0,[]
TCGA-CZ-5984,TCGA-G6-A5PC,8,7,0,0.0,[]
TCGA-CZ-5984,TCGA-G6-A8L7,8,5,1,0.125,"[""K4_repeat1_K4_C0001_M_K4_C0004""]"
TCGA-CZ-5985,TCGA-CZ-5988,7,3,1,0.14285714285714285,"[""K5_repeat2_K5_C0002_M_K5_C0003""]"
TCGA-CZ-5985,TCGA-G6-A5PC,7,7,7,1.0,"[""K4_repeat2_K4_C0003"", ""K5_repeat2_K5_C0002_M_K5_C0003"", ""K5_repeat3_K5_C0003"", ""K6_repeat3_K6_C0005"", ""K7_repeat1_K7_C0005"", ""K8_repeat1_K8_C0005"", ""K8_repeat2_K8_C0005""]"
TCGA-CZ-5985,TCGA-G6-A8L7,7,5,0,0.0,[]
TCGA-CZ-5988,TCGA-G6-A5PC,3,7,1,0.14285714285714285,"[""K5_repeat2_K5_C0002_M_K5_C0003""]"
TCGA-CZ-5988,TCGA-G6-A8L7,3,5,0,0.0,[]
TCGA-G6-A5PC,TCGA-G6-A8L7,7,5,0,0.0,[]
