{
  "type": "FeatureCollection",
  "features": [
    {
      "type": "Feature",
      "properties": {
        "class_id": 2,
        "classification": "Fold",
        "area": 18019.250624855424
      },
      "geometry": {
        "type": "Polygon",
        "coordinates": [
          [
            [
              94483.3729216152,
              76526.12826603325
            ],
            [
              94465.55819477435,
              76543.94299287412
            ],
            [
              94465.55819477435,
              76549.8812351544
            ],
            [
              94453.68171021379,
              76561.75771971497
            ],
            [
              94453.68171021379,
              76567.69596199525
            ],
            [
              94447.7434679335,
              76573.63420427554
            ],
            [
              94447.7434679335,
              76585.5106888361
            ],
            [
              94441.80522565321,
              76591.44893111639
            ],
            [
              94441.80522565321,
              76621.14014251782
            ],
            [
              94435.86698337292,
              76627.07838479811
            ],
            [
              94435.86698337292,
              76633.01662707838
            ],
            [
              94429.92874109263,
              76638.95486935867
            ],
            [
              94429.92874109263,
              76644.89311163896
            ],
            [
              94418.05225653207,
              76656.76959619953
            ],
            [
              94418.05225653207,
              76662.70783847981
            ],
            [
              94412.11401425178,
              76668.6460807601
            ],
            [
              94412.11401425178,
              76680.52256532067
            ],
            [
              94406.1757719715,
              76686.46080760095
            ],
            [
              94406.1757719715,
              76722.09026128266
            ],
            [
              94412.11401425178,
              76728.02850356295
            ],
            [
              94412.11401425178,
              76751.78147268409
            ],
            [
              94400.23752969122,
              76763.65795724466
            ],
            [
              94400.23752969122,
              76769.59619952494
            ],
            [
              94382.42280285036,
              76787.4109263658
            ],
            [
              94382.42280285036,
              76793.34916864608
            ],
            [
              94376.48456057007,
              76799.28741092636
            ],
            [
              94376.48456057007,
              76846.79334916866
            ],
            [
              94370.5463182898,
              76852.73159144893
            ],
            [
              94370.5463182898,
              76864.6080760095
            ],
            [
              94364.6080760095,
              76870.5463182898
            ],
            [
              94364.6080760095,
              76876.48456057007
            ],
            [
              94358.66983372922,
              76882.42280285036
            ],
            [
              94358.66983372922,
              76888.36104513064
            ],
            [
              94328.97862232779,
              76918.05225653207
            ],
            [
              94323.0403800475,
              76918.05225653207
            ],
            [
              94299.28741092636,
              76941.80522565321
            ],
            [
              94299.28741092636,
              76947.7434679335
            ],
            [
              94281.47268408551,
              76965.55819477435
            ],
            [
              94275.53444180523,
              76965.55819477435
            ],
            [
              94257.71971496438,
              76983.3729216152
            ],
            [
              94251.78147268409,
              76983.3729216152
            ],
            [
              94251.78147268409,
              77125.89073634204
            ],
            [
              94257.71971496438,
              77125.89073634204
            ],
            [
              94263.65795724466,
              77131.82897862233
            ],
            [
              94263.65795724466,
              77137.76722090262
            ],
            [
              94263.65795724466,
              77119.95249406176
            ],
            [
              94269.59619952494,
              77114.01425178148
            ],
            [
              94269.59619952494,
              77096.19952494062
            ],
            [
              94275.53444180523,
              77090.26128266033
            ],
            [
              94275.53444180523,
              77066.50831353919
            ],
            [
              94281.47268408551,
              77060.57007125892
            ],
            [
              94281.47268408551,
              77054.63182897863
            ],
            [
              94287.4109263658,
              77048.69358669834
            ],
            [
              94287.4109263658,
              77042.75534441805
            ],
            [
              94305.22565320665,
              77024.9406175772
            ],
            [
              94305.22565320665,
              77013.06413301663
            ],
            [
              94311.16389548694,
              77007.12589073635
            ],
            [
              94311.16389548694,
              76995.24940617578
            ],
            [
              94317.10213776723,
              76989.31116389549
            ],
            [
              94317.10213776723,
              76983.3729216152
            ],
            [
              94323.0403800475,
              76977.43467933493
            ],
            [
              94323.0403800475,
              76971.49643705464
            ],
            [
              94328.97862232779,
              76965.55819477435
            ],
            [
              94328.97862232779,
              76959.61995249406
            ],
            [
              94334.91686460808,
              76953.68171021379
            ],
            [
              94334.91686460808,
              76941.80522565321
            ],
            [
              94340.85510688837,
              76935.86698337292
            ],
            [
              94340.85510688837,
              76929.92874109263
            ],
            [
              94346.79334916866,
              76923.99049881236
            ],
            [
              94346.79334916866,
              76918.05225653207
            ],
            [
              94352.73159144893,
              76912.11401425178
            ],
            [
              94352.73159144893,
              76906.1757719715
            ],
            [
              94364.6080760095,
              76894.29928741093
            ],
            [
              94364.6080760095,
              76888.36104513064
            ],
            [
              94370.5463182898,
              76882.42280285036
            ],
            [
              94370.5463182898,
              76876.48456057007
            ],
            [
              94382.42280285036,
              76864.6080760095
            ],
            [
              94382.42280285036,
              76858.66983372922
            ],
            [
              94388.36104513064,
              76852.73159144893
            ],
            [
              94388.36104513064,
              76846.79334916866
            ],
            [
              94394.29928741093,
              76840.85510688837
            ],
            [
              94394.29928741093,
              76834.91686460808
            ],
            [
              94400.23752969122,
              76828.97862232779
            ],
            [
              94400.23752969122,
              76811.16389548694
            ],
            [
              94406.1757719715,
              76805.22565320665
            ],
            [
              94406.1757719715,
              76793.34916864608
            ],
            [
              94412.11401425178,
              76787.4109263658
            ],
            [
              94412.11401425178,
              76781.47268408551
            ],
            [
              94418.05225653207,
              76775.53444180523
            ],
            [
              94418.05225653207,
              76769.59619952494
            ],
            [
              94429.92874109263,
              76757.71971496438
            ],
            [
              94429.92874109263,
              76751.78147268409
            ],
            [
              94441.80522565321,
              76739.90498812351
            ],
            [
              94441.80522565321,
              76728.02850356295
            ],
            [
              94447.7434679335,
              76722.09026128266
            ],
            [
              94447.7434679335,
              76704.27553444181
            ],
            [
              94453.68171021379,
              76698.33729216152
            ],
            [
              94453.68171021379,
              76680.52256532067
            ],
            [
              94459.61995249406,
              76674.58432304038
            ],
            [
              94459.61995249406,
              76656.76959619953
            ],
            [
              94465.55819477435,
              76650.83135391925
            ],
            [
              94465.55819477435,
              76609.26365795724
            ],
            [
              94471.49643705464,
              76603.32541567697
            ],
            [
              94471.49643705464,
              76585.5106888361
            ],
            [
              94477.43467933493,
              76579.57244655582
            ],
            [
              94477.43467933493,
              76567.69596199525
            ],
            [
              94483.3729216152,
              76561.75771971497
            ],
            [
              94483.3729216152,
              76526.12826603325
            ]
          ]
        ]
      }
    },
    {
      "type": "Feature",
      "properties": {
        "class_id": 2,
        "classification": "Fold",
        "area": 10596.447774499129
      },
      "geometry": {
        "type": "Polygon",
        "coordinates": [
          [
            [
              9186.46080760095,
              68806.41330166272
            ],
            [
              9180.522565320665,
              68812.35154394299
            ],
            [
              9168.646080760096,
              68812.35154394299
            ],
            [
              9162.70783847981,
              68818.28978622328
            ],
            [
              9150.83135391924,
              68818.28978622328
            ],
            [
              9144.893111638956,
              68824.22802850357
            ],
            [
              9133.016627078385,
              68824.22802850357
            ],
            [
              9127.0783847981,
              68830.16627078385
            ],
            [
              9121.140142517816,
              68830.16627078385
            ],
            [
              9121.140142517816,
              68889.5486935867
            ],
            [
              9127.0783847981,
              68895.48693586698
            ],
            [
              9133.016627078385,
              68895.48693586698
            ],
            [
              9138.95486935867,
              68901.42517814727
            ],
            [
              9150.83135391924,
              68901.42517814727
            ],
            [
              9156.769596199525,
              68907.36342042756
            ],
            [
              9186.46080760095,
              68907.36342042756
            ],
            [
              9192.399049881236,
              68901.42517814727
            ],
            [
              9204.275534441806,
              68901.42517814727
            ],
            [
              9210.21377672209,
              68895.48693586698
            ],
            [
              9222.090261282661,
              68895.48693586698
            ],
            [
              9233.96674584323,
              68883.61045130642
            ],
            [
              9239.904988123515,
              68883.61045130642
            ],
            [
              9239.904988123515,
              68877.67220902613
            ],
            [
              9245.843230403801,
              68871.73396674584
            ],
            [
              9245.843230403801,
              68865.79572446556
            ],
            [
              9251.781472684086,
              68859.85748218528
            ],
            [
              9251.781472684086,
              68836.10451306413
            ],
            [
              9245.843230403801,
              68830.16627078385
            ],
            [
              9245.843230403801,
              68824.22802850357
            ],
            [
              9233.96674584323,
              68812.35154394299
            ],
            [
              9228.028503562946,
              68812.35154394299
            ],
            [
              9222.090261282661,
              68806.41330166272
            ],
            [
              9186.46080760095,
              68806.41330166272
            ]
          ]
        ]
      }
    },
    {
      "type": "Feature",
      "properties": {
        "class_id": 2,
        "classification": "Fold",
        "area": 1287.0893303468158
      },
      "geometry": {
        "type": "Polygon",
        "coordinates": [
          [
            [
              72963.18289786224,
              62268.40855106889
            ],
            [
              72951.30641330166,
              62280.28503562946
            ],
            [
              72945.36817102139,
              62280.28503562946
            ],
            [
              72933.49168646081,
              62292.16152019003
            ],
            [
              72927.55344418052,
              62292.16152019003
            ],
            [
              72915.67695961996,
              62280.28503562946
            ],
            [
              72915.67695961996,
              62292.16152019003
            ],
            [
              72921.61520190025,
              62298.09976247031
            ],
            [
              72921.61520190025,
              62304.0380047506
            ],
            [
              72927.55344418052,
              62309.97624703088
            ],
            [
              72939.4299287411,
              62309.97624703088
            ],
            [
              72945.36817102139,
              62315.914489311166
            ],
            [
              72963.18289786224,
              62315.914489311166
            ],
            [
              72963.18289786224,
              62268.40855106889
            ]
          ]
        ]
      }
    },
    {
      "type": "Feature",
      "properties": {
        "class_id": 2,
        "classification": "Fold",
        "area": 105.78816413809446
      },
      "geometry": {
        "type": "Polygon",
        "coordinates": [
          [
            [
              30397.862232779098,
              37690.02375296912
            ],
            [
              30391.923990498814,
              37695.96199524941
            ],
            [
              30391.923990498814,
              37707.83847980998
            ],
            [
              30397.862232779098,
              37713.77672209026
            ],
            [
              30397.862232779098,
              37690.02375296912
            ]
          ]
        ]
      }
    },
    {
      "type": "Feature",
      "properties": {
        "class_id": 2,
        "classification": "Fold",
        "area": 2239.182807589666
      },
      "geometry": {
        "type": "Polygon",
        "coordinates": [
          [
            [
              44833.72921615202,
              36787.410926365796
            ],
            [
              44827.790973871735,
              36793.349168646084
            ],
            [
              44821.852731591454,
              36793.349168646084
            ],
            [
              44821.852731591454,
              36799.287410926365
            ],
            [
              44815.914489311166,
              36805.22565320665
            ],
            [
              44821.852731591454,
              36811.163895486934
            ],
            [
              44821.852731591454,
              36817.10213776722
            ],
            [
              44827.790973871735,
              36823.04038004751
            ],
            [
              44833.72921615202,
              36823.04038004751
            ],
            [
              44845.60570071259,
              36834.91686460808
            ],
            [
              44869.35866983373,
              36834.91686460808
            ],
            [
              44875.29691211402,
              36828.97862232779
            ],
            [
              44875.29691211402,
              36823.04038004751
            ],
            [
              44881.2351543943,
              36817.10213776722
            ],
            [
              44881.2351543943,
              36811.163895486934
            ],
            [
              44875.29691211402,
              36805.22565320665
            ],
            [
              44875.29691211402,
              36799.287410926365
            ],
            [
              44869.35866983373,
              36793.349168646084
            ],
            [
              44863.42042755344,
              36793.349168646084
            ],
            [
              44857.48218527316,
              36787.410926365796
            ],
            [
              44833.72921615202,
              36787.410926365796
            ]
          ]
        ]
      }
    },
    {
      "type": "Feature",
      "properties": {
        "class_id": 2,
        "classification": "Fold",
        "area": 1586.8224620714168
      },
      "geometry": {
        "type": "Polygon",
        "coordinates": [
          [
            [
              18206.65083135392,
              34798.09976247031
            ],
            [
              18200.712589073635,
              34804.0380047506
            ],
            [
              18200.712589073635,
              34833.72921615202
            ],
            [
              18212.589073634204,
              34845.60570071259
            ],
            [
              18218.52731591449,
              34839.667458432305
            ],
            [
              18224.465558194774,
              34845.60570071259
            ],
            [
              18230.403800475062,
              34845.60570071259
            ],
            [
              18236.342042755346,
              34851.543942992874
            ],
            [
              18236.342042755346,
              34798.09976247031
            ],
            [
              18206.65083135392,
              34798.09976247031
            ]
          ]
        ]
      }
    },
    {
      "type": "Feature",
      "properties": {
        "class_id": 2,
        "classification": "Fold",
        "area": 10843.286824154682
      },
      "geometry": {
        "type": "Polygon",
        "coordinates": [
          [
            [
              27814.726840855106,
              33147.26840855107
            ],
            [
              27808.78859857482,
              33153.20665083136
            ],
            [
              27796.912114014252,
              33153.20665083136
            ],
            [
              27790.973871733968,
              33159.14489311164
            ],
            [
              27785.035629453683,
              33159.14489311164
            ],
            [
              27761.28266033254,
              33182.89786223278
            ],
            [
              27761.28266033254,
              33188.836104513066
            ],
            [
              27755.344418052257,
              33194.77434679335
            ],
            [
              27755.344418052257,
              33224.46555819477
            ],
            [
              27761.28266033254,
              33230.40380047506
            ],
            [
              27761.28266033254,
              33242.28028503563
            ],
            [
              27773.159144893114,
              33254.1567695962
            ],
            [
              27773.159144893114,
              33260.09501187649
            ],
            [
              27785.035629453683,
              33271.97149643706
            ],
            [
              27790.973871733968,
              33271.97149643706
            ],
            [
              27796.912114014252,
              33277.90973871734
            ],
            [
              27808.78859857482,
              33277.90973871734
            ],
            [
              27814.726840855106,
              33271.97149643706
            ],
            [
              27826.60332541568,
              33271.97149643706
            ],
            [
              27832.541567695964,
              33266.03325415677
            ],
            [
              27838.47980997625,
              33266.03325415677
            ],
            [
              27850.356294536818,
              33254.1567695962
            ],
            [
              27850.356294536818,
              33248.21852731592
            ],
            [
              27856.294536817102,
              33242.28028503563
            ],
            [
              27856.294536817102,
              33236.34204275534
            ],
            [
              27862.232779097387,
              33230.40380047506
            ],
            [
              27862.232779097387,
              33176.9596199525
            ],
            [
              27856.294536817102,
              33171.02137767221
            ],
            [
              27856.294536817102,
              33165.08313539193
            ],
            [
              27844.418052256533,
              33153.20665083136
            ],
            [
              27838.47980997625,
              33153.20665083136
            ],
            [
              27832.541567695964,
              33147.26840855107
            ],
            [
              27814.726840855106,
              33147.26840855107
            ]
          ]
        ]
      }
    },
    {
      "type": "Feature",
      "properties": {
        "class_id": 2,
        "classification": "Fold",
        "area": 34733.78055867435
      },
      "geometry": {
        "type": "Polygon",
        "coordinates": [
          [
            [
              46021.377672209026,
              32511.876484560573
            ],
            [
              45991.6864608076,
              32541.567695961996
            ],
            [
              45991.6864608076,
              32547.50593824228
            ],
            [
              45985.74821852732,
              32553.444180522565
            ],
            [
              45985.74821852732,
              32565.320665083138
            ],
            [
              45979.80997624703,
              32571.258907363423
            ],
            [
              45979.80997624703,
              32595.01187648456
            ],
            [
              45973.87173396675,
              32600.950118764846
            ],
            [
              45973.87173396675,
              32612.82660332542
            ],
            [
              45979.80997624703,
              32618.764845605703
            ],
            [
              45979.80997624703,
              32636.579572446557
            ],
            [
              45985.74821852732,
              32642.51781472684
            ],
            [
              45985.74821852732,
              32654.39429928741
            ],
            [
              45991.6864608076,
              32660.3325415677
            ],
            [
              45991.6864608076,
              32684.085510688838
            ],
            [
              45997.62470308789,
              32690.023752969122
            ],
            [
              45997.62470308789,
              32719.71496437055
            ],
            [
              45991.6864608076,
              32725.653206650833
            ],
            [
              45991.6864608076,
              32802.85035629454
            ],
            [
              45985.74821852732,
              32808.78859857482
            ],
            [
              45985.74821852732,
              32820.66508313539
            ],
            [
              45991.6864608076,
              32826.60332541568
            ],
            [
              45991.6864608076,
              32844.41805225654
            ],
            [
              45997.62470308789,
              32850.35629453682
            ],
            [
              45997.62470308789,
              32862.23277909739
            ],
            [
              46015.439429928745,
              32880.047505938244
            ],
            [
              46027.315914489314,
              32880.047505938244
            ],
            [
              46045.130641330165,
              32862.23277909739
            ],
            [
              46045.130641330165,
              32856.294536817106
            ],
            [
              46051.06888361045,
              32850.35629453682
            ],
            [
              46051.06888361045,
              32844.41805225654
            ],
            [
              46057.00712589074,
              32838.47980997625
            ],
            [
              46057.00712589074,
              32832.54156769596
            ],
            [
              46062.94536817102,
              32826.60332541568
            ],
            [
              46062.94536817102,
              32820.66508313539
            ],
            [
              46068.88361045131,
              32814.72684085511
            ],
            [
              46068.88361045131,
              32773.159144893114
            ],
            [
              46074.82185273159,
              32767.22090261283
            ],
            [
              46074.82185273159,
              32749.406175771972
            ],
            [
              46080.76009501188,
              32743.467933491687
            ],
            [
              46080.76009501188,
              32725.653206650833
            ],
            [
              46086.69833729216,
              32719.71496437055
            ],
            [
              46086.69833729216,
              32695.961995249407
            ],
            [
              46092.63657957245,
              32690.023752969122
            ],
            [
              46092.63657957245,
              32666.270783847984
            ],
            [
              46098.57482185274,
              32660.3325415677
            ],
            [
              46098.57482185274,
              32648.456057007126
            ],
            [
              46104.51306413302,
              32642.51781472684
            ],
            [
              46104.51306413302,
              32636.579572446557
            ],
            [
              46110.451306413306,
              32630.641330166272
            ],
            [
              46110.451306413306,
              32618.764845605703
            ],
            [
              46116.38954869359,
              32612.82660332542
            ],
            [
              46116.38954869359,
              32577.197149643707
            ],
            [
              46110.451306413306,
              32571.258907363423
            ],
            [
              46110.451306413306,
              32553.444180522565
            ],
            [
              46104.51306413302,
              32547.50593824228
            ],
            [
              46104.51306413302,
              32541.567695961996
            ],
            [
              46098.57482185274,
              32535.62945368171
            ],
            [
              46098.57482185274,
              32529.691211401427
            ],
            [
              46092.63657957245,
              32523.752969121142
            ],
            [
              46086.69833729216,
              32523.752969121142
            ],
            [
              46080.76009501188,
              32517.814726840857
            ],
            [
              46074.82185273159,
              32517.814726840857
            ],
            [
              46068.88361045131,
              32511.876484560573
            ],
            [
              46021.377672209026,
              32511.876484560573
            ]
          ]
        ]
      }
    },
    {
      "type": "Feature",
      "properties": {
        "class_id": 2,
        "classification": "Fold",
        "area": 722.8857882769788
      },
      "geometry": {
        "type": "Polygon",
        "coordinates": [
          [
            [
              45908.551068883615,
              32452.49406175772
            ],
            [
              45902.61282660333,
              32458.432304038008
            ],
            [
              45902.61282660333,
              32476.24703087886
            ],
            [
              45908.551068883615,
              32476.24703087886
            ],
            [
              45914.489311163896,
              32482.185273159146
            ],
            [
              45926.365795724465,
              32482.185273159146
            ],
            [
              45932.30403800475,
              32476.24703087886
            ],
            [
              45932.30403800475,
              32464.370546318292
            ],
            [
              45920.427553444184,
              32452.49406175772
            ],
            [
              45908.551068883615,
              32452.49406175772
            ]
          ]
        ]
      }
    },
    {
      "type": "Feature",
      "properties": {
        "class_id": 2,
        "classification": "Fold",
        "area": 10790.392742085634
      },
      "geometry": {
        "type": "Polygon",
        "coordinates": [
          [
            [
              45611.63895486936,
              32256.532066508316
            ],
            [
              45605.700712589074,
              32262.4703087886
            ],
            [
              45605.700712589074,
              32541.567695961996
            ],
            [
              45617.57719714964,
              32541.567695961996
            ],
            [
              45635.3919239905,
              32523.752969121142
            ],
            [
              45635.3919239905,
              32517.814726840857
            ],
            [
              45641.33016627079,
              32511.876484560573
            ],
            [
              45641.33016627079,
              32500.0
            ],
            [
              45635.3919239905,
              32494.061757719715
            ],
            [
              45635.3919239905,
              32464.370546318292
            ],
            [
              45641.33016627079,
              32458.432304038008
            ],
            [
              45641.33016627079,
              32393.11163895487
            ],
            [
              45647.26840855107,
              32387.173396674585
            ],
            [
              45647.26840855107,
              32381.2351543943
            ],
            [
              45653.20665083136,
              32375.296912114016
            ],
            [
              45653.20665083136,
              32357.482185273162
            ],
            [
              45659.14489311164,
              32351.543942992874
            ],
            [
              45659.14489311164,
              32339.667458432305
            ],
            [
              45665.08313539193,
              32333.72921615202
            ],
            [
              45665.08313539193,
              32315.914489311166
            ],
            [
              45641.33016627079,
              32292.161520190024
            ],
            [
              45641.33016627079,
              32286.22327790974
            ],
            [
              45635.3919239905,
              32280.285035629455
            ],
            [
              45635.3919239905,
              32274.34679334917
            ],
            [
              45629.45368171021,
              32268.408551068886
            ],
            [
              45629.45368171021,
              32262.4703087886
            ],
            [
              45623.51543942993,
              32256.532066508316
            ],
            [
              45611.63895486936,
              32256.532066508316
            ]
          ]
        ]
      }
    },
    {
      "type": "Feature",
      "properties": {
        "class_id": 2,
        "classification": "Fold",
        "area": 546.5721813801547
      },
      "geometry": {
        "type": "Polygon",
        "coordinates": [
          [
            [
              45605.700712589074,
              31876.484560570072
            ],
            [
              45605.700712589074,
              31912.114014251783
            ],
            [
              45611.63895486936,
              31912.114014251783
            ],
            [
              45623.51543942993,
              31900.237529691214
            ],
            [
              45623.51543942993,
              31882.422802850357
            ],
            [
              45617.57719714964,
              31876.484560570072
            ],
            [
              45605.700712589074,
              31876.484560570072
            ]
          ]
        ]
      }
    },
    {
      "type": "Feature",
      "properties": {
        "class_id": 2,
        "classification": "Fold",
        "area": 141.05088551745928
      },
      "geometry": {
        "type": "Polygon",
        "coordinates": [
          [
            [
              53568.88361045131,
              30391.923990498814
            ],
            [
              53562.94536817102,
              30397.862232779098
            ],
            [
              53592.63657957245,
              30397.862232779098
            ],
            [
              53586.69833729216,
              30391.923990498814
            ],
            [
              53568.88361045131,
              30391.923990498814
            ]
          ]
        ]
      }
    },
    {
      "type": "Feature",
      "properties": {
        "class_id": 2,
        "classification": "Fold",
        "area": 229.20768896587134
      },
      "geometry": {
        "type": "Polygon",
        "coordinates": [
          [
            [
              45617.57719714964,
              22695.961995249407
            ],
            [
              45611.63895486936,
              22701.90023752969
            ],
            [
              45605.700712589074,
              22701.90023752969
            ],
            [
              45605.700712589074,
              22707.838479809976
            ],
            [
              45611.63895486936,
              22713.77672209026
            ],
            [
              45617.57719714964,
              22713.77672209026
            ],
            [
              45623.51543942993,
              22707.838479809976
            ],
            [
              45623.51543942993,
              22695.961995249407
            ],
            [
              45617.57719714964,
              22695.961995249407
            ]
          ]
        ]
      }
    },
    {
      "type": "Feature",
      "properties": {
        "class_id": 2,
        "classification": "Fold",
        "area": 47287.309369728224
      },
      "geometry": {
        "type": "Polygon",
        "coordinates": [
          [
            [
              45605.700712589074,
              21674.58432304038
            ],
            [
              45605.700712589074,
              22321.85273159145
            ],
            [
              45611.63895486936,
              22327.790973871735
            ],
            [
              45611.63895486936,
              22333.72921615202
            ],
            [
              45605.700712589074,
              22339.667458432305
            ],
            [
              45605.700712589074,
              22648.456057007126
            ],
            [
              45617.57719714964,
              22660.332541567695
            ],
            [
              45623.51543942993,
              22660.332541567695
            ],
            [
              45623.51543942993,
              22648.456057007126
            ],
            [
              45629.45368171021,
              22642.51781472684
            ],
            [
              45629.45368171021,
              22630.641330166272
            ],
            [
              45635.3919239905,
              22624.703087885988
            ],
            [
              45635.3919239905,
              22612.826603325415
            ],
            [
              45641.33016627079,
              22606.88836104513
            ],
            [
              45641.33016627079,
              22600.950118764846
            ],
            [
              45653.20665083136,
              22589.073634204276
            ],
            [
              45653.20665083136,
              22583.135391923992
            ],
            [
              45659.14489311164,
              22577.197149643707
            ],
            [
              45659.14489311164,
              22571.258907363423
            ],
            [
              45665.08313539193,
              22565.320665083138
            ],
            [
              45665.08313539193,
              22559.38242280285
            ],
            [
              45671.02137767221,
              22553.444180522565
            ],
            [
              45671.02137767221,
              22541.567695961996
            ],
            [
              45676.9596199525,
              22535.62945368171
            ],
            [
              45676.9596199525,
              22488.12351543943
            ],
            [
              45671.02137767221,
              22482.185273159146
            ],
            [
              45671.02137767221,
              22476.24703087886
            ],
            [
              45653.20665083136,
              22458.432304038004
            ],
            [
              45653.20665083136,
              22452.49406175772
            ],
            [
              45629.45368171021,
              22428.74109263658
            ],
            [
              45629.45368171021,
              22404.98812351544
            ],
            [
              45635.3919239905,
              22399.049881235154
            ],
            [
              45635.3919239905,
              22393.11163895487
            ],
            [
              45641.33016627079,
              22387.173396674585
            ],
            [
              45641.33016627079,
              22345.60570071259
            ],
            [
              45635.3919239905,
              22339.667458432305
            ],
            [
              45635.3919239905,
              22333.72921615202
            ],
            [
              45629.45368171021,
              22327.790973871735
            ],
            [
              45629.45368171021,
              22298.09976247031
            ],
            [
              45641.33016627079,
              22286.22327790974
            ],
            [
              45641.33016627079,
              22280.285035629455
            ],
            [
              45659.14489311164,
              22262.4703087886
            ],
            [
              45659.14489311164,
              22256.532066508313
            ],
            [
              45665.08313539193,
              22250.593824228028
            ],
            [
              45665.08313539193,
              22244.655581947743
            ],
            [
              45671.02137767221,
              22238.71733966746
            ],
            [
              45671.02137767221,
              22214.96437054632
            ],
            [
              45676.9596199525,
              22209.026128266036
            ],
            [
              45676.9596199525,
              22191.21140142518
            ],
            [
              45682.89786223278,
              22185.273159144894
            ],
            [
              45682.89786223278,
              22143.705463182898
            ],
            [
              45676.9596199525,
              22137.767220902613
            ],
            [
              45676.9596199525,
              22125.890736342044
            ],
            [
              45671.02137767221,
              22119.95249406176
            ],
            [
              45671.02137767221,
              22108.07600950119
            ],
            [
              45665.08313539193,
              22102.137767220902
            ],
            [
              45665.08313539193,
              22096.199524940617
            ],
            [
              45659.14489311164,
              22090.261282660333
            ],
            [
              45659.14489311164,
              22042.755344418052
            ],
            [
              45653.20665083136,
              22036.817102137768
            ],
            [
              45653.20665083136,
              22024.9406175772
            ],
            [
              45641.33016627079,
              22013.06413301663
            ],
            [
              45641.33016627079,
              21995.24940617577
            ],
            [
              45635.3919239905,
              21989.311163895487
            ],
            [
              45635.3919239905,
              21965.55819477435
            ],
            [
              45629.45368171021,
              21959.619952494064
            ],
            [
              45629.45368171021,
              21906.1757719715
            ],
            [
              45635.3919239905,
              21900.23752969121
            ],
            [
              45635.3919239905,
              21894.299287410926
            ],
            [
              45653.20665083136,
              21876.484560570072
            ],
            [
              45653.20665083136,
              21870.546318289787
            ],
            [
              45665.08313539193,
              21858.66983372922
            ],
            [
              45665.08313539193,
              21846.793349168645
            ],
            [
              45671.02137767221,
              21840.85510688836
            ],
            [
              45671.02137767221,
              21828.97862232779
            ],
            [
              45665.08313539193,
              21823.040380047507
            ],
            [
              45665.08313539193,
              21781.47268408551
            ],
            [
              45671.02137767221,
              21775.534441805226
            ],
            [
              45671.02137767221,
              21745.8432304038
            ],
            [
              45665.08313539193,
              21739.904988123515
            ],
            [
              45665.08313539193,
              21728.028503562946
            ],
            [
              45659.14489311164,
              21722.09026128266
            ],
            [
              45659.14489311164,
              21716.152019002377
            ],
            [
              45641.33016627079,
              21698.337292161523
            ],
            [
              45641.33016627079,
              21692.399049881235
            ],
            [
              45623.51543942993,
              21674.58432304038
            ],
            [
              45605.700712589074,
              21674.58432304038
            ]
          ]
        ]
      }
    },
    {
      "type": "Feature",
      "properties": {
        "class_id": 2,
        "classification": "Fold",
        "area": 282.10177103491856
      },
      "geometry": {
        "type": "Polygon",
        "coordinates": [
          [
            [
              19732.779097387174,
              21258.90736342043
            ],
            [
              19726.84085510689,
              21264.845605700713
            ],
            [
              19726.84085510689,
              21276.722090261283
            ],
            [
              19744.655581947743,
              21276.722090261283
            ],
            [
              19744.655581947743,
              21264.845605700713
            ],
            [
              19738.71733966746,
              21258.90736342043
            ],
            [
              19732.779097387174,
              21258.90736342043
            ]
          ]
        ]
      }
    },
    {
      "type": "Feature",
      "properties": {
        "class_id": 2,
        "classification": "Fold",
        "area": 493.6780993111075
      },
      "geometry": {
        "type": "Polygon",
        "coordinates": [
          [
            [
              45605.700712589074,
              21193.586698337294
            ],
            [
              45605.700712589074,
              21223.277909738717
            ],
            [
              45617.57719714964,
              21223.277909738717
            ],
            [
              45623.51543942993,
              21217.339667458433
            ],
            [
              45623.51543942993,
              21199.52494061758
            ],
            [
              45617.57719714964,
              21193.586698337294
            ],
            [
              45605.700712589074,
              21193.586698337294
            ]
          ]
        ]
      }
    },
    {
      "type": "Feature",
      "properties": {
        "class_id": 3,
        "classification": "Darkspot & Foreign Object",
        "area": 10279.083282084845
      },
      "geometry": {
        "type": "Polygon",
        "coordinates": [
          [
            [
              55106.88836104513,
              84121.14014251782
            ],
            [
              55100.95011876485,
              84127.07838479811
            ],
            [
              55089.07363420428,
              84127.07838479811
            ],
            [
              55083.13539192399,
              84133.01662707838
            ],
            [
              55077.19714964371,
              84133.01662707838
            ],
            [
              55071.25890736342,
              84138.95486935867
            ],
            [
              55065.320665083134,
              84138.95486935867
            ],
            [
              55053.444180522565,
              84150.83135391925
            ],
            [
              55053.444180522565,
              84156.76959619953
            ],
            [
              55047.505938242284,
              84162.70783847981
            ],
            [
              55047.505938242284,
              84180.52256532067
            ],
            [
              55053.444180522565,
              84186.46080760095
            ],
            [
              55053.444180522565,
              84192.39904988123
            ],
            [
              55059.38242280285,
              84198.33729216152
            ],
            [
              55059.38242280285,
              84204.27553444181
            ],
            [
              55065.320665083134,
              84210.2137767221
            ],
            [
              55065.320665083134,
              84228.02850356295
            ],
            [
              55077.19714964371,
              84239.90498812353
            ],
            [
              55089.07363420428,
              84239.90498812353
            ],
            [
              55095.01187648456,
              84245.8432304038
            ],
            [
              55100.95011876485,
              84239.90498812353
            ],
            [
              55106.88836104513,
              84239.90498812353
            ],
            [
              55112.82660332542,
              84233.96674584324
            ],
            [
              55118.7648456057,
              84233.96674584324
            ],
            [
              55124.70308788599,
              84228.02850356295
            ],
            [
              55130.641330166276,
              84228.02850356295
            ],
            [
              55154.394299287414,
              84204.27553444181
            ],
            [
              55154.394299287414,
              84186.46080760095
            ],
            [
              55160.332541567695,
              84180.52256532067
            ],
            [
              55160.332541567695,
              84150.83135391925
            ],
            [
              55154.394299287414,
              84144.89311163896
            ],
            [
              55154.394299287414,
              84138.95486935867
            ],
            [
              55148.456057007126,
              84133.01662707838
            ],
            [
              55148.456057007126,
              84127.07838479811
            ],
            [
              55142.517814726845,
              84127.07838479811
            ],
            [
              55136.57957244656,
              84121.14014251782
            ],
            [
              55106.88836104513,
              84121.14014251782
            ]
          ]
        ]
      }
    },
    {
      "type": "Feature",
      "properties": {
        "class_id": 3,
        "classification": "Darkspot & Foreign Object",
        "area": 31613.029716600562
      },
      "geometry": {
        "type": "Polygon",
        "coordinates": [
          [
            [
              20754.1567695962,
              83960.80760095012
            ],
            [
              20748.218527315916,
              83966.74584323041
            ],
            [
              20736.342042755346,
              83966.74584323041
            ],
            [
              20730.403800475062,
              83972.68408551069
            ],
            [
              20724.465558194774,
              83972.68408551069
            ],
            [
              20712.589073634204,
              83984.56057007126
            ],
            [
              20712.589073634204,
              83990.49881235155
            ],
            [
              20706.65083135392,
              83996.43705463184
            ],
            [
              20706.65083135392,
              84002.37529691211
            ],
            [
              20700.712589073635,
              84008.3135391924
            ],
            [
              20700.712589073635,
              84020.19002375298
            ],
            [
              20694.77434679335,
              84026.12826603325
            ],
            [
              20694.77434679335,
              84038.00475059383
            ],
            [
              20688.836104513066,
              84043.94299287412
            ],
            [
              20688.836104513066,
              84067.69596199525
            ],
            [
              20694.77434679335,
              84073.63420427554
            ],
            [
              20694.77434679335,
              84091.44893111639
            ],
            [
              20700.712589073635,
              84097.38717339668
            ],
            [
              20700.712589073635,
              84103.32541567697
            ],
            [
              20706.65083135392,
              84109.26365795724
            ],
            [
              20706.65083135392,
              84121.14014251782
            ],
            [
              20712.589073634204,
              84127.07838479811
            ],
            [
              20712.589073634204,
              84133.01662707838
            ],
            [
              20730.403800475062,
              84150.83135391925
            ],
            [
              20736.342042755346,
              84150.83135391925
            ],
            [
              20748.218527315916,
              84162.70783847981
            ],
            [
              20754.1567695962,
              84162.70783847981
            ],
            [
              20760.095011876485,
              84168.6460807601
            ],
            [
              20766.03325415677,
              84168.6460807601
            ],
            [
              20771.971496437054,
              84174.58432304038
            ],
            [
              20813.53919239905,
              84174.58432304038
            ],
            [
              20819.477434679335,
              84168.6460807601
            ],
            [
              20825.41567695962,
              84168.6460807601
            ],
            [
              20831.353919239908,
              84162.70783847981
            ],
            [
              20837.292161520192,
              84162.70783847981
            ],
            [
              20866.983372921615,
              84133.01662707838
            ],
            [
              20866.983372921615,
              84121.14014251782
            ],
            [
              20872.9216152019,
              84115.20190023753
            ],
            [
              20872.9216152019,
              84103.32541567697
            ],
            [
              20878.859857482184,
              84097.38717339668
            ],
            [
              20878.859857482184,
              84043.94299287412
            ],
            [
              20872.9216152019,
              84038.00475059383
            ],
            [
              20872.9216152019,
              84032.06650831354
            ],
            [
              20866.983372921615,
              84026.12826603325
            ],
            [
              20866.983372921615,
              84020.19002375298
            ],
            [
              20861.04513064133,
              84014.25178147269
            ],
            [
              20861.04513064133,
              84008.3135391924
            ],
            [
              20831.353919239908,
              83978.62232779097
            ],
            [
              20825.41567695962,
              83978.62232779097
            ],
            [
              20819.477434679335,
              83972.68408551069
            ],
            [
              20807.600950118765,
              83972.68408551069
            ],
            [
              20801.66270783848,
              83966.74584323041
            ],
            [
              20795.724465558196,
              83966.74584323041
            ],
            [
              20789.78622327791,
              83960.80760095012
            ],
            [
              20754.1567695962,
              83960.80760095012
            ]
          ]
        ]
      }
    },
    {
      "type": "Feature",
      "properties": {
        "class_id": 3,
        "classification": "Darkspot & Foreign Object",
        "area": 8445.421770357874
      },
      "geometry": {
        "type": "Polygon",
        "coordinates": [
          [
            [
              35896.67458432304,
              83390.73634204276
            ],
            [
              35890.73634204276,
              83396.67458432305
            ],
            [
              35884.79809976247,
              83396.67458432305
            ],
            [
              35878.85985748219,
              83402.61282660333
            ],
            [
              35878.85985748219,
              83426.36579572447
            ],
            [
              35872.9216152019,
              83432.30403800476
            ],
            [
              35872.9216152019,
              83444.18052256532
            ],
            [
              35878.85985748219,
              83450.11876484561
            ],
            [
              35878.85985748219,
              83461.99524940617
            ],
            [
              35884.79809976247,
              83467.93349168646
            ],
            [
              35884.79809976247,
              83473.87173396675
            ],
            [
              35896.67458432304,
              83485.74821852733
            ],
            [
              35914.489311163896,
              83485.74821852733
            ],
            [
              35920.427553444184,
              83479.80997624704
            ],
            [
              35944.18052256532,
              83479.80997624704
            ],
            [
              35950.11876484561,
              83473.87173396675
            ],
            [
              35956.05700712589,
              83473.87173396675
            ],
            [
              35961.99524940618,
              83467.93349168646
            ],
            [
              35967.93349168646,
              83467.93349168646
            ],
            [
              35967.93349168646,
              83461.99524940617
            ],
            [
              35979.80997624703,
              83450.11876484561
            ],
            [
              35979.80997624703,
              83444.18052256532
            ],
            [
              35985.74821852732,
              83438.24228028503
            ],
            [
              35985.74821852732,
              83420.42755344418
            ],
            [
              35979.80997624703,
              83414.4893111639
            ],
            [
              35979.80997624703,
              83408.55106888361
            ],
            [
              35973.87173396675,
              83402.61282660333
            ],
            [
              35967.93349168646,
              83402.61282660333
            ],
            [
              35961.99524940618,
              83396.67458432305
            ],
            [
              35956.05700712589,
              83396.67458432305
            ],
            [
              35950.11876484561,
              83390.73634204276
            ],
            [
              35896.67458432304,
              83390.73634204276
            ]
          ]
        ]
      }
    },
    {
      "type": "Feature",
      "properties": {
        "class_id": 3,
        "classification": "Darkspot & Foreign Object",
        "area": 30925.406649702945
      },
      "geometry": {
        "type": "Polygon",
        "coordinates": [
          [
            [
              87179.33491686461,
              83159.14489311165
            ],
            [
              87173.39667458432,
              83165.08313539192
            ],
            [
              87143.7054631829,
              83165.08313539192
            ],
            [
              87137.76722090262,
              83171.02137767221
            ],
            [
              87131.82897862233,
              83171.02137767221
            ],
            [
              87125.89073634204,
              83176.9596199525
            ],
            [
              87119.95249406176,
              83176.9596199525
            ],
            [
              87114.01425178148,
              83182.89786223278
            ],
            [
              87108.0760095012,
              83182.89786223278
            ],
            [
              87096.19952494062,
              83194.77434679335
            ],
            [
              87096.19952494062,
              83200.71258907364
            ],
            [
              87078.38479809977,
              83218.5273159145
            ],
            [
              87078.38479809977,
              83224.46555819477
            ],
            [
              87072.44655581948,
              83230.40380047506
            ],
            [
              87072.44655581948,
              83236.34204275535
            ],
            [
              87066.50831353919,
              83242.28028503564
            ],
            [
              87066.50831353919,
              83283.84798099763
            ],
            [
              87072.44655581948,
              83289.78622327792
            ],
            [
              87072.44655581948,
              83295.7244655582
            ],
            [
              87084.32304038006,
              83307.60095011877
            ],
            [
              87084.32304038006,
              83313.53919239905
            ],
            [
              87090.26128266033,
              83313.53919239905
            ],
            [
              87108.0760095012,
              83331.3539192399
            ],
            [
              87114.01425178148,
              83331.3539192399
            ],
            [
              87119.95249406176,
              83337.29216152019
            ],
            [
              87125.89073634204,
              83337.29216152019
            ],
            [
              87131.82897862233,
              83343.23040380048
            ],
            [
              87149.64370546318,
              83343.23040380048
            ],
            [
              87155.58194774347,
              83349.16864608077
            ],
            [
              87191.21140142519,
              83349.16864608077
            ],
            [
              87197.14964370547,
              83343.23040380048
            ],
            [
              87214.96437054632,
              83343.23040380048
            ],
            [
              87220.90261282661,
              83337.29216152019
            ],
            [
              87226.84085510689,
              83337.29216152019
            ],
            [
              87232.77909738717,
              83331.3539192399
            ],
            [
              87238.71733966746,
              83331.3539192399
            ],
            [
              87244.65558194775,
              83325.41567695963
            ],
            [
              87250.59382422804,
              83325.41567695963
            ],
            [
              87262.4703087886,
              83313.53919239905
            ],
            [
              87262.4703087886,
              83307.60095011877
            ],
            [
              87268.40855106889,
              83301.66270783848
            ],
            [
              87268.40855106889,
              83295.7244655582
            ],
            [
              87274.34679334918,
              83289.78622327792
            ],
            [
              87274.34679334918,
              83271.97149643707
            ],
            [
              87280.28503562945,
              83266.03325415678
            ],
            [
              87280.28503562945,
              83242.28028503564
            ],
            [
              87274.34679334918,
              83236.34204275535
            ],
            [
              87274.34679334918,
              83224.46555819477
            ],
            [
              87268.40855106889,
              83218.5273159145
            ],
            [
              87268.40855106889,
              83212.58907363421
            ],
            [
              87232.77909738717,
              83176.9596199525
            ],
            [
              87226.84085510689,
              83176.9596199525
            ],
            [
              87220.90261282661,
              83171.02137767221
            ],
            [
              87214.96437054632,
              83171.02137767221
            ],
            [
              87209.02612826604,
              83165.08313539192
            ],
            [
              87185.2731591449,
              83165.08313539192
            ],
            [
              87179.33491686461,
              83159.14489311165
            ]
          ]
        ]
      }
    },
    {
      "type": "Feature",
      "properties": {
        "class_id": 3,
        "classification": "Darkspot & Foreign Object",
        "area": 62080.02098837176
      },
      "geometry": {
        "type": "Polygon",
        "coordinates": [
          [
            [
              26021.377672209026,
              80861.04513064133
            ],
            [
              26015.43942992874,
              80866.98337292162
            ],
            [
              26003.562945368172,
              80866.98337292162
            ],
            [
              25997.624703087888,
              80872.9216152019
            ],
            [
              25985.74821852732,
              80872.9216152019
            ],
            [
              25979.80997624703,
              80878.8598574822
            ],
            [
              25973.871733966746,
              80878.8598574822
            ],
            [
              25967.93349168646,
              80884.79809976247
            ],
            [
              25961.995249406176,
              80884.79809976247
            ],
            [
              25938.242280285038,
              80908.55106888361
            ],
            [
              25932.304038004753,
              80908.55106888361
            ],
            [
              25932.304038004753,
              80914.4893111639
            ],
            [
              25920.42755344418,
              80926.36579572447
            ],
            [
              25920.42755344418,
              80932.30403800476
            ],
            [
              25914.489311163896,
              80938.24228028503
            ],
            [
              25914.489311163896,
              80944.18052256532
            ],
            [
              25908.55106888361,
              80950.11876484561
            ],
            [
              25908.55106888361,
              80961.99524940617
            ],
            [
              25902.612826603327,
              80967.93349168646
            ],
            [
              25902.612826603327,
              80979.80997624704
            ],
            [
              25896.674584323042,
              80985.74821852733
            ],
            [
              25896.674584323042,
              81021.37767220903
            ],
            [
              25902.612826603327,
              81027.31591448931
            ],
            [
              25902.612826603327,
              81033.2541567696
            ],
            [
              25908.55106888361,
              81039.19239904989
            ],
            [
              25908.55106888361,
              81045.13064133016
            ],
            [
              25920.42755344418,
              81057.00712589074
            ],
            [
              25920.42755344418,
              81062.94536817103
            ],
            [
              25926.365795724465,
              81068.8836104513
            ],
            [
              25926.365795724465,
              81074.82185273159
            ],
            [
              25932.304038004753,
              81080.76009501188
            ],
            [
              25932.304038004753,
              81086.69833729217
            ],
            [
              25938.242280285038,
              81092.63657957246
            ],
            [
              25938.242280285038,
              81098.57482185273
            ],
            [
              25985.74821852732,
              81146.08076009502
            ],
            [
              25991.686460807603,
              81146.08076009502
            ],
            [
              25997.624703087888,
              81152.0190023753
            ],
            [
              26062.945368171022,
              81152.0190023753
            ],
            [
              26068.883610451307,
              81146.08076009502
            ],
            [
              26074.82185273159,
              81146.08076009502
            ],
            [
              26080.760095011876,
              81140.14251781473
            ],
            [
              26086.698337292164,
              81140.14251781473
            ],
            [
              26098.574821852733,
              81128.26603325416
            ],
            [
              26104.513064133018,
              81128.26603325416
            ],
            [
              26104.513064133018,
              81122.32779097387
            ],
            [
              26152.0190023753,
              81074.82185273159
            ],
            [
              26152.0190023753,
              81068.8836104513
            ],
            [
              26163.895486935868,
              81057.00712589074
            ],
            [
              26163.895486935868,
              81051.06888361045
            ],
            [
              26169.833729216152,
              81045.13064133016
            ],
            [
              26169.833729216152,
              81033.2541567696
            ],
            [
              26175.771971496437,
              81027.31591448931
            ],
            [
              26175.771971496437,
              80991.6864608076
            ],
            [
              26181.71021377672,
              80985.74821852733
            ],
            [
              26181.71021377672,
              80956.0570071259
            ],
            [
              26175.771971496437,
              80950.11876484561
            ],
            [
              26175.771971496437,
              80944.18052256532
            ],
            [
              26157.957244655583,
              80926.36579572447
            ],
            [
              26157.957244655583,
              80920.42755344418
            ],
            [
              26128.266033254156,
              80890.73634204276
            ],
            [
              26122.32779097387,
              80890.73634204276
            ],
            [
              26110.451306413303,
              80878.8598574822
            ],
            [
              26104.513064133018,
              80878.8598574822
            ],
            [
              26098.574821852733,
              80872.9216152019
            ],
            [
              26086.698337292164,
              80872.9216152019
            ],
            [
              26080.760095011876,
              80866.98337292162
            ],
            [
              26068.883610451307,
              80866.98337292162
            ],
            [
              26062.945368171022,
              80861.04513064133
            ],
            [
              26021.377672209026,
              80861.04513064133
            ]
          ]
        ]
      }
    },
    {
      "type": "Feature",
      "properties": {
        "class_id": 3,
        "classification": "Darkspot & Foreign Object",
        "area": 84965.52716357954
      },
      "geometry": {
        "type": "Polygon",
        "coordinates": [
          [
            [
              22155.581947743467,
              74133.01662707838
            ],
            [
              22149.643705463182,
              74138.95486935867
            ],
            [
              22137.767220902613,
              74138.95486935867
            ],
            [
              22131.82897862233,
              74144.89311163896
            ],
            [
              22125.890736342044,
              74144.89311163896
            ],
            [
              22119.95249406176,
              74150.83135391925
            ],
            [
              22114.014251781475,
              74150.83135391925
            ],
            [
              22108.07600950119,
              74156.76959619953
            ],
            [
              22102.137767220902,
              74156.76959619953
            ],
            [
              22096.199524940617,
              74162.70783847981
            ],
            [
              22090.261282660333,
              74162.70783847981
            ],
            [
              22072.44655581948,
              74180.52256532067
            ],
            [
              22066.508313539194,
              74180.52256532067
            ],
            [
              22024.9406175772,
              74222.09026128266
            ],
            [
              22024.9406175772,
              74228.02850356295
            ],
            [
              22019.002375296914,
              74233.96674584324
            ],
            [
              22019.002375296914,
              74245.8432304038
            ],
            [
              22013.06413301663,
              74251.78147268409
            ],
            [
              22013.06413301663,
              74263.65795724466
            ],
            [
              22007.125890736344,
              74269.59619952494
            ],
            [
              22007.125890736344,
              74293.34916864608
            ],
            [
              22001.187648456056,
              74299.28741092636
            ],
            [
              22001.187648456056,
              74328.97862232779
            ],
            [
              22007.125890736344,
              74334.91686460808
            ],
            [
              22007.125890736344,
              74370.5463182898
            ],
            [
              22013.06413301663,
              74376.48456057007
            ],
            [
              22013.06413301663,
              74388.36104513064
            ],
            [
              22019.002375296914,
              74394.29928741093
            ],
            [
              22019.002375296914,
              74400.23752969122
            ],
            [
              22024.9406175772,
              74406.1757719715
            ],
            [
              22024.9406175772,
              74412.11401425178
            ],
            [
              22030.878859857483,
              74418.05225653207
            ],
            [
              22030.878859857483,
              74423.99049881236
            ],
            [
              22036.817102137768,
              74429.92874109263
            ],
            [
              22036.817102137768,
              74435.86698337292
            ],
            [
              22060.57007125891,
              74459.61995249406
            ],
            [
              22066.508313539194,
              74459.61995249406
            ],
            [
              22072.44655581948,
              74465.55819477435
            ],
            [
              22078.384798099763,
              74465.55819477435
            ],
            [
              22090.261282660333,
              74477.43467933493
            ],
            [
              22102.137767220902,
              74477.43467933493
            ],
            [
              22108.07600950119,
              74483.3729216152
            ],
            [
              22167.45843230404,
              74483.3729216152
            ],
            [
              22173.396674584325,
              74477.43467933493
            ],
            [
              22185.273159144894,
              74477.43467933493
            ],
            [
              22197.149643705463,
              74465.55819477435
            ],
            [
              22203.087885985748,
              74465.55819477435
            ],
            [
              22220.902612826605,
              74447.7434679335
            ],
            [
              22226.84085510689,
              74447.7434679335
            ],
            [
              22250.593824228028,
              74423.99049881236
            ],
            [
              22256.532066508313,
              74423.99049881236
            ],
            [
              22268.408551068886,
              74412.11401425178
            ],
            [
              22268.408551068886,
              74406.1757719715
            ],
            [
              22280.285035629455,
              74394.29928741093
            ],
            [
              22280.285035629455,
              74388.36104513064
            ],
            [
              22292.161520190024,
              74376.48456057007
            ],
            [
              22292.161520190024,
              74370.5463182898
            ],
            [
              22298.09976247031,
              74364.6080760095
            ],
            [
              22298.09976247031,
              74358.66983372922
            ],
            [
              22304.038004750593,
              74352.73159144893
            ],
            [
              22304.038004750593,
              74346.79334916866
            ],
            [
              22309.97624703088,
              74340.85510688837
            ],
            [
              22309.97624703088,
              74328.97862232779
            ],
            [
              22315.914489311166,
              74323.0403800475
            ],
            [
              22315.914489311166,
              74317.10213776723
            ],
            [
              22321.85273159145,
              74311.16389548694
            ],
            [
              22321.85273159145,
              74281.47268408551
            ],
            [
              22315.914489311166,
              74275.53444180523
            ],
            [
              22315.914489311166,
              74251.78147268409
            ],
            [
              22309.97624703088,
              74245.8432304038
            ],
            [
              22309.97624703088,
              74233.96674584324
            ],
            [
              22304.038004750593,
              74228.02850356295
            ],
            [
              22304.038004750593,
              74222.09026128266
            ],
            [
              22298.09976247031,
              74216.15201900237
            ],
            [
              22298.09976247031,
              74210.2137767221
            ],
            [
              22292.161520190024,
              74204.27553444181
            ],
            [
              22292.161520190024,
              74198.33729216152
            ],
            [
              22280.285035629455,
              74186.46080760095
            ],
            [
              22280.285035629455,
              74180.52256532067
            ],
            [
              22250.593824228028,
              74150.83135391925
            ],
            [
              22244.655581947743,
              74150.83135391925
            ],
            [
              22232.779097387174,
              74138.95486935867
            ],
            [
              22220.902612826605,
              74138.95486935867
            ],
            [
              22214.96437054632,
              74133.01662707838
            ],
            [
              22155.581947743467,
              74133.01662707838
            ]
          ]
        ]
      }
    },
    {
      "type": "Feature",
      "properties": {
        "class_id": 3,
        "classification": "Darkspot & Foreign Object",
        "area": 74474.8675532185
      },
      "geometry": {
        "type": "Polygon",
        "coordinates": [
          [
            [
              46282.66033254157,
              73723.27790973872
            ],
            [
              46276.72209026128,
              73729.216152019
            ],
            [
              46264.84560570071,
              73729.216152019
            ],
            [
              46258.90736342043,
              73735.15439429929
            ],
            [
              46252.969121140144,
              73735.15439429929
            ],
            [
              46247.030878859856,
              73741.09263657957
            ],
            [
              46241.092636579575,
              73741.09263657957
            ],
            [
              46235.15439429929,
              73747.03087885986
            ],
            [
              46229.216152019006,
              73747.03087885986
            ],
            [
              46223.27790973872,
              73752.96912114015
            ],
            [
              46217.33966745844,
              73752.96912114015
            ],
            [
              46187.64845605701,
              73782.66033254156
            ],
            [
              46187.64845605701,
              73788.59857482185
            ],
            [
              46181.71021377672,
              73794.53681710214
            ],
            [
              46181.71021377672,
              73812.35154394299
            ],
            [
              46175.77197149644,
              73818.28978622328
            ],
            [
              46175.77197149644,
              73824.22802850357
            ],
            [
              46169.83372921615,
              73830.16627078385
            ],
            [
              46169.83372921615,
              73836.10451306414
            ],
            [
              46163.89548693587,
              73842.04275534442
            ],
            [
              46163.89548693587,
              73847.9809976247
            ],
            [
              46157.95724465558,
              73853.919239905
            ],
            [
              46157.95724465558,
              73871.73396674584
            ],
            [
              46152.0190023753,
              73877.67220902613
            ],
            [
              46152.0190023753,
              73913.30166270785
            ],
            [
              46146.080760095014,
              73919.23990498812
            ],
            [
              46146.080760095014,
              73942.99287410927
            ],
            [
              46152.0190023753,
              73948.93111638955
            ],
            [
              46152.0190023753,
              73972.68408551069
            ],
            [
              46157.95724465558,
              73978.62232779097
            ],
            [
              46157.95724465558,
              73990.49881235155
            ],
            [
              46163.89548693587,
              73996.43705463184
            ],
            [
              46163.89548693587,
              74002.37529691211
            ],
            [
              46211.40142517815,
              74049.8812351544
            ],
            [
              46217.33966745844,
              74049.8812351544
            ],
            [
              46223.27790973872,
              74055.81947743468
            ],
            [
              46229.216152019006,
              74055.81947743468
            ],
            [
              46235.15439429929,
              74061.75771971497
            ],
            [
              46247.030878859856,
              74061.75771971497
            ],
            [
              46252.969121140144,
              74067.69596199525
            ],
            [
              46288.59857482185,
              74067.69596199525
            ],
            [
              46294.53681710214,
              74061.75771971497
            ],
            [
              46312.351543943,
              74061.75771971497
            ],
            [
              46318.28978622328,
              74055.81947743468
            ],
            [
              46324.22802850357,
              74055.81947743468
            ],
            [
              46330.16627078385,
              74049.8812351544
            ],
            [
              46336.104513064136,
              74049.8812351544
            ],
            [
              46347.980997624705,
              74038.00475059383
            ],
            [
              46353.91923990499,
              74038.00475059383
            ],
            [
              46359.857482185274,
              74032.06650831354
            ],
            [
              46365.79572446556,
              74032.06650831354
            ],
            [
              46395.48693586698,
              74002.37529691211
            ],
            [
              46395.48693586698,
              73996.43705463184
            ],
            [
              46413.30166270784,
              73978.62232779097
            ],
            [
              46413.30166270784,
              73972.68408551069
            ],
            [
              46419.23990498813,
              73966.74584323041
            ],
            [
              46419.23990498813,
              73960.80760095012
            ],
            [
              46425.17814726841,
              73954.86935866984
            ],
            [
              46425.17814726841,
              73931.1163895487
            ],
            [
              46431.1163895487,
              73925.17814726841
            ],
            [
              46431.1163895487,
              73877.67220902613
            ],
            [
              46425.17814726841,
              73871.73396674584
            ],
            [
              46425.17814726841,
              73836.10451306414
            ],
            [
              46419.23990498813,
              73830.16627078385
            ],
            [
              46419.23990498813,
              73812.35154394299
            ],
            [
              46413.30166270784,
              73806.41330166272
            ],
            [
              46413.30166270784,
              73800.47505938243
            ],
            [
              46407.36342042756,
              73794.53681710214
            ],
            [
              46407.36342042756,
              73788.59857482185
            ],
            [
              46377.67220902613,
              73758.90736342043
            ],
            [
              46371.733966745844,
              73758.90736342043
            ],
            [
              46365.79572446556,
              73764.84560570071
            ],
            [
              46359.857482185274,
              73764.84560570071
            ],
            [
              46353.91923990499,
              73758.90736342043
            ],
            [
              46342.04275534442,
              73758.90736342043
            ],
            [
              46324.22802850357,
              73741.09263657957
            ],
            [
              46324.22802850357,
              73735.15439429929
            ],
            [
              46318.28978622328,
              73729.216152019
            ],
            [
              46312.351543943,
              73729.216152019
            ],
            [
              46306.41330166271,
              73723.27790973872
            ],
            [
              46282.66033254157,
              73723.27790973872
            ]
          ]
        ]
      }
    },
    {
      "type": "Feature",
      "properties": {
        "class_id": 3,
        "classification": "Darkspot & Foreign Object",
        "area": 1110.7757234499918
      },
      "geometry": {
        "type": "Polygon",
        "coordinates": [
          [
            [
              6015.439429928741,
              73182.89786223278
            ],
            [
              6021.377672209026,
              73188.83610451307
            ],
            [
              6021.377672209026,
              73194.77434679335
            ],
            [
              6051.068883610452,
              73224.46555819477
            ],
            [
              6057.0071258907365,
              73224.46555819477
            ],
            [
              6062.945368171022,
              73230.40380047506
            ],
            [
              6074.821852731592,
              73230.40380047506
            ],
            [
              6074.821852731592,
              73206.65083135392
            ],
            [
              6062.945368171022,
              73206.65083135392
            ],
            [
              6051.068883610452,
              73194.77434679335
            ],
            [
              6039.192399049882,
              73194.77434679335
            ],
            [
              6033.254156769596,
              73188.83610451307
            ],
            [
              6021.377672209026,
              73188.83610451307
            ],
            [
              6015.439429928741,
              73182.89786223278
            ]
          ]
        ]
      }
    },
    {
      "type": "Feature",
      "properties": {
        "class_id": 3,
        "classification": "Darkspot & Foreign Object",
        "area": 52.89408206904723
      },
      "geometry": {
        "type": "Polygon",
        "coordinates": [
          [
            [
              5813.53919239905,
              72969.12114014252
            ],
            [
              5813.53919239905,
              72975.05938242281
            ],
            [
              5837.29216152019,
              72998.81235154395
            ],
            [
              5819.477434679336,
              72980.99762470309
            ],
            [
              5819.477434679336,
              72969.12114014252
            ],
            [
              5813.53919239905,
              72969.12114014252
            ]
          ]
        ]
      }
    },
    {
      "type": "Feature",
      "properties": {
        "class_id": 3,
        "classification": "Darkspot & Foreign Object",
        "area": 39123.98937040527
      },
      "geometry": {
        "type": "Polygon",
        "coordinates": [
          [
            [
              47618.7648456057,
              71840.85510688837
            ],
            [
              47612.82660332542,
              71846.79334916864
            ],
            [
              47600.95011876485,
              71846.79334916864
            ],
            [
              47595.01187648456,
              71852.73159144893
            ],
            [
              47589.07363420428,
              71852.73159144893
            ],
            [
              47577.19714964371,
              71864.6080760095
            ],
            [
              47571.25890736342,
              71864.6080760095
            ],
            [
              47541.567695961996,
              71894.29928741093
            ],
            [
              47541.567695961996,
              71900.23752969122
            ],
            [
              47529.69121140143,
              71912.11401425178
            ],
            [
              47529.69121140143,
              71918.05225653207
            ],
            [
              47523.75296912114,
              71923.99049881236
            ],
            [
              47523.75296912114,
              71935.86698337292
            ],
            [
              47517.81472684086,
              71941.80522565321
            ],
            [
              47517.81472684086,
              71977.43467933493
            ],
            [
              47523.75296912114,
              71983.3729216152
            ],
            [
              47523.75296912114,
              72007.12589073635
            ],
            [
              47529.69121140143,
              72013.06413301663
            ],
            [
              47529.69121140143,
              72024.9406175772
            ],
            [
              47535.629453681715,
              72030.87885985749
            ],
            [
              47535.629453681715,
              72042.75534441805
            ],
            [
              47559.38242280285,
              72066.50831353919
            ],
            [
              47565.320665083134,
              72066.50831353919
            ],
            [
              47571.25890736342,
              72072.44655581948
            ],
            [
              47577.19714964371,
              72072.44655581948
            ],
            [
              47583.13539192399,
              72078.38479809977
            ],
            [
              47654.394299287414,
              72078.38479809977
            ],
            [
              47660.332541567695,
              72072.44655581948
            ],
            [
              47666.270783847984,
              72072.44655581948
            ],
            [
              47672.209026128265,
              72066.50831353919
            ],
            [
              47678.14726840855,
              72066.50831353919
            ],
            [
              47684.08551068884,
              72060.57007125892
            ],
            [
              47690.02375296912,
              72060.57007125892
            ],
            [
              47713.77672209026,
              72036.81710213776
            ],
            [
              47713.77672209026,
              72030.87885985749
            ],
            [
              47719.71496437055,
              72024.9406175772
            ],
            [
              47719.71496437055,
              72019.00237529691
            ],
            [
              47725.65320665083,
              72013.06413301663
            ],
            [
              47725.65320665083,
              72007.12589073635
            ],
            [
              47731.59144893112,
              72001.18764845606
            ],
            [
              47731.59144893112,
              71959.61995249406
            ],
            [
              47725.65320665083,
              71953.68171021379
            ],
            [
              47725.65320665083,
              71929.92874109263
            ],
            [
              47719.71496437055,
              71923.99049881236
            ],
            [
              47719.71496437055,
              71918.05225653207
            ],
            [
              47713.77672209026,
              71912.11401425178
            ],
            [
              47713.77672209026,
              71906.1757719715
            ],
            [
              47684.08551068884,
              71876.48456057007
            ],
            [
              47684.08551068884,
              71870.5463182898
            ],
            [
              47678.14726840855,
              71870.5463182898
            ],
            [
              47660.332541567695,
              71852.73159144893
            ],
            [
              47654.394299287414,
              71852.73159144893
            ],
            [
              47648.456057007126,
              71846.79334916864
            ],
            [
              47636.57957244656,
              71846.79334916864
            ],
            [
              47630.641330166276,
              71840.85510688837
            ],
            [
              47618.7648456057,
              71840.85510688837
            ]
          ]
        ]
      }
    },
    {
      "type": "Feature",
      "properties": {
        "class_id": 3,
        "classification": "Darkspot & Foreign Object",
        "area": 7757.79870346026
      },
      "geometry": {
        "type": "Polygon",
        "coordinates": [
          [
            [
              40374.109263657956,
              70255.34441805226
            ],
            [
              40368.171021377675,
              70261.28266033254
            ],
            [
              40356.294536817106,
              70261.28266033254
            ],
            [
              40332.54156769596,
              70285.03562945369
            ],
            [
              40332.54156769596,
              70320.66508313539
            ],
            [
              40338.47980997625,
              70326.60332541568
            ],
            [
              40338.47980997625,
              70344.41805225653
            ],
            [
              40356.294536817106,
              70362.2327790974
            ],
            [
              40391.92399049881,
              70362.2327790974
            ],
            [
              40397.8622327791,
              70356.2945368171
            ],
            [
              40403.80047505938,
              70356.2945368171
            ],
            [
              40421.61520190024,
              70338.47980997626
            ],
            [
              40421.61520190024,
              70320.66508313539
            ],
            [
              40427.55344418052,
              70314.7268408551
            ],
            [
              40421.61520190024,
              70308.78859857483
            ],
            [
              40421.61520190024,
              70296.91211401425
            ],
            [
              40415.67695961995,
              70290.97387173396
            ],
            [
              40415.67695961995,
              70285.03562945369
            ],
            [
              40409.73871733967,
              70279.0973871734
            ],
            [
              40409.73871733967,
              70273.15914489311
            ],
            [
              40397.8622327791,
              70261.28266033254
            ],
            [
              40391.92399049881,
              70261.28266033254
            ],
            [
              40385.98574821853,
              70255.34441805226
            ],
            [
              40374.109263657956,
              70255.34441805226
            ]
          ]
        ]
      }
    },
    {
      "type": "Feature",
      "properties": {
        "class_id": 3,
        "classification": "Darkspot & Foreign Object",
        "area": 10173.29511794675
      },
      "geometry": {
        "type": "Polygon",
        "coordinates": [
          [
            [
              89780.28503562945,
              64845.60570071259
            ],
            [
              89774.34679334918,
              64851.543942992874
            ],
            [
              89768.40855106889,
              64851.543942992874
            ],
            [
              89762.4703087886,
              64857.48218527316
            ],
            [
              89756.53206650831,
              64857.48218527316
            ],
            [
              89738.71733966746,
              64875.29691211402
            ],
            [
              89738.71733966746,
              64881.2351543943
            ],
            [
              89732.77909738717,
              64887.17339667459
            ],
            [
              89732.77909738717,
              64904.98812351544
            ],
            [
              89738.71733966746,
              64910.92636579573
            ],
            [
              89738.71733966746,
              64922.8028503563
            ],
            [
              89768.40855106889,
              64952.49406175772
            ],
            [
              89786.22327790974,
              64952.49406175772
            ],
            [
              89792.16152019003,
              64958.432304038004
            ],
            [
              89809.97624703088,
              64958.432304038004
            ],
            [
              89815.91448931117,
              64952.49406175772
            ],
            [
              89821.85273159145,
              64952.49406175772
            ],
            [
              89839.6674584323,
              64934.679334916866
            ],
            [
              89839.6674584323,
              64928.741092636585
            ],
            [
              89845.6057007126,
              64922.8028503563
            ],
            [
              89845.6057007126,
              64869.35866983373
            ],
            [
              89839.6674584323,
              64863.42042755345
            ],
            [
              89839.6674584323,
              64857.48218527316
            ],
            [
              89833.72921615202,
              64851.543942992874
            ],
            [
              89827.79097387174,
              64851.543942992874
            ],
            [
              89821.85273159145,
              64845.60570071259
            ],
            [
              89780.28503562945,
              64845.60570071259
            ]
          ]
        ]
      }
    },
    {
      "type": "Feature",
      "properties": {
        "class_id": 3,
        "classification": "Darkspot & Foreign Object",
        "area": 13100.10099243403
      },
      "geometry": {
        "type": "Polygon",
        "coordinates": [
          [
            [
              91454.86935866984,
              64809.97624703088
            ],
            [
              91425.17814726841,
              64839.667458432305
            ],
            [
              91425.17814726841,
              64845.60570071259
            ],
            [
              91419.23990498812,
              64851.543942992874
            ],
            [
              91419.23990498812,
              64857.48218527316
            ],
            [
              91413.30166270785,
              64863.42042755345
            ],
            [
              91413.30166270785,
              64869.35866983373
            ],
            [
              91407.36342042756,
              64875.29691211402
            ],
            [
              91407.36342042756,
              64904.98812351544
            ],
            [
              91442.99287410927,
              64940.617577197154
            ],
            [
              91448.93111638955,
              64940.617577197154
            ],
            [
              91466.74584323041,
              64958.432304038004
            ],
            [
              91472.68408551069,
              64958.432304038004
            ],
            [
              91478.62232779097,
              64964.37054631829
            ],
            [
              91484.56057007126,
              64964.37054631829
            ],
            [
              91490.49881235155,
              64970.30878859858
            ],
            [
              91502.37529691211,
              64970.30878859858
            ],
            [
              91508.3135391924,
              64964.37054631829
            ],
            [
              91514.25178147269,
              64964.37054631829
            ],
            [
              91514.25178147269,
              64958.432304038004
            ],
            [
              91520.19002375298,
              64952.49406175772
            ],
            [
              91520.19002375298,
              64881.2351543943
            ],
            [
              91514.25178147269,
              64875.29691211402
            ],
            [
              91514.25178147269,
              64857.48218527316
            ],
            [
              91508.3135391924,
              64851.543942992874
            ],
            [
              91508.3135391924,
              64845.60570071259
            ],
            [
              91502.37529691211,
              64839.667458432305
            ],
            [
              91502.37529691211,
              64833.72921615202
            ],
            [
              91496.43705463184,
              64827.790973871735
            ],
            [
              91496.43705463184,
              64821.852731591454
            ],
            [
              91490.49881235155,
              64815.914489311166
            ],
            [
              91484.56057007126,
              64815.914489311166
            ],
            [
              91478.62232779097,
              64809.97624703088
            ],
            [
              91454.86935866984,
              64809.97624703088
            ]
          ]
        ]
      }
    },
    {
      "type": "Feature",
      "properties": {
        "class_id": 3,
        "classification": "Darkspot & Foreign Object",
        "area": 792847.0274936386
      },
      "geometry": {
        "type": "Polygon",
        "coordinates": [
          [
            [
              74210.2137767221,
              63847.980997624705
            ],
            [
              74210.2137767221,
              63853.91923990499
            ],
            [
              74204.27553444181,
              63859.857482185274
            ],
            [
              74210.2137767221,
              63865.79572446556
            ],
            [
              74192.39904988123,
              63883.61045130641
            ],
            [
              74192.39904988123,
              63889.5486935867
            ],
            [
              74186.46080760095,
              63895.48693586699
            ],
            [
              74180.52256532067,
              63895.48693586699
            ],
            [
              74174.58432304038,
              63901.42517814727
            ],
            [
              74168.6460807601,
              63901.42517814727
            ],
            [
              74162.70783847981,
              63907.36342042756
            ],
            [
              74162.70783847981,
              63942.992874109266
            ],
            [
              74150.83135391925,
              63954.869358669835
            ],
            [
              74150.83135391925,
              63972.68408551069
            ],
            [
              74144.89311163896,
              63978.622327790974
            ],
            [
              74144.89311163896,
              64002.37529691212
            ],
            [
              74138.95486935867,
              64008.3135391924
            ],
            [
              74138.95486935867,
              64020.19002375297
            ],
            [
              74133.01662707838,
              64026.12826603326
            ],
            [
              74133.01662707838,
              64032.06650831354
            ],
            [
              74121.14014251782,
              64043.94299287411
            ],
            [
              74121.14014251782,
              64049.8812351544
            ],
            [
              74115.20190023753,
              64055.819477434685
            ],
            [
              74115.20190023753,
              64061.757719714966
            ],
            [
              74097.38717339668,
              64079.57244655582
            ],
            [
              74097.38717339668,
              64085.510688836104
            ],
            [
              74091.44893111639,
              64091.44893111639
            ],
            [
              74091.44893111639,
              64097.38717339668
            ],
            [
              74079.57244655582,
              64109.26365795725
            ],
            [
              74079.57244655582,
              64115.20190023753
            ],
            [
              74067.69596199525,
              64127.0783847981
            ],
            [
              74067.69596199525,
              64133.01662707839
            ],
            [
              74055.81947743468,
              64144.89311163896
            ],
            [
              74049.8812351544,
              64144.89311163896
            ],
            [
              73990.49881235155,
              64204.27553444181
            ],
            [
              73990.49881235155,
              64210.21377672209
            ],
            [
              73972.68408551069,
              64228.02850356295
            ],
            [
              73972.68408551069,
              64233.96674584323
            ],
            [
              73966.74584323041,
              64239.90498812352
            ],
            [
              73966.74584323041,
              64245.8432304038
            ],
            [
              73960.80760095012,
              64251.78147268409
            ],
            [
              73960.80760095012,
              64263.65795724466
            ],
            [
              73942.99287410927,
              64281.472684085515
            ],
            [
              73942.99287410927,
              64287.410926365796
            ],
            [
              73919.23990498812,
              64311.16389548694
            ],
            [
              73919.23990498812,
              64317.10213776722
            ],
            [
              73913.30166270785,
              64323.04038004751
            ],
            [
              73913.30166270785,
              64328.97862232779
            ],
            [
              73907.36342042756,
              64334.91686460808
            ],
            [
              73907.36342042756,
              64382.42280285036
            ],
            [
              73913.30166270785,
              64388.361045130645
            ],
            [
              73913.30166270785,
              64459.61995249407
            ],
            [
              73919.23990498812,
              64465.55819477435
            ],
            [
              73919.23990498812,
              64471.49643705464
            ],
            [
              73913.30166270785,
              64477.43467933492
            ],
            [
              73913.30166270785,
              64590.261282660336
            ],
            [
              73919.23990498812,
              64596.19952494062
            ],
            [
              73919.23990498812,
              64602.137767220906
            ],
            [
              73925.17814726841,
              64608.076009501194
            ],
            [
              73925.17814726841,
              64614.014251781475
            ],
            [
              73931.1163895487,
              64619.95249406176
            ],
            [
              73931.1163895487,
              64631.82897862233
            ],
            [
              73937.05463182899,
              64637.76722090261
            ],
            [
              73937.05463182899,
              64649.64370546318
            ],
            [
              73942.99287410927,
              64655.58194774347
            ],
            [
              73942.99287410927,
              64667.45843230404
            ],
            [
              73948.93111638955,
              64673.39667458433
            ],
            [
              73948.93111638955,
              64691.21140142518
            ],
            [
              73954.86935866984,
              64697.14964370547
            ],
            [
              73954.86935866984,
              64804.0380047506
            ],
            [
              73948.93111638955,
              64809.97624703088
            ],
            [
              73948.93111638955,
              64821.852731591454
            ],
            [
              73954.86935866984,
              64827.790973871735
            ],
            [
              73954.86935866984,
              64881.2351543943
            ],
            [
              73948.93111638955,
              64887.17339667459
            ],
            [
              73948.93111638955,
              64922.8028503563
            ],
            [
              73954.86935866984,
              64928.741092636585
            ],
            [
              73954.86935866984,
              64940.617577197154
            ],
            [
              73960.80760095012,
              64946.555819477435
            ],
            [
              73960.80760095012,
              64958.432304038004
            ],
            [
              73966.74584323041,
              64964.37054631829
            ],
            [
              73966.74584323041,
              64970.30878859858
            ],
            [
              73978.62232779097,
              64982.18527315915
            ],
            [
              73978.62232779097,
              64988.12351543943
            ],
            [
              73996.43705463184,
              65005.93824228029
            ],
            [
              73996.43705463184,
              65011.87648456057
            ],
            [
              74008.3135391924,
              65023.752969121146
            ],
            [
              74014.25178147269,
              65023.752969121146
            ],
            [
              74038.00475059383,
              65047.505938242284
            ],
            [
              74043.94299287412,
              65047.505938242284
            ],
            [
              74055.81947743468,
              65059.38242280285
            ],
            [
              74061.75771971497,
              65059.38242280285
            ],
            [
              74067.69596199525,
              65065.320665083134
            ],
            [
              74073.63420427554,
              65065.320665083134
            ],
            [
              74079.57244655582,
              65071.25890736342
            ],
            [
              74097.38717339668,
              65071.25890736342
            ],
            [
              74103.32541567697,
              65077.19714964371
            ],
            [
              74133.01662707838,
              65077.19714964371
            ],
            [
              74138.95486935867,
              65083.13539192399
            ],
            [
              74180.52256532067,
              65083.13539192399
            ],
            [
              74186.46080760095,
              65089.07363420428
            ],
            [
              74210.2137767221,
              65089.07363420428
            ],
            [
              74216.15201900237,
              65095.01187648456
            ],
            [
              74228.02850356295,
              65095.01187648456
            ],
            [
              74239.90498812351,
              65106.88836104513
            ],
            [
              74245.8432304038,
              65106.88836104513
            ],
            [
              74251.78147268409,
              65112.82660332542
            ],
            [
              74257.71971496438,
              65112.82660332542
            ],
            [
              74263.65795724466,
              65118.76484560571
            ],
            [
              74269.59619952494,
              65118.76484560571
            ],
            [
              74275.53444180523,
              65124.70308788599
            ],
            [
              74281.47268408551,
              65124.70308788599
            ],
            [
              74293.34916864608,
              65136.57957244656
            ],
            [
              74299.28741092636,
              65136.57957244656
            ],
            [
              74305.22565320665,
              65142.517814726845
            ],
            [
              74311.16389548694,
              65142.517814726845
            ],
            [
              74317.10213776723,
              65148.456057007126
            ],
            [
              74323.0403800475,
              65148.456057007126
            ],
            [
              74328.97862232779,
              65154.394299287414
            ],
            [
              74340.85510688837,
              65154.394299287414
            ],
            [
              74346.79334916866,
              65160.332541567695
            ],
            [
              74352.73159144893,
              65160.332541567695
            ],
            [
              74358.66983372922,
              65166.270783847984
            ],
            [
              74364.6080760095,
              65166.270783847984
            ],
            [
              74370.5463182898,
              65172.20902612827
            ],
            [
              74376.48456057007,
              65172.20902612827
            ],
            [
              74382.42280285036,
              65178.14726840855
            ],
            [
              74394.29928741093,
              65178.14726840855
            ],
            [
              74400.23752969122,
              65184.08551068884
            ],
            [
              74406.1757719715,
              65184.08551068884
            ],
            [
              74412.11401425178,
              65190.02375296912
            ],
            [
              74435.86698337292,
              65190.02375296912
            ],
            [
              74441.80522565321,
              65195.96199524941
            ],
            [
              74453.68171021379,
              65195.96199524941
            ],
            [
              74459.61995249406,
              65201.90023752969
            ],
            [
              74471.49643705464,
              65201.90023752969
            ],
            [
              74483.3729216152,
              65213.77672209026
            ],
            [
              74489.31116389549,
              65213.77672209026
            ],
            [
              74501.18764845606,
              65225.65320665084
            ],
            [
              74507.12589073635,
              65225.65320665084
            ],
            [
              74513.06413301663,
              65231.59144893112
            ],
            [
              74519.00237529691,
              65231.59144893112
            ],
            [
              74524.9406175772,
              65237.529691211406
            ],
            [
              74530.87885985749,
              65237.529691211406
            ],
            [
              74536.81710213776,
              65243.46793349169
            ],
            [
              74542.75534441805,
              65243.46793349169
            ],
            [
              74548.69358669834,
              65249.406175771976
            ],
            [
              74560.57007125892,
              65249.406175771976
            ],
            [
              74566.50831353919,
              65255.34441805226
            ],
            [
              74578.38479809977,
              65255.34441805226
            ],
            [
              74584.32304038006,
              65261.282660332545
            ],
            [
              74596.19952494062,
              65261.282660332545
            ],
            [
              74602.1377672209,
              65267.220902612826
            ],
            [
              74608.0760095012,
              65267.220902612826
            ],
            [
              74614.01425178148,
              65273.159144893114
            ],
            [
              74631.82897862233,
              65273.159144893114
            ],
            [
              74637.76722090262,
              65279.0973871734
            ],
            [
              74655.58194774347,
              65279.0973871734
            ],
            [
              74661.52019002376,
              65285.03562945368
            ],
            [
              74679.33491686461,
              65285.03562945368
            ],
            [
              74685.2731591449,
              65290.97387173397
            ],
            [
              74697.14964370546,
              65290.97387173397
            ],
            [
              74703.08788598575,
              65296.91211401425
            ],
            [
              74714.96437054632,
              65296.91211401425
            ],
            [
              74720.90261282661,
              65302.85035629454
            ],
            [
              74750.59382422802,
              65302.85035629454
            ],
            [
              74756.53206650831,
              65308.78859857482
            ],
            [
              74774.34679334918,
              65308.78859857482
            ],
            [
              74780.28503562945,
              65314.72684085511
            ],
            [
              74786.22327790974,
              65314.72684085511
            ],
            [
              74792.16152019003,
              65320.6650831354
            ],
            [
              74833.72921615202,
              65320.6650831354
            ],
            [
              74839.6674584323,
              65326.60332541568
            ],
            [
              74857.48218527317,
              65326.60332541568
            ],
            [
              74863.42042755344,
              65332.54156769597
            ],
            [
              74875.29691211402,
              65332.54156769597
            ],
            [
              74881.23515439431,
              65338.47980997625
            ],
            [
              74893.11163895487,
              65338.47980997625
            ],
            [
              74899.04988123516,
              65344.41805225654
            ],
            [
              74916.86460807601,
              65344.41805225654
            ],
            [
              74922.8028503563,
              65350.35629453682
            ],
            [
              74934.67933491687,
              65350.35629453682
            ],
            [
              74940.61757719715,
              65356.294536817106
            ],
            [
              74946.55581947743,
              65356.294536817106
            ],
            [
              74952.49406175772,
              65362.23277909739
            ],
            [
              74958.43230403801,
              65362.23277909739
            ],
            [
              74964.3705463183,
              65368.171021377675
            ],
            [
              74976.24703087886,
              65368.171021377675
            ],
            [
              74982.18527315915,
              65374.10926365796
            ],
            [
              74988.12351543944,
              65374.10926365796
            ],
            [
              74994.06175771971,
              65380.047505938244
            ],
            [
              75005.93824228029,
              65380.047505938244
            ],
            [
              75011.87648456058,
              65385.98574821853
            ],
            [
              75023.75296912114,
              65385.98574821853
            ],
            [
              75029.69121140143,
              65391.92399049881
            ],
            [
              75053.44418052257,
              65391.92399049881
            ],
            [
              75059.38242280285,
              65397.8622327791
            ],
            [
              75071.25890736343,
              65397.8622327791
            ],
            [
              75077.1971496437,
              65403.80047505938
            ],
            [
              75083.13539192399,
              65403.80047505938
            ],
            [
              75089.07363420428,
              65409.73871733967
            ],
            [
              75100.95011876484,
              65409.73871733967
            ],
            [
              75106.88836104513,
              65415.67695961995
            ],
            [
              75124.703087886,
              65415.67695961995
            ],
            [
              75130.64133016627,
              65421.61520190024
            ],
            [
              75142.51781472685,
              65421.61520190024
            ],
            [
              75148.45605700713,
              65427.55344418053
            ],
            [
              75255.34441805226,
              65427.55344418053
            ],
            [
              75261.28266033254,
              65421.61520190024
            ],
            [
              75273.15914489311,
              65421.61520190024
            ],
            [
              75279.0973871734,
              65415.67695961995
            ],
            [
              75290.97387173396,
              65415.67695961995
            ],
            [
              75296.91211401425,
              65409.73871733967
            ],
            [
              75302.85035629454,
              65409.73871733967
            ],
            [
              75314.7268408551,
              65397.8622327791
            ],
            [
              75320.66508313539,
              65397.8622327791
            ],
            [
              75326.60332541568,
              65391.92399049881
            ],
            [
              75326.60332541568,
              65385.98574821853
            ],
            [
              75338.47980997626,
              65374.10926365796
            ],
            [
              75338.47980997626,
              65368.171021377675
            ],
            [
              75344.41805225653,
              65362.23277909739
            ],
            [
              75344.41805225653,
              65356.294536817106
            ],
            [
              75356.2945368171,
              65344.41805225654
            ],
            [
              75356.2945368171,
              65338.47980997625
            ],
            [
              75362.2327790974,
              65332.54156769597
            ],
            [
              75362.2327790974,
              65326.60332541568
            ],
            [
              75368.17102137768,
              65320.6650831354
            ],
            [
              75368.17102137768,
              65279.0973871734
            ],
            [
              75374.10926365796,
              65273.159144893114
            ],
            [
              75374.10926365796,
              65261.282660332545
            ],
            [
              75380.04750593824,
              65255.34441805226
            ],
            [
              75380.04750593824,
              65249.406175771976
            ],
            [
              75385.98574821853,
              65243.46793349169
            ],
            [
              75385.98574821853,
              65237.529691211406
            ],
            [
              75380.04750593824,
              65231.59144893112
            ],
            [
              75380.04750593824,
              65225.65320665084
            ],
            [
              75374.10926365796,
              65219.71496437055
            ],
            [
              75374.10926365796,
              65213.77672209026
            ],
            [
              75368.17102137768,
              65207.83847980998
            ],
            [
              75368.17102137768,
              65201.90023752969
            ],
            [
              75356.2945368171,
              65190.02375296912
            ],
            [
              75356.2945368171,
              65184.08551068884
            ],
            [
              75320.66508313539,
              65148.456057007126
            ],
            [
              75320.66508313539,
              65142.517814726845
            ],
            [
              75296.91211401425,
              65118.76484560571
            ],
            [
              75290.97387173396,
              65118.76484560571
            ],
            [
              75273.15914489311,
              65100.95011876485
            ],
            [
              75267.22090261283,
              65100.95011876485
            ],
            [
              75261.28266033254,
              65095.01187648456
            ],
            [
              75255.34441805226,
              65095.01187648456
            ],
            [
              75243.46793349169,
              65083.13539192399
            ],
            [
              75237.5296912114,
              65083.13539192399
            ],
            [
              75231.59144893113,
              65077.19714964371
            ],
            [
              75219.71496437055,
              65077.19714964371
            ],
            [
              75213.77672209026,
              65071.25890736342
            ],
            [
              75207.83847980997,
              65071.25890736342
            ],
            [
              75201.9002375297,
              65065.320665083134
            ],
            [
              75190.02375296912,
              65065.320665083134
            ],
            [
              75184.08551068883,
              65059.38242280285
            ],
            [
              75178.14726840856,
              65059.38242280285
            ],
            [
              75172.20902612827,
              65053.444180522565
            ],
            [
              75166.27078384798,
              65053.444180522565
            ],
            [
              75154.3942992874,
              65041.567695961996
            ],
            [
              75089.07363420428,
              65041.567695961996
            ],
            [
              75083.13539192399,
              65035.629453681715
            ],
            [
              75000.0,
              65035.629453681715
            ],
            [
              74994.06175771971,
              65029.69121140143
            ],
            [
              74839.6674584323,
              65029.69121140143
            ],
            [
              74833.72921615202,
              65023.752969121146
            ],
            [
              74809.97624703088,
              65023.752969121146
            ],
            [
              74804.03800475059,
              65017.81472684086
            ],
            [
              74780.28503562945,
              65017.81472684086
            ],
            [
              74774.34679334918,
              65011.87648456057
            ],
            [
              74697.14964370546,
              65011.87648456057
            ],
            [
              74691.21140142519,
              65017.81472684086
            ],
            [
              74679.33491686461,
              65017.81472684086
            ],
            [
              74673.39667458432,
              65011.87648456057
            ],
            [
              74661.52019002376,
              65011.87648456057
            ],
            [
              74655.58194774347,
              65005.93824228029
            ],
            [
              74643.7054631829,
              65005.93824228029
            ],
            [
              74637.76722090262,
              65000.0
            ],
            [
              74625.89073634204,
              65000.0
            ],
            [
              74619.95249406176,
              64994.06175771972
            ],
            [
              74608.0760095012,
              64994.06175771972
            ],
            [
              74602.1377672209,
              64988.12351543943
            ],
            [
              74590.26128266033,
              64988.12351543943
            ],
            [
              74584.32304038006,
              64982.18527315915
            ],
            [
              74578.38479809977,
              64982.18527315915
            ],
            [
              74572.44655581948,
              64976.24703087886
            ],
            [
              74566.50831353919,
              64976.24703087886
            ],
            [
              74560.57007125892,
              64970.30878859858
            ],
            [
              74554.63182897863,
              64970.30878859858
            ],
            [
              74542.75534441805,
              64958.432304038004
            ],
            [
              74536.81710213776,
              64958.432304038004
            ],
            [
              74524.9406175772,
              64946.555819477435
            ],
            [
              74519.00237529691,
              64946.555819477435
            ],
            [
              74513.06413301663,
              64940.617577197154
            ],
            [
              74501.18764845606,
              64940.617577197154
            ],
            [
              74489.31116389549,
              64928.741092636585
            ],
            [
              74483.3729216152,
              64928.741092636585
            ],
            [
              74435.86698337292,
              64881.2351543943
            ],
            [
              74435.86698337292,
              64875.29691211402
            ],
            [
              74418.05225653207,
              64857.48218527316
            ],
            [
              74418.05225653207,
              64851.543942992874
            ],
            [
              74412.11401425178,
              64851.543942992874
            ],
            [
              74388.36104513064,
              64827.790973871735
            ],
            [
              74388.36104513064,
              64821.852731591454
            ],
            [
              74376.48456057007,
              64809.97624703088
            ],
            [
              74376.48456057007,
              64804.0380047506
            ],
            [
              74323.0403800475,
              64750.59382422803
            ],
            [
              74323.0403800475,
              64744.65558194774
            ],
            [
              74317.10213776723,
              64738.71733966746
            ],
            [
              74317.10213776723,
              64732.779097387174
            ],
            [
              74311.16389548694,
              64726.84085510689
            ],
            [
              74311.16389548694,
              64720.902612826605
            ],
            [
              74305.22565320665,
              64714.964370546324
            ],
            [
              74305.22565320665,
              64703.08788598575
            ],
            [
              74299.28741092636,
              64697.14964370547
            ],
            [
              74299.28741092636,
              64667.45843230404
            ],
            [
              74305.22565320665,
              64661.52019002376
            ],
            [
              74305.22565320665,
              64649.64370546318
            ],
            [
              74311.16389548694,
              64643.7054631829
            ],
            [
              74311.16389548694,
              64637.76722090261
            ],
            [
              74317.10213776723,
              64631.82897862233
            ],
            [
              74317.10213776723,
              64619.95249406176
            ],
            [
              74323.0403800475,
              64614.014251781475
            ],
            [
              74323.0403800475,
              64608.076009501194
            ],
            [
              74328.97862232779,
              64602.137767220906
            ],
            [
              74328.97862232779,
              64596.19952494062
            ],
            [
              74334.91686460808,
              64590.261282660336
            ],
            [
              74334.91686460808,
              64584.32304038005
            ],
            [
              74340.85510688837,
              64578.38479809977
            ],
            [
              74340.85510688837,
              64572.44655581948
            ],
            [
              74346.79334916866,
              64566.5083135392
            ],
            [
              74346.79334916866,
              64554.63182897862
            ],
            [
              74352.73159144893,
              64548.69358669834
            ],
            [
              74352.73159144893,
              64542.75534441805
            ],
            [
              74358.66983372922,
              64536.81710213777
            ],
            [
              74358.66983372922,
              64530.87885985748
            ],
            [
              74364.6080760095,
              64524.9406175772
            ],
            [
              74364.6080760095,
              64513.06413301663
            ],
            [
              74370.5463182898,
              64507.125890736344
            ],
            [
              74370.5463182898,
              64477.43467933492
            ],
            [
              74376.48456057007,
              64471.49643705464
            ],
            [
              74376.48456057007,
              64465.55819477435
            ],
            [
              74382.42280285036,
              64459.61995249407
            ],
            [
              74382.42280285036,
              64447.74346793349
            ],
            [
              74388.36104513064,
              64441.80522565321
            ],
            [
              74388.36104513064,
              64435.86698337292
            ],
            [
              74394.29928741093,
              64429.92874109264
            ],
            [
              74394.29928741093,
              64406.1757719715
            ],
            [
              74400.23752969122,
              64400.237529691214
            ],
            [
              74400.23752969122,
              64382.42280285036
            ],
            [
              74406.1757719715,
              64376.484560570076
            ],
            [
              74406.1757719715,
              64340.85510688836
            ],
            [
              74412.11401425178,
              64334.91686460808
            ],
            [
              74412.11401425178,
              64311.16389548694
            ],
            [
              74418.05225653207,
              64305.22565320665
            ],
            [
              74418.05225653207,
              64210.21377672209
            ],
            [
              74412.11401425178,
              64204.27553444181
            ],
            [
              74412.11401425178,
              64156.76959619953
            ],
            [
              74418.05225653207,
              64150.831353919246
            ],
            [
              74418.05225653207,
              64127.0783847981
            ],
            [
              74412.11401425178,
              64121.14014251782
            ],
            [
              74412.11401425178,
              64103.32541567696
            ],
            [
              74406.1757719715,
              64097.38717339668
            ],
            [
              74406.1757719715,
              64091.44893111639
            ],
            [
              74412.11401425178,
              64085.510688836104
            ],
            [
              74412.11401425178,
              64073.634204275535
            ],
            [
              74418.05225653207,
              64067.695961995254
            ],
            [
              74418.05225653207,
              63942.992874109266
            ],
            [
              74423.99049881236,
              63937.05463182898
            ],
            [
              74418.05225653207,
              63931.1163895487
            ],
            [
              74418.05225653207,
              63901.42517814727
            ],
            [
              74412.11401425178,
              63895.48693586699
            ],
            [
              74412.11401425178,
              63859.857482185274
            ],
            [
              74406.1757719715,
              63853.91923990499
            ],
            [
              74406.1757719715,
              63847.980997624705
            ],
            [
              74210.2137767221,
              63847.980997624705
            ]
          ]
        ]
      }
    },
    {
      "type": "Feature",
      "properties": {
        "class_id": 3,
        "classification": "Darkspot & Foreign Object",
        "area": 33023.538571775156
      },
      "geometry": {
        "type": "Polygon",
        "coordinates": [
          [
            [
              72969.12114014252,
              62030.87885985748
            ],
            [
              72969.12114014252,
              62125.890736342044
            ],
            [
              72963.18289786224,
              62131.82897862233
            ],
            [
              72945.36817102139,
              62131.82897862233
            ],
            [
              72939.4299287411,
              62137.76722090261
            ],
            [
              72927.55344418052,
              62137.76722090261
            ],
            [
              72915.67695961996,
              62149.64370546318
            ],
            [
              72915.67695961996,
              62155.58194774347
            ],
            [
              72909.73871733967,
              62161.52019002376
            ],
            [
              72909.73871733967,
              62173.39667458433
            ],
            [
              72903.80047505938,
              62179.33491686461
            ],
            [
              72903.80047505938,
              62238.71733966746
            ],
            [
              72909.73871733967,
              62244.65558194774
            ],
            [
              72909.73871733967,
              62262.4703087886
            ],
            [
              72915.67695961996,
              62268.40855106889
            ],
            [
              72915.67695961996,
              62274.34679334917
            ],
            [
              72927.55344418052,
              62286.22327790974
            ],
            [
              72933.49168646081,
              62286.22327790974
            ],
            [
              72945.36817102139,
              62274.34679334917
            ],
            [
              72951.30641330166,
              62274.34679334917
            ],
            [
              72963.18289786224,
              62262.4703087886
            ],
            [
              72969.12114014252,
              62268.40855106889
            ],
            [
              72969.12114014252,
              62333.72921615202
            ],
            [
              72986.93586698337,
              62333.72921615202
            ],
            [
              72992.87410926366,
              62327.790973871735
            ],
            [
              72998.81235154395,
              62327.790973871735
            ],
            [
              73004.75059382422,
              62321.852731591454
            ],
            [
              73010.68883610451,
              62321.852731591454
            ],
            [
              73016.6270783848,
              62315.914489311166
            ],
            [
              73022.56532066509,
              62315.914489311166
            ],
            [
              73028.50356294538,
              62309.97624703088
            ],
            [
              73034.44180522565,
              62309.97624703088
            ],
            [
              73052.25653206652,
              62292.16152019003
            ],
            [
              73052.25653206652,
              62286.22327790974
            ],
            [
              73058.19477434679,
              62280.28503562946
            ],
            [
              73058.19477434679,
              62274.34679334917
            ],
            [
              73064.13301662708,
              62268.40855106889
            ],
            [
              73064.13301662708,
              62256.53206650831
            ],
            [
              73070.07125890737,
              62250.59382422803
            ],
            [
              73070.07125890737,
              62161.52019002376
            ],
            [
              73064.13301662708,
              62155.58194774347
            ],
            [
              73064.13301662708,
              62131.82897862233
            ],
            [
              73058.19477434679,
              62125.890736342044
            ],
            [
              73058.19477434679,
              62114.014251781475
            ],
            [
              73052.25653206652,
              62108.076009501194
            ],
            [
              73052.25653206652,
              62102.137767220906
            ],
            [
              73046.31828978623,
              62096.19952494062
            ],
            [
              73046.31828978623,
              62090.261282660336
            ],
            [
              73040.38004750594,
              62084.32304038005
            ],
            [
              73040.38004750594,
              62078.38479809977
            ],
            [
              73028.50356294538,
              62066.5083135392
            ],
            [
              73028.50356294538,
              62060.57007125891
            ],
            [
              73022.56532066509,
              62060.57007125891
            ],
            [
              72998.81235154395,
              62036.81710213777
            ],
            [
              72992.87410926366,
              62036.81710213777
            ],
            [
              72986.93586698337,
              62030.87885985748
            ],
            [
              72969.12114014252,
              62030.87885985748
            ]
          ]
        ]
      }
    },
    {
      "type": "Feature",
      "properties": {
        "class_id": 3,
        "classification": "Darkspot & Foreign Object",
        "area": 846.3053131047557
      },
      "geometry": {
        "type": "Polygon",
        "coordinates": [
          [
            [
              81817.10213776723,
              60777.90973871734
            ],
            [
              81811.16389548694,
              60783.84798099763
            ],
            [
              81817.10213776723,
              60789.786223277915
            ],
            [
              81817.10213776723,
              60795.724465558196
            ],
            [
              81823.0403800475,
              60801.662707838484
            ],
            [
              81846.79334916866,
              60801.662707838484
            ],
            [
              81852.73159144893,
              60795.724465558196
            ],
            [
              81852.73159144893,
              60777.90973871734
            ],
            [
              81817.10213776723,
              60777.90973871734
            ]
          ]
        ]
      }
    },
    {
      "type": "Feature",
      "properties": {
        "class_id": 3,
        "classification": "Darkspot & Foreign Object",
        "area": 3579.1662200055293
      },
      "geometry": {
        "type": "Polygon",
        "coordinates": [
          [
            [
              81710.2137767221,
              60760.09501187649
            ],
            [
              81704.27553444181,
              60766.03325415677
            ],
            [
              81698.33729216152,
              60766.03325415677
            ],
            [
              81686.46080760095,
              60777.90973871734
            ],
            [
              81686.46080760095,
              60783.84798099763
            ],
            [
              81692.39904988123,
              60789.786223277915
            ],
            [
              81692.39904988123,
              60795.724465558196
            ],
            [
              81698.33729216152,
              60801.662707838484
            ],
            [
              81781.47268408551,
              60801.662707838484
            ],
            [
              81781.47268408551,
              60795.724465558196
            ],
            [
              81787.4109263658,
              60789.786223277915
            ],
            [
              81787.4109263658,
              60777.90973871734
            ],
            [
              81781.47268408551,
              60771.97149643706
            ],
            [
              81775.53444180523,
              60771.97149643706
            ],
            [
              81769.59619952494,
              60766.03325415677
            ],
            [
              81763.65795724466,
              60766.03325415677
            ],
            [
              81757.71971496438,
              60760.09501187649
            ],
            [
              81710.2137767221,
              60760.09501187649
            ]
          ]
        ]
      }
    },
    {
      "type": "Feature",
      "properties": {
        "class_id": 3,
        "classification": "Darkspot & Foreign Object",
        "area": 3579.1662200055293
      },
      "geometry": {
        "type": "Polygon",
        "coordinates": [
          [
            [
              36555.81947743468,
              60742.28028503563
            ],
            [
              36532.06650831354,
              60766.03325415677
            ],
            [
              36526.12826603326,
              60766.03325415677
            ],
            [
              36526.12826603326,
              60777.90973871734
            ],
            [
              36538.00475059383,
              60789.786223277915
            ],
            [
              36543.94299287411,
              60789.786223277915
            ],
            [
              36549.8812351544,
              60795.724465558196
            ],
            [
              36549.8812351544,
              60801.662707838484
            ],
            [
              36597.38717339667,
              60801.662707838484
            ],
            [
              36597.38717339667,
              60795.724465558196
            ],
            [
              36603.32541567696,
              60789.786223277915
            ],
            [
              36603.32541567696,
              60766.03325415677
            ],
            [
              36597.38717339667,
              60760.09501187649
            ],
            [
              36597.38717339667,
              60754.1567695962
            ],
            [
              36585.510688836104,
              60742.28028503563
            ],
            [
              36555.81947743468,
              60742.28028503563
            ]
          ]
        ]
      }
    },
    {
      "type": "Feature",
      "properties": {
        "class_id": 3,
        "classification": "Darkspot & Foreign Object",
        "area": 5642.035420698371
      },
      "geometry": {
        "type": "Polygon",
        "coordinates": [
          [
            [
              27375.296912114016,
              60700.712589073635
            ],
            [
              27369.35866983373,
              60706.65083135392
            ],
            [
              27369.35866983373,
              60712.589073634204
            ],
            [
              27375.296912114016,
              60718.52731591449
            ],
            [
              27375.296912114016,
              60724.46555819477
            ],
            [
              27381.2351543943,
              60730.40380047506
            ],
            [
              27381.2351543943,
              60736.34204275535
            ],
            [
              27387.173396674585,
              60736.34204275535
            ],
            [
              27399.049881235154,
              60748.21852731592
            ],
            [
              27399.049881235154,
              60760.09501187649
            ],
            [
              27387.173396674585,
              60771.97149643706
            ],
            [
              27381.2351543943,
              60771.97149643706
            ],
            [
              27369.35866983373,
              60783.84798099763
            ],
            [
              27363.420427553447,
              60783.84798099763
            ],
            [
              27363.420427553447,
              60795.724465558196
            ],
            [
              27369.35866983373,
              60795.724465558196
            ],
            [
              27375.296912114016,
              60801.662707838484
            ],
            [
              27470.308788598577,
              60801.662707838484
            ],
            [
              27470.308788598577,
              60783.84798099763
            ],
            [
              27452.49406175772,
              60766.03325415677
            ],
            [
              27452.49406175772,
              60760.09501187649
            ],
            [
              27428.74109263658,
              60736.34204275535
            ],
            [
              27416.86460807601,
              60736.34204275535
            ],
            [
              27399.049881235154,
              60718.52731591449
            ],
            [
              27399.049881235154,
              60712.589073634204
            ],
            [
              27387.173396674585,
              60700.712589073635
            ],
            [
              27375.296912114016,
              60700.712589073635
            ]
          ]
        ]
      }
    },
    {
      "type": "Feature",
      "properties": {
        "class_id": 3,
        "classification": "Darkspot & Foreign Object",
        "area": 19976.33166141017
      },
      "geometry": {
        "type": "Polygon",
        "coordinates": [
          [
            [
              36193.58669833729,
              60676.9596199525
            ],
            [
              36187.64845605701,
              60682.897862232785
            ],
            [
              36181.71021377672,
              60682.897862232785
            ],
            [
              36169.83372921615,
              60694.774346793354
            ],
            [
              36163.89548693587,
              60694.774346793354
            ],
            [
              36157.95724465558,
              60700.712589073635
            ],
            [
              36146.080760095014,
              60700.712589073635
            ],
            [
              36140.142517814726,
              60706.65083135392
            ],
            [
              36116.38954869359,
              60706.65083135392
            ],
            [
              36110.451306413306,
              60712.589073634204
            ],
            [
              36098.57482185273,
              60712.589073634204
            ],
            [
              36092.63657957245,
              60718.52731591449
            ],
            [
              36086.69833729216,
              60718.52731591449
            ],
            [
              36080.76009501188,
              60724.46555819477
            ],
            [
              36074.82185273159,
              60724.46555819477
            ],
            [
              36057.00712589074,
              60742.28028503563
            ],
            [
              36057.00712589074,
              60771.97149643706
            ],
            [
              36051.06888361045,
              60777.90973871734
            ],
            [
              36057.00712589074,
              60783.84798099763
            ],
            [
              36057.00712589074,
              60801.662707838484
            ],
            [
              36247.030878859856,
              60801.662707838484
            ],
            [
              36247.030878859856,
              60795.724465558196
            ],
            [
              36252.969121140144,
              60789.786223277915
            ],
            [
              36252.969121140144,
              60783.84798099763
            ],
            [
              36258.90736342043,
              60777.90973871734
            ],
            [
              36258.90736342043,
              60712.589073634204
            ],
            [
              36241.092636579575,
              60694.774346793354
            ],
            [
              36235.15439429929,
              60694.774346793354
            ],
            [
              36229.216152019006,
              60688.836104513066
            ],
            [
              36223.27790973872,
              60688.836104513066
            ],
            [
              36217.33966745844,
              60682.897862232785
            ],
            [
              36211.40142517815,
              60682.897862232785
            ],
            [
              36205.46318289787,
              60676.9596199525
            ],
            [
              36193.58669833729,
              60676.9596199525
            ]
          ]
        ]
      }
    },
    {
      "type": "Feature",
      "properties": {
        "class_id": 3,
        "classification": "Darkspot & Foreign Object",
        "area": 4725.204664834886
      },
      "geometry": {
        "type": "Polygon",
        "coordinates": [
          [
            [
              53295.724465558196,
              58687.64845605701
            ],
            [
              53289.786223277915,
              58693.5866983373
            ],
            [
              53277.90973871734,
              58693.5866983373
            ],
            [
              53271.97149643706,
              58699.52494061758
            ],
            [
              53271.97149643706,
              58705.46318289787
            ],
            [
              53266.03325415677,
              58711.40142517815
            ],
            [
              53266.03325415677,
              58717.33966745844
            ],
            [
              53260.09501187649,
              58723.27790973872
            ],
            [
              53260.09501187649,
              58735.15439429929
            ],
            [
              53266.03325415677,
              58741.092636579575
            ],
            [
              53266.03325415677,
              58747.03087885986
            ],
            [
              53277.90973871734,
              58758.90736342043
            ],
            [
              53277.90973871734,
              58764.84560570071
            ],
            [
              53283.84798099763,
              58764.84560570071
            ],
            [
              53289.786223277915,
              58770.783847981
            ],
            [
              53313.539192399054,
              58770.783847981
            ],
            [
              53331.353919239904,
              58752.969121140144
            ],
            [
              53331.353919239904,
              58741.092636579575
            ],
            [
              53337.29216152019,
              58735.15439429929
            ],
            [
              53337.29216152019,
              58723.27790973872
            ],
            [
              53331.353919239904,
              58717.33966745844
            ],
            [
              53331.353919239904,
              58711.40142517815
            ],
            [
              53325.41567695962,
              58705.46318289787
            ],
            [
              53325.41567695962,
              58699.52494061758
            ],
            [
              53319.477434679335,
              58693.5866983373
            ],
            [
              53313.539192399054,
              58693.5866983373
            ],
            [
              53307.600950118765,
              58687.64845605701
            ],
            [
              53295.724465558196,
              58687.64845605701
            ]
          ]
        ]
      }
    },
    {
      "type": "Feature",
      "properties": {
        "class_id": 3,
        "classification": "Darkspot & Foreign Object",
        "area": 5148.357321387263
      },
      "geometry": {
        "type": "Polygon",
        "coordinates": [
          [
            [
              31680.522565320665,
              56757.719714964376
            ],
            [
              31674.58432304038,
              56763.65795724466
            ],
            [
              31662.70783847981,
              56763.65795724466
            ],
            [
              31656.769596199527,
              56769.596199524945
            ],
            [
              31650.831353919242,
              56769.596199524945
            ],
            [
              31650.831353919242,
              56775.53444180523
            ],
            [
              31644.893111638958,
              56781.472684085515
            ],
            [
              31644.893111638958,
              56811.16389548694
            ],
            [
              31668.646080760096,
              56834.91686460808
            ],
            [
              31674.58432304038,
              56834.91686460808
            ],
            [
              31680.522565320665,
              56840.85510688836
            ],
            [
              31692.399049881238,
              56840.85510688836
            ],
            [
              31698.337292161523,
              56834.91686460808
            ],
            [
              31704.275534441807,
              56834.91686460808
            ],
            [
              31710.213776722092,
              56828.97862232779
            ],
            [
              31716.152019002377,
              56828.97862232779
            ],
            [
              31716.152019002377,
              56823.04038004751
            ],
            [
              31722.09026128266,
              56817.10213776722
            ],
            [
              31722.09026128266,
              56811.16389548694
            ],
            [
              31728.028503562946,
              56805.22565320665
            ],
            [
              31728.028503562946,
              56787.410926365796
            ],
            [
              31722.09026128266,
              56781.472684085515
            ],
            [
              31722.09026128266,
              56775.53444180523
            ],
            [
              31716.152019002377,
              56769.596199524945
            ],
            [
              31710.213776722092,
              56769.596199524945
            ],
            [
              31704.275534441807,
              56763.65795724466
            ],
            [
              31692.399049881238,
              56763.65795724466
            ],
            [
              31686.46080760095,
              56757.719714964376
            ],
            [
              31680.522565320665,
              56757.719714964376
            ]
          ]
        ]
      }
    },
    {
      "type": "Feature",
      "properties": {
        "class_id": 3,
        "classification": "Darkspot & Foreign Object",
        "area": 24648.642244176008
      },
      "geometry": {
        "type": "Polygon",
        "coordinates": [
          [
            [
              15207.838479809976,
              55997.62470308789
            ],
            [
              15201.900237529691,
              56003.562945368176
            ],
            [
              15201.900237529691,
              56211.40142517815
            ],
            [
              15249.406175771972,
              56211.40142517815
            ],
            [
              15255.344418052257,
              56205.46318289787
            ],
            [
              15261.282660332543,
              56205.46318289787
            ],
            [
              15267.220902612828,
              56199.52494061758
            ],
            [
              15273.159144893112,
              56199.52494061758
            ],
            [
              15302.850356294537,
              56169.83372921615
            ],
            [
              15302.850356294537,
              56163.89548693587
            ],
            [
              15332.541567695962,
              56134.204275534445
            ],
            [
              15332.541567695962,
              56128.266033254156
            ],
            [
              15338.479809976248,
              56122.327790973875
            ],
            [
              15338.479809976248,
              56116.38954869359
            ],
            [
              15344.418052256533,
              56110.451306413306
            ],
            [
              15344.418052256533,
              56062.94536817102
            ],
            [
              15338.479809976248,
              56057.00712589074
            ],
            [
              15338.479809976248,
              56051.06888361045
            ],
            [
              15332.541567695962,
              56045.13064133017
            ],
            [
              15332.541567695962,
              56039.19239904988
            ],
            [
              15320.665083135393,
              56027.315914489314
            ],
            [
              15314.726840855108,
              56027.315914489314
            ],
            [
              15302.850356294537,
              56015.439429928745
            ],
            [
              15296.912114014252,
              56015.439429928745
            ],
            [
              15285.035629453683,
              56003.562945368176
            ],
            [
              15273.159144893112,
              56003.562945368176
            ],
            [
              15267.220902612828,
              55997.62470308789
            ],
            [
              15207.838479809976,
              55997.62470308789
            ]
          ]
        ]
      }
    },
    {
      "type": "Feature",
      "properties": {
        "class_id": 3,
        "classification": "Darkspot & Foreign Object",
        "area": 61462.92336423288
      },
      "geometry": {
        "type": "Polygon",
        "coordinates": [
          [
            [
              29827.790973871735,
              55819.477434679335
            ],
            [
              29821.85273159145,
              55825.41567695962
            ],
            [
              29804.038004750593,
              55825.41567695962
            ],
            [
              29798.09976247031,
              55831.353919239904
            ],
            [
              29792.161520190024,
              55831.353919239904
            ],
            [
              29786.22327790974,
              55837.29216152019
            ],
            [
              29780.285035629455,
              55837.29216152019
            ],
            [
              29774.34679334917,
              55843.23040380048
            ],
            [
              29768.408551068886,
              55843.23040380048
            ],
            [
              29750.593824228028,
              55861.04513064133
            ],
            [
              29750.593824228028,
              55866.98337292162
            ],
            [
              29744.655581947743,
              55872.9216152019
            ],
            [
              29744.655581947743,
              55878.85985748219
            ],
            [
              29738.71733966746,
              55884.79809976247
            ],
            [
              29738.71733966746,
              55890.73634204276
            ],
            [
              29732.779097387174,
              55896.674584323046
            ],
            [
              29732.779097387174,
              55902.61282660333
            ],
            [
              29726.84085510689,
              55908.551068883615
            ],
            [
              29726.84085510689,
              55926.365795724465
            ],
            [
              29720.902612826605,
              55932.30403800475
            ],
            [
              29720.902612826605,
              55997.62470308789
            ],
            [
              29726.84085510689,
              56003.562945368176
            ],
            [
              29726.84085510689,
              56015.439429928745
            ],
            [
              29732.779097387174,
              56021.377672209026
            ],
            [
              29732.779097387174,
              56027.315914489314
            ],
            [
              29744.655581947743,
              56039.19239904988
            ],
            [
              29744.655581947743,
              56045.13064133017
            ],
            [
              29768.408551068886,
              56068.88361045131
            ],
            [
              29774.34679334917,
              56068.88361045131
            ],
            [
              29792.161520190024,
              56086.69833729216
            ],
            [
              29798.09976247031,
              56086.69833729216
            ],
            [
              29804.038004750593,
              56092.63657957245
            ],
            [
              29821.85273159145,
              56092.63657957245
            ],
            [
              29827.790973871735,
              56098.57482185274
            ],
            [
              29899.049881235154,
              56098.57482185274
            ],
            [
              29904.98812351544,
              56092.63657957245
            ],
            [
              29910.926365795727,
              56092.63657957245
            ],
            [
              29916.86460807601,
              56086.69833729216
            ],
            [
              29922.802850356296,
              56086.69833729216
            ],
            [
              29934.679334916866,
              56074.82185273159
            ],
            [
              29940.61757719715,
              56074.82185273159
            ],
            [
              29958.432304038008,
              56057.00712589074
            ],
            [
              29958.432304038008,
              56051.06888361045
            ],
            [
              29970.308788598577,
              56039.19239904988
            ],
            [
              29970.308788598577,
              56033.254156769595
            ],
            [
              29976.24703087886,
              56027.315914489314
            ],
            [
              29976.24703087886,
              56015.439429928745
            ],
            [
              29982.185273159146,
              56009.50118764846
            ],
            [
              29982.185273159146,
              55997.62470308789
            ],
            [
              29988.12351543943,
              55991.68646080761
            ],
            [
              29988.12351543943,
              55967.93349168646
            ],
            [
              29994.061757719715,
              55961.99524940618
            ],
            [
              29994.061757719715,
              55920.427553444184
            ],
            [
              29988.12351543943,
              55914.489311163896
            ],
            [
              29988.12351543943,
              55896.674584323046
            ],
            [
              29982.185273159146,
              55890.73634204276
            ],
            [
              29982.185273159146,
              55884.79809976247
            ],
            [
              29976.24703087886,
              55878.85985748219
            ],
            [
              29976.24703087886,
              55872.9216152019
            ],
            [
              29952.49406175772,
              55849.16864608076
            ],
            [
              29946.555819477435,
              55849.16864608076
            ],
            [
              29940.61757719715,
              55843.23040380048
            ],
            [
              29934.679334916866,
              55843.23040380048
            ],
            [
              29928.74109263658,
              55837.29216152019
            ],
            [
              29922.802850356296,
              55837.29216152019
            ],
            [
              29916.86460807601,
              55831.353919239904
            ],
            [
              29904.98812351544,
              55831.353919239904
            ],
            [
              29899.049881235154,
              55825.41567695962
            ],
            [
              29875.296912114016,
              55825.41567695962
            ],
            [
              29869.35866983373,
              55819.477434679335
            ],
            [
              29827.790973871735,
              55819.477434679335
            ]
          ]
        ]
      }
    },
    {
      "type": "Feature",
      "properties": {
        "class_id": 3,
        "classification": "Darkspot & Foreign Object",
        "area": 3667.3230234539415
      },
      "geometry": {
        "type": "Polygon",
        "coordinates": [
          [
            [
              37232.779097387174,
              52725.65320665084
            ],
            [
              37220.902612826605,
              52737.529691211406
            ],
            [
              37214.96437054632,
              52737.529691211406
            ],
            [
              37214.96437054632,
              52749.406175771976
            ],
            [
              37209.026128266036,
              52755.34441805226
            ],
            [
              37214.96437054632,
              52761.282660332545
            ],
            [
              37214.96437054632,
              52773.159144893114
            ],
            [
              37220.902612826605,
              52779.0973871734
            ],
            [
              37226.84085510689,
              52779.0973871734
            ],
            [
              37232.779097387174,
              52785.03562945368
            ],
            [
              37238.71733966746,
              52785.03562945368
            ],
            [
              37244.65558194774,
              52790.97387173397
            ],
            [
              37256.53206650831,
              52790.97387173397
            ],
            [
              37262.4703087886,
              52785.03562945368
            ],
            [
              37268.40855106888,
              52785.03562945368
            ],
            [
              37280.28503562946,
              52773.159144893114
            ],
            [
              37280.28503562946,
              52761.282660332545
            ],
            [
              37286.22327790974,
              52755.34441805226
            ],
            [
              37280.28503562946,
              52749.406175771976
            ],
            [
              37280.28503562946,
              52737.529691211406
            ],
            [
              37268.40855106888,
              52725.65320665084
            ],
            [
              37232.779097387174,
              52725.65320665084
            ]
          ]
        ]
      }
    },
    {
      "type": "Feature",
      "properties": {
        "class_id": 3,
        "classification": "Darkspot & Foreign Object",
        "area": 4002.318876557907
      },
      "geometry": {
        "type": "Polygon",
        "coordinates": [
          [
            [
              33830.16627078385,
              50415.67695961995
            ],
            [
              33824.22802850357,
              50421.61520190024
            ],
            [
              33812.351543943,
              50421.61520190024
            ],
            [
              33794.53681710214,
              50439.4299287411
            ],
            [
              33794.53681710214,
              50475.059382422805
            ],
            [
              33806.41330166271,
              50486.935866983375
            ],
            [
              33830.16627078385,
              50486.935866983375
            ],
            [
              33836.104513064136,
              50480.997624703086
            ],
            [
              33842.04275534442,
              50480.997624703086
            ],
            [
              33859.857482185274,
              50463.182897862236
            ],
            [
              33859.857482185274,
              50451.30641330167
            ],
            [
              33865.79572446556,
              50445.36817102138
            ],
            [
              33865.79572446556,
              50433.49168646081
            ],
            [
              33859.857482185274,
              50427.55344418052
            ],
            [
              33859.857482185274,
              50421.61520190024
            ],
            [
              33853.919239904986,
              50415.67695961995
            ],
            [
              33830.16627078385,
              50415.67695961995
            ]
          ]
        ]
      }
    },
    {
      "type": "Feature",
      "properties": {
        "class_id": 3,
        "classification": "Darkspot & Foreign Object",
        "area": 66417.33571803363
      },
      "geometry": {
        "type": "Polygon",
        "coordinates": [
          [
            [
              50326.60332541568,
              47482.18527315915
            ],
            [
              50320.66508313539,
              47488.12351543943
            ],
            [
              50296.91211401425,
              47488.12351543943
            ],
            [
              50290.97387173397,
              47494.06175771972
            ],
            [
              50279.0973871734,
              47494.06175771972
            ],
            [
              50273.159144893114,
              47500.0
            ],
            [
              50267.220902612826,
              47500.0
            ],
            [
              50231.59144893112,
              47535.629453681715
            ],
            [
              50231.59144893112,
              47541.567695961996
            ],
            [
              50225.65320665083,
              47547.505938242284
            ],
            [
              50225.65320665083,
              47553.444180522565
            ],
            [
              50219.71496437055,
              47559.38242280285
            ],
            [
              50219.71496437055,
              47618.7648456057
            ],
            [
              50225.65320665083,
              47624.70308788599
            ],
            [
              50225.65320665083,
              47642.517814726845
            ],
            [
              50231.59144893112,
              47648.456057007126
            ],
            [
              50231.59144893112,
              47660.332541567695
            ],
            [
              50237.529691211406,
              47666.270783847984
            ],
            [
              50237.529691211406,
              47672.209026128265
            ],
            [
              50243.46793349169,
              47678.14726840855
            ],
            [
              50243.46793349169,
              47690.02375296912
            ],
            [
              50255.34441805226,
              47701.90023752969
            ],
            [
              50255.34441805226,
              47707.83847980998
            ],
            [
              50267.220902612826,
              47719.71496437055
            ],
            [
              50267.220902612826,
              47725.65320665083
            ],
            [
              50285.03562945368,
              47743.46793349169
            ],
            [
              50290.97387173397,
              47743.46793349169
            ],
            [
              50296.91211401425,
              47749.406175771976
            ],
            [
              50302.85035629454,
              47749.406175771976
            ],
            [
              50314.72684085511,
              47761.282660332545
            ],
            [
              50326.60332541568,
              47761.282660332545
            ],
            [
              50332.54156769597,
              47767.220902612826
            ],
            [
              50344.41805225654,
              47767.220902612826
            ],
            [
              50350.35629453682,
              47773.159144893114
            ],
            [
              50368.171021377675,
              47773.159144893114
            ],
            [
              50374.109263657956,
              47779.097387173395
            ],
            [
              50421.61520190024,
              47779.097387173395
            ],
            [
              50427.55344418052,
              47773.159144893114
            ],
            [
              50439.4299287411,
              47773.159144893114
            ],
            [
              50445.36817102138,
              47767.220902612826
            ],
            [
              50451.30641330167,
              47767.220902612826
            ],
            [
              50457.24465558195,
              47761.282660332545
            ],
            [
              50463.182897862236,
              47761.282660332545
            ],
            [
              50480.997624703086,
              47743.46793349169
            ],
            [
              50480.997624703086,
              47737.529691211406
            ],
            [
              50486.935866983375,
              47731.59144893112
            ],
            [
              50486.935866983375,
              47725.65320665083
            ],
            [
              50498.812351543944,
              47713.77672209026
            ],
            [
              50498.812351543944,
              47707.83847980998
            ],
            [
              50504.75059382423,
              47701.90023752969
            ],
            [
              50504.75059382423,
              47690.02375296912
            ],
            [
              50510.68883610451,
              47684.08551068884
            ],
            [
              50510.68883610451,
              47654.394299287414
            ],
            [
              50504.75059382423,
              47648.456057007126
            ],
            [
              50504.75059382423,
              47618.7648456057
            ],
            [
              50498.812351543944,
              47612.82660332542
            ],
            [
              50498.812351543944,
              47606.88836104513
            ],
            [
              50492.87410926366,
              47600.95011876485
            ],
            [
              50492.87410926366,
              47595.01187648456
            ],
            [
              50486.935866983375,
              47589.07363420428
            ],
            [
              50486.935866983375,
              47583.13539192399
            ],
            [
              50480.997624703086,
              47577.19714964371
            ],
            [
              50480.997624703086,
              47571.25890736342
            ],
            [
              50475.059382422805,
              47565.320665083134
            ],
            [
              50475.059382422805,
              47559.38242280285
            ],
            [
              50451.30641330167,
              47535.629453681715
            ],
            [
              50451.30641330167,
              47529.69121140143
            ],
            [
              50433.49168646081,
              47511.87648456057
            ],
            [
              50427.55344418052,
              47511.87648456057
            ],
            [
              50415.67695961995,
              47500.0
            ],
            [
              50409.73871733967,
              47500.0
            ],
            [
              50403.80047505938,
              47494.06175771972
            ],
            [
              50391.92399049881,
              47494.06175771972
            ],
            [
              50385.98574821853,
              47488.12351543943
            ],
            [
              50374.109263657956,
              47488.12351543943
            ],
            [
              50368.171021377675,
              47482.18527315915
            ],
            [
              50326.60332541568,
              47482.18527315915
            ]
          ]
        ]
      }
    },
    {
      "type": "Feature",
      "properties": {
        "class_id": 3,
        "classification": "Darkspot & Foreign Object",
        "area": 42491.579262134605
      },
      "geometry": {
        "type": "Polygon",
        "coordinates": [
          [
            [
              24970.308788598577,
              46704.275534441804
            ],
            [
              24964.370546318292,
              46710.21377672209
            ],
            [
              24952.49406175772,
              46710.21377672209
            ],
            [
              24946.555819477435,
              46716.15201900238
            ],
            [
              24940.61757719715,
              46716.15201900238
            ],
            [
              24904.98812351544,
              46751.78147268409
            ],
            [
              24904.98812351544,
              46757.71971496437
            ],
            [
              24899.049881235154,
              46763.65795724466
            ],
            [
              24899.049881235154,
              46769.596199524945
            ],
            [
              24893.11163895487,
              46775.53444180523
            ],
            [
              24893.11163895487,
              46781.472684085515
            ],
            [
              24887.173396674585,
              46787.410926365796
            ],
            [
              24887.173396674585,
              46793.349168646084
            ],
            [
              24881.2351543943,
              46799.287410926365
            ],
            [
              24881.2351543943,
              46840.85510688836
            ],
            [
              24887.173396674585,
              46846.79334916865
            ],
            [
              24887.173396674585,
              46852.73159144893
            ],
            [
              24893.11163895487,
              46858.66983372922
            ],
            [
              24893.11163895487,
              46864.60807600951
            ],
            [
              24922.802850356296,
              46894.299287410926
            ],
            [
              24928.74109263658,
              46894.299287410926
            ],
            [
              24946.555819477435,
              46912.11401425178
            ],
            [
              24952.49406175772,
              46912.11401425178
            ],
            [
              24958.432304038004,
              46918.05225653207
            ],
            [
              24964.370546318292,
              46918.05225653207
            ],
            [
              24970.308788598577,
              46923.99049881235
            ],
            [
              24982.185273159146,
              46923.99049881235
            ],
            [
              24988.12351543943,
              46929.92874109264
            ],
            [
              25005.938242280285,
              46929.92874109264
            ],
            [
              25011.876484560573,
              46935.86698337292
            ],
            [
              25029.691211401427,
              46935.86698337292
            ],
            [
              25035.62945368171,
              46929.92874109264
            ],
            [
              25047.50593824228,
              46929.92874109264
            ],
            [
              25053.444180522565,
              46923.99049881235
            ],
            [
              25059.38242280285,
              46923.99049881235
            ],
            [
              25065.320665083138,
              46918.05225653207
            ],
            [
              25071.258907363423,
              46918.05225653207
            ],
            [
              25112.826603325415,
              46876.484560570076
            ],
            [
              25112.826603325415,
              46864.60807600951
            ],
            [
              25118.764845605703,
              46858.66983372922
            ],
            [
              25118.764845605703,
              46828.97862232779
            ],
            [
              25124.703087885988,
              46823.04038004751
            ],
            [
              25124.703087885988,
              46811.16389548694
            ],
            [
              25118.764845605703,
              46805.22565320665
            ],
            [
              25118.764845605703,
              46787.410926365796
            ],
            [
              25112.826603325415,
              46781.472684085515
            ],
            [
              25112.826603325415,
              46775.53444180523
            ],
            [
              25100.950118764846,
              46763.65795724466
            ],
            [
              25100.950118764846,
              46757.71971496437
            ],
            [
              25089.073634204276,
              46745.8432304038
            ],
            [
              25089.073634204276,
              46739.90498812352
            ],
            [
              25071.258907363423,
              46722.09026128266
            ],
            [
              25065.320665083138,
              46722.09026128266
            ],
            [
              25059.38242280285,
              46716.15201900238
            ],
            [
              25047.50593824228,
              46716.15201900238
            ],
            [
              25041.567695961996,
              46710.21377672209
            ],
            [
              25017.814726840857,
              46710.21377672209
            ],
            [
              25011.876484560573,
              46704.275534441804
            ],
            [
              24970.308788598577,
              46704.275534441804
            ]
          ]
        ]
      }
    },
    {
      "type": "Feature",
      "properties": {
        "class_id": 3,
        "classification": "Darkspot & Foreign Object",
        "area": 20769.74289244588
      },
      "geometry": {
        "type": "Polygon",
        "coordinates": [
          [
            [
              14578.384798099763,
              46300.47505938243
            ],
            [
              14572.446555819479,
              46306.41330166271
            ],
            [
              14566.508313539192,
              46306.41330166271
            ],
            [
              14560.570071258908,
              46312.351543943
            ],
            [
              14548.693586698339,
              46312.351543943
            ],
            [
              14536.817102137768,
              46324.22802850357
            ],
            [
              14530.878859857483,
              46324.22802850357
            ],
            [
              14530.878859857483,
              46330.16627078385
            ],
            [
              14519.002375296912,
              46342.04275534442
            ],
            [
              14519.002375296912,
              46347.980997624705
            ],
            [
              14513.064133016627,
              46353.91923990499
            ],
            [
              14513.064133016627,
              46389.5486935867
            ],
            [
              14519.002375296912,
              46395.48693586698
            ],
            [
              14519.002375296912,
              46401.42517814727
            ],
            [
              14530.878859857483,
              46413.30166270784
            ],
            [
              14530.878859857483,
              46419.23990498813
            ],
            [
              14548.693586698339,
              46437.05463182898
            ],
            [
              14554.631828978623,
              46437.05463182898
            ],
            [
              14560.570071258908,
              46442.992874109266
            ],
            [
              14566.508313539192,
              46442.992874109266
            ],
            [
              14572.446555819479,
              46448.93111638955
            ],
            [
              14637.767220902613,
              46448.93111638955
            ],
            [
              14643.705463182898,
              46442.992874109266
            ],
            [
              14649.643705463184,
              46442.992874109266
            ],
            [
              14655.581947743469,
              46437.05463182898
            ],
            [
              14661.520190023753,
              46437.05463182898
            ],
            [
              14667.458432304038,
              46431.1163895487
            ],
            [
              14667.458432304038,
              46425.17814726841
            ],
            [
              14679.33491686461,
              46413.30166270784
            ],
            [
              14679.33491686461,
              46401.42517814727
            ],
            [
              14685.273159144894,
              46395.48693586698
            ],
            [
              14685.273159144894,
              46359.857482185274
            ],
            [
              14679.33491686461,
              46353.91923990499
            ],
            [
              14679.33491686461,
              46342.04275534442
            ],
            [
              14667.458432304038,
              46330.16627078385
            ],
            [
              14667.458432304038,
              46324.22802850357
            ],
            [
              14655.581947743469,
              46312.351543943
            ],
            [
              14649.643705463184,
              46312.351543943
            ],
            [
              14643.705463182898,
              46306.41330166271
            ],
            [
              14631.828978622329,
              46306.41330166271
            ],
            [
              14625.890736342044,
              46300.47505938243
            ],
            [
              14578.384798099763,
              46300.47505938243
            ]
          ]
        ]
      }
    },
    {
      "type": "Feature",
      "properties": {
        "class_id": 3,
        "classification": "Darkspot & Foreign Object",
        "area": 37801.63731867909
      },
      "geometry": {
        "type": "Polygon",
        "coordinates": [
          [
            [
              22998.812351543944,
              45801.662707838484
            ],
            [
              22992.87410926366,
              45807.600950118765
            ],
            [
              22986.935866983375,
              45807.600950118765
            ],
            [
              22980.99762470309,
              45813.539192399054
            ],
            [
              22975.059382422805,
              45813.539192399054
            ],
            [
              22957.244655581948,
              45831.353919239904
            ],
            [
              22957.244655581948,
              45837.29216152019
            ],
            [
              22951.306413301663,
              45843.23040380048
            ],
            [
              22951.306413301663,
              45849.16864608076
            ],
            [
              22945.36817102138,
              45855.10688836105
            ],
            [
              22945.36817102138,
              45866.98337292162
            ],
            [
              22939.429928741094,
              45872.9216152019
            ],
            [
              22939.429928741094,
              45926.365795724465
            ],
            [
              22945.36817102138,
              45932.30403800475
            ],
            [
              22945.36817102138,
              45938.242280285034
            ],
            [
              22951.306413301663,
              45944.18052256532
            ],
            [
              22951.306413301663,
              45950.11876484561
            ],
            [
              22957.244655581948,
              45956.05700712589
            ],
            [
              22957.244655581948,
              45961.99524940618
            ],
            [
              22975.059382422805,
              45979.80997624703
            ],
            [
              22975.059382422805,
              45985.74821852732
            ],
            [
              22980.99762470309,
              45985.74821852732
            ],
            [
              22998.812351543944,
              46003.562945368176
            ],
            [
              23004.75059382423,
              46003.562945368176
            ],
            [
              23010.688836104513,
              46009.50118764846
            ],
            [
              23022.565320665082,
              46009.50118764846
            ],
            [
              23028.50356294537,
              46015.439429928745
            ],
            [
              23064.133016627078,
              46015.439429928745
            ],
            [
              23070.071258907363,
              46009.50118764846
            ],
            [
              23093.824228028505,
              46009.50118764846
            ],
            [
              23099.76247030879,
              46003.562945368176
            ],
            [
              23105.700712589074,
              46003.562945368176
            ],
            [
              23111.63895486936,
              45997.62470308789
            ],
            [
              23117.577197149643,
              45997.62470308789
            ],
            [
              23153.206650831355,
              45961.99524940618
            ],
            [
              23153.206650831355,
              45956.05700712589
            ],
            [
              23159.14489311164,
              45950.11876484561
            ],
            [
              23159.14489311164,
              45938.242280285034
            ],
            [
              23165.083135391924,
              45932.30403800475
            ],
            [
              23165.083135391924,
              45884.79809976247
            ],
            [
              23159.14489311164,
              45878.85985748219
            ],
            [
              23159.14489311164,
              45872.9216152019
            ],
            [
              23153.206650831355,
              45866.98337292162
            ],
            [
              23153.206650831355,
              45861.04513064133
            ],
            [
              23141.330166270785,
              45849.16864608076
            ],
            [
              23135.3919239905,
              45849.16864608076
            ],
            [
              23117.577197149643,
              45831.353919239904
            ],
            [
              23111.63895486936,
              45831.353919239904
            ],
            [
              23105.700712589074,
              45825.41567695962
            ],
            [
              23099.76247030879,
              45825.41567695962
            ],
            [
              23093.824228028505,
              45819.477434679335
            ],
            [
              23087.88598574822,
              45819.477434679335
            ],
            [
              23081.947743467936,
              45813.539192399054
            ],
            [
              23076.00950118765,
              45813.539192399054
            ],
            [
              23070.071258907363,
              45807.600950118765
            ],
            [
              23058.194774346794,
              45807.600950118765
            ],
            [
              23052.25653206651,
              45801.662707838484
            ],
            [
              22998.812351543944,
              45801.662707838484
            ]
          ]
        ]
      }
    },
    {
      "type": "Feature",
      "properties": {
        "class_id": 3,
        "classification": "Darkspot & Foreign Object",
        "area": 21668.94228761968
      },
      "geometry": {
        "type": "Polygon",
        "coordinates": [
          [
            [
              41442.992874109266,
              45130.641330166276
            ],
            [
              41437.05463182898,
              45136.57957244656
            ],
            [
              41425.17814726841,
              45136.57957244656
            ],
            [
              41419.23990498813,
              45142.517814726845
            ],
            [
              41413.30166270784,
              45142.517814726845
            ],
            [
              41407.36342042756,
              45148.456057007126
            ],
            [
              41401.42517814727,
              45148.456057007126
            ],
            [
              41389.5486935867,
              45160.332541567695
            ],
            [
              41383.61045130641,
              45160.332541567695
            ],
            [
              41371.733966745844,
              45172.209026128265
            ],
            [
              41371.733966745844,
              45178.14726840855
            ],
            [
              41365.79572446556,
              45184.08551068884
            ],
            [
              41365.79572446556,
              45190.02375296912
            ],
            [
              41359.857482185274,
              45195.96199524941
            ],
            [
              41359.857482185274,
              45207.83847980998
            ],
            [
              41353.919239904986,
              45213.77672209026
            ],
            [
              41353.919239904986,
              45225.65320665083
            ],
            [
              41347.980997624705,
              45231.59144893112
            ],
            [
              41347.980997624705,
              45255.34441805226
            ],
            [
              41353.919239904986,
              45261.282660332545
            ],
            [
              41353.919239904986,
              45273.159144893114
            ],
            [
              41359.857482185274,
              45279.097387173395
            ],
            [
              41359.857482185274,
              45285.03562945368
            ],
            [
              41365.79572446556,
              45290.97387173397
            ],
            [
              41365.79572446556,
              45296.91211401425
            ],
            [
              41371.733966745844,
              45302.85035629454
            ],
            [
              41377.67220902613,
              45302.85035629454
            ],
            [
              41383.61045130641,
              45308.78859857482
            ],
            [
              41389.5486935867,
              45308.78859857482
            ],
            [
              41395.48693586698,
              45314.72684085511
            ],
            [
              41425.17814726841,
              45314.72684085511
            ],
            [
              41431.1163895487,
              45308.78859857482
            ],
            [
              41437.05463182898,
              45308.78859857482
            ],
            [
              41454.869358669835,
              45290.97387173397
            ],
            [
              41460.807600950124,
              45290.97387173397
            ],
            [
              41478.622327790974,
              45273.159144893114
            ],
            [
              41478.622327790974,
              45267.220902612826
            ],
            [
              41496.43705463183,
              45249.406175771976
            ],
            [
              41496.43705463183,
              45243.46793349169
            ],
            [
              41502.37529691211,
              45237.529691211406
            ],
            [
              41502.37529691211,
              45231.59144893112
            ],
            [
              41508.3135391924,
              45225.65320665083
            ],
            [
              41508.3135391924,
              45178.14726840855
            ],
            [
              41502.37529691211,
              45172.209026128265
            ],
            [
              41502.37529691211,
              45160.332541567695
            ],
            [
              41484.56057007126,
              45142.517814726845
            ],
            [
              41478.622327790974,
              45142.517814726845
            ],
            [
              41472.68408551069,
              45136.57957244656
            ],
            [
              41460.807600950124,
              45136.57957244656
            ],
            [
              41454.869358669835,
              45130.641330166276
            ],
            [
              41442.992874109266,
              45130.641330166276
            ]
          ]
        ]
      }
    },
    {
      "type": "Feature",
      "properties": {
        "class_id": 3,
        "classification": "Darkspot & Foreign Object",
        "area": 16873.212180026065
      },
      "geometry": {
        "type": "Polygon",
        "coordinates": [
          [
            [
              33105.700712589074,
              45083.13539192399
            ],
            [
              33099.76247030879,
              45089.07363420428
            ],
            [
              33087.88598574822,
              45089.07363420428
            ],
            [
              33081.947743467936,
              45095.01187648456
            ],
            [
              33076.00950118765,
              45095.01187648456
            ],
            [
              33052.25653206651,
              45118.7648456057
            ],
            [
              33052.25653206651,
              45130.641330166276
            ],
            [
              33046.31828978623,
              45136.57957244656
            ],
            [
              33046.31828978623,
              45160.332541567695
            ],
            [
              33052.25653206651,
              45166.270783847984
            ],
            [
              33052.25653206651,
              45172.209026128265
            ],
            [
              33058.1947743468,
              45178.14726840855
            ],
            [
              33058.1947743468,
              45184.08551068884
            ],
            [
              33081.947743467936,
              45207.83847980998
            ],
            [
              33087.88598574822,
              45207.83847980998
            ],
            [
              33093.824228028505,
              45213.77672209026
            ],
            [
              33099.76247030879,
              45213.77672209026
            ],
            [
              33105.700712589074,
              45219.71496437055
            ],
            [
              33117.57719714964,
              45219.71496437055
            ],
            [
              33123.51543942993,
              45225.65320665083
            ],
            [
              33147.26840855107,
              45225.65320665083
            ],
            [
              33153.20665083136,
              45219.71496437055
            ],
            [
              33165.08313539193,
              45219.71496437055
            ],
            [
              33171.02137767221,
              45213.77672209026
            ],
            [
              33176.9596199525,
              45213.77672209026
            ],
            [
              33176.9596199525,
              45207.83847980998
            ],
            [
              33188.836104513066,
              45195.96199524941
            ],
            [
              33188.836104513066,
              45190.02375296912
            ],
            [
              33194.77434679335,
              45184.08551068884
            ],
            [
              33194.77434679335,
              45172.209026128265
            ],
            [
              33200.712589073635,
              45166.270783847984
            ],
            [
              33200.712589073635,
              45136.57957244656
            ],
            [
              33194.77434679335,
              45130.641330166276
            ],
            [
              33194.77434679335,
              45118.7648456057
            ],
            [
              33176.9596199525,
              45100.95011876485
            ],
            [
              33171.02137767221,
              45100.95011876485
            ],
            [
              33165.08313539193,
              45095.01187648456
            ],
            [
              33159.14489311164,
              45095.01187648456
            ],
            [
              33153.20665083136,
              45089.07363420428
            ],
            [
              33135.3919239905,
              45089.07363420428
            ],
            [
              33129.45368171021,
              45083.13539192399
            ],
            [
              33105.700712589074,
              45083.13539192399
            ]
          ]
        ]
      }
    },
    {
      "type": "Feature",
      "properties": {
        "class_id": 3,
        "classification": "Darkspot & Foreign Object",
        "area": 37431.378744195754
      },
      "geometry": {
        "type": "Polygon",
        "coordinates": [
          [
            [
              40896.674584323046,
              44887.17339667459
            ],
            [
              40890.73634204276,
              44893.11163895487
            ],
            [
              40878.85985748219,
              44893.11163895487
            ],
            [
              40872.9216152019,
              44899.04988123516
            ],
            [
              40866.98337292162,
              44899.04988123516
            ],
            [
              40843.23040380047,
              44922.8028503563
            ],
            [
              40843.23040380047,
              44928.741092636585
            ],
            [
              40837.29216152019,
              44934.679334916866
            ],
            [
              40837.29216152019,
              44940.617577197154
            ],
            [
              40831.353919239904,
              44946.555819477435
            ],
            [
              40831.353919239904,
              44952.49406175772
            ],
            [
              40825.41567695962,
              44958.432304038004
            ],
            [
              40825.41567695962,
              45017.81472684086
            ],
            [
              40831.353919239904,
              45023.75296912114
            ],
            [
              40831.353919239904,
              45029.69121140143
            ],
            [
              40843.23040380047,
              45041.567695961996
            ],
            [
              40843.23040380047,
              45047.505938242284
            ],
            [
              40866.98337292162,
              45071.25890736342
            ],
            [
              40872.9216152019,
              45071.25890736342
            ],
            [
              40884.79809976247,
              45083.13539192399
            ],
            [
              40902.61282660333,
              45083.13539192399
            ],
            [
              40908.551068883615,
              45089.07363420428
            ],
            [
              40985.74821852732,
              45089.07363420428
            ],
            [
              40991.6864608076,
              45083.13539192399
            ],
            [
              40997.62470308789,
              45083.13539192399
            ],
            [
              41027.315914489314,
              45053.444180522565
            ],
            [
              41027.315914489314,
              45047.505938242284
            ],
            [
              41033.254156769595,
              45041.567695961996
            ],
            [
              41033.254156769595,
              45035.629453681715
            ],
            [
              41039.19239904988,
              45029.69121140143
            ],
            [
              41039.19239904988,
              45023.75296912114
            ],
            [
              41045.130641330165,
              45017.81472684086
            ],
            [
              41045.130641330165,
              45011.87648456057
            ],
            [
              41051.06888361045,
              45005.93824228029
            ],
            [
              41051.06888361045,
              44970.30878859857
            ],
            [
              41045.130641330165,
              44964.37054631829
            ],
            [
              41045.130641330165,
              44952.49406175772
            ],
            [
              41039.19239904988,
              44946.555819477435
            ],
            [
              41039.19239904988,
              44940.617577197154
            ],
            [
              41027.315914489314,
              44928.741092636585
            ],
            [
              41027.315914489314,
              44922.8028503563
            ],
            [
              40997.62470308789,
              44893.11163895487
            ],
            [
              40991.6864608076,
              44893.11163895487
            ],
            [
              40985.74821852732,
              44887.17339667459
            ],
            [
              40896.674584323046,
              44887.17339667459
            ]
          ]
        ]
      }
    },
    {
      "type": "Feature",
      "properties": {
        "class_id": 3,
        "classification": "Darkspot & Foreign Object",
        "area": 41945.007080754454
      },
      "geometry": {
        "type": "Polygon",
        "coordinates": [
          [
            [
              61912.11401425178,
              37440.617577197154
            ],
            [
              61906.1757719715,
              37446.555819477435
            ],
            [
              61882.42280285036,
              37446.555819477435
            ],
            [
              61876.484560570076,
              37452.49406175772
            ],
            [
              61864.60807600951,
              37452.49406175772
            ],
            [
              61858.66983372922,
              37458.432304038004
            ],
            [
              61852.73159144893,
              37458.432304038004
            ],
            [
              61840.85510688836,
              37470.30878859857
            ],
            [
              61834.91686460808,
              37470.30878859857
            ],
            [
              61828.97862232779,
              37476.24703087886
            ],
            [
              61828.97862232779,
              37482.18527315915
            ],
            [
              61817.10213776722,
              37494.06175771972
            ],
            [
              61817.10213776722,
              37500.0
            ],
            [
              61811.16389548694,
              37505.93824228029
            ],
            [
              61811.16389548694,
              37511.87648456057
            ],
            [
              61805.22565320665,
              37517.81472684086
            ],
            [
              61805.22565320665,
              37523.75296912114
            ],
            [
              61799.287410926365,
              37529.69121140143
            ],
            [
              61799.287410926365,
              37553.444180522565
            ],
            [
              61793.349168646084,
              37559.38242280285
            ],
            [
              61793.349168646084,
              37589.07363420428
            ],
            [
              61799.287410926365,
              37595.01187648456
            ],
            [
              61799.287410926365,
              37606.88836104513
            ],
            [
              61805.22565320665,
              37612.82660332542
            ],
            [
              61805.22565320665,
              37618.7648456057
            ],
            [
              61811.16389548694,
              37624.70308788599
            ],
            [
              61811.16389548694,
              37630.64133016627
            ],
            [
              61823.04038004751,
              37642.517814726845
            ],
            [
              61823.04038004751,
              37648.456057007126
            ],
            [
              61828.97862232779,
              37654.394299287414
            ],
            [
              61834.91686460808,
              37654.394299287414
            ],
            [
              61846.79334916865,
              37666.270783847984
            ],
            [
              61852.73159144893,
              37666.270783847984
            ],
            [
              61858.66983372922,
              37672.209026128265
            ],
            [
              61870.54631828979,
              37672.209026128265
            ],
            [
              61876.484560570076,
              37678.14726840855
            ],
            [
              61935.86698337292,
              37678.14726840855
            ],
            [
              61941.80522565321,
              37672.209026128265
            ],
            [
              61953.68171021378,
              37672.209026128265
            ],
            [
              61959.61995249407,
              37666.270783847984
            ],
            [
              61965.55819477435,
              37666.270783847984
            ],
            [
              61971.49643705464,
              37660.332541567695
            ],
            [
              61977.43467933492,
              37660.332541567695
            ],
            [
              61995.249406175775,
              37642.517814726845
            ],
            [
              61995.249406175775,
              37636.57957244656
            ],
            [
              62001.187648456056,
              37630.64133016627
            ],
            [
              62001.187648456056,
              37624.70308788599
            ],
            [
              62007.125890736344,
              37618.7648456057
            ],
            [
              62007.125890736344,
              37606.88836104513
            ],
            [
              62013.06413301663,
              37600.95011876485
            ],
            [
              62013.06413301663,
              37583.13539192399
            ],
            [
              62019.002375296914,
              37577.1971496437
            ],
            [
              62019.002375296914,
              37529.69121140143
            ],
            [
              62013.06413301663,
              37523.75296912114
            ],
            [
              62013.06413301663,
              37511.87648456057
            ],
            [
              62007.125890736344,
              37505.93824228029
            ],
            [
              62007.125890736344,
              37500.0
            ],
            [
              62001.187648456056,
              37494.06175771972
            ],
            [
              62001.187648456056,
              37488.12351543943
            ],
            [
              61989.31116389549,
              37476.24703087886
            ],
            [
              61983.372921615206,
              37476.24703087886
            ],
            [
              61965.55819477435,
              37458.432304038004
            ],
            [
              61959.61995249407,
              37458.432304038004
            ],
            [
              61953.68171021378,
              37452.49406175772
            ],
            [
              61947.74346793349,
              37452.49406175772
            ],
            [
              61941.80522565321,
              37446.555819477435
            ],
            [
              61918.05225653207,
              37446.555819477435
            ],
            [
              61912.11401425178,
              37440.617577197154
            ]
          ]
        ]
      }
    },
    {
      "type": "Feature",
      "properties": {
        "class_id": 3,
        "classification": "Darkspot & Foreign Object",
        "area": 15974.012784852262
      },
      "geometry": {
        "type": "Polygon",
        "coordinates": [
          [
            [
              84762.4703087886,
              36484.56057007126
            ],
            [
              84762.4703087886,
              36508.3135391924
            ],
            [
              84774.34679334918,
              36520.19002375297
            ],
            [
              84774.34679334918,
              36526.12826603326
            ],
            [
              84804.0380047506,
              36555.81947743468
            ],
            [
              84809.97624703088,
              36555.81947743468
            ],
            [
              84815.91448931117,
              36561.757719714966
            ],
            [
              84821.85273159145,
              36561.757719714966
            ],
            [
              84827.79097387174,
              36567.695961995254
            ],
            [
              84839.6674584323,
              36567.695961995254
            ],
            [
              84845.6057007126,
              36573.634204275535
            ],
            [
              84869.35866983373,
              36573.634204275535
            ],
            [
              84875.29691211402,
              36567.695961995254
            ],
            [
              84899.04988123516,
              36567.695961995254
            ],
            [
              84904.98812351545,
              36561.757719714966
            ],
            [
              84916.86460807601,
              36561.757719714966
            ],
            [
              84922.8028503563,
              36555.81947743468
            ],
            [
              84928.74109263658,
              36555.81947743468
            ],
            [
              84934.67933491687,
              36549.8812351544
            ],
            [
              84940.61757719715,
              36549.8812351544
            ],
            [
              84946.55581947743,
              36543.94299287411
            ],
            [
              84958.43230403801,
              36543.94299287411
            ],
            [
              84964.3705463183,
              36538.00475059383
            ],
            [
              84970.30878859857,
              36538.00475059383
            ],
            [
              84976.24703087886,
              36532.06650831354
            ],
            [
              84982.18527315915,
              36532.06650831354
            ],
            [
              85000.0,
              36514.25178147269
            ],
            [
              85000.0,
              36484.56057007126
            ],
            [
              84762.4703087886,
              36484.56057007126
            ]
          ]
        ]
      }
    },
    {
      "type": "Feature",
      "properties": {
        "class_id": 3,
        "classification": "Darkspot & Foreign Object",
        "area": 14175.613994504658
      },
      "geometry": {
        "type": "Polygon",
        "coordinates": [
          [
            [
              85190.02375296912,
              36098.57482185273
            ],
            [
              85184.08551068883,
              36104.51306413302
            ],
            [
              85184.08551068883,
              36146.080760095014
            ],
            [
              85190.02375296912,
              36152.019002375295
            ],
            [
              85190.02375296912,
              36181.71021377672
            ],
            [
              85184.08551068883,
              36187.64845605701
            ],
            [
              85184.08551068883,
              36217.33966745844
            ],
            [
              85190.02375296912,
              36223.27790973872
            ],
            [
              85190.02375296912,
              36229.216152019006
            ],
            [
              85213.77672209026,
              36252.969121140144
            ],
            [
              85225.65320665084,
              36252.969121140144
            ],
            [
              85231.59144893113,
              36258.90736342043
            ],
            [
              85267.22090261283,
              36258.90736342043
            ],
            [
              85279.0973871734,
              36247.030878859856
            ],
            [
              85285.03562945369,
              36247.030878859856
            ],
            [
              85296.91211401425,
              36235.15439429929
            ],
            [
              85296.91211401425,
              36229.216152019006
            ],
            [
              85302.85035629454,
              36223.27790973872
            ],
            [
              85302.85035629454,
              36217.33966745844
            ],
            [
              85308.78859857483,
              36211.40142517815
            ],
            [
              85308.78859857483,
              36175.77197149644
            ],
            [
              85290.97387173396,
              36157.95724465558
            ],
            [
              85273.15914489311,
              36157.95724465558
            ],
            [
              85267.22090261283,
              36152.019002375295
            ],
            [
              85261.28266033255,
              36152.019002375295
            ],
            [
              85249.40617577198,
              36140.142517814726
            ],
            [
              85249.40617577198,
              36134.204275534445
            ],
            [
              85243.46793349169,
              36128.266033254156
            ],
            [
              85243.46793349169,
              36122.327790973875
            ],
            [
              85231.59144893113,
              36110.451306413306
            ],
            [
              85225.65320665084,
              36110.451306413306
            ],
            [
              85213.77672209026,
              36098.57482185273
            ],
            [
              85190.02375296912,
              36098.57482185273
            ]
          ]
        ]
      }
    },
    {
      "type": "Feature",
      "properties": {
        "class_id": 3,
        "classification": "Darkspot & Foreign Object",
        "area": 88.15680344841205
      },
      "geometry": {
        "type": "Polygon",
        "coordinates": [
          [
            [
              85142.51781472685,
              36074.82185273159
            ],
            [
              85142.51781472685,
              36086.69833729216
            ],
            [
              85148.45605700713,
              36092.63657957245
            ],
            [
              85148.45605700713,
              36074.82185273159
            ],
            [
              85142.51781472685,
              36074.82185273159
            ]
          ]
        ]
      }
    },
    {
      "type": "Feature",
      "properties": {
        "class_id": 3,
        "classification": "Darkspot & Foreign Object",
        "area": 2768.1236282801383
      },
      "geometry": {
        "type": "Polygon",
        "coordinates": [
          [
            [
              85154.3942992874,
              35991.6864608076
            ],
            [
              85142.51781472685,
              36003.562945368176
            ],
            [
              85136.57957244656,
              36003.562945368176
            ],
            [
              85130.64133016627,
              36009.50118764846
            ],
            [
              85130.64133016627,
              36057.00712589074
            ],
            [
              85136.57957244656,
              36057.00712589074
            ],
            [
              85142.51781472685,
              36062.94536817102
            ],
            [
              85142.51781472685,
              36057.00712589074
            ],
            [
              85160.3325415677,
              36039.19239904988
            ],
            [
              85166.27078384798,
              36039.19239904988
            ],
            [
              85172.20902612827,
              36033.254156769595
            ],
            [
              85184.08551068883,
              36033.254156769595
            ],
            [
              85190.02375296912,
              36027.315914489314
            ],
            [
              85190.02375296912,
              36003.562945368176
            ],
            [
              85178.14726840856,
              35991.6864608076
            ],
            [
              85154.3942992874,
              35991.6864608076
            ]
          ]
        ]
      }
    },
    {
      "type": "Feature",
      "properties": {
        "class_id": 3,
        "classification": "Darkspot & Foreign Object",
        "area": 23996.28189865776
      },
      "geometry": {
        "type": "Polygon",
        "coordinates": [
          [
            [
              85605.70071258908,
              35807.600950118765
            ],
            [
              85599.7624703088,
              35813.539192399054
            ],
            [
              85587.88598574822,
              35813.539192399054
            ],
            [
              85576.00950118765,
              35825.41567695962
            ],
            [
              85570.07125890737,
              35825.41567695962
            ],
            [
              85558.19477434679,
              35837.29216152019
            ],
            [
              85552.25653206652,
              35837.29216152019
            ],
            [
              85546.31828978623,
              35843.23040380047
            ],
            [
              85540.38004750594,
              35843.23040380047
            ],
            [
              85534.44180522565,
              35849.16864608076
            ],
            [
              85504.75059382422,
              35849.16864608076
            ],
            [
              85486.93586698337,
              35866.98337292162
            ],
            [
              85486.93586698337,
              35878.85985748219
            ],
            [
              85480.99762470309,
              35884.79809976247
            ],
            [
              85480.99762470309,
              35914.489311163896
            ],
            [
              85486.93586698337,
              35920.427553444184
            ],
            [
              85486.93586698337,
              35932.30403800475
            ],
            [
              85492.87410926366,
              35938.242280285034
            ],
            [
              85492.87410926366,
              35944.18052256532
            ],
            [
              85498.81235154395,
              35950.11876484561
            ],
            [
              85504.75059382422,
              35950.11876484561
            ],
            [
              85510.68883610451,
              35956.05700712589
            ],
            [
              85522.56532066509,
              35956.05700712589
            ],
            [
              85534.44180522565,
              35967.93349168646
            ],
            [
              85540.38004750594,
              35967.93349168646
            ],
            [
              85546.31828978623,
              35973.87173396675
            ],
            [
              85552.25653206652,
              35973.87173396675
            ],
            [
              85564.13301662708,
              35985.74821852732
            ],
            [
              85576.00950118765,
              35985.74821852732
            ],
            [
              85581.94774346794,
              35991.6864608076
            ],
            [
              85611.63895486936,
              35991.6864608076
            ],
            [
              85617.57719714964,
              35985.74821852732
            ],
            [
              85623.51543942993,
              35985.74821852732
            ],
            [
              85635.39192399051,
              35973.87173396675
            ],
            [
              85635.39192399051,
              35967.93349168646
            ],
            [
              85641.33016627078,
              35961.99524940618
            ],
            [
              85641.33016627078,
              35956.05700712589
            ],
            [
              85647.26840855107,
              35950.11876484561
            ],
            [
              85647.26840855107,
              35938.242280285034
            ],
            [
              85653.20665083136,
              35932.30403800475
            ],
            [
              85653.20665083136,
              35926.365795724465
            ],
            [
              85659.14489311165,
              35920.427553444184
            ],
            [
              85659.14489311165,
              35849.16864608076
            ],
            [
              85653.20665083136,
              35843.23040380047
            ],
            [
              85653.20665083136,
              35831.353919239904
            ],
            [
              85635.39192399051,
              35813.539192399054
            ],
            [
              85623.51543942993,
              35813.539192399054
            ],
            [
              85617.57719714964,
              35807.600950118765
            ],
            [
              85605.70071258908,
              35807.600950118765
            ]
          ]
        ]
      }
    },
    {
      "type": "Feature",
      "properties": {
        "class_id": 3,
        "classification": "Darkspot & Foreign Object",
        "area": 3702.585744833306
      },
      "geometry": {
        "type": "Polygon",
        "coordinates": [
          [
            [
              85777.90973871734,
              35742.28028503563
            ],
            [
              85760.09501187649,
              35760.09501187649
            ],
            [
              85760.09501187649,
              35766.03325415677
            ],
            [
              85754.1567695962,
              35771.97149643706
            ],
            [
              85754.1567695962,
              35807.600950118765
            ],
            [
              85766.03325415678,
              35819.477434679335
            ],
            [
              85777.90973871734,
              35819.477434679335
            ],
            [
              85783.84798099763,
              35813.539192399054
            ],
            [
              85795.7244655582,
              35813.539192399054
            ],
            [
              85807.60095011877,
              35801.662707838484
            ],
            [
              85807.60095011877,
              35795.724465558196
            ],
            [
              85813.53919239905,
              35789.78622327791
            ],
            [
              85813.53919239905,
              35760.09501187649
            ],
            [
              85807.60095011877,
              35754.1567695962
            ],
            [
              85807.60095011877,
              35748.21852731592
            ],
            [
              85801.66270783848,
              35742.28028503563
            ],
            [
              85777.90973871734,
              35742.28028503563
            ]
          ]
        ]
      }
    },
    {
      "type": "Feature",
      "properties": {
        "class_id": 3,
        "classification": "Darkspot & Foreign Object",
        "area": 1110.7757234499918
      },
      "geometry": {
        "type": "Polygon",
        "coordinates": [
          [
            [
              85290.97387173396,
              35421.61520190024
            ],
            [
              85273.15914489311,
              35439.4299287411
            ],
            [
              85273.15914489311,
              35445.36817102138
            ],
            [
              85267.22090261283,
              35451.30641330167
            ],
            [
              85267.22090261283,
              35457.24465558195
            ],
            [
              85261.28266033255,
              35463.182897862236
            ],
            [
              85261.28266033255,
              35469.12114014252
            ],
            [
              85267.22090261283,
              35469.12114014252
            ],
            [
              85279.0973871734,
              35457.24465558195
            ],
            [
              85285.03562945369,
              35457.24465558195
            ],
            [
              85302.85035629454,
              35439.4299287411
            ],
            [
              85308.78859857483,
              35439.4299287411
            ],
            [
              85314.72684085512,
              35433.49168646081
            ],
            [
              85314.72684085512,
              35421.61520190024
            ],
            [
              85290.97387173396,
              35421.61520190024
            ]
          ]
        ]
      }
    },
    {
      "type": "Feature",
      "properties": {
        "class_id": 3,
        "classification": "Darkspot & Foreign Object",
        "area": 405.5212958626954
      },
      "geometry": {
        "type": "Polygon",
        "coordinates": [
          [
            [
              86128.26603325416,
              34863.42042755344
            ],
            [
              86122.32779097387,
              34869.35866983373
            ],
            [
              86134.20427553444,
              34881.2351543943
            ],
            [
              86146.08076009502,
              34881.2351543943
            ],
            [
              86152.0190023753,
              34875.29691211401
            ],
            [
              86152.0190023753,
              34869.35866983373
            ],
            [
              86146.08076009502,
              34863.42042755344
            ],
            [
              86128.26603325416,
              34863.42042755344
            ]
          ]
        ]
      }
    },
    {
      "type": "Feature",
      "properties": {
        "class_id": 3,
        "classification": "Darkspot & Foreign Object",
        "area": 76625.89355735976
      },
      "geometry": {
        "type": "Polygon",
        "coordinates": [
          [
            [
              85225.65320665084,
              34697.14964370547
            ],
            [
              85219.71496437055,
              34703.08788598575
            ],
            [
              85219.71496437055,
              34714.96437054632
            ],
            [
              85213.77672209026,
              34720.902612826605
            ],
            [
              85213.77672209026,
              34762.4703087886
            ],
            [
              85195.96199524941,
              34780.28503562946
            ],
            [
              85166.27078384798,
              34780.28503562946
            ],
            [
              85160.3325415677,
              34774.34679334917
            ],
            [
              85142.51781472685,
              34774.34679334917
            ],
            [
              85136.57957244656,
              34768.40855106888
            ],
            [
              85130.64133016627,
              34768.40855106888
            ],
            [
              85130.64133016627,
              34804.0380047506
            ],
            [
              85148.45605700713,
              34821.85273159145
            ],
            [
              85148.45605700713,
              34827.790973871735
            ],
            [
              85166.27078384798,
              34845.60570071259
            ],
            [
              85172.20902612827,
              34845.60570071259
            ],
            [
              85178.14726840856,
              34851.543942992874
            ],
            [
              85201.9002375297,
              34851.543942992874
            ],
            [
              85207.83847980999,
              34857.48218527316
            ],
            [
              85213.77672209026,
              34857.48218527316
            ],
            [
              85225.65320665084,
              34869.35866983373
            ],
            [
              85231.59144893113,
              34869.35866983373
            ],
            [
              85237.5296912114,
              34875.29691211401
            ],
            [
              85249.40617577198,
              34875.29691211401
            ],
            [
              85267.22090261283,
              34893.11163895487
            ],
            [
              85267.22090261283,
              34952.49406175772
            ],
            [
              85273.15914489311,
              34952.49406175772
            ],
            [
              85285.03562945369,
              34964.37054631829
            ],
            [
              85285.03562945369,
              34970.30878859857
            ],
            [
              85290.97387173396,
              34976.24703087886
            ],
            [
              85290.97387173396,
              35005.93824228029
            ],
            [
              85296.91211401425,
              35011.87648456057
            ],
            [
              85296.91211401425,
              35023.75296912114
            ],
            [
              85302.85035629454,
              35029.69121140143
            ],
            [
              85302.85035629454,
              35047.505938242284
            ],
            [
              85308.78859857483,
              35053.444180522565
            ],
            [
              85308.78859857483,
              35065.320665083134
            ],
            [
              85314.72684085512,
              35071.25890736342
            ],
            [
              85320.66508313539,
              35071.25890736342
            ],
            [
              85344.41805225653,
              35095.01187648456
            ],
            [
              85344.41805225653,
              35106.88836104513
            ],
            [
              85350.35629453682,
              35112.82660332542
            ],
            [
              85350.35629453682,
              35142.517814726845
            ],
            [
              85374.10926365796,
              35166.270783847984
            ],
            [
              85380.04750593824,
              35166.270783847984
            ],
            [
              85409.73871733967,
              35195.96199524941
            ],
            [
              85409.73871733967,
              35201.90023752969
            ],
            [
              85415.67695961996,
              35207.83847980998
            ],
            [
              85415.67695961996,
              35213.77672209026
            ],
            [
              85421.61520190025,
              35219.71496437055
            ],
            [
              85421.61520190025,
              35231.59144893112
            ],
            [
              85427.55344418052,
              35237.529691211406
            ],
            [
              85427.55344418052,
              35243.46793349169
            ],
            [
              85433.49168646081,
              35249.406175771976
            ],
            [
              85433.49168646081,
              35273.159144893114
            ],
            [
              85439.4299287411,
              35279.097387173395
            ],
            [
              85439.4299287411,
              35332.54156769596
            ],
            [
              85445.36817102139,
              35338.47980997625
            ],
            [
              85445.36817102139,
              35380.047505938244
            ],
            [
              85451.30641330166,
              35385.985748218525
            ],
            [
              85486.93586698337,
              35385.985748218525
            ],
            [
              85492.87410926366,
              35380.047505938244
            ],
            [
              85504.75059382422,
              35380.047505938244
            ],
            [
              85510.68883610451,
              35374.109263657956
            ],
            [
              85516.6270783848,
              35374.109263657956
            ],
            [
              85552.25653206652,
              35338.47980997625
            ],
            [
              85552.25653206652,
              35332.54156769596
            ],
            [
              85558.19477434679,
              35326.60332541568
            ],
            [
              85558.19477434679,
              35302.85035629454
            ],
            [
              85552.25653206652,
              35296.91211401425
            ],
            [
              85552.25653206652,
              35290.97387173397
            ],
            [
              85546.31828978623,
              35285.03562945368
            ],
            [
              85546.31828978623,
              35279.097387173395
            ],
            [
              85534.44180522565,
              35267.220902612826
            ],
            [
              85528.50356294538,
              35267.220902612826
            ],
            [
              85504.75059382422,
              35243.46793349169
            ],
            [
              85498.81235154395,
              35243.46793349169
            ],
            [
              85486.93586698337,
              35231.59144893112
            ],
            [
              85486.93586698337,
              35225.65320665083
            ],
            [
              85469.12114014252,
              35207.83847980998
            ],
            [
              85469.12114014252,
              35178.14726840855
            ],
            [
              85475.05938242281,
              35172.209026128265
            ],
            [
              85475.05938242281,
              35160.332541567695
            ],
            [
              85480.99762470309,
              35154.394299287414
            ],
            [
              85480.99762470309,
              35148.456057007126
            ],
            [
              85486.93586698337,
              35142.517814726845
            ],
            [
              85486.93586698337,
              35112.82660332542
            ],
            [
              85480.99762470309,
              35106.88836104513
            ],
            [
              85480.99762470309,
              35095.01187648456
            ],
            [
              85475.05938242281,
              35089.07363420428
            ],
            [
              85475.05938242281,
              35083.13539192399
            ],
            [
              85469.12114014252,
              35077.1971496437
            ],
            [
              85469.12114014252,
              35047.505938242284
            ],
            [
              85463.18289786224,
              35041.567695961996
            ],
            [
              85463.18289786224,
              35035.629453681715
            ],
            [
              85445.36817102139,
              35017.81472684086
            ],
            [
              85433.49168646081,
              35017.81472684086
            ],
            [
              85403.80047505938,
              34988.12351543943
            ],
            [
              85403.80047505938,
              34982.18527315915
            ],
            [
              85391.92399049882,
              34970.30878859857
            ],
            [
              85380.04750593824,
              34970.30878859857
            ],
            [
              85374.10926365796,
              34964.37054631829
            ],
            [
              85374.10926365796,
              34952.49406175772
            ],
            [
              85380.04750593824,
              34946.555819477435
            ],
            [
              85380.04750593824,
              34922.8028503563
            ],
            [
              85391.92399049882,
              34910.92636579573
            ],
            [
              85391.92399049882,
              34881.2351543943
            ],
            [
              85368.17102137768,
              34857.48218527316
            ],
            [
              85368.17102137768,
              34851.543942992874
            ],
            [
              85356.2945368171,
              34839.667458432305
            ],
            [
              85350.35629453682,
              34839.667458432305
            ],
            [
              85344.41805225653,
              34833.72921615202
            ],
            [
              85338.47980997626,
              34833.72921615202
            ],
            [
              85332.54156769597,
              34827.790973871735
            ],
            [
              85326.60332541568,
              34827.790973871735
            ],
            [
              85320.66508313539,
              34821.85273159145
            ],
            [
              85320.66508313539,
              34815.914489311166
            ],
            [
              85302.85035629454,
              34798.09976247031
            ],
            [
              85302.85035629454,
              34792.16152019003
            ],
            [
              85290.97387173396,
              34780.28503562946
            ],
            [
              85285.03562945369,
              34780.28503562946
            ],
            [
              85237.5296912114,
              34732.779097387174
            ],
            [
              85237.5296912114,
              34697.14964370547
            ],
            [
              85225.65320665084,
              34697.14964370547
            ]
          ]
        ]
      }
    },
    {
      "type": "Feature",
      "properties": {
        "class_id": 3,
        "classification": "Darkspot & Foreign Object",
        "area": 1040.250280691262
      },
      "geometry": {
        "type": "Polygon",
        "coordinates": [
          [
            [
              85938.24228028503,
              34186.46080760095
            ],
            [
              85932.30403800476,
              34192.399049881235
            ],
            [
              85908.55106888361,
              34192.399049881235
            ],
            [
              85908.55106888361,
              34204.275534441804
            ],
            [
              85914.4893111639,
              34204.275534441804
            ],
            [
              85920.42755344418,
              34210.21377672209
            ],
            [
              85926.36579572447,
              34210.21377672209
            ],
            [
              85932.30403800476,
              34216.15201900238
            ],
            [
              85950.11876484561,
              34216.15201900238
            ],
            [
              85956.0570071259,
              34210.21377672209
            ],
            [
              85956.0570071259,
              34192.399049881235
            ],
            [
              85950.11876484561,
              34186.46080760095
            ],
            [
              85938.24228028503,
              34186.46080760095
            ]
          ]
        ]
      }
    },
    {
      "type": "Feature",
      "properties": {
        "class_id": 3,
        "classification": "Darkspot & Foreign Object",
        "area": 15991.644145541946
      },
      "geometry": {
        "type": "Polygon",
        "coordinates": [
          [
            [
              13390.736342042755,
              33895.48693586698
            ],
            [
              13384.79809976247,
              33901.42517814727
            ],
            [
              13366.983372921615,
              33901.42517814727
            ],
            [
              13361.04513064133,
              33907.36342042755
            ],
            [
              13355.106888361046,
              33907.36342042755
            ],
            [
              13349.168646080761,
              33913.30166270784
            ],
            [
              13343.230403800475,
              33913.30166270784
            ],
            [
              13343.230403800475,
              33919.23990498813
            ],
            [
              13331.353919239906,
              33931.1163895487
            ],
            [
              13331.353919239906,
              33937.05463182898
            ],
            [
              13325.415676959621,
              33942.992874109266
            ],
            [
              13325.415676959621,
              33978.622327790974
            ],
            [
              13331.353919239906,
              33984.56057007126
            ],
            [
              13331.353919239906,
              33990.49881235154
            ],
            [
              13337.29216152019,
              33996.43705463183
            ],
            [
              13337.29216152019,
              34002.37529691211
            ],
            [
              13361.04513064133,
              34026.12826603326
            ],
            [
              13366.983372921615,
              34026.12826603326
            ],
            [
              13372.921615201902,
              34032.06650831354
            ],
            [
              13414.489311163896,
              34032.06650831354
            ],
            [
              13420.42755344418,
              34026.12826603326
            ],
            [
              13426.365795724467,
              34026.12826603326
            ],
            [
              13432.304038004751,
              34020.19002375297
            ],
            [
              13438.242280285036,
              34020.19002375297
            ],
            [
              13456.057007125892,
              34002.37529691211
            ],
            [
              13456.057007125892,
              33996.43705463183
            ],
            [
              13461.995249406176,
              33990.49881235154
            ],
            [
              13461.995249406176,
              33984.56057007126
            ],
            [
              13467.933491686461,
              33978.622327790974
            ],
            [
              13467.933491686461,
              33972.68408551069
            ],
            [
              13473.871733966746,
              33966.745843230405
            ],
            [
              13473.871733966746,
              33937.05463182898
            ],
            [
              13467.933491686461,
              33931.1163895487
            ],
            [
              13467.933491686461,
              33925.17814726841
            ],
            [
              13444.18052256532,
              33901.42517814727
            ],
            [
              13426.365795724467,
              33901.42517814727
            ],
            [
              13420.42755344418,
              33895.48693586698
            ],
            [
              13390.736342042755,
              33895.48693586698
            ]
          ]
        ]
      }
    },
    {
      "type": "Feature",
      "properties": {
        "class_id": 3,
        "classification": "Darkspot & Foreign Object",
        "area": 207715.06028514847
      },
      "geometry": {
        "type": "Polygon",
        "coordinates": [
          [
            [
              85534.44180522565,
              33842.04275534442
            ],
            [
              85528.50356294538,
              33847.980997624705
            ],
            [
              85516.6270783848,
              33847.980997624705
            ],
            [
              85504.75059382422,
              33859.857482185274
            ],
            [
              85498.81235154395,
              33859.857482185274
            ],
            [
              85492.87410926366,
              33865.79572446556
            ],
            [
              85486.93586698337,
              33865.79572446556
            ],
            [
              85480.99762470309,
              33871.733966745844
            ],
            [
              85475.05938242281,
              33871.733966745844
            ],
            [
              85469.12114014252,
              33877.67220902613
            ],
            [
              85457.24465558195,
              33877.67220902613
            ],
            [
              85445.36817102139,
              33889.5486935867
            ],
            [
              85445.36817102139,
              33895.48693586698
            ],
            [
              85439.4299287411,
              33901.42517814727
            ],
            [
              85439.4299287411,
              33913.30166270784
            ],
            [
              85445.36817102139,
              33919.23990498813
            ],
            [
              85445.36817102139,
              33925.17814726841
            ],
            [
              85421.61520190025,
              33948.93111638955
            ],
            [
              85421.61520190025,
              33954.869358669835
            ],
            [
              85415.67695961996,
              33960.807600950124
            ],
            [
              85409.73871733967,
              33960.807600950124
            ],
            [
              85403.80047505938,
              33966.745843230405
            ],
            [
              85397.8622327791,
              33966.745843230405
            ],
            [
              85391.92399049882,
              33972.68408551069
            ],
            [
              85385.98574821853,
              33972.68408551069
            ],
            [
              85380.04750593824,
              33978.622327790974
            ],
            [
              85374.10926365796,
              33978.622327790974
            ],
            [
              85368.17102137768,
              33984.56057007126
            ],
            [
              85362.2327790974,
              33984.56057007126
            ],
            [
              85362.2327790974,
              33990.49881235154
            ],
            [
              85356.2945368171,
              33996.43705463183
            ],
            [
              85356.2945368171,
              34020.19002375297
            ],
            [
              85362.2327790974,
              34026.12826603326
            ],
            [
              85362.2327790974,
              34032.06650831354
            ],
            [
              85368.17102137768,
              34038.00475059383
            ],
            [
              85368.17102137768,
              34043.94299287411
            ],
            [
              85374.10926365796,
              34049.8812351544
            ],
            [
              85374.10926365796,
              34055.81947743468
            ],
            [
              85380.04750593824,
              34061.757719714966
            ],
            [
              85380.04750593824,
              34073.634204275535
            ],
            [
              85362.2327790974,
              34091.44893111639
            ],
            [
              85356.2945368171,
              34091.44893111639
            ],
            [
              85356.2945368171,
              34103.32541567696
            ],
            [
              85374.10926365796,
              34121.14014251782
            ],
            [
              85374.10926365796,
              34133.01662707839
            ],
            [
              85380.04750593824,
              34138.95486935867
            ],
            [
              85380.04750593824,
              34156.76959619953
            ],
            [
              85374.10926365796,
              34162.70783847981
            ],
            [
              85374.10926365796,
              34174.584323040384
            ],
            [
              85380.04750593824,
              34180.522565320665
            ],
            [
              85380.04750593824,
              34204.275534441804
            ],
            [
              85374.10926365796,
              34210.21377672209
            ],
            [
              85374.10926365796,
              34216.15201900238
            ],
            [
              85368.17102137768,
              34222.09026128266
            ],
            [
              85368.17102137768,
              34257.71971496437
            ],
            [
              85356.2945368171,
              34269.596199524945
            ],
            [
              85356.2945368171,
              34275.53444180523
            ],
            [
              85350.35629453682,
              34281.472684085515
            ],
            [
              85350.35629453682,
              34293.349168646084
            ],
            [
              85344.41805225653,
              34299.287410926365
            ],
            [
              85344.41805225653,
              34317.10213776722
            ],
            [
              85350.35629453682,
              34323.04038004751
            ],
            [
              85350.35629453682,
              34328.97862232779
            ],
            [
              85356.2945368171,
              34334.91686460808
            ],
            [
              85356.2945368171,
              34346.79334916865
            ],
            [
              85362.2327790974,
              34352.73159144893
            ],
            [
              85362.2327790974,
              34364.6080760095
            ],
            [
              85356.2945368171,
              34370.54631828979
            ],
            [
              85356.2945368171,
              34376.484560570076
            ],
            [
              85362.2327790974,
              34382.42280285036
            ],
            [
              85362.2327790974,
              34406.175771971495
            ],
            [
              85368.17102137768,
              34412.11401425178
            ],
            [
              85368.17102137768,
              34418.052256532064
            ],
            [
              85374.10926365796,
              34423.99049881235
            ],
            [
              85374.10926365796,
              34429.92874109264
            ],
            [
              85380.04750593824,
              34429.92874109264
            ],
            [
              85391.92399049882,
              34441.80522565321
            ],
            [
              85403.80047505938,
              34441.80522565321
            ],
            [
              85409.73871733967,
              34447.74346793349
            ],
            [
              85439.4299287411,
              34447.74346793349
            ],
            [
              85445.36817102139,
              34453.68171021378
            ],
            [
              85486.93586698337,
              34453.68171021378
            ],
            [
              85492.87410926366,
              34459.61995249406
            ],
            [
              85498.81235154395,
              34459.61995249406
            ],
            [
              85528.50356294538,
              34489.31116389549
            ],
            [
              85528.50356294538,
              34495.249406175775
            ],
            [
              85534.44180522565,
              34501.187648456056
            ],
            [
              85534.44180522565,
              34519.002375296914
            ],
            [
              85528.50356294538,
              34524.9406175772
            ],
            [
              85528.50356294538,
              34536.81710213777
            ],
            [
              85534.44180522565,
              34542.75534441805
            ],
            [
              85534.44180522565,
              34548.69358669834
            ],
            [
              85540.38004750594,
              34554.63182897862
            ],
            [
              85540.38004750594,
              34560.57007125891
            ],
            [
              85552.25653206652,
              34572.44655581948
            ],
            [
              85552.25653206652,
              34578.38479809977
            ],
            [
              85558.19477434679,
              34584.32304038005
            ],
            [
              85570.07125890737,
              34584.32304038005
            ],
            [
              85587.88598574822,
              34566.50831353919
            ],
            [
              85587.88598574822,
              34560.57007125891
            ],
            [
              85593.8242280285,
              34554.63182897862
            ],
            [
              85593.8242280285,
              34530.87885985748
            ],
            [
              85576.00950118765,
              34513.064133016625
            ],
            [
              85576.00950118765,
              34507.125890736344
            ],
            [
              85564.13301662708,
              34495.249406175775
            ],
            [
              85564.13301662708,
              34483.372921615206
            ],
            [
              85558.19477434679,
              34477.43467933492
            ],
            [
              85558.19477434679,
              34453.68171021378
            ],
            [
              85552.25653206652,
              34447.74346793349
            ],
            [
              85552.25653206652,
              34441.80522565321
            ],
            [
              85540.38004750594,
              34429.92874109264
            ],
            [
              85540.38004750594,
              34412.11401425178
            ],
            [
              85558.19477434679,
              34394.299287410926
            ],
            [
              85558.19477434679,
              34388.361045130645
            ],
            [
              85587.88598574822,
              34358.66983372922
            ],
            [
              85587.88598574822,
              34352.73159144893
            ],
            [
              85617.57719714964,
              34323.04038004751
            ],
            [
              85617.57719714964,
              34317.10213776722
            ],
            [
              85623.51543942993,
              34311.163895486934
            ],
            [
              85623.51543942993,
              34305.22565320665
            ],
            [
              85629.45368171022,
              34299.287410926365
            ],
            [
              85629.45368171022,
              34293.349168646084
            ],
            [
              85635.39192399051,
              34287.410926365796
            ],
            [
              85635.39192399051,
              34281.472684085515
            ],
            [
              85641.33016627078,
              34275.53444180523
            ],
            [
              85641.33016627078,
              34269.596199524945
            ],
            [
              85653.20665083136,
              34257.71971496437
            ],
            [
              85659.14489311165,
              34257.71971496437
            ],
            [
              85671.02137767221,
              34245.8432304038
            ],
            [
              85682.89786223278,
              34245.8432304038
            ],
            [
              85688.83610451307,
              34239.90498812352
            ],
            [
              85706.65083135392,
              34239.90498812352
            ],
            [
              85730.40380047506,
              34216.15201900238
            ],
            [
              85730.40380047506,
              34210.21377672209
            ],
            [
              85736.34204275535,
              34204.275534441804
            ],
            [
              85736.34204275535,
              34198.33729216152
            ],
            [
              85730.40380047506,
              34192.399049881235
            ],
            [
              85730.40380047506,
              34186.46080760095
            ],
            [
              85748.21852731591,
              34168.646080760096
            ],
            [
              85754.1567695962,
              34168.646080760096
            ],
            [
              85760.09501187649,
              34162.70783847981
            ],
            [
              85766.03325415678,
              34162.70783847981
            ],
            [
              85777.90973871734,
              34150.83135391924
            ],
            [
              85783.84798099763,
              34150.83135391924
            ],
            [
              85789.78622327792,
              34144.89311163896
            ],
            [
              85866.98337292162,
              34144.89311163896
            ],
            [
              85872.9216152019,
              34138.95486935867
            ],
            [
              85872.9216152019,
              34133.01662707839
            ],
            [
              85878.8598574822,
              34127.0783847981
            ],
            [
              85878.8598574822,
              34103.32541567696
            ],
            [
              85861.04513064133,
              34085.510688836104
            ],
            [
              85861.04513064133,
              34061.757719714966
            ],
            [
              85855.10688836104,
              34055.81947743468
            ],
            [
              85855.10688836104,
              34049.8812351544
            ],
            [
              85843.23040380048,
              34038.00475059383
            ],
            [
              85837.29216152019,
              34038.00475059383
            ],
            [
              85825.41567695963,
              34026.12826603326
            ],
            [
              85819.47743467934,
              34026.12826603326
            ],
            [
              85807.60095011877,
              34014.25178147269
            ],
            [
              85795.7244655582,
              34014.25178147269
            ],
            [
              85789.78622327792,
              34020.19002375297
            ],
            [
              85783.84798099763,
              34020.19002375297
            ],
            [
              85766.03325415678,
              34002.37529691211
            ],
            [
              85771.97149643707,
              33996.43705463183
            ],
            [
              85771.97149643707,
              33984.56057007126
            ],
            [
              85777.90973871734,
              33978.622327790974
            ],
            [
              85777.90973871734,
              33942.992874109266
            ],
            [
              85771.97149643707,
              33937.05463182898
            ],
            [
              85771.97149643707,
              33931.1163895487
            ],
            [
              85766.03325415678,
              33925.17814726841
            ],
            [
              85766.03325415678,
              33919.23990498813
            ],
            [
              85760.09501187649,
              33913.30166270784
            ],
            [
              85760.09501187649,
              33895.48693586698
            ],
            [
              85754.1567695962,
              33889.5486935867
            ],
            [
              85736.34204275535,
              33889.5486935867
            ],
            [
              85730.40380047506,
              33883.61045130641
            ],
            [
              85718.5273159145,
              33883.61045130641
            ],
            [
              85712.58907363421,
              33877.67220902613
            ],
            [
              85706.65083135392,
              33877.67220902613
            ],
            [
              85700.71258907364,
              33871.733966745844
            ],
            [
              85694.77434679335,
              33871.733966745844
            ],
            [
              85688.83610451307,
              33865.79572446556
            ],
            [
              85682.89786223278,
              33865.79572446556
            ],
            [
              85671.02137767221,
              33853.919239904986
            ],
            [
              85665.08313539192,
              33853.919239904986
            ],
            [
              85659.14489311165,
              33847.980997624705
            ],
            [
              85641.33016627078,
              33847.980997624705
            ],
            [
              85635.39192399051,
              33853.919239904986
            ],
            [
              85629.45368171022,
              33853.919239904986
            ],
            [
              85623.51543942993,
              33859.857482185274
            ],
            [
              85617.57719714964,
              33859.857482185274
            ],
            [
              85611.63895486936,
              33865.79572446556
            ],
            [
              85587.88598574822,
              33865.79572446556
            ],
            [
              85570.07125890737,
              33847.980997624705
            ],
            [
              85564.13301662708,
              33847.980997624705
            ],
            [
              85558.19477434679,
              33842.04275534442
            ],
            [
              85534.44180522565,
              33842.04275534442
            ]
          ]
        ]
      }
    },
    {
      "type": "Feature",
      "properties": {
        "class_id": 3,
        "classification": "Darkspot & Foreign Object",
        "area": 85653.15023047714
      },
      "geometry": {
        "type": "Polygon",
        "coordinates": [
          [
            [
              83752.96912114015,
              33236.34204275534
            ],
            [
              83747.03087885986,
              33242.28028503563
            ],
            [
              83735.15439429929,
              33242.28028503563
            ],
            [
              83711.40142517815,
              33266.03325415677
            ],
            [
              83711.40142517815,
              33271.97149643706
            ],
            [
              83705.46318289786,
              33277.90973871734
            ],
            [
              83705.46318289786,
              33283.84798099763
            ],
            [
              83693.5866983373,
              33295.724465558196
            ],
            [
              83693.5866983373,
              33301.662707838484
            ],
            [
              83687.64845605701,
              33307.600950118765
            ],
            [
              83681.71021377672,
              33307.600950118765
            ],
            [
              83640.14251781473,
              33349.16864608076
            ],
            [
              83640.14251781473,
              33355.10688836105
            ],
            [
              83628.26603325416,
              33366.98337292162
            ],
            [
              83628.26603325416,
              33372.9216152019
            ],
            [
              83616.3895486936,
              33384.79809976247
            ],
            [
              83616.3895486936,
              33390.73634204276
            ],
            [
              83604.51306413302,
              33402.61282660333
            ],
            [
              83598.57482185273,
              33402.61282660333
            ],
            [
              83592.63657957246,
              33408.551068883615
            ],
            [
              83545.13064133016,
              33408.551068883615
            ],
            [
              83539.19239904989,
              33402.61282660333
            ],
            [
              83503.56294536818,
              33402.61282660333
            ],
            [
              83497.62470308789,
              33396.67458432304
            ],
            [
              83485.74821852733,
              33396.67458432304
            ],
            [
              83479.80997624704,
              33390.73634204276
            ],
            [
              83456.0570071259,
              33390.73634204276
            ],
            [
              83450.11876484561,
              33384.79809976247
            ],
            [
              83420.42755344418,
              33384.79809976247
            ],
            [
              83414.4893111639,
              33378.85985748219
            ],
            [
              83402.61282660333,
              33378.85985748219
            ],
            [
              83396.67458432305,
              33372.9216152019
            ],
            [
              83390.73634204276,
              33372.9216152019
            ],
            [
              83384.79809976247,
              33366.98337292162
            ],
            [
              83378.8598574822,
              33366.98337292162
            ],
            [
              83372.9216152019,
              33361.04513064133
            ],
            [
              83343.23040380048,
              33361.04513064133
            ],
            [
              83337.29216152019,
              33366.98337292162
            ],
            [
              83325.41567695963,
              33366.98337292162
            ],
            [
              83313.53919239905,
              33378.85985748219
            ],
            [
              83307.60095011877,
              33378.85985748219
            ],
            [
              83283.84798099763,
              33402.61282660333
            ],
            [
              83283.84798099763,
              33408.551068883615
            ],
            [
              83277.90973871734,
              33414.489311163896
            ],
            [
              83277.90973871734,
              33426.365795724465
            ],
            [
              83283.84798099763,
              33432.30403800475
            ],
            [
              83283.84798099763,
              33438.242280285034
            ],
            [
              84085.5106888361,
              33438.242280285034
            ],
            [
              84091.44893111639,
              33432.30403800475
            ],
            [
              84091.44893111639,
              33414.489311163896
            ],
            [
              84085.5106888361,
              33408.551068883615
            ],
            [
              84085.5106888361,
              33402.61282660333
            ],
            [
              84079.57244655582,
              33402.61282660333
            ],
            [
              84026.12826603325,
              33349.16864608076
            ],
            [
              84020.19002375298,
              33349.16864608076
            ],
            [
              83966.74584323041,
              33295.724465558196
            ],
            [
              83960.80760095012,
              33295.724465558196
            ],
            [
              83931.1163895487,
              33266.03325415677
            ],
            [
              83925.17814726841,
              33266.03325415677
            ],
            [
              83919.23990498812,
              33260.09501187649
            ],
            [
              83913.30166270785,
              33260.09501187649
            ],
            [
              83907.36342042756,
              33254.1567695962
            ],
            [
              83901.42517814727,
              33254.1567695962
            ],
            [
              83895.48693586698,
              33248.21852731592
            ],
            [
              83877.67220902613,
              33248.21852731592
            ],
            [
              83871.73396674584,
              33242.28028503563
            ],
            [
              83818.28978622328,
              33242.28028503563
            ],
            [
              83812.35154394299,
              33236.34204275534
            ],
            [
              83752.96912114015,
              33236.34204275534
            ]
          ]
        ]
      }
    },
    {
      "type": "Feature",
      "properties": {
        "class_id": 3,
        "classification": "Darkspot & Foreign Object",
        "area": 1251.8266089674512
      },
      "geometry": {
        "type": "Polygon",
        "coordinates": [
          [
            [
              27814.726840855106,
              33171.02137767221
            ],
            [
              27808.78859857482,
              33176.9596199525
            ],
            [
              27802.850356294537,
              33176.9596199525
            ],
            [
              27796.912114014252,
              33182.89786223278
            ],
            [
              27796.912114014252,
              33188.836104513066
            ],
            [
              27790.973871733968,
              33194.77434679335
            ],
            [
              27790.973871733968,
              33218.52731591449
            ],
            [
              27802.850356294537,
              33218.52731591449
            ],
            [
              27808.78859857482,
              33212.589073634204
            ],
            [
              27814.726840855106,
              33212.589073634204
            ],
            [
              27826.60332541568,
              33200.712589073635
            ],
            [
              27826.60332541568,
              33176.9596199525
            ],
            [
              27820.665083135395,
              33171.02137767221
            ],
            [
              27814.726840855106,
              33171.02137767221
            ]
          ]
        ]
      }
    },
    {
      "type": "Feature",
      "properties": {
        "class_id": 3,
        "classification": "Darkspot & Foreign Object",
        "area": 23167.607946242686
      },
      "geometry": {
        "type": "Polygon",
        "coordinates": [
          [
            [
              48533.254156769595,
              32416.86460807601
            ],
            [
              48527.315914489314,
              32422.802850356296
            ],
            [
              48521.377672209026,
              32422.802850356296
            ],
            [
              48497.62470308789,
              32446.555819477435
            ],
            [
              48497.62470308789,
              32452.49406175772
            ],
            [
              48485.74821852732,
              32464.370546318292
            ],
            [
              48485.74821852732,
              32470.308788598577
            ],
            [
              48479.80997624703,
              32476.24703087886
            ],
            [
              48479.80997624703,
              32482.185273159146
            ],
            [
              48467.93349168646,
              32494.061757719715
            ],
            [
              48467.93349168646,
              32500.0
            ],
            [
              48456.05700712589,
              32511.876484560573
            ],
            [
              48456.05700712589,
              32523.752969121142
            ],
            [
              48450.11876484561,
              32529.691211401427
            ],
            [
              48450.11876484561,
              32553.444180522565
            ],
            [
              48456.05700712589,
              32559.382422802853
            ],
            [
              48456.05700712589,
              32571.258907363423
            ],
            [
              48467.93349168646,
              32583.135391923992
            ],
            [
              48509.50118764846,
              32583.135391923992
            ],
            [
              48515.439429928745,
              32577.197149643707
            ],
            [
              48521.377672209026,
              32577.197149643707
            ],
            [
              48527.315914489314,
              32571.258907363423
            ],
            [
              48562.94536817102,
              32571.258907363423
            ],
            [
              48568.88361045131,
              32565.320665083138
            ],
            [
              48598.57482185274,
              32565.320665083138
            ],
            [
              48604.51306413302,
              32559.382422802853
            ],
            [
              48610.451306413306,
              32559.382422802853
            ],
            [
              48634.204275534445,
              32535.62945368171
            ],
            [
              48640.142517814726,
              32535.62945368171
            ],
            [
              48640.142517814726,
              32452.49406175772
            ],
            [
              48628.266033254156,
              32452.49406175772
            ],
            [
              48622.327790973875,
              32446.555819477435
            ],
            [
              48616.38954869359,
              32446.555819477435
            ],
            [
              48610.451306413306,
              32440.61757719715
            ],
            [
              48586.69833729216,
              32440.61757719715
            ],
            [
              48562.94536817102,
              32416.86460807601
            ],
            [
              48533.254156769595,
              32416.86460807601
            ]
          ]
        ]
      }
    },
    {
      "type": "Feature",
      "properties": {
        "class_id": 3,
        "classification": "Darkspot & Foreign Object",
        "area": 63896.05113940905
      },
      "geometry": {
        "type": "Polygon",
        "coordinates": [
          [
            [
              85172.20902612827,
              31609.263657957246
            ],
            [
              85166.27078384798,
              31615.20190023753
            ],
            [
              85130.64133016627,
              31615.20190023753
            ],
            [
              85130.64133016627,
              31971.496437054633
            ],
            [
              85136.57957244656,
              31971.496437054633
            ],
            [
              85142.51781472685,
              31977.434679334918
            ],
            [
              85148.45605700713,
              31977.434679334918
            ],
            [
              85154.3942992874,
              31971.496437054633
            ],
            [
              85213.77672209026,
              31971.496437054633
            ],
            [
              85219.71496437055,
              31965.55819477435
            ],
            [
              85237.5296912114,
              31965.55819477435
            ],
            [
              85243.46793349169,
              31959.619952494064
            ],
            [
              85255.34441805226,
              31959.619952494064
            ],
            [
              85273.15914489311,
              31941.805225653206
            ],
            [
              85279.0973871734,
              31941.805225653206
            ],
            [
              85290.97387173396,
              31929.928741092637
            ],
            [
              85296.91211401425,
              31929.928741092637
            ],
            [
              85314.72684085512,
              31912.114014251783
            ],
            [
              85314.72684085512,
              31906.1757719715
            ],
            [
              85326.60332541568,
              31894.299287410926
            ],
            [
              85326.60332541568,
              31888.36104513064
            ],
            [
              85332.54156769597,
              31882.422802850357
            ],
            [
              85332.54156769597,
              31864.608076009503
            ],
            [
              85338.47980997626,
              31858.66983372922
            ],
            [
              85338.47980997626,
              31805.225653206653
            ],
            [
              85332.54156769597,
              31799.28741092637
            ],
            [
              85332.54156769597,
              31757.719714964373
            ],
            [
              85326.60332541568,
              31751.781472684088
            ],
            [
              85326.60332541568,
              31716.152019002377
            ],
            [
              85320.66508313539,
              31710.213776722092
            ],
            [
              85320.66508313539,
              31692.399049881238
            ],
            [
              85314.72684085512,
              31686.46080760095
            ],
            [
              85314.72684085512,
              31680.522565320665
            ],
            [
              85308.78859857483,
              31674.58432304038
            ],
            [
              85308.78859857483,
              31668.646080760096
            ],
            [
              85290.97387173396,
              31650.831353919242
            ],
            [
              85279.0973871734,
              31650.831353919242
            ],
            [
              85273.15914489311,
              31644.893111638958
            ],
            [
              85261.28266033255,
              31644.893111638958
            ],
            [
              85255.34441805226,
              31638.95486935867
            ],
            [
              85243.46793349169,
              31638.95486935867
            ],
            [
              85237.5296912114,
              31633.016627078385
            ],
            [
              85231.59144893113,
              31633.016627078385
            ],
            [
              85219.71496437055,
              31621.140142517816
            ],
            [
              85213.77672209026,
              31621.140142517816
            ],
            [
              85207.83847980999,
              31615.20190023753
            ],
            [
              85201.9002375297,
              31615.20190023753
            ],
            [
              85195.96199524941,
              31609.263657957246
            ],
            [
              85172.20902612827,
              31609.263657957246
            ]
          ]
        ]
      }
    },
    {
      "type": "Feature",
      "properties": {
        "class_id": 3,
        "classification": "Darkspot & Foreign Object",
        "area": 5783.0863062158305
      },
      "geometry": {
        "type": "Polygon",
        "coordinates": [
          [
            [
              80724.46555819477,
              29922.802850356296
            ],
            [
              80706.65083135392,
              29940.61757719715
            ],
            [
              80706.65083135392,
              29970.308788598577
            ],
            [
              80712.58907363421,
              29976.24703087886
            ],
            [
              80712.58907363421,
              29982.185273159146
            ],
            [
              80730.40380047506,
              30000.0
            ],
            [
              80736.34204275535,
              30000.0
            ],
            [
              80742.28028503564,
              30005.938242280285
            ],
            [
              80771.97149643707,
              30005.938242280285
            ],
            [
              80777.90973871734,
              30000.0
            ],
            [
              80783.84798099763,
              30000.0
            ],
            [
              80789.78622327792,
              29994.061757719715
            ],
            [
              80789.78622327792,
              29988.12351543943
            ],
            [
              80795.7244655582,
              29982.185273159146
            ],
            [
              80795.7244655582,
              29976.24703087886
            ],
            [
              80789.78622327792,
              29970.308788598577
            ],
            [
              80789.78622327792,
              29958.432304038008
            ],
            [
              80783.84798099763,
              29952.49406175772
            ],
            [
              80783.84798099763,
              29946.555819477435
            ],
            [
              80777.90973871734,
              29940.61757719715
            ],
            [
              80777.90973871734,
              29934.679334916866
            ],
            [
              80771.97149643707,
              29928.74109263658
            ],
            [
              80766.03325415678,
              29928.74109263658
            ],
            [
              80760.09501187649,
              29922.802850356296
            ],
            [
              80724.46555819477,
              29922.802850356296
            ]
          ]
        ]
      }
    },
    {
      "type": "Feature",
      "properties": {
        "class_id": 3,
        "classification": "Darkspot & Foreign Object",
        "area": 17225.839393819715
      },
      "geometry": {
        "type": "Polygon",
        "coordinates": [
          [
            [
              12185.273159144894,
              29774.34679334917
            ],
            [
              12179.33491686461,
              29780.285035629455
            ],
            [
              12173.396674584323,
              29780.285035629455
            ],
            [
              12167.458432304038,
              29786.22327790974
            ],
            [
              12161.520190023753,
              29786.22327790974
            ],
            [
              12161.520190023753,
              29893.11163895487
            ],
            [
              12167.458432304038,
              29893.11163895487
            ],
            [
              12173.396674584323,
              29899.049881235154
            ],
            [
              12179.33491686461,
              29899.049881235154
            ],
            [
              12185.273159144894,
              29904.98812351544
            ],
            [
              12191.211401425178,
              29904.98812351544
            ],
            [
              12197.149643705463,
              29910.926365795727
            ],
            [
              12203.08788598575,
              29910.926365795727
            ],
            [
              12209.026128266034,
              29916.86460807601
            ],
            [
              12214.964370546319,
              29916.86460807601
            ],
            [
              12220.902612826603,
              29922.802850356296
            ],
            [
              12232.779097387174,
              29922.802850356296
            ],
            [
              12238.717339667459,
              29928.74109263658
            ],
            [
              12244.655581947743,
              29928.74109263658
            ],
            [
              12250.593824228028,
              29922.802850356296
            ],
            [
              12256.532066508315,
              29922.802850356296
            ],
            [
              12262.4703087886,
              29916.86460807601
            ],
            [
              12268.408551068884,
              29916.86460807601
            ],
            [
              12292.161520190024,
              29893.11163895487
            ],
            [
              12292.161520190024,
              29887.173396674585
            ],
            [
              12298.099762470309,
              29881.2351543943
            ],
            [
              12298.099762470309,
              29827.790973871735
            ],
            [
              12292.161520190024,
              29821.85273159145
            ],
            [
              12292.161520190024,
              29815.914489311166
            ],
            [
              12262.4703087886,
              29786.22327790974
            ],
            [
              12256.532066508315,
              29786.22327790974
            ],
            [
              12250.593824228028,
              29780.285035629455
            ],
            [
              12244.655581947743,
              29780.285035629455
            ],
            [
              12238.717339667459,
              29774.34679334917
            ],
            [
              12185.273159144894,
              29774.34679334917
            ]
          ]
        ]
      }
    },
    {
      "type": "Feature",
      "properties": {
        "class_id": 3,
        "classification": "Darkspot & Foreign Object",
        "area": 102279.52336084766
      },
      "geometry": {
        "type": "Polygon",
        "coordinates": [
          [
            [
              22161.520190023755,
              26692.399049881235
            ],
            [
              22155.581947743467,
              26698.337292161523
            ],
            [
              22137.767220902613,
              26698.337292161523
            ],
            [
              22131.82897862233,
              26704.275534441807
            ],
            [
              22119.95249406176,
              26704.275534441807
            ],
            [
              22114.014251781475,
              26710.213776722092
            ],
            [
              22108.07600950119,
              26710.213776722092
            ],
            [
              22102.137767220902,
              26716.152019002377
            ],
            [
              22096.199524940617,
              26716.152019002377
            ],
            [
              22084.323040380048,
              26728.028503562946
            ],
            [
              22078.384798099763,
              26728.028503562946
            ],
            [
              22072.44655581948,
              26733.96674584323
            ],
            [
              22066.508313539194,
              26733.96674584323
            ],
            [
              22054.631828978625,
              26745.843230403803
            ],
            [
              22048.693586698337,
              26745.843230403803
            ],
            [
              22030.878859857483,
              26763.657957244657
            ],
            [
              22024.9406175772,
              26763.657957244657
            ],
            [
              21989.311163895487,
              26799.28741092637
            ],
            [
              21983.372921615202,
              26799.28741092637
            ],
            [
              21947.74346793349,
              26834.916864608076
            ],
            [
              21947.74346793349,
              26840.85510688836
            ],
            [
              21929.928741092637,
              26858.66983372922
            ],
            [
              21929.928741092637,
              26864.608076009503
            ],
            [
              21918.052256532068,
              26876.484560570072
            ],
            [
              21918.052256532068,
              26882.422802850357
            ],
            [
              21912.114014251783,
              26888.36104513064
            ],
            [
              21912.114014251783,
              26900.237529691214
            ],
            [
              21906.1757719715,
              26906.1757719715
            ],
            [
              21906.1757719715,
              26923.990498812353
            ],
            [
              21900.23752969121,
              26929.928741092637
            ],
            [
              21900.23752969121,
              26935.866983372922
            ],
            [
              21894.299287410926,
              26941.805225653206
            ],
            [
              21894.299287410926,
              26953.68171021378
            ],
            [
              21888.36104513064,
              26959.619952494064
            ],
            [
              21888.36104513064,
              26983.372921615202
            ],
            [
              21882.422802850357,
              26989.311163895487
            ],
            [
              21882.422802850357,
              27007.125890736344
            ],
            [
              21888.36104513064,
              27013.06413301663
            ],
            [
              21888.36104513064,
              27024.9406175772
            ],
            [
              21900.23752969121,
              27036.817102137768
            ],
            [
              21900.23752969121,
              27042.755344418052
            ],
            [
              21912.114014251783,
              27054.631828978625
            ],
            [
              21918.052256532068,
              27054.631828978625
            ],
            [
              21929.928741092637,
              27066.508313539194
            ],
            [
              21947.74346793349,
              27066.508313539194
            ],
            [
              21953.68171021378,
              27072.44655581948
            ],
            [
              21977.434679334918,
              27072.44655581948
            ],
            [
              21983.372921615202,
              27066.508313539194
            ],
            [
              22001.187648456056,
              27066.508313539194
            ],
            [
              22007.125890736344,
              27060.57007125891
            ],
            [
              22013.06413301663,
              27060.57007125891
            ],
            [
              22019.002375296914,
              27054.631828978625
            ],
            [
              22024.9406175772,
              27054.631828978625
            ],
            [
              22030.878859857483,
              27048.693586698337
            ],
            [
              22036.817102137768,
              27048.693586698337
            ],
            [
              22042.755344418052,
              27042.755344418052
            ],
            [
              22048.693586698337,
              27042.755344418052
            ],
            [
              22054.631828978625,
              27036.817102137768
            ],
            [
              22060.57007125891,
              27036.817102137768
            ],
            [
              22066.508313539194,
              27030.878859857483
            ],
            [
              22072.44655581948,
              27030.878859857483
            ],
            [
              22090.261282660333,
              27013.06413301663
            ],
            [
              22096.199524940617,
              27013.06413301663
            ],
            [
              22102.137767220902,
              27007.125890736344
            ],
            [
              22114.014251781475,
              27007.125890736344
            ],
            [
              22119.95249406176,
              27001.18764845606
            ],
            [
              22131.82897862233,
              27001.18764845606
            ],
            [
              22137.767220902613,
              26995.24940617577
            ],
            [
              22149.643705463182,
              26995.24940617577
            ],
            [
              22155.581947743467,
              26989.311163895487
            ],
            [
              22167.45843230404,
              26989.311163895487
            ],
            [
              22173.396674584325,
              26983.372921615202
            ],
            [
              22185.273159144894,
              26983.372921615202
            ],
            [
              22197.149643705463,
              26971.496437054633
            ],
            [
              22209.026128266036,
              26971.496437054633
            ],
            [
              22214.96437054632,
              26965.55819477435
            ],
            [
              22220.902612826605,
              26965.55819477435
            ],
            [
              22232.779097387174,
              26953.68171021378
            ],
            [
              22238.71733966746,
              26953.68171021378
            ],
            [
              22274.34679334917,
              26918.052256532068
            ],
            [
              22274.34679334917,
              26912.114014251783
            ],
            [
              22280.285035629455,
              26906.1757719715
            ],
            [
              22280.285035629455,
              26900.237529691214
            ],
            [
              22286.22327790974,
              26894.299287410926
            ],
            [
              22286.22327790974,
              26882.422802850357
            ],
            [
              22292.161520190024,
              26876.484560570072
            ],
            [
              22292.161520190024,
              26846.793349168645
            ],
            [
              22298.09976247031,
              26840.85510688836
            ],
            [
              22298.09976247031,
              26805.225653206653
            ],
            [
              22292.161520190024,
              26799.28741092637
            ],
            [
              22292.161520190024,
              26775.534441805226
            ],
            [
              22286.22327790974,
              26769.59619952494
            ],
            [
              22286.22327790974,
              26757.719714964373
            ],
            [
              22274.34679334917,
              26745.843230403803
            ],
            [
              22274.34679334917,
              26739.904988123515
            ],
            [
              22250.593824228028,
              26716.152019002377
            ],
            [
              22244.655581947743,
              26716.152019002377
            ],
            [
              22232.779097387174,
              26704.275534441807
            ],
            [
              22226.84085510689,
              26704.275534441807
            ],
            [
              22220.902612826605,
              26698.337292161523
            ],
            [
              22209.026128266036,
              26698.337292161523
            ],
            [
              22203.087885985748,
              26692.399049881235
            ],
            [
              22161.520190023755,
              26692.399049881235
            ]
          ]
        ]
      }
    },
    {
      "type": "Feature",
      "properties": {
        "class_id": 3,
        "classification": "Darkspot & Foreign Object",
        "area": 57566.39265181307
      },
      "geometry": {
        "type": "Polygon",
        "coordinates": [
          [
            [
              24293.34916864608,
              22298.09976247031
            ],
            [
              24263.657957244657,
              22327.790973871735
            ],
            [
              24263.657957244657,
              22339.667458432305
            ],
            [
              24257.719714964373,
              22345.60570071259
            ],
            [
              24257.719714964373,
              22357.48218527316
            ],
            [
              24251.781472684088,
              22363.420427553447
            ],
            [
              24251.781472684088,
              22375.296912114016
            ],
            [
              24245.8432304038,
              22381.2351543943
            ],
            [
              24245.8432304038,
              22387.173396674585
            ],
            [
              24216.152019002377,
              22416.86460807601
            ],
            [
              24216.152019002377,
              22422.802850356296
            ],
            [
              24210.213776722092,
              22428.74109263658
            ],
            [
              24210.213776722092,
              22434.679334916866
            ],
            [
              24204.275534441807,
              22440.61757719715
            ],
            [
              24204.275534441807,
              22452.49406175772
            ],
            [
              24198.337292161523,
              22458.432304038004
            ],
            [
              24198.337292161523,
              22482.185273159146
            ],
            [
              24192.399049881235,
              22488.12351543943
            ],
            [
              24192.399049881235,
              22494.061757719715
            ],
            [
              24174.58432304038,
              22511.87648456057
            ],
            [
              24174.58432304038,
              22517.814726840857
            ],
            [
              24168.646080760096,
              22523.752969121142
            ],
            [
              24168.646080760096,
              22529.691211401427
            ],
            [
              24162.70783847981,
              22535.62945368171
            ],
            [
              24162.70783847981,
              22547.50593824228
            ],
            [
              24156.769596199527,
              22553.444180522565
            ],
            [
              24156.769596199527,
              22559.38242280285
            ],
            [
              24150.831353919242,
              22565.320665083138
            ],
            [
              24150.831353919242,
              22654.39429928741
            ],
            [
              24156.769596199527,
              22660.332541567695
            ],
            [
              24156.769596199527,
              22666.270783847984
            ],
            [
              24180.522565320665,
              22690.023752969122
            ],
            [
              24180.522565320665,
              22695.961995249407
            ],
            [
              24186.46080760095,
              22701.90023752969
            ],
            [
              24192.399049881235,
              22701.90023752969
            ],
            [
              24245.8432304038,
              22755.344418052257
            ],
            [
              24245.8432304038,
              22761.28266033254
            ],
            [
              24251.781472684088,
              22767.220902612826
            ],
            [
              24251.781472684088,
              22779.0973871734
            ],
            [
              24257.719714964373,
              22785.035629453683
            ],
            [
              24257.719714964373,
              22790.973871733968
            ],
            [
              24275.534441805226,
              22808.78859857482
            ],
            [
              24275.534441805226,
              22814.726840855106
            ],
            [
              24281.47268408551,
              22820.665083135395
            ],
            [
              24287.410926365796,
              22820.665083135395
            ],
            [
              24293.34916864608,
              22826.60332541568
            ],
            [
              24311.163895486938,
              22826.60332541568
            ],
            [
              24317.102137767222,
              22820.665083135395
            ],
            [
              24317.102137767222,
              22309.97624703088
            ],
            [
              24311.163895486938,
              22304.038004750593
            ],
            [
              24305.225653206653,
              22304.038004750593
            ],
            [
              24299.28741092637,
              22298.09976247031
            ],
            [
              24293.34916864608,
              22298.09976247031
            ]
          ]
        ]
      }
    },
    {
      "type": "Feature",
      "properties": {
        "class_id": 3,
        "classification": "Darkspot & Foreign Object",
        "area": 1392.8774944849104
      },
      "geometry": {
        "type": "Polygon",
        "coordinates": [
          [
            [
              24293.34916864608,
              22197.149643705463
            ],
            [
              24287.410926365796,
              22203.087885985748
            ],
            [
              24287.410926365796,
              22244.655581947743
            ],
            [
              24293.34916864608,
              22250.593824228028
            ],
            [
              24299.28741092637,
              22244.655581947743
            ],
            [
              24311.163895486938,
              22244.655581947743
            ],
            [
              24317.102137767222,
              22238.71733966746
            ],
            [
              24317.102137767222,
              22203.087885985748
            ],
            [
              24311.163895486938,
              22197.149643705463
            ],
            [
              24293.34916864608,
              22197.149643705463
            ]
          ]
        ]
      }
    },
    {
      "type": "Feature",
      "properties": {
        "class_id": 3,
        "classification": "Darkspot & Foreign Object",
        "area": 1853496.7925028633
      },
      "geometry": {
        "type": "Polygon",
        "coordinates": [
          [
            [
              22440.61757719715,
              21282.660332541567
            ],
            [
              22440.61757719715,
              21294.53681710214
            ],
            [
              22434.679334916866,
              21300.475059382425
            ],
            [
              22434.679334916866,
              21318.28978622328
            ],
            [
              22440.61757719715,
              21324.228028503563
            ],
            [
              22440.61757719715,
              21342.04275534442
            ],
            [
              22446.555819477435,
              21347.980997624705
            ],
            [
              22446.555819477435,
              21359.857482185274
            ],
            [
              22452.49406175772,
              21365.79572446556
            ],
            [
              22452.49406175772,
              21371.733966745844
            ],
            [
              22464.370546318292,
              21383.610451306413
            ],
            [
              22464.370546318292,
              21389.548693586697
            ],
            [
              22470.308788598577,
              21395.486935866986
            ],
            [
              22470.308788598577,
              21401.42517814727
            ],
            [
              22476.24703087886,
              21407.363420427555
            ],
            [
              22476.24703087886,
              21419.239904988124
            ],
            [
              22482.185273159146,
              21425.17814726841
            ],
            [
              22482.185273159146,
              21431.116389548693
            ],
            [
              22505.938242280285,
              21454.869358669835
            ],
            [
              22505.938242280285,
              21460.80760095012
            ],
            [
              22517.814726840857,
              21472.68408551069
            ],
            [
              22517.814726840857,
              21478.622327790974
            ],
            [
              22523.752969121142,
              21484.56057007126
            ],
            [
              22523.752969121142,
              21502.375296912116
            ],
            [
              22529.691211401427,
              21508.3135391924
            ],
            [
              22529.691211401427,
              21532.06650831354
            ],
            [
              22523.752969121142,
              21538.004750593824
            ],
            [
              22523.752969121142,
              21555.81947743468
            ],
            [
              22529.691211401427,
              21561.757719714966
            ],
            [
              22529.691211401427,
              21597.387173396677
            ],
            [
              22523.752969121142,
              21603.32541567696
            ],
            [
              22523.752969121142,
              21621.140142517816
            ],
            [
              22517.814726840857,
              21627.0783847981
            ],
            [
              22523.752969121142,
              21633.016627078385
            ],
            [
              22523.752969121142,
              21644.893111638954
            ],
            [
              22541.567695961996,
              21662.70783847981
            ],
            [
              22541.567695961996,
              21698.337292161523
            ],
            [
              22535.62945368171,
              21704.275534441807
            ],
            [
              22535.62945368171,
              21733.96674584323
            ],
            [
              22529.691211401427,
              21739.904988123515
            ],
            [
              22529.691211401427,
              21751.781472684088
            ],
            [
              22511.87648456057,
              21769.59619952494
            ],
            [
              22505.938242280285,
              21769.59619952494
            ],
            [
              22488.12351543943,
              21787.410926365796
            ],
            [
              22488.12351543943,
              21805.225653206653
            ],
            [
              22500.0,
              21817.102137767222
            ],
            [
              22500.0,
              21823.040380047507
            ],
            [
              22505.938242280285,
              21828.97862232779
            ],
            [
              22505.938242280285,
              21834.916864608076
            ],
            [
              22500.0,
              21840.85510688836
            ],
            [
              22500.0,
              21852.731591448934
            ],
            [
              22517.814726840857,
              21870.546318289787
            ],
            [
              22517.814726840857,
              21876.484560570072
            ],
            [
              22547.50593824228,
              21906.1757719715
            ],
            [
              22547.50593824228,
              21912.114014251783
            ],
            [
              22553.444180522565,
              21918.052256532068
            ],
            [
              22553.444180522565,
              21923.990498812353
            ],
            [
              22559.38242280285,
              21929.928741092637
            ],
            [
              22559.38242280285,
              21935.866983372922
            ],
            [
              22589.073634204276,
              21965.55819477435
            ],
            [
              22589.073634204276,
              21971.496437054633
            ],
            [
              22595.01187648456,
              21977.434679334918
            ],
            [
              22595.01187648456,
              21983.372921615202
            ],
            [
              22600.950118764846,
              21989.311163895487
            ],
            [
              22600.950118764846,
              21995.24940617577
            ],
            [
              22606.88836104513,
              22001.187648456056
            ],
            [
              22606.88836104513,
              22007.125890736344
            ],
            [
              22612.826603325415,
              22013.06413301663
            ],
            [
              22612.826603325415,
              22019.002375296914
            ],
            [
              22618.764845605703,
              22024.9406175772
            ],
            [
              22618.764845605703,
              22060.57007125891
            ],
            [
              22624.703087885988,
              22066.508313539194
            ],
            [
              22624.703087885988,
              22084.323040380048
            ],
            [
              22630.641330166272,
              22090.261282660333
            ],
            [
              22630.641330166272,
              22102.137767220902
            ],
            [
              22642.51781472684,
              22114.014251781475
            ],
            [
              22642.51781472684,
              22119.95249406176
            ],
            [
              22660.332541567695,
              22137.767220902613
            ],
            [
              22666.270783847984,
              22137.767220902613
            ],
            [
              22672.20902612827,
              22143.705463182898
            ],
            [
              22678.147268408553,
              22143.705463182898
            ],
            [
              22684.085510688838,
              22149.643705463182
            ],
            [
              22690.023752969122,
              22149.643705463182
            ],
            [
              22707.838479809976,
              22167.45843230404
            ],
            [
              22707.838479809976,
              22173.396674584325
            ],
            [
              22713.77672209026,
              22179.33491686461
            ],
            [
              22713.77672209026,
              22185.273159144894
            ],
            [
              22749.406175771972,
              22220.902612826605
            ],
            [
              22749.406175771972,
              22226.84085510689
            ],
            [
              22755.344418052257,
              22232.779097387174
            ],
            [
              22755.344418052257,
              22238.71733966746
            ],
            [
              22761.28266033254,
              22244.655581947743
            ],
            [
              22761.28266033254,
              22256.532066508313
            ],
            [
              22767.220902612826,
              22262.4703087886
            ],
            [
              22767.220902612826,
              22274.34679334917
            ],
            [
              22773.159144893114,
              22280.285035629455
            ],
            [
              22773.159144893114,
              22327.790973871735
            ],
            [
              22808.78859857482,
              22363.420427553447
            ],
            [
              22808.78859857482,
              22369.35866983373
            ],
            [
              22814.726840855106,
              22375.296912114016
            ],
            [
              22820.665083135395,
              22375.296912114016
            ],
            [
              22832.541567695964,
              22387.173396674585
            ],
            [
              22832.541567695964,
              22399.049881235154
            ],
            [
              22814.726840855106,
              22416.86460807601
            ],
            [
              22808.78859857482,
              22416.86460807601
            ],
            [
              22802.850356294537,
              22422.802850356296
            ],
            [
              22785.035629453683,
              22422.802850356296
            ],
            [
              22773.159144893114,
              22410.926365795727
            ],
            [
              22773.159144893114,
              22404.98812351544
            ],
            [
              22767.220902612826,
              22399.049881235154
            ],
            [
              22761.28266033254,
              22399.049881235154
            ],
            [
              22755.344418052257,
              22393.11163895487
            ],
            [
              22719.71496437055,
              22393.11163895487
            ],
            [
              22707.838479809976,
              22404.98812351544
            ],
            [
              22707.838479809976,
              22410.926365795727
            ],
            [
              22701.90023752969,
              22416.86460807601
            ],
            [
              22701.90023752969,
              22422.802850356296
            ],
            [
              22678.147268408553,
              22446.555819477435
            ],
            [
              22666.270783847984,
              22446.555819477435
            ],
            [
              22660.332541567695,
              22452.49406175772
            ],
            [
              22654.39429928741,
              22452.49406175772
            ],
            [
              22630.641330166272,
              22476.24703087886
            ],
            [
              22618.764845605703,
              22476.24703087886
            ],
            [
              22612.826603325415,
              22482.185273159146
            ],
            [
              22606.88836104513,
              22482.185273159146
            ],
            [
              22595.01187648456,
              22494.061757719715
            ],
            [
              22589.073634204276,
              22494.061757719715
            ],
            [
              22577.197149643707,
              22505.938242280285
            ],
            [
              22565.320665083138,
              22505.938242280285
            ],
            [
              22559.38242280285,
              22511.87648456057
            ],
            [
              22553.444180522565,
              22511.87648456057
            ],
            [
              22523.752969121142,
              22541.567695961996
            ],
            [
              22523.752969121142,
              22565.320665083138
            ],
            [
              22529.691211401427,
              22571.258907363423
            ],
            [
              22529.691211401427,
              22577.197149643707
            ],
            [
              22535.62945368171,
              22583.135391923992
            ],
            [
              22535.62945368171,
              22589.073634204276
            ],
            [
              22559.38242280285,
              22612.826603325415
            ],
            [
              22565.320665083138,
              22612.826603325415
            ],
            [
              22571.258907363423,
              22618.764845605703
            ],
            [
              22577.197149643707,
              22618.764845605703
            ],
            [
              22583.135391923992,
              22624.703087885988
            ],
            [
              22600.950118764846,
              22624.703087885988
            ],
            [
              22606.88836104513,
              22630.641330166272
            ],
            [
              22624.703087885988,
              22630.641330166272
            ],
            [
              22630.641330166272,
              22636.579572446557
            ],
            [
              22642.51781472684,
              22636.579572446557
            ],
            [
              22654.39429928741,
              22648.456057007126
            ],
            [
              22660.332541567695,
              22648.456057007126
            ],
            [
              22666.270783847984,
              22654.39429928741
            ],
            [
              22672.20902612827,
              22654.39429928741
            ],
            [
              22678.147268408553,
              22660.332541567695
            ],
            [
              22684.085510688838,
              22660.332541567695
            ],
            [
              22690.023752969122,
              22666.270783847984
            ],
            [
              22719.71496437055,
              22666.270783847984
            ],
            [
              22725.653206650833,
              22660.332541567695
            ],
            [
              22743.467933491687,
              22660.332541567695
            ],
            [
              22749.406175771972,
              22666.270783847984
            ],
            [
              22761.28266033254,
              22666.270783847984
            ],
            [
              22767.220902612826,
              22672.20902612827
            ],
            [
              22790.973871733968,
              22672.20902612827
            ],
            [
              22796.912114014252,
              22678.147268408553
            ],
            [
              22808.78859857482,
              22678.147268408553
            ],
            [
              22814.726840855106,
              22684.085510688838
            ],
            [
              22820.665083135395,
              22684.085510688838
            ],
            [
              22826.60332541568,
              22690.023752969122
            ],
            [
              22832.541567695964,
              22690.023752969122
            ],
            [
              22838.47980997625,
              22695.961995249407
            ],
            [
              22844.418052256533,
              22695.961995249407
            ],
            [
              22850.356294536818,
              22701.90023752969
            ],
            [
              22975.059382422805,
              22701.90023752969
            ],
            [
              22980.99762470309,
              22707.838479809976
            ],
            [
              22992.87410926366,
              22707.838479809976
            ],
            [
              22998.812351543944,
              22713.77672209026
            ],
            [
              23004.75059382423,
              22713.77672209026
            ],
            [
              23034.441805225655,
              22743.467933491687
            ],
            [
              23040.38004750594,
              22743.467933491687
            ],
            [
              23046.318289786224,
              22749.406175771972
            ],
            [
              23087.88598574822,
              22749.406175771972
            ],
            [
              23093.824228028505,
              22755.344418052257
            ],
            [
              23099.76247030879,
              22755.344418052257
            ],
            [
              23117.577197149643,
              22773.159144893114
            ],
            [
              23117.577197149643,
              22779.0973871734
            ],
            [
              23129.453681710216,
              22790.973871733968
            ],
            [
              23129.453681710216,
              22802.850356294537
            ],
            [
              23135.3919239905,
              22808.78859857482
            ],
            [
              23135.3919239905,
              22814.726840855106
            ],
            [
              23147.26840855107,
              22826.60332541568
            ],
            [
              23153.206650831355,
              22826.60332541568
            ],
            [
              23159.14489311164,
              22832.541567695964
            ],
            [
              23165.083135391924,
              22832.541567695964
            ],
            [
              23171.02137767221,
              22838.47980997625
            ],
            [
              23176.959619952497,
              22838.47980997625
            ],
            [
              23188.836104513066,
              22850.356294536818
            ],
            [
              23194.77434679335,
              22850.356294536818
            ],
            [
              23200.712589073635,
              22856.294536817102
            ],
            [
              23200.712589073635,
              22862.232779097387
            ],
            [
              23248.218527315916,
              22909.738717339667
            ],
            [
              23248.218527315916,
              22915.676959619952
            ],
            [
              23254.1567695962,
              22915.676959619952
            ],
            [
              23260.095011876485,
              22921.61520190024
            ],
            [
              23319.477434679335,
              22921.61520190024
            ],
            [
              23325.41567695962,
              22927.553444180525
            ],
            [
              23390.736342042757,
              22927.553444180525
            ],
            [
              23396.674584323042,
              22933.49168646081
            ],
            [
              23402.612826603327,
              22933.49168646081
            ],
            [
              23438.242280285038,
              22969.121140142517
            ],
            [
              23438.242280285038,
              22975.059382422805
            ],
            [
              23444.180522565322,
              22980.99762470309
            ],
            [
              23444.180522565322,
              22986.935866983375
            ],
            [
              23456.05700712589,
              22998.812351543944
            ],
            [
              23456.05700712589,
              23004.75059382423
            ],
            [
              23467.93349168646,
              23016.627078384798
            ],
            [
              23473.871733966746,
              23016.627078384798
            ],
            [
              23479.80997624703,
              23022.565320665082
            ],
            [
              23485.74821852732,
              23022.565320665082
            ],
            [
              23491.686460807603,
              23028.50356294537
            ],
            [
              23497.624703087888,
              23028.50356294537
            ],
            [
              23509.501187648457,
              23040.38004750594
            ],
            [
              23509.501187648457,
              23046.318289786224
            ],
            [
              23515.43942992874,
              23052.25653206651
            ],
            [
              23515.43942992874,
              23099.76247030879
            ],
            [
              23509.501187648457,
              23105.700712589074
            ],
            [
              23509.501187648457,
              23123.515439429928
            ],
            [
              23491.686460807603,
              23141.330166270785
            ],
            [
              23473.871733966746,
              23141.330166270785
            ],
            [
              23467.93349168646,
              23147.26840855107
            ],
            [
              23467.93349168646,
              23153.206650831355
            ],
            [
              23473.871733966746,
              23159.14489311164
            ],
            [
              23485.74821852732,
              23159.14489311164
            ],
            [
              23491.686460807603,
              23165.083135391924
            ],
            [
              23509.501187648457,
              23165.083135391924
            ],
            [
              23521.377672209026,
              23176.959619952497
            ],
            [
              23527.31591448931,
              23176.959619952497
            ],
            [
              23539.192399049884,
              23188.836104513066
            ],
            [
              23539.192399049884,
              23194.77434679335
            ],
            [
              23545.130641330168,
              23200.712589073635
            ],
            [
              23545.130641330168,
              23224.465558194774
            ],
            [
              23551.068883610453,
              23230.403800475062
            ],
            [
              23551.068883610453,
              23260.095011876485
            ],
            [
              23557.007125890737,
              23266.03325415677
            ],
            [
              23557.007125890737,
              23283.847980997627
            ],
            [
              23562.945368171022,
              23289.78622327791
            ],
            [
              23562.945368171022,
              23295.724465558196
            ],
            [
              23568.883610451307,
              23301.66270783848
            ],
            [
              23568.883610451307,
              23307.600950118765
            ],
            [
              23574.82185273159,
              23313.53919239905
            ],
            [
              23580.760095011876,
              23313.53919239905
            ],
            [
              23592.63657957245,
              23301.66270783848
            ],
            [
              23592.63657957245,
              23283.847980997627
            ],
            [
              23598.574821852733,
              23277.909738717342
            ],
            [
              23598.574821852733,
              23271.971496437054
            ],
            [
              23604.513064133018,
              23266.03325415677
            ],
            [
              23604.513064133018,
              23254.1567695962
            ],
            [
              23610.451306413303,
              23248.218527315916
            ],
            [
              23610.451306413303,
              23188.836104513066
            ],
            [
              23616.389548693587,
              23182.89786223278
            ],
            [
              23616.389548693587,
              23176.959619952497
            ],
            [
              23622.32779097387,
              23171.02137767221
            ],
            [
              23622.32779097387,
              23165.083135391924
            ],
            [
              23640.14251781473,
              23147.26840855107
            ],
            [
              23669.833729216152,
              23147.26840855107
            ],
            [
              23675.771971496437,
              23141.330166270785
            ],
            [
              23681.71021377672,
              23141.330166270785
            ],
            [
              23687.64845605701,
              23135.3919239905
            ],
            [
              23693.586698337294,
              23135.3919239905
            ],
            [
              23699.52494061758,
              23129.453681710216
            ],
            [
              23699.52494061758,
              23123.515439429928
            ],
            [
              23705.463182897864,
              23117.577197149643
            ],
            [
              23705.463182897864,
              23111.63895486936
            ],
            [
              23711.40142517815,
              23105.700712589074
            ],
            [
              23711.40142517815,
              23099.76247030879
            ],
            [
              23705.463182897864,
              23093.824228028505
            ],
            [
              23663.895486935868,
              23093.824228028505
            ],
            [
              23657.957244655583,
              23099.76247030879
            ],
            [
              23634.20427553444,
              23099.76247030879
            ],
            [
              23628.266033254156,
              23093.824228028505
            ],
            [
              23628.266033254156,
              23070.071258907363
            ],
            [
              23652.0190023753,
              23046.318289786224
            ],
            [
              23657.957244655583,
              23046.318289786224
            ],
            [
              23663.895486935868,
              23040.38004750594
            ],
            [
              23669.833729216152,
              23040.38004750594
            ],
            [
              23681.71021377672,
              23028.50356294537
            ],
            [
              23687.64845605701,
              23028.50356294537
            ],
            [
              23711.40142517815,
              23004.75059382423
            ],
            [
              23711.40142517815,
              22998.812351543944
            ],
            [
              23705.463182897864,
              22992.87410926366
            ],
            [
              23693.586698337294,
              22992.87410926366
            ],
            [
              23687.64845605701,
              22986.935866983375
            ],
            [
              23687.64845605701,
              22980.99762470309
            ],
            [
              23699.52494061758,
              22969.121140142517
            ],
            [
              23711.40142517815,
              22969.121140142517
            ],
            [
              23717.339667458433,
              22963.182897862232
            ],
            [
              23741.092636579575,
              22963.182897862232
            ],
            [
              23758.90736342043,
              22980.99762470309
            ],
            [
              23758.90736342043,
              22986.935866983375
            ],
            [
              23764.845605700713,
              22986.935866983375
            ],
            [
              23770.783847980998,
              22992.87410926366
            ],
            [
              23782.660332541567,
              22992.87410926366
            ],
            [
              23788.598574821855,
              22986.935866983375
            ],
            [
              23788.598574821855,
              22980.99762470309
            ],
            [
              23800.475059382425,
              22969.121140142517
            ],
            [
              23800.475059382425,
              22963.182897862232
            ],
            [
              23812.351543942994,
              22951.306413301663
            ],
            [
              23812.351543942994,
              22933.49168646081
            ],
            [
              23818.28978622328,
              22927.553444180525
            ],
            [
              23818.28978622328,
              22909.738717339667
            ],
            [
              23824.228028503563,
              22903.800475059383
            ],
            [
              23824.228028503563,
              22891.923990498814
            ],
            [
              23794.53681710214,
              22862.232779097387
            ],
            [
              23800.475059382425,
              22856.294536817102
            ],
            [
              23800.475059382425,
              22850.356294536818
            ],
            [
              23806.41330166271,
              22844.418052256533
            ],
            [
              23806.41330166271,
              22838.47980997625
            ],
            [
              23812.351543942994,
              22832.541567695964
            ],
            [
              23812.351543942994,
              22826.60332541568
            ],
            [
              23818.28978622328,
              22820.665083135395
            ],
            [
              23818.28978622328,
              22808.78859857482
            ],
            [
              23824.228028503563,
              22802.850356294537
            ],
            [
              23824.228028503563,
              22779.0973871734
            ],
            [
              23836.104513064132,
              22767.220902612826
            ],
            [
              23842.04275534442,
              22767.220902612826
            ],
            [
              23847.980997624705,
              22761.28266033254
            ],
            [
              23865.79572446556,
              22761.28266033254
            ],
            [
              23877.67220902613,
              22749.406175771972
            ],
            [
              23877.67220902613,
              22743.467933491687
            ],
            [
              23883.610451306413,
              22737.529691211403
            ],
            [
              23883.610451306413,
              22684.085510688838
            ],
            [
              23877.67220902613,
              22678.147268408553
            ],
            [
              23871.733966745844,
              22678.147268408553
            ],
            [
              23865.79572446556,
              22672.20902612827
            ],
            [
              23853.91923990499,
              22672.20902612827
            ],
            [
              23847.980997624705,
              22666.270783847984
            ],
            [
              23836.104513064132,
              22666.270783847984
            ],
            [
              23818.28978622328,
              22648.456057007126
            ],
            [
              23818.28978622328,
              22642.51781472684
            ],
            [
              23800.475059382425,
              22624.703087885988
            ],
            [
              23800.475059382425,
              22606.88836104513
            ],
            [
              23806.41330166271,
              22600.950118764846
            ],
            [
              23812.351543942994,
              22600.950118764846
            ],
            [
              23824.228028503563,
              22589.073634204276
            ],
            [
              23830.166270783848,
              22589.073634204276
            ],
            [
              23847.980997624705,
              22571.258907363423
            ],
            [
              23859.857482185274,
              22571.258907363423
            ],
            [
              23865.79572446556,
              22565.320665083138
            ],
            [
              23883.610451306413,
              22565.320665083138
            ],
            [
              23889.548693586697,
              22559.38242280285
            ],
            [
              23895.486935866986,
              22559.38242280285
            ],
            [
              23901.42517814727,
              22553.444180522565
            ],
            [
              23907.363420427555,
              22553.444180522565
            ],
            [
              23913.30166270784,
              22547.50593824228
            ],
            [
              23919.239904988124,
              22547.50593824228
            ],
            [
              23919.239904988124,
              22541.567695961996
            ],
            [
              23925.17814726841,
              22535.62945368171
            ],
            [
              23925.17814726841,
              22511.87648456057
            ],
            [
              23919.239904988124,
              22505.938242280285
            ],
            [
              23919.239904988124,
              22482.185273159146
            ],
            [
              23913.30166270784,
              22476.24703087886
            ],
            [
              23913.30166270784,
              22470.308788598577
            ],
            [
              23901.42517814727,
              22458.432304038004
            ],
            [
              23901.42517814727,
              22452.49406175772
            ],
            [
              23895.486935866986,
              22446.555819477435
            ],
            [
              23895.486935866986,
              22416.86460807601
            ],
            [
              23877.67220902613,
              22399.049881235154
            ],
            [
              23877.67220902613,
              22393.11163895487
            ],
            [
              23871.733966745844,
              22387.173396674585
            ],
            [
              23871.733966745844,
              22381.2351543943
            ],
            [
              23865.79572446556,
              22375.296912114016
            ],
            [
              23865.79572446556,
              22369.35866983373
            ],
            [
              23859.857482185274,
              22363.420427553447
            ],
            [
              23859.857482185274,
              22357.48218527316
            ],
            [
              23853.91923990499,
              22351.543942992874
            ],
            [
              23853.91923990499,
              22345.60570071259
            ],
            [
              23847.980997624705,
              22339.667458432305
            ],
            [
              23847.980997624705,
              22327.790973871735
            ],
            [
              23853.91923990499,
              22321.85273159145
            ],
            [
              23853.91923990499,
              22315.914489311166
            ],
            [
              23871.733966745844,
              22298.09976247031
            ],
            [
              23877.67220902613,
              22298.09976247031
            ],
            [
              23883.610451306413,
              22292.161520190024
            ],
            [
              23895.486935866986,
              22292.161520190024
            ],
            [
              23901.42517814727,
              22286.22327790974
            ],
            [
              23907.363420427555,
              22286.22327790974
            ],
            [
              23931.116389548693,
              22262.4703087886
            ],
            [
              23931.116389548693,
              22256.532066508313
            ],
            [
              23942.992874109266,
              22244.655581947743
            ],
            [
              23948.93111638955,
              22244.655581947743
            ],
            [
              23966.745843230405,
              22226.84085510689
            ],
            [
              23966.745843230405,
              22197.149643705463
            ],
            [
              23954.869358669835,
              22185.273159144894
            ],
            [
              23948.93111638955,
              22185.273159144894
            ],
            [
              23942.992874109266,
              22179.33491686461
            ],
            [
              23937.054631828978,
              22179.33491686461
            ],
            [
              23931.116389548693,
              22173.396674584325
            ],
            [
              23889.548693586697,
              22173.396674584325
            ],
            [
              23883.610451306413,
              22167.45843230404
            ],
            [
              23865.79572446556,
              22167.45843230404
            ],
            [
              23859.857482185274,
              22173.396674584325
            ],
            [
              23853.91923990499,
              22173.396674584325
            ],
            [
              23847.980997624705,
              22179.33491686461
            ],
            [
              23788.598574821855,
              22179.33491686461
            ],
            [
              23776.722090261283,
              22167.45843230404
            ],
            [
              23776.722090261283,
              22161.520190023755
            ],
            [
              23770.783847980998,
              22155.581947743467
            ],
            [
              23770.783847980998,
              22119.95249406176
            ],
            [
              23776.722090261283,
              22114.014251781475
            ],
            [
              23776.722090261283,
              22096.199524940617
            ],
            [
              23770.783847980998,
              22090.261282660333
            ],
            [
              23770.783847980998,
              22084.323040380048
            ],
            [
              23764.845605700713,
              22078.384798099763
            ],
            [
              23758.90736342043,
              22078.384798099763
            ],
            [
              23747.03087885986,
              22066.508313539194
            ],
            [
              23747.03087885986,
              22060.57007125891
            ],
            [
              23741.092636579575,
              22054.631828978625
            ],
            [
              23741.092636579575,
              22042.755344418052
            ],
            [
              23735.154394299287,
              22036.817102137768
            ],
            [
              23735.154394299287,
              22030.878859857483
            ],
            [
              23723.277909738717,
              22019.002375296914
            ],
            [
              23723.277909738717,
              22013.06413301663
            ],
            [
              23717.339667458433,
              22007.125890736344
            ],
            [
              23717.339667458433,
              21995.24940617577
            ],
            [
              23711.40142517815,
              21989.311163895487
            ],
            [
              23711.40142517815,
              21983.372921615202
            ],
            [
              23717.339667458433,
              21977.434679334918
            ],
            [
              23717.339667458433,
              21971.496437054633
            ],
            [
              23723.277909738717,
              21965.55819477435
            ],
            [
              23723.277909738717,
              21959.619952494064
            ],
            [
              23729.216152019002,
              21953.68171021378
            ],
            [
              23729.216152019002,
              21929.928741092637
            ],
            [
              23735.154394299287,
              21923.990498812353
            ],
            [
              23735.154394299287,
              21918.052256532068
            ],
            [
              23741.092636579575,
              21912.114014251783
            ],
            [
              23741.092636579575,
              21894.299287410926
            ],
            [
              23747.03087885986,
              21888.36104513064
            ],
            [
              23747.03087885986,
              21876.484560570072
            ],
            [
              23741.092636579575,
              21870.546318289787
            ],
            [
              23741.092636579575,
              21846.793349168645
            ],
            [
              23735.154394299287,
              21840.85510688836
            ],
            [
              23735.154394299287,
              21834.916864608076
            ],
            [
              23729.216152019002,
              21828.97862232779
            ],
            [
              23729.216152019002,
              21823.040380047507
            ],
            [
              23723.277909738717,
              21817.102137767222
            ],
            [
              23723.277909738717,
              21757.719714964373
            ],
            [
              23717.339667458433,
              21751.781472684088
            ],
            [
              23717.339667458433,
              21745.8432304038
            ],
            [
              23705.463182897864,
              21733.96674584323
            ],
            [
              23705.463182897864,
              21728.028503562946
            ],
            [
              23681.71021377672,
              21704.275534441807
            ],
            [
              23681.71021377672,
              21698.337292161523
            ],
            [
              23675.771971496437,
              21692.399049881235
            ],
            [
              23675.771971496437,
              21686.46080760095
            ],
            [
              23669.833729216152,
              21680.522565320665
            ],
            [
              23669.833729216152,
              21674.58432304038
            ],
            [
              23652.0190023753,
              21656.769596199527
            ],
            [
              23652.0190023753,
              21650.831353919242
            ],
            [
              23646.080760095014,
              21644.893111638954
            ],
            [
              23646.080760095014,
              21621.140142517816
            ],
            [
              23652.0190023753,
              21615.20190023753
            ],
            [
              23652.0190023753,
              21573.634204275535
            ],
            [
              23657.957244655583,
              21567.69596199525
            ],
            [
              23657.957244655583,
              21555.81947743468
            ],
            [
              23663.895486935868,
              21549.881235154397
            ],
            [
              23663.895486935868,
              21532.06650831354
            ],
            [
              23657.957244655583,
              21526.128266033254
            ],
            [
              23657.957244655583,
              21514.251781472685
            ],
            [
              23652.0190023753,
              21508.3135391924
            ],
            [
              23652.0190023753,
              21496.43705463183
            ],
            [
              23634.20427553444,
              21478.622327790974
            ],
            [
              23616.389548693587,
              21478.622327790974
            ],
            [
              23610.451306413303,
              21472.68408551069
            ],
            [
              23598.574821852733,
              21472.68408551069
            ],
            [
              23592.63657957245,
              21466.745843230405
            ],
            [
              23586.698337292164,
              21466.745843230405
            ],
            [
              23574.82185273159,
              21454.869358669835
            ],
            [
              23568.883610451307,
              21454.869358669835
            ],
            [
              23562.945368171022,
              21448.93111638955
            ],
            [
              23557.007125890737,
              21448.93111638955
            ],
            [
              23551.068883610453,
              21442.992874109266
            ],
            [
              23545.130641330168,
              21442.992874109266
            ],
            [
              23539.192399049884,
              21448.93111638955
            ],
            [
              23527.31591448931,
              21448.93111638955
            ],
            [
              23521.377672209026,
              21442.992874109266
            ],
            [
              23515.43942992874,
              21442.992874109266
            ],
            [
              23497.624703087888,
              21425.17814726841
            ],
            [
              23497.624703087888,
              21401.42517814727
            ],
            [
              23491.686460807603,
              21395.486935866986
            ],
            [
              23491.686460807603,
              21389.548693586697
            ],
            [
              23485.74821852732,
              21383.610451306413
            ],
            [
              23485.74821852732,
              21336.104513064132
            ],
            [
              23479.80997624703,
              21330.166270783848
            ],
            [
              23479.80997624703,
              21318.28978622328
            ],
            [
              23473.871733966746,
              21312.351543942994
            ],
            [
              23473.871733966746,
              21282.660332541567
            ],
            [
              22440.61757719715,
              21282.660332541567
            ]
          ]
        ]
      }
    },
    {
      "type": "Feature",
      "properties": {
        "class_id": 3,
        "classification": "Darkspot & Foreign Object",
        "area": 88.15680344841205
      },
      "geometry": {
        "type": "Polygon",
        "coordinates": [
          [
            [
              39542.75534441805,
              17226.84085510689
            ],
            [
              39542.75534441805,
              17250.593824228028
            ],
            [
              39542.75534441805,
              17244.655581947743
            ],
            [
              39548.69358669834,
              17238.71733966746
            ],
            [
              39548.69358669834,
              17226.84085510689
            ],
            [
              39542.75534441805,
              17226.84085510689
            ]
          ]
        ]
      }
    },
    {
      "type": "Feature",
      "properties": {
        "class_id": 3,
        "classification": "Darkspot & Foreign Object",
        "area": 11107.757234499919
      },
      "geometry": {
        "type": "Polygon",
        "coordinates": [
          [
            [
              64649.64370546318,
              15201.900237529691
            ],
            [
              64649.64370546318,
              15225.653206650832
            ],
            [
              64655.58194774347,
              15231.591448931116
            ],
            [
              64655.58194774347,
              15249.406175771972
            ],
            [
              64673.39667458433,
              15267.220902612828
            ],
            [
              64673.39667458433,
              15273.159144893112
            ],
            [
              64679.33491686461,
              15273.159144893112
            ],
            [
              64691.21140142518,
              15285.035629453683
            ],
            [
              64697.14964370547,
              15285.035629453683
            ],
            [
              64703.08788598575,
              15290.973871733968
            ],
            [
              64726.84085510689,
              15290.973871733968
            ],
            [
              64732.779097387174,
              15285.035629453683
            ],
            [
              64738.71733966746,
              15285.035629453683
            ],
            [
              64744.65558194774,
              15279.097387173397
            ],
            [
              64750.59382422803,
              15279.097387173397
            ],
            [
              64756.53206650831,
              15273.159144893112
            ],
            [
              64768.40855106889,
              15273.159144893112
            ],
            [
              64774.34679334917,
              15267.220902612828
            ],
            [
              64780.28503562946,
              15267.220902612828
            ],
            [
              64804.0380047506,
              15243.467933491687
            ],
            [
              64804.0380047506,
              15237.529691211403
            ],
            [
              64809.97624703088,
              15231.591448931116
            ],
            [
              64809.97624703088,
              15201.900237529691
            ],
            [
              64649.64370546318,
              15201.900237529691
            ]
          ]
        ]
      }
    },
    {
      "type": "Feature",
      "properties": {
        "class_id": 3,
        "classification": "Darkspot & Foreign Object",
        "area": 52.89408206904723
      },
      "geometry": {
        "type": "Polygon",
        "coordinates": [
          [
            [
              85142.51781472685,
              15184.085510688838
            ],
            [
              85142.51781472685,
              15195.961995249407
            ],
            [
              85148.45605700713,
              15195.961995249407
            ],
            [
              85148.45605700713,
              15190.023752969122
            ],
            [
              85142.51781472685,
              15184.085510688838
            ]
          ]
        ]
      }
    },
    {
      "type": "Feature",
      "properties": {
        "class_id": 3,
        "classification": "Darkspot & Foreign Object",
        "area": 1094466.7148120357
      },
      "geometry": {
        "type": "Polygon",
        "coordinates": [
          [
            [
              67250.59382422802,
              12963.182897862232
            ],
            [
              67244.65558194775,
              12969.121140142519
            ],
            [
              67232.77909738717,
              12969.121140142519
            ],
            [
              67226.84085510689,
              12975.059382422804
            ],
            [
              67214.96437054632,
              12975.059382422804
            ],
            [
              67185.2731591449,
              13004.750593824228
            ],
            [
              67179.33491686461,
              13004.750593824228
            ],
            [
              67173.39667458432,
              13010.688836104513
            ],
            [
              67167.45843230405,
              13010.688836104513
            ],
            [
              67161.52019002376,
              13004.750593824228
            ],
            [
              67149.64370546318,
              13004.750593824228
            ],
            [
              67143.7054631829,
              13010.688836104513
            ],
            [
              67137.76722090262,
              13010.688836104513
            ],
            [
              67131.82897862233,
              13016.6270783848
            ],
            [
              67125.89073634204,
              13016.6270783848
            ],
            [
              67114.01425178148,
              13028.503562945369
            ],
            [
              67108.0760095012,
              13028.503562945369
            ],
            [
              67102.1377672209,
              13034.441805225653
            ],
            [
              67090.26128266033,
              13034.441805225653
            ],
            [
              67084.32304038006,
              13040.380047505938
            ],
            [
              67060.57007125892,
              13040.380047505938
            ],
            [
              67054.63182897863,
              13046.318289786224
            ],
            [
              66965.55819477435,
              13046.318289786224
            ],
            [
              66959.61995249406,
              13040.380047505938
            ],
            [
              66912.11401425178,
              13040.380047505938
            ],
            [
              66906.1757719715,
              13034.441805225653
            ],
            [
              66900.2375296912,
              13040.380047505938
            ],
            [
              66888.36104513064,
              13040.380047505938
            ],
            [
              66888.36104513064,
              13539.192399049882
            ],
            [
              66906.1757719715,
              13557.007125890737
            ],
            [
              66912.11401425178,
              13557.007125890737
            ],
            [
              66918.05225653207,
              13562.945368171022
            ],
            [
              67060.57007125892,
              13562.945368171022
            ],
            [
              67066.50831353919,
              13568.883610451307
            ],
            [
              67114.01425178148,
              13568.883610451307
            ],
            [
              67119.95249406176,
              13574.821852731591
            ],
            [
              67137.76722090262,
              13574.821852731591
            ],
            [
              67143.7054631829,
              13568.883610451307
            ],
            [
              67149.64370546318,
              13568.883610451307
            ],
            [
              67155.58194774347,
              13562.945368171022
            ],
            [
              67161.52019002376,
              13562.945368171022
            ],
            [
              67173.39667458432,
              13551.068883610453
            ],
            [
              67179.33491686461,
              13551.068883610453
            ],
            [
              67185.2731591449,
              13545.130641330166
            ],
            [
              67191.21140142519,
              13545.130641330166
            ],
            [
              67197.14964370546,
              13539.192399049882
            ],
            [
              67203.08788598575,
              13539.192399049882
            ],
            [
              67214.96437054632,
              13527.315914489312
            ],
            [
              67220.90261282661,
              13527.315914489312
            ],
            [
              67226.84085510689,
              13521.377672209026
            ],
            [
              67238.71733966746,
              13521.377672209026
            ],
            [
              67244.65558194775,
              13515.439429928741
            ],
            [
              67250.59382422802,
              13515.439429928741
            ],
            [
              67256.53206650831,
              13509.501187648457
            ],
            [
              67274.34679334918,
              13509.501187648457
            ],
            [
              67280.28503562945,
              13503.562945368172
            ],
            [
              67304.03800475059,
              13503.562945368172
            ],
            [
              67309.97624703088,
              13509.501187648457
            ],
            [
              67321.85273159145,
              13509.501187648457
            ],
            [
              67327.79097387174,
              13515.439429928741
            ],
            [
              67333.72921615202,
              13515.439429928741
            ],
            [
              67339.6674584323,
              13521.377672209026
            ],
            [
              67345.6057007126,
              13521.377672209026
            ],
            [
              67351.54394299288,
              13527.315914489312
            ],
            [
              67357.48218527315,
              13527.315914489312
            ],
            [
              67363.42042755344,
              13533.254156769597
            ],
            [
              67369.35866983373,
              13533.254156769597
            ],
            [
              67375.29691211402,
              13539.192399049882
            ],
            [
              67387.17339667458,
              13539.192399049882
            ],
            [
              67393.11163895487,
              13545.130641330166
            ],
            [
              67404.98812351545,
              13545.130641330166
            ],
            [
              67410.92636579572,
              13539.192399049882
            ],
            [
              67416.86460807601,
              13539.192399049882
            ],
            [
              67428.74109263658,
              13527.315914489312
            ],
            [
              67434.67933491687,
              13527.315914489312
            ],
            [
              67434.67933491687,
              13521.377672209026
            ],
            [
              67464.3705463183,
              13491.686460807601
            ],
            [
              67470.30878859857,
              13491.686460807601
            ],
            [
              67482.18527315915,
              13479.809976247032
            ],
            [
              67494.06175771971,
              13479.809976247032
            ],
            [
              67500.0,
              13473.871733966746
            ],
            [
              67523.75296912114,
              13473.871733966746
            ],
            [
              67529.69121140143,
              13479.809976247032
            ],
            [
              67541.567695962,
              13479.809976247032
            ],
            [
              67547.50593824228,
              13485.748218527317
            ],
            [
              67606.88836104513,
              13485.748218527317
            ],
            [
              67612.82660332542,
              13479.809976247032
            ],
            [
              67636.57957244656,
              13479.809976247032
            ],
            [
              67642.51781472685,
              13473.871733966746
            ],
            [
              67654.3942992874,
              13473.871733966746
            ],
            [
              67660.3325415677,
              13467.933491686461
            ],
            [
              67666.27078384798,
              13467.933491686461
            ],
            [
              67672.20902612827,
              13461.995249406176
            ],
            [
              67713.77672209026,
              13461.995249406176
            ],
            [
              67719.71496437055,
              13456.057007125892
            ],
            [
              67737.5296912114,
              13456.057007125892
            ],
            [
              67743.46793349169,
              13450.118764845607
            ],
            [
              67749.40617577198,
              13450.118764845607
            ],
            [
              67755.34441805226,
              13444.18052256532
            ],
            [
              67761.28266033254,
              13444.18052256532
            ],
            [
              67773.15914489311,
              13432.304038004751
            ],
            [
              67779.0973871734,
              13432.304038004751
            ],
            [
              67785.03562945369,
              13426.365795724467
            ],
            [
              67808.78859857483,
              13426.365795724467
            ],
            [
              67814.7268408551,
              13432.304038004751
            ],
            [
              67838.47980997626,
              13432.304038004751
            ],
            [
              67844.41805225653,
              13438.242280285036
            ],
            [
              67868.17102137767,
              13438.242280285036
            ],
            [
              67874.10926365796,
              13444.18052256532
            ],
            [
              67880.04750593824,
              13444.18052256532
            ],
            [
              67885.98574821853,
              13450.118764845607
            ],
            [
              67891.92399049882,
              13450.118764845607
            ],
            [
              67903.80047505938,
              13461.995249406176
            ],
            [
              67909.73871733967,
              13461.995249406176
            ],
            [
              67921.61520190025,
              13473.871733966746
            ],
            [
              67927.55344418052,
              13473.871733966746
            ],
            [
              67933.49168646081,
              13479.809976247032
            ],
            [
              67945.36817102139,
              13479.809976247032
            ],
            [
              67951.30641330166,
              13485.748218527317
            ],
            [
              67963.18289786224,
              13485.748218527317
            ],
            [
              67969.12114014252,
              13479.809976247032
            ],
            [
              67980.99762470309,
              13479.809976247032
            ],
            [
              67986.93586698337,
              13473.871733966746
            ],
            [
              67992.87410926366,
              13473.871733966746
            ],
            [
              67998.81235154395,
              13467.933491686461
            ],
            [
              68004.75059382422,
              13467.933491686461
            ],
            [
              68010.68883610451,
              13461.995249406176
            ],
            [
              68016.6270783848,
              13461.995249406176
            ],
            [
              68022.56532066509,
              13456.057007125892
            ],
            [
              68028.50356294538,
              13456.057007125892
            ],
            [
              68034.44180522565,
              13450.118764845607
            ],
            [
              68058.19477434679,
              13450.118764845607
            ],
            [
              68064.13301662708,
              13444.18052256532
            ],
            [
              68087.88598574822,
              13444.18052256532
            ],
            [
              68093.8242280285,
              13438.242280285036
            ],
            [
              68111.63895486936,
              13438.242280285036
            ],
            [
              68117.57719714964,
              13432.304038004751
            ],
            [
              68123.51543942993,
              13432.304038004751
            ],
            [
              68129.45368171022,
              13426.365795724467
            ],
            [
              68147.26840855107,
              13426.365795724467
            ],
            [
              68153.20665083136,
              13420.42755344418
            ],
            [
              68194.77434679335,
              13420.42755344418
            ],
            [
              68200.71258907364,
              13426.365795724467
            ],
            [
              68218.52731591449,
              13426.365795724467
            ],
            [
              68224.46555819477,
              13432.304038004751
            ],
            [
              68260.09501187649,
              13432.304038004751
            ],
            [
              68266.03325415678,
              13438.242280285036
            ],
            [
              68271.97149643705,
              13438.242280285036
            ],
            [
              68277.90973871734,
              13444.18052256532
            ],
            [
              68283.84798099763,
              13444.18052256532
            ],
            [
              68301.66270783848,
              13461.995249406176
            ],
            [
              68307.60095011877,
              13461.995249406176
            ],
            [
              68313.53919239905,
              13467.933491686461
            ],
            [
              68319.47743467934,
              13467.933491686461
            ],
            [
              68325.41567695962,
              13473.871733966746
            ],
            [
              68337.29216152019,
              13473.871733966746
            ],
            [
              68343.23040380048,
              13479.809976247032
            ],
            [
              68349.16864608077,
              13479.809976247032
            ],
            [
              68355.10688836104,
              13485.748218527317
            ],
            [
              68361.04513064133,
              13485.748218527317
            ],
            [
              68372.9216152019,
              13497.624703087886
            ],
            [
              68378.85985748218,
              13497.624703087886
            ],
            [
              68384.79809976247,
              13503.562945368172
            ],
            [
              68390.73634204276,
              13503.562945368172
            ],
            [
              68396.67458432305,
              13509.501187648457
            ],
            [
              68444.18052256532,
              13509.501187648457
            ],
            [
              68450.11876484561,
              13515.439429928741
            ],
            [
              68467.93349168646,
              13515.439429928741
            ],
            [
              68473.87173396675,
              13521.377672209026
            ],
            [
              68485.74821852733,
              13521.377672209026
            ],
            [
              68491.6864608076,
              13527.315914489312
            ],
            [
              68527.31591448931,
              13527.315914489312
            ],
            [
              68533.2541567696,
              13521.377672209026
            ],
            [
              68551.06888361045,
              13521.377672209026
            ],
            [
              68562.94536817103,
              13509.501187648457
            ],
            [
              68568.8836104513,
              13509.501187648457
            ],
            [
              68580.76009501188,
              13497.624703087886
            ],
            [
              68586.69833729217,
              13497.624703087886
            ],
            [
              68592.63657957246,
              13491.686460807601
            ],
            [
              68598.57482185273,
              13491.686460807601
            ],
            [
              68604.51306413302,
              13485.748218527317
            ],
            [
              68610.4513064133,
              13485.748218527317
            ],
            [
              68616.3895486936,
              13479.809976247032
            ],
            [
              68622.32779097387,
              13479.809976247032
            ],
            [
              68628.26603325416,
              13473.871733966746
            ],
            [
              68640.14251781473,
              13473.871733966746
            ],
            [
              68646.08076009502,
              13467.933491686461
            ],
            [
              68657.95724465558,
              13467.933491686461
            ],
            [
              68663.89548693587,
              13461.995249406176
            ],
            [
              68675.77197149643,
              13461.995249406176
            ],
            [
              68681.71021377672,
              13456.057007125892
            ],
            [
              68693.5866983373,
              13456.057007125892
            ],
            [
              68699.52494061759,
              13450.118764845607
            ],
            [
              68711.40142517815,
              13450.118764845607
            ],
            [
              68717.33966745844,
              13444.18052256532
            ],
            [
              68735.15439429929,
              13444.18052256532
            ],
            [
              68741.09263657957,
              13438.242280285036
            ],
            [
              68747.03087885986,
              13438.242280285036
            ],
            [
              68752.96912114015,
              13432.304038004751
            ],
            [
              68764.84560570071,
              13432.304038004751
            ],
            [
              68770.783847981,
              13426.365795724467
            ],
            [
              68782.66033254156,
              13426.365795724467
            ],
            [
              68788.59857482185,
              13420.42755344418
            ],
            [
              68824.22802850357,
              13420.42755344418
            ],
            [
              68830.16627078385,
              13414.489311163896
            ],
            [
              68859.85748218528,
              13414.489311163896
            ],
            [
              68865.79572446556,
              13420.42755344418
            ],
            [
              68883.61045130642,
              13420.42755344418
            ],
            [
              68889.5486935867,
              13426.365795724467
            ],
            [
              68895.48693586698,
              13426.365795724467
            ],
            [
              68901.42517814727,
              13420.42755344418
            ],
            [
              68913.30166270785,
              13420.42755344418
            ],
            [
              68919.23990498812,
              13414.489311163896
            ],
            [
              68931.1163895487,
              13414.489311163896
            ],
            [
              68937.05463182899,
              13408.551068883611
            ],
            [
              68996.43705463184,
              13408.551068883611
            ],
            [
              69002.37529691211,
              13402.612826603327
            ],
            [
              69014.25178147269,
              13402.612826603327
            ],
            [
              69020.19002375298,
              13396.67458432304
            ],
            [
              69038.00475059383,
              13396.67458432304
            ],
            [
              69043.94299287412,
              13390.736342042755
            ],
            [
              69061.75771971497,
              13390.736342042755
            ],
            [
              69067.69596199525,
              13396.67458432304
            ],
            [
              69091.44893111639,
              13396.67458432304
            ],
            [
              69097.38717339668,
              13402.612826603327
            ],
            [
              69103.32541567697,
              13402.612826603327
            ],
            [
              69109.26365795724,
              13396.67458432304
            ],
            [
              69127.07838479811,
              13396.67458432304
            ],
            [
              69133.01662707838,
              13390.736342042755
            ],
            [
              69162.70783847981,
              13390.736342042755
            ],
            [
              69168.6460807601,
              13396.67458432304
            ],
            [
              69180.52256532067,
              13396.67458432304
            ],
            [
              69186.46080760095,
              13402.612826603327
            ],
            [
              69192.39904988123,
              13402.612826603327
            ],
            [
              69204.27553444181,
              13414.489311163896
            ],
            [
              69210.2137767221,
              13414.489311163896
            ],
            [
              69216.15201900237,
              13420.42755344418
            ],
            [
              69251.78147268409,
              13420.42755344418
            ],
            [
              69257.71971496438,
              13414.489311163896
            ],
            [
              69269.59619952494,
              13414.489311163896
            ],
            [
              69275.53444180523,
              13408.551068883611
            ],
            [
              69281.47268408551,
              13408.551068883611
            ],
            [
              69287.4109263658,
              13414.489311163896
            ],
            [
              69311.16389548694,
              13414.489311163896
            ],
            [
              69317.10213776723,
              13420.42755344418
            ],
            [
              69334.91686460808,
              13420.42755344418
            ],
            [
              69340.85510688837,
              13426.365795724467
            ],
            [
              69352.73159144893,
              13426.365795724467
            ],
            [
              69358.66983372922,
              13432.304038004751
            ],
            [
              69376.48456057007,
              13432.304038004751
            ],
            [
              69382.42280285036,
              13438.242280285036
            ],
            [
              69418.05225653207,
              13438.242280285036
            ],
            [
              69423.99049881236,
              13444.18052256532
            ],
            [
              69477.43467933493,
              13444.18052256532
            ],
            [
              69483.3729216152,
              13450.118764845607
            ],
            [
              69524.9406175772,
              13450.118764845607
            ],
            [
              69530.87885985749,
              13444.18052256532
            ],
            [
              69554.63182897863,
              13444.18052256532
            ],
            [
              69560.57007125892,
              13438.242280285036
            ],
            [
              69572.44655581948,
              13438.242280285036
            ],
            [
              69578.38479809977,
              13432.304038004751
            ],
            [
              69596.19952494062,
              13432.304038004751
            ],
            [
              69602.1377672209,
              13426.365795724467
            ],
            [
              69619.95249406176,
              13426.365795724467
            ],
            [
              69625.89073634204,
              13420.42755344418
            ],
            [
              69667.45843230405,
              13420.42755344418
            ],
            [
              69673.39667458432,
              13414.489311163896
            ],
            [
              69685.2731591449,
              13414.489311163896
            ],
            [
              69691.21140142519,
              13408.551068883611
            ],
            [
              69714.96437054632,
              13408.551068883611
            ],
            [
              69720.90261282661,
              13402.612826603327
            ],
            [
              69726.84085510689,
              13408.551068883611
            ],
            [
              69786.22327790974,
              13408.551068883611
            ],
            [
              69792.16152019003,
              13414.489311163896
            ],
            [
              69821.85273159145,
              13414.489311163896
            ],
            [
              69827.79097387174,
              13420.42755344418
            ],
            [
              69833.72921615202,
              13420.42755344418
            ],
            [
              69845.6057007126,
              13432.304038004751
            ],
            [
              69851.54394299288,
              13432.304038004751
            ],
            [
              69887.17339667458,
              13467.933491686461
            ],
            [
              69899.04988123516,
              13467.933491686461
            ],
            [
              69904.98812351545,
              13473.871733966746
            ],
            [
              69910.92636579573,
              13473.871733966746
            ],
            [
              69916.86460807601,
              13467.933491686461
            ],
            [
              69922.8028503563,
              13467.933491686461
            ],
            [
              69922.8028503563,
              13194.77434679335
            ],
            [
              69916.86460807601,
              13188.836104513064
            ],
            [
              69899.04988123516,
              13188.836104513064
            ],
            [
              69869.35866983373,
              13218.527315914489
            ],
            [
              69863.42042755344,
              13218.527315914489
            ],
            [
              69857.48218527315,
              13224.465558194775
            ],
            [
              69845.6057007126,
              13224.465558194775
            ],
            [
              69839.6674584323,
              13230.40380047506
            ],
            [
              69833.72921615202,
              13230.40380047506
            ],
            [
              69821.85273159145,
              13242.28028503563
            ],
            [
              69815.91448931117,
              13242.28028503563
            ],
            [
              69809.97624703088,
              13248.218527315916
            ],
            [
              69774.34679334918,
              13248.218527315916
            ],
            [
              69768.40855106889,
              13242.28028503563
            ],
            [
              69756.53206650831,
              13242.28028503563
            ],
            [
              69750.59382422802,
              13236.342042755345
            ],
            [
              69744.65558194775,
              13236.342042755345
            ],
            [
              69738.71733966746,
              13230.40380047506
            ],
            [
              69732.77909738717,
              13230.40380047506
            ],
            [
              69726.84085510689,
              13224.465558194775
            ],
            [
              69720.90261282661,
              13224.465558194775
            ],
            [
              69714.96437054632,
              13218.527315914489
            ],
            [
              69697.14964370546,
              13218.527315914489
            ],
            [
              69691.21140142519,
              13212.589073634204
            ],
            [
              69649.64370546318,
              13212.589073634204
            ],
            [
              69643.7054631829,
              13206.65083135392
            ],
            [
              69608.0760095012,
              13206.65083135392
            ],
            [
              69602.1377672209,
              13200.712589073635
            ],
            [
              69584.32304038006,
              13200.712589073635
            ],
            [
              69578.38479809977,
              13194.77434679335
            ],
            [
              69489.31116389549,
              13194.77434679335
            ],
            [
              69483.3729216152,
              13200.712589073635
            ],
            [
              69412.11401425178,
              13200.712589073635
            ],
            [
              69406.1757719715,
              13194.77434679335
            ],
            [
              69394.29928741093,
              13194.77434679335
            ],
            [
              69388.36104513064,
              13188.836104513064
            ],
            [
              69358.66983372922,
              13188.836104513064
            ],
            [
              69352.73159144893,
              13182.89786223278
            ],
            [
              69299.28741092636,
              13182.89786223278
            ],
            [
              69293.34916864608,
              13188.836104513064
            ],
            [
              69263.65795724466,
              13188.836104513064
            ],
            [
              69257.71971496438,
              13194.77434679335
            ],
            [
              69239.90498812351,
              13194.77434679335
            ],
            [
              69233.96674584324,
              13200.712589073635
            ],
            [
              69210.2137767221,
              13200.712589073635
            ],
            [
              69204.27553444181,
              13206.65083135392
            ],
            [
              69180.52256532067,
              13206.65083135392
            ],
            [
              69174.58432304038,
              13200.712589073635
            ],
            [
              69168.6460807601,
              13200.712589073635
            ],
            [
              69150.83135391925,
              13182.89786223278
            ],
            [
              69150.83135391925,
              13176.959619952495
            ],
            [
              69127.07838479811,
              13153.206650831355
            ],
            [
              69121.14014251782,
              13153.206650831355
            ],
            [
              69115.20190023753,
              13147.26840855107
            ],
            [
              69109.26365795724,
              13147.26840855107
            ],
            [
              69103.32541567697,
              13141.330166270784
            ],
            [
              69091.44893111639,
              13141.330166270784
            ],
            [
              69085.5106888361,
              13135.391923990499
            ],
            [
              69055.81947743468,
              13135.391923990499
            ],
            [
              69049.8812351544,
              13129.453681710214
            ],
            [
              69043.94299287412,
              13135.391923990499
            ],
            [
              69020.19002375298,
              13135.391923990499
            ],
            [
              69014.25178147269,
              13141.330166270784
            ],
            [
              69008.3135391924,
              13141.330166270784
            ],
            [
              68996.43705463184,
              13153.206650831355
            ],
            [
              68984.56057007126,
              13153.206650831355
            ],
            [
              68978.62232779097,
              13159.14489311164
            ],
            [
              68966.74584323041,
              13159.14489311164
            ],
            [
              68960.80760095012,
              13165.083135391924
            ],
            [
              68942.99287410927,
              13165.083135391924
            ],
            [
              68937.05463182899,
              13171.02137767221
            ],
            [
              68931.1163895487,
              13171.02137767221
            ],
            [
              68925.17814726841,
              13165.083135391924
            ],
            [
              68853.919239905,
              13165.083135391924
            ],
            [
              68847.9809976247,
              13159.14489311164
            ],
            [
              68836.10451306413,
              13159.14489311164
            ],
            [
              68830.16627078385,
              13153.206650831355
            ],
            [
              68824.22802850357,
              13153.206650831355
            ],
            [
              68794.53681710214,
              13123.51543942993
            ],
            [
              68788.59857482185,
              13123.51543942993
            ],
            [
              68782.66033254156,
              13117.577197149643
            ],
            [
              68776.72209026129,
              13117.577197149643
            ],
            [
              68770.783847981,
              13111.638954869359
            ],
            [
              68764.84560570071,
              13111.638954869359
            ],
            [
              68758.90736342043,
              13105.700712589074
            ],
            [
              68747.03087885986,
              13105.700712589074
            ],
            [
              68735.15439429929,
              13093.824228028505
            ],
            [
              68729.216152019,
              13093.824228028505
            ],
            [
              68699.52494061759,
              13064.133016627078
            ],
            [
              68699.52494061759,
              13058.194774346794
            ],
            [
              68693.5866983373,
              13058.194774346794
            ],
            [
              68675.77197149643,
              13040.380047505938
            ],
            [
              68675.77197149643,
              13034.441805225653
            ],
            [
              68646.08076009502,
              13004.750593824228
            ],
            [
              68640.14251781473,
              13004.750593824228
            ],
            [
              68634.20427553444,
              12998.812351543944
            ],
            [
              68610.4513064133,
              12998.812351543944
            ],
            [
              68604.51306413302,
              12992.87410926366
            ],
            [
              68574.82185273159,
              12992.87410926366
            ],
            [
              68568.8836104513,
              12998.812351543944
            ],
            [
              68545.13064133016,
              12998.812351543944
            ],
            [
              68539.19239904989,
              13004.750593824228
            ],
            [
              68527.31591448931,
              13004.750593824228
            ],
            [
              68521.37767220903,
              13010.688836104513
            ],
            [
              68450.11876484561,
              13010.688836104513
            ],
            [
              68444.18052256532,
              13004.750593824228
            ],
            [
              68432.30403800476,
              13004.750593824228
            ],
            [
              68426.36579572447,
              13010.688836104513
            ],
            [
              68414.4893111639,
              13010.688836104513
            ],
            [
              68408.55106888361,
              13016.6270783848
            ],
            [
              68402.61282660333,
              13016.6270783848
            ],
            [
              68396.67458432305,
              13022.565320665084
            ],
            [
              68390.73634204276,
              13022.565320665084
            ],
            [
              68378.85985748218,
              13034.441805225653
            ],
            [
              68372.9216152019,
              13034.441805225653
            ],
            [
              68355.10688836104,
              13052.256532066509
            ],
            [
              68349.16864608077,
              13052.256532066509
            ],
            [
              68331.3539192399,
              13070.071258907365
            ],
            [
              68325.41567695962,
              13070.071258907365
            ],
            [
              68319.47743467934,
              13076.00950118765
            ],
            [
              68313.53919239905,
              13076.00950118765
            ],
            [
              68307.60095011877,
              13081.947743467934
            ],
            [
              68301.66270783848,
              13081.947743467934
            ],
            [
              68295.7244655582,
              13087.885985748218
            ],
            [
              68289.78622327792,
              13087.885985748218
            ],
            [
              68283.84798099763,
              13093.824228028505
            ],
            [
              68271.97149643705,
              13093.824228028505
            ],
            [
              68266.03325415678,
              13099.76247030879
            ],
            [
              68260.09501187649,
              13099.76247030879
            ],
            [
              68254.1567695962,
              13105.700712589074
            ],
            [
              68236.34204275535,
              13105.700712589074
            ],
            [
              68230.40380047506,
              13111.638954869359
            ],
            [
              68188.83610451307,
              13111.638954869359
            ],
            [
              68182.89786223278,
              13117.577197149643
            ],
            [
              68117.57719714964,
              13117.577197149643
            ],
            [
              68111.63895486936,
              13111.638954869359
            ],
            [
              68022.56532066509,
              13111.638954869359
            ],
            [
              68016.6270783848,
              13105.700712589074
            ],
            [
              67998.81235154395,
              13105.700712589074
            ],
            [
              67992.87410926366,
              13099.76247030879
            ],
            [
              67975.05938242281,
              13099.76247030879
            ],
            [
              67969.12114014252,
              13093.824228028505
            ],
            [
              67785.03562945369,
              13093.824228028505
            ],
            [
              67779.0973871734,
              13087.885985748218
            ],
            [
              67761.28266033254,
              13087.885985748218
            ],
            [
              67755.34441805226,
              13081.947743467934
            ],
            [
              67737.5296912114,
              13081.947743467934
            ],
            [
              67731.59144893113,
              13076.00950118765
            ],
            [
              67719.71496437055,
              13076.00950118765
            ],
            [
              67713.77672209026,
              13070.071258907365
            ],
            [
              67701.9002375297,
              13070.071258907365
            ],
            [
              67695.96199524941,
              13064.133016627078
            ],
            [
              67672.20902612827,
              13064.133016627078
            ],
            [
              67666.27078384798,
              13058.194774346794
            ],
            [
              67636.57957244656,
              13058.194774346794
            ],
            [
              67630.64133016627,
              13052.256532066509
            ],
            [
              67505.93824228029,
              13052.256532066509
            ],
            [
              67500.0,
              13058.194774346794
            ],
            [
              67476.24703087886,
              13058.194774346794
            ],
            [
              67470.30878859857,
              13052.256532066509
            ],
            [
              67434.67933491687,
              13052.256532066509
            ],
            [
              67428.74109263658,
              13046.318289786224
            ],
            [
              67422.8028503563,
              13046.318289786224
            ],
            [
              67416.86460807601,
              13040.380047505938
            ],
            [
              67410.92636579572,
              13040.380047505938
            ],
            [
              67393.11163895487,
              13022.565320665084
            ],
            [
              67393.11163895487,
              13016.6270783848
            ],
            [
              67363.42042755344,
              12986.935866983373
            ],
            [
              67357.48218527315,
              12986.935866983373
            ],
            [
              67351.54394299288,
              12980.997624703088
            ],
            [
              67345.6057007126,
              12980.997624703088
            ],
            [
              67339.6674584323,
              12975.059382422804
            ],
            [
              67315.91448931117,
              12975.059382422804
            ],
            [
              67309.97624703088,
              12969.121140142519
            ],
            [
              67292.16152019003,
              12969.121140142519
            ],
            [
              67286.22327790974,
              12963.182897862232
            ],
            [
              67250.59382422802,
              12963.182897862232
            ]
          ]
        ]
      }
    },
    {
      "type": "Feature",
      "properties": {
        "class_id": 3,
        "classification": "Darkspot & Foreign Object",
        "area": 94821.457789112
      },
      "geometry": {
        "type": "Polygon",
        "coordinates": [
          [
            [
              67743.46793349169,
              10445.368171021379
            ],
            [
              67737.5296912114,
              10451.306413301663
            ],
            [
              67725.65320665084,
              10451.306413301663
            ],
            [
              67719.71496437055,
              10457.244655581948
            ],
            [
              67713.77672209026,
              10457.244655581948
            ],
            [
              67707.83847980997,
              10463.182897862232
            ],
            [
              67701.9002375297,
              10463.182897862232
            ],
            [
              67690.02375296912,
              10475.059382422804
            ],
            [
              67684.08551068883,
              10475.059382422804
            ],
            [
              67642.51781472685,
              10516.627078384798
            ],
            [
              67642.51781472685,
              10522.565320665084
            ],
            [
              67630.64133016627,
              10534.441805225653
            ],
            [
              67630.64133016627,
              10540.380047505938
            ],
            [
              67624.703087886,
              10546.318289786224
            ],
            [
              67624.703087886,
              10558.194774346794
            ],
            [
              67618.7648456057,
              10564.133016627078
            ],
            [
              67618.7648456057,
              10576.00950118765
            ],
            [
              67612.82660332542,
              10581.947743467934
            ],
            [
              67612.82660332542,
              10587.885985748218
            ],
            [
              67600.95011876484,
              10599.76247030879
            ],
            [
              67606.88836104513,
              10605.700712589074
            ],
            [
              67606.88836104513,
              10629.453681710214
            ],
            [
              67612.82660332542,
              10635.391923990499
            ],
            [
              67612.82660332542,
              10665.083135391924
            ],
            [
              67618.7648456057,
              10671.02137767221
            ],
            [
              67618.7648456057,
              10694.774346793349
            ],
            [
              67624.703087886,
              10700.712589073635
            ],
            [
              67624.703087886,
              10718.527315914489
            ],
            [
              67630.64133016627,
              10724.465558194775
            ],
            [
              67630.64133016627,
              10771.971496437054
            ],
            [
              67636.57957244656,
              10777.90973871734
            ],
            [
              67636.57957244656,
              10783.847980997625
            ],
            [
              67642.51781472685,
              10789.78622327791
            ],
            [
              67642.51781472685,
              10795.724465558194
            ],
            [
              67648.45605700713,
              10801.66270783848
            ],
            [
              67648.45605700713,
              10807.600950118765
            ],
            [
              67654.3942992874,
              10813.53919239905
            ],
            [
              67654.3942992874,
              10819.477434679335
            ],
            [
              67660.3325415677,
              10825.415676959621
            ],
            [
              67660.3325415677,
              10831.353919239906
            ],
            [
              67672.20902612827,
              10843.230403800475
            ],
            [
              67672.20902612827,
              10849.168646080761
            ],
            [
              67690.02375296912,
              10866.983372921615
            ],
            [
              67695.96199524941,
              10866.983372921615
            ],
            [
              67701.9002375297,
              10872.9216152019
            ],
            [
              67707.83847980997,
              10872.9216152019
            ],
            [
              67713.77672209026,
              10878.859857482186
            ],
            [
              67731.59144893113,
              10878.859857482186
            ],
            [
              67737.5296912114,
              10884.79809976247
            ],
            [
              67743.46793349169,
              10884.79809976247
            ],
            [
              67749.40617577198,
              10878.859857482186
            ],
            [
              67773.15914489311,
              10878.859857482186
            ],
            [
              67796.91211401425,
              10855.106888361046
            ],
            [
              67796.91211401425,
              10849.168646080761
            ],
            [
              67802.85035629454,
              10843.230403800475
            ],
            [
              67802.85035629454,
              10831.353919239906
            ],
            [
              67808.78859857483,
              10825.415676959621
            ],
            [
              67808.78859857483,
              10807.600950118765
            ],
            [
              67814.7268408551,
              10801.66270783848
            ],
            [
              67814.7268408551,
              10795.724465558194
            ],
            [
              67838.47980997626,
              10771.971496437054
            ],
            [
              67838.47980997626,
              10766.03325415677
            ],
            [
              67856.2945368171,
              10748.218527315916
            ],
            [
              67856.2945368171,
              10742.28028503563
            ],
            [
              67862.2327790974,
              10736.342042755345
            ],
            [
              67862.2327790974,
              10730.40380047506
            ],
            [
              67874.10926365796,
              10718.527315914489
            ],
            [
              67874.10926365796,
              10706.65083135392
            ],
            [
              67880.04750593824,
              10700.712589073635
            ],
            [
              67880.04750593824,
              10694.774346793349
            ],
            [
              67885.98574821853,
              10688.836104513064
            ],
            [
              67885.98574821853,
              10671.02137767221
            ],
            [
              67891.92399049882,
              10665.083135391924
            ],
            [
              67891.92399049882,
              10653.206650831355
            ],
            [
              67897.8622327791,
              10647.26840855107
            ],
            [
              67897.8622327791,
              10629.453681710214
            ],
            [
              67903.80047505938,
              10623.51543942993
            ],
            [
              67903.80047505938,
              10558.194774346794
            ],
            [
              67897.8622327791,
              10552.256532066509
            ],
            [
              67897.8622327791,
              10540.380047505938
            ],
            [
              67891.92399049882,
              10534.441805225653
            ],
            [
              67891.92399049882,
              10528.503562945369
            ],
            [
              67885.98574821853,
              10522.565320665084
            ],
            [
              67885.98574821853,
              10516.627078384798
            ],
            [
              67880.04750593824,
              10510.688836104513
            ],
            [
              67880.04750593824,
              10504.750593824228
            ],
            [
              67850.35629453682,
              10475.059382422804
            ],
            [
              67844.41805225653,
              10475.059382422804
            ],
            [
              67838.47980997626,
              10469.121140142519
            ],
            [
              67832.54156769597,
              10469.121140142519
            ],
            [
              67826.60332541568,
              10463.182897862232
            ],
            [
              67820.66508313539,
              10463.182897862232
            ],
            [
              67814.7268408551,
              10457.244655581948
            ],
            [
              67808.78859857483,
              10457.244655581948
            ],
            [
              67802.85035629454,
              10451.306413301663
            ],
            [
              67790.97387173396,
              10451.306413301663
            ],
            [
              67785.03562945369,
              10445.368171021379
            ],
            [
              67743.46793349169,
              10445.368171021379
            ]
          ]
        ]
      }
    },
    {
      "type": "Feature",
      "properties": {
        "class_id": 3,
        "classification": "Darkspot & Foreign Object",
        "area": 2133.3946434515715
      },
      "geometry": {
        "type": "Polygon",
        "coordinates": [
          [
            [
              54631.82897862233,
              6045.130641330166
            ],
            [
              54625.890736342044,
              6051.068883610452
            ],
            [
              54619.95249406176,
              6051.068883610452
            ],
            [
              54614.014251781475,
              6057.0071258907365
            ],
            [
              54614.014251781475,
              6074.821852731592
            ],
            [
              54691.21140142518,
              6074.821852731592
            ],
            [
              54691.21140142518,
              6051.068883610452
            ],
            [
              54685.2731591449,
              6051.068883610452
            ],
            [
              54679.33491686461,
              6045.130641330166
            ],
            [
              54631.82897862233,
              6045.130641330166
            ]
          ]
        ]
      }
    },
    {
      "type": "Feature",
      "properties": {
        "class_id": 3,
        "classification": "Darkspot & Foreign Object",
        "area": 141.05088551745928
      },
      "geometry": {
        "type": "Polygon",
        "coordinates": [
          [
            [
              48741.092636579575,
              6039.192399049882
            ],
            [
              48741.092636579575,
              6068.883610451307
            ],
            [
              48752.969121140144,
              6057.0071258907365
            ],
            [
              48741.092636579575,
              6045.130641330166
            ],
            [
              48741.092636579575,
              6039.192399049882
            ]
          ]
        ]
      }
    },
    {
      "type": "Feature",
      "properties": {
        "class_id": 3,
        "classification": "Darkspot & Foreign Object",
        "area": 317.3644924142834
      },
      "geometry": {
        "type": "Polygon",
        "coordinates": [
          [
            [
              48782.66033254157,
              5938.242280285036
            ],
            [
              48782.66033254157,
              5967.933491686461
            ],
            [
              48788.59857482185,
              5961.995249406176
            ],
            [
              48788.59857482185,
              5956.057007125891
            ],
            [
              48806.41330166271,
              5938.242280285036
            ],
            [
              48782.66033254157,
              5938.242280285036
            ]
          ]
        ]
      }
    },
    {
      "type": "Feature",
      "properties": {
        "class_id": 3,
        "classification": "Darkspot & Foreign Object",
        "area": 28174.914382112493
      },
      "geometry": {
        "type": "Polygon",
        "coordinates": [
          [
            [
              48663.89548693587,
              5665.083135391924
            ],
            [
              48663.89548693587,
              5694.77434679335
            ],
            [
              48657.95724465558,
              5700.712589073634
            ],
            [
              48646.080760095014,
              5700.712589073634
            ],
            [
              48646.080760095014,
              5896.674584323041
            ],
            [
              48776.72209026128,
              5896.674584323041
            ],
            [
              48776.72209026128,
              5700.712589073634
            ],
            [
              48741.092636579575,
              5700.712589073634
            ],
            [
              48735.15439429929,
              5694.77434679335
            ],
            [
              48735.15439429929,
              5665.083135391924
            ],
            [
              48663.89548693587,
              5665.083135391924
            ]
          ]
        ]
      }
    },
    {
      "type": "Feature",
      "properties": {
        "class_id": 3,
        "classification": "Darkspot & Foreign Object",
        "area": 0.0
      },
      "geometry": {
        "type": "Polygon",
        "coordinates": [
          [
            [
              52161.52019002375,
              5433.491686460808
            ],
            [
              52155.58194774347,
              5439.429928741093
            ],
            [
              52149.64370546318,
              5439.429928741093
            ],
            [
              52155.58194774347,
              5439.429928741093
            ],
            [
              52161.52019002375,
              5433.491686460808
            ]
          ]
        ]
      }
    },
    {
      "type": "Feature",
      "properties": {
        "class_id": 3,
        "classification": "Darkspot & Foreign Object",
        "area": 1040.250280691262
      },
      "geometry": {
        "type": "Polygon",
        "coordinates": [
          [
            [
              50029.69121140143,
              5421.6152019002375
            ],
            [
              50029.69121140143,
              5427.553444180523
            ],
            [
              50053.444180522565,
              5451.306413301663
            ],
            [
              50065.320665083134,
              5451.306413301663
            ],
            [
              50071.25890736342,
              5457.244655581948
            ],
            [
              50083.13539192399,
              5457.244655581948
            ],
            [
              50089.07363420428,
              5463.182897862233
            ],
            [
              50071.25890736342,
              5445.368171021378
            ],
            [
              50071.25890736342,
              5421.6152019002375
            ],
            [
              50029.69121140143,
              5421.6152019002375
            ]
          ]
        ]
      }
    },
    {
      "type": "Feature",
      "properties": {
        "class_id": 3,
        "classification": "Darkspot & Foreign Object",
        "area": 3974179.2248971737
      },
      "geometry": {
        "type": "Polygon",
        "coordinates": [
          [
            [
              58616.38954869359,
              5184.085510688837
            ],
            [
              58616.38954869359,
              5190.023752969121
            ],
            [
              58604.51306413302,
              5201.900237529691
            ],
            [
              58604.51306413302,
              5213.7767220902615
            ],
            [
              58598.57482185274,
              5219.714964370546
            ],
            [
              58598.57482185274,
              5225.653206650832
            ],
            [
              58592.63657957245,
              5231.591448931116
            ],
            [
              58592.63657957245,
              5237.529691211402
            ],
            [
              58586.69833729216,
              5243.467933491686
            ],
            [
              58580.76009501188,
              5243.467933491686
            ],
            [
              58568.88361045131,
              5255.3444180522565
            ],
            [
              58562.94536817102,
              5255.3444180522565
            ],
            [
              58557.00712589074,
              5261.282660332542
            ],
            [
              58444.18052256532,
              5261.282660332542
            ],
            [
              58438.24228028504,
              5267.220902612827
            ],
            [
              58426.365795724465,
              5267.220902612827
            ],
            [
              58420.427553444184,
              5273.159144893112
            ],
            [
              58414.489311163896,
              5273.159144893112
            ],
            [
              58408.551068883615,
              5279.097387173397
            ],
            [
              58390.73634204276,
              5279.097387173397
            ],
            [
              58384.79809976247,
              5285.035629453682
            ],
            [
              58301.662707838484,
              5285.035629453682
            ],
            [
              58295.724465558196,
              5290.973871733967
            ],
            [
              58260.09501187649,
              5290.973871733967
            ],
            [
              58254.1567695962,
              5296.912114014252
            ],
            [
              58248.21852731592,
              5296.912114014252
            ],
            [
              58242.28028503563,
              5290.973871733967
            ],
            [
              58236.34204275535,
              5290.973871733967
            ],
            [
              58230.40380047506,
              5296.912114014252
            ],
            [
              58212.589073634204,
              5296.912114014252
            ],
            [
              58206.65083135392,
              5302.850356294537
            ],
            [
              58188.836104513066,
              5302.850356294537
            ],
            [
              58182.897862232785,
              5308.788598574822
            ],
            [
              58165.08313539193,
              5308.788598574822
            ],
            [
              58159.14489311164,
              5314.726840855107
            ],
            [
              58135.3919239905,
              5314.726840855107
            ],
            [
              58129.45368171021,
              5320.665083135392
            ],
            [
              58117.57719714964,
              5320.665083135392
            ],
            [
              58111.63895486936,
              5326.603325415677
            ],
            [
              58081.947743467936,
              5326.603325415677
            ],
            [
              58076.00950118765,
              5332.541567695962
            ],
            [
              58022.56532066508,
              5332.541567695962
            ],
            [
              58016.6270783848,
              5338.479809976247
            ],
            [
              58004.75059382423,
              5338.479809976247
            ],
            [
              57998.812351543944,
              5344.418052256532
            ],
            [
              57986.935866983375,
              5344.418052256532
            ],
            [
              57980.99762470309,
              5350.356294536818
            ],
            [
              57975.059382422805,
              5350.356294536818
            ],
            [
              57969.12114014252,
              5356.294536817102
            ],
            [
              57951.30641330167,
              5356.294536817102
            ],
            [
              57945.36817102138,
              5362.232779097388
            ],
            [
              57933.49168646081,
              5362.232779097388
            ],
            [
              57927.55344418053,
              5368.171021377672
            ],
            [
              57909.73871733967,
              5368.171021377672
            ],
            [
              57903.80047505938,
              5374.109263657958
            ],
            [
              57832.54156769597,
              5374.109263657958
            ],
            [
              57826.60332541568,
              5368.171021377672
            ],
            [
              57820.66508313539,
              5368.171021377672
            ],
            [
              57814.72684085511,
              5362.232779097388
            ],
            [
              57808.78859857482,
              5362.232779097388
            ],
            [
              57802.85035629454,
              5356.294536817102
            ],
            [
              57796.91211401425,
              5356.294536817102
            ],
            [
              57790.97387173397,
              5350.356294536818
            ],
            [
              57767.220902612826,
              5350.356294536818
            ],
            [
              57761.282660332545,
              5344.418052256532
            ],
            [
              57761.282660332545,
              5320.665083135392
            ],
            [
              57755.34441805226,
              5314.726840855107
            ],
            [
              57731.59144893112,
              5314.726840855107
            ],
            [
              57719.71496437055,
              5326.603325415677
            ],
            [
              57713.77672209026,
              5326.603325415677
            ],
            [
              57701.90023752969,
              5338.479809976247
            ],
            [
              57695.96199524941,
              5338.479809976247
            ],
            [
              57684.08551068884,
              5350.356294536818
            ],
            [
              57678.14726840855,
              5350.356294536818
            ],
            [
              57666.270783847984,
              5362.232779097388
            ],
            [
              57660.332541567695,
              5362.232779097388
            ],
            [
              57636.57957244656,
              5385.985748218527
            ],
            [
              57630.641330166276,
              5385.985748218527
            ],
            [
              57618.7648456057,
              5397.862232779097
            ],
            [
              57612.82660332542,
              5397.862232779097
            ],
            [
              57606.88836104513,
              5403.800475059383
            ],
            [
              57600.95011876485,
              5403.800475059383
            ],
            [
              57547.505938242284,
              5457.244655581948
            ],
            [
              57541.567695961996,
              5457.244655581948
            ],
            [
              57535.629453681715,
              5463.182897862233
            ],
            [
              57529.69121140143,
              5463.182897862233
            ],
            [
              57523.752969121146,
              5457.244655581948
            ],
            [
              57511.87648456057,
              5457.244655581948
            ],
            [
              57500.0,
              5445.368171021378
            ],
            [
              57494.06175771972,
              5445.368171021378
            ],
            [
              57488.12351543943,
              5439.429928741093
            ],
            [
              57482.18527315915,
              5439.429928741093
            ],
            [
              57440.617577197154,
              5397.862232779097
            ],
            [
              57440.617577197154,
              5391.923990498813
            ],
            [
              57339.667458432305,
              5290.973871733967
            ],
            [
              57333.72921615202,
              5290.973871733967
            ],
            [
              57315.914489311166,
              5273.159144893112
            ],
            [
              57309.97624703088,
              5273.159144893112
            ],
            [
              57286.22327790974,
              5249.406175771972
            ],
            [
              57280.28503562946,
              5249.406175771972
            ],
            [
              57256.53206650831,
              5225.653206650832
            ],
            [
              57256.53206650831,
              5201.900237529691
            ],
            [
              57244.65558194774,
              5190.023752969121
            ],
            [
              57220.902612826605,
              5190.023752969121
            ],
            [
              57214.964370546324,
              5195.961995249407
            ],
            [
              57137.76722090261,
              5195.961995249407
            ],
            [
              57131.82897862233,
              5201.900237529691
            ],
            [
              57119.95249406176,
              5201.900237529691
            ],
            [
              57114.014251781475,
              5207.838479809977
            ],
            [
              57102.137767220906,
              5207.838479809977
            ],
            [
              57096.19952494062,
              5213.7767220902615
            ],
            [
              57007.125890736344,
              5213.7767220902615
            ],
            [
              57001.187648456056,
              5207.838479809977
            ],
            [
              56965.55819477435,
              5207.838479809977
            ],
            [
              56959.61995249407,
              5201.900237529691
            ],
            [
              56953.68171021378,
              5201.900237529691
            ],
            [
              56947.74346793349,
              5207.838479809977
            ],
            [
              56923.99049881235,
              5207.838479809977
            ],
            [
              56918.05225653207,
              5213.7767220902615
            ],
            [
              56906.175771971495,
              5213.7767220902615
            ],
            [
              56900.237529691214,
              5219.714964370546
            ],
            [
              56894.299287410926,
              5219.714964370546
            ],
            [
              56888.361045130645,
              5225.653206650832
            ],
            [
              56882.42280285036,
              5225.653206650832
            ],
            [
              56876.484560570076,
              5231.591448931116
            ],
            [
              56870.54631828979,
              5231.591448931116
            ],
            [
              56864.60807600951,
              5237.529691211402
            ],
            [
              56846.79334916865,
              5237.529691211402
            ],
            [
              56840.85510688836,
              5243.467933491686
            ],
            [
              56834.91686460808,
              5237.529691211402
            ],
            [
              56763.65795724466,
              5237.529691211402
            ],
            [
              56739.90498812352,
              5261.282660332542
            ],
            [
              56733.96674584323,
              5261.282660332542
            ],
            [
              56728.02850356295,
              5267.220902612827
            ],
            [
              56722.09026128266,
              5267.220902612827
            ],
            [
              56716.15201900238,
              5273.159144893112
            ],
            [
              56704.27553444181,
              5273.159144893112
            ],
            [
              56698.33729216152,
              5279.097387173397
            ],
            [
              56674.584323040384,
              5279.097387173397
            ],
            [
              56668.646080760096,
              5285.035629453682
            ],
            [
              56650.83135391924,
              5285.035629453682
            ],
            [
              56644.89311163896,
              5290.973871733967
            ],
            [
              56627.0783847981,
              5290.973871733967
            ],
            [
              56621.14014251782,
              5296.912114014252
            ],
            [
              56508.3135391924,
              5296.912114014252
            ],
            [
              56502.37529691212,
              5302.850356294537
            ],
            [
              56478.622327790974,
              5302.850356294537
            ],
            [
              56472.68408551069,
              5308.788598574822
            ],
            [
              56466.745843230405,
              5308.788598574822
            ],
            [
              56460.807600950124,
              5314.726840855107
            ],
            [
              56448.931116389555,
              5314.726840855107
            ],
            [
              56442.992874109266,
              5320.665083135392
            ],
            [
              56419.23990498813,
              5320.665083135392
            ],
            [
              56413.30166270784,
              5314.726840855107
            ],
            [
              56371.733966745844,
              5314.726840855107
            ],
            [
              56365.79572446556,
              5320.665083135392
            ],
            [
              56359.857482185274,
              5320.665083135392
            ],
            [
              56353.91923990499,
              5326.603325415677
            ],
            [
              56347.980997624705,
              5326.603325415677
            ],
            [
              56342.04275534442,
              5332.541567695962
            ],
            [
              56330.16627078385,
              5332.541567695962
            ],
            [
              56324.22802850357,
              5338.479809976247
            ],
            [
              56294.53681710214,
              5338.479809976247
            ],
            [
              56276.72209026128,
              5320.665083135392
            ],
            [
              56276.72209026128,
              5308.788598574822
            ],
            [
              56235.15439429929,
              5308.788598574822
            ],
            [
              56229.216152019006,
              5314.726840855107
            ],
            [
              56193.5866983373,
              5314.726840855107
            ],
            [
              56187.64845605701,
              5308.788598574822
            ],
            [
              56175.77197149644,
              5308.788598574822
            ],
            [
              56169.83372921615,
              5302.850356294537
            ],
            [
              56152.0190023753,
              5302.850356294537
            ],
            [
              56146.080760095014,
              5296.912114014252
            ],
            [
              56128.266033254156,
              5296.912114014252
            ],
            [
              56122.327790973875,
              5290.973871733967
            ],
            [
              56003.562945368176,
              5290.973871733967
            ],
            [
              55997.62470308789,
              5285.035629453682
            ],
            [
              55926.365795724465,
              5285.035629453682
            ],
            [
              55920.427553444184,
              5290.973871733967
            ],
            [
              55890.73634204276,
              5290.973871733967
            ],
            [
              55884.79809976247,
              5296.912114014252
            ],
            [
              55872.9216152019,
              5296.912114014252
            ],
            [
              55866.98337292162,
              5302.850356294537
            ],
            [
              55849.16864608076,
              5302.850356294537
            ],
            [
              55843.23040380048,
              5308.788598574822
            ],
            [
              55831.353919239904,
              5308.788598574822
            ],
            [
              55825.41567695962,
              5314.726840855107
            ],
            [
              55801.662707838484,
              5314.726840855107
            ],
            [
              55795.724465558196,
              5320.665083135392
            ],
            [
              55748.21852731592,
              5320.665083135392
            ],
            [
              55742.28028503563,
              5314.726840855107
            ],
            [
              55724.46555819477,
              5314.726840855107
            ],
            [
              55718.52731591449,
              5308.788598574822
            ],
            [
              55706.65083135392,
              5308.788598574822
            ],
            [
              55700.712589073635,
              5302.850356294537
            ],
            [
              55688.836104513066,
              5302.850356294537
            ],
            [
              55682.89786223278,
              5296.912114014252
            ],
            [
              55665.08313539193,
              5314.726840855107
            ],
            [
              55647.26840855107,
              5314.726840855107
            ],
            [
              55641.33016627079,
              5308.788598574822
            ],
            [
              55635.3919239905,
              5308.788598574822
            ],
            [
              55623.51543942993,
              5296.912114014252
            ],
            [
              55623.51543942993,
              5279.097387173397
            ],
            [
              55617.57719714964,
              5273.159144893112
            ],
            [
              55587.885985748224,
              5273.159144893112
            ],
            [
              55581.947743467936,
              5279.097387173397
            ],
            [
              55522.56532066508,
              5279.097387173397
            ],
            [
              55516.6270783848,
              5273.159144893112
            ],
            [
              55498.812351543944,
              5273.159144893112
            ],
            [
              55492.87410926366,
              5267.220902612827
            ],
            [
              55421.61520190024,
              5267.220902612827
            ],
            [
              55415.67695961995,
              5273.159144893112
            ],
            [
              55397.8622327791,
              5273.159144893112
            ],
            [
              55391.92399049881,
              5279.097387173397
            ],
            [
              55374.109263657956,
              5279.097387173397
            ],
            [
              55368.171021377675,
              5285.035629453682
            ],
            [
              55302.85035629454,
              5285.035629453682
            ],
            [
              55296.91211401425,
              5290.973871733967
            ],
            [
              55290.97387173397,
              5285.035629453682
            ],
            [
              55273.159144893114,
              5285.035629453682
            ],
            [
              55267.220902612826,
              5290.973871733967
            ],
            [
              55267.220902612826,
              5296.912114014252
            ],
            [
              55243.46793349169,
              5320.665083135392
            ],
            [
              55237.529691211406,
              5320.665083135392
            ],
            [
              55231.59144893112,
              5326.603325415677
            ],
            [
              55225.65320665084,
              5326.603325415677
            ],
            [
              55219.71496437055,
              5332.541567695962
            ],
            [
              55213.77672209026,
              5332.541567695962
            ],
            [
              55207.83847980998,
              5338.479809976247
            ],
            [
              55195.96199524941,
              5338.479809976247
            ],
            [
              55190.02375296912,
              5344.418052256532
            ],
            [
              55184.08551068884,
              5344.418052256532
            ],
            [
              55178.14726840855,
              5338.479809976247
            ],
            [
              55136.57957244656,
              5338.479809976247
            ],
            [
              55118.7648456057,
              5320.665083135392
            ],
            [
              55118.7648456057,
              5314.726840855107
            ],
            [
              55041.567695961996,
              5314.726840855107
            ],
            [
              55035.629453681715,
              5308.788598574822
            ],
            [
              54994.06175771972,
              5308.788598574822
            ],
            [
              54988.12351543943,
              5302.850356294537
            ],
            [
              54940.617577197154,
              5302.850356294537
            ],
            [
              54934.679334916866,
              5296.912114014252
            ],
            [
              54887.17339667459,
              5296.912114014252
            ],
            [
              54881.2351543943,
              5290.973871733967
            ],
            [
              54869.35866983373,
              5290.973871733967
            ],
            [
              54863.42042755344,
              5285.035629453682
            ],
            [
              54851.543942992874,
              5285.035629453682
            ],
            [
              54845.60570071259,
              5279.097387173397
            ],
            [
              54780.28503562946,
              5279.097387173397
            ],
            [
              54774.34679334917,
              5273.159144893112
            ],
            [
              54762.4703087886,
              5273.159144893112
            ],
            [
              54756.53206650831,
              5267.220902612827
            ],
            [
              54738.71733966746,
              5267.220902612827
            ],
            [
              54732.779097387174,
              5273.159144893112
            ],
            [
              54726.84085510689,
              5273.159144893112
            ],
            [
              54726.84085510689,
              5279.097387173397
            ],
            [
              54720.902612826605,
              5285.035629453682
            ],
            [
              54714.964370546324,
              5285.035629453682
            ],
            [
              54709.026128266036,
              5279.097387173397
            ],
            [
              54679.33491686461,
              5279.097387173397
            ],
            [
              54673.39667458433,
              5285.035629453682
            ],
            [
              54667.45843230404,
              5285.035629453682
            ],
            [
              54661.52019002375,
              5290.973871733967
            ],
            [
              54655.58194774347,
              5290.973871733967
            ],
            [
              54649.64370546318,
              5296.912114014252
            ],
            [
              54643.7054631829,
              5296.912114014252
            ],
            [
              54637.76722090261,
              5302.850356294537
            ],
            [
              54631.82897862233,
              5302.850356294537
            ],
            [
              54625.890736342044,
              5308.788598574822
            ],
            [
              54602.137767220906,
              5308.788598574822
            ],
            [
              54596.19952494062,
              5314.726840855107
            ],
            [
              54572.44655581948,
              5314.726840855107
            ],
            [
              54566.5083135392,
              5320.665083135392
            ],
            [
              54536.81710213777,
              5320.665083135392
            ],
            [
              54530.87885985748,
              5326.603325415677
            ],
            [
              54489.31116389549,
              5326.603325415677
            ],
            [
              54483.372921615206,
              5332.541567695962
            ],
            [
              54459.61995249407,
              5332.541567695962
            ],
            [
              54453.68171021378,
              5338.479809976247
            ],
            [
              54382.42280285036,
              5338.479809976247
            ],
            [
              54376.484560570076,
              5344.418052256532
            ],
            [
              54364.60807600951,
              5344.418052256532
            ],
            [
              54358.66983372922,
              5350.356294536818
            ],
            [
              54346.79334916865,
              5350.356294536818
            ],
            [
              54340.85510688836,
              5356.294536817102
            ],
            [
              54323.04038004751,
              5356.294536817102
            ],
            [
              54317.10213776722,
              5362.232779097388
            ],
            [
              54287.410926365796,
              5362.232779097388
            ],
            [
              54281.472684085515,
              5368.171021377672
            ],
            [
              54263.65795724466,
              5368.171021377672
            ],
            [
              54257.719714964376,
              5374.109263657958
            ],
            [
              54233.96674584323,
              5374.109263657958
            ],
            [
              54228.02850356295,
              5368.171021377672
            ],
            [
              54198.33729216152,
              5368.171021377672
            ],
            [
              54192.399049881235,
              5374.109263657958
            ],
            [
              54174.584323040384,
              5374.109263657958
            ],
            [
              54168.646080760096,
              5380.0475059382425
            ],
            [
              54150.83135391924,
              5380.0475059382425
            ],
            [
              54144.89311163896,
              5385.985748218527
            ],
            [
              54121.14014251782,
              5385.985748218527
            ],
            [
              54115.20190023753,
              5391.923990498813
            ],
            [
              54085.510688836104,
              5391.923990498813
            ],
            [
              54079.57244655582,
              5397.862232779097
            ],
            [
              54043.94299287411,
              5397.862232779097
            ],
            [
              54038.00475059383,
              5403.800475059383
            ],
            [
              53978.622327790974,
              5403.800475059383
            ],
            [
              53972.68408551069,
              5397.862232779097
            ],
            [
              53954.869358669835,
              5397.862232779097
            ],
            [
              53948.93111638955,
              5391.923990498813
            ],
            [
              53931.1163895487,
              5391.923990498813
            ],
            [
              53925.17814726841,
              5385.985748218527
            ],
            [
              53889.5486935867,
              5385.985748218527
            ],
            [
              53883.61045130641,
              5391.923990498813
            ],
            [
              53830.16627078385,
              5391.923990498813
            ],
            [
              53824.22802850357,
              5397.862232779097
            ],
            [
              53717.33966745844,
              5397.862232779097
            ],
            [
              53711.40142517815,
              5391.923990498813
            ],
            [
              53663.89548693587,
              5391.923990498813
            ],
            [
              53657.95724465558,
              5385.985748218527
            ],
            [
              53646.080760095014,
              5385.985748218527
            ],
            [
              53640.142517814726,
              5391.923990498813
            ],
            [
              53592.63657957245,
              5391.923990498813
            ],
            [
              53586.69833729216,
              5397.862232779097
            ],
            [
              53562.94536817102,
              5397.862232779097
            ],
            [
              53557.00712589074,
              5403.800475059383
            ],
            [
              53551.06888361045,
              5397.862232779097
            ],
            [
              53539.19239904988,
              5397.862232779097
            ],
            [
              53533.254156769595,
              5403.800475059383
            ],
            [
              53473.87173396675,
              5403.800475059383
            ],
            [
              53467.93349168646,
              5397.862232779097
            ],
            [
              53319.477434679335,
              5397.862232779097
            ],
            [
              53313.539192399054,
              5391.923990498813
            ],
            [
              53230.40380047506,
              5391.923990498813
            ],
            [
              53224.46555819477,
              5385.985748218527
            ],
            [
              53147.26840855107,
              5385.985748218527
            ],
            [
              53141.33016627079,
              5391.923990498813
            ],
            [
              53076.00950118765,
              5391.923990498813
            ],
            [
              53070.07125890737,
              5397.862232779097
            ],
            [
              53028.50356294537,
              5397.862232779097
            ],
            [
              53022.56532066508,
              5403.800475059383
            ],
            [
              52915.67695961995,
              5403.800475059383
            ],
            [
              52909.73871733967,
              5409.738717339667
            ],
            [
              52885.98574821853,
              5409.738717339667
            ],
            [
              52880.047505938244,
              5415.676959619953
            ],
            [
              52767.220902612826,
              5415.676959619953
            ],
            [
              52761.282660332545,
              5409.738717339667
            ],
            [
              52684.08551068884,
              5409.738717339667
            ],
            [
              52678.14726840855,
              5403.800475059383
            ],
            [
              52654.394299287414,
              5403.800475059383
            ],
            [
              52648.456057007126,
              5397.862232779097
            ],
            [
              52612.82660332542,
              5397.862232779097
            ],
            [
              52606.88836104513,
              5391.923990498813
            ],
            [
              52553.444180522565,
              5391.923990498813
            ],
            [
              52547.505938242284,
              5385.985748218527
            ],
            [
              52529.69121140143,
              5385.985748218527
            ],
            [
              52523.752969121146,
              5380.0475059382425
            ],
            [
              52511.87648456057,
              5380.0475059382425
            ],
            [
              52505.93824228029,
              5374.109263657958
            ],
            [
              52500.0,
              5374.109263657958
            ],
            [
              52494.06175771972,
              5368.171021377672
            ],
            [
              52488.12351543943,
              5374.109263657958
            ],
            [
              52482.18527315915,
              5374.109263657958
            ],
            [
              52476.24703087886,
              5380.0475059382425
            ],
            [
              52464.37054631829,
              5380.0475059382425
            ],
            [
              52458.432304038004,
              5385.985748218527
            ],
            [
              52452.49406175772,
              5385.985748218527
            ],
            [
              52446.555819477435,
              5391.923990498813
            ],
            [
              52440.617577197154,
              5391.923990498813
            ],
            [
              52434.679334916866,
              5397.862232779097
            ],
            [
              52428.741092636585,
              5397.862232779097
            ],
            [
              52393.11163895487,
              5433.491686460808
            ],
            [
              52381.2351543943,
              5433.491686460808
            ],
            [
              52357.48218527316,
              5409.738717339667
            ],
            [
              52351.543942992874,
              5409.738717339667
            ],
            [
              52345.60570071259,
              5403.800475059383
            ],
            [
              52327.790973871735,
              5403.800475059383
            ],
            [
              52321.852731591454,
              5409.738717339667
            ],
            [
              52315.914489311166,
              5409.738717339667
            ],
            [
              52298.09976247031,
              5427.553444180523
            ],
            [
              52298.09976247031,
              5439.429928741093
            ],
            [
              52292.16152019003,
              5445.368171021378
            ],
            [
              52292.16152019003,
              5457.244655581948
            ],
            [
              52274.34679334917,
              5475.059382422803
            ],
            [
              52244.65558194774,
              5475.059382422803
            ],
            [
              52238.71733966746,
              5480.997624703088
            ],
            [
              52214.96437054632,
              5480.997624703088
            ],
            [
              52209.026128266036,
              5486.935866983373
            ],
            [
              52179.33491686461,
              5486.935866983373
            ],
            [
              52173.39667458433,
              5480.997624703088
            ],
            [
              52119.95249406176,
              5480.997624703088
            ],
            [
              52114.014251781475,
              5486.935866983373
            ],
            [
              52096.19952494062,
              5486.935866983373
            ],
            [
              52090.261282660336,
              5492.874109263658
            ],
            [
              52060.57007125891,
              5492.874109263658
            ],
            [
              52054.63182897862,
              5498.812351543943
            ],
            [
              52042.75534441805,
              5498.812351543943
            ],
            [
              52036.81710213777,
              5492.874109263658
            ],
            [
              52024.9406175772,
              5492.874109263658
            ],
            [
              52019.002375296914,
              5486.935866983373
            ],
            [
              52013.06413301663,
              5486.935866983373
            ],
            [
              52007.125890736344,
              5480.997624703088
            ],
            [
              52001.187648456056,
              5480.997624703088
            ],
            [
              51989.31116389549,
              5469.121140142518
            ],
            [
              51935.86698337292,
              5469.121140142518
            ],
            [
              51929.92874109264,
              5463.182897862233
            ],
            [
              51918.05225653207,
              5463.182897862233
            ],
            [
              51912.11401425178,
              5457.244655581948
            ],
            [
              51894.299287410926,
              5457.244655581948
            ],
            [
              51888.361045130645,
              5451.306413301663
            ],
            [
              51846.79334916865,
              5451.306413301663
            ],
            [
              51840.85510688836,
              5457.244655581948
            ],
            [
              51799.287410926365,
              5457.244655581948
            ],
            [
              51793.349168646084,
              5463.182897862233
            ],
            [
              51739.90498812352,
              5463.182897862233
            ],
            [
              51733.96674584323,
              5457.244655581948
            ],
            [
              51722.09026128266,
              5457.244655581948
            ],
            [
              51716.15201900238,
              5451.306413301663
            ],
            [
              51686.46080760095,
              5451.306413301663
            ],
            [
              51680.522565320665,
              5445.368171021378
            ],
            [
              51680.522565320665,
              5409.738717339667
            ],
            [
              51668.646080760096,
              5397.862232779097
            ],
            [
              51656.76959619953,
              5397.862232779097
            ],
            [
              51627.0783847981,
              5427.553444180523
            ],
            [
              51627.0783847981,
              5433.491686460808
            ],
            [
              51597.38717339667,
              5463.182897862233
            ],
            [
              51585.510688836104,
              5463.182897862233
            ],
            [
              51579.57244655582,
              5469.121140142518
            ],
            [
              51573.634204275535,
              5469.121140142518
            ],
            [
              51567.695961995254,
              5475.059382422803
            ],
            [
              51502.37529691212,
              5475.059382422803
            ],
            [
              51496.43705463183,
              5469.121140142518
            ],
            [
              51466.745843230405,
              5469.121140142518
            ],
            [
              51460.807600950124,
              5463.182897862233
            ],
            [
              51389.5486935867,
              5463.182897862233
            ],
            [
              51383.61045130641,
              5469.121140142518
            ],
            [
              51342.04275534442,
              5469.121140142518
            ],
            [
              51336.104513064136,
              5475.059382422803
            ],
            [
              51282.66033254157,
              5475.059382422803
            ],
            [
              51276.72209026128,
              5469.121140142518
            ],
            [
              51258.90736342043,
              5469.121140142518
            ],
            [
              51252.969121140144,
              5463.182897862233
            ],
            [
              51241.092636579575,
              5463.182897862233
            ],
            [
              51235.15439429929,
              5457.244655581948
            ],
            [
              51229.216152019006,
              5457.244655581948
            ],
            [
              51223.27790973872,
              5451.306413301663
            ],
            [
              51217.33966745844,
              5451.306413301663
            ],
            [
              51211.40142517815,
              5445.368171021378
            ],
            [
              51199.52494061758,
              5445.368171021378
            ],
            [
              51193.58669833729,
              5439.429928741093
            ],
            [
              51187.64845605701,
              5439.429928741093
            ],
            [
              51181.71021377672,
              5433.491686460808
            ],
            [
              51163.89548693587,
              5433.491686460808
            ],
            [
              51157.95724465558,
              5427.553444180523
            ],
            [
              51039.19239904988,
              5427.553444180523
            ],
            [
              51033.254156769595,
              5433.491686460808
            ],
            [
              51021.377672209026,
              5433.491686460808
            ],
            [
              51003.562945368176,
              5451.306413301663
            ],
            [
              51003.562945368176,
              5469.121140142518
            ],
            [
              50991.6864608076,
              5480.997624703088
            ],
            [
              50944.18052256532,
              5480.997624703088
            ],
            [
              50938.242280285034,
              5486.935866983373
            ],
            [
              50896.674584323046,
              5486.935866983373
            ],
            [
              50890.73634204276,
              5480.997624703088
            ],
            [
              50825.41567695962,
              5480.997624703088
            ],
            [
              50819.477434679335,
              5475.059382422803
            ],
            [
              50771.97149643706,
              5475.059382422803
            ],
            [
              50766.03325415677,
              5469.121140142518
            ],
            [
              50676.9596199525,
              5469.121140142518
            ],
            [
              50671.02137767221,
              5475.059382422803
            ],
            [
              50653.20665083136,
              5475.059382422803
            ],
            [
              50647.26840855107,
              5480.997624703088
            ],
            [
              50635.3919239905,
              5480.997624703088
            ],
            [
              50629.45368171021,
              5486.935866983373
            ],
            [
              50617.57719714964,
              5486.935866983373
            ],
            [
              50611.63895486936,
              5492.874109263658
            ],
            [
              50599.76247030879,
              5492.874109263658
            ],
            [
              50593.824228028505,
              5498.812351543943
            ],
            [
              50587.885985748224,
              5498.812351543943
            ],
            [
              50576.00950118765,
              5510.688836104513
            ],
            [
              50522.56532066508,
              5510.688836104513
            ],
            [
              50516.6270783848,
              5516.627078384799
            ],
            [
              50504.75059382423,
              5516.627078384799
            ],
            [
              50486.935866983375,
              5534.441805225653
            ],
            [
              50480.997624703086,
              5534.441805225653
            ],
            [
              50475.059382422805,
              5540.380047505939
            ],
            [
              50433.49168646081,
              5540.380047505939
            ],
            [
              50427.55344418052,
              5534.441805225653
            ],
            [
              50415.67695961995,
              5534.441805225653
            ],
            [
              50409.73871733967,
              5528.503562945369
            ],
            [
              50403.80047505938,
              5528.503562945369
            ],
            [
              50397.8622327791,
              5522.565320665083
            ],
            [
              50391.92399049881,
              5522.565320665083
            ],
            [
              50385.98574821853,
              5516.627078384799
            ],
            [
              50380.047505938244,
              5522.565320665083
            ],
            [
              50368.171021377675,
              5522.565320665083
            ],
            [
              50362.23277909739,
              5528.503562945369
            ],
            [
              50267.220902612826,
              5528.503562945369
            ],
            [
              50261.282660332545,
              5522.565320665083
            ],
            [
              50249.406175771976,
              5522.565320665083
            ],
            [
              50243.46793349169,
              5516.627078384799
            ],
            [
              50237.529691211406,
              5516.627078384799
            ],
            [
              50231.59144893112,
              5510.688836104513
            ],
            [
              50219.71496437055,
              5510.688836104513
            ],
            [
              50213.77672209026,
              5516.627078384799
            ],
            [
              50190.02375296912,
              5516.627078384799
            ],
            [
              50184.08551068884,
              5522.565320665083
            ],
            [
              50142.517814726845,
              5522.565320665083
            ],
            [
              50136.57957244656,
              5516.627078384799
            ],
            [
              50065.320665083134,
              5516.627078384799
            ],
            [
              50059.38242280285,
              5522.565320665083
            ],
            [
              50023.752969121146,
              5522.565320665083
            ],
            [
              50017.81472684086,
              5528.503562945369
            ],
            [
              50005.93824228029,
              5528.503562945369
            ],
            [
              50000.0,
              5522.565320665083
            ],
            [
              49976.24703087886,
              5522.565320665083
            ],
            [
              49970.30878859857,
              5516.627078384799
            ],
            [
              49964.37054631829,
              5516.627078384799
            ],
            [
              49952.49406175772,
              5504.750593824228
            ],
            [
              49952.49406175772,
              5498.812351543943
            ],
            [
              49946.555819477435,
              5492.874109263658
            ],
            [
              49946.555819477435,
              5469.121140142518
            ],
            [
              49940.617577197154,
              5469.121140142518
            ],
            [
              49928.741092636585,
              5480.997624703088
            ],
            [
              49922.8028503563,
              5480.997624703088
            ],
            [
              49916.86460807601,
              5486.935866983373
            ],
            [
              49899.04988123516,
              5486.935866983373
            ],
            [
              49893.11163895487,
              5480.997624703088
            ],
            [
              49893.11163895487,
              5469.121140142518
            ],
            [
              49887.17339667459,
              5475.059382422803
            ],
            [
              49881.2351543943,
              5475.059382422803
            ],
            [
              49875.29691211402,
              5480.997624703088
            ],
            [
              49863.42042755344,
              5480.997624703088
            ],
            [
              49857.48218527316,
              5486.935866983373
            ],
            [
              49827.790973871735,
              5486.935866983373
            ],
            [
              49821.852731591454,
              5480.997624703088
            ],
            [
              49821.852731591454,
              5463.182897862233
            ],
            [
              49827.790973871735,
              5457.244655581948
            ],
            [
              49827.790973871735,
              5427.553444180523
            ],
            [
              49821.852731591454,
              5427.553444180523
            ],
            [
              49815.914489311166,
              5421.6152019002375
            ],
            [
              49809.97624703088,
              5421.6152019002375
            ],
            [
              49804.0380047506,
              5415.676959619953
            ],
            [
              49798.09976247031,
              5415.676959619953
            ],
            [
              49792.16152019003,
              5409.738717339667
            ],
            [
              49792.16152019003,
              5403.800475059383
            ],
            [
              49786.22327790974,
              5397.862232779097
            ],
            [
              49786.22327790974,
              5391.923990498813
            ],
            [
              49780.28503562946,
              5385.985748218527
            ],
            [
              49780.28503562946,
              5374.109263657958
            ],
            [
              49774.34679334917,
              5368.171021377672
            ],
            [
              49762.4703087886,
              5368.171021377672
            ],
            [
              49750.59382422803,
              5380.0475059382425
            ],
            [
              49750.59382422803,
              5397.862232779097
            ],
            [
              49738.71733966746,
              5409.738717339667
            ],
            [
              49720.902612826605,
              5409.738717339667
            ],
            [
              49714.96437054632,
              5403.800475059383
            ],
            [
              49709.026128266036,
              5403.800475059383
            ],
            [
              49691.21140142518,
              5421.6152019002375
            ],
            [
              49691.21140142518,
              5427.553444180523
            ],
            [
              49697.14964370547,
              5433.491686460808
            ],
            [
              49703.08788598575,
              5433.491686460808
            ],
            [
              49709.026128266036,
              5439.429928741093
            ],
            [
              49726.84085510689,
              5439.429928741093
            ],
            [
              49732.779097387174,
              5445.368171021378
            ],
            [
              49732.779097387174,
              5451.306413301663
            ],
            [
              49714.96437054632,
              5469.121140142518
            ],
            [
              49697.14964370547,
              5469.121140142518
            ],
            [
              49691.21140142518,
              5463.182897862233
            ],
            [
              49685.2731591449,
              5463.182897862233
            ],
            [
              49679.33491686461,
              5457.244655581948
            ],
            [
              49667.45843230404,
              5457.244655581948
            ],
            [
              49661.52019002375,
              5463.182897862233
            ],
            [
              49643.7054631829,
              5463.182897862233
            ],
            [
              49637.76722090261,
              5469.121140142518
            ],
            [
              49625.890736342044,
              5469.121140142518
            ],
            [
              49619.95249406176,
              5475.059382422803
            ],
            [
              49614.014251781475,
              5475.059382422803
            ],
            [
              49608.07600950119,
              5480.997624703088
            ],
            [
              49596.19952494062,
              5480.997624703088
            ],
            [
              49590.261282660336,
              5486.935866983373
            ],
            [
              49578.38479809977,
              5486.935866983373
            ],
            [
              49560.57007125891,
              5504.750593824228
            ],
            [
              49560.57007125891,
              5510.688836104513
            ],
            [
              49554.63182897862,
              5516.627078384799
            ],
            [
              49554.63182897862,
              5522.565320665083
            ],
            [
              49548.69358669834,
              5528.503562945369
            ],
            [
              49519.002375296914,
              5528.503562945369
            ],
            [
              49513.06413301663,
              5534.441805225653
            ],
            [
              49501.187648456056,
              5534.441805225653
            ],
            [
              49489.31116389549,
              5546.318289786223
            ],
            [
              49483.372921615206,
              5546.318289786223
            ],
            [
              49477.43467933492,
              5552.256532066509
            ],
            [
              49471.49643705464,
              5552.256532066509
            ],
            [
              49465.55819477435,
              5558.194774346794
            ],
            [
              49447.74346793349,
              5558.194774346794
            ],
            [
              49441.80522565321,
              5564.133016627078
            ],
            [
              49429.92874109264,
              5564.133016627078
            ],
            [
              49423.99049881235,
              5570.071258907364
            ],
            [
              49412.11401425178,
              5570.071258907364
            ],
            [
              49406.175771971495,
              5576.009501187648
            ],
            [
              49400.237529691214,
              5576.009501187648
            ],
            [
              49394.299287410926,
              5581.947743467934
            ],
            [
              49382.42280285036,
              5581.947743467934
            ],
            [
              49376.484560570076,
              5587.885985748218
            ],
            [
              49370.54631828979,
              5587.885985748218
            ],
            [
              49364.60807600951,
              5593.824228028504
            ],
            [
              49352.73159144893,
              5593.824228028504
            ],
            [
              49346.79334916865,
              5599.762470308789
            ],
            [
              49334.91686460808,
              5599.762470308789
            ],
            [
              49328.97862232779,
              5605.700712589074
            ],
            [
              49293.349168646084,
              5605.700712589074
            ],
            [
              49287.410926365796,
              5611.638954869359
            ],
            [
              49222.09026128266,
              5611.638954869359
            ],
            [
              49216.15201900238,
              5605.700712589074
            ],
            [
              49180.522565320665,
              5605.700712589074
            ],
            [
              49180.522565320665,
              5617.577197149644
            ],
            [
              49174.584323040384,
              5623.515439429929
            ],
            [
              49097.38717339667,
              5623.515439429929
            ],
            [
              49097.38717339667,
              5659.144893111639
            ],
            [
              49091.44893111639,
              5665.083135391924
            ],
            [
              49020.19002375297,
              5665.083135391924
            ],
            [
              49014.25178147269,
              5659.144893111639
            ],
            [
              49014.25178147269,
              5629.453681710214
            ],
            [
              49008.3135391924,
              5629.453681710214
            ],
            [
              49002.37529691211,
              5623.515439429929
            ],
            [
              48942.992874109266,
              5623.515439429929
            ],
            [
              48937.05463182898,
              5617.577197149644
            ],
            [
              48937.05463182898,
              5605.700712589074
            ],
            [
              48925.17814726841,
              5605.700712589074
            ],
            [
              48919.23990498813,
              5599.762470308789
            ],
            [
              48901.42517814727,
              5599.762470308789
            ],
            [
              48895.48693586698,
              5593.824228028504
            ],
            [
              48865.79572446556,
              5593.824228028504
            ],
            [
              48865.79572446556,
              5617.577197149644
            ],
            [
              48859.857482185274,
              5623.515439429929
            ],
            [
              48824.22802850357,
              5623.515439429929
            ],
            [
              48824.22802850357,
              5736.342042755345
            ],
            [
              48853.91923990499,
              5736.342042755345
            ],
            [
              48859.857482185274,
              5742.280285035629
            ],
            [
              48859.857482185274,
              5771.971496437055
            ],
            [
              48895.48693586698,
              5771.971496437055
            ],
            [
              48901.42517814727,
              5777.90973871734
            ],
            [
              48901.42517814727,
              5819.477434679336
            ],
            [
              48895.48693586698,
              5825.41567695962
            ],
            [
              48859.857482185274,
              5825.41567695962
            ],
            [
              48859.857482185274,
              5855.106888361045
            ],
            [
              48853.91923990499,
              5861.045130641331
            ],
            [
              48824.22802850357,
              5861.045130641331
            ],
            [
              48824.22802850357,
              5926.365795724466
            ],
            [
              48842.04275534442,
              5926.365795724466
            ],
            [
              48847.980997624705,
              5932.3040380047505
            ],
            [
              48847.980997624705,
              5938.242280285036
            ],
            [
              48842.04275534442,
              5944.180522565321
            ],
            [
              48842.04275534442,
              5950.118764845606
            ],
            [
              48830.16627078385,
              5961.995249406176
            ],
            [
              48830.16627078385,
              5967.933491686461
            ],
            [
              48824.22802850357,
              5973.871733966746
            ],
            [
              48824.22802850357,
              5985.748218527317
            ],
            [
              48818.28978622328,
              5991.686460807601
            ],
            [
              48818.28978622328,
              6003.562945368171
            ],
            [
              48812.351543943,
              6009.501187648456
            ],
            [
              48812.351543943,
              6021.377672209026
            ],
            [
              48800.47505938243,
              6033.254156769596
            ],
            [
              48800.47505938243,
              6039.192399049882
            ],
            [
              48782.66033254157,
              6057.0071258907365
            ],
            [
              48782.66033254157,
              6068.883610451307
            ],
            [
              48788.59857482185,
              6074.821852731592
            ],
            [
              48895.48693586698,
              6074.821852731592
            ],
            [
              48901.42517814727,
              6068.883610451307
            ],
            [
              48901.42517814727,
              6062.945368171022
            ],
            [
              48907.36342042756,
              6057.0071258907365
            ],
            [
              48907.36342042756,
              6051.068883610452
            ],
            [
              48901.42517814727,
              6045.130641330166
            ],
            [
              48901.42517814727,
              5979.809976247031
            ],
            [
              48907.36342042756,
              5973.871733966746
            ],
            [
              48907.36342042756,
              5967.933491686461
            ],
            [
              48919.23990498813,
              5956.057007125891
            ],
            [
              48925.17814726841,
              5956.057007125891
            ],
            [
              48931.1163895487,
              5950.118764845606
            ],
            [
              48937.05463182898,
              5950.118764845606
            ],
            [
              48942.992874109266,
              5944.180522565321
            ],
            [
              48954.869358669835,
              5944.180522565321
            ],
            [
              48960.807600950124,
              5938.242280285036
            ],
            [
              48972.68408551069,
              5938.242280285036
            ],
            [
              48978.622327790974,
              5932.3040380047505
            ],
            [
              48990.49881235154,
              5932.3040380047505
            ],
            [
              48996.43705463183,
              5926.365795724466
            ],
            [
              49014.25178147269,
              5926.365795724466
            ],
            [
              49020.19002375297,
              5920.42755344418
            ],
            [
              49061.757719714966,
              5920.42755344418
            ],
            [
              49067.695961995254,
              5926.365795724466
            ],
            [
              49121.14014251782,
              5926.365795724466
            ],
            [
              49127.0783847981,
              5920.42755344418
            ],
            [
              49138.95486935867,
              5920.42755344418
            ],
            [
              49150.83135391924,
              5908.55106888361
            ],
            [
              49156.76959619953,
              5908.55106888361
            ],
            [
              49162.707838479815,
              5902.612826603326
            ],
            [
              49168.646080760096,
              5902.612826603326
            ],
            [
              49174.584323040384,
              5896.674584323041
            ],
            [
              49180.522565320665,
              5896.674584323041
            ],
            [
              49186.46080760095,
              5890.7363420427555
            ],
            [
              49198.33729216152,
              5890.7363420427555
            ],
            [
              49204.275534441804,
              5884.798099762471
            ],
            [
              49210.21377672209,
              5884.798099762471
            ],
            [
              49216.15201900238,
              5878.859857482185
            ],
            [
              49233.96674584323,
              5878.859857482185
            ],
            [
              49239.90498812352,
              5872.921615201901
            ],
            [
              49251.78147268409,
              5872.921615201901
            ],
            [
              49257.71971496437,
              5866.983372921615
            ],
            [
              49263.65795724466,
              5866.983372921615
            ],
            [
              49269.596199524945,
              5861.045130641331
            ],
            [
              49275.53444180523,
              5861.045130641331
            ],
            [
              49281.472684085515,
              5855.106888361045
            ],
            [
              49293.349168646084,
              5855.106888361045
            ],
            [
              49299.287410926365,
              5849.1686460807605
            ],
            [
              49352.73159144893,
              5849.1686460807605
            ],
            [
              49358.66983372922,
              5855.106888361045
            ],
            [
              49370.54631828979,
              5855.106888361045
            ],
            [
              49376.484560570076,
              5861.045130641331
            ],
            [
              49382.42280285036,
              5861.045130641331
            ],
            [
              49388.361045130645,
              5866.983372921615
            ],
            [
              49400.237529691214,
              5866.983372921615
            ],
            [
              49406.175771971495,
              5872.921615201901
            ],
            [
              49412.11401425178,
              5872.921615201901
            ],
            [
              49418.05225653207,
              5878.859857482185
            ],
            [
              49423.99049881235,
              5878.859857482185
            ],
            [
              49429.92874109264,
              5884.798099762471
            ],
            [
              49435.86698337292,
              5884.798099762471
            ],
            [
              49441.80522565321,
              5890.7363420427555
            ],
            [
              49453.68171021378,
              5890.7363420427555
            ],
            [
              49459.61995249406,
              5896.674584323041
            ],
            [
              49477.43467933492,
              5896.674584323041
            ],
            [
              49483.372921615206,
              5902.612826603326
            ],
            [
              49530.87885985748,
              5902.612826603326
            ],
            [
              49536.81710213777,
              5908.55106888361
            ],
            [
              49548.69358669834,
              5908.55106888361
            ],
            [
              49554.63182897862,
              5914.489311163896
            ],
            [
              49637.76722090261,
              5914.489311163896
            ],
            [
              49643.7054631829,
              5908.55106888361
            ],
            [
              49673.39667458433,
              5908.55106888361
            ],
            [
              49679.33491686461,
              5902.612826603326
            ],
            [
              49697.14964370547,
              5902.612826603326
            ],
            [
              49703.08788598575,
              5896.674584323041
            ],
            [
              49762.4703087886,
              5896.674584323041
            ],
            [
              49768.40855106889,
              5890.7363420427555
            ],
            [
              49792.16152019003,
              5890.7363420427555
            ],
            [
              49798.09976247031,
              5884.798099762471
            ],
            [
              49809.97624703088,
              5884.798099762471
            ],
            [
              49815.914489311166,
              5878.859857482185
            ],
            [
              49863.42042755344,
              5878.859857482185
            ],
            [
              49869.35866983373,
              5872.921615201901
            ],
            [
              49887.17339667459,
              5872.921615201901
            ],
            [
              49893.11163895487,
              5878.859857482185
            ],
            [
              49952.49406175772,
              5878.859857482185
            ],
            [
              49958.432304038004,
              5884.798099762471
            ],
            [
              49982.18527315915,
              5884.798099762471
            ],
            [
              49988.12351543943,
              5890.7363420427555
            ],
            [
              49994.06175771972,
              5890.7363420427555
            ],
            [
              50000.0,
              5896.674584323041
            ],
            [
              50005.93824228029,
              5896.674584323041
            ],
            [
              50023.752969121146,
              5914.489311163896
            ],
            [
              50071.25890736342,
              5914.489311163896
            ],
            [
              50089.07363420428,
              5932.3040380047505
            ],
            [
              50106.88836104513,
              5932.3040380047505
            ],
            [
              50112.82660332542,
              5926.365795724466
            ],
            [
              50142.517814726845,
              5926.365795724466
            ],
            [
              50148.456057007126,
              5920.42755344418
            ],
            [
              50154.394299287414,
              5920.42755344418
            ],
            [
              50160.332541567695,
              5914.489311163896
            ],
            [
              50201.90023752969,
              5914.489311163896
            ],
            [
              50207.83847980998,
              5920.42755344418
            ],
            [
              50225.65320665083,
              5920.42755344418
            ],
            [
              50231.59144893112,
              5914.489311163896
            ],
            [
              50237.529691211406,
              5914.489311163896
            ],
            [
              50255.34441805226,
              5896.674584323041
            ],
            [
              50302.85035629454,
              5896.674584323041
            ],
            [
              50308.78859857482,
              5890.7363420427555
            ],
            [
              50350.35629453682,
              5890.7363420427555
            ],
            [
              50356.294536817106,
              5884.798099762471
            ],
            [
              50374.109263657956,
              5884.798099762471
            ],
            [
              50380.047505938244,
              5878.859857482185
            ],
            [
              50397.8622327791,
              5878.859857482185
            ],
            [
              50403.80047505938,
              5872.921615201901
            ],
            [
              50433.49168646081,
              5872.921615201901
            ],
            [
              50439.4299287411,
              5878.859857482185
            ],
            [
              50451.30641330167,
              5878.859857482185
            ],
            [
              50457.24465558195,
              5884.798099762471
            ],
            [
              50463.182897862236,
              5884.798099762471
            ],
            [
              50469.12114014252,
              5890.7363420427555
            ],
            [
              50492.87410926366,
              5890.7363420427555
            ],
            [
              50498.812351543944,
              5896.674584323041
            ],
            [
              50504.75059382423,
              5896.674584323041
            ],
            [
              50516.6270783848,
              5908.55106888361
            ],
            [
              50516.6270783848,
              5926.365795724466
            ],
            [
              50528.50356294537,
              5938.242280285036
            ],
            [
              50528.50356294537,
              5944.180522565321
            ],
            [
              50540.38004750594,
              5956.057007125891
            ],
            [
              50540.38004750594,
              5961.995249406176
            ],
            [
              50564.13301662708,
              5985.748218527317
            ],
            [
              50564.13301662708,
              5991.686460807601
            ],
            [
              50570.07125890737,
              5997.624703087886
            ],
            [
              50570.07125890737,
              6003.562945368171
            ],
            [
              50576.00950118765,
              6009.501187648456
            ],
            [
              50576.00950118765,
              6021.377672209026
            ],
            [
              50581.947743467936,
              6027.315914489312
            ],
            [
              50581.947743467936,
              6068.883610451307
            ],
            [
              50587.885985748224,
              6074.821852731592
            ],
            [
              50914.489311163896,
              6074.821852731592
            ],
            [
              50920.427553444184,
              6068.883610451307
            ],
            [
              50920.427553444184,
              6045.130641330166
            ],
            [
              50914.489311163896,
              6039.192399049882
            ],
            [
              50914.489311163896,
              6021.377672209026
            ],
            [
              50908.551068883615,
              6015.439429928741
            ],
            [
              50908.551068883615,
              6003.562945368171
            ],
            [
              50914.489311163896,
              5997.624703087886
            ],
            [
              50914.489311163896,
              5973.871733966746
            ],
            [
              50938.242280285034,
              5950.118764845606
            ],
            [
              50944.18052256532,
              5950.118764845606
            ],
            [
              50950.11876484561,
              5944.180522565321
            ],
            [
              50991.6864608076,
              5944.180522565321
            ],
            [
              50997.62470308789,
              5950.118764845606
            ],
            [
              51009.50118764846,
              5950.118764845606
            ],
            [
              51015.439429928745,
              5956.057007125891
            ],
            [
              51021.377672209026,
              5956.057007125891
            ],
            [
              51027.315914489314,
              5961.995249406176
            ],
            [
              51033.254156769595,
              5961.995249406176
            ],
            [
              51039.19239904988,
              5967.933491686461
            ],
            [
              51045.13064133017,
              5967.933491686461
            ],
            [
              51062.94536817102,
              5985.748218527317
            ],
            [
              51062.94536817102,
              5991.686460807601
            ],
            [
              51068.88361045131,
              5997.624703087886
            ],
            [
              51068.88361045131,
              6003.562945368171
            ],
            [
              51074.82185273159,
              6009.501187648456
            ],
            [
              51074.82185273159,
              6033.254156769596
            ],
            [
              51062.94536817102,
              6045.130641330166
            ],
            [
              51051.06888361045,
              6045.130641330166
            ],
            [
              51039.19239904988,
              6057.0071258907365
            ],
            [
              51039.19239904988,
              6068.883610451307
            ],
            [
              51045.13064133017,
              6074.821852731592
            ],
            [
              51098.57482185274,
              6074.821852731592
            ],
            [
              51098.57482185274,
              6068.883610451307
            ],
            [
              51104.51306413302,
              6062.945368171022
            ],
            [
              51104.51306413302,
              6039.192399049882
            ],
            [
              51098.57482185274,
              6033.254156769596
            ],
            [
              51098.57482185274,
              6027.315914489312
            ],
            [
              51086.69833729216,
              6015.439429928741
            ],
            [
              51086.69833729216,
              6009.501187648456
            ],
            [
              51080.76009501188,
              6003.562945368171
            ],
            [
              51080.76009501188,
              5997.624703087886
            ],
            [
              51092.63657957245,
              5985.748218527317
            ],
            [
              51092.63657957245,
              5979.809976247031
            ],
            [
              51098.57482185274,
              5973.871733966746
            ],
            [
              51104.51306413302,
              5973.871733966746
            ],
            [
              51104.51306413302,
              5967.933491686461
            ],
            [
              51116.38954869359,
              5956.057007125891
            ],
            [
              51116.38954869359,
              5950.118764845606
            ],
            [
              51157.95724465558,
              5908.55106888361
            ],
            [
              51163.89548693587,
              5908.55106888361
            ],
            [
              51175.77197149644,
              5896.674584323041
            ],
            [
              51181.71021377672,
              5896.674584323041
            ],
            [
              51187.64845605701,
              5890.7363420427555
            ],
            [
              51199.52494061758,
              5890.7363420427555
            ],
            [
              51205.46318289787,
              5884.798099762471
            ],
            [
              51223.27790973872,
              5884.798099762471
            ],
            [
              51229.216152019006,
              5878.859857482185
            ],
            [
              51247.03087885986,
              5878.859857482185
            ],
            [
              51252.969121140144,
              5872.921615201901
            ],
            [
              51276.72209026128,
              5872.921615201901
            ],
            [
              51282.66033254157,
              5878.859857482185
            ],
            [
              51371.733966745844,
              5878.859857482185
            ],
            [
              51377.67220902613,
              5872.921615201901
            ],
            [
              51401.42517814727,
              5872.921615201901
            ],
            [
              51407.36342042756,
              5866.983372921615
            ],
            [
              51532.06650831354,
              5866.983372921615
            ],
            [
              51538.00475059383,
              5861.045130641331
            ],
            [
              51555.819477434685,
              5861.045130641331
            ],
            [
              51561.757719714966,
              5855.106888361045
            ],
            [
              51573.634204275535,
              5855.106888361045
            ],
            [
              51579.57244655582,
              5849.1686460807605
            ],
            [
              51627.0783847981,
              5849.1686460807605
            ],
            [
              51633.01662707839,
              5855.106888361045
            ],
            [
              51650.83135391924,
              5855.106888361045
            ],
            [
              51656.76959619953,
              5861.045130641331
            ],
            [
              51674.584323040384,
              5861.045130641331
            ],
            [
              51680.522565320665,
              5855.106888361045
            ],
            [
              51686.46080760095,
              5861.045130641331
            ],
            [
              51686.46080760095,
              5950.118764845606
            ],
            [
              51698.33729216152,
              5961.995249406176
            ],
            [
              51698.33729216152,
              5979.809976247031
            ],
            [
              51704.275534441804,
              5985.748218527317
            ],
            [
              51704.275534441804,
              5991.686460807601
            ],
            [
              51710.21377672209,
              5997.624703087886
            ],
            [
              51710.21377672209,
              6003.562945368171
            ],
            [
              51716.15201900238,
              6009.501187648456
            ],
            [
              51716.15201900238,
              6033.254156769596
            ],
            [
              51704.275534441804,
              6045.130641330166
            ],
            [
              51704.275534441804,
              6051.068883610452
            ],
            [
              51698.33729216152,
              6057.0071258907365
            ],
            [
              51698.33729216152,
              6062.945368171022
            ],
            [
              51692.399049881235,
              6068.883610451307
            ],
            [
              51686.46080760095,
              6068.883610451307
            ],
            [
              51692.399049881235,
              6074.821852731592
            ],
            [
              52054.63182897862,
              6074.821852731592
            ],
            [
              52060.57007125891,
              6068.883610451307
            ],
            [
              52060.57007125891,
              6062.945368171022
            ],
            [
              52066.5083135392,
              6057.0071258907365
            ],
            [
              52066.5083135392,
              6051.068883610452
            ],
            [
              52054.63182897862,
              6039.192399049882
            ],
            [
              52054.63182897862,
              6027.315914489312
            ],
            [
              52078.38479809977,
              6003.562945368171
            ],
            [
              52078.38479809977,
              5997.624703087886
            ],
            [
              52084.32304038005,
              5991.686460807601
            ],
            [
              52084.32304038005,
              5979.809976247031
            ],
            [
              52096.19952494062,
              5967.933491686461
            ],
            [
              52108.07600950119,
              5967.933491686461
            ],
            [
              52108.07600950119,
              5961.995249406176
            ],
            [
              52102.137767220906,
              5956.057007125891
            ],
            [
              52102.137767220906,
              5944.180522565321
            ],
            [
              52096.19952494062,
              5938.242280285036
            ],
            [
              52096.19952494062,
              5920.42755344418
            ],
            [
              52102.137767220906,
              5914.489311163896
            ],
            [
              52102.137767220906,
              5908.55106888361
            ],
            [
              52114.014251781475,
              5896.674584323041
            ],
            [
              52119.95249406176,
              5896.674584323041
            ],
            [
              52137.76722090261,
              5878.859857482185
            ],
            [
              52143.7054631829,
              5878.859857482185
            ],
            [
              52149.64370546318,
              5872.921615201901
            ],
            [
              52155.58194774347,
              5872.921615201901
            ],
            [
              52161.52019002375,
              5866.983372921615
            ],
            [
              52173.39667458433,
              5866.983372921615
            ],
            [
              52179.33491686461,
              5861.045130641331
            ],
            [
              52185.2731591449,
              5861.045130641331
            ],
            [
              52197.14964370547,
              5849.1686460807605
            ],
            [
              52203.08788598575,
              5849.1686460807605
            ],
            [
              52209.026128266036,
              5843.230403800475
            ],
            [
              52214.96437054632,
              5843.230403800475
            ],
            [
              52220.902612826605,
              5837.29216152019
            ],
            [
              52226.84085510689,
              5837.29216152019
            ],
            [
              52232.779097387174,
              5831.353919239905
            ],
            [
              52238.71733966746,
              5831.353919239905
            ],
            [
              52250.59382422803,
              5819.477434679336
            ],
            [
              52256.53206650831,
              5819.477434679336
            ],
            [
              52268.40855106889,
              5807.6009501187655
            ],
            [
              52274.34679334917,
              5807.6009501187655
            ],
            [
              52280.28503562946,
              5801.66270783848
            ],
            [
              52321.852731591454,
              5801.66270783848
            ],
            [
              52327.790973871735,
              5795.724465558195
            ],
            [
              52333.72921615202,
              5795.724465558195
            ],
            [
              52363.42042755344,
              5766.0332541567695
            ],
            [
              52369.35866983373,
              5766.0332541567695
            ],
            [
              52375.29691211402,
              5760.095011876485
            ],
            [
              52387.17339667459,
              5760.095011876485
            ],
            [
              52393.11163895487,
              5766.0332541567695
            ],
            [
              52399.04988123516,
              5766.0332541567695
            ],
            [
              52404.98812351544,
              5771.971496437055
            ],
            [
              52446.555819477435,
              5771.971496437055
            ],
            [
              52452.49406175772,
              5777.90973871734
            ],
            [
              52458.432304038004,
              5777.90973871734
            ],
            [
              52470.30878859857,
              5789.78622327791
            ],
            [
              52470.30878859857,
              5807.6009501187655
            ],
            [
              52464.37054631829,
              5813.53919239905
            ],
            [
              52464.37054631829,
              5819.477434679336
            ],
            [
              52458.432304038004,
              5825.41567695962
            ],
            [
              52458.432304038004,
              5831.353919239905
            ],
            [
              52464.37054631829,
              5831.353919239905
            ],
            [
              52470.30878859857,
              5825.41567695962
            ],
            [
              52476.24703087886,
              5825.41567695962
            ],
            [
              52482.18527315915,
              5819.477434679336
            ],
            [
              52577.19714964371,
              5819.477434679336
            ],
            [
              52583.13539192399,
              5813.53919239905
            ],
            [
              52589.07363420428,
              5813.53919239905
            ],
            [
              52595.01187648456,
              5807.6009501187655
            ],
            [
              52636.57957244656,
              5807.6009501187655
            ],
            [
              52642.517814726845,
              5801.66270783848
            ],
            [
              52654.394299287414,
              5801.66270783848
            ],
            [
              52660.332541567695,
              5795.724465558195
            ],
            [
              52666.270783847984,
              5795.724465558195
            ],
            [
              52672.209026128265,
              5789.78622327791
            ],
            [
              52678.14726840855,
              5789.78622327791
            ],
            [
              52684.08551068884,
              5783.847980997625
            ],
            [
              52690.02375296912,
              5783.847980997625
            ],
            [
              52695.96199524941,
              5777.90973871734
            ],
            [
              52701.90023752969,
              5777.90973871734
            ],
            [
              52713.77672209026,
              5766.0332541567695
            ],
            [
              52719.71496437055,
              5766.0332541567695
            ],
            [
              52725.65320665084,
              5760.095011876485
            ],
            [
              52749.406175771976,
              5760.095011876485
            ],
            [
              52755.34441805226,
              5754.156769596199
            ],
            [
              52880.047505938244,
              5754.156769596199
            ],
            [
              52885.98574821853,
              5760.095011876485
            ],
            [
              52915.67695961995,
              5760.095011876485
            ],
            [
              52921.61520190024,
              5766.0332541567695
            ],
            [
              52939.4299287411,
              5766.0332541567695
            ],
            [
              52945.36817102138,
              5771.971496437055
            ],
            [
              52963.182897862236,
              5771.971496437055
            ],
            [
              52969.12114014252,
              5777.90973871734
            ],
            [
              52975.059382422805,
              5777.90973871734
            ],
            [
              52980.99762470309,
              5783.847980997625
            ],
            [
              52992.87410926366,
              5783.847980997625
            ],
            [
              52998.812351543944,
              5789.78622327791
            ],
            [
              53004.75059382423,
              5789.78622327791
            ],
            [
              53010.68883610451,
              5795.724465558195
            ],
            [
              53022.56532066508,
              5795.724465558195
            ],
            [
              53028.50356294537,
              5801.66270783848
            ],
            [
              53040.38004750594,
              5801.66270783848
            ],
            [
              53046.31828978623,
              5807.6009501187655
            ],
            [
              53064.13301662708,
              5807.6009501187655
            ],
            [
              53070.07125890737,
              5813.53919239905
            ],
            [
              53105.700712589074,
              5813.53919239905
            ],
            [
              53111.63895486936,
              5807.6009501187655
            ],
            [
              53295.724465558196,
              5807.6009501187655
            ],
            [
              53301.662707838484,
              5801.66270783848
            ],
            [
              53307.600950118765,
              5801.66270783848
            ],
            [
              53313.539192399054,
              5795.724465558195
            ],
            [
              53325.41567695962,
              5795.724465558195
            ],
            [
              53331.353919239904,
              5789.78622327791
            ],
            [
              53337.29216152019,
              5789.78622327791
            ],
            [
              53343.23040380048,
              5783.847980997625
            ],
            [
              53349.16864608076,
              5783.847980997625
            ],
            [
              53355.10688836105,
              5777.90973871734
            ],
            [
              53361.04513064133,
              5777.90973871734
            ],
            [
              53366.98337292162,
              5771.971496437055
            ],
            [
              53378.85985748219,
              5771.971496437055
            ],
            [
              53384.79809976247,
              5766.0332541567695
            ],
            [
              53390.73634204276,
              5766.0332541567695
            ],
            [
              53396.674584323046,
              5760.095011876485
            ],
            [
              53408.551068883615,
              5760.095011876485
            ],
            [
              53414.489311163896,
              5754.156769596199
            ],
            [
              53527.315914489314,
              5754.156769596199
            ],
            [
              53533.254156769595,
              5748.218527315915
            ],
            [
              53568.88361045131,
              5748.218527315915
            ],
            [
              53574.82185273159,
              5742.280285035629
            ],
            [
              53592.63657957245,
              5742.280285035629
            ],
            [
              53598.57482185274,
              5736.342042755345
            ],
            [
              53604.51306413302,
              5736.342042755345
            ],
            [
              53610.451306413306,
              5730.40380047506
            ],
            [
              53616.38954869359,
              5730.40380047506
            ],
            [
              53622.327790973875,
              5724.4655581947745
            ],
            [
              53634.204275534445,
              5724.4655581947745
            ],
            [
              53640.142517814726,
              5718.52731591449
            ],
            [
              53652.0190023753,
              5718.52731591449
            ],
            [
              53657.95724465558,
              5712.589073634204
            ],
            [
              53675.77197149644,
              5712.589073634204
            ],
            [
              53681.71021377672,
              5718.52731591449
            ],
            [
              53735.15439429929,
              5718.52731591449
            ],
            [
              53741.092636579575,
              5724.4655581947745
            ],
            [
              53752.969121140144,
              5724.4655581947745
            ],
            [
              53758.90736342043,
              5730.40380047506
            ],
            [
              53794.53681710214,
              5730.40380047506
            ],
            [
              53800.47505938243,
              5724.4655581947745
            ],
            [
              53806.41330166271,
              5724.4655581947745
            ],
            [
              53812.351543943,
              5730.40380047506
            ],
            [
              53847.980997624705,
              5730.40380047506
            ],
            [
              53853.91923990499,
              5736.342042755345
            ],
            [
              53865.79572446556,
              5736.342042755345
            ],
            [
              53871.733966745844,
              5742.280285035629
            ],
            [
              53883.61045130641,
              5742.280285035629
            ],
            [
              53889.5486935867,
              5748.218527315915
            ],
            [
              53901.42517814727,
              5748.218527315915
            ],
            [
              53907.36342042756,
              5754.156769596199
            ],
            [
              53919.23990498813,
              5754.156769596199
            ],
            [
              53925.17814726841,
              5760.095011876485
            ],
            [
              53948.93111638955,
              5760.095011876485
            ],
            [
              53954.869358669835,
              5766.0332541567695
            ],
            [
              53972.68408551069,
              5766.0332541567695
            ],
            [
              53978.622327790974,
              5771.971496437055
            ],
            [
              53990.49881235154,
              5771.971496437055
            ],
            [
              53996.43705463183,
              5777.90973871734
            ],
            [
              54002.37529691212,
              5777.90973871734
            ],
            [
              54008.3135391924,
              5783.847980997625
            ],
            [
              54020.19002375297,
              5783.847980997625
            ],
            [
              54026.12826603326,
              5789.78622327791
            ],
            [
              54032.06650831354,
              5789.78622327791
            ],
            [
              54038.00475059383,
              5795.724465558195
            ],
            [
              54049.8812351544,
              5795.724465558195
            ],
            [
              54055.819477434685,
              5801.66270783848
            ],
            [
              54073.634204275535,
              5801.66270783848
            ],
            [
              54079.57244655582,
              5807.6009501187655
            ],
            [
              54121.14014251782,
              5807.6009501187655
            ],
            [
              54127.0783847981,
              5813.53919239905
            ],
            [
              54144.89311163896,
              5813.53919239905
            ],
            [
              54150.83135391924,
              5819.477434679336
            ],
            [
              54162.707838479815,
              5819.477434679336
            ],
            [
              54168.646080760096,
              5825.41567695962
            ],
            [
              54174.584323040384,
              5825.41567695962
            ],
            [
              54180.522565320665,
              5831.353919239905
            ],
            [
              54198.33729216152,
              5831.353919239905
            ],
            [
              54204.27553444181,
              5837.29216152019
            ],
            [
              54263.65795724466,
              5837.29216152019
            ],
            [
              54269.596199524945,
              5831.353919239905
            ],
            [
              54293.349168646084,
              5831.353919239905
            ],
            [
              54299.287410926365,
              5825.41567695962
            ],
            [
              54317.10213776722,
              5825.41567695962
            ],
            [
              54323.04038004751,
              5831.353919239905
            ],
            [
              54334.91686460808,
              5831.353919239905
            ],
            [
              54340.85510688836,
              5837.29216152019
            ],
            [
              54346.79334916865,
              5837.29216152019
            ],
            [
              54352.73159144893,
              5843.230403800475
            ],
            [
              54364.60807600951,
              5843.230403800475
            ],
            [
              54370.54631828979,
              5849.1686460807605
            ],
            [
              54376.484560570076,
              5849.1686460807605
            ],
            [
              54382.42280285036,
              5855.106888361045
            ],
            [
              54394.299287410926,
              5855.106888361045
            ],
            [
              54400.237529691214,
              5861.045130641331
            ],
            [
              54507.125890736344,
              5861.045130641331
            ],
            [
              54513.06413301663,
              5855.106888361045
            ],
            [
              54530.87885985748,
              5855.106888361045
            ],
            [
              54536.81710213777,
              5849.1686460807605
            ],
            [
              54548.69358669834,
              5849.1686460807605
            ],
            [
              54554.63182897862,
              5843.230403800475
            ],
            [
              54608.07600950119,
              5843.230403800475
            ],
            [
              54614.014251781475,
              5849.1686460807605
            ],
            [
              54625.890736342044,
              5849.1686460807605
            ],
            [
              54631.82897862233,
              5855.106888361045
            ],
            [
              54643.7054631829,
              5855.106888361045
            ],
            [
              54649.64370546318,
              5861.045130641331
            ],
            [
              54655.58194774347,
              5861.045130641331
            ],
            [
              54661.52019002375,
              5866.983372921615
            ],
            [
              54667.45843230404,
              5866.983372921615
            ],
            [
              54697.14964370547,
              5896.674584323041
            ],
            [
              54709.026128266036,
              5896.674584323041
            ],
            [
              54720.902612826605,
              5884.798099762471
            ],
            [
              54720.902612826605,
              5801.66270783848
            ],
            [
              54726.84085510689,
              5795.724465558195
            ],
            [
              54738.71733966746,
              5795.724465558195
            ],
            [
              54744.65558194774,
              5801.66270783848
            ],
            [
              54774.34679334917,
              5801.66270783848
            ],
            [
              54780.28503562946,
              5807.6009501187655
            ],
            [
              54821.852731591454,
              5807.6009501187655
            ],
            [
              54827.790973871735,
              5801.66270783848
            ],
            [
              54857.48218527316,
              5801.66270783848
            ],
            [
              54863.42042755344,
              5795.724465558195
            ],
            [
              54922.8028503563,
              5795.724465558195
            ],
            [
              54928.741092636585,
              5789.78622327791
            ],
            [
              54940.617577197154,
              5789.78622327791
            ],
            [
              54946.555819477435,
              5783.847980997625
            ],
            [
              54952.49406175772,
              5783.847980997625
            ],
            [
              54964.37054631829,
              5771.971496437055
            ],
            [
              54970.30878859858,
              5771.971496437055
            ],
            [
              54976.24703087886,
              5766.0332541567695
            ],
            [
              54982.18527315915,
              5766.0332541567695
            ],
            [
              54988.12351543943,
              5760.095011876485
            ],
            [
              54994.06175771972,
              5760.095011876485
            ],
            [
              55005.93824228029,
              5748.218527315915
            ],
            [
              55011.87648456057,
              5748.218527315915
            ],
            [
              55023.752969121146,
              5736.342042755345
            ],
            [
              55029.69121140143,
              5736.342042755345
            ],
            [
              55035.629453681715,
              5730.40380047506
            ],
            [
              55041.567695961996,
              5730.40380047506
            ],
            [
              55047.505938242284,
              5724.4655581947745
            ],
            [
              55053.444180522565,
              5724.4655581947745
            ],
            [
              55059.38242280285,
              5718.52731591449
            ],
            [
              55071.25890736342,
              5718.52731591449
            ],
            [
              55077.19714964371,
              5712.589073634204
            ],
            [
              55095.01187648456,
              5712.589073634204
            ],
            [
              55100.95011876485,
              5706.65083135392
            ],
            [
              55124.70308788599,
              5706.65083135392
            ],
            [
              55130.641330166276,
              5700.712589073634
            ],
            [
              55160.332541567695,
              5700.712589073634
            ],
            [
              55166.270783847984,
              5694.77434679335
            ],
            [
              55184.08551068884,
              5694.77434679335
            ],
            [
              55190.02375296912,
              5688.836104513064
            ],
            [
              55213.77672209026,
              5688.836104513064
            ],
            [
              55219.71496437055,
              5682.8978622327795
            ],
            [
              55308.78859857482,
              5682.8978622327795
            ],
            [
              55314.72684085511,
              5676.959619952494
            ],
            [
              55332.54156769597,
              5676.959619952494
            ],
            [
              55338.47980997625,
              5671.021377672209
            ],
            [
              55350.35629453682,
              5671.021377672209
            ],
            [
              55356.294536817106,
              5665.083135391924
            ],
            [
              55368.171021377675,
              5665.083135391924
            ],
            [
              55374.109263657956,
              5659.144893111639
            ],
            [
              55463.182897862236,
              5659.144893111639
            ],
            [
              55469.12114014252,
              5665.083135391924
            ],
            [
              55528.50356294537,
              5665.083135391924
            ],
            [
              55534.44180522566,
              5671.021377672209
            ],
            [
              55570.07125890737,
              5671.021377672209
            ],
            [
              55576.00950118765,
              5676.959619952494
            ],
            [
              55611.63895486936,
              5676.959619952494
            ],
            [
              55617.57719714964,
              5682.8978622327795
            ],
            [
              55647.26840855107,
              5682.8978622327795
            ],
            [
              55653.20665083136,
              5688.836104513064
            ],
            [
              55665.08313539193,
              5688.836104513064
            ],
            [
              55671.02137767221,
              5694.77434679335
            ],
            [
              55682.89786223278,
              5694.77434679335
            ],
            [
              55688.836104513066,
              5700.712589073634
            ],
            [
              55706.65083135392,
              5700.712589073634
            ],
            [
              55712.589073634204,
              5706.65083135392
            ],
            [
              55724.46555819477,
              5706.65083135392
            ],
            [
              55730.40380047506,
              5712.589073634204
            ],
            [
              55760.09501187649,
              5712.589073634204
            ],
            [
              55766.03325415677,
              5718.52731591449
            ],
            [
              55783.84798099763,
              5718.52731591449
            ],
            [
              55789.786223277915,
              5724.4655581947745
            ],
            [
              55807.600950118765,
              5724.4655581947745
            ],
            [
              55813.539192399054,
              5730.40380047506
            ],
            [
              55855.10688836105,
              5730.40380047506
            ],
            [
              55861.04513064133,
              5736.342042755345
            ],
            [
              55920.427553444184,
              5736.342042755345
            ],
            [
              55926.365795724465,
              5742.280285035629
            ],
            [
              55950.11876484561,
              5742.280285035629
            ],
            [
              55956.05700712589,
              5748.218527315915
            ],
            [
              55973.87173396675,
              5748.218527315915
            ],
            [
              55979.80997624703,
              5754.156769596199
            ],
            [
              55985.74821852732,
              5754.156769596199
            ],
            [
              55997.62470308789,
              5766.0332541567695
            ],
            [
              56009.50118764846,
              5766.0332541567695
            ],
            [
              56015.439429928745,
              5760.095011876485
            ],
            [
              56027.315914489314,
              5760.095011876485
            ],
            [
              56033.254156769595,
              5754.156769596199
            ],
            [
              56051.06888361045,
              5754.156769596199
            ],
            [
              56057.00712589074,
              5748.218527315915
            ],
            [
              56068.88361045131,
              5748.218527315915
            ],
            [
              56074.82185273159,
              5742.280285035629
            ],
            [
              56104.51306413302,
              5742.280285035629
            ],
            [
              56110.451306413306,
              5736.342042755345
            ],
            [
              56128.266033254156,
              5736.342042755345
            ],
            [
              56134.204275534445,
              5730.40380047506
            ],
            [
              56146.080760095014,
              5730.40380047506
            ],
            [
              56152.0190023753,
              5724.4655581947745
            ],
            [
              56157.95724465558,
              5724.4655581947745
            ],
            [
              56163.89548693587,
              5718.52731591449
            ],
            [
              56169.83372921615,
              5718.52731591449
            ],
            [
              56175.77197149644,
              5712.589073634204
            ],
            [
              56187.64845605701,
              5712.589073634204
            ],
            [
              56193.5866983373,
              5706.65083135392
            ],
            [
              56211.40142517815,
              5706.65083135392
            ],
            [
              56217.33966745844,
              5700.712589073634
            ],
            [
              56252.969121140144,
              5700.712589073634
            ],
            [
              56258.90736342043,
              5706.65083135392
            ],
            [
              56294.53681710214,
              5706.65083135392
            ],
            [
              56300.47505938243,
              5712.589073634204
            ],
            [
              56312.351543943,
              5712.589073634204
            ],
            [
              56318.28978622328,
              5718.52731591449
            ],
            [
              56330.16627078385,
              5718.52731591449
            ],
            [
              56336.104513064136,
              5724.4655581947745
            ],
            [
              56353.91923990499,
              5724.4655581947745
            ],
            [
              56359.857482185274,
              5730.40380047506
            ],
            [
              56442.992874109266,
              5730.40380047506
            ],
            [
              56448.931116389555,
              5724.4655581947745
            ],
            [
              56466.745843230405,
              5724.4655581947745
            ],
            [
              56472.68408551069,
              5718.52731591449
            ],
            [
              56484.56057007126,
              5718.52731591449
            ],
            [
              56490.49881235154,
              5712.589073634204
            ],
            [
              56555.819477434685,
              5712.589073634204
            ],
            [
              56561.757719714966,
              5706.65083135392
            ],
            [
              56597.38717339667,
              5706.65083135392
            ],
            [
              56603.32541567696,
              5700.712589073634
            ],
            [
              56662.707838479815,
              5700.712589073634
            ],
            [
              56668.646080760096,
              5694.77434679335
            ],
            [
              56710.21377672209,
              5694.77434679335
            ],
            [
              56716.15201900238,
              5688.836104513064
            ],
            [
              56817.10213776722,
              5688.836104513064
            ],
            [
              56823.04038004751,
              5694.77434679335
            ],
            [
              56846.79334916865,
              5694.77434679335
            ],
            [
              56852.73159144893,
              5688.836104513064
            ],
            [
              56876.484560570076,
              5688.836104513064
            ],
            [
              56882.42280285036,
              5694.77434679335
            ],
            [
              56906.175771971495,
              5694.77434679335
            ],
            [
              56912.11401425178,
              5700.712589073634
            ],
            [
              56918.05225653207,
              5700.712589073634
            ],
            [
              56923.99049881235,
              5706.65083135392
            ],
            [
              56929.92874109264,
              5706.65083135392
            ],
            [
              56941.80522565321,
              5718.52731591449
            ],
            [
              56959.61995249407,
              5718.52731591449
            ],
            [
              56965.55819477435,
              5712.589073634204
            ],
            [
              57030.87885985748,
              5712.589073634204
            ],
            [
              57036.81710213777,
              5718.52731591449
            ],
            [
              57042.75534441805,
              5718.52731591449
            ],
            [
              57048.69358669834,
              5724.4655581947745
            ],
            [
              57054.63182897862,
              5724.4655581947745
            ],
            [
              57078.38479809977,
              5748.218527315915
            ],
            [
              57078.38479809977,
              5766.0332541567695
            ],
            [
              57084.32304038005,
              5766.0332541567695
            ],
            [
              57090.261282660336,
              5771.971496437055
            ],
            [
              57125.890736342044,
              5771.971496437055
            ],
            [
              57131.82897862233,
              5766.0332541567695
            ],
            [
              57137.76722090261,
              5766.0332541567695
            ],
            [
              57143.7054631829,
              5760.095011876485
            ],
            [
              57155.58194774347,
              5760.095011876485
            ],
            [
              57161.52019002375,
              5754.156769596199
            ],
            [
              57167.45843230404,
              5754.156769596199
            ],
            [
              57173.39667458433,
              5748.218527315915
            ],
            [
              57185.2731591449,
              5748.218527315915
            ],
            [
              57191.21140142518,
              5742.280285035629
            ],
            [
              57197.14964370547,
              5742.280285035629
            ],
            [
              57203.08788598575,
              5736.342042755345
            ],
            [
              57209.026128266036,
              5736.342042755345
            ],
            [
              57214.964370546324,
              5730.40380047506
            ],
            [
              57220.902612826605,
              5730.40380047506
            ],
            [
              57226.84085510689,
              5724.4655581947745
            ],
            [
              57238.71733966746,
              5724.4655581947745
            ],
            [
              57244.65558194774,
              5718.52731591449
            ],
            [
              57256.53206650831,
              5718.52731591449
            ],
            [
              57262.4703087886,
              5712.589073634204
            ],
            [
              57268.40855106889,
              5712.589073634204
            ],
            [
              57274.34679334917,
              5706.65083135392
            ],
            [
              57280.28503562946,
              5706.65083135392
            ],
            [
              57292.16152019003,
              5694.77434679335
            ],
            [
              57298.09976247031,
              5694.77434679335
            ],
            [
              57304.0380047506,
              5688.836104513064
            ],
            [
              57309.97624703088,
              5688.836104513064
            ],
            [
              57315.914489311166,
              5682.8978622327795
            ],
            [
              57321.852731591454,
              5682.8978622327795
            ],
            [
              57333.72921615202,
              5671.021377672209
            ],
            [
              57339.667458432305,
              5671.021377672209
            ],
            [
              57345.60570071259,
              5665.083135391924
            ],
            [
              57351.543942992874,
              5665.083135391924
            ],
            [
              57363.42042755344,
              5653.206650831354
            ],
            [
              57363.42042755344,
              5647.268408551069
            ],
            [
              57375.29691211402,
              5635.391923990499
            ],
            [
              57375.29691211402,
              5629.453681710214
            ],
            [
              57381.2351543943,
              5623.515439429929
            ],
            [
              57381.2351543943,
              5617.577197149644
            ],
            [
              57410.92636579573,
              5587.885985748218
            ],
            [
              57416.864608076015,
              5587.885985748218
            ],
            [
              57422.8028503563,
              5581.947743467934
            ],
            [
              57440.617577197154,
              5581.947743467934
            ],
            [
              57446.555819477435,
              5576.009501187648
            ],
            [
              57458.432304038004,
              5576.009501187648
            ],
            [
              57464.37054631829,
              5570.071258907364
            ],
            [
              57482.18527315915,
              5570.071258907364
            ],
            [
              57488.12351543943,
              5564.133016627078
            ],
            [
              57500.0,
              5564.133016627078
            ],
            [
              57505.93824228029,
              5570.071258907364
            ],
            [
              57517.81472684086,
              5570.071258907364
            ],
            [
              57523.752969121146,
              5576.009501187648
            ],
            [
              57529.69121140143,
              5576.009501187648
            ],
            [
              57541.567695961996,
              5587.885985748218
            ],
            [
              57547.505938242284,
              5587.885985748218
            ],
            [
              57553.444180522565,
              5593.824228028504
            ],
            [
              57559.38242280285,
              5593.824228028504
            ],
            [
              57565.320665083134,
              5599.762470308789
            ],
            [
              57571.25890736342,
              5599.762470308789
            ],
            [
              57577.19714964371,
              5605.700712589074
            ],
            [
              57589.07363420428,
              5605.700712589074
            ],
            [
              57595.01187648456,
              5611.638954869359
            ],
            [
              57606.88836104513,
              5611.638954869359
            ],
            [
              57612.82660332542,
              5617.577197149644
            ],
            [
              57618.7648456057,
              5617.577197149644
            ],
            [
              57630.641330166276,
              5629.453681710214
            ],
            [
              57636.57957244656,
              5629.453681710214
            ],
            [
              57642.517814726845,
              5635.391923990499
            ],
            [
              57654.394299287414,
              5635.391923990499
            ],
            [
              57660.332541567695,
              5641.3301662707845
            ],
            [
              57695.96199524941,
              5641.3301662707845
            ],
            [
              57701.90023752969,
              5647.268408551069
            ],
            [
              57707.83847980998,
              5647.268408551069
            ],
            [
              57719.71496437055,
              5659.144893111639
            ],
            [
              57719.71496437055,
              5665.083135391924
            ],
            [
              57725.65320665084,
              5671.021377672209
            ],
            [
              57725.65320665084,
              5724.4655581947745
            ],
            [
              57731.59144893112,
              5730.40380047506
            ],
            [
              57749.406175771976,
              5730.40380047506
            ],
            [
              57755.34441805226,
              5724.4655581947745
            ],
            [
              57761.282660332545,
              5724.4655581947745
            ],
            [
              57761.282660332545,
              5510.688836104513
            ],
            [
              57767.220902612826,
              5504.750593824228
            ],
            [
              57773.159144893114,
              5504.750593824228
            ],
            [
              57779.0973871734,
              5510.688836104513
            ],
            [
              57802.85035629454,
              5510.688836104513
            ],
            [
              57808.78859857482,
              5504.750593824228
            ],
            [
              57814.72684085511,
              5504.750593824228
            ],
            [
              57862.23277909739,
              5457.244655581948
            ],
            [
              57915.67695961995,
              5457.244655581948
            ],
            [
              57921.61520190024,
              5463.182897862233
            ],
            [
              57933.49168646081,
              5463.182897862233
            ],
            [
              57939.4299287411,
              5469.121140142518
            ],
            [
              57951.30641330167,
              5469.121140142518
            ],
            [
              57957.24465558195,
              5475.059382422803
            ],
            [
              57969.12114014252,
              5475.059382422803
            ],
            [
              57975.059382422805,
              5480.997624703088
            ],
            [
              57992.87410926366,
              5480.997624703088
            ],
            [
              57998.812351543944,
              5486.935866983373
            ],
            [
              58081.947743467936,
              5486.935866983373
            ],
            [
              58087.885985748224,
              5492.874109263658
            ],
            [
              58105.700712589074,
              5492.874109263658
            ],
            [
              58111.63895486936,
              5498.812351543943
            ],
            [
              58123.51543942993,
              5498.812351543943
            ],
            [
              58129.45368171021,
              5504.750593824228
            ],
            [
              58159.14489311164,
              5504.750593824228
            ],
            [
              58165.08313539193,
              5510.688836104513
            ],
            [
              58182.897862232785,
              5510.688836104513
            ],
            [
              58188.836104513066,
              5516.627078384799
            ],
            [
              58206.65083135392,
              5516.627078384799
            ],
            [
              58212.589073634204,
              5522.565320665083
            ],
            [
              58277.90973871734,
              5522.565320665083
            ],
            [
              58283.84798099763,
              5516.627078384799
            ],
            [
              58319.477434679335,
              5516.627078384799
            ],
            [
              58325.41567695962,
              5522.565320665083
            ],
            [
              58384.79809976247,
              5522.565320665083
            ],
            [
              58390.73634204276,
              5528.503562945369
            ],
            [
              58402.61282660333,
              5528.503562945369
            ],
            [
              58408.551068883615,
              5534.441805225653
            ],
            [
              58456.05700712589,
              5534.441805225653
            ],
            [
              58461.99524940618,
              5528.503562945369
            ],
            [
              58479.80997624703,
              5528.503562945369
            ],
            [
              58485.74821852732,
              5522.565320665083
            ],
            [
              58491.68646080761,
              5522.565320665083
            ],
            [
              58497.62470308789,
              5516.627078384799
            ],
            [
              58527.315914489314,
              5516.627078384799
            ],
            [
              58533.254156769595,
              5510.688836104513
            ],
            [
              58717.33966745844,
              5510.688836104513
            ],
            [
              58723.27790973872,
              5516.627078384799
            ],
            [
              58741.092636579575,
              5516.627078384799
            ],
            [
              58747.03087885986,
              5522.565320665083
            ],
            [
              58752.969121140144,
              5522.565320665083
            ],
            [
              58758.90736342043,
              5528.503562945369
            ],
            [
              58764.84560570071,
              5528.503562945369
            ],
            [
              58770.783847981,
              5534.441805225653
            ],
            [
              58776.72209026128,
              5534.441805225653
            ],
            [
              58782.66033254157,
              5540.380047505939
            ],
            [
              58794.53681710214,
              5540.380047505939
            ],
            [
              58800.47505938243,
              5546.318289786223
            ],
            [
              58812.351543943,
              5546.318289786223
            ],
            [
              58812.351543943,
              5498.812351543943
            ],
            [
              58818.28978622328,
              5492.874109263658
            ],
            [
              58818.28978622328,
              5486.935866983373
            ],
            [
              58824.22802850357,
              5480.997624703088
            ],
            [
              58830.16627078385,
              5480.997624703088
            ],
            [
              58836.104513064136,
              5475.059382422803
            ],
            [
              58842.04275534442,
              5475.059382422803
            ],
            [
              58847.980997624705,
              5469.121140142518
            ],
            [
              58853.91923990499,
              5469.121140142518
            ],
            [
              58859.857482185274,
              5463.182897862233
            ],
            [
              58865.79572446556,
              5463.182897862233
            ],
            [
              58871.733966745844,
              5457.244655581948
            ],
            [
              58883.61045130641,
              5457.244655581948
            ],
            [
              58889.5486935867,
              5451.306413301663
            ],
            [
              58895.48693586699,
              5451.306413301663
            ],
            [
              58901.42517814727,
              5445.368171021378
            ],
            [
              58907.36342042756,
              5445.368171021378
            ],
            [
              58919.23990498813,
              5433.491686460808
            ],
            [
              58919.23990498813,
              5415.676959619953
            ],
            [
              58913.30166270784,
              5409.738717339667
            ],
            [
              58913.30166270784,
              5385.985748218527
            ],
            [
              58919.23990498813,
              5380.0475059382425
            ],
            [
              58919.23990498813,
              5368.171021377672
            ],
            [
              58925.17814726841,
              5362.232779097388
            ],
            [
              58925.17814726841,
              5350.356294536818
            ],
            [
              58931.1163895487,
              5344.418052256532
            ],
            [
              58931.1163895487,
              5320.665083135392
            ],
            [
              58925.17814726841,
              5314.726840855107
            ],
            [
              58919.23990498813,
              5314.726840855107
            ],
            [
              58913.30166270784,
              5308.788598574822
            ],
            [
              58907.36342042756,
              5308.788598574822
            ],
            [
              58901.42517814727,
              5302.850356294537
            ],
            [
              58883.61045130641,
              5302.850356294537
            ],
            [
              58877.67220902613,
              5296.912114014252
            ],
            [
              58806.41330166271,
              5296.912114014252
            ],
            [
              58800.47505938243,
              5290.973871733967
            ],
            [
              58758.90736342043,
              5290.973871733967
            ],
            [
              58752.969121140144,
              5285.035629453682
            ],
            [
              58735.15439429929,
              5285.035629453682
            ],
            [
              58729.216152019006,
              5279.097387173397
            ],
            [
              58723.27790973872,
              5279.097387173397
            ],
            [
              58717.33966745844,
              5273.159144893112
            ],
            [
              58711.40142517815,
              5273.159144893112
            ],
            [
              58652.0190023753,
              5213.7767220902615
            ],
            [
              58652.0190023753,
              5207.838479809977
            ],
            [
              58628.266033254156,
              5184.085510688837
            ],
            [
              58616.38954869359,
              5184.085510688837
            ]
          ]
        ]
      }
    },
    {
      "type": "Feature",
      "properties": {
        "class_id": 4,
        "classification": "PenMarking",
        "area": 21087.107384860163
      },
      "geometry": {
        "type": "Polygon",
        "coordinates": [
          [
            [
              5878.859857482185,
              72969.12114014252
            ],
            [
              5878.859857482185,
              72986.93586698337
            ],
            [
              5866.983372921615,
              72998.81235154395
            ],
            [
              5861.045130641331,
              72998.81235154395
            ],
            [
              5855.106888361045,
              73004.75059382422
            ],
            [
              5843.230403800475,
              73004.75059382422
            ],
            [
              5855.106888361045,
              73016.6270783848
            ],
            [
              5855.106888361045,
              73022.56532066509
            ],
            [
              5872.921615201901,
              73040.38004750594
            ],
            [
              5878.859857482185,
              73040.38004750594
            ],
            [
              5896.674584323041,
              73058.19477434679
            ],
            [
              5902.612826603326,
              73058.19477434679
            ],
            [
              5908.55106888361,
              73064.13301662708
            ],
            [
              5914.489311163896,
              73064.13301662708
            ],
            [
              5920.42755344418,
              73058.19477434679
            ],
            [
              5926.365795724466,
              73058.19477434679
            ],
            [
              5932.3040380047505,
              73064.13301662708
            ],
            [
              5932.3040380047505,
              73070.07125890737
            ],
            [
              5938.242280285036,
              73076.00950118765
            ],
            [
              5938.242280285036,
              73081.94774346794
            ],
            [
              5944.180522565321,
              73087.88598574822
            ],
            [
              5944.180522565321,
              73093.8242280285
            ],
            [
              5985.748218527317,
              73135.39192399051
            ],
            [
              5985.748218527317,
              73141.33016627078
            ],
            [
              5991.686460807601,
              73147.26840855107
            ],
            [
              5991.686460807601,
              73153.20665083136
            ],
            [
              6003.562945368171,
              73165.08313539192
            ],
            [
              6003.562945368171,
              73171.02137767221
            ],
            [
              6009.501187648456,
              73176.9596199525
            ],
            [
              6015.439429928741,
              73176.9596199525
            ],
            [
              6021.377672209026,
              73182.89786223278
            ],
            [
              6033.254156769596,
              73182.89786223278
            ],
            [
              6039.192399049882,
              73188.83610451307
            ],
            [
              6051.068883610452,
              73188.83610451307
            ],
            [
              6062.945368171022,
              73200.71258907364
            ],
            [
              6074.821852731592,
              73200.71258907364
            ],
            [
              6074.821852731592,
              73081.94774346794
            ],
            [
              6062.945368171022,
              73081.94774346794
            ],
            [
              6057.0071258907365,
              73087.88598574822
            ],
            [
              6021.377672209026,
              73052.25653206652
            ],
            [
              6015.439429928741,
              73052.25653206652
            ],
            [
              6003.562945368171,
              73040.38004750594
            ],
            [
              5997.624703087886,
              73040.38004750594
            ],
            [
              5985.748218527317,
              73028.50356294538
            ],
            [
              5979.809976247031,
              73028.50356294538
            ],
            [
              5973.871733966746,
              73022.56532066509
            ],
            [
              5961.995249406176,
              73022.56532066509
            ],
            [
              5944.180522565321,
              73004.75059382422
            ],
            [
              5944.180522565321,
              72998.81235154395
            ],
            [
              5920.42755344418,
              72975.05938242281
            ],
            [
              5920.42755344418,
              72969.12114014252
            ],
            [
              5878.859857482185,
              72969.12114014252
            ]
          ]
        ]
      }
    },
    {
      "type": "Feature",
      "properties": {
        "class_id": 4,
        "classification": "PenMarking",
        "area": 2027.6064793134772
      },
      "geometry": {
        "type": "Polygon",
        "coordinates": [
          [
            [
              34697.14964370547,
              60730.40380047506
            ],
            [
              34691.21140142518,
              60736.34204275535
            ],
            [
              34685.2731591449,
              60736.34204275535
            ],
            [
              34679.33491686461,
              60742.28028503563
            ],
            [
              34673.39667458432,
              60742.28028503563
            ],
            [
              34661.52019002375,
              60754.1567695962
            ],
            [
              34661.52019002375,
              60760.09501187649
            ],
            [
              34655.58194774347,
              60766.03325415677
            ],
            [
              34655.58194774347,
              60777.90973871734
            ],
            [
              34643.7054631829,
              60789.786223277915
            ],
            [
              34667.45843230404,
              60789.786223277915
            ],
            [
              34673.39667458432,
              60783.84798099763
            ],
            [
              34679.33491686461,
              60783.84798099763
            ],
            [
              34709.026128266036,
              60754.1567695962
            ],
            [
              34709.026128266036,
              60748.21852731592
            ],
            [
              34714.96437054632,
              60742.28028503563
            ],
            [
              34709.026128266036,
              60736.34204275535
            ],
            [
              34709.026128266036,
              60730.40380047506
            ],
            [
              34697.14964370547,
              60730.40380047506
            ]
          ]
        ]
      }
    },
    {
      "type": "Feature",
      "properties": {
        "class_id": 4,
        "classification": "PenMarking",
        "area": 8639.366737944381
      },
      "geometry": {
        "type": "Polygon",
        "coordinates": [
          [
            [
              36270.783847981,
              60682.897862232785
            ],
            [
              36258.90736342043,
              60694.774346793354
            ],
            [
              36258.90736342043,
              60706.65083135392
            ],
            [
              36264.84560570071,
              60712.589073634204
            ],
            [
              36264.84560570071,
              60777.90973871734
            ],
            [
              36258.90736342043,
              60783.84798099763
            ],
            [
              36258.90736342043,
              60789.786223277915
            ],
            [
              36252.969121140144,
              60795.724465558196
            ],
            [
              36252.969121140144,
              60801.662707838484
            ],
            [
              36318.28978622328,
              60801.662707838484
            ],
            [
              36318.28978622328,
              60795.724465558196
            ],
            [
              36324.22802850357,
              60789.786223277915
            ],
            [
              36324.22802850357,
              60783.84798099763
            ],
            [
              36347.980997624705,
              60760.09501187649
            ],
            [
              36347.980997624705,
              60742.28028503563
            ],
            [
              36353.919239904986,
              60736.34204275535
            ],
            [
              36353.919239904986,
              60724.46555819477
            ],
            [
              36336.104513064136,
              60706.65083135392
            ],
            [
              36330.16627078385,
              60706.65083135392
            ],
            [
              36318.28978622328,
              60694.774346793354
            ],
            [
              36312.351543943,
              60694.774346793354
            ],
            [
              36300.47505938242,
              60682.897862232785
            ],
            [
              36270.783847981,
              60682.897862232785
            ]
          ]
        ]
      }
    },
    {
      "type": "Feature",
      "properties": {
        "class_id": 4,
        "classification": "PenMarking",
        "area": 101944.5275077437
      },
      "geometry": {
        "type": "Polygon",
        "coordinates": [
          [
            [
              27416.86460807601,
              39216.15201900238
            ],
            [
              27381.2351543943,
              39251.78147268409
            ],
            [
              27375.296912114016,
              39251.78147268409
            ],
            [
              27369.35866983373,
              39257.71971496437
            ],
            [
              27363.420427553447,
              39257.71971496437
            ],
            [
              27363.420427553447,
              39519.002375296914
            ],
            [
              27826.60332541568,
              39519.002375296914
            ],
            [
              27838.47980997625,
              39507.125890736344
            ],
            [
              27838.47980997625,
              39477.43467933492
            ],
            [
              27826.60332541568,
              39465.55819477435
            ],
            [
              27826.60332541568,
              39459.61995249406
            ],
            [
              27808.78859857482,
              39441.80522565321
            ],
            [
              27808.78859857482,
              39412.11401425178
            ],
            [
              27785.035629453683,
              39388.361045130645
            ],
            [
              27779.0973871734,
              39388.361045130645
            ],
            [
              27767.22090261283,
              39376.484560570076
            ],
            [
              27761.28266033254,
              39376.484560570076
            ],
            [
              27755.344418052257,
              39370.54631828979
            ],
            [
              27749.406175771972,
              39370.54631828979
            ],
            [
              27743.467933491687,
              39364.6080760095
            ],
            [
              27731.591448931118,
              39364.6080760095
            ],
            [
              27725.653206650833,
              39358.66983372922
            ],
            [
              27719.71496437055,
              39358.66983372922
            ],
            [
              27701.90023752969,
              39340.85510688836
            ],
            [
              27695.961995249407,
              39340.85510688836
            ],
            [
              27690.023752969122,
              39334.91686460808
            ],
            [
              27684.085510688838,
              39334.91686460808
            ],
            [
              27678.147268408553,
              39328.97862232779
            ],
            [
              27672.20902612827,
              39328.97862232779
            ],
            [
              27666.270783847984,
              39323.04038004751
            ],
            [
              27660.332541567695,
              39323.04038004751
            ],
            [
              27618.764845605703,
              39281.472684085515
            ],
            [
              27595.01187648456,
              39281.472684085515
            ],
            [
              27589.073634204276,
              39275.53444180523
            ],
            [
              27577.197149643707,
              39275.53444180523
            ],
            [
              27571.258907363423,
              39269.596199524945
            ],
            [
              27565.320665083138,
              39269.596199524945
            ],
            [
              27559.38242280285,
              39263.65795724466
            ],
            [
              27535.62945368171,
              39263.65795724466
            ],
            [
              27529.691211401427,
              39257.71971496437
            ],
            [
              27505.938242280285,
              39257.71971496437
            ],
            [
              27500.0,
              39263.65795724466
            ],
            [
              27494.061757719715,
              39257.71971496437
            ],
            [
              27476.24703087886,
              39257.71971496437
            ],
            [
              27452.49406175772,
              39233.96674584323
            ],
            [
              27452.49406175772,
              39228.02850356295
            ],
            [
              27440.61757719715,
              39216.15201900238
            ],
            [
              27416.86460807601,
              39216.15201900238
            ]
          ]
        ]
      }
    },
    {
      "type": "Feature",
      "properties": {
        "class_id": 4,
        "classification": "PenMarking",
        "area": 705.2544275872964
      },
      "geometry": {
        "type": "Polygon",
        "coordinates": [
          [
            [
              81009.50118764846,
              36555.81947743468
            ],
            [
              81009.50118764846,
              36585.510688836104
            ],
            [
              81015.43942992874,
              36591.44893111639
            ],
            [
              81027.31591448931,
              36591.44893111639
            ],
            [
              81033.2541567696,
              36585.510688836104
            ],
            [
              81033.2541567696,
              36567.695961995254
            ],
            [
              81027.31591448931,
              36561.757719714966
            ],
            [
              81021.37767220903,
              36561.757719714966
            ],
            [
              81015.43942992874,
              36555.81947743468
            ],
            [
              81009.50118764846,
              36555.81947743468
            ]
          ]
        ]
      }
    },
    {
      "type": "Feature",
      "properties": {
        "class_id": 4,
        "classification": "PenMarking",
        "area": 3314.695809660293
      },
      "geometry": {
        "type": "Polygon",
        "coordinates": [
          [
            [
              80973.87173396675,
              36484.56057007126
            ],
            [
              80973.87173396675,
              36490.49881235154
            ],
            [
              80967.93349168646,
              36496.43705463183
            ],
            [
              80967.93349168646,
              36508.3135391924
            ],
            [
              80979.80997624704,
              36520.19002375297
            ],
            [
              80985.74821852733,
              36520.19002375297
            ],
            [
              80997.62470308789,
              36532.06650831354
            ],
            [
              80997.62470308789,
              36538.00475059383
            ],
            [
              81003.56294536818,
              36543.94299287411
            ],
            [
              81015.43942992874,
              36543.94299287411
            ],
            [
              81051.06888361045,
              36508.3135391924
            ],
            [
              81051.06888361045,
              36502.37529691211
            ],
            [
              81045.13064133016,
              36496.43705463183
            ],
            [
              81039.19239904989,
              36496.43705463183
            ],
            [
              81033.2541567696,
              36490.49881235154
            ],
            [
              81033.2541567696,
              36484.56057007126
            ],
            [
              80973.87173396675,
              36484.56057007126
            ]
          ]
        ]
      }
    },
    {
      "type": "Feature",
      "properties": {
        "class_id": 4,
        "classification": "PenMarking",
        "area": 21051.8446634808
      },
      "geometry": {
        "type": "Polygon",
        "coordinates": [
          [
            [
              86264.84560570071,
              34726.84085510689
            ],
            [
              86258.90736342043,
              34732.779097387174
            ],
            [
              86193.5866983373,
              34732.779097387174
            ],
            [
              86187.64845605701,
              34738.71733966746
            ],
            [
              86134.20427553444,
              34738.71733966746
            ],
            [
              86128.26603325416,
              34732.779097387174
            ],
            [
              86098.57482185273,
              34732.779097387174
            ],
            [
              86086.69833729217,
              34744.65558194774
            ],
            [
              86086.69833729217,
              34750.59382422803
            ],
            [
              86068.8836104513,
              34768.40855106888
            ],
            [
              86068.8836104513,
              34780.28503562946
            ],
            [
              86062.94536817103,
              34786.22327790974
            ],
            [
              86062.94536817103,
              34798.09976247031
            ],
            [
              86068.8836104513,
              34804.0380047506
            ],
            [
              86068.8836104513,
              34809.97624703088
            ],
            [
              86080.76009501188,
              34821.85273159145
            ],
            [
              86080.76009501188,
              34827.790973871735
            ],
            [
              86098.57482185273,
              34845.60570071259
            ],
            [
              86110.4513064133,
              34845.60570071259
            ],
            [
              86116.3895486936,
              34851.543942992874
            ],
            [
              86146.08076009502,
              34851.543942992874
            ],
            [
              86152.0190023753,
              34857.48218527316
            ],
            [
              86157.95724465558,
              34857.48218527316
            ],
            [
              86163.89548693587,
              34863.42042755344
            ],
            [
              86193.5866983373,
              34863.42042755344
            ],
            [
              86199.52494061759,
              34857.48218527316
            ],
            [
              86205.46318289786,
              34857.48218527316
            ],
            [
              86223.27790973872,
              34839.667458432305
            ],
            [
              86229.21615201901,
              34839.667458432305
            ],
            [
              86252.96912114015,
              34815.914489311166
            ],
            [
              86252.96912114015,
              34780.28503562946
            ],
            [
              86258.90736342043,
              34774.34679334917
            ],
            [
              86258.90736342043,
              34768.40855106888
            ],
            [
              86276.72209026129,
              34750.59382422803
            ],
            [
              86282.66033254158,
              34750.59382422803
            ],
            [
              86282.66033254158,
              34738.71733966746
            ],
            [
              86270.783847981,
              34726.84085510689
            ],
            [
              86264.84560570071,
              34726.84085510689
            ]
          ]
        ]
      }
    },
    {
      "type": "Feature",
      "properties": {
        "class_id": 4,
        "classification": "PenMarking",
        "area": 4919960.6750131175
      },
      "geometry": {
        "type": "Polygon",
        "coordinates": [
          [
            [
              82090.26128266033,
              33444.18052256532
            ],
            [
              82090.26128266033,
              35783.84798099763
            ],
            [
              82096.19952494062,
              35783.84798099763
            ],
            [
              82102.1377672209,
              35789.78622327791
            ],
            [
              82155.58194774347,
              35789.78622327791
            ],
            [
              82167.45843230405,
              35777.90973871734
            ],
            [
              82173.39667458432,
              35777.90973871734
            ],
            [
              82179.33491686461,
              35771.97149643706
            ],
            [
              82185.2731591449,
              35771.97149643706
            ],
            [
              82191.21140142519,
              35766.03325415677
            ],
            [
              82220.90261282661,
              35766.03325415677
            ],
            [
              82226.84085510689,
              35760.09501187649
            ],
            [
              82232.77909738717,
              35760.09501187649
            ],
            [
              82238.71733966746,
              35766.03325415677
            ],
            [
              82250.59382422804,
              35766.03325415677
            ],
            [
              82256.53206650831,
              35771.97149643706
            ],
            [
              82268.40855106889,
              35771.97149643706
            ],
            [
              82274.34679334918,
              35777.90973871734
            ],
            [
              82339.6674584323,
              35777.90973871734
            ],
            [
              82345.6057007126,
              35771.97149643706
            ],
            [
              82381.23515439431,
              35771.97149643706
            ],
            [
              82387.17339667458,
              35766.03325415677
            ],
            [
              82399.04988123516,
              35766.03325415677
            ],
            [
              82404.98812351545,
              35760.09501187649
            ],
            [
              82410.92636579573,
              35760.09501187649
            ],
            [
              82416.86460807601,
              35754.1567695962
            ],
            [
              82428.74109263658,
              35754.1567695962
            ],
            [
              82434.67933491687,
              35748.21852731592
            ],
            [
              82440.61757719715,
              35748.21852731592
            ],
            [
              82446.55581947743,
              35742.28028503563
            ],
            [
              82458.43230403801,
              35742.28028503563
            ],
            [
              82464.3705463183,
              35736.34204275534
            ],
            [
              82488.12351543944,
              35736.34204275534
            ],
            [
              82494.06175771971,
              35730.40380047506
            ],
            [
              82511.87648456058,
              35730.40380047506
            ],
            [
              82517.81472684086,
              35724.46555819477
            ],
            [
              82553.44418052257,
              35724.46555819477
            ],
            [
              82559.38242280285,
              35718.52731591449
            ],
            [
              82571.25890736343,
              35718.52731591449
            ],
            [
              82583.13539192399,
              35706.65083135392
            ],
            [
              82589.07363420428,
              35706.65083135392
            ],
            [
              82612.82660332542,
              35682.89786223278
            ],
            [
              82612.82660332542,
              35676.9596199525
            ],
            [
              82648.45605700713,
              35641.33016627078
            ],
            [
              82654.3942992874,
              35641.33016627078
            ],
            [
              82690.02375296912,
              35605.700712589074
            ],
            [
              82690.02375296912,
              35599.76247030879
            ],
            [
              82707.83847980997,
              35581.947743467936
            ],
            [
              82707.83847980997,
              35576.00950118765
            ],
            [
              82713.77672209026,
              35570.07125890737
            ],
            [
              82713.77672209026,
              35564.13301662708
            ],
            [
              82779.0973871734,
              35498.812351543944
            ],
            [
              82779.0973871734,
              35492.87410926366
            ],
            [
              82785.03562945369,
              35486.935866983375
            ],
            [
              82785.03562945369,
              35480.997624703086
            ],
            [
              82790.97387173396,
              35475.059382422805
            ],
            [
              82790.97387173396,
              35469.12114014252
            ],
            [
              82802.85035629454,
              35457.24465558195
            ],
            [
              82802.85035629454,
              35451.30641330167
            ],
            [
              82808.78859857483,
              35445.36817102138
            ],
            [
              82808.78859857483,
              35439.4299287411
            ],
            [
              82820.66508313539,
              35427.55344418052
            ],
            [
              82820.66508313539,
              35421.61520190024
            ],
            [
              82844.41805225653,
              35397.8622327791
            ],
            [
              82844.41805225653,
              35391.92399049881
            ],
            [
              82856.2945368171,
              35380.047505938244
            ],
            [
              82856.2945368171,
              35374.109263657956
            ],
            [
              82862.2327790974,
              35368.171021377675
            ],
            [
              82862.2327790974,
              35362.23277909739
            ],
            [
              82909.73871733967,
              35314.72684085511
            ],
            [
              82909.73871733967,
              35308.78859857482
            ],
            [
              82921.61520190025,
              35296.91211401425
            ],
            [
              82921.61520190025,
              35290.97387173397
            ],
            [
              82927.55344418052,
              35285.03562945368
            ],
            [
              82927.55344418052,
              35273.159144893114
            ],
            [
              82933.49168646081,
              35267.220902612826
            ],
            [
              82933.49168646081,
              35261.282660332545
            ],
            [
              82939.4299287411,
              35255.34441805226
            ],
            [
              82939.4299287411,
              35249.406175771976
            ],
            [
              82945.36817102139,
              35243.46793349169
            ],
            [
              82945.36817102139,
              35237.529691211406
            ],
            [
              82951.30641330166,
              35231.59144893112
            ],
            [
              82951.30641330166,
              35219.71496437055
            ],
            [
              82957.24465558195,
              35213.77672209026
            ],
            [
              82957.24465558195,
              35190.02375296912
            ],
            [
              82963.18289786224,
              35184.085510688834
            ],
            [
              82963.18289786224,
              35178.14726840855
            ],
            [
              82969.12114014252,
              35172.209026128265
            ],
            [
              82969.12114014252,
              35166.270783847984
            ],
            [
              82975.05938242281,
              35160.332541567695
            ],
            [
              82975.05938242281,
              35154.394299287414
            ],
            [
              82986.93586698337,
              35142.517814726845
            ],
            [
              82986.93586698337,
              35136.57957244656
            ],
            [
              82998.81235154395,
              35124.70308788599
            ],
            [
              82998.81235154395,
              35118.7648456057
            ],
            [
              83016.6270783848,
              35100.95011876485
            ],
            [
              83016.6270783848,
              35095.01187648456
            ],
            [
              83022.56532066509,
              35089.07363420428
            ],
            [
              83022.56532066509,
              35083.13539192399
            ],
            [
              83028.50356294538,
              35077.1971496437
            ],
            [
              83028.50356294538,
              35071.25890736342
            ],
            [
              83034.44180522565,
              35065.320665083134
            ],
            [
              83034.44180522565,
              35059.38242280285
            ],
            [
              83040.38004750594,
              35053.444180522565
            ],
            [
              83040.38004750594,
              35041.567695961996
            ],
            [
              83046.31828978623,
              35035.629453681715
            ],
            [
              83046.31828978623,
              35029.69121140143
            ],
            [
              83058.19477434679,
              35017.81472684086
            ],
            [
              83058.19477434679,
              35011.87648456057
            ],
            [
              83070.07125890737,
              35000.0
            ],
            [
              83070.07125890737,
              34994.06175771972
            ],
            [
              83076.00950118765,
              34988.12351543943
            ],
            [
              83076.00950118765,
              34982.18527315915
            ],
            [
              83081.94774346794,
              34976.24703087886
            ],
            [
              83081.94774346794,
              34970.30878859857
            ],
            [
              83087.88598574822,
              34964.37054631829
            ],
            [
              83087.88598574822,
              34958.432304038004
            ],
            [
              83093.8242280285,
              34952.49406175772
            ],
            [
              83093.8242280285,
              34946.555819477435
            ],
            [
              83099.7624703088,
              34940.617577197154
            ],
            [
              83099.7624703088,
              34934.679334916866
            ],
            [
              83129.45368171022,
              34904.98812351544
            ],
            [
              83129.45368171022,
              34899.04988123516
            ],
            [
              83135.39192399051,
              34893.11163895487
            ],
            [
              83135.39192399051,
              34869.35866983373
            ],
            [
              83141.33016627078,
              34863.42042755344
            ],
            [
              83141.33016627078,
              34857.48218527316
            ],
            [
              83153.20665083136,
              34845.60570071259
            ],
            [
              83153.20665083136,
              34839.667458432305
            ],
            [
              83159.14489311165,
              34833.72921615202
            ],
            [
              83159.14489311165,
              34821.85273159145
            ],
            [
              83165.08313539192,
              34815.914489311166
            ],
            [
              83165.08313539192,
              34798.09976247031
            ],
            [
              83171.02137767221,
              34792.16152019003
            ],
            [
              83171.02137767221,
              34786.22327790974
            ],
            [
              83176.9596199525,
              34780.28503562946
            ],
            [
              83176.9596199525,
              34774.34679334917
            ],
            [
              83182.89786223278,
              34768.40855106888
            ],
            [
              83182.89786223278,
              34756.53206650831
            ],
            [
              83188.83610451307,
              34750.59382422803
            ],
            [
              83188.83610451307,
              34720.902612826605
            ],
            [
              83194.77434679335,
              34714.96437054632
            ],
            [
              83194.77434679335,
              34703.08788598575
            ],
            [
              83200.71258907364,
              34697.14964370547
            ],
            [
              83200.71258907364,
              34691.21140142518
            ],
            [
              83206.65083135392,
              34685.2731591449
            ],
            [
              83206.65083135392,
              34679.33491686461
            ],
            [
              83212.58907363421,
              34673.39667458432
            ],
            [
              83212.58907363421,
              34649.64370546318
            ],
            [
              83218.5273159145,
              34643.7054631829
            ],
            [
              83218.5273159145,
              34631.82897862233
            ],
            [
              83230.40380047506,
              34619.952494061756
            ],
            [
              83230.40380047506,
              34614.014251781475
            ],
            [
              83236.34204275535,
              34608.07600950119
            ],
            [
              83236.34204275535,
              34596.19952494062
            ],
            [
              83242.28028503564,
              34590.261282660336
            ],
            [
              83242.28028503564,
              34584.32304038005
            ],
            [
              83248.21852731591,
              34578.38479809977
            ],
            [
              83248.21852731591,
              34566.50831353919
            ],
            [
              83254.1567695962,
              34560.57007125891
            ],
            [
              83254.1567695962,
              34554.63182897862
            ],
            [
              83283.84798099763,
              34524.9406175772
            ],
            [
              83283.84798099763,
              34519.002375296914
            ],
            [
              83289.78622327792,
              34513.064133016625
            ],
            [
              83289.78622327792,
              34507.125890736344
            ],
            [
              83307.60095011877,
              34489.31116389549
            ],
            [
              83313.53919239905,
              34489.31116389549
            ],
            [
              83349.16864608077,
              34453.68171021378
            ],
            [
              83355.10688836104,
              34453.68171021378
            ],
            [
              83366.98337292162,
              34441.80522565321
            ],
            [
              83372.9216152019,
              34441.80522565321
            ],
            [
              83384.79809976247,
              34429.92874109264
            ],
            [
              83390.73634204276,
              34429.92874109264
            ],
            [
              83408.55106888361,
              34412.11401425178
            ],
            [
              83408.55106888361,
              34406.175771971495
            ],
            [
              83438.24228028503,
              34376.484560570076
            ],
            [
              83450.11876484561,
              34376.484560570076
            ],
            [
              83456.0570071259,
              34370.54631828979
            ],
            [
              83467.93349168646,
              34370.54631828979
            ],
            [
              83473.87173396675,
              34364.6080760095
            ],
            [
              83479.80997624704,
              34364.6080760095
            ],
            [
              83497.62470308789,
              34346.79334916865
            ],
            [
              83497.62470308789,
              34340.85510688836
            ],
            [
              83503.56294536818,
              34334.91686460808
            ],
            [
              83503.56294536818,
              34328.97862232779
            ],
            [
              83533.2541567696,
              34299.287410926365
            ],
            [
              83533.2541567696,
              34287.410926365796
            ],
            [
              83539.19239904989,
              34281.472684085515
            ],
            [
              83539.19239904989,
              34269.596199524945
            ],
            [
              83545.13064133016,
              34263.65795724466
            ],
            [
              83545.13064133016,
              34257.71971496437
            ],
            [
              83551.06888361045,
              34251.78147268409
            ],
            [
              83551.06888361045,
              34239.90498812352
            ],
            [
              83562.94536817103,
              34228.02850356295
            ],
            [
              83562.94536817103,
              34222.09026128266
            ],
            [
              83568.8836104513,
              34216.15201900238
            ],
            [
              83574.82185273159,
              34216.15201900238
            ],
            [
              83604.51306413302,
              34186.46080760095
            ],
            [
              83610.4513064133,
              34186.46080760095
            ],
            [
              83634.20427553444,
              34162.70783847981
            ],
            [
              83634.20427553444,
              34156.76959619953
            ],
            [
              83652.0190023753,
              34138.95486935867
            ],
            [
              83657.95724465558,
              34138.95486935867
            ],
            [
              83663.89548693587,
              34133.01662707839
            ],
            [
              83681.71021377672,
              34133.01662707839
            ],
            [
              83687.64845605701,
              34127.0783847981
            ],
            [
              83693.5866983373,
              34127.0783847981
            ],
            [
              83699.52494061759,
              34121.14014251782
            ],
            [
              83705.46318289786,
              34121.14014251782
            ],
            [
              83717.33966745844,
              34109.26365795724
            ],
            [
              83723.27790973872,
              34109.26365795724
            ],
            [
              83729.21615201901,
              34103.32541567696
            ],
            [
              83741.09263657957,
              34103.32541567696
            ],
            [
              83747.03087885986,
              34097.38717339667
            ],
            [
              83758.90736342043,
              34097.38717339667
            ],
            [
              83764.84560570071,
              34091.44893111639
            ],
            [
              83770.783847981,
              34091.44893111639
            ],
            [
              83776.72209026129,
              34085.510688836104
            ],
            [
              83788.59857482185,
              34085.510688836104
            ],
            [
              83794.53681710214,
              34079.57244655582
            ],
            [
              83800.47505938243,
              34079.57244655582
            ],
            [
              83806.41330166272,
              34073.634204275535
            ],
            [
              83812.35154394299,
              34073.634204275535
            ],
            [
              83818.28978622328,
              34079.57244655582
            ],
            [
              83818.28978622328,
              34085.510688836104
            ],
            [
              83824.22802850357,
              34091.44893111639
            ],
            [
              83847.9809976247,
              34091.44893111639
            ],
            [
              83853.919239905,
              34085.510688836104
            ],
            [
              83859.85748218528,
              34085.510688836104
            ],
            [
              83865.79572446556,
              34079.57244655582
            ],
            [
              83871.73396674584,
              34079.57244655582
            ],
            [
              83889.54869358671,
              34061.757719714966
            ],
            [
              83895.48693586698,
              34061.757719714966
            ],
            [
              83901.42517814727,
              34055.81947743468
            ],
            [
              83907.36342042756,
              34055.81947743468
            ],
            [
              83913.30166270785,
              34049.8812351544
            ],
            [
              83919.23990498812,
              34049.8812351544
            ],
            [
              83972.68408551069,
              33996.43705463183
            ],
            [
              83978.62232779097,
              33996.43705463183
            ],
            [
              83990.49881235155,
              33984.56057007126
            ],
            [
              84002.37529691211,
              33984.56057007126
            ],
            [
              84008.3135391924,
              33990.49881235154
            ],
            [
              84032.06650831354,
              33990.49881235154
            ],
            [
              84032.06650831354,
              33978.622327790974
            ],
            [
              84038.00475059383,
              33972.68408551069
            ],
            [
              84038.00475059383,
              33966.745843230405
            ],
            [
              84061.75771971497,
              33942.992874109266
            ],
            [
              84067.69596199525,
              33942.992874109266
            ],
            [
              84073.63420427554,
              33937.05463182898
            ],
            [
              84085.5106888361,
              33937.05463182898
            ],
            [
              84091.44893111639,
              33931.1163895487
            ],
            [
              84121.14014251782,
              33931.1163895487
            ],
            [
              84127.07838479811,
              33925.17814726841
            ],
            [
              84133.01662707838,
              33925.17814726841
            ],
            [
              84138.95486935867,
              33931.1163895487
            ],
            [
              84156.76959619953,
              33931.1163895487
            ],
            [
              84162.70783847981,
              33937.05463182898
            ],
            [
              84168.6460807601,
              33937.05463182898
            ],
            [
              84174.58432304038,
              33942.992874109266
            ],
            [
              84174.58432304038,
              33948.93111638955
            ],
            [
              84180.52256532067,
              33954.869358669835
            ],
            [
              84180.52256532067,
              33960.807600950124
            ],
            [
              84174.58432304038,
              33966.745843230405
            ],
            [
              84174.58432304038,
              33978.622327790974
            ],
            [
              84168.6460807601,
              33984.56057007126
            ],
            [
              84168.6460807601,
              33996.43705463183
            ],
            [
              84162.70783847981,
              34002.37529691211
            ],
            [
              84162.70783847981,
              34008.3135391924
            ],
            [
              84168.6460807601,
              34008.3135391924
            ],
            [
              84186.46080760095,
              33990.49881235154
            ],
            [
              84198.33729216152,
              33990.49881235154
            ],
            [
              84204.27553444181,
              33984.56057007126
            ],
            [
              84233.96674584324,
              33984.56057007126
            ],
            [
              84239.90498812353,
              33978.622327790974
            ],
            [
              84245.8432304038,
              33978.622327790974
            ],
            [
              84251.78147268409,
              33972.68408551069
            ],
            [
              84269.59619952494,
              33972.68408551069
            ],
            [
              84275.53444180523,
              33978.622327790974
            ],
            [
              84275.53444180523,
              33984.56057007126
            ],
            [
              84263.65795724466,
              33996.43705463183
            ],
            [
              84263.65795724466,
              34002.37529691211
            ],
            [
              84269.59619952494,
              34008.3135391924
            ],
            [
              84293.34916864609,
              34008.3135391924
            ],
            [
              84299.28741092636,
              34014.25178147269
            ],
            [
              84317.10213776723,
              33996.43705463183
            ],
            [
              84334.91686460808,
              33996.43705463183
            ],
            [
              84346.79334916866,
              34008.3135391924
            ],
            [
              84346.79334916866,
              34020.19002375297
            ],
            [
              84352.73159144893,
              34020.19002375297
            ],
            [
              84376.48456057007,
              33996.43705463183
            ],
            [
              84394.29928741093,
              33996.43705463183
            ],
            [
              84400.23752969122,
              34002.37529691211
            ],
            [
              84459.61995249406,
              34002.37529691211
            ],
            [
              84465.55819477435,
              34008.3135391924
            ],
            [
              84471.49643705464,
              34008.3135391924
            ],
            [
              84495.24940617578,
              34032.06650831354
            ],
            [
              84501.18764845606,
              34032.06650831354
            ],
            [
              84507.12589073635,
              34038.00475059383
            ],
            [
              84513.06413301663,
              34038.00475059383
            ],
            [
              84548.69358669834,
              34073.634204275535
            ],
            [
              84548.69358669834,
              34079.57244655582
            ],
            [
              84554.63182897863,
              34085.510688836104
            ],
            [
              84560.57007125892,
              34085.510688836104
            ],
            [
              84566.50831353919,
              34091.44893111639
            ],
            [
              84608.0760095012,
              34091.44893111639
            ],
            [
              84614.01425178148,
              34097.38717339667
            ],
            [
              84614.01425178148,
              34103.32541567696
            ],
            [
              84619.95249406176,
              34109.26365795724
            ],
            [
              84619.95249406176,
              34121.14014251782
            ],
            [
              84625.89073634204,
              34121.14014251782
            ],
            [
              84631.82897862233,
              34127.0783847981
            ],
            [
              84637.76722090262,
              34127.0783847981
            ],
            [
              84643.7054631829,
              34133.01662707839
            ],
            [
              84649.64370546318,
              34133.01662707839
            ],
            [
              84655.58194774347,
              34138.95486935867
            ],
            [
              84673.39667458432,
              34138.95486935867
            ],
            [
              84679.33491686461,
              34144.89311163896
            ],
            [
              84685.2731591449,
              34138.95486935867
            ],
            [
              84685.2731591449,
              34133.01662707839
            ],
            [
              84703.08788598575,
              34115.20190023753
            ],
            [
              84709.02612826604,
              34115.20190023753
            ],
            [
              84726.84085510689,
              34133.01662707839
            ],
            [
              84732.77909738717,
              34133.01662707839
            ],
            [
              84738.71733966746,
              34138.95486935867
            ],
            [
              84744.65558194775,
              34138.95486935867
            ],
            [
              84750.59382422804,
              34144.89311163896
            ],
            [
              84756.53206650831,
              34144.89311163896
            ],
            [
              84762.4703087886,
              34138.95486935867
            ],
            [
              84774.34679334918,
              34138.95486935867
            ],
            [
              84780.28503562945,
              34133.01662707839
            ],
            [
              84792.16152019003,
              34133.01662707839
            ],
            [
              84798.09976247032,
              34138.95486935867
            ],
            [
              84804.0380047506,
              34138.95486935867
            ],
            [
              84809.97624703088,
              34144.89311163896
            ],
            [
              84809.97624703088,
              34150.83135391924
            ],
            [
              84857.48218527317,
              34198.33729216152
            ],
            [
              84857.48218527317,
              34204.275534441804
            ],
            [
              84863.42042755344,
              34210.21377672209
            ],
            [
              84863.42042755344,
              34233.96674584323
            ],
            [
              84857.48218527317,
              34239.90498812352
            ],
            [
              84857.48218527317,
              34245.8432304038
            ],
            [
              84845.6057007126,
              34257.71971496437
            ],
            [
              84851.54394299288,
              34263.65795724466
            ],
            [
              84851.54394299288,
              34269.596199524945
            ],
            [
              84857.48218527317,
              34275.53444180523
            ],
            [
              84857.48218527317,
              34287.410926365796
            ],
            [
              84851.54394299288,
              34293.349168646084
            ],
            [
              84851.54394299288,
              34299.287410926365
            ],
            [
              84869.35866983373,
              34299.287410926365
            ],
            [
              84881.23515439431,
              34311.163895486934
            ],
            [
              84881.23515439431,
              34323.04038004751
            ],
            [
              84875.29691211402,
              34328.97862232779
            ],
            [
              84875.29691211402,
              34334.91686460808
            ],
            [
              84869.35866983373,
              34340.85510688836
            ],
            [
              84869.35866983373,
              34352.73159144893
            ],
            [
              84863.42042755344,
              34358.66983372922
            ],
            [
              84863.42042755344,
              34370.54631828979
            ],
            [
              84857.48218527317,
              34376.484560570076
            ],
            [
              84857.48218527317,
              34382.42280285036
            ],
            [
              84851.54394299288,
              34388.361045130645
            ],
            [
              84851.54394299288,
              34394.299287410926
            ],
            [
              84839.6674584323,
              34406.175771971495
            ],
            [
              84839.6674584323,
              34412.11401425178
            ],
            [
              84833.72921615202,
              34418.052256532064
            ],
            [
              84833.72921615202,
              34423.99049881235
            ],
            [
              84827.79097387174,
              34429.92874109264
            ],
            [
              84827.79097387174,
              34435.86698337292
            ],
            [
              84809.97624703088,
              34453.68171021378
            ],
            [
              84809.97624703088,
              34459.61995249406
            ],
            [
              84798.09976247032,
              34471.49643705464
            ],
            [
              84798.09976247032,
              34477.43467933492
            ],
            [
              84792.16152019003,
              34483.372921615206
            ],
            [
              84792.16152019003,
              34507.125890736344
            ],
            [
              84786.22327790974,
              34513.064133016625
            ],
            [
              84786.22327790974,
              34536.81710213777
            ],
            [
              84780.28503562945,
              34542.75534441805
            ],
            [
              84780.28503562945,
              34566.50831353919
            ],
            [
              84774.34679334918,
              34572.44655581948
            ],
            [
              84774.34679334918,
              34596.19952494062
            ],
            [
              84768.40855106889,
              34602.137767220906
            ],
            [
              84768.40855106889,
              34625.890736342044
            ],
            [
              84762.4703087886,
              34631.82897862233
            ],
            [
              84762.4703087886,
              34655.58194774347
            ],
            [
              84756.53206650831,
              34661.52019002375
            ],
            [
              84756.53206650831,
              34691.21140142518
            ],
            [
              84750.59382422804,
              34697.14964370547
            ],
            [
              84750.59382422804,
              34744.65558194774
            ],
            [
              84744.65558194775,
              34750.59382422803
            ],
            [
              84744.65558194775,
              34786.22327790974
            ],
            [
              84738.71733966746,
              34792.16152019003
            ],
            [
              84738.71733966746,
              34857.48218527316
            ],
            [
              84732.77909738717,
              34863.42042755344
            ],
            [
              84732.77909738717,
              34940.617577197154
            ],
            [
              84726.84085510689,
              34946.555819477435
            ],
            [
              84726.84085510689,
              34988.12351543943
            ],
            [
              84720.90261282661,
              34994.06175771972
            ],
            [
              84720.90261282661,
              35035.629453681715
            ],
            [
              84714.96437054632,
              35041.567695961996
            ],
            [
              84714.96437054632,
              35047.505938242284
            ],
            [
              84709.02612826604,
              35053.444180522565
            ],
            [
              84709.02612826604,
              35065.320665083134
            ],
            [
              84703.08788598575,
              35071.25890736342
            ],
            [
              84703.08788598575,
              35112.82660332542
            ],
            [
              84709.02612826604,
              35118.7648456057
            ],
            [
              84709.02612826604,
              35136.57957244656
            ],
            [
              84703.08788598575,
              35142.517814726845
            ],
            [
              84703.08788598575,
              35160.332541567695
            ],
            [
              84697.14964370546,
              35166.270783847984
            ],
            [
              84697.14964370546,
              35190.02375296912
            ],
            [
              84691.21140142519,
              35195.96199524941
            ],
            [
              84691.21140142519,
              35201.90023752969
            ],
            [
              84685.2731591449,
              35207.83847980998
            ],
            [
              84685.2731591449,
              35219.71496437055
            ],
            [
              84679.33491686461,
              35225.65320665083
            ],
            [
              84679.33491686461,
              35231.59144893112
            ],
            [
              84667.45843230405,
              35243.46793349169
            ],
            [
              84667.45843230405,
              35249.406175771976
            ],
            [
              84661.52019002376,
              35255.34441805226
            ],
            [
              84661.52019002376,
              35261.282660332545
            ],
            [
              84655.58194774347,
              35267.220902612826
            ],
            [
              84655.58194774347,
              35273.159144893114
            ],
            [
              84643.7054631829,
              35285.03562945368
            ],
            [
              84643.7054631829,
              35290.97387173397
            ],
            [
              84631.82897862233,
              35302.85035629454
            ],
            [
              84631.82897862233,
              35308.78859857482
            ],
            [
              84608.0760095012,
              35332.54156769596
            ],
            [
              84608.0760095012,
              35338.47980997625
            ],
            [
              84590.26128266033,
              35356.294536817106
            ],
            [
              84590.26128266033,
              35362.23277909739
            ],
            [
              84572.44655581948,
              35380.047505938244
            ],
            [
              84572.44655581948,
              35385.985748218525
            ],
            [
              84566.50831353919,
              35391.92399049881
            ],
            [
              84566.50831353919,
              35403.80047505938
            ],
            [
              84572.44655581948,
              35409.73871733967
            ],
            [
              84572.44655581948,
              35463.182897862236
            ],
            [
              84578.38479809977,
              35469.12114014252
            ],
            [
              84578.38479809977,
              35546.31828978623
            ],
            [
              84572.44655581948,
              35552.25653206651
            ],
            [
              84572.44655581948,
              35576.00950118765
            ],
            [
              84566.50831353919,
              35581.947743467936
            ],
            [
              84566.50831353919,
              35605.700712589074
            ],
            [
              84560.57007125892,
              35611.63895486936
            ],
            [
              84560.57007125892,
              35623.51543942993
            ],
            [
              84554.63182897863,
              35629.45368171021
            ],
            [
              84554.63182897863,
              35641.33016627078
            ],
            [
              84548.69358669834,
              35647.26840855107
            ],
            [
              84548.69358669834,
              35659.14489311164
            ],
            [
              84542.75534441805,
              35665.08313539193
            ],
            [
              84542.75534441805,
              35676.9596199525
            ],
            [
              84536.81710213776,
              35682.89786223278
            ],
            [
              84536.81710213776,
              35688.836104513066
            ],
            [
              84513.06413301663,
              35712.589073634204
            ],
            [
              84513.06413301663,
              35718.52731591449
            ],
            [
              84483.3729216152,
              35748.21852731592
            ],
            [
              84477.43467933493,
              35748.21852731592
            ],
            [
              84471.49643705464,
              35754.1567695962
            ],
            [
              84465.55819477435,
              35754.1567695962
            ],
            [
              84471.49643705464,
              35760.09501187649
            ],
            [
              84471.49643705464,
              35771.97149643706
            ],
            [
              84477.43467933493,
              35771.97149643706
            ],
            [
              84483.3729216152,
              35777.90973871734
            ],
            [
              84519.00237529691,
              35777.90973871734
            ],
            [
              84530.87885985749,
              35789.78622327791
            ],
            [
              84524.9406175772,
              35795.724465558196
            ],
            [
              84524.9406175772,
              35807.600950118765
            ],
            [
              84513.06413301663,
              35819.477434679335
            ],
            [
              84507.12589073635,
              35819.477434679335
            ],
            [
              84501.18764845606,
              35825.41567695962
            ],
            [
              84495.24940617578,
              35825.41567695962
            ],
            [
              84495.24940617578,
              35843.23040380047
            ],
            [
              84519.00237529691,
              35866.98337292162
            ],
            [
              84519.00237529691,
              35884.79809976247
            ],
            [
              84524.9406175772,
              35878.85985748219
            ],
            [
              84548.69358669834,
              35878.85985748219
            ],
            [
              84554.63182897863,
              35884.79809976247
            ],
            [
              84554.63182897863,
              35950.11876484561
            ],
            [
              84560.57007125892,
              35956.05700712589
            ],
            [
              84560.57007125892,
              35967.93349168646
            ],
            [
              84566.50831353919,
              35973.87173396675
            ],
            [
              84566.50831353919,
              36015.439429928745
            ],
            [
              84572.44655581948,
              36021.377672209026
            ],
            [
              84572.44655581948,
              36027.315914489314
            ],
            [
              84578.38479809977,
              36033.254156769595
            ],
            [
              84578.38479809977,
              36051.06888361045
            ],
            [
              84572.44655581948,
              36057.00712589074
            ],
            [
              84572.44655581948,
              36062.94536817102
            ],
            [
              84566.50831353919,
              36068.88361045131
            ],
            [
              84566.50831353919,
              36080.76009501188
            ],
            [
              84560.57007125892,
              36086.69833729216
            ],
            [
              84560.57007125892,
              36092.63657957245
            ],
            [
              84554.63182897863,
              36098.57482185273
            ],
            [
              84560.57007125892,
              36092.63657957245
            ],
            [
              84566.50831353919,
              36098.57482185273
            ],
            [
              84566.50831353919,
              36104.51306413302
            ],
            [
              84578.38479809977,
              36116.38954869359
            ],
            [
              84578.38479809977,
              36122.327790973875
            ],
            [
              84584.32304038006,
              36128.266033254156
            ],
            [
              84578.38479809977,
              36134.204275534445
            ],
            [
              84578.38479809977,
              36140.142517814726
            ],
            [
              84554.63182897863,
              36163.89548693587
            ],
            [
              84554.63182897863,
              36169.83372921615
            ],
            [
              84548.69358669834,
              36175.77197149644
            ],
            [
              84548.69358669834,
              36187.64845605701
            ],
            [
              84560.57007125892,
              36199.52494061758
            ],
            [
              84560.57007125892,
              36205.46318289787
            ],
            [
              84566.50831353919,
              36211.40142517815
            ],
            [
              84560.57007125892,
              36217.33966745844
            ],
            [
              84560.57007125892,
              36223.27790973872
            ],
            [
              84542.75534441805,
              36241.092636579575
            ],
            [
              84536.81710213776,
              36241.092636579575
            ],
            [
              84530.87885985749,
              36247.030878859856
            ],
            [
              84524.9406175772,
              36247.030878859856
            ],
            [
              84519.00237529691,
              36252.969121140144
            ],
            [
              84513.06413301663,
              36252.969121140144
            ],
            [
              84519.00237529691,
              36252.969121140144
            ],
            [
              84536.81710213776,
              36270.783847981
            ],
            [
              84536.81710213776,
              36276.72209026128
            ],
            [
              84530.87885985749,
              36282.66033254157
            ],
            [
              84530.87885985749,
              36288.59857482185
            ],
            [
              84495.24940617578,
              36324.22802850357
            ],
            [
              84489.31116389549,
              36318.28978622328
            ],
            [
              84483.3729216152,
              36318.28978622328
            ],
            [
              84483.3729216152,
              36324.22802850357
            ],
            [
              84477.43467933493,
              36330.16627078385
            ],
            [
              84477.43467933493,
              36336.104513064136
            ],
            [
              84471.49643705464,
              36342.04275534442
            ],
            [
              84471.49643705464,
              36353.919239904986
            ],
            [
              84477.43467933493,
              36359.857482185274
            ],
            [
              84477.43467933493,
              36383.61045130641
            ],
            [
              84453.68171021379,
              36407.36342042755
            ],
            [
              84453.68171021379,
              36413.30166270784
            ],
            [
              84447.7434679335,
              36419.23990498813
            ],
            [
              84447.7434679335,
              36437.05463182898
            ],
            [
              84465.55819477435,
              36454.869358669835
            ],
            [
              84465.55819477435,
              36460.807600950124
            ],
            [
              84471.49643705464,
              36466.745843230405
            ],
            [
              84471.49643705464,
              36472.68408551069
            ],
            [
              84477.43467933493,
              36478.622327790974
            ],
            [
              85124.703087886,
              36478.622327790974
            ],
            [
              85130.64133016627,
              36472.68408551069
            ],
            [
              85136.57957244656,
              36472.68408551069
            ],
            [
              85142.51781472685,
              36478.622327790974
            ],
            [
              85213.77672209026,
              36478.622327790974
            ],
            [
              85225.65320665084,
              36466.745843230405
            ],
            [
              85219.71496437055,
              36460.807600950124
            ],
            [
              85213.77672209026,
              36460.807600950124
            ],
            [
              85207.83847980999,
              36454.869358669835
            ],
            [
              85154.3942992874,
              36454.869358669835
            ],
            [
              85148.45605700713,
              36448.93111638955
            ],
            [
              85148.45605700713,
              36437.05463182898
            ],
            [
              85142.51781472685,
              36431.1163895487
            ],
            [
              85142.51781472685,
              36425.17814726841
            ],
            [
              85124.703087886,
              36407.36342042755
            ],
            [
              85124.703087886,
              35498.812351543944
            ],
            [
              85130.64133016627,
              35492.87410926366
            ],
            [
              85136.57957244656,
              35492.87410926366
            ],
            [
              85142.51781472685,
              35498.812351543944
            ],
            [
              85201.9002375297,
              35498.812351543944
            ],
            [
              85207.83847980999,
              35492.87410926366
            ],
            [
              85219.71496437055,
              35492.87410926366
            ],
            [
              85243.46793349169,
              35469.12114014252
            ],
            [
              85243.46793349169,
              35463.182897862236
            ],
            [
              85249.40617577198,
              35457.24465558195
            ],
            [
              85249.40617577198,
              35451.30641330167
            ],
            [
              85255.34441805226,
              35445.36817102138
            ],
            [
              85255.34441805226,
              35439.4299287411
            ],
            [
              85261.28266033255,
              35433.49168646081
            ],
            [
              85261.28266033255,
              35427.55344418052
            ],
            [
              85279.0973871734,
              35409.73871733967
            ],
            [
              85285.03562945369,
              35409.73871733967
            ],
            [
              85290.97387173396,
              35403.80047505938
            ],
            [
              85314.72684085512,
              35403.80047505938
            ],
            [
              85320.66508313539,
              35409.73871733967
            ],
            [
              85362.2327790974,
              35409.73871733967
            ],
            [
              85368.17102137768,
              35403.80047505938
            ],
            [
              85374.10926365796,
              35403.80047505938
            ],
            [
              85380.04750593824,
              35397.8622327791
            ],
            [
              85385.98574821853,
              35397.8622327791
            ],
            [
              85397.8622327791,
              35385.985748218525
            ],
            [
              85403.80047505938,
              35385.985748218525
            ],
            [
              85409.73871733967,
              35380.047505938244
            ],
            [
              85415.67695961996,
              35380.047505938244
            ],
            [
              85421.61520190025,
              35374.109263657956
            ],
            [
              85427.55344418052,
              35374.109263657956
            ],
            [
              85427.55344418052,
              35368.171021377675
            ],
            [
              85433.49168646081,
              35362.23277909739
            ],
            [
              85433.49168646081,
              35350.35629453682
            ],
            [
              85439.4299287411,
              35344.41805225654
            ],
            [
              85439.4299287411,
              35338.47980997625
            ],
            [
              85433.49168646081,
              35332.54156769596
            ],
            [
              85433.49168646081,
              35279.097387173395
            ],
            [
              85427.55344418052,
              35273.159144893114
            ],
            [
              85427.55344418052,
              35249.406175771976
            ],
            [
              85421.61520190025,
              35243.46793349169
            ],
            [
              85421.61520190025,
              35237.529691211406
            ],
            [
              85415.67695961996,
              35231.59144893112
            ],
            [
              85415.67695961996,
              35225.65320665083
            ],
            [
              85391.92399049882,
              35201.90023752969
            ],
            [
              85391.92399049882,
              35195.96199524941
            ],
            [
              85344.41805225653,
              35148.456057007126
            ],
            [
              85344.41805225653,
              35112.82660332542
            ],
            [
              85338.47980997626,
              35106.88836104513
            ],
            [
              85338.47980997626,
              35095.01187648456
            ],
            [
              85320.66508313539,
              35077.1971496437
            ],
            [
              85314.72684085512,
              35077.1971496437
            ],
            [
              85302.85035629454,
              35065.320665083134
            ],
            [
              85302.85035629454,
              35053.444180522565
            ],
            [
              85296.91211401425,
              35047.505938242284
            ],
            [
              85296.91211401425,
              35035.629453681715
            ],
            [
              85290.97387173396,
              35029.69121140143
            ],
            [
              85290.97387173396,
              35023.75296912114
            ],
            [
              85279.0973871734,
              35011.87648456057
            ],
            [
              85279.0973871734,
              35000.0
            ],
            [
              85273.15914489311,
              34994.06175771972
            ],
            [
              85273.15914489311,
              34964.37054631829
            ],
            [
              85261.28266033255,
              34952.49406175772
            ],
            [
              85261.28266033255,
              34893.11163895487
            ],
            [
              85249.40617577198,
              34881.2351543943
            ],
            [
              85237.5296912114,
              34881.2351543943
            ],
            [
              85231.59144893113,
              34875.29691211401
            ],
            [
              85225.65320665084,
              34875.29691211401
            ],
            [
              85213.77672209026,
              34863.42042755344
            ],
            [
              85207.83847980999,
              34863.42042755344
            ],
            [
              85201.9002375297,
              34857.48218527316
            ],
            [
              85178.14726840856,
              34857.48218527316
            ],
            [
              85172.20902612827,
              34851.543942992874
            ],
            [
              85166.27078384798,
              34851.543942992874
            ],
            [
              85142.51781472685,
              34827.790973871735
            ],
            [
              85142.51781472685,
              34821.85273159145
            ],
            [
              85124.703087886,
              34804.0380047506
            ],
            [
              85124.703087886,
              34768.40855106888
            ],
            [
              85130.64133016627,
              34762.4703087886
            ],
            [
              85136.57957244656,
              34762.4703087886
            ],
            [
              85142.51781472685,
              34768.40855106888
            ],
            [
              85154.3942992874,
              34768.40855106888
            ],
            [
              85166.27078384798,
              34756.53206650831
            ],
            [
              85172.20902612827,
              34762.4703087886
            ],
            [
              85178.14726840856,
              34762.4703087886
            ],
            [
              85184.08551068883,
              34768.40855106888
            ],
            [
              85190.02375296912,
              34762.4703087886
            ],
            [
              85195.96199524941,
              34762.4703087886
            ],
            [
              85201.9002375297,
              34756.53206650831
            ],
            [
              85201.9002375297,
              34697.14964370547
            ],
            [
              85213.77672209026,
              34685.2731591449
            ],
            [
              85213.77672209026,
              34679.33491686461
            ],
            [
              85219.71496437055,
              34673.39667458432
            ],
            [
              85219.71496437055,
              34649.64370546318
            ],
            [
              85184.08551068883,
              34614.014251781475
            ],
            [
              85172.20902612827,
              34614.014251781475
            ],
            [
              85166.27078384798,
              34608.07600950119
            ],
            [
              85148.45605700713,
              34608.07600950119
            ],
            [
              85142.51781472685,
              34602.137767220906
            ],
            [
              85142.51781472685,
              34596.19952494062
            ],
            [
              85136.57957244656,
              34602.137767220906
            ],
            [
              85130.64133016627,
              34596.19952494062
            ],
            [
              85130.64133016627,
              34590.261282660336
            ],
            [
              85124.703087886,
              34584.32304038005
            ],
            [
              85124.703087886,
              34519.002375296914
            ],
            [
              85130.64133016627,
              34513.064133016625
            ],
            [
              85136.57957244656,
              34513.064133016625
            ],
            [
              85160.3325415677,
              34536.81710213777
            ],
            [
              85172.20902612827,
              34536.81710213777
            ],
            [
              85207.83847980999,
              34572.44655581948
            ],
            [
              85213.77672209026,
              34566.50831353919
            ],
            [
              85213.77672209026,
              34554.63182897862
            ],
            [
              85207.83847980999,
              34548.69358669834
            ],
            [
              85207.83847980999,
              34542.75534441805
            ],
            [
              85195.96199524941,
              34530.87885985748
            ],
            [
              85195.96199524941,
              34519.002375296914
            ],
            [
              85190.02375296912,
              34513.064133016625
            ],
            [
              85190.02375296912,
              34507.125890736344
            ],
            [
              85195.96199524941,
              34501.187648456056
            ],
            [
              85195.96199524941,
              34495.249406175775
            ],
            [
              85207.83847980999,
              34483.372921615206
            ],
            [
              85213.77672209026,
              34483.372921615206
            ],
            [
              85225.65320665084,
              34471.49643705464
            ],
            [
              85231.59144893113,
              34471.49643705464
            ],
            [
              85249.40617577198,
              34453.68171021378
            ],
            [
              85249.40617577198,
              34447.74346793349
            ],
            [
              85255.34441805226,
              34441.80522565321
            ],
            [
              85255.34441805226,
              34429.92874109264
            ],
            [
              85249.40617577198,
              34423.99049881235
            ],
            [
              85255.34441805226,
              34418.052256532064
            ],
            [
              85255.34441805226,
              34412.11401425178
            ],
            [
              85273.15914489311,
              34394.299287410926
            ],
            [
              85273.15914489311,
              34388.361045130645
            ],
            [
              85279.0973871734,
              34382.42280285036
            ],
            [
              85279.0973871734,
              34358.66983372922
            ],
            [
              85285.03562945369,
              34352.73159144893
            ],
            [
              85285.03562945369,
              34328.97862232779
            ],
            [
              85290.97387173396,
              34323.04038004751
            ],
            [
              85290.97387173396,
              34311.163895486934
            ],
            [
              85296.91211401425,
              34305.22565320665
            ],
            [
              85296.91211401425,
              34293.349168646084
            ],
            [
              85290.97387173396,
              34287.410926365796
            ],
            [
              85290.97387173396,
              34281.472684085515
            ],
            [
              85285.03562945369,
              34275.53444180523
            ],
            [
              85285.03562945369,
              34245.8432304038
            ],
            [
              85279.0973871734,
              34239.90498812352
            ],
            [
              85273.15914489311,
              34239.90498812352
            ],
            [
              85267.22090261283,
              34233.96674584323
            ],
            [
              85255.34441805226,
              34233.96674584323
            ],
            [
              85249.40617577198,
              34228.02850356295
            ],
            [
              85237.5296912114,
              34228.02850356295
            ],
            [
              85231.59144893113,
              34222.09026128266
            ],
            [
              85225.65320665084,
              34222.09026128266
            ],
            [
              85213.77672209026,
              34210.21377672209
            ],
            [
              85213.77672209026,
              34198.33729216152
            ],
            [
              85207.83847980999,
              34192.399049881235
            ],
            [
              85207.83847980999,
              34186.46080760095
            ],
            [
              85201.9002375297,
              34180.522565320665
            ],
            [
              85195.96199524941,
              34180.522565320665
            ],
            [
              85190.02375296912,
              34174.584323040384
            ],
            [
              85184.08551068883,
              34174.584323040384
            ],
            [
              85172.20902612827,
              34162.70783847981
            ],
            [
              85172.20902612827,
              34156.76959619953
            ],
            [
              85166.27078384798,
              34150.83135391924
            ],
            [
              85166.27078384798,
              34144.89311163896
            ],
            [
              85154.3942992874,
              34144.89311163896
            ],
            [
              85142.51781472685,
              34156.76959619953
            ],
            [
              85142.51781472685,
              34174.584323040384
            ],
            [
              85136.57957244656,
              34180.522565320665
            ],
            [
              85130.64133016627,
              34174.584323040384
            ],
            [
              85130.64133016627,
              34168.646080760096
            ],
            [
              85124.703087886,
              34162.70783847981
            ],
            [
              85124.703087886,
              33444.18052256532
            ],
            [
              82090.26128266033,
              33444.18052256532
            ]
          ]
        ]
      }
    },
    {
      "type": "Feature",
      "properties": {
        "class_id": 4,
        "classification": "PenMarking",
        "area": 176.3136068968241
      },
      "geometry": {
        "type": "Polygon",
        "coordinates": [
          [
            [
              57701.90023752969,
              31454.869358669835
            ],
            [
              57701.90023752969,
              31460.80760095012
            ],
            [
              57707.83847980998,
              31466.745843230405
            ],
            [
              57719.71496437055,
              31466.745843230405
            ],
            [
              57719.71496437055,
              31460.80760095012
            ],
            [
              57713.77672209026,
              31454.869358669835
            ],
            [
              57701.90023752969,
              31454.869358669835
            ]
          ]
        ]
      }
    },
    {
      "type": "Feature",
      "properties": {
        "class_id": 4,
        "classification": "PenMarking",
        "area": 515858.35105872795
      },
      "geometry": {
        "type": "Polygon",
        "coordinates": [
          [
            [
              56923.99049881235,
              30403.800475059383
            ],
            [
              56923.99049881235,
              30415.676959619952
            ],
            [
              56918.05225653207,
              30421.61520190024
            ],
            [
              56918.05225653207,
              30445.36817102138
            ],
            [
              56912.11401425178,
              30451.306413301663
            ],
            [
              56912.11401425178,
              30475.059382422805
            ],
            [
              56918.05225653207,
              30480.99762470309
            ],
            [
              56918.05225653207,
              30504.75059382423
            ],
            [
              56912.11401425178,
              30510.688836104513
            ],
            [
              56912.11401425178,
              30528.50356294537
            ],
            [
              56906.175771971495,
              30534.441805225655
            ],
            [
              56906.175771971495,
              30540.38004750594
            ],
            [
              56912.11401425178,
              30546.318289786224
            ],
            [
              56912.11401425178,
              30552.25653206651
            ],
            [
              56923.99049881235,
              30564.133016627078
            ],
            [
              56923.99049881235,
              30570.071258907366
            ],
            [
              56929.92874109264,
              30576.00950118765
            ],
            [
              56929.92874109264,
              30587.88598574822
            ],
            [
              56935.86698337292,
              30593.824228028505
            ],
            [
              56935.86698337292,
              30599.76247030879
            ],
            [
              56965.55819477435,
              30629.453681710216
            ],
            [
              56965.55819477435,
              30647.26840855107
            ],
            [
              56971.49643705464,
              30653.206650831355
            ],
            [
              56971.49643705464,
              30676.959619952497
            ],
            [
              56977.43467933492,
              30676.959619952497
            ],
            [
              56983.372921615206,
              30682.89786223278
            ],
            [
              56989.31116389549,
              30682.89786223278
            ],
            [
              57001.187648456056,
              30694.77434679335
            ],
            [
              57001.187648456056,
              30760.095011876485
            ],
            [
              56983.372921615206,
              30777.909738717342
            ],
            [
              56983.372921615206,
              30795.724465558196
            ],
            [
              56989.31116389549,
              30801.66270783848
            ],
            [
              56989.31116389549,
              30807.600950118765
            ],
            [
              57001.187648456056,
              30819.477434679335
            ],
            [
              57001.187648456056,
              30831.353919239908
            ],
            [
              57007.125890736344,
              30837.292161520192
            ],
            [
              57007.125890736344,
              30843.230403800477
            ],
            [
              57013.06413301663,
              30849.16864608076
            ],
            [
              57013.06413301663,
              30861.04513064133
            ],
            [
              57007.125890736344,
              30866.983372921615
            ],
            [
              57007.125890736344,
              30908.55106888361
            ],
            [
              57013.06413301663,
              30914.489311163896
            ],
            [
              57013.06413301663,
              30932.304038004753
            ],
            [
              57019.002375296914,
              30938.242280285038
            ],
            [
              57013.06413301663,
              30944.180522565322
            ],
            [
              57013.06413301663,
              30973.871733966746
            ],
            [
              57007.125890736344,
              30979.809976247034
            ],
            [
              57013.06413301663,
              30985.74821852732
            ],
            [
              57013.06413301663,
              30991.686460807603
            ],
            [
              57019.002375296914,
              30997.624703087888
            ],
            [
              57019.002375296914,
              31009.501187648457
            ],
            [
              57030.87885985748,
              31021.377672209026
            ],
            [
              57030.87885985748,
              31027.31591448931
            ],
            [
              57036.81710213777,
              31033.2541567696
            ],
            [
              57036.81710213777,
              31051.068883610453
            ],
            [
              57042.75534441805,
              31057.007125890737
            ],
            [
              57042.75534441805,
              31074.82185273159
            ],
            [
              57048.69358669834,
              31080.76009501188
            ],
            [
              57048.69358669834,
              31086.698337292164
            ],
            [
              57084.32304038005,
              31122.32779097387
            ],
            [
              57078.38479809977,
              31128.266033254156
            ],
            [
              57108.07600950119,
              31157.957244655583
            ],
            [
              57108.07600950119,
              31163.895486935868
            ],
            [
              57119.95249406176,
              31175.771971496437
            ],
            [
              57125.890736342044,
              31169.833729216152
            ],
            [
              57131.82897862233,
              31175.771971496437
            ],
            [
              57137.76722090261,
              31175.771971496437
            ],
            [
              57143.7054631829,
              31181.710213776725
            ],
            [
              57143.7054631829,
              31187.64845605701
            ],
            [
              57149.64370546318,
              31187.64845605701
            ],
            [
              57185.2731591449,
              31223.277909738717
            ],
            [
              57191.21140142518,
              31223.277909738717
            ],
            [
              57220.902612826605,
              31252.969121140144
            ],
            [
              57220.902612826605,
              31258.90736342043
            ],
            [
              57226.84085510689,
              31264.845605700713
            ],
            [
              57226.84085510689,
              31270.783847980998
            ],
            [
              57238.71733966746,
              31282.660332541567
            ],
            [
              57244.65558194774,
              31282.660332541567
            ],
            [
              57250.59382422803,
              31288.598574821855
            ],
            [
              57274.34679334917,
              31288.598574821855
            ],
            [
              57280.28503562946,
              31294.53681710214
            ],
            [
              57292.16152019003,
              31294.53681710214
            ],
            [
              57298.09976247031,
              31288.598574821855
            ],
            [
              57321.852731591454,
              31288.598574821855
            ],
            [
              57339.667458432305,
              31306.41330166271
            ],
            [
              57339.667458432305,
              31312.351543942994
            ],
            [
              57345.60570071259,
              31318.28978622328
            ],
            [
              57345.60570071259,
              31330.166270783848
            ],
            [
              57333.72921615202,
              31342.04275534442
            ],
            [
              57339.667458432305,
              31347.980997624705
            ],
            [
              57351.543942992874,
              31336.104513064136
            ],
            [
              57357.48218527316,
              31336.104513064136
            ],
            [
              57363.42042755344,
              31342.04275534442
            ],
            [
              57375.29691211402,
              31342.04275534442
            ],
            [
              57387.17339667459,
              31353.91923990499
            ],
            [
              57387.17339667459,
              31383.610451306413
            ],
            [
              57399.04988123516,
              31383.610451306413
            ],
            [
              57404.98812351544,
              31377.67220902613
            ],
            [
              57434.679334916866,
              31377.67220902613
            ],
            [
              57440.617577197154,
              31371.733966745844
            ],
            [
              57464.37054631829,
              31371.733966745844
            ],
            [
              57470.30878859858,
              31377.67220902613
            ],
            [
              57470.30878859858,
              31383.610451306413
            ],
            [
              57482.18527315915,
              31383.610451306413
            ],
            [
              57488.12351543943,
              31389.5486935867
            ],
            [
              57494.06175771972,
              31389.5486935867
            ],
            [
              57500.0,
              31395.486935866986
            ],
            [
              57535.629453681715,
              31395.486935866986
            ],
            [
              57541.567695961996,
              31401.42517814727
            ],
            [
              57624.70308788599,
              31401.42517814727
            ],
            [
              57636.57957244656,
              31389.5486935867
            ],
            [
              57636.57957244656,
              31383.610451306413
            ],
            [
              57642.517814726845,
              31377.67220902613
            ],
            [
              57666.270783847984,
              31377.67220902613
            ],
            [
              57672.20902612827,
              31383.610451306413
            ],
            [
              57678.14726840855,
              31383.610451306413
            ],
            [
              57695.96199524941,
              31401.42517814727
            ],
            [
              57725.65320665084,
              31401.42517814727
            ],
            [
              57737.529691211406,
              31389.5486935867
            ],
            [
              57743.46793349169,
              31389.5486935867
            ],
            [
              57749.406175771976,
              31395.486935866986
            ],
            [
              57755.34441805226,
              31395.486935866986
            ],
            [
              57761.282660332545,
              31389.5486935867
            ],
            [
              57761.282660332545,
              30653.206650831355
            ],
            [
              57749.406175771976,
              30653.206650831355
            ],
            [
              57737.529691211406,
              30665.083135391924
            ],
            [
              57725.65320665084,
              30665.083135391924
            ],
            [
              57719.71496437055,
              30659.14489311164
            ],
            [
              57719.71496437055,
              30641.330166270785
            ],
            [
              57707.83847980998,
              30641.330166270785
            ],
            [
              57695.96199524941,
              30653.206650831355
            ],
            [
              57690.02375296912,
              30653.206650831355
            ],
            [
              57684.08551068884,
              30659.14489311164
            ],
            [
              57672.20902612827,
              30659.14489311164
            ],
            [
              57660.332541567695,
              30671.02137767221
            ],
            [
              57642.517814726845,
              30671.02137767221
            ],
            [
              57636.57957244656,
              30665.083135391924
            ],
            [
              57630.641330166276,
              30665.083135391924
            ],
            [
              57624.70308788599,
              30671.02137767221
            ],
            [
              57624.70308788599,
              30688.836104513066
            ],
            [
              57636.57957244656,
              30700.712589073635
            ],
            [
              57636.57957244656,
              30718.52731591449
            ],
            [
              57630.641330166276,
              30724.465558194777
            ],
            [
              57600.95011876485,
              30724.465558194777
            ],
            [
              57595.01187648456,
              30718.52731591449
            ],
            [
              57589.07363420428,
              30724.465558194777
            ],
            [
              57589.07363420428,
              30730.403800475062
            ],
            [
              57583.13539192399,
              30736.342042755346
            ],
            [
              57583.13539192399,
              30760.095011876485
            ],
            [
              57565.320665083134,
              30777.909738717342
            ],
            [
              57565.320665083134,
              30783.847980997627
            ],
            [
              57559.38242280285,
              30789.78622327791
            ],
            [
              57559.38242280285,
              30795.724465558196
            ],
            [
              57547.505938242284,
              30807.600950118765
            ],
            [
              57541.567695961996,
              30807.600950118765
            ],
            [
              57535.629453681715,
              30813.53919239905
            ],
            [
              57529.69121140143,
              30813.53919239905
            ],
            [
              57523.752969121146,
              30819.477434679335
            ],
            [
              57494.06175771972,
              30819.477434679335
            ],
            [
              57476.24703087886,
              30801.66270783848
            ],
            [
              57476.24703087886,
              30789.78622327791
            ],
            [
              57470.30878859858,
              30783.847980997627
            ],
            [
              57470.30878859858,
              30777.909738717342
            ],
            [
              57464.37054631829,
              30771.971496437054
            ],
            [
              57464.37054631829,
              30766.03325415677
            ],
            [
              57458.432304038004,
              30766.03325415677
            ],
            [
              57446.555819477435,
              30777.909738717342
            ],
            [
              57440.617577197154,
              30777.909738717342
            ],
            [
              57434.679334916866,
              30783.847980997627
            ],
            [
              57422.8028503563,
              30783.847980997627
            ],
            [
              57416.864608076015,
              30777.909738717342
            ],
            [
              57416.864608076015,
              30748.218527315916
            ],
            [
              57422.8028503563,
              30742.28028503563
            ],
            [
              57422.8028503563,
              30736.342042755346
            ],
            [
              57428.741092636585,
              30730.403800475062
            ],
            [
              57428.741092636585,
              30712.589073634204
            ],
            [
              57422.8028503563,
              30706.65083135392
            ],
            [
              57416.864608076015,
              30706.65083135392
            ],
            [
              57410.92636579573,
              30700.712589073635
            ],
            [
              57404.98812351544,
              30700.712589073635
            ],
            [
              57393.11163895487,
              30688.836104513066
            ],
            [
              57369.35866983373,
              30688.836104513066
            ],
            [
              57363.42042755344,
              30694.77434679335
            ],
            [
              57363.42042755344,
              30712.589073634204
            ],
            [
              57393.11163895487,
              30742.28028503563
            ],
            [
              57393.11163895487,
              30760.095011876485
            ],
            [
              57381.2351543943,
              30771.971496437054
            ],
            [
              57381.2351543943,
              30777.909738717342
            ],
            [
              57393.11163895487,
              30789.78622327791
            ],
            [
              57399.04988123516,
              30789.78622327791
            ],
            [
              57404.98812351544,
              30795.724465558196
            ],
            [
              57399.04988123516,
              30801.66270783848
            ],
            [
              57399.04988123516,
              30807.600950118765
            ],
            [
              57375.29691211402,
              30831.353919239908
            ],
            [
              57369.35866983373,
              30831.353919239908
            ],
            [
              57363.42042755344,
              30837.292161520192
            ],
            [
              57351.543942992874,
              30837.292161520192
            ],
            [
              57327.790973871735,
              30813.53919239905
            ],
            [
              57327.790973871735,
              30807.600950118765
            ],
            [
              57321.852731591454,
              30801.66270783848
            ],
            [
              57321.852731591454,
              30783.847980997627
            ],
            [
              57298.09976247031,
              30783.847980997627
            ],
            [
              57292.16152019003,
              30777.909738717342
            ],
            [
              57286.22327790974,
              30783.847980997627
            ],
            [
              57280.28503562946,
              30783.847980997627
            ],
            [
              57274.34679334917,
              30789.78622327791
            ],
            [
              57274.34679334917,
              30813.53919239905
            ],
            [
              57268.40855106889,
              30819.477434679335
            ],
            [
              57256.53206650831,
              30819.477434679335
            ],
            [
              57250.59382422803,
              30813.53919239905
            ],
            [
              57244.65558194774,
              30813.53919239905
            ],
            [
              57238.71733966746,
              30807.600950118765
            ],
            [
              57232.779097387174,
              30807.600950118765
            ],
            [
              57220.902612826605,
              30795.724465558196
            ],
            [
              57220.902612826605,
              30777.909738717342
            ],
            [
              57238.71733966746,
              30760.095011876485
            ],
            [
              57238.71733966746,
              30748.218527315916
            ],
            [
              57220.902612826605,
              30748.218527315916
            ],
            [
              57214.964370546324,
              30742.28028503563
            ],
            [
              57203.08788598575,
              30742.28028503563
            ],
            [
              57197.14964370547,
              30748.218527315916
            ],
            [
              57191.21140142518,
              30748.218527315916
            ],
            [
              57185.2731591449,
              30754.1567695962
            ],
            [
              57173.39667458433,
              30754.1567695962
            ],
            [
              57167.45843230404,
              30748.218527315916
            ],
            [
              57161.52019002375,
              30748.218527315916
            ],
            [
              57131.82897862233,
              30718.52731591449
            ],
            [
              57131.82897862233,
              30676.959619952497
            ],
            [
              57125.890736342044,
              30671.02137767221
            ],
            [
              57131.82897862233,
              30665.083135391924
            ],
            [
              57131.82897862233,
              30659.14489311164
            ],
            [
              57143.7054631829,
              30647.26840855107
            ],
            [
              57173.39667458433,
              30647.26840855107
            ],
            [
              57179.33491686461,
              30653.206650831355
            ],
            [
              57220.902612826605,
              30653.206650831355
            ],
            [
              57226.84085510689,
              30659.14489311164
            ],
            [
              57250.59382422803,
              30659.14489311164
            ],
            [
              57256.53206650831,
              30653.206650831355
            ],
            [
              57262.4703087886,
              30653.206650831355
            ],
            [
              57262.4703087886,
              30647.26840855107
            ],
            [
              57268.40855106889,
              30641.330166270785
            ],
            [
              57268.40855106889,
              30629.453681710216
            ],
            [
              57280.28503562946,
              30617.577197149643
            ],
            [
              57280.28503562946,
              30611.63895486936
            ],
            [
              57286.22327790974,
              30605.700712589074
            ],
            [
              57292.16152019003,
              30605.700712589074
            ],
            [
              57298.09976247031,
              30599.76247030879
            ],
            [
              57304.0380047506,
              30599.76247030879
            ],
            [
              57304.0380047506,
              30587.88598574822
            ],
            [
              57298.09976247031,
              30581.947743467936
            ],
            [
              57298.09976247031,
              30570.071258907366
            ],
            [
              57292.16152019003,
              30564.133016627078
            ],
            [
              57292.16152019003,
              30558.194774346794
            ],
            [
              57280.28503562946,
              30546.318289786224
            ],
            [
              57280.28503562946,
              30516.627078384798
            ],
            [
              57274.34679334917,
              30510.688836104513
            ],
            [
              57274.34679334917,
              30504.75059382423
            ],
            [
              57256.53206650831,
              30486.935866983375
            ],
            [
              57256.53206650831,
              30451.306413301663
            ],
            [
              57262.4703087886,
              30445.36817102138
            ],
            [
              57262.4703087886,
              30421.61520190024
            ],
            [
              57256.53206650831,
              30421.61520190024
            ],
            [
              57250.59382422803,
              30415.676959619952
            ],
            [
              57244.65558194774,
              30415.676959619952
            ],
            [
              57238.71733966746,
              30409.738717339667
            ],
            [
              57238.71733966746,
              30403.800475059383
            ],
            [
              56923.99049881235,
              30403.800475059383
            ]
          ]
        ]
      }
    },
    {
      "type": "Feature",
      "properties": {
        "class_id": 4,
        "classification": "PenMarking",
        "area": 352345.1120226133
      },
      "geometry": {
        "type": "Polygon",
        "coordinates": [
          [
            [
              22191.21140142518,
              22476.24703087886
            ],
            [
              22185.273159144894,
              22482.185273159146
            ],
            [
              22185.273159144894,
              22488.12351543943
            ],
            [
              22179.33491686461,
              22494.061757719715
            ],
            [
              22179.33491686461,
              22500.0
            ],
            [
              22173.396674584325,
              22505.938242280285
            ],
            [
              22173.396674584325,
              22511.87648456057
            ],
            [
              22167.45843230404,
              22517.814726840857
            ],
            [
              22167.45843230404,
              22529.691211401427
            ],
            [
              22179.33491686461,
              22541.567695961996
            ],
            [
              22179.33491686461,
              22553.444180522565
            ],
            [
              22185.273159144894,
              22559.38242280285
            ],
            [
              22185.273159144894,
              22583.135391923992
            ],
            [
              22191.21140142518,
              22589.073634204276
            ],
            [
              22197.149643705463,
              22589.073634204276
            ],
            [
              22203.087885985748,
              22595.01187648456
            ],
            [
              22203.087885985748,
              22600.950118764846
            ],
            [
              22209.026128266036,
              22606.88836104513
            ],
            [
              22209.026128266036,
              22612.826603325415
            ],
            [
              22220.902612826605,
              22612.826603325415
            ],
            [
              22226.84085510689,
              22618.764845605703
            ],
            [
              22232.779097387174,
              22618.764845605703
            ],
            [
              22256.532066508313,
              22642.51781472684
            ],
            [
              22256.532066508313,
              22648.456057007126
            ],
            [
              22262.4703087886,
              22654.39429928741
            ],
            [
              22262.4703087886,
              22660.332541567695
            ],
            [
              22286.22327790974,
              22684.085510688838
            ],
            [
              22292.161520190024,
              22684.085510688838
            ],
            [
              22298.09976247031,
              22690.023752969122
            ],
            [
              22304.038004750593,
              22690.023752969122
            ],
            [
              22309.97624703088,
              22695.961995249407
            ],
            [
              22333.72921615202,
              22695.961995249407
            ],
            [
              22339.667458432305,
              22701.90023752969
            ],
            [
              22345.60570071259,
              22701.90023752969
            ],
            [
              22351.543942992874,
              22707.838479809976
            ],
            [
              22375.296912114016,
              22707.838479809976
            ],
            [
              22381.2351543943,
              22713.77672209026
            ],
            [
              22393.11163895487,
              22713.77672209026
            ],
            [
              22399.049881235154,
              22707.838479809976
            ],
            [
              22434.679334916866,
              22707.838479809976
            ],
            [
              22440.61757719715,
              22713.77672209026
            ],
            [
              22446.555819477435,
              22713.77672209026
            ],
            [
              22452.49406175772,
              22719.71496437055
            ],
            [
              22464.370546318292,
              22719.71496437055
            ],
            [
              22470.308788598577,
              22725.653206650833
            ],
            [
              22577.197149643707,
              22725.653206650833
            ],
            [
              22583.135391923992,
              22731.591448931118
            ],
            [
              22589.073634204276,
              22731.591448931118
            ],
            [
              22595.01187648456,
              22737.529691211403
            ],
            [
              22600.950118764846,
              22737.529691211403
            ],
            [
              22606.88836104513,
              22743.467933491687
            ],
            [
              22612.826603325415,
              22743.467933491687
            ],
            [
              22624.703087885988,
              22755.344418052257
            ],
            [
              22630.641330166272,
              22755.344418052257
            ],
            [
              22642.51781472684,
              22767.220902612826
            ],
            [
              22648.456057007126,
              22767.220902612826
            ],
            [
              22660.332541567695,
              22779.0973871734
            ],
            [
              22666.270783847984,
              22779.0973871734
            ],
            [
              22672.20902612827,
              22785.035629453683
            ],
            [
              22678.147268408553,
              22785.035629453683
            ],
            [
              22684.085510688838,
              22790.973871733968
            ],
            [
              22690.023752969122,
              22790.973871733968
            ],
            [
              22695.961995249407,
              22796.912114014252
            ],
            [
              22701.90023752969,
              22796.912114014252
            ],
            [
              22707.838479809976,
              22802.850356294537
            ],
            [
              22713.77672209026,
              22802.850356294537
            ],
            [
              22719.71496437055,
              22808.78859857482
            ],
            [
              22725.653206650833,
              22808.78859857482
            ],
            [
              22731.591448931118,
              22814.726840855106
            ],
            [
              22737.529691211403,
              22814.726840855106
            ],
            [
              22785.035629453683,
              22862.232779097387
            ],
            [
              22790.973871733968,
              22862.232779097387
            ],
            [
              22820.665083135395,
              22891.923990498814
            ],
            [
              22820.665083135395,
              22897.862232779098
            ],
            [
              22826.60332541568,
              22903.800475059383
            ],
            [
              22826.60332541568,
              22939.429928741094
            ],
            [
              22838.47980997625,
              22951.306413301663
            ],
            [
              22850.356294536818,
              22951.306413301663
            ],
            [
              22856.294536817102,
              22957.244655581948
            ],
            [
              22862.232779097387,
              22957.244655581948
            ],
            [
              22868.17102137767,
              22963.182897862232
            ],
            [
              22874.10926365796,
              22963.182897862232
            ],
            [
              22891.923990498814,
              22980.99762470309
            ],
            [
              22903.800475059383,
              22980.99762470309
            ],
            [
              22909.738717339667,
              22986.935866983375
            ],
            [
              22927.553444180525,
              22986.935866983375
            ],
            [
              22933.49168646081,
              22992.87410926366
            ],
            [
              22939.429928741094,
              22992.87410926366
            ],
            [
              22951.306413301663,
              23004.75059382423
            ],
            [
              22951.306413301663,
              23010.688836104513
            ],
            [
              22957.244655581948,
              23016.627078384798
            ],
            [
              22957.244655581948,
              23022.565320665082
            ],
            [
              22963.182897862232,
              23028.50356294537
            ],
            [
              22963.182897862232,
              23040.38004750594
            ],
            [
              22986.935866983375,
              23064.133016627078
            ],
            [
              22992.87410926366,
              23064.133016627078
            ],
            [
              23040.38004750594,
              23111.63895486936
            ],
            [
              23040.38004750594,
              23117.577197149643
            ],
            [
              23046.318289786224,
              23123.515439429928
            ],
            [
              23046.318289786224,
              23129.453681710216
            ],
            [
              23058.194774346794,
              23141.330166270785
            ],
            [
              23058.194774346794,
              23147.26840855107
            ],
            [
              23093.824228028505,
              23182.89786223278
            ],
            [
              23099.76247030879,
              23182.89786223278
            ],
            [
              23111.63895486936,
              23194.77434679335
            ],
            [
              23111.63895486936,
              23200.712589073635
            ],
            [
              23129.453681710216,
              23218.52731591449
            ],
            [
              23129.453681710216,
              23224.465558194774
            ],
            [
              23135.3919239905,
              23230.403800475062
            ],
            [
              23135.3919239905,
              23260.095011876485
            ],
            [
              23141.330166270785,
              23266.03325415677
            ],
            [
              23141.330166270785,
              23271.971496437054
            ],
            [
              23165.083135391924,
              23295.724465558196
            ],
            [
              23171.02137767221,
              23295.724465558196
            ],
            [
              23206.65083135392,
              23331.353919239908
            ],
            [
              23206.65083135392,
              23337.292161520192
            ],
            [
              23212.589073634204,
              23343.230403800477
            ],
            [
              23212.589073634204,
              23349.16864608076
            ],
            [
              23218.52731591449,
              23355.106888361046
            ],
            [
              23212.589073634204,
              23361.04513064133
            ],
            [
              23212.589073634204,
              23366.983372921615
            ],
            [
              23206.65083135392,
              23372.9216152019
            ],
            [
              23206.65083135392,
              23384.798099762473
            ],
            [
              23200.712589073635,
              23390.736342042757
            ],
            [
              23200.712589073635,
              23396.674584323042
            ],
            [
              23212.589073634204,
              23396.674584323042
            ],
            [
              23230.403800475062,
              23414.489311163896
            ],
            [
              23230.403800475062,
              23420.42755344418
            ],
            [
              23236.342042755346,
              23426.365795724465
            ],
            [
              23242.28028503563,
              23426.365795724465
            ],
            [
              23248.218527315916,
              23432.304038004753
            ],
            [
              23254.1567695962,
              23426.365795724465
            ],
            [
              23271.971496437054,
              23426.365795724465
            ],
            [
              23277.909738717342,
              23420.42755344418
            ],
            [
              23283.847980997627,
              23420.42755344418
            ],
            [
              23295.724465558196,
              23408.55106888361
            ],
            [
              23307.600950118765,
              23408.55106888361
            ],
            [
              23313.53919239905,
              23402.612826603327
            ],
            [
              23319.477434679335,
              23402.612826603327
            ],
            [
              23331.353919239908,
              23390.736342042757
            ],
            [
              23331.353919239908,
              23384.798099762473
            ],
            [
              23349.16864608076,
              23366.983372921615
            ],
            [
              23355.106888361046,
              23366.983372921615
            ],
            [
              23366.983372921615,
              23378.859857482184
            ],
            [
              23366.983372921615,
              23390.736342042757
            ],
            [
              23402.612826603327,
              23426.365795724465
            ],
            [
              23408.55106888361,
              23426.365795724465
            ],
            [
              23414.489311163896,
              23432.304038004753
            ],
            [
              23426.365795724465,
              23432.304038004753
            ],
            [
              23432.304038004753,
              23438.242280285038
            ],
            [
              23473.871733966746,
              23438.242280285038
            ],
            [
              23485.74821852732,
              23426.365795724465
            ],
            [
              23491.686460807603,
              23426.365795724465
            ],
            [
              23503.562945368172,
              23438.242280285038
            ],
            [
              23509.501187648457,
              23438.242280285038
            ],
            [
              23509.501187648457,
              23414.489311163896
            ],
            [
              23515.43942992874,
              23408.55106888361
            ],
            [
              23515.43942992874,
              23402.612826603327
            ],
            [
              23533.2541567696,
              23384.798099762473
            ],
            [
              23533.2541567696,
              23378.859857482184
            ],
            [
              23527.31591448931,
              23372.9216152019
            ],
            [
              23527.31591448931,
              23361.04513064133
            ],
            [
              23539.192399049884,
              23349.16864608076
            ],
            [
              23545.130641330168,
              23349.16864608076
            ],
            [
              23545.130641330168,
              23343.230403800477
            ],
            [
              23551.068883610453,
              23337.292161520192
            ],
            [
              23551.068883610453,
              23325.41567695962
            ],
            [
              23545.130641330168,
              23319.477434679335
            ],
            [
              23545.130641330168,
              23283.847980997627
            ],
            [
              23539.192399049884,
              23277.909738717342
            ],
            [
              23539.192399049884,
              23248.218527315916
            ],
            [
              23533.2541567696,
              23242.28028503563
            ],
            [
              23533.2541567696,
              23236.342042755346
            ],
            [
              23527.31591448931,
              23230.403800475062
            ],
            [
              23527.31591448931,
              23212.589073634204
            ],
            [
              23533.2541567696,
              23206.65083135392
            ],
            [
              23533.2541567696,
              23200.712589073635
            ],
            [
              23527.31591448931,
              23194.77434679335
            ],
            [
              23527.31591448931,
              23182.89786223278
            ],
            [
              23521.377672209026,
              23182.89786223278
            ],
            [
              23509.501187648457,
              23171.02137767221
            ],
            [
              23491.686460807603,
              23171.02137767221
            ],
            [
              23485.74821852732,
              23165.083135391924
            ],
            [
              23473.871733966746,
              23165.083135391924
            ],
            [
              23461.995249406176,
              23153.206650831355
            ],
            [
              23461.995249406176,
              23141.330166270785
            ],
            [
              23456.05700712589,
              23135.3919239905
            ],
            [
              23456.05700712589,
              23129.453681710216
            ],
            [
              23450.118764845607,
              23123.515439429928
            ],
            [
              23450.118764845607,
              23117.577197149643
            ],
            [
              23438.242280285038,
              23105.700712589074
            ],
            [
              23432.304038004753,
              23105.700712589074
            ],
            [
              23426.365795724465,
              23099.76247030879
            ],
            [
              23414.489311163896,
              23099.76247030879
            ],
            [
              23408.55106888361,
              23093.824228028505
            ],
            [
              23402.612826603327,
              23093.824228028505
            ],
            [
              23396.674584323042,
              23087.88598574822
            ],
            [
              23390.736342042757,
              23087.88598574822
            ],
            [
              23372.9216152019,
              23070.071258907363
            ],
            [
              23366.983372921615,
              23070.071258907363
            ],
            [
              23361.04513064133,
              23064.133016627078
            ],
            [
              23361.04513064133,
              23058.194774346794
            ],
            [
              23349.16864608076,
              23046.318289786224
            ],
            [
              23349.16864608076,
              23040.38004750594
            ],
            [
              23343.230403800477,
              23034.441805225655
            ],
            [
              23343.230403800477,
              23028.50356294537
            ],
            [
              23337.292161520192,
              23022.565320665082
            ],
            [
              23337.292161520192,
              22992.87410926366
            ],
            [
              23331.353919239908,
              22986.935866983375
            ],
            [
              23331.353919239908,
              22957.244655581948
            ],
            [
              23325.41567695962,
              22951.306413301663
            ],
            [
              23325.41567695962,
              22945.36817102138
            ],
            [
              23307.600950118765,
              22927.553444180525
            ],
            [
              23260.095011876485,
              22927.553444180525
            ],
            [
              23254.1567695962,
              22921.61520190024
            ],
            [
              23248.218527315916,
              22921.61520190024
            ],
            [
              23242.28028503563,
              22915.676959619952
            ],
            [
              23242.28028503563,
              22909.738717339667
            ],
            [
              23194.77434679335,
              22862.232779097387
            ],
            [
              23194.77434679335,
              22856.294536817102
            ],
            [
              23188.836104513066,
              22856.294536817102
            ],
            [
              23176.959619952497,
              22844.418052256533
            ],
            [
              23171.02137767221,
              22844.418052256533
            ],
            [
              23165.083135391924,
              22838.47980997625
            ],
            [
              23159.14489311164,
              22838.47980997625
            ],
            [
              23153.206650831355,
              22832.541567695964
            ],
            [
              23147.26840855107,
              22832.541567695964
            ],
            [
              23129.453681710216,
              22814.726840855106
            ],
            [
              23129.453681710216,
              22808.78859857482
            ],
            [
              23123.515439429928,
              22802.850356294537
            ],
            [
              23123.515439429928,
              22790.973871733968
            ],
            [
              23111.63895486936,
              22779.0973871734
            ],
            [
              23105.700712589074,
              22779.0973871734
            ],
            [
              23093.824228028505,
              22767.220902612826
            ],
            [
              23087.88598574822,
              22767.220902612826
            ],
            [
              23081.947743467936,
              22761.28266033254
            ],
            [
              23076.00950118765,
              22761.28266033254
            ],
            [
              23070.071258907363,
              22755.344418052257
            ],
            [
              23046.318289786224,
              22755.344418052257
            ],
            [
              23040.38004750594,
              22749.406175771972
            ],
            [
              23034.441805225655,
              22749.406175771972
            ],
            [
              23004.75059382423,
              22719.71496437055
            ],
            [
              22998.812351543944,
              22719.71496437055
            ],
            [
              22992.87410926366,
              22713.77672209026
            ],
            [
              22980.99762470309,
              22713.77672209026
            ],
            [
              22975.059382422805,
              22707.838479809976
            ],
            [
              22850.356294536818,
              22707.838479809976
            ],
            [
              22844.418052256533,
              22701.90023752969
            ],
            [
              22838.47980997625,
              22701.90023752969
            ],
            [
              22832.541567695964,
              22695.961995249407
            ],
            [
              22826.60332541568,
              22695.961995249407
            ],
            [
              22820.665083135395,
              22690.023752969122
            ],
            [
              22814.726840855106,
              22690.023752969122
            ],
            [
              22808.78859857482,
              22684.085510688838
            ],
            [
              22796.912114014252,
              22684.085510688838
            ],
            [
              22790.973871733968,
              22678.147268408553
            ],
            [
              22767.220902612826,
              22678.147268408553
            ],
            [
              22761.28266033254,
              22672.20902612827
            ],
            [
              22749.406175771972,
              22672.20902612827
            ],
            [
              22743.467933491687,
              22666.270783847984
            ],
            [
              22725.653206650833,
              22666.270783847984
            ],
            [
              22719.71496437055,
              22672.20902612827
            ],
            [
              22690.023752969122,
              22672.20902612827
            ],
            [
              22684.085510688838,
              22666.270783847984
            ],
            [
              22678.147268408553,
              22666.270783847984
            ],
            [
              22672.20902612827,
              22660.332541567695
            ],
            [
              22666.270783847984,
              22660.332541567695
            ],
            [
              22660.332541567695,
              22654.39429928741
            ],
            [
              22654.39429928741,
              22654.39429928741
            ],
            [
              22642.51781472684,
              22642.51781472684
            ],
            [
              22630.641330166272,
              22642.51781472684
            ],
            [
              22624.703087885988,
              22636.579572446557
            ],
            [
              22606.88836104513,
              22636.579572446557
            ],
            [
              22600.950118764846,
              22630.641330166272
            ],
            [
              22583.135391923992,
              22630.641330166272
            ],
            [
              22577.197149643707,
              22624.703087885988
            ],
            [
              22571.258907363423,
              22624.703087885988
            ],
            [
              22565.320665083138,
              22618.764845605703
            ],
            [
              22559.38242280285,
              22618.764845605703
            ],
            [
              22547.50593824228,
              22606.88836104513
            ],
            [
              22541.567695961996,
              22606.88836104513
            ],
            [
              22535.62945368171,
              22600.950118764846
            ],
            [
              22482.185273159146,
              22600.950118764846
            ],
            [
              22470.308788598577,
              22589.073634204276
            ],
            [
              22470.308788598577,
              22583.135391923992
            ],
            [
              22446.555819477435,
              22559.38242280285
            ],
            [
              22440.61757719715,
              22559.38242280285
            ],
            [
              22428.74109263658,
              22547.50593824228
            ],
            [
              22422.802850356296,
              22547.50593824228
            ],
            [
              22399.049881235154,
              22523.752969121142
            ],
            [
              22393.11163895487,
              22523.752969121142
            ],
            [
              22387.173396674585,
              22517.814726840857
            ],
            [
              22304.038004750593,
              22517.814726840857
            ],
            [
              22298.09976247031,
              22511.87648456057
            ],
            [
              22268.408551068886,
              22511.87648456057
            ],
            [
              22262.4703087886,
              22505.938242280285
            ],
            [
              22256.532066508313,
              22505.938242280285
            ],
            [
              22250.593824228028,
              22500.0
            ],
            [
              22244.655581947743,
              22500.0
            ],
            [
              22232.779097387174,
              22488.12351543943
            ],
            [
              22220.902612826605,
              22488.12351543943
            ],
            [
              22209.026128266036,
              22476.24703087886
            ],
            [
              22191.21140142518,
              22476.24703087886
            ]
          ]
        ]
      }
    },
    {
      "type": "Feature",
      "properties": {
        "class_id": 4,
        "classification": "PenMarking",
        "area": 2679.966824831726
      },
      "geometry": {
        "type": "Polygon",
        "coordinates": [
          [
            [
              39524.9406175772,
              17143.705463182898
            ],
            [
              39524.9406175772,
              17268.408551068886
            ],
            [
              39536.81710213777,
              17256.532066508313
            ],
            [
              39536.81710213777,
              17226.84085510689
            ],
            [
              39548.69358669834,
              17214.96437054632
            ],
            [
              39548.69358669834,
              17209.026128266032
            ],
            [
              39560.57007125891,
              17197.149643705463
            ],
            [
              39560.57007125891,
              17173.396674584325
            ],
            [
              39548.69358669834,
              17161.520190023755
            ],
            [
              39548.69358669834,
              17155.581947743467
            ],
            [
              39536.81710213777,
              17143.705463182898
            ],
            [
              39524.9406175772,
              17143.705463182898
            ]
          ]
        ]
      }
    },
    {
      "type": "Feature",
      "properties": {
        "class_id": 4,
        "classification": "PenMarking",
        "area": 15057.182028988778
      },
      "geometry": {
        "type": "Polygon",
        "coordinates": [
          [
            [
              39536.81710213777,
              15035.629453681711
            ],
            [
              39530.87885985748,
              15041.567695961996
            ],
            [
              39524.9406175772,
              15041.567695961996
            ],
            [
              39524.9406175772,
              15178.147268408551
            ],
            [
              39548.69358669834,
              15178.147268408551
            ],
            [
              39566.50831353919,
              15195.961995249407
            ],
            [
              39655.58194774347,
              15195.961995249407
            ],
            [
              39667.45843230404,
              15184.085510688838
            ],
            [
              39661.52019002375,
              15178.147268408551
            ],
            [
              39661.52019002375,
              15172.209026128266
            ],
            [
              39655.58194774347,
              15166.270783847982
            ],
            [
              39655.58194774347,
              15160.332541567697
            ],
            [
              39649.64370546318,
              15154.39429928741
            ],
            [
              39649.64370546318,
              15124.703087885986
            ],
            [
              39643.7054631829,
              15118.764845605701
            ],
            [
              39643.7054631829,
              15112.826603325417
            ],
            [
              39637.76722090261,
              15106.888361045132
            ],
            [
              39631.82897862233,
              15106.888361045132
            ],
            [
              39625.890736342044,
              15100.950118764846
            ],
            [
              39614.014251781475,
              15100.950118764846
            ],
            [
              39566.50831353919,
              15053.444180522565
            ],
            [
              39566.50831353919,
              15047.50593824228
            ],
            [
              39560.57007125891,
              15041.567695961996
            ],
            [
              39542.75534441805,
              15041.567695961996
            ],
            [
              39536.81710213777,
              15035.629453681711
            ]
          ]
        ]
      }
    },
    {
      "type": "Feature",
      "properties": {
        "class_id": 4,
        "classification": "PenMarking",
        "area": 2556.547300003949
      },
      "geometry": {
        "type": "Polygon",
        "coordinates": [
          [
            [
              82090.26128266033,
              12108.076009501188
            ],
            [
              82090.26128266033,
              12155.581947743469
            ],
            [
              82173.39667458432,
              12155.581947743469
            ],
            [
              82173.39667458432,
              12149.643705463184
            ],
            [
              82155.58194774347,
              12131.828978622329
            ],
            [
              82149.64370546318,
              12131.828978622329
            ],
            [
              82143.7054631829,
              12125.890736342044
            ],
            [
              82137.76722090262,
              12125.890736342044
            ],
            [
              82131.82897862233,
              12119.952494061758
            ],
            [
              82108.0760095012,
              12119.952494061758
            ],
            [
              82096.19952494062,
              12108.076009501188
            ],
            [
              82090.26128266033,
              12108.076009501188
            ]
          ]
        ]
      }
    },
    {
      "type": "Feature",
      "properties": {
        "class_id": 5,
        "classification": "Edge & Air Bubble",
        "area": 211.57632827618892
      },
      "geometry": {
        "type": "Polygon",
        "coordinates": [
          [
            [
              5920.42755344418,
              73064.13301662708
            ],
            [
              5914.489311163896,
              73070.07125890737
            ],
            [
              5932.3040380047505,
              73087.88598574822
            ],
            [
              5938.242280285036,
              73087.88598574822
            ],
            [
              5932.3040380047505,
              73081.94774346794
            ],
            [
              5932.3040380047505,
              73076.00950118765
            ],
            [
              5926.365795724466,
              73070.07125890737
            ],
            [
              5926.365795724466,
              73064.13301662708
            ],
            [
              5920.42755344418,
              73064.13301662708
            ]
          ]
        ]
      }
    },
    {
      "type": "Feature",
      "properties": {
        "class_id": 5,
        "classification": "Edge & Air Bubble",
        "area": 9803.03654346342
      },
      "geometry": {
        "type": "Polygon",
        "coordinates": [
          [
            [
              5926.365795724466,
              72969.12114014252
            ],
            [
              5926.365795724466,
              72975.05938242281
            ],
            [
              5950.118764845606,
              72998.81235154395
            ],
            [
              5950.118764845606,
              73004.75059382422
            ],
            [
              5961.995249406176,
              73016.6270783848
            ],
            [
              5973.871733966746,
              73016.6270783848
            ],
            [
              5979.809976247031,
              73022.56532066509
            ],
            [
              5985.748218527317,
              73022.56532066509
            ],
            [
              5997.624703087886,
              73034.44180522565
            ],
            [
              6003.562945368171,
              73034.44180522565
            ],
            [
              6015.439429928741,
              73046.31828978623
            ],
            [
              6021.377672209026,
              73046.31828978623
            ],
            [
              6057.0071258907365,
              73081.94774346794
            ],
            [
              6062.945368171022,
              73076.00950118765
            ],
            [
              6074.821852731592,
              73076.00950118765
            ],
            [
              6074.821852731592,
              72969.12114014252
            ],
            [
              5926.365795724466,
              72969.12114014252
            ]
          ]
        ]
      }
    },
    {
      "type": "Feature",
      "properties": {
        "class_id": 5,
        "classification": "Edge & Air Bubble",
        "area": 1146.0384448293566
      },
      "geometry": {
        "type": "Polygon",
        "coordinates": [
          [
            [
              5825.41567695962,
              72969.12114014252
            ],
            [
              5825.41567695962,
              72980.99762470309
            ],
            [
              5843.230403800475,
              72998.81235154395
            ],
            [
              5855.106888361045,
              72998.81235154395
            ],
            [
              5861.045130641331,
              72992.87410926366
            ],
            [
              5866.983372921615,
              72992.87410926366
            ],
            [
              5872.921615201901,
              72986.93586698337
            ],
            [
              5872.921615201901,
              72969.12114014252
            ],
            [
              5825.41567695962,
              72969.12114014252
            ]
          ]
        ]
      }
    },
    {
      "type": "Feature",
      "properties": {
        "class_id": 6,
        "classification": "OOF",
        "area": 969.7248379325325
      },
      "geometry": {
        "type": "Polygon",
        "coordinates": [
          [
            [
              94483.3729216152,
              74916.86460807601
            ],
            [
              94471.49643705464,
              74928.74109263658
            ],
            [
              94471.49643705464,
              74934.67933491687
            ],
            [
              94483.3729216152,
              74946.55581947743
            ],
            [
              94507.12589073635,
              74946.55581947743
            ],
            [
              94513.06413301663,
              74940.61757719715
            ],
            [
              94513.06413301663,
              74928.74109263658
            ],
            [
              94507.12589073635,
              74922.8028503563
            ],
            [
              94501.18764845606,
              74922.8028503563
            ],
            [
              94495.24940617578,
              74916.86460807601
            ],
            [
              94483.3729216152,
              74916.86460807601
            ]
          ]
        ]
      }
    },
    {
      "type": "Feature",
      "properties": {
        "class_id": 6,
        "classification": "OOF",
        "area": 2644.7041034523613
      },
      "geometry": {
        "type": "Polygon",
        "coordinates": [
          [
            [
              94507.12589073635,
              73907.36342042756
            ],
            [
              94507.12589073635,
              73966.74584323041
            ],
            [
              94501.18764845606,
              73972.68408551069
            ],
            [
              94501.18764845606,
              73978.62232779097
            ],
            [
              94489.31116389549,
              73990.49881235155
            ],
            [
              94489.31116389549,
              73996.43705463184
            ],
            [
              94477.43467933493,
              74008.3135391924
            ],
            [
              94477.43467933493,
              74014.25178147269
            ],
            [
              94471.49643705464,
              74020.19002375298
            ],
            [
              94471.49643705464,
              74043.94299287412
            ],
            [
              94465.55819477435,
              74049.8812351544
            ],
            [
              94465.55819477435,
              74085.5106888361
            ],
            [
              94465.55819477435,
              74079.57244655582
            ],
            [
              94477.43467933493,
              74067.69596199525
            ],
            [
              94483.3729216152,
              74067.69596199525
            ],
            [
              94489.31116389549,
              74061.75771971497
            ],
            [
              94495.24940617578,
              74061.75771971497
            ],
            [
              94507.12589073635,
              74049.8812351544
            ],
            [
              94507.12589073635,
              73907.36342042756
            ]
          ]
        ]
      }
    },
    {
      "type": "Feature",
      "properties": {
        "class_id": 6,
        "classification": "OOF",
        "area": 35.26272137936482
      },
      "geometry": {
        "type": "Polygon",
        "coordinates": [
          [
            [
              94489.31116389549,
              73830.16627078385
            ],
            [
              94489.31116389549,
              73865.79572446556
            ],
            [
              94489.31116389549,
              73859.85748218528
            ],
            [
              94495.24940617578,
              73853.919239905
            ],
            [
              94489.31116389549,
              73847.9809976247
            ],
            [
              94489.31116389549,
              73830.16627078385
            ]
          ]
        ]
      }
    },
    {
      "type": "Feature",
      "properties": {
        "class_id": 6,
        "classification": "OOF",
        "area": 229.20768896587134
      },
      "geometry": {
        "type": "Polygon",
        "coordinates": [
          [
            [
              94465.55819477435,
              73260.09501187649
            ],
            [
              94465.55819477435,
              73307.60095011877
            ],
            [
              94471.49643705464,
              73307.60095011877
            ],
            [
              94471.49643705464,
              73271.97149643705
            ],
            [
              94465.55819477435,
              73266.03325415678
            ],
            [
              94465.55819477435,
              73260.09501187649
            ]
          ]
        ]
      }
    },
    {
      "type": "Feature",
      "properties": {
        "class_id": 6,
        "classification": "OOF",
        "area": 35.26272137936482
      },
      "geometry": {
        "type": "Polygon",
        "coordinates": [
          [
            [
              33426.365795724465,
              72969.12114014252
            ],
            [
              33426.365795724465,
              72975.05938242281
            ],
            [
              33432.30403800475,
              72975.05938242281
            ],
            [
              33432.30403800475,
              72969.12114014252
            ],
            [
              33426.365795724465,
              72969.12114014252
            ]
          ]
        ]
      }
    },
    {
      "type": "Feature",
      "properties": {
        "class_id": 6,
        "classification": "OOF",
        "area": 229.20768896587134
      },
      "geometry": {
        "type": "Polygon",
        "coordinates": [
          [
            [
              20409.738717339667,
              53081.947743467936
            ],
            [
              20403.800475059383,
              53087.885985748224
            ],
            [
              20403.800475059383,
              53099.76247030879
            ],
            [
              20415.676959619952,
              53099.76247030879
            ],
            [
              20421.615201900237,
              53093.824228028505
            ],
            [
              20415.676959619952,
              53087.885985748224
            ],
            [
              20415.676959619952,
              53081.947743467936
            ],
            [
              20409.738717339667,
              53081.947743467936
            ]
          ]
        ]
      }
    },
    {
      "type": "Feature",
      "properties": {
        "class_id": 6,
        "classification": "OOF",
        "area": 2627.072742762679
      },
      "geometry": {
        "type": "Polygon",
        "coordinates": [
          [
            [
              35195.96199524941,
              42606.88836104513
            ],
            [
              35190.02375296912,
              42612.82660332542
            ],
            [
              35184.085510688834,
              42612.82660332542
            ],
            [
              35178.14726840855,
              42618.7648456057
            ],
            [
              35172.209026128265,
              42618.7648456057
            ],
            [
              35166.270783847984,
              42624.70308788599
            ],
            [
              35160.332541567695,
              42624.70308788599
            ],
            [
              35148.456057007126,
              42636.57957244656
            ],
            [
              35148.456057007126,
              42648.456057007126
            ],
            [
              35178.14726840855,
              42648.456057007126
            ],
            [
              35184.085510688834,
              42642.517814726845
            ],
            [
              35201.90023752969,
              42642.517814726845
            ],
            [
              35207.83847980998,
              42636.57957244656
            ],
            [
              35213.77672209026,
              42636.57957244656
            ],
            [
              35219.71496437055,
              42630.641330166276
            ],
            [
              35225.65320665083,
              42630.641330166276
            ],
            [
              35231.59144893112,
              42624.70308788599
            ],
            [
              35237.529691211406,
              42624.70308788599
            ],
            [
              35243.46793349169,
              42618.7648456057
            ],
            [
              35261.282660332545,
              42618.7648456057
            ],
            [
              35261.282660332545,
              42612.82660332542
            ],
            [
              35255.34441805226,
              42606.88836104513
            ],
            [
              35195.96199524941,
              42606.88836104513
            ]
          ]
        ]
      }
    },
    {
      "type": "Feature",
      "properties": {
        "class_id": 6,
        "classification": "OOF",
        "area": 88.15680344841205
      },
      "geometry": {
        "type": "Polygon",
        "coordinates": [
          [
            [
              31181.710213776725,
              39275.53444180523
            ],
            [
              31175.771971496437,
              39281.472684085515
            ],
            [
              31175.771971496437,
              39287.410926365796
            ],
            [
              31181.710213776725,
              39287.410926365796
            ],
            [
              31187.64845605701,
              39281.472684085515
            ],
            [
              31181.710213776725,
              39275.53444180523
            ]
          ]
        ]
      }
    },
    {
      "type": "Feature",
      "properties": {
        "class_id": 6,
        "classification": "OOF",
        "area": 282.10177103491856
      },
      "geometry": {
        "type": "Polygon",
        "coordinates": [
          [
            [
              60760.09501187649,
              34768.40855106888
            ],
            [
              60760.09501187649,
              34798.09976247031
            ],
            [
              60771.97149643706,
              34786.22327790974
            ],
            [
              60795.724465558196,
              34786.22327790974
            ],
            [
              60801.662707838484,
              34780.28503562946
            ],
            [
              60783.84798099763,
              34780.28503562946
            ],
            [
              60777.90973871734,
              34786.22327790974
            ],
            [
              60771.97149643706,
              34780.28503562946
            ],
            [
              60766.03325415677,
              34780.28503562946
            ],
            [
              60760.09501187649,
              34774.34679334917
            ],
            [
              60760.09501187649,
              34768.40855106888
            ]
          ]
        ]
      }
    },
    {
      "type": "Feature",
      "properties": {
        "class_id": 6,
        "classification": "OOF",
        "area": 70.52544275872964
      },
      "geometry": {
        "type": "Polygon",
        "coordinates": [
          [
            [
              75748.21852731591,
              18224.465558194774
            ],
            [
              75748.21852731591,
              18236.342042755346
            ],
            [
              75754.1567695962,
              18236.342042755346
            ],
            [
              75754.1567695962,
              18224.465558194774
            ],
            [
              75748.21852731591,
              18224.465558194774
            ]
          ]
        ]
      }
    },
    {
      "type": "Feature",
      "properties": {
        "class_id": 6,
        "classification": "OOF",
        "area": 405.5212958626954
      },
      "geometry": {
        "type": "Polygon",
        "coordinates": [
          [
            [
              36484.56057007126,
              16793.34916864608
            ],
            [
              36484.56057007126,
              16817.102137767222
            ],
            [
              36502.37529691211,
              16817.102137767222
            ],
            [
              36502.37529691211,
              16799.287410926365
            ],
            [
              36496.43705463183,
              16793.34916864608
            ],
            [
              36484.56057007126,
              16793.34916864608
            ]
          ]
        ]
      }
    },
    {
      "type": "Feature",
      "properties": {
        "class_id": 6,
        "classification": "OOF",
        "area": 1004.9875593118974
      },
      "geometry": {
        "type": "Polygon",
        "coordinates": [
          [
            [
              67179.33491686461,
              12969.121140142519
            ],
            [
              67167.45843230405,
              12980.997624703088
            ],
            [
              67167.45843230405,
              12986.935866983373
            ],
            [
              67155.58194774347,
              12998.812351543944
            ],
            [
              67161.52019002376,
              12998.812351543944
            ],
            [
              67167.45843230405,
              13004.750593824228
            ],
            [
              67173.39667458432,
              13004.750593824228
            ],
            [
              67179.33491686461,
              12998.812351543944
            ],
            [
              67185.2731591449,
              12998.812351543944
            ],
            [
              67209.02612826604,
              12975.059382422804
            ],
            [
              67203.08788598575,
              12969.121140142519
            ],
            [
              67179.33491686461,
              12969.121140142519
            ]
          ]
        ]
      }
    },
    {
      "type": "Feature",
      "properties": {
        "class_id": 6,
        "classification": "OOF",
        "area": 1022.6189200015798
      },
      "geometry": {
        "type": "Polygon",
        "coordinates": [
          [
            [
              47327.790973871735,
              10979.809976247032
            ],
            [
              47321.852731591454,
              10985.748218527317
            ],
            [
              47321.852731591454,
              10991.686460807601
            ],
            [
              47315.914489311166,
              10997.624703087886
            ],
            [
              47321.852731591454,
              11003.562945368172
            ],
            [
              47321.852731591454,
              11009.501187648457
            ],
            [
              47327.790973871735,
              11015.439429928741
            ],
            [
              47345.60570071259,
              11015.439429928741
            ],
            [
              47351.543942992874,
              11009.501187648457
            ],
            [
              47351.543942992874,
              10985.748218527317
            ],
            [
              47345.60570071259,
              10979.809976247032
            ],
            [
              47327.790973871735,
              10979.809976247032
            ]
          ]
        ]
      }
    },
    {
      "type": "Feature",
      "properties": {
        "class_id": 6,
        "classification": "OOF",
        "area": 546.5721813801547
      },
      "geometry": {
        "type": "Polygon",
        "coordinates": [
          [
            [
              50166.270783847984,
              6057.0071258907365
            ],
            [
              50160.332541567695,
              6062.945368171022
            ],
            [
              50160.332541567695,
              6074.821852731592
            ],
            [
              50195.96199524941,
              6074.821852731592
            ],
            [
              50195.96199524941,
              6068.883610451307
            ],
            [
              50184.08551068884,
              6057.0071258907365
            ],
            [
              50166.270783847984,
              6057.0071258907365
            ]
          ]
        ]
      }
    },
    {
      "type": "Feature",
      "properties": {
        "class_id": 6,
        "classification": "OOF",
        "area": 1304.7206910364982
      },
      "geometry": {
        "type": "Polygon",
        "coordinates": [
          [
            [
              54726.84085510689,
              6033.254156769596
            ],
            [
              54726.84085510689,
              6068.883610451307
            ],
            [
              54732.779097387174,
              6074.821852731592
            ],
            [
              54762.4703087886,
              6074.821852731592
            ],
            [
              54762.4703087886,
              6051.068883610452
            ],
            [
              54744.65558194774,
              6033.254156769596
            ],
            [
              54726.84085510689,
              6033.254156769596
            ]
          ]
        ]
      }
    },
    {
      "type": "Feature",
      "properties": {
        "class_id": 6,
        "classification": "OOF",
        "area": 1533.9283800023697
      },
      "geometry": {
        "type": "Polygon",
        "coordinates": [
          [
            [
              50225.65320665083,
              5967.933491686461
            ],
            [
              50219.71496437055,
              5973.871733966746
            ],
            [
              50213.77672209026,
              5973.871733966746
            ],
            [
              50207.83847980998,
              5979.809976247031
            ],
            [
              50207.83847980998,
              5991.686460807601
            ],
            [
              50201.90023752969,
              5997.624703087886
            ],
            [
              50207.83847980998,
              6003.562945368171
            ],
            [
              50207.83847980998,
              6009.501187648456
            ],
            [
              50231.59144893112,
              6009.501187648456
            ],
            [
              50237.529691211406,
              6003.562945368171
            ],
            [
              50243.46793349169,
              6003.562945368171
            ],
            [
              50249.406175771976,
              5997.624703087886
            ],
            [
              50249.406175771976,
              5991.686460807601
            ],
            [
              50255.34441805226,
              5985.748218527317
            ],
            [
              50249.406175771976,
              5979.809976247031
            ],
            [
              50249.406175771976,
              5973.871733966746
            ],
            [
              50243.46793349169,
              5973.871733966746
            ],
            [
              50237.529691211406,
              5967.933491686461
            ],
            [
              50225.65320665083,
              5967.933491686461
            ]
          ]
        ]
      }
    },
    {
      "type": "Feature",
      "properties": {
        "class_id": 6,
        "classification": "OOF",
        "area": 11160.651316568965
      },
      "geometry": {
        "type": "Polygon",
        "coordinates": [
          [
            [
              50403.80047505938,
              5878.859857482185
            ],
            [
              50397.8622327791,
              5884.798099762471
            ],
            [
              50380.047505938244,
              5884.798099762471
            ],
            [
              50374.109263657956,
              5890.7363420427555
            ],
            [
              50356.294536817106,
              5890.7363420427555
            ],
            [
              50350.35629453682,
              5896.674584323041
            ],
            [
              50308.78859857482,
              5896.674584323041
            ],
            [
              50302.85035629454,
              5902.612826603326
            ],
            [
              50255.34441805226,
              5902.612826603326
            ],
            [
              50237.529691211406,
              5920.42755344418
            ],
            [
              50231.59144893112,
              5920.42755344418
            ],
            [
              50225.65320665083,
              5926.365795724466
            ],
            [
              50207.83847980998,
              5926.365795724466
            ],
            [
              50201.90023752969,
              5920.42755344418
            ],
            [
              50160.332541567695,
              5920.42755344418
            ],
            [
              50154.394299287414,
              5926.365795724466
            ],
            [
              50148.456057007126,
              5926.365795724466
            ],
            [
              50142.517814726845,
              5932.3040380047505
            ],
            [
              50154.394299287414,
              5944.180522565321
            ],
            [
              50184.08551068884,
              5944.180522565321
            ],
            [
              50190.02375296912,
              5938.242280285036
            ],
            [
              50201.90023752969,
              5938.242280285036
            ],
            [
              50207.83847980998,
              5932.3040380047505
            ],
            [
              50243.46793349169,
              5932.3040380047505
            ],
            [
              50249.406175771976,
              5926.365795724466
            ],
            [
              50273.159144893114,
              5926.365795724466
            ],
            [
              50279.0973871734,
              5932.3040380047505
            ],
            [
              50380.047505938244,
              5932.3040380047505
            ],
            [
              50385.98574821853,
              5938.242280285036
            ],
            [
              50397.8622327791,
              5938.242280285036
            ],
            [
              50403.80047505938,
              5944.180522565321
            ],
            [
              50433.49168646081,
              5944.180522565321
            ],
            [
              50439.4299287411,
              5938.242280285036
            ],
            [
              50439.4299287411,
              5932.3040380047505
            ],
            [
              50445.36817102138,
              5926.365795724466
            ],
            [
              50445.36817102138,
              5920.42755344418
            ],
            [
              50457.24465558195,
              5908.55106888361
            ],
            [
              50475.059382422805,
              5908.55106888361
            ],
            [
              50486.935866983375,
              5920.42755344418
            ],
            [
              50492.87410926366,
              5920.42755344418
            ],
            [
              50498.812351543944,
              5926.365795724466
            ],
            [
              50510.68883610451,
              5926.365795724466
            ],
            [
              50510.68883610451,
              5908.55106888361
            ],
            [
              50504.75059382423,
              5902.612826603326
            ],
            [
              50498.812351543944,
              5902.612826603326
            ],
            [
              50492.87410926366,
              5896.674584323041
            ],
            [
              50469.12114014252,
              5896.674584323041
            ],
            [
              50463.182897862236,
              5890.7363420427555
            ],
            [
              50457.24465558195,
              5890.7363420427555
            ],
            [
              50451.30641330167,
              5884.798099762471
            ],
            [
              50439.4299287411,
              5884.798099762471
            ],
            [
              50433.49168646081,
              5878.859857482185
            ],
            [
              50403.80047505938,
              5878.859857482185
            ]
          ]
        ]
      }
    },
    {
      "type": "Feature",
      "properties": {
        "class_id": 6,
        "classification": "OOF",
        "area": 13911.143584159421
      },
      "geometry": {
        "type": "Polygon",
        "coordinates": [
          [
            [
              49869.35866983373,
              5878.859857482185
            ],
            [
              49863.42042755344,
              5884.798099762471
            ],
            [
              49857.48218527316,
              5884.798099762471
            ],
            [
              49881.2351543943,
              5908.55106888361
            ],
            [
              49875.29691211402,
              5914.489311163896
            ],
            [
              49875.29691211402,
              5926.365795724466
            ],
            [
              49869.35866983373,
              5932.3040380047505
            ],
            [
              49869.35866983373,
              5944.180522565321
            ],
            [
              49881.2351543943,
              5944.180522565321
            ],
            [
              49887.17339667459,
              5950.118764845606
            ],
            [
              49910.92636579573,
              5950.118764845606
            ],
            [
              49916.86460807601,
              5956.057007125891
            ],
            [
              49928.741092636585,
              5956.057007125891
            ],
            [
              49934.679334916866,
              5961.995249406176
            ],
            [
              49946.555819477435,
              5961.995249406176
            ],
            [
              49970.30878859857,
              5985.748218527317
            ],
            [
              50000.0,
              5985.748218527317
            ],
            [
              50005.93824228029,
              5979.809976247031
            ],
            [
              50011.87648456057,
              5979.809976247031
            ],
            [
              50017.81472684086,
              5973.871733966746
            ],
            [
              50023.752969121146,
              5973.871733966746
            ],
            [
              50029.69121140143,
              5967.933491686461
            ],
            [
              50047.505938242284,
              5967.933491686461
            ],
            [
              50053.444180522565,
              5961.995249406176
            ],
            [
              50059.38242280285,
              5961.995249406176
            ],
            [
              50083.13539192399,
              5938.242280285036
            ],
            [
              50083.13539192399,
              5932.3040380047505
            ],
            [
              50071.25890736342,
              5920.42755344418
            ],
            [
              50023.752969121146,
              5920.42755344418
            ],
            [
              50005.93824228029,
              5902.612826603326
            ],
            [
              50000.0,
              5902.612826603326
            ],
            [
              49994.06175771972,
              5896.674584323041
            ],
            [
              49988.12351543943,
              5896.674584323041
            ],
            [
              49982.18527315915,
              5890.7363420427555
            ],
            [
              49958.432304038004,
              5890.7363420427555
            ],
            [
              49952.49406175772,
              5884.798099762471
            ],
            [
              49893.11163895487,
              5884.798099762471
            ],
            [
              49887.17339667459,
              5878.859857482185
            ],
            [
              49869.35866983373,
              5878.859857482185
            ]
          ]
        ]
      }
    },
    {
      "type": "Feature",
      "properties": {
        "class_id": 6,
        "classification": "OOF",
        "area": 1181.3011662087215
      },
      "geometry": {
        "type": "Polygon",
        "coordinates": [
          [
            [
              56074.82185273159,
              5748.218527315915
            ],
            [
              56068.88361045131,
              5754.156769596199
            ],
            [
              56057.00712589074,
              5754.156769596199
            ],
            [
              56051.06888361045,
              5760.095011876485
            ],
            [
              56033.254156769595,
              5760.095011876485
            ],
            [
              56027.315914489314,
              5766.0332541567695
            ],
            [
              56015.439429928745,
              5766.0332541567695
            ],
            [
              56009.50118764846,
              5771.971496437055
            ],
            [
              56003.562945368176,
              5771.971496437055
            ],
            [
              55997.62470308789,
              5777.90973871734
            ],
            [
              55997.62470308789,
              5783.847980997625
            ],
            [
              56027.315914489314,
              5783.847980997625
            ],
            [
              56033.254156769595,
              5777.90973871734
            ],
            [
              56039.19239904988,
              5777.90973871734
            ],
            [
              56045.13064133017,
              5771.971496437055
            ],
            [
              56051.06888361045,
              5771.971496437055
            ],
            [
              56057.00712589074,
              5766.0332541567695
            ],
            [
              56062.94536817102,
              5766.0332541567695
            ],
            [
              56068.88361045131,
              5760.095011876485
            ],
            [
              56080.76009501188,
              5760.095011876485
            ],
            [
              56092.63657957245,
              5748.218527315915
            ],
            [
              56074.82185273159,
              5748.218527315915
            ]
          ]
        ]
      }
    },
    {
      "type": "Feature",
      "properties": {
        "class_id": 6,
        "classification": "OOF",
        "area": 7299.383325528518
      },
      "geometry": {
        "type": "Polygon",
        "coordinates": [
          [
            [
              56852.73159144893,
              5694.77434679335
            ],
            [
              56846.79334916865,
              5700.712589073634
            ],
            [
              56834.91686460808,
              5700.712589073634
            ],
            [
              56858.66983372922,
              5724.4655581947745
            ],
            [
              56870.54631828979,
              5724.4655581947745
            ],
            [
              56876.484560570076,
              5730.40380047506
            ],
            [
              56900.237529691214,
              5730.40380047506
            ],
            [
              56906.175771971495,
              5736.342042755345
            ],
            [
              56918.05225653207,
              5736.342042755345
            ],
            [
              56923.99049881235,
              5730.40380047506
            ],
            [
              56947.74346793349,
              5730.40380047506
            ],
            [
              56965.55819477435,
              5748.218527315915
            ],
            [
              56971.49643705464,
              5748.218527315915
            ],
            [
              56977.43467933492,
              5754.156769596199
            ],
            [
              56983.372921615206,
              5754.156769596199
            ],
            [
              56989.31116389549,
              5760.095011876485
            ],
            [
              57001.187648456056,
              5760.095011876485
            ],
            [
              57007.125890736344,
              5766.0332541567695
            ],
            [
              57019.002375296914,
              5766.0332541567695
            ],
            [
              57024.9406175772,
              5771.971496437055
            ],
            [
              57072.44655581948,
              5771.971496437055
            ],
            [
              57072.44655581948,
              5748.218527315915
            ],
            [
              57054.63182897862,
              5730.40380047506
            ],
            [
              57048.69358669834,
              5730.40380047506
            ],
            [
              57042.75534441805,
              5724.4655581947745
            ],
            [
              57036.81710213777,
              5724.4655581947745
            ],
            [
              57030.87885985748,
              5718.52731591449
            ],
            [
              56965.55819477435,
              5718.52731591449
            ],
            [
              56959.61995249407,
              5724.4655581947745
            ],
            [
              56941.80522565321,
              5724.4655581947745
            ],
            [
              56929.92874109264,
              5712.589073634204
            ],
            [
              56923.99049881235,
              5712.589073634204
            ],
            [
              56918.05225653207,
              5706.65083135392
            ],
            [
              56912.11401425178,
              5706.65083135392
            ],
            [
              56906.175771971495,
              5700.712589073634
            ],
            [
              56882.42280285036,
              5700.712589073634
            ],
            [
              56876.484560570076,
              5694.77434679335
            ],
            [
              56852.73159144893,
              5694.77434679335
            ]
          ]
        ]
      }
    },
    {
      "type": "Feature",
      "properties": {
        "class_id": 6,
        "classification": "OOF",
        "area": 70.52544275872964
      },
      "geometry": {
        "type": "Polygon",
        "coordinates": [
          [
            [
              50570.07125890737,
              5498.812351543943
            ],
            [
              50564.13301662708,
              5504.750593824228
            ],
            [
              50558.1947743468,
              5504.750593824228
            ],
            [
              50576.00950118765,
              5504.750593824228
            ],
            [
              50581.947743467936,
              5498.812351543943
            ],
            [
              50570.07125890737,
              5498.812351543943
            ]
          ]
        ]
      }
    },
    {
      "type": "Feature",
      "properties": {
        "class_id": 6,
        "classification": "OOF",
        "area": 6505.972094492809
      },
      "geometry": {
        "type": "Polygon",
        "coordinates": [
          [
            [
              50279.0973871734,
              5486.935866983373
            ],
            [
              50273.159144893114,
              5492.874109263658
            ],
            [
              50261.282660332545,
              5492.874109263658
            ],
            [
              50255.34441805226,
              5498.812351543943
            ],
            [
              50249.406175771976,
              5498.812351543943
            ],
            [
              50243.46793349169,
              5504.750593824228
            ],
            [
              50237.529691211406,
              5504.750593824228
            ],
            [
              50237.529691211406,
              5510.688836104513
            ],
            [
              50243.46793349169,
              5510.688836104513
            ],
            [
              50249.406175771976,
              5516.627078384799
            ],
            [
              50261.282660332545,
              5516.627078384799
            ],
            [
              50267.220902612826,
              5522.565320665083
            ],
            [
              50362.23277909739,
              5522.565320665083
            ],
            [
              50368.171021377675,
              5516.627078384799
            ],
            [
              50380.047505938244,
              5516.627078384799
            ],
            [
              50385.98574821853,
              5510.688836104513
            ],
            [
              50391.92399049881,
              5516.627078384799
            ],
            [
              50397.8622327791,
              5516.627078384799
            ],
            [
              50403.80047505938,
              5522.565320665083
            ],
            [
              50409.73871733967,
              5522.565320665083
            ],
            [
              50415.67695961995,
              5528.503562945369
            ],
            [
              50427.55344418052,
              5528.503562945369
            ],
            [
              50433.49168646081,
              5534.441805225653
            ],
            [
              50475.059382422805,
              5534.441805225653
            ],
            [
              50480.997624703086,
              5528.503562945369
            ],
            [
              50486.935866983375,
              5528.503562945369
            ],
            [
              50504.75059382423,
              5510.688836104513
            ],
            [
              50498.812351543944,
              5510.688836104513
            ],
            [
              50492.87410926366,
              5504.750593824228
            ],
            [
              50397.8622327791,
              5504.750593824228
            ],
            [
              50391.92399049881,
              5510.688836104513
            ],
            [
              50385.98574821853,
              5504.750593824228
            ],
            [
              50380.047505938244,
              5504.750593824228
            ],
            [
              50374.109263657956,
              5498.812351543943
            ],
            [
              50368.171021377675,
              5498.812351543943
            ],
            [
              50362.23277909739,
              5492.874109263658
            ],
            [
              50314.72684085511,
              5492.874109263658
            ],
            [
              50308.78859857482,
              5486.935866983373
            ],
            [
              50279.0973871734,
              5486.935866983373
            ]
          ]
        ]
      }
    },
    {
      "type": "Feature",
      "properties": {
        "class_id": 6,
        "classification": "OOF",
        "area": 476.04673862142505
      },
      "geometry": {
        "type": "Polygon",
        "coordinates": [
          [
            [
              50991.6864608076,
              5451.306413301663
            ],
            [
              50979.80997624703,
              5463.182897862233
            ],
            [
              50973.87173396675,
              5463.182897862233
            ],
            [
              50961.99524940618,
              5475.059382422803
            ],
            [
              50991.6864608076,
              5475.059382422803
            ],
            [
              50997.62470308789,
              5469.121140142518
            ],
            [
              50997.62470308789,
              5451.306413301663
            ],
            [
              50991.6864608076,
              5451.306413301663
            ]
          ]
        ]
      }
    },
    {
      "type": "Feature",
      "properties": {
        "class_id": 6,
        "classification": "OOF",
        "area": 17560.83524692368
      },
      "geometry": {
        "type": "Polygon",
        "coordinates": [
          [
            [
              49910.92636579573,
              5385.985748218527
            ],
            [
              49910.92636579573,
              5391.923990498813
            ],
            [
              49904.98812351544,
              5397.862232779097
            ],
            [
              49904.98812351544,
              5445.368171021378
            ],
            [
              49899.04988123516,
              5451.306413301663
            ],
            [
              49899.04988123516,
              5480.997624703088
            ],
            [
              49916.86460807601,
              5480.997624703088
            ],
            [
              49922.8028503563,
              5475.059382422803
            ],
            [
              49928.741092636585,
              5475.059382422803
            ],
            [
              49940.617577197154,
              5463.182897862233
            ],
            [
              49946.555819477435,
              5463.182897862233
            ],
            [
              49952.49406175772,
              5469.121140142518
            ],
            [
              49952.49406175772,
              5492.874109263658
            ],
            [
              49958.432304038004,
              5498.812351543943
            ],
            [
              49958.432304038004,
              5504.750593824228
            ],
            [
              49964.37054631829,
              5510.688836104513
            ],
            [
              49970.30878859857,
              5510.688836104513
            ],
            [
              49976.24703087886,
              5516.627078384799
            ],
            [
              50000.0,
              5516.627078384799
            ],
            [
              50005.93824228029,
              5522.565320665083
            ],
            [
              50017.81472684086,
              5522.565320665083
            ],
            [
              50023.752969121146,
              5516.627078384799
            ],
            [
              50059.38242280285,
              5516.627078384799
            ],
            [
              50065.320665083134,
              5510.688836104513
            ],
            [
              50136.57957244656,
              5510.688836104513
            ],
            [
              50142.517814726845,
              5516.627078384799
            ],
            [
              50184.08551068884,
              5516.627078384799
            ],
            [
              50190.02375296912,
              5510.688836104513
            ],
            [
              50190.02375296912,
              5504.750593824228
            ],
            [
              50178.14726840855,
              5492.874109263658
            ],
            [
              50172.209026128265,
              5492.874109263658
            ],
            [
              50160.332541567695,
              5480.997624703088
            ],
            [
              50154.394299287414,
              5480.997624703088
            ],
            [
              50142.517814726845,
              5469.121140142518
            ],
            [
              50124.70308788599,
              5469.121140142518
            ],
            [
              50118.7648456057,
              5463.182897862233
            ],
            [
              50095.01187648456,
              5463.182897862233
            ],
            [
              50089.07363420428,
              5469.121140142518
            ],
            [
              50083.13539192399,
              5463.182897862233
            ],
            [
              50071.25890736342,
              5463.182897862233
            ],
            [
              50065.320665083134,
              5457.244655581948
            ],
            [
              50053.444180522565,
              5457.244655581948
            ],
            [
              50023.752969121146,
              5427.553444180523
            ],
            [
              50023.752969121146,
              5421.6152019002375
            ],
            [
              50000.0,
              5421.6152019002375
            ],
            [
              49994.06175771972,
              5427.553444180523
            ],
            [
              49982.18527315915,
              5427.553444180523
            ],
            [
              49976.24703087886,
              5433.491686460808
            ],
            [
              49958.432304038004,
              5433.491686460808
            ],
            [
              49934.679334916866,
              5409.738717339667
            ],
            [
              49934.679334916866,
              5403.800475059383
            ],
            [
              49922.8028503563,
              5391.923990498813
            ],
            [
              49916.86460807601,
              5391.923990498813
            ],
            [
              49910.92636579573,
              5385.985748218527
            ]
          ]
        ]
      }
    },
    {
      "type": "Feature",
      "properties": {
        "class_id": 6,
        "classification": "OOF",
        "area": 334.99585310396577
      },
      "geometry": {
        "type": "Polygon",
        "coordinates": [
          [
            [
              49732.779097387174,
              5385.985748218527
            ],
            [
              49720.902612826605,
              5397.862232779097
            ],
            [
              49720.902612826605,
              5403.800475059383
            ],
            [
              49738.71733966746,
              5403.800475059383
            ],
            [
              49744.65558194774,
              5397.862232779097
            ],
            [
              49744.65558194774,
              5385.985748218527
            ],
            [
              49732.779097387174,
              5385.985748218527
            ]
          ]
        ]
      }
    },
    {
      "type": "Feature",
      "properties": {
        "class_id": 6,
        "classification": "OOF",
        "area": 2168.6573648309363
      },
      "geometry": {
        "type": "Polygon",
        "coordinates": [
          [
            [
              49780.28503562946,
              5368.171021377672
            ],
            [
              49786.22327790974,
              5374.109263657958
            ],
            [
              49786.22327790974,
              5385.985748218527
            ],
            [
              49792.16152019003,
              5391.923990498813
            ],
            [
              49792.16152019003,
              5397.862232779097
            ],
            [
              49798.09976247031,
              5403.800475059383
            ],
            [
              49798.09976247031,
              5409.738717339667
            ],
            [
              49804.0380047506,
              5409.738717339667
            ],
            [
              49809.97624703088,
              5415.676959619953
            ],
            [
              49815.914489311166,
              5415.676959619953
            ],
            [
              49821.852731591454,
              5421.6152019002375
            ],
            [
              49827.790973871735,
              5421.6152019002375
            ],
            [
              49833.72921615202,
              5415.676959619953
            ],
            [
              49833.72921615202,
              5409.738717339667
            ],
            [
              49839.667458432305,
              5403.800475059383
            ],
            [
              49839.667458432305,
              5380.0475059382425
            ],
            [
              49833.72921615202,
              5374.109263657958
            ],
            [
              49827.790973871735,
              5374.109263657958
            ],
            [
              49821.852731591454,
              5368.171021377672
            ],
            [
              49780.28503562946,
              5368.171021377672
            ]
          ]
        ]
      }
    },
    {
      "type": "Feature",
      "properties": {
        "class_id": 6,
        "classification": "OOF",
        "area": 3244.1703669015633
      },
      "geometry": {
        "type": "Polygon",
        "coordinates": [
          [
            [
              56336.104513064136,
              5285.035629453682
            ],
            [
              56330.16627078385,
              5290.973871733967
            ],
            [
              56318.28978622328,
              5290.973871733967
            ],
            [
              56312.351543943,
              5296.912114014252
            ],
            [
              56306.41330166271,
              5296.912114014252
            ],
            [
              56300.47505938243,
              5302.850356294537
            ],
            [
              56288.59857482185,
              5302.850356294537
            ],
            [
              56282.66033254157,
              5308.788598574822
            ],
            [
              56282.66033254157,
              5320.665083135392
            ],
            [
              56294.53681710214,
              5332.541567695962
            ],
            [
              56324.22802850357,
              5332.541567695962
            ],
            [
              56330.16627078385,
              5326.603325415677
            ],
            [
              56342.04275534442,
              5326.603325415677
            ],
            [
              56347.980997624705,
              5320.665083135392
            ],
            [
              56353.91923990499,
              5320.665083135392
            ],
            [
              56359.857482185274,
              5314.726840855107
            ],
            [
              56365.79572446556,
              5314.726840855107
            ],
            [
              56371.733966745844,
              5308.788598574822
            ],
            [
              56413.30166270784,
              5308.788598574822
            ],
            [
              56419.23990498813,
              5314.726840855107
            ],
            [
              56442.992874109266,
              5314.726840855107
            ],
            [
              56448.931116389555,
              5308.788598574822
            ],
            [
              56460.807600950124,
              5308.788598574822
            ],
            [
              56466.745843230405,
              5302.850356294537
            ],
            [
              56472.68408551069,
              5302.850356294537
            ],
            [
              56425.17814726841,
              5302.850356294537
            ],
            [
              56419.23990498813,
              5308.788598574822
            ],
            [
              56377.67220902613,
              5308.788598574822
            ],
            [
              56359.857482185274,
              5290.973871733967
            ],
            [
              56353.91923990499,
              5290.973871733967
            ],
            [
              56347.980997624705,
              5285.035629453682
            ],
            [
              56336.104513064136,
              5285.035629453682
            ]
          ]
        ]
      }
    },
    {
      "type": "Feature",
      "properties": {
        "class_id": 6,
        "classification": "OOF",
        "area": 1322.3520517261807
      },
      "geometry": {
        "type": "Polygon",
        "coordinates": [
          [
            [
              55629.45368171021,
              5273.159144893112
            ],
            [
              55629.45368171021,
              5296.912114014252
            ],
            [
              55635.3919239905,
              5302.850356294537
            ],
            [
              55641.33016627079,
              5302.850356294537
            ],
            [
              55647.26840855107,
              5308.788598574822
            ],
            [
              55665.08313539193,
              5308.788598574822
            ],
            [
              55676.9596199525,
              5296.912114014252
            ],
            [
              55676.9596199525,
              5290.973871733967
            ],
            [
              55665.08313539193,
              5279.097387173397
            ],
            [
              55659.14489311164,
              5279.097387173397
            ],
            [
              55653.20665083136,
              5273.159144893112
            ],
            [
              55629.45368171021,
              5273.159144893112
            ]
          ]
        ]
      }
    }
  ],
  "metadata": {
    "class_mapping": {
      "1": "Normal Tissue",
      "2": "Fold",
      "3": "Darkspot & Foreign Object",
      "4": "PenMarking",
      "5": "Edge & Air Bubble",
      "6": "OOF",
      "7": "Background"
    },
    "scale_factor": 5.938242280285036
  }
}