patient_id_left,patient_id_right,left_occurrence_count,right_occurrence_count,shared_accept_set_count,similarity,shared_accept_set_ids
TCGA-B0-4712,TCGA-B0-4821,1,0,0,0.0,[]
TCGA-B0-4712,TCGA-B0-5081,1,1,1,1.0,"[""K4_repeat2_K4_C0001""]"
TCGA-B0-4712,TCGA-B0-5085,1,1,1,1.0,"[""K4_repeat2_K4_C0001""]"
TCGA-B0-4712,TCGA-B0-5088,1,1,0,0.0,[]
TCGA-B0-4712,TCGA-B0-5106,1,0,0,0.0,[]
TCGA-B0-4712,TCGA-B0-5115,1,1,1,1.0,"[""K4_repeat2_K4_C0001""]"
TCGA-B0-4712,TCGA-B0-5117,1,0,0,0.0,[]
TCGA-B0-4712,TCGA-B0-5696,1,1,1,1.0,"[""K4_repeat2_K4_C0001""]"
TCGA-B0-4712,TCGA-B0-5697,1,0,0,0.0,[]
TCGA-B0-4712,TCGA-B0-5698,1,0,0,0.0,[]
TCGA-B0-4712,TCGA-B0-5702,1,1,0,0.0,[]
TCGA-B0-4712,TCGA-B0-5703,1,1,1,1.0,"[""K4_repeat2_K4_C0001""]"
TCGA-B0-4712,TCGA-B0-5706,1,0,0,0.0,[]
TCGA-B0-4712,TCGA-B0-5709,1,1,0,0.0,[]
TCGA-B0-4712,TCGA-B0-5712,1,0,0,0.0,[]
TCGA-B0-4712,TCGA-B0-5812,1,1,1,1.0,"[""K4_repeat2_K4_C0001""]"
TCGA-B0-4712,TCGA-B8-4148,1,1,1,1.0,"[""K4_repeat2_K4_C0001""]"
TCGA-B0-4712,TCGA-B8-4151,1,0,0,0.0,[]
TCGA-B0-4712,TCGA-B8-4153,1,0,0,0.0,[]
TCGA-B0-4712,TCGA-B8-4619,1,0,0,0.0,[]
TCGA-B0-4712,TCGA-B8-4622,1,1,1,1.0,"[""K4_repeat2_K4_C0001""]"
TCGA-B0-4712,TCGA-B8-5158,1,0,0,0.0,[]
TCGA-B0-4712,TCGA-B8-5159,1,1,0,0.0,[]
TCGA-B0-4712,TCGA-B8-5162,1,1,0,0.0,[]
TCGA-B0-4712,TCGA-B8-5164,1,0,0,0.0,[]
TCGA-B0-4712,TCGA-B8-5165,1,1,0,0.0,[]
TCGA-B0-4712,TCGA-B8-5546,1,0,0,0.0,[]
TCGA-B0-4712,TCGA-B8-5549,1,1,0,0.0,[]
TCGA-B0-4712,TCGA-B8-5550,1,0,0,0.0,[]
TCGA-B0-4712,TCGA-B8-5551,1,1,0,0.0,[]
TCGA-B0-4712,TCGA-B8-5553,1,0,0,0.0,[]
TCGA-B0-4712,TCGA-B8-A54D,1,0,0,0.0,[]
TCGA-B0-4712,TCGA-B8-A54E,1,0,0,0.0,[]
TCGA-B0-4712,TCGA-B8-A54F,1,0,0,0.0,[]
TCGA-B0-4712,TCGA-B8-A54G,1,0,0,0.0,[]
TCGA-B0-4712,TCGA-BP-4164,1,1,1,1.0,"[""K4_repeat2_K4_C0001""]"
TCGA-B0-4712,TCGA-BP-4167,1,1,0,0.0,[]
TCGA-B0-4712,TCGA-BP-4770,1,0,0,0.0,[]
TCGA-B0-4712,TCGA-BP-4782,1,0,0,0.0,[]
TCGA-B0-4712,TCGA-BP-4960,1,1,1,1.0,"[""K4_repeat2_K4_C0001""]"
TCGA-B0-4712,TCGA-BP-4962,1,1,0,0.0,[]
TCGA-B0-4712,TCGA-BP-4965,1,1,1,1.0,"[""K4_repeat2_K4_C0001""]"
TCGA-B0-4712,TCGA-BP-4967,1,1,0,0.0,[]
TCGA-B0-4712,TCGA-BP-4970,1,1,0,0.0,[]
TCGA-B0-4712,TCGA-BP-4971,1,1,0,0.0,[]
TCGA-B0-4712,TCGA-BP-4972,1,0,0,0.0,[]
TCGA-B0-4712,TCGA-BP-4976,1,1,1,1.0,"[""K4_repeat2_K4_C0001""]"
TCGA-B0-4712,TCGA-BP-4977,1,1,0,0.0,[]
TCGA-B0-4712,TCGA-BP-4982,1,1,1,1.0,"[""K4_repeat2_K4_C0001""]"
TCGA-B0-4712,TCGA-BP-4986,1,1,0,0.0,[]
TCGA-B0-4712,TCGA-BP-4988,1,1,1,1.0,"[""K4_repeat2_K4_C0001""]"
TCGA-B0-4712,TCGA-BP-4989,1,1,1,1.0,"[""K4_repeat2_K4_C0001""]"
TCGA-B0-4712,TCGA-BP-4992,1,1,0,0.0,[]
TCGA-B0-4712,TCGA-BP-4994,1,0,0,0.0,[]
TCGA-B0-4712,TCGA-BP-4995,1,1,1,1.0,"[""K4_repeat2_K4_C0001""]"
TCGA-B0-4712,TCGA-BP-4999,1,1,1,1.0,"[""K4_repeat2_K4_C0001""]"
TCGA-B0-4712,TCGA-BP-5000,1,0,0,0.0,[]
TCGA-B0-4712,TCGA-BP-5001,1,1,1,1.0,"[""K4_repeat2_K4_C0001""]"
TCGA-B0-4712,TCGA-BP-5004,1,1,1,1.0,"[""K4_repeat2_K4_C0001""]"
TCGA-B0-4712,TCGA-BP-5006,1,1,1,1.0,"[""K4_repeat2_K4_C0001""]"
TCGA-B0-4712,TCGA-BP-5007,1,1,1,1.0,"[""K4_repeat2_K4_C0001""]"
TCGA-B0-4712,TCGA-BP-5009,1,1,1,1.0,"[""K4_repeat2_K4_C0001""]"
TCGA-B0-4712,TCGA-BP-5010,1,1,0,0.0,[]
TCGA-B0-4712,TCGA-BP-5174,1,1,0,0.0,[]
TCGA-B0-4712,TCGA-BP-5175,1,1,0,0.0,[]
TCGA-B0-4712,TCGA-BP-5180,1,1,1,1.0,"[""K4_repeat2_K4_C0001""]"
TCGA-B0-4712,TCGA-BP-5181,1,1,1,1.0,"[""K4_repeat2_K4_C0001""]"
TCGA-B0-4712,TCGA-BP-5183,1,1,1,1.0,"[""K4_repeat2_K4_C0001""]"
TCGA-B0-4712,TCGA-BP-5184,1,1,1,1.0,"[""K4_repeat2_K4_C0001""]"
TCGA-B0-4712,TCGA-BP-5186,1,1,1,1.0,"[""K4_repeat2_K4_C0001""]"
TCGA-B0-4712,TCGA-BP-5187,1,1,1,1.0,"[""K4_repeat2_K4_C0001""]"
TCGA-B0-4712,TCGA-BP-5189,1,1,1,1.0,"[""K4_repeat2_K4_C0001""]"
TCGA-B0-4712,TCGA-BP-5190,1,0,0,0.0,[]
TCGA-B0-4712,TCGA-BP-5191,1,0,0,0.0,[]
TCGA-B0-4712,TCGA-BP-5192,1,1,0,0.0,[]
TCGA-B0-4712,TCGA-BP-5194,1,1,1,1.0,"[""K4_repeat2_K4_C0001""]"
TCGA-B0-4712,TCGA-BP-5195,1,1,1,1.0,"[""K4_repeat2_K4_C0001""]"
TCGA-B0-4712,TCGA-BP-5196,1,1,0,0.0,[]
TCGA-B0-4712,TCGA-BP-5199,1,1,0,0.0,[]
TCGA-B0-4712,TCGA-BP-5200,1,1,1,1.0,"[""K4_repeat2_K4_C0001""]"
TCGA-B0-4712,TCGA-CJ-4637,1,1,0,0.0,[]
TCGA-B0-4712,TCGA-CJ-4641,1,1,0,0.0,[]
TCGA-B0-4712,TCGA-CJ-4900,1,1,0,0.0,[]
TCGA-B0-4712,TCGA-CJ-4902,1,1,0,0.0,[]
TCGA-B0-4712,TCGA-CJ-4903,1,1,1,1.0,"[""K4_repeat2_K4_C0001""]"
TCGA-B0-4712,TCGA-CJ-4904,1,1,1,1.0,"[""K4_repeat2_K4_C0001""]"
TCGA-B0-4712,TCGA-CJ-4923,1,1,0,0.0,[]
TCGA-B0-4712,TCGA-CJ-6027,1,1,0,0.0,[]
TCGA-B0-4712,TCGA-CJ-6028,1,1,0,0.0,[]
TCGA-B0-4712,TCGA-CJ-6030,1,1,0,0.0,[]
TCGA-B0-4712,TCGA-CJ-6033,1,1,1,1.0,"[""K4_repeat2_K4_C0001""]"
TCGA-B0-4712,TCGA-CZ-4859,1,1,1,1.0,"[""K4_repeat2_K4_C0001""]"
TCGA-B0-4712,TCGA-CZ-4863,1,0,0,0.0,[]
TCGA-B0-4712,TCGA-CZ-4865,1,0,0,0.0,[]
TCGA-B0-4712,TCGA-CZ-5451,1,1,1,1.0,"[""K4_repeat2_K4_C0001""]"
TCGA-B0-4712,TCGA-CZ-5462,1,0,0,0.0,[]
TCGA-B0-4712,TCGA-CZ-5468,1,0,0,0.0,[]
TCGA-B0-4712,TCGA-CZ-5984,1,1,0,0.0,[]
TCGA-B0-4712,TCGA-CZ-5985,1,1,0,0.0,[]
TCGA-B0-4712,TCGA-CZ-5988,1,0,0,0.0,[]
TCGA-B0-4712,TCGA-G6-A5PC,1,1,0,0.0,[]
TCGA-B0-4712,TCGA-G6-A8L7,1,1,1,1.0,"[""K4_repeat2_K4_C0001""]"
TCGA-B0-4821,TCGA-B0-5081,0,1,0,0.0,[]
TCGA-B0-4821,TCGA-B0-5085,0,1,0,0.0,[]
TCGA-B0-4821,TCGA-B0-5088,0,1,0,0.0,[]
TCGA-B0-4821,TCGA-B0-5106,0,0,0,0.0,[]
TCGA-B0-4821,TCGA-B0-5115,0,1,0,0.0,[]
TCGA-B0-4821,TCGA-B0-5117,0,0,0,0.0,[]
TCGA-B0-4821,TCGA-B0-5696,0,1,0,0.0,[]
TCGA-B0-4821,TCGA-B0-5697,0,0,0,0.0,[]
TCGA-B0-4821,TCGA-B0-5698,0,0,0,0.0,[]
TCGA-B0-4821,TCGA-B0-5702,0,1,0,0.0,[]
TCGA-B0-4821,TCGA-B0-5703,0,1,0,0.0,[]
TCGA-B0-4821,TCGA-B0-5706,0,0,0,0.0,[]
TCGA-B0-4821,TCGA-B0-5709,0,1,0,0.0,[]
TCGA-B0-4821,TCGA-B0-5712,0,0,0,0.0,[]
TCGA-B0-4821,TCGA-B0-5812,0,1,0,0.0,[]
TCGA-B0-4821,TCGA-B8-4148,0,1,0,0.0,[]
TCGA-B0-4821,TCGA-B8-4151,0,0,0,0.0,[]
TCGA-B0-4821,TCGA-B8-4153,0,0,0,0.0,[]
TCGA-B0-4821,TCGA-B8-4619,0,0,0,0.0,[]
TCGA-B0-4821,TCGA-B8-4622,0,1,0,0.0,[]
TCGA-B0-4821,TCGA-B8-5158,0,0,0,0.0,[]
TCGA-B0-4821,TCGA-B8-5159,0,1,0,0.0,[]
TCGA-B0-4821,TCGA-B8-5162,0,1,0,0.0,[]
TCGA-B0-4821,TCGA-B8-5164,0,0,0,0.0,[]
TCGA-B0-4821,TCGA-B8-5165,0,1,0,0.0,[]
TCGA-B0-4821,TCGA-B8-5546,0,0,0,0.0,[]
TCGA-B0-4821,TCGA-B8-5549,0,1,0,0.0,[]
TCGA-B0-4821,TCGA-B8-5550,0,0,0,0.0,[]
TCGA-B0-4821,TCGA-B8-5551,0,1,0,0.0,[]
TCGA-B0-4821,TCGA-B8-5553,0,0,0,0.0,[]
TCGA-B0-4821,TCGA-B8-A54D,0,0,0,0.0,[]
TCGA-B0-4821,TCGA-B8-A54E,0,0,0,0.0,[]
TCGA-B0-4821,TCGA-B8-A54F,0,0,0,0.0,[]
TCGA-B0-4821,TCGA-B8-A54G,0,0,0,0.0,[]
TCGA-B0-4821,TCGA-BP-4164,0,1,0,0.0,[]
TCGA-B0-4821,TCGA-BP-4167,0,1,0,0.0,[]
TCGA-B0-4821,TCGA-BP-4770,0,0,0,0.0,[]
TCGA-B0-4821,TCGA-BP-4782,0,0,0,0.0,[]
TCGA-B0-4821,TCGA-BP-4960,0,1,0,0.0,[]
TCGA-B0-4821,TCGA-BP-4962,0,1,0,0.0,[]
TCGA-B0-4821,TCGA-BP-4965,0,1,0,0.0,[]
TCGA-B0-4821,TCGA-BP-4967,0,1,0,0.0,[]
TCGA-B0-4821,TCGA-BP-4970,0,1,0,0.0,[]
TCGA-B0-4821,TCGA-BP-4971,0,1,0,0.0,[]
TCGA-B0-4821,TCGA-BP-4972,0,0,0,0.0,[]
TCGA-B0-4821,TCGA-BP-4976,0,1,0,0.0,[]
TCGA-B0-4821,TCGA-BP-4977,0,1,0,0.0,[]
TCGA-B0-4821,TCGA-BP-4982,0,1,0,0.0,[]
TCGA-B0-4821,TCGA-BP-4986,0,1,0,0.0,[]
TCGA-B0-4821,TCGA-BP-4988,0,1,0,0.0,[]
TCGA-B0-4821,TCGA-BP-4989,0,1,0,0.0,[]
TCGA-B0-4821,TCGA-BP-4992,0,1,0,0.0,[]
TCGA-B0-4821,TCGA-BP-4994,0,0,0,0.0,[]
TCGA-B0-4821,TCGA-BP-4995,0,1,0,0.0,[]
TCGA-B0-4821,TCGA-BP-4999,0,1,0,0.0,[]
TCGA-B0-4821,TCGA-BP-5000,0,0,0,0.0,[]
TCGA-B0-4821,TCGA-BP-5001,0,1,0,0.0,[]
TCGA-B0-4821,TCGA-BP-5004,0,1,0,0.0,[]
TCGA-B0-4821,TCGA-BP-5006,0,1,0,0.0,[]
TCGA-B0-4821,TCGA-BP-5007,0,1,0,0.0,[]
TCGA-B0-4821,TCGA-BP-5009,0,1,0,0.0,[]
TCGA-B0-4821,TCGA-BP-5010,0,1,0,0.0,[]
TCGA-B0-4821,TCGA-BP-5174,0,1,0,0.0,[]
TCGA-B0-4821,TCGA-BP-5175,0,1,0,0.0,[]
TCGA-B0-4821,TCGA-BP-5180,0,1,0,0.0,[]
TCGA-B0-4821,TCGA-BP-5181,0,1,0,0.0,[]
TCGA-B0-4821,TCGA-BP-5183,0,1,0,0.0,[]
TCGA-B0-4821,TCGA-BP-5184,0,1,0,0.0,[]
TCGA-B0-4821,TCGA-BP-5186,0,1,0,0.0,[]
TCGA-B0-4821,TCGA-BP-5187,0,1,0,0.0,[]
TCGA-B0-4821,TCGA-BP-5189,0,1,0,0.0,[]
TCGA-B0-4821,TCGA-BP-5190,0,0,0,0.0,[]
TCGA-B0-4821,TCGA-BP-5191,0,0,0,0.0,[]
TCGA-B0-4821,TCGA-BP-5192,0,1,0,0.0,[]
TCGA-B0-4821,TCGA-BP-5194,0,1,0,0.0,[]
TCGA-B0-4821,TCGA-BP-5195,0,1,0,0.0,[]
TCGA-B0-4821,TCGA-BP-5196,0,1,0,0.0,[]
TCGA-B0-4821,TCGA-BP-5199,0,1,0,0.0,[]
TCGA-B0-4821,TCGA-BP-5200,0,1,0,0.0,[]
TCGA-B0-4821,TCGA-CJ-4637,0,1,0,0.0,[]
TCGA-B0-4821,TCGA-CJ-4641,0,1,0,0.0,[]
TCGA-B0-4821,TCGA-CJ-4900,0,1,0,0.0,[]
TCGA-B0-4821,TCGA-CJ-4902,0,1,0,0.0,[]
TCGA-B0-4821,TCGA-CJ-4903,0,1,0,0.0,[]
TCGA-B0-4821,TCGA-CJ-4904,0,1,0,0.0,[]
TCGA-B0-4821,TCGA-CJ-4923,0,1,0,0.0,[]
TCGA-B0-4821,TCGA-CJ-6027,0,1,0,0.0,[]
TCGA-B0-4821,TCGA-CJ-6028,0,1,0,0.0,[]
TCGA-B0-4821,TCGA-CJ-6030,0,1,0,0.0,[]
TCGA-B0-4821,TCGA-CJ-6033,0,1,0,0.0,[]
TCGA-B0-4821,TCGA-CZ-4859,0,1,0,0.0,[]
TCGA-B0-4821,TCGA-CZ-4863,0,0,0,0.0,[]
TCGA-B0-4821,TCGA-CZ-4865,0,0,0,0.0,[]
TCGA-B0-4821,TCGA-CZ-5451,0,1,0,0.0,[]
TCGA-B0-4821,TCGA-CZ-5462,0,0,0,0.0,[]
TCGA-B0-4821,TCGA-CZ-5468,0,0,0,0.0,[]
TCGA-B0-4821,TCGA-CZ-5984,0,1,0,0.0,[]
TCGA-B0-4821,TCGA-CZ-5985,0,1,0,0.0,[]
TCGA-B0-4821,TCGA-CZ-5988,0,0,0,0.0,[]
TCGA-B0-4821,TCGA-G6-A5PC,0,1,0,0.0,[]
TCGA-B0-4821,TCGA-G6-A8L7,0,1,0,0.0,[]
TCGA-B0-5081,TCGA-B0-5085,1,1,1,1.0,"[""K4_repeat2_K4_C0001""]"
TCGA-B0-5081,TCGA-B0-5088,1,1,0,0.0,[]
TCGA-B0-5081,TCGA-B0-5106,1,0,0,0.0,[]
TCGA-B0-5081,TCGA-B0-5115,1,1,1,1.0,"[""K4_repeat2_K4_C0001""]"
TCGA-B0-5081,TCGA-B0-5117,1,0,0,0.0,[]
TCGA-B0-5081,TCGA-B0-5696,1,1,1,1.0,"[""K4_repeat2_K4_C0001""]"
TCGA-B0-5081,TCGA-B0-5697,1,0,0,0.0,[]
TCGA-B0-5081,TCGA-B0-5698,1,0,0,0.0,[]
TCGA-B0-5081,TCGA-B0-5702,1,1,0,0.0,[]
TCGA-B0-5081,TCGA-B0-5703,1,1,1,1.0,"[""K4_repeat2_K4_C0001""]"
TCGA-B0-5081,TCGA-B0-5706,1,0,0,0.0,[]
TCGA-B0-5081,TCGA-B0-5709,1,1,0,0.0,[]
TCGA-B0-5081,TCGA-B0-5712,1,0,0,0.0,[]
TCGA-B0-5081,TCGA-B0-5812,1,1,1,1.0,"[""K4_repeat2_K4_C0001""]"
TCGA-B0-5081,TCGA-B8-4148,1,1,1,1.0,"[""K4_repeat2_K4_C0001""]"
TCGA-B0-5081,TCGA-B8-4151,1,0,0,0.0,[]
TCGA-B0-5081,TCGA-B8-4153,1,0,0,0.0,[]
TCGA-B0-5081,TCGA-B8-4619,1,0,0,0.0,[]
TCGA-B0-5081,TCGA-B8-4622,1,1,1,1.0,"[""K4_repeat2_K4_C0001""]"
TCGA-B0-5081,TCGA-B8-5158,1,0,0,0.0,[]
TCGA-B0-5081,TCGA-B8-5159,1,1,0,0.0,[]
TCGA-B0-5081,TCGA-B8-5162,1,1,0,0.0,[]
TCGA-B0-5081,TCGA-B8-5164,1,0,0,0.0,[]
TCGA-B0-5081,TCGA-B8-5165,1,1,0,0.0,[]
TCGA-B0-5081,TCGA-B8-5546,1,0,0,0.0,[]
TCGA-B0-5081,TCGA-B8-5549,1,1,0,0.0,[]
TCGA-B0-5081,TCGA-B8-5550,1,0,0,0.0,[]
TCGA-B0-5081,TCGA-B8-5551,1,1,0,0.0,[]
TCGA-B0-5081,TCGA-B8-5553,1,0,0,0.0,[]
TCGA-B0-5081,TCGA-B8-A54D,1,0,0,0.0,[]
TCGA-B0-5081,TCGA-B8-A54E,1,0,0,0.0,[]
TCGA-B0-5081,TCGA-B8-A54F,1,0,0,0.0,[]
TCGA-B0-5081,TCGA-B8-A54G,1,0,0,0.0,[]
TCGA-B0-5081,TCGA-BP-4164,1,1,1,1.0,"[""K4_repeat2_K4_C0001""]"
TCGA-B0-5081,TCGA-BP-4167,1,1,0,0.0,[]
TCGA-B0-5081,TCGA-BP-4770,1,0,0,0.0,[]
TCGA-B0-5081,TCGA-BP-4782,1,0,0,0.0,[]
TCGA-B0-5081,TCGA-BP-4960,1,1,1,1.0,"[""K4_repeat2_K4_C0001""]"
TCGA-B0-5081,TCGA-BP-4962,1,1,0,0.0,[]
TCGA-B0-5081,TCGA-BP-4965,1,1,1,1.0,"[""K4_repeat2_K4_C0001""]"
TCGA-B0-5081,TCGA-BP-4967,1,1,0,0.0,[]
TCGA-B0-5081,TCGA-BP-4970,1,1,0,0.0,[]
TCGA-B0-5081,TCGA-BP-4971,1,1,0,0.0,[]
TCGA-B0-5081,TCGA-BP-4972,1,0,0,0.0,[]
TCGA-B0-5081,TCGA-BP-4976,1,1,1,1.0,"[""K4_repeat2_K4_C0001""]"
TCGA-B0-5081,TCGA-BP-4977,1,1,0,0.0,[]
TCGA-B0-5081,TCGA-BP-4982,1,1,1,1.0,"[""K4_repeat2_K4_C0001""]"
TCGA-B0-5081,TCGA-BP-4986,1,1,0,0.0,[]
TCGA-B0-5081,TCGA-BP-4988,1,1,1,1.0,"[""K4_repeat2_K4_C0001""]"
TCGA-B0-5081,TCGA-BP-4989,1,1,1,1.0,"[""K4_repeat2_K4_C0001""]"
TCGA-B0-5081,TCGA-BP-4992,1,1,0,0.0,[]
TCGA-B0-5081,TCGA-BP-4994,1,0,0,0.0,[]
TCGA-B0-5081,TCGA-BP-4995,1,1,1,1.0,"[""K4_repeat2_K4_C0001""]"
TCGA-B0-5081,TCGA-BP-4999,1,1,1,1.0,"[""K4_repeat2_K4_C0001""]"
TCGA-B0-5081,TCGA-BP-5000,1,0,0,0.0,[]
TCGA-B0-5081,TCGA-BP-5001,1,1,1,1.0,"[""K4_repeat2_K4_C0001""]"
TCGA-B0-5081,TCGA-BP-5004,1,1,1,1.0,"[""K4_repeat2_K4_C0001""]"
TCGA-B0-5081,TCGA-BP-5006,1,1,1,1.0,"[""K4_repeat2_K4_C0001""]"
TCGA-B0-5081,TCGA-BP-5007,1,1,1,1.0,"[""K4_repeat2_K4_C0001""]"
TCGA-B0-5081,TCGA-BP-5009,1,1,1,1.0,"[""K4_repeat2_K4_C0001""]"
TCGA-B0-5081,TCGA-BP-5010,1,1,0,0.0,[]
TCGA-B0-5081,TCGA-BP-5174,1,1,0,0.0,[]
TCGA-B0-5081,TCGA-BP-5175,1,1,0,0.0,[]
TCGA-B0-5081,TCGA-BP-5180,1,1,1,1.0,"[""K4_repeat2_K4_C0001""]"
TCGA-B0-5081,TCGA-BP-5181,1,1,1,1.0,"[""K4_repeat2_K4_C0001""]"
TCGA-B0-5081,TCGA-BP-5183,1,1,1,1.0,"[""K4_repeat2_K4_C0001""]"
TCGA-B0-5081,TCGA-BP-5184,1,1,1,1.0,"[""K4_repeat2_K4_C0001""]"
TCGA-B0-5081,TCGA-BP-5186,1,1,1,1.0,"[""K4_repeat2_K4_C0001""]"
TCGA-B0-5081,TCGA-BP-5187,1,1,1,1.0,"[""K4_repeat2_K4_C0001""]"
TCGA-B0-5081,TCGA-BP-5189,1,1,1,1.0,"[""K4_repeat2_K4_C0001""]"
TCGA-B0-5081,TCGA-BP-5190,1,0,0,0.0,[]
TCGA-B0-5081,TCGA-BP-5191,1,0,0,0.0,[]
TCGA-B0-5081,TCGA-BP-5192,1,1,0,0.0,[]
TCGA-B0-5081,TCGA-BP-5194,1,1,1,1.0,"[""K4_repeat2_K4_C0001""]"
TCGA-B0-5081,TCGA-BP-5195,1,1,1,1.0,"[""K4_repeat2_K4_C0001""]"
TCGA-B0-5081,TCGA-BP-5196,1,1,0,0.0,[]
TCGA-B0-5081,TCGA-BP-5199,1,1,0,0.0,[]
TCGA-B0-5081,TCGA-BP-5200,1,1,1,1.0,"[""K4_repeat2_K4_C0001""]"
TCGA-B0-5081,TCGA-CJ-4637,1,1,0,0.0,[]
TCGA-B0-5081,TCGA-CJ-4641,1,1,0,0.0,[]
TCGA-B0-5081,TCGA-CJ-4900,1,1,0,0.0,[]
TCGA-B0-5081,TCGA-CJ-4902,1,1,0,0.0,[]
TCGA-B0-5081,TCGA-CJ-4903,1,1,1,1.0,"[""K4_repeat2_K4_C0001""]"
TCGA-B0-5081,TCGA-CJ-4904,1,1,1,1.0,"[""K4_repeat2_K4_C0001""]"
TCGA-B0-5081,TCGA-CJ-4923,1,1,0,0.0,[]
TCGA-B0-5081,TCGA-CJ-6027,1,1,0,0.0,[]
TCGA-B0-5081,TCGA-CJ-6028,1,1,0,0.0,[]
TCGA-B0-5081,TCGA-CJ-6030,1,1,0,0.0,[]
TCGA-B0-5081,TCGA-CJ-6033,1,1,1,1.0,"[""K4_repeat2_K4_C0001""]"
TCGA-B0-5081,TCGA-CZ-4859,1,1,1,1.0,"[""K4_repeat2_K4_C0001""]"
TCGA-B0-5081,TCGA-CZ-4863,1,0,0,0.0,[]
TCGA-B0-5081,TCGA-CZ-4865,1,0,0,0.0,[]
TCGA-B0-5081,TCGA-CZ-5451,1,1,1,1.0,"[""K4_repeat2_K4_C0001""]"
TCGA-B0-5081,TCGA-CZ-5462,1,0,0,0.0,[]
TCGA-B0-5081,TCGA-CZ-5468,1,0,0,0.0,[]
TCGA-B0-5081,TCGA-CZ-5984,1,1,0,0.0,[]
TCGA-B0-5081,TCGA-CZ-5985,1,1,0,0.0,[]
TCGA-B0-5081,TCGA-CZ-5988,1,0,0,0.0,[]
TCGA-B0-5081,TCGA-G6-A5PC,1,1,0,0.0,[]
TCGA-B0-5081,TCGA-G6-A8L7,1,1,1,1.0,"[""K4_repeat2_K4_C0001""]"
TCGA-B0-5085,TCGA-B0-5088,1,1,0,0.0,[]
TCGA-B0-5085,TCGA-B0-5106,1,0,0,0.0,[]
TCGA-B0-5085,TCGA-B0-5115,1,1,1,1.0,"[""K4_repeat2_K4_C0001""]"
TCGA-B0-5085,TCGA-B0-5117,1,0,0,0.0,[]
TCGA-B0-5085,TCGA-B0-5696,1,1,1,1.0,"[""K4_repeat2_K4_C0001""]"
TCGA-B0-5085,TCGA-B0-5697,1,0,0,0.0,[]
TCGA-B0-5085,TCGA-B0-5698,1,0,0,0.0,[]
TCGA-B0-5085,TCGA-B0-5702,1,1,0,0.0,[]
TCGA-B0-5085,TCGA-B0-5703,1,1,1,1.0,"[""K4_repeat2_K4_C0001""]"
TCGA-B0-5085,TCGA-B0-5706,1,0,0,0.0,[]
TCGA-B0-5085,TCGA-B0-5709,1,1,0,0.0,[]
TCGA-B0-5085,TCGA-B0-5712,1,0,0,0.0,[]
TCGA-B0-5085,TCGA-B0-5812,1,1,1,1.0,"[""K4_repeat2_K4_C0001""]"
TCGA-B0-5085,TCGA-B8-4148,1,1,1,1.0,"[""K4_repeat2_K4_C0001""]"
TCGA-B0-5085,TCGA-B8-4151,1,0,0,0.0,[]
TCGA-B0-5085,TCGA-B8-4153,1,0,0,0.0,[]
TCGA-B0-5085,TCGA-B8-4619,1,0,0,0.0,[]
TCGA-B0-5085,TCGA-B8-4622,1,1,1,1.0,"[""K4_repeat2_K4_C0001""]"
TCGA-B0-5085,TCGA-B8-5158,1,0,0,0.0,[]
TCGA-B0-5085,TCGA-B8-5159,1,1,0,0.0,[]
TCGA-B0-5085,TCGA-B8-5162,1,1,0,0.0,[]
TCGA-B0-5085,TCGA-B8-5164,1,0,0,0.0,[]
TCGA-B0-5085,TCGA-B8-5165,1,1,0,0.0,[]
TCGA-B0-5085,TCGA-B8-5546,1,0,0,0.0,[]
TCGA-B0-5085,TCGA-B8-5549,1,1,0,0.0,[]
TCGA-B0-5085,TCGA-B8-5550,1,0,0,0.0,[]
TCGA-B0-5085,TCGA-B8-5551,1,1,0,0.0,[]
TCGA-B0-5085,TCGA-B8-5553,1,0,0,0.0,[]
TCGA-B0-5085,TCGA-B8-A54D,1,0,0,0.0,[]
TCGA-B0-5085,TCGA-B8-A54E,1,0,0,0.0,[]
TCGA-B0-5085,TCGA-B8-A54F,1,0,0,0.0,[]
TCGA-B0-5085,TCGA-B8-A54G,1,0,0,0.0,[]
TCGA-B0-5085,TCGA-BP-4164,1,1,1,1.0,"[""K4_repeat2_K4_C0001""]"
TCGA-B0-5085,TCGA-BP-4167,1,1,0,0.0,[]
TCGA-B0-5085,TCGA-BP-4770,1,0,0,0.0,[]
TCGA-B0-5085,TCGA-BP-4782,1,0,0,0.0,[]
TCGA-B0-5085,TCGA-BP-4960,1,1,1,1.0,"[""K4_repeat2_K4_C0001""]"
TCGA-B0-5085,TCGA-BP-4962,1,1,0,0.0,[]
TCGA-B0-5085,TCGA-BP-4965,1,1,1,1.0,"[""K4_repeat2_K4_C0001""]"
TCGA-B0-5085,TCGA-BP-4967,1,1,0,0.0,[]
TCGA-B0-5085,TCGA-BP-4970,1,1,0,0.0,[]
TCGA-B0-5085,TCGA-BP-4971,1,1,0,0.0,[]
TCGA-B0-5085,TCGA-BP-4972,1,0,0,0.0,[]
TCGA-B0-5085,TCGA-BP-4976,1,1,1,1.0,"[""K4_repeat2_K4_C0001""]"
TCGA-B0-5085,TCGA-BP-4977,1,1,0,0.0,[]
TCGA-B0-5085,TCGA-BP-4982,1,1,1,1.0,"[""K4_repeat2_K4_C0001""]"
TCGA-B0-5085,TCGA-BP-4986,1,1,0,0.0,[]
TCGA-B0-5085,TCGA-BP-4988,1,1,1,1.0,"[""K4_repeat2_K4_C0001""]"
TCGA-B0-5085,TCGA-BP-4989,1,1,1,1.0,"[""K4_repeat2_K4_C0001""]"
TCGA-B0-5085,TCGA-BP-4992,1,1,0,0.0,[]
TCGA-B0-5085,TCGA-BP-4994,1,0,0,0.0,[]
TCGA-B0-5085,TCGA-BP-4995,1,1,1,1.0,"[""K4_repeat2_K4_C0001""]"
TCGA-B0-5085,TCGA-BP-4999,1,1,1,1.0,"[""K4_repeat2_K4_C0001""]"
TCGA-B0-5085,TCGA-BP-5000,1,0,0,0.0,[]
TCGA-B0-5085,TCGA-BP-5001,1,1,1,1.0,"[""K4_repeat2_K4_C0001""]"
TCGA-B0-5085,TCGA-BP-5004,1,1,1,1.0,"[""K4_repeat2_K4_C0001""]"
TCGA-B0-5085,TCGA-BP-5006,1,1,1,1.0,"[""K4_repeat2_K4_C0001""]"
TCGA-B0-5085,TCGA-BP-5007,1,1,1,1.0,"[""K4_repeat2_K4_C0001""]"
TCGA-B0-5085,TCGA-BP-5009,1,1,1,1.0,"[""K4_repeat2_K4_C0001""]"
TCGA-B0-5085,TCGA-BP-5010,1,1,0,0.0,[]
TCGA-B0-5085,TCGA-BP-5174,1,1,0,0.0,[]
TCGA-B0-5085,TCGA-BP-5175,1,1,0,0.0,[]
TCGA-B0-5085,TCGA-BP-5180,1,1,1,1.0,"[""K4_repeat2_K4_C0001""]"
TCGA-B0-5085,TCGA-BP-5181,1,1,1,1.0,"[""K4_repeat2_K4_C0001""]"
TCGA-B0-5085,TCGA-BP-5183,1,1,1,1.0,"[""K4_repeat2_K4_C0001""]"
TCGA-B0-5085,TCGA-BP-5184,1,1,1,1.0,"[""K4_repeat2_K4_C0001""]"
TCGA-B0-5085,TCGA-BP-5186,1,1,1,1.0,"[""K4_repeat2_K4_C0001""]"
TCGA-B0-5085,TCGA-BP-5187,1,1,1,1.0,"[""K4_repeat2_K4_C0001""]"
TCGA-B0-5085,TCGA-BP-5189,1,1,1,1.0,"[""K4_repeat2_K4_C0001""]"
TCGA-B0-5085,TCGA-BP-5190,1,0,0,0.0,[]
TCGA-B0-5085,TCGA-BP-5191,1,0,0,0.0,[]
TCGA-B0-5085,TCGA-BP-5192,1,1,0,0.0,[]
TCGA-B0-5085,TCGA-BP-5194,1,1,1,1.0,"[""K4_repeat2_K4_C0001""]"
TCGA-B0-5085,TCGA-BP-5195,1,1,1,1.0,"[""K4_repeat2_K4_C0001""]"
TCGA-B0-5085,TCGA-BP-5196,1,1,0,0.0,[]
TCGA-B0-5085,TCGA-BP-5199,1,1,0,0.0,[]
TCGA-B0-5085,TCGA-BP-5200,1,1,1,1.0,"[""K4_repeat2_K4_C0001""]"
TCGA-B0-5085,TCGA-CJ-4637,1,1,0,0.0,[]
TCGA-B0-5085,TCGA-CJ-4641,1,1,0,0.0,[]
TCGA-B0-5085,TCGA-CJ-4900,1,1,0,0.0,[]
TCGA-B0-5085,TCGA-CJ-4902,1,1,0,0.0,[]
TCGA-B0-5085,TCGA-CJ-4903,1,1,1,1.0,"[""K4_repeat2_K4_C0001""]"
TCGA-B0-5085,TCGA-CJ-4904,1,1,1,1.0,"[""K4_repeat2_K4_C0001""]"
TCGA-B0-5085,TCGA-CJ-4923,1,1,0,0.0,[]
TCGA-B0-5085,TCGA-CJ-6027,1,1,0,0.0,[]
TCGA-B0-5085,TCGA-CJ-6028,1,1,0,0.0,[]
TCGA-B0-5085,TCGA-CJ-6030,1,1,0,0.0,[]
TCGA-B0-5085,TCGA-CJ-6033,1,1,1,1.0,"[""K4_repeat2_K4_C0001""]"
TCGA-B0-5085,TCGA-CZ-4859,1,1,1,1.0,"[""K4_repeat2_K4_C0001""]"
TCGA-B0-5085,TCGA-CZ-4863,1,0,0,0.0,[]
TCGA-B0-5085,TCGA-CZ-4865,1,0,0,0.0,[]
TCGA-B0-5085,TCGA-CZ-5451,1,1,1,1.0,"[""K4_repeat2_K4_C0001""]"
TCGA-B0-5085,TCGA-CZ-5462,1,0,0,0.0,[]
TCGA-B0-5085,TCGA-CZ-5468,1,0,0,0.0,[]
TCGA-B0-5085,TCGA-CZ-5984,1,1,0,0.0,[]
TCGA-B0-5085,TCGA-CZ-5985,1,1,0,0.0,[]
TCGA-B0-5085,TCGA-CZ-5988,1,0,0,0.0,[]
TCGA-B0-5085,TCGA-G6-A5PC,1,1,0,0.0,[]
TCGA-B0-5085,TCGA-G6-A8L7,1,1,1,1.0,"[""K4_repeat2_K4_C0001""]"
TCGA-B0-5088,TCGA-B0-5106,1,0,0,0.0,[]
TCGA-B0-5088,TCGA-B0-5115,1,1,0,0.0,[]
TCGA-B0-5088,TCGA-B0-5117,1,0,0,0.0,[]
TCGA-B0-5088,TCGA-B0-5696,1,1,0,0.0,[]
TCGA-B0-5088,TCGA-B0-5697,1,0,0,0.0,[]
TCGA-B0-5088,TCGA-B0-5698,1,0,0,0.0,[]
TCGA-B0-5088,TCGA-B0-5702,1,1,1,1.0,"[""K4_repeat2_K4_C0003""]"
TCGA-B0-5088,TCGA-B0-5703,1,1,0,0.0,[]
TCGA-B0-5088,TCGA-B0-5706,1,0,0,0.0,[]
TCGA-B0-5088,TCGA-B0-5709,1,1,1,1.0,"[""K4_repeat2_K4_C0003""]"
TCGA-B0-5088,TCGA-B0-5712,1,0,0,0.0,[]
TCGA-B0-5088,TCGA-B0-5812,1,1,0,0.0,[]
TCGA-B0-5088,TCGA-B8-4148,1,1,0,0.0,[]
TCGA-B0-5088,TCGA-B8-4151,1,0,0,0.0,[]
TCGA-B0-5088,TCGA-B8-4153,1,0,0,0.0,[]
TCGA-B0-5088,TCGA-B8-4619,1,0,0,0.0,[]
TCGA-B0-5088,TCGA-B8-4622,1,1,0,0.0,[]
TCGA-B0-5088,TCGA-B8-5158,1,0,0,0.0,[]
TCGA-B0-5088,TCGA-B8-5159,1,1,0,0.0,[]
TCGA-B0-5088,TCGA-B8-5162,1,1,0,0.0,[]
TCGA-B0-5088,TCGA-B8-5164,1,0,0,0.0,[]
TCGA-B0-5088,TCGA-B8-5165,1,1,0,0.0,[]
TCGA-B0-5088,TCGA-B8-5546,1,0,0,0.0,[]
TCGA-B0-5088,TCGA-B8-5549,1,1,0,0.0,[]
TCGA-B0-5088,TCGA-B8-5550,1,0,0,0.0,[]
TCGA-B0-5088,TCGA-B8-5551,1,1,1,1.0,"[""K4_repeat2_K4_C0003""]"
TCGA-B0-5088,TCGA-B8-5553,1,0,0,0.0,[]
TCGA-B0-5088,TCGA-B8-A54D,1,0,0,0.0,[]
TCGA-B0-5088,TCGA-B8-A54E,1,0,0,0.0,[]
TCGA-B0-5088,TCGA-B8-A54F,1,0,0,0.0,[]
TCGA-B0-5088,TCGA-B8-A54G,1,0,0,0.0,[]
TCGA-B0-5088,TCGA-BP-4164,1,1,0,0.0,[]
TCGA-B0-5088,TCGA-BP-4167,1,1,1,1.0,"[""K4_repeat2_K4_C0003""]"
TCGA-B0-5088,TCGA-BP-4770,1,0,0,0.0,[]
TCGA-B0-5088,TCGA-BP-4782,1,0,0,0.0,[]
TCGA-B0-5088,TCGA-BP-4960,1,1,0,0.0,[]
TCGA-B0-5088,TCGA-BP-4962,1,1,1,1.0,"[""K4_repeat2_K4_C0003""]"
TCGA-B0-5088,TCGA-BP-4965,1,1,0,0.0,[]
TCGA-B0-5088,TCGA-BP-4967,1,1,0,0.0,[]
TCGA-B0-5088,TCGA-BP-4970,1,1,0,0.0,[]
TCGA-B0-5088,TCGA-BP-4971,1,1,1,1.0,"[""K4_repeat2_K4_C0003""]"
TCGA-B0-5088,TCGA-BP-4972,1,0,0,0.0,[]
TCGA-B0-5088,TCGA-BP-4976,1,1,0,0.0,[]
TCGA-B0-5088,TCGA-BP-4977,1,1,0,0.0,[]
TCGA-B0-5088,TCGA-BP-4982,1,1,0,0.0,[]
TCGA-B0-5088,TCGA-BP-4986,1,1,0,0.0,[]
TCGA-B0-5088,TCGA-BP-4988,1,1,0,0.0,[]
TCGA-B0-5088,TCGA-BP-4989,1,1,0,0.0,[]
TCGA-B0-5088,TCGA-BP-4992,1,1,1,1.0,"[""K4_repeat2_K4_C0003""]"
TCGA-B0-5088,TCGA-BP-4994,1,0,0,0.0,[]
TCGA-B0-5088,TCGA-BP-4995,1,1,0,0.0,[]
TCGA-B0-5088,TCGA-BP-4999,1,1,0,0.0,[]
TCGA-B0-5088,TCGA-BP-5000,1,0,0,0.0,[]
TCGA-B0-5088,TCGA-BP-5001,1,1,0,0.0,[]
TCGA-B0-5088,TCGA-BP-5004,1,1,0,0.0,[]
TCGA-B0-5088,TCGA-BP-5006,1,1,0,0.0,[]
TCGA-B0-5088,TCGA-BP-5007,1,1,0,0.0,[]
TCGA-B0-5088,TCGA-BP-5009,1,1,0,0.0,[]
TCGA-B0-5088,TCGA-BP-5010,1,1,1,1.0,"[""K4_repeat2_K4_C0003""]"
TCGA-B0-5088,TCGA-BP-5174,1,1,0,0.0,[]
TCGA-B0-5088,TCGA-BP-5175,1,1,1,1.0,"[""K4_repeat2_K4_C0003""]"
TCGA-B0-5088,TCGA-BP-5180,1,1,0,0.0,[]
TCGA-B0-5088,TCGA-BP-5181,1,1,0,0.0,[]
TCGA-B0-5088,TCGA-BP-5183,1,1,0,0.0,[]
TCGA-B0-5088,TCGA-BP-5184,1,1,0,0.0,[]
TCGA-B0-5088,TCGA-BP-5186,1,1,0,0.0,[]
TCGA-B0-5088,TCGA-BP-5187,1,1,0,0.0,[]
TCGA-B0-5088,TCGA-BP-5189,1,1,0,0.0,[]
TCGA-B0-5088,TCGA-BP-5190,1,0,0,0.0,[]
TCGA-B0-5088,TCGA-BP-5191,1,0,0,0.0,[]
TCGA-B0-5088,TCGA-BP-5192,1,1,0,0.0,[]
TCGA-B0-5088,TCGA-BP-5194,1,1,0,0.0,[]
TCGA-B0-5088,TCGA-BP-5195,1,1,0,0.0,[]
TCGA-B0-5088,TCGA-BP-5196,1,1,0,0.0,[]
TCGA-B0-5088,TCGA-BP-5199,1,1,0,0.0,[]
TCGA-B0-5088,TCGA-BP-5200,1,1,0,0.0,[]
TCGA-B0-5088,TCGA-CJ-4637,1,1,1,1.0,"[""K4_repeat2_K4_C0003""]"
TCGA-B0-5088,TCGA-CJ-4641,1,1,1,1.0,"[""K4_repeat2_K4_C0003""]"
TCGA-B0-5088,TCGA-CJ-4900,1,1,1,1.0,"[""K4_repeat2_K4_C0003""]"
TCGA-B0-5088,TCGA-CJ-4902,1,1,1,1.0,"[""K4_repeat2_K4_C0003""]"
TCGA-B0-5088,TCGA-CJ-4903,1,1,0,0.0,[]
TCGA-B0-5088,TCGA-CJ-4904,1,1,0,0.0,[]
TCGA-B0-5088,TCGA-CJ-4923,1,1,1,1.0,"[""K4_repeat2_K4_C0003""]"
TCGA-B0-5088,TCGA-CJ-6027,1,1,1,1.0,"[""K4_repeat2_K4_C0003""]"
TCGA-B0-5088,TCGA-CJ-6028,1,1,1,1.0,"[""K4_repeat2_K4_C0003""]"
TCGA-B0-5088,TCGA-CJ-6030,1,1,1,1.0,"[""K4_repeat2_K4_C0003""]"
TCGA-B0-5088,TCGA-CJ-6033,1,1,0,0.0,[]
TCGA-B0-5088,TCGA-CZ-4859,1,1,0,0.0,[]
TCGA-B0-5088,TCGA-CZ-4863,1,0,0,0.0,[]
TCGA-B0-5088,TCGA-CZ-4865,1,0,0,0.0,[]
TCGA-B0-5088,TCGA-CZ-5451,1,1,0,0.0,[]
TCGA-B0-5088,TCGA-CZ-5462,1,0,0,0.0,[]
TCGA-B0-5088,TCGA-CZ-5468,1,0,0,0.0,[]
TCGA-B0-5088,TCGA-CZ-5984,1,1,0,0.0,[]
TCGA-B0-5088,TCGA-CZ-5985,1,1,1,1.0,"[""K4_repeat2_K4_C0003""]"
TCGA-B0-5088,TCGA-CZ-5988,1,0,0,0.0,[]
TCGA-B0-5088,TCGA-G6-A5PC,1,1,1,1.0,"[""K4_repeat2_K4_C0003""]"
TCGA-B0-5088,TCGA-G6-A8L7,1,1,0,0.0,[]
TCGA-B0-5106,TCGA-B0-5115,0,1,0,0.0,[]
TCGA-B0-5106,TCGA-B0-5117,0,0,0,0.0,[]
TCGA-B0-5106,TCGA-B0-5696,0,1,0,0.0,[]
TCGA-B0-5106,TCGA-B0-5697,0,0,0,0.0,[]
TCGA-B0-5106,TCGA-B0-5698,0,0,0,0.0,[]
TCGA-B0-5106,TCGA-B0-5702,0,1,0,0.0,[]
TCGA-B0-5106,TCGA-B0-5703,0,1,0,0.0,[]
TCGA-B0-5106,TCGA-B0-5706,0,0,0,0.0,[]
TCGA-B0-5106,TCGA-B0-5709,0,1,0,0.0,[]
TCGA-B0-5106,TCGA-B0-5712,0,0,0,0.0,[]
TCGA-B0-5106,TCGA-B0-5812,0,1,0,0.0,[]
TCGA-B0-5106,TCGA-B8-4148,0,1,0,0.0,[]
TCGA-B0-5106,TCGA-B8-4151,0,0,0,0.0,[]
TCGA-B0-5106,TCGA-B8-4153,0,0,0,0.0,[]
TCGA-B0-5106,TCGA-B8-4619,0,0,0,0.0,[]
TCGA-B0-5106,TCGA-B8-4622,0,1,0,0.0,[]
TCGA-B0-5106,TCGA-B8-5158,0,0,0,0.0,[]
TCGA-B0-5106,TCGA-B8-5159,0,1,0,0.0,[]
TCGA-B0-5106,TCGA-B8-5162,0,1,0,0.0,[]
TCGA-B0-5106,TCGA-B8-5164,0,0,0,0.0,[]
TCGA-B0-5106,TCGA-B8-5165,0,1,0,0.0,[]
TCGA-B0-5106,TCGA-B8-5546,0,0,0,0.0,[]
TCGA-B0-5106,TCGA-B8-5549,0,1,0,0.0,[]
TCGA-B0-5106,TCGA-B8-5550,0,0,0,0.0,[]
TCGA-B0-5106,TCGA-B8-5551,0,1,0,0.0,[]
TCGA-B0-5106,TCGA-B8-5553,0,0,0,0.0,[]
TCGA-B0-5106,TCGA-B8-A54D,0,0,0,0.0,[]
TCGA-B0-5106,TCGA-B8-A54E,0,0,0,0.0,[]
TCGA-B0-5106,TCGA-B8-A54F,0,0,0,0.0,[]
TCGA-B0-5106,TCGA-B8-A54G,0,0,0,0.0,[]
TCGA-B0-5106,TCGA-BP-4164,0,1,0,0.0,[]
TCGA-B0-5106,TCGA-BP-4167,0,1,0,0.0,[]
TCGA-B0-5106,TCGA-BP-4770,0,0,0,0.0,[]
TCGA-B0-5106,TCGA-BP-4782,0,0,0,0.0,[]
TCGA-B0-5106,TCGA-BP-4960,0,1,0,0.0,[]
TCGA-B0-5106,TCGA-BP-4962,0,1,0,0.0,[]
TCGA-B0-5106,TCGA-BP-4965,0,1,0,0.0,[]
TCGA-B0-5106,TCGA-BP-4967,0,1,0,0.0,[]
TCGA-B0-5106,TCGA-BP-4970,0,1,0,0.0,[]
TCGA-B0-5106,TCGA-BP-4971,0,1,0,0.0,[]
TCGA-B0-5106,TCGA-BP-4972,0,0,0,0.0,[]
TCGA-B0-5106,TCGA-BP-4976,0,1,0,0.0,[]
TCGA-B0-5106,TCGA-BP-4977,0,1,0,0.0,[]
TCGA-B0-5106,TCGA-BP-4982,0,1,0,0.0,[]
TCGA-B0-5106,TCGA-BP-4986,0,1,0,0.0,[]
TCGA-B0-5106,TCGA-BP-4988,0,1,0,0.0,[]
TCGA-B0-5106,TCGA-BP-4989,0,1,0,0.0,[]
TCGA-B0-5106,TCGA-BP-4992,0,1,0,0.0,[]
TCGA-B0-5106,TCGA-BP-4994,0,0,0,0.0,[]
TCGA-B0-5106,TCGA-BP-4995,0,1,0,0.0,[]
TCGA-B0-5106,TCGA-BP-4999,0,1,0,0.0,[]
TCGA-B0-5106,TCGA-BP-5000,0,0,0,0.0,[]
TCGA-B0-5106,TCGA-BP-5001,0,1,0,0.0,[]
TCGA-B0-5106,TCGA-BP-5004,0,1,0,0.0,[]
TCGA-B0-5106,TCGA-BP-5006,0,1,0,0.0,[]
TCGA-B0-5106,TCGA-BP-5007,0,1,0,0.0,[]
TCGA-B0-5106,TCGA-BP-5009,0,1,0,0.0,[]
TCGA-B0-5106,TCGA-BP-5010,0,1,0,0.0,[]
TCGA-B0-5106,TCGA-BP-5174,0,1,0,0.0,[]
TCGA-B0-5106,TCGA-BP-5175,0,1,0,0.0,[]
TCGA-B0-5106,TCGA-BP-5180,0,1,0,0.0,[]
TCGA-B0-5106,TCGA-BP-5181,0,1,0,0.0,[]
TCGA-B0-5106,TCGA-BP-5183,0,1,0,0.0,[]
TCGA-B0-5106,TCGA-BP-5184,0,1,0,0.0,[]
TCGA-B0-5106,TCGA-BP-5186,0,1,0,0.0,[]
TCGA-B0-5106,TCGA-BP-5187,0,1,0,0.0,[]
TCGA-B0-5106,TCGA-BP-5189,0,1,0,0.0,[]
TCGA-B0-5106,TCGA-BP-5190,0,0,0,0.0,[]
TCGA-B0-5106,TCGA-BP-5191,0,0,0,0.0,[]
TCGA-B0-5106,TCGA-BP-5192,0,1,0,0.0,[]
TCGA-B0-5106,TCGA-BP-5194,0,1,0,0.0,[]
TCGA-B0-5106,TCGA-BP-5195,0,1,0,0.0,[]
TCGA-B0-5106,TCGA-BP-5196,0,1,0,0.0,[]
TCGA-B0-5106,TCGA-BP-5199,0,1,0,0.0,[]
TCGA-B0-5106,TCGA-BP-5200,0,1,0,0.0,[]
TCGA-B0-5106,TCGA-CJ-4637,0,1,0,0.0,[]
TCGA-B0-5106,TCGA-CJ-4641,0,1,0,0.0,[]
TCGA-B0-5106,TCGA-CJ-4900,0,1,0,0.0,[]
TCGA-B0-5106,TCGA-CJ-4902,0,1,0,0.0,[]
TCGA-B0-5106,TCGA-CJ-4903,0,1,0,0.0,[]
TCGA-B0-5106,TCGA-CJ-4904,0,1,0,0.0,[]
TCGA-B0-5106,TCGA-CJ-4923,0,1,0,0.0,[]
TCGA-B0-5106,TCGA-CJ-6027,0,1,0,0.0,[]
TCGA-B0-5106,TCGA-CJ-6028,0,1,0,0.0,[]
TCGA-B0-5106,TCGA-CJ-6030,0,1,0,0.0,[]
TCGA-B0-5106,TCGA-CJ-6033,0,1,0,0.0,[]
TCGA-B0-5106,TCGA-CZ-4859,0,1,0,0.0,[]
TCGA-B0-5106,TCGA-CZ-4863,0,0,0,0.0,[]
TCGA-B0-5106,TCGA-CZ-4865,0,0,0,0.0,[]
TCGA-B0-5106,TCGA-CZ-5451,0,1,0,0.0,[]
TCGA-B0-5106,TCGA-CZ-5462,0,0,0,0.0,[]
TCGA-B0-5106,TCGA-CZ-5468,0,0,0,0.0,[]
TCGA-B0-5106,TCGA-CZ-5984,0,1,0,0.0,[]
TCGA-B0-5106,TCGA-CZ-5985,0,1,0,0.0,[]
TCGA-B0-5106,TCGA-CZ-5988,0,0,0,0.0,[]
TCGA-B0-5106,TCGA-G6-A5PC,0,1,0,0.0,[]
TCGA-B0-5106,TCGA-G6-A8L7,0,1,0,0.0,[]
TCGA-B0-5115,TCGA-B0-5117,1,0,0,0.0,[]
TCGA-B0-5115,TCGA-B0-5696,1,1,1,1.0,"[""K4_repeat2_K4_C0001""]"
TCGA-B0-5115,TCGA-B0-5697,1,0,0,0.0,[]
TCGA-B0-5115,TCGA-B0-5698,1,0,0,0.0,[]
TCGA-B0-5115,TCGA-B0-5702,1,1,0,0.0,[]
TCGA-B0-5115,TCGA-B0-5703,1,1,1,1.0,"[""K4_repeat2_K4_C0001""]"
TCGA-B0-5115,TCGA-B0-5706,1,0,0,0.0,[]
TCGA-B0-5115,TCGA-B0-5709,1,1,0,0.0,[]
TCGA-B0-5115,TCGA-B0-5712,1,0,0,0.0,[]
TCGA-B0-5115,TCGA-B0-5812,1,1,1,1.0,"[""K4_repeat2_K4_C0001""]"
TCGA-B0-5115,TCGA-B8-4148,1,1,1,1.0,"[""K4_repeat2_K4_C0001""]"
TCGA-B0-5115,TCGA-B8-4151,1,0,0,0.0,[]
TCGA-B0-5115,TCGA-B8-4153,1,0,0,0.0,[]
TCGA-B0-5115,TCGA-B8-4619,1,0,0,0.0,[]
TCGA-B0-5115,TCGA-B8-4622,1,1,1,1.0,"[""K4_repeat2_K4_C0001""]"
TCGA-B0-5115,TCGA-B8-5158,1,0,0,0.0,[]
TCGA-B0-5115,TCGA-B8-5159,1,1,0,0.0,[]
TCGA-B0-5115,TCGA-B8-5162,1,1,0,0.0,[]
TCGA-B0-5115,TCGA-B8-5164,1,0,0,0.0,[]
TCGA-B0-5115,TCGA-B8-5165,1,1,0,0.0,[]
TCGA-B0-5115,TCGA-B8-5546,1,0,0,0.0,[]
TCGA-B0-5115,TCGA-B8-5549,1,1,0,0.0,[]
TCGA-B0-5115,TCGA-B8-5550,1,0,0,0.0,[]
TCGA-B0-5115,TCGA-B8-5551,1,1,0,0.0,[]
TCGA-B0-5115,TCGA-B8-5553,1,0,0,0.0,[]
TCGA-B0-5115,TCGA-B8-A54D,1,0,0,0.0,[]
TCGA-B0-5115,TCGA-B8-A54E,1,0,0,0.0,[]
TCGA-B0-5115,TCGA-B8-A54F,1,0,0,0.0,[]
TCGA-B0-5115,TCGA-B8-A54G,1,0,0,0.0,[]
TCGA-B0-5115,TCGA-BP-4164,1,1,1,1.0,"[""K4_repeat2_K4_C0001""]"
TCGA-B0-5115,TCGA-BP-4167,1,1,0,0.0,[]
TCGA-B0-5115,TCGA-BP-4770,1,0,0,0.0,[]
TCGA-B0-5115,TCGA-BP-4782,1,0,0,0.0,[]
TCGA-B0-5115,TCGA-BP-4960,1,1,1,1.0,"[""K4_repeat2_K4_C0001""]"
TCGA-B0-5115,TCGA-BP-4962,1,1,0,0.0,[]
TCGA-B0-5115,TCGA-BP-4965,1,1,1,1.0,"[""K4_repeat2_K4_C0001""]"
TCGA-B0-5115,TCGA-BP-4967,1,1,0,0.0,[]
TCGA-B0-5115,TCGA-BP-4970,1,1,0,0.0,[]
TCGA-B0-5115,TCGA-BP-4971,1,1,0,0.0,[]
TCGA-B0-5115,TCGA-BP-4972,1,0,0,0.0,[]
TCGA-B0-5115,TCGA-BP-4976,1,1,1,1.0,"[""K4_repeat2_K4_C0001""]"
TCGA-B0-5115,TCGA-BP-4977,1,1,0,0.0,[]
TCGA-B0-5115,TCGA-BP-4982,1,1,1,1.0,"[""K4_repeat2_K4_C0001""]"
TCGA-B0-5115,TCGA-BP-4986,1,1,0,0.0,[]
TCGA-B0-5115,TCGA-BP-4988,1,1,1,1.0,"[""K4_repeat2_K4_C0001""]"
TCGA-B0-5115,TCGA-BP-4989,1,1,1,1.0,"[""K4_repeat2_K4_C0001""]"
TCGA-B0-5115,TCGA-BP-4992,1,1,0,0.0,[]
TCGA-B0-5115,TCGA-BP-4994,1,0,0,0.0,[]
TCGA-B0-5115,TCGA-BP-4995,1,1,1,1.0,"[""K4_repeat2_K4_C0001""]"
TCGA-B0-5115,TCGA-BP-4999,1,1,1,1.0,"[""K4_repeat2_K4_C0001""]"
TCGA-B0-5115,TCGA-BP-5000,1,0,0,0.0,[]
TCGA-B0-5115,TCGA-BP-5001,1,1,1,1.0,"[""K4_repeat2_K4_C0001""]"
TCGA-B0-5115,TCGA-BP-5004,1,1,1,1.0,"[""K4_repeat2_K4_C0001""]"
TCGA-B0-5115,TCGA-BP-5006,1,1,1,1.0,"[""K4_repeat2_K4_C0001""]"
TCGA-B0-5115,TCGA-BP-5007,1,1,1,1.0,"[""K4_repeat2_K4_C0001""]"
TCGA-B0-5115,TCGA-BP-5009,1,1,1,1.0,"[""K4_repeat2_K4_C0001""]"
TCGA-B0-5115,TCGA-BP-5010,1,1,0,0.0,[]
TCGA-B0-5115,TCGA-BP-5174,1,1,0,0.0,[]
TCGA-B0-5115,TCGA-BP-5175,1,1,0,0.0,[]
TCGA-B0-5115,TCGA-BP-5180,1,1,1,1.0,"[""K4_repeat2_K4_C0001""]"
TCGA-B0-5115,TCGA-BP-5181,1,1,1,1.0,"[""K4_repeat2_K4_C0001""]"
TCGA-B0-5115,TCGA-BP-5183,1,1,1,1.0,"[""K4_repeat2_K4_C0001""]"
TCGA-B0-5115,TCGA-BP-5184,1,1,1,1.0,"[""K4_repeat2_K4_C0001""]"
TCGA-B0-5115,TCGA-BP-5186,1,1,1,1.0,"[""K4_repeat2_K4_C0001""]"
TCGA-B0-5115,TCGA-BP-5187,1,1,1,1.0,"[""K4_repeat2_K4_C0001""]"
TCGA-B0-5115,TCGA-BP-5189,1,1,1,1.0,"[""K4_repeat2_K4_C0001""]"
TCGA-B0-5115,TCGA-BP-5190,1,0,0,0.0,[]
TCGA-B0-5115,TCGA-BP-5191,1,0,0,0.0,[]
TCGA-B0-5115,TCGA-BP-5192,1,1,0,0.0,[]
TCGA-B0-5115,TCGA-BP-5194,1,1,1,1.0,"[""K4_repeat2_K4_C0001""]"
TCGA-B0-5115,TCGA-BP-5195,1,1,1,1.0,"[""K4_repeat2_K4_C0001""]"
TCGA-B0-5115,TCGA-BP-5196,1,1,0,0.0,[]
TCGA-B0-5115,TCGA-BP-5199,1,1,0,0.0,[]
TCGA-B0-5115,TCGA-BP-5200,1,1,1,1.0,"[""K4_repeat2_K4_C0001""]"
TCGA-B0-5115,TCGA-CJ-4637,1,1,0,0.0,[]
TCGA-B0-5115,TCGA-CJ-4641,1,1,0,0.0,[]
TCGA-B0-5115,TCGA-CJ-4900,1,1,0,0.0,[]
TCGA-B0-5115,TCGA-CJ-4902,1,1,0,0.0,[]
TCGA-B0-5115,TCGA-CJ-4903,1,1,1,1.0,"[""K4_repeat2_K4_C0001""]"
TCGA-B0-5115,TCGA-CJ-4904,1,1,1,1.0,"[""K4_repeat2_K4_C0001""]"
TCGA-B0-5115,TCGA-CJ-4923,1,1,0,0.0,[]
TCGA-B0-5115,TCGA-CJ-6027,1,1,0,0.0,[]
TCGA-B0-5115,TCGA-CJ-6028,1,1,0,0.0,[]
TCGA-B0-5115,TCGA-CJ-6030,1,1,0,0.0,[]
TCGA-B0-5115,TCGA-CJ-6033,1,1,1,1.0,"[""K4_repeat2_K4_C0001""]"
TCGA-B0-5115,TCGA-CZ-4859,1,1,1,1.0,"[""K4_repeat2_K4_C0001""]"
TCGA-B0-5115,TCGA-CZ-4863,1,0,0,0.0,[]
TCGA-B0-5115,TCGA-CZ-4865,1,0,0,0.0,[]
TCGA-B0-5115,TCGA-CZ-5451,1,1,1,1.0,"[""K4_repeat2_K4_C0001""]"
TCGA-B0-5115,TCGA-CZ-5462,1,0,0,0.0,[]
TCGA-B0-5115,TCGA-CZ-5468,1,0,0,0.0,[]
TCGA-B0-5115,TCGA-CZ-5984,1,1,0,0.0,[]
TCGA-B0-5115,TCGA-CZ-5985,1,1,0,0.0,[]
TCGA-B0-5115,TCGA-CZ-5988,1,0,0,0.0,[]
TCGA-B0-5115,TCGA-G6-A5PC,1,1,0,0.0,[]
TCGA-B0-5115,TCGA-G6-A8L7,1,1,1,1.0,"[""K4_repeat2_K4_C0001""]"
TCGA-B0-5117,TCGA-B0-5696,0,1,0,0.0,[]
TCGA-B0-5117,TCGA-B0-5697,0,0,0,0.0,[]
TCGA-B0-5117,TCGA-B0-5698,0,0,0,0.0,[]
TCGA-B0-5117,TCGA-B0-5702,0,1,0,0.0,[]
TCGA-B0-5117,TCGA-B0-5703,0,1,0,0.0,[]
TCGA-B0-5117,TCGA-B0-5706,0,0,0,0.0,[]
TCGA-B0-5117,TCGA-B0-5709,0,1,0,0.0,[]
TCGA-B0-5117,TCGA-B0-5712,0,0,0,0.0,[]
TCGA-B0-5117,TCGA-B0-5812,0,1,0,0.0,[]
TCGA-B0-5117,TCGA-B8-4148,0,1,0,0.0,[]
TCGA-B0-5117,TCGA-B8-4151,0,0,0,0.0,[]
TCGA-B0-5117,TCGA-B8-4153,0,0,0,0.0,[]
TCGA-B0-5117,TCGA-B8-4619,0,0,0,0.0,[]
TCGA-B0-5117,TCGA-B8-4622,0,1,0,0.0,[]
TCGA-B0-5117,TCGA-B8-5158,0,0,0,0.0,[]
TCGA-B0-5117,TCGA-B8-5159,0,1,0,0.0,[]
TCGA-B0-5117,TCGA-B8-5162,0,1,0,0.0,[]
TCGA-B0-5117,TCGA-B8-5164,0,0,0,0.0,[]
TCGA-B0-5117,TCGA-B8-5165,0,1,0,0.0,[]
TCGA-B0-5117,TCGA-B8-5546,0,0,0,0.0,[]
TCGA-B0-5117,TCGA-B8-5549,0,1,0,0.0,[]
TCGA-B0-5117,TCGA-B8-5550,0,0,0,0.0,[]
TCGA-B0-5117,TCGA-B8-5551,0,1,0,0.0,[]
TCGA-B0-5117,TCGA-B8-5553,0,0,0,0.0,[]
TCGA-B0-5117,TCGA-B8-A54D,0,0,0,0.0,[]
TCGA-B0-5117,TCGA-B8-A54E,0,0,0,0.0,[]
TCGA-B0-5117,TCGA-B8-A54F,0,0,0,0.0,[]
TCGA-B0-5117,TCGA-B8-A54G,0,0,0,0.0,[]
TCGA-B0-5117,TCGA-BP-4164,0,1,0,0.0,[]
TCGA-B0-5117,TCGA-BP-4167,0,1,0,0.0,[]
TCGA-B0-5117,TCGA-BP-4770,0,0,0,0.0,[]
TCGA-B0-5117,TCGA-BP-4782,0,0,0,0.0,[]
TCGA-B0-5117,TCGA-BP-4960,0,1,0,0.0,[]
TCGA-B0-5117,TCGA-BP-4962,0,1,0,0.0,[]
TCGA-B0-5117,TCGA-BP-4965,0,1,0,0.0,[]
TCGA-B0-5117,TCGA-BP-4967,0,1,0,0.0,[]
TCGA-B0-5117,TCGA-BP-4970,0,1,0,0.0,[]
TCGA-B0-5117,TCGA-BP-4971,0,1,0,0.0,[]
TCGA-B0-5117,TCGA-BP-4972,0,0,0,0.0,[]
TCGA-B0-5117,TCGA-BP-4976,0,1,0,0.0,[]
TCGA-B0-5117,TCGA-BP-4977,0,1,0,0.0,[]
TCGA-B0-5117,TCGA-BP-4982,0,1,0,0.0,[]
TCGA-B0-5117,TCGA-BP-4986,0,1,0,0.0,[]
TCGA-B0-5117,TCGA-BP-4988,0,1,0,0.0,[]
TCGA-B0-5117,TCGA-BP-4989,0,1,0,0.0,[]
TCGA-B0-5117,TCGA-BP-4992,0,1,0,0.0,[]
TCGA-B0-5117,TCGA-BP-4994,0,0,0,0.0,[]
TCGA-B0-5117,TCGA-BP-4995,0,1,0,0.0,[]
TCGA-B0-5117,TCGA-BP-4999,0,1,0,0.0,[]
TCGA-B0-5117,TCGA-BP-5000,0,0,0,0.0,[]
TCGA-B0-5117,TCGA-BP-5001,0,1,0,0.0,[]
TCGA-B0-5117,TCGA-BP-5004,0,1,0,0.0,[]
TCGA-B0-5117,TCGA-BP-5006,0,1,0,0.0,[]
TCGA-B0-5117,TCGA-BP-5007,0,1,0,0.0,[]
TCGA-B0-5117,TCGA-BP-5009,0,1,0,0.0,[]
TCGA-B0-5117,TCGA-BP-5010,0,1,0,0.0,[]
TCGA-B0-5117,TCGA-BP-5174,0,1,0,0.0,[]
TCGA-B0-5117,TCGA-BP-5175,0,1,0,0.0,[]
TCGA-B0-5117,TCGA-BP-5180,0,1,0,0.0,[]
TCGA-B0-5117,TCGA-BP-5181,0,1,0,0.0,[]
TCGA-B0-5117,TCGA-BP-5183,0,1,0,0.0,[]
TCGA-B0-5117,TCGA-BP-5184,0,1,0,0.0,[]
TCGA-B0-5117,TCGA-BP-5186,0,1,0,0.0,[]
TCGA-B0-5117,TCGA-BP-5187,0,1,0,0.0,[]
TCGA-B0-5117,TCGA-BP-5189,0,1,0,0.0,[]
TCGA-B0-5117,TCGA-BP-5190,0,0,0,0.0,[]
TCGA-B0-5117,TCGA-BP-5191,0,0,0,0.0,[]
TCGA-B0-5117,TCGA-BP-5192,0,1,0,0.0,[]
TCGA-B0-5117,TCGA-BP-5194,0,1,0,0.0,[]
TCGA-B0-5117,TCGA-BP-5195,0,1,0,0.0,[]
TCGA-B0-5117,TCGA-BP-5196,0,1,0,0.0,[]
TCGA-B0-5117,TCGA-BP-5199,0,1,0,0.0,[]
TCGA-B0-5117,TCGA-BP-5200,0,1,0,0.0,[]
TCGA-B0-5117,TCGA-CJ-4637,0,1,0,0.0,[]
TCGA-B0-5117,TCGA-CJ-4641,0,1,0,0.0,[]
TCGA-B0-5117,TCGA-CJ-4900,0,1,0,0.0,[]
TCGA-B0-5117,TCGA-CJ-4902,0,1,0,0.0,[]
TCGA-B0-5117,TCGA-CJ-4903,0,1,0,0.0,[]
TCGA-B0-5117,TCGA-CJ-4904,0,1,0,0.0,[]
TCGA-B0-5117,TCGA-CJ-4923,0,1,0,0.0,[]
TCGA-B0-5117,TCGA-CJ-6027,0,1,0,0.0,[]
TCGA-B0-5117,TCGA-CJ-6028,0,1,0,0.0,[]
TCGA-B0-5117,TCGA-CJ-6030,0,1,0,0.0,[]
TCGA-B0-5117,TCGA-CJ-6033,0,1,0,0.0,[]
TCGA-B0-5117,TCGA-CZ-4859,0,1,0,0.0,[]
TCGA-B0-5117,TCGA-CZ-4863,0,0,0,0.0,[]
TCGA-B0-5117,TCGA-CZ-4865,0,0,0,0.0,[]
TCGA-B0-5117,TCGA-CZ-5451,0,1,0,0.0,[]
TCGA-B0-5117,TCGA-CZ-5462,0,0,0,0.0,[]
TCGA-B0-5117,TCGA-CZ-5468,0,0,0,0.0,[]
TCGA-B0-5117,TCGA-CZ-5984,0,1,0,0.0,[]
TCGA-B0-5117,TCGA-CZ-5985,0,1,0,0.0,[]
TCGA-B0-5117,TCGA-CZ-5988,0,0,0,0.0,[]
TCGA-B0-5117,TCGA-G6-A5PC,0,1,0,0.0,[]
TCGA-B0-5117,TCGA-G6-A8L7,0,1,0,0.0,[]
TCGA-B0-5696,TCGA-B0-5697,1,0,0,0.0,[]
TCGA-B0-5696,TCGA-B0-5698,1,0,0,0.0,[]
TCGA-B0-5696,TCGA-B0-5702,1,1,0,0.0,[]
TCGA-B0-5696,TCGA-B0-5703,1,1,1,1.0,"[""K4_repeat2_K4_C0001""]"
TCGA-B0-5696,TCGA-B0-5706,1,0,0,0.0,[]
TCGA-B0-5696,TCGA-B0-5709,1,1,0,0.0,[]
TCGA-B0-5696,TCGA-B0-5712,1,0,0,0.0,[]
TCGA-B0-5696,TCGA-B0-5812,1,1,1,1.0,"[""K4_repeat2_K4_C0001""]"
TCGA-B0-5696,TCGA-B8-4148,1,1,1,1.0,"[""K4_repeat2_K4_C0001""]"
TCGA-B0-5696,TCGA-B8-4151,1,0,0,0.0,[]
TCGA-B0-5696,TCGA-B8-4153,1,0,0,0.0,[]
TCGA-B0-5696,TCGA-B8-4619,1,0,0,0.0,[]
TCGA-B0-5696,TCGA-B8-4622,1,1,1,1.0,"[""K4_repeat2_K4_C0001""]"
TCGA-B0-5696,TCGA-B8-5158,1,0,0,0.0,[]
TCGA-B0-5696,TCGA-B8-5159,1,1,0,0.0,[]
TCGA-B0-5696,TCGA-B8-5162,1,1,0,0.0,[]
TCGA-B0-5696,TCGA-B8-5164,1,0,0,0.0,[]
TCGA-B0-5696,TCGA-B8-5165,1,1,0,0.0,[]
TCGA-B0-5696,TCGA-B8-5546,1,0,0,0.0,[]
TCGA-B0-5696,TCGA-B8-5549,1,1,0,0.0,[]
TCGA-B0-5696,TCGA-B8-5550,1,0,0,0.0,[]
TCGA-B0-5696,TCGA-B8-5551,1,1,0,0.0,[]
TCGA-B0-5696,TCGA-B8-5553,1,0,0,0.0,[]
TCGA-B0-5696,TCGA-B8-A54D,1,0,0,0.0,[]
TCGA-B0-5696,TCGA-B8-A54E,1,0,0,0.0,[]
TCGA-B0-5696,TCGA-B8-A54F,1,0,0,0.0,[]
TCGA-B0-5696,TCGA-B8-A54G,1,0,0,0.0,[]
TCGA-B0-5696,TCGA-BP-4164,1,1,1,1.0,"[""K4_repeat2_K4_C0001""]"
TCGA-B0-5696,TCGA-BP-4167,1,1,0,0.0,[]
TCGA-B0-5696,TCGA-BP-4770,1,0,0,0.0,[]
TCGA-B0-5696,TCGA-BP-4782,1,0,0,0.0,[]
TCGA-B0-5696,TCGA-BP-4960,1,1,1,1.0,"[""K4_repeat2_K4_C0001""]"
TCGA-B0-5696,TCGA-BP-4962,1,1,0,0.0,[]
TCGA-B0-5696,TCGA-BP-4965,1,1,1,1.0,"[""K4_repeat2_K4_C0001""]"
TCGA-B0-5696,TCGA-BP-4967,1,1,0,0.0,[]
TCGA-B0-5696,TCGA-BP-4970,1,1,0,0.0,[]
TCGA-B0-5696,TCGA-BP-4971,1,1,0,0.0,[]
TCGA-B0-5696,TCGA-BP-4972,1,0,0,0.0,[]
TCGA-B0-5696,TCGA-BP-4976,1,1,1,1.0,"[""K4_repeat2_K4_C0001""]"
TCGA-B0-5696,TCGA-BP-4977,1,1,0,0.0,[]
TCGA-B0-5696,TCGA-BP-4982,1,1,1,1.0,"[""K4_repeat2_K4_C0001""]"
TCGA-B0-5696,TCGA-BP-4986,1,1,0,0.0,[]
TCGA-B0-5696,TCGA-BP-4988,1,1,1,1.0,"[""K4_repeat2_K4_C0001""]"
TCGA-B0-5696,TCGA-BP-4989,1,1,1,1.0,"[""K4_repeat2_K4_C0001""]"
TCGA-B0-5696,TCGA-BP-4992,1,1,0,0.0,[]
TCGA-B0-5696,TCGA-BP-4994,1,0,0,0.0,[]
TCGA-B0-5696,TCGA-BP-4995,1,1,1,1.0,"[""K4_repeat2_K4_C0001""]"
TCGA-B0-5696,TCGA-BP-4999,1,1,1,1.0,"[""K4_repeat2_K4_C0001""]"
TCGA-B0-5696,TCGA-BP-5000,1,0,0,0.0,[]
TCGA-B0-5696,TCGA-BP-5001,1,1,1,1.0,"[""K4_repeat2_K4_C0001""]"
TCGA-B0-5696,TCGA-BP-5004,1,1,1,1.0,"[""K4_repeat2_K4_C0001""]"
TCGA-B0-5696,TCGA-BP-5006,1,1,1,1.0,"[""K4_repeat2_K4_C0001""]"
TCGA-B0-5696,TCGA-BP-5007,1,1,1,1.0,"[""K4_repeat2_K4_C0001""]"
TCGA-B0-5696,TCGA-BP-5009,1,1,1,1.0,"[""K4_repeat2_K4_C0001""]"
TCGA-B0-5696,TCGA-BP-5010,1,1,0,0.0,[]
TCGA-B0-5696,TCGA-BP-5174,1,1,0,0.0,[]
TCGA-B0-5696,TCGA-BP-5175,1,1,0,0.0,[]
TCGA-B0-5696,TCGA-BP-5180,1,1,1,1.0,"[""K4_repeat2_K4_C0001""]"
TCGA-B0-5696,TCGA-BP-5181,1,1,1,1.0,"[""K4_repeat2_K4_C0001""]"
TCGA-B0-5696,TCGA-BP-5183,1,1,1,1.0,"[""K4_repeat2_K4_C0001""]"
TCGA-B0-5696,TCGA-BP-5184,1,1,1,1.0,"[""K4_repeat2_K4_C0001""]"
TCGA-B0-5696,TCGA-BP-5186,1,1,1,1.0,"[""K4_repeat2_K4_C0001""]"
TCGA-B0-5696,TCGA-BP-5187,1,1,1,1.0,"[""K4_repeat2_K4_C0001""]"
TCGA-B0-5696,TCGA-BP-5189,1,1,1,1.0,"[""K4_repeat2_K4_C0001""]"
TCGA-B0-5696,TCGA-BP-5190,1,0,0,0.0,[]
TCGA-B0-5696,TCGA-BP-5191,1,0,0,0.0,[]
TCGA-B0-5696,TCGA-BP-5192,1,1,0,0.0,[]
TCGA-B0-5696,TCGA-BP-5194,1,1,1,1.0,"[""K4_repeat2_K4_C0001""]"
TCGA-B0-5696,TCGA-BP-5195,1,1,1,1.0,"[""K4_repeat2_K4_C0001""]"
TCGA-B0-5696,TCGA-BP-5196,1,1,0,0.0,[]
TCGA-B0-5696,TCGA-BP-5199,1,1,0,0.0,[]
TCGA-B0-5696,TCGA-BP-5200,1,1,1,1.0,"[""K4_repeat2_K4_C0001""]"
TCGA-B0-5696,TCGA-CJ-4637,1,1,0,0.0,[]
TCGA-B0-5696,TCGA-CJ-4641,1,1,0,0.0,[]
TCGA-B0-5696,TCGA-CJ-4900,1,1,0,0.0,[]
TCGA-B0-5696,TCGA-CJ-4902,1,1,0,0.0,[]
TCGA-B0-5696,TCGA-CJ-4903,1,1,1,1.0,"[""K4_repeat2_K4_C0001""]"
TCGA-B0-5696,TCGA-CJ-4904,1,1,1,1.0,"[""K4_repeat2_K4_C0001""]"
TCGA-B0-5696,TCGA-CJ-4923,1,1,0,0.0,[]
TCGA-B0-5696,TCGA-CJ-6027,1,1,0,0.0,[]
TCGA-B0-5696,TCGA-CJ-6028,1,1,0,0.0,[]
TCGA-B0-5696,TCGA-CJ-6030,1,1,0,0.0,[]
TCGA-B0-5696,TCGA-CJ-6033,1,1,1,1.0,"[""K4_repeat2_K4_C0001""]"
TCGA-B0-5696,TCGA-CZ-4859,1,1,1,1.0,"[""K4_repeat2_K4_C0001""]"
TCGA-B0-5696,TCGA-CZ-4863,1,0,0,0.0,[]
TCGA-B0-5696,TCGA-CZ-4865,1,0,0,0.0,[]
TCGA-B0-5696,TCGA-CZ-5451,1,1,1,1.0,"[""K4_repeat2_K4_C0001""]"
TCGA-B0-5696,TCGA-CZ-5462,1,0,0,0.0,[]
TCGA-B0-5696,TCGA-CZ-5468,1,0,0,0.0,[]
TCGA-B0-5696,TCGA-CZ-5984,1,1,0,0.0,[]
TCGA-B0-5696,TCGA-CZ-5985,1,1,0,0.0,[]
TCGA-B0-5696,TCGA-CZ-5988,1,0,0,0.0,[]
TCGA-B0-5696,TCGA-G6-A5PC,1,1,0,0.0,[]
TCGA-B0-5696,TCGA-G6-A8L7,1,1,1,1.0,"[""K4_repeat2_K4_C0001""]"
TCGA-B0-5697,TCGA-B0-5698,0,0,0,0.0,[]
TCGA-B0-5697,TCGA-B0-5702,0,1,0,0.0,[]
TCGA-B0-5697,TCGA-B0-5703,0,1,0,0.0,[]
TCGA-B0-5697,TCGA-B0-5706,0,0,0,0.0,[]
TCGA-B0-5697,TCGA-B0-5709,0,1,0,0.0,[]
TCGA-B0-5697,TCGA-B0-5712,0,0,0,0.0,[]
TCGA-B0-5697,TCGA-B0-5812,0,1,0,0.0,[]
TCGA-B0-5697,TCGA-B8-4148,0,1,0,0.0,[]
TCGA-B0-5697,TCGA-B8-4151,0,0,0,0.0,[]
TCGA-B0-5697,TCGA-B8-4153,0,0,0,0.0,[]
TCGA-B0-5697,TCGA-B8-4619,0,0,0,0.0,[]
TCGA-B0-5697,TCGA-B8-4622,0,1,0,0.0,[]
TCGA-B0-5697,TCGA-B8-5158,0,0,0,0.0,[]
TCGA-B0-5697,TCGA-B8-5159,0,1,0,0.0,[]
TCGA-B0-5697,TCGA-B8-5162,0,1,0,0.0,[]
TCGA-B0-5697,TCGA-B8-5164,0,0,0,0.0,[]
TCGA-B0-5697,TCGA-B8-5165,0,1,0,0.0,[]
TCGA-B0-5697,TCGA-B8-5546,0,0,0,0.0,[]
TCGA-B0-5697,TCGA-B8-5549,0,1,0,0.0,[]
TCGA-B0-5697,TCGA-B8-5550,0,0,0,0.0,[]
TCGA-B0-5697,TCGA-B8-5551,0,1,0,0.0,[]
TCGA-B0-5697,TCGA-B8-5553,0,0,0,0.0,[]
TCGA-B0-5697,TCGA-B8-A54D,0,0,0,0.0,[]
TCGA-B0-5697,TCGA-B8-A54E,0,0,0,0.0,[]
TCGA-B0-5697,TCGA-B8-A54F,0,0,0,0.0,[]
TCGA-B0-5697,TCGA-B8-A54G,0,0,0,0.0,[]
TCGA-B0-5697,TCGA-BP-4164,0,1,0,0.0,[]
TCGA-B0-5697,TCGA-BP-4167,0,1,0,0.0,[]
TCGA-B0-5697,TCGA-BP-4770,0,0,0,0.0,[]
TCGA-B0-5697,TCGA-BP-4782,0,0,0,0.0,[]
TCGA-B0-5697,TCGA-BP-4960,0,1,0,0.0,[]
TCGA-B0-5697,TCGA-BP-4962,0,1,0,0.0,[]
TCGA-B0-5697,TCGA-BP-4965,0,1,0,0.0,[]
TCGA-B0-5697,TCGA-BP-4967,0,1,0,0.0,[]
TCGA-B0-5697,TCGA-BP-4970,0,1,0,0.0,[]
TCGA-B0-5697,TCGA-BP-4971,0,1,0,0.0,[]
TCGA-B0-5697,TCGA-BP-4972,0,0,0,0.0,[]
TCGA-B0-5697,TCGA-BP-4976,0,1,0,0.0,[]
TCGA-B0-5697,TCGA-BP-4977,0,1,0,0.0,[]
TCGA-B0-5697,TCGA-BP-4982,0,1,0,0.0,[]
TCGA-B0-5697,TCGA-BP-4986,0,1,0,0.0,[]
TCGA-B0-5697,TCGA-BP-4988,0,1,0,0.0,[]
TCGA-B0-5697,TCGA-BP-4989,0,1,0,0.0,[]
TCGA-B0-5697,TCGA-BP-4992,0,1,0,0.0,[]
TCGA-B0-5697,TCGA-BP-4994,0,0,0,0.0,[]
TCGA-B0-5697,TCGA-BP-4995,0,1,0,0.0,[]
TCGA-B0-5697,TCGA-BP-4999,0,1,0,0.0,[]
TCGA-B0-5697,TCGA-BP-5000,0,0,0,0.0,[]
TCGA-B0-5697,TCGA-BP-5001,0,1,0,0.0,[]
TCGA-B0-5697,TCGA-BP-5004,0,1,0,0.0,[]
TCGA-B0-5697,TCGA-BP-5006,0,1,0,0.0,[]
TCGA-B0-5697,TCGA-BP-5007,0,1,0,0.0,[]
TCGA-B0-5697,TCGA-BP-5009,0,1,0,0.0,[]
TCGA-B0-5697,TCGA-BP-5010,0,1,0,0.0,[]
TCGA-B0-5697,TCGA-BP-5174,0,1,0,0.0,[]
TCGA-B0-5697,TCGA-BP-5175,0,1,0,0.0,[]
TCGA-B0-5697,TCGA-BP-5180,0,1,0,0.0,[]
TCGA-B0-5697,TCGA-BP-5181,0,1,0,0.0,[]
TCGA-B0-5697,TCGA-BP-5183,0,1,0,0.0,[]
TCGA-B0-5697,TCGA-BP-5184,0,1,0,0.0,[]
TCGA-B0-5697,TCGA-BP-5186,0,1,0,0.0,[]
TCGA-B0-5697,TCGA-BP-5187,0,1,0,0.0,[]
TCGA-B0-5697,TCGA-BP-5189,0,1,0,0.0,[]
TCGA-B0-5697,TCGA-BP-5190,0,0,0,0.0,[]
TCGA-B0-5697,TCGA-BP-5191,0,0,0,0.0,[]
TCGA-B0-5697,TCGA-BP-5192,0,1,0,0.0,[]
TCGA-B0-5697,TCGA-BP-5194,0,1,0,0.0,[]
TCGA-B0-5697,TCGA-BP-5195,0,1,0,0.0,[]
TCGA-B0-5697,TCGA-BP-5196,0,1,0,0.0,[]
TCGA-B0-5697,TCGA-BP-5199,0,1,0,0.0,[]
TCGA-B0-5697,TCGA-BP-5200,0,1,0,0.0,[]
TCGA-B0-5697,TCGA-CJ-4637,0,1,0,0.0,[]
TCGA-B0-5697,TCGA-CJ-4641,0,1,0,0.0,[]
TCGA-B0-5697,TCGA-CJ-4900,0,1,0,0.0,[]
TCGA-B0-5697,TCGA-CJ-4902,0,1,0,0.0,[]
TCGA-B0-5697,TCGA-CJ-4903,0,1,0,0.0,[]
TCGA-B0-5697,TCGA-CJ-4904,0,1,0,0.0,[]
TCGA-B0-5697,TCGA-CJ-4923,0,1,0,0.0,[]
TCGA-B0-5697,TCGA-CJ-6027,0,1,0,0.0,[]
TCGA-B0-5697,TCGA-CJ-6028,0,1,0,0.0,[]
TCGA-B0-5697,TCGA-CJ-6030,0,1,0,0.0,[]
TCGA-B0-5697,TCGA-CJ-6033,0,1,0,0.0,[]
TCGA-B0-5697,TCGA-CZ-4859,0,1,0,0.0,[]
TCGA-B0-5697,TCGA-CZ-4863,0,0,0,0.0,[]
TCGA-B0-5697,TCGA-CZ-4865,0,0,0,0.0,[]
TCGA-B0-5697,TCGA-CZ-5451,0,1,0,0.0,[]
TCGA-B0-5697,TCGA-CZ-5462,0,0,0,0.0,[]
TCGA-B0-5697,TCGA-CZ-5468,0,0,0,0.0,[]
TCGA-B0-5697,TCGA-CZ-5984,0,1,0,0.0,[]
TCGA-B0-5697,TCGA-CZ-5985,0,1,0,0.0,[]
TCGA-B0-5697,TCGA-CZ-5988,0,0,0,0.0,[]
TCGA-B0-5697,TCGA-G6-A5PC,0,1,0,0.0,[]
TCGA-B0-5697,TCGA-G6-A8L7,0,1,0,0.0,[]
TCGA-B0-5698,TCGA-B0-5702,0,1,0,0.0,[]
TCGA-B0-5698,TCGA-B0-5703,0,1,0,0.0,[]
TCGA-B0-5698,TCGA-B0-5706,0,0,0,0.0,[]
TCGA-B0-5698,TCGA-B0-5709,0,1,0,0.0,[]
TCGA-B0-5698,TCGA-B0-5712,0,0,0,0.0,[]
TCGA-B0-5698,TCGA-B0-5812,0,1,0,0.0,[]
TCGA-B0-5698,TCGA-B8-4148,0,1,0,0.0,[]
TCGA-B0-5698,TCGA-B8-4151,0,0,0,0.0,[]
TCGA-B0-5698,TCGA-B8-4153,0,0,0,0.0,[]
TCGA-B0-5698,TCGA-B8-4619,0,0,0,0.0,[]
TCGA-B0-5698,TCGA-B8-4622,0,1,0,0.0,[]
TCGA-B0-5698,TCGA-B8-5158,0,0,0,0.0,[]
TCGA-B0-5698,TCGA-B8-5159,0,1,0,0.0,[]
TCGA-B0-5698,TCGA-B8-5162,0,1,0,0.0,[]
TCGA-B0-5698,TCGA-B8-5164,0,0,0,0.0,[]
TCGA-B0-5698,TCGA-B8-5165,0,1,0,0.0,[]
TCGA-B0-5698,TCGA-B8-5546,0,0,0,0.0,[]
TCGA-B0-5698,TCGA-B8-5549,0,1,0,0.0,[]
TCGA-B0-5698,TCGA-B8-5550,0,0,0,0.0,[]
TCGA-B0-5698,TCGA-B8-5551,0,1,0,0.0,[]
TCGA-B0-5698,TCGA-B8-5553,0,0,0,0.0,[]
TCGA-B0-5698,TCGA-B8-A54D,0,0,0,0.0,[]
TCGA-B0-5698,TCGA-B8-A54E,0,0,0,0.0,[]
TCGA-B0-5698,TCGA-B8-A54F,0,0,0,0.0,[]
TCGA-B0-5698,TCGA-B8-A54G,0,0,0,0.0,[]
TCGA-B0-5698,TCGA-BP-4164,0,1,0,0.0,[]
TCGA-B0-5698,TCGA-BP-4167,0,1,0,0.0,[]
TCGA-B0-5698,TCGA-BP-4770,0,0,0,0.0,[]
TCGA-B0-5698,TCGA-BP-4782,0,0,0,0.0,[]
TCGA-B0-5698,TCGA-BP-4960,0,1,0,0.0,[]
TCGA-B0-5698,TCGA-BP-4962,0,1,0,0.0,[]
TCGA-B0-5698,TCGA-BP-4965,0,1,0,0.0,[]
TCGA-B0-5698,TCGA-BP-4967,0,1,0,0.0,[]
TCGA-B0-5698,TCGA-BP-4970,0,1,0,0.0,[]
TCGA-B0-5698,TCGA-BP-4971,0,1,0,0.0,[]
TCGA-B0-5698,TCGA-BP-4972,0,0,0,0.0,[]
TCGA-B0-5698,TCGA-BP-4976,0,1,0,0.0,[]
TCGA-B0-5698,TCGA-BP-4977,0,1,0,0.0,[]
TCGA-B0-5698,TCGA-BP-4982,0,1,0,0.0,[]
TCGA-B0-5698,TCGA-BP-4986,0,1,0,0.0,[]
TCGA-B0-5698,TCGA-BP-4988,0,1,0,0.0,[]
TCGA-B0-5698,TCGA-BP-4989,0,1,0,0.0,[]
TCGA-B0-5698,TCGA-BP-4992,0,1,0,0.0,[]
TCGA-B0-5698,TCGA-BP-4994,0,0,0,0.0,[]
TCGA-B0-5698,TCGA-BP-4995,0,1,0,0.0,[]
TCGA-B0-5698,TCGA-BP-4999,0,1,0,0.0,[]
TCGA-B0-5698,TCGA-BP-5000,0,0,0,0.0,[]
TCGA-B0-5698,TCGA-BP-5001,0,1,0,0.0,[]
TCGA-B0-5698,TCGA-BP-5004,0,1,0,0.0,[]
TCGA-B0-5698,TCGA-BP-5006,0,1,0,0.0,[]
TCGA-B0-5698,TCGA-BP-5007,0,1,0,0.0,[]
TCGA-B0-5698,TCGA-BP-5009,0,1,0,0.0,[]
TCGA-B0-5698,TCGA-BP-5010,0,1,0,0.0,[]
TCGA-B0-5698,TCGA-BP-5174,0,1,0,0.0,[]
TCGA-B0-5698,TCGA-BP-5175,0,1,0,0.0,[]
TCGA-B0-5698,TCGA-BP-5180,0,1,0,0.0,[]
TCGA-B0-5698,TCGA-BP-5181,0,1,0,0.0,[]
TCGA-B0-5698,TCGA-BP-5183,0,1,0,0.0,[]
TCGA-B0-5698,TCGA-BP-5184,0,1,0,0.0,[]
TCGA-B0-5698,TCGA-BP-5186,0,1,0,0.0,[]
TCGA-B0-5698,TCGA-BP-5187,0,1,0,0.0,[]
TCGA-B0-5698,TCGA-BP-5189,0,1,0,0.0,[]
TCGA-B0-5698,TCGA-BP-5190,0,0,0,0.0,[]
TCGA-B0-5698,TCGA-BP-5191,0,0,0,0.0,[]
TCGA-B0-5698,TCGA-BP-5192,0,1,0,0.0,[]
TCGA-B0-5698,TCGA-BP-5194,0,1,0,0.0,[]
TCGA-B0-5698,TCGA-BP-5195,0,1,0,0.0,[]
TCGA-B0-5698,TCGA-BP-5196,0,1,0,0.0,[]
TCGA-B0-5698,TCGA-BP-5199,0,1,0,0.0,[]
TCGA-B0-5698,TCGA-BP-5200,0,1,0,0.0,[]
TCGA-B0-5698,TCGA-CJ-4637,0,1,0,0.0,[]
TCGA-B0-5698,TCGA-CJ-4641,0,1,0,0.0,[]
TCGA-B0-5698,TCGA-CJ-4900,0,1,0,0.0,[]
TCGA-B0-5698,TCGA-CJ-4902,0,1,0,0.0,[]
TCGA-B0-5698,TCGA-CJ-4903,0,1,0,0.0,[]
TCGA-B0-5698,TCGA-CJ-4904,0,1,0,0.0,[]
TCGA-B0-5698,TCGA-CJ-4923,0,1,0,0.0,[]
TCGA-B0-5698,TCGA-CJ-6027,0,1,0,0.0,[]
TCGA-B0-5698,TCGA-CJ-6028,0,1,0,0.0,[]
TCGA-B0-5698,TCGA-CJ-6030,0,1,0,0.0,[]
TCGA-B0-5698,TCGA-CJ-6033,0,1,0,0.0,[]
TCGA-B0-5698,TCGA-CZ-4859,0,1,0,0.0,[]
TCGA-B0-5698,TCGA-CZ-4863,0,0,0,0.0,[]
TCGA-B0-5698,TCGA-CZ-4865,0,0,0,0.0,[]
TCGA-B0-5698,TCGA-CZ-5451,0,1,0,0.0,[]
TCGA-B0-5698,TCGA-CZ-5462,0,0,0,0.0,[]
TCGA-B0-5698,TCGA-CZ-5468,0,0,0,0.0,[]
TCGA-B0-5698,TCGA-CZ-5984,0,1,0,0.0,[]
TCGA-B0-5698,TCGA-CZ-5985,0,1,0,0.0,[]
TCGA-B0-5698,TCGA-CZ-5988,0,0,0,0.0,[]
TCGA-B0-5698,TCGA-G6-A5PC,0,1,0,0.0,[]
TCGA-B0-5698,TCGA-G6-A8L7,0,1,0,0.0,[]
TCGA-B0-5702,TCGA-B0-5703,1,1,0,0.0,[]
TCGA-B0-5702,TCGA-B0-5706,1,0,0,0.0,[]
TCGA-B0-5702,TCGA-B0-5709,1,1,1,1.0,"[""K4_repeat2_K4_C0003""]"
TCGA-B0-5702,TCGA-B0-5712,1,0,0,0.0,[]
TCGA-B0-5702,TCGA-B0-5812,1,1,0,0.0,[]
TCGA-B0-5702,TCGA-B8-4148,1,1,0,0.0,[]
TCGA-B0-5702,TCGA-B8-4151,1,0,0,0.0,[]
TCGA-B0-5702,TCGA-B8-4153,1,0,0,0.0,[]
TCGA-B0-5702,TCGA-B8-4619,1,0,0,0.0,[]
TCGA-B0-5702,TCGA-B8-4622,1,1,0,0.0,[]
TCGA-B0-5702,TCGA-B8-5158,1,0,0,0.0,[]
TCGA-B0-5702,TCGA-B8-5159,1,1,0,0.0,[]
TCGA-B0-5702,TCGA-B8-5162,1,1,0,0.0,[]
TCGA-B0-5702,TCGA-B8-5164,1,0,0,0.0,[]
TCGA-B0-5702,TCGA-B8-5165,1,1,0,0.0,[]
TCGA-B0-5702,TCGA-B8-5546,1,0,0,0.0,[]
TCGA-B0-5702,TCGA-B8-5549,1,1,0,0.0,[]
TCGA-B0-5702,TCGA-B8-5550,1,0,0,0.0,[]
TCGA-B0-5702,TCGA-B8-5551,1,1,1,1.0,"[""K4_repeat2_K4_C0003""]"
TCGA-B0-5702,TCGA-B8-5553,1,0,0,0.0,[]
TCGA-B0-5702,TCGA-B8-A54D,1,0,0,0.0,[]
TCGA-B0-5702,TCGA-B8-A54E,1,0,0,0.0,[]
TCGA-B0-5702,TCGA-B8-A54F,1,0,0,0.0,[]
TCGA-B0-5702,TCGA-B8-A54G,1,0,0,0.0,[]
TCGA-B0-5702,TCGA-BP-4164,1,1,0,0.0,[]
TCGA-B0-5702,TCGA-BP-4167,1,1,1,1.0,"[""K4_repeat2_K4_C0003""]"
TCGA-B0-5702,TCGA-BP-4770,1,0,0,0.0,[]
TCGA-B0-5702,TCGA-BP-4782,1,0,0,0.0,[]
TCGA-B0-5702,TCGA-BP-4960,1,1,0,0.0,[]
TCGA-B0-5702,TCGA-BP-4962,1,1,1,1.0,"[""K4_repeat2_K4_C0003""]"
TCGA-B0-5702,TCGA-BP-4965,1,1,0,0.0,[]
TCGA-B0-5702,TCGA-BP-4967,1,1,0,0.0,[]
TCGA-B0-5702,TCGA-BP-4970,1,1,0,0.0,[]
TCGA-B0-5702,TCGA-BP-4971,1,1,1,1.0,"[""K4_repeat2_K4_C0003""]"
TCGA-B0-5702,TCGA-BP-4972,1,0,0,0.0,[]
TCGA-B0-5702,TCGA-BP-4976,1,1,0,0.0,[]
TCGA-B0-5702,TCGA-BP-4977,1,1,0,0.0,[]
TCGA-B0-5702,TCGA-BP-4982,1,1,0,0.0,[]
TCGA-B0-5702,TCGA-BP-4986,1,1,0,0.0,[]
TCGA-B0-5702,TCGA-BP-4988,1,1,0,0.0,[]
TCGA-B0-5702,TCGA-BP-4989,1,1,0,0.0,[]
TCGA-B0-5702,TCGA-BP-4992,1,1,1,1.0,"[""K4_repeat2_K4_C0003""]"
TCGA-B0-5702,TCGA-BP-4994,1,0,0,0.0,[]
TCGA-B0-5702,TCGA-BP-4995,1,1,0,0.0,[]
TCGA-B0-5702,TCGA-BP-4999,1,1,0,0.0,[]
TCGA-B0-5702,TCGA-BP-5000,1,0,0,0.0,[]
TCGA-B0-5702,TCGA-BP-5001,1,1,0,0.0,[]
TCGA-B0-5702,TCGA-BP-5004,1,1,0,0.0,[]
TCGA-B0-5702,TCGA-BP-5006,1,1,0,0.0,[]
TCGA-B0-5702,TCGA-BP-5007,1,1,0,0.0,[]
TCGA-B0-5702,TCGA-BP-5009,1,1,0,0.0,[]
TCGA-B0-5702,TCGA-BP-5010,1,1,1,1.0,"[""K4_repeat2_K4_C0003""]"
TCGA-B0-5702,TCGA-BP-5174,1,1,0,0.0,[]
TCGA-B0-5702,TCGA-BP-5175,1,1,1,1.0,"[""K4_repeat2_K4_C0003""]"
TCGA-B0-5702,TCGA-BP-5180,1,1,0,0.0,[]
TCGA-B0-5702,TCGA-BP-5181,1,1,0,0.0,[]
TCGA-B0-5702,TCGA-BP-5183,1,1,0,0.0,[]
TCGA-B0-5702,TCGA-BP-5184,1,1,0,0.0,[]
TCGA-B0-5702,TCGA-BP-5186,1,1,0,0.0,[]
TCGA-B0-5702,TCGA-BP-5187,1,1,0,0.0,[]
TCGA-B0-5702,TCGA-BP-5189,1,1,0,0.0,[]
TCGA-B0-5702,TCGA-BP-5190,1,0,0,0.0,[]
TCGA-B0-5702,TCGA-BP-5191,1,0,0,0.0,[]
TCGA-B0-5702,TCGA-BP-5192,1,1,0,0.0,[]
TCGA-B0-5702,TCGA-BP-5194,1,1,0,0.0,[]
TCGA-B0-5702,TCGA-BP-5195,1,1,0,0.0,[]
TCGA-B0-5702,TCGA-BP-5196,1,1,0,0.0,[]
TCGA-B0-5702,TCGA-BP-5199,1,1,0,0.0,[]
TCGA-B0-5702,TCGA-BP-5200,1,1,0,0.0,[]
TCGA-B0-5702,TCGA-CJ-4637,1,1,1,1.0,"[""K4_repeat2_K4_C0003""]"
TCGA-B0-5702,TCGA-CJ-4641,1,1,1,1.0,"[""K4_repeat2_K4_C0003""]"
TCGA-B0-5702,TCGA-CJ-4900,1,1,1,1.0,"[""K4_repeat2_K4_C0003""]"
TCGA-B0-5702,TCGA-CJ-4902,1,1,1,1.0,"[""K4_repeat2_K4_C0003""]"
TCGA-B0-5702,TCGA-CJ-4903,1,1,0,0.0,[]
TCGA-B0-5702,TCGA-CJ-4904,1,1,0,0.0,[]
TCGA-B0-5702,TCGA-CJ-4923,1,1,1,1.0,"[""K4_repeat2_K4_C0003""]"
TCGA-B0-5702,TCGA-CJ-6027,1,1,1,1.0,"[""K4_repeat2_K4_C0003""]"
TCGA-B0-5702,TCGA-CJ-6028,1,1,1,1.0,"[""K4_repeat2_K4_C0003""]"
TCGA-B0-5702,TCGA-CJ-6030,1,1,1,1.0,"[""K4_repeat2_K4_C0003""]"
TCGA-B0-5702,TCGA-CJ-6033,1,1,0,0.0,[]
TCGA-B0-5702,TCGA-CZ-4859,1,1,0,0.0,[]
TCGA-B0-5702,TCGA-CZ-4863,1,0,0,0.0,[]
TCGA-B0-5702,TCGA-CZ-4865,1,0,0,0.0,[]
TCGA-B0-5702,TCGA-CZ-5451,1,1,0,0.0,[]
TCGA-B0-5702,TCGA-CZ-5462,1,0,0,0.0,[]
TCGA-B0-5702,TCGA-CZ-5468,1,0,0,0.0,[]
TCGA-B0-5702,TCGA-CZ-5984,1,1,0,0.0,[]
TCGA-B0-5702,TCGA-CZ-5985,1,1,1,1.0,"[""K4_repeat2_K4_C0003""]"
TCGA-B0-5702,TCGA-CZ-5988,1,0,0,0.0,[]
TCGA-B0-5702,TCGA-G6-A5PC,1,1,1,1.0,"[""K4_repeat2_K4_C0003""]"
TCGA-B0-5702,TCGA-G6-A8L7,1,1,0,0.0,[]
TCGA-B0-5703,TCGA-B0-5706,1,0,0,0.0,[]
TCGA-B0-5703,TCGA-B0-5709,1,1,0,0.0,[]
TCGA-B0-5703,TCGA-B0-5712,1,0,0,0.0,[]
TCGA-B0-5703,TCGA-B0-5812,1,1,1,1.0,"[""K4_repeat2_K4_C0001""]"
TCGA-B0-5703,TCGA-B8-4148,1,1,1,1.0,"[""K4_repeat2_K4_C0001""]"
TCGA-B0-5703,TCGA-B8-4151,1,0,0,0.0,[]
TCGA-B0-5703,TCGA-B8-4153,1,0,0,0.0,[]
TCGA-B0-5703,TCGA-B8-4619,1,0,0,0.0,[]
TCGA-B0-5703,TCGA-B8-4622,1,1,1,1.0,"[""K4_repeat2_K4_C0001""]"
TCGA-B0-5703,TCGA-B8-5158,1,0,0,0.0,[]
TCGA-B0-5703,TCGA-B8-5159,1,1,0,0.0,[]
TCGA-B0-5703,TCGA-B8-5162,1,1,0,0.0,[]
TCGA-B0-5703,TCGA-B8-5164,1,0,0,0.0,[]
TCGA-B0-5703,TCGA-B8-5165,1,1,0,0.0,[]
TCGA-B0-5703,TCGA-B8-5546,1,0,0,0.0,[]
TCGA-B0-5703,TCGA-B8-5549,1,1,0,0.0,[]
TCGA-B0-5703,TCGA-B8-5550,1,0,0,0.0,[]
TCGA-B0-5703,TCGA-B8-5551,1,1,0,0.0,[]
TCGA-B0-5703,TCGA-B8-5553,1,0,0,0.0,[]
TCGA-B0-5703,TCGA-B8-A54D,1,0,0,0.0,[]
TCGA-B0-5703,TCGA-B8-A54E,1,0,0,0.0,[]
TCGA-B0-5703,TCGA-B8-A54F,1,0,0,0.0,[]
TCGA-B0-5703,TCGA-B8-A54G,1,0,0,0.0,[]
TCGA-B0-5703,TCGA-BP-4164,1,1,1,1.0,"[""K4_repeat2_K4_C0001""]"
TCGA-B0-5703,TCGA-BP-4167,1,1,0,0.0,[]
TCGA-B0-5703,TCGA-BP-4770,1,0,0,0.0,[]
TCGA-B0-5703,TCGA-BP-4782,1,0,0,0.0,[]
TCGA-B0-5703,TCGA-BP-4960,1,1,1,1.0,"[""K4_repeat2_K4_C0001""]"
TCGA-B0-5703,TCGA-BP-4962,1,1,0,0.0,[]
TCGA-B0-5703,TCGA-BP-4965,1,1,1,1.0,"[""K4_repeat2_K4_C0001""]"
TCGA-B0-5703,TCGA-BP-4967,1,1,0,0.0,[]
TCGA-B0-5703,TCGA-BP-4970,1,1,0,0.0,[]
TCGA-B0-5703,TCGA-BP-4971,1,1,0,0.0,[]
TCGA-B0-5703,TCGA-BP-4972,1,0,0,0.0,[]
TCGA-B0-5703,TCGA-BP-4976,1,1,1,1.0,"[""K4_repeat2_K4_C0001""]"
TCGA-B0-5703,TCGA-BP-4977,1,1,0,0.0,[]
TCGA-B0-5703,TCGA-BP-4982,1,1,1,1.0,"[""K4_repeat2_K4_C0001""]"
TCGA-B0-5703,TCGA-BP-4986,1,1,0,0.0,[]
TCGA-B0-5703,TCGA-BP-4988,1,1,1,1.0,"[""K4_repeat2_K4_C0001""]"
TCGA-B0-5703,TCGA-BP-4989,1,1,1,1.0,"[""K4_repeat2_K4_C0001""]"
TCGA-B0-5703,TCGA-BP-4992,1,1,0,0.0,[]
TCGA-B0-5703,TCGA-BP-4994,1,0,0,0.0,[]
TCGA-B0-5703,TCGA-BP-4995,1,1,1,1.0,"[""K4_repeat2_K4_C0001""]"
TCGA-B0-5703,TCGA-BP-4999,1,1,1,1.0,"[""K4_repeat2_K4_C0001""]"
TCGA-B0-5703,TCGA-BP-5000,1,0,0,0.0,[]
TCGA-B0-5703,TCGA-BP-5001,1,1,1,1.0,"[""K4_repeat2_K4_C0001""]"
TCGA-B0-5703,TCGA-BP-5004,1,1,1,1.0,"[""K4_repeat2_K4_C0001""]"
TCGA-B0-5703,TCGA-BP-5006,1,1,1,1.0,"[""K4_repeat2_K4_C0001""]"
TCGA-B0-5703,TCGA-BP-5007,1,1,1,1.0,"[""K4_repeat2_K4_C0001""]"
TCGA-B0-5703,TCGA-BP-5009,1,1,1,1.0,"[""K4_repeat2_K4_C0001""]"
TCGA-B0-5703,TCGA-BP-5010,1,1,0,0.0,[]
TCGA-B0-5703,TCGA-BP-5174,1,1,0,0.0,[]
TCGA-B0-5703,TCGA-BP-5175,1,1,0,0.0,[]
TCGA-B0-5703,TCGA-BP-5180,1,1,1,1.0,"[""K4_repeat2_K4_C0001""]"
TCGA-B0-5703,TCGA-BP-5181,1,1,1,1.0,"[""K4_repeat2_K4_C0001""]"
TCGA-B0-5703,TCGA-BP-5183,1,1,1,1.0,"[""K4_repeat2_K4_C0001""]"
TCGA-B0-5703,TCGA-BP-5184,1,1,1,1.0,"[""K4_repeat2_K4_C0001""]"
TCGA-B0-5703,TCGA-BP-5186,1,1,1,1.0,"[""K4_repeat2_K4_C0001""]"
TCGA-B0-5703,TCGA-BP-5187,1,1,1,1.0,"[""K4_repeat2_K4_C0001""]"
TCGA-B0-5703,TCGA-BP-5189,1,1,1,1.0,"[""K4_repeat2_K4_C0001""]"
TCGA-B0-5703,TCGA-BP-5190,1,0,0,0.0,[]
TCGA-B0-5703,TCGA-BP-5191,1,0,0,0.0,[]
TCGA-B0-5703,TCGA-BP-5192,1,1,0,0.0,[]
TCGA-B0-5703,TCGA-BP-5194,1,1,1,1.0,"[""K4_repeat2_K4_C0001""]"
TCGA-B0-5703,TCGA-BP-5195,1,1,1,1.0,"[""K4_repeat2_K4_C0001""]"
TCGA-B0-5703,TCGA-BP-5196,1,1,0,0.0,[]
TCGA-B0-5703,TCGA-BP-5199,1,1,0,0.0,[]
TCGA-B0-5703,TCGA-BP-5200,1,1,1,1.0,"[""K4_repeat2_K4_C0001""]"
TCGA-B0-5703,TCGA-CJ-4637,1,1,0,0.0,[]
TCGA-B0-5703,TCGA-CJ-4641,1,1,0,0.0,[]
TCGA-B0-5703,TCGA-CJ-4900,1,1,0,0.0,[]
TCGA-B0-5703,TCGA-CJ-4902,1,1,0,0.0,[]
TCGA-B0-5703,TCGA-CJ-4903,1,1,1,1.0,"[""K4_repeat2_K4_C0001""]"
TCGA-B0-5703,TCGA-CJ-4904,1,1,1,1.0,"[""K4_repeat2_K4_C0001""]"
TCGA-B0-5703,TCGA-CJ-4923,1,1,0,0.0,[]
TCGA-B0-5703,TCGA-CJ-6027,1,1,0,0.0,[]
TCGA-B0-5703,TCGA-CJ-6028,1,1,0,0.0,[]
TCGA-B0-5703,TCGA-CJ-6030,1,1,0,0.0,[]
TCGA-B0-5703,TCGA-CJ-6033,1,1,1,1.0,"[""K4_repeat2_K4_C0001""]"
TCGA-B0-5703,TCGA-CZ-4859,1,1,1,1.0,"[""K4_repeat2_K4_C0001""]"
TCGA-B0-5703,TCGA-CZ-4863,1,0,0,0.0,[]
TCGA-B0-5703,TCGA-CZ-4865,1,0,0,0.0,[]
TCGA-B0-5703,TCGA-CZ-5451,1,1,1,1.0,"[""K4_repeat2_K4_C0001""]"
TCGA-B0-5703,TCGA-CZ-5462,1,0,0,0.0,[]
TCGA-B0-5703,TCGA-CZ-5468,1,0,0,0.0,[]
TCGA-B0-5703,TCGA-CZ-5984,1,1,0,0.0,[]
TCGA-B0-5703,TCGA-CZ-5985,1,1,0,0.0,[]
TCGA-B0-5703,TCGA-CZ-5988,1,0,0,0.0,[]
TCGA-B0-5703,TCGA-G6-A5PC,1,1,0,0.0,[]
TCGA-B0-5703,TCGA-G6-A8L7,1,1,1,1.0,"[""K4_repeat2_K4_C0001""]"
TCGA-B0-5706,TCGA-B0-5709,0,1,0,0.0,[]
TCGA-B0-5706,TCGA-B0-5712,0,0,0,0.0,[]
TCGA-B0-5706,TCGA-B0-5812,0,1,0,0.0,[]
TCGA-B0-5706,TCGA-B8-4148,0,1,0,0.0,[]
TCGA-B0-5706,TCGA-B8-4151,0,0,0,0.0,[]
TCGA-B0-5706,TCGA-B8-4153,0,0,0,0.0,[]
TCGA-B0-5706,TCGA-B8-4619,0,0,0,0.0,[]
TCGA-B0-5706,TCGA-B8-4622,0,1,0,0.0,[]
TCGA-B0-5706,TCGA-B8-5158,0,0,0,0.0,[]
TCGA-B0-5706,TCGA-B8-5159,0,1,0,0.0,[]
TCGA-B0-5706,TCGA-B8-5162,0,1,0,0.0,[]
TCGA-B0-5706,TCGA-B8-5164,0,0,0,0.0,[]
TCGA-B0-5706,TCGA-B8-5165,0,1,0,0.0,[]
TCGA-B0-5706,TCGA-B8-5546,0,0,0,0.0,[]
TCGA-B0-5706,TCGA-B8-5549,0,1,0,0.0,[]
TCGA-B0-5706,TCGA-B8-5550,0,0,0,0.0,[]
TCGA-B0-5706,TCGA-B8-5551,0,1,0,0.0,[]
TCGA-B0-5706,TCGA-B8-5553,0,0,0,0.0,[]
TCGA-B0-5706,TCGA-B8-A54D,0,0,0,0.0,[]
TCGA-B0-5706,TCGA-B8-A54E,0,0,0,0.0,[]
TCGA-B0-5706,TCGA-B8-A54F,0,0,0,0.0,[]
TCGA-B0-5706,TCGA-B8-A54G,0,0,0,0.0,[]
TCGA-B0-5706,TCGA-BP-4164,0,1,0,0.0,[]
TCGA-B0-5706,TCGA-BP-4167,0,1,0,0.0,[]
TCGA-B0-5706,TCGA-BP-4770,0,0,0,0.0,[]
TCGA-B0-5706,TCGA-BP-4782,0,0,0,0.0,[]
TCGA-B0-5706,TCGA-BP-4960,0,1,0,0.0,[]
TCGA-B0-5706,TCGA-BP-4962,0,1,0,0.0,[]
TCGA-B0-5706,TCGA-BP-4965,0,1,0,0.0,[]
TCGA-B0-5706,TCGA-BP-4967,0,1,0,0.0,[]
TCGA-B0-5706,TCGA-BP-4970,0,1,0,0.0,[]
TCGA-B0-5706,TCGA-BP-4971,0,1,0,0.0,[]
TCGA-B0-5706,TCGA-BP-4972,0,0,0,0.0,[]
TCGA-B0-5706,TCGA-BP-4976,0,1,0,0.0,[]
TCGA-B0-5706,TCGA-BP-4977,0,1,0,0.0,[]
TCGA-B0-5706,TCGA-BP-4982,0,1,0,0.0,[]
TCGA-B0-5706,TCGA-BP-4986,0,1,0,0.0,[]
TCGA-B0-5706,TCGA-BP-4988,0,1,0,0.0,[]
TCGA-B0-5706,TCGA-BP-4989,0,1,0,0.0,[]
TCGA-B0-5706,TCGA-BP-4992,0,1,0,0.0,[]
TCGA-B0-5706,TCGA-BP-4994,0,0,0,0.0,[]
TCGA-B0-5706,TCGA-BP-4995,0,1,0,0.0,[]
TCGA-B0-5706,TCGA-BP-4999,0,1,0,0.0,[]
TCGA-B0-5706,TCGA-BP-5000,0,0,0,0.0,[]
TCGA-B0-5706,TCGA-BP-5001,0,1,0,0.0,[]
TCGA-B0-5706,TCGA-BP-5004,0,1,0,0.0,[]
TCGA-B0-5706,TCGA-BP-5006,0,1,0,0.0,[]
TCGA-B0-5706,TCGA-BP-5007,0,1,0,0.0,[]
TCGA-B0-5706,TCGA-BP-5009,0,1,0,0.0,[]
TCGA-B0-5706,TCGA-BP-5010,0,1,0,0.0,[]
TCGA-B0-5706,TCGA-BP-5174,0,1,0,0.0,[]
TCGA-B0-5706,TCGA-BP-5175,0,1,0,0.0,[]
TCGA-B0-5706,TCGA-BP-5180,0,1,0,0.0,[]
TCGA-B0-5706,TCGA-BP-5181,0,1,0,0.0,[]
TCGA-B0-5706,TCGA-BP-5183,0,1,0,0.0,[]
TCGA-B0-5706,TCGA-BP-5184,0,1,0,0.0,[]
TCGA-B0-5706,TCGA-BP-5186,0,1,0,0.0,[]
TCGA-B0-5706,TCGA-BP-5187,0,1,0,0.0,[]
TCGA-B0-5706,TCGA-BP-5189,0,1,0,0.0,[]
TCGA-B0-5706,TCGA-BP-5190,0,0,0,0.0,[]
TCGA-B0-5706,TCGA-BP-5191,0,0,0,0.0,[]
TCGA-B0-5706,TCGA-BP-5192,0,1,0,0.0,[]
TCGA-B0-5706,TCGA-BP-5194,0,1,0,0.0,[]
TCGA-B0-5706,TCGA-BP-5195,0,1,0,0.0,[]
TCGA-B0-5706,TCGA-BP-5196,0,1,0,0.0,[]
TCGA-B0-5706,TCGA-BP-5199,0,1,0,0.0,[]
TCGA-B0-5706,TCGA-BP-5200,0,1,0,0.0,[]
TCGA-B0-5706,TCGA-CJ-4637,0,1,0,0.0,[]
TCGA-B0-5706,TCGA-CJ-4641,0,1,0,0.0,[]
TCGA-B0-5706,TCGA-CJ-4900,0,1,0,0.0,[]
TCGA-B0-5706,TCGA-CJ-4902,0,1,0,0.0,[]
TCGA-B0-5706,TCGA-CJ-4903,0,1,0,0.0,[]
TCGA-B0-5706,TCGA-CJ-4904,0,1,0,0.0,[]
TCGA-B0-5706,TCGA-CJ-4923,0,1,0,0.0,[]
TCGA-B0-5706,TCGA-CJ-6027,0,1,0,0.0,[]
TCGA-B0-5706,TCGA-CJ-6028,0,1,0,0.0,[]
TCGA-B0-5706,TCGA-CJ-6030,0,1,0,0.0,[]
TCGA-B0-5706,TCGA-CJ-6033,0,1,0,0.0,[]
TCGA-B0-5706,TCGA-CZ-4859,0,1,0,0.0,[]
TCGA-B0-5706,TCGA-CZ-4863,0,0,0,0.0,[]
TCGA-B0-5706,TCGA-CZ-4865,0,0,0,0.0,[]
TCGA-B0-5706,TCGA-CZ-5451,0,1,0,0.0,[]
TCGA-B0-5706,TCGA-CZ-5462,0,0,0,0.0,[]
TCGA-B0-5706,TCGA-CZ-5468,0,0,0,0.0,[]
TCGA-B0-5706,TCGA-CZ-5984,0,1,0,0.0,[]
TCGA-B0-5706,TCGA-CZ-5985,0,1,0,0.0,[]
TCGA-B0-5706,TCGA-CZ-5988,0,0,0,0.0,[]
TCGA-B0-5706,TCGA-G6-A5PC,0,1,0,0.0,[]
TCGA-B0-5706,TCGA-G6-A8L7,0,1,0,0.0,[]
TCGA-B0-5709,TCGA-B0-5712,1,0,0,0.0,[]
TCGA-B0-5709,TCGA-B0-5812,1,1,0,0.0,[]
TCGA-B0-5709,TCGA-B8-4148,1,1,0,0.0,[]
TCGA-B0-5709,TCGA-B8-4151,1,0,0,0.0,[]
TCGA-B0-5709,TCGA-B8-4153,1,0,0,0.0,[]
TCGA-B0-5709,TCGA-B8-4619,1,0,0,0.0,[]
TCGA-B0-5709,TCGA-B8-4622,1,1,0,0.0,[]
TCGA-B0-5709,TCGA-B8-5158,1,0,0,0.0,[]
TCGA-B0-5709,TCGA-B8-5159,1,1,0,0.0,[]
TCGA-B0-5709,TCGA-B8-5162,1,1,0,0.0,[]
TCGA-B0-5709,TCGA-B8-5164,1,0,0,0.0,[]
TCGA-B0-5709,TCGA-B8-5165,1,1,0,0.0,[]
TCGA-B0-5709,TCGA-B8-5546,1,0,0,0.0,[]
TCGA-B0-5709,TCGA-B8-5549,1,1,0,0.0,[]
TCGA-B0-5709,TCGA-B8-5550,1,0,0,0.0,[]
TCGA-B0-5709,TCGA-B8-5551,1,1,1,1.0,"[""K4_repeat2_K4_C0003""]"
TCGA-B0-5709,TCGA-B8-5553,1,0,0,0.0,[]
TCGA-B0-5709,TCGA-B8-A54D,1,0,0,0.0,[]
TCGA-B0-5709,TCGA-B8-A54E,1,0,0,0.0,[]
TCGA-B0-5709,TCGA-B8-A54F,1,0,0,0.0,[]
TCGA-B0-5709,TCGA-B8-A54G,1,0,0,0.0,[]
TCGA-B0-5709,TCGA-BP-4164,1,1,0,0.0,[]
TCGA-B0-5709,TCGA-BP-4167,1,1,1,1.0,"[""K4_repeat2_K4_C0003""]"
TCGA-B0-5709,TCGA-BP-4770,1,0,0,0.0,[]
TCGA-B0-5709,TCGA-BP-4782,1,0,0,0.0,[]
TCGA-B0-5709,TCGA-BP-4960,1,1,0,0.0,[]
TCGA-B0-5709,TCGA-BP-4962,1,1,1,1.0,"[""K4_repeat2_K4_C0003""]"
TCGA-B0-5709,TCGA-BP-4965,1,1,0,0.0,[]
TCGA-B0-5709,TCGA-BP-4967,1,1,0,0.0,[]
TCGA-B0-5709,TCGA-BP-4970,1,1,0,0.0,[]
TCGA-B0-5709,TCGA-BP-4971,1,1,1,1.0,"[""K4_repeat2_K4_C0003""]"
TCGA-B0-5709,TCGA-BP-4972,1,0,0,0.0,[]
TCGA-B0-5709,TCGA-BP-4976,1,1,0,0.0,[]
TCGA-B0-5709,TCGA-BP-4977,1,1,0,0.0,[]
TCGA-B0-5709,TCGA-BP-4982,1,1,0,0.0,[]
TCGA-B0-5709,TCGA-BP-4986,1,1,0,0.0,[]
TCGA-B0-5709,TCGA-BP-4988,1,1,0,0.0,[]
TCGA-B0-5709,TCGA-BP-4989,1,1,0,0.0,[]
TCGA-B0-5709,TCGA-BP-4992,1,1,1,1.0,"[""K4_repeat2_K4_C0003""]"
TCGA-B0-5709,TCGA-BP-4994,1,0,0,0.0,[]
TCGA-B0-5709,TCGA-BP-4995,1,1,0,0.0,[]
TCGA-B0-5709,TCGA-BP-4999,1,1,0,0.0,[]
TCGA-B0-5709,TCGA-BP-5000,1,0,0,0.0,[]
TCGA-B0-5709,TCGA-BP-5001,1,1,0,0.0,[]
TCGA-B0-5709,TCGA-BP-5004,1,1,0,0.0,[]
TCGA-B0-5709,TCGA-BP-5006,1,1,0,0.0,[]
TCGA-B0-5709,TCGA-BP-5007,1,1,0,0.0,[]
TCGA-B0-5709,TCGA-BP-5009,1,1,0,0.0,[]
TCGA-B0-5709,TCGA-BP-5010,1,1,1,1.0,"[""K4_repeat2_K4_C0003""]"
TCGA-B0-5709,TCGA-BP-5174,1,1,0,0.0,[]
TCGA-B0-5709,TCGA-BP-5175,1,1,1,1.0,"[""K4_repeat2_K4_C0003""]"
TCGA-B0-5709,TCGA-BP-5180,1,1,0,0.0,[]
TCGA-B0-5709,TCGA-BP-5181,1,1,0,0.0,[]
TCGA-B0-5709,TCGA-BP-5183,1,1,0,0.0,[]
TCGA-B0-5709,TCGA-BP-5184,1,1,0,0.0,[]
TCGA-B0-5709,TCGA-BP-5186,1,1,0,0.0,[]
TCGA-B0-5709,TCGA-BP-5187,1,1,0,0.0,[]
TCGA-B0-5709,TCGA-BP-5189,1,1,0,0.0,[]
TCGA-B0-5709,TCGA-BP-5190,1,0,0,0.0,[]
TCGA-B0-5709,TCGA-BP-5191,1,0,0,0.0,[]
TCGA-B0-5709,TCGA-BP-5192,1,1,0,0.0,[]
TCGA-B0-5709,TCGA-BP-5194,1,1,0,0.0,[]
TCGA-B0-5709,TCGA-BP-5195,1,1,0,0.0,[]
TCGA-B0-5709,TCGA-BP-5196,1,1,0,0.0,[]
TCGA-B0-5709,TCGA-BP-5199,1,1,0,0.0,[]
TCGA-B0-5709,TCGA-BP-5200,1,1,0,0.0,[]
TCGA-B0-5709,TCGA-CJ-4637,1,1,1,1.0,"[""K4_repeat2_K4_C0003""]"
TCGA-B0-5709,TCGA-CJ-4641,1,1,1,1.0,"[""K4_repeat2_K4_C0003""]"
TCGA-B0-5709,TCGA-CJ-4900,1,1,1,1.0,"[""K4_repeat2_K4_C0003""]"
TCGA-B0-5709,TCGA-CJ-4902,1,1,1,1.0,"[""K4_repeat2_K4_C0003""]"
TCGA-B0-5709,TCGA-CJ-4903,1,1,0,0.0,[]
TCGA-B0-5709,TCGA-CJ-4904,1,1,0,0.0,[]
TCGA-B0-5709,TCGA-CJ-4923,1,1,1,1.0,"[""K4_repeat2_K4_C0003""]"
TCGA-B0-5709,TCGA-CJ-6027,1,1,1,1.0,"[""K4_repeat2_K4_C0003""]"
TCGA-B0-5709,TCGA-CJ-6028,1,1,1,1.0,"[""K4_repeat2_K4_C0003""]"
TCGA-B0-5709,TCGA-CJ-6030,1,1,1,1.0,"[""K4_repeat2_K4_C0003""]"
TCGA-B0-5709,TCGA-CJ-6033,1,1,0,0.0,[]
TCGA-B0-5709,TCGA-CZ-4859,1,1,0,0.0,[]
TCGA-B0-5709,TCGA-CZ-4863,1,0,0,0.0,[]
TCGA-B0-5709,TCGA-CZ-4865,1,0,0,0.0,[]
TCGA-B0-5709,TCGA-CZ-5451,1,1,0,0.0,[]
TCGA-B0-5709,TCGA-CZ-5462,1,0,0,0.0,[]
TCGA-B0-5709,TCGA-CZ-5468,1,0,0,0.0,[]
TCGA-B0-5709,TCGA-CZ-5984,1,1,0,0.0,[]
TCGA-B0-5709,TCGA-CZ-5985,1,1,1,1.0,"[""K4_repeat2_K4_C0003""]"
TCGA-B0-5709,TCGA-CZ-5988,1,0,0,0.0,[]
TCGA-B0-5709,TCGA-G6-A5PC,1,1,1,1.0,"[""K4_repeat2_K4_C0003""]"
TCGA-B0-5709,TCGA-G6-A8L7,1,1,0,0.0,[]
TCGA-B0-5712,TCGA-B0-5812,0,1,0,0.0,[]
TCGA-B0-5712,TCGA-B8-4148,0,1,0,0.0,[]
TCGA-B0-5712,TCGA-B8-4151,0,0,0,0.0,[]
TCGA-B0-5712,TCGA-B8-4153,0,0,0,0.0,[]
TCGA-B0-5712,TCGA-B8-4619,0,0,0,0.0,[]
TCGA-B0-5712,TCGA-B8-4622,0,1,0,0.0,[]
TCGA-B0-5712,TCGA-B8-5158,0,0,0,0.0,[]
TCGA-B0-5712,TCGA-B8-5159,0,1,0,0.0,[]
TCGA-B0-5712,TCGA-B8-5162,0,1,0,0.0,[]
TCGA-B0-5712,TCGA-B8-5164,0,0,0,0.0,[]
TCGA-B0-5712,TCGA-B8-5165,0,1,0,0.0,[]
TCGA-B0-5712,TCGA-B8-5546,0,0,0,0.0,[]
TCGA-B0-5712,TCGA-B8-5549,0,1,0,0.0,[]
TCGA-B0-5712,TCGA-B8-5550,0,0,0,0.0,[]
TCGA-B0-5712,TCGA-B8-5551,0,1,0,0.0,[]
TCGA-B0-5712,TCGA-B8-5553,0,0,0,0.0,[]
TCGA-B0-5712,TCGA-B8-A54D,0,0,0,0.0,[]
TCGA-B0-5712,TCGA-B8-A54E,0,0,0,0.0,[]
TCGA-B0-5712,TCGA-B8-A54F,0,0,0,0.0,[]
TCGA-B0-5712,TCGA-B8-A54G,0,0,0,0.0,[]
TCGA-B0-5712,TCGA-BP-4164,0,1,0,0.0,[]
TCGA-B0-5712,TCGA-BP-4167,0,1,0,0.0,[]
TCGA-B0-5712,TCGA-BP-4770,0,0,0,0.0,[]
TCGA-B0-5712,TCGA-BP-4782,0,0,0,0.0,[]
TCGA-B0-5712,TCGA-BP-4960,0,1,0,0.0,[]
TCGA-B0-5712,TCGA-BP-4962,0,1,0,0.0,[]
TCGA-B0-5712,TCGA-BP-4965,0,1,0,0.0,[]
TCGA-B0-5712,TCGA-BP-4967,0,1,0,0.0,[]
TCGA-B0-5712,TCGA-BP-4970,0,1,0,0.0,[]
TCGA-B0-5712,TCGA-BP-4971,0,1,0,0.0,[]
TCGA-B0-5712,TCGA-BP-4972,0,0,0,0.0,[]
TCGA-B0-5712,TCGA-BP-4976,0,1,0,0.0,[]
TCGA-B0-5712,TCGA-BP-4977,0,1,0,0.0,[]
TCGA-B0-5712,TCGA-BP-4982,0,1,0,0.0,[]
TCGA-B0-5712,TCGA-BP-4986,0,1,0,0.0,[]
TCGA-B0-5712,TCGA-BP-4988,0,1,0,0.0,[]
TCGA-B0-5712,TCGA-BP-4989,0,1,0,0.0,[]
TCGA-B0-5712,TCGA-BP-4992,0,1,0,0.0,[]
TCGA-B0-5712,TCGA-BP-4994,0,0,0,0.0,[]
TCGA-B0-5712,TCGA-BP-4995,0,1,0,0.0,[]
TCGA-B0-5712,TCGA-BP-4999,0,1,0,0.0,[]
TCGA-B0-5712,TCGA-BP-5000,0,0,0,0.0,[]
TCGA-B0-5712,TCGA-BP-5001,0,1,0,0.0,[]
TCGA-B0-5712,TCGA-BP-5004,0,1,0,0.0,[]
TCGA-B0-5712,TCGA-BP-5006,0,1,0,0.0,[]
TCGA-B0-5712,TCGA-BP-5007,0,1,0,0.0,[]
TCGA-B0-5712,TCGA-BP-5009,0,1,0,0.0,[]
TCGA-B0-5712,TCGA-BP-5010,0,1,0,0.0,[]
TCGA-B0-5712,TCGA-BP-5174,0,1,0,0.0,[]
TCGA-B0-5712,TCGA-BP-5175,0,1,0,0.0,[]
TCGA-B0-5712,TCGA-BP-5180,0,1,0,0.0,[]
TCGA-B0-5712,TCGA-BP-5181,0,1,0,0.0,[]
TCGA-B0-5712,TCGA-BP-5183,0,1,0,0.0,[]
TCGA-B0-5712,TCGA-BP-5184,0,1,0,0.0,[]
TCGA-B0-5712,TCGA-BP-5186,0,1,0,0.0,[]
TCGA-B0-5712,TCGA-BP-5187,0,1,0,0.0,[]
TCGA-B0-5712,TCGA-BP-5189,0,1,0,0.0,[]
TCGA-B0-5712,TCGA-BP-5190,0,0,0,0.0,[]
TCGA-B0-5712,TCGA-BP-5191,0,0,0,0.0,[]
TCGA-B0-5712,TCGA-BP-5192,0,1,0,0.0,[]
TCGA-B0-5712,TCGA-BP-5194,0,1,0,0.0,[]
TCGA-B0-5712,TCGA-BP-5195,0,1,0,0.0,[]
TCGA-B0-5712,TCGA-BP-5196,0,1,0,0.0,[]
TCGA-B0-5712,TCGA-BP-5199,0,1,0,0.0,[]
TCGA-B0-5712,TCGA-BP-5200,0,1,0,0.0,[]
TCGA-B0-5712,TCGA-CJ-4637,0,1,0,0.0,[]
TCGA-B0-5712,TCGA-CJ-4641,0,1,0,0.0,[]
TCGA-B0-5712,TCGA-CJ-4900,0,1,0,0.0,[]
TCGA-B0-5712,TCGA-CJ-4902,0,1,0,0.0,[]
TCGA-B0-5712,TCGA-CJ-4903,0,1,0,0.0,[]
TCGA-B0-5712,TCGA-CJ-4904,0,1,0,0.0,[]
TCGA-B0-5712,TCGA-CJ-4923,0,1,0,0.0,[]
TCGA-B0-5712,TCGA-CJ-6027,0,1,0,0.0,[]
TCGA-B0-5712,TCGA-CJ-6028,0,1,0,0.0,[]
TCGA-B0-5712,TCGA-CJ-6030,0,1,0,0.0,[]
TCGA-B0-5712,TCGA-CJ-6033,0,1,0,0.0,[]
TCGA-B0-5712,TCGA-CZ-4859,0,1,0,0.0,[]
TCGA-B0-5712,TCGA-CZ-4863,0,0,0,0.0,[]
TCGA-B0-5712,TCGA-CZ-4865,0,0,0,0.0,[]
TCGA-B0-5712,TCGA-CZ-5451,0,1,0,0.0,[]
TCGA-B0-5712,TCGA-CZ-5462,0,0,0,0.0,[]
TCGA-B0-5712,TCGA-CZ-5468,0,0,0,0.0,[]
TCGA-B0-5712,TCGA-CZ-5984,0,1,0,0.0,[]
TCGA-B0-5712,TCGA-CZ-5985,0,1,0,0.0,[]
TCGA-B0-5712,TCGA-CZ-5988,0,0,0,0.0,[]
TCGA-B0-5712,TCGA-G6-A5PC,0,1,0,0.0,[]
TCGA-B0-5712,TCGA-G6-A8L7,0,1,0,0.0,[]
TCGA-B0-5812,TCGA-B8-4148,1,1,1,1.0,"[""K4_repeat2_K4_C0001""]"
TCGA-B0-5812,TCGA-B8-4151,1,0,0,0.0,[]
TCGA-B0-5812,TCGA-B8-4153,1,0,0,0.0,[]
TCGA-B0-5812,TCGA-B8-4619,1,0,0,0.0,[]
TCGA-B0-5812,TCGA-B8-4622,1,1,1,1.0,"[""K4_repeat2_K4_C0001""]"
TCGA-B0-5812,TCGA-B8-5158,1,0,0,0.0,[]
TCGA-B0-5812,TCGA-B8-5159,1,1,0,0.0,[]
TCGA-B0-5812,TCGA-B8-5162,1,1,0,0.0,[]
TCGA-B0-5812,TCGA-B8-5164,1,0,0,0.0,[]
TCGA-B0-5812,TCGA-B8-5165,1,1,0,0.0,[]
TCGA-B0-5812,TCGA-B8-5546,1,0,0,0.0,[]
TCGA-B0-5812,TCGA-B8-5549,1,1,0,0.0,[]
TCGA-B0-5812,TCGA-B8-5550,1,0,0,0.0,[]
TCGA-B0-5812,TCGA-B8-5551,1,1,0,0.0,[]
TCGA-B0-5812,TCGA-B8-5553,1,0,0,0.0,[]
TCGA-B0-5812,TCGA-B8-A54D,1,0,0,0.0,[]
TCGA-B0-5812,TCGA-B8-A54E,1,0,0,0.0,[]
TCGA-B0-5812,TCGA-B8-A54F,1,0,0,0.0,[]
TCGA-B0-5812,TCGA-B8-A54G,1,0,0,0.0,[]
TCGA-B0-5812,TCGA-BP-4164,1,1,1,1.0,"[""K4_repeat2_K4_C0001""]"
TCGA-B0-5812,TCGA-BP-4167,1,1,0,0.0,[]
TCGA-B0-5812,TCGA-BP-4770,1,0,0,0.0,[]
TCGA-B0-5812,TCGA-BP-4782,1,0,0,0.0,[]
TCGA-B0-5812,TCGA-BP-4960,1,1,1,1.0,"[""K4_repeat2_K4_C0001""]"
TCGA-B0-5812,TCGA-BP-4962,1,1,0,0.0,[]
TCGA-B0-5812,TCGA-BP-4965,1,1,1,1.0,"[""K4_repeat2_K4_C0001""]"
TCGA-B0-5812,TCGA-BP-4967,1,1,0,0.0,[]
TCGA-B0-5812,TCGA-BP-4970,1,1,0,0.0,[]
TCGA-B0-5812,TCGA-BP-4971,1,1,0,0.0,[]
TCGA-B0-5812,TCGA-BP-4972,1,0,0,0.0,[]
TCGA-B0-5812,TCGA-BP-4976,1,1,1,1.0,"[""K4_repeat2_K4_C0001""]"
TCGA-B0-5812,TCGA-BP-4977,1,1,0,0.0,[]
TCGA-B0-5812,TCGA-BP-4982,1,1,1,1.0,"[""K4_repeat2_K4_C0001""]"
TCGA-B0-5812,TCGA-BP-4986,1,1,0,0.0,[]
TCGA-B0-5812,TCGA-BP-4988,1,1,1,1.0,"[""K4_repeat2_K4_C0001""]"
TCGA-B0-5812,TCGA-BP-4989,1,1,1,1.0,"[""K4_repeat2_K4_C0001""]"
TCGA-B0-5812,TCGA-BP-4992,1,1,0,0.0,[]
TCGA-B0-5812,TCGA-BP-4994,1,0,0,0.0,[]
TCGA-B0-5812,TCGA-BP-4995,1,1,1,1.0,"[""K4_repeat2_K4_C0001""]"
TCGA-B0-5812,TCGA-BP-4999,1,1,1,1.0,"[""K4_repeat2_K4_C0001""]"
TCGA-B0-5812,TCGA-BP-5000,1,0,0,0.0,[]
TCGA-B0-5812,TCGA-BP-5001,1,1,1,1.0,"[""K4_repeat2_K4_C0001""]"
TCGA-B0-5812,TCGA-BP-5004,1,1,1,1.0,"[""K4_repeat2_K4_C0001""]"
TCGA-B0-5812,TCGA-BP-5006,1,1,1,1.0,"[""K4_repeat2_K4_C0001""]"
TCGA-B0-5812,TCGA-BP-5007,1,1,1,1.0,"[""K4_repeat2_K4_C0001""]"
TCGA-B0-5812,TCGA-BP-5009,1,1,1,1.0,"[""K4_repeat2_K4_C0001""]"
TCGA-B0-5812,TCGA-BP-5010,1,1,0,0.0,[]
TCGA-B0-5812,TCGA-BP-5174,1,1,0,0.0,[]
TCGA-B0-5812,TCGA-BP-5175,1,1,0,0.0,[]
TCGA-B0-5812,TCGA-BP-5180,1,1,1,1.0,"[""K4_repeat2_K4_C0001""]"
TCGA-B0-5812,TCGA-BP-5181,1,1,1,1.0,"[""K4_repeat2_K4_C0001""]"
TCGA-B0-5812,TCGA-BP-5183,1,1,1,1.0,"[""K4_repeat2_K4_C0001""]"
TCGA-B0-5812,TCGA-BP-5184,1,1,1,1.0,"[""K4_repeat2_K4_C0001""]"
TCGA-B0-5812,TCGA-BP-5186,1,1,1,1.0,"[""K4_repeat2_K4_C0001""]"
TCGA-B0-5812,TCGA-BP-5187,1,1,1,1.0,"[""K4_repeat2_K4_C0001""]"
TCGA-B0-5812,TCGA-BP-5189,1,1,1,1.0,"[""K4_repeat2_K4_C0001""]"
TCGA-B0-5812,TCGA-BP-5190,1,0,0,0.0,[]
TCGA-B0-5812,TCGA-BP-5191,1,0,0,0.0,[]
TCGA-B0-5812,TCGA-BP-5192,1,1,0,0.0,[]
TCGA-B0-5812,TCGA-BP-5194,1,1,1,1.0,"[""K4_repeat2_K4_C0001""]"
TCGA-B0-5812,TCGA-BP-5195,1,1,1,1.0,"[""K4_repeat2_K4_C0001""]"
TCGA-B0-5812,TCGA-BP-5196,1,1,0,0.0,[]
TCGA-B0-5812,TCGA-BP-5199,1,1,0,0.0,[]
TCGA-B0-5812,TCGA-BP-5200,1,1,1,1.0,"[""K4_repeat2_K4_C0001""]"
TCGA-B0-5812,TCGA-CJ-4637,1,1,0,0.0,[]
TCGA-B0-5812,TCGA-CJ-4641,1,1,0,0.0,[]
TCGA-B0-5812,TCGA-CJ-4900,1,1,0,0.0,[]
TCGA-B0-5812,TCGA-CJ-4902,1,1,0,0.0,[]
TCGA-B0-5812,TCGA-CJ-4903,1,1,1,1.0,"[""K4_repeat2_K4_C0001""]"
TCGA-B0-5812,TCGA-CJ-4904,1,1,1,1.0,"[""K4_repeat2_K4_C0001""]"
TCGA-B0-5812,TCGA-CJ-4923,1,1,0,0.0,[]
TCGA-B0-5812,TCGA-CJ-6027,1,1,0,0.0,[]
TCGA-B0-5812,TCGA-CJ-6028,1,1,0,0.0,[]
TCGA-B0-5812,TCGA-CJ-6030,1,1,0,0.0,[]
TCGA-B0-5812,TCGA-CJ-6033,1,1,1,1.0,"[""K4_repeat2_K4_C0001""]"
TCGA-B0-5812,TCGA-CZ-4859,1,1,1,1.0,"[""K4_repeat2_K4_C0001""]"
TCGA-B0-5812,TCGA-CZ-4863,1,0,0,0.0,[]
TCGA-B0-5812,TCGA-CZ-4865,1,0,0,0.0,[]
TCGA-B0-5812,TCGA-CZ-5451,1,1,1,1.0,"[""K4_repeat2_K4_C0001""]"
TCGA-B0-5812,TCGA-CZ-5462,1,0,0,0.0,[]
TCGA-B0-5812,TCGA-CZ-5468,1,0,0,0.0,[]
TCGA-B0-5812,TCGA-CZ-5984,1,1,0,0.0,[]
TCGA-B0-5812,TCGA-CZ-5985,1,1,0,0.0,[]
TCGA-B0-5812,TCGA-CZ-5988,1,0,0,0.0,[]
TCGA-B0-5812,TCGA-G6-A5PC,1,1,0,0.0,[]
TCGA-B0-5812,TCGA-G6-A8L7,1,1,1,1.0,"[""K4_repeat2_K4_C0001""]"
TCGA-B8-4148,TCGA-B8-4151,1,0,0,0.0,[]
TCGA-B8-4148,TCGA-B8-4153,1,0,0,0.0,[]
TCGA-B8-4148,TCGA-B8-4619,1,0,0,0.0,[]
TCGA-B8-4148,TCGA-B8-4622,1,1,1,1.0,"[""K4_repeat2_K4_C0001""]"
TCGA-B8-4148,TCGA-B8-5158,1,0,0,0.0,[]
TCGA-B8-4148,TCGA-B8-5159,1,1,0,0.0,[]
TCGA-B8-4148,TCGA-B8-5162,1,1,0,0.0,[]
TCGA-B8-4148,TCGA-B8-5164,1,0,0,0.0,[]
TCGA-B8-4148,TCGA-B8-5165,1,1,0,0.0,[]
TCGA-B8-4148,TCGA-B8-5546,1,0,0,0.0,[]
TCGA-B8-4148,TCGA-B8-5549,1,1,0,0.0,[]
TCGA-B8-4148,TCGA-B8-5550,1,0,0,0.0,[]
TCGA-B8-4148,TCGA-B8-5551,1,1,0,0.0,[]
TCGA-B8-4148,TCGA-B8-5553,1,0,0,0.0,[]
TCGA-B8-4148,TCGA-B8-A54D,1,0,0,0.0,[]
TCGA-B8-4148,TCGA-B8-A54E,1,0,0,0.0,[]
TCGA-B8-4148,TCGA-B8-A54F,1,0,0,0.0,[]
TCGA-B8-4148,TCGA-B8-A54G,1,0,0,0.0,[]
TCGA-B8-4148,TCGA-BP-4164,1,1,1,1.0,"[""K4_repeat2_K4_C0001""]"
TCGA-B8-4148,TCGA-BP-4167,1,1,0,0.0,[]
TCGA-B8-4148,TCGA-BP-4770,1,0,0,0.0,[]
TCGA-B8-4148,TCGA-BP-4782,1,0,0,0.0,[]
TCGA-B8-4148,TCGA-BP-4960,1,1,1,1.0,"[""K4_repeat2_K4_C0001""]"
TCGA-B8-4148,TCGA-BP-4962,1,1,0,0.0,[]
TCGA-B8-4148,TCGA-BP-4965,1,1,1,1.0,"[""K4_repeat2_K4_C0001""]"
TCGA-B8-4148,TCGA-BP-4967,1,1,0,0.0,[]
TCGA-B8-4148,TCGA-BP-4970,1,1,0,0.0,[]
TCGA-B8-4148,TCGA-BP-4971,1,1,0,0.0,[]
TCGA-B8-4148,TCGA-BP-4972,1,0,0,0.0,[]
TCGA-B8-4148,TCGA-BP-4976,1,1,1,1.0,"[""K4_repeat2_K4_C0001""]"
TCGA-B8-4148,TCGA-BP-4977,1,1,0,0.0,[]
TCGA-B8-4148,TCGA-BP-4982,1,1,1,1.0,"[""K4_repeat2_K4_C0001""]"
TCGA-B8-4148,TCGA-BP-4986,1,1,0,0.0,[]
TCGA-B8-4148,TCGA-BP-4988,1,1,1,1.0,"[""K4_repeat2_K4_C0001""]"
TCGA-B8-4148,TCGA-BP-4989,1,1,1,1.0,"[""K4_repeat2_K4_C0001""]"
TCGA-B8-4148,TCGA-BP-4992,1,1,0,0.0,[]
TCGA-B8-4148,TCGA-BP-4994,1,0,0,0.0,[]
TCGA-B8-4148,TCGA-BP-4995,1,1,1,1.0,"[""K4_repeat2_K4_C0001""]"
TCGA-B8-4148,TCGA-BP-4999,1,1,1,1.0,"[""K4_repeat2_K4_C0001""]"
TCGA-B8-4148,TCGA-BP-5000,1,0,0,0.0,[]
TCGA-B8-4148,TCGA-BP-5001,1,1,1,1.0,"[""K4_repeat2_K4_C0001""]"
TCGA-B8-4148,TCGA-BP-5004,1,1,1,1.0,"[""K4_repeat2_K4_C0001""]"
TCGA-B8-4148,TCGA-BP-5006,1,1,1,1.0,"[""K4_repeat2_K4_C0001""]"
TCGA-B8-4148,TCGA-BP-5007,1,1,1,1.0,"[""K4_repeat2_K4_C0001""]"
TCGA-B8-4148,TCGA-BP-5009,1,1,1,1.0,"[""K4_repeat2_K4_C0001""]"
TCGA-B8-4148,TCGA-BP-5010,1,1,0,0.0,[]
TCGA-B8-4148,TCGA-BP-5174,1,1,0,0.0,[]
TCGA-B8-4148,TCGA-BP-5175,1,1,0,0.0,[]
TCGA-B8-4148,TCGA-BP-5180,1,1,1,1.0,"[""K4_repeat2_K4_C0001""]"
TCGA-B8-4148,TCGA-BP-5181,1,1,1,1.0,"[""K4_repeat2_K4_C0001""]"
TCGA-B8-4148,TCGA-BP-5183,1,1,1,1.0,"[""K4_repeat2_K4_C0001""]"
TCGA-B8-4148,TCGA-BP-5184,1,1,1,1.0,"[""K4_repeat2_K4_C0001""]"
TCGA-B8-4148,TCGA-BP-5186,1,1,1,1.0,"[""K4_repeat2_K4_C0001""]"
TCGA-B8-4148,TCGA-BP-5187,1,1,1,1.0,"[""K4_repeat2_K4_C0001""]"
TCGA-B8-4148,TCGA-BP-5189,1,1,1,1.0,"[""K4_repeat2_K4_C0001""]"
TCGA-B8-4148,TCGA-BP-5190,1,0,0,0.0,[]
TCGA-B8-4148,TCGA-BP-5191,1,0,0,0.0,[]
TCGA-B8-4148,TCGA-BP-5192,1,1,0,0.0,[]
TCGA-B8-4148,TCGA-BP-5194,1,1,1,1.0,"[""K4_repeat2_K4_C0001""]"
TCGA-B8-4148,TCGA-BP-5195,1,1,1,1.0,"[""K4_repeat2_K4_C0001""]"
TCGA-B8-4148,TCGA-BP-5196,1,1,0,0.0,[]
TCGA-B8-4148,TCGA-BP-5199,1,1,0,0.0,[]
TCGA-B8-4148,TCGA-BP-5200,1,1,1,1.0,"[""K4_repeat2_K4_C0001""]"
TCGA-B8-4148,TCGA-CJ-4637,1,1,0,0.0,[]
TCGA-B8-4148,TCGA-CJ-4641,1,1,0,0.0,[]
TCGA-B8-4148,TCGA-CJ-4900,1,1,0,0.0,[]
TCGA-B8-4148,TCGA-CJ-4902,1,1,0,0.0,[]
TCGA-B8-4148,TCGA-CJ-4903,1,1,1,1.0,"[""K4_repeat2_K4_C0001""]"
TCGA-B8-4148,TCGA-CJ-4904,1,1,1,1.0,"[""K4_repeat2_K4_C0001""]"
TCGA-B8-4148,TCGA-CJ-4923,1,1,0,0.0,[]
TCGA-B8-4148,TCGA-CJ-6027,1,1,0,0.0,[]
TCGA-B8-4148,TCGA-CJ-6028,1,1,0,0.0,[]
TCGA-B8-4148,TCGA-CJ-6030,1,1,0,0.0,[]
TCGA-B8-4148,TCGA-CJ-6033,1,1,1,1.0,"[""K4_repeat2_K4_C0001""]"
TCGA-B8-4148,TCGA-CZ-4859,1,1,1,1.0,"[""K4_repeat2_K4_C0001""]"
TCGA-B8-4148,TCGA-CZ-4863,1,0,0,0.0,[]
TCGA-B8-4148,TCGA-CZ-4865,1,0,0,0.0,[]
TCGA-B8-4148,TCGA-CZ-5451,1,1,1,1.0,"[""K4_repeat2_K4_C0001""]"
TCGA-B8-4148,TCGA-CZ-5462,1,0,0,0.0,[]
TCGA-B8-4148,TCGA-CZ-5468,1,0,0,0.0,[]
TCGA-B8-4148,TCGA-CZ-5984,1,1,0,0.0,[]
TCGA-B8-4148,TCGA-CZ-5985,1,1,0,0.0,[]
TCGA-B8-4148,TCGA-CZ-5988,1,0,0,0.0,[]
TCGA-B8-4148,TCGA-G6-A5PC,1,1,0,0.0,[]
TCGA-B8-4148,TCGA-G6-A8L7,1,1,1,1.0,"[""K4_repeat2_K4_C0001""]"
TCGA-B8-4151,TCGA-B8-4153,0,0,0,0.0,[]
TCGA-B8-4151,TCGA-B8-4619,0,0,0,0.0,[]
TCGA-B8-4151,TCGA-B8-4622,0,1,0,0.0,[]
TCGA-B8-4151,TCGA-B8-5158,0,0,0,0.0,[]
TCGA-B8-4151,TCGA-B8-5159,0,1,0,0.0,[]
TCGA-B8-4151,TCGA-B8-5162,0,1,0,0.0,[]
TCGA-B8-4151,TCGA-B8-5164,0,0,0,0.0,[]
TCGA-B8-4151,TCGA-B8-5165,0,1,0,0.0,[]
TCGA-B8-4151,TCGA-B8-5546,0,0,0,0.0,[]
TCGA-B8-4151,TCGA-B8-5549,0,1,0,0.0,[]
TCGA-B8-4151,TCGA-B8-5550,0,0,0,0.0,[]
TCGA-B8-4151,TCGA-B8-5551,0,1,0,0.0,[]
TCGA-B8-4151,TCGA-B8-5553,0,0,0,0.0,[]
TCGA-B8-4151,TCGA-B8-A54D,0,0,0,0.0,[]
TCGA-B8-4151,TCGA-B8-A54E,0,0,0,0.0,[]
TCGA-B8-4151,TCGA-B8-A54F,0,0,0,0.0,[]
TCGA-B8-4151,TCGA-B8-A54G,0,0,0,0.0,[]
TCGA-B8-4151,TCGA-BP-4164,0,1,0,0.0,[]
TCGA-B8-4151,TCGA-BP-4167,0,1,0,0.0,[]
TCGA-B8-4151,TCGA-BP-4770,0,0,0,0.0,[]
TCGA-B8-4151,TCGA-BP-4782,0,0,0,0.0,[]
TCGA-B8-4151,TCGA-BP-4960,0,1,0,0.0,[]
TCGA-B8-4151,TCGA-BP-4962,0,1,0,0.0,[]
TCGA-B8-4151,TCGA-BP-4965,0,1,0,0.0,[]
TCGA-B8-4151,TCGA-BP-4967,0,1,0,0.0,[]
TCGA-B8-4151,TCGA-BP-4970,0,1,0,0.0,[]
TCGA-B8-4151,TCGA-BP-4971,0,1,0,0.0,[]
TCGA-B8-4151,TCGA-BP-4972,0,0,0,0.0,[]
TCGA-B8-4151,TCGA-BP-4976,0,1,0,0.0,[]
TCGA-B8-4151,TCGA-BP-4977,0,1,0,0.0,[]
TCGA-B8-4151,TCGA-BP-4982,0,1,0,0.0,[]
TCGA-B8-4151,TCGA-BP-4986,0,1,0,0.0,[]
TCGA-B8-4151,TCGA-BP-4988,0,1,0,0.0,[]
TCGA-B8-4151,TCGA-BP-4989,0,1,0,0.0,[]
TCGA-B8-4151,TCGA-BP-4992,0,1,0,0.0,[]
TCGA-B8-4151,TCGA-BP-4994,0,0,0,0.0,[]
TCGA-B8-4151,TCGA-BP-4995,0,1,0,0.0,[]
TCGA-B8-4151,TCGA-BP-4999,0,1,0,0.0,[]
TCGA-B8-4151,TCGA-BP-5000,0,0,0,0.0,[]
TCGA-B8-4151,TCGA-BP-5001,0,1,0,0.0,[]
TCGA-B8-4151,TCGA-BP-5004,0,1,0,0.0,[]
TCGA-B8-4151,TCGA-BP-5006,0,1,0,0.0,[]
TCGA-B8-4151,TCGA-BP-5007,0,1,0,0.0,[]
TCGA-B8-4151,TCGA-BP-5009,0,1,0,0.0,[]
TCGA-B8-4151,TCGA-BP-5010,0,1,0,0.0,[]
TCGA-B8-4151,TCGA-BP-5174,0,1,0,0.0,[]
TCGA-B8-4151,TCGA-BP-5175,0,1,0,0.0,[]
TCGA-B8-4151,TCGA-BP-5180,0,1,0,0.0,[]
TCGA-B8-4151,TCGA-BP-5181,0,1,0,0.0,[]
TCGA-B8-4151,TCGA-BP-5183,0,1,0,0.0,[]
TCGA-B8-4151,TCGA-BP-5184,0,1,0,0.0,[]
TCGA-B8-4151,TCGA-BP-5186,0,1,0,0.0,[]
TCGA-B8-4151,TCGA-BP-5187,0,1,0,0.0,[]
TCGA-B8-4151,TCGA-BP-5189,0,1,0,0.0,[]
TCGA-B8-4151,TCGA-BP-5190,0,0,0,0.0,[]
TCGA-B8-4151,TCGA-BP-5191,0,0,0,0.0,[]
TCGA-B8-4151,TCGA-BP-5192,0,1,0,0.0,[]
TCGA-B8-4151,TCGA-BP-5194,0,1,0,0.0,[]
TCGA-B8-4151,TCGA-BP-5195,0,1,0,0.0,[]
TCGA-B8-4151,TCGA-BP-5196,0,1,0,0.0,[]
TCGA-B8-4151,TCGA-BP-5199,0,1,0,0.0,[]
TCGA-B8-4151,TCGA-BP-5200,0,1,0,0.0,[]
TCGA-B8-4151,TCGA-CJ-4637,0,1,0,0.0,[]
TCGA-B8-4151,TCGA-CJ-4641,0,1,0,0.0,[]
TCGA-B8-4151,TCGA-CJ-4900,0,1,0,0.0,[]
TCGA-B8-4151,TCGA-CJ-4902,0,1,0,0.0,[]
TCGA-B8-4151,TCGA-CJ-4903,0,1,0,0.0,[]
TCGA-B8-4151,TCGA-CJ-4904,0,1,0,0.0,[]
TCGA-B8-4151,TCGA-CJ-4923,0,1,0,0.0,[]
TCGA-B8-4151,TCGA-CJ-6027,0,1,0,0.0,[]
TCGA-B8-4151,TCGA-CJ-6028,0,1,0,0.0,[]
TCGA-B8-4151,TCGA-CJ-6030,0,1,0,0.0,[]
TCGA-B8-4151,TCGA-CJ-6033,0,1,0,0.0,[]
TCGA-B8-4151,TCGA-CZ-4859,0,1,0,0.0,[]
TCGA-B8-4151,TCGA-CZ-4863,0,0,0,0.0,[]
TCGA-B8-4151,TCGA-CZ-4865,0,0,0,0.0,[]
TCGA-B8-4151,TCGA-CZ-5451,0,1,0,0.0,[]
TCGA-B8-4151,TCGA-CZ-5462,0,0,0,0.0,[]
TCGA-B8-4151,TCGA-CZ-5468,0,0,0,0.0,[]
TCGA-B8-4151,TCGA-CZ-5984,0,1,0,0.0,[]
TCGA-B8-4151,TCGA-CZ-5985,0,1,0,0.0,[]
TCGA-B8-4151,TCGA-CZ-5988,0,0,0,0.0,[]
TCGA-B8-4151,TCGA-G6-A5PC,0,1,0,0.0,[]
TCGA-B8-4151,TCGA-G6-A8L7,0,1,0,0.0,[]
TCGA-B8-4153,TCGA-B8-4619,0,0,0,0.0,[]
TCGA-B8-4153,TCGA-B8-4622,0,1,0,0.0,[]
TCGA-B8-4153,TCGA-B8-5158,0,0,0,0.0,[]
TCGA-B8-4153,TCGA-B8-5159,0,1,0,0.0,[]
TCGA-B8-4153,TCGA-B8-5162,0,1,0,0.0,[]
TCGA-B8-4153,TCGA-B8-5164,0,0,0,0.0,[]
TCGA-B8-4153,TCGA-B8-5165,0,1,0,0.0,[]
TCGA-B8-4153,TCGA-B8-5546,0,0,0,0.0,[]
TCGA-B8-4153,TCGA-B8-5549,0,1,0,0.0,[]
TCGA-B8-4153,TCGA-B8-5550,0,0,0,0.0,[]
TCGA-B8-4153,TCGA-B8-5551,0,1,0,0.0,[]
TCGA-B8-4153,TCGA-B8-5553,0,0,0,0.0,[]
TCGA-B8-4153,TCGA-B8-A54D,0,0,0,0.0,[]
TCGA-B8-4153,TCGA-B8-A54E,0,0,0,0.0,[]
TCGA-B8-4153,TCGA-B8-A54F,0,0,0,0.0,[]
TCGA-B8-4153,TCGA-B8-A54G,0,0,0,0.0,[]
TCGA-B8-4153,TCGA-BP-4164,0,1,0,0.0,[]
TCGA-B8-4153,TCGA-BP-4167,0,1,0,0.0,[]
TCGA-B8-4153,TCGA-BP-4770,0,0,0,0.0,[]
TCGA-B8-4153,TCGA-BP-4782,0,0,0,0.0,[]
TCGA-B8-4153,TCGA-BP-4960,0,1,0,0.0,[]
TCGA-B8-4153,TCGA-BP-4962,0,1,0,0.0,[]
TCGA-B8-4153,TCGA-BP-4965,0,1,0,0.0,[]
TCGA-B8-4153,TCGA-BP-4967,0,1,0,0.0,[]
TCGA-B8-4153,TCGA-BP-4970,0,1,0,0.0,[]
TCGA-B8-4153,TCGA-BP-4971,0,1,0,0.0,[]
TCGA-B8-4153,TCGA-BP-4972,0,0,0,0.0,[]
TCGA-B8-4153,TCGA-BP-4976,0,1,0,0.0,[]
TCGA-B8-4153,TCGA-BP-4977,0,1,0,0.0,[]
TCGA-B8-4153,TCGA-BP-4982,0,1,0,0.0,[]
TCGA-B8-4153,TCGA-BP-4986,0,1,0,0.0,[]
TCGA-B8-4153,TCGA-BP-4988,0,1,0,0.0,[]
TCGA-B8-4153,TCGA-BP-4989,0,1,0,0.0,[]
TCGA-B8-4153,TCGA-BP-4992,0,1,0,0.0,[]
TCGA-B8-4153,TCGA-BP-4994,0,0,0,0.0,[]
TCGA-B8-4153,TCGA-BP-4995,0,1,0,0.0,[]
TCGA-B8-4153,TCGA-BP-4999,0,1,0,0.0,[]
TCGA-B8-4153,TCGA-BP-5000,0,0,0,0.0,[]
TCGA-B8-4153,TCGA-BP-5001,0,1,0,0.0,[]
TCGA-B8-4153,TCGA-BP-5004,0,1,0,0.0,[]
TCGA-B8-4153,TCGA-BP-5006,0,1,0,0.0,[]
TCGA-B8-4153,TCGA-BP-5007,0,1,0,0.0,[]
TCGA-B8-4153,TCGA-BP-5009,0,1,0,0.0,[]
TCGA-B8-4153,TCGA-BP-5010,0,1,0,0.0,[]
TCGA-B8-4153,TCGA-BP-5174,0,1,0,0.0,[]
TCGA-B8-4153,TCGA-BP-5175,0,1,0,0.0,[]
TCGA-B8-4153,TCGA-BP-5180,0,1,0,0.0,[]
TCGA-B8-4153,TCGA-BP-5181,0,1,0,0.0,[]
TCGA-B8-4153,TCGA-BP-5183,0,1,0,0.0,[]
TCGA-B8-4153,TCGA-BP-5184,0,1,0,0.0,[]
TCGA-B8-4153,TCGA-BP-5186,0,1,0,0.0,[]
TCGA-B8-4153,TCGA-BP-5187,0,1,0,0.0,[]
TCGA-B8-4153,TCGA-BP-5189,0,1,0,0.0,[]
TCGA-B8-4153,TCGA-BP-5190,0,0,0,0.0,[]
TCGA-B8-4153,TCGA-BP-5191,0,0,0,0.0,[]
TCGA-B8-4153,TCGA-BP-5192,0,1,0,0.0,[]
TCGA-B8-4153,TCGA-BP-5194,0,1,0,0.0,[]
TCGA-B8-4153,TCGA-BP-5195,0,1,0,0.0,[]
TCGA-B8-4153,TCGA-BP-5196,0,1,0,0.0,[]
TCGA-B8-4153,TCGA-BP-5199,0,1,0,0.0,[]
TCGA-B8-4153,TCGA-BP-5200,0,1,0,0.0,[]
TCGA-B8-4153,TCGA-CJ-4637,0,1,0,0.0,[]
TCGA-B8-4153,TCGA-CJ-4641,0,1,0,0.0,[]
TCGA-B8-4153,TCGA-CJ-4900,0,1,0,0.0,[]
TCGA-B8-4153,TCGA-CJ-4902,0,1,0,0.0,[]
TCGA-B8-4153,TCGA-CJ-4903,0,1,0,0.0,[]
TCGA-B8-4153,TCGA-CJ-4904,0,1,0,0.0,[]
TCGA-B8-4153,TCGA-CJ-4923,0,1,0,0.0,[]
TCGA-B8-4153,TCGA-CJ-6027,0,1,0,0.0,[]
TCGA-B8-4153,TCGA-CJ-6028,0,1,0,0.0,[]
TCGA-B8-4153,TCGA-CJ-6030,0,1,0,0.0,[]
TCGA-B8-4153,TCGA-CJ-6033,0,1,0,0.0,[]
TCGA-B8-4153,TCGA-CZ-4859,0,1,0,0.0,[]
TCGA-B8-4153,TCGA-CZ-4863,0,0,0,0.0,[]
TCGA-B8-4153,TCGA-CZ-4865,0,0,0,0.0,[]
TCGA-B8-4153,TCGA-CZ-5451,0,1,0,0.0,[]
TCGA-B8-4153,TCGA-CZ-5462,0,0,0,0.0,[]
TCGA-B8-4153,TCGA-CZ-5468,0,0,0,0.0,[]
TCGA-B8-4153,TCGA-CZ-5984,0,1,0,0.0,[]
TCGA-B8-4153,TCGA-CZ-5985,0,1,0,0.0,[]
TCGA-B8-4153,TCGA-CZ-5988,0,0,0,0.0,[]
TCGA-B8-4153,TCGA-G6-A5PC,0,1,0,0.0,[]
TCGA-B8-4153,TCGA-G6-A8L7,0,1,0,0.0,[]
TCGA-B8-4619,TCGA-B8-4622,0,1,0,0.0,[]
TCGA-B8-4619,TCGA-B8-5158,0,0,0,0.0,[]
TCGA-B8-4619,TCGA-B8-5159,0,1,0,0.0,[]
TCGA-B8-4619,TCGA-B8-5162,0,1,0,0.0,[]
TCGA-B8-4619,TCGA-B8-5164,0,0,0,0.0,[]
TCGA-B8-4619,TCGA-B8-5165,0,1,0,0.0,[]
TCGA-B8-4619,TCGA-B8-5546,0,0,0,0.0,[]
TCGA-B8-4619,TCGA-B8-5549,0,1,0,0.0,[]
TCGA-B8-4619,TCGA-B8-5550,0,0,0,0.0,[]
TCGA-B8-4619,TCGA-B8-5551,0,1,0,0.0,[]
TCGA-B8-4619,TCGA-B8-5553,0,0,0,0.0,[]
TCGA-B8-4619,TCGA-B8-A54D,0,0,0,0.0,[]
TCGA-B8-4619,TCGA-B8-A54E,0,0,0,0.0,[]
TCGA-B8-4619,TCGA-B8-A54F,0,0,0,0.0,[]
TCGA-B8-4619,TCGA-B8-A54G,0,0,0,0.0,[]
TCGA-B8-4619,TCGA-BP-4164,0,1,0,0.0,[]
TCGA-B8-4619,TCGA-BP-4167,0,1,0,0.0,[]
TCGA-B8-4619,TCGA-BP-4770,0,0,0,0.0,[]
TCGA-B8-4619,TCGA-BP-4782,0,0,0,0.0,[]
TCGA-B8-4619,TCGA-BP-4960,0,1,0,0.0,[]
TCGA-B8-4619,TCGA-BP-4962,0,1,0,0.0,[]
TCGA-B8-4619,TCGA-BP-4965,0,1,0,0.0,[]
TCGA-B8-4619,TCGA-BP-4967,0,1,0,0.0,[]
TCGA-B8-4619,TCGA-BP-4970,0,1,0,0.0,[]
TCGA-B8-4619,TCGA-BP-4971,0,1,0,0.0,[]
TCGA-B8-4619,TCGA-BP-4972,0,0,0,0.0,[]
TCGA-B8-4619,TCGA-BP-4976,0,1,0,0.0,[]
TCGA-B8-4619,TCGA-BP-4977,0,1,0,0.0,[]
TCGA-B8-4619,TCGA-BP-4982,0,1,0,0.0,[]
TCGA-B8-4619,TCGA-BP-4986,0,1,0,0.0,[]
TCGA-B8-4619,TCGA-BP-4988,0,1,0,0.0,[]
TCGA-B8-4619,TCGA-BP-4989,0,1,0,0.0,[]
TCGA-B8-4619,TCGA-BP-4992,0,1,0,0.0,[]
TCGA-B8-4619,TCGA-BP-4994,0,0,0,0.0,[]
TCGA-B8-4619,TCGA-BP-4995,0,1,0,0.0,[]
TCGA-B8-4619,TCGA-BP-4999,0,1,0,0.0,[]
TCGA-B8-4619,TCGA-BP-5000,0,0,0,0.0,[]
TCGA-B8-4619,TCGA-BP-5001,0,1,0,0.0,[]
TCGA-B8-4619,TCGA-BP-5004,0,1,0,0.0,[]
TCGA-B8-4619,TCGA-BP-5006,0,1,0,0.0,[]
TCGA-B8-4619,TCGA-BP-5007,0,1,0,0.0,[]
TCGA-B8-4619,TCGA-BP-5009,0,1,0,0.0,[]
TCGA-B8-4619,TCGA-BP-5010,0,1,0,0.0,[]
TCGA-B8-4619,TCGA-BP-5174,0,1,0,0.0,[]
TCGA-B8-4619,TCGA-BP-5175,0,1,0,0.0,[]
TCGA-B8-4619,TCGA-BP-5180,0,1,0,0.0,[]
TCGA-B8-4619,TCGA-BP-5181,0,1,0,0.0,[]
TCGA-B8-4619,TCGA-BP-5183,0,1,0,0.0,[]
TCGA-B8-4619,TCGA-BP-5184,0,1,0,0.0,[]
TCGA-B8-4619,TCGA-BP-5186,0,1,0,0.0,[]
TCGA-B8-4619,TCGA-BP-5187,0,1,0,0.0,[]
TCGA-B8-4619,TCGA-BP-5189,0,1,0,0.0,[]
TCGA-B8-4619,TCGA-BP-5190,0,0,0,0.0,[]
TCGA-B8-4619,TCGA-BP-5191,0,0,0,0.0,[]
TCGA-B8-4619,TCGA-BP-5192,0,1,0,0.0,[]
TCGA-B8-4619,TCGA-BP-5194,0,1,0,0.0,[]
TCGA-B8-4619,TCGA-BP-5195,0,1,0,0.0,[]
TCGA-B8-4619,TCGA-BP-5196,0,1,0,0.0,[]
TCGA-B8-4619,TCGA-BP-5199,0,1,0,0.0,[]
TCGA-B8-4619,TCGA-BP-5200,0,1,0,0.0,[]
TCGA-B8-4619,TCGA-CJ-4637,0,1,0,0.0,[]
TCGA-B8-4619,TCGA-CJ-4641,0,1,0,0.0,[]
TCGA-B8-4619,TCGA-CJ-4900,0,1,0,0.0,[]
TCGA-B8-4619,TCGA-CJ-4902,0,1,0,0.0,[]
TCGA-B8-4619,TCGA-CJ-4903,0,1,0,0.0,[]
TCGA-B8-4619,TCGA-CJ-4904,0,1,0,0.0,[]
TCGA-B8-4619,TCGA-CJ-4923,0,1,0,0.0,[]
TCGA-B8-4619,TCGA-CJ-6027,0,1,0,0.0,[]
TCGA-B8-4619,TCGA-CJ-6028,0,1,0,0.0,[]
TCGA-B8-4619,TCGA-CJ-6030,0,1,0,0.0,[]
TCGA-B8-4619,TCGA-CJ-6033,0,1,0,0.0,[]
TCGA-B8-4619,TCGA-CZ-4859,0,1,0,0.0,[]
TCGA-B8-4619,TCGA-CZ-4863,0,0,0,0.0,[]
TCGA-B8-4619,TCGA-CZ-4865,0,0,0,0.0,[]
TCGA-B8-4619,TCGA-CZ-5451,0,1,0,0.0,[]
TCGA-B8-4619,TCGA-CZ-5462,0,0,0,0.0,[]
TCGA-B8-4619,TCGA-CZ-5468,0,0,0,0.0,[]
TCGA-B8-4619,TCGA-CZ-5984,0,1,0,0.0,[]
TCGA-B8-4619,TCGA-CZ-5985,0,1,0,0.0,[]
TCGA-B8-4619,TCGA-CZ-5988,0,0,0,0.0,[]
TCGA-B8-4619,TCGA-G6-A5PC,0,1,0,0.0,[]
TCGA-B8-4619,TCGA-G6-A8L7,0,1,0,0.0,[]
TCGA-B8-4622,TCGA-B8-5158,1,0,0,0.0,[]
TCGA-B8-4622,TCGA-B8-5159,1,1,0,0.0,[]
TCGA-B8-4622,TCGA-B8-5162,1,1,0,0.0,[]
TCGA-B8-4622,TCGA-B8-5164,1,0,0,0.0,[]
TCGA-B8-4622,TCGA-B8-5165,1,1,0,0.0,[]
TCGA-B8-4622,TCGA-B8-5546,1,0,0,0.0,[]
TCGA-B8-4622,TCGA-B8-5549,1,1,0,0.0,[]
TCGA-B8-4622,TCGA-B8-5550,1,0,0,0.0,[]
TCGA-B8-4622,TCGA-B8-5551,1,1,0,0.0,[]
TCGA-B8-4622,TCGA-B8-5553,1,0,0,0.0,[]
TCGA-B8-4622,TCGA-B8-A54D,1,0,0,0.0,[]
TCGA-B8-4622,TCGA-B8-A54E,1,0,0,0.0,[]
TCGA-B8-4622,TCGA-B8-A54F,1,0,0,0.0,[]
TCGA-B8-4622,TCGA-B8-A54G,1,0,0,0.0,[]
TCGA-B8-4622,TCGA-BP-4164,1,1,1,1.0,"[""K4_repeat2_K4_C0001""]"
TCGA-B8-4622,TCGA-BP-4167,1,1,0,0.0,[]
TCGA-B8-4622,TCGA-BP-4770,1,0,0,0.0,[]
TCGA-B8-4622,TCGA-BP-4782,1,0,0,0.0,[]
TCGA-B8-4622,TCGA-BP-4960,1,1,1,1.0,"[""K4_repeat2_K4_C0001""]"
TCGA-B8-4622,TCGA-BP-4962,1,1,0,0.0,[]
TCGA-B8-4622,TCGA-BP-4965,1,1,1,1.0,"[""K4_repeat2_K4_C0001""]"
TCGA-B8-4622,TCGA-BP-4967,1,1,0,0.0,[]
TCGA-B8-4622,TCGA-BP-4970,1,1,0,0.0,[]
TCGA-B8-4622,TCGA-BP-4971,1,1,0,0.0,[]
TCGA-B8-4622,TCGA-BP-4972,1,0,0,0.0,[]
TCGA-B8-4622,TCGA-BP-4976,1,1,1,1.0,"[""K4_repeat2_K4_C0001""]"
TCGA-B8-4622,TCGA-BP-4977,1,1,0,0.0,[]
TCGA-B8-4622,TCGA-BP-4982,1,1,1,1.0,"[""K4_repeat2_K4_C0001""]"
TCGA-B8-4622,TCGA-BP-4986,1,1,0,0.0,[]
TCGA-B8-4622,TCGA-BP-4988,1,1,1,1.0,"[""K4_repeat2_K4_C0001""]"
TCGA-B8-4622,TCGA-BP-4989,1,1,1,1.0,"[""K4_repeat2_K4_C0001""]"
TCGA-B8-4622,TCGA-BP-4992,1,1,0,0.0,[]
TCGA-B8-4622,TCGA-BP-4994,1,0,0,0.0,[]
TCGA-B8-4622,TCGA-BP-4995,1,1,1,1.0,"[""K4_repeat2_K4_C0001""]"
TCGA-B8-4622,TCGA-BP-4999,1,1,1,1.0,"[""K4_repeat2_K4_C0001""]"
TCGA-B8-4622,TCGA-BP-5000,1,0,0,0.0,[]
TCGA-B8-4622,TCGA-BP-5001,1,1,1,1.0,"[""K4_repeat2_K4_C0001""]"
TCGA-B8-4622,TCGA-BP-5004,1,1,1,1.0,"[""K4_repeat2_K4_C0001""]"
TCGA-B8-4622,TCGA-BP-5006,1,1,1,1.0,"[""K4_repeat2_K4_C0001""]"
TCGA-B8-4622,TCGA-BP-5007,1,1,1,1.0,"[""K4_repeat2_K4_C0001""]"
TCGA-B8-4622,TCGA-BP-5009,1,1,1,1.0,"[""K4_repeat2_K4_C0001""]"
TCGA-B8-4622,TCGA-BP-5010,1,1,0,0.0,[]
TCGA-B8-4622,TCGA-BP-5174,1,1,0,0.0,[]
TCGA-B8-4622,TCGA-BP-5175,1,1,0,0.0,[]
TCGA-B8-4622,TCGA-BP-5180,1,1,1,1.0,"[""K4_repeat2_K4_C0001""]"
TCGA-B8-4622,TCGA-BP-5181,1,1,1,1.0,"[""K4_repeat2_K4_C0001""]"
TCGA-B8-4622,TCGA-BP-5183,1,1,1,1.0,"[""K4_repeat2_K4_C0001""]"
TCGA-B8-4622,TCGA-BP-5184,1,1,1,1.0,"[""K4_repeat2_K4_C0001""]"
TCGA-B8-4622,TCGA-BP-5186,1,1,1,1.0,"[""K4_repeat2_K4_C0001""]"
TCGA-B8-4622,TCGA-BP-5187,1,1,1,1.0,"[""K4_repeat2_K4_C0001""]"
TCGA-B8-4622,TCGA-BP-5189,1,1,1,1.0,"[""K4_repeat2_K4_C0001""]"
TCGA-B8-4622,TCGA-BP-5190,1,0,0,0.0,[]
TCGA-B8-4622,TCGA-BP-5191,1,0,0,0.0,[]
TCGA-B8-4622,TCGA-BP-5192,1,1,0,0.0,[]
TCGA-B8-4622,TCGA-BP-5194,1,1,1,1.0,"[""K4_repeat2_K4_C0001""]"
TCGA-B8-4622,TCGA-BP-5195,1,1,1,1.0,"[""K4_repeat2_K4_C0001""]"
TCGA-B8-4622,TCGA-BP-5196,1,1,0,0.0,[]
TCGA-B8-4622,TCGA-BP-5199,1,1,0,0.0,[]
TCGA-B8-4622,TCGA-BP-5200,1,1,1,1.0,"[""K4_repeat2_K4_C0001""]"
TCGA-B8-4622,TCGA-CJ-4637,1,1,0,0.0,[]
TCGA-B8-4622,TCGA-CJ-4641,1,1,0,0.0,[]
TCGA-B8-4622,TCGA-CJ-4900,1,1,0,0.0,[]
TCGA-B8-4622,TCGA-CJ-4902,1,1,0,0.0,[]
TCGA-B8-4622,TCGA-CJ-4903,1,1,1,1.0,"[""K4_repeat2_K4_C0001""]"
TCGA-B8-4622,TCGA-CJ-4904,1,1,1,1.0,"[""K4_repeat2_K4_C0001""]"
TCGA-B8-4622,TCGA-CJ-4923,1,1,0,0.0,[]
TCGA-B8-4622,TCGA-CJ-6027,1,1,0,0.0,[]
TCGA-B8-4622,TCGA-CJ-6028,1,1,0,0.0,[]
TCGA-B8-4622,TCGA-CJ-6030,1,1,0,0.0,[]
TCGA-B8-4622,TCGA-CJ-6033,1,1,1,1.0,"[""K4_repeat2_K4_C0001""]"
TCGA-B8-4622,TCGA-CZ-4859,1,1,1,1.0,"[""K4_repeat2_K4_C0001""]"
TCGA-B8-4622,TCGA-CZ-4863,1,0,0,0.0,[]
TCGA-B8-4622,TCGA-CZ-4865,1,0,0,0.0,[]
TCGA-B8-4622,TCGA-CZ-5451,1,1,1,1.0,"[""K4_repeat2_K4_C0001""]"
TCGA-B8-4622,TCGA-CZ-5462,1,0,0,0.0,[]
TCGA-B8-4622,TCGA-CZ-5468,1,0,0,0.0,[]
TCGA-B8-4622,TCGA-CZ-5984,1,1,0,0.0,[]
TCGA-B8-4622,TCGA-CZ-5985,1,1,0,0.0,[]
TCGA-B8-4622,TCGA-CZ-5988,1,0,0,0.0,[]
TCGA-B8-4622,TCGA-G6-A5PC,1,1,0,0.0,[]
TCGA-B8-4622,TCGA-G6-A8L7,1,1,1,1.0,"[""K4_repeat2_K4_C0001""]"
TCGA-B8-5158,TCGA-B8-5159,0,1,0,0.0,[]
TCGA-B8-5158,TCGA-B8-5162,0,1,0,0.0,[]
TCGA-B8-5158,TCGA-B8-5164,0,0,0,0.0,[]
TCGA-B8-5158,TCGA-B8-5165,0,1,0,0.0,[]
TCGA-B8-5158,TCGA-B8-5546,0,0,0,0.0,[]
TCGA-B8-5158,TCGA-B8-5549,0,1,0,0.0,[]
TCGA-B8-5158,TCGA-B8-5550,0,0,0,0.0,[]
TCGA-B8-5158,TCGA-B8-5551,0,1,0,0.0,[]
TCGA-B8-5158,TCGA-B8-5553,0,0,0,0.0,[]
TCGA-B8-5158,TCGA-B8-A54D,0,0,0,0.0,[]
TCGA-B8-5158,TCGA-B8-A54E,0,0,0,0.0,[]
TCGA-B8-5158,TCGA-B8-A54F,0,0,0,0.0,[]
TCGA-B8-5158,TCGA-B8-A54G,0,0,0,0.0,[]
TCGA-B8-5158,TCGA-BP-4164,0,1,0,0.0,[]
TCGA-B8-5158,TCGA-BP-4167,0,1,0,0.0,[]
TCGA-B8-5158,TCGA-BP-4770,0,0,0,0.0,[]
TCGA-B8-5158,TCGA-BP-4782,0,0,0,0.0,[]
TCGA-B8-5158,TCGA-BP-4960,0,1,0,0.0,[]
TCGA-B8-5158,TCGA-BP-4962,0,1,0,0.0,[]
TCGA-B8-5158,TCGA-BP-4965,0,1,0,0.0,[]
TCGA-B8-5158,TCGA-BP-4967,0,1,0,0.0,[]
TCGA-B8-5158,TCGA-BP-4970,0,1,0,0.0,[]
TCGA-B8-5158,TCGA-BP-4971,0,1,0,0.0,[]
TCGA-B8-5158,TCGA-BP-4972,0,0,0,0.0,[]
TCGA-B8-5158,TCGA-BP-4976,0,1,0,0.0,[]
TCGA-B8-5158,TCGA-BP-4977,0,1,0,0.0,[]
TCGA-B8-5158,TCGA-BP-4982,0,1,0,0.0,[]
TCGA-B8-5158,TCGA-BP-4986,0,1,0,0.0,[]
TCGA-B8-5158,TCGA-BP-4988,0,1,0,0.0,[]
TCGA-B8-5158,TCGA-BP-4989,0,1,0,0.0,[]
TCGA-B8-5158,TCGA-BP-4992,0,1,0,0.0,[]
TCGA-B8-5158,TCGA-BP-4994,0,0,0,0.0,[]
TCGA-B8-5158,TCGA-BP-4995,0,1,0,0.0,[]
TCGA-B8-5158,TCGA-BP-4999,0,1,0,0.0,[]
TCGA-B8-5158,TCGA-BP-5000,0,0,0,0.0,[]
TCGA-B8-5158,TCGA-BP-5001,0,1,0,0.0,[]
TCGA-B8-5158,TCGA-BP-5004,0,1,0,0.0,[]
TCGA-B8-5158,TCGA-BP-5006,0,1,0,0.0,[]
TCGA-B8-5158,TCGA-BP-5007,0,1,0,0.0,[]
TCGA-B8-5158,TCGA-BP-5009,0,1,0,0.0,[]
TCGA-B8-5158,TCGA-BP-5010,0,1,0,0.0,[]
TCGA-B8-5158,TCGA-BP-5174,0,1,0,0.0,[]
TCGA-B8-5158,TCGA-BP-5175,0,1,0,0.0,[]
TCGA-B8-5158,TCGA-BP-5180,0,1,0,0.0,[]
TCGA-B8-5158,TCGA-BP-5181,0,1,0,0.0,[]
TCGA-B8-5158,TCGA-BP-5183,0,1,0,0.0,[]
TCGA-B8-5158,TCGA-BP-5184,0,1,0,0.0,[]
TCGA-B8-5158,TCGA-BP-5186,0,1,0,0.0,[]
TCGA-B8-5158,TCGA-BP-5187,0,1,0,0.0,[]
TCGA-B8-5158,TCGA-BP-5189,0,1,0,0.0,[]
TCGA-B8-5158,TCGA-BP-5190,0,0,0,0.0,[]
TCGA-B8-5158,TCGA-BP-5191,0,0,0,0.0,[]
TCGA-B8-5158,TCGA-BP-5192,0,1,0,0.0,[]
TCGA-B8-5158,TCGA-BP-5194,0,1,0,0.0,[]
TCGA-B8-5158,TCGA-BP-5195,0,1,0,0.0,[]
TCGA-B8-5158,TCGA-BP-5196,0,1,0,0.0,[]
TCGA-B8-5158,TCGA-BP-5199,0,1,0,0.0,[]
TCGA-B8-5158,TCGA-BP-5200,0,1,0,0.0,[]
TCGA-B8-5158,TCGA-CJ-4637,0,1,0,0.0,[]
TCGA-B8-5158,TCGA-CJ-4641,0,1,0,0.0,[]
TCGA-B8-5158,TCGA-CJ-4900,0,1,0,0.0,[]
TCGA-B8-5158,TCGA-CJ-4902,0,1,0,0.0,[]
TCGA-B8-5158,TCGA-CJ-4903,0,1,0,0.0,[]
TCGA-B8-5158,TCGA-CJ-4904,0,1,0,0.0,[]
TCGA-B8-5158,TCGA-CJ-4923,0,1,0,0.0,[]
TCGA-B8-5158,TCGA-CJ-6027,0,1,0,0.0,[]
TCGA-B8-5158,TCGA-CJ-6028,0,1,0,0.0,[]
TCGA-B8-5158,TCGA-CJ-6030,0,1,0,0.0,[]
TCGA-B8-5158,TCGA-CJ-6033,0,1,0,0.0,[]
TCGA-B8-5158,TCGA-CZ-4859,0,1,0,0.0,[]
TCGA-B8-5158,TCGA-CZ-4863,0,0,0,0.0,[]
TCGA-B8-5158,TCGA-CZ-4865,0,0,0,0.0,[]
TCGA-B8-5158,TCGA-CZ-5451,0,1,0,0.0,[]
TCGA-B8-5158,TCGA-CZ-5462,0,0,0,0.0,[]
TCGA-B8-5158,TCGA-CZ-5468,0,0,0,0.0,[]
TCGA-B8-5158,TCGA-CZ-5984,0,1,0,0.0,[]
TCGA-B8-5158,TCGA-CZ-5985,0,1,0,0.0,[]
TCGA-B8-5158,TCGA-CZ-5988,0,0,0,0.0,[]
TCGA-B8-5158,TCGA-G6-A5PC,0,1,0,0.0,[]
TCGA-B8-5158,TCGA-G6-A8L7,0,1,0,0.0,[]
TCGA-B8-5159,TCGA-B8-5162,1,1,1,1.0,"[""K4_repeat2_K4_C0004""]"
TCGA-B8-5159,TCGA-B8-5164,1,0,0,0.0,[]
TCGA-B8-5159,TCGA-B8-5165,1,1,1,1.0,"[""K4_repeat2_K4_C0004""]"
TCGA-B8-5159,TCGA-B8-5546,1,0,0,0.0,[]
TCGA-B8-5159,TCGA-B8-5549,1,1,1,1.0,"[""K4_repeat2_K4_C0004""]"
TCGA-B8-5159,TCGA-B8-5550,1,0,0,0.0,[]
TCGA-B8-5159,TCGA-B8-5551,1,1,0,0.0,[]
TCGA-B8-5159,TCGA-B8-5553,1,0,0,0.0,[]
TCGA-B8-5159,TCGA-B8-A54D,1,0,0,0.0,[]
TCGA-B8-5159,TCGA-B8-A54E,1,0,0,0.0,[]
TCGA-B8-5159,TCGA-B8-A54F,1,0,0,0.0,[]
TCGA-B8-5159,TCGA-B8-A54G,1,0,0,0.0,[]
TCGA-B8-5159,TCGA-BP-4164,1,1,0,0.0,[]
TCGA-B8-5159,TCGA-BP-4167,1,1,0,0.0,[]
TCGA-B8-5159,TCGA-BP-4770,1,0,0,0.0,[]
TCGA-B8-5159,TCGA-BP-4782,1,0,0,0.0,[]
TCGA-B8-5159,TCGA-BP-4960,1,1,0,0.0,[]
TCGA-B8-5159,TCGA-BP-4962,1,1,0,0.0,[]
TCGA-B8-5159,TCGA-BP-4965,1,1,0,0.0,[]
TCGA-B8-5159,TCGA-BP-4967,1,1,1,1.0,"[""K4_repeat2_K4_C0004""]"
TCGA-B8-5159,TCGA-BP-4970,1,1,1,1.0,"[""K4_repeat2_K4_C0004""]"
TCGA-B8-5159,TCGA-BP-4971,1,1,0,0.0,[]
TCGA-B8-5159,TCGA-BP-4972,1,0,0,0.0,[]
TCGA-B8-5159,TCGA-BP-4976,1,1,0,0.0,[]
TCGA-B8-5159,TCGA-BP-4977,1,1,1,1.0,"[""K4_repeat2_K4_C0004""]"
TCGA-B8-5159,TCGA-BP-4982,1,1,0,0.0,[]
TCGA-B8-5159,TCGA-BP-4986,1,1,1,1.0,"[""K4_repeat2_K4_C0004""]"
TCGA-B8-5159,TCGA-BP-4988,1,1,0,0.0,[]
TCGA-B8-5159,TCGA-BP-4989,1,1,0,0.0,[]
TCGA-B8-5159,TCGA-BP-4992,1,1,0,0.0,[]
TCGA-B8-5159,TCGA-BP-4994,1,0,0,0.0,[]
TCGA-B8-5159,TCGA-BP-4995,1,1,0,0.0,[]
TCGA-B8-5159,TCGA-BP-4999,1,1,0,0.0,[]
TCGA-B8-5159,TCGA-BP-5000,1,0,0,0.0,[]
TCGA-B8-5159,TCGA-BP-5001,1,1,0,0.0,[]
TCGA-B8-5159,TCGA-BP-5004,1,1,0,0.0,[]
TCGA-B8-5159,TCGA-BP-5006,1,1,0,0.0,[]
TCGA-B8-5159,TCGA-BP-5007,1,1,0,0.0,[]
TCGA-B8-5159,TCGA-BP-5009,1,1,0,0.0,[]
TCGA-B8-5159,TCGA-BP-5010,1,1,0,0.0,[]
TCGA-B8-5159,TCGA-BP-5174,1,1,1,1.0,"[""K4_repeat2_K4_C0004""]"
TCGA-B8-5159,TCGA-BP-5175,1,1,0,0.0,[]
TCGA-B8-5159,TCGA-BP-5180,1,1,0,0.0,[]
TCGA-B8-5159,TCGA-BP-5181,1,1,0,0.0,[]
TCGA-B8-5159,TCGA-BP-5183,1,1,0,0.0,[]
TCGA-B8-5159,TCGA-BP-5184,1,1,0,0.0,[]
TCGA-B8-5159,TCGA-BP-5186,1,1,0,0.0,[]
TCGA-B8-5159,TCGA-BP-5187,1,1,0,0.0,[]
TCGA-B8-5159,TCGA-BP-5189,1,1,0,0.0,[]
TCGA-B8-5159,TCGA-BP-5190,1,0,0,0.0,[]
TCGA-B8-5159,TCGA-BP-5191,1,0,0,0.0,[]
TCGA-B8-5159,TCGA-BP-5192,1,1,1,1.0,"[""K4_repeat2_K4_C0004""]"
TCGA-B8-5159,TCGA-BP-5194,1,1,0,0.0,[]
TCGA-B8-5159,TCGA-BP-5195,1,1,0,0.0,[]
TCGA-B8-5159,TCGA-BP-5196,1,1,1,1.0,"[""K4_repeat2_K4_C0004""]"
TCGA-B8-5159,TCGA-BP-5199,1,1,1,1.0,"[""K4_repeat2_K4_C0004""]"
TCGA-B8-5159,TCGA-BP-5200,1,1,0,0.0,[]
TCGA-B8-5159,TCGA-CJ-4637,1,1,0,0.0,[]
TCGA-B8-5159,TCGA-CJ-4641,1,1,0,0.0,[]
TCGA-B8-5159,TCGA-CJ-4900,1,1,0,0.0,[]
TCGA-B8-5159,TCGA-CJ-4902,1,1,0,0.0,[]
TCGA-B8-5159,TCGA-CJ-4903,1,1,0,0.0,[]
TCGA-B8-5159,TCGA-CJ-4904,1,1,0,0.0,[]
TCGA-B8-5159,TCGA-CJ-4923,1,1,0,0.0,[]
TCGA-B8-5159,TCGA-CJ-6027,1,1,0,0.0,[]
TCGA-B8-5159,TCGA-CJ-6028,1,1,0,0.0,[]
TCGA-B8-5159,TCGA-CJ-6030,1,1,0,0.0,[]
TCGA-B8-5159,TCGA-CJ-6033,1,1,0,0.0,[]
TCGA-B8-5159,TCGA-CZ-4859,1,1,0,0.0,[]
TCGA-B8-5159,TCGA-CZ-4863,1,0,0,0.0,[]
TCGA-B8-5159,TCGA-CZ-4865,1,0,0,0.0,[]
TCGA-B8-5159,TCGA-CZ-5451,1,1,0,0.0,[]
TCGA-B8-5159,TCGA-CZ-5462,1,0,0,0.0,[]
TCGA-B8-5159,TCGA-CZ-5468,1,0,0,0.0,[]
TCGA-B8-5159,TCGA-CZ-5984,1,1,1,1.0,"[""K4_repeat2_K4_C0004""]"
TCGA-B8-5159,TCGA-CZ-5985,1,1,0,0.0,[]
TCGA-B8-5159,TCGA-CZ-5988,1,0,0,0.0,[]
TCGA-B8-5159,TCGA-G6-A5PC,1,1,0,0.0,[]
TCGA-B8-5159,TCGA-G6-A8L7,1,1,0,0.0,[]
TCGA-B8-5162,TCGA-B8-5164,1,0,0,0.0,[]
TCGA-B8-5162,TCGA-B8-5165,1,1,1,1.0,"[""K4_repeat2_K4_C0004""]"
TCGA-B8-5162,TCGA-B8-5546,1,0,0,0.0,[]
TCGA-B8-5162,TCGA-B8-5549,1,1,1,1.0,"[""K4_repeat2_K4_C0004""]"
TCGA-B8-5162,TCGA-B8-5550,1,0,0,0.0,[]
TCGA-B8-5162,TCGA-B8-5551,1,1,0,0.0,[]
TCGA-B8-5162,TCGA-B8-5553,1,0,0,0.0,[]
TCGA-B8-5162,TCGA-B8-A54D,1,0,0,0.0,[]
TCGA-B8-5162,TCGA-B8-A54E,1,0,0,0.0,[]
TCGA-B8-5162,TCGA-B8-A54F,1,0,0,0.0,[]
TCGA-B8-5162,TCGA-B8-A54G,1,0,0,0.0,[]
TCGA-B8-5162,TCGA-BP-4164,1,1,0,0.0,[]
TCGA-B8-5162,TCGA-BP-4167,1,1,0,0.0,[]
TCGA-B8-5162,TCGA-BP-4770,1,0,0,0.0,[]
TCGA-B8-5162,TCGA-BP-4782,1,0,0,0.0,[]
TCGA-B8-5162,TCGA-BP-4960,1,1,0,0.0,[]
TCGA-B8-5162,TCGA-BP-4962,1,1,0,0.0,[]
TCGA-B8-5162,TCGA-BP-4965,1,1,0,0.0,[]
TCGA-B8-5162,TCGA-BP-4967,1,1,1,1.0,"[""K4_repeat2_K4_C0004""]"
TCGA-B8-5162,TCGA-BP-4970,1,1,1,1.0,"[""K4_repeat2_K4_C0004""]"
TCGA-B8-5162,TCGA-BP-4971,1,1,0,0.0,[]
TCGA-B8-5162,TCGA-BP-4972,1,0,0,0.0,[]
TCGA-B8-5162,TCGA-BP-4976,1,1,0,0.0,[]
TCGA-B8-5162,TCGA-BP-4977,1,1,1,1.0,"[""K4_repeat2_K4_C0004""]"
TCGA-B8-5162,TCGA-BP-4982,1,1,0,0.0,[]
TCGA-B8-5162,TCGA-BP-4986,1,1,1,1.0,"[""K4_repeat2_K4_C0004""]"
TCGA-B8-5162,TCGA-BP-4988,1,1,0,0.0,[]
TCGA-B8-5162,TCGA-BP-4989,1,1,0,0.0,[]
TCGA-B8-5162,TCGA-BP-4992,1,1,0,0.0,[]
TCGA-B8-5162,TCGA-BP-4994,1,0,0,0.0,[]
TCGA-B8-5162,TCGA-BP-4995,1,1,0,0.0,[]
TCGA-B8-5162,TCGA-BP-4999,1,1,0,0.0,[]
TCGA-B8-5162,TCGA-BP-5000,1,0,0,0.0,[]
TCGA-B8-5162,TCGA-BP-5001,1,1,0,0.0,[]
TCGA-B8-5162,TCGA-BP-5004,1,1,0,0.0,[]
TCGA-B8-5162,TCGA-BP-5006,1,1,0,0.0,[]
TCGA-B8-5162,TCGA-BP-5007,1,1,0,0.0,[]
TCGA-B8-5162,TCGA-BP-5009,1,1,0,0.0,[]
TCGA-B8-5162,TCGA-BP-5010,1,1,0,0.0,[]
TCGA-B8-5162,TCGA-BP-5174,1,1,1,1.0,"[""K4_repeat2_K4_C0004""]"
TCGA-B8-5162,TCGA-BP-5175,1,1,0,0.0,[]
TCGA-B8-5162,TCGA-BP-5180,1,1,0,0.0,[]
TCGA-B8-5162,TCGA-BP-5181,1,1,0,0.0,[]
TCGA-B8-5162,TCGA-BP-5183,1,1,0,0.0,[]
TCGA-B8-5162,TCGA-BP-5184,1,1,0,0.0,[]
TCGA-B8-5162,TCGA-BP-5186,1,1,0,0.0,[]
TCGA-B8-5162,TCGA-BP-5187,1,1,0,0.0,[]
TCGA-B8-5162,TCGA-BP-5189,1,1,0,0.0,[]
TCGA-B8-5162,TCGA-BP-5190,1,0,0,0.0,[]
TCGA-B8-5162,TCGA-BP-5191,1,0,0,0.0,[]
TCGA-B8-5162,TCGA-BP-5192,1,1,1,1.0,"[""K4_repeat2_K4_C0004""]"
TCGA-B8-5162,TCGA-BP-5194,1,1,0,0.0,[]
TCGA-B8-5162,TCGA-BP-5195,1,1,0,0.0,[]
TCGA-B8-5162,TCGA-BP-5196,1,1,1,1.0,"[""K4_repeat2_K4_C0004""]"
TCGA-B8-5162,TCGA-BP-5199,1,1,1,1.0,"[""K4_repeat2_K4_C0004""]"
TCGA-B8-5162,TCGA-BP-5200,1,1,0,0.0,[]
TCGA-B8-5162,TCGA-CJ-4637,1,1,0,0.0,[]
TCGA-B8-5162,TCGA-CJ-4641,1,1,0,0.0,[]
TCGA-B8-5162,TCGA-CJ-4900,1,1,0,0.0,[]
TCGA-B8-5162,TCGA-CJ-4902,1,1,0,0.0,[]
TCGA-B8-5162,TCGA-CJ-4903,1,1,0,0.0,[]
TCGA-B8-5162,TCGA-CJ-4904,1,1,0,0.0,[]
TCGA-B8-5162,TCGA-CJ-4923,1,1,0,0.0,[]
TCGA-B8-5162,TCGA-CJ-6027,1,1,0,0.0,[]
TCGA-B8-5162,TCGA-CJ-6028,1,1,0,0.0,[]
TCGA-B8-5162,TCGA-CJ-6030,1,1,0,0.0,[]
TCGA-B8-5162,TCGA-CJ-6033,1,1,0,0.0,[]
TCGA-B8-5162,TCGA-CZ-4859,1,1,0,0.0,[]
TCGA-B8-5162,TCGA-CZ-4863,1,0,0,0.0,[]
TCGA-B8-5162,TCGA-CZ-4865,1,0,0,0.0,[]
TCGA-B8-5162,TCGA-CZ-5451,1,1,0,0.0,[]
TCGA-B8-5162,TCGA-CZ-5462,1,0,0,0.0,[]
TCGA-B8-5162,TCGA-CZ-5468,1,0,0,0.0,[]
TCGA-B8-5162,TCGA-CZ-5984,1,1,1,1.0,"[""K4_repeat2_K4_C0004""]"
TCGA-B8-5162,TCGA-CZ-5985,1,1,0,0.0,[]
TCGA-B8-5162,TCGA-CZ-5988,1,0,0,0.0,[]
TCGA-B8-5162,TCGA-G6-A5PC,1,1,0,0.0,[]
TCGA-B8-5162,TCGA-G6-A8L7,1,1,0,0.0,[]
TCGA-B8-5164,TCGA-B8-5165,0,1,0,0.0,[]
TCGA-B8-5164,TCGA-B8-5546,0,0,0,0.0,[]
TCGA-B8-5164,TCGA-B8-5549,0,1,0,0.0,[]
TCGA-B8-5164,TCGA-B8-5550,0,0,0,0.0,[]
TCGA-B8-5164,TCGA-B8-5551,0,1,0,0.0,[]
TCGA-B8-5164,TCGA-B8-5553,0,0,0,0.0,[]
TCGA-B8-5164,TCGA-B8-A54D,0,0,0,0.0,[]
TCGA-B8-5164,TCGA-B8-A54E,0,0,0,0.0,[]
TCGA-B8-5164,TCGA-B8-A54F,0,0,0,0.0,[]
TCGA-B8-5164,TCGA-B8-A54G,0,0,0,0.0,[]
TCGA-B8-5164,TCGA-BP-4164,0,1,0,0.0,[]
TCGA-B8-5164,TCGA-BP-4167,0,1,0,0.0,[]
TCGA-B8-5164,TCGA-BP-4770,0,0,0,0.0,[]
TCGA-B8-5164,TCGA-BP-4782,0,0,0,0.0,[]
TCGA-B8-5164,TCGA-BP-4960,0,1,0,0.0,[]
TCGA-B8-5164,TCGA-BP-4962,0,1,0,0.0,[]
TCGA-B8-5164,TCGA-BP-4965,0,1,0,0.0,[]
TCGA-B8-5164,TCGA-BP-4967,0,1,0,0.0,[]
TCGA-B8-5164,TCGA-BP-4970,0,1,0,0.0,[]
TCGA-B8-5164,TCGA-BP-4971,0,1,0,0.0,[]
TCGA-B8-5164,TCGA-BP-4972,0,0,0,0.0,[]
TCGA-B8-5164,TCGA-BP-4976,0,1,0,0.0,[]
TCGA-B8-5164,TCGA-BP-4977,0,1,0,0.0,[]
TCGA-B8-5164,TCGA-BP-4982,0,1,0,0.0,[]
TCGA-B8-5164,TCGA-BP-4986,0,1,0,0.0,[]
TCGA-B8-5164,TCGA-BP-4988,0,1,0,0.0,[]
TCGA-B8-5164,TCGA-BP-4989,0,1,0,0.0,[]
TCGA-B8-5164,TCGA-BP-4992,0,1,0,0.0,[]
TCGA-B8-5164,TCGA-BP-4994,0,0,0,0.0,[]
TCGA-B8-5164,TCGA-BP-4995,0,1,0,0.0,[]
TCGA-B8-5164,TCGA-BP-4999,0,1,0,0.0,[]
TCGA-B8-5164,TCGA-BP-5000,0,0,0,0.0,[]
TCGA-B8-5164,TCGA-BP-5001,0,1,0,0.0,[]
TCGA-B8-5164,TCGA-BP-5004,0,1,0,0.0,[]
TCGA-B8-5164,TCGA-BP-5006,0,1,0,0.0,[]
TCGA-B8-5164,TCGA-BP-5007,0,1,0,0.0,[]
TCGA-B8-5164,TCGA-BP-5009,0,1,0,0.0,[]
TCGA-B8-5164,TCGA-BP-5010,0,1,0,0.0,[]
TCGA-B8-5164,TCGA-BP-5174,0,1,0,0.0,[]
TCGA-B8-5164,TCGA-BP-5175,0,1,0,0.0,[]
TCGA-B8-5164,TCGA-BP-5180,0,1,0,0.0,[]
TCGA-B8-5164,TCGA-BP-5181,0,1,0,0.0,[]
TCGA-B8-5164,TCGA-BP-5183,0,1,0,0.0,[]
TCGA-B8-5164,TCGA-BP-5184,0,1,0,0.0,[]
TCGA-B8-5164,TCGA-BP-5186,0,1,0,0.0,[]
TCGA-B8-5164,TCGA-BP-5187,0,1,0,0.0,[]
TCGA-B8-5164,TCGA-BP-5189,0,1,0,0.0,[]
TCGA-B8-5164,TCGA-BP-5190,0,0,0,0.0,[]
TCGA-B8-5164,TCGA-BP-5191,0,0,0,0.0,[]
TCGA-B8-5164,TCGA-BP-5192,0,1,0,0.0,[]
TCGA-B8-5164,TCGA-BP-5194,0,1,0,0.0,[]
TCGA-B8-5164,TCGA-BP-5195,0,1,0,0.0,[]
TCGA-B8-5164,TCGA-BP-5196,0,1,0,0.0,[]
TCGA-B8-5164,TCGA-BP-5199,0,1,0,0.0,[]
TCGA-B8-5164,TCGA-BP-5200,0,1,0,0.0,[]
TCGA-B8-5164,TCGA-CJ-4637,0,1,0,0.0,[]
TCGA-B8-5164,TCGA-CJ-4641,0,1,0,0.0,[]
TCGA-B8-5164,TCGA-CJ-4900,0,1,0,0.0,[]
TCGA-B8-5164,TCGA-CJ-4902,0,1,0,0.0,[]
TCGA-B8-5164,TCGA-CJ-4903,0,1,0,0.0,[]
TCGA-B8-5164,TCGA-CJ-4904,0,1,0,0.0,[]
TCGA-B8-5164,TCGA-CJ-4923,0,1,0,0.0,[]
TCGA-B8-5164,TCGA-CJ-6027,0,1,0,0.0,[]
TCGA-B8-5164,TCGA-CJ-6028,0,1,0,0.0,[]
TCGA-B8-5164,TCGA-CJ-6030,0,1,0,0.0,[]
TCGA-B8-5164,TCGA-CJ-6033,0,1,0,0.0,[]
TCGA-B8-5164,TCGA-CZ-4859,0,1,0,0.0,[]
TCGA-B8-5164,TCGA-CZ-4863,0,0,0,0.0,[]
TCGA-B8-5164,TCGA-CZ-4865,0,0,0,0.0,[]
TCGA-B8-5164,TCGA-CZ-5451,0,1,0,0.0,[]
TCGA-B8-5164,TCGA-CZ-5462,0,0,0,0.0,[]
TCGA-B8-5164,TCGA-CZ-5468,0,0,0,0.0,[]
TCGA-B8-5164,TCGA-CZ-5984,0,1,0,0.0,[]
TCGA-B8-5164,TCGA-CZ-5985,0,1,0,0.0,[]
TCGA-B8-5164,TCGA-CZ-5988,0,0,0,0.0,[]
TCGA-B8-5164,TCGA-G6-A5PC,0,1,0,0.0,[]
TCGA-B8-5164,TCGA-G6-A8L7,0,1,0,0.0,[]
TCGA-B8-5165,TCGA-B8-5546,1,0,0,0.0,[]
TCGA-B8-5165,TCGA-B8-5549,1,1,1,1.0,"[""K4_repeat2_K4_C0004""]"
TCGA-B8-5165,TCGA-B8-5550,1,0,0,0.0,[]
TCGA-B8-5165,TCGA-B8-5551,1,1,0,0.0,[]
TCGA-B8-5165,TCGA-B8-5553,1,0,0,0.0,[]
TCGA-B8-5165,TCGA-B8-A54D,1,0,0,0.0,[]
TCGA-B8-5165,TCGA-B8-A54E,1,0,0,0.0,[]
TCGA-B8-5165,TCGA-B8-A54F,1,0,0,0.0,[]
TCGA-B8-5165,TCGA-B8-A54G,1,0,0,0.0,[]
TCGA-B8-5165,TCGA-BP-4164,1,1,0,0.0,[]
TCGA-B8-5165,TCGA-BP-4167,1,1,0,0.0,[]
TCGA-B8-5165,TCGA-BP-4770,1,0,0,0.0,[]
TCGA-B8-5165,TCGA-BP-4782,1,0,0,0.0,[]
TCGA-B8-5165,TCGA-BP-4960,1,1,0,0.0,[]
TCGA-B8-5165,TCGA-BP-4962,1,1,0,0.0,[]
TCGA-B8-5165,TCGA-BP-4965,1,1,0,0.0,[]
TCGA-B8-5165,TCGA-BP-4967,1,1,1,1.0,"[""K4_repeat2_K4_C0004""]"
TCGA-B8-5165,TCGA-BP-4970,1,1,1,1.0,"[""K4_repeat2_K4_C0004""]"
TCGA-B8-5165,TCGA-BP-4971,1,1,0,0.0,[]
TCGA-B8-5165,TCGA-BP-4972,1,0,0,0.0,[]
TCGA-B8-5165,TCGA-BP-4976,1,1,0,0.0,[]
TCGA-B8-5165,TCGA-BP-4977,1,1,1,1.0,"[""K4_repeat2_K4_C0004""]"
TCGA-B8-5165,TCGA-BP-4982,1,1,0,0.0,[]
TCGA-B8-5165,TCGA-BP-4986,1,1,1,1.0,"[""K4_repeat2_K4_C0004""]"
TCGA-B8-5165,TCGA-BP-4988,1,1,0,0.0,[]
TCGA-B8-5165,TCGA-BP-4989,1,1,0,0.0,[]
TCGA-B8-5165,TCGA-BP-4992,1,1,0,0.0,[]
TCGA-B8-5165,TCGA-BP-4994,1,0,0,0.0,[]
TCGA-B8-5165,TCGA-BP-4995,1,1,0,0.0,[]
TCGA-B8-5165,TCGA-BP-4999,1,1,0,0.0,[]
TCGA-B8-5165,TCGA-BP-5000,1,0,0,0.0,[]
TCGA-B8-5165,TCGA-BP-5001,1,1,0,0.0,[]
TCGA-B8-5165,TCGA-BP-5004,1,1,0,0.0,[]
TCGA-B8-5165,TCGA-BP-5006,1,1,0,0.0,[]
TCGA-B8-5165,TCGA-BP-5007,1,1,0,0.0,[]
TCGA-B8-5165,TCGA-BP-5009,1,1,0,0.0,[]
TCGA-B8-5165,TCGA-BP-5010,1,1,0,0.0,[]
TCGA-B8-5165,TCGA-BP-5174,1,1,1,1.0,"[""K4_repeat2_K4_C0004""]"
TCGA-B8-5165,TCGA-BP-5175,1,1,0,0.0,[]
TCGA-B8-5165,TCGA-BP-5180,1,1,0,0.0,[]
TCGA-B8-5165,TCGA-BP-5181,1,1,0,0.0,[]
TCGA-B8-5165,TCGA-BP-5183,1,1,0,0.0,[]
TCGA-B8-5165,TCGA-BP-5184,1,1,0,0.0,[]
TCGA-B8-5165,TCGA-BP-5186,1,1,0,0.0,[]
TCGA-B8-5165,TCGA-BP-5187,1,1,0,0.0,[]
TCGA-B8-5165,TCGA-BP-5189,1,1,0,0.0,[]
TCGA-B8-5165,TCGA-BP-5190,1,0,0,0.0,[]
TCGA-B8-5165,TCGA-BP-5191,1,0,0,0.0,[]
TCGA-B8-5165,TCGA-BP-5192,1,1,1,1.0,"[""K4_repeat2_K4_C0004""]"
TCGA-B8-5165,TCGA-BP-5194,1,1,0,0.0,[]
TCGA-B8-5165,TCGA-BP-5195,1,1,0,0.0,[]
TCGA-B8-5165,TCGA-BP-5196,1,1,1,1.0,"[""K4_repeat2_K4_C0004""]"
TCGA-B8-5165,TCGA-BP-5199,1,1,1,1.0,"[""K4_repeat2_K4_C0004""]"
TCGA-B8-5165,TCGA-BP-5200,1,1,0,0.0,[]
TCGA-B8-5165,TCGA-CJ-4637,1,1,0,0.0,[]
TCGA-B8-5165,TCGA-CJ-4641,1,1,0,0.0,[]
TCGA-B8-5165,TCGA-CJ-4900,1,1,0,0.0,[]
TCGA-B8-5165,TCGA-CJ-4902,1,1,0,0.0,[]
TCGA-B8-5165,TCGA-CJ-4903,1,1,0,0.0,[]
TCGA-B8-5165,TCGA-CJ-4904,1,1,0,0.0,[]
TCGA-B8-5165,TCGA-CJ-4923,1,1,0,0.0,[]
TCGA-B8-5165,TCGA-CJ-6027,1,1,0,0.0,[]
TCGA-B8-5165,TCGA-CJ-6028,1,1,0,0.0,[]
TCGA-B8-5165,TCGA-CJ-6030,1,1,0,0.0,[]
TCGA-B8-5165,TCGA-CJ-6033,1,1,0,0.0,[]
TCGA-B8-5165,TCGA-CZ-4859,1,1,0,0.0,[]
TCGA-B8-5165,TCGA-CZ-4863,1,0,0,0.0,[]
TCGA-B8-5165,TCGA-CZ-4865,1,0,0,0.0,[]
TCGA-B8-5165,TCGA-CZ-5451,1,1,0,0.0,[]
TCGA-B8-5165,TCGA-CZ-5462,1,0,0,0.0,[]
TCGA-B8-5165,TCGA-CZ-5468,1,0,0,0.0,[]
TCGA-B8-5165,TCGA-CZ-5984,1,1,1,1.0,"[""K4_repeat2_K4_C0004""]"
TCGA-B8-5165,TCGA-CZ-5985,1,1,0,0.0,[]
TCGA-B8-5165,TCGA-CZ-5988,1,0,0,0.0,[]
TCGA-B8-5165,TCGA-G6-A5PC,1,1,0,0.0,[]
TCGA-B8-5165,TCGA-G6-A8L7,1,1,0,0.0,[]
TCGA-B8-5546,TCGA-B8-5549,0,1,0,0.0,[]
TCGA-B8-5546,TCGA-B8-5550,0,0,0,0.0,[]
TCGA-B8-5546,TCGA-B8-5551,0,1,0,0.0,[]
TCGA-B8-5546,TCGA-B8-5553,0,0,0,0.0,[]
TCGA-B8-5546,TCGA-B8-A54D,0,0,0,0.0,[]
TCGA-B8-5546,TCGA-B8-A54E,0,0,0,0.0,[]
TCGA-B8-5546,TCGA-B8-A54F,0,0,0,0.0,[]
TCGA-B8-5546,TCGA-B8-A54G,0,0,0,0.0,[]
TCGA-B8-5546,TCGA-BP-4164,0,1,0,0.0,[]
TCGA-B8-5546,TCGA-BP-4167,0,1,0,0.0,[]
TCGA-B8-5546,TCGA-BP-4770,0,0,0,0.0,[]
TCGA-B8-5546,TCGA-BP-4782,0,0,0,0.0,[]
TCGA-B8-5546,TCGA-BP-4960,0,1,0,0.0,[]
TCGA-B8-5546,TCGA-BP-4962,0,1,0,0.0,[]
TCGA-B8-5546,TCGA-BP-4965,0,1,0,0.0,[]
TCGA-B8-5546,TCGA-BP-4967,0,1,0,0.0,[]
TCGA-B8-5546,TCGA-BP-4970,0,1,0,0.0,[]
TCGA-B8-5546,TCGA-BP-4971,0,1,0,0.0,[]
TCGA-B8-5546,TCGA-BP-4972,0,0,0,0.0,[]
TCGA-B8-5546,TCGA-BP-4976,0,1,0,0.0,[]
TCGA-B8-5546,TCGA-BP-4977,0,1,0,0.0,[]
TCGA-B8-5546,TCGA-BP-4982,0,1,0,0.0,[]
TCGA-B8-5546,TCGA-BP-4986,0,1,0,0.0,[]
TCGA-B8-5546,TCGA-BP-4988,0,1,0,0.0,[]
TCGA-B8-5546,TCGA-BP-4989,0,1,0,0.0,[]
TCGA-B8-5546,TCGA-BP-4992,0,1,0,0.0,[]
TCGA-B8-5546,TCGA-BP-4994,0,0,0,0.0,[]
TCGA-B8-5546,TCGA-BP-4995,0,1,0,0.0,[]
TCGA-B8-5546,TCGA-BP-4999,0,1,0,0.0,[]
TCGA-B8-5546,TCGA-BP-5000,0,0,0,0.0,[]
TCGA-B8-5546,TCGA-BP-5001,0,1,0,0.0,[]
TCGA-B8-5546,TCGA-BP-5004,0,1,0,0.0,[]
TCGA-B8-5546,TCGA-BP-5006,0,1,0,0.0,[]
TCGA-B8-5546,TCGA-BP-5007,0,1,0,0.0,[]
TCGA-B8-5546,TCGA-BP-5009,0,1,0,0.0,[]
TCGA-B8-5546,TCGA-BP-5010,0,1,0,0.0,[]
TCGA-B8-5546,TCGA-BP-5174,0,1,0,0.0,[]
TCGA-B8-5546,TCGA-BP-5175,0,1,0,0.0,[]
TCGA-B8-5546,TCGA-BP-5180,0,1,0,0.0,[]
TCGA-B8-5546,TCGA-BP-5181,0,1,0,0.0,[]
TCGA-B8-5546,TCGA-BP-5183,0,1,0,0.0,[]
TCGA-B8-5546,TCGA-BP-5184,0,1,0,0.0,[]
TCGA-B8-5546,TCGA-BP-5186,0,1,0,0.0,[]
TCGA-B8-5546,TCGA-BP-5187,0,1,0,0.0,[]
TCGA-B8-5546,TCGA-BP-5189,0,1,0,0.0,[]
TCGA-B8-5546,TCGA-BP-5190,0,0,0,0.0,[]
TCGA-B8-5546,TCGA-BP-5191,0,0,0,0.0,[]
TCGA-B8-5546,TCGA-BP-5192,0,1,0,0.0,[]
TCGA-B8-5546,TCGA-BP-5194,0,1,0,0.0,[]
TCGA-B8-5546,TCGA-BP-5195,0,1,0,0.0,[]
TCGA-B8-5546,TCGA-BP-5196,0,1,0,0.0,[]
TCGA-B8-5546,TCGA-BP-5199,0,1,0,0.0,[]
TCGA-B8-5546,TCGA-BP-5200,0,1,0,0.0,[]
TCGA-B8-5546,TCGA-CJ-4637,0,1,0,0.0,[]
TCGA-B8-5546,TCGA-CJ-4641,0,1,0,0.0,[]
TCGA-B8-5546,TCGA-CJ-4900,0,1,0,0.0,[]
TCGA-B8-5546,TCGA-CJ-4902,0,1,0,0.0,[]
TCGA-B8-5546,TCGA-CJ-4903,0,1,0,0.0,[]
TCGA-B8-5546,TCGA-CJ-4904,0,1,0,0.0,[]
TCGA-B8-5546,TCGA-CJ-4923,0,1,0,0.0,[]
TCGA-B8-5546,TCGA-CJ-6027,0,1,0,0.0,[]
TCGA-B8-5546,TCGA-CJ-6028,0,1,0,0.0,[]
TCGA-B8-5546,TCGA-CJ-6030,0,1,0,0.0,[]
TCGA-B8-5546,TCGA-CJ-6033,0,1,0,0.0,[]
TCGA-B8-5546,TCGA-CZ-4859,0,1,0,0.0,[]
TCGA-B8-5546,TCGA-CZ-4863,0,0,0,0.0,[]
TCGA-B8-5546,TCGA-CZ-4865,0,0,0,0.0,[]
TCGA-B8-5546,TCGA-CZ-5451,0,1,0,0.0,[]
TCGA-B8-5546,TCGA-CZ-5462,0,0,0,0.0,[]
TCGA-B8-5546,TCGA-CZ-5468,0,0,0,0.0,[]
TCGA-B8-5546,TCGA-CZ-5984,0,1,0,0.0,[]
TCGA-B8-5546,TCGA-CZ-5985,0,1,0,0.0,[]
TCGA-B8-5546,TCGA-CZ-5988,0,0,0,0.0,[]
TCGA-B8-5546,TCGA-G6-A5PC,0,1,0,0.0,[]
TCGA-B8-5546,TCGA-G6-A8L7,0,1,0,0.0,[]
TCGA-B8-5549,TCGA-B8-5550,1,0,0,0.0,[]
TCGA-B8-5549,TCGA-B8-5551,1,1,0,0.0,[]
TCGA-B8-5549,TCGA-B8-5553,1,0,0,0.0,[]
TCGA-B8-5549,TCGA-B8-A54D,1,0,0,0.0,[]
TCGA-B8-5549,TCGA-B8-A54E,1,0,0,0.0,[]
TCGA-B8-5549,TCGA-B8-A54F,1,0,0,0.0,[]
TCGA-B8-5549,TCGA-B8-A54G,1,0,0,0.0,[]
TCGA-B8-5549,TCGA-BP-4164,1,1,0,0.0,[]
TCGA-B8-5549,TCGA-BP-4167,1,1,0,0.0,[]
TCGA-B8-5549,TCGA-BP-4770,1,0,0,0.0,[]
TCGA-B8-5549,TCGA-BP-4782,1,0,0,0.0,[]
TCGA-B8-5549,TCGA-BP-4960,1,1,0,0.0,[]
TCGA-B8-5549,TCGA-BP-4962,1,1,0,0.0,[]
TCGA-B8-5549,TCGA-BP-4965,1,1,0,0.0,[]
TCGA-B8-5549,TCGA-BP-4967,1,1,1,1.0,"[""K4_repeat2_K4_C0004""]"
TCGA-B8-5549,TCGA-BP-4970,1,1,1,1.0,"[""K4_repeat2_K4_C0004""]"
TCGA-B8-5549,TCGA-BP-4971,1,1,0,0.0,[]
TCGA-B8-5549,TCGA-BP-4972,1,0,0,0.0,[]
TCGA-B8-5549,TCGA-BP-4976,1,1,0,0.0,[]
TCGA-B8-5549,TCGA-BP-4977,1,1,1,1.0,"[""K4_repeat2_K4_C0004""]"
TCGA-B8-5549,TCGA-BP-4982,1,1,0,0.0,[]
TCGA-B8-5549,TCGA-BP-4986,1,1,1,1.0,"[""K4_repeat2_K4_C0004""]"
TCGA-B8-5549,TCGA-BP-4988,1,1,0,0.0,[]
TCGA-B8-5549,TCGA-BP-4989,1,1,0,0.0,[]
TCGA-B8-5549,TCGA-BP-4992,1,1,0,0.0,[]
TCGA-B8-5549,TCGA-BP-4994,1,0,0,0.0,[]
TCGA-B8-5549,TCGA-BP-4995,1,1,0,0.0,[]
TCGA-B8-5549,TCGA-BP-4999,1,1,0,0.0,[]
TCGA-B8-5549,TCGA-BP-5000,1,0,0,0.0,[]
TCGA-B8-5549,TCGA-BP-5001,1,1,0,0.0,[]
TCGA-B8-5549,TCGA-BP-5004,1,1,0,0.0,[]
TCGA-B8-5549,TCGA-BP-5006,1,1,0,0.0,[]
TCGA-B8-5549,TCGA-BP-5007,1,1,0,0.0,[]
TCGA-B8-5549,TCGA-BP-5009,1,1,0,0.0,[]
TCGA-B8-5549,TCGA-BP-5010,1,1,0,0.0,[]
TCGA-B8-5549,TCGA-BP-5174,1,1,1,1.0,"[""K4_repeat2_K4_C0004""]"
TCGA-B8-5549,TCGA-BP-5175,1,1,0,0.0,[]
TCGA-B8-5549,TCGA-BP-5180,1,1,0,0.0,[]
TCGA-B8-5549,TCGA-BP-5181,1,1,0,0.0,[]
TCGA-B8-5549,TCGA-BP-5183,1,1,0,0.0,[]
TCGA-B8-5549,TCGA-BP-5184,1,1,0,0.0,[]
TCGA-B8-5549,TCGA-BP-5186,1,1,0,0.0,[]
TCGA-B8-5549,TCGA-BP-5187,1,1,0,0.0,[]
TCGA-B8-5549,TCGA-BP-5189,1,1,0,0.0,[]
TCGA-B8-5549,TCGA-BP-5190,1,0,0,0.0,[]
TCGA-B8-5549,TCGA-BP-5191,1,0,0,0.0,[]
TCGA-B8-5549,TCGA-BP-5192,1,1,1,1.0,"[""K4_repeat2_K4_C0004""]"
TCGA-B8-5549,TCGA-BP-5194,1,1,0,0.0,[]
TCGA-B8-5549,TCGA-BP-5195,1,1,0,0.0,[]
TCGA-B8-5549,TCGA-BP-5196,1,1,1,1.0,"[""K4_repeat2_K4_C0004""]"
TCGA-B8-5549,TCGA-BP-5199,1,1,1,1.0,"[""K4_repeat2_K4_C0004""]"
TCGA-B8-5549,TCGA-BP-5200,1,1,0,0.0,[]
TCGA-B8-5549,TCGA-CJ-4637,1,1,0,0.0,[]
TCGA-B8-5549,TCGA-CJ-4641,1,1,0,0.0,[]
TCGA-B8-5549,TCGA-CJ-4900,1,1,0,0.0,[]
TCGA-B8-5549,TCGA-CJ-4902,1,1,0,0.0,[]
TCGA-B8-5549,TCGA-CJ-4903,1,1,0,0.0,[]
TCGA-B8-5549,TCGA-CJ-4904,1,1,0,0.0,[]
TCGA-B8-5549,TCGA-CJ-4923,1,1,0,0.0,[]
TCGA-B8-5549,TCGA-CJ-6027,1,1,0,0.0,[]
TCGA-B8-5549,TCGA-CJ-6028,1,1,0,0.0,[]
TCGA-B8-5549,TCGA-CJ-6030,1,1,0,0.0,[]
TCGA-B8-5549,TCGA-CJ-6033,1,1,0,0.0,[]
TCGA-B8-5549,TCGA-CZ-4859,1,1,0,0.0,[]
TCGA-B8-5549,TCGA-CZ-4863,1,0,0,0.0,[]
TCGA-B8-5549,TCGA-CZ-4865,1,0,0,0.0,[]
TCGA-B8-5549,TCGA-CZ-5451,1,1,0,0.0,[]
TCGA-B8-5549,TCGA-CZ-5462,1,0,0,0.0,[]
TCGA-B8-5549,TCGA-CZ-5468,1,0,0,0.0,[]
TCGA-B8-5549,TCGA-CZ-5984,1,1,1,1.0,"[""K4_repeat2_K4_C0004""]"
TCGA-B8-5549,TCGA-CZ-5985,1,1,0,0.0,[]
TCGA-B8-5549,TCGA-CZ-5988,1,0,0,0.0,[]
TCGA-B8-5549,TCGA-G6-A5PC,1,1,0,0.0,[]
TCGA-B8-5549,TCGA-G6-A8L7,1,1,0,0.0,[]
TCGA-B8-5550,TCGA-B8-5551,0,1,0,0.0,[]
TCGA-B8-5550,TCGA-B8-5553,0,0,0,0.0,[]
TCGA-B8-5550,TCGA-B8-A54D,0,0,0,0.0,[]
TCGA-B8-5550,TCGA-B8-A54E,0,0,0,0.0,[]
TCGA-B8-5550,TCGA-B8-A54F,0,0,0,0.0,[]
TCGA-B8-5550,TCGA-B8-A54G,0,0,0,0.0,[]
TCGA-B8-5550,TCGA-BP-4164,0,1,0,0.0,[]
TCGA-B8-5550,TCGA-BP-4167,0,1,0,0.0,[]
TCGA-B8-5550,TCGA-BP-4770,0,0,0,0.0,[]
TCGA-B8-5550,TCGA-BP-4782,0,0,0,0.0,[]
TCGA-B8-5550,TCGA-BP-4960,0,1,0,0.0,[]
TCGA-B8-5550,TCGA-BP-4962,0,1,0,0.0,[]
TCGA-B8-5550,TCGA-BP-4965,0,1,0,0.0,[]
TCGA-B8-5550,TCGA-BP-4967,0,1,0,0.0,[]
TCGA-B8-5550,TCGA-BP-4970,0,1,0,0.0,[]
TCGA-B8-5550,TCGA-BP-4971,0,1,0,0.0,[]
TCGA-B8-5550,TCGA-BP-4972,0,0,0,0.0,[]
TCGA-B8-5550,TCGA-BP-4976,0,1,0,0.0,[]
TCGA-B8-5550,TCGA-BP-4977,0,1,0,0.0,[]
TCGA-B8-5550,TCGA-BP-4982,0,1,0,0.0,[]
TCGA-B8-5550,TCGA-BP-4986,0,1,0,0.0,[]
TCGA-B8-5550,TCGA-BP-4988,0,1,0,0.0,[]
TCGA-B8-5550,TCGA-BP-4989,0,1,0,0.0,[]
TCGA-B8-5550,TCGA-BP-4992,0,1,0,0.0,[]
TCGA-B8-5550,TCGA-BP-4994,0,0,0,0.0,[]
TCGA-B8-5550,TCGA-BP-4995,0,1,0,0.0,[]
TCGA-B8-5550,TCGA-BP-4999,0,1,0,0.0,[]
TCGA-B8-5550,TCGA-BP-5000,0,0,0,0.0,[]
TCGA-B8-5550,TCGA-BP-5001,0,1,0,0.0,[]
TCGA-B8-5550,TCGA-BP-5004,0,1,0,0.0,[]
TCGA-B8-5550,TCGA-BP-5006,0,1,0,0.0,[]
TCGA-B8-5550,TCGA-BP-5007,0,1,0,0.0,[]
TCGA-B8-5550,TCGA-BP-5009,0,1,0,0.0,[]
TCGA-B8-5550,TCGA-BP-5010,0,1,0,0.0,[]
TCGA-B8-5550,TCGA-BP-5174,0,1,0,0.0,[]
TCGA-B8-5550,TCGA-BP-5175,0,1,0,0.0,[]
TCGA-B8-5550,TCGA-BP-5180,0,1,0,0.0,[]
TCGA-B8-5550,TCGA-BP-5181,0,1,0,0.0,[]
TCGA-B8-5550,TCGA-BP-5183,0,1,0,0.0,[]
TCGA-B8-5550,TCGA-BP-5184,0,1,0,0.0,[]
TCGA-B8-5550,TCGA-BP-5186,0,1,0,0.0,[]
TCGA-B8-5550,TCGA-BP-5187,0,1,0,0.0,[]
TCGA-B8-5550,TCGA-BP-5189,0,1,0,0.0,[]
TCGA-B8-5550,TCGA-BP-5190,0,0,0,0.0,[]
TCGA-B8-5550,TCGA-BP-5191,0,0,0,0.0,[]
TCGA-B8-5550,TCGA-BP-5192,0,1,0,0.0,[]
TCGA-B8-5550,TCGA-BP-5194,0,1,0,0.0,[]
TCGA-B8-5550,TCGA-BP-5195,0,1,0,0.0,[]
TCGA-B8-5550,TCGA-BP-5196,0,1,0,0.0,[]
TCGA-B8-5550,TCGA-BP-5199,0,1,0,0.0,[]
TCGA-B8-5550,TCGA-BP-5200,0,1,0,0.0,[]
TCGA-B8-5550,TCGA-CJ-4637,0,1,0,0.0,[]
TCGA-B8-5550,TCGA-CJ-4641,0,1,0,0.0,[]
TCGA-B8-5550,TCGA-CJ-4900,0,1,0,0.0,[]
TCGA-B8-5550,TCGA-CJ-4902,0,1,0,0.0,[]
TCGA-B8-5550,TCGA-CJ-4903,0,1,0,0.0,[]
TCGA-B8-5550,TCGA-CJ-4904,0,1,0,0.0,[]
TCGA-B8-5550,TCGA-CJ-4923,0,1,0,0.0,[]
TCGA-B8-5550,TCGA-CJ-6027,0,1,0,0.0,[]
TCGA-B8-5550,TCGA-CJ-6028,0,1,0,0.0,[]
TCGA-B8-5550,TCGA-CJ-6030,0,1,0,0.0,[]
TCGA-B8-5550,TCGA-CJ-6033,0,1,0,0.0,[]
TCGA-B8-5550,TCGA-CZ-4859,0,1,0,0.0,[]
TCGA-B8-5550,TCGA-CZ-4863,0,0,0,0.0,[]
TCGA-B8-5550,TCGA-CZ-4865,0,0,0,0.0,[]
TCGA-B8-5550,TCGA-CZ-5451,0,1,0,0.0,[]
TCGA-B8-5550,TCGA-CZ-5462,0,0,0,0.0,[]
TCGA-B8-5550,TCGA-CZ-5468,0,0,0,0.0,[]
TCGA-B8-5550,TCGA-CZ-5984,0,1,0,0.0,[]
TCGA-B8-5550,TCGA-CZ-5985,0,1,0,0.0,[]
TCGA-B8-5550,TCGA-CZ-5988,0,0,0,0.0,[]
TCGA-B8-5550,TCGA-G6-A5PC,0,1,0,0.0,[]
TCGA-B8-5550,TCGA-G6-A8L7,0,1,0,0.0,[]
TCGA-B8-5551,TCGA-B8-5553,1,0,0,0.0,[]
TCGA-B8-5551,TCGA-B8-A54D,1,0,0,0.0,[]
TCGA-B8-5551,TCGA-B8-A54E,1,0,0,0.0,[]
TCGA-B8-5551,TCGA-B8-A54F,1,0,0,0.0,[]
TCGA-B8-5551,TCGA-B8-A54G,1,0,0,0.0,[]
TCGA-B8-5551,TCGA-BP-4164,1,1,0,0.0,[]
TCGA-B8-5551,TCGA-BP-4167,1,1,1,1.0,"[""K4_repeat2_K4_C0003""]"
TCGA-B8-5551,TCGA-BP-4770,1,0,0,0.0,[]
TCGA-B8-5551,TCGA-BP-4782,1,0,0,0.0,[]
TCGA-B8-5551,TCGA-BP-4960,1,1,0,0.0,[]
TCGA-B8-5551,TCGA-BP-4962,1,1,1,1.0,"[""K4_repeat2_K4_C0003""]"
TCGA-B8-5551,TCGA-BP-4965,1,1,0,0.0,[]
TCGA-B8-5551,TCGA-BP-4967,1,1,0,0.0,[]
TCGA-B8-5551,TCGA-BP-4970,1,1,0,0.0,[]
TCGA-B8-5551,TCGA-BP-4971,1,1,1,1.0,"[""K4_repeat2_K4_C0003""]"
TCGA-B8-5551,TCGA-BP-4972,1,0,0,0.0,[]
TCGA-B8-5551,TCGA-BP-4976,1,1,0,0.0,[]
TCGA-B8-5551,TCGA-BP-4977,1,1,0,0.0,[]
TCGA-B8-5551,TCGA-BP-4982,1,1,0,0.0,[]
TCGA-B8-5551,TCGA-BP-4986,1,1,0,0.0,[]
TCGA-B8-5551,TCGA-BP-4988,1,1,0,0.0,[]
TCGA-B8-5551,TCGA-BP-4989,1,1,0,0.0,[]
TCGA-B8-5551,TCGA-BP-4992,1,1,1,1.0,"[""K4_repeat2_K4_C0003""]"
TCGA-B8-5551,TCGA-BP-4994,1,0,0,0.0,[]
TCGA-B8-5551,TCGA-BP-4995,1,1,0,0.0,[]
TCGA-B8-5551,TCGA-BP-4999,1,1,0,0.0,[]
TCGA-B8-5551,TCGA-BP-5000,1,0,0,0.0,[]
TCGA-B8-5551,TCGA-BP-5001,1,1,0,0.0,[]
TCGA-B8-5551,TCGA-BP-5004,1,1,0,0.0,[]
TCGA-B8-5551,TCGA-BP-5006,1,1,0,0.0,[]
TCGA-B8-5551,TCGA-BP-5007,1,1,0,0.0,[]
TCGA-B8-5551,TCGA-BP-5009,1,1,0,0.0,[]
TCGA-B8-5551,TCGA-BP-5010,1,1,1,1.0,"[""K4_repeat2_K4_C0003""]"
TCGA-B8-5551,TCGA-BP-5174,1,1,0,0.0,[]
TCGA-B8-5551,TCGA-BP-5175,1,1,1,1.0,"[""K4_repeat2_K4_C0003""]"
TCGA-B8-5551,TCGA-BP-5180,1,1,0,0.0,[]
TCGA-B8-5551,TCGA-BP-5181,1,1,0,0.0,[]
TCGA-B8-5551,TCGA-BP-5183,1,1,0,0.0,[]
TCGA-B8-5551,TCGA-BP-5184,1,1,0,0.0,[]
TCGA-B8-5551,TCGA-BP-5186,1,1,0,0.0,[]
TCGA-B8-5551,TCGA-BP-5187,1,1,0,0.0,[]
TCGA-B8-5551,TCGA-BP-5189,1,1,0,0.0,[]
TCGA-B8-5551,TCGA-BP-5190,1,0,0,0.0,[]
TCGA-B8-5551,TCGA-BP-5191,1,0,0,0.0,[]
TCGA-B8-5551,TCGA-BP-5192,1,1,0,0.0,[]
TCGA-B8-5551,TCGA-BP-5194,1,1,0,0.0,[]
TCGA-B8-5551,TCGA-BP-5195,1,1,0,0.0,[]
TCGA-B8-5551,TCGA-BP-5196,1,1,0,0.0,[]
TCGA-B8-5551,TCGA-BP-5199,1,1,0,0.0,[]
TCGA-B8-5551,TCGA-BP-5200,1,1,0,0.0,[]
TCGA-B8-5551,TCGA-CJ-4637,1,1,1,1.0,"[""K4_repeat2_K4_C0003""]"
TCGA-B8-5551,TCGA-CJ-4641,1,1,1,1.0,"[""K4_repeat2_K4_C0003""]"
TCGA-B8-5551,TCGA-CJ-4900,1,1,1,1.0,"[""K4_repeat2_K4_C0003""]"
TCGA-B8-5551,TCGA-CJ-4902,1,1,1,1.0,"[""K4_repeat2_K4_C0003""]"
TCGA-B8-5551,TCGA-CJ-4903,1,1,0,0.0,[]
TCGA-B8-5551,TCGA-CJ-4904,1,1,0,0.0,[]
TCGA-B8-5551,TCGA-CJ-4923,1,1,1,1.0,"[""K4_repeat2_K4_C0003""]"
TCGA-B8-5551,TCGA-CJ-6027,1,1,1,1.0,"[""K4_repeat2_K4_C0003""]"
TCGA-B8-5551,TCGA-CJ-6028,1,1,1,1.0,"[""K4_repeat2_K4_C0003""]"
TCGA-B8-5551,TCGA-CJ-6030,1,1,1,1.0,"[""K4_repeat2_K4_C0003""]"
TCGA-B8-5551,TCGA-CJ-6033,1,1,0,0.0,[]
TCGA-B8-5551,TCGA-CZ-4859,1,1,0,0.0,[]
TCGA-B8-5551,TCGA-CZ-4863,1,0,0,0.0,[]
TCGA-B8-5551,TCGA-CZ-4865,1,0,0,0.0,[]
TCGA-B8-5551,TCGA-CZ-5451,1,1,0,0.0,[]
TCGA-B8-5551,TCGA-CZ-5462,1,0,0,0.0,[]
TCGA-B8-5551,TCGA-CZ-5468,1,0,0,0.0,[]
TCGA-B8-5551,TCGA-CZ-5984,1,1,0,0.0,[]
TCGA-B8-5551,TCGA-CZ-5985,1,1,1,1.0,"[""K4_repeat2_K4_C0003""]"
TCGA-B8-5551,TCGA-CZ-5988,1,0,0,0.0,[]
TCGA-B8-5551,TCGA-G6-A5PC,1,1,1,1.0,"[""K4_repeat2_K4_C0003""]"
TCGA-B8-5551,TCGA-G6-A8L7,1,1,0,0.0,[]
TCGA-B8-5553,TCGA-B8-A54D,0,0,0,0.0,[]
TCGA-B8-5553,TCGA-B8-A54E,0,0,0,0.0,[]
TCGA-B8-5553,TCGA-B8-A54F,0,0,0,0.0,[]
TCGA-B8-5553,TCGA-B8-A54G,0,0,0,0.0,[]
TCGA-B8-5553,TCGA-BP-4164,0,1,0,0.0,[]
TCGA-B8-5553,TCGA-BP-4167,0,1,0,0.0,[]
TCGA-B8-5553,TCGA-BP-4770,0,0,0,0.0,[]
TCGA-B8-5553,TCGA-BP-4782,0,0,0,0.0,[]
TCGA-B8-5553,TCGA-BP-4960,0,1,0,0.0,[]
TCGA-B8-5553,TCGA-BP-4962,0,1,0,0.0,[]
TCGA-B8-5553,TCGA-BP-4965,0,1,0,0.0,[]
TCGA-B8-5553,TCGA-BP-4967,0,1,0,0.0,[]
TCGA-B8-5553,TCGA-BP-4970,0,1,0,0.0,[]
TCGA-B8-5553,TCGA-BP-4971,0,1,0,0.0,[]
TCGA-B8-5553,TCGA-BP-4972,0,0,0,0.0,[]
TCGA-B8-5553,TCGA-BP-4976,0,1,0,0.0,[]
TCGA-B8-5553,TCGA-BP-4977,0,1,0,0.0,[]
TCGA-B8-5553,TCGA-BP-4982,0,1,0,0.0,[]
TCGA-B8-5553,TCGA-BP-4986,0,1,0,0.0,[]
TCGA-B8-5553,TCGA-BP-4988,0,1,0,0.0,[]
TCGA-B8-5553,TCGA-BP-4989,0,1,0,0.0,[]
TCGA-B8-5553,TCGA-BP-4992,0,1,0,0.0,[]
TCGA-B8-5553,TCGA-BP-4994,0,0,0,0.0,[]
TCGA-B8-5553,TCGA-BP-4995,0,1,0,0.0,[]
TCGA-B8-5553,TCGA-BP-4999,0,1,0,0.0,[]
TCGA-B8-5553,TCGA-BP-5000,0,0,0,0.0,[]
TCGA-B8-5553,TCGA-BP-5001,0,1,0,0.0,[]
TCGA-B8-5553,TCGA-BP-5004,0,1,0,0.0,[]
TCGA-B8-5553,TCGA-BP-5006,0,1,0,0.0,[]
TCGA-B8-5553,TCGA-BP-5007,0,1,0,0.0,[]
TCGA-B8-5553,TCGA-BP-5009,0,1,0,0.0,[]
TCGA-B8-5553,TCGA-BP-5010,0,1,0,0.0,[]
TCGA-B8-5553,TCGA-BP-5174,0,1,0,0.0,[]
TCGA-B8-5553,TCGA-BP-5175,0,1,0,0.0,[]
TCGA-B8-5553,TCGA-BP-5180,0,1,0,0.0,[]
TCGA-B8-5553,TCGA-BP-5181,0,1,0,0.0,[]
TCGA-B8-5553,TCGA-BP-5183,0,1,0,0.0,[]
TCGA-B8-5553,TCGA-BP-5184,0,1,0,0.0,[]
TCGA-B8-5553,TCGA-BP-5186,0,1,0,0.0,[]
TCGA-B8-5553,TCGA-BP-5187,0,1,0,0.0,[]
TCGA-B8-5553,TCGA-BP-5189,0,1,0,0.0,[]
TCGA-B8-5553,TCGA-BP-5190,0,0,0,0.0,[]
TCGA-B8-5553,TCGA-BP-5191,0,0,0,0.0,[]
TCGA-B8-5553,TCGA-BP-5192,0,1,0,0.0,[]
TCGA-B8-5553,TCGA-BP-5194,0,1,0,0.0,[]
TCGA-B8-5553,TCGA-BP-5195,0,1,0,0.0,[]
TCGA-B8-5553,TCGA-BP-5196,0,1,0,0.0,[]
TCGA-B8-5553,TCGA-BP-5199,0,1,0,0.0,[]
TCGA-B8-5553,TCGA-BP-5200,0,1,0,0.0,[]
TCGA-B8-5553,TCGA-CJ-4637,0,1,0,0.0,[]
TCGA-B8-5553,TCGA-CJ-4641,0,1,0,0.0,[]
TCGA-B8-5553,TCGA-CJ-4900,0,1,0,0.0,[]
TCGA-B8-5553,TCGA-CJ-4902,0,1,0,0.0,[]
TCGA-B8-5553,TCGA-CJ-4903,0,1,0,0.0,[]
TCGA-B8-5553,TCGA-CJ-4904,0,1,0,0.0,[]
TCGA-B8-5553,TCGA-CJ-4923,0,1,0,0.0,[]
TCGA-B8-5553,TCGA-CJ-6027,0,1,0,0.0,[]
TCGA-B8-5553,TCGA-CJ-6028,0,1,0,0.0,[]
TCGA-B8-5553,TCGA-CJ-6030,0,1,0,0.0,[]
TCGA-B8-5553,TCGA-CJ-6033,0,1,0,0.0,[]
TCGA-B8-5553,TCGA-CZ-4859,0,1,0,0.0,[]
TCGA-B8-5553,TCGA-CZ-4863,0,0,0,0.0,[]
TCGA-B8-5553,TCGA-CZ-4865,0,0,0,0.0,[]
TCGA-B8-5553,TCGA-CZ-5451,0,1,0,0.0,[]
TCGA-B8-5553,TCGA-CZ-5462,0,0,0,0.0,[]
TCGA-B8-5553,TCGA-CZ-5468,0,0,0,0.0,[]
TCGA-B8-5553,TCGA-CZ-5984,0,1,0,0.0,[]
TCGA-B8-5553,TCGA-CZ-5985,0,1,0,0.0,[]
TCGA-B8-5553,TCGA-CZ-5988,0,0,0,0.0,[]
TCGA-B8-5553,TCGA-G6-A5PC,0,1,0,0.0,[]
TCGA-B8-5553,TCGA-G6-A8L7,0,1,0,0.0,[]
TCGA-B8-A54D,TCGA-B8-A54E,0,0,0,0.0,[]
TCGA-B8-A54D,TCGA-B8-A54F,0,0,0,0.0,[]
TCGA-B8-A54D,TCGA-B8-A54G,0,0,0,0.0,[]
TCGA-B8-A54D,TCGA-BP-4164,0,1,0,0.0,[]
TCGA-B8-A54D,TCGA-BP-4167,0,1,0,0.0,[]
TCGA-B8-A54D,TCGA-BP-4770,0,0,0,0.0,[]
TCGA-B8-A54D,TCGA-BP-4782,0,0,0,0.0,[]
TCGA-B8-A54D,TCGA-BP-4960,0,1,0,0.0,[]
TCGA-B8-A54D,TCGA-BP-4962,0,1,0,0.0,[]
TCGA-B8-A54D,TCGA-BP-4965,0,1,0,0.0,[]
TCGA-B8-A54D,TCGA-BP-4967,0,1,0,0.0,[]
TCGA-B8-A54D,TCGA-BP-4970,0,1,0,0.0,[]
TCGA-B8-A54D,TCGA-BP-4971,0,1,0,0.0,[]
TCGA-B8-A54D,TCGA-BP-4972,0,0,0,0.0,[]
TCGA-B8-A54D,TCGA-BP-4976,0,1,0,0.0,[]
TCGA-B8-A54D,TCGA-BP-4977,0,1,0,0.0,[]
TCGA-B8-A54D,TCGA-BP-4982,0,1,0,0.0,[]
TCGA-B8-A54D,TCGA-BP-4986,0,1,0,0.0,[]
TCGA-B8-A54D,TCGA-BP-4988,0,1,0,0.0,[]
TCGA-B8-A54D,TCGA-BP-4989,0,1,0,0.0,[]
TCGA-B8-A54D,TCGA-BP-4992,0,1,0,0.0,[]
TCGA-B8-A54D,TCGA-BP-4994,0,0,0,0.0,[]
TCGA-B8-A54D,TCGA-BP-4995,0,1,0,0.0,[]
TCGA-B8-A54D,TCGA-BP-4999,0,1,0,0.0,[]
TCGA-B8-A54D,TCGA-BP-5000,0,0,0,0.0,[]
TCGA-B8-A54D,TCGA-BP-5001,0,1,0,0.0,[]
TCGA-B8-A54D,TCGA-BP-5004,0,1,0,0.0,[]
TCGA-B8-A54D,TCGA-BP-5006,0,1,0,0.0,[]
TCGA-B8-A54D,TCGA-BP-5007,0,1,0,0.0,[]
TCGA-B8-A54D,TCGA-BP-5009,0,1,0,0.0,[]
TCGA-B8-A54D,TCGA-BP-5010,0,1,0,0.0,[]
TCGA-B8-A54D,TCGA-BP-5174,0,1,0,0.0,[]
TCGA-B8-A54D,TCGA-BP-5175,0,1,0,0.0,[]
TCGA-B8-A54D,TCGA-BP-5180,0,1,0,0.0,[]
TCGA-B8-A54D,TCGA-BP-5181,0,1,0,0.0,[]
TCGA-B8-A54D,TCGA-BP-5183,0,1,0,0.0,[]
TCGA-B8-A54D,TCGA-BP-5184,0,1,0,0.0,[]
TCGA-B8-A54D,TCGA-BP-5186,0,1,0,0.0,[]
TCGA-B8-A54D,TCGA-BP-5187,0,1,0,0.0,[]
TCGA-B8-A54D,TCGA-BP-5189,0,1,0,0.0,[]
TCGA-B8-A54D,TCGA-BP-5190,0,0,0,0.0,[]
TCGA-B8-A54D,TCGA-BP-5191,0,0,0,0.0,[]
TCGA-B8-A54D,TCGA-BP-5192,0,1,0,0.0,[]
TCGA-B8-A54D,TCGA-BP-5194,0,1,0,0.0,[]
TCGA-B8-A54D,TCGA-BP-5195,0,1,0,0.0,[]
TCGA-B8-A54D,TCGA-BP-5196,0,1,0,0.0,[]
TCGA-B8-A54D,TCGA-BP-5199,0,1,0,0.0,[]
TCGA-B8-A54D,TCGA-BP-5200,0,1,0,0.0,[]
TCGA-B8-A54D,TCGA-CJ-4637,0,1,0,0.0,[]
TCGA-B8-A54D,TCGA-CJ-4641,0,1,0,0.0,[]
TCGA-B8-A54D,TCGA-CJ-4900,0,1,0,0.0,[]
TCGA-B8-A54D,TCGA-CJ-4902,0,1,0,0.0,[]
TCGA-B8-A54D,TCGA-CJ-4903,0,1,0,0.0,[]
TCGA-B8-A54D,TCGA-CJ-4904,0,1,0,0.0,[]
TCGA-B8-A54D,TCGA-CJ-4923,0,1,0,0.0,[]
TCGA-B8-A54D,TCGA-CJ-6027,0,1,0,0.0,[]
TCGA-B8-A54D,TCGA-CJ-6028,0,1,0,0.0,[]
TCGA-B8-A54D,TCGA-CJ-6030,0,1,0,0.0,[]
TCGA-B8-A54D,TCGA-CJ-6033,0,1,0,0.0,[]
TCGA-B8-A54D,TCGA-CZ-4859,0,1,0,0.0,[]
TCGA-B8-A54D,TCGA-CZ-4863,0,0,0,0.0,[]
TCGA-B8-A54D,TCGA-CZ-4865,0,0,0,0.0,[]
TCGA-B8-A54D,TCGA-CZ-5451,0,1,0,0.0,[]
TCGA-B8-A54D,TCGA-CZ-5462,0,0,0,0.0,[]
TCGA-B8-A54D,TCGA-CZ-5468,0,0,0,0.0,[]
TCGA-B8-A54D,TCGA-CZ-5984,0,1,0,0.0,[]
TCGA-B8-A54D,TCGA-CZ-5985,0,1,0,0.0,[]
TCGA-B8-A54D,TCGA-CZ-5988,0,0,0,0.0,[]
TCGA-B8-A54D,TCGA-G6-A5PC,0,1,0,0.0,[]
TCGA-B8-A54D,TCGA-G6-A8L7,0,1,0,0.0,[]
TCGA-B8-A54E,TCGA-B8-A54F,0,0,0,0.0,[]
TCGA-B8-A54E,TCGA-B8-A54G,0,0,0,0.0,[]
TCGA-B8-A54E,TCGA-BP-4164,0,1,0,0.0,[]
TCGA-B8-A54E,TCGA-BP-4167,0,1,0,0.0,[]
TCGA-B8-A54E,TCGA-BP-4770,0,0,0,0.0,[]
TCGA-B8-A54E,TCGA-BP-4782,0,0,0,0.0,[]
TCGA-B8-A54E,TCGA-BP-4960,0,1,0,0.0,[]
TCGA-B8-A54E,TCGA-BP-4962,0,1,0,0.0,[]
TCGA-B8-A54E,TCGA-BP-4965,0,1,0,0.0,[]
TCGA-B8-A54E,TCGA-BP-4967,0,1,0,0.0,[]
TCGA-B8-A54E,TCGA-BP-4970,0,1,0,0.0,[]
TCGA-B8-A54E,TCGA-BP-4971,0,1,0,0.0,[]
TCGA-B8-A54E,TCGA-BP-4972,0,0,0,0.0,[]
TCGA-B8-A54E,TCGA-BP-4976,0,1,0,0.0,[]
TCGA-B8-A54E,TCGA-BP-4977,0,1,0,0.0,[]
TCGA-B8-A54E,TCGA-BP-4982,0,1,0,0.0,[]
TCGA-B8-A54E,TCGA-BP-4986,0,1,0,0.0,[]
TCGA-B8-A54E,TCGA-BP-4988,0,1,0,0.0,[]
TCGA-B8-A54E,TCGA-BP-4989,0,1,0,0.0,[]
TCGA-B8-A54E,TCGA-BP-4992,0,1,0,0.0,[]
TCGA-B8-A54E,TCGA-BP-4994,0,0,0,0.0,[]
TCGA-B8-A54E,TCGA-BP-4995,0,1,0,0.0,[]
TCGA-B8-A54E,TCGA-BP-4999,0,1,0,0.0,[]
TCGA-B8-A54E,TCGA-BP-5000,0,0,0,0.0,[]
TCGA-B8-A54E,TCGA-BP-5001,0,1,0,0.0,[]
TCGA-B8-A54E,TCGA-BP-5004,0,1,0,0.0,[]
TCGA-B8-A54E,TCGA-BP-5006,0,1,0,0.0,[]
TCGA-B8-A54E,TCGA-BP-5007,0,1,0,0.0,[]
TCGA-B8-A54E,TCGA-BP-5009,0,1,0,0.0,[]
TCGA-B8-A54E,TCGA-BP-5010,0,1,0,0.0,[]
TCGA-B8-A54E,TCGA-BP-5174,0,1,0,0.0,[]
TCGA-B8-A54E,TCGA-BP-5175,0,1,0,0.0,[]
TCGA-B8-A54E,TCGA-BP-5180,0,1,0,0.0,[]
TCGA-B8-A54E,TCGA-BP-5181,0,1,0,0.0,[]
TCGA-B8-A54E,TCGA-BP-5183,0,1,0,0.0,[]
TCGA-B8-A54E,TCGA-BP-5184,0,1,0,0.0,[]
TCGA-B8-A54E,TCGA-BP-5186,0,1,0,0.0,[]
TCGA-B8-A54E,TCGA-BP-5187,0,1,0,0.0,[]
TCGA-B8-A54E,TCGA-BP-5189,0,1,0,0.0,[]
TCGA-B8-A54E,TCGA-BP-5190,0,0,0,0.0,[]
TCGA-B8-A54E,TCGA-BP-5191,0,0,0,0.0,[]
TCGA-B8-A54E,TCGA-BP-5192,0,1,0,0.0,[]
TCGA-B8-A54E,TCGA-BP-5194,0,1,0,0.0,[]
TCGA-B8-A54E,TCGA-BP-5195,0,1,0,0.0,[]
TCGA-B8-A54E,TCGA-BP-5196,0,1,0,0.0,[]
TCGA-B8-A54E,TCGA-BP-5199,0,1,0,0.0,[]
TCGA-B8-A54E,TCGA-BP-5200,0,1,0,0.0,[]
TCGA-B8-A54E,TCGA-CJ-4637,0,1,0,0.0,[]
TCGA-B8-A54E,TCGA-CJ-4641,0,1,0,0.0,[]
TCGA-B8-A54E,TCGA-CJ-4900,0,1,0,0.0,[]
TCGA-B8-A54E,TCGA-CJ-4902,0,1,0,0.0,[]
TCGA-B8-A54E,TCGA-CJ-4903,0,1,0,0.0,[]
TCGA-B8-A54E,TCGA-CJ-4904,0,1,0,0.0,[]
TCGA-B8-A54E,TCGA-CJ-4923,0,1,0,0.0,[]
TCGA-B8-A54E,TCGA-CJ-6027,0,1,0,0.0,[]
TCGA-B8-A54E,TCGA-CJ-6028,0,1,0,0.0,[]
TCGA-B8-A54E,TCGA-CJ-6030,0,1,0,0.0,[]
TCGA-B8-A54E,TCGA-CJ-6033,0,1,0,0.0,[]
TCGA-B8-A54E,TCGA-CZ-4859,0,1,0,0.0,[]
TCGA-B8-A54E,TCGA-CZ-4863,0,0,0,0.0,[]
TCGA-B8-A54E,TCGA-CZ-4865,0,0,0,0.0,[]
TCGA-B8-A54E,TCGA-CZ-5451,0,1,0,0.0,[]
TCGA-B8-A54E,TCGA-CZ-5462,0,0,0,0.0,[]
TCGA-B8-A54E,TCGA-CZ-5468,0,0,0,0.0,[]
TCGA-B8-A54E,TCGA-CZ-5984,0,1,0,0.0,[]
TCGA-B8-A54E,TCGA-CZ-5985,0,1,0,0.0,[]
TCGA-B8-A54E,TCGA-CZ-5988,0,0,0,0.0,[]
TCGA-B8-A54E,TCGA-G6-A5PC,0,1,0,0.0,[]
TCGA-B8-A54E,TCGA-G6-A8L7,0,1,0,0.0,[]
TCGA-B8-A54F,TCGA-B8-A54G,0,0,0,0.0,[]
TCGA-B8-A54F,TCGA-BP-4164,0,1,0,0.0,[]
TCGA-B8-A54F,TCGA-BP-4167,0,1,0,0.0,[]
TCGA-B8-A54F,TCGA-BP-4770,0,0,0,0.0,[]
TCGA-B8-A54F,TCGA-BP-4782,0,0,0,0.0,[]
TCGA-B8-A54F,TCGA-BP-4960,0,1,0,0.0,[]
TCGA-B8-A54F,TCGA-BP-4962,0,1,0,0.0,[]
TCGA-B8-A54F,TCGA-BP-4965,0,1,0,0.0,[]
TCGA-B8-A54F,TCGA-BP-4967,0,1,0,0.0,[]
TCGA-B8-A54F,TCGA-BP-4970,0,1,0,0.0,[]
TCGA-B8-A54F,TCGA-BP-4971,0,1,0,0.0,[]
TCGA-B8-A54F,TCGA-BP-4972,0,0,0,0.0,[]
TCGA-B8-A54F,TCGA-BP-4976,0,1,0,0.0,[]
TCGA-B8-A54F,TCGA-BP-4977,0,1,0,0.0,[]
TCGA-B8-A54F,TCGA-BP-4982,0,1,0,0.0,[]
TCGA-B8-A54F,TCGA-BP-4986,0,1,0,0.0,[]
TCGA-B8-A54F,TCGA-BP-4988,0,1,0,0.0,[]
TCGA-B8-A54F,TCGA-BP-4989,0,1,0,0.0,[]
TCGA-B8-A54F,TCGA-BP-4992,0,1,0,0.0,[]
TCGA-B8-A54F,TCGA-BP-4994,0,0,0,0.0,[]
TCGA-B8-A54F,TCGA-BP-4995,0,1,0,0.0,[]
TCGA-B8-A54F,TCGA-BP-4999,0,1,0,0.0,[]
TCGA-B8-A54F,TCGA-BP-5000,0,0,0,0.0,[]
TCGA-B8-A54F,TCGA-BP-5001,0,1,0,0.0,[]
TCGA-B8-A54F,TCGA-BP-5004,0,1,0,0.0,[]
TCGA-B8-A54F,TCGA-BP-5006,0,1,0,0.0,[]
TCGA-B8-A54F,TCGA-BP-5007,0,1,0,0.0,[]
TCGA-B8-A54F,TCGA-BP-5009,0,1,0,0.0,[]
TCGA-B8-A54F,TCGA-BP-5010,0,1,0,0.0,[]
TCGA-B8-A54F,TCGA-BP-5174,0,1,0,0.0,[]
TCGA-B8-A54F,TCGA-BP-5175,0,1,0,0.0,[]
TCGA-B8-A54F,TCGA-BP-5180,0,1,0,0.0,[]
TCGA-B8-A54F,TCGA-BP-5181,0,1,0,0.0,[]
TCGA-B8-A54F,TCGA-BP-5183,0,1,0,0.0,[]
TCGA-B8-A54F,TCGA-BP-5184,0,1,0,0.0,[]
TCGA-B8-A54F,TCGA-BP-5186,0,1,0,0.0,[]
TCGA-B8-A54F,TCGA-BP-5187,0,1,0,0.0,[]
TCGA-B8-A54F,TCGA-BP-5189,0,1,0,0.0,[]
TCGA-B8-A54F,TCGA-BP-5190,0,0,0,0.0,[]
TCGA-B8-A54F,TCGA-BP-5191,0,0,0,0.0,[]
TCGA-B8-A54F,TCGA-BP-5192,0,1,0,0.0,[]
TCGA-B8-A54F,TCGA-BP-5194,0,1,0,0.0,[]
TCGA-B8-A54F,TCGA-BP-5195,0,1,0,0.0,[]
TCGA-B8-A54F,TCGA-BP-5196,0,1,0,0.0,[]
TCGA-B8-A54F,TCGA-BP-5199,0,1,0,0.0,[]
TCGA-B8-A54F,TCGA-BP-5200,0,1,0,0.0,[]
TCGA-B8-A54F,TCGA-CJ-4637,0,1,0,0.0,[]
TCGA-B8-A54F,TCGA-CJ-4641,0,1,0,0.0,[]
TCGA-B8-A54F,TCGA-CJ-4900,0,1,0,0.0,[]
TCGA-B8-A54F,TCGA-CJ-4902,0,1,0,0.0,[]
TCGA-B8-A54F,TCGA-CJ-4903,0,1,0,0.0,[]
TCGA-B8-A54F,TCGA-CJ-4904,0,1,0,0.0,[]
TCGA-B8-A54F,TCGA-CJ-4923,0,1,0,0.0,[]
TCGA-B8-A54F,TCGA-CJ-6027,0,1,0,0.0,[]
TCGA-B8-A54F,TCGA-CJ-6028,0,1,0,0.0,[]
TCGA-B8-A54F,TCGA-CJ-6030,0,1,0,0.0,[]
TCGA-B8-A54F,TCGA-CJ-6033,0,1,0,0.0,[]
TCGA-B8-A54F,TCGA-CZ-4859,0,1,0,0.0,[]
TCGA-B8-A54F,TCGA-CZ-4863,0,0,0,0.0,[]
TCGA-B8-A54F,TCGA-CZ-4865,0,0,0,0.0,[]
TCGA-B8-A54F,TCGA-CZ-5451,0,1,0,0.0,[]
TCGA-B8-A54F,TCGA-CZ-5462,0,0,0,0.0,[]
TCGA-B8-A54F,TCGA-CZ-5468,0,0,0,0.0,[]
TCGA-B8-A54F,TCGA-CZ-5984,0,1,0,0.0,[]
TCGA-B8-A54F,TCGA-CZ-5985,0,1,0,0.0,[]
TCGA-B8-A54F,TCGA-CZ-5988,0,0,0,0.0,[]
TCGA-B8-A54F,TCGA-G6-A5PC,0,1,0,0.0,[]
TCGA-B8-A54F,TCGA-G6-A8L7,0,1,0,0.0,[]
TCGA-B8-A54G,TCGA-BP-4164,0,1,0,0.0,[]
TCGA-B8-A54G,TCGA-BP-4167,0,1,0,0.0,[]
TCGA-B8-A54G,TCGA-BP-4770,0,0,0,0.0,[]
TCGA-B8-A54G,TCGA-BP-4782,0,0,0,0.0,[]
TCGA-B8-A54G,TCGA-BP-4960,0,1,0,0.0,[]
TCGA-B8-A54G,TCGA-BP-4962,0,1,0,0.0,[]
TCGA-B8-A54G,TCGA-BP-4965,0,1,0,0.0,[]
TCGA-B8-A54G,TCGA-BP-4967,0,1,0,0.0,[]
TCGA-B8-A54G,TCGA-BP-4970,0,1,0,0.0,[]
TCGA-B8-A54G,TCGA-BP-4971,0,1,0,0.0,[]
TCGA-B8-A54G,TCGA-BP-4972,0,0,0,0.0,[]
TCGA-B8-A54G,TCGA-BP-4976,0,1,0,0.0,[]
TCGA-B8-A54G,TCGA-BP-4977,0,1,0,0.0,[]
TCGA-B8-A54G,TCGA-BP-4982,0,1,0,0.0,[]
TCGA-B8-A54G,TCGA-BP-4986,0,1,0,0.0,[]
TCGA-B8-A54G,TCGA-BP-4988,0,1,0,0.0,[]
TCGA-B8-A54G,TCGA-BP-4989,0,1,0,0.0,[]
TCGA-B8-A54G,TCGA-BP-4992,0,1,0,0.0,[]
TCGA-B8-A54G,TCGA-BP-4994,0,0,0,0.0,[]
TCGA-B8-A54G,TCGA-BP-4995,0,1,0,0.0,[]
TCGA-B8-A54G,TCGA-BP-4999,0,1,0,0.0,[]
TCGA-B8-A54G,TCGA-BP-5000,0,0,0,0.0,[]
TCGA-B8-A54G,TCGA-BP-5001,0,1,0,0.0,[]
TCGA-B8-A54G,TCGA-BP-5004,0,1,0,0.0,[]
TCGA-B8-A54G,TCGA-BP-5006,0,1,0,0.0,[]
TCGA-B8-A54G,TCGA-BP-5007,0,1,0,0.0,[]
TCGA-B8-A54G,TCGA-BP-5009,0,1,0,0.0,[]
TCGA-B8-A54G,TCGA-BP-5010,0,1,0,0.0,[]
TCGA-B8-A54G,TCGA-BP-5174,0,1,0,0.0,[]
TCGA-B8-A54G,TCGA-BP-5175,0,1,0,0.0,[]
TCGA-B8-A54G,TCGA-BP-5180,0,1,0,0.0,[]
TCGA-B8-A54G,TCGA-BP-5181,0,1,0,0.0,[]
TCGA-B8-A54G,TCGA-BP-5183,0,1,0,0.0,[]
TCGA-B8-A54G,TCGA-BP-5184,0,1,0,0.0,[]
TCGA-B8-A54G,TCGA-BP-5186,0,1,0,0.0,[]
TCGA-B8-A54G,TCGA-BP-5187,0,1,0,0.0,[]
TCGA-B8-A54G,TCGA-BP-5189,0,1,0,0.0,[]
TCGA-B8-A54G,TCGA-BP-5190,0,0,0,0.0,[]
TCGA-B8-A54G,TCGA-BP-5191,0,0,0,0.0,[]
TCGA-B8-A54G,TCGA-BP-5192,0,1,0,0.0,[]
TCGA-B8-A54G,TCGA-BP-5194,0,1,0,0.0,[]
TCGA-B8-A54G,TCGA-BP-5195,0,1,0,0.0,[]
TCGA-B8-A54G,TCGA-BP-5196,0,1,0,0.0,[]
TCGA-B8-A54G,TCGA-BP-5199,0,1,0,0.0,[]
TCGA-B8-A54G,TCGA-BP-5200,0,1,0,0.0,[]
TCGA-B8-A54G,TCGA-CJ-4637,0,1,0,0.0,[]
TCGA-B8-A54G,TCGA-CJ-4641,0,1,0,0.0,[]
TCGA-B8-A54G,TCGA-CJ-4900,0,1,0,0.0,[]
TCGA-B8-A54G,TCGA-CJ-4902,0,1,0,0.0,[]
TCGA-B8-A54G,TCGA-CJ-4903,0,1,0,0.0,[]
TCGA-B8-A54G,TCGA-CJ-4904,0,1,0,0.0,[]
TCGA-B8-A54G,TCGA-CJ-4923,0,1,0,0.0,[]
TCGA-B8-A54G,TCGA-CJ-6027,0,1,0,0.0,[]
TCGA-B8-A54G,TCGA-CJ-6028,0,1,0,0.0,[]
TCGA-B8-A54G,TCGA-CJ-6030,0,1,0,0.0,[]
TCGA-B8-A54G,TCGA-CJ-6033,0,1,0,0.0,[]
TCGA-B8-A54G,TCGA-CZ-4859,0,1,0,0.0,[]
TCGA-B8-A54G,TCGA-CZ-4863,0,0,0,0.0,[]
TCGA-B8-A54G,TCGA-CZ-4865,0,0,0,0.0,[]
TCGA-B8-A54G,TCGA-CZ-5451,0,1,0,0.0,[]
TCGA-B8-A54G,TCGA-CZ-5462,0,0,0,0.0,[]
TCGA-B8-A54G,TCGA-CZ-5468,0,0,0,0.0,[]
TCGA-B8-A54G,TCGA-CZ-5984,0,1,0,0.0,[]
TCGA-B8-A54G,TCGA-CZ-5985,0,1,0,0.0,[]
TCGA-B8-A54G,TCGA-CZ-5988,0,0,0,0.0,[]
TCGA-B8-A54G,TCGA-G6-A5PC,0,1,0,0.0,[]
TCGA-B8-A54G,TCGA-G6-A8L7,0,1,0,0.0,[]
TCGA-BP-4164,TCGA-BP-4167,1,1,0,0.0,[]
TCGA-BP-4164,TCGA-BP-4770,1,0,0,0.0,[]
TCGA-BP-4164,TCGA-BP-4782,1,0,0,0.0,[]
TCGA-BP-4164,TCGA-BP-4960,1,1,1,1.0,"[""K4_repeat2_K4_C0001""]"
TCGA-BP-4164,TCGA-BP-4962,1,1,0,0.0,[]
TCGA-BP-4164,TCGA-BP-4965,1,1,1,1.0,"[""K4_repeat2_K4_C0001""]"
TCGA-BP-4164,TCGA-BP-4967,1,1,0,0.0,[]
TCGA-BP-4164,TCGA-BP-4970,1,1,0,0.0,[]
TCGA-BP-4164,TCGA-BP-4971,1,1,0,0.0,[]
TCGA-BP-4164,TCGA-BP-4972,1,0,0,0.0,[]
TCGA-BP-4164,TCGA-BP-4976,1,1,1,1.0,"[""K4_repeat2_K4_C0001""]"
TCGA-BP-4164,TCGA-BP-4977,1,1,0,0.0,[]
TCGA-BP-4164,TCGA-BP-4982,1,1,1,1.0,"[""K4_repeat2_K4_C0001""]"
TCGA-BP-4164,TCGA-BP-4986,1,1,0,0.0,[]
TCGA-BP-4164,TCGA-BP-4988,1,1,1,1.0,"[""K4_repeat2_K4_C0001""]"
TCGA-BP-4164,TCGA-BP-4989,1,1,1,1.0,"[""K4_repeat2_K4_C0001""]"
TCGA-BP-4164,TCGA-BP-4992,1,1,0,0.0,[]
TCGA-BP-4164,TCGA-BP-4994,1,0,0,0.0,[]
TCGA-BP-4164,TCGA-BP-4995,1,1,1,1.0,"[""K4_repeat2_K4_C0001""]"
TCGA-BP-4164,TCGA-BP-4999,1,1,1,1.0,"[""K4_repeat2_K4_C0001""]"
TCGA-BP-4164,TCGA-BP-5000,1,0,0,0.0,[]
TCGA-BP-4164,TCGA-BP-5001,1,1,1,1.0,"[""K4_repeat2_K4_C0001""]"
TCGA-BP-4164,TCGA-BP-5004,1,1,1,1.0,"[""K4_repeat2_K4_C0001""]"
TCGA-BP-4164,TCGA-BP-5006,1,1,1,1.0,"[""K4_repeat2_K4_C0001""]"
TCGA-BP-4164,TCGA-BP-5007,1,1,1,1.0,"[""K4_repeat2_K4_C0001""]"
TCGA-BP-4164,TCGA-BP-5009,1,1,1,1.0,"[""K4_repeat2_K4_C0001""]"
TCGA-BP-4164,TCGA-BP-5010,1,1,0,0.0,[]
TCGA-BP-4164,TCGA-BP-5174,1,1,0,0.0,[]
TCGA-BP-4164,TCGA-BP-5175,1,1,0,0.0,[]
TCGA-BP-4164,TCGA-BP-5180,1,1,1,1.0,"[""K4_repeat2_K4_C0001""]"
TCGA-BP-4164,TCGA-BP-5181,1,1,1,1.0,"[""K4_repeat2_K4_C0001""]"
TCGA-BP-4164,TCGA-BP-5183,1,1,1,1.0,"[""K4_repeat2_K4_C0001""]"
TCGA-BP-4164,TCGA-BP-5184,1,1,1,1.0,"[""K4_repeat2_K4_C0001""]"
TCGA-BP-4164,TCGA-BP-5186,1,1,1,1.0,"[""K4_repeat2_K4_C0001""]"
TCGA-BP-4164,TCGA-BP-5187,1,1,1,1.0,"[""K4_repeat2_K4_C0001""]"
TCGA-BP-4164,TCGA-BP-5189,1,1,1,1.0,"[""K4_repeat2_K4_C0001""]"
TCGA-BP-4164,TCGA-BP-5190,1,0,0,0.0,[]
TCGA-BP-4164,TCGA-BP-5191,1,0,0,0.0,[]
TCGA-BP-4164,TCGA-BP-5192,1,1,0,0.0,[]
TCGA-BP-4164,TCGA-BP-5194,1,1,1,1.0,"[""K4_repeat2_K4_C0001""]"
TCGA-BP-4164,TCGA-BP-5195,1,1,1,1.0,"[""K4_repeat2_K4_C0001""]"
TCGA-BP-4164,TCGA-BP-5196,1,1,0,0.0,[]
TCGA-BP-4164,TCGA-BP-5199,1,1,0,0.0,[]
TCGA-BP-4164,TCGA-BP-5200,1,1,1,1.0,"[""K4_repeat2_K4_C0001""]"
TCGA-BP-4164,TCGA-CJ-4637,1,1,0,0.0,[]
TCGA-BP-4164,TCGA-CJ-4641,1,1,0,0.0,[]
TCGA-BP-4164,TCGA-CJ-4900,1,1,0,0.0,[]
TCGA-BP-4164,TCGA-CJ-4902,1,1,0,0.0,[]
TCGA-BP-4164,TCGA-CJ-4903,1,1,1,1.0,"[""K4_repeat2_K4_C0001""]"
TCGA-BP-4164,TCGA-CJ-4904,1,1,1,1.0,"[""K4_repeat2_K4_C0001""]"
TCGA-BP-4164,TCGA-CJ-4923,1,1,0,0.0,[]
TCGA-BP-4164,TCGA-CJ-6027,1,1,0,0.0,[]
TCGA-BP-4164,TCGA-CJ-6028,1,1,0,0.0,[]
TCGA-BP-4164,TCGA-CJ-6030,1,1,0,0.0,[]
TCGA-BP-4164,TCGA-CJ-6033,1,1,1,1.0,"[""K4_repeat2_K4_C0001""]"
TCGA-BP-4164,TCGA-CZ-4859,1,1,1,1.0,"[""K4_repeat2_K4_C0001""]"
TCGA-BP-4164,TCGA-CZ-4863,1,0,0,0.0,[]
TCGA-BP-4164,TCGA-CZ-4865,1,0,0,0.0,[]
TCGA-BP-4164,TCGA-CZ-5451,1,1,1,1.0,"[""K4_repeat2_K4_C0001""]"
TCGA-BP-4164,TCGA-CZ-5462,1,0,0,0.0,[]
TCGA-BP-4164,TCGA-CZ-5468,1,0,0,0.0,[]
TCGA-BP-4164,TCGA-CZ-5984,1,1,0,0.0,[]
TCGA-BP-4164,TCGA-CZ-5985,1,1,0,0.0,[]
TCGA-BP-4164,TCGA-CZ-5988,1,0,0,0.0,[]
TCGA-BP-4164,TCGA-G6-A5PC,1,1,0,0.0,[]
TCGA-BP-4164,TCGA-G6-A8L7,1,1,1,1.0,"[""K4_repeat2_K4_C0001""]"
TCGA-BP-4167,TCGA-BP-4770,1,0,0,0.0,[]
TCGA-BP-4167,TCGA-BP-4782,1,0,0,0.0,[]
TCGA-BP-4167,TCGA-BP-4960,1,1,0,0.0,[]
TCGA-BP-4167,TCGA-BP-4962,1,1,1,1.0,"[""K4_repeat2_K4_C0003""]"
TCGA-BP-4167,TCGA-BP-4965,1,1,0,0.0,[]
TCGA-BP-4167,TCGA-BP-4967,1,1,0,0.0,[]
TCGA-BP-4167,TCGA-BP-4970,1,1,0,0.0,[]
TCGA-BP-4167,TCGA-BP-4971,1,1,1,1.0,"[""K4_repeat2_K4_C0003""]"
TCGA-BP-4167,TCGA-BP-4972,1,0,0,0.0,[]
TCGA-BP-4167,TCGA-BP-4976,1,1,0,0.0,[]
TCGA-BP-4167,TCGA-BP-4977,1,1,0,0.0,[]
TCGA-BP-4167,TCGA-BP-4982,1,1,0,0.0,[]
TCGA-BP-4167,TCGA-BP-4986,1,1,0,0.0,[]
TCGA-BP-4167,TCGA-BP-4988,1,1,0,0.0,[]
TCGA-BP-4167,TCGA-BP-4989,1,1,0,0.0,[]
TCGA-BP-4167,TCGA-BP-4992,1,1,1,1.0,"[""K4_repeat2_K4_C0003""]"
TCGA-BP-4167,TCGA-BP-4994,1,0,0,0.0,[]
TCGA-BP-4167,TCGA-BP-4995,1,1,0,0.0,[]
TCGA-BP-4167,TCGA-BP-4999,1,1,0,0.0,[]
TCGA-BP-4167,TCGA-BP-5000,1,0,0,0.0,[]
TCGA-BP-4167,TCGA-BP-5001,1,1,0,0.0,[]
TCGA-BP-4167,TCGA-BP-5004,1,1,0,0.0,[]
TCGA-BP-4167,TCGA-BP-5006,1,1,0,0.0,[]
TCGA-BP-4167,TCGA-BP-5007,1,1,0,0.0,[]
TCGA-BP-4167,TCGA-BP-5009,1,1,0,0.0,[]
TCGA-BP-4167,TCGA-BP-5010,1,1,1,1.0,"[""K4_repeat2_K4_C0003""]"
TCGA-BP-4167,TCGA-BP-5174,1,1,0,0.0,[]
TCGA-BP-4167,TCGA-BP-5175,1,1,1,1.0,"[""K4_repeat2_K4_C0003""]"
TCGA-BP-4167,TCGA-BP-5180,1,1,0,0.0,[]
TCGA-BP-4167,TCGA-BP-5181,1,1,0,0.0,[]
TCGA-BP-4167,TCGA-BP-5183,1,1,0,0.0,[]
TCGA-BP-4167,TCGA-BP-5184,1,1,0,0.0,[]
TCGA-BP-4167,TCGA-BP-5186,1,1,0,0.0,[]
TCGA-BP-4167,TCGA-BP-5187,1,1,0,0.0,[]
TCGA-BP-4167,TCGA-BP-5189,1,1,0,0.0,[]
TCGA-BP-4167,TCGA-BP-5190,1,0,0,0.0,[]
TCGA-BP-4167,TCGA-BP-5191,1,0,0,0.0,[]
TCGA-BP-4167,TCGA-BP-5192,1,1,0,0.0,[]
TCGA-BP-4167,TCGA-BP-5194,1,1,0,0.0,[]
TCGA-BP-4167,TCGA-BP-5195,1,1,0,0.0,[]
TCGA-BP-4167,TCGA-BP-5196,1,1,0,0.0,[]
TCGA-BP-4167,TCGA-BP-5199,1,1,0,0.0,[]
TCGA-BP-4167,TCGA-BP-5200,1,1,0,0.0,[]
TCGA-BP-4167,TCGA-CJ-4637,1,1,1,1.0,"[""K4_repeat2_K4_C0003""]"
TCGA-BP-4167,TCGA-CJ-4641,1,1,1,1.0,"[""K4_repeat2_K4_C0003""]"
TCGA-BP-4167,TCGA-CJ-4900,1,1,1,1.0,"[""K4_repeat2_K4_C0003""]"
TCGA-BP-4167,TCGA-CJ-4902,1,1,1,1.0,"[""K4_repeat2_K4_C0003""]"
TCGA-BP-4167,TCGA-CJ-4903,1,1,0,0.0,[]
TCGA-BP-4167,TCGA-CJ-4904,1,1,0,0.0,[]
TCGA-BP-4167,TCGA-CJ-4923,1,1,1,1.0,"[""K4_repeat2_K4_C0003""]"
TCGA-BP-4167,TCGA-CJ-6027,1,1,1,1.0,"[""K4_repeat2_K4_C0003""]"
TCGA-BP-4167,TCGA-CJ-6028,1,1,1,1.0,"[""K4_repeat2_K4_C0003""]"
TCGA-BP-4167,TCGA-CJ-6030,1,1,1,1.0,"[""K4_repeat2_K4_C0003""]"
TCGA-BP-4167,TCGA-CJ-6033,1,1,0,0.0,[]
TCGA-BP-4167,TCGA-CZ-4859,1,1,0,0.0,[]
TCGA-BP-4167,TCGA-CZ-4863,1,0,0,0.0,[]
TCGA-BP-4167,TCGA-CZ-4865,1,0,0,0.0,[]
TCGA-BP-4167,TCGA-CZ-5451,1,1,0,0.0,[]
TCGA-BP-4167,TCGA-CZ-5462,1,0,0,0.0,[]
TCGA-BP-4167,TCGA-CZ-5468,1,0,0,0.0,[]
TCGA-BP-4167,TCGA-CZ-5984,1,1,0,0.0,[]
TCGA-BP-4167,TCGA-CZ-5985,1,1,1,1.0,"[""K4_repeat2_K4_C0003""]"
TCGA-BP-4167,TCGA-CZ-5988,1,0,0,0.0,[]
TCGA-BP-4167,TCGA-G6-A5PC,1,1,1,1.0,"[""K4_repeat2_K4_C0003""]"
TCGA-BP-4167,TCGA-G6-A8L7,1,1,0,0.0,[]
TCGA-BP-4770,TCGA-BP-4782,0,0,0,0.0,[]
TCGA-BP-4770,TCGA-BP-4960,0,1,0,0.0,[]
TCGA-BP-4770,TCGA-BP-4962,0,1,0,0.0,[]
TCGA-BP-4770,TCGA-BP-4965,0,1,0,0.0,[]
TCGA-BP-4770,TCGA-BP-4967,0,1,0,0.0,[]
TCGA-BP-4770,TCGA-BP-4970,0,1,0,0.0,[]
TCGA-BP-4770,TCGA-BP-4971,0,1,0,0.0,[]
TCGA-BP-4770,TCGA-BP-4972,0,0,0,0.0,[]
TCGA-BP-4770,TCGA-BP-4976,0,1,0,0.0,[]
TCGA-BP-4770,TCGA-BP-4977,0,1,0,0.0,[]
TCGA-BP-4770,TCGA-BP-4982,0,1,0,0.0,[]
TCGA-BP-4770,TCGA-BP-4986,0,1,0,0.0,[]
TCGA-BP-4770,TCGA-BP-4988,0,1,0,0.0,[]
TCGA-BP-4770,TCGA-BP-4989,0,1,0,0.0,[]
TCGA-BP-4770,TCGA-BP-4992,0,1,0,0.0,[]
TCGA-BP-4770,TCGA-BP-4994,0,0,0,0.0,[]
TCGA-BP-4770,TCGA-BP-4995,0,1,0,0.0,[]
TCGA-BP-4770,TCGA-BP-4999,0,1,0,0.0,[]
TCGA-BP-4770,TCGA-BP-5000,0,0,0,0.0,[]
TCGA-BP-4770,TCGA-BP-5001,0,1,0,0.0,[]
TCGA-BP-4770,TCGA-BP-5004,0,1,0,0.0,[]
TCGA-BP-4770,TCGA-BP-5006,0,1,0,0.0,[]
TCGA-BP-4770,TCGA-BP-5007,0,1,0,0.0,[]
TCGA-BP-4770,TCGA-BP-5009,0,1,0,0.0,[]
TCGA-BP-4770,TCGA-BP-5010,0,1,0,0.0,[]
TCGA-BP-4770,TCGA-BP-5174,0,1,0,0.0,[]
TCGA-BP-4770,TCGA-BP-5175,0,1,0,0.0,[]
TCGA-BP-4770,TCGA-BP-5180,0,1,0,0.0,[]
TCGA-BP-4770,TCGA-BP-5181,0,1,0,0.0,[]
TCGA-BP-4770,TCGA-BP-5183,0,1,0,0.0,[]
TCGA-BP-4770,TCGA-BP-5184,0,1,0,0.0,[]
TCGA-BP-4770,TCGA-BP-5186,0,1,0,0.0,[]
TCGA-BP-4770,TCGA-BP-5187,0,1,0,0.0,[]
TCGA-BP-4770,TCGA-BP-5189,0,1,0,0.0,[]
TCGA-BP-4770,TCGA-BP-5190,0,0,0,0.0,[]
TCGA-BP-4770,TCGA-BP-5191,0,0,0,0.0,[]
TCGA-BP-4770,TCGA-BP-5192,0,1,0,0.0,[]
TCGA-BP-4770,TCGA-BP-5194,0,1,0,0.0,[]
TCGA-BP-4770,TCGA-BP-5195,0,1,0,0.0,[]
TCGA-BP-4770,TCGA-BP-5196,0,1,0,0.0,[]
TCGA-BP-4770,TCGA-BP-5199,0,1,0,0.0,[]
TCGA-BP-4770,TCGA-BP-5200,0,1,0,0.0,[]
TCGA-BP-4770,TCGA-CJ-4637,0,1,0,0.0,[]
TCGA-BP-4770,TCGA-CJ-4641,0,1,0,0.0,[]
TCGA-BP-4770,TCGA-CJ-4900,0,1,0,0.0,[]
TCGA-BP-4770,TCGA-CJ-4902,0,1,0,0.0,[]
TCGA-BP-4770,TCGA-CJ-4903,0,1,0,0.0,[]
TCGA-BP-4770,TCGA-CJ-4904,0,1,0,0.0,[]
TCGA-BP-4770,TCGA-CJ-4923,0,1,0,0.0,[]
TCGA-BP-4770,TCGA-CJ-6027,0,1,0,0.0,[]
TCGA-BP-4770,TCGA-CJ-6028,0,1,0,0.0,[]
TCGA-BP-4770,TCGA-CJ-6030,0,1,0,0.0,[]
TCGA-BP-4770,TCGA-CJ-6033,0,1,0,0.0,[]
TCGA-BP-4770,TCGA-CZ-4859,0,1,0,0.0,[]
TCGA-BP-4770,TCGA-CZ-4863,0,0,0,0.0,[]
TCGA-BP-4770,TCGA-CZ-4865,0,0,0,0.0,[]
TCGA-BP-4770,TCGA-CZ-5451,0,1,0,0.0,[]
TCGA-BP-4770,TCGA-CZ-5462,0,0,0,0.0,[]
TCGA-BP-4770,TCGA-CZ-5468,0,0,0,0.0,[]
TCGA-BP-4770,TCGA-CZ-5984,0,1,0,0.0,[]
TCGA-BP-4770,TCGA-CZ-5985,0,1,0,0.0,[]
TCGA-BP-4770,TCGA-CZ-5988,0,0,0,0.0,[]
TCGA-BP-4770,TCGA-G6-A5PC,0,1,0,0.0,[]
TCGA-BP-4770,TCGA-G6-A8L7,0,1,0,0.0,[]
TCGA-BP-4782,TCGA-BP-4960,0,1,0,0.0,[]
TCGA-BP-4782,TCGA-BP-4962,0,1,0,0.0,[]
TCGA-BP-4782,TCGA-BP-4965,0,1,0,0.0,[]
TCGA-BP-4782,TCGA-BP-4967,0,1,0,0.0,[]
TCGA-BP-4782,TCGA-BP-4970,0,1,0,0.0,[]
TCGA-BP-4782,TCGA-BP-4971,0,1,0,0.0,[]
TCGA-BP-4782,TCGA-BP-4972,0,0,0,0.0,[]
TCGA-BP-4782,TCGA-BP-4976,0,1,0,0.0,[]
TCGA-BP-4782,TCGA-BP-4977,0,1,0,0.0,[]
TCGA-BP-4782,TCGA-BP-4982,0,1,0,0.0,[]
TCGA-BP-4782,TCGA-BP-4986,0,1,0,0.0,[]
TCGA-BP-4782,TCGA-BP-4988,0,1,0,0.0,[]
TCGA-BP-4782,TCGA-BP-4989,0,1,0,0.0,[]
TCGA-BP-4782,TCGA-BP-4992,0,1,0,0.0,[]
TCGA-BP-4782,TCGA-BP-4994,0,0,0,0.0,[]
TCGA-BP-4782,TCGA-BP-4995,0,1,0,0.0,[]
TCGA-BP-4782,TCGA-BP-4999,0,1,0,0.0,[]
TCGA-BP-4782,TCGA-BP-5000,0,0,0,0.0,[]
TCGA-BP-4782,TCGA-BP-5001,0,1,0,0.0,[]
TCGA-BP-4782,TCGA-BP-5004,0,1,0,0.0,[]
TCGA-BP-4782,TCGA-BP-5006,0,1,0,0.0,[]
TCGA-BP-4782,TCGA-BP-5007,0,1,0,0.0,[]
TCGA-BP-4782,TCGA-BP-5009,0,1,0,0.0,[]
TCGA-BP-4782,TCGA-BP-5010,0,1,0,0.0,[]
TCGA-BP-4782,TCGA-BP-5174,0,1,0,0.0,[]
TCGA-BP-4782,TCGA-BP-5175,0,1,0,0.0,[]
TCGA-BP-4782,TCGA-BP-5180,0,1,0,0.0,[]
TCGA-BP-4782,TCGA-BP-5181,0,1,0,0.0,[]
TCGA-BP-4782,TCGA-BP-5183,0,1,0,0.0,[]
TCGA-BP-4782,TCGA-BP-5184,0,1,0,0.0,[]
TCGA-BP-4782,TCGA-BP-5186,0,1,0,0.0,[]
TCGA-BP-4782,TCGA-BP-5187,0,1,0,0.0,[]
TCGA-BP-4782,TCGA-BP-5189,0,1,0,0.0,[]
TCGA-BP-4782,TCGA-BP-5190,0,0,0,0.0,[]
TCGA-BP-4782,TCGA-BP-5191,0,0,0,0.0,[]
TCGA-BP-4782,TCGA-BP-5192,0,1,0,0.0,[]
TCGA-BP-4782,TCGA-BP-5194,0,1,0,0.0,[]
TCGA-BP-4782,TCGA-BP-5195,0,1,0,0.0,[]
TCGA-BP-4782,TCGA-BP-5196,0,1,0,0.0,[]
TCGA-BP-4782,TCGA-BP-5199,0,1,0,0.0,[]
TCGA-BP-4782,TCGA-BP-5200,0,1,0,0.0,[]
TCGA-BP-4782,TCGA-CJ-4637,0,1,0,0.0,[]
TCGA-BP-4782,TCGA-CJ-4641,0,1,0,0.0,[]
TCGA-BP-4782,TCGA-CJ-4900,0,1,0,0.0,[]
TCGA-BP-4782,TCGA-CJ-4902,0,1,0,0.0,[]
TCGA-BP-4782,TCGA-CJ-4903,0,1,0,0.0,[]
TCGA-BP-4782,TCGA-CJ-4904,0,1,0,0.0,[]
TCGA-BP-4782,TCGA-CJ-4923,0,1,0,0.0,[]
TCGA-BP-4782,TCGA-CJ-6027,0,1,0,0.0,[]
TCGA-BP-4782,TCGA-CJ-6028,0,1,0,0.0,[]
TCGA-BP-4782,TCGA-CJ-6030,0,1,0,0.0,[]
TCGA-BP-4782,TCGA-CJ-6033,0,1,0,0.0,[]
TCGA-BP-4782,TCGA-CZ-4859,0,1,0,0.0,[]
TCGA-BP-4782,TCGA-CZ-4863,0,0,0,0.0,[]
TCGA-BP-4782,TCGA-CZ-4865,0,0,0,0.0,[]
TCGA-BP-4782,TCGA-CZ-5451,0,1,0,0.0,[]
TCGA-BP-4782,TCGA-CZ-5462,0,0,0,0.0,[]
TCGA-BP-4782,TCGA-CZ-5468,0,0,0,0.0,[]
TCGA-BP-4782,TCGA-CZ-5984,0,1,0,0.0,[]
TCGA-BP-4782,TCGA-CZ-5985,0,1,0,0.0,[]
TCGA-BP-4782,TCGA-CZ-5988,0,0,0,0.0,[]
TCGA-BP-4782,TCGA-G6-A5PC,0,1,0,0.0,[]
TCGA-BP-4782,TCGA-G6-A8L7,0,1,0,0.0,[]
TCGA-BP-4960,TCGA-BP-4962,1,1,0,0.0,[]
TCGA-BP-4960,TCGA-BP-4965,1,1,1,1.0,"[""K4_repeat2_K4_C0001""]"
TCGA-BP-4960,TCGA-BP-4967,1,1,0,0.0,[]
TCGA-BP-4960,TCGA-BP-4970,1,1,0,0.0,[]
TCGA-BP-4960,TCGA-BP-4971,1,1,0,0.0,[]
TCGA-BP-4960,TCGA-BP-4972,1,0,0,0.0,[]
TCGA-BP-4960,TCGA-BP-4976,1,1,1,1.0,"[""K4_repeat2_K4_C0001""]"
TCGA-BP-4960,TCGA-BP-4977,1,1,0,0.0,[]
TCGA-BP-4960,TCGA-BP-4982,1,1,1,1.0,"[""K4_repeat2_K4_C0001""]"
TCGA-BP-4960,TCGA-BP-4986,1,1,0,0.0,[]
TCGA-BP-4960,TCGA-BP-4988,1,1,1,1.0,"[""K4_repeat2_K4_C0001""]"
TCGA-BP-4960,TCGA-BP-4989,1,1,1,1.0,"[""K4_repeat2_K4_C0001""]"
TCGA-BP-4960,TCGA-BP-4992,1,1,0,0.0,[]
TCGA-BP-4960,TCGA-BP-4994,1,0,0,0.0,[]
TCGA-BP-4960,TCGA-BP-4995,1,1,1,1.0,"[""K4_repeat2_K4_C0001""]"
TCGA-BP-4960,TCGA-BP-4999,1,1,1,1.0,"[""K4_repeat2_K4_C0001""]"
TCGA-BP-4960,TCGA-BP-5000,1,0,0,0.0,[]
TCGA-BP-4960,TCGA-BP-5001,1,1,1,1.0,"[""K4_repeat2_K4_C0001""]"
TCGA-BP-4960,TCGA-BP-5004,1,1,1,1.0,"[""K4_repeat2_K4_C0001""]"
TCGA-BP-4960,TCGA-BP-5006,1,1,1,1.0,"[""K4_repeat2_K4_C0001""]"
TCGA-BP-4960,TCGA-BP-5007,1,1,1,1.0,"[""K4_repeat2_K4_C0001""]"
TCGA-BP-4960,TCGA-BP-5009,1,1,1,1.0,"[""K4_repeat2_K4_C0001""]"
TCGA-BP-4960,TCGA-BP-5010,1,1,0,0.0,[]
TCGA-BP-4960,TCGA-BP-5174,1,1,0,0.0,[]
TCGA-BP-4960,TCGA-BP-5175,1,1,0,0.0,[]
TCGA-BP-4960,TCGA-BP-5180,1,1,1,1.0,"[""K4_repeat2_K4_C0001""]"
TCGA-BP-4960,TCGA-BP-5181,1,1,1,1.0,"[""K4_repeat2_K4_C0001""]"
TCGA-BP-4960,TCGA-BP-5183,1,1,1,1.0,"[""K4_repeat2_K4_C0001""]"
TCGA-BP-4960,TCGA-BP-5184,1,1,1,1.0,"[""K4_repeat2_K4_C0001""]"
TCGA-BP-4960,TCGA-BP-5186,1,1,1,1.0,"[""K4_repeat2_K4_C0001""]"
TCGA-BP-4960,TCGA-BP-5187,1,1,1,1.0,"[""K4_repeat2_K4_C0001""]"
TCGA-BP-4960,TCGA-BP-5189,1,1,1,1.0,"[""K4_repeat2_K4_C0001""]"
TCGA-BP-4960,TCGA-BP-5190,1,0,0,0.0,[]
TCGA-BP-4960,TCGA-BP-5191,1,0,0,0.0,[]
TCGA-BP-4960,TCGA-BP-5192,1,1,0,0.0,[]
TCGA-BP-4960,TCGA-BP-5194,1,1,1,1.0,"[""K4_repeat2_K4_C0001""]"
TCGA-BP-4960,TCGA-BP-5195,1,1,1,1.0,"[""K4_repeat2_K4_C0001""]"
TCGA-BP-4960,TCGA-BP-5196,1,1,0,0.0,[]
TCGA-BP-4960,TCGA-BP-5199,1,1,0,0.0,[]
TCGA-BP-4960,TCGA-BP-5200,1,1,1,1.0,"[""K4_repeat2_K4_C0001""]"
TCGA-BP-4960,TCGA-CJ-4637,1,1,0,0.0,[]
TCGA-BP-4960,TCGA-CJ-4641,1,1,0,0.0,[]
TCGA-BP-4960,TCGA-CJ-4900,1,1,0,0.0,[]
TCGA-BP-4960,TCGA-CJ-4902,1,1,0,0.0,[]
TCGA-BP-4960,TCGA-CJ-4903,1,1,1,1.0,"[""K4_repeat2_K4_C0001""]"
TCGA-BP-4960,TCGA-CJ-4904,1,1,1,1.0,"[""K4_repeat2_K4_C0001""]"
TCGA-BP-4960,TCGA-CJ-4923,1,1,0,0.0,[]
TCGA-BP-4960,TCGA-CJ-6027,1,1,0,0.0,[]
TCGA-BP-4960,TCGA-CJ-6028,1,1,0,0.0,[]
TCGA-BP-4960,TCGA-CJ-6030,1,1,0,0.0,[]
TCGA-BP-4960,TCGA-CJ-6033,1,1,1,1.0,"[""K4_repeat2_K4_C0001""]"
TCGA-BP-4960,TCGA-CZ-4859,1,1,1,1.0,"[""K4_repeat2_K4_C0001""]"
TCGA-BP-4960,TCGA-CZ-4863,1,0,0,0.0,[]
TCGA-BP-4960,TCGA-CZ-4865,1,0,0,0.0,[]
TCGA-BP-4960,TCGA-CZ-5451,1,1,1,1.0,"[""K4_repeat2_K4_C0001""]"
TCGA-BP-4960,TCGA-CZ-5462,1,0,0,0.0,[]
TCGA-BP-4960,TCGA-CZ-5468,1,0,0,0.0,[]
TCGA-BP-4960,TCGA-CZ-5984,1,1,0,0.0,[]
TCGA-BP-4960,TCGA-CZ-5985,1,1,0,0.0,[]
TCGA-BP-4960,TCGA-CZ-5988,1,0,0,0.0,[]
TCGA-BP-4960,TCGA-G6-A5PC,1,1,0,0.0,[]
TCGA-BP-4960,TCGA-G6-A8L7,1,1,1,1.0,"[""K4_repeat2_K4_C0001""]"
TCGA-BP-4962,TCGA-BP-4965,1,1,0,0.0,[]
TCGA-BP-4962,TCGA-BP-4967,1,1,0,0.0,[]
TCGA-BP-4962,TCGA-BP-4970,1,1,0,0.0,[]
TCGA-BP-4962,TCGA-BP-4971,1,1,1,1.0,"[""K4_repeat2_K4_C0003""]"
TCGA-BP-4962,TCGA-BP-4972,1,0,0,0.0,[]
TCGA-BP-4962,TCGA-BP-4976,1,1,0,0.0,[]
TCGA-BP-4962,TCGA-BP-4977,1,1,0,0.0,[]
TCGA-BP-4962,TCGA-BP-4982,1,1,0,0.0,[]
TCGA-BP-4962,TCGA-BP-4986,1,1,0,0.0,[]
TCGA-BP-4962,TCGA-BP-4988,1,1,0,0.0,[]
TCGA-BP-4962,TCGA-BP-4989,1,1,0,0.0,[]
TCGA-BP-4962,TCGA-BP-4992,1,1,1,1.0,"[""K4_repeat2_K4_C0003""]"
TCGA-BP-4962,TCGA-BP-4994,1,0,0,0.0,[]
TCGA-BP-4962,TCGA-BP-4995,1,1,0,0.0,[]
TCGA-BP-4962,TCGA-BP-4999,1,1,0,0.0,[]
TCGA-BP-4962,TCGA-BP-5000,1,0,0,0.0,[]
TCGA-BP-4962,TCGA-BP-5001,1,1,0,0.0,[]
TCGA-BP-4962,TCGA-BP-5004,1,1,0,0.0,[]
TCGA-BP-4962,TCGA-BP-5006,1,1,0,0.0,[]
TCGA-BP-4962,TCGA-BP-5007,1,1,0,0.0,[]
TCGA-BP-4962,TCGA-BP-5009,1,1,0,0.0,[]
TCGA-BP-4962,TCGA-BP-5010,1,1,1,1.0,"[""K4_repeat2_K4_C0003""]"
TCGA-BP-4962,TCGA-BP-5174,1,1,0,0.0,[]
TCGA-BP-4962,TCGA-BP-5175,1,1,1,1.0,"[""K4_repeat2_K4_C0003""]"
TCGA-BP-4962,TCGA-BP-5180,1,1,0,0.0,[]
TCGA-BP-4962,TCGA-BP-5181,1,1,0,0.0,[]
TCGA-BP-4962,TCGA-BP-5183,1,1,0,0.0,[]
TCGA-BP-4962,TCGA-BP-5184,1,1,0,0.0,[]
TCGA-BP-4962,TCGA-BP-5186,1,1,0,0.0,[]
TCGA-BP-4962,TCGA-BP-5187,1,1,0,0.0,[]
TCGA-BP-4962,TCGA-BP-5189,1,1,0,0.0,[]
TCGA-BP-4962,TCGA-BP-5190,1,0,0,0.0,[]
TCGA-BP-4962,TCGA-BP-5191,1,0,0,0.0,[]
TCGA-BP-4962,TCGA-BP-5192,1,1,0,0.0,[]
TCGA-BP-4962,TCGA-BP-5194,1,1,0,0.0,[]
TCGA-BP-4962,TCGA-BP-5195,1,1,0,0.0,[]
TCGA-BP-4962,TCGA-BP-5196,1,1,0,0.0,[]
TCGA-BP-4962,TCGA-BP-5199,1,1,0,0.0,[]
TCGA-BP-4962,TCGA-BP-5200,1,1,0,0.0,[]
TCGA-BP-4962,TCGA-CJ-4637,1,1,1,1.0,"[""K4_repeat2_K4_C0003""]"
TCGA-BP-4962,TCGA-CJ-4641,1,1,1,1.0,"[""K4_repeat2_K4_C0003""]"
TCGA-BP-4962,TCGA-CJ-4900,1,1,1,1.0,"[""K4_repeat2_K4_C0003""]"
TCGA-BP-4962,TCGA-CJ-4902,1,1,1,1.0,"[""K4_repeat2_K4_C0003""]"
TCGA-BP-4962,TCGA-CJ-4903,1,1,0,0.0,[]
TCGA-BP-4962,TCGA-CJ-4904,1,1,0,0.0,[]
TCGA-BP-4962,TCGA-CJ-4923,1,1,1,1.0,"[""K4_repeat2_K4_C0003""]"
TCGA-BP-4962,TCGA-CJ-6027,1,1,1,1.0,"[""K4_repeat2_K4_C0003""]"
TCGA-BP-4962,TCGA-CJ-6028,1,1,1,1.0,"[""K4_repeat2_K4_C0003""]"
TCGA-BP-4962,TCGA-CJ-6030,1,1,1,1.0,"[""K4_repeat2_K4_C0003""]"
TCGA-BP-4962,TCGA-CJ-6033,1,1,0,0.0,[]
TCGA-BP-4962,TCGA-CZ-4859,1,1,0,0.0,[]
TCGA-BP-4962,TCGA-CZ-4863,1,0,0,0.0,[]
TCGA-BP-4962,TCGA-CZ-4865,1,0,0,0.0,[]
TCGA-BP-4962,TCGA-CZ-5451,1,1,0,0.0,[]
TCGA-BP-4962,TCGA-CZ-5462,1,0,0,0.0,[]
TCGA-BP-4962,TCGA-CZ-5468,1,0,0,0.0,[]
TCGA-BP-4962,TCGA-CZ-5984,1,1,0,0.0,[]
TCGA-BP-4962,TCGA-CZ-5985,1,1,1,1.0,"[""K4_repeat2_K4_C0003""]"
TCGA-BP-4962,TCGA-CZ-5988,1,0,0,0.0,[]
TCGA-BP-4962,TCGA-G6-A5PC,1,1,1,1.0,"[""K4_repeat2_K4_C0003""]"
TCGA-BP-4962,TCGA-G6-A8L7,1,1,0,0.0,[]
TCGA-BP-4965,TCGA-BP-4967,1,1,0,0.0,[]
TCGA-BP-4965,TCGA-BP-4970,1,1,0,0.0,[]
TCGA-BP-4965,TCGA-BP-4971,1,1,0,0.0,[]
TCGA-BP-4965,TCGA-BP-4972,1,0,0,0.0,[]
TCGA-BP-4965,TCGA-BP-4976,1,1,1,1.0,"[""K4_repeat2_K4_C0001""]"
TCGA-BP-4965,TCGA-BP-4977,1,1,0,0.0,[]
TCGA-BP-4965,TCGA-BP-4982,1,1,1,1.0,"[""K4_repeat2_K4_C0001""]"
TCGA-BP-4965,TCGA-BP-4986,1,1,0,0.0,[]
TCGA-BP-4965,TCGA-BP-4988,1,1,1,1.0,"[""K4_repeat2_K4_C0001""]"
TCGA-BP-4965,TCGA-BP-4989,1,1,1,1.0,"[""K4_repeat2_K4_C0001""]"
TCGA-BP-4965,TCGA-BP-4992,1,1,0,0.0,[]
TCGA-BP-4965,TCGA-BP-4994,1,0,0,0.0,[]
TCGA-BP-4965,TCGA-BP-4995,1,1,1,1.0,"[""K4_repeat2_K4_C0001""]"
TCGA-BP-4965,TCGA-BP-4999,1,1,1,1.0,"[""K4_repeat2_K4_C0001""]"
TCGA-BP-4965,TCGA-BP-5000,1,0,0,0.0,[]
TCGA-BP-4965,TCGA-BP-5001,1,1,1,1.0,"[""K4_repeat2_K4_C0001""]"
TCGA-BP-4965,TCGA-BP-5004,1,1,1,1.0,"[""K4_repeat2_K4_C0001""]"
TCGA-BP-4965,TCGA-BP-5006,1,1,1,1.0,"[""K4_repeat2_K4_C0001""]"
TCGA-BP-4965,TCGA-BP-5007,1,1,1,1.0,"[""K4_repeat2_K4_C0001""]"
TCGA-BP-4965,TCGA-BP-5009,1,1,1,1.0,"[""K4_repeat2_K4_C0001""]"
TCGA-BP-4965,TCGA-BP-5010,1,1,0,0.0,[]
TCGA-BP-4965,TCGA-BP-5174,1,1,0,0.0,[]
TCGA-BP-4965,TCGA-BP-5175,1,1,0,0.0,[]
TCGA-BP-4965,TCGA-BP-5180,1,1,1,1.0,"[""K4_repeat2_K4_C0001""]"
TCGA-BP-4965,TCGA-BP-5181,1,1,1,1.0,"[""K4_repeat2_K4_C0001""]"
TCGA-BP-4965,TCGA-BP-5183,1,1,1,1.0,"[""K4_repeat2_K4_C0001""]"
TCGA-BP-4965,TCGA-BP-5184,1,1,1,1.0,"[""K4_repeat2_K4_C0001""]"
TCGA-BP-4965,TCGA-BP-5186,1,1,1,1.0,"[""K4_repeat2_K4_C0001""]"
TCGA-BP-4965,TCGA-BP-5187,1,1,1,1.0,"[""K4_repeat2_K4_C0001""]"
TCGA-BP-4965,TCGA-BP-5189,1,1,1,1.0,"[""K4_repeat2_K4_C0001""]"
TCGA-BP-4965,TCGA-BP-5190,1,0,0,0.0,[]
TCGA-BP-4965,TCGA-BP-5191,1,0,0,0.0,[]
TCGA-BP-4965,TCGA-BP-5192,1,1,0,0.0,[]
TCGA-BP-4965,TCGA-BP-5194,1,1,1,1.0,"[""K4_repeat2_K4_C0001""]"
TCGA-BP-4965,TCGA-BP-5195,1,1,1,1.0,"[""K4_repeat2_K4_C0001""]"
TCGA-BP-4965,TCGA-BP-5196,1,1,0,0.0,[]
TCGA-BP-4965,TCGA-BP-5199,1,1,0,0.0,[]
TCGA-BP-4965,TCGA-BP-5200,1,1,1,1.0,"[""K4_repeat2_K4_C0001""]"
TCGA-BP-4965,TCGA-CJ-4637,1,1,0,0.0,[]
TCGA-BP-4965,TCGA-CJ-4641,1,1,0,0.0,[]
TCGA-BP-4965,TCGA-CJ-4900,1,1,0,0.0,[]
TCGA-BP-4965,TCGA-CJ-4902,1,1,0,0.0,[]
TCGA-BP-4965,TCGA-CJ-4903,1,1,1,1.0,"[""K4_repeat2_K4_C0001""]"
TCGA-BP-4965,TCGA-CJ-4904,1,1,1,1.0,"[""K4_repeat2_K4_C0001""]"
TCGA-BP-4965,TCGA-CJ-4923,1,1,0,0.0,[]
TCGA-BP-4965,TCGA-CJ-6027,1,1,0,0.0,[]
TCGA-BP-4965,TCGA-CJ-6028,1,1,0,0.0,[]
TCGA-BP-4965,TCGA-CJ-6030,1,1,0,0.0,[]
TCGA-BP-4965,TCGA-CJ-6033,1,1,1,1.0,"[""K4_repeat2_K4_C0001""]"
TCGA-BP-4965,TCGA-CZ-4859,1,1,1,1.0,"[""K4_repeat2_K4_C0001""]"
TCGA-BP-4965,TCGA-CZ-4863,1,0,0,0.0,[]
TCGA-BP-4965,TCGA-CZ-4865,1,0,0,0.0,[]
TCGA-BP-4965,TCGA-CZ-5451,1,1,1,1.0,"[""K4_repeat2_K4_C0001""]"
TCGA-BP-4965,TCGA-CZ-5462,1,0,0,0.0,[]
TCGA-BP-4965,TCGA-CZ-5468,1,0,0,0.0,[]
TCGA-BP-4965,TCGA-CZ-5984,1,1,0,0.0,[]
TCGA-BP-4965,TCGA-CZ-5985,1,1,0,0.0,[]
TCGA-BP-4965,TCGA-CZ-5988,1,0,0,0.0,[]
TCGA-BP-4965,TCGA-G6-A5PC,1,1,0,0.0,[]
TCGA-BP-4965,TCGA-G6-A8L7,1,1,1,1.0,"[""K4_repeat2_K4_C0001""]"
TCGA-BP-4967,TCGA-BP-4970,1,1,1,1.0,"[""K4_repeat2_K4_C0004""]"
TCGA-BP-4967,TCGA-BP-4971,1,1,0,0.0,[]
TCGA-BP-4967,TCGA-BP-4972,1,0,0,0.0,[]
TCGA-BP-4967,TCGA-BP-4976,1,1,0,0.0,[]
TCGA-BP-4967,TCGA-BP-4977,1,1,1,1.0,"[""K4_repeat2_K4_C0004""]"
TCGA-BP-4967,TCGA-BP-4982,1,1,0,0.0,[]
TCGA-BP-4967,TCGA-BP-4986,1,1,1,1.0,"[""K4_repeat2_K4_C0004""]"
TCGA-BP-4967,TCGA-BP-4988,1,1,0,0.0,[]
TCGA-BP-4967,TCGA-BP-4989,1,1,0,0.0,[]
TCGA-BP-4967,TCGA-BP-4992,1,1,0,0.0,[]
TCGA-BP-4967,TCGA-BP-4994,1,0,0,0.0,[]
TCGA-BP-4967,TCGA-BP-4995,1,1,0,0.0,[]
TCGA-BP-4967,TCGA-BP-4999,1,1,0,0.0,[]
TCGA-BP-4967,TCGA-BP-5000,1,0,0,0.0,[]
TCGA-BP-4967,TCGA-BP-5001,1,1,0,0.0,[]
TCGA-BP-4967,TCGA-BP-5004,1,1,0,0.0,[]
TCGA-BP-4967,TCGA-BP-5006,1,1,0,0.0,[]
TCGA-BP-4967,TCGA-BP-5007,1,1,0,0.0,[]
TCGA-BP-4967,TCGA-BP-5009,1,1,0,0.0,[]
TCGA-BP-4967,TCGA-BP-5010,1,1,0,0.0,[]
TCGA-BP-4967,TCGA-BP-5174,1,1,1,1.0,"[""K4_repeat2_K4_C0004""]"
TCGA-BP-4967,TCGA-BP-5175,1,1,0,0.0,[]
TCGA-BP-4967,TCGA-BP-5180,1,1,0,0.0,[]
TCGA-BP-4967,TCGA-BP-5181,1,1,0,0.0,[]
TCGA-BP-4967,TCGA-BP-5183,1,1,0,0.0,[]
TCGA-BP-4967,TCGA-BP-5184,1,1,0,0.0,[]
TCGA-BP-4967,TCGA-BP-5186,1,1,0,0.0,[]
TCGA-BP-4967,TCGA-BP-5187,1,1,0,0.0,[]
TCGA-BP-4967,TCGA-BP-5189,1,1,0,0.0,[]
TCGA-BP-4967,TCGA-BP-5190,1,0,0,0.0,[]
TCGA-BP-4967,TCGA-BP-5191,1,0,0,0.0,[]
TCGA-BP-4967,TCGA-BP-5192,1,1,1,1.0,"[""K4_repeat2_K4_C0004""]"
TCGA-BP-4967,TCGA-BP-5194,1,1,0,0.0,[]
TCGA-BP-4967,TCGA-BP-5195,1,1,0,0.0,[]
TCGA-BP-4967,TCGA-BP-5196,1,1,1,1.0,"[""K4_repeat2_K4_C0004""]"
TCGA-BP-4967,TCGA-BP-5199,1,1,1,1.0,"[""K4_repeat2_K4_C0004""]"
TCGA-BP-4967,TCGA-BP-5200,1,1,0,0.0,[]
TCGA-BP-4967,TCGA-CJ-4637,1,1,0,0.0,[]
TCGA-BP-4967,TCGA-CJ-4641,1,1,0,0.0,[]
TCGA-BP-4967,TCGA-CJ-4900,1,1,0,0.0,[]
TCGA-BP-4967,TCGA-CJ-4902,1,1,0,0.0,[]
TCGA-BP-4967,TCGA-CJ-4903,1,1,0,0.0,[]
TCGA-BP-4967,TCGA-CJ-4904,1,1,0,0.0,[]
TCGA-BP-4967,TCGA-CJ-4923,1,1,0,0.0,[]
TCGA-BP-4967,TCGA-CJ-6027,1,1,0,0.0,[]
TCGA-BP-4967,TCGA-CJ-6028,1,1,0,0.0,[]
TCGA-BP-4967,TCGA-CJ-6030,1,1,0,0.0,[]
TCGA-BP-4967,TCGA-CJ-6033,1,1,0,0.0,[]
TCGA-BP-4967,TCGA-CZ-4859,1,1,0,0.0,[]
TCGA-BP-4967,TCGA-CZ-4863,1,0,0,0.0,[]
TCGA-BP-4967,TCGA-CZ-4865,1,0,0,0.0,[]
TCGA-BP-4967,TCGA-CZ-5451,1,1,0,0.0,[]
TCGA-BP-4967,TCGA-CZ-5462,1,0,0,0.0,[]
TCGA-BP-4967,TCGA-CZ-5468,1,0,0,0.0,[]
TCGA-BP-4967,TCGA-CZ-5984,1,1,1,1.0,"[""K4_repeat2_K4_C0004""]"
TCGA-BP-4967,TCGA-CZ-5985,1,1,0,0.0,[]
TCGA-BP-4967,TCGA-CZ-5988,1,0,0,0.0,[]
TCGA-BP-4967,TCGA-G6-A5PC,1,1,0,0.0,[]
TCGA-BP-4967,TCGA-G6-A8L7,1,1,0,0.0,[]
TCGA-BP-4970,TCGA-BP-4971,1,1,0,0.0,[]
TCGA-BP-4970,TCGA-BP-4972,1,0,0,0.0,[]
TCGA-BP-4970,TCGA-BP-4976,1,1,0,0.0,[]
TCGA-BP-4970,TCGA-BP-4977,1,1,1,1.0,"[""K4_repeat2_K4_C0004""]"
TCGA-BP-4970,TCGA-BP-4982,1,1,0,0.0,[]
TCGA-BP-4970,TCGA-BP-4986,1,1,1,1.0,"[""K4_repeat2_K4_C0004""]"
TCGA-BP-4970,TCGA-BP-4988,1,1,0,0.0,[]
TCGA-BP-4970,TCGA-BP-4989,1,1,0,0.0,[]
TCGA-BP-4970,TCGA-BP-4992,1,1,0,0.0,[]
TCGA-BP-4970,TCGA-BP-4994,1,0,0,0.0,[]
TCGA-BP-4970,TCGA-BP-4995,1,1,0,0.0,[]
TCGA-BP-4970,TCGA-BP-4999,1,1,0,0.0,[]
TCGA-BP-4970,TCGA-BP-5000,1,0,0,0.0,[]
TCGA-BP-4970,TCGA-BP-5001,1,1,0,0.0,[]
TCGA-BP-4970,TCGA-BP-5004,1,1,0,0.0,[]
TCGA-BP-4970,TCGA-BP-5006,1,1,0,0.0,[]
TCGA-BP-4970,TCGA-BP-5007,1,1,0,0.0,[]
TCGA-BP-4970,TCGA-BP-5009,1,1,0,0.0,[]
TCGA-BP-4970,TCGA-BP-5010,1,1,0,0.0,[]
TCGA-BP-4970,TCGA-BP-5174,1,1,1,1.0,"[""K4_repeat2_K4_C0004""]"
TCGA-BP-4970,TCGA-BP-5175,1,1,0,0.0,[]
TCGA-BP-4970,TCGA-BP-5180,1,1,0,0.0,[]
TCGA-BP-4970,TCGA-BP-5181,1,1,0,0.0,[]
TCGA-BP-4970,TCGA-BP-5183,1,1,0,0.0,[]
TCGA-BP-4970,TCGA-BP-5184,1,1,0,0.0,[]
TCGA-BP-4970,TCGA-BP-5186,1,1,0,0.0,[]
TCGA-BP-4970,TCGA-BP-5187,1,1,0,0.0,[]
TCGA-BP-4970,TCGA-BP-5189,1,1,0,0.0,[]
TCGA-BP-4970,TCGA-BP-5190,1,0,0,0.0,[]
TCGA-BP-4970,TCGA-BP-5191,1,0,0,0.0,[]
TCGA-BP-4970,TCGA-BP-5192,1,1,1,1.0,"[""K4_repeat2_K4_C0004""]"
TCGA-BP-4970,TCGA-BP-5194,1,1,0,0.0,[]
TCGA-BP-4970,TCGA-BP-5195,1,1,0,0.0,[]
TCGA-BP-4970,TCGA-BP-5196,1,1,1,1.0,"[""K4_repeat2_K4_C0004""]"
TCGA-BP-4970,TCGA-BP-5199,1,1,1,1.0,"[""K4_repeat2_K4_C0004""]"
TCGA-BP-4970,TCGA-BP-5200,1,1,0,0.0,[]
TCGA-BP-4970,TCGA-CJ-4637,1,1,0,0.0,[]
TCGA-BP-4970,TCGA-CJ-4641,1,1,0,0.0,[]
TCGA-BP-4970,TCGA-CJ-4900,1,1,0,0.0,[]
TCGA-BP-4970,TCGA-CJ-4902,1,1,0,0.0,[]
TCGA-BP-4970,TCGA-CJ-4903,1,1,0,0.0,[]
TCGA-BP-4970,TCGA-CJ-4904,1,1,0,0.0,[]
TCGA-BP-4970,TCGA-CJ-4923,1,1,0,0.0,[]
TCGA-BP-4970,TCGA-CJ-6027,1,1,0,0.0,[]
TCGA-BP-4970,TCGA-CJ-6028,1,1,0,0.0,[]
TCGA-BP-4970,TCGA-CJ-6030,1,1,0,0.0,[]
TCGA-BP-4970,TCGA-CJ-6033,1,1,0,0.0,[]
TCGA-BP-4970,TCGA-CZ-4859,1,1,0,0.0,[]
TCGA-BP-4970,TCGA-CZ-4863,1,0,0,0.0,[]
TCGA-BP-4970,TCGA-CZ-4865,1,0,0,0.0,[]
TCGA-BP-4970,TCGA-CZ-5451,1,1,0,0.0,[]
TCGA-BP-4970,TCGA-CZ-5462,1,0,0,0.0,[]
TCGA-BP-4970,TCGA-CZ-5468,1,0,0,0.0,[]
TCGA-BP-4970,TCGA-CZ-5984,1,1,1,1.0,"[""K4_repeat2_K4_C0004""]"
TCGA-BP-4970,TCGA-CZ-5985,1,1,0,0.0,[]
TCGA-BP-4970,TCGA-CZ-5988,1,0,0,0.0,[]
TCGA-BP-4970,TCGA-G6-A5PC,1,1,0,0.0,[]
TCGA-BP-4970,TCGA-G6-A8L7,1,1,0,0.0,[]
TCGA-BP-4971,TCGA-BP-4972,1,0,0,0.0,[]
TCGA-BP-4971,TCGA-BP-4976,1,1,0,0.0,[]
TCGA-BP-4971,TCGA-BP-4977,1,1,0,0.0,[]
TCGA-BP-4971,TCGA-BP-4982,1,1,0,0.0,[]
TCGA-BP-4971,TCGA-BP-4986,1,1,0,0.0,[]
TCGA-BP-4971,TCGA-BP-4988,1,1,0,0.0,[]
TCGA-BP-4971,TCGA-BP-4989,1,1,0,0.0,[]
TCGA-BP-4971,TCGA-BP-4992,1,1,1,1.0,"[""K4_repeat2_K4_C0003""]"
TCGA-BP-4971,TCGA-BP-4994,1,0,0,0.0,[]
TCGA-BP-4971,TCGA-BP-4995,1,1,0,0.0,[]
TCGA-BP-4971,TCGA-BP-4999,1,1,0,0.0,[]
TCGA-BP-4971,TCGA-BP-5000,1,0,0,0.0,[]
TCGA-BP-4971,TCGA-BP-5001,1,1,0,0.0,[]
TCGA-BP-4971,TCGA-BP-5004,1,1,0,0.0,[]
TCGA-BP-4971,TCGA-BP-5006,1,1,0,0.0,[]
TCGA-BP-4971,TCGA-BP-5007,1,1,0,0.0,[]
TCGA-BP-4971,TCGA-BP-5009,1,1,0,0.0,[]
TCGA-BP-4971,TCGA-BP-5010,1,1,1,1.0,"[""K4_repeat2_K4_C0003""]"
TCGA-BP-4971,TCGA-BP-5174,1,1,0,0.0,[]
TCGA-BP-4971,TCGA-BP-5175,1,1,1,1.0,"[""K4_repeat2_K4_C0003""]"
TCGA-BP-4971,TCGA-BP-5180,1,1,0,0.0,[]
TCGA-BP-4971,TCGA-BP-5181,1,1,0,0.0,[]
TCGA-BP-4971,TCGA-BP-5183,1,1,0,0.0,[]
TCGA-BP-4971,TCGA-BP-5184,1,1,0,0.0,[]
TCGA-BP-4971,TCGA-BP-5186,1,1,0,0.0,[]
TCGA-BP-4971,TCGA-BP-5187,1,1,0,0.0,[]
TCGA-BP-4971,TCGA-BP-5189,1,1,0,0.0,[]
TCGA-BP-4971,TCGA-BP-5190,1,0,0,0.0,[]
TCGA-BP-4971,TCGA-BP-5191,1,0,0,0.0,[]
TCGA-BP-4971,TCGA-BP-5192,1,1,0,0.0,[]
TCGA-BP-4971,TCGA-BP-5194,1,1,0,0.0,[]
TCGA-BP-4971,TCGA-BP-5195,1,1,0,0.0,[]
TCGA-BP-4971,TCGA-BP-5196,1,1,0,0.0,[]
TCGA-BP-4971,TCGA-BP-5199,1,1,0,0.0,[]
TCGA-BP-4971,TCGA-BP-5200,1,1,0,0.0,[]
TCGA-BP-4971,TCGA-CJ-4637,1,1,1,1.0,"[""K4_repeat2_K4_C0003""]"
TCGA-BP-4971,TCGA-CJ-4641,1,1,1,1.0,"[""K4_repeat2_K4_C0003""]"
TCGA-BP-4971,TCGA-CJ-4900,1,1,1,1.0,"[""K4_repeat2_K4_C0003""]"
TCGA-BP-4971,TCGA-CJ-4902,1,1,1,1.0,"[""K4_repeat2_K4_C0003""]"
TCGA-BP-4971,TCGA-CJ-4903,1,1,0,0.0,[]
TCGA-BP-4971,TCGA-CJ-4904,1,1,0,0.0,[]
TCGA-BP-4971,TCGA-CJ-4923,1,1,1,1.0,"[""K4_repeat2_K4_C0003""]"
TCGA-BP-4971,TCGA-CJ-6027,1,1,1,1.0,"[""K4_repeat2_K4_C0003""]"
TCGA-BP-4971,TCGA-CJ-6028,1,1,1,1.0,"[""K4_repeat2_K4_C0003""]"
TCGA-BP-4971,TCGA-CJ-6030,1,1,1,1.0,"[""K4_repeat2_K4_C0003""]"
TCGA-BP-4971,TCGA-CJ-6033,1,1,0,0.0,[]
TCGA-BP-4971,TCGA-CZ-4859,1,1,0,0.0,[]
TCGA-BP-4971,TCGA-CZ-4863,1,0,0,0.0,[]
TCGA-BP-4971,TCGA-CZ-4865,1,0,0,0.0,[]
TCGA-BP-4971,TCGA-CZ-5451,1,1,0,0.0,[]
TCGA-BP-4971,TCGA-CZ-5462,1,0,0,0.0,[]
TCGA-BP-4971,TCGA-CZ-5468,1,0,0,0.0,[]
TCGA-BP-4971,TCGA-CZ-5984,1,1,0,0.0,[]
TCGA-BP-4971,TCGA-CZ-5985,1,1,1,1.0,"[""K4_repeat2_K4_C0003""]"
TCGA-BP-4971,TCGA-CZ-5988,1,0,0,0.0,[]
TCGA-BP-4971,TCGA-G6-A5PC,1,1,1,1.0,"[""K4_repeat2_K4_C0003""]"
TCGA-BP-4971,TCGA-G6-A8L7,1,1,0,0.0,[]
TCGA-BP-4972,TCGA-BP-4976,0,1,0,0.0,[]
TCGA-BP-4972,TCGA-BP-4977,0,1,0,0.0,[]
TCGA-BP-4972,TCGA-BP-4982,0,1,0,0.0,[]
TCGA-BP-4972,TCGA-BP-4986,0,1,0,0.0,[]
TCGA-BP-4972,TCGA-BP-4988,0,1,0,0.0,[]
TCGA-BP-4972,TCGA-BP-4989,0,1,0,0.0,[]
TCGA-BP-4972,TCGA-BP-4992,0,1,0,0.0,[]
TCGA-BP-4972,TCGA-BP-4994,0,0,0,0.0,[]
TCGA-BP-4972,TCGA-BP-4995,0,1,0,0.0,[]
TCGA-BP-4972,TCGA-BP-4999,0,1,0,0.0,[]
TCGA-BP-4972,TCGA-BP-5000,0,0,0,0.0,[]
TCGA-BP-4972,TCGA-BP-5001,0,1,0,0.0,[]
TCGA-BP-4972,TCGA-BP-5004,0,1,0,0.0,[]
TCGA-BP-4972,TCGA-BP-5006,0,1,0,0.0,[]
TCGA-BP-4972,TCGA-BP-5007,0,1,0,0.0,[]
TCGA-BP-4972,TCGA-BP-5009,0,1,0,0.0,[]
TCGA-BP-4972,TCGA-BP-5010,0,1,0,0.0,[]
TCGA-BP-4972,TCGA-BP-5174,0,1,0,0.0,[]
TCGA-BP-4972,TCGA-BP-5175,0,1,0,0.0,[]
TCGA-BP-4972,TCGA-BP-5180,0,1,0,0.0,[]
TCGA-BP-4972,TCGA-BP-5181,0,1,0,0.0,[]
TCGA-BP-4972,TCGA-BP-5183,0,1,0,0.0,[]
TCGA-BP-4972,TCGA-BP-5184,0,1,0,0.0,[]
TCGA-BP-4972,TCGA-BP-5186,0,1,0,0.0,[]
TCGA-BP-4972,TCGA-BP-5187,0,1,0,0.0,[]
TCGA-BP-4972,TCGA-BP-5189,0,1,0,0.0,[]
TCGA-BP-4972,TCGA-BP-5190,0,0,0,0.0,[]
TCGA-BP-4972,TCGA-BP-5191,0,0,0,0.0,[]
TCGA-BP-4972,TCGA-BP-5192,0,1,0,0.0,[]
TCGA-BP-4972,TCGA-BP-5194,0,1,0,0.0,[]
TCGA-BP-4972,TCGA-BP-5195,0,1,0,0.0,[]
TCGA-BP-4972,TCGA-BP-5196,0,1,0,0.0,[]
TCGA-BP-4972,TCGA-BP-5199,0,1,0,0.0,[]
TCGA-BP-4972,TCGA-BP-5200,0,1,0,0.0,[]
TCGA-BP-4972,TCGA-CJ-4637,0,1,0,0.0,[]
TCGA-BP-4972,TCGA-CJ-4641,0,1,0,0.0,[]
TCGA-BP-4972,TCGA-CJ-4900,0,1,0,0.0,[]
TCGA-BP-4972,TCGA-CJ-4902,0,1,0,0.0,[]
TCGA-BP-4972,TCGA-CJ-4903,0,1,0,0.0,[]
TCGA-BP-4972,TCGA-CJ-4904,0,1,0,0.0,[]
TCGA-BP-4972,TCGA-CJ-4923,0,1,0,0.0,[]
TCGA-BP-4972,TCGA-CJ-6027,0,1,0,0.0,[]
TCGA-BP-4972,TCGA-CJ-6028,0,1,0,0.0,[]
TCGA-BP-4972,TCGA-CJ-6030,0,1,0,0.0,[]
TCGA-BP-4972,TCGA-CJ-6033,0,1,0,0.0,[]
TCGA-BP-4972,TCGA-CZ-4859,0,1,0,0.0,[]
TCGA-BP-4972,TCGA-CZ-4863,0,0,0,0.0,[]
TCGA-BP-4972,TCGA-CZ-4865,0,0,0,0.0,[]
TCGA-BP-4972,TCGA-CZ-5451,0,1,0,0.0,[]
TCGA-BP-4972,TCGA-CZ-5462,0,0,0,0.0,[]
TCGA-BP-4972,TCGA-CZ-5468,0,0,0,0.0,[]
TCGA-BP-4972,TCGA-CZ-5984,0,1,0,0.0,[]
TCGA-BP-4972,TCGA-CZ-5985,0,1,0,0.0,[]
TCGA-BP-4972,TCGA-CZ-5988,0,0,0,0.0,[]
TCGA-BP-4972,TCGA-G6-A5PC,0,1,0,0.0,[]
TCGA-BP-4972,TCGA-G6-A8L7,0,1,0,0.0,[]
TCGA-BP-4976,TCGA-BP-4977,1,1,0,0.0,[]
TCGA-BP-4976,TCGA-BP-4982,1,1,1,1.0,"[""K4_repeat2_K4_C0001""]"
TCGA-BP-4976,TCGA-BP-4986,1,1,0,0.0,[]
TCGA-BP-4976,TCGA-BP-4988,1,1,1,1.0,"[""K4_repeat2_K4_C0001""]"
TCGA-BP-4976,TCGA-BP-4989,1,1,1,1.0,"[""K4_repeat2_K4_C0001""]"
TCGA-BP-4976,TCGA-BP-4992,1,1,0,0.0,[]
TCGA-BP-4976,TCGA-BP-4994,1,0,0,0.0,[]
TCGA-BP-4976,TCGA-BP-4995,1,1,1,1.0,"[""K4_repeat2_K4_C0001""]"
TCGA-BP-4976,TCGA-BP-4999,1,1,1,1.0,"[""K4_repeat2_K4_C0001""]"
TCGA-BP-4976,TCGA-BP-5000,1,0,0,0.0,[]
TCGA-BP-4976,TCGA-BP-5001,1,1,1,1.0,"[""K4_repeat2_K4_C0001""]"
TCGA-BP-4976,TCGA-BP-5004,1,1,1,1.0,"[""K4_repeat2_K4_C0001""]"
TCGA-BP-4976,TCGA-BP-5006,1,1,1,1.0,"[""K4_repeat2_K4_C0001""]"
TCGA-BP-4976,TCGA-BP-5007,1,1,1,1.0,"[""K4_repeat2_K4_C0001""]"
TCGA-BP-4976,TCGA-BP-5009,1,1,1,1.0,"[""K4_repeat2_K4_C0001""]"
TCGA-BP-4976,TCGA-BP-5010,1,1,0,0.0,[]
TCGA-BP-4976,TCGA-BP-5174,1,1,0,0.0,[]
TCGA-BP-4976,TCGA-BP-5175,1,1,0,0.0,[]
TCGA-BP-4976,TCGA-BP-5180,1,1,1,1.0,"[""K4_repeat2_K4_C0001""]"
TCGA-BP-4976,TCGA-BP-5181,1,1,1,1.0,"[""K4_repeat2_K4_C0001""]"
TCGA-BP-4976,TCGA-BP-5183,1,1,1,1.0,"[""K4_repeat2_K4_C0001""]"
TCGA-BP-4976,TCGA-BP-5184,1,1,1,1.0,"[""K4_repeat2_K4_C0001""]"
TCGA-BP-4976,TCGA-BP-5186,1,1,1,1.0,"[""K4_repeat2_K4_C0001""]"
TCGA-BP-4976,TCGA-BP-5187,1,1,1,1.0,"[""K4_repeat2_K4_C0001""]"
TCGA-BP-4976,TCGA-BP-5189,1,1,1,1.0,"[""K4_repeat2_K4_C0001""]"
TCGA-BP-4976,TCGA-BP-5190,1,0,0,0.0,[]
TCGA-BP-4976,TCGA-BP-5191,1,0,0,0.0,[]
TCGA-BP-4976,TCGA-BP-5192,1,1,0,0.0,[]
TCGA-BP-4976,TCGA-BP-5194,1,1,1,1.0,"[""K4_repeat2_K4_C0001""]"
TCGA-BP-4976,TCGA-BP-5195,1,1,1,1.0,"[""K4_repeat2_K4_C0001""]"
TCGA-BP-4976,TCGA-BP-5196,1,1,0,0.0,[]
TCGA-BP-4976,TCGA-BP-5199,1,1,0,0.0,[]
TCGA-BP-4976,TCGA-BP-5200,1,1,1,1.0,"[""K4_repeat2_K4_C0001""]"
TCGA-BP-4976,TCGA-CJ-4637,1,1,0,0.0,[]
TCGA-BP-4976,TCGA-CJ-4641,1,1,0,0.0,[]
TCGA-BP-4976,TCGA-CJ-4900,1,1,0,0.0,[]
TCGA-BP-4976,TCGA-CJ-4902,1,1,0,0.0,[]
TCGA-BP-4976,TCGA-CJ-4903,1,1,1,1.0,"[""K4_repeat2_K4_C0001""]"
TCGA-BP-4976,TCGA-CJ-4904,1,1,1,1.0,"[""K4_repeat2_K4_C0001""]"
TCGA-BP-4976,TCGA-CJ-4923,1,1,0,0.0,[]
TCGA-BP-4976,TCGA-CJ-6027,1,1,0,0.0,[]
TCGA-BP-4976,TCGA-CJ-6028,1,1,0,0.0,[]
TCGA-BP-4976,TCGA-CJ-6030,1,1,0,0.0,[]
TCGA-BP-4976,TCGA-CJ-6033,1,1,1,1.0,"[""K4_repeat2_K4_C0001""]"
TCGA-BP-4976,TCGA-CZ-4859,1,1,1,1.0,"[""K4_repeat2_K4_C0001""]"
TCGA-BP-4976,TCGA-CZ-4863,1,0,0,0.0,[]
TCGA-BP-4976,TCGA-CZ-4865,1,0,0,0.0,[]
TCGA-BP-4976,TCGA-CZ-5451,1,1,1,1.0,"[""K4_repeat2_K4_C0001""]"
TCGA-BP-4976,TCGA-CZ-5462,1,0,0,0.0,[]
TCGA-BP-4976,TCGA-CZ-5468,1,0,0,0.0,[]
TCGA-BP-4976,TCGA-CZ-5984,1,1,0,0.0,[]
TCGA-BP-4976,TCGA-CZ-5985,1,1,0,0.0,[]
TCGA-BP-4976,TCGA-CZ-5988,1,0,0,0.0,[]
TCGA-BP-4976,TCGA-G6-A5PC,1,1,0,0.0,[]
TCGA-BP-4976,TCGA-G6-A8L7,1,1,1,1.0,"[""K4_repeat2_K4_C0001""]"
TCGA-BP-4977,TCGA-BP-4982,1,1,0,0.0,[]
TCGA-BP-4977,TCGA-BP-4986,1,1,1,1.0,"[""K4_repeat2_K4_C0004""]"
TCGA-BP-4977,TCGA-BP-4988,1,1,0,0.0,[]
TCGA-BP-4977,TCGA-BP-4989,1,1,0,0.0,[]
TCGA-BP-4977,TCGA-BP-4992,1,1,0,0.0,[]
TCGA-BP-4977,TCGA-BP-4994,1,0,0,0.0,[]
TCGA-BP-4977,TCGA-BP-4995,1,1,0,0.0,[]
TCGA-BP-4977,TCGA-BP-4999,1,1,0,0.0,[]
TCGA-BP-4977,TCGA-BP-5000,1,0,0,0.0,[]
TCGA-BP-4977,TCGA-BP-5001,1,1,0,0.0,[]
TCGA-BP-4977,TCGA-BP-5004,1,1,0,0.0,[]
TCGA-BP-4977,TCGA-BP-5006,1,1,0,0.0,[]
TCGA-BP-4977,TCGA-BP-5007,1,1,0,0.0,[]
TCGA-BP-4977,TCGA-BP-5009,1,1,0,0.0,[]
TCGA-BP-4977,TCGA-BP-5010,1,1,0,0.0,[]
TCGA-BP-4977,TCGA-BP-5174,1,1,1,1.0,"[""K4_repeat2_K4_C0004""]"
TCGA-BP-4977,TCGA-BP-5175,1,1,0,0.0,[]
TCGA-BP-4977,TCGA-BP-5180,1,1,0,0.0,[]
TCGA-BP-4977,TCGA-BP-5181,1,1,0,0.0,[]
TCGA-BP-4977,TCGA-BP-5183,1,1,0,0.0,[]
TCGA-BP-4977,TCGA-BP-5184,1,1,0,0.0,[]
TCGA-BP-4977,TCGA-BP-5186,1,1,0,0.0,[]
TCGA-BP-4977,TCGA-BP-5187,1,1,0,0.0,[]
TCGA-BP-4977,TCGA-BP-5189,1,1,0,0.0,[]
TCGA-BP-4977,TCGA-BP-5190,1,0,0,0.0,[]
TCGA-BP-4977,TCGA-BP-5191,1,0,0,0.0,[]
TCGA-BP-4977,TCGA-BP-5192,1,1,1,1.0,"[""K4_repeat2_K4_C0004""]"
TCGA-BP-4977,TCGA-BP-5194,1,1,0,0.0,[]
TCGA-BP-4977,TCGA-BP-5195,1,1,0,0.0,[]
TCGA-BP-4977,TCGA-BP-5196,1,1,1,1.0,"[""K4_repeat2_K4_C0004""]"
TCGA-BP-4977,TCGA-BP-5199,1,1,1,1.0,"[""K4_repeat2_K4_C0004""]"
TCGA-BP-4977,TCGA-BP-5200,1,1,0,0.0,[]
TCGA-BP-4977,TCGA-CJ-4637,1,1,0,0.0,[]
TCGA-BP-4977,TCGA-CJ-4641,1,1,0,0.0,[]
TCGA-BP-4977,TCGA-CJ-4900,1,1,0,0.0,[]
TCGA-BP-4977,TCGA-CJ-4902,1,1,0,0.0,[]
TCGA-BP-4977,TCGA-CJ-4903,1,1,0,0.0,[]
TCGA-BP-4977,TCGA-CJ-4904,1,1,0,0.0,[]
TCGA-BP-4977,TCGA-CJ-4923,1,1,0,0.0,[]
TCGA-BP-4977,TCGA-CJ-6027,1,1,0,0.0,[]
TCGA-BP-4977,TCGA-CJ-6028,1,1,0,0.0,[]
TCGA-BP-4977,TCGA-CJ-6030,1,1,0,0.0,[]
TCGA-BP-4977,TCGA-CJ-6033,1,1,0,0.0,[]
TCGA-BP-4977,TCGA-CZ-4859,1,1,0,0.0,[]
TCGA-BP-4977,TCGA-CZ-4863,1,0,0,0.0,[]
TCGA-BP-4977,TCGA-CZ-4865,1,0,0,0.0,[]
TCGA-BP-4977,TCGA-CZ-5451,1,1,0,0.0,[]
TCGA-BP-4977,TCGA-CZ-5462,1,0,0,0.0,[]
TCGA-BP-4977,TCGA-CZ-5468,1,0,0,0.0,[]
TCGA-BP-4977,TCGA-CZ-5984,1,1,1,1.0,"[""K4_repeat2_K4_C0004""]"
TCGA-BP-4977,TCGA-CZ-5985,1,1,0,0.0,[]
TCGA-BP-4977,TCGA-CZ-5988,1,0,0,0.0,[]
TCGA-BP-4977,TCGA-G6-A5PC,1,1,0,0.0,[]
TCGA-BP-4977,TCGA-G6-A8L7,1,1,0,0.0,[]
TCGA-BP-4982,TCGA-BP-4986,1,1,0,0.0,[]
TCGA-BP-4982,TCGA-BP-4988,1,1,1,1.0,"[""K4_repeat2_K4_C0001""]"
TCGA-BP-4982,TCGA-BP-4989,1,1,1,1.0,"[""K4_repeat2_K4_C0001""]"
TCGA-BP-4982,TCGA-BP-4992,1,1,0,0.0,[]
TCGA-BP-4982,TCGA-BP-4994,1,0,0,0.0,[]
TCGA-BP-4982,TCGA-BP-4995,1,1,1,1.0,"[""K4_repeat2_K4_C0001""]"
TCGA-BP-4982,TCGA-BP-4999,1,1,1,1.0,"[""K4_repeat2_K4_C0001""]"
TCGA-BP-4982,TCGA-BP-5000,1,0,0,0.0,[]
TCGA-BP-4982,TCGA-BP-5001,1,1,1,1.0,"[""K4_repeat2_K4_C0001""]"
TCGA-BP-4982,TCGA-BP-5004,1,1,1,1.0,"[""K4_repeat2_K4_C0001""]"
TCGA-BP-4982,TCGA-BP-5006,1,1,1,1.0,"[""K4_repeat2_K4_C0001""]"
TCGA-BP-4982,TCGA-BP-5007,1,1,1,1.0,"[""K4_repeat2_K4_C0001""]"
TCGA-BP-4982,TCGA-BP-5009,1,1,1,1.0,"[""K4_repeat2_K4_C0001""]"
TCGA-BP-4982,TCGA-BP-5010,1,1,0,0.0,[]
TCGA-BP-4982,TCGA-BP-5174,1,1,0,0.0,[]
TCGA-BP-4982,TCGA-BP-5175,1,1,0,0.0,[]
TCGA-BP-4982,TCGA-BP-5180,1,1,1,1.0,"[""K4_repeat2_K4_C0001""]"
TCGA-BP-4982,TCGA-BP-5181,1,1,1,1.0,"[""K4_repeat2_K4_C0001""]"
TCGA-BP-4982,TCGA-BP-5183,1,1,1,1.0,"[""K4_repeat2_K4_C0001""]"
TCGA-BP-4982,TCGA-BP-5184,1,1,1,1.0,"[""K4_repeat2_K4_C0001""]"
TCGA-BP-4982,TCGA-BP-5186,1,1,1,1.0,"[""K4_repeat2_K4_C0001""]"
TCGA-BP-4982,TCGA-BP-5187,1,1,1,1.0,"[""K4_repeat2_K4_C0001""]"
TCGA-BP-4982,TCGA-BP-5189,1,1,1,1.0,"[""K4_repeat2_K4_C0001""]"
TCGA-BP-4982,TCGA-BP-5190,1,0,0,0.0,[]
TCGA-BP-4982,TCGA-BP-5191,1,0,0,0.0,[]
TCGA-BP-4982,TCGA-BP-5192,1,1,0,0.0,[]
TCGA-BP-4982,TCGA-BP-5194,1,1,1,1.0,"[""K4_repeat2_K4_C0001""]"
TCGA-BP-4982,TCGA-BP-5195,1,1,1,1.0,"[""K4_repeat2_K4_C0001""]"
TCGA-BP-4982,TCGA-BP-5196,1,1,0,0.0,[]
TCGA-BP-4982,TCGA-BP-5199,1,1,0,0.0,[]
TCGA-BP-4982,TCGA-BP-5200,1,1,1,1.0,"[""K4_repeat2_K4_C0001""]"
TCGA-BP-4982,TCGA-CJ-4637,1,1,0,0.0,[]
TCGA-BP-4982,TCGA-CJ-4641,1,1,0,0.0,[]
TCGA-BP-4982,TCGA-CJ-4900,1,1,0,0.0,[]
TCGA-BP-4982,TCGA-CJ-4902,1,1,0,0.0,[]
TCGA-BP-4982,TCGA-CJ-4903,1,1,1,1.0,"[""K4_repeat2_K4_C0001""]"
TCGA-BP-4982,TCGA-CJ-4904,1,1,1,1.0,"[""K4_repeat2_K4_C0001""]"
TCGA-BP-4982,TCGA-CJ-4923,1,1,0,0.0,[]
TCGA-BP-4982,TCGA-CJ-6027,1,1,0,0.0,[]
TCGA-BP-4982,TCGA-CJ-6028,1,1,0,0.0,[]
TCGA-BP-4982,TCGA-CJ-6030,1,1,0,0.0,[]
TCGA-BP-4982,TCGA-CJ-6033,1,1,1,1.0,"[""K4_repeat2_K4_C0001""]"
TCGA-BP-4982,TCGA-CZ-4859,1,1,1,1.0,"[""K4_repeat2_K4_C0001""]"
TCGA-BP-4982,TCGA-CZ-4863,1,0,0,0.0,[]
TCGA-BP-4982,TCGA-CZ-4865,1,0,0,0.0,[]
TCGA-BP-4982,TCGA-CZ-5451,1,1,1,1.0,"[""K4_repeat2_K4_C0001""]"
TCGA-BP-4982,TCGA-CZ-5462,1,0,0,0.0,[]
TCGA-BP-4982,TCGA-CZ-5468,1,0,0,0.0,[]
TCGA-BP-4982,TCGA-CZ-5984,1,1,0,0.0,[]
TCGA-BP-4982,TCGA-CZ-5985,1,1,0,0.0,[]
TCGA-BP-4982,TCGA-CZ-5988,1,0,0,0.0,[]
TCGA-BP-4982,TCGA-G6-A5PC,1,1,0,0.0,[]
TCGA-BP-4982,TCGA-G6-A8L7,1,1,1,1.0,"[""K4_repeat2_K4_C0001""]"
TCGA-BP-4986,TCGA-BP-4988,1,1,0,0.0,[]
TCGA-BP-4986,TCGA-BP-4989,1,1,0,0.0,[]
TCGA-BP-4986,TCGA-BP-4992,1,1,0,0.0,[]
TCGA-BP-4986,TCGA-BP-4994,1,0,0,0.0,[]
TCGA-BP-4986,TCGA-BP-4995,1,1,0,0.0,[]
TCGA-BP-4986,TCGA-BP-4999,1,1,0,0.0,[]
TCGA-BP-4986,TCGA-BP-5000,1,0,0,0.0,[]
TCGA-BP-4986,TCGA-BP-5001,1,1,0,0.0,[]
TCGA-BP-4986,TCGA-BP-5004,1,1,0,0.0,[]
TCGA-BP-4986,TCGA-BP-5006,1,1,0,0.0,[]
TCGA-BP-4986,TCGA-BP-5007,1,1,0,0.0,[]
TCGA-BP-4986,TCGA-BP-5009,1,1,0,0.0,[]
TCGA-BP-4986,TCGA-BP-5010,1,1,0,0.0,[]
TCGA-BP-4986,TCGA-BP-5174,1,1,1,1.0,"[""K4_repeat2_K4_C0004""]"
TCGA-BP-4986,TCGA-BP-5175,1,1,0,0.0,[]
TCGA-BP-4986,TCGA-BP-5180,1,1,0,0.0,[]
TCGA-BP-4986,TCGA-BP-5181,1,1,0,0.0,[]
TCGA-BP-4986,TCGA-BP-5183,1,1,0,0.0,[]
TCGA-BP-4986,TCGA-BP-5184,1,1,0,0.0,[]
TCGA-BP-4986,TCGA-BP-5186,1,1,0,0.0,[]
TCGA-BP-4986,TCGA-BP-5187,1,1,0,0.0,[]
TCGA-BP-4986,TCGA-BP-5189,1,1,0,0.0,[]
TCGA-BP-4986,TCGA-BP-5190,1,0,0,0.0,[]
TCGA-BP-4986,TCGA-BP-5191,1,0,0,0.0,[]
TCGA-BP-4986,TCGA-BP-5192,1,1,1,1.0,"[""K4_repeat2_K4_C0004""]"
TCGA-BP-4986,TCGA-BP-5194,1,1,0,0.0,[]
TCGA-BP-4986,TCGA-BP-5195,1,1,0,0.0,[]
TCGA-BP-4986,TCGA-BP-5196,1,1,1,1.0,"[""K4_repeat2_K4_C0004""]"
TCGA-BP-4986,TCGA-BP-5199,1,1,1,1.0,"[""K4_repeat2_K4_C0004""]"
TCGA-BP-4986,TCGA-BP-5200,1,1,0,0.0,[]
TCGA-BP-4986,TCGA-CJ-4637,1,1,0,0.0,[]
TCGA-BP-4986,TCGA-CJ-4641,1,1,0,0.0,[]
TCGA-BP-4986,TCGA-CJ-4900,1,1,0,0.0,[]
TCGA-BP-4986,TCGA-CJ-4902,1,1,0,0.0,[]
TCGA-BP-4986,TCGA-CJ-4903,1,1,0,0.0,[]
TCGA-BP-4986,TCGA-CJ-4904,1,1,0,0.0,[]
TCGA-BP-4986,TCGA-CJ-4923,1,1,0,0.0,[]
TCGA-BP-4986,TCGA-CJ-6027,1,1,0,0.0,[]
TCGA-BP-4986,TCGA-CJ-6028,1,1,0,0.0,[]
TCGA-BP-4986,TCGA-CJ-6030,1,1,0,0.0,[]
TCGA-BP-4986,TCGA-CJ-6033,1,1,0,0.0,[]
TCGA-BP-4986,TCGA-CZ-4859,1,1,0,0.0,[]
TCGA-BP-4986,TCGA-CZ-4863,1,0,0,0.0,[]
TCGA-BP-4986,TCGA-CZ-4865,1,0,0,0.0,[]
TCGA-BP-4986,TCGA-CZ-5451,1,1,0,0.0,[]
TCGA-BP-4986,TCGA-CZ-5462,1,0,0,0.0,[]
TCGA-BP-4986,TCGA-CZ-5468,1,0,0,0.0,[]
TCGA-BP-4986,TCGA-CZ-5984,1,1,1,1.0,"[""K4_repeat2_K4_C0004""]"
TCGA-BP-4986,TCGA-CZ-5985,1,1,0,0.0,[]
TCGA-BP-4986,TCGA-CZ-5988,1,0,0,0.0,[]
TCGA-BP-4986,TCGA-G6-A5PC,1,1,0,0.0,[]
TCGA-BP-4986,TCGA-G6-A8L7,1,1,0,0.0,[]
TCGA-BP-4988,TCGA-BP-4989,1,1,1,1.0,"[""K4_repeat2_K4_C0001""]"
TCGA-BP-4988,TCGA-BP-4992,1,1,0,0.0,[]
TCGA-BP-4988,TCGA-BP-4994,1,0,0,0.0,[]
TCGA-BP-4988,TCGA-BP-4995,1,1,1,1.0,"[""K4_repeat2_K4_C0001""]"
TCGA-BP-4988,TCGA-BP-4999,1,1,1,1.0,"[""K4_repeat2_K4_C0001""]"
TCGA-BP-4988,TCGA-BP-5000,1,0,0,0.0,[]
TCGA-BP-4988,TCGA-BP-5001,1,1,1,1.0,"[""K4_repeat2_K4_C0001""]"
TCGA-BP-4988,TCGA-BP-5004,1,1,1,1.0,"[""K4_repeat2_K4_C0001""]"
TCGA-BP-4988,TCGA-BP-5006,1,1,1,1.0,"[""K4_repeat2_K4_C0001""]"
TCGA-BP-4988,TCGA-BP-5007,1,1,1,1.0,"[""K4_repeat2_K4_C0001""]"
TCGA-BP-4988,TCGA-BP-5009,1,1,1,1.0,"[""K4_repeat2_K4_C0001""]"
TCGA-BP-4988,TCGA-BP-5010,1,1,0,0.0,[]
TCGA-BP-4988,TCGA-BP-5174,1,1,0,0.0,[]
TCGA-BP-4988,TCGA-BP-5175,1,1,0,0.0,[]
TCGA-BP-4988,TCGA-BP-5180,1,1,1,1.0,"[""K4_repeat2_K4_C0001""]"
TCGA-BP-4988,TCGA-BP-5181,1,1,1,1.0,"[""K4_repeat2_K4_C0001""]"
TCGA-BP-4988,TCGA-BP-5183,1,1,1,1.0,"[""K4_repeat2_K4_C0001""]"
TCGA-BP-4988,TCGA-BP-5184,1,1,1,1.0,"[""K4_repeat2_K4_C0001""]"
TCGA-BP-4988,TCGA-BP-5186,1,1,1,1.0,"[""K4_repeat2_K4_C0001""]"
TCGA-BP-4988,TCGA-BP-5187,1,1,1,1.0,"[""K4_repeat2_K4_C0001""]"
TCGA-BP-4988,TCGA-BP-5189,1,1,1,1.0,"[""K4_repeat2_K4_C0001""]"
TCGA-BP-4988,TCGA-BP-5190,1,0,0,0.0,[]
TCGA-BP-4988,TCGA-BP-5191,1,0,0,0.0,[]
TCGA-BP-4988,TCGA-BP-5192,1,1,0,0.0,[]
TCGA-BP-4988,TCGA-BP-5194,1,1,1,1.0,"[""K4_repeat2_K4_C0001""]"
TCGA-BP-4988,TCGA-BP-5195,1,1,1,1.0,"[""K4_repeat2_K4_C0001""]"
TCGA-BP-4988,TCGA-BP-5196,1,1,0,0.0,[]
TCGA-BP-4988,TCGA-BP-5199,1,1,0,0.0,[]
TCGA-BP-4988,TCGA-BP-5200,1,1,1,1.0,"[""K4_repeat2_K4_C0001""]"
TCGA-BP-4988,TCGA-CJ-4637,1,1,0,0.0,[]
TCGA-BP-4988,TCGA-CJ-4641,1,1,0,0.0,[]
TCGA-BP-4988,TCGA-CJ-4900,1,1,0,0.0,[]
TCGA-BP-4988,TCGA-CJ-4902,1,1,0,0.0,[]
TCGA-BP-4988,TCGA-CJ-4903,1,1,1,1.0,"[""K4_repeat2_K4_C0001""]"
TCGA-BP-4988,TCGA-CJ-4904,1,1,1,1.0,"[""K4_repeat2_K4_C0001""]"
TCGA-BP-4988,TCGA-CJ-4923,1,1,0,0.0,[]
TCGA-BP-4988,TCGA-CJ-6027,1,1,0,0.0,[]
TCGA-BP-4988,TCGA-CJ-6028,1,1,0,0.0,[]
TCGA-BP-4988,TCGA-CJ-6030,1,1,0,0.0,[]
TCGA-BP-4988,TCGA-CJ-6033,1,1,1,1.0,"[""K4_repeat2_K4_C0001""]"
TCGA-BP-4988,TCGA-CZ-4859,1,1,1,1.0,"[""K4_repeat2_K4_C0001""]"
TCGA-BP-4988,TCGA-CZ-4863,1,0,0,0.0,[]
TCGA-BP-4988,TCGA-CZ-4865,1,0,0,0.0,[]
TCGA-BP-4988,TCGA-CZ-5451,1,1,1,1.0,"[""K4_repeat2_K4_C0001""]"
TCGA-BP-4988,TCGA-CZ-5462,1,0,0,0.0,[]
TCGA-BP-4988,TCGA-CZ-5468,1,0,0,0.0,[]
TCGA-BP-4988,TCGA-CZ-5984,1,1,0,0.0,[]
TCGA-BP-4988,TCGA-CZ-5985,1,1,0,0.0,[]
TCGA-BP-4988,TCGA-CZ-5988,1,0,0,0.0,[]
TCGA-BP-4988,TCGA-G6-A5PC,1,1,0,0.0,[]
TCGA-BP-4988,TCGA-G6-A8L7,1,1,1,1.0,"[""K4_repeat2_K4_C0001""]"
TCGA-BP-4989,TCGA-BP-4992,1,1,0,0.0,[]
TCGA-BP-4989,TCGA-BP-4994,1,0,0,0.0,[]
TCGA-BP-4989,TCGA-BP-4995,1,1,1,1.0,"[""K4_repeat2_K4_C0001""]"
TCGA-BP-4989,TCGA-BP-4999,1,1,1,1.0,"[""K4_repeat2_K4_C0001""]"
TCGA-BP-4989,TCGA-BP-5000,1,0,0,0.0,[]
TCGA-BP-4989,TCGA-BP-5001,1,1,1,1.0,"[""K4_repeat2_K4_C0001""]"
TCGA-BP-4989,TCGA-BP-5004,1,1,1,1.0,"[""K4_repeat2_K4_C0001""]"
TCGA-BP-4989,TCGA-BP-5006,1,1,1,1.0,"[""K4_repeat2_K4_C0001""]"
TCGA-BP-4989,TCGA-BP-5007,1,1,1,1.0,"[""K4_repeat2_K4_C0001""]"
TCGA-BP-4989,TCGA-BP-5009,1,1,1,1.0,"[""K4_repeat2_K4_C0001""]"
TCGA-BP-4989,TCGA-BP-5010,1,1,0,0.0,[]
TCGA-BP-4989,TCGA-BP-5174,1,1,0,0.0,[]
TCGA-BP-4989,TCGA-BP-5175,1,1,0,0.0,[]
TCGA-BP-4989,TCGA-BP-5180,1,1,1,1.0,"[""K4_repeat2_K4_C0001""]"
TCGA-BP-4989,TCGA-BP-5181,1,1,1,1.0,"[""K4_repeat2_K4_C0001""]"
TCGA-BP-4989,TCGA-BP-5183,1,1,1,1.0,"[""K4_repeat2_K4_C0001""]"
TCGA-BP-4989,TCGA-BP-5184,1,1,1,1.0,"[""K4_repeat2_K4_C0001""]"
TCGA-BP-4989,TCGA-BP-5186,1,1,1,1.0,"[""K4_repeat2_K4_C0001""]"
TCGA-BP-4989,TCGA-BP-5187,1,1,1,1.0,"[""K4_repeat2_K4_C0001""]"
TCGA-BP-4989,TCGA-BP-5189,1,1,1,1.0,"[""K4_repeat2_K4_C0001""]"
TCGA-BP-4989,TCGA-BP-5190,1,0,0,0.0,[]
TCGA-BP-4989,TCGA-BP-5191,1,0,0,0.0,[]
TCGA-BP-4989,TCGA-BP-5192,1,1,0,0.0,[]
TCGA-BP-4989,TCGA-BP-5194,1,1,1,1.0,"[""K4_repeat2_K4_C0001""]"
TCGA-BP-4989,TCGA-BP-5195,1,1,1,1.0,"[""K4_repeat2_K4_C0001""]"
TCGA-BP-4989,TCGA-BP-5196,1,1,0,0.0,[]
TCGA-BP-4989,TCGA-BP-5199,1,1,0,0.0,[]
TCGA-BP-4989,TCGA-BP-5200,1,1,1,1.0,"[""K4_repeat2_K4_C0001""]"
TCGA-BP-4989,TCGA-CJ-4637,1,1,0,0.0,[]
TCGA-BP-4989,TCGA-CJ-4641,1,1,0,0.0,[]
TCGA-BP-4989,TCGA-CJ-4900,1,1,0,0.0,[]
TCGA-BP-4989,TCGA-CJ-4902,1,1,0,0.0,[]
TCGA-BP-4989,TCGA-CJ-4903,1,1,1,1.0,"[""K4_repeat2_K4_C0001""]"
TCGA-BP-4989,TCGA-CJ-4904,1,1,1,1.0,"[""K4_repeat2_K4_C0001""]"
TCGA-BP-4989,TCGA-CJ-4923,1,1,0,0.0,[]
TCGA-BP-4989,TCGA-CJ-6027,1,1,0,0.0,[]
TCGA-BP-4989,TCGA-CJ-6028,1,1,0,0.0,[]
TCGA-BP-4989,TCGA-CJ-6030,1,1,0,0.0,[]
TCGA-BP-4989,TCGA-CJ-6033,1,1,1,1.0,"[""K4_repeat2_K4_C0001""]"
TCGA-BP-4989,TCGA-CZ-4859,1,1,1,1.0,"[""K4_repeat2_K4_C0001""]"
TCGA-BP-4989,TCGA-CZ-4863,1,0,0,0.0,[]
TCGA-BP-4989,TCGA-CZ-4865,1,0,0,0.0,[]
TCGA-BP-4989,TCGA-CZ-5451,1,1,1,1.0,"[""K4_repeat2_K4_C0001""]"
TCGA-BP-4989,TCGA-CZ-5462,1,0,0,0.0,[]
TCGA-BP-4989,TCGA-CZ-5468,1,0,0,0.0,[]
TCGA-BP-4989,TCGA-CZ-5984,1,1,0,0.0,[]
TCGA-BP-4989,TCGA-CZ-5985,1,1,0,0.0,[]
TCGA-BP-4989,TCGA-CZ-5988,1,0,0,0.0,[]
TCGA-BP-4989,TCGA-G6-A5PC,1,1,0,0.0,[]
TCGA-BP-4989,TCGA-G6-A8L7,1,1,1,1.0,"[""K4_repeat2_K4_C0001""]"
TCGA-BP-4992,TCGA-BP-4994,1,0,0,0.0,[]
TCGA-BP-4992,TCGA-BP-4995,1,1,0,0.0,[]
TCGA-BP-4992,TCGA-BP-4999,1,1,0,0.0,[]
TCGA-BP-4992,TCGA-BP-5000,1,0,0,0.0,[]
TCGA-BP-4992,TCGA-BP-5001,1,1,0,0.0,[]
TCGA-BP-4992,TCGA-BP-5004,1,1,0,0.0,[]
TCGA-BP-4992,TCGA-BP-5006,1,1,0,0.0,[]
TCGA-BP-4992,TCGA-BP-5007,1,1,0,0.0,[]
TCGA-BP-4992,TCGA-BP-5009,1,1,0,0.0,[]
TCGA-BP-4992,TCGA-BP-5010,1,1,1,1.0,"[""K4_repeat2_K4_C0003""]"
TCGA-BP-4992,TCGA-BP-5174,1,1,0,0.0,[]
TCGA-BP-4992,TCGA-BP-5175,1,1,1,1.0,"[""K4_repeat2_K4_C0003""]"
TCGA-BP-4992,TCGA-BP-5180,1,1,0,0.0,[]
TCGA-BP-4992,TCGA-BP-5181,1,1,0,0.0,[]
TCGA-BP-4992,TCGA-BP-5183,1,1,0,0.0,[]
TCGA-BP-4992,TCGA-BP-5184,1,1,0,0.0,[]
TCGA-BP-4992,TCGA-BP-5186,1,1,0,0.0,[]
TCGA-BP-4992,TCGA-BP-5187,1,1,0,0.0,[]
TCGA-BP-4992,TCGA-BP-5189,1,1,0,0.0,[]
TCGA-BP-4992,TCGA-BP-5190,1,0,0,0.0,[]
TCGA-BP-4992,TCGA-BP-5191,1,0,0,0.0,[]
TCGA-BP-4992,TCGA-BP-5192,1,1,0,0.0,[]
TCGA-BP-4992,TCGA-BP-5194,1,1,0,0.0,[]
TCGA-BP-4992,TCGA-BP-5195,1,1,0,0.0,[]
TCGA-BP-4992,TCGA-BP-5196,1,1,0,0.0,[]
TCGA-BP-4992,TCGA-BP-5199,1,1,0,0.0,[]
TCGA-BP-4992,TCGA-BP-5200,1,1,0,0.0,[]
TCGA-BP-4992,TCGA-CJ-4637,1,1,1,1.0,"[""K4_repeat2_K4_C0003""]"
TCGA-BP-4992,TCGA-CJ-4641,1,1,1,1.0,"[""K4_repeat2_K4_C0003""]"
TCGA-BP-4992,TCGA-CJ-4900,1,1,1,1.0,"[""K4_repeat2_K4_C0003""]"
TCGA-BP-4992,TCGA-CJ-4902,1,1,1,1.0,"[""K4_repeat2_K4_C0003""]"
TCGA-BP-4992,TCGA-CJ-4903,1,1,0,0.0,[]
TCGA-BP-4992,TCGA-CJ-4904,1,1,0,0.0,[]
TCGA-BP-4992,TCGA-CJ-4923,1,1,1,1.0,"[""K4_repeat2_K4_C0003""]"
TCGA-BP-4992,TCGA-CJ-6027,1,1,1,1.0,"[""K4_repeat2_K4_C0003""]"
TCGA-BP-4992,TCGA-CJ-6028,1,1,1,1.0,"[""K4_repeat2_K4_C0003""]"
TCGA-BP-4992,TCGA-CJ-6030,1,1,1,1.0,"[""K4_repeat2_K4_C0003""]"
TCGA-BP-4992,TCGA-CJ-6033,1,1,0,0.0,[]
TCGA-BP-4992,TCGA-CZ-4859,1,1,0,0.0,[]
TCGA-BP-4992,TCGA-CZ-4863,1,0,0,0.0,[]
TCGA-BP-4992,TCGA-CZ-4865,1,0,0,0.0,[]
TCGA-BP-4992,TCGA-CZ-5451,1,1,0,0.0,[]
TCGA-BP-4992,TCGA-CZ-5462,1,0,0,0.0,[]
TCGA-BP-4992,TCGA-CZ-5468,1,0,0,0.0,[]
TCGA-BP-4992,TCGA-CZ-5984,1,1,0,0.0,[]
TCGA-BP-4992,TCGA-CZ-5985,1,1,1,1.0,"[""K4_repeat2_K4_C0003""]"
TCGA-BP-4992,TCGA-CZ-5988,1,0,0,0.0,[]
TCGA-BP-4992,TCGA-G6-A5PC,1,1,1,1.0,"[""K4_repeat2_K4_C0003""]"
TCGA-BP-4992,TCGA-G6-A8L7,1,1,0,0.0,[]
TCGA-BP-4994,TCGA-BP-4995,0,1,0,0.0,[]
TCGA-BP-4994,TCGA-BP-4999,0,1,0,0.0,[]
TCGA-BP-4994,TCGA-BP-5000,0,0,0,0.0,[]
TCGA-BP-4994,TCGA-BP-5001,0,1,0,0.0,[]
TCGA-BP-4994,TCGA-BP-5004,0,1,0,0.0,[]
TCGA-BP-4994,TCGA-BP-5006,0,1,0,0.0,[]
TCGA-BP-4994,TCGA-BP-5007,0,1,0,0.0,[]
TCGA-BP-4994,TCGA-BP-5009,0,1,0,0.0,[]
TCGA-BP-4994,TCGA-BP-5010,0,1,0,0.0,[]
TCGA-BP-4994,TCGA-BP-5174,0,1,0,0.0,[]
TCGA-BP-4994,TCGA-BP-5175,0,1,0,0.0,[]
TCGA-BP-4994,TCGA-BP-5180,0,1,0,0.0,[]
TCGA-BP-4994,TCGA-BP-5181,0,1,0,0.0,[]
TCGA-BP-4994,TCGA-BP-5183,0,1,0,0.0,[]
TCGA-BP-4994,TCGA-BP-5184,0,1,0,0.0,[]
TCGA-BP-4994,TCGA-BP-5186,0,1,0,0.0,[]
TCGA-BP-4994,TCGA-BP-5187,0,1,0,0.0,[]
TCGA-BP-4994,TCGA-BP-5189,0,1,0,0.0,[]
TCGA-BP-4994,TCGA-BP-5190,0,0,0,0.0,[]
TCGA-BP-4994,TCGA-BP-5191,0,0,0,0.0,[]
TCGA-BP-4994,TCGA-BP-5192,0,1,0,0.0,[]
TCGA-BP-4994,TCGA-BP-5194,0,1,0,0.0,[]
TCGA-BP-4994,TCGA-BP-5195,0,1,0,0.0,[]
TCGA-BP-4994,TCGA-BP-5196,0,1,0,0.0,[]
TCGA-BP-4994,TCGA-BP-5199,0,1,0,0.0,[]
TCGA-BP-4994,TCGA-BP-5200,0,1,0,0.0,[]
TCGA-BP-4994,TCGA-CJ-4637,0,1,0,0.0,[]
TCGA-BP-4994,TCGA-CJ-4641,0,1,0,0.0,[]
TCGA-BP-4994,TCGA-CJ-4900,0,1,0,0.0,[]
TCGA-BP-4994,TCGA-CJ-4902,0,1,0,0.0,[]
TCGA-BP-4994,TCGA-CJ-4903,0,1,0,0.0,[]
TCGA-BP-4994,TCGA-CJ-4904,0,1,0,0.0,[]
TCGA-BP-4994,TCGA-CJ-4923,0,1,0,0.0,[]
TCGA-BP-4994,TCGA-CJ-6027,0,1,0,0.0,[]
TCGA-BP-4994,TCGA-CJ-6028,0,1,0,0.0,[]
TCGA-BP-4994,TCGA-CJ-6030,0,1,0,0.0,[]
TCGA-BP-4994,TCGA-CJ-6033,0,1,0,0.0,[]
TCGA-BP-4994,TCGA-CZ-4859,0,1,0,0.0,[]
TCGA-BP-4994,TCGA-CZ-4863,0,0,0,0.0,[]
TCGA-BP-4994,TCGA-CZ-4865,0,0,0,0.0,[]
TCGA-BP-4994,TCGA-CZ-5451,0,1,0,0.0,[]
TCGA-BP-4994,TCGA-CZ-5462,0,0,0,0.0,[]
TCGA-BP-4994,TCGA-CZ-5468,0,0,0,0.0,[]
TCGA-BP-4994,TCGA-CZ-5984,0,1,0,0.0,[]
TCGA-BP-4994,TCGA-CZ-5985,0,1,0,0.0,[]
TCGA-BP-4994,TCGA-CZ-5988,0,0,0,0.0,[]
TCGA-BP-4994,TCGA-G6-A5PC,0,1,0,0.0,[]
TCGA-BP-4994,TCGA-G6-A8L7,0,1,0,0.0,[]
TCGA-BP-4995,TCGA-BP-4999,1,1,1,1.0,"[""K4_repeat2_K4_C0001""]"
TCGA-BP-4995,TCGA-BP-5000,1,0,0,0.0,[]
TCGA-BP-4995,TCGA-BP-5001,1,1,1,1.0,"[""K4_repeat2_K4_C0001""]"
TCGA-BP-4995,TCGA-BP-5004,1,1,1,1.0,"[""K4_repeat2_K4_C0001""]"
TCGA-BP-4995,TCGA-BP-5006,1,1,1,1.0,"[""K4_repeat2_K4_C0001""]"
TCGA-BP-4995,TCGA-BP-5007,1,1,1,1.0,"[""K4_repeat2_K4_C0001""]"
TCGA-BP-4995,TCGA-BP-5009,1,1,1,1.0,"[""K4_repeat2_K4_C0001""]"
TCGA-BP-4995,TCGA-BP-5010,1,1,0,0.0,[]
TCGA-BP-4995,TCGA-BP-5174,1,1,0,0.0,[]
TCGA-BP-4995,TCGA-BP-5175,1,1,0,0.0,[]
TCGA-BP-4995,TCGA-BP-5180,1,1,1,1.0,"[""K4_repeat2_K4_C0001""]"
TCGA-BP-4995,TCGA-BP-5181,1,1,1,1.0,"[""K4_repeat2_K4_C0001""]"
TCGA-BP-4995,TCGA-BP-5183,1,1,1,1.0,"[""K4_repeat2_K4_C0001""]"
TCGA-BP-4995,TCGA-BP-5184,1,1,1,1.0,"[""K4_repeat2_K4_C0001""]"
TCGA-BP-4995,TCGA-BP-5186,1,1,1,1.0,"[""K4_repeat2_K4_C0001""]"
TCGA-BP-4995,TCGA-BP-5187,1,1,1,1.0,"[""K4_repeat2_K4_C0001""]"
TCGA-BP-4995,TCGA-BP-5189,1,1,1,1.0,"[""K4_repeat2_K4_C0001""]"
TCGA-BP-4995,TCGA-BP-5190,1,0,0,0.0,[]
TCGA-BP-4995,TCGA-BP-5191,1,0,0,0.0,[]
TCGA-BP-4995,TCGA-BP-5192,1,1,0,0.0,[]
TCGA-BP-4995,TCGA-BP-5194,1,1,1,1.0,"[""K4_repeat2_K4_C0001""]"
TCGA-BP-4995,TCGA-BP-5195,1,1,1,1.0,"[""K4_repeat2_K4_C0001""]"
TCGA-BP-4995,TCGA-BP-5196,1,1,0,0.0,[]
TCGA-BP-4995,TCGA-BP-5199,1,1,0,0.0,[]
TCGA-BP-4995,TCGA-BP-5200,1,1,1,1.0,"[""K4_repeat2_K4_C0001""]"
TCGA-BP-4995,TCGA-CJ-4637,1,1,0,0.0,[]
TCGA-BP-4995,TCGA-CJ-4641,1,1,0,0.0,[]
TCGA-BP-4995,TCGA-CJ-4900,1,1,0,0.0,[]
TCGA-BP-4995,TCGA-CJ-4902,1,1,0,0.0,[]
TCGA-BP-4995,TCGA-CJ-4903,1,1,1,1.0,"[""K4_repeat2_K4_C0001""]"
TCGA-BP-4995,TCGA-CJ-4904,1,1,1,1.0,"[""K4_repeat2_K4_C0001""]"
TCGA-BP-4995,TCGA-CJ-4923,1,1,0,0.0,[]
TCGA-BP-4995,TCGA-CJ-6027,1,1,0,0.0,[]
TCGA-BP-4995,TCGA-CJ-6028,1,1,0,0.0,[]
TCGA-BP-4995,TCGA-CJ-6030,1,1,0,0.0,[]
TCGA-BP-4995,TCGA-CJ-6033,1,1,1,1.0,"[""K4_repeat2_K4_C0001""]"
TCGA-BP-4995,TCGA-CZ-4859,1,1,1,1.0,"[""K4_repeat2_K4_C0001""]"
TCGA-BP-4995,TCGA-CZ-4863,1,0,0,0.0,[]
TCGA-BP-4995,TCGA-CZ-4865,1,0,0,0.0,[]
TCGA-BP-4995,TCGA-CZ-5451,1,1,1,1.0,"[""K4_repeat2_K4_C0001""]"
TCGA-BP-4995,TCGA-CZ-5462,1,0,0,0.0,[]
TCGA-BP-4995,TCGA-CZ-5468,1,0,0,0.0,[]
TCGA-BP-4995,TCGA-CZ-5984,1,1,0,0.0,[]
TCGA-BP-4995,TCGA-CZ-5985,1,1,0,0.0,[]
TCGA-BP-4995,TCGA-CZ-5988,1,0,0,0.0,[]
TCGA-BP-4995,TCGA-G6-A5PC,1,1,0,0.0,[]
TCGA-BP-4995,TCGA-G6-A8L7,1,1,1,1.0,"[""K4_repeat2_K4_C0001""]"
TCGA-BP-4999,TCGA-BP-5000,1,0,0,0.0,[]
TCGA-BP-4999,TCGA-BP-5001,1,1,1,1.0,"[""K4_repeat2_K4_C0001""]"
TCGA-BP-4999,TCGA-BP-5004,1,1,1,1.0,"[""K4_repeat2_K4_C0001""]"
TCGA-BP-4999,TCGA-BP-5006,1,1,1,1.0,"[""K4_repeat2_K4_C0001""]"
TCGA-BP-4999,TCGA-BP-5007,1,1,1,1.0,"[""K4_repeat2_K4_C0001""]"
TCGA-BP-4999,TCGA-BP-5009,1,1,1,1.0,"[""K4_repeat2_K4_C0001""]"
TCGA-BP-4999,TCGA-BP-5010,1,1,0,0.0,[]
TCGA-BP-4999,TCGA-BP-5174,1,1,0,0.0,[]
TCGA-BP-4999,TCGA-BP-5175,1,1,0,0.0,[]
TCGA-BP-4999,TCGA-BP-5180,1,1,1,1.0,"[""K4_repeat2_K4_C0001""]"
TCGA-BP-4999,TCGA-BP-5181,1,1,1,1.0,"[""K4_repeat2_K4_C0001""]"
TCGA-BP-4999,TCGA-BP-5183,1,1,1,1.0,"[""K4_repeat2_K4_C0001""]"
TCGA-BP-4999,TCGA-BP-5184,1,1,1,1.0,"[""K4_repeat2_K4_C0001""]"
TCGA-BP-4999,TCGA-BP-5186,1,1,1,1.0,"[""K4_repeat2_K4_C0001""]"
TCGA-BP-4999,TCGA-BP-5187,1,1,1,1.0,"[""K4_repeat2_K4_C0001""]"
TCGA-BP-4999,TCGA-BP-5189,1,1,1,1.0,"[""K4_repeat2_K4_C0001""]"
TCGA-BP-4999,TCGA-BP-5190,1,0,0,0.0,[]
TCGA-BP-4999,TCGA-BP-5191,1,0,0,0.0,[]
TCGA-BP-4999,TCGA-BP-5192,1,1,0,0.0,[]
TCGA-BP-4999,TCGA-BP-5194,1,1,1,1.0,"[""K4_repeat2_K4_C0001""]"
TCGA-BP-4999,TCGA-BP-5195,1,1,1,1.0,"[""K4_repeat2_K4_C0001""]"
TCGA-BP-4999,TCGA-BP-5196,1,1,0,0.0,[]
TCGA-BP-4999,TCGA-BP-5199,1,1,0,0.0,[]
TCGA-BP-4999,TCGA-BP-5200,1,1,1,1.0,"[""K4_repeat2_K4_C0001""]"
TCGA-BP-4999,TCGA-CJ-4637,1,1,0,0.0,[]
TCGA-BP-4999,TCGA-CJ-4641,1,1,0,0.0,[]
TCGA-BP-4999,TCGA-CJ-4900,1,1,0,0.0,[]
TCGA-BP-4999,TCGA-CJ-4902,1,1,0,0.0,[]
TCGA-BP-4999,TCGA-CJ-4903,1,1,1,1.0,"[""K4_repeat2_K4_C0001""]"
TCGA-BP-4999,TCGA-CJ-4904,1,1,1,1.0,"[""K4_repeat2_K4_C0001""]"
TCGA-BP-4999,TCGA-CJ-4923,1,1,0,0.0,[]
TCGA-BP-4999,TCGA-CJ-6027,1,1,0,0.0,[]
TCGA-BP-4999,TCGA-CJ-6028,1,1,0,0.0,[]
TCGA-BP-4999,TCGA-CJ-6030,1,1,0,0.0,[]
TCGA-BP-4999,TCGA-CJ-6033,1,1,1,1.0,"[""K4_repeat2_K4_C0001""]"
TCGA-BP-4999,TCGA-CZ-4859,1,1,1,1.0,"[""K4_repeat2_K4_C0001""]"
TCGA-BP-4999,TCGA-CZ-4863,1,0,0,0.0,[]
TCGA-BP-4999,TCGA-CZ-4865,1,0,0,0.0,[]
TCGA-BP-4999,TCGA-CZ-5451,1,1,1,1.0,"[""K4_repeat2_K4_C0001""]"
TCGA-BP-4999,TCGA-CZ-5462,1,0,0,0.0,[]
TCGA-BP-4999,TCGA-CZ-5468,1,0,0,0.0,[]
TCGA-BP-4999,TCGA-CZ-5984,1,1,0,0.0,[]
TCGA-BP-4999,TCGA-CZ-5985,1,1,0,0.0,[]
TCGA-BP-4999,TCGA-CZ-5988,1,0,0,0.0,[]
TCGA-BP-4999,TCGA-G6-A5PC,1,1,0,0.0,[]
TCGA-BP-4999,TCGA-G6-A8L7,1,1,1,1.0,"[""K4_repeat2_K4_C0001""]"
TCGA-BP-5000,TCGA-BP-5001,0,1,0,0.0,[]
TCGA-BP-5000,TCGA-BP-5004,0,1,0,0.0,[]
TCGA-BP-5000,TCGA-BP-5006,0,1,0,0.0,[]
TCGA-BP-5000,TCGA-BP-5007,0,1,0,0.0,[]
TCGA-BP-5000,TCGA-BP-5009,0,1,0,0.0,[]
TCGA-BP-5000,TCGA-BP-5010,0,1,0,0.0,[]
TCGA-BP-5000,TCGA-BP-5174,0,1,0,0.0,[]
TCGA-BP-5000,TCGA-BP-5175,0,1,0,0.0,[]
TCGA-BP-5000,TCGA-BP-5180,0,1,0,0.0,[]
TCGA-BP-5000,TCGA-BP-5181,0,1,0,0.0,[]
TCGA-BP-5000,TCGA-BP-5183,0,1,0,0.0,[]
TCGA-BP-5000,TCGA-BP-5184,0,1,0,0.0,[]
TCGA-BP-5000,TCGA-BP-5186,0,1,0,0.0,[]
TCGA-BP-5000,TCGA-BP-5187,0,1,0,0.0,[]
TCGA-BP-5000,TCGA-BP-5189,0,1,0,0.0,[]
TCGA-BP-5000,TCGA-BP-5190,0,0,0,0.0,[]
TCGA-BP-5000,TCGA-BP-5191,0,0,0,0.0,[]
TCGA-BP-5000,TCGA-BP-5192,0,1,0,0.0,[]
TCGA-BP-5000,TCGA-BP-5194,0,1,0,0.0,[]
TCGA-BP-5000,TCGA-BP-5195,0,1,0,0.0,[]
TCGA-BP-5000,TCGA-BP-5196,0,1,0,0.0,[]
TCGA-BP-5000,TCGA-BP-5199,0,1,0,0.0,[]
TCGA-BP-5000,TCGA-BP-5200,0,1,0,0.0,[]
TCGA-BP-5000,TCGA-CJ-4637,0,1,0,0.0,[]
TCGA-BP-5000,TCGA-CJ-4641,0,1,0,0.0,[]
TCGA-BP-5000,TCGA-CJ-4900,0,1,0,0.0,[]
TCGA-BP-5000,TCGA-CJ-4902,0,1,0,0.0,[]
TCGA-BP-5000,TCGA-CJ-4903,0,1,0,0.0,[]
TCGA-BP-5000,TCGA-CJ-4904,0,1,0,0.0,[]
TCGA-BP-5000,TCGA-CJ-4923,0,1,0,0.0,[]
TCGA-BP-5000,TCGA-CJ-6027,0,1,0,0.0,[]
TCGA-BP-5000,TCGA-CJ-6028,0,1,0,0.0,[]
TCGA-BP-5000,TCGA-CJ-6030,0,1,0,0.0,[]
TCGA-BP-5000,TCGA-CJ-6033,0,1,0,0.0,[]
TCGA-BP-5000,TCGA-CZ-4859,0,1,0,0.0,[]
TCGA-BP-5000,TCGA-CZ-4863,0,0,0,0.0,[]
TCGA-BP-5000,TCGA-CZ-4865,0,0,0,0.0,[]
TCGA-BP-5000,TCGA-CZ-5451,0,1,0,0.0,[]
TCGA-BP-5000,TCGA-CZ-5462,0,0,0,0.0,[]
TCGA-BP-5000,TCGA-CZ-5468,0,0,0,0.0,[]
TCGA-BP-5000,TCGA-CZ-5984,0,1,0,0.0,[]
TCGA-BP-5000,TCGA-CZ-5985,0,1,0,0.0,[]
TCGA-BP-5000,TCGA-CZ-5988,0,0,0,0.0,[]
TCGA-BP-5000,TCGA-G6-A5PC,0,1,0,0.0,[]
TCGA-BP-5000,TCGA-G6-A8L7,0,1,0,0.0,[]
TCGA-BP-5001,TCGA-BP-5004,1,1,1,1.0,"[""K4_repeat2_K4_C0001""]"
TCGA-BP-5001,TCGA-BP-5006,1,1,1,1.0,"[""K4_repeat2_K4_C0001""]"
TCGA-BP-5001,TCGA-BP-5007,1,1,1,1.0,"[""K4_repeat2_K4_C0001""]"
TCGA-BP-5001,TCGA-BP-5009,1,1,1,1.0,"[""K4_repeat2_K4_C0001""]"
TCGA-BP-5001,TCGA-BP-5010,1,1,0,0.0,[]
TCGA-BP-5001,TCGA-BP-5174,1,1,0,0.0,[]
TCGA-BP-5001,TCGA-BP-5175,1,1,0,0.0,[]
TCGA-BP-5001,TCGA-BP-5180,1,1,1,1.0,"[""K4_repeat2_K4_C0001""]"
TCGA-BP-5001,TCGA-BP-5181,1,1,1,1.0,"[""K4_repeat2_K4_C0001""]"
TCGA-BP-5001,TCGA-BP-5183,1,1,1,1.0,"[""K4_repeat2_K4_C0001""]"
TCGA-BP-5001,TCGA-BP-5184,1,1,1,1.0,"[""K4_repeat2_K4_C0001""]"
TCGA-BP-5001,TCGA-BP-5186,1,1,1,1.0,"[""K4_repeat2_K4_C0001""]"
TCGA-BP-5001,TCGA-BP-5187,1,1,1,1.0,"[""K4_repeat2_K4_C0001""]"
TCGA-BP-5001,TCGA-BP-5189,1,1,1,1.0,"[""K4_repeat2_K4_C0001""]"
TCGA-BP-5001,TCGA-BP-5190,1,0,0,0.0,[]
TCGA-BP-5001,TCGA-BP-5191,1,0,0,0.0,[]
TCGA-BP-5001,TCGA-BP-5192,1,1,0,0.0,[]
TCGA-BP-5001,TCGA-BP-5194,1,1,1,1.0,"[""K4_repeat2_K4_C0001""]"
TCGA-BP-5001,TCGA-BP-5195,1,1,1,1.0,"[""K4_repeat2_K4_C0001""]"
TCGA-BP-5001,TCGA-BP-5196,1,1,0,0.0,[]
TCGA-BP-5001,TCGA-BP-5199,1,1,0,0.0,[]
TCGA-BP-5001,TCGA-BP-5200,1,1,1,1.0,"[""K4_repeat2_K4_C0001""]"
TCGA-BP-5001,TCGA-CJ-4637,1,1,0,0.0,[]
TCGA-BP-5001,TCGA-CJ-4641,1,1,0,0.0,[]
TCGA-BP-5001,TCGA-CJ-4900,1,1,0,0.0,[]
TCGA-BP-5001,TCGA-CJ-4902,1,1,0,0.0,[]
TCGA-BP-5001,TCGA-CJ-4903,1,1,1,1.0,"[""K4_repeat2_K4_C0001""]"
TCGA-BP-5001,TCGA-CJ-4904,1,1,1,1.0,"[""K4_repeat2_K4_C0001""]"
TCGA-BP-5001,TCGA-CJ-4923,1,1,0,0.0,[]
TCGA-BP-5001,TCGA-CJ-6027,1,1,0,0.0,[]
TCGA-BP-5001,TCGA-CJ-6028,1,1,0,0.0,[]
TCGA-BP-5001,TCGA-CJ-6030,1,1,0,0.0,[]
TCGA-BP-5001,TCGA-CJ-6033,1,1,1,1.0,"[""K4_repeat2_K4_C0001""]"
TCGA-BP-5001,TCGA-CZ-4859,1,1,1,1.0,"[""K4_repeat2_K4_C0001""]"
TCGA-BP-5001,TCGA-CZ-4863,1,0,0,0.0,[]
TCGA-BP-5001,TCGA-CZ-4865,1,0,0,0.0,[]
TCGA-BP-5001,TCGA-CZ-5451,1,1,1,1.0,"[""K4_repeat2_K4_C0001""]"
TCGA-BP-5001,TCGA-CZ-5462,1,0,0,0.0,[]
TCGA-BP-5001,TCGA-CZ-5468,1,0,0,0.0,[]
TCGA-BP-5001,TCGA-CZ-5984,1,1,0,0.0,[]
TCGA-BP-5001,TCGA-CZ-5985,1,1,0,0.0,[]
TCGA-BP-5001,TCGA-CZ-5988,1,0,0,0.0,[]
TCGA-BP-5001,TCGA-G6-A5PC,1,1,0,0.0,[]
TCGA-BP-5001,TCGA-G6-A8L7,1,1,1,1.0,"[""K4_repeat2_K4_C0001""]"
TCGA-BP-5004,TCGA-BP-5006,1,1,1,1.0,"[""K4_repeat2_K4_C0001""]"
TCGA-BP-5004,TCGA-BP-5007,1,1,1,1.0,"[""K4_repeat2_K4_C0001""]"
TCGA-BP-5004,TCGA-BP-5009,1,1,1,1.0,"[""K4_repeat2_K4_C0001""]"
TCGA-BP-5004,TCGA-BP-5010,1,1,0,0.0,[]
TCGA-BP-5004,TCGA-BP-5174,1,1,0,0.0,[]
TCGA-BP-5004,TCGA-BP-5175,1,1,0,0.0,[]
TCGA-BP-5004,TCGA-BP-5180,1,1,1,1.0,"[""K4_repeat2_K4_C0001""]"
TCGA-BP-5004,TCGA-BP-5181,1,1,1,1.0,"[""K4_repeat2_K4_C0001""]"
TCGA-BP-5004,TCGA-BP-5183,1,1,1,1.0,"[""K4_repeat2_K4_C0001""]"
TCGA-BP-5004,TCGA-BP-5184,1,1,1,1.0,"[""K4_repeat2_K4_C0001""]"
TCGA-BP-5004,TCGA-BP-5186,1,1,1,1.0,"[""K4_repeat2_K4_C0001""]"
TCGA-BP-5004,TCGA-BP-5187,1,1,1,1.0,"[""K4_repeat2_K4_C0001""]"
TCGA-BP-5004,TCGA-BP-5189,1,1,1,1.0,"[""K4_repeat2_K4_C0001""]"
TCGA-BP-5004,TCGA-BP-5190,1,0,0,0.0,[]
TCGA-BP-5004,TCGA-BP-5191,1,0,0,0.0,[]
TCGA-BP-5004,TCGA-BP-5192,1,1,0,0.0,[]
TCGA-BP-5004,TCGA-BP-5194,1,1,1,1.0,"[""K4_repeat2_K4_C0001""]"
TCGA-BP-5004,TCGA-BP-5195,1,1,1,1.0,"[""K4_repeat2_K4_C0001""]"
TCGA-BP-5004,TCGA-BP-5196,1,1,0,0.0,[]
TCGA-BP-5004,TCGA-BP-5199,1,1,0,0.0,[]
TCGA-BP-5004,TCGA-BP-5200,1,1,1,1.0,"[""K4_repeat2_K4_C0001""]"
TCGA-BP-5004,TCGA-CJ-4637,1,1,0,0.0,[]
TCGA-BP-5004,TCGA-CJ-4641,1,1,0,0.0,[]
TCGA-BP-5004,TCGA-CJ-4900,1,1,0,0.0,[]
TCGA-BP-5004,TCGA-CJ-4902,1,1,0,0.0,[]
TCGA-BP-5004,TCGA-CJ-4903,1,1,1,1.0,"[""K4_repeat2_K4_C0001""]"
TCGA-BP-5004,TCGA-CJ-4904,1,1,1,1.0,"[""K4_repeat2_K4_C0001""]"
TCGA-BP-5004,TCGA-CJ-4923,1,1,0,0.0,[]
TCGA-BP-5004,TCGA-CJ-6027,1,1,0,0.0,[]
TCGA-BP-5004,TCGA-CJ-6028,1,1,0,0.0,[]
TCGA-BP-5004,TCGA-CJ-6030,1,1,0,0.0,[]
TCGA-BP-5004,TCGA-CJ-6033,1,1,1,1.0,"[""K4_repeat2_K4_C0001""]"
TCGA-BP-5004,TCGA-CZ-4859,1,1,1,1.0,"[""K4_repeat2_K4_C0001""]"
TCGA-BP-5004,TCGA-CZ-4863,1,0,0,0.0,[]
TCGA-BP-5004,TCGA-CZ-4865,1,0,0,0.0,[]
TCGA-BP-5004,TCGA-CZ-5451,1,1,1,1.0,"[""K4_repeat2_K4_C0001""]"
TCGA-BP-5004,TCGA-CZ-5462,1,0,0,0.0,[]
TCGA-BP-5004,TCGA-CZ-5468,1,0,0,0.0,[]
TCGA-BP-5004,TCGA-CZ-5984,1,1,0,0.0,[]
TCGA-BP-5004,TCGA-CZ-5985,1,1,0,0.0,[]
TCGA-BP-5004,TCGA-CZ-5988,1,0,0,0.0,[]
TCGA-BP-5004,TCGA-G6-A5PC,1,1,0,0.0,[]
TCGA-BP-5004,TCGA-G6-A8L7,1,1,1,1.0,"[""K4_repeat2_K4_C0001""]"
TCGA-BP-5006,TCGA-BP-5007,1,1,1,1.0,"[""K4_repeat2_K4_C0001""]"
TCGA-BP-5006,TCGA-BP-5009,1,1,1,1.0,"[""K4_repeat2_K4_C0001""]"
TCGA-BP-5006,TCGA-BP-5010,1,1,0,0.0,[]
TCGA-BP-5006,TCGA-BP-5174,1,1,0,0.0,[]
TCGA-BP-5006,TCGA-BP-5175,1,1,0,0.0,[]
TCGA-BP-5006,TCGA-BP-5180,1,1,1,1.0,"[""K4_repeat2_K4_C0001""]"
TCGA-BP-5006,TCGA-BP-5181,1,1,1,1.0,"[""K4_repeat2_K4_C0001""]"
TCGA-BP-5006,TCGA-BP-5183,1,1,1,1.0,"[""K4_repeat2_K4_C0001""]"
TCGA-BP-5006,TCGA-BP-5184,1,1,1,1.0,"[""K4_repeat2_K4_C0001""]"
TCGA-BP-5006,TCGA-BP-5186,1,1,1,1.0,"[""K4_repeat2_K4_C0001""]"
TCGA-BP-5006,TCGA-BP-5187,1,1,1,1.0,"[""K4_repeat2_K4_C0001""]"
TCGA-BP-5006,TCGA-BP-5189,1,1,1,1.0,"[""K4_repeat2_K4_C0001""]"
TCGA-BP-5006,TCGA-BP-5190,1,0,0,0.0,[]
TCGA-BP-5006,TCGA-BP-5191,1,0,0,0.0,[]
TCGA-BP-5006,TCGA-BP-5192,1,1,0,0.0,[]
TCGA-BP-5006,TCGA-BP-5194,1,1,1,1.0,"[""K4_repeat2_K4_C0001""]"
TCGA-BP-5006,TCGA-BP-5195,1,1,1,1.0,"[""K4_repeat2_K4_C0001""]"
TCGA-BP-5006,TCGA-BP-5196,1,1,0,0.0,[]
TCGA-BP-5006,TCGA-BP-5199,1,1,0,0.0,[]
TCGA-BP-5006,TCGA-BP-5200,1,1,1,1.0,"[""K4_repeat2_K4_C0001""]"
TCGA-BP-5006,TCGA-CJ-4637,1,1,0,0.0,[]
TCGA-BP-5006,TCGA-CJ-4641,1,1,0,0.0,[]
TCGA-BP-5006,TCGA-CJ-4900,1,1,0,0.0,[]
TCGA-BP-5006,TCGA-CJ-4902,1,1,0,0.0,[]
TCGA-BP-5006,TCGA-CJ-4903,1,1,1,1.0,"[""K4_repeat2_K4_C0001""]"
TCGA-BP-5006,TCGA-CJ-4904,1,1,1,1.0,"[""K4_repeat2_K4_C0001""]"
TCGA-BP-5006,TCGA-CJ-4923,1,1,0,0.0,[]
TCGA-BP-5006,TCGA-CJ-6027,1,1,0,0.0,[]
TCGA-BP-5006,TCGA-CJ-6028,1,1,0,0.0,[]
TCGA-BP-5006,TCGA-CJ-6030,1,1,0,0.0,[]
TCGA-BP-5006,TCGA-CJ-6033,1,1,1,1.0,"[""K4_repeat2_K4_C0001""]"
TCGA-BP-5006,TCGA-CZ-4859,1,1,1,1.0,"[""K4_repeat2_K4_C0001""]"
TCGA-BP-5006,TCGA-CZ-4863,1,0,0,0.0,[]
TCGA-BP-5006,TCGA-CZ-4865,1,0,0,0.0,[]
TCGA-BP-5006,TCGA-CZ-5451,1,1,1,1.0,"[""K4_repeat2_K4_C0001""]"
TCGA-BP-5006,TCGA-CZ-5462,1,0,0,0.0,[]
TCGA-BP-5006,TCGA-CZ-5468,1,0,0,0.0,[]
TCGA-BP-5006,TCGA-CZ-5984,1,1,0,0.0,[]
TCGA-BP-5006,TCGA-CZ-5985,1,1,0,0.0,[]
TCGA-BP-5006,TCGA-CZ-5988,1,0,0,0.0,[]
TCGA-BP-5006,TCGA-G6-A5PC,1,1,0,0.0,[]
TCGA-BP-5006,TCGA-G6-A8L7,1,1,1,1.0,"[""K4_repeat2_K4_C0001""]"
TCGA-BP-5007,TCGA-BP-5009,1,1,1,1.0,"[""K4_repeat2_K4_C0001""]"
TCGA-BP-5007,TCGA-BP-5010,1,1,0,0.0,[]
TCGA-BP-5007,TCGA-BP-5174,1,1,0,0.0,[]
TCGA-BP-5007,TCGA-BP-5175,1,1,0,0.0,[]
TCGA-BP-5007,TCGA-BP-5180,1,1,1,1.0,"[""K4_repeat2_K4_C0001""]"
TCGA-BP-5007,TCGA-BP-5181,1,1,1,1.0,"[""K4_repeat2_K4_C0001""]"
TCGA-BP-5007,TCGA-BP-5183,1,1,1,1.0,"[""K4_repeat2_K4_C0001""]"
TCGA-BP-5007,TCGA-BP-5184,1,1,1,1.0,"[""K4_repeat2_K4_C0001""]"
TCGA-BP-5007,TCGA-BP-5186,1,1,1,1.0,"[""K4_repeat2_K4_C0001""]"
TCGA-BP-5007,TCGA-BP-5187,1,1,1,1.0,"[""K4_repeat2_K4_C0001""]"
TCGA-BP-5007,TCGA-BP-5189,1,1,1,1.0,"[""K4_repeat2_K4_C0001""]"
TCGA-BP-5007,TCGA-BP-5190,1,0,0,0.0,[]
TCGA-BP-5007,TCGA-BP-5191,1,0,0,0.0,[]
TCGA-BP-5007,TCGA-BP-5192,1,1,0,0.0,[]
TCGA-BP-5007,TCGA-BP-5194,1,1,1,1.0,"[""K4_repeat2_K4_C0001""]"
TCGA-BP-5007,TCGA-BP-5195,1,1,1,1.0,"[""K4_repeat2_K4_C0001""]"
TCGA-BP-5007,TCGA-BP-5196,1,1,0,0.0,[]
TCGA-BP-5007,TCGA-BP-5199,1,1,0,0.0,[]
TCGA-BP-5007,TCGA-BP-5200,1,1,1,1.0,"[""K4_repeat2_K4_C0001""]"
TCGA-BP-5007,TCGA-CJ-4637,1,1,0,0.0,[]
TCGA-BP-5007,TCGA-CJ-4641,1,1,0,0.0,[]
TCGA-BP-5007,TCGA-CJ-4900,1,1,0,0.0,[]
TCGA-BP-5007,TCGA-CJ-4902,1,1,0,0.0,[]
TCGA-BP-5007,TCGA-CJ-4903,1,1,1,1.0,"[""K4_repeat2_K4_C0001""]"
TCGA-BP-5007,TCGA-CJ-4904,1,1,1,1.0,"[""K4_repeat2_K4_C0001""]"
TCGA-BP-5007,TCGA-CJ-4923,1,1,0,0.0,[]
TCGA-BP-5007,TCGA-CJ-6027,1,1,0,0.0,[]
TCGA-BP-5007,TCGA-CJ-6028,1,1,0,0.0,[]
TCGA-BP-5007,TCGA-CJ-6030,1,1,0,0.0,[]
TCGA-BP-5007,TCGA-CJ-6033,1,1,1,1.0,"[""K4_repeat2_K4_C0001""]"
TCGA-BP-5007,TCGA-CZ-4859,1,1,1,1.0,"[""K4_repeat2_K4_C0001""]"
TCGA-BP-5007,TCGA-CZ-4863,1,0,0,0.0,[]
TCGA-BP-5007,TCGA-CZ-4865,1,0,0,0.0,[]
TCGA-BP-5007,TCGA-CZ-5451,1,1,1,1.0,"[""K4_repeat2_K4_C0001""]"
TCGA-BP-5007,TCGA-CZ-5462,1,0,0,0.0,[]
TCGA-BP-5007,TCGA-CZ-5468,1,0,0,0.0,[]
TCGA-BP-5007,TCGA-CZ-5984,1,1,0,0.0,[]
TCGA-BP-5007,TCGA-CZ-5985,1,1,0,0.0,[]
TCGA-BP-5007,TCGA-CZ-5988,1,0,0,0.0,[]
TCGA-BP-5007,TCGA-G6-A5PC,1,1,0,0.0,[]
TCGA-BP-5007,TCGA-G6-A8L7,1,1,1,1.0,"[""K4_repeat2_K4_C0001""]"
TCGA-BP-5009,TCGA-BP-5010,1,1,0,0.0,[]
TCGA-BP-5009,TCGA-BP-5174,1,1,0,0.0,[]
TCGA-BP-5009,TCGA-BP-5175,1,1,0,0.0,[]
TCGA-BP-5009,TCGA-BP-5180,1,1,1,1.0,"[""K4_repeat2_K4_C0001""]"
TCGA-BP-5009,TCGA-BP-5181,1,1,1,1.0,"[""K4_repeat2_K4_C0001""]"
TCGA-BP-5009,TCGA-BP-5183,1,1,1,1.0,"[""K4_repeat2_K4_C0001""]"
TCGA-BP-5009,TCGA-BP-5184,1,1,1,1.0,"[""K4_repeat2_K4_C0001""]"
TCGA-BP-5009,TCGA-BP-5186,1,1,1,1.0,"[""K4_repeat2_K4_C0001""]"
TCGA-BP-5009,TCGA-BP-5187,1,1,1,1.0,"[""K4_repeat2_K4_C0001""]"
TCGA-BP-5009,TCGA-BP-5189,1,1,1,1.0,"[""K4_repeat2_K4_C0001""]"
TCGA-BP-5009,TCGA-BP-5190,1,0,0,0.0,[]
TCGA-BP-5009,TCGA-BP-5191,1,0,0,0.0,[]
TCGA-BP-5009,TCGA-BP-5192,1,1,0,0.0,[]
TCGA-BP-5009,TCGA-BP-5194,1,1,1,1.0,"[""K4_repeat2_K4_C0001""]"
TCGA-BP-5009,TCGA-BP-5195,1,1,1,1.0,"[""K4_repeat2_K4_C0001""]"
TCGA-BP-5009,TCGA-BP-5196,1,1,0,0.0,[]
TCGA-BP-5009,TCGA-BP-5199,1,1,0,0.0,[]
TCGA-BP-5009,TCGA-BP-5200,1,1,1,1.0,"[""K4_repeat2_K4_C0001""]"
TCGA-BP-5009,TCGA-CJ-4637,1,1,0,0.0,[]
TCGA-BP-5009,TCGA-CJ-4641,1,1,0,0.0,[]
TCGA-BP-5009,TCGA-CJ-4900,1,1,0,0.0,[]
TCGA-BP-5009,TCGA-CJ-4902,1,1,0,0.0,[]
TCGA-BP-5009,TCGA-CJ-4903,1,1,1,1.0,"[""K4_repeat2_K4_C0001""]"
TCGA-BP-5009,TCGA-CJ-4904,1,1,1,1.0,"[""K4_repeat2_K4_C0001""]"
TCGA-BP-5009,TCGA-CJ-4923,1,1,0,0.0,[]
TCGA-BP-5009,TCGA-CJ-6027,1,1,0,0.0,[]
TCGA-BP-5009,TCGA-CJ-6028,1,1,0,0.0,[]
TCGA-BP-5009,TCGA-CJ-6030,1,1,0,0.0,[]
TCGA-BP-5009,TCGA-CJ-6033,1,1,1,1.0,"[""K4_repeat2_K4_C0001""]"
TCGA-BP-5009,TCGA-CZ-4859,1,1,1,1.0,"[""K4_repeat2_K4_C0001""]"
TCGA-BP-5009,TCGA-CZ-4863,1,0,0,0.0,[]
TCGA-BP-5009,TCGA-CZ-4865,1,0,0,0.0,[]
TCGA-BP-5009,TCGA-CZ-5451,1,1,1,1.0,"[""K4_repeat2_K4_C0001""]"
TCGA-BP-5009,TCGA-CZ-5462,1,0,0,0.0,[]
TCGA-BP-5009,TCGA-CZ-5468,1,0,0,0.0,[]
TCGA-BP-5009,TCGA-CZ-5984,1,1,0,0.0,[]
TCGA-BP-5009,TCGA-CZ-5985,1,1,0,0.0,[]
TCGA-BP-5009,TCGA-CZ-5988,1,0,0,0.0,[]
TCGA-BP-5009,TCGA-G6-A5PC,1,1,0,0.0,[]
TCGA-BP-5009,TCGA-G6-A8L7,1,1,1,1.0,"[""K4_repeat2_K4_C0001""]"
TCGA-BP-5010,TCGA-BP-5174,1,1,0,0.0,[]
TCGA-BP-5010,TCGA-BP-5175,1,1,1,1.0,"[""K4_repeat2_K4_C0003""]"
TCGA-BP-5010,TCGA-BP-5180,1,1,0,0.0,[]
TCGA-BP-5010,TCGA-BP-5181,1,1,0,0.0,[]
TCGA-BP-5010,TCGA-BP-5183,1,1,0,0.0,[]
TCGA-BP-5010,TCGA-BP-5184,1,1,0,0.0,[]
TCGA-BP-5010,TCGA-BP-5186,1,1,0,0.0,[]
TCGA-BP-5010,TCGA-BP-5187,1,1,0,0.0,[]
TCGA-BP-5010,TCGA-BP-5189,1,1,0,0.0,[]
TCGA-BP-5010,TCGA-BP-5190,1,0,0,0.0,[]
TCGA-BP-5010,TCGA-BP-5191,1,0,0,0.0,[]
TCGA-BP-5010,TCGA-BP-5192,1,1,0,0.0,[]
TCGA-BP-5010,TCGA-BP-5194,1,1,0,0.0,[]
TCGA-BP-5010,TCGA-BP-5195,1,1,0,0.0,[]
TCGA-BP-5010,TCGA-BP-5196,1,1,0,0.0,[]
TCGA-BP-5010,TCGA-BP-5199,1,1,0,0.0,[]
TCGA-BP-5010,TCGA-BP-5200,1,1,0,0.0,[]
TCGA-BP-5010,TCGA-CJ-4637,1,1,1,1.0,"[""K4_repeat2_K4_C0003""]"
TCGA-BP-5010,TCGA-CJ-4641,1,1,1,1.0,"[""K4_repeat2_K4_C0003""]"
TCGA-BP-5010,TCGA-CJ-4900,1,1,1,1.0,"[""K4_repeat2_K4_C0003""]"
TCGA-BP-5010,TCGA-CJ-4902,1,1,1,1.0,"[""K4_repeat2_K4_C0003""]"
TCGA-BP-5010,TCGA-CJ-4903,1,1,0,0.0,[]
TCGA-BP-5010,TCGA-CJ-4904,1,1,0,0.0,[]
TCGA-BP-5010,TCGA-CJ-4923,1,1,1,1.0,"[""K4_repeat2_K4_C0003""]"
TCGA-BP-5010,TCGA-CJ-6027,1,1,1,1.0,"[""K4_repeat2_K4_C0003""]"
TCGA-BP-5010,TCGA-CJ-6028,1,1,1,1.0,"[""K4_repeat2_K4_C0003""]"
TCGA-BP-5010,TCGA-CJ-6030,1,1,1,1.0,"[""K4_repeat2_K4_C0003""]"
TCGA-BP-5010,TCGA-CJ-6033,1,1,0,0.0,[]
TCGA-BP-5010,TCGA-CZ-4859,1,1,0,0.0,[]
TCGA-BP-5010,TCGA-CZ-4863,1,0,0,0.0,[]
TCGA-BP-5010,TCGA-CZ-4865,1,0,0,0.0,[]
TCGA-BP-5010,TCGA-CZ-5451,1,1,0,0.0,[]
TCGA-BP-5010,TCGA-CZ-5462,1,0,0,0.0,[]
TCGA-BP-5010,TCGA-CZ-5468,1,0,0,0.0,[]
TCGA-BP-5010,TCGA-CZ-5984,1,1,0,0.0,[]
TCGA-BP-5010,TCGA-CZ-5985,1,1,1,1.0,"[""K4_repeat2_K4_C0003""]"
TCGA-BP-5010,TCGA-CZ-5988,1,0,0,0.0,[]
TCGA-BP-5010,TCGA-G6-A5PC,1,1,1,1.0,"[""K4_repeat2_K4_C0003""]"
TCGA-BP-5010,TCGA-G6-A8L7,1,1,0,0.0,[]
TCGA-BP-5174,TCGA-BP-5175,1,1,0,0.0,[]
TCGA-BP-5174,TCGA-BP-5180,1,1,0,0.0,[]
TCGA-BP-5174,TCGA-BP-5181,1,1,0,0.0,[]
TCGA-BP-5174,TCGA-BP-5183,1,1,0,0.0,[]
TCGA-BP-5174,TCGA-BP-5184,1,1,0,0.0,[]
TCGA-BP-5174,TCGA-BP-5186,1,1,0,0.0,[]
TCGA-BP-5174,TCGA-BP-5187,1,1,0,0.0,[]
TCGA-BP-5174,TCGA-BP-5189,1,1,0,0.0,[]
TCGA-BP-5174,TCGA-BP-5190,1,0,0,0.0,[]
TCGA-BP-5174,TCGA-BP-5191,1,0,0,0.0,[]
TCGA-BP-5174,TCGA-BP-5192,1,1,1,1.0,"[""K4_repeat2_K4_C0004""]"
TCGA-BP-5174,TCGA-BP-5194,1,1,0,0.0,[]
TCGA-BP-5174,TCGA-BP-5195,1,1,0,0.0,[]
TCGA-BP-5174,TCGA-BP-5196,1,1,1,1.0,"[""K4_repeat2_K4_C0004""]"
TCGA-BP-5174,TCGA-BP-5199,1,1,1,1.0,"[""K4_repeat2_K4_C0004""]"
TCGA-BP-5174,TCGA-BP-5200,1,1,0,0.0,[]
TCGA-BP-5174,TCGA-CJ-4637,1,1,0,0.0,[]
TCGA-BP-5174,TCGA-CJ-4641,1,1,0,0.0,[]
TCGA-BP-5174,TCGA-CJ-4900,1,1,0,0.0,[]
TCGA-BP-5174,TCGA-CJ-4902,1,1,0,0.0,[]
TCGA-BP-5174,TCGA-CJ-4903,1,1,0,0.0,[]
TCGA-BP-5174,TCGA-CJ-4904,1,1,0,0.0,[]
TCGA-BP-5174,TCGA-CJ-4923,1,1,0,0.0,[]
TCGA-BP-5174,TCGA-CJ-6027,1,1,0,0.0,[]
TCGA-BP-5174,TCGA-CJ-6028,1,1,0,0.0,[]
TCGA-BP-5174,TCGA-CJ-6030,1,1,0,0.0,[]
TCGA-BP-5174,TCGA-CJ-6033,1,1,0,0.0,[]
TCGA-BP-5174,TCGA-CZ-4859,1,1,0,0.0,[]
TCGA-BP-5174,TCGA-CZ-4863,1,0,0,0.0,[]
TCGA-BP-5174,TCGA-CZ-4865,1,0,0,0.0,[]
TCGA-BP-5174,TCGA-CZ-5451,1,1,0,0.0,[]
TCGA-BP-5174,TCGA-CZ-5462,1,0,0,0.0,[]
TCGA-BP-5174,TCGA-CZ-5468,1,0,0,0.0,[]
TCGA-BP-5174,TCGA-CZ-5984,1,1,1,1.0,"[""K4_repeat2_K4_C0004""]"
TCGA-BP-5174,TCGA-CZ-5985,1,1,0,0.0,[]
TCGA-BP-5174,TCGA-CZ-5988,1,0,0,0.0,[]
TCGA-BP-5174,TCGA-G6-A5PC,1,1,0,0.0,[]
TCGA-BP-5174,TCGA-G6-A8L7,1,1,0,0.0,[]
TCGA-BP-5175,TCGA-BP-5180,1,1,0,0.0,[]
TCGA-BP-5175,TCGA-BP-5181,1,1,0,0.0,[]
TCGA-BP-5175,TCGA-BP-5183,1,1,0,0.0,[]
TCGA-BP-5175,TCGA-BP-5184,1,1,0,0.0,[]
TCGA-BP-5175,TCGA-BP-5186,1,1,0,0.0,[]
TCGA-BP-5175,TCGA-BP-5187,1,1,0,0.0,[]
TCGA-BP-5175,TCGA-BP-5189,1,1,0,0.0,[]
TCGA-BP-5175,TCGA-BP-5190,1,0,0,0.0,[]
TCGA-BP-5175,TCGA-BP-5191,1,0,0,0.0,[]
TCGA-BP-5175,TCGA-BP-5192,1,1,0,0.0,[]
TCGA-BP-5175,TCGA-BP-5194,1,1,0,0.0,[]
TCGA-BP-5175,TCGA-BP-5195,1,1,0,0.0,[]
TCGA-BP-5175,TCGA-BP-5196,1,1,0,0.0,[]
TCGA-BP-5175,TCGA-BP-5199,1,1,0,0.0,[]
TCGA-BP-5175,TCGA-BP-5200,1,1,0,0.0,[]
TCGA-BP-5175,TCGA-CJ-4637,1,1,1,1.0,"[""K4_repeat2_K4_C0003""]"
TCGA-BP-5175,TCGA-CJ-4641,1,1,1,1.0,"[""K4_repeat2_K4_C0003""]"
TCGA-BP-5175,TCGA-CJ-4900,1,1,1,1.0,"[""K4_repeat2_K4_C0003""]"
TCGA-BP-5175,TCGA-CJ-4902,1,1,1,1.0,"[""K4_repeat2_K4_C0003""]"
TCGA-BP-5175,TCGA-CJ-4903,1,1,0,0.0,[]
TCGA-BP-5175,TCGA-CJ-4904,1,1,0,0.0,[]
TCGA-BP-5175,TCGA-CJ-4923,1,1,1,1.0,"[""K4_repeat2_K4_C0003""]"
TCGA-BP-5175,TCGA-CJ-6027,1,1,1,1.0,"[""K4_repeat2_K4_C0003""]"
TCGA-BP-5175,TCGA-CJ-6028,1,1,1,1.0,"[""K4_repeat2_K4_C0003""]"
TCGA-BP-5175,TCGA-CJ-6030,1,1,1,1.0,"[""K4_repeat2_K4_C0003""]"
TCGA-BP-5175,TCGA-CJ-6033,1,1,0,0.0,[]
TCGA-BP-5175,TCGA-CZ-4859,1,1,0,0.0,[]
TCGA-BP-5175,TCGA-CZ-4863,1,0,0,0.0,[]
TCGA-BP-5175,TCGA-CZ-4865,1,0,0,0.0,[]
TCGA-BP-5175,TCGA-CZ-5451,1,1,0,0.0,[]
TCGA-BP-5175,TCGA-CZ-5462,1,0,0,0.0,[]
TCGA-BP-5175,TCGA-CZ-5468,1,0,0,0.0,[]
TCGA-BP-5175,TCGA-CZ-5984,1,1,0,0.0,[]
TCGA-BP-5175,TCGA-CZ-5985,1,1,1,1.0,"[""K4_repeat2_K4_C0003""]"
TCGA-BP-5175,TCGA-CZ-5988,1,0,0,0.0,[]
TCGA-BP-5175,TCGA-G6-A5PC,1,1,1,1.0,"[""K4_repeat2_K4_C0003""]"
TCGA-BP-5175,TCGA-G6-A8L7,1,1,0,0.0,[]
TCGA-BP-5180,TCGA-BP-5181,1,1,1,1.0,"[""K4_repeat2_K4_C0001""]"
TCGA-BP-5180,TCGA-BP-5183,1,1,1,1.0,"[""K4_repeat2_K4_C0001""]"
TCGA-BP-5180,TCGA-BP-5184,1,1,1,1.0,"[""K4_repeat2_K4_C0001""]"
TCGA-BP-5180,TCGA-BP-5186,1,1,1,1.0,"[""K4_repeat2_K4_C0001""]"
TCGA-BP-5180,TCGA-BP-5187,1,1,1,1.0,"[""K4_repeat2_K4_C0001""]"
TCGA-BP-5180,TCGA-BP-5189,1,1,1,1.0,"[""K4_repeat2_K4_C0001""]"
TCGA-BP-5180,TCGA-BP-5190,1,0,0,0.0,[]
TCGA-BP-5180,TCGA-BP-5191,1,0,0,0.0,[]
TCGA-BP-5180,TCGA-BP-5192,1,1,0,0.0,[]
TCGA-BP-5180,TCGA-BP-5194,1,1,1,1.0,"[""K4_repeat2_K4_C0001""]"
TCGA-BP-5180,TCGA-BP-5195,1,1,1,1.0,"[""K4_repeat2_K4_C0001""]"
TCGA-BP-5180,TCGA-BP-5196,1,1,0,0.0,[]
TCGA-BP-5180,TCGA-BP-5199,1,1,0,0.0,[]
TCGA-BP-5180,TCGA-BP-5200,1,1,1,1.0,"[""K4_repeat2_K4_C0001""]"
TCGA-BP-5180,TCGA-CJ-4637,1,1,0,0.0,[]
TCGA-BP-5180,TCGA-CJ-4641,1,1,0,0.0,[]
TCGA-BP-5180,TCGA-CJ-4900,1,1,0,0.0,[]
TCGA-BP-5180,TCGA-CJ-4902,1,1,0,0.0,[]
TCGA-BP-5180,TCGA-CJ-4903,1,1,1,1.0,"[""K4_repeat2_K4_C0001""]"
TCGA-BP-5180,TCGA-CJ-4904,1,1,1,1.0,"[""K4_repeat2_K4_C0001""]"
TCGA-BP-5180,TCGA-CJ-4923,1,1,0,0.0,[]
TCGA-BP-5180,TCGA-CJ-6027,1,1,0,0.0,[]
TCGA-BP-5180,TCGA-CJ-6028,1,1,0,0.0,[]
TCGA-BP-5180,TCGA-CJ-6030,1,1,0,0.0,[]
TCGA-BP-5180,TCGA-CJ-6033,1,1,1,1.0,"[""K4_repeat2_K4_C0001""]"
TCGA-BP-5180,TCGA-CZ-4859,1,1,1,1.0,"[""K4_repeat2_K4_C0001""]"
TCGA-BP-5180,TCGA-CZ-4863,1,0,0,0.0,[]
TCGA-BP-5180,TCGA-CZ-4865,1,0,0,0.0,[]
TCGA-BP-5180,TCGA-CZ-5451,1,1,1,1.0,"[""K4_repeat2_K4_C0001""]"
TCGA-BP-5180,TCGA-CZ-5462,1,0,0,0.0,[]
TCGA-BP-5180,TCGA-CZ-5468,1,0,0,0.0,[]
TCGA-BP-5180,TCGA-CZ-5984,1,1,0,0.0,[]
TCGA-BP-5180,TCGA-CZ-5985,1,1,0,0.0,[]
TCGA-BP-5180,TCGA-CZ-5988,1,0,0,0.0,[]
TCGA-BP-5180,TCGA-G6-A5PC,1,1,0,0.0,[]
TCGA-BP-5180,TCGA-G6-A8L7,1,1,1,1.0,"[""K4_repeat2_K4_C0001""]"
TCGA-BP-5181,TCGA-BP-5183,1,1,1,1.0,"[""K4_repeat2_K4_C0001""]"
TCGA-BP-5181,TCGA-BP-5184,1,1,1,1.0,"[""K4_repeat2_K4_C0001""]"
TCGA-BP-5181,TCGA-BP-5186,1,1,1,1.0,"[""K4_repeat2_K4_C0001""]"
TCGA-BP-5181,TCGA-BP-5187,1,1,1,1.0,"[""K4_repeat2_K4_C0001""]"
TCGA-BP-5181,TCGA-BP-5189,1,1,1,1.0,"[""K4_repeat2_K4_C0001""]"
TCGA-BP-5181,TCGA-BP-5190,1,0,0,0.0,[]
TCGA-BP-5181,TCGA-BP-5191,1,0,0,0.0,[]
TCGA-BP-5181,TCGA-BP-5192,1,1,0,0.0,[]
TCGA-BP-5181,TCGA-BP-5194,1,1,1,1.0,"[""K4_repeat2_K4_C0001""]"
TCGA-BP-5181,TCGA-BP-5195,1,1,1,1.0,"[""K4_repeat2_K4_C0001""]"
TCGA-BP-5181,TCGA-BP-5196,1,1,0,0.0,[]
TCGA-BP-5181,TCGA-BP-5199,1,1,0,0.0,[]
TCGA-BP-5181,TCGA-BP-5200,1,1,1,1.0,"[""K4_repeat2_K4_C0001""]"
TCGA-BP-5181,TCGA-CJ-4637,1,1,0,0.0,[]
TCGA-BP-5181,TCGA-CJ-4641,1,1,0,0.0,[]
TCGA-BP-5181,TCGA-CJ-4900,1,1,0,0.0,[]
TCGA-BP-5181,TCGA-CJ-4902,1,1,0,0.0,[]
TCGA-BP-5181,TCGA-CJ-4903,1,1,1,1.0,"[""K4_repeat2_K4_C0001""]"
TCGA-BP-5181,TCGA-CJ-4904,1,1,1,1.0,"[""K4_repeat2_K4_C0001""]"
TCGA-BP-5181,TCGA-CJ-4923,1,1,0,0.0,[]
TCGA-BP-5181,TCGA-CJ-6027,1,1,0,0.0,[]
TCGA-BP-5181,TCGA-CJ-6028,1,1,0,0.0,[]
TCGA-BP-5181,TCGA-CJ-6030,1,1,0,0.0,[]
TCGA-BP-5181,TCGA-CJ-6033,1,1,1,1.0,"[""K4_repeat2_K4_C0001""]"
TCGA-BP-5181,TCGA-CZ-4859,1,1,1,1.0,"[""K4_repeat2_K4_C0001""]"
TCGA-BP-5181,TCGA-CZ-4863,1,0,0,0.0,[]
TCGA-BP-5181,TCGA-CZ-4865,1,0,0,0.0,[]
TCGA-BP-5181,TCGA-CZ-5451,1,1,1,1.0,"[""K4_repeat2_K4_C0001""]"
TCGA-BP-5181,TCGA-CZ-5462,1,0,0,0.0,[]
TCGA-BP-5181,TCGA-CZ-5468,1,0,0,0.0,[]
TCGA-BP-5181,TCGA-CZ-5984,1,1,0,0.0,[]
TCGA-BP-5181,TCGA-CZ-5985,1,1,0,0.0,[]
TCGA-BP-5181,TCGA-CZ-5988,1,0,0,0.0,[]
TCGA-BP-5181,TCGA-G6-A5PC,1,1,0,0.0,[]
TCGA-BP-5181,TCGA-G6-A8L7,1,1,1,1.0,"[""K4_repeat2_K4_C0001""]"
TCGA-BP-5183,TCGA-BP-5184,1,1,1,1.0,"[""K4_repeat2_K4_C0001""]"
TCGA-BP-5183,TCGA-BP-5186,1,1,1,1.0,"[""K4_repeat2_K4_C0001""]"
TCGA-BP-5183,TCGA-BP-5187,1,1,1,1.0,"[""K4_repeat2_K4_C0001""]"
TCGA-BP-5183,TCGA-BP-5189,1,1,1,1.0,"[""K4_repeat2_K4_C0001""]"
TCGA-BP-5183,TCGA-BP-5190,1,0,0,0.0,[]
TCGA-BP-5183,TCGA-BP-5191,1,0,0,0.0,[]
TCGA-BP-5183,TCGA-BP-5192,1,1,0,0.0,[]
TCGA-BP-5183,TCGA-BP-5194,1,1,1,1.0,"[""K4_repeat2_K4_C0001""]"
TCGA-BP-5183,TCGA-BP-5195,1,1,1,1.0,"[""K4_repeat2_K4_C0001""]"
TCGA-BP-5183,TCGA-BP-5196,1,1,0,0.0,[]
TCGA-BP-5183,TCGA-BP-5199,1,1,0,0.0,[]
TCGA-BP-5183,TCGA-BP-5200,1,1,1,1.0,"[""K4_repeat2_K4_C0001""]"
TCGA-BP-5183,TCGA-CJ-4637,1,1,0,0.0,[]
TCGA-BP-5183,TCGA-CJ-4641,1,1,0,0.0,[]
TCGA-BP-5183,TCGA-CJ-4900,1,1,0,0.0,[]
TCGA-BP-5183,TCGA-CJ-4902,1,1,0,0.0,[]
TCGA-BP-5183,TCGA-CJ-4903,1,1,1,1.0,"[""K4_repeat2_K4_C0001""]"
TCGA-BP-5183,TCGA-CJ-4904,1,1,1,1.0,"[""K4_repeat2_K4_C0001""]"
TCGA-BP-5183,TCGA-CJ-4923,1,1,0,0.0,[]
TCGA-BP-5183,TCGA-CJ-6027,1,1,0,0.0,[]
TCGA-BP-5183,TCGA-CJ-6028,1,1,0,0.0,[]
TCGA-BP-5183,TCGA-CJ-6030,1,1,0,0.0,[]
TCGA-BP-5183,TCGA-CJ-6033,1,1,1,1.0,"[""K4_repeat2_K4_C0001""]"
TCGA-BP-5183,TCGA-CZ-4859,1,1,1,1.0,"[""K4_repeat2_K4_C0001""]"
TCGA-BP-5183,TCGA-CZ-4863,1,0,0,0.0,[]
TCGA-BP-5183,TCGA-CZ-4865,1,0,0,0.0,[]
TCGA-BP-5183,TCGA-CZ-5451,1,1,1,1.0,"[""K4_repeat2_K4_C0001""]"
TCGA-BP-5183,TCGA-CZ-5462,1,0,0,0.0,[]
TCGA-BP-5183,TCGA-CZ-5468,1,0,0,0.0,[]
TCGA-BP-5183,TCGA-CZ-5984,1,1,0,0.0,[]
TCGA-BP-5183,TCGA-CZ-5985,1,1,0,0.0,[]
TCGA-BP-5183,TCGA-CZ-5988,1,0,0,0.0,[]
TCGA-BP-5183,TCGA-G6-A5PC,1,1,0,0.0,[]
TCGA-BP-5183,TCGA-G6-A8L7,1,1,1,1.0,"[""K4_repeat2_K4_C0001""]"
TCGA-BP-5184,TCGA-BP-5186,1,1,1,1.0,"[""K4_repeat2_K4_C0001""]"
TCGA-BP-5184,TCGA-BP-5187,1,1,1,1.0,"[""K4_repeat2_K4_C0001""]"
TCGA-BP-5184,TCGA-BP-5189,1,1,1,1.0,"[""K4_repeat2_K4_C0001""]"
TCGA-BP-5184,TCGA-BP-5190,1,0,0,0.0,[]
TCGA-BP-5184,TCGA-BP-5191,1,0,0,0.0,[]
TCGA-BP-5184,TCGA-BP-5192,1,1,0,0.0,[]
TCGA-BP-5184,TCGA-BP-5194,1,1,1,1.0,"[""K4_repeat2_K4_C0001""]"
TCGA-BP-5184,TCGA-BP-5195,1,1,1,1.0,"[""K4_repeat2_K4_C0001""]"
TCGA-BP-5184,TCGA-BP-5196,1,1,0,0.0,[]
TCGA-BP-5184,TCGA-BP-5199,1,1,0,0.0,[]
TCGA-BP-5184,TCGA-BP-5200,1,1,1,1.0,"[""K4_repeat2_K4_C0001""]"
TCGA-BP-5184,TCGA-CJ-4637,1,1,0,0.0,[]
TCGA-BP-5184,TCGA-CJ-4641,1,1,0,0.0,[]
TCGA-BP-5184,TCGA-CJ-4900,1,1,0,0.0,[]
TCGA-BP-5184,TCGA-CJ-4902,1,1,0,0.0,[]
TCGA-BP-5184,TCGA-CJ-4903,1,1,1,1.0,"[""K4_repeat2_K4_C0001""]"
TCGA-BP-5184,TCGA-CJ-4904,1,1,1,1.0,"[""K4_repeat2_K4_C0001""]"
TCGA-BP-5184,TCGA-CJ-4923,1,1,0,0.0,[]
TCGA-BP-5184,TCGA-CJ-6027,1,1,0,0.0,[]
TCGA-BP-5184,TCGA-CJ-6028,1,1,0,0.0,[]
TCGA-BP-5184,TCGA-CJ-6030,1,1,0,0.0,[]
TCGA-BP-5184,TCGA-CJ-6033,1,1,1,1.0,"[""K4_repeat2_K4_C0001""]"
TCGA-BP-5184,TCGA-CZ-4859,1,1,1,1.0,"[""K4_repeat2_K4_C0001""]"
TCGA-BP-5184,TCGA-CZ-4863,1,0,0,0.0,[]
TCGA-BP-5184,TCGA-CZ-4865,1,0,0,0.0,[]
TCGA-BP-5184,TCGA-CZ-5451,1,1,1,1.0,"[""K4_repeat2_K4_C0001""]"
TCGA-BP-5184,TCGA-CZ-5462,1,0,0,0.0,[]
TCGA-BP-5184,TCGA-CZ-5468,1,0,0,0.0,[]
TCGA-BP-5184,TCGA-CZ-5984,1,1,0,0.0,[]
TCGA-BP-5184,TCGA-CZ-5985,1,1,0,0.0,[]
TCGA-BP-5184,TCGA-CZ-5988,1,0,0,0.0,[]
TCGA-BP-5184,TCGA-G6-A5PC,1,1,0,0.0,[]
TCGA-BP-5184,TCGA-G6-A8L7,1,1,1,1.0,"[""K4_repeat2_K4_C0001""]"
TCGA-BP-5186,TCGA-BP-5187,1,1,1,1.0,"[""K4_repeat2_K4_C0001""]"
TCGA-BP-5186,TCGA-BP-5189,1,1,1,1.0,"[""K4_repeat2_K4_C0001""]"
TCGA-BP-5186,TCGA-BP-5190,1,0,0,0.0,[]
TCGA-BP-5186,TCGA-BP-5191,1,0,0,0.0,[]
TCGA-BP-5186,TCGA-BP-5192,1,1,0,0.0,[]
TCGA-BP-5186,TCGA-BP-5194,1,1,1,1.0,"[""K4_repeat2_K4_C0001""]"
TCGA-BP-5186,TCGA-BP-5195,1,1,1,1.0,"[""K4_repeat2_K4_C0001""]"
TCGA-BP-5186,TCGA-BP-5196,1,1,0,0.0,[]
TCGA-BP-5186,TCGA-BP-5199,1,1,0,0.0,[]
TCGA-BP-5186,TCGA-BP-5200,1,1,1,1.0,"[""K4_repeat2_K4_C0001""]"
TCGA-BP-5186,TCGA-CJ-4637,1,1,0,0.0,[]
TCGA-BP-5186,TCGA-CJ-4641,1,1,0,0.0,[]
TCGA-BP-5186,TCGA-CJ-4900,1,1,0,0.0,[]
TCGA-BP-5186,TCGA-CJ-4902,1,1,0,0.0,[]
TCGA-BP-5186,TCGA-CJ-4903,1,1,1,1.0,"[""K4_repeat2_K4_C0001""]"
TCGA-BP-5186,TCGA-CJ-4904,1,1,1,1.0,"[""K4_repeat2_K4_C0001""]"
TCGA-BP-5186,TCGA-CJ-4923,1,1,0,0.0,[]
TCGA-BP-5186,TCGA-CJ-6027,1,1,0,0.0,[]
TCGA-BP-5186,TCGA-CJ-6028,1,1,0,0.0,[]
TCGA-BP-5186,TCGA-CJ-6030,1,1,0,0.0,[]
TCGA-BP-5186,TCGA-CJ-6033,1,1,1,1.0,"[""K4_repeat2_K4_C0001""]"
TCGA-BP-5186,TCGA-CZ-4859,1,1,1,1.0,"[""K4_repeat2_K4_C0001""]"
TCGA-BP-5186,TCGA-CZ-4863,1,0,0,0.0,[]
TCGA-BP-5186,TCGA-CZ-4865,1,0,0,0.0,[]
TCGA-BP-5186,TCGA-CZ-5451,1,1,1,1.0,"[""K4_repeat2_K4_C0001""]"
TCGA-BP-5186,TCGA-CZ-5462,1,0,0,0.0,[]
TCGA-BP-5186,TCGA-CZ-5468,1,0,0,0.0,[]
TCGA-BP-5186,TCGA-CZ-5984,1,1,0,0.0,[]
TCGA-BP-5186,TCGA-CZ-5985,1,1,0,0.0,[]
TCGA-BP-5186,TCGA-CZ-5988,1,0,0,0.0,[]
TCGA-BP-5186,TCGA-G6-A5PC,1,1,0,0.0,[]
TCGA-BP-5186,TCGA-G6-A8L7,1,1,1,1.0,"[""K4_repeat2_K4_C0001""]"
TCGA-BP-5187,TCGA-BP-5189,1,1,1,1.0,"[""K4_repeat2_K4_C0001""]"
TCGA-BP-5187,TCGA-BP-5190,1,0,0,0.0,[]
TCGA-BP-5187,TCGA-BP-5191,1,0,0,0.0,[]
TCGA-BP-5187,TCGA-BP-5192,1,1,0,0.0,[]
TCGA-BP-5187,TCGA-BP-5194,1,1,1,1.0,"[""K4_repeat2_K4_C0001""]"
TCGA-BP-5187,TCGA-BP-5195,1,1,1,1.0,"[""K4_repeat2_K4_C0001""]"
TCGA-BP-5187,TCGA-BP-5196,1,1,0,0.0,[]
TCGA-BP-5187,TCGA-BP-5199,1,1,0,0.0,[]
TCGA-BP-5187,TCGA-BP-5200,1,1,1,1.0,"[""K4_repeat2_K4_C0001""]"
TCGA-BP-5187,TCGA-CJ-4637,1,1,0,0.0,[]
TCGA-BP-5187,TCGA-CJ-4641,1,1,0,0.0,[]
TCGA-BP-5187,TCGA-CJ-4900,1,1,0,0.0,[]
TCGA-BP-5187,TCGA-CJ-4902,1,1,0,0.0,[]
TCGA-BP-5187,TCGA-CJ-4903,1,1,1,1.0,"[""K4_repeat2_K4_C0001""]"
TCGA-BP-5187,TCGA-CJ-4904,1,1,1,1.0,"[""K4_repeat2_K4_C0001""]"
TCGA-BP-5187,TCGA-CJ-4923,1,1,0,0.0,[]
TCGA-BP-5187,TCGA-CJ-6027,1,1,0,0.0,[]
TCGA-BP-5187,TCGA-CJ-6028,1,1,0,0.0,[]
TCGA-BP-5187,TCGA-CJ-6030,1,1,0,0.0,[]
TCGA-BP-5187,TCGA-CJ-6033,1,1,1,1.0,"[""K4_repeat2_K4_C0001""]"
TCGA-BP-5187,TCGA-CZ-4859,1,1,1,1.0,"[""K4_repeat2_K4_C0001""]"
TCGA-BP-5187,TCGA-CZ-4863,1,0,0,0.0,[]
TCGA-BP-5187,TCGA-CZ-4865,1,0,0,0.0,[]
TCGA-BP-5187,TCGA-CZ-5451,1,1,1,1.0,"[""K4_repeat2_K4_C0001""]"
TCGA-BP-5187,TCGA-CZ-5462,1,0,0,0.0,[]
TCGA-BP-5187,TCGA-CZ-5468,1,0,0,0.0,[]
TCGA-BP-5187,TCGA-CZ-5984,1,1,0,0.0,[]
TCGA-BP-5187,TCGA-CZ-5985,1,1,0,0.0,[]
TCGA-BP-5187,TCGA-CZ-5988,1,0,0,0.0,[]
TCGA-BP-5187,TCGA-G6-A5PC,1,1,0,0.0,[]
TCGA-BP-5187,TCGA-G6-A8L7,1,1,1,1.0,"[""K4_repeat2_K4_C0001""]"
TCGA-BP-5189,TCGA-BP-5190,1,0,0,0.0,[]
TCGA-BP-5189,TCGA-BP-5191,1,0,0,0.0,[]
TCGA-BP-5189,TCGA-BP-5192,1,1,0,0.0,[]
TCGA-BP-5189,TCGA-BP-5194,1,1,1,1.0,"[""K4_repeat2_K4_C0001""]"
TCGA-BP-5189,TCGA-BP-5195,1,1,1,1.0,"[""K4_repeat2_K4_C0001""]"
TCGA-BP-5189,TCGA-BP-5196,1,1,0,0.0,[]
TCGA-BP-5189,TCGA-BP-5199,1,1,0,0.0,[]
TCGA-BP-5189,TCGA-BP-5200,1,1,1,1.0,"[""K4_repeat2_K4_C0001""]"
TCGA-BP-5189,TCGA-CJ-4637,1,1,0,0.0,[]
TCGA-BP-5189,TCGA-CJ-4641,1,1,0,0.0,[]
TCGA-BP-5189,TCGA-CJ-4900,1,1,0,0.0,[]
TCGA-BP-5189,TCGA-CJ-4902,1,1,0,0.0,[]
TCGA-BP-5189,TCGA-CJ-4903,1,1,1,1.0,"[""K4_repeat2_K4_C0001""]"
TCGA-BP-5189,TCGA-CJ-4904,1,1,1,1.0,"[""K4_repeat2_K4_C0001""]"
TCGA-BP-5189,TCGA-CJ-4923,1,1,0,0.0,[]
TCGA-BP-5189,TCGA-CJ-6027,1,1,0,0.0,[]
TCGA-BP-5189,TCGA-CJ-6028,1,1,0,0.0,[]
TCGA-BP-5189,TCGA-CJ-6030,1,1,0,0.0,[]
TCGA-BP-5189,TCGA-CJ-6033,1,1,1,1.0,"[""K4_repeat2_K4_C0001""]"
TCGA-BP-5189,TCGA-CZ-4859,1,1,1,1.0,"[""K4_repeat2_K4_C0001""]"
TCGA-BP-5189,TCGA-CZ-4863,1,0,0,0.0,[]
TCGA-BP-5189,TCGA-CZ-4865,1,0,0,0.0,[]
TCGA-BP-5189,TCGA-CZ-5451,1,1,1,1.0,"[""K4_repeat2_K4_C0001""]"
TCGA-BP-5189,TCGA-CZ-5462,1,0,0,0.0,[]
TCGA-BP-5189,TCGA-CZ-5468,1,0,0,0.0,[]
TCGA-BP-5189,TCGA-CZ-5984,1,1,0,0.0,[]
TCGA-BP-5189,TCGA-CZ-5985,1,1,0,0.0,[]
TCGA-BP-5189,TCGA-CZ-5988,1,0,0,0.0,[]
TCGA-BP-5189,TCGA-G6-A5PC,1,1,0,0.0,[]
TCGA-BP-5189,TCGA-G6-A8L7,1,1,1,1.0,"[""K4_repeat2_K4_C0001""]"
TCGA-BP-5190,TCGA-BP-5191,0,0,0,0.0,[]
TCGA-BP-5190,TCGA-BP-5192,0,1,0,0.0,[]
TCGA-BP-5190,TCGA-BP-5194,0,1,0,0.0,[]
TCGA-BP-5190,TCGA-BP-5195,0,1,0,0.0,[]
TCGA-BP-5190,TCGA-BP-5196,0,1,0,0.0,[]
TCGA-BP-5190,TCGA-BP-5199,0,1,0,0.0,[]
TCGA-BP-5190,TCGA-BP-5200,0,1,0,0.0,[]
TCGA-BP-5190,TCGA-CJ-4637,0,1,0,0.0,[]
TCGA-BP-5190,TCGA-CJ-4641,0,1,0,0.0,[]
TCGA-BP-5190,TCGA-CJ-4900,0,1,0,0.0,[]
TCGA-BP-5190,TCGA-CJ-4902,0,1,0,0.0,[]
TCGA-BP-5190,TCGA-CJ-4903,0,1,0,0.0,[]
TCGA-BP-5190,TCGA-CJ-4904,0,1,0,0.0,[]
TCGA-BP-5190,TCGA-CJ-4923,0,1,0,0.0,[]
TCGA-BP-5190,TCGA-CJ-6027,0,1,0,0.0,[]
TCGA-BP-5190,TCGA-CJ-6028,0,1,0,0.0,[]
TCGA-BP-5190,TCGA-CJ-6030,0,1,0,0.0,[]
TCGA-BP-5190,TCGA-CJ-6033,0,1,0,0.0,[]
TCGA-BP-5190,TCGA-CZ-4859,0,1,0,0.0,[]
TCGA-BP-5190,TCGA-CZ-4863,0,0,0,0.0,[]
TCGA-BP-5190,TCGA-CZ-4865,0,0,0,0.0,[]
TCGA-BP-5190,TCGA-CZ-5451,0,1,0,0.0,[]
TCGA-BP-5190,TCGA-CZ-5462,0,0,0,0.0,[]
TCGA-BP-5190,TCGA-CZ-5468,0,0,0,0.0,[]
TCGA-BP-5190,TCGA-CZ-5984,0,1,0,0.0,[]
TCGA-BP-5190,TCGA-CZ-5985,0,1,0,0.0,[]
TCGA-BP-5190,TCGA-CZ-5988,0,0,0,0.0,[]
TCGA-BP-5190,TCGA-G6-A5PC,0,1,0,0.0,[]
TCGA-BP-5190,TCGA-G6-A8L7,0,1,0,0.0,[]
TCGA-BP-5191,TCGA-BP-5192,0,1,0,0.0,[]
TCGA-BP-5191,TCGA-BP-5194,0,1,0,0.0,[]
TCGA-BP-5191,TCGA-BP-5195,0,1,0,0.0,[]
TCGA-BP-5191,TCGA-BP-5196,0,1,0,0.0,[]
TCGA-BP-5191,TCGA-BP-5199,0,1,0,0.0,[]
TCGA-BP-5191,TCGA-BP-5200,0,1,0,0.0,[]
TCGA-BP-5191,TCGA-CJ-4637,0,1,0,0.0,[]
TCGA-BP-5191,TCGA-CJ-4641,0,1,0,0.0,[]
TCGA-BP-5191,TCGA-CJ-4900,0,1,0,0.0,[]
TCGA-BP-5191,TCGA-CJ-4902,0,1,0,0.0,[]
TCGA-BP-5191,TCGA-CJ-4903,0,1,0,0.0,[]
TCGA-BP-5191,TCGA-CJ-4904,0,1,0,0.0,[]
TCGA-BP-5191,TCGA-CJ-4923,0,1,0,0.0,[]
TCGA-BP-5191,TCGA-CJ-6027,0,1,0,0.0,[]
TCGA-BP-5191,TCGA-CJ-6028,0,1,0,0.0,[]
TCGA-BP-5191,TCGA-CJ-6030,0,1,0,0.0,[]
TCGA-BP-5191,TCGA-CJ-6033,0,1,0,0.0,[]
TCGA-BP-5191,TCGA-CZ-4859,0,1,0,0.0,[]
TCGA-BP-5191,TCGA-CZ-4863,0,0,0,0.0,[]
TCGA-BP-5191,TCGA-CZ-4865,0,0,0,0.0,[]
TCGA-BP-5191,TCGA-CZ-5451,0,1,0,0.0,[]
TCGA-BP-5191,TCGA-CZ-5462,0,0,0,0.0,[]
TCGA-BP-5191,TCGA-CZ-5468,0,0,0,0.0,[]
TCGA-BP-5191,TCGA-CZ-5984,0,1,0,0.0,[]
TCGA-BP-5191,TCGA-CZ-5985,0,1,0,0.0,[]
TCGA-BP-5191,TCGA-CZ-5988,0,0,0,0.0,[]
TCGA-BP-5191,TCGA-G6-A5PC,0,1,0,0.0,[]
TCGA-BP-5191,TCGA-G6-A8L7,0,1,0,0.0,[]
TCGA-BP-5192,TCGA-BP-5194,1,1,0,0.0,[]
TCGA-BP-5192,TCGA-BP-5195,1,1,0,0.0,[]
TCGA-BP-5192,TCGA-BP-5196,1,1,1,1.0,"[""K4_repeat2_K4_C0004""]"
TCGA-BP-5192,TCGA-BP-5199,1,1,1,1.0,"[""K4_repeat2_K4_C0004""]"
TCGA-BP-5192,TCGA-BP-5200,1,1,0,0.0,[]
TCGA-BP-5192,TCGA-CJ-4637,1,1,0,0.0,[]
TCGA-BP-5192,TCGA-CJ-4641,1,1,0,0.0,[]
TCGA-BP-5192,TCGA-CJ-4900,1,1,0,0.0,[]
TCGA-BP-5192,TCGA-CJ-4902,1,1,0,0.0,[]
TCGA-BP-5192,TCGA-CJ-4903,1,1,0,0.0,[]
TCGA-BP-5192,TCGA-CJ-4904,1,1,0,0.0,[]
TCGA-BP-5192,TCGA-CJ-4923,1,1,0,0.0,[]
TCGA-BP-5192,TCGA-CJ-6027,1,1,0,0.0,[]
TCGA-BP-5192,TCGA-CJ-6028,1,1,0,0.0,[]
TCGA-BP-5192,TCGA-CJ-6030,1,1,0,0.0,[]
TCGA-BP-5192,TCGA-CJ-6033,1,1,0,0.0,[]
TCGA-BP-5192,TCGA-CZ-4859,1,1,0,0.0,[]
TCGA-BP-5192,TCGA-CZ-4863,1,0,0,0.0,[]
TCGA-BP-5192,TCGA-CZ-4865,1,0,0,0.0,[]
TCGA-BP-5192,TCGA-CZ-5451,1,1,0,0.0,[]
TCGA-BP-5192,TCGA-CZ-5462,1,0,0,0.0,[]
TCGA-BP-5192,TCGA-CZ-5468,1,0,0,0.0,[]
TCGA-BP-5192,TCGA-CZ-5984,1,1,1,1.0,"[""K4_repeat2_K4_C0004""]"
TCGA-BP-5192,TCGA-CZ-5985,1,1,0,0.0,[]
TCGA-BP-5192,TCGA-CZ-5988,1,0,0,0.0,[]
TCGA-BP-5192,TCGA-G6-A5PC,1,1,0,0.0,[]
TCGA-BP-5192,TCGA-G6-A8L7,1,1,0,0.0,[]
TCGA-BP-5194,TCGA-BP-5195,1,1,1,1.0,"[""K4_repeat2_K4_C0001""]"
TCGA-BP-5194,TCGA-BP-5196,1,1,0,0.0,[]
TCGA-BP-5194,TCGA-BP-5199,1,1,0,0.0,[]
TCGA-BP-5194,TCGA-BP-5200,1,1,1,1.0,"[""K4_repeat2_K4_C0001""]"
TCGA-BP-5194,TCGA-CJ-4637,1,1,0,0.0,[]
TCGA-BP-5194,TCGA-CJ-4641,1,1,0,0.0,[]
TCGA-BP-5194,TCGA-CJ-4900,1,1,0,0.0,[]
TCGA-BP-5194,TCGA-CJ-4902,1,1,0,0.0,[]
TCGA-BP-5194,TCGA-CJ-4903,1,1,1,1.0,"[""K4_repeat2_K4_C0001""]"
TCGA-BP-5194,TCGA-CJ-4904,1,1,1,1.0,"[""K4_repeat2_K4_C0001""]"
TCGA-BP-5194,TCGA-CJ-4923,1,1,0,0.0,[]
TCGA-BP-5194,TCGA-CJ-6027,1,1,0,0.0,[]
TCGA-BP-5194,TCGA-CJ-6028,1,1,0,0.0,[]
TCGA-BP-5194,TCGA-CJ-6030,1,1,0,0.0,[]
TCGA-BP-5194,TCGA-CJ-6033,1,1,1,1.0,"[""K4_repeat2_K4_C0001""]"
TCGA-BP-5194,TCGA-CZ-4859,1,1,1,1.0,"[""K4_repeat2_K4_C0001""]"
TCGA-BP-5194,TCGA-CZ-4863,1,0,0,0.0,[]
TCGA-BP-5194,TCGA-CZ-4865,1,0,0,0.0,[]
TCGA-BP-5194,TCGA-CZ-5451,1,1,1,1.0,"[""K4_repeat2_K4_C0001""]"
TCGA-BP-5194,TCGA-CZ-5462,1,0,0,0.0,[]
TCGA-BP-5194,TCGA-CZ-5468,1,0,0,0.0,[]
TCGA-BP-5194,TCGA-CZ-5984,1,1,0,0.0,[]
TCGA-BP-5194,TCGA-CZ-5985,1,1,0,0.0,[]
TCGA-BP-5194,TCGA-CZ-5988,1,0,0,0.0,[]
TCGA-BP-5194,TCGA-G6-A5PC,1,1,0,0.0,[]
TCGA-BP-5194,TCGA-G6-A8L7,1,1,1,1.0,"[""K4_repeat2_K4_C0001""]"
TCGA-BP-5195,TCGA-BP-5196,1,1,0,0.0,[]
TCGA-BP-5195,TCGA-BP-5199,1,1,0,0.0,[]
TCGA-BP-5195,TCGA-BP-5200,1,1,1,1.0,"[""K4_repeat2_K4_C0001""]"
TCGA-BP-5195,TCGA-CJ-4637,1,1,0,0.0,[]
TCGA-BP-5195,TCGA-CJ-4641,1,1,0,0.0,[]
TCGA-BP-5195,TCGA-CJ-4900,1,1,0,0.0,[]
TCGA-BP-5195,TCGA-CJ-4902,1,1,0,0.0,[]
TCGA-BP-5195,TCGA-CJ-4903,1,1,1,1.0,"[""K4_repeat2_K4_C0001""]"
TCGA-BP-5195,TCGA-CJ-4904,1,1,1,1.0,"[""K4_repeat2_K4_C0001""]"
TCGA-BP-5195,TCGA-CJ-4923,1,1,0,0.0,[]
TCGA-BP-5195,TCGA-CJ-6027,1,1,0,0.0,[]
TCGA-BP-5195,TCGA-CJ-6028,1,1,0,0.0,[]
TCGA-BP-5195,TCGA-CJ-6030,1,1,0,0.0,[]
TCGA-BP-5195,TCGA-CJ-6033,1,1,1,1.0,"[""K4_repeat2_K4_C0001""]"
TCGA-BP-5195,TCGA-CZ-4859,1,1,1,1.0,"[""K4_repeat2_K4_C0001""]"
TCGA-BP-5195,TCGA-CZ-4863,1,0,0,0.0,[]
TCGA-BP-5195,TCGA-CZ-4865,1,0,0,0.0,[]
TCGA-BP-5195,TCGA-CZ-5451,1,1,1,1.0,"[""K4_repeat2_K4_C0001""]"
TCGA-BP-5195,TCGA-CZ-5462,1,0,0,0.0,[]
TCGA-BP-5195,TCGA-CZ-5468,1,0,0,0.0,[]
TCGA-BP-5195,TCGA-CZ-5984,1,1,0,0.0,[]
TCGA-BP-5195,TCGA-CZ-5985,1,1,0,0.0,[]
TCGA-BP-5195,TCGA-CZ-5988,1,0,0,0.0,[]
TCGA-BP-5195,TCGA-G6-A5PC,1,1,0,0.0,[]
TCGA-BP-5195,TCGA-G6-A8L7,1,1,1,1.0,"[""K4_repeat2_K4_C0001""]"
TCGA-BP-5196,TCGA-BP-5199,1,1,1,1.0,"[""K4_repeat2_K4_C0004""]"
TCGA-BP-5196,TCGA-BP-5200,1,1,0,0.0,[]
TCGA-BP-5196,TCGA-CJ-4637,1,1,0,0.0,[]
TCGA-BP-5196,TCGA-CJ-4641,1,1,0,0.0,[]
TCGA-BP-5196,TCGA-CJ-4900,1,1,0,0.0,[]
TCGA-BP-5196,TCGA-CJ-4902,1,1,0,0.0,[]
TCGA-BP-5196,TCGA-CJ-4903,1,1,0,0.0,[]
TCGA-BP-5196,TCGA-CJ-4904,1,1,0,0.0,[]
TCGA-BP-5196,TCGA-CJ-4923,1,1,0,0.0,[]
TCGA-BP-5196,TCGA-CJ-6027,1,1,0,0.0,[]
TCGA-BP-5196,TCGA-CJ-6028,1,1,0,0.0,[]
TCGA-BP-5196,TCGA-CJ-6030,1,1,0,0.0,[]
TCGA-BP-5196,TCGA-CJ-6033,1,1,0,0.0,[]
TCGA-BP-5196,TCGA-CZ-4859,1,1,0,0.0,[]
TCGA-BP-5196,TCGA-CZ-4863,1,0,0,0.0,[]
TCGA-BP-5196,TCGA-CZ-4865,1,0,0,0.0,[]
TCGA-BP-5196,TCGA-CZ-5451,1,1,0,0.0,[]
TCGA-BP-5196,TCGA-CZ-5462,1,0,0,0.0,[]
TCGA-BP-5196,TCGA-CZ-5468,1,0,0,0.0,[]
TCGA-BP-5196,TCGA-CZ-5984,1,1,1,1.0,"[""K4_repeat2_K4_C0004""]"
TCGA-BP-5196,TCGA-CZ-5985,1,1,0,0.0,[]
TCGA-BP-5196,TCGA-CZ-5988,1,0,0,0.0,[]
TCGA-BP-5196,TCGA-G6-A5PC,1,1,0,0.0,[]
TCGA-BP-5196,TCGA-G6-A8L7,1,1,0,0.0,[]
TCGA-BP-5199,TCGA-BP-5200,1,1,0,0.0,[]
TCGA-BP-5199,TCGA-CJ-4637,1,1,0,0.0,[]
TCGA-BP-5199,TCGA-CJ-4641,1,1,0,0.0,[]
TCGA-BP-5199,TCGA-CJ-4900,1,1,0,0.0,[]
TCGA-BP-5199,TCGA-CJ-4902,1,1,0,0.0,[]
TCGA-BP-5199,TCGA-CJ-4903,1,1,0,0.0,[]
TCGA-BP-5199,TCGA-CJ-4904,1,1,0,0.0,[]
TCGA-BP-5199,TCGA-CJ-4923,1,1,0,0.0,[]
TCGA-BP-5199,TCGA-CJ-6027,1,1,0,0.0,[]
TCGA-BP-5199,TCGA-CJ-6028,1,1,0,0.0,[]
TCGA-BP-5199,TCGA-CJ-6030,1,1,0,0.0,[]
TCGA-BP-5199,TCGA-CJ-6033,1,1,0,0.0,[]
TCGA-BP-5199,TCGA-CZ-4859,1,1,0,0.0,[]
TCGA-BP-5199,TCGA-CZ-4863,1,0,0,0.0,[]
TCGA-BP-5199,TCGA-CZ-4865,1,0,0,0.0,[]
TCGA-BP-5199,TCGA-CZ-5451,1,1,0,0.0,[]
TCGA-BP-5199,TCGA-CZ-5462,1,0,0,0.0,[]
TCGA-BP-5199,TCGA-CZ-5468,1,0,0,0.0,[]
TCGA-BP-5199,TCGA-CZ-5984,1,1,1,1.0,"[""K4_repeat2_K4_C0004""]"
TCGA-BP-5199,TCGA-CZ-5985,1,1,0,0.0,[]
TCGA-BP-5199,TCGA-CZ-5988,1,0,0,0.0,[]
TCGA-BP-5199,TCGA-G6-A5PC,1,1,0,0.0,[]
TCGA-BP-5199,TCGA-G6-A8L7,1,1,0,0.0,[]
TCGA-BP-5200,TCGA-CJ-4637,1,1,0,0.0,[]
TCGA-BP-5200,TCGA-CJ-4641,1,1,0,0.0,[]
TCGA-BP-5200,TCGA-CJ-4900,1,1,0,0.0,[]
TCGA-BP-5200,TCGA-CJ-4902,1,1,0,0.0,[]
TCGA-BP-5200,TCGA-CJ-4903,1,1,1,1.0,"[""K4_repeat2_K4_C0001""]"
TCGA-BP-5200,TCGA-CJ-4904,1,1,1,1.0,"[""K4_repeat2_K4_C0001""]"
TCGA-BP-5200,TCGA-CJ-4923,1,1,0,0.0,[]
TCGA-BP-5200,TCGA-CJ-6027,1,1,0,0.0,[]
TCGA-BP-5200,TCGA-CJ-6028,1,1,0,0.0,[]
TCGA-BP-5200,TCGA-CJ-6030,1,1,0,0.0,[]
TCGA-BP-5200,TCGA-CJ-6033,1,1,1,1.0,"[""K4_repeat2_K4_C0001""]"
TCGA-BP-5200,TCGA-CZ-4859,1,1,1,1.0,"[""K4_repeat2_K4_C0001""]"
TCGA-BP-5200,TCGA-CZ-4863,1,0,0,0.0,[]
TCGA-BP-5200,TCGA-CZ-4865,1,0,0,0.0,[]
TCGA-BP-5200,TCGA-CZ-5451,1,1,1,1.0,"[""K4_repeat2_K4_C0001""]"
TCGA-BP-5200,TCGA-CZ-5462,1,0,0,0.0,[]
TCGA-BP-5200,TCGA-CZ-5468,1,0,0,0.0,[]
TCGA-BP-5200,TCGA-CZ-5984,1,1,0,0.0,[]
TCGA-BP-5200,TCGA-CZ-5985,1,1,0,0.0,[]
TCGA-BP-5200,TCGA-CZ-5988,1,0,0,0.0,[]
TCGA-BP-5200,TCGA-G6-A5PC,1,1,0,0.0,[]
TCGA-BP-5200,TCGA-G6-A8L7,1,1,1,1.0,"[""K4_repeat2_K4_C0001""]"
TCGA-CJ-4637,TCGA-CJ-4641,1,1,1,1.0,"[""K4_repeat2_K4_C0003""]"
TCGA-CJ-4637,TCGA-CJ-4900,1,1,1,1.0,"[""K4_repeat2_K4_C0003""]"
TCGA-CJ-4637,TCGA-CJ-4902,1,1,1,1.0,"[""K4_repeat2_K4_C0003""]"
TCGA-CJ-4637,TCGA-CJ-4903,1,1,0,0.0,[]
TCGA-CJ-4637,TCGA-CJ-4904,1,1,0,0.0,[]
TCGA-CJ-4637,TCGA-CJ-4923,1,1,1,1.0,"[""K4_repeat2_K4_C0003""]"
TCGA-CJ-4637,TCGA-CJ-6027,1,1,1,1.0,"[""K4_repeat2_K4_C0003""]"
TCGA-CJ-4637,TCGA-CJ-6028,1,1,1,1.0,"[""K4_repeat2_K4_C0003""]"
TCGA-CJ-4637,TCGA-CJ-6030,1,1,1,1.0,"[""K4_repeat2_K4_C0003""]"
TCGA-CJ-4637,TCGA-CJ-6033,1,1,0,0.0,[]
TCGA-CJ-4637,TCGA-CZ-4859,1,1,0,0.0,[]
TCGA-CJ-4637,TCGA-CZ-4863,1,0,0,0.0,[]
TCGA-CJ-4637,TCGA-CZ-4865,1,0,0,0.0,[]
TCGA-CJ-4637,TCGA-CZ-5451,1,1,0,0.0,[]
TCGA-CJ-4637,TCGA-CZ-5462,1,0,0,0.0,[]
TCGA-CJ-4637,TCGA-CZ-5468,1,0,0,0.0,[]
TCGA-CJ-4637,TCGA-CZ-5984,1,1,0,0.0,[]
TCGA-CJ-4637,TCGA-CZ-5985,1,1,1,1.0,"[""K4_repeat2_K4_C0003""]"
TCGA-CJ-4637,TCGA-CZ-5988,1,0,0,0.0,[]
TCGA-CJ-4637,TCGA-G6-A5PC,1,1,1,1.0,"[""K4_repeat2_K4_C0003""]"
TCGA-CJ-4637,TCGA-G6-A8L7,1,1,0,0.0,[]
TCGA-CJ-4641,TCGA-CJ-4900,1,1,1,1.0,"[""K4_repeat2_K4_C0003""]"
TCGA-CJ-4641,TCGA-CJ-4902,1,1,1,1.0,"[""K4_repeat2_K4_C0003""]"
TCGA-CJ-4641,TCGA-CJ-4903,1,1,0,0.0,[]
TCGA-CJ-4641,TCGA-CJ-4904,1,1,0,0.0,[]
TCGA-CJ-4641,TCGA-CJ-4923,1,1,1,1.0,"[""K4_repeat2_K4_C0003""]"
TCGA-CJ-4641,TCGA-CJ-6027,1,1,1,1.0,"[""K4_repeat2_K4_C0003""]"
TCGA-CJ-4641,TCGA-CJ-6028,1,1,1,1.0,"[""K4_repeat2_K4_C0003""]"
TCGA-CJ-4641,TCGA-CJ-6030,1,1,1,1.0,"[""K4_repeat2_K4_C0003""]"
TCGA-CJ-4641,TCGA-CJ-6033,1,1,0,0.0,[]
TCGA-CJ-4641,TCGA-CZ-4859,1,1,0,0.0,[]
TCGA-CJ-4641,TCGA-CZ-4863,1,0,0,0.0,[]
TCGA-CJ-4641,TCGA-CZ-4865,1,0,0,0.0,[]
TCGA-CJ-4641,TCGA-CZ-5451,1,1,0,0.0,[]
TCGA-CJ-4641,TCGA-CZ-5462,1,0,0,0.0,[]
TCGA-CJ-4641,TCGA-CZ-5468,1,0,0,0.0,[]
TCGA-CJ-4641,TCGA-CZ-5984,1,1,0,0.0,[]
TCGA-CJ-4641,TCGA-CZ-5985,1,1,1,1.0,"[""K4_repeat2_K4_C0003""]"
TCGA-CJ-4641,TCGA-CZ-5988,1,0,0,0.0,[]
TCGA-CJ-4641,TCGA-G6-A5PC,1,1,1,1.0,"[""K4_repeat2_K4_C0003""]"
TCGA-CJ-4641,TCGA-G6-A8L7,1,1,0,0.0,[]
TCGA-CJ-4900,TCGA-CJ-4902,1,1,1,1.0,"[""K4_repeat2_K4_C0003""]"
TCGA-CJ-4900,TCGA-CJ-4903,1,1,0,0.0,[]
TCGA-CJ-4900,TCGA-CJ-4904,1,1,0,0.0,[]
TCGA-CJ-4900,TCGA-CJ-4923,1,1,1,1.0,"[""K4_repeat2_K4_C0003""]"
TCGA-CJ-4900,TCGA-CJ-6027,1,1,1,1.0,"[""K4_repeat2_K4_C0003""]"
TCGA-CJ-4900,TCGA-CJ-6028,1,1,1,1.0,"[""K4_repeat2_K4_C0003""]"
TCGA-CJ-4900,TCGA-CJ-6030,1,1,1,1.0,"[""K4_repeat2_K4_C0003""]"
TCGA-CJ-4900,TCGA-CJ-6033,1,1,0,0.0,[]
TCGA-CJ-4900,TCGA-CZ-4859,1,1,0,0.0,[]
TCGA-CJ-4900,TCGA-CZ-4863,1,0,0,0.0,[]
TCGA-CJ-4900,TCGA-CZ-4865,1,0,0,0.0,[]
TCGA-CJ-4900,TCGA-CZ-5451,1,1,0,0.0,[]
TCGA-CJ-4900,TCGA-CZ-5462,1,0,0,0.0,[]
TCGA-CJ-4900,TCGA-CZ-5468,1,0,0,0.0,[]
TCGA-CJ-4900,TCGA-CZ-5984,1,1,0,0.0,[]
TCGA-CJ-4900,TCGA-CZ-5985,1,1,1,1.0,"[""K4_repeat2_K4_C0003""]"
TCGA-CJ-4900,TCGA-CZ-5988,1,0,0,0.0,[]
TCGA-CJ-4900,TCGA-G6-A5PC,1,1,1,1.0,"[""K4_repeat2_K4_C0003""]"
TCGA-CJ-4900,TCGA-G6-A8L7,1,1,0,0.0,[]
TCGA-CJ-4902,TCGA-CJ-4903,1,1,0,0.0,[]
TCGA-CJ-4902,TCGA-CJ-4904,1,1,0,0.0,[]
TCGA-CJ-4902,TCGA-CJ-4923,1,1,1,1.0,"[""K4_repeat2_K4_C0003""]"
TCGA-CJ-4902,TCGA-CJ-6027,1,1,1,1.0,"[""K4_repeat2_K4_C0003""]"
TCGA-CJ-4902,TCGA-CJ-6028,1,1,1,1.0,"[""K4_repeat2_K4_C0003""]"
TCGA-CJ-4902,TCGA-CJ-6030,1,1,1,1.0,"[""K4_repeat2_K4_C0003""]"
TCGA-CJ-4902,TCGA-CJ-6033,1,1,0,0.0,[]
TCGA-CJ-4902,TCGA-CZ-4859,1,1,0,0.0,[]
TCGA-CJ-4902,TCGA-CZ-4863,1,0,0,0.0,[]
TCGA-CJ-4902,TCGA-CZ-4865,1,0,0,0.0,[]
TCGA-CJ-4902,TCGA-CZ-5451,1,1,0,0.0,[]
TCGA-CJ-4902,TCGA-CZ-5462,1,0,0,0.0,[]
TCGA-CJ-4902,TCGA-CZ-5468,1,0,0,0.0,[]
TCGA-CJ-4902,TCGA-CZ-5984,1,1,0,0.0,[]
TCGA-CJ-4902,TCGA-CZ-5985,1,1,1,1.0,"[""K4_repeat2_K4_C0003""]"
TCGA-CJ-4902,TCGA-CZ-5988,1,0,0,0.0,[]
TCGA-CJ-4902,TCGA-G6-A5PC,1,1,1,1.0,"[""K4_repeat2_K4_C0003""]"
TCGA-CJ-4902,TCGA-G6-A8L7,1,1,0,0.0,[]
TCGA-CJ-4903,TCGA-CJ-4904,1,1,1,1.0,"[""K4_repeat2_K4_C0001""]"
TCGA-CJ-4903,TCGA-CJ-4923,1,1,0,0.0,[]
TCGA-CJ-4903,TCGA-CJ-6027,1,1,0,0.0,[]
TCGA-CJ-4903,TCGA-CJ-6028,1,1,0,0.0,[]
TCGA-CJ-4903,TCGA-CJ-6030,1,1,0,0.0,[]
TCGA-CJ-4903,TCGA-CJ-6033,1,1,1,1.0,"[""K4_repeat2_K4_C0001""]"
TCGA-CJ-4903,TCGA-CZ-4859,1,1,1,1.0,"[""K4_repeat2_K4_C0001""]"
TCGA-CJ-4903,TCGA-CZ-4863,1,0,0,0.0,[]
TCGA-CJ-4903,TCGA-CZ-4865,1,0,0,0.0,[]
TCGA-CJ-4903,TCGA-CZ-5451,1,1,1,1.0,"[""K4_repeat2_K4_C0001""]"
TCGA-CJ-4903,TCGA-CZ-5462,1,0,0,0.0,[]
TCGA-CJ-4903,TCGA-CZ-5468,1,0,0,0.0,[]
TCGA-CJ-4903,TCGA-CZ-5984,1,1,0,0.0,[]
TCGA-CJ-4903,TCGA-CZ-5985,1,1,0,0.0,[]
TCGA-CJ-4903,TCGA-CZ-5988,1,0,0,0.0,[]
TCGA-CJ-4903,TCGA-G6-A5PC,1,1,0,0.0,[]
TCGA-CJ-4903,TCGA-G6-A8L7,1,1,1,1.0,"[""K4_repeat2_K4_C0001""]"
TCGA-CJ-4904,TCGA-CJ-4923,1,1,0,0.0,[]
TCGA-CJ-4904,TCGA-CJ-6027,1,1,0,0.0,[]
TCGA-CJ-4904,TCGA-CJ-6028,1,1,0,0.0,[]
TCGA-CJ-4904,TCGA-CJ-6030,1,1,0,0.0,[]
TCGA-CJ-4904,TCGA-CJ-6033,1,1,1,1.0,"[""K4_repeat2_K4_C0001""]"
TCGA-CJ-4904,TCGA-CZ-4859,1,1,1,1.0,"[""K4_repeat2_K4_C0001""]"
TCGA-CJ-4904,TCGA-CZ-4863,1,0,0,0.0,[]
TCGA-CJ-4904,TCGA-CZ-4865,1,0,0,0.0,[]
TCGA-CJ-4904,TCGA-CZ-5451,1,1,1,1.0,"[""K4_repeat2_K4_C0001""]"
TCGA-CJ-4904,TCGA-CZ-5462,1,0,0,0.0,[]
TCGA-CJ-4904,TCGA-CZ-5468,1,0,0,0.0,[]
TCGA-CJ-4904,TCGA-CZ-5984,1,1,0,0.0,[]
TCGA-CJ-4904,TCGA-CZ-5985,1,1,0,0.0,[]
TCGA-CJ-4904,TCGA-CZ-5988,1,0,0,0.0,[]
TCGA-CJ-4904,TCGA-G6-A5PC,1,1,0,0.0,[]
TCGA-CJ-4904,TCGA-G6-A8L7,1,1,1,1.0,"[""K4_repeat2_K4_C0001""]"
TCGA-CJ-4923,TCGA-CJ-6027,1,1,1,1.0,"[""K4_repeat2_K4_C0003""]"
TCGA-CJ-4923,TCGA-CJ-6028,1,1,1,1.0,"[""K4_repeat2_K4_C0003""]"
TCGA-CJ-4923,TCGA-CJ-6030,1,1,1,1.0,"[""K4_repeat2_K4_C0003""]"
TCGA-CJ-4923,TCGA-CJ-6033,1,1,0,0.0,[]
TCGA-CJ-4923,TCGA-CZ-4859,1,1,0,0.0,[]
TCGA-CJ-4923,TCGA-CZ-4863,1,0,0,0.0,[]
TCGA-CJ-4923,TCGA-CZ-4865,1,0,0,0.0,[]
TCGA-CJ-4923,TCGA-CZ-5451,1,1,0,0.0,[]
TCGA-CJ-4923,TCGA-CZ-5462,1,0,0,0.0,[]
TCGA-CJ-4923,TCGA-CZ-5468,1,0,0,0.0,[]
TCGA-CJ-4923,TCGA-CZ-5984,1,1,0,0.0,[]
TCGA-CJ-4923,TCGA-CZ-5985,1,1,1,1.0,"[""K4_repeat2_K4_C0003""]"
TCGA-CJ-4923,TCGA-CZ-5988,1,0,0,0.0,[]
TCGA-CJ-4923,TCGA-G6-A5PC,1,1,1,1.0,"[""K4_repeat2_K4_C0003""]"
TCGA-CJ-4923,TCGA-G6-A8L7,1,1,0,0.0,[]
TCGA-CJ-6027,TCGA-CJ-6028,1,1,1,1.0,"[""K4_repeat2_K4_C0003""]"
TCGA-CJ-6027,TCGA-CJ-6030,1,1,1,1.0,"[""K4_repeat2_K4_C0003""]"
TCGA-CJ-6027,TCGA-CJ-6033,1,1,0,0.0,[]
TCGA-CJ-6027,TCGA-CZ-4859,1,1,0,0.0,[]
TCGA-CJ-6027,TCGA-CZ-4863,1,0,0,0.0,[]
TCGA-CJ-6027,TCGA-CZ-4865,1,0,0,0.0,[]
TCGA-CJ-6027,TCGA-CZ-5451,1,1,0,0.0,[]
TCGA-CJ-6027,TCGA-CZ-5462,1,0,0,0.0,[]
TCGA-CJ-6027,TCGA-CZ-5468,1,0,0,0.0,[]
TCGA-CJ-6027,TCGA-CZ-5984,1,1,0,0.0,[]
TCGA-CJ-6027,TCGA-CZ-5985,1,1,1,1.0,"[""K4_repeat2_K4_C0003""]"
TCGA-CJ-6027,TCGA-CZ-5988,1,0,0,0.0,[]
TCGA-CJ-6027,TCGA-G6-A5PC,1,1,1,1.0,"[""K4_repeat2_K4_C0003""]"
TCGA-CJ-6027,TCGA-G6-A8L7,1,1,0,0.0,[]
TCGA-CJ-6028,TCGA-CJ-6030,1,1,1,1.0,"[""K4_repeat2_K4_C0003""]"
TCGA-CJ-6028,TCGA-CJ-6033,1,1,0,0.0,[]
TCGA-CJ-6028,TCGA-CZ-4859,1,1,0,0.0,[]
TCGA-CJ-6028,TCGA-CZ-4863,1,0,0,0.0,[]
TCGA-CJ-6028,TCGA-CZ-4865,1,0,0,0.0,[]
TCGA-CJ-6028,TCGA-CZ-5451,1,1,0,0.0,[]
TCGA-CJ-6028,TCGA-CZ-5462,1,0,0,0.0,[]
TCGA-CJ-6028,TCGA-CZ-5468,1,0,0,0.0,[]
TCGA-CJ-6028,TCGA-CZ-5984,1,1,0,0.0,[]
TCGA-CJ-6028,TCGA-CZ-5985,1,1,1,1.0,"[""K4_repeat2_K4_C0003""]"
TCGA-CJ-6028,TCGA-CZ-5988,1,0,0,0.0,[]
TCGA-CJ-6028,TCGA-G6-A5PC,1,1,1,1.0,"[""K4_repeat2_K4_C0003""]"
TCGA-CJ-6028,TCGA-G6-A8L7,1,1,0,0.0,[]
TCGA-CJ-6030,TCGA-CJ-6033,1,1,0,0.0,[]
TCGA-CJ-6030,TCGA-CZ-4859,1,1,0,0.0,[]
TCGA-CJ-6030,TCGA-CZ-4863,1,0,0,0.0,[]
TCGA-CJ-6030,TCGA-CZ-4865,1,0,0,0.0,[]
TCGA-CJ-6030,TCGA-CZ-5451,1,1,0,0.0,[]
TCGA-CJ-6030,TCGA-CZ-5462,1,0,0,0.0,[]
TCGA-CJ-6030,TCGA-CZ-5468,1,0,0,0.0,[]
TCGA-CJ-6030,TCGA-CZ-5984,1,1,0,0.0,[]
TCGA-CJ-6030,TCGA-CZ-5985,1,1,1,1.0,"[""K4_repeat2_K4_C0003""]"
TCGA-CJ-6030,TCGA-CZ-5988,1,0,0,0.0,[]
TCGA-CJ-6030,TCGA-G6-A5PC,1,1,1,1.0,"[""K4_repeat2_K4_C0003""]"
TCGA-CJ-6030,TCGA-G6-A8L7,1,1,0,0.0,[]
TCGA-CJ-6033,TCGA-CZ-4859,1,1,1,1.0,"[""K4_repeat2_K4_C0001""]"
TCGA-CJ-6033,TCGA-CZ-4863,1,0,0,0.0,[]
TCGA-CJ-6033,TCGA-CZ-4865,1,0,0,0.0,[]
TCGA-CJ-6033,TCGA-CZ-5451,1,1,1,1.0,"[""K4_repeat2_K4_C0001""]"
TCGA-CJ-6033,TCGA-CZ-5462,1,0,0,0.0,[]
TCGA-CJ-6033,TCGA-CZ-5468,1,0,0,0.0,[]
TCGA-CJ-6033,TCGA-CZ-5984,1,1,0,0.0,[]
TCGA-CJ-6033,TCGA-CZ-5985,1,1,0,0.0,[]
TCGA-CJ-6033,TCGA-CZ-5988,1,0,0,0.0,[]
TCGA-CJ-6033,TCGA-G6-A5PC,1,1,0,0.0,[]
TCGA-CJ-6033,TCGA-G6-A8L7,1,1,1,1.0,"[""K4_repeat2_K4_C0001""]"
TCGA-CZ-4859,TCGA-CZ-4863,1,0,0,0.0,[]
TCGA-CZ-4859,TCGA-CZ-4865,1,0,0,0.0,[]
TCGA-CZ-4859,TCGA-CZ-5451,1,1,1,1.0,"[""K4_repeat2_K4_C0001""]"
TCGA-CZ-4859,TCGA-CZ-5462,1,0,0,0.0,[]
TCGA-CZ-4859,TCGA-CZ-5468,1,0,0,0.0,[]
TCGA-CZ-4859,TCGA-CZ-5984,1,1,0,0.0,[]
TCGA-CZ-4859,TCGA-CZ-5985,1,1,0,0.0,[]
TCGA-CZ-4859,TCGA-CZ-5988,1,0,0,0.0,[]
TCGA-CZ-4859,TCGA-G6-A5PC,1,1,0,0.0,[]
TCGA-CZ-4859,TCGA-G6-A8L7,1,1,1,1.0,"[""K4_repeat2_K4_C0001""]"
TCGA-CZ-4863,TCGA-CZ-4865,0,0,0,0.0,[]
TCGA-CZ-4863,TCGA-CZ-5451,0,1,0,0.0,[]
TCGA-CZ-4863,TCGA-CZ-5462,0,0,0,0.0,[]
TCGA-CZ-4863,TCGA-CZ-5468,0,0,0,0.0,[]
TCGA-CZ-4863,TCGA-CZ-5984,0,1,0,0.0,[]
TCGA-CZ-4863,TCGA-CZ-5985,0,1,0,0.0,[]
TCGA-CZ-4863,TCGA-CZ-5988,0,0,0,0.0,[]
TCGA-CZ-4863,TCGA-G6-A5PC,0,1,0,0.0,[]
TCGA-CZ-4863,TCGA-G6-A8L7,0,1,0,0.0,[]
TCGA-CZ-4865,TCGA-CZ-5451,0,1,0,0.0,[]
TCGA-CZ-4865,TCGA-CZ-5462,0,0,0,0.0,[]
TCGA-CZ-4865,TCGA-CZ-5468,0,0,0,0.0,[]
TCGA-CZ-4865,TCGA-CZ-5984,0,1,0,0.0,[]
TCGA-CZ-4865,TCGA-CZ-5985,0,1,0,0.0,[]
TCGA-CZ-4865,TCGA-CZ-5988,0,0,0,0.0,[]
TCGA-CZ-4865,TCGA-G6-A5PC,0,1,0,0.0,[]
TCGA-CZ-4865,TCGA-G6-A8L7,0,1,0,0.0,[]
TCGA-CZ-5451,TCGA-CZ-5462,1,0,0,0.0,[]
TCGA-CZ-5451,TCGA-CZ-5468,1,0,0,0.0,[]
TCGA-CZ-5451,TCGA-CZ-5984,1,1,0,0.0,[]
TCGA-CZ-5451,TCGA-CZ-5985,1,1,0,0.0,[]
TCGA-CZ-5451,TCGA-CZ-5988,1,0,0,0.0,[]
TCGA-CZ-5451,TCGA-G6-A5PC,1,1,0,0.0,[]
TCGA-CZ-5451,TCGA-G6-A8L7,1,1,1,1.0,"[""K4_repeat2_K4_C0001""]"
TCGA-CZ-5462,TCGA-CZ-5468,0,0,0,0.0,[]
TCGA-CZ-5462,TCGA-CZ-5984,0,1,0,0.0,[]
TCGA-CZ-5462,TCGA-CZ-5985,0,1,0,0.0,[]
TCGA-CZ-5462,TCGA-CZ-5988,0,0,0,0.0,[]
TCGA-CZ-5462,TCGA-G6-A5PC,0,1,0,0.0,[]
TCGA-CZ-5462,TCGA-G6-A8L7,0,1,0,0.0,[]
TCGA-CZ-5468,TCGA-CZ-5984,0,1,0,0.0,[]
TCGA-CZ-5468,TCGA-CZ-5985,0,1,0,0.0,[]
TCGA-CZ-5468,TCGA-CZ-5988,0,0,0,0.0,[]
TCGA-CZ-5468,TCGA-G6-A5PC,0,1,0,0.0,[]
TCGA-CZ-5468,TCGA-G6-A8L7,0,1,0,0.0,[]
TCGA-CZ-5984,TCGA-CZ-5985,1,1,0,0.0,[]
TCGA-CZ-5984,TCGA-CZ-5988,1,0,0,0.0,[]
TCGA-CZ-5984,TCGA-G6-A5PC,1,1,0,0.0,[]
TCGA-CZ-5984,TCGA-G6-A8L7,1,1,0,0.0,[]
TCGA-CZ-5985,TCGA-CZ-5988,1,0,0,0.0,[]
TCGA-CZ-5985,TCGA-G6-A5PC,1,1,1,1.0,"[""K4_repeat2_K4_C0003""]"
TCGA-CZ-5985,TCGA-G6-A8L7,1,1,0,0.0,[]
TCGA-CZ-5988,TCGA-G6-A5PC,0,1,0,0.0,[]
TCGA-CZ-5988,TCGA-G6-A8L7,0,1,0,0.0,[]
TCGA-G6-A5PC,TCGA-G6-A8L7,1,1,0,0.0,[]
