state_id,feature,n_core,n_rest,median_core,median_rest,mean_core,mean_rest,smd,p_value,q_value
STATE_A,embedding_0000,17,60,-0.52098072,-0.45167068,-0.50963956,-0.45627274,-0.58918622,0.0408715,0.08942824
STATE_A,embedding_0001,17,60,1.01011992,0.87208965,0.97690481,0.84532318,0.63637376,0.006284,0.02377395
STATE_A,embedding_0002,17,60,0.85271102,0.86757338,0.85994597,0.8702613,-0.12254243,0.58471098,0.69406187
STATE_A,embedding_0003,17,60,-0.72984457,-0.7194612,-0.78375492,-0.71170578,-0.46782517,0.15249677,0.24760575
STATE_A,embedding_0004,17,60,0.60485041,0.60147327,0.58990768,0.58451021,0.05194853,0.99510051,0.9963979
STATE_A,embedding_0005,17,60,-0.40080693,-0.41235058,-0.40608887,-0.38032766,-0.17169524,0.90711994,0.94784777
STATE_A,embedding_0006,17,60,1.09596837,1.19096977,1.12428975,1.19059249,-0.49322545,0.02749006,0.06516162
STATE_A,embedding_0007,17,60,0.47241077,0.41204016,0.48303278,0.40289695,0.81667321,0.00702328,0.02580803
STATE_A,embedding_0008,17,60,-0.56208575,-0.69229811,-0.57200914,-0.7009614,0.97994408,0.00085495,0.00556442
STATE_A,embedding_0009,17,60,0.9722504,0.99356955,0.98858286,0.97061365,0.19527895,0.40711253,0.53173881
STATE_A,embedding_0010,17,60,-0.14388663,-0.18635993,-0.17633207,-0.17310286,-0.0217283,0.74483778,0.83144682
STATE_A,embedding_0011,17,60,0.42651951,0.4421016,0.44038266,0.42706401,0.10719189,0.97550626,0.98061362
STATE_A,embedding_0012,17,60,-0.66987878,-0.47506647,-0.64100655,-0.45781818,-1.23754999,3.053e-05,0.00135195
STATE_A,embedding_0013,17,60,-0.55606782,-0.4795599,-0.55974399,-0.46921118,-0.66598107,0.01008428,0.03323917
STATE_A,embedding_0014,17,60,1.71609426,1.44704694,1.65567883,1.41359588,1.19204962,4.436e-05,0.00135195
STATE_A,embedding_0015,17,60,-0.42638713,-0.50464731,-0.44052326,-0.47086639,0.22739219,0.17475573,0.27787247
STATE_A,embedding_0016,17,60,-0.61684275,-0.43468034,-0.5911755,-0.41791888,-1.02475774,9.169e-05,0.001796
STATE_A,embedding_0017,17,60,0.94550395,0.94796497,0.95999918,0.93108984,0.32456872,0.37325544,0.50115416
STATE_A,embedding_0018,17,60,0.38608956,0.43166128,0.38814344,0.44428691,-0.57222215,0.07800814,0.14866067
STATE_A,embedding_0019,17,60,0.83922958,0.85609564,0.84182272,0.85696893,-0.14730739,0.54323867,0.66118431
STATE_A,embedding_0020,17,60,0.67873043,0.80600259,0.70931117,0.82742773,-1.0640872,0.00021323,0.00272811
STATE_A,embedding_0021,17,60,-0.86628449,-0.7527495,-0.88362981,-0.7493098,-1.13490527,3.783e-05,0.00135195
STATE_A,embedding_0022,17,60,-0.31003195,-0.00667672,-0.27136892,0.01485162,-1.4434488,1.131e-05,0.00135195
STATE_A,embedding_0023,17,60,1.70995152,1.70621288,1.68192368,1.68456327,-0.02776101,0.79174349,0.86741655
STATE_A,embedding_0024,17,60,-0.8368389,-0.86163566,-0.81934272,-0.8603778,0.5380988,0.06108309,0.12280579
STATE_A,embedding_0025,17,60,0.22123446,0.20746333,0.22400066,0.2025535,0.19586281,0.48008059,0.60542183
STATE_A,embedding_0026,17,60,0.96845335,0.99813351,0.97666778,1.00379806,-0.34527154,0.14220975,0.23386957
STATE_A,embedding_0027,17,60,-3.58179712,-3.85339713,-3.62448014,-3.90970305,0.96053252,0.00016708,0.00233304
STATE_A,embedding_0028,17,60,0.17543931,0.11079821,0.16596459,0.12366627,0.37603756,0.0889513,0.16461349
STATE_A,embedding_0029,17,60,-0.38397378,-0.48817286,-0.40481882,-0.46381897,0.52218416,0.00382507,0.01678659
STATE_A,embedding_0030,17,60,1.10747683,1.21148479,1.10361353,1.20265038,-0.8500255,0.00068436,0.00505374
STATE_A,embedding_0031,17,60,0.82033497,0.84687793,0.84003657,0.81950874,0.14061983,0.97550626,0.98061362
STATE_A,embedding_0032,17,60,1.2977258,1.21186006,1.27297702,1.19413675,0.61487069,0.00728653,0.02627256
STATE_A,embedding_0033,17,60,0.32031494,0.39538458,0.30222407,0.40132209,-1.10033378,0.00039538,0.00374879
STATE_A,embedding_0034,17,60,-1.59168434,-1.47359103,-1.61867757,-1.47953742,-0.83383128,0.00071571,0.00508949
STATE_A,embedding_0035,17,60,4.62969637,4.52982473,4.60555985,4.53682066,0.42381113,0.1356535,0.22648237
STATE_A,embedding_0036,17,60,0.62158406,0.47609168,0.57867814,0.48496754,0.62256916,0.0283646,0.0662128
STATE_A,embedding_0037,17,60,-0.44966796,-0.43442623,-0.44132323,-0.41987028,-0.16515759,0.80122193,0.87406029
STATE_A,embedding_0038,17,60,-0.05918322,-0.30559948,-0.1037892,-0.28698867,0.91783261,0.00081796,0.00546255
STATE_A,embedding_0039,17,60,-0.31912065,-0.28188406,-0.33413586,-0.27743435,-0.65495937,0.02271613,0.05796009
STATE_A,embedding_0040,17,60,-0.13216498,-0.08731714,-0.11453632,-0.09084961,-0.18320389,0.29937845,0.42421153
STATE_A,embedding_0041,17,60,1.17159116,1.13968498,1.20511357,1.13942589,0.45011529,0.10368017,0.18304913
STATE_A,embedding_0042,17,60,0.47454211,0.7220037,0.51766528,0.75605912,-1.06177091,0.00010148,0.001796
STATE_A,embedding_0043,17,60,0.32622355,0.16463928,0.30387334,0.15568132,1.10323637,6.4e-05,0.00158555
STATE_A,embedding_0044,17,60,0.12878558,-0.02431216,0.09885551,-0.02193877,0.99264643,0.00043386,0.00387447
STATE_A,embedding_0045,17,60,-0.7334668,-0.65727922,-0.74449793,-0.64409588,-0.94270004,0.00111147,0.00677467
STATE_A,embedding_0046,17,60,-0.04687242,-0.0884409,-0.03684515,-0.09316152,0.56363918,0.06279896,0.12559792
STATE_A,embedding_0047,17,60,0.42043331,0.37486558,0.42113864,0.3998666,0.18863439,0.29937845,0.42421153
STATE_A,embedding_0048,17,60,-0.13445704,-0.09309267,-0.11791291,-0.08009934,-0.26888838,0.15249677,0.24760575
STATE_A,embedding_0049,17,60,-0.23906997,-0.23467778,-0.21455013,-0.22776838,0.08369345,0.58471098,0.69406187
STATE_A,embedding_0050,17,60,0.04634734,0.10284124,0.08505742,0.10584106,-0.18712648,0.32888567,0.45265985
STATE_A,embedding_0051,17,60,-1.00275993,-1.0173623,-0.99018749,-0.99517545,0.03210135,0.78229573,0.85951806
STATE_A,embedding_0052,17,60,-0.31710052,-0.19856815,-0.30748182,-0.19073292,-1.17331923,0.00022379,0.00272811
STATE_A,embedding_0053,17,60,-0.83878744,-0.87238941,-0.84056019,-0.84101673,0.00397586,0.88768462,0.93517392
STATE_A,embedding_0054,17,60,0.21077259,0.09670428,0.20536793,0.09516892,0.86037061,0.00059779,0.00454557
STATE_A,embedding_0055,17,60,-0.34252805,-0.35020317,-0.34409407,-0.3602884,0.15219943,0.57629977,0.6861988
STATE_A,embedding_0056,17,60,-0.41174126,-0.40662219,-0.40269791,-0.39913938,-0.02313471,0.61891308,0.72128262
STATE_A,embedding_0057,17,60,0.07080914,0.11913694,0.09439669,0.11916906,-0.14942158,0.44273717,0.56576064
STATE_A,embedding_0058,17,60,-0.97318351,-0.86670375,-0.98679978,-0.84574492,-1.12653498,6.076e-05,0.00155546
STATE_A,embedding_0059,17,60,1.0204078,1.29483795,1.06804057,1.27836793,-0.76701309,0.00540738,0.02140654
STATE_A,embedding_0060,17,60,1.13449037,1.02087766,1.11544875,1.01266825,0.85337441,0.00267534,0.01325588
STATE_A,embedding_0061,17,60,-0.65017778,-0.5901666,-0.59031383,-0.59458592,0.02529933,0.83941569,0.89912308
STATE_A,embedding_0062,17,60,-0.25566268,-0.07411078,-0.234987,-0.05807263,-1.03180687,0.0004142,0.0038326
STATE_A,embedding_0063,17,60,0.310285,0.24088276,0.27588925,0.25114264,0.23171458,0.28808601,0.41277995
STATE_A,embedding_0064,17,60,-1.71783817,-1.74071747,-1.71557812,-1.71678536,0.00857021,0.60170241,0.70875376
STATE_A,embedding_0065,17,60,-0.69827718,-0.63744178,-0.67492109,-0.62011346,-0.34835615,0.32888567,0.45265985
STATE_A,embedding_0066,17,60,-0.00779751,-0.00552708,-0.00018195,-0.00693484,0.05622854,0.93637386,0.96269762
STATE_A,embedding_0067,17,60,1.17555225,1.14628583,1.18607719,1.17220826,0.08055211,0.53512344,0.65441847
STATE_A,embedding_0068,17,60,0.7667467,0.65581882,0.76218294,0.64855977,0.85907099,0.00143762,0.00836433
STATE_A,embedding_0069,17,60,0.16379899,0.21251781,0.16706995,0.21350975,-0.52471081,0.02749006,0.06516162
STATE_A,embedding_0070,17,60,-0.81050014,-0.80788079,-0.79366739,-0.79455369,0.00493419,0.74483778,0.83144682
STATE_A,embedding_0071,17,60,1.47001696,1.51200294,1.44746338,1.51451453,-0.37572181,0.27708442,0.40075487
STATE_A,embedding_0072,17,60,-3.89205551,-3.88305175,-3.88125693,-3.84841508,-0.21033141,0.52706978,0.65183509
STATE_A,embedding_0073,17,60,-0.10167213,-0.30538562,-0.12661457,-0.30794123,1.17227755,0.00013045,0.00200371
STATE_A,embedding_0074,17,60,-0.12054679,-0.05032721,-0.13520251,-0.02450494,-0.61287903,0.03626387,0.08215532
STATE_A,embedding_0075,17,60,0.18757613,-0.05482555,0.1435328,-0.06226616,1.06409302,0.00028439,0.00312016
STATE_A,embedding_0076,17,60,-0.5514757,-0.67800424,-0.56788756,-0.68823556,0.88562914,0.00057128,0.00438743
STATE_A,embedding_0077,17,60,0.76711088,0.88702706,0.81173534,0.85224966,-0.21312873,0.21256299,0.32390551
STATE_A,embedding_0078,17,60,0.00357201,-0.0037288,-0.02220953,-0.05094446,0.12301397,0.96571394,0.97974677
STATE_A,embedding_0079,17,60,-0.49123955,-0.51102304,-0.51749541,-0.49244802,-0.18419849,0.67178186,0.76889489
STATE_A,embedding_0080,17,60,1.07086575,1.07372814,1.06267156,1.04756526,0.10403538,0.97550626,0.98061362
STATE_A,embedding_0081,17,60,0.46441287,0.45084254,0.45152508,0.45514863,-0.04153619,0.92661103,0.95778906
STATE_A,embedding_0082,17,60,0.73306322,0.49984936,0.7069187,0.45865988,1.14724973,1.673e-05,0.00135195
STATE_A,embedding_0083,17,60,-0.34315434,-0.31742084,-0.34947965,-0.31581415,-0.32897167,0.32283826,0.44754474
STATE_A,embedding_0084,17,60,0.29233858,0.28561038,0.29912246,0.30636537,-0.05032468,0.78229573,0.85951806
STATE_A,embedding_0085,17,60,-0.95858854,-1.08226699,-0.98639319,-1.08366536,0.80159839,0.00126487,0.00758922
STATE_A,embedding_0086,17,60,-0.54987699,-0.47102493,-0.56047989,-0.4380996,-0.55918814,0.02199486,0.05668474
STATE_A,embedding_0087,17,60,-0.55227476,-0.55159393,-0.55427664,-0.56859501,0.11142871,0.92661103,0.95778906
STATE_A,embedding_0088,17,60,0.18893559,0.19754552,0.19978976,0.20315195,-0.0228335,0.83941569,0.89912308
STATE_A,embedding_0089,17,60,-0.97233039,-1.00556523,-0.96882819,-1.01282359,0.39193612,0.12933318,0.21878388
STATE_A,embedding_0090,17,60,0.02753109,0.20085651,0.0558633,0.19131194,-0.78090989,0.00605361,0.02324586
STATE_A,embedding_0091,17,60,-0.39469314,-0.45585026,-0.4185788,-0.44862817,0.1672675,0.12028451,0.20666332
STATE_A,embedding_0092,17,60,0.08076871,0.09292149,0.08555825,0.08557661,-0.00012497,0.76349755,0.84490795
STATE_A,embedding_0093,17,60,-0.96495193,-1.02621484,-0.98933168,-1.0629974,0.33061388,0.12028451,0.20666332
STATE_A,embedding_0094,17,60,0.81714785,0.68964595,0.80856419,0.69759471,0.931983,0.00057128,0.00438743
STATE_A,embedding_0095,17,60,-0.99433023,-0.95920399,-0.98523102,-0.95998334,-0.24990489,0.31096241,0.43739768
STATE_A,embedding_0096,17,60,0.68094093,0.74714831,0.67587523,0.7571016,-0.69738203,0.00143762,0.00836433
STATE_A,embedding_0097,17,60,0.19638701,0.13665076,0.20477163,0.14044683,0.68615874,0.02271613,0.05796009
STATE_A,embedding_0098,17,60,0.28278187,0.18565582,0.26643823,0.16863735,0.74916701,0.00446751,0.01916786
STATE_A,embedding_0099,17,60,-2.57177186,-2.63318515,-2.56670927,-2.62761006,0.54417879,0.01807178,0.04939191
STATE_A,embedding_0100,17,60,-0.63018477,-0.58870068,-0.62657356,-0.60152513,-0.20684215,0.261125,0.38198857
STATE_A,embedding_0101,17,60,0.32465672,0.34680799,0.32582416,0.32341786,0.02638826,0.68076276,0.77455674
STATE_A,embedding_0102,17,60,1.80286396,1.74892247,1.82272098,1.74954723,0.36296633,0.22639212,0.33826683
STATE_A,embedding_0103,17,60,0.12781875,0.30699989,0.15108489,0.30206587,-0.81083014,0.00256936,0.013068
STATE_A,embedding_0104,17,60,-1.00099087,-0.70556229,-0.9615799,-0.67247023,-1.12054701,0.00011225,0.001796
STATE_A,embedding_0105,17,60,-1.04854524,-1.09397936,-1.05233024,-1.09108356,0.52410779,0.02129359,0.05524823
STATE_A,embedding_0106,17,60,-0.73437351,-0.86277989,-0.74266534,-0.87864906,0.86884565,0.00012409,0.00194492
STATE_A,embedding_0107,17,60,0.37475574,0.3600724,0.34494846,0.36096878,-0.14751789,0.57629977,0.6861988
STATE_A,embedding_0108,17,60,-0.34810287,-0.30776508,-0.35145856,-0.31810237,-0.23929611,0.32888567,0.45265985
STATE_A,embedding_0109,17,60,-0.84268296,-0.77235574,-0.83448925,-0.75353213,-0.56467952,0.02749006,0.06516162
STATE_A,embedding_0110,17,60,0.00117514,0.05510353,-0.02174989,0.03748086,-0.65871166,0.01428113,0.04170307
STATE_A,embedding_0111,17,60,-0.47931987,-0.57864371,-0.49468652,-0.58133392,0.80574013,0.00874024,0.02996654
STATE_A,embedding_0112,17,60,0.95536613,0.94040695,0.96550455,0.93601747,0.22439177,0.48008059,0.60542183
STATE_A,embedding_0113,17,60,-1.94628417,-1.79390484,-1.90958457,-1.80545759,-0.56672914,0.03850915,0.08572472
STATE_A,embedding_0114,17,60,-0.46194753,-0.40493475,-0.47697899,-0.40386199,-0.71740273,0.01581013,0.04464037
STATE_A,embedding_0115,17,60,-0.90480602,-1.01928812,-0.93739124,-1.01563591,0.58049759,0.02422054,0.06019862
STATE_A,embedding_0116,17,60,-0.31109899,-0.16679253,-0.27614705,-0.1632751,-0.94785816,0.00022379,0.00272811
STATE_A,embedding_0117,17,60,-0.12402332,-0.11644411,-0.10595683,-0.1310847,0.14191857,0.41409739,0.53811641
STATE_A,embedding_0118,17,60,-0.38513339,-0.44291036,-0.40575648,-0.41862159,0.08169296,0.31686384,0.44085404
STATE_A,embedding_0119,17,60,-0.05820371,-0.04656048,-0.06212131,-0.05451498,-0.10405206,0.41409739,0.53811641
STATE_A,embedding_0120,17,60,1.19212949,1.24768823,1.20258116,1.23432908,-0.2354946,0.27708442,0.40075487
STATE_A,embedding_0121,17,60,-0.25863752,-0.34528813,-0.27713221,-0.31982881,0.34674089,0.1356535,0.22648237
STATE_A,embedding_0122,17,60,-0.24951775,-0.33539535,-0.27977975,-0.32324407,0.329693,0.06818709,0.13224163
STATE_A,embedding_0123,17,60,-0.59113461,-0.5668295,-0.60504843,-0.57739127,-0.22269424,0.31686384,0.44085404
STATE_A,embedding_0124,17,60,0.05036689,0.10572446,0.06947825,0.11718477,-0.27295525,0.14557783,0.23889695
STATE_A,embedding_0125,17,60,0.94532639,1.19846654,1.00975843,1.17612699,-0.6537211,0.00906032,0.03092589
STATE_A,embedding_0126,17,60,0.1670565,0.07640904,0.16889721,0.05921156,0.68276344,0.01333572,0.04000716
STATE_A,embedding_0127,17,60,-0.46783856,-0.36265308,-0.45463597,-0.3711175,-0.87354495,0.00057128,0.00438743
STATE_A,embedding_0128,17,60,0.29922277,0.23144148,0.29144494,0.21096484,0.68072511,0.00874024,0.02996654
STATE_A,embedding_0129,17,60,-0.89141905,-0.76608327,-0.87476106,-0.72336152,-0.81182142,0.00054587,0.00436696
STATE_A,embedding_0130,17,60,0.61495399,0.76620978,0.65724448,0.77302794,-0.66370935,0.00783975,0.02761894
STATE_A,embedding_0131,17,60,0.53781205,0.46315373,0.55608113,0.46246418,0.70531286,0.01690779,0.04721885
STATE_A,embedding_0132,17,60,0.67851633,0.62173954,0.67116127,0.62713601,0.31957734,0.26637263,0.3881863
STATE_A,embedding_0133,17,60,-0.0453997,-0.13879404,-0.05324958,-0.13464728,0.77082668,0.00267534,0.01325588
STATE_A,embedding_0134,17,60,9.63546371,9.44366693,9.5528919,9.47705857,0.29074443,0.17869018,0.28121733
STATE_A,embedding_0135,17,60,-0.17399555,-0.21534003,-0.19436567,-0.23913337,0.23331448,0.44273717,0.56576064
STATE_A,embedding_0136,17,60,-0.04555063,0.0565105,-0.03556238,0.05000781,-0.58035632,0.03737216,0.08392345
STATE_A,embedding_0137,17,60,-0.62599117,-0.49357356,-0.59405153,-0.49836048,-0.66409874,0.01581013,0.04464037
STATE_A,embedding_0138,17,60,2.45599747,2.43778992,2.47989729,2.39510447,0.55665083,0.06818709,0.13224163
STATE_A,embedding_0139,17,60,0.39805022,0.37961221,0.37253471,0.39052787,-0.13031011,0.93637386,0.96269762
STATE_A,embedding_0140,17,60,-0.97485453,-0.98677078,-0.99838896,-0.97628527,-0.11907102,0.92661103,0.95778906
STATE_A,embedding_0141,17,60,0.91509974,0.90724018,0.82658715,0.85171691,-0.08844993,0.37988364,0.50651152
STATE_A,embedding_0142,17,60,-1.73468816,-1.72587806,-1.73712383,-1.73545322,-0.00891489,0.81072973,0.87819525
STATE_A,embedding_0143,17,60,0.33698601,0.3232864,0.30994199,0.3092433,0.00555182,0.92661103,0.95778906
STATE_A,embedding_0144,17,60,0.34418136,0.52609831,0.36613859,0.52138521,-1.13826098,0.00010674,0.001796
STATE_A,embedding_0145,17,60,-1.94557405,-1.9651528,-1.93710025,-1.94656732,0.06508659,0.43547295,0.56020641
STATE_A,embedding_0146,17,60,0.42276746,0.36488375,0.40310431,0.35376839,0.37627467,0.19088853,0.29556934
STATE_A,embedding_0147,17,60,-0.36480901,-0.34727284,-0.34790269,-0.3390304,-0.06007408,0.82982797,0.89383995
STATE_A,embedding_0148,17,60,-1.50991774,-1.40247297,-1.50252443,-1.39566233,-0.78024483,0.0032677,0.01493806
STATE_A,embedding_0149,17,60,-0.43292969,-0.7061893,-0.53689736,-0.69779522,0.65686013,0.00973205,0.03278164
STATE_A,embedding_0150,17,60,0.92388421,0.83003637,0.90977453,0.78333965,0.73909709,0.006284,0.02377395
STATE_A,embedding_0151,17,60,-0.73366445,-0.71498069,-0.71905688,-0.71978779,0.00987305,0.94614626,0.9649938
STATE_A,embedding_0152,17,60,-0.08433637,-0.0168109,-0.09703028,-0.00975924,-0.74149078,0.01244606,0.03838785
STATE_A,embedding_0153,17,60,0.03212787,0.31185015,0.0700259,0.29264549,-1.08965151,6.74e-05,0.00160331
STATE_A,embedding_0154,17,60,1.21072042,1.23884743,1.20514849,1.22567632,-0.13732505,0.24581278,0.36374608
STATE_A,embedding_0155,17,60,0.4440034,0.62989229,0.44617728,0.61258313,-1.07531842,0.00028439,0.00312016
STATE_A,embedding_0156,17,60,-0.83262426,-0.69263554,-0.7921198,-0.68995082,-0.45429672,0.0396754,0.0875595
STATE_A,embedding_0157,17,60,-1.34914649,-1.53784972,-1.36740811,-1.5824602,1.15268864,1.869e-05,0.00135195
STATE_A,embedding_0158,17,60,0.27210063,0.32692231,0.28409498,0.32533795,-0.4705249,0.08224614,0.15368622
STATE_A,embedding_0159,17,60,2.17391825,2.15880644,2.18671253,2.14651093,0.31951902,0.21710324,0.32951638
STATE_A,embedding_0160,17,60,0.55299193,0.59415615,0.56804308,0.60307707,-0.27975225,0.1867561,0.29034147
STATE_A,embedding_0161,17,60,1.34966958,1.4817065,1.37428237,1.4465493,-0.51311187,0.01202127,0.037683
STATE_A,embedding_0162,17,60,0.69447613,0.76280981,0.67754356,0.72850875,-0.35409861,0.01807178,0.04939191
STATE_A,embedding_0163,17,60,0.46073148,0.30487524,0.44623309,0.29163534,1.03816821,0.00016708,0.00233304
STATE_A,embedding_0164,17,60,1.35241163,1.4634456,1.39562603,1.48196257,-0.44683811,0.05158498,0.10707369
STATE_A,embedding_0165,17,60,0.75672466,0.82219285,0.74989829,0.81026348,-0.55978037,0.05158498,0.10707369
STATE_A,embedding_0166,17,60,-0.6386534,-0.6512512,-0.63317898,-0.64985345,0.13122386,0.67178186,0.76889489
STATE_A,embedding_0167,17,60,0.32651892,0.36498253,0.34788853,0.35685563,-0.09633378,0.40711253,0.53173881
STATE_A,embedding_0168,17,60,-0.28157967,-0.23442002,-0.30337988,-0.23308547,-0.65670602,0.01994928,0.05264965
STATE_A,embedding_0169,17,60,-0.3139151,-0.23427574,-0.27126005,-0.23837373,-0.22919594,0.22639212,0.33826683
STATE_A,embedding_0170,17,60,1.32221079,1.43127584,1.33976176,1.403487,-0.45475534,0.00501187,0.02047402
STATE_A,embedding_0171,17,60,0.28785878,0.33055861,0.28997714,0.30274359,-0.07838806,0.20809172,0.3189909
STATE_A,embedding_0172,17,60,-0.37037992,-0.17474914,-0.37438488,-0.16878128,-1.23617058,1.975e-05,0.00135195
STATE_A,embedding_0173,17,60,0.15046301,0.05257697,0.15546493,0.03276168,1.10789392,0.0001371,0.00206456
STATE_A,embedding_0174,17,60,-0.63576579,-0.80142689,-0.64721914,-0.80221624,0.67294857,0.01008428,0.03323917
STATE_A,embedding_0175,17,60,0.38791937,0.22586525,0.40084802,0.23525251,0.99605205,0.00010674,0.001796
STATE_A,embedding_0176,17,60,0.46290851,0.49468848,0.45366357,0.49960035,-0.54335599,0.06108309,0.12280579
STATE_A,embedding_0177,17,60,1.21066797,1.2737003,1.20482826,1.24864408,-0.2615874,0.1356535,0.22648237
STATE_A,embedding_0178,17,60,-1.0079689,-0.9751468,-1.02517573,-0.97430442,-0.42924982,0.12028451,0.20666332
STATE_A,embedding_0179,17,60,0.96556062,1.03733057,0.98766773,1.01131862,-0.09845491,0.46494073,0.58923182
STATE_A,embedding_0180,17,60,-0.44897613,-0.43282302,-0.48382609,-0.44614298,-0.24483831,0.23596113,0.34984198
STATE_A,embedding_0181,17,60,-0.13375846,-0.21144967,-0.1294539,-0.21129997,1.05184438,0.00032781,0.00335677
STATE_A,embedding_0182,17,60,-0.1757541,-0.09585419,-0.15799904,-0.07949751,-0.54491819,0.0283646,0.0662128
STATE_A,embedding_0183,17,60,0.66994458,0.74344739,0.6730961,0.71807708,-0.34334909,0.02199486,0.05668474
STATE_A,embedding_0184,17,60,2.69301057,2.58605206,2.67441198,2.53485727,0.78325727,0.00054587,0.00436696
STATE_A,embedding_0185,17,60,0.61582249,0.70824942,0.65917144,0.6966616,-0.24044643,0.16334055,0.26134488
STATE_A,embedding_0186,17,60,-0.86877483,-1.06426388,-0.87133369,-1.05061307,1.06398383,9.169e-05,0.001796
STATE_A,embedding_0187,17,60,0.52738214,0.62195319,0.55425585,0.60326561,-0.42528231,0.09609007,0.17364041
STATE_A,embedding_0188,17,60,-0.00411893,0.11462205,0.03647393,0.12279992,-0.54215959,0.02749006,0.06516162
STATE_A,embedding_0189,17,60,0.9980607,1.08690947,1.0014002,1.08541197,-0.7595837,0.01748129,0.04829364
STATE_A,embedding_0190,17,60,1.2475996,1.20193505,1.25714078,1.19495205,0.31398152,0.30513396,0.43157068
STATE_A,embedding_0191,17,60,0.17462029,0.13172129,0.16842852,0.0979806,0.51396,0.0936612,0.17045451
STATE_A,embedding_0192,17,60,0.16248354,0.12767414,0.17513896,0.1203547,0.61144976,0.03850915,0.08572472
STATE_A,embedding_0193,17,60,0.37312496,0.39416593,0.41307702,0.3771596,0.23248111,0.91685924,0.95412994
STATE_A,embedding_0194,17,60,-0.18072784,-0.06040885,-0.16861697,-0.07022879,-0.86101524,0.00074839,0.00517805
STATE_A,embedding_0195,17,60,-0.10940655,0.05118581,-0.0990862,0.03959644,-0.88644497,0.00097542,0.00624269
STATE_A,embedding_0196,17,60,-0.7565046,-0.70794451,-0.75974333,-0.68204138,-0.41453441,0.09609007,0.17364041
STATE_A,embedding_0197,17,60,-0.10473076,-0.09962432,-0.11415676,-0.09768124,-0.13605244,0.66284758,0.7632188
STATE_A,embedding_0198,17,60,-0.6974656,-0.67065755,-0.68103545,-0.67191288,-0.09782319,0.56794609,0.67835552
STATE_A,embedding_0199,17,60,-0.92820203,-0.95012423,-0.93500301,-0.96299928,0.26673551,0.2559493,0.37656909
STATE_A,embedding_0200,17,60,0.00237769,0.14699039,0.03004144,0.15844317,-1.12576562,0.00010148,0.001796
STATE_A,embedding_0201,17,60,-1.63960683,-1.67271757,-1.64147919,-1.65843147,0.18520927,0.37988364,0.50651152
STATE_A,embedding_0202,17,60,0.64933085,0.5477542,0.63193196,0.55159543,0.86060755,0.00170184,0.00954024
STATE_A,embedding_0203,17,60,-0.06483709,-0.06180824,-0.07839221,-0.06093769,-0.24126787,0.61028081,0.71666003
STATE_A,embedding_0204,17,60,0.22050729,0.27198786,0.23546939,0.27826323,-0.53401229,0.06635031,0.13032491
STATE_A,embedding_0205,17,60,0.31653824,0.1560384,0.31532612,0.15629881,1.454608,8.04e-06,0.00135195
STATE_A,embedding_0206,17,60,-0.62896484,-0.52741382,-0.62885703,-0.53138621,-0.99822334,0.00049817,0.00420434
STATE_A,embedding_0207,17,60,-0.92867178,-0.99374473,-0.94318227,-0.97825611,0.23211139,0.13890183,0.23140261
STATE_A,embedding_0208,17,60,-1.39677715,-1.30047143,-1.37829591,-1.26988237,-0.79652818,0.00783975,0.02761894
STATE_A,embedding_0209,17,60,-0.28657049,-0.23390365,-0.27538599,-0.22550867,-0.48587376,0.0936612,0.17045451
STATE_A,embedding_0210,17,60,8.37276173,8.1371541,8.23190599,8.22999684,0.0041071,0.76349755,0.84490795
STATE_A,embedding_0211,17,60,-0.75316089,-0.5940471,-0.70938158,-0.56620897,-1.06428342,0.00045438,0.00392094
STATE_A,embedding_0212,17,60,-0.50488609,-0.49674429,-0.51282478,-0.49230847,-0.2540542,0.51907844,0.64402624
STATE_A,embedding_0213,17,60,0.33613265,0.25266494,0.34178867,0.2563343,1.03291672,0.00034361,0.00347227
STATE_A,embedding_0214,17,60,-0.54585046,-0.48417321,-0.54238455,-0.48933385,-0.64759983,0.01930535,0.0513028
STATE_A,embedding_0215,17,60,-0.26154691,-0.22389369,-0.2494496,-0.20661429,-0.51584539,0.07198612,0.13855975
STATE_A,embedding_0216,17,60,-0.7966646,-0.87000734,-0.78715042,-0.85822519,0.84336125,0.00314045,0.0147065
STATE_A,embedding_0217,17,60,-0.83134222,-0.84608218,-0.84539041,-0.84491334,-0.00658041,0.74483778,0.83144682
STATE_A,embedding_0218,17,60,0.24659452,0.32438505,0.25064031,0.32856554,-0.80782948,0.00267534,0.01325588
STATE_A,embedding_0219,17,60,-2.89253712,-2.78166556,-2.87088811,-2.75662018,-1.13275633,4.436e-05,0.00135195
STATE_A,embedding_0220,17,60,-0.6076436,-0.70736486,-0.58934726,-0.69674817,0.55449275,0.00939083,0.0319122
STATE_A,embedding_0221,17,60,0.29385471,0.3226839,0.29538186,0.33654088,-0.47061449,0.12625999,0.21453025
STATE_A,embedding_0222,17,60,-0.35818157,-0.38950628,-0.37643211,-0.3882567,0.12567095,0.55141472,0.66795979
STATE_A,embedding_0223,17,60,-0.23738563,-0.1978971,-0.24690553,-0.20001125,-0.44098593,0.07800814,0.14866067
STATE_A,embedding_0224,17,60,-0.05095951,-0.02578619,-0.06200951,-0.01759103,-0.56726602,0.08443412,0.15701066
STATE_A,embedding_0225,17,60,0.1953997,0.15472717,0.20650891,0.1523692,0.53507437,0.08224614,0.15368622
STATE_A,embedding_0226,17,60,-0.43934453,-0.46808782,-0.45178135,-0.43661461,-0.11447886,0.89739458,0.94024425
STATE_A,embedding_0227,17,60,-0.21101072,-0.16171017,-0.19508044,-0.15777502,-0.28698951,0.16334055,0.26134488
STATE_A,embedding_0228,17,60,-1.59382534,-1.42237592,-1.54672001,-1.43548325,-0.43205813,0.03310561,0.07566997
STATE_A,embedding_0229,17,60,0.32288894,0.19704458,0.30875469,0.17176884,0.8729844,0.00301773,0.0144851
STATE_A,embedding_0230,17,60,1.32863724,1.32484156,1.32626327,1.31623269,0.05839134,0.85866141,0.91463518
STATE_A,embedding_0231,17,60,-0.25926825,-0.29152888,-0.27477493,-0.290536,0.18015247,0.40019842,0.52538869
STATE_A,embedding_0232,17,60,-0.2012638,-0.09284529,-0.19461462,-0.0990208,-0.76979915,0.00583085,0.02250298
STATE_A,embedding_0233,17,60,0.17152463,0.18895283,0.17402399,0.17426585,-0.00136869,0.53512344,0.65441847
STATE_A,embedding_0234,17,60,-0.14269158,-0.12238378,-0.15685898,-0.12901802,-0.22772471,0.34746534,0.47398469
STATE_A,embedding_0235,17,60,0.16759717,0.04217554,0.17113105,0.04067128,0.95598752,0.00057128,0.00438743
STATE_A,embedding_0236,17,60,-1.00197804,-1.03396201,-1.0129098,-1.01726269,0.0365187,0.88768462,0.93517392
STATE_A,embedding_0237,17,60,1.13099539,1.05929673,1.09475573,1.02226313,0.47019716,0.06818709,0.13224163
STATE_A,embedding_0238,17,60,-0.73348826,-0.74998283,-0.73575385,-0.76358937,0.37980169,0.14220975,0.23386957
STATE_A,embedding_0239,17,60,-0.78118974,-0.89656827,-0.79275678,-0.88884976,0.78394194,0.00339964,0.01526856
STATE_A,embedding_0240,17,60,-0.05860459,-0.11484776,-0.09749415,-0.11483314,0.1144096,0.73556298,0.82589528
STATE_A,embedding_0241,17,60,-1.52489483,-1.51366472,-1.52155667,-1.50375729,-0.2568315,0.42115266,0.54452061
STATE_A,embedding_0242,17,60,0.50673169,0.62186328,0.55030464,0.63186621,-0.84383789,0.01160937,0.03654097
STATE_A,embedding_0243,17,60,-0.743779,-0.74431968,-0.73665148,-0.74458773,0.10712887,0.70797382,0.80195265
STATE_A,embedding_0244,17,60,0.37216288,0.39393678,0.38440314,0.39619484,-0.07604883,0.67178186,0.76889489
STATE_A,embedding_0245,17,60,0.25549075,0.18453742,0.2559337,0.21620848,0.20901594,0.06818709,0.13224163
STATE_A,embedding_0246,17,60,-0.39230072,-0.35004479,-0.39815246,-0.32676824,-0.52624292,0.04596591,0.09860843
STATE_A,embedding_0247,17,60,0.70658481,0.74953589,0.69350575,0.75245628,-0.60675565,0.03737216,0.08392345
STATE_A,embedding_0248,17,60,-0.26966679,-0.42582233,-0.29225323,-0.44170607,0.93064624,0.00106428,0.00653894
STATE_A,embedding_0249,17,60,-0.45668539,-0.56368399,-0.4688873,-0.55313554,0.59562847,0.01244606,0.03838785
STATE_A,embedding_0250,17,60,0.31622717,0.23981652,0.30448115,0.2368972,0.89879394,0.00074839,0.00517805
STATE_A,embedding_0251,17,60,-1.07953775,-0.98916581,-1.0612463,-0.98585368,-0.60363577,0.00520623,0.02071702
STATE_A,embedding_0252,17,60,-1.20894885,-1.1463927,-1.20691113,-1.12050223,-0.48032828,0.09856908,0.17645933
STATE_A,embedding_0253,17,60,-1.12079191,-1.17610359,-1.12247216,-1.16199921,0.28346789,0.02581056,0.06253158
STATE_A,embedding_0254,17,60,0.70062751,0.7004323,0.70435094,0.67775726,0.20674493,0.62759824,0.7280898
STATE_A,embedding_0255,17,60,0.41260079,0.32902852,0.42780991,0.33887111,0.63672709,0.04596591,0.09860843
STATE_A,embedding_0256,17,60,1.1453644,1.12907326,1.19883817,1.12021029,0.49966049,0.12625999,0.21453025
STATE_A,embedding_0257,17,60,0.22842474,0.33444183,0.25444895,0.32944719,-0.63543694,0.01428113,0.04170307
STATE_A,embedding_0258,17,60,0.16653575,0.19350309,0.15374118,0.21076513,-0.49405291,0.12625999,0.21453025
STATE_A,embedding_0259,17,60,-0.52118015,-0.40059172,-0.4735244,-0.37167879,-0.76464329,0.0046427,0.01959117
STATE_A,embedding_0260,17,60,0.67895162,0.73580596,0.72753073,0.73366479,-0.03799878,0.51115013,0.63831431
STATE_A,embedding_0261,17,60,1.18312538,1.13935941,1.17210428,1.1570624,0.09387078,0.75414972,0.83940143
STATE_A,embedding_0262,17,60,-0.42629448,-0.39324351,-0.4144909,-0.38574541,-0.2000333,0.42115266,0.54452061
STATE_A,embedding_0263,17,60,0.54673249,0.64623576,0.59289637,0.69805595,-0.50931037,0.07006548,0.13554229
STATE_A,embedding_0264,17,60,-0.8409152,-0.90316045,-0.80551323,-0.88553978,0.49654788,0.01867965,0.05051398
STATE_A,embedding_0265,17,60,0.54217523,0.57058749,0.59103912,0.58984842,0.00772292,0.96571394,0.97974677
STATE_A,embedding_0266,17,60,2.88689947,2.8310194,2.88893463,2.82262592,0.35613335,0.15604876,0.25177615
STATE_A,embedding_0267,17,60,1.22856355,1.22744936,1.24883361,1.22630592,0.23504685,0.56794609,0.67835552
STATE_A,embedding_0268,17,60,0.73591661,0.92219841,0.7430134,0.9046025,-1.2316285,4.436e-05,0.00135195
STATE_A,embedding_0269,17,60,0.95459396,1.02578813,0.98014961,1.03678849,-0.29906774,0.23114145,0.34402448
STATE_A,embedding_0270,17,60,0.10160062,0.13195105,0.11668017,0.13535242,-0.10583397,0.51907844,0.64402624
STATE_A,embedding_0271,17,60,0.45052329,0.55170247,0.47885042,0.55221762,-0.34330017,0.14220975,0.23386957
STATE_A,embedding_0272,17,60,0.19300842,0.1147418,0.15666104,0.11947806,0.21227804,0.44273717,0.56576064
STATE_A,embedding_0273,17,60,-0.87663913,-0.79374003,-0.8606015,-0.78462247,-0.52504522,0.06455448,0.12777794
STATE_A,embedding_0274,17,60,0.60664392,0.59326056,0.61031911,0.60768915,0.0197155,0.89739458,0.94024425
STATE_A,embedding_0275,17,60,-0.05033592,-0.11513412,-0.06974703,-0.11646787,0.34777855,0.18269014,0.28633883
STATE_A,embedding_0276,17,60,0.2221707,-0.04797557,0.18787247,0.00877543,0.93511341,0.00031269,0.00324522
STATE_A,embedding_0277,17,60,1.04238296,0.95525655,1.07012458,0.97025767,0.60854084,0.01082297,0.0344898
STATE_A,embedding_0278,17,60,-0.61633748,-0.67413223,-0.63644423,-0.66140098,0.17504396,0.43547295,0.56020641
STATE_A,embedding_0279,17,60,-0.08131986,0.0247442,-0.06043068,0.01793218,-0.5596392,0.06455448,0.12777794
STATE_A,embedding_0280,17,60,0.34307161,0.39123513,0.41251469,0.38187401,0.18569037,0.97550626,0.98061362
STATE_A,embedding_0281,17,60,0.45462257,0.48262043,0.4958664,0.466185,0.20093213,0.60170241,0.70875376
STATE_A,embedding_0282,17,60,0.7556932,0.71209636,0.73760975,0.68311963,0.23361805,0.43547295,0.56020641
STATE_A,embedding_0283,17,60,0.29128361,0.22727599,0.29917806,0.23932819,0.51799209,0.02061188,0.05366076
STATE_A,embedding_0284,17,60,-0.94030458,-1.01456189,-0.95085278,-0.98581819,0.20431468,0.20368905,0.31349337
STATE_A,embedding_0285,17,60,-0.06831907,0.08405589,-0.06459157,0.07886842,-0.94563573,0.0013202,0.0078598
STATE_A,embedding_0286,17,60,0.7478897,0.78283715,0.74355324,0.81214941,-0.60087765,0.03518372,0.0801813
STATE_A,embedding_0287,17,60,0.05159486,0.10990013,0.07284012,0.10224738,-0.34892553,0.10631354,0.18683936
STATE_A,embedding_0288,17,60,-0.6440773,-0.63932908,-0.61697289,-0.63161074,0.15644906,0.76349755,0.84490795
STATE_A,embedding_0289,17,60,-4.6090169,-4.4666729,-4.59601688,-4.49737941,-0.59591851,0.01044782,0.03385623
STATE_A,embedding_0290,17,60,-1.71495342,-2.05284619,-1.78407661,-2.06407361,1.17887221,7.098e-05,0.00160331
STATE_A,embedding_0291,17,60,-0.29011869,-0.2360027,-0.27635116,-0.22976673,-0.41660133,0.08443412,0.15701066
STATE_A,embedding_0292,17,60,-0.71825129,-0.84348181,-0.734494,-0.82974429,0.87886099,0.00018428,0.00252727
STATE_A,embedding_0293,17,60,0.30059901,0.38953929,0.32180134,0.39500995,-0.72833061,0.00071571,0.00508949
STATE_A,embedding_0294,17,60,0.92244899,0.86663428,0.87956426,0.86226745,0.13602322,0.55141472,0.66795979
STATE_A,embedding_0295,17,60,0.03067099,0.08286938,0.02758395,0.09380681,-0.47678245,0.1010989,0.17931629
STATE_A,embedding_0296,17,60,0.80797791,0.98316839,0.84589377,0.98036743,-0.84524899,0.00209476,0.01117205
STATE_A,embedding_0297,17,60,0.30985829,0.38842255,0.31730806,0.38664909,-0.6646427,0.00702328,0.02580803
STATE_A,embedding_0298,17,60,-0.6787588,-0.84430739,-0.70834493,-0.83177485,0.57568121,0.02500461,0.06154981
STATE_A,embedding_0299,17,60,-3.84323096,-4.20239902,-3.90258783,-4.17954145,1.34675768,2.595e-05,0.00135195
STATE_A,embedding_0300,17,60,0.22554132,0.39087772,0.25707138,0.39118495,-1.17377091,5.768e-05,0.00152753
STATE_A,embedding_0301,17,60,0.69256234,0.70060587,0.72878385,0.69081193,0.34919225,0.2508453,0.37047921
STATE_A,embedding_0302,17,60,-0.27536151,-0.3739455,-0.28185119,-0.36783334,0.63515803,0.01008428,0.03323917
STATE_A,embedding_0303,17,60,0.34930393,0.39233091,0.38685586,0.39345875,-0.06097904,0.54323867,0.66118431
STATE_A,embedding_0304,17,60,-0.00155471,0.00537549,-0.02593282,0.02566532,-0.34942398,0.22639212,0.33826683
STATE_A,embedding_0305,17,60,0.21244639,0.23669562,0.20565422,0.2255312,-0.22106539,0.22171283,0.33387344
STATE_A,embedding_0306,17,60,0.89143282,0.84341988,0.88561303,0.8352402,0.34767804,0.21256299,0.32390551
STATE_A,embedding_0307,17,60,1.03243184,1.10269731,1.03982534,1.1151013,-0.67103651,0.01333572,0.04000716
STATE_A,embedding_0308,17,60,-1.03121018,-0.97481111,-1.02310058,-0.97265591,-0.60846258,0.00874024,0.02996654
STATE_A,embedding_0309,17,60,0.16364482,0.11163064,0.14462616,0.11859839,0.20829865,0.34119927,0.46709633
STATE_A,embedding_0310,17,60,0.56106794,0.36804512,0.50347587,0.35062932,1.0178247,0.00081796,0.00546255
STATE_A,embedding_0311,17,60,-0.57233143,-0.60002688,-0.57427939,-0.59012914,0.10484859,0.5596508,0.67158096
STATE_A,embedding_0312,17,60,0.22827145,0.32477963,0.22068844,0.31769003,-0.69869108,0.00192855,0.01057947
STATE_A,embedding_0313,17,60,-1.02093613,-1.08927214,-1.01155867,-1.10911569,0.67207033,0.0283646,0.0662128
STATE_A,embedding_0314,17,60,-0.66666609,-0.6872099,-0.65186874,-0.68434284,0.23142243,0.45747153,0.58072419
STATE_A,embedding_0315,17,60,-0.40980801,-0.52026257,-0.42985417,-0.54968594,0.54154576,0.02345787,0.05945757
STATE_A,embedding_0316,17,60,-0.76019943,-0.80587417,-0.74356916,-0.8143189,0.60792566,0.01428113,0.04170307
STATE_A,embedding_0317,17,60,0.12381586,0.01062003,0.12013498,0.02014018,0.81584561,0.00106428,0.00653894
STATE_A,embedding_0318,17,60,0.78663832,0.84481791,0.80140856,0.85793121,-0.46647705,0.05460342,0.11242742
STATE_A,embedding_0319,17,60,-0.20508844,-0.34793735,-0.31292523,-0.33859058,0.10217718,0.29369582,0.41847568
STATE_A,embedding_0320,17,60,-0.22982337,-0.05771388,-0.21881249,-0.02558387,-1.00382522,0.00014408,0.00212795
STATE_A,embedding_0321,17,60,0.29116824,0.17408661,0.27859053,0.14475455,0.62110847,0.02422054,0.06019862
STATE_A,embedding_0322,17,60,-0.35566291,-0.44704776,-0.36973916,-0.45508911,0.75736984,0.00482409,0.02002649
STATE_A,embedding_0323,17,60,0.35819566,0.23575699,0.36157195,0.22801312,1.0568365,0.00019349,0.00256207
STATE_A,embedding_0324,17,60,0.55592436,0.62274364,0.58488919,0.62057365,-0.50956895,0.04870745,0.10276737
STATE_A,embedding_0325,17,60,1.66285741,1.70433223,1.62937508,1.68711543,-0.5239235,0.04731999,0.10066967
STATE_A,embedding_0326,17,60,-0.72467035,-0.80074796,-0.76382158,-0.76592038,0.01155226,0.69885988,0.79397099
STATE_A,embedding_0327,17,60,-0.831164,-0.51903135,-0.74520554,-0.50451364,-1.13227491,0.00027116,0.00310822
STATE_A,embedding_0328,17,60,-0.21847025,-0.138504,-0.17469318,-0.13676213,-0.15250927,0.09609007,0.17364041
STATE_A,embedding_0329,17,60,-0.16797575,-0.17259938,-0.20099669,-0.2052423,0.02986761,0.94614626,0.9649938
STATE_A,embedding_0330,17,60,-0.03369968,-0.13299741,-0.04233404,-0.14800884,0.77564565,0.00170184,0.00954024
STATE_A,embedding_0331,17,60,0.92899126,0.73411173,0.88876811,0.74626746,0.66081672,0.01930535,0.0513028
STATE_A,embedding_0332,17,60,0.27776334,0.2682074,0.27089745,0.29643582,-0.174776,0.56794609,0.67835552
STATE_A,embedding_0333,17,60,-0.10392112,0.04036735,-0.06915309,0.04348014,-0.67390056,0.02422054,0.06019862
STATE_A,embedding_0334,17,60,1.46552587,1.4168697,1.45618066,1.4155392,0.48051116,0.05307627,0.10987217
STATE_A,embedding_0335,17,60,-0.85364634,-0.97121027,-0.90608566,-0.97566222,0.33734426,0.1010989,0.17931629
STATE_A,embedding_0336,17,60,-0.06178926,-0.08054957,-0.07642643,-0.06177473,-0.13173311,0.86831661,0.92363872
STATE_A,embedding_0337,17,60,0.08829518,0.02291624,0.06457591,0.01670841,0.25190091,0.31686384,0.44085404
STATE_A,embedding_0338,17,60,-0.87802094,-0.80093423,-0.87237731,-0.7979789,-0.52180588,0.08224614,0.15368622
STATE_A,embedding_0339,17,60,1.01691198,0.96880236,1.0013225,0.96362788,0.25952023,0.3865837,0.51277423
STATE_A,embedding_0340,17,60,0.72652251,0.70428395,0.72791105,0.69995275,0.39979917,0.26637263,0.3881863
STATE_A,embedding_0341,17,60,-0.76376611,-0.84971014,-0.75455246,-0.85761699,0.84253955,0.00314045,0.0147065
STATE_A,embedding_0342,17,60,-0.98894614,-1.13197398,-0.99203812,-1.11200091,1.07441674,0.00024641,0.00291143
STATE_A,embedding_0343,17,60,1.1084038,1.11134034,1.1157139,1.10320688,0.1183139,0.82982797,0.89383995
STATE_A,embedding_0344,17,60,-0.6801855,-0.69717494,-0.7056042,-0.68684602,-0.11518047,0.79174349,0.86741655
STATE_A,embedding_0345,17,60,0.66472101,0.68911988,0.65725077,0.67711559,-0.20372768,0.14220975,0.23386957
STATE_A,embedding_0346,17,60,-0.88855463,-0.99423569,-0.91124637,-0.98985022,0.50652041,0.01428113,0.04170307
STATE_A,embedding_0347,17,60,0.70410401,0.66141239,0.68286159,0.65513269,0.18488806,0.29369582,0.41847568
STATE_A,embedding_0348,17,60,1.09880674,1.11320364,1.11830805,1.09363323,0.15936845,0.87799148,0.93263825
STATE_A,embedding_0349,17,60,-2.43435645,-2.50109971,-2.43746835,-2.47241004,0.10365993,0.32283826,0.44754474
STATE_A,embedding_0350,17,60,-0.64251888,-0.65267929,-0.64894936,-0.63686991,-0.08194124,1.0,1.0
STATE_A,embedding_0351,17,60,0.25684312,0.19490248,0.25348055,0.1943361,0.66096368,0.01581013,0.04464037
STATE_A,embedding_0352,17,60,0.61890036,0.53317577,0.59793619,0.51844921,0.5992055,0.01528519,0.04396639
STATE_A,embedding_0353,17,60,0.72218281,0.66697311,0.71818256,0.6387089,0.57348635,0.06108309,0.12280579
STATE_A,embedding_0354,17,60,-0.72081298,-0.70653257,-0.68651483,-0.70372475,0.1218413,0.68076276,0.77455674
STATE_A,embedding_0355,17,60,0.80166507,0.89275536,0.82857835,0.9160407,-0.79759281,0.0075586,0.02700002
STATE_A,embedding_0356,17,60,0.22460009,0.40948072,0.27007324,0.4042837,-0.91228538,0.00246722,0.01263217
STATE_A,embedding_0357,17,60,-0.07385055,-0.21812756,-0.06995864,-0.22147024,1.10360533,0.00039538,0.00374879
STATE_A,embedding_0358,17,60,0.53772849,0.60009277,0.54345493,0.61931333,-0.54631943,0.06108309,0.12280579
STATE_A,embedding_0359,17,60,0.36388195,0.50775158,0.40231175,0.50300155,-0.59636773,0.01380128,0.04108288
STATE_A,embedding_0360,17,60,0.37616467,0.45172647,0.38443985,0.43790333,-0.48016567,0.05940625,0.12101857
STATE_A,embedding_0361,17,60,0.3268351,0.33176552,0.324729,0.31914279,0.04941498,0.85866141,0.91463518
STATE_A,embedding_0362,17,60,0.82345891,0.84538302,0.80729687,0.85542508,-0.61491729,0.04731999,0.10066967
STATE_A,embedding_0363,17,60,-0.48281541,-0.38000001,-0.47581831,-0.37822774,-0.83231649,0.00289939,0.0140046
STATE_A,embedding_0364,17,60,0.7926783,0.72641918,0.80123941,0.72344558,0.48565034,0.07394967,0.14162929
STATE_A,embedding_0365,17,60,1.3243016,1.21898115,1.31227724,1.19219824,0.86196778,0.00011225,0.001796
STATE_A,embedding_0366,17,60,-0.41399062,-0.31557775,-0.38117355,-0.28748092,-0.68091916,0.01082297,0.0344898
STATE_A,embedding_0367,17,60,0.049933,0.1404075,0.07509673,0.13600863,-0.72717134,0.01082297,0.0344898
STATE_A,embedding_0368,17,60,0.88398141,0.89176211,0.86739002,0.87485666,-0.0540074,0.51115013,0.63831431
STATE_A,embedding_0369,17,60,-0.33647794,-0.16400225,-0.2942416,-0.14486617,-1.06998203,0.00019349,0.00256207
STATE_A,embedding_0370,17,60,0.74894273,0.81114459,0.75961923,0.80994891,-0.2962171,0.31686384,0.44085404
STATE_A,embedding_0371,17,60,-0.63773245,-0.68423739,-0.66147073,-0.67851136,0.23814896,0.40019842,0.52538869
STATE_A,embedding_0372,17,60,1.02460849,0.982279,1.02520418,0.94274134,0.6438533,0.00813022,0.02851146
STATE_A,embedding_0373,17,60,-0.15075113,-0.10501711,-0.15433045,-0.08746968,-0.5458809,0.05776778,0.11830841
STATE_A,embedding_0374,17,60,2.07813859,2.08707535,2.08228633,2.06812484,0.20542742,0.80122193,0.87406029
STATE_A,embedding_0375,17,60,0.45449728,0.55098033,0.47970776,0.56435529,-0.66034654,0.00227401,0.01172107
STATE_A,embedding_0376,17,60,-1.94646776,-1.86437964,-1.92185591,-1.85210837,-0.4056742,0.19508787,0.30146375
STATE_A,embedding_0377,17,60,-0.92396098,-0.99355039,-0.94164483,-0.98134789,0.33549055,0.02581056,0.06253158
STATE_A,embedding_0378,17,60,0.21788649,0.15405585,0.18841011,0.14995876,0.37648736,0.12933318,0.21878388
STATE_A,embedding_0379,17,60,0.34111297,0.10157986,0.28367752,0.10849281,1.05177842,0.00039538,0.00374879
STATE_A,embedding_0380,17,60,-0.75194436,-0.80858794,-0.75827608,-0.78772365,0.19760553,0.04464463,0.09631201
STATE_A,embedding_0381,17,60,0.03954931,0.13363023,0.0697102,0.1428233,-0.51937485,0.06108309,0.12280579
STATE_A,embedding_0382,17,60,-0.58246535,-0.54652163,-0.58842714,-0.54960512,-0.38043563,0.22171283,0.33387344
STATE_A,embedding_0383,17,60,-0.70911163,-0.79398197,-0.73036091,-0.7951578,0.71848152,0.00429833,0.0185456
STATE_A,embedding_0384,17,60,0.84271777,0.86700153,0.86882805,0.83835351,0.1298919,0.92661103,0.95778906
STATE_A,embedding_0385,17,60,-0.20436855,-0.15674669,-0.19139493,-0.16464599,-0.47537826,0.03018579,0.07025057
STATE_A,embedding_0386,17,60,0.32958713,0.338341,0.34069229,0.33237177,0.09033569,0.94614626,0.9649938
STATE_A,embedding_0387,17,60,0.77232814,0.75447422,0.77774287,0.73604205,0.36690032,0.19088853,0.29556934
STATE_A,embedding_0388,17,60,-0.83035052,-0.69566631,-0.8208598,-0.68208658,-0.87946272,0.00209476,0.01117205
STATE_A,embedding_0389,17,60,-0.58934265,-0.54606092,-0.62422656,-0.5324484,-0.80182159,0.0067686,0.02511249
STATE_A,embedding_0390,17,60,0.38606381,0.34423837,0.37402182,0.33777928,0.44135368,0.11738098,0.20395609
STATE_A,embedding_0391,17,60,-0.31578946,-0.10554653,-0.26539313,-0.111828,-0.85606304,0.00071571,0.00508949
STATE_A,embedding_0392,17,60,0.32752126,0.34220859,0.31322873,0.35518956,-0.41279808,0.14220975,0.23386957
STATE_A,embedding_0393,17,60,-0.11189511,-0.13044658,-0.10500674,-0.10299716,-0.02181508,0.31686384,0.44085404
STATE_A,embedding_0394,17,60,-0.50171268,-0.53947562,-0.52335332,-0.55802713,0.27811008,0.261125,0.38198857
STATE_A,embedding_0395,17,60,-0.29997274,-0.60210067,-0.31300541,-0.58148128,1.24257399,4.929e-05,0.00135195
STATE_A,embedding_0396,17,60,0.13669287,0.03375325,0.09289856,0.02011055,0.60851585,0.05776778,0.11830841
STATE_A,embedding_0397,17,60,0.28868613,0.13806284,0.28553725,0.13375881,1.16857307,9.169e-05,0.001796
STATE_A,embedding_0398,17,60,0.04565653,0.02193385,0.03191473,0.00949461,0.17365979,0.61028081,0.71666003
STATE_A,embedding_0399,17,60,0.27013952,0.28673314,0.26613172,0.30026984,-0.29171849,0.33500602,0.45943683
STATE_A,embedding_0400,17,60,-0.58548641,-0.62531149,-0.58380142,-0.63268211,0.79533281,0.00583085,0.02250298
STATE_A,embedding_0401,17,60,-0.052953,-0.11546959,-0.05530793,-0.13082143,0.76660489,0.0015646,0.00896726
STATE_A,embedding_0402,17,60,0.04642916,0.06143774,0.03917471,0.06161918,-0.27017622,0.40019842,0.52538869
STATE_A,embedding_0403,17,60,0.83343816,0.84152415,0.83814217,0.81658154,0.26043193,0.51115013,0.63831431
STATE_A,embedding_0404,17,60,-0.1514384,-0.13734302,-0.14255034,-0.14339813,0.00937453,0.44273717,0.56576064
STATE_A,embedding_0405,17,60,0.36374927,0.49584989,0.40197275,0.48151526,-0.5372517,0.03626387,0.08215532
STATE_A,embedding_0406,17,60,-0.41501433,-0.39984371,-0.43744463,-0.39077949,-0.42225903,0.17088631,0.27228358
STATE_A,embedding_0407,17,60,0.377096,0.42773998,0.39581029,0.4466498,-0.51809799,0.07394967,0.14162929
STATE_A,embedding_0408,17,60,-0.19816117,-0.2046629,-0.21237925,-0.18936645,-0.28392935,0.37325544,0.50115416
STATE_A,embedding_0409,17,60,0.09021183,0.17092468,0.11305768,0.16457515,-0.46627576,0.10631354,0.18683936
STATE_A,embedding_0410,17,60,-0.93280053,-0.9209089,-0.96322048,-0.89320175,-0.50781361,0.12324398,0.21080485
STATE_A,embedding_0411,17,60,0.40035748,0.45122385,0.38982434,0.45385379,-0.56915852,0.03310561,0.07566997
STATE_A,embedding_0412,17,60,-0.69505662,-0.52325463,-0.65688228,-0.51670967,-1.33819219,3.053e-05,0.00135195
STATE_A,embedding_0413,17,60,-0.3813149,-0.41404288,-0.38021456,-0.43266262,0.50787112,0.0936612,0.17045451
STATE_A,embedding_0414,17,60,-1.43921399,-1.25777799,-1.40491704,-1.2398405,-0.8809237,0.00045438,0.00392094
STATE_A,embedding_0415,17,60,0.11788058,0.2158191,0.1382999,0.2096217,-0.49076197,0.02581056,0.06253158
STATE_A,embedding_0416,17,60,1.3009541,1.2710076,1.31120234,1.22742488,0.44376203,0.14220975,0.23386957
STATE_A,embedding_0417,17,60,-0.13636343,-0.26863198,-0.19581003,-0.24493399,0.20045568,0.09856908,0.17645933
STATE_A,embedding_0418,17,60,-0.37600562,-0.36946952,-0.36398981,-0.37257087,0.07947172,0.71712978,0.80993481
STATE_A,embedding_0419,17,60,0.33088803,0.21328186,0.33639261,0.19647321,1.22229081,1.583e-05,0.00135195
STATE_A,embedding_0420,17,60,0.28687501,0.37445629,0.30407849,0.36381035,-0.49823521,0.06455448,0.12777794
STATE_A,embedding_0421,17,60,0.93334663,0.83996096,0.94076311,0.83630739,0.90591143,0.00078246,0.00531796
STATE_A,embedding_0422,17,60,-0.64710736,-0.58411092,-0.65428521,-0.61118434,-0.20057477,0.06455448,0.12777794
STATE_A,embedding_0423,17,60,-0.05566772,-0.11047224,-0.07019604,-0.10054943,0.25313903,0.22171283,0.33387344
STATE_A,embedding_0424,17,60,-0.74867857,-0.74001324,-0.74200781,-0.73273552,-0.1258421,0.71712978,0.80993481
STATE_A,embedding_0425,17,60,0.05625486,0.0282695,0.03852695,0.02081134,0.15609806,0.54323867,0.66118431
STATE_A,embedding_0426,17,60,-0.80188382,-0.93612522,-0.81971133,-0.94482437,0.91936172,0.00036012,0.00359185
STATE_A,embedding_0427,17,60,-0.24799846,-0.2496118,-0.24361978,-0.2603638,0.22806803,0.61891308,0.72128262
STATE_A,embedding_0428,17,60,-0.076322,-0.07133485,-0.07010285,-0.06500791,-0.06878319,0.94614626,0.9649938
STATE_A,embedding_0429,17,60,-0.12864016,-0.22730403,-0.14777712,-0.23082545,0.72727339,0.00561551,0.02189194
STATE_A,embedding_0430,17,60,0.12715344,0.17453407,0.14110415,0.16832311,-0.21072283,0.31096241,0.43739768
STATE_A,embedding_0431,17,60,0.8292433,0.75910541,0.82574964,0.73981441,0.59130119,0.03210656,0.07404756
STATE_A,embedding_0432,17,60,0.07361641,0.05083324,0.0349065,0.04862967,-0.1377703,0.98530228,0.98787487
STATE_A,embedding_0433,17,60,-0.42193326,-0.20674922,-0.41934471,-0.22236095,-1.2380384,2.458e-05,0.00135195
STATE_A,embedding_0434,17,60,-0.60232085,-0.66097823,-0.62093127,-0.65550618,0.38439269,0.15604876,0.25177615
STATE_A,embedding_0435,17,60,0.009604,0.02845178,0.00034543,0.02312245,-0.22082632,0.28254892,0.4071249
STATE_A,embedding_0436,17,60,-0.4405508,-0.59891534,-0.4689291,-0.5989455,1.11295697,0.00025851,0.00300812
STATE_A,embedding_0437,17,60,-0.32680646,-0.37494002,-0.32988809,-0.37825956,0.61616084,0.0128841,0.03942227
STATE_A,embedding_0438,17,60,-0.06848248,-0.17108947,-0.06229924,-0.1579582,0.46173681,0.01333572,0.04000716
STATE_A,embedding_0439,17,60,-0.10003637,-0.11002153,-0.1106465,-0.11132172,0.0079957,0.76349755,0.84490795
STATE_A,embedding_0440,17,60,1.79677606,1.70730782,1.78550227,1.69083261,0.55746156,0.01807178,0.04939191
STATE_A,embedding_0441,17,60,-0.55543566,-0.43759313,-0.50845879,-0.43293184,-0.39275706,0.05940625,0.12101857
STATE_A,embedding_0442,17,60,-0.22937168,-0.44228531,-0.26398022,-0.43750874,1.02926777,0.00029823,0.00313754
STATE_A,embedding_0443,17,60,0.57327366,0.64761636,0.58245433,0.65005551,-0.51097075,0.05012891,0.10490192
STATE_A,embedding_0444,17,60,1.1327225,1.19779932,1.1429671,1.21442509,-0.77647461,0.0046427,0.01959117
STATE_A,embedding_0445,17,60,0.27856296,0.34021108,0.28573679,0.33977413,-0.52292226,0.03113347,0.07201959
STATE_A,embedding_0446,17,60,-0.35892957,-0.40604307,-0.36130949,-0.4048155,0.4696127,0.08224614,0.15368622
STATE_A,embedding_0447,17,60,-0.1335419,-0.08754238,-0.1233933,-0.05319104,-0.61957399,0.02749006,0.06516162
STATE_A,embedding_0448,17,60,-0.187016,-0.16750298,-0.19657238,-0.18194988,-0.12720636,0.35380412,0.48177582
STATE_A,embedding_0449,17,60,-0.5724479,-0.46769878,-0.57230761,-0.46609484,-0.87256894,0.00143762,0.00836433
STATE_A,embedding_0450,17,60,-1.71824694,-1.64758605,-1.70043075,-1.63161535,-0.64389714,0.01008428,0.03323917
STATE_A,embedding_0451,17,60,1.19292903,1.16458106,1.18592958,1.14220512,0.4175033,0.15604876,0.25177615
STATE_A,embedding_0452,17,60,1.19879448,1.10523909,1.19360733,1.07110647,0.71429794,0.00201008,0.01087142
STATE_A,embedding_0453,17,60,-0.07683013,0.05397261,-0.05551288,0.04809497,-1.10787919,0.00074839,0.00517805
STATE_A,embedding_0454,17,60,-0.19204989,-0.09185707,-0.19583559,-0.11069887,-0.92771441,0.00201008,0.01087142
STATE_A,embedding_0455,17,60,-0.36920878,-0.22757365,-0.38121644,-0.23638223,-0.81474268,0.00227401,0.01172107
STATE_A,embedding_0456,17,60,-0.66789842,-0.59658077,-0.67441764,-0.6124721,-0.35171018,0.17869018,0.28121733
STATE_A,embedding_0457,17,60,-0.30981722,-0.5143477,-0.35172398,-0.49023093,0.81525717,0.00314045,0.0147065
STATE_A,embedding_0458,17,60,-0.21760339,-0.07705109,-0.2081485,-0.10266297,-0.7342892,0.00353641,0.01569921
STATE_A,embedding_0459,17,60,-0.58552521,-0.63479683,-0.56000378,-0.64230617,0.77148903,0.006284,0.02377395
STATE_A,embedding_0460,17,60,0.72550994,0.8549906,0.78921411,0.85116829,-0.38183809,0.1010989,0.17931629
STATE_A,embedding_0461,17,60,-1.50890923,-1.51733547,-1.50455529,-1.53874635,0.20970847,0.62759824,0.7280898
STATE_A,embedding_0462,17,60,0.3042556,0.01227671,0.2467309,-0.00623934,1.1430695,0.00028439,0.00312016
STATE_A,embedding_0463,17,60,-0.57533967,-0.62886488,-0.5777204,-0.61829736,0.34334025,0.0889513,0.16461349
STATE_A,embedding_0464,17,60,0.47567523,0.56771421,0.47553714,0.54262882,-0.57593759,0.02061188,0.05366076
STATE_A,embedding_0465,17,60,-0.46897432,-0.38300155,-0.47049027,-0.39035068,-0.64369283,0.0067686,0.02511249
STATE_A,embedding_0466,17,60,1.36356854,1.45703918,1.36138739,1.44525932,-0.59882072,0.01528519,0.04396639
STATE_A,embedding_0467,17,60,1.10852599,1.03061235,1.0844149,1.04992659,0.22252453,0.39335538,0.5199603
STATE_A,embedding_0468,17,60,0.73170775,0.76206529,0.752568,0.72325115,0.15894664,0.97550626,0.98061362
STATE_A,embedding_0469,17,60,-0.73934788,-0.76043105,-0.778125,-0.78773252,0.07055622,0.82026553,0.88727314
STATE_A,embedding_0470,17,60,1.35021746,1.2600202,1.37552062,1.2578538,0.88190652,0.00149987,0.0086609
STATE_A,embedding_0471,17,60,0.33455175,0.22325154,0.29196414,0.23182158,0.45900743,0.12028451,0.20666332
STATE_A,embedding_0472,17,60,0.0665537,-0.01808162,0.06453161,-0.01187566,0.65335564,0.02500461,0.06154981
STATE_A,embedding_0473,17,60,-1.68229961,-1.79523104,-1.68972431,-1.78872437,0.72983932,0.0075586,0.02700002
STATE_A,embedding_0474,17,60,1.45730722,1.36566687,1.44285876,1.36191678,0.55305134,0.03850915,0.08572472
STATE_A,embedding_0475,17,60,-0.07041831,-0.10870708,-0.0717897,-0.09887952,0.11384391,0.31686384,0.44085404
STATE_A,embedding_0476,17,60,-1.19671249,-1.2044605,-1.19084524,-1.18745203,-0.03129394,0.52706978,0.65183509
STATE_A,embedding_0477,17,60,-0.63584602,-0.60865608,-0.64854082,-0.60201216,-0.30708061,0.40019842,0.52538869
STATE_A,embedding_0478,17,60,-0.6891703,-0.61421901,-0.68042962,-0.61086995,-0.9383034,0.00085495,0.00556442
STATE_A,embedding_0479,17,60,-0.09131466,-0.06026434,-0.06247819,-0.05192052,-0.06195788,0.60170241,0.70875376
STATE_A,embedding_0480,17,60,-2.838e-05,-0.1123299,-0.03007556,-0.1284828,0.67921354,0.01244606,0.03838785
STATE_A,embedding_0481,17,60,0.18795832,0.24621792,0.20888223,0.25617528,-0.32825023,0.1867561,0.29034147
STATE_A,embedding_0482,17,60,-0.13253218,-0.08557981,-0.14265152,-0.05242282,-0.48356504,0.04870745,0.10276737
STATE_A,embedding_0483,17,60,-1.45416677,-1.4639892,-1.45560764,-1.4331107,-0.21782825,0.96571394,0.97974677
STATE_A,embedding_0484,17,60,0.06862215,0.149656,0.0608009,0.16430423,-0.60854901,0.03113347,0.07201959
STATE_A,embedding_0485,17,60,0.38766193,0.45955504,0.37396974,0.45572827,-0.60489227,0.02500461,0.06154981
STATE_A,embedding_0486,17,60,1.40167809,1.21188486,1.38323598,1.20534504,1.24917963,7.16e-06,0.00135195
STATE_A,embedding_0487,17,60,-0.84090489,-0.92290258,-0.86831555,-0.89257439,0.12438706,0.261125,0.38198857
STATE_A,embedding_0488,17,60,-0.44857728,-0.37994368,-0.45907414,-0.38213379,-0.81729931,0.00339964,0.01526856
STATE_A,embedding_0489,17,60,-1.2379353,-1.29076511,-1.22603754,-1.29370872,0.62665154,0.0046427,0.01959117
STATE_A,embedding_0490,17,60,0.43156737,0.44895364,0.38843703,0.44147044,-0.50101138,0.04209801,0.09159
STATE_A,embedding_0491,17,60,1.20746195,1.23555964,1.26241601,1.23424463,0.14012055,0.82982797,0.89383995
STATE_A,embedding_0492,17,60,-1.63873041,-1.702586,-1.65354229,-1.6910974,0.2051916,0.15249677,0.24760575
STATE_A,embedding_0493,17,60,0.96646249,0.97850755,0.980834,0.98599579,-0.05318967,0.5596508,0.67158096
STATE_A,embedding_0494,17,60,-0.95562327,-0.88229948,-0.95091568,-0.88496585,-0.71912513,0.01333572,0.04000716
STATE_A,embedding_0495,17,60,-0.50340575,-0.56183076,-0.51004838,-0.5657245,0.55797607,0.00728653,0.02627256
STATE_A,embedding_0496,17,60,-0.63512856,-0.80536985,-0.64304685,-0.78346964,0.64065486,0.01044782,0.03385623
STATE_A,embedding_0497,17,60,0.66961968,0.55246583,0.65328531,0.55896448,0.71997936,0.0128841,0.03942227
STATE_A,embedding_0498,17,60,0.17707346,0.06050415,0.17060978,0.07114697,0.7118033,0.00052151,0.00435347
STATE_A,embedding_0499,17,60,0.85597289,0.8166995,0.84256408,0.8176882,0.25891043,0.23596113,0.34984198
STATE_A,embedding_0500,17,60,-0.20618628,-0.28801015,-0.20385803,-0.28766804,0.79912113,0.00561551,0.02189194
STATE_A,embedding_0501,17,60,-1.14894688,-1.18131363,-1.1560525,-1.18000476,0.22685776,0.3602155,0.48963806
STATE_A,embedding_0502,17,60,-0.25863907,-0.25225855,-0.26912547,-0.24691001,-0.21342305,0.68076276,0.77455674
STATE_A,embedding_0503,17,60,-0.30060014,-0.40158908,-0.30682618,-0.37046784,0.31196853,0.05158498,0.10707369
STATE_A,embedding_0504,17,60,-0.03900186,-0.06711959,-0.04142351,-0.03909127,-0.01488753,0.48008059,0.60542183
STATE_A,embedding_0505,17,60,0.94150442,0.93644825,0.95268982,0.92715731,0.41432993,0.17869018,0.28121733
STATE_A,embedding_0506,17,60,-0.39973751,-0.54887766,-0.41833768,-0.54703034,1.20236613,7.098e-05,0.00160331
STATE_A,embedding_0507,17,60,-3.49969959,-3.52312756,-3.51417091,-3.52522107,0.10380933,0.62759824,0.7280898
STATE_A,embedding_0508,17,60,-0.42598036,-0.59362146,-0.44573535,-0.61181125,1.1975464,2.595e-05,0.00135195
STATE_A,embedding_0509,17,60,0.53251296,0.52447617,0.51970553,0.51920409,0.00560733,0.98530228,0.98787487
STATE_A,embedding_0510,17,60,-0.51123983,-0.40259895,-0.4794716,-0.38478845,-0.71478299,0.01008428,0.03323917
STATE_A,embedding_0511,17,60,-0.51678312,-0.43599348,-0.53108405,-0.4325657,-0.59716435,0.0408715,0.08942824
STATE_A,embedding_0512,17,60,0.15499115,0.05321767,0.13474893,0.06013443,0.59296276,0.02749006,0.06516162
STATE_A,embedding_0513,17,60,0.82663631,0.88621122,0.8035827,0.89239869,-0.61539666,0.01994928,0.05264965
STATE_A,embedding_0514,17,60,-0.89315271,-0.94983506,-0.905325,-0.94364868,0.49777789,0.03310561,0.07566997
STATE_A,embedding_0515,17,60,-0.35488531,-0.35964873,-0.36440626,-0.34043753,-0.19013461,0.68076276,0.77455674
STATE_A,embedding_0516,17,60,1.04163349,1.04300094,1.01710905,1.06227941,-0.32162921,0.29369582,0.41847568
STATE_A,embedding_0517,17,60,0.26119402,0.23949427,0.23997522,0.246879,-0.05442323,0.83941569,0.89912308
STATE_A,embedding_0518,17,60,-0.57075584,-0.76958421,-0.64804591,-0.76834079,0.53034402,0.01333572,0.04000716
STATE_A,embedding_0519,17,60,-0.4476316,-0.26623528,-0.41482179,-0.26651347,-0.75879733,0.00482409,0.02002649
STATE_A,embedding_0520,17,60,-0.55413824,-0.47932504,-0.56910311,-0.4657481,-0.62543742,0.02581056,0.06253158
STATE_A,embedding_0521,17,60,0.03304706,0.13724982,0.05489988,0.1435294,-0.42089659,0.08010437,0.15190162
STATE_A,embedding_0522,17,60,-0.02664047,0.15255928,0.00786197,0.17699132,-0.9074365,0.00045438,0.00392094
STATE_A,embedding_0523,17,60,0.0333764,-0.01594713,0.03619867,-0.02584767,0.63014175,0.02422054,0.06019862
STATE_A,embedding_0524,17,60,0.08818983,0.07602783,0.08204496,0.07847505,0.04018633,0.77287998,0.85283308
STATE_A,embedding_0525,17,60,1.6764822,1.60209167,1.67890793,1.58921681,0.78599634,0.00482409,0.02002649
STATE_A,embedding_0526,17,60,1.00787282,0.97380704,1.0182378,0.96678916,0.46850852,0.13246414,0.2230975
STATE_A,embedding_0527,17,60,0.43030706,0.6766966,0.45496198,0.69359346,-1.21909624,3.399e-05,0.00135195
STATE_A,embedding_0528,17,60,-0.20522135,-0.14142717,-0.1513783,-0.15537677,0.02252114,0.55141472,0.66795979
STATE_A,embedding_0529,17,60,-0.46116939,-0.31525207,-0.44463011,-0.30415277,-0.97555774,0.00029823,0.00313754
STATE_A,embedding_0530,17,60,0.27368075,0.43016206,0.29916418,0.45355816,-1.02784673,0.00039538,0.00374879
STATE_A,embedding_0531,17,60,-0.44116029,-0.38352709,-0.40814373,-0.39017171,-0.08167376,0.48775014,0.61308037
STATE_A,embedding_0532,17,60,0.12994574,0.04399093,0.12760279,0.03503334,0.84958545,0.00501187,0.02047402
STATE_A,embedding_0533,17,60,0.87467939,0.8716341,0.87242697,0.86824679,0.03244063,0.88768462,0.93517392
STATE_A,embedding_0534,17,60,-0.70034355,-0.66850501,-0.71420744,-0.67839548,-0.33661043,0.33500602,0.45943683
STATE_A,embedding_0535,17,60,-0.91345102,-0.80975333,-0.91149429,-0.80678585,-0.90034157,0.00289939,0.0140046
STATE_A,embedding_0536,17,60,0.82191652,0.96052581,0.87041597,0.99249392,-0.56267355,0.02061188,0.05366076
STATE_A,embedding_0537,17,60,-0.61384237,-0.60794583,-0.60243952,-0.58337963,-0.12599091,0.74483778,0.83144682
STATE_A,embedding_0538,17,60,-0.98470455,-0.87169173,-0.96511048,-0.85119853,-0.96205682,0.00068436,0.00505374
STATE_A,embedding_0539,17,60,-1.64465153,-1.74183571,-1.66823594,-1.72602192,0.38279254,0.0283646,0.0662128
STATE_A,embedding_0540,17,60,-1.03772366,-1.0785858,-1.03297107,-1.08018809,0.51370125,0.01477565,0.04282151
STATE_A,embedding_0541,17,60,-1.524822,-1.5849039,-1.53040054,-1.609838,0.74760752,0.00353641,0.01569921
STATE_A,embedding_0542,17,60,-1.07639515,-1.08812314,-1.08071364,-1.07154202,-0.07291296,0.96571394,0.97974677
STATE_A,embedding_0543,17,60,0.79875487,0.80952731,0.79619242,0.80262719,-0.05912155,0.81072973,0.87819525
STATE_A,embedding_0544,17,60,-0.49503645,-0.47343877,-0.49457251,-0.48996562,-0.0473549,0.53512344,0.65441847
STATE_A,embedding_0545,17,60,0.56846631,0.74359,0.6008718,0.70559168,-0.78257148,0.00227401,0.01172107
STATE_A,embedding_0546,17,60,1.50430214,1.61519194,1.53180331,1.62137156,-0.61120564,0.0283646,0.0662128
STATE_A,embedding_0547,17,60,-0.53014696,-0.46164204,-0.52716223,-0.45401568,-0.56119713,0.02422054,0.06019862
STATE_A,embedding_0548,17,60,-1.07956684,-1.0662089,-1.06238937,-1.0350281,-0.1536676,0.80122193,0.87406029
STATE_A,embedding_0549,17,60,0.58783805,0.45266689,0.56879838,0.40706229,0.90285702,0.0021827,0.0114816
STATE_A,embedding_0550,17,60,-0.27071831,-0.31344557,-0.26832017,-0.28263683,0.07348045,0.42115266,0.54452061
STATE_A,embedding_0551,17,60,-0.54356164,-0.51365176,-0.52041103,-0.49402861,-0.15931524,0.40711253,0.53173881
STATE_A,embedding_0552,17,60,-0.93427145,-1.0302301,-0.94713702,-1.01145336,0.39571698,0.06635031,0.13032491
STATE_A,embedding_0553,17,60,0.55681533,0.55885914,0.55746398,0.57431598,-0.12235605,0.89739458,0.94024425
STATE_A,embedding_0554,17,60,0.83983397,0.8248848,0.83267021,0.8206684,0.11843273,0.45747153,0.58072419
STATE_A,embedding_0555,17,60,-0.67384654,-0.69632331,-0.67882602,-0.70314772,0.18197677,0.37988364,0.50651152
STATE_A,embedding_0556,17,60,0.29598495,0.20983946,0.28507575,0.19248716,0.4705465,0.04731999,0.10066967
STATE_A,embedding_0557,17,60,0.46125308,0.39872293,0.46254339,0.3619022,0.72720664,0.01160937,0.03654097
STATE_A,embedding_0558,17,60,0.61077011,0.6234217,0.61665033,0.59426077,0.13765507,0.91685924,0.95412994
STATE_A,embedding_0559,17,60,0.41693267,0.39590347,0.41335056,0.39693831,0.19521153,0.5596508,0.67158096
STATE_A,embedding_0560,17,60,-0.51496547,-0.50197992,-0.49946543,-0.49911626,-0.00423646,0.90711994,0.94784777
STATE_A,embedding_0561,17,60,-0.70215601,-0.6222063,-0.70025409,-0.60810513,-0.6064454,0.0408715,0.08942824
STATE_A,embedding_0562,17,60,-0.18242303,-0.14000908,-0.18156613,-0.14118654,-0.31056239,0.09856908,0.17645933
STATE_A,embedding_0563,17,60,-0.7346766,-0.86290857,-0.73927902,-0.86886744,0.9932542,0.00049817,0.00420434
STATE_A,embedding_0564,17,60,0.82734698,0.79365942,0.80047659,0.76577426,0.26963122,0.34746534,0.47398469
STATE_A,embedding_0565,17,60,-0.24283279,-0.13008073,-0.22358835,-0.15365123,-0.45725029,0.05012891,0.10490192
STATE_A,embedding_0566,17,60,-0.41233769,-0.31128982,-0.39531417,-0.3152689,-0.52827243,0.01748129,0.04829364
STATE_A,embedding_0567,17,60,-0.34402236,-0.34946826,-0.37055012,-0.34799153,-0.18946916,0.51907844,0.64402624
STATE_A,embedding_0568,17,60,-0.14973341,-0.17039192,-0.14231111,-0.16030801,0.13092686,0.31096241,0.43739768
STATE_A,embedding_0569,17,60,-0.09304702,-0.07347331,-0.10601413,-0.08720588,-0.11922682,0.36669934,0.49581883
STATE_A,embedding_0570,17,60,0.63988549,0.67248073,0.64939868,0.66993628,-0.22870871,0.37325544,0.50115416
STATE_A,embedding_0571,17,60,1.21704245,1.07241553,1.19356959,1.08044038,0.71048288,0.01121005,0.0355757
STATE_A,embedding_0572,17,60,-0.57766676,-0.5533177,-0.57787487,-0.54218518,-0.25694225,0.36669934,0.49581883
STATE_A,embedding_0573,17,60,-1.08379567,-1.15773112,-1.0870138,-1.14823253,0.33553917,0.10368017,0.18304913
STATE_A,embedding_0574,17,60,0.39100167,0.44886689,0.37482617,0.4239752,-0.30942122,0.06279896,0.12559792
STATE_A,embedding_0575,17,60,-1.32365239,-1.38410801,-1.32525,-1.38158114,0.52111038,0.00520623,0.02071702
STATE_A,embedding_0576,17,60,0.28147885,0.37147033,0.28833536,0.37818938,-1.02955039,4.676e-05,0.00135195
STATE_A,embedding_0577,17,60,0.22947319,0.20109996,0.23286396,0.21110392,0.2109971,0.29937845,0.42421153
STATE_A,embedding_0578,17,60,-0.27554584,-0.39017414,-0.26481341,-0.3770585,0.90817602,0.00071571,0.00508949
STATE_A,embedding_0579,17,60,-0.09138095,-0.09390199,-0.0855007,-0.09751252,0.12905183,0.66284758,0.7632188
STATE_A,embedding_0580,17,60,0.31815627,0.27670278,0.27013241,0.28625711,-0.1186328,0.81072973,0.87819525
STATE_A,embedding_0581,17,60,-0.97861218,-0.99781907,-0.99461799,-1.00265722,0.10095316,0.61891308,0.72128262
STATE_A,embedding_0582,17,60,-0.70954871,-0.67341572,-0.72614447,-0.68936147,-0.29728304,0.14900665,0.24348321
STATE_A,embedding_0583,17,60,-0.25866154,-0.25064316,-0.26399088,-0.24636682,-0.10992526,0.88768462,0.93517392
STATE_A,embedding_0584,17,60,-0.4299579,-0.42592131,-0.42846357,-0.44671419,0.12991291,0.72632657,0.81791614
STATE_A,embedding_0585,17,60,-0.53424948,-0.43919078,-0.54691875,-0.41688308,-0.93755298,0.00097542,0.00624269
STATE_A,embedding_0586,17,60,-4.61838341,-4.52334428,-4.6152847,-4.5099767,-0.95063951,0.00078246,0.00531796
STATE_A,embedding_0587,17,60,0.39277604,0.25310701,0.3753782,0.2536307,0.53531423,0.01867965,0.05051398
STATE_A,embedding_0588,17,60,-0.06457012,-0.10268701,-0.07567466,-0.11272758,0.49517399,0.12028451,0.20666332
STATE_A,embedding_0589,17,60,-0.85808849,-0.78549263,-0.88367008,-0.76839821,-0.97834972,0.0004142,0.0038326
STATE_A,embedding_0590,17,60,-0.09538318,-0.09989263,-0.1007401,-0.09761225,-0.0297958,0.81072973,0.87819525
STATE_A,embedding_0591,17,60,-0.22538662,-0.37298509,-0.23361575,-0.3849764,1.1149665,2.892e-05,0.00135195
STATE_A,embedding_0592,17,60,-0.34347498,-0.24221486,-0.31534309,-0.24827784,-0.53237346,0.00728653,0.02627256
STATE_A,embedding_0593,17,60,0.50285059,0.52676943,0.51544583,0.52545443,-0.12196788,0.70797382,0.80195265
STATE_A,embedding_0594,17,60,0.31005388,0.23297717,0.29854158,0.2320296,0.57229233,0.01581013,0.04464037
STATE_A,embedding_0595,17,60,-0.42753232,-0.51808769,-0.41749207,-0.50550082,0.85130572,4.929e-05,0.00135195
STATE_A,embedding_0596,17,60,-0.35763842,-0.18492948,-0.33563177,-0.18963199,-0.9071801,0.00163189,0.00928364
STATE_A,embedding_0597,17,60,-0.02158383,-0.00566408,-0.0235904,0.00280928,-0.22433212,0.45747153,0.58072419
STATE_A,embedding_0598,17,60,0.09338837,0.19036189,0.10927093,0.19532886,-0.71964771,0.00520623,0.02071702
STATE_A,embedding_0599,17,60,-0.45963547,-0.46565384,-0.4529644,-0.46022031,0.08846178,0.61891308,0.72128262
STATE_A,embedding_0600,17,60,-1.31368804,-1.36170673,-1.33138631,-1.35059705,0.19952556,0.41409739,0.53811641
STATE_A,embedding_0601,17,60,1.30558312,1.24244589,1.28067032,1.2402361,0.32201297,0.16334055,0.26134488
STATE_A,embedding_0602,17,60,-0.94667137,-0.95054519,-0.94337774,-0.93149159,-0.13505263,0.91685924,0.95412994
STATE_A,embedding_0603,17,60,0.93489748,0.84415391,0.93086923,0.83925844,1.01285654,0.00065428,0.00492634
STATE_A,embedding_0604,17,60,0.39092791,0.46667619,0.4124885,0.47870973,-0.68653241,0.00267534,0.01325588
STATE_A,embedding_0605,17,60,0.52058309,0.51913142,0.5011854,0.52893807,-0.22008787,0.64512323,0.74504457
STATE_A,embedding_0606,17,60,-2.861413,-2.80406547,-2.88505424,-2.79506395,-0.85882968,0.00192855,0.01057947
STATE_A,embedding_0607,17,60,0.65059656,0.49045148,0.63084089,0.48224265,0.90218642,0.00029823,0.00313754
STATE_A,embedding_0608,17,60,0.35528541,0.44686855,0.37140186,0.4231331,-0.51435466,0.01690779,0.04721885
STATE_A,embedding_0609,17,60,0.34008411,0.19832045,0.32973713,0.18217422,0.8745525,0.00016708,0.00233304
STATE_A,embedding_0610,17,60,-0.28901169,-0.27604678,-0.29872669,-0.26670281,-0.31128141,0.27708442,0.40075487
STATE_A,embedding_0611,17,60,0.72160327,0.7278502,0.71142351,0.72361776,-0.095997,0.73556298,0.82589528
STATE_A,embedding_0612,17,60,-0.29451531,-0.3167309,-0.28076912,-0.29758331,0.16836053,0.37988364,0.50651152
STATE_A,embedding_0613,17,60,1.12948132,0.99151036,1.0834551,1.01169231,0.37463556,0.09856908,0.17645933
STATE_A,embedding_0614,17,60,-0.08971015,-0.06920203,-0.08040196,-0.08674096,0.09816565,0.94614626,0.9649938
STATE_A,embedding_0615,17,60,-0.47110772,-0.3922098,-0.48306392,-0.37470859,-0.77254161,0.0032677,0.01493806
STATE_A,embedding_0616,17,60,2.32230949,2.2843405,2.32059153,2.26613305,0.42718596,0.12324398,0.21080485
STATE_A,embedding_0617,17,60,-0.45108885,-0.58180493,-0.50722337,-0.56845508,0.42624019,0.1117392,0.19547997
STATE_A,embedding_0618,17,60,-1.39082837,-1.27582526,-1.34459387,-1.24739396,-0.66709794,0.01082297,0.0344898
STATE_A,embedding_0619,17,60,-0.04827642,0.00635338,-0.03323579,0.00937136,-0.44778555,0.04870745,0.10276737
STATE_A,embedding_0620,17,60,1.48536193,1.4294318,1.48018049,1.42478862,0.43454781,0.08010437,0.15190162
STATE_A,embedding_0621,17,60,-0.38277727,-0.40108784,-0.37322441,-0.39513559,0.28312518,0.3865837,0.51277423
STATE_A,embedding_0622,17,60,0.89505571,0.84028658,0.89888026,0.81755185,0.59965376,0.01690779,0.04721885
STATE_A,embedding_0623,17,60,1.16738677,1.10783243,1.14881662,1.0950359,0.45288087,0.06635031,0.13032491
STATE_A,embedding_0624,17,60,0.045531,0.21406574,0.06258058,0.24001888,-1.15525509,0.00011225,0.001796
STATE_A,embedding_0625,17,60,-1.14019835,-1.2616725,-1.15536455,-1.2526622,0.98904373,0.00054587,0.00436696
STATE_A,embedding_0626,17,60,-0.56097001,-0.60684213,-0.56351491,-0.61201455,0.38195926,0.19935457,0.30743837
STATE_A,embedding_0627,17,60,0.61483276,0.73378053,0.66095499,0.72954862,-0.63047878,0.02581056,0.06253158
STATE_A,embedding_0628,17,60,0.1223947,0.16217272,0.11431142,0.16865256,-0.4682062,0.0936612,0.17045451
STATE_A,embedding_0629,17,60,1.94881785,1.75383782,1.94703749,1.74067985,1.24985167,2.204e-05,0.00135195
STATE_A,embedding_0630,17,60,-0.51532722,-0.41989356,-0.48757449,-0.41341321,-0.65654191,0.01581013,0.04464037
STATE_A,embedding_0631,17,60,-1.71755362,-1.76063359,-1.72004602,-1.72506592,0.02960131,0.53512344,0.65441847
STATE_A,embedding_0632,17,60,-0.99644107,-0.95852357,-1.00645776,-0.95767458,-0.34658682,0.16708142,0.26677449
STATE_A,embedding_0633,17,60,-0.43004769,-0.26156448,-0.38962648,-0.25201069,-0.76230704,0.00429833,0.0185456
STATE_A,embedding_0634,17,60,-0.60359812,-0.60780975,-0.59499488,-0.56325592,-0.19525367,0.88768462,0.93517392
STATE_A,embedding_0635,17,60,-0.51701236,-0.57186824,-0.50873006,-0.57062589,0.66887413,0.01428113,0.04170307
STATE_A,embedding_0636,17,60,1.04256284,1.0418573,1.03918859,1.03581204,0.02385672,0.88768462,0.93517392
STATE_A,embedding_0637,17,60,0.0798643,0.02766001,0.07205518,0.02395688,0.4260699,0.08224614,0.15368622
STATE_A,embedding_0638,17,60,0.1390295,0.05186457,0.12756368,0.01465123,0.8651456,0.00116058,0.00701831
STATE_A,embedding_0639,17,60,0.36674559,0.31334662,0.37741731,0.30596137,0.6629569,0.00177453,0.00987565
STATE_A,embedding_0640,17,60,-0.44685513,-0.5702762,-0.49427161,-0.57837837,0.60103259,0.04464463,0.09631201
STATE_A,embedding_0641,17,60,0.63953739,0.64879215,0.62699067,0.65528562,-0.28445924,0.64512323,0.74504457
STATE_A,embedding_0642,17,60,0.37888208,0.29077961,0.37469035,0.28726602,0.70237045,0.00278531,0.0137123
STATE_A,embedding_0643,17,60,0.21978994,0.17809249,0.1993802,0.17486113,0.28896648,0.28808601,0.41277995
STATE_A,embedding_0644,17,60,-1.04867148,-1.23954153,-1.05991292,-1.22912893,1.15783623,9.647e-05,0.001796
STATE_A,embedding_0645,17,60,0.79451871,0.66033053,0.78721137,0.65102827,0.85533902,0.00106428,0.00653894
STATE_A,embedding_0646,17,60,0.24178265,0.15930638,0.20261035,0.15334668,0.44798814,0.09128183,0.16811618
STATE_A,embedding_0647,17,60,0.44950065,0.4628652,0.45100863,0.45646192,-0.06014127,0.94614626,0.9649938
STATE_A,embedding_0648,17,60,0.72618097,0.58584362,0.69518121,0.57831151,0.70704325,0.0067686,0.02511249
STATE_A,embedding_0649,17,60,-0.24431406,-0.08563903,-0.23536293,-0.09148632,-1.07978669,0.00043386,0.00387447
STATE_A,embedding_0650,17,60,0.58797127,0.49614888,0.56797482,0.49148118,0.65405159,0.01930535,0.0513028
STATE_A,embedding_0651,17,60,0.92155838,0.71754998,0.8777951,0.68895975,0.92243166,0.00054587,0.00436696
STATE_A,embedding_0652,17,60,-0.02479974,-0.24284519,-0.05777422,-0.25092093,1.37548785,1.62e-06,0.00124416
STATE_A,embedding_0653,17,60,-0.21793467,-0.24716914,-0.19539934,-0.23670259,0.32571751,0.32888567,0.45265985
STATE_A,embedding_0654,17,60,0.60596591,0.63979805,0.59795518,0.65234914,-0.39337135,0.18269014,0.28633883
STATE_A,embedding_0655,17,60,-0.03721687,-0.18458774,-0.06654784,-0.18428196,0.71581234,0.00561551,0.02189194
STATE_A,embedding_0656,17,60,-0.43366233,-0.40452398,-0.42748078,-0.38976345,-0.24027227,0.39335538,0.5199603
STATE_A,embedding_0657,17,60,0.35500535,0.37375827,0.34046974,0.3661412,-0.27123302,0.37325544,0.50115416
STATE_A,embedding_0658,17,60,0.57928568,0.49065799,0.56822891,0.48440017,0.56515218,0.06818709,0.13224163
STATE_A,embedding_0659,17,60,-0.33355126,-0.25474635,-0.32994577,-0.22608065,-0.82629872,0.00367817,0.01623468
STATE_A,embedding_0660,17,60,-0.94698507,-0.68324268,-0.94278818,-0.67747216,-1.13594968,8.714e-05,0.001796
STATE_A,embedding_0661,17,60,-0.0443328,0.0563952,-0.03303874,0.07353837,-0.57213873,0.01930535,0.0513028
STATE_A,embedding_0662,17,60,-0.1187647,-0.06054329,-0.09413393,-0.08223623,-0.10926437,0.53512344,0.65441847
STATE_A,embedding_0663,17,60,4.70428371,4.48891616,4.66414595,4.55059556,0.36830642,0.05460342,0.11242742
STATE_A,embedding_0664,17,60,-0.65971327,-0.61665264,-0.66100853,-0.61313336,-0.40536967,0.1356535,0.22648237
STATE_A,embedding_0665,17,60,-0.34068212,-0.22257527,-0.34971548,-0.21150848,-0.78094809,0.00314045,0.0147065
STATE_A,embedding_0666,17,60,0.91050106,1.10595757,0.93516998,1.03717481,-0.39358383,0.0032677,0.01493806
STATE_A,embedding_0667,17,60,-0.26742789,-0.23626591,-0.26357024,-0.22664831,-0.197145,0.28254892,0.4071249
STATE_A,embedding_0668,17,60,0.9916873,0.95296055,0.99987159,0.95376081,0.20470788,0.53512344,0.65441847
STATE_A,embedding_0669,17,60,0.67881787,0.64807841,0.67843454,0.64597862,0.29058862,0.21256299,0.32390551
STATE_A,embedding_0670,17,60,-0.51288283,-0.45661101,-0.52211653,-0.45331668,-0.601065,0.03737216,0.08392345
STATE_A,embedding_0671,17,60,-0.771281,-0.76853335,-0.76540774,-0.75816933,-0.05818028,0.97550626,0.98061362
STATE_A,embedding_0672,17,60,0.05438865,0.04156989,0.05905596,0.0565643,0.01984378,0.5596508,0.67158096
STATE_A,embedding_0673,17,60,1.55413258,1.73569912,1.58311685,1.71577906,-0.55831801,0.01477565,0.04282151
STATE_A,embedding_0674,17,60,0.63839191,0.5637196,0.63613169,0.55956583,0.60696694,0.02422054,0.06019862
STATE_A,embedding_0675,17,60,0.07020012,0.15368088,0.08762227,0.13579547,-0.37336509,0.0396754,0.0875595
STATE_A,embedding_0676,17,60,0.13899705,0.09136401,0.13576874,0.10141911,0.26702622,0.1867561,0.29034147
STATE_A,embedding_0677,17,60,-0.04647338,-0.00297952,-0.05734239,0.00903876,-0.50876692,0.08224614,0.15368622
STATE_A,embedding_0678,17,60,0.54096293,0.47252797,0.52419052,0.45553945,0.59291472,0.01930535,0.0513028
STATE_A,embedding_0679,17,60,1.47949851,1.5937326,1.49198132,1.58009216,-0.44382379,0.00397729,0.01735545
STATE_A,embedding_0680,17,60,0.66515815,0.66545361,0.66324231,0.66394335,-0.00647544,0.83941569,0.89912308
STATE_A,embedding_0681,17,60,0.31618661,0.23473685,0.30229952,0.26649043,0.20886967,0.1867561,0.29034147
STATE_A,embedding_0682,17,60,-0.27732819,-0.2635334,-0.25971184,-0.27398822,0.11906359,0.81072973,0.87819525
STATE_A,embedding_0683,17,60,-1.95071936,-1.92487204,-1.98138453,-1.90981911,-0.49027587,0.11738098,0.20395609
STATE_A,embedding_0684,17,60,-0.39511558,-0.25706238,-0.39870352,-0.25087399,-1.1726403,1.673e-05,0.00135195
STATE_A,embedding_0685,17,60,0.03157844,0.0357041,0.04162679,0.03481485,0.0554758,0.93637386,0.96269762
STATE_A,embedding_0686,17,60,-0.34190473,-0.23555115,-0.33820482,-0.2734413,-0.30797221,0.10899967,0.19112271
STATE_A,embedding_0687,17,60,-0.02765186,-0.06317559,-0.02155905,-0.04131041,0.20815806,0.36669934,0.49581883
STATE_A,embedding_0688,17,60,0.68282723,0.68061832,0.67852479,0.67769396,0.00987285,0.8490273,0.90815176
STATE_A,embedding_0689,17,60,0.14857851,0.1685156,0.17349445,0.16753182,0.04201055,0.89739458,0.94024425
STATE_A,embedding_0690,17,60,0.03291842,0.08545905,0.02897394,0.08289435,-0.33925497,0.23114145,0.34402448
STATE_A,embedding_0691,17,60,-1.71927309,-1.77216798,-1.7096174,-1.76951913,0.40312529,0.1010989,0.17931629
STATE_A,embedding_0692,17,60,2.03745127,2.00789273,2.05886659,1.98562456,0.60233961,0.07198612,0.13855975
STATE_A,embedding_0693,17,60,0.08521352,0.09171809,0.05876137,0.11178805,-0.30036529,0.28808601,0.41277995
STATE_A,embedding_0694,17,60,-1.16812146,-1.17088169,-1.17248739,-1.17407981,0.02533682,0.85866141,0.91463518
STATE_A,embedding_0695,17,60,-1.0999434,-1.12351012,-1.11452938,-1.14551614,0.25904036,0.15966318,0.25706776
STATE_A,embedding_0696,17,60,-0.37456557,-0.30669031,-0.37618984,-0.30326365,-0.76422604,0.00973205,0.03278164
STATE_A,embedding_0697,17,60,0.08985857,0.13966082,0.10573789,0.15191821,-0.38796289,0.13246414,0.2230975
STATE_A,embedding_0698,17,60,-1.13727963,-1.2600534,-1.18049324,-1.24686295,0.54073474,0.02271613,0.05796009
STATE_A,embedding_0699,17,60,-0.12247963,-0.00440031,-0.10880636,0.01947007,-1.03696501,0.00022379,0.00272811
STATE_A,embedding_0700,17,60,-0.49213701,-0.4749154,-0.48977094,-0.47611916,-0.21015756,0.60170241,0.70875376
STATE_A,embedding_0701,17,60,-0.22681007,-0.34193771,-0.21702962,-0.34783847,0.84822548,0.0032677,0.01493806
STATE_A,embedding_0702,17,60,-0.89921761,-0.76318508,-0.89516762,-0.74961571,-1.03465552,0.00101896,0.00646745
STATE_A,embedding_0703,17,60,0.09037003,0.05164901,0.08577525,0.03969282,0.51598374,0.04464463,0.09631201
STATE_A,embedding_0704,17,60,-1.27837634,-1.27454394,-1.27714763,-1.25509406,-0.25805683,0.48775014,0.61308037
STATE_A,embedding_0705,17,60,0.02292903,0.00944341,0.01575334,-0.00068802,0.16440333,0.5596508,0.67158096
STATE_A,embedding_0706,17,60,-0.6982888,-0.63077062,-0.69969325,-0.63433779,-0.74783477,0.00339964,0.01526856
STATE_A,embedding_0707,17,60,1.24653125,1.23138773,1.25368167,1.23667421,0.14359535,0.64512323,0.74504457
STATE_A,embedding_0708,17,60,0.5269118,0.37763125,0.49479259,0.34768944,0.81505949,0.00289939,0.0140046
STATE_A,embedding_0709,17,60,0.71695828,0.5653173,0.66556119,0.5540227,0.65102857,0.02061188,0.05366076
STATE_A,embedding_0710,17,60,-0.74680567,-0.62846345,-0.72335882,-0.63515243,-0.63583967,0.01380128,0.04108288
STATE_A,embedding_0711,17,60,1.55723274,1.45374131,1.5364175,1.44841684,0.65303211,0.02345787,0.05945757
STATE_A,embedding_0712,17,60,-0.74680072,-0.70868722,-0.75100738,-0.70449376,-0.48957642,0.04209801,0.09159
STATE_A,embedding_0713,17,60,-0.89918602,-0.99432915,-0.9044401,-1.00554067,0.66663215,0.00728653,0.02627256
STATE_A,embedding_0714,17,60,-0.07478451,-0.11333644,-0.09757871,-0.10027741,0.01972871,0.93637386,0.96269762
STATE_A,embedding_0715,17,60,-0.51305318,-0.47727524,-0.54115891,-0.45923805,-0.69292893,0.02663888,0.06433541
STATE_A,embedding_0716,17,60,0.08238851,0.08592613,0.0835775,0.09451417,-0.08583776,0.78229573,0.85951806
STATE_A,embedding_0717,17,60,-0.12428588,-0.15079495,-0.1233871,-0.15534948,0.42989087,0.17869018,0.28121733
STATE_A,embedding_0718,17,60,0.97960591,1.00318933,0.99329209,1.00115217,-0.07122233,0.61891308,0.72128262
STATE_A,embedding_0719,17,60,0.2263452,0.16188691,0.21140243,0.16738416,0.35717819,0.17869018,0.28121733
STATE_A,embedding_0720,17,60,0.44943687,0.35065509,0.44500313,0.32902247,1.03021114,0.00022379,0.00272811
STATE_A,embedding_0721,17,60,0.27273405,0.33845355,0.27242022,0.31515912,-0.31955278,0.09128183,0.16811618
STATE_A,embedding_0722,17,60,-0.07502884,-0.08305565,-0.08911783,-0.09651394,0.08336062,0.77287998,0.85283308
STATE_A,embedding_0723,17,60,-0.31431878,-0.3966452,-0.32681377,-0.39640983,0.77729295,0.00501187,0.02047402
STATE_A,embedding_0724,17,60,-0.5466311,-0.68391794,-0.55631146,-0.69072398,1.24315162,4.676e-05,0.00135195
STATE_A,embedding_0725,17,60,-1.02417707,-1.01917052,-1.03791909,-1.01657807,-0.24194125,0.45747153,0.58072419
STATE_A,embedding_0726,17,60,-0.4736467,-0.59052309,-0.49651748,-0.58715844,0.69921731,0.01748129,0.04829364
STATE_A,embedding_0727,17,60,1.08883524,1.02664065,1.09119833,1.04504425,0.31518544,0.22171283,0.33387344
STATE_A,embedding_0728,17,60,0.02376775,-0.03319838,0.01100843,-0.01548624,0.23884684,0.2559493,0.37656909
STATE_A,embedding_0729,17,60,1.32757008,1.34995735,1.34567913,1.34016458,0.05350996,0.72632657,0.81791614
STATE_A,embedding_0730,17,60,-0.35797662,-0.44922769,-0.32984839,-0.44297648,1.26002588,4.676e-05,0.00135195
STATE_A,embedding_0731,17,60,0.22600174,0.12721822,0.20843054,0.09124643,0.62012545,0.00520623,0.02071702
STATE_A,embedding_0732,17,60,-0.31686062,-0.32465342,-0.31021388,-0.32357729,0.13268522,0.3865837,0.51277423
STATE_A,embedding_0733,17,60,-1.0756501,-1.16647524,-1.0798913,-1.16493876,0.8909166,0.00024641,0.00291143
STATE_A,embedding_0734,17,60,-0.0451718,-0.12329334,-0.04034503,-0.12953806,0.75172541,0.01044782,0.03385623
STATE_A,embedding_0735,17,60,-0.67191041,-0.71799582,-0.66867466,-0.71672235,0.29060738,0.22639212,0.33826683
STATE_A,embedding_0736,17,60,-0.6252712,-0.50111298,-0.60438312,-0.5080057,-0.53984945,0.01867965,0.05051398
STATE_A,embedding_0737,17,60,0.42409933,0.61613601,0.43826745,0.62583277,-1.09982447,0.00010674,0.001796
STATE_A,embedding_0738,17,60,0.00374312,0.08038599,-0.00857397,0.0968493,-0.880001,0.0021827,0.0114816
STATE_A,embedding_0739,17,60,-0.95412838,-0.99963415,-0.97082095,-0.97583304,0.0236946,0.53512344,0.65441847
STATE_A,embedding_0740,17,60,-0.27276364,-0.2581528,-0.25229025,-0.25444122,0.02240121,0.97550626,0.98061362
STATE_A,embedding_0741,17,60,0.83583421,0.82750896,0.87011177,0.80521655,0.3840912,0.21710324,0.32951638
STATE_A,embedding_0742,17,60,-0.6787343,-0.66263807,-0.68640542,-0.65031859,-0.34792573,0.27708442,0.40075487
STATE_A,embedding_0743,17,60,-0.75505304,-0.7940495,-0.75508033,-0.77652942,0.17335807,0.51907844,0.64402624
STATE_A,embedding_0744,17,60,0.58483946,0.72539946,0.6060851,0.69905441,-0.48278743,0.01044782,0.03385623
STATE_A,embedding_0745,17,60,-0.01442352,-0.08951665,-0.02054302,-0.08282319,0.67605165,0.00783975,0.02761894
STATE_A,embedding_0746,17,60,0.00851056,0.07185531,0.00589407,0.06594223,-0.41224149,0.0936612,0.17045451
STATE_A,embedding_0747,17,60,1.43542457,1.46954,1.41405953,1.48291262,-0.59159885,0.0396754,0.0875595
STATE_A,embedding_0748,17,60,0.72200465,0.82082063,0.71730579,0.80784968,-0.78311759,0.00520623,0.02071702
STATE_A,embedding_0749,17,60,0.86459398,0.68524483,0.84558112,0.66686473,1.1031295,7.473e-05,0.00163979
STATE_A,embedding_0750,17,60,0.07526864,-0.00528816,0.07837071,-0.05126981,0.77126752,0.00106428,0.00653894
STATE_A,embedding_0751,17,60,0.53490126,0.58134267,0.5769861,0.55236421,0.18031538,0.67178186,0.76889489
STATE_A,embedding_0752,17,60,1.14872313,1.20604891,1.13619812,1.20429976,-0.70440241,0.0084303,0.02942941
STATE_A,embedding_0753,17,60,0.30767122,0.24517007,0.32701634,0.26049275,0.47782576,0.0067686,0.02511249
STATE_A,embedding_0754,17,60,-0.29106736,-0.30201946,-0.29489571,-0.30725371,0.12290674,0.75414972,0.83940143
STATE_A,embedding_0755,17,60,-0.16280359,-0.03763028,-0.15087989,-0.04407554,-1.01596929,0.00043386,0.00387447
STATE_A,embedding_0756,17,60,0.46152288,0.50909179,0.4742808,0.50953091,-0.29112124,0.11738098,0.20395609
STATE_A,embedding_0757,17,60,0.51960874,0.41412033,0.43796031,0.42115927,0.08354706,0.51115013,0.63831431
STATE_A,embedding_0758,17,60,-0.01422382,0.07036228,0.04646796,0.08283384,-0.23128423,0.20809172,0.3189909
STATE_A,embedding_0759,17,60,0.60964465,0.65149358,0.6147946,0.66458806,-0.6240239,0.05012891,0.10490192
STATE_A,embedding_0760,17,60,-0.28427181,-0.06066237,-0.22820088,0.01253634,-1.16810774,2.328e-05,0.00135195
STATE_A,embedding_0761,17,60,0.79437035,0.76670831,0.79448242,0.76134211,0.38763037,0.14900665,0.24348321
STATE_A,embedding_0762,17,60,-0.44612408,-0.38156384,-0.43951838,-0.36122281,-0.76428489,0.01244606,0.03838785
STATE_A,embedding_0763,17,60,0.14531581,0.18555487,0.16753833,0.17659585,-0.04973747,0.60170241,0.70875376
STATE_A,embedding_0764,17,60,-0.37092245,-0.22330029,-0.370002,-0.23372544,-1.23216397,3.783e-05,0.00135195
STATE_A,embedding_0765,17,60,2.39677572,2.21874833,2.36984623,2.21326469,0.91771294,0.00085495,0.00556442
STATE_A,embedding_0766,17,60,-1.08493102,-1.03719461,-1.07687377,-1.01812152,-0.5318306,0.00874024,0.02996654
STATE_A,embedding_0767,17,60,-1.21690226,-1.18428171,-1.19845864,-1.17588794,-0.21956908,0.5596508,0.67158096
STATE_B,embedding_0000,15,62,-0.44297707,-0.48731634,-0.44061946,-0.47469266,0.36913547,0.47533227,0.99245233
STATE_B,embedding_0001,15,62,0.86940491,0.93390888,0.77342562,0.89879659,-0.60263527,0.20519549,0.99245233
STATE_B,embedding_0002,15,62,0.84176558,0.86775371,0.86629574,0.86839232,-0.02487479,0.94360475,0.99759715
STATE_B,embedding_0003,15,62,-0.76480937,-0.72678795,-0.7352164,-0.72577314,-0.06018217,0.63874387,0.99245233
STATE_B,embedding_0004,15,62,0.56211209,0.6094586,0.53071153,0.59900597,-0.68126727,0.09077435,0.99245233
STATE_B,embedding_0005,15,62,-0.36811361,-0.41521272,-0.33187117,-0.39911456,0.45437671,0.27711533,0.99245233
STATE_B,embedding_0006,15,62,1.2045542,1.17526835,1.15555816,1.18088876,-0.18501967,0.71394622,0.99245233
STATE_B,embedding_0007,15,62,0.39950579,0.42850797,0.40924789,0.42333316,-0.13597228,0.53276062,0.99245233
STATE_B,embedding_0008,15,62,-0.65147287,-0.66031274,-0.64083248,-0.68015084,0.27799243,0.37829969,0.99245233
STATE_B,embedding_0009,15,62,0.94338471,0.99356955,0.9267055,0.98616363,-0.6666373,0.09077435,0.99245233
STATE_B,embedding_0010,15,62,-0.19314401,-0.17845759,-0.11367427,-0.18836617,0.51309968,0.53276062,0.99245233
STATE_B,embedding_0011,15,62,0.50842243,0.43818945,0.43676888,0.42836795,0.06756914,0.42147629,0.99245233
STATE_B,embedding_0012,15,62,-0.53167605,-0.51996791,-0.48909476,-0.50048034,0.06826447,0.81192503,0.99245233
STATE_B,embedding_0013,15,62,-0.46325597,-0.5024053,-0.43067611,-0.50335769,0.5262314,0.19614557,0.99245233
STATE_B,embedding_0014,15,62,1.48938203,1.51507068,1.43993408,1.47360132,-0.14848491,0.62958034,0.99245233
STATE_B,embedding_0015,15,62,-0.43184215,-0.47220412,-0.4316701,-0.47202948,0.30330436,0.70437364,0.99245233
STATE_B,embedding_0016,15,62,-0.45673242,-0.47553962,-0.39629404,-0.47065654,0.40937515,0.39237962,0.99245233
STATE_B,embedding_0017,15,62,0.92505264,0.94807416,0.92070025,0.94153021,-0.23272297,0.80196476,0.99245233
STATE_B,embedding_0018,15,62,0.48086378,0.42108157,0.47140027,0.42233304,0.49576686,0.11218854,0.99245233
STATE_B,embedding_0019,15,62,0.85618871,0.85290399,0.82288973,0.86106091,-0.37469707,0.58463528,0.99245233
STATE_B,embedding_0020,15,62,0.8269552,0.78505072,0.82478293,0.7956808,0.24044464,0.27711533,0.99245233
STATE_B,embedding_0021,15,62,-0.82906741,-0.77892616,-0.80834713,-0.77185626,-0.28003922,0.22913945,0.99245233
STATE_B,embedding_0022,15,62,-0.07275753,-0.05108098,-0.02967907,-0.05285465,0.10000853,0.81192503,0.99245233
STATE_B,embedding_0023,15,62,1.65716672,1.71430212,1.63318675,1.69626931,-0.68824457,0.03898745,0.99245233
STATE_B,embedding_0024,15,62,-0.86154258,-0.85453087,-0.86742153,-0.84742212,-0.25715409,0.9846076,0.99759715
STATE_B,embedding_0025,15,62,0.18123211,0.20997384,0.18323665,0.2131076,-0.27350495,0.29452946,0.99245233
STATE_B,embedding_0026,15,62,0.97768342,0.99487332,0.99182783,0.99925514,-0.09360933,0.77228252,0.99245233
STATE_B,embedding_0027,15,62,-3.79789901,-3.80829012,-3.9207339,-3.82882802,-0.28892753,0.52434683,0.99245233
STATE_B,embedding_0028,15,62,0.07577223,0.14085669,0.14642108,0.129759,0.14656509,0.8520557,0.99245233
STATE_B,embedding_0029,15,62,-0.44573581,-0.46889572,-0.41382505,-0.45973682,0.40203164,0.47533227,0.99245233
STATE_B,embedding_0030,15,62,1.21489906,1.17813945,1.18176687,1.18054758,0.00985516,0.61142444,0.99245233
STATE_B,embedding_0031,15,62,0.78518498,0.85928673,0.75133554,0.84163086,-0.63733965,0.09325631,0.99245233
STATE_B,embedding_0032,15,62,1.21812224,1.23366094,1.15985488,1.22404824,-0.49415689,0.58463528,0.99245233
STATE_B,embedding_0033,15,62,0.40791222,0.37662858,0.40414831,0.37346629,0.31162454,0.28864503,0.99245233
STATE_B,embedding_0034,15,62,-1.48310423,-1.53444058,-1.44858828,-1.52517645,0.43984315,0.39237962,0.99245233
STATE_B,embedding_0035,15,62,4.53245497,4.53043509,4.5646821,4.54892783,0.09569834,0.79203656,0.99245233
STATE_B,embedding_0036,15,62,0.50487673,0.49414119,0.53661019,0.49816819,0.24829696,0.62047348,0.99245233
STATE_B,embedding_0037,15,62,-0.44474488,-0.43442623,-0.40277391,-0.42988876,0.20897618,0.82191583,0.99245233
STATE_B,embedding_0038,15,62,-0.21389636,-0.27703807,-0.17535089,-0.2637657,0.41908323,0.34448404,0.99245233
STATE_B,embedding_0039,15,62,-0.30076629,-0.28486972,-0.27808018,-0.29282529,0.16457113,0.73322571,0.99245233
STATE_B,embedding_0040,15,62,-0.0993046,-0.08554105,-0.15868585,-0.08093236,-0.61775682,0.15154629,0.99245233
STATE_B,embedding_0041,15,62,1.13440788,1.15426457,1.12734468,1.1603599,-0.22317941,0.59350426,0.99245233
STATE_B,embedding_0042,15,62,0.634736,0.68052736,0.72201001,0.69893076,0.09393664,0.8319356,0.99245233
STATE_B,embedding_0043,15,62,0.16288139,0.20222522,0.18954669,0.18812138,0.00962665,0.55840516,0.99245233
STATE_B,embedding_0044,15,62,-0.01282636,0.0205634,0.00302812,0.00514187,-0.01603133,0.9846076,0.99759715
STATE_B,embedding_0045,15,62,-0.62223792,-0.69723824,-0.62554741,-0.67611301,0.44848582,0.37829969,0.99245233
STATE_B,embedding_0046,15,62,-0.09347312,-0.06249785,-0.08952752,-0.07859912,-0.1065282,0.72356404,0.99245233
STATE_B,embedding_0047,15,62,0.35168087,0.3976696,0.39735466,0.40630698,-0.07917821,0.35777195,0.99245233
STATE_B,embedding_0048,15,62,-0.15272412,-0.09447983,-0.11555051,-0.08189068,-0.23892855,0.33151536,0.99245233
STATE_B,embedding_0049,15,62,-0.2027463,-0.23955116,-0.20309215,-0.23011408,0.17139184,0.9333731,0.99759715
STATE_B,embedding_0050,15,62,0.10247853,0.09109625,0.07285253,0.10812341,-0.31917181,0.48332283,0.99245233
STATE_B,embedding_0051,15,62,-1.01867259,-1.01418352,-0.93264531,-1.00893604,0.500759,0.46741474,0.99245233
STATE_B,embedding_0052,15,62,-0.22412664,-0.21403325,-0.20514664,-0.21925753,0.12735673,0.75267497,0.99245233
STATE_B,embedding_0053,15,62,-0.82198256,-0.86609471,-0.80570247,-0.84943532,0.3853833,0.37829969,0.99245233
STATE_B,embedding_0054,15,62,0.1557413,0.12953211,0.12868374,0.11727635,0.0838026,0.78214197,0.99245233
STATE_B,embedding_0055,15,62,-0.35128853,-0.34569542,-0.38628863,-0.34955764,-0.34784551,0.30653801,0.99245233
STATE_B,embedding_0056,15,62,-0.36863318,-0.41223592,-0.34101882,-0.41417653,0.48449693,0.38530035,0.99245233
STATE_B,embedding_0057,15,62,0.11389044,0.10725454,0.08187497,0.1213994,-0.23902622,0.59350426,0.99245233
STATE_B,embedding_0058,15,62,-0.82862544,-0.89458156,-0.88385636,-0.87520075,-0.06249915,0.92315244,0.99759715
STATE_B,embedding_0059,15,62,1.26440358,1.26757282,1.16538702,1.24803162,-0.28876954,0.50772589,0.99245233
STATE_B,embedding_0060,15,62,1.02025354,1.04716188,0.98711589,1.04703203,-0.47676505,0.12117819,0.99245233
STATE_B,embedding_0061,15,62,-0.62043196,-0.60014048,-0.62938994,-0.58499421,-0.26437186,0.49138575,0.99245233
STATE_B,embedding_0062,15,62,-0.10052573,-0.09566561,-0.098727,-0.09674568,-0.01060179,0.88241322,0.99514442
STATE_B,embedding_0063,15,62,0.24922669,0.2478988,0.25251291,0.25759649,-0.04738445,0.86215284,0.99245233
STATE_B,embedding_0064,15,62,-1.78613043,-1.71779937,-1.75573192,-1.70703178,-0.34909775,0.17075496,0.99245233
STATE_B,embedding_0065,15,62,-0.71430123,-0.64230117,-0.68284751,-0.61996377,-0.40054836,0.17075496,0.99245233
STATE_B,embedding_0066,15,62,-0.02898809,-0.00471186,0.0003859,-0.00685439,0.06028774,0.95384572,0.99759715
STATE_B,embedding_0067,15,62,1.1269753,1.16275984,1.10785278,1.19158091,-0.49553933,0.19173184,0.99245233
STATE_B,embedding_0068,15,62,0.68355942,0.67634961,0.65195501,0.67889308,-0.19213636,0.66656261,0.99245233
STATE_B,embedding_0069,15,62,0.21423894,0.19829022,0.19178591,0.20603202,-0.15750018,0.86215284,0.99245233
STATE_B,embedding_0070,15,62,-0.78834885,-0.8142848,-0.71252171,-0.81415712,0.58099318,0.42894348,0.99245233
STATE_B,embedding_0071,15,62,1.56064844,1.50212497,1.5201905,1.49475631,0.14100171,0.56708473,0.99245233
STATE_B,embedding_0072,15,62,-3.83847213,-3.88923419,-3.84955316,-3.85714476,0.04843975,0.87227256,0.99245233
STATE_B,embedding_0073,15,62,-0.26563516,-0.27091458,-0.31759514,-0.255887,-0.36161762,0.39953719,0.99245233
STATE_B,embedding_0074,15,62,-0.1015818,-0.0714936,-0.01981194,-0.0559929,0.19457548,0.80196476,0.99245233
STATE_B,embedding_0075,15,62,-0.01061107,-0.01047858,0.04152546,-0.03094829,0.34535005,0.39953719,0.99245233
STATE_B,embedding_0076,15,62,-0.66190881,-0.65024194,-0.63763668,-0.66747858,0.20651568,0.92315244,0.99759715
STATE_B,embedding_0077,15,62,0.86383379,0.88635463,0.78385466,0.85768807,-0.39160542,0.54124219,0.99245233
STATE_B,embedding_0078,15,62,-0.04581317,0.00124674,-0.13707775,-0.02222683,-0.5008392,0.39953719,0.99245233
STATE_B,embedding_0079,15,62,-0.44585586,-0.50287916,-0.50913567,-0.49527852,-0.10168607,0.79203656,0.99245233
STATE_B,embedding_0080,15,62,1.11258245,1.06927443,1.06884819,1.04655822,0.1536533,0.39953719,0.99245233
STATE_B,embedding_0081,15,62,0.45064104,0.45395485,0.44196587,0.45734445,-0.17669793,0.9333731,0.99759715
STATE_B,embedding_0082,15,62,0.63689065,0.52520779,0.562569,0.50159154,0.25515224,0.30653801,0.99245233
STATE_B,embedding_0083,15,62,-0.31997541,-0.32942666,-0.32866459,-0.32193603,-0.06515268,0.84198276,0.99245233
STATE_B,embedding_0084,15,62,0.3491793,0.28561038,0.33615392,0.2971725,0.27240047,0.54979067,0.99245233
STATE_B,embedding_0085,15,62,-1.06091571,-1.06508821,-1.04009549,-1.06753505,0.21508678,0.9333731,0.99759715
STATE_B,embedding_0086,15,62,-0.51628125,-0.47259748,-0.54922236,-0.44477095,-0.47290109,0.20983264,0.99245233
STATE_B,embedding_0087,15,62,-0.50179911,-0.55327556,-0.54912353,-0.56937984,0.15778188,0.27146977,0.99245233
STATE_B,embedding_0088,15,62,0.27098718,0.18943368,0.27085696,0.18584981,0.59342117,0.11512474,0.99245233
STATE_B,embedding_0089,15,62,-1.01020074,-0.99155545,-1.02400457,-0.99805526,-0.22905931,0.68536962,0.99245233
STATE_B,embedding_0090,15,62,0.20230128,0.15742438,0.13904377,0.16681832,-0.15243036,0.79203656,0.99245233
STATE_B,embedding_0091,15,62,-0.41665626,-0.45041525,-0.38486872,-0.4558145,0.39895903,0.72356404,0.99245233
STATE_B,embedding_0092,15,62,0.14153388,0.08606959,0.1101986,0.07961464,0.20885977,0.26590349,0.99245233
STATE_B,embedding_0093,15,62,-1.07650006,-1.00929564,-1.01007531,-1.05560247,0.20305371,0.9846076,0.99759715
STATE_B,embedding_0094,15,62,0.79556435,0.73746246,0.77445752,0.70942598,0.51948563,0.09838345,0.99245233
STATE_B,embedding_0095,15,62,-0.92229342,-0.97743016,-0.93105113,-0.97390582,0.42803957,0.18312433,0.99245233
STATE_B,embedding_0096,15,62,0.74408954,0.71826711,0.72132407,0.7434857,-0.18308365,1.0,1.0
STATE_B,embedding_0097,15,62,0.15635392,0.14308406,0.17102318,0.15068677,0.20916996,0.59350426,0.99245233
STATE_B,embedding_0098,15,62,0.20280018,0.20517903,0.20781932,0.18597421,0.15994037,0.63874387,0.99245233
STATE_B,embedding_0099,15,62,-2.60603285,-2.61774588,-2.58879032,-2.62030332,0.27617791,0.56708473,0.99245233
STATE_B,embedding_0100,15,62,-0.56638527,-0.62681216,-0.56937268,-0.61617207,0.3896818,0.10649354,0.99245233
STATE_B,embedding_0101,15,62,0.347004,0.32995093,0.32369024,0.32401176,-0.00352564,0.54979067,0.99245233
STATE_B,embedding_0102,15,62,1.69639909,1.76171023,1.68493938,1.78524193,-0.50171454,0.30653801,0.99245233
STATE_B,embedding_0103,15,62,0.30912635,0.2710284,0.28272279,0.26534763,0.08837998,0.50772589,0.99245233
STATE_B,embedding_0104,15,62,-0.72400677,-0.77368742,-0.70120521,-0.74479022,0.15311853,0.78214197,0.99245233
STATE_B,embedding_0105,15,62,-1.07416809,-1.07870746,-1.07073983,-1.08537952,0.19393998,0.72356404,0.99245233
STATE_B,embedding_0106,15,62,-0.86152303,-0.8238512,-0.82790528,-0.85363993,0.15475024,0.88241322,0.99514442
STATE_B,embedding_0107,15,62,0.38126305,0.35931133,0.38221989,0.35143471,0.2847736,0.33795974,0.99245233
STATE_B,embedding_0108,15,62,-0.36726397,-0.31767048,-0.36651402,-0.31553592,-0.36782213,0.30049376,0.99245233
STATE_B,embedding_0109,15,62,-0.73062867,-0.79238656,-0.72955118,-0.78153189,0.35635894,0.42894348,0.99245233
STATE_B,embedding_0110,15,62,0.00082122,0.03790145,0.00034882,0.03022373,-0.3228757,0.54124219,0.99245233
STATE_B,embedding_0111,15,62,-0.57353914,-0.56659293,-0.55669186,-0.56353755,0.06031306,0.87227256,0.99245233
STATE_B,embedding_0112,15,62,0.96833277,0.94210753,0.9241431,0.94697547,-0.17340129,0.9846076,0.99759715
STATE_B,embedding_0113,15,62,-1.73525488,-1.8347491,-1.75891994,-1.84526765,0.46506764,0.25500794,0.99245233
STATE_B,embedding_0114,15,62,-0.49975365,-0.42855909,-0.45609956,-0.41127208,-0.42725544,0.11218854,0.99245233
STATE_B,embedding_0115,15,62,-1.0185734,-1.00216788,-0.96756316,-1.00581223,0.27738722,0.76245969,0.99245233
STATE_B,embedding_0116,15,62,-0.16123255,-0.21242342,-0.16175405,-0.19459185,0.25754671,0.4140859,0.99245233
STATE_B,embedding_0117,15,62,-0.05009583,-0.12619341,-0.11385128,-0.12836418,0.08186547,0.78214197,0.99245233
STATE_B,embedding_0118,15,62,-0.36730212,-0.43483186,-0.35432219,-0.43065037,0.49381511,0.2392534,0.99245233
STATE_B,embedding_0119,15,62,-0.00593316,-0.05157902,-0.0563407,-0.05615888,-0.00248491,0.28864503,0.99245233
STATE_B,embedding_0120,15,62,1.17002726,1.24000293,1.20726002,1.23217297,-0.18439962,0.73322571,0.99245233
STATE_B,embedding_0121,15,62,-0.33578044,-0.33989979,-0.28018562,-0.31771277,0.30380733,0.75267497,0.99245233
STATE_B,embedding_0122,15,62,-0.32090732,-0.32279839,-0.26547532,-0.32530274,0.45701597,0.49138575,0.99245233
STATE_B,embedding_0123,15,62,-0.5941661,-0.56941378,-0.61359806,-0.57621497,-0.30188851,0.61142444,0.99245233
STATE_B,embedding_0124,15,62,0.10864978,0.08834502,0.08136923,0.11276901,-0.17894447,0.88241322,0.99514442
STATE_B,embedding_0125,15,62,1.08097172,1.15552294,1.0592472,1.15878717,-0.38154834,0.53276062,0.99245233
STATE_B,embedding_0126,15,62,0.11162776,0.09749388,0.09204607,0.08134283,0.06406165,0.89257319,0.99636077
STATE_B,embedding_0127,15,62,-0.3399708,-0.39777823,-0.3650598,-0.3954833,0.30088422,0.15154629,0.99245233
STATE_B,embedding_0128,15,62,0.21281724,0.24684604,0.23027342,0.22836053,0.01555601,0.70437364,0.99245233
STATE_B,embedding_0129,15,62,-0.78438312,-0.78887445,-0.70826639,-0.76852635,0.30814082,0.84198276,0.99245233
STATE_B,embedding_0130,15,62,0.77711093,0.74463487,0.79820511,0.73518961,0.35138576,0.18312433,0.99245233
STATE_B,embedding_0131,15,62,0.53332126,0.4711239,0.5146834,0.47549966,0.28488235,0.32515096,0.99245233
STATE_B,embedding_0132,15,62,0.58694124,0.66596821,0.58690024,0.64894191,-0.45368721,0.14434103,0.99245233
STATE_B,embedding_0133,15,62,-0.14987171,-0.10691641,-0.13083511,-0.11325086,-0.15873682,0.45180125,0.99245233
STATE_B,embedding_0134,15,62,9.36754894,9.46001482,9.46065763,9.50181955,-0.15695986,0.37829969,0.99245233
STATE_B,embedding_0135,15,62,-0.1636048,-0.21968758,-0.22713373,-0.22976149,0.01362986,0.72356404,0.99245233
STATE_B,embedding_0136,15,62,-0.00441621,0.02115754,0.02831779,0.0317926,-0.02289677,0.95384572,0.99759715
STATE_B,embedding_0137,15,62,-0.51839226,-0.52342513,-0.55193378,-0.51163706,-0.27095358,0.52434683,0.99245233
STATE_B,embedding_0138,15,62,2.48214746,2.43989396,2.46149063,2.40229295,0.38284596,0.19173184,0.99245233
STATE_B,embedding_0139,15,62,0.41006312,0.37312381,0.44812068,0.37166052,0.56704594,0.08834581,0.99245233
STATE_B,embedding_0140,15,62,-0.97835296,-0.98552591,-0.94424196,-0.99009837,0.24793479,0.70437364,0.99245233
STATE_B,embedding_0141,15,62,0.79612702,0.92066976,0.75810727,0.86747399,-0.38934242,0.26590349,0.99245233
STATE_B,embedding_0142,15,62,-1.78994012,-1.72080004,-1.84952853,-1.70831242,-0.7905797,0.04834915,0.99245233
STATE_B,embedding_0143,15,62,0.38142553,0.3232864,0.30347327,0.31083085,-0.05847888,0.82191583,0.99245233
STATE_B,embedding_0144,15,62,0.4810783,0.48972943,0.50372497,0.48309023,0.13668584,0.77228252,0.99245233
STATE_B,embedding_0145,15,62,-1.95288587,-1.96896476,-1.89472328,-1.95651442,0.4309623,0.4140859,0.99245233
STATE_B,embedding_0146,15,62,0.35428014,0.37853862,0.35066984,0.36804563,-0.13107587,0.96409431,0.99759715
STATE_B,embedding_0147,15,62,-0.40918821,-0.32151671,-0.43247224,-0.31885623,-0.8085124,0.01192072,0.99245233
STATE_B,embedding_0148,15,62,-1.40654445,-1.44663376,-1.38638432,-1.4272079,0.28507883,0.52434683,0.99245233
STATE_B,embedding_0149,15,62,-0.64149189,-0.70270056,-0.57171116,-0.68418227,0.44975554,0.34448404,0.99245233
STATE_B,embedding_0150,15,62,0.92055714,0.83894846,0.80809495,0.81201809,-0.021902,0.44410646,0.99245233
STATE_B,embedding_0151,15,62,-0.71285671,-0.72450876,-0.71511636,-0.72071757,0.07569386,0.53276062,0.99245233
STATE_B,embedding_0152,15,62,-0.07101378,-0.03665251,-0.04312977,-0.02561488,-0.14230657,0.62958034,0.99245233
STATE_B,embedding_0153,15,62,0.25399521,0.24192829,0.24323293,0.24355929,-0.00145238,0.80196476,0.99245233
STATE_B,embedding_0154,15,62,1.22698021,1.24188036,1.15879104,1.23622965,-0.5286923,0.25500794,0.99245233
STATE_B,embedding_0155,15,62,0.59000999,0.5869993,0.5625615,0.57905773,-0.09721392,0.95384572,0.99759715
STATE_B,embedding_0156,15,62,-0.71926123,-0.70982397,-0.79726244,-0.69200241,-0.4677664,0.47533227,0.99245233
STATE_B,embedding_0157,15,62,-1.52765393,-1.51583254,-1.55290528,-1.53064469,-0.10748104,0.62958034,0.99245233
STATE_B,embedding_0158,15,62,0.2919673,0.32266048,0.29638537,0.32103405,-0.27757135,0.33795974,0.99245233
STATE_B,embedding_0159,15,62,2.17585373,2.15880644,2.17772137,2.14998304,0.21934566,0.42894348,0.99245233
STATE_B,embedding_0160,15,62,0.5905025,0.59037814,0.56280588,0.60321401,-0.32314161,0.92315244,0.99759715
STATE_B,embedding_0161,15,62,1.44208324,1.46813375,1.38981488,1.44046025,-0.35506396,0.74292983,0.99245233
STATE_B,embedding_0162,15,62,0.73573321,0.74063069,0.66000882,0.73110699,-0.49827073,0.57582843,0.99245233
STATE_B,embedding_0163,15,62,0.35502312,0.34799546,0.31881131,0.32745022,-0.05318421,0.96409431,0.99759715
STATE_B,embedding_0164,15,62,1.45304072,1.44285828,1.4940594,1.45536299,0.19745106,0.52434683,0.99245233
STATE_B,embedding_0165,15,62,0.80842811,0.79455858,0.8147661,0.7926224,0.20053289,0.59350426,0.99245233
STATE_B,embedding_0166,15,62,-0.6270135,-0.65190119,-0.59556075,-0.65841675,0.50390748,0.26041629,0.99245233
STATE_B,embedding_0167,15,62,0.32904685,0.35592982,0.33587293,0.35947337,-0.25465187,0.33151536,0.99245233
STATE_B,embedding_0168,15,62,-0.29320058,-0.23830261,-0.28698169,-0.23932034,-0.43572819,0.06876737,0.99245233
STATE_B,embedding_0169,15,62,-0.24327406,-0.23660017,-0.26462258,-0.24104042,-0.16394855,0.86215284,0.99245233
STATE_B,embedding_0170,15,62,1.36132145,1.41358405,1.29486217,1.41229415,-0.87206723,0.04149039,0.99245233
STATE_B,embedding_0171,15,62,0.26502144,0.32951693,0.21224705,0.32113743,-0.69364768,0.2496782,0.99245233
STATE_B,embedding_0172,15,62,-0.22520746,-0.25980237,-0.21736506,-0.21340232,-0.02114335,0.82191583,0.99245233
STATE_B,embedding_0173,15,62,0.05779469,0.06977771,0.0607689,0.05963018,0.00932088,0.8520557,0.99245233
STATE_B,embedding_0174,15,62,-0.76344287,-0.78025067,-0.6912411,-0.78656586,0.40343475,0.42894348,0.99245233
STATE_B,embedding_0175,15,62,0.24611838,0.2688482,0.3079468,0.2630704,0.25024688,0.78214197,0.99245233
STATE_B,embedding_0176,15,62,0.47656158,0.48960716,0.46972135,0.49423357,-0.28449898,0.45180125,0.99245233
STATE_B,embedding_0177,15,62,1.20764124,1.25808835,1.16693963,1.25639727,-0.54335126,0.27146977,0.99245233
STATE_B,embedding_0178,15,62,-1.02208722,-0.98200542,-1.02712888,-0.9754729,-0.43544673,0.26041629,0.99245233
STATE_B,embedding_0179,15,62,0.95298415,1.03733057,0.9378044,1.02261939,-0.35635847,0.84198276,0.99245233
STATE_B,embedding_0180,15,62,-0.49956989,-0.44254966,-0.4653774,-0.45182196,-0.08766531,0.94360475,0.99759715
STATE_B,embedding_0181,15,62,-0.16862217,-0.19923586,-0.16439408,-0.2002065,0.42708582,0.12747783,0.99245233
STATE_B,embedding_0182,15,62,-0.17837931,-0.10662257,-0.1773389,-0.07735082,-0.70295635,0.04690594,0.99245233
STATE_B,embedding_0183,15,62,0.74821246,0.70499599,0.68998334,0.71254045,-0.17081795,0.58463528,0.99245233
STATE_B,embedding_0184,15,62,2.62900591,2.60798717,2.53505982,2.57307327,-0.20332853,0.99486892,1.0
STATE_B,embedding_0185,15,62,0.67090297,0.7018353,0.64405879,0.69910853,-0.35482043,0.47533227,0.99245233
STATE_B,embedding_0186,15,62,-0.96082425,-1.00091425,-1.01796266,-1.00935512,-0.04664217,0.9846076,0.99759715
STATE_B,embedding_0187,15,62,0.64340949,0.5853726,0.63719582,0.58161853,0.48360639,0.08364591,0.99245233
STATE_B,embedding_0188,15,62,0.07266768,0.0924501,0.09351701,0.10621447,-0.07778988,0.97434884,0.99759715
STATE_B,embedding_0189,15,62,1.04752707,1.06647611,1.0570202,1.06924546,-0.10539251,0.45957087,0.99245233
STATE_B,embedding_0190,15,62,1.15020692,1.22497594,1.18808082,1.2136662,-0.12823603,0.76245969,0.99245233
STATE_B,embedding_0191,15,62,0.16763896,0.12737161,0.16518221,0.10103851,0.4653245,0.20519549,0.99245233
STATE_B,embedding_0192,15,62,0.10242737,0.14161402,0.09812051,0.14075543,-0.46896742,0.06129072,0.99245233
STATE_B,embedding_0193,15,62,0.39978671,0.38063826,0.33722242,0.39667014,-0.38756519,0.8319356,0.99245233
STATE_B,embedding_0194,15,62,-0.06969611,-0.07878709,-0.08838259,-0.09281414,0.03647127,0.57582843,0.99245233
STATE_B,embedding_0195,15,62,-0.08352276,0.02209939,-0.01522823,0.01483458,-0.1805405,0.45957087,0.99245233
STATE_B,embedding_0196,15,62,-0.70594674,-0.722451,-0.63042308,-0.71583506,0.45637158,0.60243434,0.99245233
STATE_B,embedding_0197,15,62,-0.12208325,-0.09955986,-0.14701961,-0.09026201,-0.47640644,0.35777195,0.99245233
STATE_B,embedding_0198,15,62,-0.66792822,-0.67917249,-0.67571307,-0.67349483,-0.02376769,0.91294446,0.99759715
STATE_B,embedding_0199,15,62,-0.93153721,-0.93893719,-0.96074996,-0.95586708,-0.04624022,0.94360475,0.99759715
STATE_B,embedding_0200,15,62,0.14624915,0.11132625,0.15484923,0.12410574,0.24482359,0.44410646,0.99245233
STATE_B,embedding_0201,15,62,-1.66593611,-1.67271757,-1.64084547,-1.65803794,0.18779801,0.88241322,0.99514442
STATE_B,embedding_0202,15,62,0.53058821,0.56678429,0.5550604,0.57278489,-0.1790143,0.54124219,0.99245233
STATE_B,embedding_0203,15,62,-0.10674895,-0.05382155,-0.08746777,-0.05930504,-0.39206209,0.09077435,0.99245233
STATE_B,embedding_0204,15,62,0.29122168,0.25846063,0.27855251,0.26645945,0.14750102,0.44410646,0.99245233
STATE_B,embedding_0205,15,62,0.12642984,0.19691495,0.14486476,0.20266937,-0.45869516,0.09325631,0.99245233
STATE_B,embedding_0206,15,62,-0.57146865,-0.53860077,-0.57144638,-0.5484201,-0.21828996,0.37829969,0.99245233
STATE_B,embedding_0207,15,62,-0.98047012,-0.98797846,-0.92692658,-0.98105752,0.36024133,0.62958034,0.99245233
STATE_B,embedding_0208,15,62,-1.33333671,-1.31153709,-1.29043443,-1.29463639,0.02927759,0.8520557,0.99245233
STATE_B,embedding_0209,15,62,-0.24796683,-0.23783085,-0.22455384,-0.23941572,0.14207849,0.61142444,0.99245233
STATE_B,embedding_0210,15,62,8.11302757,8.14574337,8.37638197,8.19510456,0.39484059,0.65723621,0.99245233
STATE_B,embedding_0211,15,62,-0.66045177,-0.62065035,-0.59665392,-0.59810026,0.00981451,0.76245969,0.99245233
STATE_B,embedding_0212,15,62,-0.52517414,-0.49487473,-0.50804944,-0.49412561,-0.17185204,0.44410646,0.99245233
STATE_B,embedding_0213,15,62,0.23687634,0.2829116,0.25170822,0.28088454,-0.32625956,0.24442679,0.99245233
STATE_B,embedding_0214,15,62,-0.48518676,-0.50645402,-0.50255147,-0.50068219,-0.02201859,0.82191583,0.99245233
STATE_B,embedding_0215,15,62,-0.25563002,-0.22868323,-0.21904746,-0.21535143,-0.04350563,0.75267497,0.99245233
STATE_B,embedding_0216,15,62,-0.9204191,-0.84575853,-0.86784605,-0.83640932,-0.35514447,0.2496782,0.99245233
STATE_B,embedding_0217,15,62,-0.85606986,-0.84020755,-0.84486475,-0.84505591,0.00263675,0.70437364,0.99245233
STATE_B,embedding_0218,15,62,0.35328987,0.31351307,0.32291075,0.30856703,0.14102927,0.59350426,0.99245233
STATE_B,embedding_0219,15,62,-2.8278861,-2.79294777,-2.79684045,-2.778221,-0.16703027,0.54979067,0.99245233
STATE_B,embedding_0220,15,62,-0.71026474,-0.69432858,-0.59892267,-0.690967,0.47100351,0.60243434,0.99245233
STATE_B,embedding_0221,15,62,0.30186161,0.31823069,0.31448493,0.33059146,-0.18113996,0.21933356,0.99245233
STATE_B,embedding_0222,15,62,-0.37800768,-0.38225873,-0.37768856,-0.38757128,0.10497977,0.42147629,0.99245233
STATE_B,embedding_0223,15,62,-0.19865316,-0.21119253,-0.20736802,-0.2110895,0.03441351,0.8319356,0.99245233
STATE_B,embedding_0224,15,62,-0.01736152,-0.03438232,0.00948122,-0.03632003,0.58441759,0.1590223,0.99245233
STATE_B,embedding_0225,15,62,0.14071575,0.15791459,0.14685148,0.16854889,-0.20995684,0.62958034,0.99245233
STATE_B,embedding_0226,15,62,-0.42804417,-0.46321668,-0.38808484,-0.45251431,0.49525366,0.35108815,0.99245233
STATE_B,embedding_0227,15,62,-0.18812904,-0.16005684,-0.19478389,-0.15905017,-0.27457224,0.62047348,0.99245233
STATE_B,embedding_0228,15,62,-1.47208679,-1.44272649,-1.5770716,-1.4317284,-0.56978439,0.2392534,0.99245233
STATE_B,embedding_0229,15,62,0.20138063,0.22139508,0.22962113,0.19533296,0.2058398,0.82191583,0.99245233
STATE_B,embedding_0230,15,62,1.27966917,1.33298916,1.24474694,1.33627795,-0.54527584,0.14434103,0.99245233
STATE_B,embedding_0231,15,62,-0.28046647,-0.29152888,-0.27434619,-0.2901313,0.18038316,0.67594084,0.99245233
STATE_B,embedding_0232,15,62,-0.12886542,-0.13668901,-0.0924765,-0.12681531,0.26457669,0.35777195,0.99245233
STATE_B,embedding_0233,15,62,0.14158642,0.18664901,0.10598647,0.19071874,-0.48861469,0.4140859,0.99245233
STATE_B,embedding_0234,15,62,-0.14320123,-0.12823768,-0.16886971,-0.1270103,-0.34406453,0.51600165,0.99245233
STATE_B,embedding_0235,15,62,0.07027746,0.09086157,0.07887026,0.06720082,0.0793874,0.9846076,0.99759715
STATE_B,embedding_0236,15,62,-0.96060717,-1.03834534,-0.97708712,-1.02578905,0.41414197,0.17075496,0.99245233
STATE_B,embedding_0237,15,62,1.06637931,1.07025409,1.00235339,1.04695701,-0.28567594,0.46741474,0.99245233
STATE_B,embedding_0238,15,62,-0.74454182,-0.74562535,-0.76418925,-0.75581192,-0.11299167,0.8319356,0.99245233
STATE_B,embedding_0239,15,62,-0.87978816,-0.86172366,-0.86386091,-0.86854737,0.03631673,0.95384572,0.99759715
STATE_B,embedding_0240,15,62,-0.00676974,-0.11681422,-0.04231629,-0.1276233,0.57712187,0.03898745,0.99245233
STATE_B,embedding_0241,15,62,-1.5068531,-1.52161968,-1.47600609,-1.51535177,0.57951206,0.10373326,0.99245233
STATE_B,embedding_0242,15,62,0.61446118,0.61155489,0.61882907,0.6126567,0.06020432,0.94360475,0.99759715
STATE_B,embedding_0243,15,62,-0.74419624,-0.74411106,-0.75728271,-0.73934029,-0.24310239,0.71394622,0.99245233
STATE_B,embedding_0244,15,62,0.37352002,0.40294836,0.34776494,0.40467855,-0.37091018,0.45957087,0.99245233
STATE_B,embedding_0245,15,62,0.24761716,0.19923606,0.31966642,0.20207073,0.63612715,0.45180125,0.99245233
STATE_B,embedding_0246,15,62,-0.36046627,-0.35925213,-0.28188333,-0.35720058,0.55544096,0.35108815,0.99245233
STATE_B,embedding_0247,15,62,0.77616477,0.71679538,0.76958961,0.73214727,0.37769521,0.42147629,0.99245233
STATE_B,embedding_0248,15,62,-0.40958631,-0.36917776,-0.38033747,-0.41557431,0.20503728,0.68536962,0.99245233
STATE_B,embedding_0249,15,62,-0.5577125,-0.54025465,-0.51358104,-0.53960486,0.178939,0.87227256,0.99245233
STATE_B,embedding_0250,15,62,0.26125318,0.26211467,0.22694771,0.25783542,-0.38892492,0.49952034,0.99245233
STATE_B,embedding_0251,15,62,-0.98731196,-1.01556426,-0.97535912,-1.00906485,0.2630342,0.60243434,0.99245233
STATE_B,embedding_0252,15,62,-1.17998469,-1.14973968,-1.06498966,-1.15762545,0.51544559,0.75267497,0.99245233
STATE_B,embedding_0253,15,62,-1.14846599,-1.17426234,-1.07752292,-1.17159897,0.69553447,0.23415774,0.99245233
STATE_B,embedding_0254,15,62,0.69039232,0.70540741,0.62991573,0.69662364,-0.52813092,0.37137791,0.99245233
STATE_B,embedding_0255,15,62,0.32035691,0.3587722,0.33947245,0.36311206,-0.16384054,0.54979067,0.99245233
STATE_B,embedding_0256,15,62,1.16355991,1.12907326,1.16516298,1.1308939,0.213907,0.35777195,0.99245233
STATE_B,embedding_0257,15,62,0.29084978,0.31616306,0.28363664,0.31996635,-0.29952922,0.52434683,0.99245233
STATE_B,embedding_0258,15,62,0.12994753,0.19680384,0.15016848,0.20979001,-0.51652173,0.06309372,0.99245233
STATE_B,embedding_0259,15,62,-0.38006684,-0.41369297,-0.41006208,-0.39031792,-0.14135536,0.91294446,0.99759715
STATE_B,embedding_0260,15,62,0.72676128,0.72768962,0.69455008,0.74144611,-0.29246444,0.54124219,0.99245233
STATE_B,embedding_0261,15,62,1.13099408,1.15602136,1.10380927,1.17407061,-0.44506717,0.42894348,0.99245233
STATE_B,embedding_0262,15,62,-0.42693755,-0.39205632,-0.40693655,-0.38850035,-0.12801094,0.62047348,0.99245233
STATE_B,embedding_0263,15,62,0.63150471,0.64623576,0.67639135,0.67446331,0.00913115,0.9846076,0.99759715
STATE_B,embedding_0264,15,62,-0.88422358,-0.88021797,-0.86731579,-0.86800605,0.00419259,0.9846076,0.99759715
STATE_B,embedding_0265,15,62,0.51708883,0.57371292,0.57334519,0.59416762,-0.13525334,0.42147629,0.99245233
STATE_B,embedding_0266,15,62,2.80855536,2.85189879,2.80245797,2.84568669,-0.2305979,0.42894348,0.99245233
STATE_B,embedding_0267,15,62,1.24083674,1.22815311,1.22348116,1.23316628,-0.10064409,0.90275082,0.99759715
STATE_B,embedding_0268,15,62,0.92184305,0.87846035,0.88564446,0.86488244,0.14076116,0.72356404,0.99245233
STATE_B,embedding_0269,15,62,0.98683196,1.01670951,0.99717825,1.0308416,-0.17680684,0.63874387,0.99245233
STATE_B,embedding_0270,15,62,0.07961278,0.14455783,0.07394132,0.14509013,-0.40824257,0.31266228,0.99245233
STATE_B,embedding_0271,15,62,0.44725531,0.53758243,0.48378551,0.54865696,-0.30264362,0.60243434,0.99245233
STATE_B,embedding_0272,15,62,-0.00751772,0.13957144,0.07107459,0.14138391,-0.40505614,0.31886659,0.99245233
STATE_B,embedding_0273,15,62,-0.79220027,-0.8209146,-0.78919912,-0.80434817,0.10231295,0.91294446,0.99759715
STATE_B,embedding_0274,15,62,0.6483928,0.58651048,0.66411038,0.59475997,0.53156467,0.24442679,0.99245233
STATE_B,embedding_0275,15,62,-0.155858,-0.10239255,-0.15409574,-0.0945538,-0.44550983,0.15154629,0.99245233
STATE_B,embedding_0276,15,62,-0.01441517,0.05241417,0.05870331,0.04580336,0.06270678,0.82191583,0.99245233
STATE_B,embedding_0277,15,62,0.97590923,0.98311055,1.0110843,0.98776312,0.13788744,0.59350426,0.99245233
STATE_B,embedding_0278,15,62,-0.72605354,-0.66883293,-0.66002316,-0.65489134,-0.0359008,0.68536962,0.99245233
STATE_B,embedding_0279,15,62,0.05394621,0.00140232,0.02980417,-0.00642666,0.25317126,0.2496782,0.99245233
STATE_B,embedding_0280,15,62,0.42176571,0.38205478,0.36706169,0.39385912,-0.16224985,0.82191583,0.99245233
STATE_B,embedding_0281,15,62,0.47853342,0.4721472,0.48746536,0.46917497,0.12353153,0.73322571,0.99245233
STATE_B,embedding_0282,15,62,0.67773861,0.73940924,0.58859888,0.72092839,-0.57970469,0.26590349,0.99245233
STATE_B,embedding_0283,15,62,0.22649758,0.26083066,0.28124249,0.24559808,0.30366713,0.75267497,0.99245233
STATE_B,embedding_0284,15,62,-0.95934361,-1.00466907,-0.9290035,-0.98997639,0.35863641,0.79203656,0.99245233
STATE_B,embedding_0285,15,62,0.05538154,0.03313511,0.04458814,0.04782623,-0.01983592,0.78214197,0.99245233
STATE_B,embedding_0286,15,62,0.75493598,0.77831593,0.78423435,0.80009443,-0.13489721,0.66656261,0.99245233
STATE_B,embedding_0287,15,62,0.1384237,0.09615126,0.13357861,0.08660396,0.5654912,0.09077435,0.99245233
STATE_B,embedding_0288,15,62,-0.605048,-0.64744338,-0.58749649,-0.63826994,0.55475227,0.07485371,0.99245233
STATE_B,embedding_0289,15,62,-4.46177244,-4.50687194,-4.51325067,-4.52058534,0.0429913,0.38530035,0.99245233
STATE_B,embedding_0290,15,62,-1.9697063,-1.98888129,-2.00326463,-2.00201209,-0.00472541,0.77228252,0.99245233
STATE_B,embedding_0291,15,62,-0.21262656,-0.25651571,-0.19310712,-0.25140914,0.52484639,0.37137791,0.99245233
STATE_B,embedding_0292,15,62,-0.81616056,-0.82214394,-0.78021528,-0.8156101,0.30869566,0.70437364,0.99245233
STATE_B,embedding_0293,15,62,0.36839569,0.3714661,0.33104945,0.39041094,-0.57979119,0.23415774,0.99245233
STATE_B,embedding_0294,15,62,0.86854726,0.87389648,0.89763887,0.85845252,0.31003361,0.49138575,0.99245233
STATE_B,embedding_0295,15,62,0.13573545,0.06180003,0.13274839,0.06622757,0.47816018,0.09579242,0.99245233
STATE_B,embedding_0296,15,62,0.92786342,0.93965253,0.97471552,0.94486302,0.17726326,0.42894348,0.99245233
STATE_B,embedding_0297,15,62,0.37793905,0.36959819,0.35519371,0.37524641,-0.18563435,0.94360475,0.99759715
STATE_B,embedding_0298,15,62,-0.77123231,-0.80670598,-0.74822063,-0.81814589,0.31958445,0.47533227,0.99245233
STATE_B,embedding_0299,15,62,-4.16846704,-4.12664843,-4.14443698,-4.11209557,-0.13707321,0.59350426,0.99245233
STATE_B,embedding_0300,15,62,0.32688749,0.36518784,0.36606784,0.36048859,0.04379838,0.76245969,0.99245233
STATE_B,embedding_0301,15,62,0.687433,0.69944105,0.70218172,0.69847283,0.03374883,0.95384572,0.99759715
STATE_B,embedding_0302,15,62,-0.40897974,-0.31777923,-0.36636714,-0.34461232,-0.15557056,0.54124219,0.99245233
STATE_B,embedding_0303,15,62,0.38506335,0.39180733,0.36066229,0.39958291,-0.36311644,0.43648703,0.99245233
STATE_B,embedding_0304,15,62,0.05577155,-0.00522582,0.0840673,-0.00261207,0.59721186,0.10103015,0.99245233
STATE_B,embedding_0305,15,62,0.17728876,0.23608667,0.1810851,0.23083414,-0.56489883,0.10931172,0.99245233
STATE_B,embedding_0306,15,62,0.83646625,0.86338994,0.80266971,0.85693206,-0.37475609,0.72356404,0.99245233
STATE_B,embedding_0307,15,62,1.08969414,1.05867708,1.1058872,1.09669034,0.07894588,0.52434683,0.99245233
STATE_B,embedding_0308,15,62,-0.97559875,-0.99565056,-0.96893528,-0.98738767,0.21644562,0.42147629,0.99245233
STATE_B,embedding_0309,15,62,0.11555476,0.13111588,0.15478364,0.11698054,0.30361209,0.54124219,0.99245233
STATE_B,embedding_0310,15,62,0.37986329,0.42154869,0.36590235,0.38884378,-0.14068276,0.46741474,0.99245233
STATE_B,embedding_0311,15,62,-0.5341239,-0.60002688,-0.53444271,-0.59925576,0.43480434,0.37137791,0.99245233
STATE_B,embedding_0312,15,62,0.30015996,0.28668787,0.28574822,0.29882068,-0.09040451,0.79203656,0.99245233
STATE_B,embedding_0313,15,62,-1.08739924,-1.07958347,-1.08272452,-1.08875115,0.03995949,0.96409431,0.99759715
STATE_B,embedding_0314,15,62,-0.65986109,-0.6872099,-0.68431759,-0.67544476,-0.0629542,0.64796289,0.99245233
STATE_B,embedding_0315,15,62,-0.48833027,-0.48559418,-0.63349147,-0.49655331,-0.62193197,0.21454518,0.99245233
STATE_B,embedding_0316,15,62,-0.81472319,-0.7824702,-0.83298937,-0.79040273,-0.3581862,0.24442679,0.99245233
STATE_B,embedding_0317,15,62,0.0126928,0.04604527,0.07017908,0.03545192,0.2695819,0.80196476,0.99245233
STATE_B,embedding_0318,15,62,0.80027694,0.84203702,0.80851953,0.85438751,-0.37567126,0.46741474,0.99245233
STATE_B,embedding_0319,15,62,-0.28804404,-0.35368451,-0.226871,-0.35858224,0.5358524,0.24442679,0.99245233
STATE_B,embedding_0320,15,62,-0.09098322,-0.11043785,-0.09932835,-0.0607245,-0.18528749,0.80196476,0.99245233
STATE_B,embedding_0321,15,62,0.28296539,0.21241851,0.2462122,0.15690531,0.40631587,0.27711533,0.99245233
STATE_B,embedding_0322,15,62,-0.44585621,-0.41713633,-0.44816195,-0.43336263,-0.12529664,0.31886659,0.99245233
STATE_B,embedding_0323,15,62,0.22008282,0.27000688,0.24650132,0.26016114,-0.09886111,0.8319356,0.99245233
STATE_B,embedding_0324,15,62,0.61475116,0.61961305,0.59931423,0.6159326,-0.23305914,0.84198276,0.99245233
STATE_B,embedding_0325,15,62,1.64642704,1.69516283,1.65833673,1.67824599,-0.17687001,0.70437364,0.99245233
STATE_B,embedding_0326,15,62,-0.8037008,-0.79022312,-0.71142106,-0.77853022,0.3735055,0.54979067,0.99245233
STATE_B,embedding_0327,15,62,-0.50976092,-0.5618425,-0.58617738,-0.55075245,-0.15075427,0.8520557,0.99245233
STATE_B,embedding_0328,15,62,-0.17391571,-0.14125271,-0.26441061,-0.11627988,-0.61203383,0.27146977,0.99245233
STATE_B,embedding_0329,15,62,-0.14646892,-0.17259938,-0.22929447,-0.1982591,-0.21915757,0.87227256,0.99245233
STATE_B,embedding_0330,15,62,-0.13597959,-0.1129039,-0.15025868,-0.11848918,-0.22258665,0.62047348,0.99245233
STATE_B,embedding_0331,15,62,0.80621487,0.76273707,0.82319189,0.76672947,0.25358718,0.46741474,0.99245233
STATE_B,embedding_0332,15,62,0.31160799,0.26356995,0.32376942,0.2828204,0.28126302,0.46741474,0.99245233
STATE_B,embedding_0333,15,62,-0.03127114,0.04505588,-0.0468459,0.03444991,-0.47647514,0.14434103,0.99245233
STATE_B,embedding_0334,15,62,1.42057395,1.42869097,1.43760882,1.4213434,0.18904537,0.54124219,0.99245233
STATE_B,embedding_0335,15,62,-0.9557066,-0.95143819,-0.93556954,-0.96628462,0.14770742,0.84198276,0.99245233
STATE_B,embedding_0336,15,62,-0.10879174,-0.06236593,-0.1036933,-0.05565054,-0.43789943,0.12747783,0.99245233
STATE_B,embedding_0337,15,62,0.12389119,0.02291624,0.11607109,0.00579401,0.59323203,0.10103015,0.99245233
STATE_B,embedding_0338,15,62,-0.7982164,-0.82715851,-0.82687409,-0.8113877,-0.10619157,0.92315244,0.99759715
STATE_B,embedding_0339,15,62,0.96528548,0.98258555,0.93963352,0.97976859,-0.27637761,0.78214197,0.99245233
STATE_B,embedding_0340,15,62,0.6789397,0.71390843,0.67866611,0.71276873,-0.490135,0.16677411,0.99245233
STATE_B,embedding_0341,15,62,-0.78577054,-0.82419199,-0.8035026,-0.84244956,0.30232764,0.28864503,0.99245233
STATE_B,embedding_0342,15,62,-1.11530244,-1.0996868,-1.06720685,-1.08994516,0.18612267,0.82191583,0.99245233
STATE_B,embedding_0343,15,62,1.11043775,1.11080253,1.08854086,1.11018445,-0.20518338,0.92315244,0.99759715
STATE_B,embedding_0344,15,62,-0.67251146,-0.71036759,-0.63236491,-0.70517031,0.45386853,0.55840516,0.99245233
STATE_B,embedding_0345,15,62,0.6410861,0.67776194,0.61346853,0.68706727,-0.78883701,0.06309372,0.99245233
STATE_B,embedding_0346,15,62,-0.95632041,-0.99550119,-0.91509372,-0.98638381,0.45681041,0.33795974,0.99245233
STATE_B,embedding_0347,15,62,0.62476546,0.66936278,0.65148122,0.66361919,-0.08073146,0.76245969,0.99245233
STATE_B,embedding_0348,15,62,1.13820779,1.09947467,1.10695564,1.09717574,0.06304489,0.54124219,0.99245233
STATE_B,embedding_0349,15,62,-2.39998269,-2.49366653,-2.31008683,-2.502101,0.58454802,0.24442679,0.99245233
STATE_B,embedding_0350,15,62,-0.58991128,-0.65679955,-0.54808737,-0.66166167,0.80959498,0.05781264,0.99245233
STATE_B,embedding_0351,15,62,0.17474115,0.22135473,0.17122236,0.21614516,-0.49309439,0.09325631,0.99245233
STATE_B,embedding_0352,15,62,0.53322905,0.56085294,0.50816176,0.54273293,-0.25403128,0.87227256,0.99245233
STATE_B,embedding_0353,15,62,0.59629089,0.70173612,0.59343547,0.67145331,-0.56100752,0.09838345,0.99245233
STATE_B,embedding_0354,15,62,-0.72055644,-0.71073684,-0.68077091,-0.70455925,0.16857864,0.76245969,0.99245233
STATE_B,embedding_0355,15,62,0.89278358,0.8805601,0.90307879,0.89519503,0.06819194,0.72356404,0.99245233
STATE_B,embedding_0356,15,62,0.3341822,0.39598094,0.35471087,0.37947748,-0.15750541,0.62047348,0.99245233
STATE_B,embedding_0357,15,62,-0.17256227,-0.18496872,-0.2131653,-0.181936,-0.20706913,0.46741474,0.99245233
STATE_B,embedding_0358,15,62,0.59414697,0.58444178,0.5702682,0.6103792,-0.28336142,0.51600165,0.99245233
STATE_B,embedding_0359,15,62,0.50147545,0.47684601,0.44430048,0.48959493,-0.26165279,0.75267497,0.99245233
STATE_B,embedding_0360,15,62,0.42408982,0.42650615,0.43824501,0.42316132,0.13298162,0.84198276,0.99245233
STATE_B,embedding_0361,15,62,0.31278595,0.33340719,0.28849516,0.32808925,-0.3536786,0.38530035,0.99245233
STATE_B,embedding_0362,15,62,0.86478603,0.82894769,0.84773171,0.84408994,0.04505706,0.66656261,0.99245233
STATE_B,embedding_0363,15,62,-0.37449461,-0.41106306,-0.3604499,-0.40928754,0.39814735,0.1590223,0.99245233
STATE_B,embedding_0364,15,62,0.78919345,0.75692314,0.78504031,0.7298742,0.34057051,0.31266228,0.99245233
STATE_B,embedding_0365,15,62,1.23758233,1.24354994,1.19961754,1.22332814,-0.16035721,0.73322571,0.99245233
STATE_B,embedding_0366,15,62,-0.3333309,-0.31996949,-0.36079666,-0.29543315,-0.46457158,0.30653801,0.99245233
STATE_B,embedding_0367,15,62,0.1226274,0.12146452,0.1219349,0.12271191,-0.00887117,0.89257319,0.99636077
STATE_B,embedding_0368,15,62,0.85701644,0.89176211,0.82821326,0.88409405,-0.40951096,0.75267497,0.99245233
STATE_B,embedding_0369,15,62,-0.17725101,-0.18487158,-0.12833799,-0.1898227,0.40699682,0.21933356,0.99245233
STATE_B,embedding_0370,15,62,0.81148624,0.80323583,0.85797688,0.78452916,0.43546858,0.49138575,0.99245233
STATE_B,embedding_0371,15,62,-0.6579051,-0.68266377,-0.67040387,-0.67580041,0.07507774,0.64796289,0.99245233
STATE_B,embedding_0372,15,62,0.99644971,0.99916014,0.90165481,0.97529241,-0.56928719,0.42894348,0.99245233
STATE_B,embedding_0373,15,62,-0.14759254,-0.11310928,-0.0827899,-0.10693467,0.19271088,0.89257319,0.99636077
STATE_B,embedding_0374,15,62,2.08596039,2.08233869,2.0572475,2.07463944,-0.25264211,0.63874387,0.99245233
STATE_B,embedding_0375,15,62,0.54892105,0.5395534,0.50552053,0.5553797,-0.37910519,0.65723621,0.99245233
STATE_B,embedding_0376,15,62,-1.88698041,-1.87598127,-1.81661706,-1.8798193,0.36626916,0.55840516,0.99245233
STATE_B,embedding_0377,15,62,-1.03025472,-0.98119348,-0.96830197,-0.97361784,0.04448623,0.20519549,0.99245233
STATE_B,embedding_0378,15,62,0.17999575,0.15143043,0.20174599,0.14797271,0.53174716,0.13402935,0.99245233
STATE_B,embedding_0379,15,62,0.06455625,0.15649053,0.12049525,0.15362351,-0.18240325,0.38530035,0.99245233
STATE_B,embedding_0380,15,62,-0.7837202,-0.79208747,-0.72115339,-0.79575502,0.50919992,0.75267497,0.99245233
STATE_B,embedding_0381,15,62,0.12530762,0.12870692,0.10189974,0.13267702,-0.21439294,0.53276062,0.99245233
STATE_B,embedding_0382,15,62,-0.62441152,-0.5457935,-0.58349193,-0.55205144,-0.30652945,0.2392534,0.99245233
STATE_B,embedding_0383,15,62,-0.75155038,-0.78065541,-0.77123503,-0.78317868,0.12694451,0.68536962,0.99245233
STATE_B,embedding_0384,15,62,0.84426957,0.86700153,0.73601917,0.87146774,-0.59253803,0.35777195,0.99245233
STATE_B,embedding_0385,15,62,-0.15943608,-0.16932254,-0.18257514,-0.16764268,-0.26166561,0.65723621,0.99245233
STATE_B,embedding_0386,15,62,0.33823943,0.33699314,0.32548352,0.33631972,-0.11769471,1.0,1.0
STATE_B,embedding_0387,15,62,0.7417286,0.75780281,0.70936244,0.75393089,-0.39232445,0.46741474,0.99245233
STATE_B,embedding_0388,15,62,-0.70073301,-0.72576684,-0.72478574,-0.70980686,-0.08909696,0.65723621,0.99245233
STATE_B,embedding_0389,15,62,-0.55729538,-0.56240889,-0.53849766,-0.55614986,0.14639615,0.56708473,0.99245233
STATE_B,embedding_0390,15,62,0.34237134,0.34791707,0.33774749,0.34772444,-0.11959707,0.68536962,0.99245233
STATE_B,embedding_0391,15,62,-0.16982135,-0.14616544,-0.18125338,-0.13713811,-0.23240834,0.72356404,0.99245233
STATE_B,embedding_0392,15,62,0.32444832,0.34220859,0.32566328,0.35082763,-0.2450929,0.46741474,0.99245233
STATE_B,embedding_0393,15,62,-0.14564292,-0.11678945,-0.08509916,-0.10787834,0.24849675,0.77228252,0.99245233
STATE_B,embedding_0394,15,62,-0.51041836,-0.55452231,-0.49855245,-0.56290883,0.52390498,0.13402935,0.99245233
STATE_B,embedding_0395,15,62,-0.59730011,-0.52610463,-0.51301666,-0.52443095,0.04683589,0.97434884,0.99759715
STATE_B,embedding_0396,15,62,0.02807358,0.04126446,0.03705572,0.03596891,0.0088026,0.94360475,0.99759715
STATE_B,embedding_0397,15,62,0.10902402,0.18584678,0.13683802,0.1746305,-0.26262165,0.34448404,0.99245233
STATE_B,embedding_0398,15,62,0.01194659,0.02917162,-0.02484982,0.0239512,-0.38138579,0.66656261,0.99245233
STATE_B,embedding_0399,15,62,0.30923373,0.27450295,0.30293514,0.29026455,0.10756868,0.82191583,0.99245233
STATE_B,embedding_0400,15,62,-0.58436823,-0.62150764,-0.60938793,-0.62491503,0.24072453,0.26590349,0.99245233
STATE_B,embedding_0401,15,62,-0.14559005,-0.09611805,-0.12533678,-0.11144304,-0.13444739,0.39237962,0.99245233
STATE_B,embedding_0402,15,62,0.07050334,0.05349323,0.07199863,0.05295389,0.22874576,0.55840516,0.99245233
STATE_B,embedding_0403,15,62,0.80528414,0.84272626,0.79317605,0.82815595,-0.42611209,0.2496782,0.99245233
STATE_B,embedding_0404,15,62,-0.13868308,-0.14387915,-0.15623366,-0.1400603,-0.17929861,0.9846076,0.99759715
STATE_B,embedding_0405,15,62,0.36966196,0.47057517,0.44606237,0.46828253,-0.14664898,0.74292983,0.99245233
STATE_B,embedding_0406,15,62,-0.38920748,-0.40478425,-0.39567969,-0.40238924,0.05979595,0.56708473,0.99245233
STATE_B,embedding_0407,15,62,0.3954618,0.41374455,0.42196434,0.43868222,-0.16684168,0.39237962,0.99245233
STATE_B,embedding_0408,15,62,-0.20610759,-0.19760177,-0.18921397,-0.1957133,0.07966389,1.0,1.0
STATE_B,embedding_0409,15,62,0.13062462,0.17092468,0.14131224,0.15607752,-0.13132567,0.58463528,0.99245233
STATE_B,embedding_0410,15,62,-0.88812715,-0.93090862,-0.84278206,-0.92459874,0.59671619,0.28284037,0.99245233
STATE_B,embedding_0411,15,62,0.44581926,0.43712689,0.41072679,0.44673128,-0.3137206,0.47533227,0.99245233
STATE_B,embedding_0412,15,62,-0.58159244,-0.54721966,-0.56118616,-0.54438366,-0.14003554,0.48332283,0.99245233
STATE_B,embedding_0413,15,62,-0.37379804,-0.41052222,-0.38870097,-0.42891758,0.38537902,0.10103015,0.99245233
STATE_B,embedding_0414,15,62,-1.30972385,-1.31625026,-1.2081605,-1.29276793,0.42966556,0.4140859,0.99245233
STATE_B,embedding_0415,15,62,0.21188764,0.19261973,0.17357298,0.19878719,-0.17031767,0.97434884,0.99759715
STATE_B,embedding_0416,15,62,1.27904689,1.28928411,1.19956471,1.25713648,-0.30197702,0.71394622,0.99245233
STATE_B,embedding_0417,15,62,-0.30291089,-0.24638628,-0.17688452,-0.2479281,0.29083865,0.8319356,0.99245233
STATE_B,embedding_0418,15,62,-0.35869029,-0.38203819,-0.32518342,-0.3816827,0.53487678,0.17480657,0.99245233
STATE_B,embedding_0419,15,62,0.19399431,0.25592238,0.20088022,0.233772,-0.25693799,0.30653801,0.99245233
STATE_B,embedding_0420,15,62,0.3704221,0.35726863,0.32832628,0.35601711,-0.22700792,0.8520557,0.99245233
STATE_B,embedding_0421,15,62,0.85593754,0.85801598,0.8449603,0.86285502,-0.14528541,0.8319356,0.99245233
STATE_B,embedding_0422,15,62,-0.64575183,-0.60017341,-0.73766358,-0.5924025,-0.69964597,0.16286343,0.99245233
STATE_B,embedding_0423,15,62,-0.0837297,-0.10771127,-0.04066443,-0.10671504,0.56148585,0.20519549,0.99245233
STATE_B,embedding_0424,15,62,-0.70604146,-0.7511602,-0.70339056,-0.74237751,0.54068112,0.09077435,0.99245233
STATE_B,embedding_0425,15,62,-0.02023377,0.04271876,-0.03693193,0.03963899,-0.69924759,0.09579242,0.99245233
STATE_B,embedding_0426,15,62,-0.90619338,-0.92559603,-0.88895973,-0.92403482,0.2415456,0.56708473,0.99245233
STATE_B,embedding_0427,15,62,-0.21515389,-0.25261936,-0.23267987,-0.26247042,0.40933521,0.04834915,0.99245233
STATE_B,embedding_0428,15,62,-0.01110797,-0.0753618,-0.03284932,-0.07418521,0.57233758,0.20063329,0.99245233
STATE_B,embedding_0429,15,62,-0.23267302,-0.19138937,-0.24657837,-0.20424295,-0.35819371,0.10931172,0.99245233
STATE_B,embedding_0430,15,62,0.15034167,0.16954906,0.15252759,0.16468135,-0.09379106,0.95384572,0.99759715
STATE_B,embedding_0431,15,62,0.82209593,0.79416403,0.76472574,0.75735035,0.04926011,0.76245969,0.99245233
STATE_B,embedding_0432,15,62,0.06268279,0.04542793,0.08499736,0.03606823,0.50017075,0.12429688,0.99245233
STATE_B,embedding_0433,15,62,-0.27720568,-0.26525562,-0.24591101,-0.27067503,0.13828275,0.54124219,0.99245233
STATE_B,embedding_0434,15,62,-0.67163533,-0.64260718,-0.64022321,-0.64972345,0.10436019,0.97434884,0.99759715
STATE_B,embedding_0435,15,62,0.00166567,0.0235999,0.01085694,0.0198446,-0.08681642,0.73322571,0.99245233
STATE_B,embedding_0436,15,62,-0.62365621,-0.56603661,-0.60013851,-0.56300721,-0.28985194,0.25500794,0.99245233
STATE_B,embedding_0437,15,62,-0.34424233,-0.36193778,-0.36319171,-0.36864186,0.06723229,0.81192503,0.99245233
STATE_B,embedding_0438,15,62,-0.13203008,-0.13643796,-0.05266169,-0.15720409,0.50546379,0.42147629,0.99245233
STATE_B,embedding_0439,15,62,-0.08925102,-0.10761176,-0.09524941,-0.11502504,0.23521612,0.74292983,0.99245233
STATE_B,embedding_0440,15,62,1.76195776,1.7215631,1.77075133,1.69745525,0.42633044,0.27711533,0.99245233
STATE_B,embedding_0441,15,62,-0.49456152,-0.43759313,-0.534291,-0.42911847,-0.55273425,0.23415774,0.99245233
STATE_B,embedding_0442,15,62,-0.28860649,-0.40941282,-0.35145413,-0.41074801,0.32553352,0.36453526,0.99245233
STATE_B,embedding_0443,15,62,0.63793325,0.62527943,0.64327663,0.63315976,0.07479865,0.99486892,1.0
STATE_B,embedding_0444,15,62,1.21516156,1.178895,1.23010068,1.19103929,0.40890292,0.18312433,0.99245233
STATE_B,embedding_0445,15,62,0.27121425,0.3188737,0.29374568,0.33609335,-0.40551427,0.21933356,0.99245233
STATE_B,embedding_0446,15,62,-0.3395606,-0.38439973,-0.37104273,-0.40105726,0.32046935,0.34448404,0.99245233
STATE_B,embedding_0447,15,62,-0.01565068,-0.09455104,-0.03660462,-0.07645289,0.343554,0.13740131,0.99245233
STATE_B,embedding_0448,15,62,-0.16937453,-0.17863075,-0.21528649,-0.17789397,-0.32762244,0.72356404,0.99245233
STATE_B,embedding_0449,15,62,-0.46383822,-0.49785009,-0.50982219,-0.4846385,-0.19483549,0.78214197,0.99245233
STATE_B,embedding_0450,15,62,-1.66357517,-1.66109639,-1.61477549,-1.65455825,0.36311317,0.68536962,0.99245233
STATE_B,embedding_0451,15,62,1.13813198,1.17712766,1.09607938,1.16535354,-0.67498981,0.05953061,0.99245233
STATE_B,embedding_0452,15,62,1.14632475,1.12733608,1.06712322,1.1056591,-0.21602035,0.79203656,0.99245233
STATE_B,embedding_0453,15,62,0.02070576,0.02924031,0.02547767,0.0251583,0.00309598,0.97434884,0.99759715
STATE_B,embedding_0454,15,62,-0.07416581,-0.13077894,-0.10094435,-0.13640277,0.36380448,0.22913945,0.99245233
STATE_B,embedding_0455,15,62,-0.25037169,-0.26073325,-0.30413974,-0.25970189,-0.23757081,0.77228252,0.99245233
STATE_B,embedding_0456,15,62,-0.63724023,-0.64670891,-0.62403723,-0.62665915,0.01472686,0.84198276,0.99245233
STATE_B,embedding_0457,15,62,-0.49218661,-0.45609617,-0.45007965,-0.46196724,0.06621665,0.99486892,1.0
STATE_B,embedding_0458,15,62,-0.13331966,-0.12011887,-0.13959254,-0.12265185,-0.11279679,0.87227256,0.99245233
STATE_B,embedding_0459,15,62,-0.61547941,-0.6160976,-0.63171653,-0.6223014,-0.084001,0.77228252,0.99245233
STATE_B,embedding_0460,15,62,0.85839307,0.82855606,0.8282552,0.83972434,-0.06982146,0.8319356,0.99245233
STATE_B,embedding_0461,15,62,-1.5364635,-1.51271617,-1.57329284,-1.52101336,-0.32207118,0.59350426,0.99245233
STATE_B,embedding_0462,15,62,0.00119308,0.05337625,0.05002018,0.0495123,0.00206862,0.92315244,0.99759715
STATE_B,embedding_0463,15,62,-0.64669305,-0.60659564,-0.60691358,-0.60992556,0.02522574,0.56708473,0.99245233
STATE_B,embedding_0464,15,62,0.48623866,0.54328692,0.50930748,0.53229433,-0.19235923,0.51600165,0.99245233
STATE_B,embedding_0465,15,62,-0.38975742,-0.41951212,-0.4459621,-0.39887006,-0.36910938,0.39237962,0.99245233
STATE_B,embedding_0466,15,62,1.40246654,1.43715912,1.36460621,1.44177502,-0.54702446,0.1789295,0.99245233
STATE_B,embedding_0467,15,62,1.0310905,1.05445063,1.04949034,1.05948861,-0.06425164,0.80196476,0.99245233
STATE_B,embedding_0468,15,62,0.75093228,0.76031518,0.67805058,0.74222526,-0.35057986,0.45957087,0.99245233
STATE_B,embedding_0469,15,62,-0.78964472,-0.75715986,-0.78261691,-0.78633585,0.02730098,0.87227256,0.99245233
STATE_B,embedding_0470,15,62,1.29939723,1.29909831,1.31323125,1.27671952,0.25796734,0.64796289,0.99245233
STATE_B,embedding_0471,15,62,0.26772922,0.2548807,0.24405377,0.24535288,-0.00973538,0.80196476,0.99245233
STATE_B,embedding_0472,15,62,0.03474426,0.00162649,0.03389284,-0.0019983,0.29805925,0.31886659,0.99245233
STATE_B,embedding_0473,15,62,-1.74739981,-1.77597338,-1.74379009,-1.77245039,0.20266529,0.51600165,0.99245233
STATE_B,embedding_0474,15,62,1.42000592,1.37992465,1.3885693,1.37766236,0.07261962,0.80196476,0.99245233
STATE_B,embedding_0475,15,62,-0.06532595,-0.11331375,0.04537369,-0.12635164,0.75303904,0.04149039,0.99245233
STATE_B,embedding_0476,15,62,-1.17718554,-1.20504397,-1.13526401,-1.20100856,0.62505982,0.36453526,0.99245233
STATE_B,embedding_0477,15,62,-0.60872942,-0.6198048,-0.54434352,-0.62872211,0.56638938,0.32515096,0.99245233
STATE_B,embedding_0478,15,62,-0.62794971,-0.62712643,-0.6226285,-0.62709795,0.05610031,0.77228252,0.99245233
STATE_B,embedding_0479,15,62,-0.0751428,-0.06606212,-0.09318158,-0.04483285,-0.28549475,0.65723621,0.99245233
STATE_B,embedding_0480,15,62,-0.07198352,-0.10728893,-0.0629514,-0.11735454,0.36492296,0.33795974,0.99245233
STATE_B,embedding_0481,15,62,0.27488077,0.2174966,0.2930435,0.2342881,0.4093975,0.20983264,0.99245233
STATE_B,embedding_0482,15,62,-0.00492089,-0.10979896,0.02089275,-0.09490059,0.62710421,0.08364591,0.99245233
STATE_B,embedding_0483,15,62,-1.4700371,-1.45876622,-1.40900862,-1.44511037,0.35154916,0.94360475,0.99759715
STATE_B,embedding_0484,15,62,0.05570654,0.1404014,0.09735304,0.15212216,-0.31444825,0.27146977,0.99245233
STATE_B,embedding_0485,15,62,0.49133962,0.40929724,0.48697363,0.42575125,0.44596688,0.22419818,0.99245233
STATE_B,embedding_0486,15,62,1.2429266,1.26776397,1.22684027,1.24892113,-0.13749536,0.61142444,0.99245233
STATE_B,embedding_0487,15,62,-0.876827,-0.91145498,-0.81344231,-0.90506763,0.47771091,0.39237962,0.99245233
STATE_B,embedding_0488,15,62,-0.38210493,-0.41042909,-0.37586859,-0.40474611,0.29210101,0.24442679,0.99245233
STATE_B,embedding_0489,15,62,-1.35836148,-1.26993948,-1.350748,-1.2613539,-0.84532002,0.00920044,0.99245233
STATE_B,embedding_0490,15,62,0.44784415,0.43800896,0.45693223,0.42318827,0.31441552,0.33795974,0.99245233
STATE_B,embedding_0491,15,62,1.25107408,1.22284728,1.19741089,1.25088043,-0.26700993,0.96409431,0.99759715
STATE_B,embedding_0492,15,62,-1.72030628,-1.69705194,-1.64904065,-1.69097505,0.22923562,0.81192503,0.99245233
STATE_B,embedding_0493,15,62,1.04801798,0.96936008,1.0290937,0.97415355,0.58117932,0.01764414,0.99245233
STATE_B,embedding_0494,15,62,-0.91815561,-0.89370304,-0.92761759,-0.8927299,-0.36810401,0.22913945,0.99245233
STATE_B,embedding_0495,15,62,-0.54697222,-0.55309772,-0.5306143,-0.55895287,0.27822139,0.79203656,0.99245233
STATE_B,embedding_0496,15,62,-0.70966297,-0.79174775,-0.66552561,-0.77350147,0.48459198,0.11512474,0.99245233
STATE_B,embedding_0497,15,62,0.53130311,0.59303942,0.53759669,0.58999627,-0.38743957,0.31886659,0.99245233
STATE_B,embedding_0498,15,62,0.06667195,0.11484977,0.12562847,0.08523802,0.27865378,0.89257319,0.99636077
STATE_B,embedding_0499,15,62,0.77687764,0.82729343,0.79896612,0.82903854,-0.31361427,0.10103015,0.99245233
STATE_B,embedding_0500,15,62,-0.2626563,-0.2731797,-0.26090903,-0.27116183,0.09273703,0.92315244,0.99759715
STATE_B,embedding_0501,15,62,-1.17765784,-1.16719955,-1.20590308,-1.16717149,-0.36916601,0.26590349,0.99245233
STATE_B,embedding_0502,15,62,-0.28981143,-0.25189103,-0.24356311,-0.25381108,0.09813426,0.60243434,0.99245233
STATE_B,embedding_0503,15,62,-0.34843713,-0.38704097,-0.28379114,-0.37398787,0.44533399,0.37829969,0.99245233
STATE_B,embedding_0504,15,62,-0.05643172,-0.06534933,0.01302199,-0.0523388,0.42318637,0.64796289,0.99245233
STATE_B,embedding_0505,15,62,0.94771332,0.93644825,0.93883462,0.93133301,0.1200674,0.76245969,0.99245233
STATE_B,embedding_0506,15,62,-0.53391284,-0.52082771,-0.56832515,-0.50659167,-0.52613008,0.13740131,0.99245233
STATE_B,embedding_0507,15,62,-3.52160406,-3.51294971,-3.49642579,-3.52915779,0.30956583,0.27711533,0.99245233
STATE_B,embedding_0508,15,62,-0.58063155,-0.56638157,-0.57966199,-0.57405235,-0.03613587,0.64796289,0.99245233
STATE_B,embedding_0509,15,62,0.49330458,0.52809781,0.49461833,0.52528975,-0.34628095,0.24442679,0.99245233
STATE_B,embedding_0510,15,62,-0.47382995,-0.44685583,-0.42978523,-0.39986364,-0.21715407,0.60243434,0.99245233
STATE_B,embedding_0511,15,62,-0.46514514,-0.48540676,-0.41494395,-0.46384212,0.28941111,0.66656261,0.99245233
STATE_B,embedding_0512,15,62,0.04417816,0.07513247,0.0623002,0.08006927,-0.13722822,0.50772589,0.99245233
STATE_B,embedding_0513,15,62,0.88316298,0.85863134,0.8898365,0.8686658,0.14224791,0.49138575,0.99245233
STATE_B,embedding_0514,15,62,-0.93174148,-0.92932007,-0.93682921,-0.93479044,-0.02592133,0.80196476,0.99245233
STATE_B,embedding_0515,15,62,-0.29162285,-0.36185718,-0.30134706,-0.35646698,0.4426796,0.18312433,0.99245233
STATE_B,embedding_0516,15,62,1.08548713,1.04146206,1.13344704,1.03267601,0.74190457,0.03436467,0.99245233
STATE_B,embedding_0517,15,62,0.26968122,0.22923481,0.27280805,0.23871287,0.27028173,0.40677274,0.99245233
STATE_B,embedding_0518,15,62,-0.68809229,-0.76751623,-0.65933661,-0.76172869,0.4476575,0.44410646,0.99245233
STATE_B,embedding_0519,15,62,-0.22819418,-0.33169244,-0.237981,-0.31408168,0.37513204,0.1873916,0.99245233
STATE_B,embedding_0520,15,62,-0.54856235,-0.49927233,-0.52835768,-0.4789399,-0.29118791,0.39953719,0.99245233
STATE_B,embedding_0521,15,62,0.09408114,0.11780722,0.03421618,0.1456745,-0.53300741,0.20519549,0.99245233
STATE_B,embedding_0522,15,62,0.13959162,0.11951602,0.09852992,0.14959974,-0.25738305,0.87227256,0.99245233
STATE_B,embedding_0523,15,62,-0.00118393,-0.01312471,0.0130378,-0.01824274,0.3094572,0.35108815,0.99245233
STATE_B,embedding_0524,15,62,0.06903588,0.07984705,0.07285856,0.08081272,-0.08958475,0.70437364,0.99245233
STATE_B,embedding_0525,15,62,1.64416635,1.62980431,1.6046563,1.61007418,-0.04509028,0.94360475,0.99759715
STATE_B,embedding_0526,15,62,0.96832246,0.98537347,0.95914939,0.98274438,-0.21157463,0.44410646,0.99245233
STATE_B,embedding_0527,15,62,0.6493634,0.61567843,0.65133966,0.63838494,0.05891753,0.71394622,0.99245233
STATE_B,embedding_0528,15,62,-0.20187764,-0.1486691,-0.22761241,-0.13680405,-0.52257499,0.33151536,0.99245233
STATE_B,embedding_0529,15,62,-0.33562806,-0.34445606,-0.33841173,-0.3343823,-0.02589257,0.95384572,0.99759715
STATE_B,embedding_0530,15,62,0.31727141,0.40734456,0.38263275,0.4283837,-0.28138291,0.26590349,0.99245233
STATE_B,embedding_0531,15,62,-0.37721443,-0.39583331,-0.40076507,-0.39253661,-0.03737636,0.84198276,0.99245233
STATE_B,embedding_0532,15,62,0.02606706,0.06493026,0.05011777,0.05676583,-0.05747709,0.59350426,0.99245233
STATE_B,embedding_0533,15,62,0.90320873,0.8716341,0.88969806,0.86420315,0.19846343,0.59350426,0.99245233
STATE_B,embedding_0534,15,62,-0.6273064,-0.6947628,-0.64448722,-0.6964185,0.49266515,0.13072175,0.99245233
STATE_B,embedding_0535,15,62,-0.80947459,-0.85308823,-0.79722449,-0.83780946,0.32922464,0.44410646,0.99245233
STATE_B,embedding_0536,15,62,0.9197371,0.94038436,0.94336278,0.9709075,-0.12370202,0.80196476,0.99245233
STATE_B,embedding_0537,15,62,-0.58925092,-0.60922626,-0.5790467,-0.58965401,0.07004676,0.99486892,1.0
STATE_B,embedding_0538,15,62,-0.91371292,-0.8870548,-0.88397233,-0.8745033,-0.07417387,0.81192503,0.99245233
STATE_B,embedding_0539,15,62,-1.71932471,-1.73120517,-1.66729238,-1.72438614,0.37767008,0.62047348,0.99245233
STATE_B,embedding_0540,15,62,-1.0569129,-1.06395113,-1.05446397,-1.07346506,0.20273603,0.69484766,0.99245233
STATE_B,embedding_0541,15,62,-1.55999064,-1.57158744,-1.59020874,-1.59280578,0.02331864,0.81192503,0.99245233
STATE_B,embedding_0542,15,62,-1.02565563,-1.08935827,-1.03082003,-1.08390891,0.4280281,0.22419818,0.99245233
STATE_B,embedding_0543,15,62,0.78048694,0.80952731,0.80652871,0.7999189,0.06072901,0.84198276,0.99245233
STATE_B,embedding_0544,15,62,-0.48807833,-0.48030008,-0.50080465,-0.48860645,-0.1255213,0.96409431,0.99759715
STATE_B,embedding_0545,15,62,0.73295039,0.7015543,0.67107713,0.68522846,-0.10054092,0.88241322,0.99514442
STATE_B,embedding_0546,15,62,1.58509803,1.61194438,1.59093689,1.60417575,-0.08755418,0.97434884,0.99759715
STATE_B,embedding_0547,15,62,-0.46109778,-0.47837709,-0.49400405,-0.46439738,-0.22195861,0.97434884,0.99759715
STATE_B,embedding_0548,15,62,-1.04775488,-1.08592838,-0.98264617,-1.05520343,0.41217753,0.4140859,0.99245233
STATE_B,embedding_0549,15,62,0.46041942,0.46931663,0.39430722,0.45449519,-0.3166591,0.43648703,0.99245233
STATE_B,embedding_0550,15,62,-0.28719771,-0.31108892,-0.2120277,-0.29579415,0.43626333,0.67594084,0.99245233
STATE_B,embedding_0551,15,62,-0.5046857,-0.52859297,-0.42469419,-0.51803696,0.57730409,0.58463528,0.99245233
STATE_B,embedding_0552,15,62,-0.98413265,-1.0121333,-0.96171054,-1.00585279,0.26947479,0.87227256,0.99245233
STATE_B,embedding_0553,15,62,0.5548135,0.55929899,0.61608777,0.55958919,0.41532485,0.91294446,0.99759715
STATE_B,embedding_0554,15,62,0.79184377,0.83411404,0.76537337,0.83733705,-0.73985274,0.03328502,0.99245233
STATE_B,embedding_0555,15,62,-0.67115611,-0.69861898,-0.67313287,-0.70374052,0.22930667,0.89257319,0.99636077
STATE_B,embedding_0556,15,62,0.26060441,0.23844607,0.14367691,0.22968329,-0.43528352,0.68536962,0.99245233
STATE_B,embedding_0557,15,62,0.42793262,0.38826941,0.43128356,0.37271155,0.41019225,0.15154629,0.99245233
STATE_B,embedding_0558,15,62,0.55654091,0.63935253,0.51325495,0.61999802,-0.67907191,0.0354741,0.99245233
STATE_B,embedding_0559,15,62,0.38911924,0.40197186,0.41044561,0.39817055,0.14576253,0.9846076,0.99759715
STATE_B,embedding_0560,15,62,-0.53400296,-0.49911791,-0.52092754,-0.49393507,-0.33036608,0.25500794,0.99245233
STATE_B,embedding_0561,15,62,-0.58781046,-0.6412912,-0.57653378,-0.64101001,0.41689712,0.21454518,0.99245233
STATE_B,embedding_0562,15,62,-0.1661672,-0.14299016,-0.17258938,-0.1446609,-0.21377578,0.58463528,0.99245233
STATE_B,embedding_0563,15,62,-0.84908915,-0.8178502,-0.82712018,-0.84343527,0.11552342,0.81192503,0.99245233
STATE_B,embedding_0564,15,62,0.80323321,0.81653133,0.76811148,0.77472396,-0.05106191,0.92315244,0.99759715
STATE_B,embedding_0565,15,62,-0.17193106,-0.17109047,-0.2063796,-0.16007067,-0.29946786,0.51600165,0.99245233
STATE_B,embedding_0566,15,62,-0.30690372,-0.328933,-0.2750164,-0.34695531,0.47171897,0.35108815,0.99245233
STATE_B,embedding_0567,15,62,-0.37923199,-0.34622471,-0.37476975,-0.34769834,-0.22759819,0.73322571,0.99245233
STATE_B,embedding_0568,15,62,-0.09179481,-0.17671867,-0.08916218,-0.17258607,0.62474407,0.10103015,0.99245233
STATE_B,embedding_0569,15,62,-0.07288588,-0.07982841,-0.12599655,-0.08297814,-0.27399642,0.99486892,1.0
STATE_B,embedding_0570,15,62,0.67179453,0.66001803,0.6453341,0.67025715,-0.27798593,0.54124219,0.99245233
STATE_B,embedding_0571,15,62,1.11271775,1.10716784,1.10429725,1.10568786,-0.00836836,0.96409431,0.99759715
STATE_B,embedding_0572,15,62,-0.59449667,-0.5533177,-0.58818422,-0.54084226,-0.34203808,0.28284037,0.99245233
STATE_B,embedding_0573,15,62,-1.11834145,-1.15530705,-1.11343636,-1.13986518,0.14367514,0.96409431,0.99759715
STATE_B,embedding_0574,15,62,0.35204366,0.44276084,0.33520195,0.43197625,-0.62274266,0.13740131,0.99245233
STATE_B,embedding_0575,15,62,-1.36409485,-1.36685294,-1.34182861,-1.37575305,0.30891039,0.54979067,0.99245233
STATE_B,embedding_0576,15,62,0.41330683,0.33822946,0.3899631,0.35070351,0.41863412,0.10373326,0.99245233
STATE_B,embedding_0577,15,62,0.21926002,0.20488401,0.25089416,0.20744371,0.42575358,0.54124219,0.99245233
STATE_B,embedding_0578,15,62,-0.37808615,-0.34616582,-0.37021584,-0.3479371,-0.16879375,0.57582843,0.99245233
STATE_B,embedding_0579,15,62,-0.13436845,-0.08952011,-0.10420366,-0.09260013,-0.12463777,0.49952034,0.99245233
STATE_B,embedding_0580,15,62,0.29192472,0.27514352,0.34078184,0.26864436,0.54248755,0.37829969,0.99245233
STATE_B,embedding_0581,15,62,-1.02184236,-0.98743251,-1.01856387,-0.99660454,-0.27720729,0.42894348,0.99245233
STATE_B,embedding_0582,15,62,-0.63683623,-0.70334643,-0.66358394,-0.70568363,0.34077039,0.19614557,0.99245233
STATE_B,embedding_0583,15,62,-0.27547574,-0.25024009,-0.22753705,-0.25575481,0.17625228,0.75267497,0.99245233
STATE_B,embedding_0584,15,62,-0.48502249,-0.41585875,-0.49569848,-0.42985895,-0.47644353,0.38530035,0.99245233
STATE_B,embedding_0585,15,62,-0.474563,-0.47246625,-0.40685147,-0.45496503,0.3254886,0.47533227,0.99245233
STATE_B,embedding_0586,15,62,-4.53295088,-4.5285058,-4.53747946,-4.53219758,-0.04428483,0.94360475,0.99759715
STATE_B,embedding_0587,15,62,0.33539686,0.26273912,0.38721757,0.25469367,0.58388517,0.20063329,0.99245233
STATE_B,embedding_0588,15,62,-0.09270129,-0.10065654,-0.09032201,-0.10798861,0.23214458,0.61142444,0.99245233
STATE_B,embedding_0589,15,62,-0.84042817,-0.80402604,-0.8138845,-0.78900027,-0.19593647,0.52434683,0.99245233
STATE_B,embedding_0590,15,62,-0.11779265,-0.09736807,-0.12368329,-0.09216238,-0.302447,0.27146977,0.99245233
STATE_B,embedding_0591,15,62,-0.3725909,-0.33760794,-0.38541554,-0.34336804,-0.28226316,0.36453526,0.99245233
STATE_B,embedding_0592,15,62,-0.25822288,-0.25258599,-0.30189347,-0.25369517,-0.37763677,0.49952034,0.99245233
STATE_B,embedding_0593,15,62,0.54906249,0.51669708,0.52570923,0.52264849,0.03725431,0.86215284,0.99245233
STATE_B,embedding_0594,15,62,0.25362876,0.25212833,0.24161697,0.24794723,-0.05296955,0.88241322,0.99514442
STATE_B,embedding_0595,15,62,-0.51156563,-0.46625793,-0.47474588,-0.4888101,0.12826108,0.54124219,0.99245233
STATE_B,embedding_0596,15,62,-0.13257734,-0.24769496,-0.1818876,-0.23153783,0.29021348,0.32515096,0.99245233
STATE_B,embedding_0597,15,62,-0.03327236,-0.00566408,-0.0361317,0.00499186,-0.35134704,0.35777195,0.99245233
STATE_B,embedding_0598,15,62,0.18266484,0.16824798,0.21547472,0.16685833,0.39397308,0.33795974,0.99245233
STATE_B,embedding_0599,15,62,-0.48512992,-0.45931464,-0.44279336,-0.46244698,0.24055832,0.68536962,0.99245233
STATE_B,embedding_0600,15,62,-1.34600616,-1.36104274,-1.31224941,-1.35460724,0.44534181,0.43648703,0.99245233
STATE_B,embedding_0601,15,62,1.22803688,1.27139139,1.20696578,1.25937217,-0.41940455,0.58463528,0.99245233
STATE_B,embedding_0602,15,62,-0.94448972,-0.95335951,-0.90962118,-0.94004192,0.34844818,0.75267497,0.99245233
STATE_B,embedding_0603,15,62,0.85274643,0.87004682,0.84799434,0.86226401,-0.14540949,0.61142444,0.99245233
STATE_B,embedding_0604,15,62,0.4688004,0.43315242,0.48813059,0.45827305,0.29954998,0.28284037,0.99245233
STATE_B,embedding_0605,15,62,0.50018752,0.52047253,0.45486309,0.53924983,-0.69155523,0.09077435,0.99245233
STATE_B,embedding_0606,15,62,-2.84336329,-2.83489096,-2.81727343,-2.81436544,-0.02610566,0.60243434,0.99245233
STATE_B,embedding_0607,15,62,0.5283221,0.52306888,0.541791,0.50858047,0.18907639,0.60243434,0.99245233
STATE_B,embedding_0608,15,62,0.38412574,0.44370463,0.37775753,0.41992669,-0.41547202,0.39237962,0.99245233
STATE_B,embedding_0609,15,62,0.19588816,0.25125442,0.14703979,0.23113529,-0.4762745,0.2496782,0.99245233
STATE_B,embedding_0610,15,62,-0.27830338,-0.28251126,-0.28573663,-0.27087859,-0.14344121,0.63874387,0.99245233
STATE_B,embedding_0611,15,62,0.7652815,0.70574197,0.78142794,0.70628784,0.60840727,0.02831189,0.99245233
STATE_B,embedding_0612,15,62,-0.35206398,-0.29943515,-0.3006941,-0.29222036,-0.08468481,0.40677274,0.99245233
STATE_B,embedding_0613,15,62,0.99091905,1.00017282,1.08075342,1.01466087,0.34406909,0.79203656,0.99245233
STATE_B,embedding_0614,15,62,-0.0750059,-0.08295832,-0.10218908,-0.0812654,-0.32651566,0.50772589,0.99245233
STATE_B,embedding_0615,15,62,-0.43026811,-0.42382623,-0.40547782,-0.39697475,-0.05767679,0.90275082,0.99759715
STATE_B,embedding_0616,15,62,2.27215266,2.29561007,2.21567572,2.29327264,-0.61721478,0.13740131,0.99245233
STATE_B,embedding_0617,15,62,-0.54737306,-0.56495813,-0.51165191,-0.56540845,0.37243264,0.4140859,0.99245233
STATE_B,embedding_0618,15,62,-1.27422583,-1.28984028,-1.26177042,-1.27056737,0.05814919,0.57582843,0.99245233
STATE_B,embedding_0619,15,62,-0.02408971,0.00233932,-0.02792261,0.00671149,-0.36145613,0.37829969,0.99245233
STATE_B,embedding_0620,15,62,1.46218514,1.43791884,1.42048156,1.44101875,-0.1588139,0.69484766,0.99245233
STATE_B,embedding_0621,15,62,-0.36299741,-0.3989276,-0.36454103,-0.3965296,0.41612808,0.35108815,0.99245233
STATE_B,embedding_0622,15,62,0.8692565,0.85505724,0.83613335,0.83535605,0.00555744,0.89257319,0.99636077
STATE_B,embedding_0623,15,62,1.10973573,1.10783243,1.15273769,1.09582212,0.47946279,0.22913945,0.99245233
STATE_B,embedding_0624,15,62,0.27337652,0.18624051,0.22520823,0.19494967,0.17767205,0.49952034,0.99245233
STATE_B,embedding_0625,15,62,-1.24286616,-1.2286157,-1.21965019,-1.23397059,0.13461514,0.71394622,0.99245233
STATE_B,embedding_0626,15,62,-0.55228931,-0.60632506,-0.55115512,-0.61344031,0.49374253,0.15154629,0.99245233
STATE_B,embedding_0627,15,62,0.74209076,0.72403574,0.7017461,0.71746711,-0.13989955,0.91294446,0.99759715
STATE_B,embedding_0628,15,62,0.19203137,0.14156497,0.1682234,0.1538564,0.12160229,0.82191583,0.99245233
STATE_B,embedding_0629,15,62,1.75021684,1.80518502,1.74728488,1.7956638,-0.26082564,0.45957087,0.99245233
STATE_B,embedding_0630,15,62,-0.39922449,-0.44708486,-0.40317891,-0.4362238,0.2838281,0.27711533,0.99245233
STATE_B,embedding_0631,15,62,-1.66202104,-1.74902636,-1.6280227,-1.7471677,0.73221855,0.05134762,0.99245233
STATE_B,embedding_0632,15,62,-0.96879393,-0.97276017,-0.99167487,-0.96282474,-0.20350466,0.68536962,0.99245233
STATE_B,embedding_0633,15,62,-0.3535139,-0.26857203,-0.37731966,-0.25942736,-0.64223728,0.06129072,0.99245233
STATE_B,embedding_0634,15,62,-0.64095008,-0.60530517,-0.53460715,-0.57888969,0.27313344,0.62958034,0.99245233
STATE_B,embedding_0635,15,62,-0.56462371,-0.55325907,-0.52145237,-0.56555127,0.4667492,0.21454518,0.99245233
STATE_B,embedding_0636,15,62,1.00751102,1.04436076,0.98662514,1.04863793,-0.44505656,0.2496782,0.99245233
STATE_B,embedding_0637,15,62,0.04883444,0.03889411,0.02569385,0.03672489,-0.09625823,0.8520557,0.99245233
STATE_B,embedding_0638,15,62,0.10403285,0.06106042,0.09390334,0.0264372,0.49532045,0.1789295,0.99245233
STATE_B,embedding_0639,15,62,0.33320227,0.32613616,0.32790313,0.32024564,0.06846412,0.91294446,0.99759715
STATE_B,embedding_0640,15,62,-0.521429,-0.56939191,-0.56627311,-0.55824553,-0.05563255,0.94360475,0.99759715
STATE_B,embedding_0641,15,62,0.6183309,0.66303626,0.62406679,0.65508027,-0.3120023,0.17480657,0.99245233
STATE_B,embedding_0642,15,62,0.32767931,0.30878621,0.33433741,0.29984897,0.26726985,0.62958034,0.99245233
STATE_B,embedding_0643,15,62,0.15605927,0.19422923,0.14541059,0.18870923,-0.51737172,0.13072175,0.99245233
STATE_B,embedding_0644,15,62,-1.2506398,-1.16318977,-1.24406195,-1.17911817,-0.40481206,0.1590223,0.99245233
STATE_B,embedding_0645,15,62,0.6669448,0.68287501,0.72607086,0.67021333,0.33308354,0.61142444,0.99245233
STATE_B,embedding_0646,15,62,0.14619169,0.16734076,0.1362552,0.1709895,-0.31284562,0.28284037,0.99245233
STATE_B,embedding_0647,15,62,0.46639544,0.4547409,0.47087032,0.45148076,0.21455913,0.57582843,0.99245233
STATE_B,embedding_0648,15,62,0.60417819,0.60682085,0.6471843,0.59369366,0.31263654,0.54979067,0.99245233
STATE_B,embedding_0649,15,62,-0.06514245,-0.13514899,-0.09561308,-0.12993795,0.23562862,0.45180125,0.99245233
STATE_B,embedding_0650,15,62,0.5358513,0.49673977,0.55198366,0.49781754,0.45392721,0.20063329,0.99245233
STATE_B,embedding_0651,15,62,0.71998781,0.7407451,0.70786146,0.73616419,-0.12907981,0.81192503,0.99245233
STATE_B,embedding_0652,15,62,-0.15571246,-0.1991649,-0.19832845,-0.21068533,0.07622132,0.97434884,0.99759715
STATE_B,embedding_0653,15,62,-0.25548291,-0.22556081,-0.2416089,-0.2241905,-0.1362958,0.8319356,0.99245233
STATE_B,embedding_0654,15,62,0.59993172,0.62770292,0.5888458,0.65279838,-0.4641527,0.17075496,0.99245233
STATE_B,embedding_0655,15,62,-0.11496292,-0.16510858,-0.08388291,-0.17629012,0.55100483,0.09579242,0.99245233
STATE_B,embedding_0656,15,62,-0.46409732,-0.40839592,-0.40528009,-0.39635128,-0.05660638,0.53276062,0.99245233
STATE_B,embedding_0657,15,62,0.37305278,0.36851539,0.37836074,0.35614591,0.23422955,0.54124219,0.99245233
STATE_B,embedding_0658,15,62,0.47337449,0.53920633,0.44154492,0.51775368,-0.51024533,0.16286343,0.99245233
STATE_B,embedding_0659,15,62,-0.30497783,-0.25745729,-0.26771379,-0.24448726,-0.17498296,0.62047348,0.99245233
STATE_B,embedding_0660,15,62,-0.77293509,-0.76081175,-0.74698579,-0.73340229,-0.05249528,0.84198276,0.99245233
STATE_B,embedding_0661,15,62,-0.02344262,0.05088702,-0.03200024,0.06984915,-0.54413309,0.15154629,0.99245233
STATE_B,embedding_0662,15,62,-0.06010175,-0.08322462,-0.10779444,-0.07931507,-0.26271751,0.62047348,0.99245233
STATE_B,embedding_0663,15,62,4.39790058,4.53377104,4.60099271,4.56953749,0.10090856,0.64796289,0.99245233
STATE_B,embedding_0664,15,62,-0.65773457,-0.61665264,-0.67007011,-0.6124854,-0.48985605,0.11512474,0.99245233
STATE_B,embedding_0665,15,62,-0.2395103,-0.2533567,-0.28771236,-0.23096752,-0.30695431,0.54124219,0.99245233
STATE_B,embedding_0666,15,62,1.00058818,1.06952667,0.91622085,1.0384688,-0.4737018,0.66656261,0.99245233
STATE_B,embedding_0667,15,62,-0.29230383,-0.23338987,-0.32439926,-0.21312265,-0.6095937,0.12429688,0.99245233
STATE_B,embedding_0668,15,62,0.84389371,0.97590676,0.86100586,0.9888448,-0.58059454,0.14434103,0.99245233
STATE_B,embedding_0669,15,62,0.65715671,0.65658173,0.65764613,0.65205504,0.0496996,0.9333731,0.99759715
STATE_B,embedding_0670,15,62,-0.44889301,-0.49436493,-0.44893313,-0.47324169,0.20660882,0.4140859,0.99245233
STATE_B,embedding_0671,15,62,-0.7565676,-0.77335492,-0.70506637,-0.77300155,0.55946984,0.28284037,0.99245233
STATE_B,embedding_0672,15,62,0.07942604,0.03976642,0.09651688,0.04758155,0.39456657,0.35108815,0.99245233
STATE_B,embedding_0673,15,62,1.72940683,1.72138393,1.63706919,1.69844665,-0.2527716,0.92315244,0.99759715
STATE_B,embedding_0674,15,62,0.58827323,0.59588027,0.57469226,0.57690007,-0.01695953,0.91294446,0.99759715
STATE_B,embedding_0675,15,62,0.09778547,0.15076435,0.08015384,0.13604837,-0.43442732,0.38530035,0.99245233
STATE_B,embedding_0676,15,62,0.09875984,0.10170821,0.09335468,0.11278863,-0.1504059,0.74292983,0.99245233
STATE_B,embedding_0677,15,62,-0.07710136,-0.02523657,-0.02282261,-0.00145413,-0.16048679,0.44410646,0.99245233
STATE_B,embedding_0678,15,62,0.48524708,0.49298818,0.42699199,0.48126977,-0.46264151,0.54124219,0.99245233
STATE_B,embedding_0679,15,62,1.57694864,1.59036434,1.52813141,1.56850389,-0.20055905,0.68536962,0.99245233
STATE_B,embedding_0680,15,62,0.65755397,0.66597706,0.64303384,0.66880988,-0.2391823,0.54979067,0.99245233
STATE_B,embedding_0681,15,62,0.29261175,0.24285756,0.32210874,0.26285301,0.3476412,0.87227256,0.99245233
STATE_B,embedding_0682,15,62,-0.28906524,-0.26368536,-0.29566477,-0.2648294,-0.25821799,0.53276062,0.99245233
STATE_B,embedding_0683,15,62,-2.02469087,-1.92844927,-1.93017019,-1.92451824,-0.03792777,0.52434683,0.99245233
STATE_B,embedding_0684,15,62,-0.31080928,-0.31171831,-0.24949701,-0.29174103,0.30278768,0.39237962,0.99245233
STATE_B,embedding_0685,15,62,0.09194037,0.0310274,0.05820628,0.03102343,0.22219263,0.38530035,0.99245233
STATE_B,embedding_0686,15,62,-0.32464206,-0.24819955,-0.36042814,-0.27015384,-0.43208599,0.27711533,0.99245233
STATE_B,embedding_0687,15,62,-0.03241927,-0.05597727,-0.00301405,-0.04515996,0.44962769,0.20063329,0.99245233
STATE_B,embedding_0688,15,62,0.68725711,0.68099254,0.66127915,0.6818931,-0.24615043,0.9846076,0.99759715
STATE_B,embedding_0689,15,62,0.1749081,0.1573387,0.15959452,0.17108705,-0.08100221,0.81192503,0.99245233
STATE_B,embedding_0690,15,62,0.01995509,0.09528178,0.00285092,0.08747507,-0.53930857,0.22913945,0.99245233
STATE_B,embedding_0691,15,62,-1.70705414,-1.75016648,-1.6836303,-1.77387402,0.61686096,0.14791014,0.99245233
STATE_B,embedding_0692,15,62,2.04589224,2.02151299,2.01898369,1.9976363,0.17059007,0.61142444,0.99245233
STATE_B,embedding_0693,15,62,0.12292547,0.08514112,0.16754869,0.083758,0.47952782,0.39237962,0.99245233
STATE_B,embedding_0694,15,62,-1.14169669,-1.17352951,-1.14754584,-1.18006269,0.52886331,0.17480657,0.99245233
STATE_B,embedding_0695,15,62,-1.11452854,-1.11984867,-1.10370194,-1.14713611,0.36481201,0.71394622,0.99245233
STATE_B,embedding_0696,15,62,-0.35096458,-0.31905469,-0.33654898,-0.31520664,-0.2137241,0.38530035,0.99245233
STATE_B,embedding_0697,15,62,0.16311283,0.1252888,0.14906604,0.1399459,0.07565492,0.69484766,0.99245233
STATE_B,embedding_0698,15,62,-1.21346247,-1.2447921,-1.23364962,-1.23186157,-0.01420583,0.71394622,0.99245233
STATE_B,embedding_0699,15,62,0.00597453,-0.02786943,0.03045042,-0.01835904,0.36558301,0.28284037,0.99245233
STATE_B,embedding_0700,15,62,-0.48372549,-0.4749154,-0.46063522,-0.48360851,0.35585674,0.59350426,0.99245233
STATE_B,embedding_0701,15,62,-0.33819762,-0.2953351,-0.33577481,-0.31489016,-0.12773036,0.64796289,0.99245233
STATE_B,embedding_0702,15,62,-0.76283294,-0.80408418,-0.7486365,-0.78976201,0.26965728,0.47533227,0.99245233
STATE_B,embedding_0703,15,62,0.08530343,0.05859765,0.05574815,0.04844397,0.07996818,0.71394622,0.99245233
STATE_B,embedding_0704,15,62,-1.27515137,-1.27502179,-1.25144974,-1.2620227,0.12314696,0.82191583,0.99245233
STATE_B,embedding_0705,15,62,-0.01865715,0.01461683,-0.03305078,0.0116498,-0.45323022,0.11218854,0.99245233
STATE_B,embedding_0706,15,62,-0.60318828,-0.66056815,-0.61913383,-0.65593622,0.40706457,0.17480657,0.99245233
STATE_B,embedding_0707,15,62,1.22245252,1.24630594,1.19773349,1.25075869,-0.454247,0.15525013,0.99245233
STATE_B,embedding_0708,15,62,0.37855104,0.42574072,0.37288193,0.38192921,-0.04743209,0.65723621,0.99245233
STATE_B,embedding_0709,15,62,0.57398909,0.57337776,0.61306241,0.57032203,0.24175303,0.65723621,0.99245233
STATE_B,embedding_0710,15,62,-0.68125522,-0.67196083,-0.62080822,-0.66280843,0.29453321,0.65723621,0.99245233
STATE_B,embedding_0711,15,62,1.49533224,1.46283084,1.45436299,1.47110747,-0.11996481,0.87227256,0.99245233
STATE_B,embedding_0712,15,62,-0.72492933,-0.71514425,-0.74605184,-0.70719312,-0.40589285,0.49138575,0.99245233
STATE_B,embedding_0713,15,62,-0.9897005,-0.96617714,-1.02104601,-0.97406825,-0.30043485,0.55840516,0.99245233
STATE_B,embedding_0714,15,62,-0.09514052,-0.107583,-0.0879907,-0.10251004,0.10623568,0.96409431,0.99759715
STATE_B,embedding_0715,15,62,-0.50957328,-0.48519808,-0.48389101,-0.47573579,-0.06625328,0.56708473,0.99245233
STATE_B,embedding_0716,15,62,0.07689302,0.08609314,0.10143977,0.08983986,0.09104484,0.73322571,0.99245233
STATE_B,embedding_0717,15,62,-0.11728667,-0.13420126,-0.14856963,-0.14822589,-0.00454962,0.82191583,0.99245233
STATE_B,embedding_0718,15,62,1.04272485,0.99672958,1.02061237,0.99428888,0.23951639,0.45957087,0.99245233
STATE_B,embedding_0719,15,62,0.22251341,0.17478126,0.21393241,0.16819201,0.37108736,0.2496782,0.99245233
STATE_B,embedding_0720,15,62,0.36217082,0.3835105,0.34640063,0.35661923,-0.0833424,0.82191583,0.99245233
STATE_B,embedding_0721,15,62,0.29943961,0.3370132,0.2644173,0.31571664,-0.38464729,0.35777195,0.99245233
STATE_B,embedding_0722,15,62,-0.08120473,-0.08274547,-0.09788371,-0.09415458,-0.04201076,0.94360475,0.99759715
STATE_B,embedding_0723,15,62,-0.41976002,-0.37165949,-0.42677642,-0.36998029,-0.62144532,0.05781264,0.99245233
STATE_B,embedding_0724,15,62,-0.61268896,-0.66940936,-0.62410697,-0.66998595,0.38044718,0.22419818,0.99245233
STATE_B,embedding_0725,15,62,-0.98520017,-1.02292866,-1.01743085,-1.02222332,0.05406591,0.91294446,0.99759715
STATE_B,embedding_0726,15,62,-0.58178365,-0.56271937,-0.57337534,-0.5656399,-0.05726672,0.86215284,0.99245233
STATE_B,embedding_0727,15,62,1.076424,1.0405187,1.06108603,1.05381832,0.04921093,0.97434884,0.99759715
STATE_B,embedding_0728,15,62,0.01826022,-0.02283622,0.01828967,-0.01639316,0.31355205,0.39237962,0.99245233
STATE_B,embedding_0729,15,62,1.36160326,1.34108216,1.31764204,1.34712564,-0.28792226,0.45180125,0.99245233
STATE_B,embedding_0730,15,62,-0.46189013,-0.41883832,-0.44206817,-0.41217724,-0.29629266,0.32515096,0.99245233
STATE_B,embedding_0731,15,62,0.13055755,0.14184044,0.05545219,0.13203745,-0.39712987,0.59350426,0.99245233
STATE_B,embedding_0732,15,62,-0.31015775,-0.31780098,-0.27606517,-0.33140799,0.56244815,0.48332283,0.99245233
STATE_B,embedding_0733,15,62,-1.12708223,-1.15907961,-1.11231283,-1.15435138,0.41818191,0.31886659,0.99245233
STATE_B,embedding_0734,15,62,-0.15424983,-0.09274876,-0.12299794,-0.10666419,-0.13144952,0.49138575,0.99245233
STATE_B,embedding_0735,15,62,-0.7215898,-0.70397586,-0.72682275,-0.70110434,-0.15470284,0.99486892,1.0
STATE_B,embedding_0736,15,62,-0.58320475,-0.51522928,-0.59934769,-0.51233289,-0.48421596,0.27711533,0.99245233
STATE_B,embedding_0737,15,62,0.60020649,0.56706676,0.5553951,0.59144494,-0.19245071,0.86215284,0.99245233
STATE_B,embedding_0738,15,62,0.06380069,0.06413024,0.06280836,0.07617863,-0.104769,0.75267497,0.99245233
STATE_B,embedding_0739,15,62,-0.93887842,-1.00713515,-0.86871787,-1.00037372,0.64274001,0.19173184,0.99245233
STATE_B,embedding_0740,15,62,-0.26013434,-0.26385649,-0.24910319,-0.2551429,0.06291758,0.8520557,0.99245233
STATE_B,embedding_0741,15,62,0.88105583,0.82433453,0.91100576,0.79741623,0.68857616,0.03778484,0.99245233
STATE_B,embedding_0742,15,62,-0.71332794,-0.66273981,-0.69881741,-0.64847979,-0.48938927,0.09838345,0.99245233
STATE_B,embedding_0743,15,62,-0.77338934,-0.79910249,-0.76058108,-0.77450668,0.1123675,0.62047348,0.99245233
STATE_B,embedding_0744,15,62,0.70102668,0.69865718,0.60759248,0.69569071,-0.45579448,0.48332283,0.99245233
STATE_B,embedding_0745,15,62,-0.04692282,-0.07683638,-0.07572329,-0.06746409,-0.08629212,1.0,1.0
STATE_B,embedding_0746,15,62,0.06365329,0.06500569,0.02824382,0.058598,-0.20602872,0.73322571,0.99245233
STATE_B,embedding_0747,15,62,1.46147692,1.45224917,1.48076585,1.46455293,0.13538809,0.80196476,0.99245233
STATE_B,embedding_0748,15,62,0.72114891,0.80897903,0.73465315,0.80073197,-0.55623228,0.07074929,0.99245233
STATE_B,embedding_0749,15,62,0.65769148,0.71837026,0.67889207,0.71295777,-0.19132856,0.36453526,0.99245233
STATE_B,embedding_0750,15,62,-0.00812575,0.03902369,-0.08478386,-0.00761498,-0.44359527,0.40677274,0.99245233
STATE_B,embedding_0751,15,62,0.54763281,0.58134267,0.52880355,0.56481554,-0.26445213,0.63874387,0.99245233
STATE_B,embedding_0752,15,62,1.18629014,1.18410027,1.18920592,1.18927846,-0.00071941,0.9333731,0.99759715
STATE_B,embedding_0753,15,62,0.26652282,0.2584465,0.32472686,0.26319258,0.44004201,0.50772589,0.99245233
STATE_B,embedding_0754,15,62,-0.34443703,-0.29117803,-0.33261962,-0.29772831,-0.34995095,0.38530035,0.99245233
STATE_B,embedding_0755,15,62,-0.03790927,-0.0708072,-0.03613506,-0.07528169,0.345749,0.26041629,0.99245233
STATE_B,embedding_0756,15,62,0.48738429,0.48886342,0.46479342,0.51068914,-0.38059794,0.55840516,0.99245233
STATE_B,embedding_0757,15,62,0.46222609,0.42711866,0.5032791,0.40589831,0.49334321,0.27711533,0.99245233
STATE_B,embedding_0758,15,62,0.04896466,0.07268238,0.02155054,0.08768916,-0.42470028,0.28284037,0.99245233
STATE_B,embedding_0759,15,62,0.65286607,0.6440542,0.6614078,0.65170443,0.1177585,0.73322571,0.99245233
STATE_B,embedding_0760,15,62,-0.10591041,-0.07958169,-0.05519693,-0.03708517,-0.07892826,0.89257319,0.99636077
STATE_B,embedding_0761,15,62,0.80047023,0.77187699,0.76858635,0.76867633,-0.00103877,0.8520557,0.99245233
STATE_B,embedding_0762,15,62,-0.39531603,-0.40030336,-0.36640153,-0.38143804,0.13996762,0.52434683,0.99245233
STATE_B,embedding_0763,15,62,0.15664405,0.16731281,0.10499824,0.19143434,-0.48338761,0.29452946,0.99245233
STATE_B,embedding_0764,15,62,-0.30158097,-0.26312028,-0.28653287,-0.25831561,-0.22749844,0.49138575,0.99245233
STATE_B,embedding_0765,15,62,2.26122761,2.24314737,2.27632395,2.24094206,0.19406502,0.81192503,0.99245233
STATE_B,embedding_0766,15,62,-1.03537416,-1.05219579,-0.97146453,-1.04551899,0.67798686,0.22913945,0.99245233
STATE_B,embedding_0767,15,62,-1.16726422,-1.19922519,-1.12268437,-1.19494851,0.72938606,0.05613608,0.99245233
STATE_C,embedding_0000,14,63,-0.44203596,-0.48525262,-0.46584362,-0.46854645,0.02896713,0.85849013,0.95140032
STATE_C,embedding_0001,14,63,0.96311355,0.88951474,0.92540278,0.86303387,0.29330399,0.35179982,0.75893894
STATE_C,embedding_0002,14,63,0.87274927,0.86162311,0.8636251,0.86895251,-0.06322317,0.92109571,0.9663955
STATE_C,embedding_0003,14,63,-0.68395096,-0.73921138,-0.66744361,-0.74098365,0.47659351,0.0598335,0.70498908
STATE_C,embedding_0004,14,63,0.63393658,0.60064495,0.61386262,0.57944391,0.33399728,0.22183579,0.75384906
STATE_C,embedding_0005,14,63,-0.43044165,-0.40080693,-0.43057036,-0.37611405,-0.36568115,0.31232917,0.75893894
STATE_C,embedding_0006,14,63,1.24304312,1.1752975,1.23443674,1.16295811,0.53178574,0.03515747,0.70498908
STATE_C,embedding_0007,14,63,0.38575035,0.42882001,0.38685737,0.42808525,-0.40228359,0.1758217,0.74602799
STATE_C,embedding_0008,14,63,-0.71970388,-0.65147287,-0.70529948,-0.66520074,-0.28348591,0.24783441,0.75395036
STATE_C,embedding_0009,14,63,0.96307397,0.99972242,0.96970004,0.97566551,-0.06463259,0.55672155,0.86551043
STATE_C,embedding_0010,14,63,-0.21800857,-0.17611662,-0.22561893,-0.162304,-0.43203757,0.0563353,0.70498908
STATE_C,embedding_0011,14,63,0.44274652,0.43064883,0.45508065,0.42443201,0.24756866,0.47165459,0.83849705
STATE_C,embedding_0012,14,63,-0.51806793,-0.52603489,-0.46266703,-0.50617244,0.26211187,0.29984722,0.75893894
STATE_C,embedding_0013,14,63,-0.49892004,-0.49453062,-0.50619305,-0.48542247,-0.14738261,0.64864413,0.9020155
STATE_C,embedding_0014,14,63,1.52594167,1.5097084,1.46487645,1.46752417,-0.01165688,0.83779809,0.94761257
STATE_C,embedding_0015,14,63,-0.51815057,-0.45066598,-0.50729919,-0.45458239,-0.39799791,0.15567513,0.73348773
STATE_C,embedding_0016,14,63,-0.51634121,-0.45148101,-0.47928311,-0.45103417,-0.15373381,0.48807409,0.84997937
STATE_C,embedding_0017,14,63,0.95886973,0.94550395,0.93075492,0.9389652,-0.09139029,0.98419437,0.99064387
STATE_C,embedding_0018,14,63,0.39929771,0.42467043,0.42939156,0.43244716,-0.03028189,0.73628105,0.90619206
STATE_C,embedding_0019,14,63,0.85610756,0.85169864,0.86772555,0.8504915,0.16765137,0.70661679,0.90203244
STATE_C,embedding_0020,14,63,0.78121626,0.79858756,0.8181834,0.7976093,0.16957049,0.80697352,0.94044865
STATE_C,embedding_0021,14,63,-0.80558515,-0.78767794,-0.7425073,-0.78706655,0.34285559,0.33830577,0.75893894
STATE_C,embedding_0022,14,63,0.02429997,-0.07100466,0.01863219,-0.06322261,0.3563463,0.21200343,0.75384906
STATE_C,embedding_0023,14,63,1.70482969,1.70880294,1.70147341,1.68009319,0.22571797,0.50479708,0.85581492
STATE_C,embedding_0024,14,63,-0.85543874,-0.85472208,-0.83390775,-0.85518708,0.27371878,0.52181727,0.85763241
STATE_C,embedding_0025,14,63,0.21452248,0.20440353,0.18468674,0.21231121,-0.25264837,0.73628105,0.90619206
STATE_C,embedding_0026,14,63,1.00067303,0.98795384,1.02080489,0.9926979,0.35743113,0.15955754,0.74602799
STATE_C,embedding_0027,14,63,-3.74397123,-3.80539632,-3.8032334,-3.85639806,0.16637381,0.62041093,0.8973175
STATE_C,embedding_0028,14,63,0.09575783,0.14569148,0.1066507,0.13886134,-0.28459053,0.40911802,0.79949781
STATE_C,embedding_0029,14,63,-0.48961528,-0.4606742,-0.48750577,-0.44263456,-0.39243953,0.2319906,0.75395036
STATE_C,embedding_0030,14,63,1.20456427,1.18104708,1.20387127,1.17565485,0.22897493,0.49639803,0.85287178
STATE_C,embedding_0031,14,63,0.88721162,0.82995117,0.87536529,0.81263543,0.43512165,0.07352331,0.70498908
STATE_C,embedding_0032,14,63,1.2232579,1.2321229,1.22260119,1.20908568,0.1021357,0.98419437,0.99064387
STATE_C,embedding_0033,14,63,0.41231178,0.3726365,0.41093989,0.37244406,0.39250184,0.1844034,0.74744923
STATE_C,embedding_0034,14,63,-1.48714834,-1.53770638,-1.52916774,-1.50605422,-0.13089038,0.81721763,0.94096423
STATE_C,embedding_0035,14,63,4.51162934,4.53245497,4.51204603,4.5608748,-0.29839734,0.36562985,0.7757009
STATE_C,embedding_0036,14,63,0.4256465,0.50487673,0.45441361,0.51704429,-0.40761369,0.16754141,0.74602799
STATE_C,embedding_0037,14,63,-0.48482858,-0.42688251,-0.47155783,-0.41417305,-0.44740801,0.11757189,0.72459078
STATE_C,embedding_0038,14,63,-0.33881697,-0.25204504,-0.34314841,-0.22507395,-0.56522283,0.04263203,0.70498908
STATE_C,embedding_0039,14,63,-0.28410429,-0.29163978,-0.27689038,-0.29285564,0.1782328,0.75628115,0.91324516
STATE_C,embedding_0040,14,63,-0.1002682,-0.08854752,-0.08107709,-0.09941294,0.1416158,0.84813103,0.95089727
STATE_C,embedding_0041,14,63,1.18402576,1.13833129,1.18534653,1.14694655,0.25987495,0.16754141,0.74602799
STATE_C,embedding_0042,14,63,0.6256552,0.68366975,0.67583872,0.70955738,-0.13734088,0.65817124,0.9020155
STATE_C,embedding_0043,14,63,0.18047158,0.18428518,0.13454181,0.20036731,-0.45145091,0.21200343,0.75384906
STATE_C,embedding_0044,14,63,0.00210519,0.014617,-0.01242191,0.00854166,-0.15929893,0.76634373,0.91961248
STATE_C,embedding_0045,14,63,-0.66104871,-0.70098853,-0.66674713,-0.66615489,-0.00516975,0.64864413,0.9020155
STATE_C,embedding_0046,14,63,-0.08056826,-0.06020056,-0.08217819,-0.08040578,-0.0172618,0.84813103,0.95089727
STATE_C,embedding_0047,14,63,0.3633353,0.39747575,0.36709527,0.41288919,-0.40998034,0.14085975,0.72459078
STATE_C,embedding_0048,14,63,-0.08931337,-0.10400711,-0.0820678,-0.08986556,0.05511118,0.6773916,0.9020155
STATE_C,embedding_0049,14,63,-0.19837631,-0.24916977,-0.19893987,-0.23060789,0.20100441,0.25880879,0.75893894
STATE_C,embedding_0050,14,63,0.0880658,0.09392617,0.12250351,0.09653001,0.2341075,0.53043671,0.85763241
STATE_C,embedding_0051,14,63,-1.05127329,-1.00895989,-1.04062338,-0.98372995,-0.36992551,0.22183579,0.75384906
STATE_C,embedding_0052,14,63,-0.20739967,-0.22291191,-0.18115769,-0.22436442,0.39404127,0.35179982,0.75893894
STATE_C,embedding_0053,14,63,-0.881542,-0.85663813,-0.85837268,-0.83703666,-0.18630045,0.68708212,0.9020155
STATE_C,embedding_0054,14,63,0.07982513,0.14313069,0.06851471,0.13082832,-0.4650121,0.1758217,0.74602799
STATE_C,embedding_0055,14,63,-0.40908642,-0.34309384,-0.37011492,-0.35373483,-0.15390889,0.51327043,0.85693846
STATE_C,embedding_0056,14,63,-0.44214961,-0.39068514,-0.44249907,-0.39046413,-0.34126932,0.22183579,0.75384906
STATE_C,embedding_0057,14,63,0.14074203,0.10714097,0.15398568,0.10474743,0.29841956,0.35867292,0.76730029
STATE_C,embedding_0058,14,63,-0.88949794,-0.89399785,-0.86838735,-0.8787757,0.07501922,0.71645806,0.90203244
STATE_C,embedding_0059,14,63,1.30055511,1.25922191,1.32631399,1.21095825,0.40537994,0.1758217,0.74602799
STATE_C,embedding_0060,14,63,1.01892728,1.03538775,1.01094636,1.04078532,-0.2341794,0.50479708,0.85581492
STATE_C,embedding_0061,14,63,-0.52679397,-0.62043196,-0.56445543,-0.6001288,0.21196917,0.1978515,0.75384906
STATE_C,embedding_0062,14,63,-0.08445122,-0.10052573,-0.06604354,-0.10404012,0.20395761,0.36562985,0.7757009
STATE_C,embedding_0063,14,63,0.24185736,0.24922669,0.25479252,0.25700921,-0.02065897,0.93158847,0.97209232
STATE_C,embedding_0064,14,63,-1.73084283,-1.72794759,-1.73593491,-1.71220414,-0.16883078,0.59272629,0.88391027
STATE_C,embedding_0065,14,63,-0.6427781,-0.65251911,-0.64104048,-0.63025237,-0.06786959,0.88970694,0.96374461
STATE_C,embedding_0066,14,63,-0.02347805,-0.00249156,-0.01537246,-0.0032376,-0.10109262,0.5478898,0.86402334
STATE_C,embedding_0067,14,63,1.11325592,1.17555225,1.1616415,1.17829884,-0.09676114,0.3726704,0.77774692
STATE_C,embedding_0068,14,63,0.67028698,0.68355942,0.65188715,0.67848057,-0.18963546,0.68708212,0.9020155
STATE_C,embedding_0069,14,63,0.22513688,0.19971393,0.21498464,0.20065062,0.15845938,0.53043671,0.85763241
STATE_C,embedding_0070,14,63,-0.82501203,-0.80450398,-0.86644759,-0.77833811,-0.49978619,0.08012745,0.70498908
STATE_C,embedding_0071,14,63,1.38540584,1.51965535,1.44726072,1.51136665,-0.35828332,0.18007457,0.74744923
STATE_C,embedding_0072,14,63,-3.85526776,-3.88853598,-3.84259496,-3.85857052,0.10199694,0.43196986,0.81113167
STATE_C,embedding_0073,14,63,-0.27035838,-0.26563516,-0.28155013,-0.2648765,-0.09676584,0.69682433,0.90203244
STATE_C,embedding_0074,14,63,-0.06860849,-0.08174791,-0.07181469,-0.04386243,-0.15012438,0.80697352,0.94044865
STATE_C,embedding_0075,14,63,0.00936466,-0.0272833,-0.0468991,-0.01014801,-0.17386742,0.68708212,0.9020155
STATE_C,embedding_0076,14,63,-0.72659972,-0.63309258,-0.7105082,-0.65081122,-0.41714617,0.03515747,0.70498908
STATE_C,embedding_0077,14,63,0.88702706,0.87250733,0.90191556,0.83028036,0.37944418,0.33168507,0.75893894
STATE_C,embedding_0078,14,63,0.05942812,-0.01843938,0.04339761,-0.06415549,0.46742874,0.12715299,0.72459078
STATE_C,embedding_0079,14,63,-0.51232706,-0.49553758,-0.48193835,-0.50154233,0.14396492,0.94209314,0.97773991
STATE_C,embedding_0080,14,63,1.09441245,1.06560302,1.10719424,1.03839068,0.48170539,0.18880879,0.74744923
STATE_C,embedding_0081,14,63,0.44701095,0.45583963,0.46596599,0.45176699,0.1630662,0.79676242,0.93708046
STATE_C,embedding_0082,14,63,0.54365343,0.5504778,0.46079722,0.52517539,-0.2694628,0.33168507,0.75893894
STATE_C,embedding_0083,14,63,-0.30887052,-0.33574444,-0.30001067,-0.32841037,0.27650085,0.34501072,0.75893894
STATE_C,embedding_0084,14,63,0.26087722,0.29233858,0.27384813,0.31163698,-0.2638955,0.33830577,0.75893894
STATE_C,embedding_0085,14,63,-1.08108366,-1.05002356,-1.09428017,-1.05505846,-0.30852143,0.21687953,0.75384906
STATE_C,embedding_0086,14,63,-0.38245273,-0.5081172,-0.34051007,-0.49280942,0.70250738,0.00638596,0.49044173
STATE_C,embedding_0087,14,63,-0.53863773,-0.55227476,-0.55113348,-0.56861166,0.13606218,0.63917419,0.9020155
STATE_C,embedding_0088,14,63,0.18115814,0.19601637,0.17402605,0.20871711,-0.23658973,0.37979433,0.77989852
STATE_C,embedding_0089,14,63,-0.98177785,-0.99410319,-1.0006642,-1.0036539,0.0262812,0.86887366,0.95738159
STATE_C,embedding_0090,14,63,0.26227673,0.14821616,0.23312073,0.14547146,0.48881552,0.10856679,0.72459078
STATE_C,embedding_0091,14,63,-0.4998924,-0.42614952,-0.50507744,-0.42797532,-0.43424782,0.08479223,0.70498908
STATE_C,embedding_0092,14,63,0.08073423,0.09008263,0.06286534,0.09061861,-0.18938321,0.46356045,0.83375744
STATE_C,embedding_0093,14,63,-1.02621484,-1.00667167,-1.09779249,-1.03538711,-0.2790569,0.27589393,0.75893894
STATE_C,embedding_0094,14,63,0.68034896,0.7422955,0.66771753,0.73417823,-0.5307929,0.07787449,0.70498908
STATE_C,embedding_0095,14,63,-0.98461717,-0.96528083,-0.98821501,-0.96052251,-0.27416506,0.28175622,0.75893894
STATE_C,embedding_0096,14,63,0.7176739,0.72584206,0.75827773,0.73492201,0.1929762,0.74625973,0.91117245
STATE_C,embedding_0097,14,63,0.16783838,0.14516594,0.1544612,0.15469001,-0.0023452,0.6773916,0.9020155
STATE_C,embedding_0098,14,63,0.19288146,0.20381583,0.17819478,0.19290419,-0.10756974,0.34501072,0.75893894
STATE_C,embedding_0099,14,63,-2.66963196,-2.60939789,-2.63921133,-2.60859845,-0.26811645,0.33830577,0.75893894
STATE_C,embedding_0100,14,63,-0.60328409,-0.59452093,-0.59465083,-0.60981185,0.12487309,0.6297627,0.89899211
STATE_C,embedding_0101,14,63,0.37695578,0.32859182,0.3657249,0.31466562,0.57380216,0.01187081,0.5915088
STATE_C,embedding_0102,14,63,1.82433486,1.74661744,1.83099331,1.75119339,0.3959652,0.14812598,0.72459078
STATE_C,embedding_0103,14,63,0.28040566,0.27957472,0.25086232,0.27270353,-0.11113174,0.69682433,0.90203244
STATE_C,embedding_0104,14,63,-0.7828635,-0.7373904,-0.74848986,-0.7335907,-0.05225461,0.66775418,0.9020155
STATE_C,embedding_0105,14,63,-1.06449002,-1.08084536,-1.07446243,-1.0843199,0.13036244,0.87927985,0.95921438
STATE_C,embedding_0106,14,63,-0.92222199,-0.82276988,-0.91256735,-0.83441765,-0.477118,0.04130012,0.70498908
STATE_C,embedding_0107,14,63,0.38035879,0.37171981,0.35650653,0.35763744,-0.01039373,0.9631309,0.98624604
STATE_C,embedding_0108,14,63,-0.28197016,-0.34231794,-0.28176502,-0.33517821,0.38556494,0.12389399,0.72459078
STATE_C,embedding_0109,14,63,-0.80071658,-0.78802758,-0.78536651,-0.76830339,-0.11591859,0.9631309,0.98624604
STATE_C,embedding_0110,14,63,0.0410693,0.02899481,0.04235405,0.02041503,0.23614138,0.5478898,0.86402334
STATE_C,embedding_0111,14,63,-0.567996,-0.56523633,-0.58140599,-0.55793686,-0.20738896,0.39429124,0.78858248
STATE_C,embedding_0112,14,63,0.92070022,0.95400858,0.9385553,0.94341034,-0.03678662,0.63917419,0.9020155
STATE_C,embedding_0113,14,63,-1.84482187,-1.81544983,-1.86414379,-1.82051397,-0.23194817,0.60189153,0.88554156
STATE_C,embedding_0114,14,63,-0.39576778,-0.44961634,-0.39383748,-0.42581964,0.30253385,0.14085975,0.72459078
STATE_C,embedding_0115,14,63,-1.0282619,-1.00482917,-1.03094404,-0.99112046,-0.28885607,0.26442044,0.75893894
STATE_C,embedding_0116,14,63,-0.21514694,-0.19513941,-0.18314449,-0.18931719,0.04816447,0.87927985,0.95921438
STATE_C,embedding_0117,14,63,-0.18913051,-0.10935275,-0.16356281,-0.11708681,-0.26340876,0.21200343,0.75384906
STATE_C,embedding_0118,14,63,-0.48064582,-0.40980193,-0.46019274,-0.40591202,-0.34764219,0.13733095,0.72459078
STATE_C,embedding_0119,14,63,-0.05356716,-0.03895215,-0.05285884,-0.05693551,0.05572737,0.85849013,0.95140032
STATE_C,embedding_0120,14,63,1.19073892,1.24599171,1.23863425,1.22480547,0.10215952,0.92109571,0.9663955
STATE_C,embedding_0121,14,63,-0.36459222,-0.33198807,-0.35452204,-0.3005979,-0.43969434,0.11450724,0.72459078
STATE_C,embedding_0122,14,63,-0.35085936,-0.32090732,-0.33008412,-0.30999559,-0.15120021,0.60189153,0.88554156
STATE_C,embedding_0123,14,63,-0.5294829,-0.57857054,-0.55544836,-0.58973051,0.27643652,0.45554429,0.82708751
STATE_C,embedding_0124,14,63,0.13004562,0.07947829,0.15159841,0.09666411,0.31461289,0.14445785,0.72459078
STATE_C,embedding_0125,14,63,1.2762695,1.12953067,1.24128886,1.11675347,0.480093,0.10568942,0.72459078
STATE_C,embedding_0126,14,63,0.16912213,0.09074726,0.08862612,0.08227271,0.03801841,0.47165459,0.83849705
STATE_C,embedding_0127,14,63,-0.3529679,-0.39566451,-0.37888444,-0.39192824,0.12823191,0.59272629,0.88391027
STATE_C,embedding_0128,14,63,0.221686,0.26327091,0.18603212,0.23822229,-0.43037493,0.0598335,0.70498908
STATE_C,embedding_0129,14,63,-0.77350485,-0.79474884,-0.77998551,-0.75163226,-0.14411719,0.78658599,0.93081362
STATE_C,embedding_0130,14,63,0.6181486,0.75492805,0.67632434,0.76327448,-0.48878034,0.08479223,0.70498908
STATE_C,embedding_0131,14,63,0.4365961,0.49441001,0.43828052,0.49310004,-0.40081015,0.22687268,0.75395036
STATE_C,embedding_0132,14,63,0.7042838,0.62908345,0.67425883,0.6285441,0.33163884,0.35179982,0.75893894
STATE_C,embedding_0133,14,63,-0.13336837,-0.11886151,-0.11877794,-0.11620934,-0.02314132,0.71645806,0.90203244
STATE_C,embedding_0134,14,63,9.45662212,9.44773769,9.45778602,9.50180432,-0.16788008,0.66775418,0.9020155
STATE_C,embedding_0135,14,63,-0.20731791,-0.21920496,-0.22046924,-0.23120078,0.05567544,0.87927985,0.95921438
STATE_C,embedding_0136,14,63,-0.07280849,0.0423033,-0.02437372,0.04344667,-0.45384767,0.04984854,0.70498908
STATE_C,embedding_0137,14,63,-0.46249925,-0.52675056,-0.45578205,-0.53364374,0.5315839,0.12715299,0.72459078
STATE_C,embedding_0138,14,63,2.33507991,2.45252466,2.35648218,2.4265678,-0.45503298,0.07142346,0.70498908
STATE_C,embedding_0139,14,63,0.35016362,0.38355756,0.3606322,0.39231606,-0.23004164,0.43196986,0.81113167
STATE_C,embedding_0140,14,63,-1.02311671,-0.97456622,-1.03499259,-0.96920369,-0.35739315,0.14812598,0.72459078
STATE_C,embedding_0141,14,63,0.9493764,0.87147582,0.92579713,0.8284736,0.3454209,0.15186484,0.72895123
STATE_C,embedding_0142,14,63,-1.67265308,-1.73203588,-1.68265604,-1.74763673,0.34998174,0.33830577,0.75893894
STATE_C,embedding_0143,14,63,0.30147672,0.33738601,0.2975554,0.31202914,-0.11512374,0.29984722,0.75893894
STATE_C,embedding_0144,14,63,0.54106575,0.4810783,0.50392501,0.48337331,0.13612359,0.52181727,0.85763241
STATE_C,embedding_0145,14,63,-1.97982574,-1.95576286,-1.9749919,-1.93769614,-0.25761005,0.43974841,0.81576517
STATE_C,embedding_0146,14,63,0.42597292,0.35766435,0.42784204,0.35062044,0.59736592,0.08012745,0.70498908
STATE_C,embedding_0147,14,63,-0.31527342,-0.35383657,-0.30859952,-0.34818693,0.26944147,0.35179982,0.75893894
STATE_C,embedding_0148,14,63,-1.44766247,-1.41930401,-1.43618633,-1.4154928,-0.14379695,0.51327043,0.85693846
STATE_C,embedding_0149,14,63,-0.7206102,-0.68593889,-0.72857052,-0.64753938,-0.32138489,0.31232917,0.75893894
STATE_C,embedding_0150,14,63,0.86031836,0.84005255,0.85096467,0.80242921,0.27248416,0.31232917,0.75893894
STATE_C,embedding_0151,14,63,-0.76402393,-0.71285671,-0.75086602,-0.71268429,-0.52655066,0.04684757,0.70498908
STATE_C,embedding_0152,14,63,0.01485136,-0.04183755,0.01259064,-0.03827521,0.41807843,0.14812598,0.72459078
STATE_C,embedding_0153,14,63,0.32087137,0.21224885,0.31095271,0.22850526,0.37074191,0.28175622,0.75893894
STATE_C,embedding_0154,14,63,1.30690926,1.23211062,1.28387803,1.20720336,0.52265122,0.11757189,0.72459078
STATE_C,embedding_0155,14,63,0.63509795,0.57210809,0.60323954,0.56975632,0.1977579,0.51327043,0.85693846
STATE_C,embedding_0156,14,63,-0.67188969,-0.71926123,-0.62999659,-0.73084339,0.44713565,0.11450724,0.72459078
STATE_C,embedding_0157,14,63,-1.53538221,-1.52110541,-1.55456551,-1.53062909,-0.11558285,0.43974841,0.81576517
STATE_C,embedding_0158,14,63,0.33951707,0.31584349,0.33483511,0.31209842,0.25573412,0.22183579,0.75384906
STATE_C,embedding_0159,14,63,2.12618148,2.17391825,2.12332804,2.16251074,-0.31092071,0.23718995,0.75395036
STATE_C,embedding_0160,14,63,0.59501481,0.58591694,0.61832198,0.5902357,0.22358821,0.46356045,0.83375744
STATE_C,embedding_0161,14,63,1.48934859,1.44208324,1.48624136,1.41822825,0.48030158,0.13387071,0.72459078
STATE_C,embedding_0162,14,63,0.76964432,0.7205888,0.77866847,0.70360963,0.52662829,0.09219881,0.71523925
STATE_C,embedding_0163,14,63,0.36767222,0.35068488,0.3231469,0.32634963,-0.01971319,0.92109571,0.9663955
STATE_C,embedding_0164,14,63,1.47288716,1.44015348,1.46914231,1.46151436,0.038805,0.72634665,0.90557504
STATE_C,embedding_0165,14,63,0.80609733,0.8022176,0.79020506,0.79843189,-0.07429327,0.83779809,0.94761257
STATE_C,embedding_0166,14,63,-0.65048712,-0.65095663,-0.66174339,-0.64271178,-0.14980281,0.73628105,0.90619206
STATE_C,embedding_0167,14,63,0.35017866,0.35542545,0.34624338,0.35679422,-0.11336625,0.71645806,0.90203244
STATE_C,embedding_0168,14,63,-0.20250625,-0.26524365,-0.19967465,-0.25947843,0.55090553,0.03292847,0.70498908
STATE_C,embedding_0169,14,63,-0.21200959,-0.26177755,-0.17923108,-0.26039063,0.57716728,0.06937301,0.70498908
STATE_C,embedding_0170,14,63,1.43892288,1.3993963,1.44145023,1.37785503,0.45268107,0.15567513,0.73348773
STATE_C,embedding_0171,14,63,0.37618217,0.32472524,0.36066851,0.28642647,0.46300942,0.11757189,0.72459078
STATE_C,embedding_0172,14,63,-0.18209586,-0.25836083,-0.1871671,-0.22017588,0.17653194,0.68708212,0.9020155
STATE_C,embedding_0173,14,63,0.0594382,0.06989186,0.03612996,0.06512357,-0.2383483,0.24783441,0.75395036
STATE_C,embedding_0174,14,63,-0.81762558,-0.76167279,-0.83850553,-0.75232734,-0.36365435,0.28175622,0.75893894
STATE_C,embedding_0175,14,63,0.19547597,0.30893892,0.2007577,0.28760252,-0.49063183,0.05465108,0.70498908
STATE_C,embedding_0176,14,63,0.51822904,0.47656158,0.51187258,0.48447755,0.31834122,0.2424711,0.75395036
STATE_C,embedding_0177,14,63,1.25684381,1.25452662,1.28135659,1.22955132,0.30967669,0.52181727,0.85763241
STATE_C,embedding_0178,14,63,-1.01133943,-0.98476321,-0.97356726,-0.98819542,0.12160813,0.90015314,0.9663955
STATE_C,embedding_0179,14,63,1.10858506,0.99726331,1.08635833,0.98826114,0.41330201,0.1978515,0.75384906
STATE_C,embedding_0180,14,63,-0.41002905,-0.45620912,-0.4094595,-0.46446332,0.35898047,0.29373272,0.75893894
STATE_C,embedding_0181,14,63,-0.22898543,-0.16882212,-0.23768147,-0.18335197,-0.6594699,0.0123231,0.5915088
STATE_C,embedding_0182,14,63,-0.06999653,-0.13141939,-0.05909176,-0.10521508,0.31443305,0.23718995,0.75395036
STATE_C,embedding_0183,14,63,0.77897024,0.69582343,0.77570242,0.69313372,0.64320905,0.02433373,0.70498908
STATE_C,embedding_0184,14,63,2.63960814,2.60577154,2.59381952,2.55941217,0.18390356,0.41665418,0.80805659
STATE_C,embedding_0185,14,63,0.7333152,0.68567395,0.73933815,0.67706153,0.40227352,0.14812598,0.72459078
STATE_C,embedding_0186,14,63,-0.96733519,-1.01032364,-0.99890595,-1.01372657,0.08033477,0.6297627,0.89899211
STATE_C,embedding_0187,14,63,0.59874809,0.60118377,0.58243875,0.59466894,-0.10455913,0.59272629,0.88391027
STATE_C,embedding_0188,14,63,0.06477656,0.09689394,0.0856855,0.10775326,-0.13531927,0.60189153,0.88554156
STATE_C,embedding_0189,14,63,1.0366168,1.0760709,1.04282167,1.07220664,-0.25434517,0.32514871,0.75893894
STATE_C,embedding_0190,14,63,1.23002195,1.21519184,1.20943633,1.20851441,0.00461465,0.6773916,0.9020155
STATE_C,embedding_0191,14,63,0.10131789,0.15522835,0.10130492,0.11625162,-0.10667967,0.43974841,0.81576517
STATE_C,embedding_0192,14,63,0.17187265,0.13097282,0.14864793,0.12885037,0.21476101,0.08720568,0.70498908
STATE_C,embedding_0193,14,63,0.39356062,0.3797105,0.39107,0.3837604,0.04709628,0.75628115,0.91324516
STATE_C,embedding_0194,14,63,-0.05868215,-0.10313469,-0.03442244,-0.10473495,0.59398784,0.07567338,0.70498908
STATE_C,embedding_0195,14,63,0.11242148,-0.01346731,0.08386145,-0.00766253,0.56123656,0.07787449,0.70498908
STATE_C,embedding_0196,14,63,-0.7274642,-0.71246952,-0.72505674,-0.69344961,-0.16647093,0.92109571,0.9663955
STATE_C,embedding_0197,14,63,-0.09482696,-0.10473076,-0.09459477,-0.10281289,0.06777713,0.91061666,0.9663955
STATE_C,embedding_0198,14,63,-0.67917249,-0.67338687,-0.67745924,-0.673142,-0.04626313,0.88970694,0.96374461
STATE_C,embedding_0199,14,63,-0.95012423,-0.93555206,-0.93871179,-0.96084196,0.21023963,0.71645806,0.90203244
STATE_C,embedding_0200,14,63,0.13971881,0.11956922,0.16133341,0.1231528,0.30472988,0.32514871,0.75893894
STATE_C,embedding_0201,14,63,-1.67956436,-1.671363,-1.66852215,-1.65161467,-0.18464163,0.58362556,0.88233156
STATE_C,embedding_0202,14,63,0.54427308,0.56502789,0.52243182,0.57975435,-0.59275071,0.09478013,0.72459078
STATE_C,embedding_0203,14,63,-0.06009851,-0.06483709,-0.07195095,-0.06320025,-0.12047407,0.76634373,0.91961248
STATE_C,embedding_0204,14,63,0.24933708,0.27123892,0.25757045,0.27131408,-0.16769941,0.39429124,0.78858248
STATE_C,embedding_0205,14,63,0.1890095,0.18576661,0.15852417,0.19871641,-0.31605007,0.40911802,0.79949781
STATE_C,embedding_0206,14,63,-0.47421154,-0.58237922,-0.48354945,-0.56831825,0.84285664,0.00277684,0.48292352
STATE_C,embedding_0207,14,63,-1.00514495,-0.96913248,-1.0214147,-0.95920094,-0.41513033,0.12070055,0.72459078
STATE_C,embedding_0208,14,63,-1.28052938,-1.32488263,-1.2747078,-1.2980645,0.16305907,0.31232917,0.75893894
STATE_C,embedding_0209,14,63,-0.2089585,-0.2557565,-0.20484253,-0.24356011,0.37345196,0.16351275,0.74602799
STATE_C,embedding_0210,14,63,8.1263485,8.22054482,8.09081255,8.26144185,-0.37090487,0.21200343,0.75384906
STATE_C,embedding_0211,14,63,-0.62065035,-0.63040674,-0.57490967,-0.60290936,0.19052391,0.28175622,0.75893894
STATE_C,embedding_0212,14,63,-0.52501857,-0.49248919,-0.51395738,-0.49303375,-0.25894959,0.19329131,0.74973599
STATE_C,embedding_0213,14,63,0.24428618,0.28411353,0.23835329,0.28338919,-0.50913364,0.13387071,0.72459078
STATE_C,embedding_0214,14,63,-0.48172939,-0.50970542,-0.49299182,-0.50283623,0.11607397,0.62041093,0.8973175
STATE_C,embedding_0215,14,63,-0.18334148,-0.23288545,-0.18698059,-0.22253607,0.42416748,0.05806251,0.70498908
STATE_C,embedding_0216,14,63,-0.84116635,-0.84739643,-0.85426505,-0.83992631,-0.16068184,0.82749305,0.94761257
STATE_C,embedding_0217,14,63,-0.85128355,-0.8408553,-0.85565502,-0.84265504,-0.17975492,0.53043671,0.85763241
STATE_C,embedding_0218,14,63,0.33245587,0.29436442,0.33500116,0.30610796,0.28538637,0.33168507,0.75893894
STATE_C,embedding_0219,14,63,-2.79876328,-2.81260991,-2.77752135,-2.78280968,0.04734207,0.68708212,0.9020155
STATE_C,embedding_0220,14,63,-0.72644252,-0.68326157,-0.74323512,-0.65743654,-0.43766973,0.10011634,0.72459078
STATE_C,embedding_0221,14,63,0.35034879,0.30746523,0.33995642,0.32467547,0.17178872,0.34501072,0.75893894
STATE_C,embedding_0222,14,63,-0.35791956,-0.38271737,-0.36444288,-0.39035789,0.27664256,0.39429124,0.78858248
STATE_C,embedding_0223,14,63,-0.2376707,-0.20442346,-0.22982338,-0.20604035,-0.22072353,0.32514871,0.75893894
STATE_C,embedding_0224,14,63,-0.03664435,-0.02212503,-0.04115111,-0.0243414,-0.2095225,0.64864413,0.9020155
STATE_C,embedding_0225,14,63,0.17129073,0.15621489,0.1640915,0.16437337,-0.00271794,0.85849013,0.95140032
STATE_C,embedding_0226,14,63,-0.51306844,-0.44681939,-0.47704794,-0.43172204,-0.34481437,0.06737116,0.70498908
STATE_C,embedding_0227,14,63,-0.16496241,-0.16588952,-0.14637971,-0.17037386,0.18372997,0.57459047,0.87730712
STATE_C,embedding_0228,14,63,-1.35029519,-1.45015454,-1.36543575,-1.48106563,0.44863635,0.08243309,0.70498908
STATE_C,embedding_0229,14,63,0.20310842,0.21818204,0.18199513,0.20646077,-0.14661439,0.53043671,0.85763241
STATE_C,embedding_0230,14,63,1.38446373,1.31558943,1.36844028,1.30733767,0.35907591,0.06541709,0.70498908
STATE_C,embedding_0231,14,63,-0.29862161,-0.28086579,-0.31266983,-0.28136438,-0.36032726,0.35179982,0.75893894
STATE_C,embedding_0232,14,63,-0.11345002,-0.13104096,-0.10186197,-0.12418459,0.17141535,0.47165459,0.83849705
STATE_C,embedding_0233,14,63,0.22830644,0.17691112,0.24380135,0.15874826,0.49004645,0.03874183,0.70498908
STATE_C,embedding_0234,14,63,-0.09394752,-0.13868405,-0.09692732,-0.14366193,0.3848051,0.23718995,0.75395036
STATE_C,embedding_0235,14,63,0.08754076,0.07152019,0.04696245,0.07447667,-0.18758684,0.70661679,0.90203244
STATE_C,embedding_0236,14,63,-1.03396201,-1.01285839,-1.01811029,-1.01589974,-0.01854377,0.81721763,0.94096423
STATE_C,embedding_0237,14,63,1.09756333,1.06556273,1.07069056,1.03106297,0.25338733,0.60189153,0.88554156
STATE_C,embedding_0238,14,63,-0.77084181,-0.74388194,-0.78679257,-0.75092193,-0.49217806,0.16351275,0.74602799
STATE_C,embedding_0239,14,63,-0.86593959,-0.8639583,-0.8792646,-0.86504994,-0.11024382,0.92109571,0.9663955
STATE_C,embedding_0240,14,63,-0.11751009,-0.07901434,-0.13971066,-0.10462603,-0.23218534,0.26442044,0.75893894
STATE_C,embedding_0241,14,63,-1.53194422,-1.51443624,-1.52480297,-1.50388348,-0.30219467,0.33830577,0.75893894
STATE_C,embedding_0242,14,63,0.64069733,0.59642673,0.6514252,0.60551109,0.45472294,0.12389399,0.72459078
STATE_C,embedding_0243,14,63,-0.75075093,-0.74419624,-0.74194411,-0.74303367,0.01469299,0.92109571,0.9663955
STATE_C,embedding_0244,14,63,0.40468305,0.38952059,0.41253172,0.38938254,0.1494754,0.6773916,0.9020155
STATE_C,embedding_0245,14,63,0.1604141,0.24919274,0.14947185,0.24175835,-0.49258785,0.02883149,0.70498908
STATE_C,embedding_0246,14,63,-0.3702596,-0.35905266,-0.36238441,-0.33811594,-0.17509394,0.71645806,0.90203244
STATE_C,embedding_0247,14,63,0.71680319,0.71757805,0.71750621,0.74431568,-0.26885531,0.56562211,0.8722847
STATE_C,embedding_0248,14,63,-0.37481941,-0.38393134,-0.4286548,-0.40427781,-0.14158415,0.71645806,0.90203244
STATE_C,embedding_0249,14,63,-0.52588773,-0.55332869,-0.56670095,-0.52738736,-0.27113422,0.59272629,0.88391027
STATE_C,embedding_0250,14,63,0.25046919,0.2621119,0.24376884,0.25360711,-0.12253781,0.48807409,0.84997937
STATE_C,embedding_0251,14,63,-1.00583205,-1.0094223,-1.01102011,-1.00060518,-0.08086777,0.66775418,0.9020155
STATE_C,embedding_0252,14,63,-1.1572209,-1.14362729,-1.18119052,-1.13033263,-0.27875764,0.75628115,0.91324516
STATE_C,embedding_0253,14,63,-1.19188207,-1.15958762,-1.19292747,-1.14446024,-0.34832486,0.12389399,0.72459078
STATE_C,embedding_0254,14,63,0.78163806,0.69039232,0.7444727,0.67010768,0.59112869,0.00521714,0.48292352
STATE_C,embedding_0255,14,63,0.36612733,0.34785023,0.35442557,0.35941392,-0.03450166,0.91061666,0.9663955
STATE_C,embedding_0256,14,63,1.12418437,1.13118112,1.1025604,1.14534954,-0.26756122,0.56562211,0.8722847
STATE_C,embedding_0257,14,63,0.35942265,0.30273947,0.33532589,0.30790319,0.22534622,0.47165459,0.83849705
STATE_C,embedding_0258,14,63,0.19350309,0.17457116,0.19894411,0.1980046,0.00796991,0.73628105,0.90619206
STATE_C,embedding_0259,14,63,-0.40606926,-0.41545278,-0.37674014,-0.39803619,0.15249128,0.53043671,0.85763241
STATE_C,embedding_0260,14,63,0.75814897,0.70745933,0.75679893,0.72686865,0.18587451,0.35867292,0.76730029
STATE_C,embedding_0261,14,63,1.11134201,1.15657592,1.1278735,1.16760774,-0.24894364,0.14812598,0.72459078
STATE_C,embedding_0262,14,63,-0.39121106,-0.39850739,-0.40136984,-0.39003003,-0.0786709,0.90015314,0.9663955
STATE_C,embedding_0263,14,63,0.67447335,0.63578546,0.67461145,0.67488945,-0.00131656,0.74625973,0.91117245
STATE_C,embedding_0264,14,63,-0.90106168,-0.87712336,-0.87326967,-0.86667201,-0.04007875,0.85849013,0.95140032
STATE_C,embedding_0265,14,63,0.55053797,0.5784232,0.54904627,0.59923686,-0.32820379,0.32514871,0.75893894
STATE_C,embedding_0266,14,63,2.8388325,2.85195136,2.84180832,2.83625599,0.0294941,0.68708212,0.9020155
STATE_C,embedding_0267,14,63,1.23056799,1.22818315,1.23114003,1.23131058,-0.00177078,0.9526079,0.98333719
STATE_C,embedding_0268,14,63,0.8879219,0.84606469,0.90675828,0.86052004,0.31535237,0.28175622,0.75893894
STATE_C,embedding_0269,14,63,1.05840987,0.99632597,1.05884121,1.01660438,0.2221123,0.37979433,0.77989852
STATE_C,embedding_0270,14,63,0.14688205,0.11791257,0.16014994,0.12480331,0.2007613,0.41665418,0.80805659
STATE_C,embedding_0271,14,63,0.5468623,0.51791555,0.54537787,0.53394006,0.05298273,0.78658599,0.93081362
STATE_C,embedding_0272,14,63,0.17153931,0.11869803,0.14448597,0.12395425,0.11687381,0.52181727,0.85763241
STATE_C,embedding_0273,14,63,-0.77653331,-0.82095283,-0.78520449,-0.80499541,0.13373268,0.42427161,0.81054875
STATE_C,embedding_0274,14,63,0.57119927,0.60959232,0.56308058,0.61831184,-0.41955608,0.16754141,0.74602799
STATE_C,embedding_0275,14,63,-0.07157601,-0.11267039,-0.08787699,-0.11021419,0.16486578,0.3726704,0.77774692
STATE_C,embedding_0276,14,63,-0.08429688,0.08510074,-0.05922466,0.07221434,-0.6596039,0.02605411,0.70498908
STATE_C,embedding_0277,14,63,0.93342286,0.98366123,0.96313297,0.99878915,-0.21121241,0.37979433,0.77989852
STATE_C,embedding_0278,14,63,-0.674979,-0.67064226,-0.68416817,-0.64960724,-0.24283966,0.44760675,0.82239709
STATE_C,embedding_0279,14,63,-0.07452768,0.0275429,-0.05516692,0.0130309,-0.48246106,0.03874183,0.70498908
STATE_C,embedding_0280,14,63,0.38211417,0.38896987,0.40285565,0.38547955,0.10507289,0.85849013,0.95140032
STATE_C,embedding_0281,14,63,0.41421451,0.49449155,0.43734399,0.48060338,-0.29372781,0.30604601,0.75893894
STATE_C,embedding_0282,14,63,0.73654801,0.72415531,0.75086055,0.68276978,0.29242278,0.57459047,0.87730712
STATE_C,embedding_0283,14,63,0.21219895,0.26748073,0.21398796,0.26110931,-0.40341735,0.18007457,0.74744923
STATE_C,embedding_0284,14,63,-1.04937923,-0.97196043,-1.05821655,-0.96029456,-0.58479187,0.02605411,0.70498908
STATE_C,embedding_0285,14,63,0.11534184,0.03093884,0.10220304,0.03497152,0.41727438,0.09741903,0.72459078
STATE_C,embedding_0286,14,63,0.74351066,0.78127891,0.76560591,0.80398234,-0.32860842,0.12070055,0.72459078
STATE_C,embedding_0287,14,63,0.12405238,0.09209149,0.11603053,0.09124916,0.2928254,0.36562985,0.7757009
STATE_C,embedding_0288,14,63,-0.60142323,-0.64849669,-0.63338968,-0.62726552,-0.06533509,0.65817124,0.9020155
STATE_C,embedding_0289,14,63,-4.4666729,-4.50797749,-4.46825504,-4.53046795,0.36835748,0.24783441,0.75395036
STATE_C,embedding_0290,14,63,-2.06982732,-1.93340671,-2.11533492,-1.97712746,-0.53258477,0.05300906,0.70498908
STATE_C,embedding_0291,14,63,-0.24428982,-0.2583071,-0.2547305,-0.23678963,-0.15834226,0.79676242,0.93708046
STATE_C,embedding_0292,14,63,-0.80800292,-0.8229267,-0.84729685,-0.80014126,-0.41344062,0.34501072,0.75893894
STATE_C,embedding_0293,14,63,0.42055669,0.35614711,0.4163279,0.37051793,0.44225254,0.04984854,0.70498908
STATE_C,embedding_0294,14,63,0.89957556,0.8647213,0.88993442,0.86078663,0.22976721,0.50479708,0.85581492
STATE_C,embedding_0295,14,63,0.07335303,0.07368419,0.06554945,0.08221656,-0.11778341,0.77644588,0.92738793
STATE_C,embedding_0296,14,63,1.00139183,0.92203116,0.98756907,0.94248052,0.26852609,0.27589393,0.75893894
STATE_C,embedding_0297,14,63,0.41026334,0.35899022,0.39611245,0.36583506,0.28119591,0.11450724,0.72459078
STATE_C,embedding_0298,14,63,-0.83364311,-0.77736843,-0.87774977,-0.78825172,-0.41091449,0.26442044,0.75893894
STATE_C,embedding_0299,14,63,-4.10372496,-4.13347149,-4.16140492,-4.10883827,-0.22330337,0.55672155,0.86551043
STATE_C,embedding_0300,14,63,0.39309363,0.33560836,0.38437714,0.35650842,0.21954585,0.27589393,0.75893894
STATE_C,embedding_0301,14,63,0.70607549,0.69012231,0.69713213,0.69965383,-0.02294489,0.98419437,0.99064387
STATE_C,embedding_0302,14,63,-0.31685264,-0.34208789,-0.31543159,-0.35627664,0.29342929,0.68708212,0.9020155
STATE_C,embedding_0303,14,63,0.4355329,0.37715796,0.43485183,0.38247855,0.49238953,0.10011634,0.72459078
STATE_C,embedding_0304,14,63,-0.03111585,0.01672716,-0.03135645,0.02441352,-0.37771716,0.18007457,0.74744923
STATE_C,embedding_0305,14,63,0.28404476,0.21769524,0.27832306,0.20843604,0.81195691,0.00156092,0.39959552
STATE_C,embedding_0306,14,63,0.85400221,0.86665368,0.86395949,0.84245081,0.14713777,0.97366034,0.98911527
STATE_C,embedding_0307,14,63,1.19828212,1.05655456,1.16569037,1.08354673,0.73312322,0.0123231,0.5915088
STATE_C,embedding_0308,14,63,-1.02844042,-0.9765901,-1.01736298,-0.97633306,-0.48811958,0.08012745,0.70498908
STATE_C,embedding_0309,14,63,0.07619957,0.13758276,0.08763322,0.13250291,-0.36126898,0.19329131,0.74973599
STATE_C,embedding_0310,14,63,0.3965394,0.40798602,0.36114802,0.38953614,-0.17420882,0.56562211,0.8722847
STATE_C,embedding_0311,14,63,-0.63156179,-0.58474648,-0.63871809,-0.57505468,-0.42654061,0.21200343,0.75384906
STATE_C,embedding_0312,14,63,0.37826088,0.26999101,0.36581739,0.28082003,0.60354401,0.02883149,0.70498908
STATE_C,embedding_0313,14,63,-1.08924282,-1.07962644,-1.09990516,-1.08483757,-0.09996875,0.81721763,0.94096423
STATE_C,embedding_0314,14,63,-0.6768738,-0.68162614,-0.66896984,-0.67899621,0.07114349,0.90015314,0.9663955
STATE_C,embedding_0315,14,63,-0.44691324,-0.49621859,-0.45079063,-0.53932712,0.39475411,0.33830577,0.75893894
STATE_C,embedding_0316,14,63,-0.80286291,-0.78289479,-0.81604237,-0.79484471,-0.17689598,0.55672155,0.86551043
STATE_C,embedding_0317,14,63,0.08382554,0.02908678,0.02818352,0.04533549,-0.13255335,0.88970694,0.96374461
STATE_C,embedding_0318,14,63,0.84356388,0.84094697,0.86376998,0.84138156,0.18177533,0.81721763,0.94096423
STATE_C,embedding_0319,14,63,-0.3818403,-0.33574361,-0.38401104,-0.32157157,-0.24952899,0.31869674,0.75893894
STATE_C,embedding_0320,14,63,-0.05084088,-0.09428547,-0.02607734,-0.07761527,0.2478408,0.33168507,0.75893894
STATE_C,embedding_0321,14,63,0.14217822,0.25713319,0.11057569,0.18846432,-0.35306144,0.05300906,0.70498908
STATE_C,embedding_0322,14,63,-0.45255379,-0.41804457,-0.45944297,-0.43109065,-0.24079784,0.43196986,0.81113167
STATE_C,embedding_0323,14,63,0.26623641,0.26932174,0.2366644,0.2621303,-0.18463999,0.65817124,0.9020155
STATE_C,embedding_0324,14,63,0.6595073,0.61302871,0.65768532,0.60269747,0.80489939,0.00543414,0.48292352
STATE_C,embedding_0325,14,63,1.64807302,1.69712305,1.67812892,1.6735317,0.04074352,0.91061666,0.9663955
STATE_C,embedding_0326,14,63,-0.80730289,-0.78665817,-0.82563327,-0.75208451,-0.40998721,0.26442044,0.75893894
STATE_C,embedding_0327,14,63,-0.51694301,-0.57000297,-0.49304915,-0.57200991,0.33833124,0.30604601,0.75893894
STATE_C,embedding_0328,14,63,-0.138504,-0.14701806,-0.05615927,-0.16490924,0.44284189,0.08720568,0.70498908
STATE_C,embedding_0329,14,63,-0.16587305,-0.1711459,-0.18120333,-0.20943865,0.19921935,0.69682433,0.90203244
STATE_C,embedding_0330,14,63,-0.06382745,-0.12881048,-0.09211842,-0.13191351,0.27936086,0.16754141,0.74602799
STATE_C,embedding_0331,14,63,0.73291892,0.76305926,0.71048577,0.7926715,-0.37106155,0.40166357,0.7970998
STATE_C,embedding_0332,14,63,0.23121373,0.30480811,0.2550278,0.2987463,-0.30044049,0.21687953,0.75384906
STATE_C,embedding_0333,14,63,0.07328417,0.00770354,0.07437247,0.00622208,0.39701653,0.0598335,0.70498908
STATE_C,embedding_0334,14,63,1.38434964,1.44038236,1.39278149,1.43156321,-0.45654819,0.05806251,0.70498908
STATE_C,embedding_0335,14,63,-0.98331675,-0.92911726,-0.99970063,-0.95154573,-0.23211811,0.37979433,0.77989852
STATE_C,embedding_0336,14,63,-0.07414166,-0.07510462,-0.06180864,-0.06572082,0.03512385,0.90015314,0.9663955
STATE_C,embedding_0337,14,63,-0.02926141,0.0455234,-0.0486012,0.04413828,-0.49429828,0.04984854,0.70498908
STATE_C,embedding_0338,14,63,-0.80161676,-0.82158589,-0.81930367,-0.81331583,-0.04102722,0.80697352,0.94044865
STATE_C,embedding_0339,14,63,0.98258555,0.97231925,1.00078519,0.96554226,0.24228929,0.64864413,0.9020155
STATE_C,embedding_0340,14,63,0.70354691,0.70826966,0.68937993,0.70984657,-0.2904776,0.5478898,0.86402334
STATE_C,embedding_0341,14,63,-0.79568383,-0.8075524,-0.8222494,-0.8376654,0.11892459,0.47165459,0.83849705
STATE_C,embedding_0342,14,63,-1.16407156,-1.08488345,-1.1305058,-1.0755178,-0.45591853,0.12070055,0.72459078
STATE_C,embedding_0343,14,63,1.13449842,1.1084038,1.13706887,1.0990569,0.36273237,0.31232917,0.75893894
STATE_C,embedding_0344,14,63,-0.73590282,-0.69049489,-0.74097537,-0.67987901,-0.37879339,0.14445785,0.72459078
STATE_C,embedding_0345,14,63,0.67776194,0.67405438,0.70270365,0.66606901,0.37841575,0.38700138,0.78628852
STATE_C,embedding_0346,14,63,-1.01369014,-0.97847921,-1.02379967,-0.96109534,-0.40000908,0.14812598,0.72459078
STATE_C,embedding_0347,14,63,0.62776107,0.67056006,0.6419223,0.66555073,-0.15737063,0.43974841,0.81576517
STATE_C,embedding_0348,14,63,1.17466378,1.1001426,1.14092477,1.08978229,0.33234639,0.13047831,0.72459078
STATE_C,embedding_0349,14,63,-2.51381004,-2.47624588,-2.53511747,-2.44904634,-0.2563786,0.35179982,0.75893894
STATE_C,embedding_0350,14,63,-0.66710651,-0.64994866,-0.67488015,-0.63168273,-0.29479429,0.49639803,0.85287178
STATE_C,embedding_0351,14,63,0.18331514,0.21537016,0.18943508,0.21138482,-0.23736302,0.40911802,0.79949781
STATE_C,embedding_0352,14,63,0.5160024,0.56154162,0.53050081,0.53721995,-0.04912712,0.55672155,0.86551043
STATE_C,embedding_0353,14,63,0.73625749,0.67228168,0.68387775,0.65011665,0.23786118,0.30604601,0.75893894
STATE_C,embedding_0354,14,63,-0.76350042,-0.68635827,-0.76119568,-0.68630948,-0.54119188,0.0251812,0.70498908
STATE_C,embedding_0355,14,63,0.88220653,0.88411236,0.89695992,0.89667992,0.00242099,0.81721763,0.94096423
STATE_C,embedding_0356,14,63,0.38673057,0.39395952,0.39276323,0.37062828,0.14070097,0.72634665,0.90557504
STATE_C,embedding_0357,14,63,-0.22798944,-0.18153447,-0.23685791,-0.17716668,-0.39920057,0.22183579,0.75384906
STATE_C,embedding_0358,14,63,0.56452572,0.59598953,0.5934031,0.60460143,-0.0786404,0.72634665,0.90557504
STATE_C,embedding_0359,14,63,0.5174877,0.46567464,0.51908766,0.4722566,0.27054997,0.19329131,0.74973599
STATE_C,embedding_0360,14,63,0.5041471,0.39566138,0.47916332,0.41430779,0.58573849,0.02193797,0.70498908
STATE_C,embedding_0361,14,63,0.32497454,0.3305952,0.30679672,0.32339376,-0.147026,0.53043671,0.85763241
STATE_C,embedding_0362,14,63,0.82137614,0.84036499,0.84859109,0.84395677,0.05734209,0.97366034,0.98911527
STATE_C,embedding_0363,14,63,-0.40992075,-0.40248492,-0.39073539,-0.40178223,0.08898478,0.91061666,0.9663955
STATE_C,embedding_0364,14,63,0.77258837,0.75695759,0.77135461,0.73379112,0.23069588,0.61112014,0.89058874
STATE_C,embedding_0365,14,63,1.2612102,1.23758233,1.24282023,1.21335118,0.19949437,0.48807409,0.84997937
STATE_C,embedding_0366,14,63,-0.31316969,-0.33308852,-0.29307944,-0.31151894,0.1290026,0.51327043,0.85693846
STATE_C,embedding_0367,14,63,0.15763247,0.12132528,0.13559865,0.11966319,0.18239425,0.39429124,0.78858248
STATE_C,embedding_0368,14,63,0.91733298,0.88187444,0.90495577,0.86615316,0.28229575,0.43196986,0.81113167
STATE_C,embedding_0369,14,63,-0.19758043,-0.18122645,-0.18424908,-0.17642207,-0.05114342,0.64864413,0.9020155
STATE_C,embedding_0370,14,63,0.77941567,0.81080294,0.74386351,0.81105353,-0.39711779,0.27589393,0.75893894
STATE_C,embedding_0371,14,63,-0.67207652,-0.6825248,-0.66687719,-0.67649846,0.13397565,0.6297627,0.89899211
STATE_C,embedding_0372,14,63,1.02443171,0.99514675,1.00051789,0.95215398,0.36826257,0.1844034,0.74744923
STATE_C,embedding_0373,14,63,-0.12556601,-0.11124814,-0.09585624,-0.10364779,0.06202115,0.60189153,0.88554156
STATE_C,embedding_0374,14,63,2.08193433,2.08357596,2.06671978,2.07225843,-0.08008541,0.78658599,0.93081362
STATE_C,embedding_0375,14,63,0.59026909,0.5378933,0.59340658,0.53505805,0.44519643,0.11757189,0.72459078
STATE_C,embedding_0376,14,63,-1.87598127,-1.88698041,-1.88213597,-1.86425633,-0.1025969,0.70661679,0.90203244
STATE_C,embedding_0377,14,63,-1.03898549,-0.97994542,-1.01903664,-0.96225909,-0.48347659,0.02981226,0.70498908
STATE_C,embedding_0378,14,63,0.15817275,0.15890296,0.13100872,0.16454564,-0.3269713,0.3726704,0.77774692
STATE_C,embedding_0379,14,63,0.16775016,0.11767802,0.1581198,0.14473665,0.07352098,0.64864413,0.9020155
STATE_C,embedding_0380,14,63,-0.84062043,-0.7837202,-0.84133755,-0.76786328,-0.50066893,0.06350999,0.70498908
STATE_C,embedding_0381,14,63,0.1551204,0.12471661,0.17548705,0.11583575,0.41952576,0.14085975,0.72459078
STATE_C,embedding_0382,14,63,-0.60359141,-0.54129213,-0.59756843,-0.54942239,-0.47380855,0.11757189,0.72459078
STATE_C,embedding_0383,14,63,-0.77749905,-0.78295493,-0.80305786,-0.77591736,-0.28993599,0.51327043,0.85693846
STATE_C,embedding_0384,14,63,0.91651416,0.85973191,0.91023707,0.83060267,0.34193429,0.24783441,0.75395036
STATE_C,embedding_0385,14,63,-0.15653973,-0.16853938,-0.17081735,-0.17049255,-0.00566062,0.79676242,0.93708046
STATE_C,embedding_0386,14,63,0.33692887,0.33823943,0.33747107,0.33348381,0.04326457,0.91061666,0.9663955
STATE_C,embedding_0387,14,63,0.70847562,0.75808221,0.72818455,0.74904077,-0.18181513,0.22183579,0.75384906
STATE_C,embedding_0388,14,63,-0.74122518,-0.72277927,-0.68740003,-0.71835255,0.18447084,0.71645806,0.90203244
STATE_C,embedding_0389,14,63,-0.55357522,-0.55968165,-0.53547669,-0.55654099,0.1747997,0.87927985,0.95921438
STATE_C,embedding_0390,14,63,0.33036251,0.34586713,0.32259689,0.35093288,-0.34230471,0.18880879,0.74744923
STATE_C,embedding_0391,14,63,-0.03150972,-0.15056509,-0.08398424,-0.15945372,0.40069498,0.24783441,0.75395036
STATE_C,embedding_0392,14,63,0.34457125,0.33512431,0.34489817,0.34615377,-0.01217063,0.87927985,0.95921438
STATE_C,embedding_0393,14,63,-0.16103578,-0.11189511,-0.15856948,-0.09119003,-0.76325561,0.0031593,0.48292352
STATE_C,embedding_0394,14,63,-0.51870146,-0.53823626,-0.56124282,-0.5479561,-0.10593964,0.83779809,0.94761257
STATE_C,embedding_0395,14,63,-0.56467602,-0.53135276,-0.55352625,-0.51524764,-0.15733623,0.68708212,0.9020155
STATE_C,embedding_0396,14,63,0.05166378,0.03943293,0.0483785,0.03346999,0.12088536,0.71645806,0.90203244
STATE_C,embedding_0397,14,63,0.14557241,0.18917294,0.14856256,0.17142517,-0.15830032,0.65817124,0.9020155
STATE_C,embedding_0398,14,63,0.02193385,0.02439357,0.02805958,0.01141893,0.12871428,0.94209314,0.97773991
STATE_C,embedding_0399,14,63,0.39170532,0.26473349,0.37104548,0.27533004,0.85606069,0.00565926,0.48292352
STATE_C,embedding_0400,14,63,-0.62128073,-0.61930948,-0.62299928,-0.62164382,-0.02091783,0.72634665,0.90557504
STATE_C,embedding_0401,14,63,-0.13579004,-0.0947392,-0.15898556,-0.10418607,-0.54123065,0.06937301,0.70498908
STATE_C,embedding_0402,14,63,0.05188986,0.0562482,0.04555603,0.05913232,-0.16270972,0.49639803,0.85287178
STATE_C,embedding_0403,14,63,0.84528568,0.83343816,0.85276903,0.81435782,0.46889632,0.2532802,0.75395036
STATE_C,embedding_0404,14,63,-0.12507715,-0.14666431,-0.1316864,-0.14577197,0.15603996,0.47982603,0.84714113
STATE_C,embedding_0405,14,63,0.42519185,0.47104862,0.46953162,0.46271444,0.04492139,0.93158847,0.97209232
STATE_C,embedding_0406,14,63,-0.38937226,-0.40541527,-0.39470981,-0.40249827,0.0694168,0.64864413,0.9020155
STATE_C,embedding_0407,14,63,0.40775779,0.41871643,0.42268278,0.43825721,-0.15536861,0.46356045,0.83375744
STATE_C,embedding_0408,14,63,-0.21156998,-0.19704238,-0.18936793,-0.19557593,0.07608763,0.91061666,0.9663955
STATE_C,embedding_0409,14,63,0.12121446,0.16213003,0.13747995,0.15669477,-0.17104492,0.42427161,0.81054875
STATE_C,embedding_0410,14,63,-0.95332775,-0.92593169,-0.94680363,-0.90018416,-0.33345901,0.2424711,0.75395036
STATE_C,embedding_0411,14,63,0.46355574,0.42483941,0.48223123,0.4302699,0.45629907,0.21687953,0.75384906
STATE_C,embedding_0412,14,63,-0.49951395,-0.56474453,-0.50786432,-0.55649966,0.40985702,0.11757189,0.72459078
STATE_C,embedding_0413,14,63,-0.40779258,-0.40870705,-0.43825707,-0.41726675,-0.19938099,0.78658599,0.93081362
STATE_C,embedding_0414,14,63,-1.33947438,-1.29703128,-1.31814763,-1.26698338,-0.25734296,0.3726704,0.77774692
STATE_C,embedding_0415,14,63,0.22960491,0.19555449,0.235834,0.18455118,0.34879635,0.42427161,0.81054875
STATE_C,embedding_0416,14,63,1.30637902,1.27990413,1.29539073,1.23492797,0.31724809,0.2424711,0.75395036
STATE_C,embedding_0417,14,63,-0.30107068,-0.24162504,-0.33628768,-0.2113775,-0.51822188,0.04263203,0.70498908
STATE_C,embedding_0418,14,63,-0.40304895,-0.36397997,-0.41741685,-0.36028957,-0.54044348,0.12715299,0.72459078
STATE_C,embedding_0419,14,63,0.23572542,0.25447151,0.20543893,0.23223686,-0.20892416,0.40166357,0.7970998
STATE_C,embedding_0420,14,63,0.3853844,0.34603176,0.37463225,0.34528736,0.24063273,0.33830577,0.75893894
STATE_C,embedding_0421,14,63,0.85174829,0.86275691,0.85072891,0.86128907,-0.0856394,0.55672155,0.86551043
STATE_C,embedding_0422,14,63,-0.56341946,-0.62096155,-0.54487255,-0.63755068,0.43595673,0.08720568,0.70498908
STATE_C,embedding_0423,14,63,-0.11030167,-0.10317403,-0.12964398,-0.08589338,-0.36652393,0.39429124,0.78858248
STATE_C,embedding_0424,14,63,-0.76885343,-0.72558099,-0.75818783,-0.72958149,-0.3922273,0.11450724,0.72459078
STATE_C,embedding_0425,14,63,0.05232931,0.02122868,0.06842524,0.01501088,0.47775774,0.12715299,0.72459078
STATE_C,embedding_0426,14,63,-0.94708931,-0.91223866,-0.97182636,-0.90506326,-0.46511977,0.07567338,0.70498908
STATE_C,embedding_0427,14,63,-0.24541935,-0.25119302,-0.24800128,-0.2585928,0.14383419,0.49639803,0.85287178
STATE_C,embedding_0428,14,63,-0.09055319,-0.05323916,-0.09082817,-0.0606449,-0.41257344,0.14812598,0.72459078
STATE_C,embedding_0429,14,63,-0.19365707,-0.20632285,-0.19873905,-0.2155459,0.14096698,0.50479708,0.85581492
STATE_C,embedding_0430,14,63,0.209101,0.14868113,0.22418457,0.14856466,0.59890941,0.04540502,0.70498908
STATE_C,embedding_0431,14,63,0.85183722,0.76961416,0.80693432,0.74808774,0.39767588,0.04832849,0.70498908
STATE_C,embedding_0432,14,63,0.02575131,0.06268279,0.0362406,0.04767972,-0.11476335,0.2532802,0.75395036
STATE_C,embedding_0433,14,63,-0.21679417,-0.27720568,-0.2212685,-0.27575807,0.30596749,0.27589393,0.75893894
STATE_C,embedding_0434,14,63,-0.64463988,-0.65417302,-0.6585976,-0.64548946,-0.14409488,0.6773916,0.9020155
STATE_C,embedding_0435,14,63,0.06714306,0.01494834,0.07227637,0.00605318,0.66023331,0.01652554,0.70498908
STATE_C,embedding_0436,14,63,-0.55953565,-0.58885461,-0.5509358,-0.57453053,0.18341953,0.33168507,0.75893894
STATE_C,embedding_0437,14,63,-0.37957722,-0.35765117,-0.36539404,-0.36806595,0.03295095,0.88970694,0.96374461
STATE_C,embedding_0438,14,63,-0.18105453,-0.13024579,-0.1883813,-0.12538477,-0.30056209,0.17164419,0.74602799
STATE_C,embedding_0439,14,63,-0.12360308,-0.10271742,-0.13887389,-0.10501681,-0.40593581,0.18880879,0.74744923
STATE_C,embedding_0440,14,63,1.6635375,1.73742211,1.64990889,1.72547255,-0.4395713,0.06937301,0.70498908
STATE_C,embedding_0441,14,63,-0.39073882,-0.44039029,-0.39394909,-0.46197496,0.35231994,0.2532802,0.75395036
STATE_C,embedding_0442,14,63,-0.4271999,-0.40122932,-0.44452135,-0.38912523,-0.30368828,0.33830577,0.75893894
STATE_C,embedding_0443,14,63,0.66145861,0.62287462,0.63910485,0.63424741,0.03590065,0.97366034,0.98911527
STATE_C,embedding_0444,14,63,1.22886288,1.1775465,1.22696874,1.1923553,0.36110182,0.28175622,0.75893894
STATE_C,embedding_0445,14,63,0.33596519,0.30595806,0.32055133,0.32946436,-0.08428718,0.87927985,0.95921438
STATE_C,embedding_0446,14,63,-0.4082005,-0.37994394,-0.39720109,-0.39476787,-0.02576887,0.97366034,0.98911527
STATE_C,embedding_0447,14,63,-0.10480883,-0.08985337,-0.05388382,-0.07198055,0.15484275,0.78658599,0.93081362
STATE_C,embedding_0448,14,63,-0.14866149,-0.17955686,-0.15829921,-0.19115134,0.28717662,0.3726704,0.77774692
STATE_C,embedding_0449,14,63,-0.47427401,-0.50027639,-0.45702084,-0.49677187,0.30882594,0.20720705,0.75384906
STATE_C,embedding_0450,14,63,-1.63846773,-1.66533577,-1.63657354,-1.64908276,0.11309374,0.33830577,0.75893894
STATE_C,embedding_0451,14,63,1.17460155,1.16660106,1.16484496,1.14897271,0.1495305,0.6773916,0.9020155
STATE_C,embedding_0452,14,63,1.12979281,1.13535225,1.13604929,1.08973052,0.26001075,0.45554429,0.82708751
STATE_C,embedding_0453,14,63,0.06759776,0.02070576,0.07380388,0.01442421,0.59075358,0.06937301,0.70498908
STATE_C,embedding_0454,14,63,-0.06268906,-0.14575903,-0.0765551,-0.14125977,0.67968751,0.01906443,0.70498908
STATE_C,embedding_0455,14,63,-0.22418535,-0.2620188,-0.22406792,-0.27820099,0.28994009,0.42427161,0.81054875
STATE_C,embedding_0456,14,63,-0.5604597,-0.64945883,-0.60701904,-0.63039936,0.13149364,0.45554429,0.82708751
STATE_C,embedding_0457,14,63,-0.49188834,-0.45067263,-0.46322453,-0.45885746,-0.02431809,0.77644588,0.92738793
STATE_C,embedding_0458,14,63,-0.07015671,-0.13331966,-0.07787266,-0.13663628,0.3955092,0.21687953,0.75384906
STATE_C,embedding_0459,14,63,-0.6581645,-0.60237837,-0.6497981,-0.61843272,-0.28136614,0.27589393,0.75893894
STATE_C,embedding_0460,14,63,0.87042326,0.82928318,0.864342,0.83152301,0.20032705,0.58362556,0.88233156
STATE_C,embedding_0461,14,63,-1.5240193,-1.50890923,-1.52383363,-1.53283412,0.05500344,0.88970694,0.96374461
STATE_C,embedding_0462,14,63,0.03585345,0.05729312,0.01700149,0.05685785,-0.16266226,0.71645806,0.90203244
STATE_C,embedding_0463,14,63,-0.62886488,-0.60440707,-0.6457943,-0.60123759,-0.37718228,0.25880879,0.75893894
STATE_C,embedding_0464,14,63,0.54328692,0.54153067,0.53251947,0.52677124,0.04796828,0.97366034,0.98911527
STATE_C,embedding_0465,14,63,-0.41859482,-0.41955647,-0.39143311,-0.41173511,0.15770915,0.76634373,0.91961248
STATE_C,embedding_0466,14,63,1.49288952,1.41844165,1.46765909,1.41764948,0.34947146,0.33168507,0.75893894
STATE_C,embedding_0467,14,63,1.02986073,1.07261992,1.03400052,1.06277208,-0.18531667,0.35179982,0.75893894
STATE_C,embedding_0468,14,63,0.80952725,0.75093228,0.78311816,0.71785826,0.35644034,0.2319906,0.75395036
STATE_C,embedding_0469,14,63,-0.75429145,-0.75970566,-0.78525457,-0.78569067,0.00320125,0.94209314,0.97773991
STATE_C,embedding_0470,14,63,1.23206431,1.31150639,1.23505414,1.29467176,-0.42471099,0.06541709,0.70498908
STATE_C,embedding_0471,14,63,0.19682448,0.25733644,0.22198754,0.25023587,-0.21241641,0.48807409,0.84997937
STATE_C,embedding_0472,14,63,-0.00112357,0.00484661,-0.00744985,0.00775866,-0.12555658,0.60189153,0.88554156
STATE_C,embedding_0473,14,63,-1.76450038,-1.76951921,-1.77301269,-1.76550155,-0.05294995,0.98419437,0.99064387
STATE_C,embedding_0474,14,63,1.48273945,1.37228072,1.41918365,1.37103229,0.323004,0.20248991,0.75384906
STATE_C,embedding_0475,14,63,-0.15072333,-0.09399685,-0.17242952,-0.07522512,-0.41331949,0.09219881,0.71523925
STATE_C,embedding_0476,14,63,-1.21932876,-1.19739878,-1.21654946,-1.18190156,-0.32203374,0.35179982,0.75893894
STATE_C,embedding_0477,14,63,-0.61078191,-0.62492996,-0.61608027,-0.61144127,-0.03036685,0.6773916,0.9020155
STATE_C,embedding_0478,14,63,-0.63130623,-0.62363118,-0.60462932,-0.63102683,0.33406677,0.5478898,0.86402334
STATE_C,embedding_0479,14,63,-0.06160011,-0.06962326,-0.04972571,-0.05525715,0.03245295,0.81721763,0.94096423
STATE_C,embedding_0480,14,63,-0.1242212,-0.08797761,-0.13321868,-0.10087605,-0.21541632,0.41665418,0.80805659
STATE_C,embedding_0481,14,63,0.17010534,0.2442556,0.19504602,0.25699794,-0.43198744,0.05300906,0.70498908
STATE_C,embedding_0482,14,63,-0.09409535,-0.10892338,-0.09462087,-0.0673929,-0.14322426,0.9526079,0.98333719
STATE_C,embedding_0483,14,63,-1.48694098,-1.45416677,-1.45955792,-1.43330414,-0.25439349,0.1758217,0.74602799
STATE_C,embedding_0484,14,63,0.11572483,0.14251097,0.15585103,0.13825325,0.10031693,0.98419437,0.99064387
STATE_C,embedding_0485,14,63,0.4532458,0.41658378,0.44891325,0.43518089,0.0985402,0.59272629,0.88391027
STATE_C,embedding_0486,14,63,1.26589531,1.26887143,1.2028689,1.25389761,-0.3197353,0.34501072,0.75893894
STATE_C,embedding_0487,14,63,-0.97511894,-0.876827,-0.97120805,-0.86855421,-0.53709354,0.02695304,0.70498908
STATE_C,embedding_0488,14,63,-0.41574392,-0.39624932,-0.40596327,-0.39760003,-0.08406566,0.69682433,0.90203244
STATE_C,embedding_0489,14,63,-1.28165269,-1.27513719,-1.27408076,-1.27981001,0.05131518,1.0,1.0
STATE_C,embedding_0490,14,63,0.42337564,0.44115707,0.4269073,0.43039609,-0.03225432,0.93158847,0.97209232
STATE_C,embedding_0491,14,63,1.28955418,1.21474063,1.26828462,1.23428199,0.16920058,0.51327043,0.85693846
STATE_C,embedding_0492,14,63,-1.72687459,-1.6943326,-1.72292525,-1.67389062,-0.2683864,0.31869674,0.75893894
STATE_C,embedding_0493,14,63,0.97309572,0.97691977,0.97088593,0.98796067,-0.17632003,0.53912787,0.86402334
STATE_C,embedding_0494,14,63,-0.8730194,-0.89605176,-0.86882436,-0.90634884,0.3963454,0.1758217,0.74602799
STATE_C,embedding_0495,14,63,-0.61845756,-0.53513664,-0.59650312,-0.54386109,-0.52430724,0.04684757,0.70498908
STATE_C,embedding_0496,14,63,-0.85352984,-0.74978542,-0.84638722,-0.7315961,-0.51588036,0.07142346,0.70498908
STATE_C,embedding_0497,14,63,0.54736772,0.58711952,0.56015569,0.58415142,-0.17572971,0.38700138,0.78628852
STATE_C,embedding_0498,14,63,0.02061751,0.12226685,0.02185634,0.10893962,-0.61401553,0.04400009,0.70498908
STATE_C,embedding_0499,14,63,0.83602855,0.81987762,0.84610343,0.81808624,0.29177285,0.31869674,0.75893894
STATE_C,embedding_0500,14,63,-0.29159148,-0.26664129,-0.29335059,-0.26378985,-0.26866178,0.55672155,0.86551043
STATE_C,embedding_0501,14,63,-1.16096175,-1.17359161,-1.16357981,-1.17719144,0.12849883,0.62041093,0.8973175
STATE_C,embedding_0502,14,63,-0.24464419,-0.25863907,-0.2432279,-0.25372291,0.1004994,0.53043671,0.85763241
STATE_C,embedding_0503,14,63,-0.40452279,-0.36940086,-0.39776525,-0.3472286,-0.24676576,0.28770243,0.75893894
STATE_C,embedding_0504,14,63,-0.11839441,-0.05187624,-0.11854342,-0.02206457,-0.63449717,0.01187081,0.5915088
STATE_C,embedding_0505,14,63,0.93221188,0.94013298,0.93795978,0.93164649,0.10100907,0.9631309,0.98624604
STATE_C,embedding_0506,14,63,-0.52937645,-0.52165282,-0.52512634,-0.5171713,-0.06635756,0.90015314,0.9663955
STATE_C,embedding_0507,14,63,-3.5146507,-3.51697111,-3.52235384,-3.52287645,0.00490495,0.76634373,0.91961248
STATE_C,embedding_0508,14,63,-0.60821286,-0.55012429,-0.61476207,-0.56634138,-0.31422412,0.20720705,0.75384906
STATE_C,embedding_0509,14,63,0.52889666,0.52424729,0.52430109,0.51820673,0.06817477,0.71645806,0.90203244
STATE_C,embedding_0510,14,63,-0.38732421,-0.46393952,-0.37483619,-0.41254949,0.27422996,0.15186484,0.72895123
STATE_C,embedding_0511,14,63,-0.45638911,-0.49235764,-0.46105956,-0.45281805,-0.04846164,0.98419437,0.99064387
STATE_C,embedding_0512,14,63,0.0433072,0.07056689,0.05120452,0.08225293,-0.240475,0.52181727,0.85763241
STATE_C,embedding_0513,14,63,0.98442954,0.86829895,0.92543608,0.86109083,0.43791441,0.13387071,0.72459078
STATE_C,embedding_0514,14,63,-0.92414403,-0.93174148,-0.92569059,-0.93729805,0.14781824,0.81721763,0.94096423
STATE_C,embedding_0515,14,63,-0.38755569,-0.34812364,-0.37187784,-0.33991855,-0.25395666,0.29984722,0.75893894
STATE_C,embedding_0516,14,63,1.02148098,1.04301894,1.03109032,1.05702149,-0.18344491,0.55672155,0.86551043
STATE_C,embedding_0517,14,63,0.1904987,0.25538269,0.23957919,0.24663826,-0.055646,0.48807409,0.84997937
STATE_C,embedding_0518,14,63,-0.80222651,-0.69711149,-0.8018173,-0.72844105,-0.31817774,0.32514871,0.75893894
STATE_C,embedding_0519,14,63,-0.36194846,-0.30566105,-0.31560481,-0.29562399,-0.097467,0.66775418,0.9020155
STATE_C,embedding_0520,14,63,-0.47091006,-0.52595478,-0.48506411,-0.48934511,0.02505594,0.5478898,0.86402334
STATE_C,embedding_0521,14,63,0.20822538,0.10576542,0.19004627,0.10927642,0.38189116,0.22183579,0.75384906
STATE_C,embedding_0522,14,63,0.16718446,0.1153913,0.19297612,0.12780106,0.32942939,0.22687268,0.75395036
STATE_C,embedding_0523,14,63,-0.04310079,0.0029814,-0.04268683,-0.00536297,-0.37024486,0.12070055,0.72459078
STATE_C,embedding_0524,14,63,0.09133939,0.07668652,0.07112412,0.0810719,-0.11207306,0.85849013,0.95140032
STATE_C,embedding_0525,14,63,1.55939317,1.64600372,1.56650679,1.61846585,-0.43866566,0.08967427,0.70999834
STATE_C,embedding_0526,14,63,0.97380704,0.99351192,0.99437712,0.97454147,0.17765393,0.85849013,0.95140032
STATE_C,embedding_0527,14,63,0.60812894,0.64480138,0.67849484,0.63255608,0.20956852,0.65817124,0.9020155
STATE_C,embedding_0528,14,63,-0.11296359,-0.17519082,-0.12559032,-0.16091703,0.19957097,0.61112014,0.89058874
STATE_C,embedding_0529,14,63,-0.40952693,-0.33123112,-0.33670932,-0.33482457,-0.01211062,0.6297627,0.89899211
STATE_C,embedding_0530,14,63,0.54728281,0.36530429,0.52267922,0.39653606,0.80848674,0.00565926,0.48292352
STATE_C,embedding_0531,14,63,-0.40026131,-0.38448426,-0.36663354,-0.40025201,0.15296158,0.99473115,0.99602806
STATE_C,embedding_0532,14,63,0.07414296,0.05133275,0.04739207,0.05726602,-0.08539187,0.99473115,0.99602806
STATE_C,embedding_0533,14,63,0.83369645,0.88841945,0.80483382,0.88346655,-0.62830408,0.08479223,0.70498908
STATE_C,embedding_0534,14,63,-0.66550493,-0.69293112,-0.67495614,-0.68882333,0.12922257,0.53912787,0.86402334
STATE_C,embedding_0535,14,63,-0.80144808,-0.84304309,-0.79217178,-0.83828808,0.37482986,0.14085975,0.72459078
STATE_C,embedding_0536,14,63,1.01304817,0.92566401,1.04855921,0.9470933,0.4624923,0.12070055,0.72459078
STATE_C,embedding_0537,14,63,-0.57688299,-0.60832936,-0.58535744,-0.58808326,0.01799361,0.83779809,0.94761257
STATE_C,embedding_0538,14,63,-0.83877885,-0.90201211,-0.8484493,-0.88254761,0.2684496,0.37979433,0.77989852
STATE_C,embedding_0539,14,63,-1.73457855,-1.72163713,-1.74070212,-1.70716661,-0.22013986,0.69682433,0.90203244
STATE_C,embedding_0540,14,63,-1.10643619,-1.05435359,-1.12431123,-1.05764185,-0.73789062,0.04684757,0.70498908
STATE_C,embedding_0541,14,63,-1.53946263,-1.57545578,-1.57782607,-1.59551626,0.15913871,0.21687953,0.75384906
STATE_C,embedding_0542,14,63,-1.07692879,-1.08885467,-1.0820355,-1.07168501,-0.08228867,0.87927985,0.95921438
STATE_C,embedding_0543,14,63,0.83195379,0.8075043,0.82092396,0.79682488,0.22218275,0.35179982,0.75893894
STATE_C,embedding_0544,14,63,-0.50209603,-0.47922981,-0.50317948,-0.48827233,-0.15347792,0.31869674,0.75893894
STATE_C,embedding_0545,14,63,0.70532194,0.71275681,0.72631731,0.67272824,0.38469973,0.18880879,0.74744923
STATE_C,embedding_0546,14,63,1.62120682,1.60436165,1.61700339,1.59817305,0.12460366,0.66775418,0.9020155
STATE_C,embedding_0547,14,63,-0.46430117,-0.47699618,-0.45457036,-0.47363037,0.14254848,0.47982603,0.84714113
STATE_C,embedding_0548,14,63,-1.09499764,-1.050825,-1.09560513,-1.02894974,-0.37762092,0.2424711,0.75395036
STATE_C,embedding_0549,14,63,0.47327809,0.46470132,0.46638669,0.43752216,0.15091148,0.53912787,0.86402334
STATE_C,embedding_0550,14,63,-0.37422243,-0.29105076,-0.34429288,-0.26507226,-0.41163209,0.13047831,0.72459078
STATE_C,embedding_0551,14,63,-0.56750232,-0.52096176,-0.56990126,-0.48428709,-0.52665502,0.0563353,0.70498908
STATE_C,embedding_0552,14,63,-1.08344907,-0.98413265,-1.05712077,-0.98394984,-0.45094018,0.15567513,0.73348773
STATE_C,embedding_0553,14,63,0.52759111,0.56592828,0.51217356,0.58357804,-0.52869314,0.07567338,0.70498908
STATE_C,embedding_0554,14,63,0.8285259,0.82978094,0.83371845,0.82100697,0.12543096,0.82749305,0.94761257
STATE_C,embedding_0555,14,63,-0.73717484,-0.68436414,-0.73748404,-0.68895443,-0.36572426,0.17164419,0.74602799
STATE_C,embedding_0556,14,63,0.27648339,0.22738832,0.27895022,0.19825737,0.40736616,0.29984722,0.75893894
STATE_C,embedding_0557,14,63,0.37186319,0.41460338,0.37494388,0.3861612,-0.07754974,0.86887366,0.95738159
STATE_C,embedding_0558,14,63,0.63406169,0.61401361,0.63005281,0.59234861,0.23237769,0.6297627,0.89899211
STATE_C,embedding_0559,14,63,0.4137371,0.39578563,0.4004373,0.40058946,-0.00180375,0.45554429,0.82708751
STATE_C,embedding_0560,14,63,-0.51957281,-0.50344849,-0.5215577,-0.49422349,-0.334468,0.31232917,0.75893894
STATE_C,embedding_0561,14,63,-0.63235325,-0.63702297,-0.62710349,-0.62874886,0.01049304,0.9631309,0.98624604
STATE_C,embedding_0562,14,63,-0.06539394,-0.15929686,-0.09930346,-0.16138997,0.48181668,0.02433373,0.70498908
STATE_C,embedding_0563,14,63,-0.87191787,-0.81505793,-0.88503641,-0.83030603,-0.39162504,0.20720705,0.75384906
STATE_C,embedding_0564,14,63,0.82456419,0.80323321,0.79082201,0.76957222,0.16439559,0.84813103,0.95089727
STATE_C,embedding_0565,14,63,-0.19746193,-0.17104681,-0.16650246,-0.16966732,0.02032078,0.92109571,0.9663955
STATE_C,embedding_0566,14,63,-0.33822235,-0.32582846,-0.36261581,-0.32634689,-0.23465377,0.64864413,0.9020155
STATE_C,embedding_0567,14,63,-0.28950426,-0.35324419,-0.31505482,-0.36139803,0.39254674,0.2532802,0.75395036
STATE_C,embedding_0568,14,63,-0.15971081,-0.16809288,-0.15969612,-0.15558768,-0.02984569,0.74625973,0.91117245
STATE_C,embedding_0569,14,63,-0.05783808,-0.07585309,-0.04733523,-0.10114126,0.34371225,0.40911802,0.79949781
STATE_C,embedding_0570,14,63,0.70029899,0.65622526,0.69095229,0.65972417,0.34937587,0.2532802,0.75395036
STATE_C,embedding_0571,14,63,1.06380534,1.12644351,1.07402967,1.11239192,-0.23179942,0.40911802,0.79949781
STATE_C,embedding_0572,14,63,-0.5533177,-0.57005388,-0.52808832,-0.55494836,0.19280187,0.43196986,0.81113167
STATE_C,embedding_0573,14,63,-1.14870268,-1.14828491,-1.16770984,-1.1273849,-0.21966017,0.6773916,0.9020155
STATE_C,embedding_0574,14,63,0.44367233,0.43741927,0.45023603,0.40487702,0.28492676,0.50479708,0.85581492
STATE_C,embedding_0575,14,63,-1.38790494,-1.35950816,-1.4040783,-1.3613813,-0.3903011,0.13387071,0.72459078
STATE_C,embedding_0576,14,63,0.35668322,0.34345043,0.36663006,0.35651179,0.10649449,0.5478898,0.86402334
STATE_C,embedding_0577,14,63,0.19808524,0.21926002,0.19078185,0.22149169,-0.29862835,0.44760675,0.82239709
STATE_C,embedding_0578,14,63,-0.34400117,-0.35239059,-0.33896352,-0.35523569,0.12314583,0.60189153,0.88554156
STATE_C,embedding_0579,14,63,-0.09043119,-0.09374373,-0.08038136,-0.09807816,0.19037538,0.49639803,0.85287178
STATE_C,embedding_0580,14,63,0.24821183,0.28855601,0.24066705,0.29203713,-0.381647,0.22687268,0.75395036
STATE_C,embedding_0581,14,63,-0.96646097,-0.99538213,-0.99555928,-1.00206523,0.08166705,0.68708212,0.9020155
STATE_C,embedding_0582,14,63,-0.63295454,-0.69714415,-0.65529096,-0.70685827,0.41906513,0.22183579,0.75384906
STATE_C,embedding_0583,14,63,-0.25827417,-0.24499528,-0.29629396,-0.2400276,-0.3539094,0.35179982,0.75893894
STATE_C,embedding_0584,14,63,-0.42755273,-0.4299579,-0.42923166,-0.44567443,0.11699216,0.9631309,0.98624604
STATE_C,embedding_0585,14,63,-0.47831348,-0.474563,-0.45175377,-0.44422303,-0.05052628,0.75628115,0.91324516
STATE_C,embedding_0586,14,63,-4.49254584,-4.54890156,-4.47507279,-4.54614956,0.61267476,0.03515747,0.70498908
STATE_C,embedding_0587,14,63,0.15791795,0.27770337,0.19360184,0.29982294,-0.46305786,0.09741903,0.72459078
STATE_C,embedding_0588,14,63,-0.09039778,-0.10195132,-0.09528087,-0.10660622,0.14842606,0.62041093,0.8973175
STATE_C,embedding_0589,14,63,-0.80628702,-0.81077421,-0.78126293,-0.79664449,0.12087519,0.65817124,0.9020155
STATE_C,embedding_0590,14,63,-0.10725385,-0.0982624,-0.10395438,-0.09704691,-0.06581694,0.42427161,0.81054875
STATE_C,embedding_0591,14,63,-0.3648665,-0.34000769,-0.36945202,-0.34758291,-0.14611121,0.53912787,0.86402334
STATE_C,embedding_0592,14,63,-0.21971449,-0.25822288,-0.23157009,-0.27008765,0.30043026,0.40166357,0.7970998
STATE_C,embedding_0593,14,63,0.54640001,0.51179767,0.53965526,0.51959796,0.24522223,0.30604601,0.75893894
STATE_C,embedding_0594,14,63,0.30163787,0.25165156,0.27355509,0.24074939,0.27603766,0.21687953,0.75384906
STATE_C,embedding_0595,14,63,-0.57386601,-0.45239666,-0.56831505,-0.46779371,-0.9804083,0.00085359,0.39959552
STATE_C,embedding_0596,14,63,-0.23809166,-0.24700874,-0.24225672,-0.21733437,-0.14492905,0.56562211,0.8722847
STATE_C,embedding_0597,14,63,0.01316459,-0.02063661,0.02340405,-0.00889106,0.27478804,0.31232917,0.75893894
STATE_C,embedding_0598,14,63,0.21292441,0.16582158,0.19253329,0.17272811,0.15883144,0.2319906,0.75395036
STATE_C,embedding_0599,14,63,-0.44003727,-0.47336268,-0.43763244,-0.46328189,0.31485067,0.2424711,0.75395036
STATE_C,embedding_0600,14,63,-1.36362565,-1.35858119,-1.36076422,-1.34315383,-0.18272855,0.6773916,0.9020155
STATE_C,embedding_0601,14,63,1.259175,1.27008891,1.26133593,1.24645807,0.11753892,0.92109571,0.9663955
STATE_C,embedding_0602,14,63,-0.95858955,-0.94667137,-0.94122913,-0.93253507,-0.09869815,0.83779809,0.94761257
STATE_C,embedding_0603,14,63,0.86743796,0.86413401,0.86351062,0.85858944,0.05007181,0.9526079,0.98333719
STATE_C,embedding_0604,14,63,0.49318713,0.42820707,0.47398606,0.46189021,0.12061971,0.40911802,0.79949781
STATE_C,embedding_0605,14,63,0.52674371,0.51901209,0.54956386,0.51686575,0.25952933,0.51327043,0.85693846
STATE_C,embedding_0606,14,63,-2.81485987,-2.8394599,-2.80860598,-2.8163377,0.06943133,0.77644588,0.92738793
STATE_C,embedding_0607,14,63,0.46910377,0.527394,0.46942596,0.52518874,-0.31901311,0.24783441,0.75395036
STATE_C,embedding_0608,14,63,0.45202023,0.43010989,0.44616537,0.4040556,0.41457417,0.22183579,0.75384906
STATE_C,embedding_0609,14,63,0.26644367,0.24154066,0.23221748,0.21087206,0.11886843,0.80697352,0.94044865
STATE_C,embedding_0610,14,63,-0.31985347,-0.28084955,-0.29306123,-0.26948675,-0.22811583,0.61112014,0.89058874
STATE_C,embedding_0611,14,63,0.67896119,0.73538786,0.69002323,0.7277927,-0.29911454,0.27011541,0.75893894
STATE_C,embedding_0612,14,63,-0.32555717,-0.29685497,-0.3020701,-0.29204908,-0.1001669,0.78658599,0.93081362
STATE_C,embedding_0613,14,63,0.97835958,1.00255585,0.97308486,1.03963631,-0.34633132,0.33168507,0.75893894
STATE_C,embedding_0614,14,63,-0.04882356,-0.08971015,-0.06302822,-0.09029993,0.42782746,0.07352331,0.70498908
STATE_C,embedding_0615,14,63,-0.3922098,-0.43765372,-0.38467508,-0.40173255,0.11578924,0.39429124,0.78858248
STATE_C,embedding_0616,14,63,2.32247579,2.28510475,2.30297762,2.27264052,0.23521453,0.26442044,0.75893894
STATE_C,embedding_0617,14,63,-0.54561839,-0.57889783,-0.54761741,-0.55656283,0.06131192,0.75628115,0.91324516
STATE_C,embedding_0618,14,63,-1.29834354,-1.28157604,-1.27126707,-1.26831737,-0.01949324,0.74625973,0.91117245
STATE_C,embedding_0619,14,63,-0.00432129,-0.00988704,0.01021344,-0.00231294,0.12954226,0.84813103,0.95089727
STATE_C,embedding_0620,14,63,1.45710862,1.43690801,1.44195646,1.43592056,0.04658877,0.61112014,0.89058874
STATE_C,embedding_0621,14,63,-0.39199799,-0.39854127,-0.38984399,-0.39039897,0.00712091,0.9631309,0.98624604
STATE_C,embedding_0622,14,63,0.91867095,0.84899461,0.85025021,0.83223131,0.12899319,0.2532802,0.75395036
STATE_C,embedding_0623,14,63,1.0265249,1.10973573,1.05983944,1.11736959,-0.48436208,0.03874183,0.70498908
STATE_C,embedding_0624,14,63,0.23092922,0.18477564,0.22880935,0.19462971,0.2008031,0.63917419,0.9020155
STATE_C,embedding_0625,14,63,-1.27741033,-1.22410381,-1.26309681,-1.22408848,-0.36996078,0.2319906,0.75395036
STATE_C,embedding_0626,14,63,-0.61441734,-0.5722692,-0.61263089,-0.59879038,-0.10771861,0.65817124,0.9020155
STATE_C,embedding_0627,14,63,0.75099465,0.71905959,0.7565712,0.70503421,0.46541355,0.13047831,0.72459078
STATE_C,embedding_0628,14,63,0.11759508,0.14728647,0.13615294,0.16121122,-0.21257105,0.33830577,0.75893894
STATE_C,embedding_0629,14,63,1.80722809,1.79536259,1.78522408,1.78646494,-0.00665355,0.80697352,0.94044865
STATE_C,embedding_0630,14,63,-0.45145594,-0.4243978,-0.44316171,-0.42681421,-0.13971728,0.64864413,0.9020155
STATE_C,embedding_0631,14,63,-1.76341963,-1.74397159,-1.75642452,-1.71674277,-0.23496115,0.6297627,0.89899211
STATE_C,embedding_0632,14,63,-0.98487702,-0.96879393,-0.97625844,-0.96670855,-0.06716314,0.66775418,0.9020155
STATE_C,embedding_0633,14,63,-0.257103,-0.29892874,-0.2356633,-0.29277786,0.3034057,0.24783441,0.75395036
STATE_C,embedding_0634,14,63,-0.64970443,-0.6029256,-0.63559067,-0.55574601,-0.49876068,0.08243309,0.70498908
STATE_C,embedding_0635,14,63,-0.57893723,-0.55353916,-0.56565665,-0.55502812,-0.11067449,0.72634665,0.90557504
STATE_C,embedding_0636,14,63,1.0582369,1.03485203,1.08549898,1.02568163,0.42849752,0.12715299,0.72459078
STATE_C,embedding_0637,14,63,-0.00462227,0.05494165,-0.0019516,0.04269322,-0.39387094,0.13387071,0.72459078
STATE_C,embedding_0638,14,63,0.00844654,0.0883957,0.01723493,0.04454552,-0.19724386,0.33168507,0.75893894
STATE_C,embedding_0639,14,63,0.30502619,0.33330414,0.2825823,0.33043848,-0.4338144,0.21687953,0.75384906
STATE_C,embedding_0640,14,63,-0.52633759,-0.56949472,-0.54152806,-0.56387185,0.15509206,0.44760675,0.82239709
STATE_C,embedding_0641,14,63,0.68046093,0.63575578,0.6889584,0.64016764,0.49611263,0.07567338,0.70498908
STATE_C,embedding_0642,14,63,0.22356068,0.33149281,0.23003719,0.32357423,-0.75114829,0.00982303,0.5915088
STATE_C,embedding_0643,14,63,0.1823423,0.18211125,0.18127072,0.18005303,0.01424652,0.94209314,0.97773991
STATE_C,embedding_0644,14,63,-1.2347666,-1.16818762,-1.21271609,-1.18711477,-0.15781438,0.53043671,0.85763241
STATE_C,embedding_0645,14,63,0.66538975,0.69022578,0.6504523,0.68790408,-0.22219266,0.33168507,0.75893894
STATE_C,embedding_0646,14,63,0.17345442,0.15762366,0.17030751,0.16287098,0.06648027,0.70661679,0.90203244
STATE_C,embedding_0647,14,63,0.48644724,0.44950065,0.46844964,0.45232646,0.17818716,0.29373272,0.75893894
STATE_C,embedding_0648,14,63,0.56499347,0.60709751,0.55329578,0.61540683,-0.36381906,0.16351275,0.74602799
STATE_C,embedding_0649,14,63,-0.0685886,-0.13942379,-0.08772749,-0.13114546,0.29874155,0.28175622,0.75893894
STATE_C,embedding_0650,14,63,0.47113857,0.51071829,0.48930844,0.51260515,-0.19261565,0.28175622,0.75893894
STATE_C,embedding_0651,14,63,0.77213255,0.73647588,0.74455014,0.7275619,0.07740966,0.83779809,0.94761257
STATE_C,embedding_0652,14,63,-0.18547452,-0.21110243,-0.23849507,-0.20156328,-0.22860794,0.52181727,0.85763241
STATE_C,embedding_0653,14,63,-0.20432204,-0.23885538,-0.20664064,-0.2322377,0.20060708,0.44760675,0.82239709
STATE_C,embedding_0654,14,63,0.58582795,0.63089812,0.64168745,0.64004067,0.01174993,0.73628105,0.90619206
STATE_C,embedding_0655,14,63,-0.22199662,-0.14310637,-0.20041148,-0.1489281,-0.3018224,0.16754141,0.74602799
STATE_C,embedding_0656,14,63,-0.39963913,-0.41341066,-0.41551264,-0.3942191,-0.13514891,0.92109571,0.9663955
STATE_C,embedding_0657,14,63,0.34058264,0.37214863,0.34770358,0.36331123,-0.16417928,0.69682433,0.90203244
STATE_C,embedding_0658,14,63,0.49065799,0.52246833,0.49479331,0.50471104,-0.06507412,0.53043671,0.85763241
STATE_C,embedding_0659,14,63,-0.26084189,-0.27819499,-0.24348428,-0.25024027,0.05078296,0.72634665,0.90557504
STATE_C,embedding_0660,14,63,-0.75480485,-0.76884341,-0.6931721,-0.74557649,0.20311579,0.69682433,0.90203244
STATE_C,embedding_0661,14,63,0.03609484,0.04175359,0.07214127,0.04508993,0.14141099,0.84813103,0.95089727
STATE_C,embedding_0662,14,63,-0.06883416,-0.09008628,-0.07939066,-0.08607907,0.06137703,0.9526079,0.98333719
STATE_C,embedding_0663,14,63,4.48626924,4.5935359,4.45421215,4.60265468,-0.48426046,0.09741903,0.72459078
STATE_C,embedding_0664,14,63,-0.62575373,-0.62317932,-0.6066863,-0.62748473,0.17400458,0.73628105,0.90619206
STATE_C,embedding_0665,14,63,-0.20658349,-0.25124285,-0.20035625,-0.2512807,0.27497737,0.38700138,0.78628852
STATE_C,embedding_0666,14,63,1.09664053,1.0511533,1.11571001,0.99219743,0.47832665,0.10287287,0.72459078
STATE_C,embedding_0667,14,63,-0.24291296,-0.24011773,-0.20113007,-0.24228209,0.2197876,0.5478898,0.86402334
STATE_C,embedding_0668,14,63,0.97247761,0.95669156,1.0213109,0.95119227,0.31244817,0.28175622,0.75893894
STATE_C,embedding_0669,14,63,0.67842117,0.65715671,0.68120563,0.64690834,0.30699635,0.30604601,0.75893894
STATE_C,embedding_0670,14,63,-0.43828066,-0.48447192,-0.44391216,-0.47397161,0.25588427,0.31232917,0.75893894
STATE_C,embedding_0671,14,63,-0.76889279,-0.771281,-0.78174415,-0.75488371,-0.21660419,0.70661679,0.90203244
STATE_C,embedding_0672,14,63,0.02580848,0.05143132,0.02016029,0.06532643,-0.36330182,0.14085975,0.72459078
STATE_C,embedding_0673,14,63,1.79136819,1.70756817,1.75862757,1.67045943,0.36490501,0.2532802,0.75395036
STATE_C,embedding_0674,14,63,0.54972255,0.59598732,0.56584594,0.57883087,-0.09981844,0.59272629,0.88391027
STATE_C,embedding_0675,14,63,0.11603931,0.14839821,0.12426155,0.12535944,-0.00840637,0.58362556,0.88233156
STATE_C,embedding_0676,14,63,0.10011106,0.09940035,0.13349068,0.10356104,0.23216456,0.35867292,0.76730029
STATE_C,embedding_0677,14,63,-0.04074103,-0.0222079,0.00210538,-0.00733286,0.07076584,0.86887366,0.95738159
STATE_C,embedding_0678,14,63,0.48556313,0.48795414,0.48083002,0.46844421,0.10388331,0.99473115,0.99602806
STATE_C,embedding_0679,14,63,1.62754619,1.56306922,1.64860584,1.54109096,0.54429298,0.02605411,0.70498908
STATE_C,embedding_0680,14,63,0.68403697,0.65787703,0.68399645,0.65929794,0.22904738,0.46356045,0.83375744
STATE_C,embedding_0681,14,63,0.22446574,0.27574039,0.22601396,0.28514797,-0.34673986,0.17164419,0.74602799
STATE_C,embedding_0682,14,63,-0.24752606,-0.27077737,-0.26818796,-0.27142481,0.02696275,0.93158847,0.97209232
STATE_C,embedding_0683,14,63,-1.92085326,-1.93950903,-1.91726696,-1.92747533,0.0685205,0.61112014,0.89058874
STATE_C,embedding_0684,14,63,-0.27834956,-0.31544936,-0.24955566,-0.29105746,0.29728206,0.19329131,0.74973599
STATE_C,embedding_0685,14,63,0.03352511,0.03157844,0.05660055,0.03181173,0.20245388,0.57459047,0.87730712
STATE_C,embedding_0686,14,63,-0.22169682,-0.29982468,-0.21294466,-0.30436087,0.43737102,0.15186484,0.72895123
STATE_C,embedding_0687,14,63,-0.04773054,-0.05168938,-0.05561749,-0.03280132,-0.24059955,0.71645806,0.90203244
STATE_C,embedding_0688,14,63,0.71382812,0.6797694,0.69710751,0.67360403,0.28097359,0.22687268,0.75395036
STATE_C,embedding_0689,14,63,0.13156527,0.1749081,0.15811068,0.17123437,-0.09251062,0.49639803,0.85287178
STATE_C,embedding_0690,14,63,0.06822864,0.06584898,0.09377483,0.06592651,0.17386104,0.81721763,0.94096423
STATE_C,embedding_0691,14,63,-1.73603982,-1.74543619,-1.78849821,-1.7491376,-0.26253758,0.75628115,0.91324516
STATE_C,embedding_0692,14,63,2.0133487,2.02921605,1.99636676,2.00300113,-0.05290366,0.82749305,0.94761257
STATE_C,embedding_0693,14,63,0.07854871,0.09407826,0.0815526,0.10419825,-0.12742214,0.71645806,0.90203244
STATE_C,embedding_0694,14,63,-1.19793612,-1.16812146,-1.19123183,-1.16983855,-0.34341709,0.33830577,0.75893894
STATE_C,embedding_0695,14,63,-1.16968167,-1.11096132,-1.185992,-1.12816,-0.48932813,0.02045724,0.70498908
STATE_C,embedding_0696,14,63,-0.24764817,-0.34331471,-0.251835,-0.33437074,0.8697697,0.00156092,0.39959552
STATE_C,embedding_0697,14,63,0.15689799,0.12578376,0.1588115,0.13792501,0.17357949,0.58362556,0.88233156
STATE_C,embedding_0698,14,63,-1.23623395,-1.24672604,-1.25514521,-1.22711316,-0.22355589,0.6773916,0.9020155
STATE_C,embedding_0699,14,63,-0.08754475,-0.01204759,-0.02374649,-0.00554053,-0.13510646,0.47982603,0.84714113
STATE_C,embedding_0700,14,63,-0.46412551,-0.47730052,-0.47250485,-0.48060616,0.12437578,0.43196986,0.81113167
STATE_C,embedding_0701,14,63,-0.32841481,-0.28388521,-0.33268122,-0.31590913,-0.1025257,0.5478898,0.86402334
STATE_C,embedding_0702,14,63,-0.84061217,-0.78134865,-0.81667969,-0.77398852,-0.27995923,0.34501072,0.75893894
STATE_C,embedding_0703,14,63,0.04226167,0.07492946,0.02309128,0.05581699,-0.36166507,0.02433373,0.70498908
STATE_C,embedding_0704,14,63,-1.2829743,-1.27515137,-1.26209531,-1.25948919,-0.03031945,0.90015314,0.9663955
STATE_C,embedding_0705,14,63,0.010946,0.00963514,-0.00420751,0.00453065,-0.08721898,0.98419437,0.99064387
STATE_C,embedding_0706,14,63,-0.66295901,-0.6449911,-0.6533918,-0.64773917,-0.06172286,0.69682433,0.90203244
STATE_C,embedding_0707,14,63,1.2186538,1.24653125,1.23102318,1.24251931,-0.09695604,0.34501072,0.75893894
STATE_C,embedding_0708,14,63,0.41050063,0.4246569,0.39544685,0.37677118,0.09796479,0.99473115,0.99602806
STATE_C,embedding_0709,14,63,0.53463858,0.59195739,0.52093224,0.59147382,-0.4020123,0.29984722,0.75893894
STATE_C,embedding_0710,14,63,-0.69646046,-0.66752696,-0.68872375,-0.64704942,-0.29211275,0.37979433,0.77989852
STATE_C,embedding_0711,14,63,1.46872729,1.46511996,1.46491477,1.46849684,-0.02563512,0.83779809,0.94761257
STATE_C,embedding_0712,14,63,-0.72596768,-0.71257907,-0.71707142,-0.71425002,-0.02908907,0.66775418,0.9020155
STATE_C,embedding_0713,14,63,-0.9198758,-0.97532916,-0.93076305,-0.99487681,0.41232726,0.18880879,0.74744923
STATE_C,embedding_0714,14,63,-0.13914665,-0.10257106,-0.12824007,-0.09333527,-0.25643931,0.29373272,0.75893894
STATE_C,embedding_0715,14,63,-0.5219402,-0.47804815,-0.5014161,-0.47197078,-0.24018133,0.34501072,0.75893894
STATE_C,embedding_0716,14,63,0.08244044,0.08606957,0.08134052,0.09449048,-0.10322584,0.6773916,0.9020155
STATE_C,embedding_0717,14,63,-0.1410392,-0.13299891,-0.15576151,-0.14663316,-0.12095432,0.48807409,0.84997937
STATE_C,embedding_0718,14,63,1.05546367,0.98738569,1.02458018,0.99382498,0.28022185,0.17164419,0.74602799
STATE_C,embedding_0719,14,63,0.20640393,0.1658942,0.18867448,0.17453093,0.11360551,0.74625973,0.91117245
STATE_C,embedding_0720,14,63,0.41215393,0.36608523,0.37104536,0.35098042,0.16389238,0.43196986,0.81113167
STATE_C,embedding_0721,14,63,0.3487616,0.31234899,0.34741747,0.29645788,0.38180816,0.2424711,0.75395036
STATE_C,embedding_0722,14,63,-0.05537581,-0.08741713,-0.04949947,-0.10496582,0.64426979,0.08012745,0.70498908
STATE_C,embedding_0723,14,63,-0.43020311,-0.37398908,-0.40901167,-0.37482954,-0.36660112,0.08720568,0.70498908
STATE_C,embedding_0724,14,63,-0.72310108,-0.6322217,-0.70766675,-0.65068887,-0.47505274,0.1115058,0.72459078
STATE_C,embedding_0725,14,63,-1.0198099,-1.02168024,-1.01334399,-1.02305544,0.10963355,0.73628105,0.90619206
STATE_C,embedding_0726,14,63,-0.61339125,-0.55333525,-0.58860108,-0.56237918,-0.19463419,0.57459047,0.87730712
STATE_C,embedding_0727,14,63,1.05239004,1.05711436,1.07255087,1.05138594,0.14350858,0.73628105,0.90619206
STATE_C,embedding_0728,14,63,0.00735115,-0.02178343,-0.01058934,-0.00942508,-0.0104433,0.79676242,0.93708046
STATE_C,embedding_0729,14,63,1.34332681,1.34944224,1.35795039,1.33770023,0.19702757,0.75628115,0.91324516
STATE_C,embedding_0730,14,63,-0.41152643,-0.42521265,-0.41738322,-0.41813724,0.00742198,0.92109571,0.9663955
STATE_C,embedding_0731,14,63,0.15325502,0.13662389,0.14897079,0.1100399,0.19996665,0.43974841,0.81576517
STATE_C,embedding_0732,14,63,-0.28929916,-0.32188338,-0.31358609,-0.32219155,0.08535858,0.1844034,0.74744923
STATE_C,embedding_0733,14,63,-1.1627723,-1.14177895,-1.17161077,-1.14050678,-0.30733572,0.28175622,0.75893894
STATE_C,embedding_0734,14,63,-0.04621288,-0.11792975,-0.10555017,-0.11080074,0.04220224,0.6773916,0.9020155
STATE_C,embedding_0735,14,63,-0.64866528,-0.7215898,-0.64055044,-0.7206842,0.48983468,0.10287287,0.72459078
STATE_C,embedding_0736,14,63,-0.47202164,-0.52880311,-0.47498415,-0.54135042,0.36622544,0.08967427,0.70999834
STATE_C,embedding_0737,14,63,0.56715769,0.57755923,0.62334389,0.57577299,0.25445023,0.58362556,0.88233156
STATE_C,embedding_0738,14,63,0.08797308,0.05858817,0.07895696,0.07237783,0.05151875,0.97366034,0.98911527
STATE_C,embedding_0739,14,63,-1.03085786,-0.9830302,-1.02910665,-0.96264199,-0.31659112,0.07787449,0.70498908
STATE_C,embedding_0740,14,63,-0.25060204,-0.26650405,-0.26104108,-0.25239416,-0.09010484,0.91061666,0.9663955
STATE_C,embedding_0741,14,63,0.85413787,0.82650834,0.81059579,0.82153257,-0.06392356,0.80697352,0.94044865
STATE_C,embedding_0742,14,63,-0.65314075,-0.67202598,-0.63297412,-0.66391064,0.29711425,0.29984722,0.75893894
STATE_C,embedding_0743,14,63,-0.81643602,-0.77643579,-0.80668995,-0.76403923,-0.34695084,0.18880879,0.74744923
STATE_C,embedding_0744,14,63,0.73227584,0.69752121,0.74686121,0.66334372,0.4310316,0.13733095,0.72459078
STATE_C,embedding_0745,14,63,-0.09995348,-0.07343584,-0.08615297,-0.06527748,-0.21877151,0.42427161,0.81054875
STATE_C,embedding_0746,14,63,0.05140878,0.06557597,0.06988065,0.04886355,0.14238826,0.83779809,0.94761257
STATE_C,embedding_0747,14,63,1.43811494,1.4614011,1.44214917,1.47339176,-0.26187181,0.38700138,0.78628852
STATE_C,embedding_0748,14,63,0.80577096,0.79840159,0.80984523,0.78297375,0.22158966,0.50479708,0.85581492
STATE_C,embedding_0749,14,63,0.68961707,0.71655214,0.67944254,0.71229472,-0.18444871,0.28770243,0.75893894
STATE_C,embedding_0750,14,63,0.03902369,0.00821702,0.01723518,-0.03151078,0.27749027,0.6297627,0.89899211
STATE_C,embedding_0751,14,63,0.56898454,0.57460225,0.57423837,0.55414729,0.14695567,0.84813103,0.95089727
STATE_C,embedding_0752,14,63,1.22074062,1.1830343,1.18490973,1.19023202,-0.05279739,0.86887366,0.95738159
STATE_C,embedding_0753,14,63,0.22414888,0.27710724,0.21769793,0.28795352,-0.50427063,0.02193797,0.70498908
STATE_C,embedding_0754,14,63,-0.24745595,-0.30560768,-0.27952326,-0.31008133,0.30566923,0.2319906,0.75395036
STATE_C,embedding_0755,14,63,-0.03425703,-0.07044316,-0.04267522,-0.07320694,0.26856931,0.3726704,0.77774692
STATE_C,embedding_0756,14,63,0.53748137,0.48170739,0.52759968,0.49600369,0.26034858,0.30604601,0.75893894
STATE_C,embedding_0757,14,63,0.36916035,0.438797,0.37292617,0.43641135,-0.31792618,0.27011541,0.75893894
STATE_C,embedding_0758,14,63,0.10308957,0.04806037,0.11780086,0.06525038,0.33549631,0.20720705,0.75384906
STATE_C,embedding_0759,14,63,0.63716403,0.65012109,0.64424962,0.65567138,-0.13866115,0.45554429,0.82708751
STATE_C,embedding_0760,14,63,-0.10006438,-0.08643968,-0.05478918,-0.03746327,-0.07549865,0.83779809,0.94761257
STATE_C,embedding_0761,14,63,0.76273119,0.78332633,0.75092802,0.77259898,-0.25138381,0.29373272,0.75893894
STATE_C,embedding_0762,14,63,-0.3532833,-0.40217644,-0.37310533,-0.37970963,0.06139717,0.85849013,0.95140032
STATE_C,embedding_0763,14,63,0.2279163,0.1544221,0.2264354,0.1630763,0.35110632,0.18880879,0.74744923
STATE_C,embedding_0764,14,63,-0.20914435,-0.28200579,-0.21699441,-0.27421649,0.46702552,0.04000363,0.70498908
STATE_C,embedding_0765,14,63,2.17053783,2.31213188,2.16102551,2.26712556,-0.59570286,0.00909635,0.5915088
STATE_C,embedding_0766,14,63,-1.04890168,-1.05150652,-1.0510805,-1.02665108,-0.21658398,0.59272629,0.88391027
STATE_C,embedding_0767,14,63,-1.21240485,-1.18974268,-1.1947675,-1.17778299,-0.16486846,0.57459047,0.87730712
STATE_D,embedding_0000,31,46,-0.46829563,-0.49426745,-0.45952457,-0.47380381,0.15347008,0.31618408,0.50907625
STATE_D,embedding_0001,31,46,0.82716435,0.96311355,0.84394734,0.89487837,-0.23963781,0.0433584,0.15781636
STATE_D,embedding_0002,31,46,0.87447733,0.85606652,0.87517712,0.86313628,0.14321266,0.5434327,0.7134296
STATE_D,embedding_0003,31,46,-0.73921138,-0.71707618,-0.72031904,-0.73252805,0.07784377,0.91315343,0.96200526
STATE_D,embedding_0004,31,46,0.6023016,0.60403761,0.59728591,0.57789522,0.18739069,0.68160035,0.81792042
STATE_D,embedding_0005,31,46,-0.4046222,-0.41044295,-0.38108409,-0.38933834,0.05489124,0.98756925,0.99014776
STATE_D,embedding_0006,31,46,1.16046548,1.1874873,1.18774396,1.16800897,0.14412076,0.92964765,0.96556599
STATE_D,embedding_0007,31,46,0.42678827,0.42430361,0.40706759,0.42970171,-0.21946767,0.48323319,0.66748757
STATE_D,embedding_0008,31,46,-0.70123458,-0.62010777,-0.72809691,-0.63501816,-0.69158076,0.00872417,0.07613821
STATE_D,embedding_0009,31,46,1.00026441,0.96347067,0.99227213,0.96265852,0.32489844,0.25975413,0.45236093
STATE_D,embedding_0010,31,46,-0.16459838,-0.19758784,-0.1781417,-0.17090053,-0.04873578,0.47677524,0.66094474
STATE_D,embedding_0011,31,46,0.4232243,0.44274652,0.40971543,0.44367756,-0.27560772,0.21071035,0.38900372
STATE_D,embedding_0012,31,46,-0.4343625,-0.55546638,-0.44049455,-0.53719285,0.60519675,0.01212716,0.08544641
STATE_D,embedding_0013,31,46,-0.48253858,-0.52928004,-0.47115569,-0.50135853,0.21517644,0.13608968,0.30207189
STATE_D,embedding_0014,31,46,1.33032215,1.5429498,1.37769262,1.52725699,-0.69682317,0.00125922,0.03719542
STATE_D,embedding_0015,31,46,-0.46163353,-0.47220412,-0.47337882,-0.45795947,-0.11521727,0.73568545,0.848358
STATE_D,embedding_0016,31,46,-0.41927382,-0.53618219,-0.40066963,-0.49357299,0.52134057,0.00156263,0.04000333
STATE_D,embedding_0017,31,46,0.94814229,0.9466458,0.93626831,0.93828389,-0.02242285,0.5713374,0.73994456
STATE_D,embedding_0018,31,46,0.43033013,0.41641955,0.43789447,0.42784618,0.09969674,0.63649762,0.78463912
STATE_D,embedding_0019,31,46,0.85410935,0.8538506,0.86860105,0.84353239,0.245143,0.50953333,0.68652912
STATE_D,embedding_0020,31,46,0.80758262,0.75781435,0.83288234,0.78010003,0.44454132,0.04022787,0.15294557
STATE_D,embedding_0021,31,46,-0.72671497,-0.8330707,-0.72381545,-0.81613078,0.75150462,0.00021314,0.02393383
STATE_D,embedding_0022,31,46,-0.00198649,-0.08818842,0.03469139,-0.10429581,0.62776445,0.01143241,0.08442395
STATE_D,embedding_0023,31,46,1.7213068,1.6988647,1.70178603,1.67198112,0.31731544,0.17197982,0.34576048
STATE_D,embedding_0024,31,46,-0.86966515,-0.84786132,-0.86892377,-0.83945343,-0.38372153,0.03824911,0.14987406
STATE_D,embedding_0025,31,46,0.20147458,0.20997384,0.21996922,0.19874294,0.19408867,0.60714802,0.76440931
STATE_D,embedding_0026,31,46,1.00248635,0.98395324,1.0019096,0.99504431,0.08654502,0.71232681,0.8390598
STATE_D,embedding_0027,31,46,-3.91174197,-3.71807849,-3.95244861,-3.77548779,-0.57470872,0.00222133,0.04610761
STATE_D,embedding_0028,31,46,0.12640247,0.1401322,0.12034034,0.14153965,-0.186956,0.52973932,0.70387508
STATE_D,embedding_0029,31,46,-0.50252771,-0.4443312,-0.47731232,-0.43292123,-0.39092715,0.03729117,0.14686984
STATE_D,embedding_0030,31,46,1.20709765,1.14195085,1.21220394,1.15961154,0.43489947,0.0553177,0.18078295
STATE_D,embedding_0031,31,46,0.84339654,0.8511121,0.82727024,0.82186454,0.03697187,0.98756925,0.99014776
STATE_D,embedding_0032,31,46,1.19357014,1.23989165,1.19786984,1.22075759,-0.17346419,0.06523204,0.20119762
STATE_D,embedding_0033,31,46,0.38639286,0.34758127,0.39561104,0.36854766,0.27528714,0.27773343,0.47085933
STATE_D,embedding_0034,31,46,-1.4452399,-1.56048989,-1.47209912,-1.53597155,0.36719736,0.01864168,0.10846068
STATE_D,embedding_0035,31,46,4.50283718,4.53990626,4.53452786,4.56376942,-0.17818969,0.44520524,0.63084433
STATE_D,embedding_0036,31,46,0.47110423,0.51372856,0.47377771,0.52714069,-0.34806549,0.24259715,0.42929634
STATE_D,embedding_0037,31,46,-0.41742149,-0.44720642,-0.40479995,-0.43795463,0.25669501,0.20694828,0.38576767
STATE_D,embedding_0038,31,46,-0.30225441,-0.20398681,-0.31564448,-0.19997299,-0.56132573,0.04555782,0.16198336
STATE_D,embedding_0039,31,46,-0.27186111,-0.30919534,-0.27736751,-0.2984343,0.23622765,0.16240444,0.33709895
STATE_D,embedding_0040,31,46,-0.04402526,-0.11678498,-0.06243903,-0.11874966,0.44472449,0.05940123,0.18851299
STATE_D,embedding_0041,31,46,1.10303009,1.17510563,1.12453328,1.17373809,-0.33587598,0.04229277,0.15767402
STATE_D,embedding_0042,31,46,0.7693724,0.59939992,0.80876307,0.63243917,0.76755344,0.00053218,0.02848987
STATE_D,embedding_0043,31,46,0.14966011,0.2110239,0.14884172,0.21505723,-0.45868871,0.0553177,0.18078295
STATE_D,embedding_0044,31,46,-0.03832065,0.05818889,-0.03831745,0.03374041,-0.56783773,0.00582084,0.06296345
STATE_D,embedding_0045,31,46,-0.65970856,-0.71661431,-0.64284136,-0.68204643,0.34728503,0.09344961,0.24833668
STATE_D,embedding_0046,31,46,-0.08690372,-0.06480872,-0.09988011,-0.06782119,-0.3160468,0.25975413,0.45236093
STATE_D,embedding_0047,31,46,0.40506038,0.37347957,0.415882,0.39693501,0.1680741,0.30625867,0.5004397
STATE_D,embedding_0048,31,46,-0.08697367,-0.12021416,-0.06205656,-0.10623318,0.31597285,0.09549685,0.24946116
STATE_D,embedding_0049,31,46,-0.27065814,-0.21157824,-0.25272783,-0.20606288,-0.29851483,0.15323692,0.32331306
STATE_D,embedding_0050,31,46,0.11271051,0.07762932,0.11427827,0.0924742,0.19664182,0.36893935,0.55997119
STATE_D,embedding_0051,31,46,-1.00895989,-1.01857269,-1.0049071,-0.98677379,-0.11688773,0.89669655,0.94987993
STATE_D,embedding_0052,31,46,-0.18138485,-0.2373316,-0.18808284,-0.23566518,0.43897615,0.033661,0.13898735
STATE_D,embedding_0053,31,46,-0.87900305,-0.84214693,-0.85026611,-0.83461473,-0.1366166,0.60714802,0.76440931
STATE_D,embedding_0054,31,46,0.08580686,0.15677856,0.09098946,0.13871123,-0.3558173,0.10854504,0.26548596
STATE_D,embedding_0055,31,46,-0.348297,-0.34719118,-0.34326986,-0.36577255,0.21222643,0.3857769,0.57641373
STATE_D,embedding_0056,31,46,-0.41192752,-0.40652905,-0.40768044,-0.39469856,-0.08446827,0.8720965,0.93674142
STATE_D,embedding_0057,31,46,0.12693305,0.10170931,0.12149095,0.1084493,0.07856961,0.72008434,0.84046318
STATE_D,embedding_0058,31,46,-0.84414798,-0.92634869,-0.81707829,-0.91719271,0.77431175,0.00254972,0.04895462
STATE_D,embedding_0059,31,46,1.29810691,1.24747282,1.31138306,1.17838893,0.47425251,0.06831991,0.20495973
STATE_D,embedding_0060,31,46,1.02759182,1.03179413,1.02580993,1.041796,-0.12517983,0.45142221,0.63613258
STATE_D,embedding_0061,31,46,-0.60535675,-0.60767809,-0.59135259,-0.59518609,0.02270218,0.78312315,0.88316972
STATE_D,embedding_0062,31,46,-0.03992927,-0.11276997,-0.0348014,-0.13913682,0.58108806,0.0319622,0.13413645
STATE_D,embedding_0063,31,46,0.23597711,0.25976557,0.24883128,0.26184579,-0.12150835,0.40894365,0.59822614
STATE_D,embedding_0064,31,46,-1.68087697,-1.74078429,-1.68929206,-1.7348673,0.32780226,0.27773343,0.47085933
STATE_D,embedding_0065,31,46,-0.61222625,-0.69045785,-0.58030737,-0.6671943,0.56775709,0.04022787,0.15294557
STATE_D,embedding_0066,31,46,0.02082619,-0.01697413,-0.00666659,-0.00461998,-0.01703715,0.65139314,0.7953417
STATE_D,embedding_0067,31,46,1.18478882,1.14476353,1.20812009,1.15313228,0.32328416,0.21838239,0.3993278
STATE_D,embedding_0068,31,46,0.62694812,0.71071082,0.64541422,0.69267076,-0.34084705,0.0433584,0.15781636
STATE_D,embedding_0069,31,46,0.21079668,0.19357921,0.2233552,0.18971223,0.37768546,0.13071569,0.2926812
STATE_D,embedding_0070,31,46,-0.80450398,-0.81851837,-0.80177837,-0.78935734,-0.06919042,0.65139314,0.7953417
STATE_D,embedding_0071,31,46,1.52919853,1.48232752,1.54214077,1.47111707,0.40083359,0.13071569,0.2926812
STATE_D,embedding_0072,31,46,-3.91098189,-3.85992205,-3.85049283,-3.85915206,0.05526232,0.83138135,0.91214411
STATE_D,embedding_0073,31,46,-0.33824843,-0.21950698,-0.31518854,-0.23604514,-0.47140768,0.02519729,0.12094699
STATE_D,embedding_0074,31,46,-0.00628605,-0.0986977,-0.00541005,-0.07828321,0.39828987,0.029552,0.13195312
STATE_D,embedding_0075,31,46,-0.11427229,0.05069078,-0.11942788,0.052312,-0.88565298,0.00059727,0.02848987
STATE_D,embedding_0076,31,46,-0.64630914,-0.65647614,-0.70266027,-0.63403812,-0.48692175,0.18197151,0.35470589
STATE_D,embedding_0077,31,46,0.89861846,0.86817056,0.86291425,0.83008997,0.17261771,0.43291887,0.62146111
STATE_D,embedding_0078,31,46,-0.00652122,0.00484452,-0.05187315,-0.03969917,-0.05206463,0.57841863,0.74659749
STATE_D,embedding_0079,31,46,-0.51507705,-0.48479924,-0.48911966,-0.50394769,0.1088791,0.93790655,0.96556599
STATE_D,embedding_0080,31,46,0.9943105,1.09029454,1.01033786,1.07823606,-0.48028122,0.08008674,0.22696168
STATE_D,embedding_0081,31,46,0.45583963,0.45135555,0.45664213,0.45280301,0.04401103,0.96271982,0.97929645
STATE_D,embedding_0082,31,46,0.40620384,0.64048535,0.40741602,0.58494161,-0.79447129,0.00021314,0.02393383
STATE_D,embedding_0083,31,46,-0.33574444,-0.32516623,-0.31673324,-0.32763635,0.10568426,0.79912657,0.89204826
STATE_D,embedding_0084,31,46,0.28779885,0.27858371,0.30663676,0.30350575,0.02175108,0.61442872,0.7672866
STATE_D,embedding_0085,31,46,-1.11836243,-1.04928505,-1.09995376,-1.03673998,-0.50922997,0.06831991,0.20495973
STATE_D,embedding_0086,31,46,-0.47539064,-0.48610735,-0.42840322,-0.48986162,0.27593006,0.42083104,0.60865958
STATE_D,embedding_0087,31,46,-0.56533492,-0.53541851,-0.58590254,-0.55163966,-0.26871343,0.17859419,0.35169317
STATE_D,embedding_0088,31,46,0.1950358,0.19450322,0.18354509,0.21512271,-0.21566963,0.689235,0.82450542
STATE_D,embedding_0089,31,46,-1.00933874,-0.97766289,-1.01290477,-0.99650971,-0.14448555,0.27773343,0.47085933
STATE_D,embedding_0090,31,46,0.18888287,0.13711452,0.19772159,0.13693528,0.3376349,0.20323521,0.38069425
STATE_D,embedding_0091,31,46,-0.44889748,-0.45022194,-0.45398629,-0.43391206,-0.11163802,0.80716049,0.89840472
STATE_D,embedding_0092,31,46,0.09083089,0.0860972,0.08391945,0.0866866,-0.01883186,0.95444352,0.97475083
STATE_D,embedding_0093,31,46,-1.01367998,-1.01179725,-1.07289095,-1.02910572,-0.19555637,0.63649762,0.78463912
STATE_D,embedding_0094,31,46,0.67560565,0.77205411,0.67389595,0.75457607,-0.66442479,0.00421541,0.0567971
STATE_D,embedding_0095,31,46,-0.95727503,-0.9740926,-0.96123302,-0.96847184,0.07130355,0.52973932,0.70387508
STATE_D,embedding_0096,31,46,0.78290695,0.69590181,0.77388214,0.71577452,0.49290511,0.0148624,0.09511936
STATE_D,embedding_0097,31,46,0.11423437,0.17810045,0.11932275,0.17845483,-0.63558028,0.00703072,0.07012458
STATE_D,embedding_0098,31,46,0.17891365,0.23342755,0.14536208,0.22046667,-0.57036922,0.04124937,0.15529175
STATE_D,embedding_0099,31,46,-2.63284326,-2.59534752,-2.64115451,-2.59597546,-0.40128448,0.08751846,0.24005063
STATE_D,embedding_0100,31,46,-0.63445246,-0.59171686,-0.62018729,-0.59820549,-0.18157147,0.46400231,0.65146942
STATE_D,embedding_0101,31,46,0.30562153,0.34736405,0.30417966,0.33727202,-0.36892625,0.03453897,0.14109537
STATE_D,embedding_0102,31,46,1.71014047,1.80093288,1.74402699,1.78030986,-0.17861656,0.18197151,0.35470589
STATE_D,embedding_0103,31,46,0.36214057,0.22337806,0.3345496,0.22437734,0.5830815,0.02026206,0.1110872
STATE_D,embedding_0104,31,46,-0.60262251,-0.83654419,-0.62423476,-0.81182162,0.6959996,0.00072244,0.02848987
STATE_D,embedding_0105,31,46,-1.09550548,-1.06128097,-1.10843362,-1.06506925,-0.59744675,0.01812734,0.10709075
STATE_D,embedding_0106,31,46,-0.85089672,-0.80543035,-0.88788458,-0.82217028,-0.40219997,0.13071569,0.2926812
STATE_D,embedding_0107,31,46,0.33901787,0.37610823,0.35270119,0.36061986,-0.07282446,0.73568545,0.848358
STATE_D,embedding_0108,31,46,-0.31029022,-0.33452788,-0.31108779,-0.33515687,0.17243365,0.65139314,0.7953417
STATE_D,embedding_0109,31,46,-0.76965058,-0.81277505,-0.75075899,-0.78531992,0.23615921,0.23843535,0.42388507
STATE_D,embedding_0110,31,46,0.07073992,0.01926701,0.05324719,0.00496611,0.53548273,0.03635372,0.14541488
STATE_D,embedding_0111,31,46,-0.58796799,-0.56133786,-0.59322495,-0.54129853,-0.46964654,0.09344961,0.24833668
STATE_D,embedding_0112,31,46,0.91628397,0.94352108,0.94061701,0.94381518,-0.02423175,0.83949191,0.91451034
STATE_D,embedding_0113,31,46,-1.79926479,-1.88948375,-1.80147237,-1.846625,0.24076862,0.21452164,0.39320434
STATE_D,embedding_0114,31,46,-0.39225599,-0.4499765,-0.38311294,-0.44486654,0.60583283,0.03033743,0.13313798
STATE_D,embedding_0115,31,46,-1.01864016,-1.00213104,-1.03198356,-0.9757025,-0.41415345,0.20323521,0.38069425
STATE_D,embedding_0116,31,46,-0.16676804,-0.24021007,-0.15503781,-0.21053986,0.44338056,0.01970878,0.1110872
STATE_D,embedding_0117,31,46,-0.11430475,-0.12619341,-0.12475592,-0.12606336,0.00737122,0.95444352,0.97475083
STATE_D,embedding_0118,31,46,-0.44186416,-0.41460755,-0.43096014,-0.40555199,-0.16176588,0.52973932,0.70387508
STATE_D,embedding_0119,31,46,-0.03895215,-0.05157902,-0.05437949,-0.05741732,0.04152557,0.98756925,0.99014776
STATE_D,embedding_0120,31,46,1.27668762,1.18965983,1.24548273,1.21507956,0.22583205,0.19957088,0.37751339
STATE_D,embedding_0121,31,46,-0.3324461,-0.33989979,-0.32334309,-0.30168131,-0.17473257,0.78312315,0.88316972
STATE_D,embedding_0122,31,46,-0.36220983,-0.29880694,-0.34810763,-0.29042529,-0.44381618,0.09143773,0.24726823
STATE_D,embedding_0123,31,46,-0.56193089,-0.58805901,-0.56978155,-0.59274068,0.18483624,0.5028888,0.68357274
STATE_D,embedding_0124,31,46,0.09109429,0.09218453,0.11897324,0.09834884,0.11743413,0.97100013,0.98510978
STATE_D,embedding_0125,31,46,1.17757118,1.09011817,1.20325378,1.09636185,0.41346937,0.1502702,0.31880529
STATE_D,embedding_0126,31,46,0.05699597,0.14850733,0.03003991,0.11940672,-0.5546438,0.00546138,0.05991914
STATE_D,embedding_0127,31,46,-0.38612208,-0.39108019,-0.37054099,-0.40237154,0.31636816,0.18539598,0.35955584
STATE_D,embedding_0128,31,46,0.2435275,0.24684604,0.21288191,0.23941554,-0.21702427,0.67399816,0.81260689
STATE_D,embedding_0129,31,46,-0.69061863,-0.84587884,-0.7050935,-0.79162459,0.44997829,0.00292196,0.05067217
STATE_D,embedding_0130,31,46,0.80042225,0.69517404,0.80451804,0.70901682,0.54640715,0.01143241,0.08442395
STATE_D,embedding_0131,31,46,0.43990126,0.52770916,0.44811847,0.50672951,-0.43306138,0.06226018,0.19437324
STATE_D,embedding_0132,31,46,0.62908345,0.6518715,0.62532366,0.64462758,-0.13921123,0.62174762,0.771409
STATE_D,embedding_0133,31,46,-0.1374647,-0.09720043,-0.14365868,-0.09849263,-0.41548042,0.10185471,0.25731716
STATE_D,embedding_0134,31,46,9.44638157,9.48729277,9.49369824,9.49387024,-0.00065456,0.93790655,0.96556599
STATE_D,embedding_0135,31,46,-0.24935012,-0.18559757,-0.2533686,-0.21299547,-0.21055018,0.28703372,0.48026557
STATE_D,embedding_0136,31,46,0.13219096,-0.04239097,0.09409464,-0.01132664,0.74011606,0.00077902,0.02848987
STATE_D,embedding_0137,31,46,-0.50463301,-0.53482851,-0.49166687,-0.53823547,0.31508306,0.17526373,0.34691377
STATE_D,embedding_0138,31,46,2.43913102,2.44802511,2.38042446,2.436334,-0.3631602,0.23843535,0.42388507
STATE_D,embedding_0139,31,46,0.36668372,0.39373253,0.37616165,0.39355981,-0.12605905,0.40894365,0.59822614
STATE_D,embedding_0140,31,46,-0.95892018,-0.99913171,-0.96527712,-0.99187256,0.14345185,0.36342997,0.55600442
STATE_D,embedding_0141,31,46,0.87147582,0.91703337,0.86355632,0.8344511,0.10250448,0.60714802,0.76440931
STATE_D,embedding_0142,31,46,-1.71973586,-1.75090951,-1.70409937,-1.75720038,0.28621193,0.29654198,0.48872155
STATE_D,embedding_0143,31,46,0.33738601,0.31563675,0.31731365,0.30406279,0.10543479,0.47677524,0.66094474
STATE_D,embedding_0144,31,46,0.53705317,0.4333303,0.53781574,0.45293871,0.58459402,0.01143241,0.08442395
STATE_D,embedding_0145,31,46,-1.9626689,-1.9624083,-1.95881624,-1.93481391,-0.16551246,0.47677524,0.66094474
STATE_D,embedding_0146,31,46,0.35174617,0.4096317,0.32181507,0.39353499,-0.56087033,0.01444103,0.09319925
STATE_D,embedding_0147,31,46,-0.30516639,-0.36802055,-0.30755959,-0.36351789,0.38566454,0.13883986,0.30640521
STATE_D,embedding_0148,31,46,-1.38943815,-1.48214471,-1.38185052,-1.4444628,0.44488872,0.01285906,0.08977962
STATE_D,embedding_0149,31,46,-0.71514833,-0.64756867,-0.74490511,-0.60658499,-0.5654032,0.03114072,0.13360935
STATE_D,embedding_0150,31,46,0.79214448,0.8852663,0.74082094,0.85871949,-0.69647968,0.00018841,0.02393383
STATE_D,embedding_0151,31,46,-0.7074005,-0.73616004,-0.70801284,-0.72745297,0.26485441,0.32122509,0.51182753
STATE_D,embedding_0152,31,46,-0.01842896,-0.05172728,-0.00370571,-0.04609114,0.34894742,0.17197982,0.34576048
STATE_D,embedding_0153,31,46,0.31546509,0.19342862,0.30828702,0.199832,0.49716121,0.02082885,0.1110872
STATE_D,embedding_0154,31,46,1.23972702,1.22699064,1.23175553,1.2139931,0.11883463,0.5028888,0.68357274
STATE_D,embedding_0155,31,46,0.6717298,0.55537656,0.64100684,0.53193021,0.67776054,0.00927078,0.07824131
STATE_D,embedding_0156,31,46,-0.69023073,-0.72731689,-0.66510195,-0.7444549,0.35184157,0.28235761,0.47554966
STATE_D,embedding_0157,31,46,-1.54127705,-1.47399408,-1.60935856,-1.48485727,-0.62924716,0.00899377,0.07760916
STATE_D,embedding_0158,31,46,0.33358401,0.30986801,0.33505823,0.30354537,0.35823288,0.19957088,0.37751339
STATE_D,embedding_0159,31,46,2.16701794,2.15965939,2.1418788,2.1644897,-0.17881264,0.45142221,0.63613258
STATE_D,embedding_0160,31,46,0.58846349,0.59139764,0.61567834,0.58163757,0.27242415,0.53656404,0.70926193
STATE_D,embedding_0161,31,46,1.49629569,1.4340933,1.456076,1.41342179,0.29930598,0.22625311,0.40598689
STATE_D,embedding_0162,31,46,0.76167321,0.71426994,0.7390011,0.70260286,0.25208995,0.25975413,0.45236093
STATE_D,embedding_0163,31,46,0.23626852,0.38465539,0.26425465,0.3672215,-0.66773242,0.00093895,0.03118016
STATE_D,embedding_0164,31,46,1.44932818,1.43960071,1.48189906,1.45009839,0.16228318,0.39725843,0.58672014
STATE_D,embedding_0165,31,46,0.8231402,0.78515434,0.81714345,0.78331811,0.30891081,0.16874218,0.34284125
STATE_D,embedding_0166,31,46,-0.67238414,-0.6388813,-0.67075446,-0.62960568,-0.32759533,0.31618408,0.50907625
STATE_D,embedding_0167,31,46,0.38266858,0.33525351,0.37180119,0.3434697,0.3076499,0.07485635,0.21942625
STATE_D,embedding_0168,31,46,-0.22425321,-0.26657502,-0.22209542,-0.26647019,0.40773859,0.07831123,0.22441427
STATE_D,embedding_0169,31,46,-0.2442593,-0.22917232,-0.25238226,-0.24108684,-0.07841841,0.58554085,0.75074353
STATE_D,embedding_0170,31,46,1.45108533,1.37828368,1.43890272,1.35606925,0.60639296,0.00369462,0.05533976
STATE_D,embedding_0171,31,46,0.33141834,0.31892577,0.32037259,0.28614514,0.21120171,0.44520524,0.63084433
STATE_D,embedding_0172,31,46,-0.14753206,-0.28612323,-0.13696973,-0.26620344,0.73393059,0.00193212,0.0449657
STATE_D,embedding_0173,31,46,0.01392429,0.0842051,0.01768863,0.08826645,-0.60308336,0.03114072,0.13360935
STATE_D,embedding_0174,31,46,-0.82011396,-0.74942967,-0.83952518,-0.71979172,-0.51643314,0.04903276,0.16962685
STATE_D,embedding_0175,31,46,0.21811962,0.30885673,0.21565615,0.30965709,-0.54001112,0.04669233,0.16299868
STATE_D,embedding_0176,31,46,0.4904646,0.48224437,0.50851564,0.47661559,0.37415965,0.20323521,0.38069425
STATE_D,embedding_0177,31,46,1.28575051,1.21684355,1.2734051,1.2157645,0.34711382,0.09969901,0.25522947
STATE_D,embedding_0178,31,46,-0.94254982,-1.01365572,-0.94907712,-1.0101057,0.52365222,0.033661,0.13898735
STATE_D,embedding_0179,31,46,1.01939809,1.05119544,1.01300111,1.00144422,0.04808208,0.8232887,0.90715312
STATE_D,embedding_0180,31,46,-0.45620912,-0.43485798,-0.45340274,-0.4551769,0.01146688,0.91315343,0.96200526
STATE_D,embedding_0181,31,46,-0.24076866,-0.16981918,-0.22208214,-0.17378626,-0.59171253,0.0214094,0.11339599
STATE_D,embedding_0182,31,46,-0.05335225,-0.15003724,-0.04137041,-0.1342033,0.66117128,0.01143241,0.08442395
STATE_D,embedding_0183,31,46,0.7175737,0.72791135,0.70564647,0.70983082,-0.03161652,0.78312315,0.88316972
STATE_D,embedding_0184,31,46,2.50190949,2.66623223,2.50813115,2.60444292,-0.53102671,0.00034588,0.02393383
STATE_D,embedding_0185,31,46,0.70950657,0.67191663,0.70284129,0.67864197,0.15487472,0.53656404,0.70926193
STATE_D,embedding_0186,31,46,-1.10459626,-0.90710476,-1.08976326,-0.95797383,-0.76369473,0.0002409,0.02393383
STATE_D,embedding_0187,31,46,0.60118377,0.60359493,0.59625344,0.5898789,0.05447217,0.66642912,0.80601191
STATE_D,embedding_0188,31,46,0.17610291,0.05333757,0.15373043,0.07005237,0.52986039,0.02082885,0.1110872
STATE_D,embedding_0189,31,46,1.13941419,1.0310818,1.11838426,1.03214369,0.79924388,0.00069561,0.02848987
STATE_D,embedding_0190,31,46,1.1865567,1.23002195,1.19173556,1.22010248,-0.14234424,0.34191102,0.53263218
STATE_D,embedding_0191,31,46,0.08078129,0.15864579,0.06396239,0.14694102,-0.61910142,0.06676128,0.20346295
STATE_D,embedding_0192,31,46,0.12655455,0.14960127,0.1183356,0.14196176,-0.25747705,0.11319519,0.27252008
STATE_D,embedding_0193,31,46,0.37733611,0.38697405,0.39020192,0.38164403,0.05515044,0.8720965,0.93674142
STATE_D,embedding_0194,31,46,-0.05771951,-0.11344183,-0.0776153,-0.10161177,0.19842509,0.32122509,0.51182753
STATE_D,embedding_0195,31,46,0.05394358,-0.05461707,0.04613385,-0.01606149,0.37908621,0.04555782,0.16198336
STATE_D,embedding_0196,31,46,-0.70156449,-0.73376331,-0.68759169,-0.7070169,0.10222602,0.28703372,0.48026557
STATE_D,embedding_0197,31,46,-0.10294233,-0.10051853,-0.07520172,-0.11891926,0.36634803,0.30625867,0.5004397
STATE_D,embedding_0198,31,46,-0.65323812,-0.68258327,-0.66756927,-0.67821148,0.11420576,0.48973835,0.67404848
STATE_D,embedding_0199,31,46,-0.96317607,-0.9317669,-0.97505621,-0.94452751,-0.29208149,0.23432419,0.41948946
STATE_D,embedding_0200,31,46,0.16085508,0.09744452,0.1588769,0.11069806,0.3888948,0.05940123,0.18851299
STATE_D,embedding_0201,31,46,-1.67258036,-1.66939545,-1.66238374,-1.64950301,-0.14064409,0.66642912,0.80601191
STATE_D,embedding_0202,31,46,0.56054097,0.57682508,0.5630895,0.57353902,-0.1054114,0.40307567,0.59189697
STATE_D,embedding_0203,31,46,-0.04884243,-0.08590183,-0.04312684,-0.07939125,0.51477107,0.04124937,0.15529175
STATE_D,embedding_0204,31,46,0.27369639,0.25529963,0.28746838,0.25624464,0.38714687,0.10854504,0.26548596
STATE_D,embedding_0205,31,46,0.16512018,0.21906251,0.16082641,0.21201856,-0.40762495,0.07831123,0.22441427
STATE_D,embedding_0206,31,46,-0.53128934,-0.58429974,-0.53360595,-0.56591212,0.3086632,0.19238748,0.3684628
STATE_D,embedding_0207,31,46,-0.99315482,-0.98208693,-0.983602,-0.96169137,-0.14468751,0.67399816,0.81260689
STATE_D,embedding_0208,31,46,-1.29300427,-1.33000976,-1.2577586,-1.31811861,0.43002998,0.10854504,0.26548596
STATE_D,embedding_0209,31,46,-0.23586145,-0.24087889,-0.23530378,-0.23734054,0.01944057,0.92964765,0.96556599
STATE_D,embedding_0210,31,46,8.14984226,8.13578844,8.22202275,8.23607624,-0.03023619,0.72008434,0.84046318
STATE_D,embedding_0211,31,46,-0.56611925,-0.64273244,-0.54754819,-0.63169633,0.59547914,0.01812734,0.10709075
STATE_D,embedding_0212,31,46,-0.4728438,-0.52077338,-0.47491494,-0.51161231,0.46369653,0.0280335,0.12815314
STATE_D,embedding_0213,31,46,0.26050636,0.29015282,0.26669317,0.28093427,-0.15838955,0.36893935,0.55997119
STATE_D,embedding_0214,31,46,-0.480077,-0.52934617,-0.48128623,-0.51436293,0.39711481,0.0765679,0.22274298
STATE_D,embedding_0215,31,46,-0.23087057,-0.22764915,-0.20946507,-0.22052355,0.13042175,0.77515526,0.88064976
STATE_D,embedding_0216,31,46,-0.86992091,-0.80514389,-0.85535839,-0.8338904,-0.2418276,0.16555049,0.33814568
STATE_D,embedding_0217,31,46,-0.83955979,-0.84723309,-0.84008578,-0.84834301,0.11407759,0.59990609,0.76027702
STATE_D,embedding_0218,31,46,0.32039514,0.27437402,0.32839531,0.2998818,0.28264788,0.18197151,0.35470589
STATE_D,embedding_0219,31,46,-2.73708177,-2.83051884,-2.72771952,-2.81832616,0.88613078,0.00029481,0.02393383
STATE_D,embedding_0220,31,46,-0.70446497,-0.68788207,-0.72308899,-0.63930511,-0.4308201,0.18539598,0.35955584
STATE_D,embedding_0221,31,46,0.32647774,0.30772486,0.34567061,0.31517729,0.34708659,0.12296521,0.28530901
STATE_D,embedding_0222,31,46,-0.41310388,-0.3595143,-0.40412493,-0.37319293,-0.33274324,0.06676128,0.20346295
STATE_D,embedding_0223,31,46,-0.17188844,-0.22471843,-0.18298799,-0.22881395,0.43344107,0.03635372,0.14541488
STATE_D,embedding_0224,31,46,-0.02199708,-0.03530144,-0.02005047,-0.03234911,0.15322566,0.49629034,0.67941351
STATE_D,embedding_0225,31,46,0.15446067,0.16102643,0.14974512,0.17414576,-0.23690592,0.22229281,0.40075323
STATE_D,embedding_0226,31,46,-0.46295294,-0.46428488,-0.44183654,-0.43870058,-0.02364461,0.5713374,0.73994456
STATE_D,embedding_0227,31,46,-0.13932191,-0.17788731,-0.14501378,-0.18016178,0.27086779,0.25538812,0.44780383
STATE_D,embedding_0228,31,46,-1.4319365,-1.45096749,-1.39860711,-1.50144379,0.40072049,0.16555049,0.33814568
STATE_D,embedding_0229,31,46,0.19188461,0.23897691,0.13915747,0.24437127,-0.66273526,0.0280335,0.12815314
STATE_D,embedding_0230,31,46,1.31558943,1.33024782,1.32724495,1.31251834,0.08578061,0.91315343,0.96200526
STATE_D,embedding_0231,31,46,-0.2975224,-0.28082664,-0.28837385,-0.28616835,-0.02513933,0.75139635,0.86001848
STATE_D,embedding_0232,31,46,-0.08387551,-0.14276981,-0.10090429,-0.13307964,0.24839275,0.31119527,0.50421512
STATE_D,embedding_0233,31,46,0.17780805,0.20332264,0.17590114,0.17307443,0.01599636,0.66642912,0.80601191
STATE_D,embedding_0234,31,46,-0.1093974,-0.13684554,-0.12422752,-0.14253545,0.14947894,0.69690143,0.83108742
STATE_D,embedding_0235,31,46,-0.01067164,0.12731313,0.01934672,0.10325557,-0.59495578,0.00846182,0.07613821
STATE_D,embedding_0236,31,46,-1.04117346,-0.99987134,-1.03631969,-1.00281125,-0.28386986,0.15624798,0.32608274
STATE_D,embedding_0237,31,46,0.98976064,1.06901795,1.01002642,1.05730035,-0.30422636,0.17197982,0.34576048
STATE_D,embedding_0238,31,46,-0.74736875,-0.74370253,-0.75282024,-0.76055979,0.10442251,0.97928357,0.98570089
STATE_D,embedding_0239,31,46,-0.9038251,-0.81938079,-0.90526992,-0.84227138,-0.50316874,0.01444103,0.09319925
STATE_D,embedding_0240,31,46,-0.12940755,-0.09180524,-0.13868693,-0.09234987,-0.30897628,0.28235761,0.47554966
STATE_D,embedding_0241,31,46,-1.5128932,-1.52140731,-1.5076808,-1.50769123,0.00014961,0.90491989,0.95727063
STATE_D,embedding_0242,31,46,0.60930467,0.61308095,0.62934141,0.60342539,0.25472353,0.39149212,0.58268595
STATE_D,embedding_0243,31,46,-0.74444312,-0.74398762,-0.73963889,-0.74498985,0.0722043,0.92139631,0.96539204
STATE_D,embedding_0244,31,46,0.40765199,0.3761178,0.41225072,0.38101677,0.20235114,0.52973932,0.70387508
STATE_D,embedding_0245,31,46,0.20539443,0.20462739,0.19628731,0.24431468,-0.25372151,0.66642912,0.80601191
STATE_D,embedding_0246,31,46,-0.31921774,-0.3822751,-0.33240202,-0.34935269,0.12223649,0.22229281,0.40075323
STATE_D,embedding_0247,31,46,0.75153953,0.71180749,0.75994986,0.7256202,0.34745168,0.11800089,0.27884518
STATE_D,embedding_0248,31,46,-0.47306597,-0.35015108,-0.47729468,-0.36248987,-0.7055088,0.00495968,0.05771264
STATE_D,embedding_0249,31,46,-0.56824642,-0.52397147,-0.56614851,-0.51323072,-0.36897659,0.12046304,0.28292237
STATE_D,embedding_0250,31,46,0.22617742,0.27268177,0.23860815,0.26072084,-0.2777103,0.08008674,0.22696168
STATE_D,embedding_0251,31,46,-0.9844411,-1.02008384,-0.9795662,-1.01795338,0.30123141,0.02261291,0.11501136
STATE_D,embedding_0252,31,46,-1.13583601,-1.1759243,-1.11995553,-1.15280438,0.17970133,0.16555049,0.33814568
STATE_D,embedding_0253,31,46,-1.17857826,-1.15397459,-1.18890724,-1.12925772,-0.43456325,0.10185471,0.25731716
STATE_D,embedding_0254,31,46,0.66859967,0.70780584,0.67077684,0.69228956,-0.16719078,0.05940123,0.18851299
STATE_D,embedding_0255,31,46,0.32603365,0.36704513,0.33155553,0.37666985,-0.31582179,0.2686405,0.46259171
STATE_D,embedding_0256,31,46,1.10845256,1.14279681,1.10642991,1.1585552,-0.32846258,0.11319519,0.27252008
STATE_D,embedding_0257,31,46,0.34228969,0.29417151,0.34895868,0.2885814,0.50985335,0.0433584,0.15781636
STATE_D,embedding_0258,31,46,0.22179529,0.16504605,0.2454246,0.16633358,0.71164698,0.01143241,0.08442395
STATE_D,embedding_0259,31,46,-0.3976534,-0.42374676,-0.35082046,-0.42337409,0.53673168,0.04669233,0.16299868
STATE_D,embedding_0260,31,46,0.73234493,0.70465088,0.74214359,0.72568388,0.10208137,0.74352755,0.85355629
STATE_D,embedding_0261,31,46,1.20885754,1.13408178,1.19601212,1.13637263,0.37841649,0.13071569,0.2926812
STATE_D,embedding_0262,31,46,-0.37687153,-0.42140265,-0.36843543,-0.40803416,0.2771823,0.32631832,0.51566352
STATE_D,embedding_0263,31,46,0.6711396,0.62960291,0.71912666,0.6449928,0.35656186,0.19595506,0.37343297
STATE_D,embedding_0264,31,46,-0.92038089,-0.86630192,-0.89989918,-0.84628776,-0.32998139,0.06226018,0.19437324
STATE_D,embedding_0265,31,46,0.59117669,0.54536593,0.61626063,0.57248893,0.28677201,0.16555049,0.33814568
STATE_D,embedding_0266,31,46,2.82833266,2.85726845,2.82372159,2.84639293,-0.12063892,0.38011294,0.5712852
STATE_D,embedding_0267,31,46,1.21985257,1.23146194,1.2254896,1.23518151,-0.10075857,0.59270352,0.75614004
STATE_D,embedding_0268,31,46,0.93270761,0.84962666,0.91280218,0.83935893,0.51303448,0.02082885,0.1110872
STATE_D,embedding_0269,31,46,1.02132654,1.00484961,1.04599545,1.00965205,0.19126239,0.48323319,0.66748757
STATE_D,embedding_0270,31,46,0.16592349,0.11237194,0.15386858,0.11597352,0.21580674,0.47036483,0.65919743
STATE_D,embedding_0271,31,46,0.59253544,0.47494785,0.58841884,0.50070717,0.4147523,0.14734748,0.31698281
STATE_D,embedding_0272,31,46,0.1121075,0.16197454,0.1316052,0.12504696,0.03729935,0.7278708,0.84314446
STATE_D,embedding_0273,31,46,-0.81954509,-0.8085756,-0.78214511,-0.8143712,0.21874472,0.40307567,0.59189697
STATE_D,embedding_0274,31,46,0.6033603,0.58852401,0.60053436,0.6134828,-0.09717788,0.97928357,0.98570089
STATE_D,embedding_0275,31,46,-0.11535703,-0.09294645,-0.11117284,-0.10276986,-0.06192145,0.5028888,0.68357274
STATE_D,embedding_0276,31,46,-0.05482236,0.05648603,0.01532651,0.07054861,-0.27076843,0.2686405,0.46259171
STATE_D,embedding_0277,31,46,0.95287842,1.01245511,0.95372045,1.01830965,-0.38833755,0.05801311,0.18720197
STATE_D,embedding_0278,31,46,-0.67066973,-0.67009699,-0.6517857,-0.65865769,0.04808324,0.79111385,0.88567848
STATE_D,embedding_0279,31,46,0.03364752,-0.01423326,0.04520017,-0.02940426,0.53677893,0.02387478,0.11829568
STATE_D,embedding_0280,31,46,0.38896987,0.38710198,0.37956569,0.39475335,-0.09185766,0.72008434,0.84046318
STATE_D,embedding_0281,31,46,0.51045775,0.43706463,0.46891303,0.47531576,-0.04320038,0.93790655,0.96556599
STATE_D,embedding_0282,31,46,0.73048186,0.72620547,0.69826281,0.6930521,0.02223454,0.83949191,0.91451034
STATE_D,embedding_0283,31,46,0.2280544,0.26145266,0.23049104,0.26740208,-0.31597311,0.24680978,0.43574692
STATE_D,embedding_0284,31,46,-0.98259586,-1.00842947,-0.98061314,-0.97640395,-0.0245074,0.65139314,0.7953417
STATE_D,embedding_0285,31,46,0.05449364,0.03528679,0.08491744,0.02177409,0.39414065,0.23843535,0.42388507
STATE_D,embedding_0286,31,46,0.83106488,0.75008255,0.84667635,0.7635305,0.75411187,0.00077902,0.02848987
STATE_D,embedding_0287,31,46,0.10132451,0.10265758,0.08086246,0.10579106,-0.29579974,0.47677524,0.66094474
STATE_D,embedding_0288,31,46,-0.68129092,-0.61676374,-0.65215295,-0.61235743,-0.43418307,0.04022787,0.15294557
STATE_D,embedding_0289,31,46,-4.49897337,-4.51928043,-4.5028527,-4.53014386,0.16044752,0.58554085,0.75074353
STATE_D,embedding_0290,31,46,-2.01562548,-1.96841931,-2.07034704,-1.95636871,-0.44016799,0.11085087,0.26855984
STATE_D,embedding_0291,31,46,-0.2306525,-0.26562843,-0.2362313,-0.24262617,0.05635408,0.3472128,0.53761982
STATE_D,embedding_0292,31,46,-0.85348839,-0.77225685,-0.84578298,-0.78373442,-0.55726141,0.0064001,0.06553702
STATE_D,embedding_0293,31,46,0.39688167,0.35674551,0.41633112,0.35358598,0.62502272,0.02261291,0.11501136
STATE_D,embedding_0294,31,46,0.85594618,0.88710657,0.83265749,0.88861429,-0.45018946,0.11085087,0.26855984
STATE_D,embedding_0295,31,46,0.07046846,0.08130537,0.08772549,0.07343142,0.10103386,0.79111385,0.88567848
STATE_D,embedding_0296,31,46,0.961178,0.92368463,0.97984988,0.93101943,0.29225701,0.27316109,0.46932375
STATE_D,embedding_0297,31,46,0.37784609,0.37333296,0.39759567,0.35364602,0.41423844,0.33146373,0.52164784
STATE_D,embedding_0298,31,46,-0.88362038,-0.78041098,-0.85144145,-0.77290587,-0.3617266,0.11085087,0.26855984
STATE_D,embedding_0299,31,46,-4.22055054,-4.02104545,-4.20471817,-4.0602221,-0.64184515,0.00795819,0.07453524
STATE_D,embedding_0300,31,46,0.39676926,0.32221241,0.40641288,0.33135893,0.61608846,0.022004,0.11495967
STATE_D,embedding_0301,31,46,0.68564951,0.69944105,0.68245613,0.71047611,-0.25701362,0.3472128,0.53761982
STATE_D,embedding_0302,31,46,-0.38766855,-0.30357012,-0.3922081,-0.31963086,-0.53606026,0.04555782,0.16198336
STATE_D,embedding_0303,31,46,0.37715796,0.39651738,0.39063435,0.39292195,-0.02112065,0.88848429,0.94640213
STATE_D,embedding_0304,31,46,-0.00022103,0.00972937,0.02315807,0.00828611,0.09976697,0.45142221,0.63613258
STATE_D,embedding_0305,31,46,0.22928008,0.23636371,0.22319588,0.21975915,0.03806515,0.88028399,0.94289833
STATE_D,embedding_0306,31,46,0.84259641,0.86930221,0.83803012,0.85197608,-0.09535185,0.42685002,0.61504843
STATE_D,embedding_0307,31,46,1.05655456,1.07197642,1.09671307,1.099674,-0.02540589,0.69690143,0.83108742
STATE_D,embedding_0308,31,46,-0.94746262,-1.01260376,-0.95426593,-1.00369176,0.60295636,0.00323299,0.05067217
STATE_D,embedding_0309,31,46,0.15237463,0.11804222,0.11507367,0.13059271,-0.12395927,0.78312315,0.88316972
STATE_D,embedding_0310,31,46,0.35781378,0.42628041,0.33848877,0.41529777,-0.48365463,0.07485635,0.21942625
STATE_D,embedding_0311,31,46,-0.59831697,-0.58200383,-0.59513078,-0.58090095,-0.09414422,0.81521481,0.90474707
STATE_D,embedding_0312,31,46,0.32602867,0.28572993,0.31141082,0.28607326,0.17577703,0.49629034,0.67941351
STATE_D,embedding_0313,31,46,-1.12281215,-1.06571645,-1.12604521,-1.06165299,-0.4368385,0.10404736,0.26028786
STATE_D,embedding_0314,31,46,-0.69602233,-0.66351745,-0.6912977,-0.66765457,-0.1682837,0.2686405,0.46259171
STATE_D,embedding_0315,31,46,-0.57803291,-0.45523714,-0.55379727,-0.50262961,-0.2269006,0.09549685,0.24946116
STATE_D,embedding_0316,31,46,-0.78289479,-0.79511526,-0.80450646,-0.79478499,-0.08099872,0.50953333,0.68652912
STATE_D,embedding_0317,31,46,-0.01613413,0.09981494,-0.00770468,0.07585979,-0.6808468,0.00421541,0.0567971
STATE_D,embedding_0318,31,46,0.85663271,0.80914074,0.87920323,0.82270692,0.46985559,0.04229277,0.15767402
STATE_D,embedding_0319,31,46,-0.35651523,-0.33724697,-0.37213597,-0.30649888,-0.26329441,0.29654198,0.48872155
STATE_D,embedding_0320,31,46,-0.04519446,-0.15368062,0.0103218,-0.12119175,0.66274806,0.00795819,0.07453524
STATE_D,embedding_0321,31,46,0.22183217,0.22652671,0.11109775,0.21689743,-0.48889726,0.20694828,0.38576767
STATE_D,embedding_0322,31,46,-0.44561741,-0.41149174,-0.4564747,-0.42261297,-0.28926741,0.34191102,0.53263218
STATE_D,embedding_0323,31,46,0.20255339,0.31958927,0.2151602,0.28603358,-0.5300111,0.00872417,0.07613821
STATE_D,embedding_0324,31,46,0.61527902,0.62890989,0.61410035,0.61174835,0.0328459,0.7278708,0.84314446
STATE_D,embedding_0325,31,46,1.72237837,1.64843863,1.70509903,1.65365722,0.46801776,0.03729117,0.14686984
STATE_D,embedding_0326,31,46,-0.79378808,-0.79191884,-0.76532391,-0.76554671,0.0012263,0.95444352,0.97475083
STATE_D,embedding_0327,31,46,-0.53200549,-0.58053508,-0.47017643,-0.61660528,0.65403013,0.01529457,0.09628057
STATE_D,embedding_0328,31,46,-0.13482581,-0.14940224,-0.11139803,-0.16787332,0.22805555,0.34191102,0.53263218
STATE_D,embedding_0329,31,46,-0.17405285,-0.16793495,-0.20446046,-0.20420016,-0.00183103,0.81521481,0.90474707
STATE_D,embedding_0330,31,46,-0.16643621,-0.05656964,-0.17216105,-0.09267862,-0.57702003,0.00083969,0.02931281
STATE_D,embedding_0331,31,46,0.73048049,0.85556597,0.72520543,0.81312472,-0.4005449,0.05665207,0.18435928
STATE_D,embedding_0332,31,46,0.31761041,0.26005313,0.30191028,0.28330842,0.12721627,0.3857769,0.57641373
STATE_D,embedding_0333,31,46,0.04504868,0.0125539,0.07323491,-0.01819732,0.54533266,0.10854504,0.26548596
STATE_D,embedding_0334,31,46,1.42791891,1.42806631,1.41513803,1.43082922,-0.18259591,0.52295901,0.70092935
STATE_D,embedding_0335,31,46,-0.94773567,-0.95542365,-0.98420586,-0.94419148,-0.19297124,0.59990609,0.76027702
STATE_D,embedding_0336,31,46,-0.04946255,-0.08424109,-0.04147623,-0.08086891,0.35922716,0.13883986,0.30640521
STATE_D,embedding_0337,31,46,0.0224872,0.02831979,-0.00187564,0.04692261,-0.25745328,0.52973932,0.70387508
STATE_D,embedding_0338,31,46,-0.80626774,-0.81501132,-0.77436682,-0.84138646,0.471581,0.17526373,0.34691377
STATE_D,embedding_0339,31,46,0.95735812,0.98258555,0.95845734,0.981043,-0.15503934,0.3857769,0.57641373
STATE_D,embedding_0340,31,46,0.71510756,0.70107403,0.71502756,0.70012605,0.2112986,0.51622354,0.69432518
STATE_D,embedding_0341,31,46,-0.87642974,-0.77000383,-0.89977384,-0.79111788,-0.92079452,8.445e-05,0.02393383
STATE_D,embedding_0342,31,46,-1.12867701,-1.07969725,-1.12531842,-1.058692,-0.56486883,0.0392279,0.1521567
STATE_D,embedding_0343,31,46,1.1063714,1.11890125,1.09501082,1.11335246,-0.17394023,0.36893935,0.55997119
STATE_D,embedding_0344,31,46,-0.70040512,-0.6865347,-0.68876234,-0.69248696,0.02284497,0.6588939,0.8019501
STATE_D,embedding_0345,31,46,0.70322293,0.66772804,0.69635666,0.65680744,0.41253024,0.0392279,0.1521567
STATE_D,embedding_0346,31,46,-1.00234485,-0.96138766,-1.01069072,-0.94675629,-0.41129202,0.08751846,0.24005063
STATE_D,embedding_0347,31,46,0.69427031,0.66141239,0.66286551,0.66016908,0.01792564,0.97928357,0.98570089
STATE_D,embedding_0348,31,46,1.06914771,1.13576579,1.06582944,1.12148953,-0.36452812,0.06831991,0.20495973
STATE_D,embedding_0349,31,46,-2.51197052,-2.45963228,-2.52263404,-2.42565019,-0.29042283,0.29654198,0.48872155
STATE_D,embedding_0350,31,46,-0.66411316,-0.63918284,-0.6626633,-0.62395156,-0.26470724,0.32122509,0.51182753
STATE_D,embedding_0351,31,46,0.21537016,0.19547787,0.20773352,0.20716513,0.00612033,0.97928357,0.98570089
STATE_D,embedding_0352,31,46,0.53355283,0.57985309,0.51798435,0.54813811,-0.22176383,0.14734748,0.31698281
STATE_D,embedding_0353,31,46,0.67228168,0.69871461,0.64021656,0.66706357,-0.18916678,0.29176182,0.48605874
STATE_D,embedding_0354,31,46,-0.68336147,-0.72897238,-0.68887683,-0.70737077,0.13103738,0.09757985,0.25148096
STATE_D,embedding_0355,31,46,0.90151507,0.87477601,0.93092972,0.87368375,0.51066161,0.07485635,0.21942625
STATE_D,embedding_0356,31,46,0.42112273,0.31153803,0.43347335,0.3350129,0.65742212,0.00725301,0.07141425
STATE_D,embedding_0357,31,46,-0.22411963,-0.16137033,-0.21853949,-0.1674519,-0.34243033,0.1502702,0.31880529
STATE_D,embedding_0358,31,46,0.60838163,0.56519923,0.65474624,0.5674,0.64370114,0.01665815,0.10153539
STATE_D,embedding_0359,31,46,0.49954543,0.4797893,0.5241406,0.45154422,0.4263319,0.18886787,0.36353515
STATE_D,embedding_0360,31,46,0.43913159,0.42165376,0.41910445,0.43081389,-0.10322223,0.71232681,0.8390598
STATE_D,embedding_0361,31,46,0.34771469,0.32606201,0.33954794,0.30745597,0.28668631,0.29654198,0.48872155
STATE_D,embedding_0362,31,46,0.85584271,0.82984442,0.862234,0.83304995,0.36696713,0.17526373,0.34691377
STATE_D,embedding_0363,31,46,-0.38017803,-0.42120388,-0.38118131,-0.41230338,0.25250843,0.19957088,0.37751339
STATE_D,embedding_0364,31,46,0.70420271,0.79023397,0.67200534,0.78686172,-0.74970884,0.00620149,0.06436141
STATE_D,embedding_0365,31,46,1.18706632,1.26922494,1.16574672,1.25440129,-0.62668371,0.00040513,0.02393383
STATE_D,embedding_0366,31,46,-0.24982391,-0.33599769,-0.24947719,-0.34771766,0.73020887,0.01362979,0.09319925
STATE_D,embedding_0367,31,46,0.13936512,0.1078499,0.14300365,0.10878367,0.39826147,0.17197982,0.34576048
STATE_D,embedding_0368,31,46,0.88617015,0.88504985,0.8838329,0.86604804,0.12887108,0.84761955,0.91815489
STATE_D,embedding_0369,31,46,-0.13904622,-0.20567767,-0.13507785,-0.20666661,0.48084909,0.01177524,0.08451761
STATE_D,embedding_0370,31,46,0.82019073,0.77821463,0.81655459,0.78689716,0.17385802,0.25107338,0.44124567
STATE_D,embedding_0371,31,46,-0.69125348,-0.65728065,-0.68768847,-0.66602915,-0.30462321,0.14163266,0.3098971
STATE_D,embedding_0372,31,46,0.93070608,1.01800388,0.93652929,0.97740312,-0.31173021,0.00820655,0.07593531
STATE_D,embedding_0373,31,46,-0.08242367,-0.14599014,-0.0859466,-0.11320551,0.21818988,0.19238748,0.3684628
STATE_D,embedding_0374,31,46,2.08961844,2.07962,2.07402261,2.06938385,0.06707805,0.70459893,0.8376656
STATE_D,embedding_0375,31,46,0.55301142,0.52281359,0.57970379,0.52272896,0.43832277,0.08751846,0.24005063
STATE_D,embedding_0376,31,46,-1.84908009,-1.89414632,-1.85572072,-1.87545021,0.11329995,0.35797236,0.54984554
STATE_D,embedding_0377,31,46,-0.97994542,-0.99980411,-0.97063971,-0.9738914,0.02721016,0.39725843,0.58672014
STATE_D,embedding_0378,31,46,0.12832236,0.17092,0.13345851,0.17528878,-0.41296876,0.07317617,0.21698571
STATE_D,embedding_0379,31,46,0.09719941,0.20406806,0.08027298,0.19225269,-0.64579891,0.00795819,0.07453524
STATE_D,embedding_0380,31,46,-0.82703727,-0.78057551,-0.79572233,-0.77145044,-0.1628464,0.62174762,0.771409
STATE_D,embedding_0381,31,46,0.13607144,0.12501211,0.14787365,0.11239974,0.24806327,0.35256661,0.54371718
STATE_D,embedding_0382,31,46,-0.52680373,-0.5919688,-0.51154743,-0.58959996,0.8148483,0.00125922,0.03719542
STATE_D,embedding_0383,31,46,-0.81097597,-0.75222412,-0.80316557,-0.76581459,-0.40440135,0.025882,0.12269985
STATE_D,embedding_0384,31,46,0.86417973,0.86411017,0.85540657,0.83812355,0.07360522,0.80716049,0.89840472
STATE_D,embedding_0385,31,46,-0.15608837,-0.17540757,-0.15318353,-0.18225617,0.52352642,0.04669233,0.16299868
STATE_D,embedding_0386,31,46,0.34173658,0.33682731,0.33340189,0.33475254,-0.0146538,0.88028399,0.94289833
STATE_D,embedding_0387,31,46,0.75752342,0.75502783,0.75250009,0.74036194,0.10569439,0.6588939,0.8019501
STATE_D,embedding_0388,31,46,-0.66841179,-0.76697391,-0.65902607,-0.74891311,0.55421439,0.00748158,0.07273232
STATE_D,embedding_0389,31,46,-0.50645888,-0.57004941,-0.52815373,-0.56926065,0.34530155,0.08946081,0.24450499
STATE_D,embedding_0390,31,46,0.34790173,0.34330812,0.34465123,0.34654217,-0.02264262,0.97100013,0.98510978
STATE_D,embedding_0391,31,46,-0.10508469,-0.18991572,-0.09080968,-0.18274486,0.49671313,0.02519729,0.12094699
STATE_D,embedding_0392,31,46,0.35381258,0.3278906,0.3741242,0.326922,0.46983075,0.08751846,0.24005063
STATE_D,embedding_0393,31,46,-0.08838209,-0.12732969,-0.08656031,-0.11481684,0.31035376,0.08751846,0.24005063
STATE_D,embedding_0394,31,46,-0.59203464,-0.51113439,-0.58535295,-0.52679767,-0.47954339,0.04555782,0.16198336
STATE_D,embedding_0395,31,46,-0.62999296,-0.43301418,-0.62723417,-0.45142846,-0.77257458,0.00167787,0.04026888
STATE_D,embedding_0396,31,46,0.02453886,0.05893346,-0.0008549,0.06113935,-0.51851888,0.06676128,0.20346295
STATE_D,embedding_0397,31,46,0.13472898,0.20451435,0.12558329,0.19536042,-0.49668389,0.02878413,0.12927609
STATE_D,embedding_0398,31,46,0.02439357,0.02353755,0.0177287,0.01223124,0.04247827,0.88848429,0.94640213
STATE_D,embedding_0399,31,46,0.26279166,0.30287351,0.26701698,0.31006311,-0.37126748,0.12296521,0.28530901
STATE_D,embedding_0400,31,46,-0.64536548,-0.59686026,-0.64832637,-0.60407463,-0.72595217,0.00312612,0.05067217
STATE_D,embedding_0401,31,46,-0.10267648,-0.09373029,-0.120756,-0.10969749,-0.10700696,0.58554085,0.75074353
STATE_D,embedding_0402,31,46,0.07416408,0.05325735,0.06385119,0.0518203,0.14426696,0.43903737,0.62556716
STATE_D,embedding_0403,31,46,0.84055173,0.83796737,0.81156404,0.82793096,-0.19746704,0.59990609,0.76027702
STATE_D,embedding_0404,31,46,-0.13600296,-0.14387915,-0.14247656,-0.14370588,0.0135934,0.94617214,0.97017384
STATE_D,embedding_0405,31,46,0.52377504,0.40237115,0.50408185,0.4369112,0.45365371,0.03453897,0.14109537
STATE_D,embedding_0406,31,46,-0.40541527,-0.4032889,-0.38663345,-0.41081938,0.21673065,0.74352755,0.85355629
STATE_D,embedding_0407,31,46,0.46518251,0.39450508,0.46941819,0.41251737,0.59047911,0.00528927,0.05887187
STATE_D,embedding_0408,31,46,-0.18329792,-0.20545637,-0.18943957,-0.19782191,0.10282587,0.50953333,0.68652912
STATE_D,embedding_0409,31,46,0.1877626,0.12781309,0.18806794,0.12970399,0.53648737,0.01444103,0.09319925
STATE_D,embedding_0410,31,46,-0.91090596,-0.93090862,-0.89339107,-0.91895065,0.18202941,0.17526373,0.34691377
STATE_D,embedding_0411,31,46,0.44177276,0.43042034,0.46190607,0.42476419,0.32526357,0.15930371,0.33155894
STATE_D,embedding_0412,31,46,-0.50178003,-0.58051103,-0.49918347,-0.58032373,0.7167166,0.00421541,0.0567971
STATE_D,embedding_0413,31,46,-0.46607465,-0.39707839,-0.45140785,-0.40064698,-0.49503636,0.01143241,0.08442395
STATE_D,embedding_0414,31,46,-1.24953794,-1.35253757,-1.21980502,-1.31434922,0.48679201,0.00263848,0.04942324
STATE_D,embedding_0415,31,46,0.20085701,0.17988602,0.21522682,0.17948628,0.24260325,0.22229281,0.40075323
STATE_D,embedding_0416,31,46,1.19742084,1.29012901,1.21021135,1.26998653,-0.31504847,0.06226018,0.19437324
STATE_D,embedding_0417,31,46,-0.24162504,-0.27228761,-0.23660465,-0.23239273,-0.01712713,0.71232681,0.8390598
STATE_D,embedding_0418,31,46,-0.36824089,-0.37312894,-0.37524725,-0.36759596,-0.07086537,0.83949191,0.91451034
STATE_D,embedding_0419,31,46,0.20900534,0.26915792,0.19029175,0.25234832,-0.49667506,0.03114072,0.13360935
STATE_D,embedding_0420,31,46,0.37518278,0.34060757,0.37609275,0.33345826,0.35340032,0.33666131,0.52766507
STATE_D,embedding_0421,31,46,0.82401317,0.90071708,0.82560755,0.88212135,-0.47039919,0.01077322,0.08442395
STATE_D,embedding_0422,31,46,-0.58447725,-0.60694239,-0.57993196,-0.6481743,0.32043773,0.17859419,0.35169317
STATE_D,embedding_0423,31,46,-0.12086497,-0.08830239,-0.11638657,-0.07865902,-0.31672327,0.16555049,0.33814568
STATE_D,embedding_0424,31,46,-0.74425018,-0.73601937,-0.7354401,-0.73433958,-0.01491566,0.85576343,0.92567087
STATE_D,embedding_0425,31,46,0.03319993,0.0282695,0.02724858,0.02302027,0.03718342,0.71232681,0.8390598
STATE_D,embedding_0426,31,46,-0.94439465,-0.90625337,-0.9596612,-0.88858821,-0.50209708,0.03729117,0.14686984
STATE_D,embedding_0427,31,46,-0.26255342,-0.23829055,-0.27934232,-0.24138592,-0.53234233,0.01045648,0.08442395
STATE_D,embedding_0428,31,46,-0.05298924,-0.08265825,-0.06890775,-0.06426266,-0.06271435,0.8720965,0.93674142
STATE_D,embedding_0429,31,46,-0.22448324,-0.19433143,-0.2376937,-0.19550507,-0.35889509,0.11557841,0.27566528
STATE_D,embedding_0430,31,46,0.16038685,0.17580894,0.15073835,0.17011453,-0.1498346,0.50953333,0.68652912
STATE_D,embedding_0431,31,46,0.70384938,0.83566818,0.69744831,0.80012414,-0.72926795,0.00029481,0.02393383
STATE_D,embedding_0432,31,46,0.05347898,0.05015064,0.03662747,0.0516465,-0.1509505,0.75139635,0.86001848
STATE_D,embedding_0433,31,46,-0.20411922,-0.3102417,-0.21145913,-0.30250618,0.52459141,0.0272998,0.12706816
STATE_D,embedding_0434,31,46,-0.65458548,-0.6497553,-0.66150503,-0.63868579,-0.2524124,0.40307567,0.59189697
STATE_D,embedding_0435,31,46,0.01925518,0.02471379,0.00685883,0.02566512,-0.18229266,0.48973835,0.67404848
STATE_D,embedding_0436,31,46,-0.63963377,-0.53403202,-0.62005003,-0.53667334,-0.68267722,0.00334319,0.0513514
STATE_D,embedding_0437,31,46,-0.37617829,-0.33849916,-0.39136069,-0.35155412,-0.50615784,0.01573776,0.0966928
STATE_D,embedding_0438,31,46,-0.1845611,-0.12408148,-0.19516866,-0.09752936,-0.4753997,0.09549685,0.24946116
STATE_D,embedding_0439,31,46,-0.10370844,-0.11461831,-0.10665573,-0.11421665,0.08962228,0.61442872,0.7672866
STATE_D,embedding_0440,31,46,1.70756638,1.74084651,1.67064395,1.73942463,-0.40213288,0.14734748,0.31698281
STATE_D,embedding_0441,31,46,-0.42116979,-0.4802205,-0.4014922,-0.48203156,0.4222287,0.09757985,0.25148096
STATE_D,embedding_0442,31,46,-0.45086092,-0.30485958,-0.47598109,-0.34745162,-0.74626463,0.00238034,0.04810792
STATE_D,embedding_0443,31,46,0.64645958,0.59913847,0.65828108,0.61952915,0.28932646,0.10185471,0.25731716
STATE_D,embedding_0444,31,46,1.1839633,1.18377799,1.20117526,1.19694594,0.04369945,0.6439275,0.79125811
STATE_D,embedding_0445,31,46,0.38962817,0.28492999,0.37072722,0.29894412,0.72064844,0.00323299,0.05067217
STATE_D,embedding_0446,31,46,-0.42808962,-0.37297426,-0.42459593,-0.3754069,-0.5392881,0.0272998,0.12706816
STATE_D,embedding_0447,31,46,-0.08804176,-0.09733215,-0.06090385,-0.07393759,0.11148879,0.38011294,0.5712852
STATE_D,embedding_0448,31,46,-0.17770465,-0.17483784,-0.17650022,-0.19102645,0.12643755,0.71232681,0.8390598
STATE_D,embedding_0449,31,46,-0.45624819,-0.5146144,-0.44903437,-0.51684465,0.54163575,0.05400963,0.17956448
STATE_D,embedding_0450,31,46,-1.64348817,-1.66475677,-1.63752448,-1.65306489,0.14070388,0.27773343,0.47085933
STATE_D,embedding_0451,31,46,1.1666131,1.16206825,1.15429958,1.15021354,0.03843553,0.99585627,0.99715465
STATE_D,embedding_0452,31,46,1.0526017,1.16725188,1.04370483,1.13484485,-0.52610024,0.00062056,0.02848987
STATE_D,embedding_0453,31,46,0.04776816,0.02693957,0.04742835,0.01025436,0.36627613,0.14734748,0.31698281
STATE_D,embedding_0454,31,46,-0.11642944,-0.12516955,-0.13083856,-0.12859004,-0.02282939,0.83949191,0.91451034
STATE_D,embedding_0455,31,46,-0.18533042,-0.27460542,-0.20915764,-0.30825492,0.54649735,0.02878413,0.12927609
STATE_D,embedding_0456,31,46,-0.61565745,-0.6491507,-0.60933875,-0.63747663,0.15853183,0.47677524,0.66094474
STATE_D,embedding_0457,31,46,-0.5312323,-0.44054277,-0.52185541,-0.41773143,-0.60546334,0.02261291,0.11501136
STATE_D,embedding_0458,31,46,-0.05375678,-0.13371649,-0.09598945,-0.14614412,0.33828564,0.10404736,0.26028786
STATE_D,embedding_0459,31,46,-0.65214509,-0.60184509,-0.64404674,-0.61071708,-0.30049056,0.22625311,0.40598689
STATE_D,embedding_0460,31,46,0.85158813,0.82713437,0.85630585,0.82480991,0.19253995,0.43903737,0.62556716
STATE_D,embedding_0461,31,46,-1.50870907,-1.51834875,-1.52876508,-1.53283703,0.02488048,0.89669655,0.94987993
STATE_D,embedding_0462,31,46,-0.05422057,0.11272864,-0.04395754,0.11266845,-0.6726269,0.00703072,0.07012458
STATE_D,embedding_0463,31,46,-0.61150032,-0.60602874,-0.61138766,-0.60795806,-0.02872488,0.93790655,0.96556599
STATE_D,embedding_0464,31,46,0.57787389,0.48640741,0.56331756,0.50389166,0.51158493,0.01177524,0.08451761
STATE_D,embedding_0465,31,46,-0.34687668,-0.4349976,-0.36295309,-0.43843108,0.61164826,0.00600845,0.06409013
STATE_D,embedding_0466,31,46,1.50040162,1.38109505,1.47416899,1.39478057,0.57139832,0.01762547,0.10575282
STATE_D,embedding_0467,31,46,1.06947196,1.04548252,1.05733009,1.05768295,-0.00226678,0.84761955,0.91815489
STATE_D,embedding_0468,31,46,0.76440185,0.75358039,0.71808568,0.73756672,-0.10552995,0.75929108,0.86647184
STATE_D,embedding_0469,31,46,-0.75970566,-0.75429145,-0.79132689,-0.78175962,-0.07027255,0.79111385,0.88567848
STATE_D,embedding_0470,31,46,1.25677168,1.30977643,1.24135489,1.3124582,-0.51585372,0.10854504,0.26548596
STATE_D,embedding_0471,31,46,0.25388533,0.26788643,0.23034396,0.25504397,-0.18588567,0.33146373,0.52164784
STATE_D,embedding_0472,31,46,-0.03428761,0.02906429,-0.03602046,0.03263331,-0.58992487,0.022004,0.11495967
STATE_D,embedding_0473,31,46,-1.81206381,-1.72645915,-1.81756237,-1.73270309,-0.62639331,0.00495968,0.05771264
STATE_D,embedding_0474,31,46,1.31740272,1.43844402,1.32315794,1.41795021,-0.66435868,0.00302247,0.05067217
STATE_D,embedding_0475,31,46,-0.1333532,-0.09568459,-0.13546333,-0.06421376,-0.30244011,0.24259715,0.42929634
STATE_D,embedding_0476,31,46,-1.20613813,-1.19979841,-1.19956351,-1.18054395,-0.1760631,0.59270352,0.75614004
STATE_D,embedding_0477,31,46,-0.60227597,-0.61879593,-0.62356301,-0.60468414,-0.12380585,0.68160035,0.81792042
STATE_D,embedding_0478,31,46,-0.60200399,-0.64142713,-0.60799868,-0.63851177,0.39002632,0.03543644,0.14399569
STATE_D,embedding_0479,31,46,-0.02943654,-0.08107235,-0.03294669,-0.06860898,0.21035373,0.53656404,0.70926193
STATE_D,embedding_0480,31,46,-0.13070859,-0.06369773,-0.15805276,-0.07218733,-0.59421,0.02452831,0.11998562
STATE_D,embedding_0481,31,46,0.24811615,0.2121189,0.26594258,0.2321151,0.23415517,0.10404736,0.26028786
STATE_D,embedding_0482,31,46,-0.11442287,-0.10334903,-0.06884091,-0.07470384,0.03079555,0.83138135,0.91214411
STATE_D,embedding_0483,31,46,-1.44410193,-1.47070265,-1.4328291,-1.44161456,0.08478687,0.27773343,0.47085933
STATE_D,embedding_0484,31,46,0.20442818,0.07679575,0.20051755,0.10164838,0.58661489,0.00620149,0.06436141
STATE_D,embedding_0485,31,46,0.45105243,0.42347535,0.4436873,0.43362773,0.07217801,0.62910412,0.77927736
STATE_D,embedding_0486,31,46,1.19154036,1.29710567,1.19606239,1.27734305,-0.52208778,0.00846182,0.07613821
STATE_D,embedding_0487,31,46,-0.90145463,-0.91221151,-0.89535213,-0.88173721,-0.06975709,0.92964765,0.96556599
STATE_D,embedding_0488,31,46,-0.37150654,-0.42321569,-0.37440363,-0.41577772,0.42482069,0.06523204,0.20119762
STATE_D,embedding_0489,31,46,-1.28621447,-1.2667197,-1.27497331,-1.28132584,0.05690899,0.77515526,0.88064976
STATE_D,embedding_0490,31,46,0.46635038,0.43844573,0.44056583,0.42248076,0.16776536,0.31119527,0.50421512
STATE_D,embedding_0491,31,46,1.21474063,1.24314034,1.23669452,1.24300479,-0.03133593,0.50953333,0.68652912
STATE_D,embedding_0492,31,46,-1.6982981,-1.69807631,-1.69707357,-1.67319092,-0.1302784,0.8232887,0.90715312
STATE_D,embedding_0493,31,46,0.96917492,0.98309043,0.97196577,0.99354319,-0.22365778,0.35256661,0.54371718
STATE_D,embedding_0494,31,46,-0.87515533,-0.91619775,-0.87161762,-0.91833416,0.50259768,0.04555782,0.16198336
STATE_D,embedding_0495,31,46,-0.55811071,-0.54731774,-0.56881327,-0.54306697,-0.25319075,0.35797236,0.54984554
STATE_D,embedding_0496,31,46,-0.83968818,-0.7262477,-0.81212495,-0.71226308,-0.45084038,0.0433584,0.15781636
STATE_D,embedding_0497,31,46,0.58711952,0.57299367,0.56876578,0.58721696,-0.13511086,0.5434327,0.7134296
STATE_D,embedding_0498,31,46,0.06232712,0.1193755,0.06704524,0.11066918,-0.30245674,0.14446841,0.3152038
STATE_D,embedding_0499,31,46,0.81987762,0.82318944,0.81391458,0.82942455,-0.16099468,0.6439275,0.79125811
STATE_D,embedding_0500,31,46,-0.29845536,-0.24618964,-0.29804964,-0.24969848,-0.44772106,0.05023942,0.17148389
STATE_D,embedding_0501,31,46,-1.18702877,-1.1689387,-1.17489104,-1.17459904,-0.00275307,0.79111385,0.88567848
STATE_D,embedding_0502,31,46,-0.24612938,-0.25942583,-0.25019237,-0.25290805,0.02598725,0.78312315,0.88316972
STATE_D,embedding_0503,31,46,-0.432208,-0.36386058,-0.40008031,-0.32699186,-0.36090351,0.12809117,0.29191103
STATE_D,embedding_0504,31,46,-0.0635875,-0.06778824,-0.02842574,-0.04714082,0.11967365,0.31618408,0.50907625
STATE_D,embedding_0505,31,46,0.92829657,0.9408187,0.91662847,0.94368876,-0.44296917,0.15323692,0.32331306
STATE_D,embedding_0506,31,46,-0.55537015,-0.50354804,-0.54661852,-0.49974754,-0.3984332,0.04022787,0.15294557
STATE_D,embedding_0507,31,46,-3.53293657,-3.50431395,-3.54044916,-3.51087491,-0.28024596,0.29176182,0.48605874
STATE_D,embedding_0508,31,46,-0.60061979,-0.53752318,-0.62603471,-0.54084999,-0.57028744,0.02878413,0.12927609
STATE_D,embedding_0509,31,46,0.52718794,0.52140173,0.52879856,0.51292357,0.1782179,0.5028888,0.68357274
STATE_D,embedding_0510,31,46,-0.39577949,-0.46211743,-0.36751039,-0.43142396,0.47478408,0.14163266,0.3098971
STATE_D,embedding_0511,31,46,-0.43030593,-0.50295523,-0.42822415,-0.47190048,0.25889508,0.17526373,0.34691377
STATE_D,embedding_0512,31,46,0.05487939,0.08126267,0.06311934,0.08569778,-0.17476182,0.41486218,0.6034359
STATE_D,embedding_0513,31,46,0.87916601,0.86508033,0.87871835,0.86879475,0.06660566,0.8232887,0.90715312
STATE_D,embedding_0514,31,46,-0.96298844,-0.91791838,-0.95505853,-0.92179633,-0.43253863,0.0280335,0.12815314
STATE_D,embedding_0515,31,46,-0.35962296,-0.36332688,-0.34515343,-0.34611744,0.00762281,0.92964765,0.96556599
STATE_D,embedding_0516,31,46,1.04129064,1.05060297,1.04192885,1.05930052,-0.12280584,0.7278708,0.84314446
STATE_D,embedding_0517,31,46,0.22867137,0.25250079,0.23762937,0.25056105,-0.10204612,0.96271982,0.97929645
STATE_D,embedding_0518,31,46,-0.79437548,-0.68692577,-0.80596633,-0.69852765,-0.4750259,0.05272748,0.17683277
STATE_D,embedding_0519,31,46,-0.25180551,-0.37715864,-0.25814923,-0.32695984,0.34017534,0.09757985,0.25148096
STATE_D,embedding_0520,31,46,-0.45071799,-0.54316512,-0.42672979,-0.53023947,0.63526251,0.03635372,0.14541488
STATE_D,embedding_0521,31,46,0.14553306,0.0735759,0.17541528,0.0892867,0.41108454,0.12296521,0.28530901
STATE_D,embedding_0522,31,46,0.15593633,0.10981121,0.20773757,0.09376669,0.59587452,0.0319622,0.13413645
STATE_D,embedding_0523,31,46,-0.01029421,-0.00503942,-0.03705843,0.00463758,-0.41809392,0.1502702,0.31880529
STATE_D,embedding_0524,31,46,0.06651551,0.08618376,0.08451248,0.07572566,0.09901837,0.83949191,0.91451034
STATE_D,embedding_0525,31,46,1.63370001,1.63503748,1.59200223,1.6204864,-0.23868185,0.32631832,0.51566352
STATE_D,embedding_0526,31,46,0.98215562,0.98537347,0.95802675,0.9917079,-0.3043561,0.42685002,0.61504843
STATE_D,embedding_0527,31,46,0.68478405,0.57929531,0.72085757,0.58702992,0.63835136,0.00435562,0.05767442
STATE_D,embedding_0528,31,46,-0.11573098,-0.15619364,-0.13387598,-0.16838873,0.19529553,0.37450038,0.56506148
STATE_D,embedding_0529,31,46,-0.26080501,-0.40839207,-0.2728729,-0.37714823,0.71056259,0.00069561,0.02848987
STATE_D,embedding_0530,31,46,0.42141974,0.36845291,0.45666095,0.39440851,0.38744136,0.08561028,0.23995874
STATE_D,embedding_0531,31,46,-0.37901258,-0.40026131,-0.39567603,-0.39310411,-0.01168141,0.68160035,0.81792042
STATE_D,embedding_0532,31,46,0.03293294,0.08328683,0.02215307,0.07792398,-0.49650414,0.05400963,0.17956448
STATE_D,embedding_0533,31,46,0.90457785,0.85708582,0.88650526,0.85748702,0.22660051,0.29654198,0.48872155
STATE_D,embedding_0534,31,46,-0.70150548,-0.67127794,-0.69635596,-0.67952654,-0.15710337,0.37450038,0.56506148
STATE_D,embedding_0535,31,46,-0.83956736,-0.83866209,-0.81801221,-0.83791685,0.16058393,0.46400231,0.65146942
STATE_D,embedding_0536,31,46,0.94047922,0.92828891,0.99094724,0.94842048,0.19161349,0.59990609,0.76027702
STATE_D,embedding_0537,31,46,-0.60949892,-0.59840661,-0.584583,-0.58961253,0.03320454,0.92139631,0.96539204
STATE_D,embedding_0538,31,46,-0.84176946,-0.92116919,-0.83658181,-0.90314682,0.53960472,0.01762547,0.10575282
STATE_D,embedding_0539,31,46,-1.77155006,-1.71404433,-1.74780968,-1.68998318,-0.38505921,0.05147086,0.1741393
STATE_D,embedding_0540,31,46,-1.07716811,-1.05563325,-1.07270866,-1.0677788,-0.05244476,0.41486218,0.6034359
STATE_D,embedding_0541,31,46,-1.62258768,-1.54797125,-1.63379304,-1.56433707,-0.65589938,0.00027202,0.02393383
STATE_D,embedding_0542,31,46,-1.09621406,-1.0686779,-1.08650721,-1.06484629,-0.17275317,0.25107338,0.44124567
STATE_D,embedding_0543,31,46,0.81020188,0.80728227,0.7924763,0.80708994,-0.13452569,0.72008434,0.84046318
STATE_D,embedding_0544,31,46,-0.46137294,-0.49178375,-0.47875338,-0.49922424,0.21154072,0.20323521,0.38069425
STATE_D,embedding_0545,31,46,0.75028551,0.66038537,0.71293231,0.66194391,0.36796354,0.15624798,0.32608274
STATE_D,embedding_0546,31,46,1.61779583,1.59393483,1.63807073,1.57701646,0.41189452,0.12296521,0.28530901
STATE_D,embedding_0547,31,46,-0.46218631,-0.47837709,-0.43441596,-0.4942566,0.4582919,0.16874218,0.34284125
STATE_D,embedding_0548,31,46,-1.0597024,-1.08074081,-1.03301683,-1.0464953,0.07559432,0.63649762,0.78463912
STATE_D,embedding_0549,31,46,0.39299649,0.48026751,0.38644244,0.48073031,-0.50751527,0.01444103,0.09319925
STATE_D,embedding_0550,31,46,-0.30319491,-0.314927,-0.28895787,-0.27308606,-0.08149018,0.8720965,0.93674142
STATE_D,embedding_0551,31,46,-0.50580186,-0.53598189,-0.49331246,-0.50426126,0.0660042,0.07831123,0.22441427
STATE_D,embedding_0552,31,46,-1.02502191,-0.96077833,-1.01489847,-0.98536257,-0.17997794,0.5713374,0.73994456
STATE_D,embedding_0553,31,46,0.57704395,0.54347605,0.58216814,0.56279639,0.14080885,0.15624798,0.32608274
STATE_D,embedding_0554,31,46,0.8363716,0.8248848,0.84153049,0.81104462,0.30386555,0.36342997,0.55600442
STATE_D,embedding_0555,31,46,-0.68739408,-0.70274836,-0.7021643,-0.694822,-0.05479599,0.83138135,0.91214411
STATE_D,embedding_0556,31,46,0.17563199,0.28363712,0.17705719,0.23710314,-0.30273171,0.03033743,0.13313798
STATE_D,embedding_0557,31,46,0.34652129,0.43487409,0.32244079,0.42568925,-0.76303407,0.00156263,0.04000333
STATE_D,embedding_0558,31,46,0.65931523,0.60185334,0.61729298,0.58701346,0.18665091,0.22229281,0.40075323
STATE_D,embedding_0559,31,46,0.3927176,0.40593776,0.38882232,0.40847317,-0.23452605,0.28703372,0.48026557
STATE_D,embedding_0560,31,46,-0.49686292,-0.51688367,-0.47842757,-0.51318768,0.43132394,0.06831991,0.20495973
STATE_D,embedding_0561,31,46,-0.62378263,-0.64991304,-0.61480168,-0.63764729,0.14607603,0.49629034,0.67941351
STATE_D,embedding_0562,31,46,-0.14797527,-0.15242808,-0.14490655,-0.15360247,0.06635446,0.94617214,0.97017384
STATE_D,embedding_0563,31,46,-0.8602078,-0.77738982,-0.88176561,-0.81228382,-0.50680178,0.0319622,0.13413645
STATE_D,embedding_0564,31,46,0.77509636,0.82456419,0.75333147,0.7869844,-0.26200761,0.30137425,0.49562189
STATE_D,embedding_0565,31,46,-0.09706265,-0.20078572,-0.12233372,-0.20060283,0.51897185,0.02323641,0.11663767
STATE_D,embedding_0566,31,46,-0.29957864,-0.36347371,-0.31336345,-0.34613496,0.212312,0.10627734,0.26414562
STATE_D,embedding_0567,31,46,-0.35324419,-0.34424771,-0.34990896,-0.35503621,0.04293756,0.94617214,0.97017384
STATE_D,embedding_0568,31,46,-0.22066581,-0.14067468,-0.19500974,-0.13027103,-0.48365156,0.01444103,0.09319925
STATE_D,embedding_0569,31,46,-0.07406074,-0.08445005,-0.0864423,-0.09467134,0.05211659,0.92139631,0.96539204
STATE_D,embedding_0570,31,46,0.67316228,0.6519458,0.67234946,0.66072003,0.12917773,0.7278708,0.84314446
STATE_D,embedding_0571,31,46,1.06576264,1.12739867,1.0717919,1.12807733,-0.34361328,0.1255078,0.28773131
STATE_D,embedding_0572,31,46,-0.52802211,-0.57489568,-0.5262939,-0.56608419,0.287704,0.31119527,0.50421512
STATE_D,embedding_0573,31,46,-1.19137406,-1.12038416,-1.15627318,-1.12018952,-0.19677054,0.27773343,0.47085933
STATE_D,embedding_0574,31,46,0.46190703,0.39139692,0.45507026,0.38485605,0.44913223,0.02452831,0.11998562
STATE_D,embedding_0575,31,46,-1.3867228,-1.34264868,-1.39065623,-1.35464729,-0.32973991,0.09549685,0.24946116
STATE_D,embedding_0576,31,46,0.36660168,0.3349596,0.37771276,0.34530366,0.34580484,0.09969901,0.25522947
STATE_D,embedding_0577,31,46,0.20000164,0.21313047,0.20102828,0.22593577,-0.24231022,0.43903737,0.62556716
STATE_D,embedding_0578,31,46,-0.42973733,-0.29592444,-0.39757365,-0.32175119,-0.59791477,0.00480195,0.05771264
STATE_D,embedding_0579,31,46,-0.08765928,-0.09856231,-0.10201153,-0.09004143,-0.1286771,0.72008434,0.84046318
STATE_D,embedding_0580,31,46,0.27601653,0.2897785,0.28046324,0.28420255,-0.02747932,0.97928357,0.98570089
STATE_D,embedding_0581,31,46,-0.99816018,-0.98217857,-0.99816598,-1.00271291,0.05706988,0.92139631,0.96539204
STATE_D,embedding_0582,31,46,-0.72231525,-0.68480644,-0.71722116,-0.68418019,-0.26730697,0.43291887,0.62146111
STATE_D,embedding_0583,31,46,-0.2389673,-0.25945942,-0.23293026,-0.26193514,0.18145038,0.26417155,0.45901301
STATE_D,embedding_0584,31,46,-0.40407777,-0.45396249,-0.43090745,-0.45062177,0.14046414,0.72008434,0.84046318
STATE_D,embedding_0585,31,46,-0.41394347,-0.50114571,-0.40598904,-0.47228138,0.4559624,0.01403024,0.09319925
STATE_D,embedding_0586,31,46,-4.52667665,-4.53227615,-4.51243196,-4.54724024,0.29491291,0.21452164,0.39320434
STATE_D,embedding_0587,31,46,0.24441552,0.31382261,0.21610169,0.32391563,-0.47520953,0.08561028,0.23995874
STATE_D,embedding_0588,31,46,-0.12035887,-0.08713483,-0.13144814,-0.08641808,-0.61615471,0.033661,0.13898735
STATE_D,embedding_0589,31,46,-0.75588363,-0.83996302,-0.74057885,-0.82974652,0.74655016,0.00161931,0.0401171
STATE_D,embedding_0590,31,46,-0.06724564,-0.10222501,-0.08213304,-0.10919984,0.25995936,0.18886787,0.36353515
STATE_D,embedding_0591,31,46,-0.37337929,-0.31012337,-0.39177491,-0.32445715,-0.46064334,0.02082885,0.1110872
STATE_D,embedding_0592,31,46,-0.23901057,-0.28965172,-0.22988022,-0.28546121,0.44077126,0.03114072,0.13360935
STATE_D,embedding_0593,31,46,0.51764649,0.5237042,0.51891787,0.52616068,-0.08823203,0.73568545,0.848358
STATE_D,embedding_0594,31,46,0.2056113,0.28913265,0.20863711,0.27237462,-0.55297847,0.00381902,0.05533976
STATE_D,embedding_0595,31,46,-0.48011231,-0.47202295,-0.49201454,-0.48206444,-0.09071367,0.75929108,0.86647184
STATE_D,embedding_0596,31,46,-0.15641777,-0.28550602,-0.16961326,-0.25707931,0.52480476,0.02026206,0.1110872
STATE_D,embedding_0597,31,46,-0.01006126,-0.02061293,0.01235082,-0.0133773,0.21894471,0.56429769,0.73704188
STATE_D,embedding_0598,31,46,0.16803345,0.17962283,0.18684337,0.16924332,0.14122235,0.52295901,0.70092935
STATE_D,embedding_0599,31,46,-0.48832491,-0.45232745,-0.47885368,-0.44498151,-0.4216339,0.09344961,0.24833668
STATE_D,embedding_0600,31,46,-1.36107111,-1.34943724,-1.36456073,-1.33408712,-0.31934283,0.32122509,0.51182753
STATE_D,embedding_0601,31,46,1.23495209,1.28010303,1.24680568,1.25075185,-0.03114665,0.41486218,0.6034359
STATE_D,embedding_0602,31,46,-0.95362389,-0.94807068,-0.93767645,-0.93171624,-0.06765039,1.0,1.0
STATE_D,embedding_0603,31,46,0.83187544,0.88494959,0.8240788,0.88334436,-0.63192234,0.01177524,0.08451761
STATE_D,embedding_0604,31,46,0.45307842,0.43238124,0.47628451,0.45587105,0.20438318,0.31119527,0.50421512
STATE_D,embedding_0605,31,46,0.52036196,0.51965719,0.55546593,0.50080418,0.44192877,0.21452164,0.39320434
STATE_D,embedding_0606,31,46,-2.78911662,-2.84942782,-2.77820167,-2.83968494,0.5739267,0.00480195,0.05771264
STATE_D,embedding_0607,31,46,0.47641098,0.57022056,0.45921711,0.5526766,-0.55002498,0.01014804,0.08380317
STATE_D,embedding_0608,31,46,0.45478487,0.41961618,0.43468736,0.39622847,0.38037522,0.08008674,0.22696168
STATE_D,embedding_0609,31,46,0.19719708,0.29440294,0.17657458,0.24048202,-0.36118505,0.01444103,0.09319925
STATE_D,embedding_0610,31,46,-0.2739343,-0.2886887,-0.24558909,-0.29276653,0.46677522,0.08751846,0.24005063
STATE_D,embedding_0611,31,46,0.710603,0.73277661,0.71081681,0.72773792,-0.13339215,0.5434327,0.7134296
STATE_D,embedding_0612,31,46,-0.29192609,-0.31690386,-0.2940518,-0.2937493,-0.00302136,0.88848429,0.94640213
STATE_D,embedding_0613,31,46,0.99777615,1.00567615,0.99571127,1.04898318,-0.27731638,0.39725843,0.58672014
STATE_D,embedding_0614,31,46,-0.09382624,-0.07890417,-0.08997504,-0.08221879,-0.12022489,0.42083104,0.60865958
STATE_D,embedding_0615,31,46,-0.37885237,-0.44774292,-0.35531925,-0.42781967,0.50700627,0.0553177,0.18078295
STATE_D,embedding_0616,31,46,2.25988173,2.31697381,2.27390841,2.2810191,-0.05492074,0.32631832,0.51566352
STATE_D,embedding_0617,31,46,-0.60828191,-0.5333893,-0.60535105,-0.52096129,-0.60369977,0.02387478,0.11829568
STATE_D,embedding_0618,31,46,-1.24319208,-1.289092,-1.2296562,-1.29526937,0.44402413,0.05023942,0.17148389
STATE_D,embedding_0619,31,46,0.01792069,-0.02557869,0.02703654,-0.01827955,0.48123626,0.025882,0.12269985
STATE_D,embedding_0620,31,46,1.4159162,1.46383202,1.41911947,1.44908005,-0.23275725,0.11800089,0.27884518
STATE_D,embedding_0621,31,46,-0.40435815,-0.38129497,-0.41232917,-0.37545101,-0.48683212,0.1255078,0.28773131
STATE_D,embedding_0622,31,46,0.81448287,0.87976986,0.79379381,0.86361886,-0.51533656,0.00495968,0.05771264
STATE_D,embedding_0623,31,46,1.10754848,1.10950035,1.08301086,1.12301522,-0.33549846,0.36893935,0.55997119
STATE_D,embedding_0624,31,46,0.20570923,0.12158075,0.25224769,0.1662027,0.52054599,0.01916874,0.11068866
STATE_D,embedding_0625,31,46,-1.25783539,-1.19293457,-1.26392336,-1.20911534,-0.53214045,0.02261291,0.11501136
STATE_D,embedding_0626,31,46,-0.67559618,-0.56029531,-0.6411843,-0.57443289,-0.53723405,0.05801311,0.18720197
STATE_D,embedding_0627,31,46,0.72677076,0.72543868,0.73079771,0.70335702,0.24561694,0.55034485,0.72004233
STATE_D,embedding_0628,31,46,0.16825822,0.12065757,0.18353747,0.13853883,0.38740075,0.04669233,0.16299868
STATE_D,embedding_0629,31,46,1.74195182,1.87148428,1.71736712,1.83265321,-0.64957114,0.00528927,0.05887187
STATE_D,embedding_0630,31,46,-0.4158124,-0.4494468,-0.40493048,-0.44653726,0.36073138,0.12809117,0.29191103
STATE_D,embedding_0631,31,46,-1.76776445,-1.7173304,-1.75786038,-1.70111013,-0.33934232,0.08561028,0.23995874
STATE_D,embedding_0632,31,46,-0.91541135,-0.99311963,-0.93283012,-0.99244615,0.42852463,0.06523204,0.20119762
STATE_D,embedding_0633,31,46,-0.24764921,-0.33282359,-0.19876001,-0.33875503,0.79390377,0.00254972,0.04895462
STATE_D,embedding_0634,31,46,-0.57981229,-0.62399107,-0.54445092,-0.58765847,0.26724211,0.05940123,0.18851299
STATE_D,embedding_0635,31,46,-0.57867044,-0.54039961,-0.5966637,-0.53020412,-0.73620827,0.00512208,0.0587128
STATE_D,embedding_0636,31,46,1.03485203,1.04680961,1.03717289,1.0361428,0.00727765,0.88848429,0.94640213
STATE_D,embedding_0637,31,46,0.02388494,0.04870422,0.03481701,0.03441355,0.00351798,0.89669655,0.94987993
STATE_D,embedding_0638,31,46,-0.00395241,0.10907562,-0.02486339,0.08300917,-0.84203506,0.00214552,0.04610761
STATE_D,embedding_0639,31,46,0.30757689,0.33749081,0.30590269,0.33240855,-0.23855289,0.11557841,0.27566528
STATE_D,embedding_0640,31,46,-0.60463488,-0.51925635,-0.60087783,-0.53213276,-0.49022564,0.02519729,0.12094699
STATE_D,embedding_0641,31,46,0.65446889,0.64134899,0.65518444,0.64489698,0.1028263,0.92964765,0.96556599
STATE_D,embedding_0642,31,46,0.27897432,0.32274804,0.29033482,0.31750691,-0.21051301,0.37450038,0.56506148
STATE_D,embedding_0643,31,46,0.19319199,0.17737042,0.18621673,0.17626983,0.11656796,0.70459893,0.8376656
STATE_D,embedding_0644,31,46,-1.24391794,-1.16187352,-1.22931553,-1.16646683,-0.39402626,0.09757985,0.25148096
STATE_D,embedding_0645,31,46,0.63944823,0.6945616,0.61497745,0.72565192,-0.6917074,0.01573776,0.0966928
STATE_D,embedding_0646,31,46,0.15762366,0.17279522,0.15395702,0.17114151,-0.15402121,0.39149212,0.58268595
STATE_D,embedding_0647,31,46,0.42807633,0.46474923,0.44407631,0.4627934,-0.20744787,0.22229281,0.40075323
STATE_D,embedding_0648,31,46,0.5792585,0.64124086,0.5562834,0.63634752,-0.47718535,0.09344961,0.24833668
STATE_D,embedding_0649,31,46,-0.09504116,-0.14734545,-0.09118703,-0.1448598,0.37305888,0.13071569,0.2926812
STATE_D,embedding_0650,31,46,0.47978076,0.52921396,0.46318702,0.53881837,-0.65582782,0.03033743,0.13313798
STATE_D,embedding_0651,31,46,0.67709047,0.83976239,0.65470842,0.78182914,-0.60454187,0.00381902,0.05533976
STATE_D,embedding_0652,31,46,-0.24945596,-0.12665058,-0.28198058,-0.15860912,-0.82158913,0.00034588,0.02393383
STATE_D,embedding_0653,31,46,-0.26569206,-0.2197744,-0.24790494,-0.21388894,-0.26812022,0.21071035,0.38900372
STATE_D,embedding_0654,31,46,0.69785804,0.59990689,0.68789153,0.60829455,0.59199163,0.01212716,0.08544641
STATE_D,embedding_0655,31,46,-0.2373534,-0.13551822,-0.22557785,-0.11294169,-0.69364902,0.00927078,0.07824131
STATE_D,embedding_0656,31,46,-0.40767819,-0.42353649,-0.37062673,-0.41659895,0.29448003,0.18886787,0.36353515
STATE_D,embedding_0657,31,46,0.37812966,0.35441761,0.36855519,0.3550271,0.14236689,0.5713374,0.73994456
STATE_D,embedding_0658,31,46,0.51546407,0.51343185,0.50044291,0.50456895,-0.02706626,0.93790655,0.96556599
STATE_D,embedding_0659,31,46,-0.22831069,-0.30543965,-0.19807588,-0.28333837,0.67594968,0.00984774,0.08220722
STATE_D,embedding_0660,31,46,-0.61729211,-0.85129905,-0.63674623,-0.80296947,0.67768856,0.00150779,0.04000333
STATE_D,embedding_0661,31,46,0.10651368,-0.02152481,0.12523639,-0.00068879,0.69540815,0.00282452,0.05044724
STATE_D,embedding_0662,31,46,-0.04870858,-0.09357073,-0.07115445,-0.09410136,0.2116761,0.32631832,0.51566352
STATE_D,embedding_0663,31,46,4.48931742,4.58345032,4.56973783,4.57965961,-0.03180702,0.96271982,0.97929645
STATE_D,embedding_0664,31,46,-0.59585267,-0.65326452,-0.58849489,-0.64743054,0.50732465,0.02323641,0.11663767
STATE_D,embedding_0665,31,46,-0.19414522,-0.26898563,-0.17967212,-0.28403992,0.58340086,0.02082885,0.1110872
STATE_D,embedding_0666,31,46,1.11093009,1.02669668,1.06023341,0.98393788,0.2935114,0.12046304,0.28292237
STATE_D,embedding_0667,31,46,-0.19622669,-0.26110806,-0.19087384,-0.26440226,0.39887681,0.09344961,0.24833668
STATE_D,embedding_0668,31,46,0.97931385,0.95862088,0.96813575,0.96111429,0.03106059,0.84761955,0.91815489
STATE_D,embedding_0669,31,46,0.63559377,0.67524651,0.62442407,0.67249909,-0.43722502,0.07317617,0.21698571
STATE_D,embedding_0670,31,46,-0.47567192,-0.48289596,-0.45968496,-0.47445105,0.12531635,0.76721097,0.87421072
STATE_D,embedding_0671,31,46,-0.79373682,-0.76110703,-0.77321763,-0.75070315,-0.18164654,0.59270352,0.75614004
STATE_D,embedding_0672,31,46,0.0407569,0.0500942,0.05367293,0.05943367,-0.04588932,0.92964765,0.96556599
STATE_D,embedding_0673,31,46,1.72394383,1.71523786,1.73451355,1.65412631,0.33387182,0.28235761,0.47554966
STATE_D,embedding_0674,31,46,0.56127673,0.60869458,0.5494104,0.59470578,-0.35325203,0.16555049,0.33814568
STATE_D,embedding_0675,31,46,0.17933744,0.09674949,0.1679277,0.096338,0.5696876,0.00394722,0.05613824
STATE_D,embedding_0676,31,46,0.07926991,0.11064844,0.09083731,0.12124475,-0.23652279,0.11557841,0.27566528
STATE_D,embedding_0677,31,46,0.01152423,-0.04724992,0.02758676,-0.02799314,0.42578883,0.05023942,0.17148389
STATE_D,embedding_0678,31,46,0.46657464,0.49897116,0.45793118,0.47929867,-0.17978091,0.14163266,0.3098971
STATE_D,embedding_0679,31,46,1.5933671,1.5793708,1.5742928,1.55143773,0.11335099,0.7278708,0.84314446
STATE_D,embedding_0680,31,46,0.65787703,0.66550219,0.66500462,0.66296907,0.01880277,0.93790655,0.96556599
STATE_D,embedding_0681,31,46,0.2509822,0.23824611,0.25785804,0.2855417,-0.16137294,0.86392269,0.93318231
STATE_D,embedding_0682,31,46,-0.25291055,-0.27156682,-0.26611903,-0.27401531,0.06580712,0.71232681,0.8390598
STATE_D,embedding_0683,31,46,-1.91792488,-1.93487841,-1.89660826,-1.94517016,0.33019697,0.1502702,0.31880529
STATE_D,embedding_0684,31,46,-0.24950019,-0.34298888,-0.25213565,-0.30465639,0.38031322,0.0553177,0.18078295
STATE_D,embedding_0685,31,46,0.03047635,0.03677654,0.01365772,0.05159038,-0.31253865,0.22229281,0.40075323
STATE_D,embedding_0686,31,46,-0.20059392,-0.29544532,-0.25867196,-0.3073289,0.23097242,0.2686405,0.46259171
STATE_D,embedding_0687,31,46,-0.08770858,-0.03380759,-0.05337964,-0.02587738,-0.29176023,0.13071569,0.2926812
STATE_D,embedding_0688,31,46,0.67591214,0.6909554,0.67686921,0.67855682,-0.02005507,0.44520524,0.63084433
STATE_D,embedding_0689,31,46,0.19693632,0.16109406,0.17562715,0.16427985,0.07999954,0.8232887,0.90715312
STATE_D,embedding_0690,31,46,0.11520895,0.03770674,0.11671128,0.04017758,0.49067765,0.07152696,0.21374593
STATE_D,embedding_0691,31,46,-1.81025136,-1.72222936,-1.80250705,-1.72515055,-0.53083451,0.02082885,0.1110872
STATE_D,embedding_0692,31,46,1.99010444,2.03549159,1.96463173,2.02683961,-0.5117351,0.07831123,0.22441427
STATE_D,embedding_0693,31,46,0.10909152,0.08514112,0.09846182,0.10117196,-0.0152309,0.62174762,0.771409
STATE_D,embedding_0694,31,46,-1.16984057,-1.17184633,-1.17917276,-1.1700591,-0.1453754,0.62174762,0.771409
STATE_D,embedding_0695,31,46,-1.11144733,-1.12460977,-1.1474694,-1.13274819,-0.12256896,0.74352755,0.85355629
STATE_D,embedding_0696,31,46,-0.32220769,-0.31905469,-0.3103837,-0.32541634,0.15040598,0.689235,0.82450542
STATE_D,embedding_0697,31,46,0.13446695,0.12365669,0.15018519,0.13601947,0.11765638,0.60714802,0.76440931
STATE_D,embedding_0698,31,46,-1.26295078,-1.21326971,-1.24951611,-1.22054701,-0.23167231,0.19595506,0.37343297
STATE_D,embedding_0699,31,46,0.03683031,-0.08571652,0.03367415,-0.03750875,0.54662774,0.00495968,0.05771264
STATE_D,embedding_0700,31,46,-0.47426209,-0.48323658,-0.48524366,-0.47501527,-0.15732543,0.5434327,0.7134296
STATE_D,embedding_0701,31,46,-0.35396415,-0.27647942,-0.36052094,-0.29094919,-0.4347454,0.10185471,0.25731716
STATE_D,embedding_0702,31,46,-0.73694658,-0.82926959,-0.71980256,-0.8234981,0.7176786,0.00323299,0.05067217
STATE_D,embedding_0703,31,46,0.07366958,0.05859765,0.03942158,0.05690607,-0.19219722,0.8232887,0.90715312
STATE_D,embedding_0704,31,46,-1.27125955,-1.27676386,-1.25369559,-1.26418674,0.12227016,0.61442872,0.7672866
STATE_D,embedding_0705,31,46,0.02587981,-0.0016714,0.01656083,-0.00623609,0.22887891,0.42083104,0.60865958
STATE_D,embedding_0706,31,46,-0.61976445,-0.67357329,-0.63308951,-0.65933213,0.28941524,0.09143773,0.24726823
STATE_D,embedding_0707,31,46,1.26780701,1.22577542,1.25806858,1.22854163,0.25077019,0.13338174,0.29691935
STATE_D,embedding_0708,31,46,0.34712914,0.42006306,0.31393165,0.42480346,-0.60702507,0.0319622,0.13413645
STATE_D,embedding_0709,31,46,0.56471545,0.59042907,0.54039918,0.60442452,-0.36638031,0.13338174,0.29691935
STATE_D,embedding_0710,31,46,-0.59751534,-0.71284199,-0.61789968,-0.6793773,0.43817276,0.01573776,0.0966928
STATE_D,embedding_0711,31,46,1.43744254,1.4891504,1.43808899,1.48789889,-0.36217372,0.05147086,0.1741393
STATE_D,embedding_0712,31,46,-0.69747424,-0.7285772,-0.67870478,-0.7390631,0.65433007,0.00872417,0.07613821
STATE_D,embedding_0713,31,46,-1.01464081,-0.94489077,-1.03180862,-0.9504751,-0.53430054,0.00464877,0.05771264
STATE_D,embedding_0714,31,46,-0.11257433,-0.0988661,-0.0935943,-0.1037839,0.07453918,0.47677524,0.66094474
STATE_D,embedding_0715,31,46,-0.44488019,-0.51365525,-0.42826104,-0.51038896,0.70693012,0.00200099,0.04519883
STATE_D,embedding_0716,31,46,0.10078675,0.08153255,0.09711246,0.08872134,0.06585118,0.39725843,0.58672014
STATE_D,embedding_0717,31,46,-0.15374795,-0.12791241,-0.15844398,-0.14145188,-0.22631889,0.43903737,0.62556716
STATE_D,embedding_0718,31,46,0.98738569,1.00378501,0.98115556,1.01172334,-0.27951687,0.21071035,0.38900372
STATE_D,embedding_0719,31,46,0.11328007,0.22202016,0.13524584,0.20531022,-0.58554148,0.01970878,0.1110872
STATE_D,embedding_0720,31,46,0.27883914,0.41136807,0.30163561,0.39034125,-0.77481761,0.00037441,0.02393383
STATE_D,embedding_0721,31,46,0.3479726,0.30764522,0.32514333,0.29263582,0.24263612,0.21071035,0.38900372
STATE_D,embedding_0722,31,46,-0.10657673,-0.06545882,-0.11708349,-0.07991851,-0.42798729,0.09143773,0.24726823
STATE_D,embedding_0723,31,46,-0.37398908,-0.3859517,-0.37602517,-0.38442704,0.08928647,0.61442872,0.7672866
STATE_D,embedding_0724,31,46,-0.71546483,-0.6125975,-0.71530644,-0.62448334,-0.80137534,0.00150779,0.04000333
STATE_D,embedding_0725,31,46,-1.02168024,-1.02264637,-1.01762599,-1.02375876,0.06921099,0.79111385,0.88567848
STATE_D,embedding_0726,31,46,-0.59499013,-0.55161104,-0.59317617,-0.54960527,-0.32669895,0.15624798,0.32608274
STATE_D,embedding_0727,31,46,1.01409101,1.08267641,1.02485974,1.07570379,-0.34935471,0.18197151,0.35470589
STATE_D,embedding_0728,31,46,-0.03961889,0.01691745,-0.03404091,0.00680951,-0.37265067,0.06226018,0.19437324
STATE_D,embedding_0729,31,46,1.34944224,1.34707785,1.34303029,1.34027133,0.02676692,0.57841863,0.74659749
STATE_D,embedding_0730,31,46,-0.4593994,-0.39331603,-0.45497423,-0.39308283,-0.639197,0.01045648,0.08442395
STATE_D,embedding_0731,31,46,0.08080988,0.16934898,0.08249715,0.14044985,-0.30004692,0.01109847,0.08442395
STATE_D,embedding_0732,31,46,-0.35532793,-0.30637328,-0.35107917,-0.30010476,-0.52206796,0.01864168,0.10846068
STATE_D,embedding_0733,31,46,-1.19138992,-1.12560296,-1.18738976,-1.11837816,-0.71893912,0.00222133,0.04610761
STATE_D,embedding_0734,31,46,-0.12362311,-0.07178135,-0.14353587,-0.08714211,-0.46516121,0.05272748,0.17683277
STATE_D,embedding_0735,31,46,-0.74940413,-0.67126349,-0.74623529,-0.67907645,-0.41154653,0.02026206,0.1110872
STATE_D,embedding_0736,31,46,-0.49905476,-0.54640472,-0.47872092,-0.56335883,0.47504873,0.1255078,0.28773131
STATE_D,embedding_0737,31,46,0.63522494,0.53858334,0.66103953,0.53278886,0.72565185,0.00282452,0.05044724
STATE_D,embedding_0738,31,46,0.08661183,0.03837758,0.12140114,0.04134272,0.65958924,0.00480195,0.05771264
STATE_D,embedding_0739,31,46,-0.99805582,-1.00173205,-1.00360392,-0.95526559,-0.22999516,0.84761955,0.91815489
STATE_D,embedding_0740,31,46,-0.25876993,-0.26385649,-0.25404355,-0.25391429,-0.00134621,0.97928357,0.98570089
STATE_D,embedding_0741,31,46,0.79868096,0.86801577,0.75159888,0.86533321,-0.70404546,0.01143241,0.08442395
STATE_D,embedding_0742,31,46,-0.6582973,-0.67272696,-0.63468441,-0.67419111,0.38367893,0.1502702,0.31880529
STATE_D,embedding_0743,31,46,-0.7776987,-0.7996915,-0.77062547,-0.77258133,0.01576656,0.93790655,0.96556599
STATE_D,embedding_0744,31,46,0.72426552,0.69577271,0.72172002,0.64942154,0.37425572,0.11800089,0.27884518
STATE_D,embedding_0745,31,46,-0.10308687,-0.05752275,-0.08475485,-0.05850484,-0.27667393,0.10627734,0.26414562
STATE_D,embedding_0746,31,46,0.09690444,0.04159481,0.08240475,0.03265621,0.34132576,0.1255078,0.28773131
STATE_D,embedding_0747,31,46,1.52093506,1.43710488,1.50236069,1.44436061,0.49822511,0.02658274,0.12524874
STATE_D,embedding_0748,31,46,0.87170172,0.78256822,0.84236614,0.75112671,0.80770197,0.00097438,0.03118016
STATE_D,embedding_0749,31,46,0.68854147,0.71653023,0.65536475,0.74066208,-0.49171517,0.0765679,0.22274298
STATE_D,embedding_0750,31,46,-0.05079492,0.04595953,-0.06599107,0.00656167,-0.41942834,0.01323947,0.09160282
STATE_D,embedding_0751,31,46,0.59397823,0.54276741,0.55388589,0.56043813,-0.04786092,0.89669655,0.94987993
STATE_D,embedding_0752,31,46,1.20434976,1.17136508,1.22036001,1.16830855,0.53411651,0.0433584,0.15781636
STATE_D,embedding_0753,31,46,0.2391151,0.26945721,0.24873842,0.29299895,-0.31549932,0.30625867,0.5004397
STATE_D,embedding_0754,31,46,-0.30849615,-0.2838445,-0.30750331,-0.30251842,-0.04952633,0.61442872,0.7672866
STATE_D,embedding_0755,31,46,-0.0373513,-0.07758326,-0.04855011,-0.08053124,0.28252588,0.17526373,0.34691377
STATE_D,embedding_0756,31,46,0.51627839,0.48186487,0.52301799,0.48741457,0.2949816,0.32122509,0.51182753
STATE_D,embedding_0757,31,46,0.4146437,0.431196,0.40320656,0.43946691,-0.18092875,0.5713374,0.73994456
STATE_D,embedding_0758,31,46,0.07503878,0.05943961,0.0966955,0.06005273,0.23350833,0.3472128,0.53761982
STATE_D,embedding_0759,31,46,0.68027622,0.63224465,0.67531199,0.63895913,0.45164222,0.04903276,0.16962685
STATE_D,embedding_0760,31,46,0.02398282,-0.16669856,0.07571558,-0.11900908,0.93527972,0.00011399,0.02393383
STATE_D,embedding_0761,31,46,0.76374549,0.7788887,0.76253997,0.77278237,-0.1184475,0.58554085,0.75074353
STATE_D,embedding_0762,31,46,-0.36916512,-0.4081582,-0.35335069,-0.39546326,0.39900793,0.14734748,0.31698281
STATE_D,embedding_0763,31,46,0.18206397,0.1590781,0.18873168,0.16507002,0.13017609,0.79912657,0.89204826
STATE_D,embedding_0764,31,46,-0.21764936,-0.28186665,-0.21572942,-0.29621628,0.6823684,0.01529457,0.09628057
STATE_D,embedding_0765,31,46,2.23881865,2.24975181,2.20634402,2.2757957,-0.38673266,0.33666131,0.52766507
STATE_D,embedding_0766,31,46,-1.02981269,-1.06307101,-1.02581277,-1.03465107,0.07813732,0.09549685,0.24946116
STATE_D,embedding_0767,31,46,-1.19205713,-1.18831748,-1.19310535,-1.17262625,-0.19935011,0.55034485,0.72004233
