{
  "type": "FeatureCollection",
  "features": [
    {
      "type": "Feature",
      "properties": {
        "class_id": 2,
        "classification": "Fold",
        "area": 92.05038175134318
      },
      "geometry": {
        "type": "Polygon",
        "coordinates": [
          [
            [
              93185.67961165048,
              46601.94174757281
            ],
            [
              93191.74757281553,
              46608.00970873786
            ],
            [
              93191.74757281553,
              46614.07766990291
            ],
            [
              93197.81553398058,
              46614.07766990291
            ],
            [
              93197.81553398058,
              46601.94174757281
            ],
            [
              93185.67961165048,
              46601.94174757281
            ]
          ]
        ]
      }
    },
    {
      "type": "Feature",
      "properties": {
        "class_id": 2,
        "classification": "Fold",
        "area": 11138.096191912524
      },
      "geometry": {
        "type": "Polygon",
        "coordinates": [
          [
            [
              93185.67961165048,
              41207.52427184465
            ],
            [
              93173.54368932039,
              41219.66019417476
            ],
            [
              93167.47572815533,
              41219.66019417476
            ],
            [
              93143.20388349514,
              41243.93203883495
            ],
            [
              93137.1359223301,
              41243.93203883495
            ],
            [
              93131.06796116504,
              41250.0
            ],
            [
              93124.99999999999,
              41250.0
            ],
            [
              93124.99999999999,
              41268.203883495145
            ],
            [
              93112.86407766989,
              41280.33980582524
            ],
            [
              93106.79611650485,
              41280.33980582524
            ],
            [
              93100.72815533979,
              41274.271844660194
            ],
            [
              93100.72815533979,
              41268.203883495145
            ],
            [
              93094.66019417475,
              41262.1359223301
            ],
            [
              93088.5922330097,
              41268.203883495145
            ],
            [
              93088.5922330097,
              41274.271844660194
            ],
            [
              93094.66019417475,
              41280.33980582524
            ],
            [
              93094.66019417475,
              41292.47572815534
            ],
            [
              93100.72815533979,
              41298.54368932039
            ],
            [
              93100.72815533979,
              41316.74757281553
            ],
            [
              93106.79611650485,
              41322.81553398058
            ],
            [
              93106.79611650485,
              41353.155339805824
            ],
            [
              93112.86407766989,
              41359.22330097087
            ],
            [
              93112.86407766989,
              41371.35922330097
            ],
            [
              93124.99999999999,
              41359.22330097087
            ],
            [
              93143.20388349514,
              41359.22330097087
            ],
            [
              93149.2718446602,
              41353.155339805824
            ],
            [
              93155.33980582524,
              41353.155339805824
            ],
            [
              93161.40776699029,
              41347.087378640776
            ],
            [
              93191.74757281553,
              41347.087378640776
            ],
            [
              93197.81553398058,
              41353.155339805824
            ],
            [
              93197.81553398058,
              41207.52427184465
            ],
            [
              93185.67961165048,
              41207.52427184465
            ]
          ]
        ]
      }
    },
    {
      "type": "Feature",
      "properties": {
        "class_id": 2,
        "classification": "Fold",
        "area": 2927.202139692713
      },
      "geometry": {
        "type": "Polygon",
        "coordinates": [
          [
            [
              40364.07766990291,
              38428.398058252424
            ],
            [
              40345.87378640776,
              38446.60194174757
            ],
            [
              40345.87378640776,
              38489.07766990291
            ],
            [
              40351.94174757281,
              38495.14563106796
            ],
            [
              40351.94174757281,
              38501.213592233005
            ],
            [
              40364.07766990291,
              38513.3495145631
            ],
            [
              40364.07766990291,
              38519.41747572815
            ],
            [
              40370.14563106796,
              38525.4854368932
            ],
            [
              40382.281553398054,
              38525.4854368932
            ],
            [
              40382.281553398054,
              38428.398058252424
            ],
            [
              40364.07766990291,
              38428.398058252424
            ]
          ]
        ]
      }
    },
    {
      "type": "Feature",
      "properties": {
        "class_id": 2,
        "classification": "Fold",
        "area": 3663.6051937034586
      },
      "geometry": {
        "type": "Polygon",
        "coordinates": [
          [
            [
              151862.8640776699,
              37894.41747572815
            ],
            [
              151856.79611650485,
              37900.4854368932
            ],
            [
              151850.7281553398,
              37900.4854368932
            ],
            [
              151832.52427184465,
              37918.689320388345
            ],
            [
              151832.52427184465,
              37949.02912621359
            ],
            [
              151838.5922330097,
              37955.097087378635
            ],
            [
              151838.5922330097,
              37961.165048543684
            ],
            [
              151844.66019417474,
              37961.165048543684
            ],
            [
              151850.7281553398,
              37967.23300970873
            ],
            [
              151875.0,
              37967.23300970873
            ],
            [
              151881.06796116504,
              37961.165048543684
            ],
            [
              151887.13592233008,
              37961.165048543684
            ],
            [
              151893.20388349512,
              37955.097087378635
            ],
            [
              151893.20388349512,
              37912.621359223296
            ],
            [
              151875.0,
              37894.41747572815
            ],
            [
              151862.8640776699,
              37894.41747572815
            ]
          ]
        ]
      }
    },
    {
      "type": "Feature",
      "properties": {
        "class_id": 2,
        "classification": "Fold",
        "area": 386.61160335564136
      },
      "geometry": {
        "type": "Polygon",
        "coordinates": [
          [
            [
              163652.91262135922,
              37281.55339805825
            ],
            [
              163652.91262135922,
              37299.75728155339
            ],
            [
              163658.98058252427,
              37305.82524271844
            ],
            [
              163658.98058252427,
              37324.02912621359
            ],
            [
              163665.0485436893,
              37324.02912621359
            ],
            [
              163665.0485436893,
              37281.55339805825
            ],
            [
              163652.91262135922,
              37281.55339805825
            ]
          ]
        ]
      }
    },
    {
      "type": "Feature",
      "properties": {
        "class_id": 2,
        "classification": "Fold",
        "area": 149066.38820812514
      },
      "geometry": {
        "type": "Polygon",
        "coordinates": [
          [
            [
              162955.0970873786,
              37281.55339805825
            ],
            [
              162955.0970873786,
              37305.82524271844
            ],
            [
              162961.16504854368,
              37311.89320388349
            ],
            [
              162961.16504854368,
              37324.02912621359
            ],
            [
              162967.23300970873,
              37330.097087378635
            ],
            [
              162967.23300970873,
              37354.36893203883
            ],
            [
              162973.30097087377,
              37360.43689320388
            ],
            [
              162973.30097087377,
              37421.11650485436
            ],
            [
              162967.23300970873,
              37427.18446601941
            ],
            [
              162967.23300970873,
              37439.320388349515
            ],
            [
              162955.0970873786,
              37451.45631067961
            ],
            [
              162955.0970873786,
              37457.52427184466
            ],
            [
              162942.96116504853,
              37469.66019417476
            ],
            [
              162949.02912621357,
              37475.728155339806
            ],
            [
              162949.02912621357,
              37493.93203883495
            ],
            [
              162942.96116504853,
              37500.0
            ],
            [
              162942.96116504853,
              37512.1359223301
            ],
            [
              162936.8932038835,
              37518.203883495145
            ],
            [
              162942.96116504853,
              37524.271844660194
            ],
            [
              162942.96116504853,
              37536.40776699029
            ],
            [
              162949.02912621357,
              37542.47572815534
            ],
            [
              162949.02912621357,
              37627.42718446602
            ],
            [
              162942.96116504853,
              37633.49514563107
            ],
            [
              162942.96116504853,
              37663.83495145631
            ],
            [
              162955.0970873786,
              37675.970873786406
            ],
            [
              162955.0970873786,
              37688.1067961165
            ],
            [
              162961.16504854368,
              37694.17475728155
            ],
            [
              162961.16504854368,
              37718.446601941745
            ],
            [
              162955.0970873786,
              37724.51456310679
            ],
            [
              162955.0970873786,
              37748.78640776699
            ],
            [
              162961.16504854368,
              37754.854368932036
            ],
            [
              163040.0485436893,
              37754.854368932036
            ],
            [
              163046.11650485435,
              37748.78640776699
            ],
            [
              163058.25242718446,
              37748.78640776699
            ],
            [
              163058.25242718446,
              37742.71844660194
            ],
            [
              163070.38834951454,
              37730.58252427184
            ],
            [
              163076.4563106796,
              37730.58252427184
            ],
            [
              163088.5922330097,
              37742.71844660194
            ],
            [
              163118.93203883493,
              37742.71844660194
            ],
            [
              163125.0,
              37736.65048543689
            ],
            [
              163131.06796116504,
              37736.65048543689
            ],
            [
              163137.13592233008,
              37730.58252427184
            ],
            [
              163143.20388349512,
              37730.58252427184
            ],
            [
              163149.2718446602,
              37724.51456310679
            ],
            [
              163155.33980582524,
              37724.51456310679
            ],
            [
              163161.40776699028,
              37718.446601941745
            ],
            [
              163173.5436893204,
              37718.446601941745
            ],
            [
              163179.61165048543,
              37712.3786407767
            ],
            [
              163197.81553398058,
              37712.3786407767
            ],
            [
              163203.88349514562,
              37706.31067961165
            ],
            [
              163216.0194174757,
              37706.31067961165
            ],
            [
              163222.08737864078,
              37700.2427184466
            ],
            [
              163228.15533980582,
              37700.2427184466
            ],
            [
              163234.22330097086,
              37694.17475728155
            ],
            [
              163234.22330097086,
              37688.1067961165
            ],
            [
              163240.2912621359,
              37682.038834951454
            ],
            [
              163240.2912621359,
              37669.90291262136
            ],
            [
              163252.427184466,
              37657.76699029126
            ],
            [
              163252.427184466,
              37651.69902912621
            ],
            [
              163264.5631067961,
              37639.563106796115
            ],
            [
              163264.5631067961,
              37633.49514563107
            ],
            [
              163276.6990291262,
              37621.35922330097
            ],
            [
              163276.6990291262,
              37615.29126213592
            ],
            [
              163282.76699029125,
              37609.22330097087
            ],
            [
              163282.76699029125,
              37603.155339805824
            ],
            [
              163288.8349514563,
              37597.087378640776
            ],
            [
              163288.8349514563,
              37591.01941747573
            ],
            [
              163294.90291262136,
              37584.95145631068
            ],
            [
              163294.90291262136,
              37578.88349514563
            ],
            [
              163307.03883495144,
              37566.74757281553
            ],
            [
              163307.03883495144,
              37560.679611650485
            ],
            [
              163313.10679611648,
              37554.611650485436
            ],
            [
              163313.10679611648,
              37548.54368932039
            ],
            [
              163307.03883495144,
              37542.47572815534
            ],
            [
              163307.03883495144,
              37530.33980582524
            ],
            [
              163300.9708737864,
              37524.271844660194
            ],
            [
              163300.9708737864,
              37469.66019417476
            ],
            [
              163307.03883495144,
              37463.59223300971
            ],
            [
              163307.03883495144,
              37421.11650485436
            ],
            [
              163300.9708737864,
              37427.18446601941
            ],
            [
              163288.8349514563,
              37427.18446601941
            ],
            [
              163276.6990291262,
              37415.048543689314
            ],
            [
              163276.6990291262,
              37408.980582524266
            ],
            [
              163270.63106796116,
              37402.91262135922
            ],
            [
              163264.5631067961,
              37402.91262135922
            ],
            [
              163258.49514563105,
              37396.84466019417
            ],
            [
              163258.49514563105,
              37390.77669902912
            ],
            [
              163264.5631067961,
              37384.70873786407
            ],
            [
              163270.63106796116,
              37384.70873786407
            ],
            [
              163264.5631067961,
              37378.64077669902
            ],
            [
              163264.5631067961,
              37366.504854368926
            ],
            [
              163276.6990291262,
              37354.36893203883
            ],
            [
              163288.8349514563,
              37354.36893203883
            ],
            [
              163294.90291262136,
              37360.43689320388
            ],
            [
              163313.10679611648,
              37360.43689320388
            ],
            [
              163319.17475728155,
              37366.504854368926
            ],
            [
              163325.2427184466,
              37366.504854368926
            ],
            [
              163325.2427184466,
              37348.30097087378
            ],
            [
              163331.31067961163,
              37342.23300970873
            ],
            [
              163331.31067961163,
              37336.165048543684
            ],
            [
              163349.5145631068,
              37317.96116504854
            ],
            [
              163349.5145631068,
              37311.89320388349
            ],
            [
              163361.65048543687,
              37299.75728155339
            ],
            [
              163373.78640776698,
              37299.75728155339
            ],
            [
              163367.71844660194,
              37293.689320388345
            ],
            [
              163367.71844660194,
              37281.55339805825
            ],
            [
              163367.71844660194,
              37287.621359223296
            ],
            [
              163361.65048543687,
              37293.689320388345
            ],
            [
              163361.65048543687,
              37299.75728155339
            ],
            [
              163337.37864077667,
              37324.02912621359
            ],
            [
              163337.37864077667,
              37330.097087378635
            ],
            [
              163319.17475728155,
              37348.30097087378
            ],
            [
              163313.10679611648,
              37348.30097087378
            ],
            [
              163307.03883495144,
              37342.23300970873
            ],
            [
              163307.03883495144,
              37336.165048543684
            ],
            [
              163300.9708737864,
              37330.097087378635
            ],
            [
              163300.9708737864,
              37317.96116504854
            ],
            [
              163307.03883495144,
              37311.89320388349
            ],
            [
              163307.03883495144,
              37299.75728155339
            ],
            [
              163319.17475728155,
              37287.621359223296
            ],
            [
              163319.17475728155,
              37281.55339805825
            ],
            [
              162955.0970873786,
              37281.55339805825
            ]
          ]
        ]
      }
    },
    {
      "type": "Feature",
      "properties": {
        "class_id": 2,
        "classification": "Fold",
        "area": 36.82015270053727
      },
      "geometry": {
        "type": "Polygon",
        "coordinates": [
          [
            [
              64702.66990291262,
              37281.55339805825
            ],
            [
              64708.737864077666,
              37281.55339805825
            ],
            [
              64714.805825242714,
              37287.621359223296
            ],
            [
              64720.87378640776,
              37281.55339805825
            ],
            [
              64702.66990291262,
              37281.55339805825
            ]
          ]
        ]
      }
    },
    {
      "type": "Feature",
      "properties": {
        "class_id": 2,
        "classification": "Fold",
        "area": 5044.3609199736065
      },
      "geometry": {
        "type": "Polygon",
        "coordinates": [
          [
            [
              52815.53398058252,
              37154.12621359223
            ],
            [
              52815.53398058252,
              37275.4854368932
            ],
            [
              52876.213592233005,
              37275.4854368932
            ],
            [
              52876.213592233005,
              37269.41747572815
            ],
            [
              52870.14563106796,
              37263.3495145631
            ],
            [
              52870.14563106796,
              37257.281553398054
            ],
            [
              52864.07766990291,
              37251.213592233005
            ],
            [
              52864.07766990291,
              37208.737864077666
            ],
            [
              52858.00970873786,
              37202.66990291262
            ],
            [
              52858.00970873786,
              37196.60194174757
            ],
            [
              52839.805825242714,
              37178.398058252424
            ],
            [
              52839.805825242714,
              37172.330097087375
            ],
            [
              52833.737864077666,
              37166.26213592233
            ],
            [
              52833.737864077666,
              37160.19417475728
            ],
            [
              52827.66990291262,
              37154.12621359223
            ],
            [
              52815.53398058252,
              37154.12621359223
            ]
          ]
        ]
      }
    },
    {
      "type": "Feature",
      "properties": {
        "class_id": 2,
        "classification": "Fold",
        "area": 1564.856489772834
      },
      "geometry": {
        "type": "Polygon",
        "coordinates": [
          [
            [
              65230.58252427184,
              37050.970873786406
            ],
            [
              65218.446601941745,
              37063.1067961165
            ],
            [
              65218.446601941745,
              37069.17475728155
            ],
            [
              65212.3786407767,
              37075.2427184466
            ],
            [
              65212.3786407767,
              37111.65048543689
            ],
            [
              65236.65048543689,
              37135.922330097084
            ],
            [
              65236.65048543689,
              37050.970873786406
            ],
            [
              65230.58252427184,
              37050.970873786406
            ]
          ]
        ]
      }
    },
    {
      "type": "Feature",
      "properties": {
        "class_id": 2,
        "classification": "Fold",
        "area": 8689.556037326796
      },
      "geometry": {
        "type": "Polygon",
        "coordinates": [
          [
            [
              52870.14563106796,
              36832.52427184466
            ],
            [
              52851.94174757281,
              36850.728155339806
            ],
            [
              52851.94174757281,
              36856.796116504855
            ],
            [
              52845.87378640776,
              36862.8640776699
            ],
            [
              52845.87378640776,
              36868.93203883495
            ],
            [
              52815.53398058252,
              36899.271844660194
            ],
            [
              52815.53398058252,
              37038.83495145631
            ],
            [
              52821.60194174757,
              37038.83495145631
            ],
            [
              52827.66990291262,
              37032.76699029126
            ],
            [
              52827.66990291262,
              37020.63106796116
            ],
            [
              52833.737864077666,
              37014.563106796115
            ],
            [
              52833.737864077666,
              36990.29126213592
            ],
            [
              52839.805825242714,
              36984.22330097087
            ],
            [
              52839.805825242714,
              36978.155339805824
            ],
            [
              52845.87378640776,
              36972.087378640776
            ],
            [
              52845.87378640776,
              36966.01941747573
            ],
            [
              52851.94174757281,
              36959.95145631068
            ],
            [
              52851.94174757281,
              36941.74757281553
            ],
            [
              52845.87378640776,
              36935.679611650485
            ],
            [
              52851.94174757281,
              36929.611650485436
            ],
            [
              52864.07766990291,
              36929.611650485436
            ],
            [
              52870.14563106796,
              36923.54368932039
            ],
            [
              52876.213592233005,
              36923.54368932039
            ],
            [
              52882.281553398054,
              36917.47572815534
            ],
            [
              52888.3495145631,
              36917.47572815534
            ],
            [
              52900.4854368932,
              36905.33980582524
            ],
            [
              52900.4854368932,
              36899.271844660194
            ],
            [
              52906.55339805825,
              36893.203883495145
            ],
            [
              52906.55339805825,
              36862.8640776699
            ],
            [
              52900.4854368932,
              36856.796116504855
            ],
            [
              52900.4854368932,
              36844.66019417476
            ],
            [
              52894.41747572815,
              36838.59223300971
            ],
            [
              52888.3495145631,
              36838.59223300971
            ],
            [
              52882.281553398054,
              36832.52427184466
            ],
            [
              52870.14563106796,
              36832.52427184466
            ]
          ]
        ]
      }
    },
    {
      "type": "Feature",
      "properties": {
        "class_id": 2,
        "classification": "Fold",
        "area": 4179.08733151098
      },
      "geometry": {
        "type": "Polygon",
        "coordinates": [
          [
            [
              164660.19417475726,
              35012.1359223301
            ],
            [
              164660.19417475726,
              35078.88349514563
            ],
            [
              164672.33009708737,
              35091.01941747573
            ],
            [
              164666.26213592233,
              35097.087378640776
            ],
            [
              164666.26213592233,
              35103.155339805824
            ],
            [
              164660.19417475726,
              35109.22330097087
            ],
            [
              164660.19417475726,
              35115.29126213592
            ],
            [
              164678.3980582524,
              35133.49514563107
            ],
            [
              164684.46601941745,
              35127.42718446602
            ],
            [
              164720.87378640776,
              35127.42718446602
            ],
            [
              164726.9417475728,
              35121.35922330097
            ],
            [
              164726.9417475728,
              35109.22330097087
            ],
            [
              164714.8058252427,
              35097.087378640776
            ],
            [
              164708.73786407764,
              35097.087378640776
            ],
            [
              164702.6699029126,
              35091.01941747573
            ],
            [
              164696.60194174756,
              35091.01941747573
            ],
            [
              164684.46601941745,
              35078.88349514563
            ],
            [
              164690.53398058252,
              35072.81553398058
            ],
            [
              164690.53398058252,
              35036.40776699029
            ],
            [
              164684.46601941745,
              35030.33980582524
            ],
            [
              164684.46601941745,
              35024.271844660194
            ],
            [
              164678.3980582524,
              35018.203883495145
            ],
            [
              164678.3980582524,
              35012.1359223301
            ],
            [
              164660.19417475726,
              35012.1359223301
            ]
          ]
        ]
      }
    },
    {
      "type": "Feature",
      "properties": {
        "class_id": 2,
        "classification": "Fold",
        "area": 2430.1300782354597
      },
      "geometry": {
        "type": "Polygon",
        "coordinates": [
          [
            [
              164660.19417475726,
              34617.71844660194
            ],
            [
              164660.19417475726,
              34684.46601941747
            ],
            [
              164678.3980582524,
              34684.46601941747
            ],
            [
              164684.46601941745,
              34678.398058252424
            ],
            [
              164690.53398058252,
              34678.398058252424
            ],
            [
              164702.6699029126,
              34666.26213592233
            ],
            [
              164702.6699029126,
              34641.99029126213
            ],
            [
              164696.60194174756,
              34635.922330097084
            ],
            [
              164696.60194174756,
              34629.854368932036
            ],
            [
              164684.46601941745,
              34617.71844660194
            ],
            [
              164660.19417475726,
              34617.71844660194
            ]
          ]
        ]
      }
    },
    {
      "type": "Feature",
      "properties": {
        "class_id": 2,
        "classification": "Fold",
        "area": 330921.1223960787
      },
      "geometry": {
        "type": "Polygon",
        "coordinates": [
          [
            [
              164842.23300970873,
              34599.51456310679
            ],
            [
              164842.23300970873,
              34611.65048543689
            ],
            [
              164836.16504854368,
              34617.71844660194
            ],
            [
              164836.16504854368,
              34629.854368932036
            ],
            [
              164824.02912621357,
              34641.99029126213
            ],
            [
              164824.02912621357,
              34648.05825242718
            ],
            [
              164811.8932038835,
              34660.19417475728
            ],
            [
              164811.8932038835,
              34726.94174757281
            ],
            [
              164817.96116504853,
              34733.00970873786
            ],
            [
              164817.96116504853,
              34739.07766990291
            ],
            [
              164811.8932038835,
              34745.14563106796
            ],
            [
              164811.8932038835,
              34757.281553398054
            ],
            [
              164805.82524271842,
              34763.3495145631
            ],
            [
              164805.82524271842,
              34769.41747572815
            ],
            [
              164799.75728155338,
              34775.4854368932
            ],
            [
              164799.75728155338,
              34781.55339805825
            ],
            [
              164793.68932038834,
              34787.621359223296
            ],
            [
              164793.68932038834,
              34793.689320388345
            ],
            [
              164787.6213592233,
              34799.75728155339
            ],
            [
              164787.6213592233,
              34805.82524271844
            ],
            [
              164781.55339805823,
              34811.89320388349
            ],
            [
              164781.55339805823,
              34824.02912621359
            ],
            [
              164775.48543689318,
              34830.097087378635
            ],
            [
              164775.48543689318,
              34848.30097087378
            ],
            [
              164769.41747572814,
              34854.36893203883
            ],
            [
              164769.41747572814,
              34860.43689320388
            ],
            [
              164763.3495145631,
              34866.504854368926
            ],
            [
              164763.3495145631,
              34878.64077669902
            ],
            [
              164757.28155339803,
              34884.70873786407
            ],
            [
              164757.28155339803,
              34915.048543689314
            ],
            [
              164751.213592233,
              34921.11650485436
            ],
            [
              164757.28155339803,
              34927.18446601942
            ],
            [
              164757.28155339803,
              34939.320388349515
            ],
            [
              164763.3495145631,
              34945.388349514564
            ],
            [
              164763.3495145631,
              34951.45631067961
            ],
            [
              164769.41747572814,
              34957.52427184466
            ],
            [
              164769.41747572814,
              34969.66019417476
            ],
            [
              164775.48543689318,
              34975.728155339806
            ],
            [
              164775.48543689318,
              34987.8640776699
            ],
            [
              164781.55339805823,
              34993.93203883495
            ],
            [
              164781.55339805823,
              35006.06796116505
            ],
            [
              164787.6213592233,
              35012.1359223301
            ],
            [
              164787.6213592233,
              35048.54368932039
            ],
            [
              164793.68932038834,
              35054.611650485436
            ],
            [
              164793.68932038834,
              35072.81553398058
            ],
            [
              164830.0970873786,
              35109.22330097087
            ],
            [
              164830.0970873786,
              35157.76699029126
            ],
            [
              164836.16504854368,
              35163.83495145631
            ],
            [
              164836.16504854368,
              35169.90291262136
            ],
            [
              164842.23300970873,
              35175.970873786406
            ],
            [
              164842.23300970873,
              35194.17475728155
            ],
            [
              164848.30097087377,
              35200.2427184466
            ],
            [
              164848.30097087377,
              35230.58252427184
            ],
            [
              164842.23300970873,
              35236.65048543689
            ],
            [
              164836.16504854368,
              35236.65048543689
            ],
            [
              164830.0970873786,
              35242.71844660194
            ],
            [
              164824.02912621357,
              35236.65048543689
            ],
            [
              164817.96116504853,
              35236.65048543689
            ],
            [
              164763.3495145631,
              35182.038834951454
            ],
            [
              164757.28155339803,
              35182.038834951454
            ],
            [
              164751.213592233,
              35175.970873786406
            ],
            [
              164678.3980582524,
              35175.970873786406
            ],
            [
              164678.3980582524,
              35188.1067961165
            ],
            [
              164660.19417475726,
              35206.31067961165
            ],
            [
              164660.19417475726,
              36577.66990291262
            ],
            [
              164666.26213592233,
              36577.66990291262
            ],
            [
              164678.3980582524,
              36565.53398058252
            ],
            [
              164678.3980582524,
              36553.398058252424
            ],
            [
              164684.46601941745,
              36547.330097087375
            ],
            [
              164684.46601941745,
              36523.05825242718
            ],
            [
              164690.53398058252,
              36516.99029126213
            ],
            [
              164690.53398058252,
              36492.71844660194
            ],
            [
              164696.60194174756,
              36486.65048543689
            ],
            [
              164696.60194174756,
              36474.51456310679
            ],
            [
              164702.6699029126,
              36468.446601941745
            ],
            [
              164702.6699029126,
              36462.3786407767
            ],
            [
              164708.73786407764,
              36456.31067961165
            ],
            [
              164708.73786407764,
              36450.2427184466
            ],
            [
              164739.0776699029,
              36419.90291262136
            ],
            [
              164745.14563106795,
              36419.90291262136
            ],
            [
              164757.28155339803,
              36407.76699029126
            ],
            [
              164757.28155339803,
              36401.69902912621
            ],
            [
              164769.41747572814,
              36389.563106796115
            ],
            [
              164769.41747572814,
              36383.49514563107
            ],
            [
              164775.48543689318,
              36377.42718446602
            ],
            [
              164775.48543689318,
              36334.95145631068
            ],
            [
              164781.55339805823,
              36328.88349514563
            ],
            [
              164787.6213592233,
              36328.88349514563
            ],
            [
              164793.68932038834,
              36322.81553398058
            ],
            [
              164793.68932038834,
              36286.40776699029
            ],
            [
              164787.6213592233,
              36280.33980582524
            ],
            [
              164787.6213592233,
              36268.203883495145
            ],
            [
              164781.55339805823,
              36262.1359223301
            ],
            [
              164781.55339805823,
              36231.796116504855
            ],
            [
              164787.6213592233,
              36225.728155339806
            ],
            [
              164787.6213592233,
              36207.52427184466
            ],
            [
              164793.68932038834,
              36201.45631067961
            ],
            [
              164793.68932038834,
              36183.25242718447
            ],
            [
              164799.75728155338,
              36177.18446601941
            ],
            [
              164799.75728155338,
              36165.048543689314
            ],
            [
              164805.82524271842,
              36158.980582524266
            ],
            [
              164805.82524271842,
              36116.504854368926
            ],
            [
              164811.8932038835,
              36110.43689320388
            ],
            [
              164811.8932038835,
              36104.36893203883
            ],
            [
              164817.96116504853,
              36098.30097087378
            ],
            [
              164817.96116504853,
              36086.165048543684
            ],
            [
              164824.02912621357,
              36080.097087378635
            ],
            [
              164824.02912621357,
              36067.96116504854
            ],
            [
              164830.0970873786,
              36061.89320388349
            ],
            [
              164830.0970873786,
              36043.689320388345
            ],
            [
              164824.02912621357,
              36037.621359223296
            ],
            [
              164824.02912621357,
              36031.55339805825
            ],
            [
              164830.0970873786,
              36025.4854368932
            ],
            [
              164830.0970873786,
              35995.14563106796
            ],
            [
              164836.16504854368,
              35989.07766990291
            ],
            [
              164836.16504854368,
              35976.94174757281
            ],
            [
              164830.0970873786,
              35970.87378640776
            ],
            [
              164830.0970873786,
              35873.78640776699
            ],
            [
              164836.16504854368,
              35867.71844660194
            ],
            [
              164836.16504854368,
              35855.58252427184
            ],
            [
              164842.23300970873,
              35849.51456310679
            ],
            [
              164842.23300970873,
              35843.446601941745
            ],
            [
              164848.30097087377,
              35837.3786407767
            ],
            [
              164848.30097087377,
              35825.2427184466
            ],
            [
              164854.3689320388,
              35819.17475728155
            ],
            [
              164854.3689320388,
              35807.038834951454
            ],
            [
              164866.50485436892,
              35794.90291262136
            ],
            [
              164866.50485436892,
              35788.83495145631
            ],
            [
              164872.57281553396,
              35782.76699029126
            ],
            [
              164872.57281553396,
              35776.69902912621
            ],
            [
              164878.64077669903,
              35770.63106796116
            ],
            [
              164878.64077669903,
              35764.563106796115
            ],
            [
              164890.7766990291,
              35752.42718446602
            ],
            [
              164890.7766990291,
              35746.35922330097
            ],
            [
              164896.84466019415,
              35740.29126213592
            ],
            [
              164896.84466019415,
              35728.155339805824
            ],
            [
              164915.0485436893,
              35709.95145631068
            ],
            [
              164915.0485436893,
              35697.81553398058
            ],
            [
              164921.11650485435,
              35691.74757281553
            ],
            [
              164921.11650485435,
              35685.679611650485
            ],
            [
              164927.18446601942,
              35679.611650485436
            ],
            [
              164927.18446601942,
              35661.40776699029
            ],
            [
              164933.25242718446,
              35655.33980582524
            ],
            [
              164933.25242718446,
              35612.8640776699
            ],
            [
              164939.3203883495,
              35606.796116504855
            ],
            [
              164939.3203883495,
              35564.320388349515
            ],
            [
              164945.38834951454,
              35558.25242718447
            ],
            [
              164945.38834951454,
              35527.91262135922
            ],
            [
              164951.4563106796,
              35521.84466019417
            ],
            [
              164951.4563106796,
              35442.96116504854
            ],
            [
              164945.38834951454,
              35436.89320388349
            ],
            [
              164945.38834951454,
              35412.621359223296
            ],
            [
              164939.3203883495,
              35406.55339805825
            ],
            [
              164939.3203883495,
              35364.07766990291
            ],
            [
              164945.38834951454,
              35358.00970873786
            ],
            [
              164945.38834951454,
              35351.94174757281
            ],
            [
              164951.4563106796,
              35345.87378640776
            ],
            [
              164951.4563106796,
              35339.805825242714
            ],
            [
              164963.5922330097,
              35327.66990291262
            ],
            [
              164963.5922330097,
              35309.46601941747
            ],
            [
              164957.52427184465,
              35303.398058252424
            ],
            [
              164957.52427184465,
              35248.78640776699
            ],
            [
              164963.5922330097,
              35242.71844660194
            ],
            [
              164963.5922330097,
              35218.446601941745
            ],
            [
              164957.52427184465,
              35212.3786407767
            ],
            [
              164957.52427184465,
              35163.83495145631
            ],
            [
              164951.4563106796,
              35157.76699029126
            ],
            [
              164951.4563106796,
              35139.563106796115
            ],
            [
              164945.38834951454,
              35133.49514563107
            ],
            [
              164945.38834951454,
              35127.42718446602
            ],
            [
              164939.3203883495,
              35121.35922330097
            ],
            [
              164939.3203883495,
              35091.01941747573
            ],
            [
              164933.25242718446,
              35084.95145631068
            ],
            [
              164933.25242718446,
              35024.271844660194
            ],
            [
              164927.18446601942,
              35018.203883495145
            ],
            [
              164927.18446601942,
              35006.06796116505
            ],
            [
              164921.11650485435,
              35000.0
            ],
            [
              164921.11650485435,
              34939.320388349515
            ],
            [
              164915.0485436893,
              34933.25242718447
            ],
            [
              164915.0485436893,
              34902.91262135922
            ],
            [
              164921.11650485435,
              34896.84466019417
            ],
            [
              164921.11650485435,
              34878.64077669902
            ],
            [
              164915.0485436893,
              34872.572815533975
            ],
            [
              164915.0485436893,
              34866.504854368926
            ],
            [
              164908.98058252427,
              34860.43689320388
            ],
            [
              164908.98058252427,
              34842.23300970873
            ],
            [
              164902.91262135922,
              34836.165048543684
            ],
            [
              164902.91262135922,
              34824.02912621359
            ],
            [
              164896.84466019415,
              34817.96116504854
            ],
            [
              164896.84466019415,
              34805.82524271844
            ],
            [
              164890.7766990291,
              34799.75728155339
            ],
            [
              164890.7766990291,
              34775.4854368932
            ],
            [
              164884.70873786407,
              34769.41747572815
            ],
            [
              164884.70873786407,
              34757.281553398054
            ],
            [
              164878.64077669903,
              34751.213592233005
            ],
            [
              164878.64077669903,
              34745.14563106796
            ],
            [
              164866.50485436892,
              34733.00970873786
            ],
            [
              164866.50485436892,
              34702.66990291262
            ],
            [
              164872.57281553396,
              34696.60194174757
            ],
            [
              164872.57281553396,
              34678.398058252424
            ],
            [
              164878.64077669903,
              34672.330097087375
            ],
            [
              164878.64077669903,
              34654.12621359223
            ],
            [
              164872.57281553396,
              34648.05825242718
            ],
            [
              164872.57281553396,
              34629.854368932036
            ],
            [
              164860.43689320388,
              34617.71844660194
            ],
            [
              164860.43689320388,
              34611.65048543689
            ],
            [
              164854.3689320388,
              34605.58252427184
            ],
            [
              164848.30097087377,
              34605.58252427184
            ],
            [
              164842.23300970873,
              34599.51456310679
            ]
          ]
        ]
      }
    },
    {
      "type": "Feature",
      "properties": {
        "class_id": 2,
        "classification": "Fold",
        "area": 36.82015270053727
      },
      "geometry": {
        "type": "Polygon",
        "coordinates": [
          [
            [
              164799.75728155338,
              34490.29126213592
            ],
            [
              164799.75728155338,
              34508.49514563107
            ],
            [
              164805.82524271842,
              34514.563106796115
            ],
            [
              164805.82524271842,
              34520.63106796116
            ],
            [
              164805.82524271842,
              34508.49514563107
            ],
            [
              164799.75728155338,
              34502.42718446602
            ],
            [
              164799.75728155338,
              34490.29126213592
            ]
          ]
        ]
      }
    },
    {
      "type": "Feature",
      "properties": {
        "class_id": 2,
        "classification": "Fold",
        "area": 386.61160335564136
      },
      "geometry": {
        "type": "Polygon",
        "coordinates": [
          [
            [
              69095.87378640776,
              34156.55339805825
            ],
            [
              69083.73786407766,
              34168.689320388345
            ],
            [
              69126.213592233,
              34168.689320388345
            ],
            [
              69126.213592233,
              34162.621359223296
            ],
            [
              69120.14563106795,
              34162.621359223296
            ],
            [
              69114.07766990291,
              34156.55339805825
            ],
            [
              69095.87378640776,
              34156.55339805825
            ]
          ]
        ]
      }
    },
    {
      "type": "Feature",
      "properties": {
        "class_id": 2,
        "classification": "Fold",
        "area": 2356.4897728343853
      },
      "geometry": {
        "type": "Polygon",
        "coordinates": [
          [
            [
              69186.89320388349,
              34138.3495145631
            ],
            [
              69180.82524271843,
              34144.41747572815
            ],
            [
              69174.7572815534,
              34144.41747572815
            ],
            [
              69174.7572815534,
              34150.4854368932
            ],
            [
              69162.6213592233,
              34162.621359223296
            ],
            [
              69168.68932038834,
              34168.689320388345
            ],
            [
              69283.98058252427,
              34168.689320388345
            ],
            [
              69283.98058252427,
              34162.621359223296
            ],
            [
              69271.84466019417,
              34150.4854368932
            ],
            [
              69253.64077669903,
              34150.4854368932
            ],
            [
              69247.57281553397,
              34156.55339805825
            ],
            [
              69241.50485436893,
              34156.55339805825
            ],
            [
              69235.43689320388,
              34150.4854368932
            ],
            [
              69223.30097087378,
              34150.4854368932
            ],
            [
              69217.23300970874,
              34144.41747572815
            ],
            [
              69205.09708737863,
              34144.41747572815
            ],
            [
              69199.02912621359,
              34138.3495145631
            ],
            [
              69186.89320388349,
              34138.3495145631
            ]
          ]
        ]
      }
    },
    {
      "type": "Feature",
      "properties": {
        "class_id": 2,
        "classification": "Fold",
        "area": 2540.5905363370716
      },
      "geometry": {
        "type": "Polygon",
        "coordinates": [
          [
            [
              14532.76699029126,
              34126.213592233005
            ],
            [
              14526.699029126212,
              34132.281553398054
            ],
            [
              14520.631067961163,
              34132.281553398054
            ],
            [
              14502.427184466018,
              34150.4854368932
            ],
            [
              14502.427184466018,
              34156.55339805825
            ],
            [
              14496.35922330097,
              34162.621359223296
            ],
            [
              14496.35922330097,
              34168.689320388345
            ],
            [
              14581.31067961165,
              34168.689320388345
            ],
            [
              14581.31067961165,
              34162.621359223296
            ],
            [
              14575.242718446601,
              34156.55339805825
            ],
            [
              14575.242718446601,
              34150.4854368932
            ],
            [
              14557.038834951456,
              34132.281553398054
            ],
            [
              14550.970873786408,
              34132.281553398054
            ],
            [
              14544.902912621357,
              34126.213592233005
            ],
            [
              14532.76699029126,
              34126.213592233005
            ]
          ]
        ]
      }
    },
    {
      "type": "Feature",
      "properties": {
        "class_id": 2,
        "classification": "Fold",
        "area": 239.33099255349225
      },
      "geometry": {
        "type": "Polygon",
        "coordinates": [
          [
            [
              94186.89320388349,
              33349.51456310679
            ],
            [
              94180.82524271843,
              33355.58252427184
            ],
            [
              94180.82524271843,
              33361.65048543689
            ],
            [
              94199.02912621359,
              33361.65048543689
            ],
            [
              94205.09708737863,
              33355.58252427184
            ],
            [
              94199.02912621359,
              33349.51456310679
            ],
            [
              94186.89320388349,
              33349.51456310679
            ]
          ]
        ]
      }
    },
    {
      "type": "Feature",
      "properties": {
        "class_id": 2,
        "classification": "Fold",
        "area": 717.9929776604768
      },
      "geometry": {
        "type": "Polygon",
        "coordinates": [
          [
            [
              49702.66990291262,
              33015.77669902912
            ],
            [
              49684.46601941747,
              33033.980582524266
            ],
            [
              49684.46601941747,
              33052.18446601942
            ],
            [
              49690.53398058252,
              33058.25242718447
            ],
            [
              49690.53398058252,
              33064.320388349515
            ],
            [
              49696.60194174757,
              33070.388349514564
            ],
            [
              49702.66990291262,
              33070.388349514564
            ],
            [
              49702.66990291262,
              33015.77669902912
            ]
          ]
        ]
      }
    },
    {
      "type": "Feature",
      "properties": {
        "class_id": 2,
        "classification": "Fold",
        "area": 184.10076350268636
      },
      "geometry": {
        "type": "Polygon",
        "coordinates": [
          [
            [
              90084.95145631068,
              32797.330097087375
            ],
            [
              90078.88349514562,
              32803.398058252424
            ],
            [
              90078.88349514562,
              32809.46601941747
            ],
            [
              90084.95145631068,
              32815.53398058252
            ],
            [
              90091.01941747572,
              32815.53398058252
            ],
            [
              90091.01941747572,
              32797.330097087375
            ],
            [
              90084.95145631068,
              32797.330097087375
            ]
          ]
        ]
      }
    },
    {
      "type": "Feature",
      "properties": {
        "class_id": 2,
        "classification": "Fold",
        "area": 16605.88886794231
      },
      "geometry": {
        "type": "Polygon",
        "coordinates": [
          [
            [
              49702.66990291262,
              32663.83495145631
            ],
            [
              49690.53398058252,
              32675.970873786406
            ],
            [
              49690.53398058252,
              32694.17475728155
            ],
            [
              49684.46601941747,
              32700.2427184466
            ],
            [
              49684.46601941747,
              32712.378640776697
            ],
            [
              49678.398058252424,
              32718.446601941745
            ],
            [
              49678.398058252424,
              32724.514563106794
            ],
            [
              49672.330097087375,
              32730.582524271842
            ],
            [
              49672.330097087375,
              32736.65048543689
            ],
            [
              49666.26213592233,
              32742.71844660194
            ],
            [
              49660.19417475728,
              32742.71844660194
            ],
            [
              49654.12621359223,
              32748.786407766987
            ],
            [
              49623.78640776699,
              32748.786407766987
            ],
            [
              49623.78640776699,
              32754.854368932036
            ],
            [
              49617.71844660194,
              32760.922330097084
            ],
            [
              49617.71844660194,
              32773.05825242718
            ],
            [
              49611.65048543689,
              32779.12621359223
            ],
            [
              49611.65048543689,
              32797.330097087375
            ],
            [
              49605.58252427184,
              32803.398058252424
            ],
            [
              49605.58252427184,
              32870.14563106796
            ],
            [
              49611.65048543689,
              32876.213592233005
            ],
            [
              49611.65048543689,
              32882.281553398054
            ],
            [
              49623.78640776699,
              32894.41747572815
            ],
            [
              49629.854368932036,
              32894.41747572815
            ],
            [
              49635.922330097084,
              32900.4854368932
            ],
            [
              49654.12621359223,
              32900.4854368932
            ],
            [
              49660.19417475728,
              32906.55339805825
            ],
            [
              49666.26213592233,
              32906.55339805825
            ],
            [
              49678.398058252424,
              32918.689320388345
            ],
            [
              49678.398058252424,
              32924.75728155339
            ],
            [
              49696.60194174757,
              32942.96116504854
            ],
            [
              49702.66990291262,
              32942.96116504854
            ],
            [
              49702.66990291262,
              32663.83495145631
            ]
          ]
        ]
      }
    },
    {
      "type": "Feature",
      "properties": {
        "class_id": 2,
        "classification": "Fold",
        "area": 1123.0146573663867
      },
      "geometry": {
        "type": "Polygon",
        "coordinates": [
          [
            [
              167766.99029126213,
              31680.825242718445
            ],
            [
              167766.99029126213,
              31729.368932038833
            ],
            [
              167779.12621359222,
              31729.368932038833
            ],
            [
              167791.26213592233,
              31717.233009708736
            ],
            [
              167791.26213592233,
              31705.09708737864
            ],
            [
              167797.33009708737,
              31699.02912621359
            ],
            [
              167791.26213592233,
              31692.961165048542
            ],
            [
              167791.26213592233,
              31686.893203883494
            ],
            [
              167785.19417475726,
              31680.825242718445
            ],
            [
              167766.99029126213,
              31680.825242718445
            ]
          ]
        ]
      }
    },
    {
      "type": "Feature",
      "properties": {
        "class_id": 2,
        "classification": "Fold",
        "area": 220.9209162032236
      },
      "geometry": {
        "type": "Polygon",
        "coordinates": [
          [
            [
              167851.9417475728,
              31650.485436893203
            ],
            [
              167827.6699029126,
              31674.757281553397
            ],
            [
              167839.8058252427,
              31674.757281553397
            ],
            [
              167851.9417475728,
              31662.6213592233
            ],
            [
              167851.9417475728,
              31650.485436893203
            ]
          ]
        ]
      }
    },
    {
      "type": "Feature",
      "properties": {
        "class_id": 2,
        "classification": "Fold",
        "area": 2614.2308417381464
      },
      "geometry": {
        "type": "Polygon",
        "coordinates": [
          [
            [
              167936.8932038835,
              31523.05825242718
            ],
            [
              167936.8932038835,
              31529.12621359223
            ],
            [
              167918.68932038834,
              31547.330097087375
            ],
            [
              167912.6213592233,
              31547.330097087375
            ],
            [
              167906.55339805823,
              31553.398058252424
            ],
            [
              167906.55339805823,
              31559.466019417472
            ],
            [
              167900.48543689318,
              31565.53398058252
            ],
            [
              167900.48543689318,
              31583.737864077666
            ],
            [
              167894.41747572814,
              31589.805825242714
            ],
            [
              167894.41747572814,
              31595.873786407763
            ],
            [
              167888.3495145631,
              31601.94174757281
            ],
            [
              167900.48543689318,
              31601.94174757281
            ],
            [
              167906.55339805823,
              31608.00970873786
            ],
            [
              167912.6213592233,
              31608.00970873786
            ],
            [
              167918.68932038834,
              31614.07766990291
            ],
            [
              167936.8932038835,
              31595.873786407763
            ],
            [
              167936.8932038835,
              31589.805825242714
            ],
            [
              167942.96116504853,
              31583.737864077666
            ],
            [
              167942.96116504853,
              31541.262135922327
            ],
            [
              167936.8932038835,
              31535.19417475728
            ],
            [
              167936.8932038835,
              31523.05825242718
            ]
          ]
        ]
      }
    },
    {
      "type": "Feature",
      "properties": {
        "class_id": 2,
        "classification": "Fold",
        "area": 312.9712979545668
      },
      "geometry": {
        "type": "Polygon",
        "coordinates": [
          [
            [
              129629.85436893204,
              31067.961165048542
            ],
            [
              129635.92233009708,
              31074.02912621359
            ],
            [
              129641.99029126213,
              31074.02912621359
            ],
            [
              129648.05825242717,
              31080.09708737864
            ],
            [
              129660.19417475727,
              31080.09708737864
            ],
            [
              129666.26213592233,
              31074.02912621359
            ],
            [
              129666.26213592233,
              31067.961165048542
            ],
            [
              129629.85436893204,
              31067.961165048542
            ]
          ]
        ]
      }
    },
    {
      "type": "Feature",
      "properties": {
        "class_id": 2,
        "classification": "Fold",
        "area": 39010.95178621924
      },
      "geometry": {
        "type": "Polygon",
        "coordinates": [
          [
            [
              69745.14563106795,
              31067.961165048542
            ],
            [
              69745.14563106795,
              31080.09708737864
            ],
            [
              69751.213592233,
              31086.165048543688
            ],
            [
              69751.213592233,
              31092.233009708736
            ],
            [
              69757.28155339805,
              31098.300970873785
            ],
            [
              69757.28155339805,
              31116.50485436893
            ],
            [
              69763.3495145631,
              31122.57281553398
            ],
            [
              69763.3495145631,
              31389.563106796115
            ],
            [
              69769.41747572814,
              31395.631067961163
            ],
            [
              69769.41747572814,
              31432.038834951454
            ],
            [
              69775.4854368932,
              31438.106796116503
            ],
            [
              69775.4854368932,
              31516.990291262133
            ],
            [
              69781.55339805824,
              31523.05825242718
            ],
            [
              69781.55339805824,
              31553.398058252424
            ],
            [
              69787.6213592233,
              31559.466019417472
            ],
            [
              69787.6213592233,
              31565.53398058252
            ],
            [
              69793.68932038834,
              31571.60194174757
            ],
            [
              69811.89320388349,
              31571.60194174757
            ],
            [
              69817.96116504853,
              31565.53398058252
            ],
            [
              69817.96116504853,
              31516.990291262133
            ],
            [
              69824.02912621359,
              31510.922330097084
            ],
            [
              69824.02912621359,
              31444.17475728155
            ],
            [
              69830.09708737863,
              31438.106796116503
            ],
            [
              69830.09708737863,
              31401.699029126212
            ],
            [
              69836.16504854368,
              31395.631067961163
            ],
            [
              69836.16504854368,
              31347.087378640776
            ],
            [
              69842.23300970873,
              31341.019417475727
            ],
            [
              69842.23300970873,
              31328.88349514563
            ],
            [
              69848.30097087378,
              31322.81553398058
            ],
            [
              69848.30097087378,
              31310.679611650485
            ],
            [
              69854.36893203884,
              31304.611650485436
            ],
            [
              69854.36893203884,
              31286.407766990287
            ],
            [
              69860.43689320388,
              31280.33980582524
            ],
            [
              69860.43689320388,
              31231.79611650485
            ],
            [
              69866.50485436893,
              31225.728155339802
            ],
            [
              69866.50485436893,
              31140.776699029124
            ],
            [
              69860.43689320388,
              31134.708737864075
            ],
            [
              69860.43689320388,
              31110.43689320388
            ],
            [
              69854.36893203884,
              31104.368932038833
            ],
            [
              69854.36893203884,
              31067.961165048542
            ],
            [
              69745.14563106795,
              31067.961165048542
            ]
          ]
        ]
      }
    },
    {
      "type": "Feature",
      "properties": {
        "class_id": 2,
        "classification": "Fold",
        "area": 883.6836648128944
      },
      "geometry": {
        "type": "Polygon",
        "coordinates": [
          [
            [
              167912.6213592233,
              31001.21359223301
            ],
            [
              167912.6213592233,
              31007.281553398057
            ],
            [
              167918.68932038834,
              31013.349514563106
            ],
            [
              167918.68932038834,
              31031.55339805825
            ],
            [
              167912.6213592233,
              31037.6213592233
            ],
            [
              167912.6213592233,
              31043.68932038835
            ],
            [
              167900.48543689318,
              31055.825242718445
            ],
            [
              167888.3495145631,
              31055.825242718445
            ],
            [
              167882.28155339803,
              31049.757281553397
            ],
            [
              167876.213592233,
              31055.825242718445
            ],
            [
              167882.28155339803,
              31061.893203883494
            ],
            [
              167924.75728155338,
              31061.893203883494
            ],
            [
              167924.75728155338,
              31007.281553398057
            ],
            [
              167918.68932038834,
              31001.21359223301
            ],
            [
              167912.6213592233,
              31001.21359223301
            ]
          ]
        ]
      }
    },
    {
      "type": "Feature",
      "properties": {
        "class_id": 2,
        "classification": "Fold",
        "area": 19551.50108398529
      },
      "geometry": {
        "type": "Polygon",
        "coordinates": [
          [
            [
              157269.41747572814,
              30849.514563106794
            ],
            [
              157257.28155339803,
              30861.65048543689
            ],
            [
              157257.28155339803,
              30879.854368932036
            ],
            [
              157251.213592233,
              30885.922330097084
            ],
            [
              157251.213592233,
              30904.12621359223
            ],
            [
              157245.14563106795,
              30910.19417475728
            ],
            [
              157245.14563106795,
              30928.398058252424
            ],
            [
              157239.0776699029,
              30934.466019417472
            ],
            [
              157239.0776699029,
              30964.805825242714
            ],
            [
              157233.00970873784,
              30970.873786407763
            ],
            [
              157233.00970873784,
              30995.14563106796
            ],
            [
              157226.9417475728,
              31001.21359223301
            ],
            [
              157226.9417475728,
              31043.68932038835
            ],
            [
              157220.87378640776,
              31049.757281553397
            ],
            [
              157220.87378640776,
              31061.893203883494
            ],
            [
              157354.36893203884,
              31061.893203883494
            ],
            [
              157354.36893203884,
              31043.68932038835
            ],
            [
              157348.30097087377,
              31037.6213592233
            ],
            [
              157348.30097087377,
              31007.281553398057
            ],
            [
              157342.23300970873,
              31001.21359223301
            ],
            [
              157342.23300970873,
              30976.94174757281
            ],
            [
              157336.16504854368,
              30970.873786407763
            ],
            [
              157336.16504854368,
              30964.805825242714
            ],
            [
              157330.09708737864,
              30958.737864077666
            ],
            [
              157330.09708737864,
              30946.60194174757
            ],
            [
              157324.02912621357,
              30940.53398058252
            ],
            [
              157324.02912621357,
              30922.330097087375
            ],
            [
              157317.96116504853,
              30916.262135922327
            ],
            [
              157317.96116504853,
              30879.854368932036
            ],
            [
              157311.8932038835,
              30873.786407766987
            ],
            [
              157311.8932038835,
              30867.71844660194
            ],
            [
              157293.68932038834,
              30849.514563106794
            ],
            [
              157269.41747572814,
              30849.514563106794
            ]
          ]
        ]
      }
    },
    {
      "type": "Feature",
      "properties": {
        "class_id": 2,
        "classification": "Fold",
        "area": 2559.0006126873404
      },
      "geometry": {
        "type": "Polygon",
        "coordinates": [
          [
            [
              167882.28155339803,
              30800.970873786406
            ],
            [
              167882.28155339803,
              30813.106796116503
            ],
            [
              167876.213592233,
              30819.17475728155
            ],
            [
              167876.213592233,
              30867.71844660194
            ],
            [
              167882.28155339803,
              30873.786407766987
            ],
            [
              167882.28155339803,
              30891.990291262133
            ],
            [
              167888.3495145631,
              30898.05825242718
            ],
            [
              167894.41747572814,
              30898.05825242718
            ],
            [
              167900.48543689318,
              30904.12621359223
            ],
            [
              167900.48543689318,
              30910.19417475728
            ],
            [
              167906.55339805823,
              30916.262135922327
            ],
            [
              167906.55339805823,
              30946.60194174757
            ],
            [
              167906.55339805823,
              30934.466019417472
            ],
            [
              167912.6213592233,
              30928.398058252424
            ],
            [
              167912.6213592233,
              30879.854368932036
            ],
            [
              167906.55339805823,
              30873.786407766987
            ],
            [
              167906.55339805823,
              30843.446601941745
            ],
            [
              167900.48543689318,
              30837.378640776697
            ],
            [
              167900.48543689318,
              30831.310679611648
            ],
            [
              167894.41747572814,
              30825.2427184466
            ],
            [
              167894.41747572814,
              30819.17475728155
            ],
            [
              167882.28155339803,
              30807.038834951454
            ],
            [
              167882.28155339803,
              30800.970873786406
            ]
          ]
        ]
      }
    },
    {
      "type": "Feature",
      "properties": {
        "class_id": 2,
        "classification": "Fold",
        "area": 44570.79484400037
      },
      "geometry": {
        "type": "Polygon",
        "coordinates": [
          [
            [
              121686.89320388349,
              30782.76699029126
            ],
            [
              121680.82524271843,
              30788.83495145631
            ],
            [
              121674.7572815534,
              30788.83495145631
            ],
            [
              121668.68932038834,
              30794.902912621357
            ],
            [
              121668.68932038834,
              30825.2427184466
            ],
            [
              121705.09708737863,
              30861.65048543689
            ],
            [
              121711.16504854368,
              30861.65048543689
            ],
            [
              121741.50485436892,
              30891.990291262133
            ],
            [
              121747.57281553397,
              30891.990291262133
            ],
            [
              121808.25242718446,
              30952.669902912618
            ],
            [
              121808.25242718446,
              30958.737864077666
            ],
            [
              121820.38834951456,
              30970.873786407763
            ],
            [
              121820.38834951456,
              31001.21359223301
            ],
            [
              121796.11650485436,
              31025.485436893203
            ],
            [
              121790.0485436893,
              31025.485436893203
            ],
            [
              121783.98058252427,
              31031.55339805825
            ],
            [
              121777.91262135921,
              31031.55339805825
            ],
            [
              121771.84466019417,
              31037.6213592233
            ],
            [
              121759.70873786407,
              31037.6213592233
            ],
            [
              121753.64077669902,
              31043.68932038835
            ],
            [
              121656.55339805824,
              31043.68932038835
            ],
            [
              121650.4854368932,
              31049.757281553397
            ],
            [
              121638.3495145631,
              31049.757281553397
            ],
            [
              121632.28155339805,
              31055.825242718445
            ],
            [
              121620.14563106795,
              31055.825242718445
            ],
            [
              121620.14563106795,
              31061.893203883494
            ],
            [
              122057.03883495144,
              31061.893203883494
            ],
            [
              122057.03883495144,
              31055.825242718445
            ],
            [
              122050.9708737864,
              31055.825242718445
            ],
            [
              122038.8349514563,
              31043.68932038835
            ],
            [
              122032.76699029125,
              31043.68932038835
            ],
            [
              122026.6990291262,
              31037.6213592233
            ],
            [
              122020.63106796115,
              31037.6213592233
            ],
            [
              122014.56310679611,
              31031.55339805825
            ],
            [
              122008.49514563105,
              31031.55339805825
            ],
            [
              122002.42718446601,
              31025.485436893203
            ],
            [
              121996.35922330095,
              31025.485436893203
            ],
            [
              121978.15533980582,
              31007.281553398057
            ],
            [
              121978.15533980582,
              31001.21359223301
            ],
            [
              121966.01941747572,
              30989.07766990291
            ],
            [
              121966.01941747572,
              30983.00970873786
            ],
            [
              121959.95145631066,
              30976.94174757281
            ],
            [
              121959.95145631066,
              30970.873786407763
            ],
            [
              121947.81553398057,
              30958.737864077666
            ],
            [
              121947.81553398057,
              30952.669902912618
            ],
            [
              121887.13592233008,
              30891.990291262133
            ],
            [
              121881.06796116504,
              30891.990291262133
            ],
            [
              121862.86407766989,
              30873.786407766987
            ],
            [
              121856.79611650485,
              30873.786407766987
            ],
            [
              121838.5922330097,
              30855.582524271842
            ],
            [
              121832.52427184465,
              30855.582524271842
            ],
            [
              121820.38834951456,
              30843.446601941745
            ],
            [
              121814.3203883495,
              30843.446601941745
            ],
            [
              121790.0485436893,
              30819.17475728155
            ],
            [
              121783.98058252427,
              30819.17475728155
            ],
            [
              121765.77669902911,
              30800.970873786406
            ],
            [
              121759.70873786407,
              30800.970873786406
            ],
            [
              121753.64077669902,
              30794.902912621357
            ],
            [
              121747.57281553397,
              30794.902912621357
            ],
            [
              121741.50485436892,
              30788.83495145631
            ],
            [
              121729.36893203882,
              30788.83495145631
            ],
            [
              121723.30097087378,
              30782.76699029126
            ],
            [
              121686.89320388349,
              30782.76699029126
            ]
          ]
        ]
      }
    },
    {
      "type": "Feature",
      "properties": {
        "class_id": 2,
        "classification": "Fold",
        "area": 47313.89622019039
      },
      "geometry": {
        "type": "Polygon",
        "coordinates": [
          [
            [
              167766.99029126213,
              30066.747572815533
            ],
            [
              167766.99029126213,
              30521.844660194172
            ],
            [
              167773.05825242717,
              30521.844660194172
            ],
            [
              167779.12621359222,
              30527.91262135922
            ],
            [
              167779.12621359222,
              30540.048543689318
            ],
            [
              167797.33009708737,
              30558.252427184463
            ],
            [
              167803.3980582524,
              30558.252427184463
            ],
            [
              167821.60194174756,
              30576.45631067961
            ],
            [
              167821.60194174756,
              30582.524271844657
            ],
            [
              167839.8058252427,
              30600.728155339802
            ],
            [
              167839.8058252427,
              30606.79611650485
            ],
            [
              167851.9417475728,
              30618.932038834948
            ],
            [
              167851.9417475728,
              30631.067961165045
            ],
            [
              167858.00970873784,
              30637.135922330093
            ],
            [
              167858.00970873784,
              30649.27184466019
            ],
            [
              167864.0776699029,
              30655.33980582524
            ],
            [
              167864.0776699029,
              30661.407766990287
            ],
            [
              167870.14563106795,
              30667.475728155336
            ],
            [
              167870.14563106795,
              30679.611650485436
            ],
            [
              167876.213592233,
              30685.679611650485
            ],
            [
              167876.213592233,
              30709.95145631068
            ],
            [
              167882.28155339803,
              30716.019417475727
            ],
            [
              167882.28155339803,
              30734.223300970873
            ],
            [
              167882.28155339803,
              30697.81553398058
            ],
            [
              167888.3495145631,
              30691.747572815533
            ],
            [
              167888.3495145631,
              30679.611650485436
            ],
            [
              167894.41747572814,
              30673.543689320384
            ],
            [
              167894.41747572814,
              30631.067961165045
            ],
            [
              167888.3495145631,
              30624.999999999996
            ],
            [
              167888.3495145631,
              30552.184466019415
            ],
            [
              167882.28155339803,
              30546.116504854366
            ],
            [
              167882.28155339803,
              30503.640776699027
            ],
            [
              167876.213592233,
              30497.57281553398
            ],
            [
              167876.213592233,
              30436.893203883494
            ],
            [
              167882.28155339803,
              30430.825242718445
            ],
            [
              167882.28155339803,
              30400.485436893203
            ],
            [
              167876.213592233,
              30394.417475728154
            ],
            [
              167876.213592233,
              30388.349514563106
            ],
            [
              167870.14563106795,
              30382.281553398057
            ],
            [
              167870.14563106795,
              30376.21359223301
            ],
            [
              167864.0776699029,
              30370.14563106796
            ],
            [
              167864.0776699029,
              30279.12621359223
            ],
            [
              167858.00970873784,
              30273.05825242718
            ],
            [
              167858.00970873784,
              30266.990291262133
            ],
            [
              167851.9417475728,
              30260.922330097084
            ],
            [
              167851.9417475728,
              30248.786407766987
            ],
            [
              167845.87378640776,
              30242.71844660194
            ],
            [
              167845.87378640776,
              30236.65048543689
            ],
            [
              167839.8058252427,
              30230.582524271842
            ],
            [
              167839.8058252427,
              30212.378640776697
            ],
            [
              167833.73786407764,
              30206.310679611648
            ],
            [
              167833.73786407764,
              30182.038834951454
            ],
            [
              167827.6699029126,
              30175.970873786406
            ],
            [
              167827.6699029126,
              30163.83495145631
            ],
            [
              167821.60194174756,
              30157.76699029126
            ],
            [
              167821.60194174756,
              30151.699029126212
            ],
            [
              167815.53398058252,
              30145.631067961163
            ],
            [
              167815.53398058252,
              30139.563106796115
            ],
            [
              167809.46601941745,
              30133.495145631066
            ],
            [
              167809.46601941745,
              30127.427184466018
            ],
            [
              167803.3980582524,
              30121.35922330097
            ],
            [
              167803.3980582524,
              30115.29126213592
            ],
            [
              167797.33009708737,
              30109.223300970873
            ],
            [
              167797.33009708737,
              30103.155339805824
            ],
            [
              167791.26213592233,
              30097.087378640776
            ],
            [
              167791.26213592233,
              30084.95145631068
            ],
            [
              167785.19417475726,
              30078.88349514563
            ],
            [
              167785.19417475726,
              30072.81553398058
            ],
            [
              167779.12621359222,
              30066.747572815533
            ],
            [
              167766.99029126213,
              30066.747572815533
            ]
          ]
        ]
      }
    },
    {
      "type": "Feature",
      "properties": {
        "class_id": 2,
        "classification": "Fold",
        "area": 734083.3843906116
      },
      "geometry": {
        "type": "Polygon",
        "coordinates": [
          [
            [
              166735.43689320388,
              29581.310679611648
            ],
            [
              166729.3689320388,
              29587.378640776697
            ],
            [
              166723.30097087377,
              29587.378640776697
            ],
            [
              166717.23300970873,
              29593.446601941745
            ],
            [
              166711.16504854368,
              29593.446601941745
            ],
            [
              166705.0970873786,
              29599.514563106794
            ],
            [
              166692.96116504853,
              29599.514563106794
            ],
            [
              166686.8932038835,
              29605.582524271842
            ],
            [
              166674.75728155338,
              29605.582524271842
            ],
            [
              166668.68932038834,
              29611.65048543689
            ],
            [
              166656.55339805823,
              29611.65048543689
            ],
            [
              166650.48543689318,
              29617.71844660194
            ],
            [
              166626.213592233,
              29617.71844660194
            ],
            [
              166620.14563106795,
              29611.65048543689
            ],
            [
              166608.00970873784,
              29611.65048543689
            ],
            [
              166601.9417475728,
              29605.582524271842
            ],
            [
              166595.87378640776,
              29605.582524271842
            ],
            [
              166583.73786407764,
              29617.71844660194
            ],
            [
              166583.73786407764,
              29635.922330097084
            ],
            [
              166589.8058252427,
              29641.990291262133
            ],
            [
              166589.8058252427,
              29654.12621359223
            ],
            [
              166595.87378640776,
              29660.19417475728
            ],
            [
              166595.87378640776,
              29684.466019417472
            ],
            [
              166601.9417475728,
              29690.53398058252
            ],
            [
              166601.9417475728,
              29708.737864077666
            ],
            [
              166608.00970873784,
              29714.805825242714
            ],
            [
              166608.00970873784,
              29726.94174757281
            ],
            [
              166614.0776699029,
              29733.009708737864
            ],
            [
              166614.0776699029,
              29745.14563106796
            ],
            [
              166620.14563106795,
              29751.21359223301
            ],
            [
              166620.14563106795,
              29757.281553398057
            ],
            [
              166626.213592233,
              29763.349514563106
            ],
            [
              166626.213592233,
              29769.417475728154
            ],
            [
              166632.28155339803,
              29775.485436893203
            ],
            [
              166632.28155339803,
              29781.55339805825
            ],
            [
              166638.3495145631,
              29787.6213592233
            ],
            [
              166638.3495145631,
              29799.757281553397
            ],
            [
              166644.41747572814,
              29805.825242718445
            ],
            [
              166644.41747572814,
              29817.961165048542
            ],
            [
              166650.48543689318,
              29824.02912621359
            ],
            [
              166650.48543689318,
              29836.165048543688
            ],
            [
              166656.55339805823,
              29842.233009708736
            ],
            [
              166656.55339805823,
              29848.300970873785
            ],
            [
              166668.68932038834,
              29860.43689320388
            ],
            [
              166668.68932038834,
              29866.50485436893
            ],
            [
              166674.75728155338,
              29872.57281553398
            ],
            [
              166674.75728155338,
              29878.640776699027
            ],
            [
              166686.8932038835,
              29890.776699029124
            ],
            [
              166686.8932038835,
              29896.844660194172
            ],
            [
              166699.02912621357,
              29908.98058252427
            ],
            [
              166705.0970873786,
              29908.98058252427
            ],
            [
              166711.16504854368,
              29915.048543689318
            ],
            [
              166729.3689320388,
              29915.048543689318
            ],
            [
              166735.43689320388,
              29908.98058252427
            ],
            [
              166753.64077669903,
              29908.98058252427
            ],
            [
              166765.7766990291,
              29921.116504854366
            ],
            [
              166765.7766990291,
              29951.45631067961
            ],
            [
              166759.70873786407,
              29957.524271844657
            ],
            [
              166759.70873786407,
              29963.592233009706
            ],
            [
              166753.64077669903,
              29969.660194174754
            ],
            [
              166753.64077669903,
              29975.728155339802
            ],
            [
              166747.57281553396,
              29981.79611650485
            ],
            [
              166747.57281553396,
              29993.932038834948
            ],
            [
              166741.50485436892,
              29999.999999999996
            ],
            [
              166741.50485436892,
              30018.20388349514
            ],
            [
              166747.57281553396,
              30024.27184466019
            ],
            [
              166747.57281553396,
              30042.475728155336
            ],
            [
              166753.64077669903,
              30048.543689320388
            ],
            [
              166753.64077669903,
              30060.679611650485
            ],
            [
              166759.70873786407,
              30066.747572815533
            ],
            [
              166759.70873786407,
              30084.95145631068
            ],
            [
              166765.7766990291,
              30091.019417475727
            ],
            [
              166765.7766990291,
              30103.155339805824
            ],
            [
              166771.84466019415,
              30109.223300970873
            ],
            [
              166771.84466019415,
              30127.427184466018
            ],
            [
              166777.91262135922,
              30133.495145631066
            ],
            [
              166777.91262135922,
              30157.76699029126
            ],
            [
              166783.98058252427,
              30163.83495145631
            ],
            [
              166783.98058252427,
              30175.970873786406
            ],
            [
              166777.91262135922,
              30182.038834951454
            ],
            [
              166777.91262135922,
              30194.17475728155
            ],
            [
              166771.84466019415,
              30200.2427184466
            ],
            [
              166771.84466019415,
              30206.310679611648
            ],
            [
              166765.7766990291,
              30212.378640776697
            ],
            [
              166765.7766990291,
              30242.71844660194
            ],
            [
              166771.84466019415,
              30248.786407766987
            ],
            [
              166771.84466019415,
              30254.854368932036
            ],
            [
              166777.91262135922,
              30260.922330097084
            ],
            [
              166777.91262135922,
              30266.990291262133
            ],
            [
              166783.98058252427,
              30273.05825242718
            ],
            [
              166783.98058252427,
              30279.12621359223
            ],
            [
              166790.0485436893,
              30285.19417475728
            ],
            [
              166790.0485436893,
              30297.330097087375
            ],
            [
              166796.11650485435,
              30303.398058252424
            ],
            [
              166796.11650485435,
              30315.53398058252
            ],
            [
              166802.18446601942,
              30321.60194174757
            ],
            [
              166802.18446601942,
              30327.669902912618
            ],
            [
              166814.3203883495,
              30339.805825242714
            ],
            [
              166814.3203883495,
              30351.94174757281
            ],
            [
              166820.38834951454,
              30358.00970873786
            ],
            [
              166820.38834951454,
              30370.14563106796
            ],
            [
              166826.4563106796,
              30376.21359223301
            ],
            [
              166826.4563106796,
              30388.349514563106
            ],
            [
              166832.52427184465,
              30394.417475728154
            ],
            [
              166832.52427184465,
              30461.165048543688
            ],
            [
              166838.5922330097,
              30467.233009708736
            ],
            [
              166838.5922330097,
              30521.844660194172
            ],
            [
              166844.66019417474,
              30527.91262135922
            ],
            [
              166844.66019417474,
              30533.98058252427
            ],
            [
              166850.7281553398,
              30540.048543689318
            ],
            [
              166850.7281553398,
              30546.116504854366
            ],
            [
              166856.79611650485,
              30552.184466019415
            ],
            [
              166856.79611650485,
              30558.252427184463
            ],
            [
              166862.8640776699,
              30564.32038834951
            ],
            [
              166862.8640776699,
              30570.38834951456
            ],
            [
              166868.93203883493,
              30576.45631067961
            ],
            [
              166868.93203883493,
              30582.524271844657
            ],
            [
              166875.0,
              30588.592233009706
            ],
            [
              166875.0,
              30600.728155339802
            ],
            [
              166881.06796116504,
              30606.79611650485
            ],
            [
              166881.06796116504,
              30618.932038834948
            ],
            [
              166875.0,
              30624.999999999996
            ],
            [
              166875.0,
              30637.135922330093
            ],
            [
              166856.79611650485,
              30655.33980582524
            ],
            [
              166856.79611650485,
              30661.407766990287
            ],
            [
              166838.5922330097,
              30679.611650485436
            ],
            [
              166838.5922330097,
              30685.679611650485
            ],
            [
              166826.4563106796,
              30697.81553398058
            ],
            [
              166826.4563106796,
              30703.88349514563
            ],
            [
              166796.11650485435,
              30734.223300970873
            ],
            [
              166777.91262135922,
              30734.223300970873
            ],
            [
              166771.84466019415,
              30740.29126213592
            ],
            [
              166759.70873786407,
              30740.29126213592
            ],
            [
              166753.64077669903,
              30746.35922330097
            ],
            [
              166747.57281553396,
              30746.35922330097
            ],
            [
              166705.0970873786,
              30788.83495145631
            ],
            [
              166699.02912621357,
              30788.83495145631
            ],
            [
              166650.48543689318,
              30837.378640776697
            ],
            [
              166644.41747572814,
              30837.378640776697
            ],
            [
              166626.213592233,
              30855.582524271842
            ],
            [
              166626.213592233,
              30861.65048543689
            ],
            [
              166620.14563106795,
              30867.71844660194
            ],
            [
              166620.14563106795,
              30879.854368932036
            ],
            [
              166614.0776699029,
              30885.922330097084
            ],
            [
              166614.0776699029,
              30898.05825242718
            ],
            [
              166608.00970873784,
              30904.12621359223
            ],
            [
              166608.00970873784,
              30910.19417475728
            ],
            [
              166601.9417475728,
              30916.262135922327
            ],
            [
              166601.9417475728,
              30922.330097087375
            ],
            [
              166583.73786407764,
              30940.53398058252
            ],
            [
              166577.6699029126,
              30940.53398058252
            ],
            [
              166559.46601941745,
              30958.737864077666
            ],
            [
              166559.46601941745,
              30964.805825242714
            ],
            [
              166553.3980582524,
              30970.873786407763
            ],
            [
              166553.3980582524,
              30976.94174757281
            ],
            [
              166547.33009708737,
              30983.00970873786
            ],
            [
              166547.33009708737,
              31007.281553398057
            ],
            [
              166553.3980582524,
              31013.349514563106
            ],
            [
              166553.3980582524,
              31025.485436893203
            ],
            [
              166559.46601941745,
              31031.55339805825
            ],
            [
              166559.46601941745,
              31049.757281553397
            ],
            [
              166553.3980582524,
              31055.825242718445
            ],
            [
              166553.3980582524,
              31061.893203883494
            ],
            [
              166705.0970873786,
              31061.893203883494
            ],
            [
              166717.23300970873,
              31074.02912621359
            ],
            [
              166717.23300970873,
              31080.09708737864
            ],
            [
              166723.30097087377,
              31086.165048543688
            ],
            [
              166729.3689320388,
              31086.165048543688
            ],
            [
              166735.43689320388,
              31092.233009708736
            ],
            [
              166741.50485436892,
              31092.233009708736
            ],
            [
              166747.57281553396,
              31098.300970873785
            ],
            [
              166753.64077669903,
              31098.300970873785
            ],
            [
              166759.70873786407,
              31104.368932038833
            ],
            [
              166759.70873786407,
              31140.776699029124
            ],
            [
              166753.64077669903,
              31146.844660194172
            ],
            [
              166753.64077669903,
              31158.98058252427
            ],
            [
              166747.57281553396,
              31165.048543689318
            ],
            [
              166747.57281553396,
              31177.184466019415
            ],
            [
              166741.50485436892,
              31183.252427184463
            ],
            [
              166741.50485436892,
              31225.728155339802
            ],
            [
              166765.7766990291,
              31249.999999999996
            ],
            [
              166771.84466019415,
              31249.999999999996
            ],
            [
              166783.98058252427,
              31262.135922330093
            ],
            [
              166783.98058252427,
              31304.611650485436
            ],
            [
              166777.91262135922,
              31310.679611650485
            ],
            [
              166777.91262135922,
              31322.81553398058
            ],
            [
              166783.98058252427,
              31328.88349514563
            ],
            [
              166783.98058252427,
              31371.35922330097
            ],
            [
              166790.0485436893,
              31377.427184466018
            ],
            [
              166790.0485436893,
              31395.631067961163
            ],
            [
              166796.11650485435,
              31401.699029126212
            ],
            [
              166796.11650485435,
              31413.83495145631
            ],
            [
              166802.18446601942,
              31419.902912621357
            ],
            [
              166802.18446601942,
              31438.106796116503
            ],
            [
              166808.25242718446,
              31444.17475728155
            ],
            [
              166808.25242718446,
              31553.398058252424
            ],
            [
              166826.4563106796,
              31571.60194174757
            ],
            [
              166826.4563106796,
              31577.669902912618
            ],
            [
              166832.52427184465,
              31583.737864077666
            ],
            [
              166832.52427184465,
              31608.00970873786
            ],
            [
              166826.4563106796,
              31614.07766990291
            ],
            [
              166826.4563106796,
              31662.6213592233
            ],
            [
              166838.5922330097,
              31674.757281553397
            ],
            [
              166838.5922330097,
              31680.825242718445
            ],
            [
              166856.79611650485,
              31699.02912621359
            ],
            [
              166856.79611650485,
              31705.09708737864
            ],
            [
              166862.8640776699,
              31711.165048543688
            ],
            [
              166862.8640776699,
              31717.233009708736
            ],
            [
              166868.93203883493,
              31723.300970873785
            ],
            [
              166868.93203883493,
              31759.708737864075
            ],
            [
              166862.8640776699,
              31765.776699029124
            ],
            [
              166862.8640776699,
              31777.91262135922
            ],
            [
              166856.79611650485,
              31783.98058252427
            ],
            [
              166856.79611650485,
              31790.048543689318
            ],
            [
              166850.7281553398,
              31796.116504854366
            ],
            [
              166850.7281553398,
              31972.087378640776
            ],
            [
              166844.66019417474,
              31978.155339805824
            ],
            [
              166844.66019417474,
              31990.29126213592
            ],
            [
              166838.5922330097,
              31996.35922330097
            ],
            [
              166838.5922330097,
              32002.427184466018
            ],
            [
              166832.52427184465,
              32008.495145631066
            ],
            [
              166832.52427184465,
              32020.631067961163
            ],
            [
              166826.4563106796,
              32026.699029126212
            ],
            [
              166826.4563106796,
              32044.902912621357
            ],
            [
              166820.38834951454,
              32050.970873786406
            ],
            [
              166820.38834951454,
              32057.038834951454
            ],
            [
              166814.3203883495,
              32063.106796116503
            ],
            [
              166814.3203883495,
              32069.17475728155
            ],
            [
              166759.70873786407,
              32123.786407766987
            ],
            [
              166759.70873786407,
              32129.854368932036
            ],
            [
              166753.64077669903,
              32135.922330097084
            ],
            [
              166753.64077669903,
              32172.330097087375
            ],
            [
              166759.70873786407,
              32178.398058252424
            ],
            [
              166759.70873786407,
              32190.53398058252
            ],
            [
              166765.7766990291,
              32196.60194174757
            ],
            [
              166765.7766990291,
              32202.669902912618
            ],
            [
              166771.84466019415,
              32208.737864077666
            ],
            [
              166771.84466019415,
              32226.94174757281
            ],
            [
              166777.91262135922,
              32233.00970873786
            ],
            [
              166777.91262135922,
              32275.485436893203
            ],
            [
              166783.98058252427,
              32281.55339805825
            ],
            [
              166783.98058252427,
              32305.825242718445
            ],
            [
              166790.0485436893,
              32311.893203883494
            ],
            [
              166790.0485436893,
              32330.09708737864
            ],
            [
              166796.11650485435,
              32336.165048543688
            ],
            [
              166796.11650485435,
              32348.300970873785
            ],
            [
              166790.0485436893,
              32354.368932038833
            ],
            [
              166790.0485436893,
              32439.32038834951
            ],
            [
              166796.11650485435,
              32445.38834951456
            ],
            [
              166796.11650485435,
              32451.45631067961
            ],
            [
              166802.18446601942,
              32457.524271844657
            ],
            [
              166802.18446601942,
              32469.660194174754
            ],
            [
              166808.25242718446,
              32475.728155339802
            ],
            [
              166808.25242718446,
              32481.79611650485
            ],
            [
              166814.3203883495,
              32487.8640776699
            ],
            [
              166814.3203883495,
              32530.33980582524
            ],
            [
              166820.38834951454,
              32536.407766990287
            ],
            [
              166820.38834951454,
              32591.019417475727
            ],
            [
              166826.4563106796,
              32597.087378640776
            ],
            [
              166826.4563106796,
              32615.29126213592
            ],
            [
              166832.52427184465,
              32621.35922330097
            ],
            [
              166832.52427184465,
              32639.563106796115
            ],
            [
              166838.5922330097,
              32645.631067961163
            ],
            [
              166838.5922330097,
              32657.76699029126
            ],
            [
              166844.66019417474,
              32663.83495145631
            ],
            [
              166844.66019417474,
              32688.106796116503
            ],
            [
              166850.7281553398,
              32694.17475728155
            ],
            [
              166850.7281553398,
              32700.2427184466
            ],
            [
              166862.8640776699,
              32688.106796116503
            ],
            [
              166868.93203883493,
              32688.106796116503
            ],
            [
              166875.0,
              32682.038834951454
            ],
            [
              166881.06796116504,
              32682.038834951454
            ],
            [
              166881.06796116504,
              32675.970873786406
            ],
            [
              166887.13592233008,
              32669.902912621357
            ],
            [
              166887.13592233008,
              32639.563106796115
            ],
            [
              166893.20388349512,
              32633.495145631066
            ],
            [
              166893.20388349512,
              32621.35922330097
            ],
            [
              166899.2718446602,
              32615.29126213592
            ],
            [
              166899.2718446602,
              32603.155339805824
            ],
            [
              166905.33980582524,
              32597.087378640776
            ],
            [
              166905.33980582524,
              32572.81553398058
            ],
            [
              166911.40776699028,
              32566.747572815533
            ],
            [
              166911.40776699028,
              32536.407766990287
            ],
            [
              166917.47572815532,
              32530.33980582524
            ],
            [
              166917.47572815532,
              32512.135922330093
            ],
            [
              166923.5436893204,
              32506.067961165045
            ],
            [
              166923.5436893204,
              32481.79611650485
            ],
            [
              166929.61165048543,
              32475.728155339802
            ],
            [
              166929.61165048543,
              32445.38834951456
            ],
            [
              166935.67961165047,
              32439.32038834951
            ],
            [
              166935.67961165047,
              32427.184466019415
            ],
            [
              166966.0194174757,
              32396.844660194172
            ],
            [
              166972.08737864078,
              32396.844660194172
            ],
            [
              166984.22330097086,
              32384.708737864075
            ],
            [
              166990.2912621359,
              32384.708737864075
            ],
            [
              167014.5631067961,
              32360.43689320388
            ],
            [
              167014.5631067961,
              32354.368932038833
            ],
            [
              167063.10679611648,
              32305.825242718445
            ],
            [
              167069.17475728155,
              32305.825242718445
            ],
            [
              167135.92233009706,
              32239.07766990291
            ],
            [
              167141.99029126213,
              32239.07766990291
            ],
            [
              167160.19417475726,
              32220.873786407763
            ],
            [
              167160.19417475726,
              32208.737864077666
            ],
            [
              167166.26213592233,
              32202.669902912618
            ],
            [
              167166.26213592233,
              32178.398058252424
            ],
            [
              167172.33009708737,
              32172.330097087375
            ],
            [
              167172.33009708737,
              32141.990291262133
            ],
            [
              167166.26213592233,
              32135.922330097084
            ],
            [
              167154.12621359222,
              32135.922330097084
            ],
            [
              167148.05825242717,
              32129.854368932036
            ],
            [
              167135.92233009706,
              32129.854368932036
            ],
            [
              167117.71844660194,
              32111.65048543689
            ],
            [
              167117.71844660194,
              32105.582524271842
            ],
            [
              167111.65048543687,
              32099.514563106794
            ],
            [
              167111.65048543687,
              32093.446601941745
            ],
            [
              167105.58252427183,
              32087.378640776697
            ],
            [
              167105.58252427183,
              32081.310679611648
            ],
            [
              167099.5145631068,
              32075.2427184466
            ],
            [
              167099.5145631068,
              32069.17475728155
            ],
            [
              167057.03883495144,
              32026.699029126212
            ],
            [
              167057.03883495144,
              32020.631067961163
            ],
            [
              167050.9708737864,
              32014.563106796115
            ],
            [
              167050.9708737864,
              31996.35922330097
            ],
            [
              167057.03883495144,
              31990.29126213592
            ],
            [
              167057.03883495144,
              31966.019417475727
            ],
            [
              167063.10679611648,
              31959.95145631068
            ],
            [
              167063.10679611648,
              31947.81553398058
            ],
            [
              167069.17475728155,
              31941.747572815533
            ],
            [
              167069.17475728155,
              31893.20388349514
            ],
            [
              167063.10679611648,
              31887.135922330093
            ],
            [
              167063.10679611648,
              31832.524271844657
            ],
            [
              167069.17475728155,
              31826.45631067961
            ],
            [
              167069.17475728155,
              31814.32038834951
            ],
            [
              167075.2427184466,
              31808.252427184463
            ],
            [
              167075.2427184466,
              31802.184466019415
            ],
            [
              167081.31067961163,
              31796.116504854366
            ],
            [
              167081.31067961163,
              31790.048543689318
            ],
            [
              167087.37864077667,
              31783.98058252427
            ],
            [
              167087.37864077667,
              31777.91262135922
            ],
            [
              167099.5145631068,
              31765.776699029124
            ],
            [
              167099.5145631068,
              31753.640776699027
            ],
            [
              167105.58252427183,
              31747.57281553398
            ],
            [
              167105.58252427183,
              31723.300970873785
            ],
            [
              167111.65048543687,
              31717.233009708736
            ],
            [
              167111.65048543687,
              31686.893203883494
            ],
            [
              167117.71844660194,
              31680.825242718445
            ],
            [
              167117.71844660194,
              31656.55339805825
            ],
            [
              167123.78640776698,
              31650.485436893203
            ],
            [
              167123.78640776698,
              31632.281553398057
            ],
            [
              167129.85436893202,
              31626.21359223301
            ],
            [
              167129.85436893202,
              31559.466019417472
            ],
            [
              167123.78640776698,
              31553.398058252424
            ],
            [
              167123.78640776698,
              31529.12621359223
            ],
            [
              167117.71844660194,
              31523.05825242718
            ],
            [
              167117.71844660194,
              31419.902912621357
            ],
            [
              167111.65048543687,
              31413.83495145631
            ],
            [
              167111.65048543687,
              31401.699029126212
            ],
            [
              167105.58252427183,
              31395.631067961163
            ],
            [
              167105.58252427183,
              31389.563106796115
            ],
            [
              167099.5145631068,
              31383.495145631066
            ],
            [
              167099.5145631068,
              31377.427184466018
            ],
            [
              167093.44660194175,
              31371.35922330097
            ],
            [
              167093.44660194175,
              31365.29126213592
            ],
            [
              167069.17475728155,
              31341.019417475727
            ],
            [
              167032.76699029125,
              31341.019417475727
            ],
            [
              167026.6990291262,
              31334.95145631068
            ],
            [
              167020.63106796116,
              31334.95145631068
            ],
            [
              167002.427184466,
              31316.747572815533
            ],
            [
              167002.427184466,
              31237.8640776699
            ],
            [
              167008.49514563105,
              31231.79611650485
            ],
            [
              167008.49514563105,
              31165.048543689318
            ],
            [
              167014.5631067961,
              31158.98058252427
            ],
            [
              167014.5631067961,
              31152.91262135922
            ],
            [
              167008.49514563105,
              31152.91262135922
            ],
            [
              167002.427184466,
              31146.844660194172
            ],
            [
              167002.427184466,
              31092.233009708736
            ],
            [
              167008.49514563105,
              31086.165048543688
            ],
            [
              167008.49514563105,
              31080.09708737864
            ],
            [
              167002.427184466,
              31074.02912621359
            ],
            [
              167002.427184466,
              31067.961165048542
            ],
            [
              166996.35922330097,
              31061.893203883494
            ],
            [
              166996.35922330097,
              31049.757281553397
            ],
            [
              167002.427184466,
              31043.68932038835
            ],
            [
              167002.427184466,
              30910.19417475728
            ],
            [
              167008.49514563105,
              30904.12621359223
            ],
            [
              167008.49514563105,
              30891.990291262133
            ],
            [
              167014.5631067961,
              30885.922330097084
            ],
            [
              167014.5631067961,
              30861.65048543689
            ],
            [
              167020.63106796116,
              30855.582524271842
            ],
            [
              167020.63106796116,
              30819.17475728155
            ],
            [
              167014.5631067961,
              30813.106796116503
            ],
            [
              167014.5631067961,
              30770.631067961163
            ],
            [
              167020.63106796116,
              30764.563106796115
            ],
            [
              167020.63106796116,
              30740.29126213592
            ],
            [
              167026.6990291262,
              30734.223300970873
            ],
            [
              167026.6990291262,
              30673.543689320384
            ],
            [
              167032.76699029125,
              30667.475728155336
            ],
            [
              167032.76699029125,
              30600.728155339802
            ],
            [
              167026.6990291262,
              30594.660194174754
            ],
            [
              167026.6990291262,
              30576.45631067961
            ],
            [
              167020.63106796116,
              30570.38834951456
            ],
            [
              167020.63106796116,
              30521.844660194172
            ],
            [
              167026.6990291262,
              30515.776699029124
            ],
            [
              167026.6990291262,
              30503.640776699027
            ],
            [
              167032.76699029125,
              30497.57281553398
            ],
            [
              167032.76699029125,
              30485.43689320388
            ],
            [
              167038.8349514563,
              30479.368932038833
            ],
            [
              167038.8349514563,
              30455.09708737864
            ],
            [
              167044.90291262136,
              30449.02912621359
            ],
            [
              167044.90291262136,
              30327.669902912618
            ],
            [
              167038.8349514563,
              30321.60194174757
            ],
            [
              167038.8349514563,
              30309.466019417472
            ],
            [
              167032.76699029125,
              30303.398058252424
            ],
            [
              167032.76699029125,
              30297.330097087375
            ],
            [
              167026.6990291262,
              30291.262135922327
            ],
            [
              167026.6990291262,
              30285.19417475728
            ],
            [
              167008.49514563105,
              30266.990291262133
            ],
            [
              167008.49514563105,
              30260.922330097084
            ],
            [
              167002.427184466,
              30254.854368932036
            ],
            [
              167002.427184466,
              30218.446601941745
            ],
            [
              166996.35922330097,
              30212.378640776697
            ],
            [
              166996.35922330097,
              30200.2427184466
            ],
            [
              166990.2912621359,
              30194.17475728155
            ],
            [
              166990.2912621359,
              30188.106796116503
            ],
            [
              166947.81553398058,
              30145.631067961163
            ],
            [
              166947.81553398058,
              30139.563106796115
            ],
            [
              166941.7475728155,
              30133.495145631066
            ],
            [
              166941.7475728155,
              30127.427184466018
            ],
            [
              166935.67961165047,
              30121.35922330097
            ],
            [
              166935.67961165047,
              30103.155339805824
            ],
            [
              166929.61165048543,
              30097.087378640776
            ],
            [
              166929.61165048543,
              30084.95145631068
            ],
            [
              166923.5436893204,
              30078.88349514563
            ],
            [
              166923.5436893204,
              30072.81553398058
            ],
            [
              166917.47572815532,
              30066.747572815533
            ],
            [
              166917.47572815532,
              30060.679611650485
            ],
            [
              166911.40776699028,
              30054.611650485436
            ],
            [
              166911.40776699028,
              30042.475728155336
            ],
            [
              166905.33980582524,
              30036.407766990287
            ],
            [
              166905.33980582524,
              30018.20388349514
            ],
            [
              166899.2718446602,
              30012.135922330093
            ],
            [
              166899.2718446602,
              29993.932038834948
            ],
            [
              166893.20388349512,
              29987.8640776699
            ],
            [
              166893.20388349512,
              29975.728155339802
            ],
            [
              166887.13592233008,
              29969.660194174754
            ],
            [
              166887.13592233008,
              29963.592233009706
            ],
            [
              166881.06796116504,
              29957.524271844657
            ],
            [
              166881.06796116504,
              29951.45631067961
            ],
            [
              166875.0,
              29945.38834951456
            ],
            [
              166875.0,
              29939.32038834951
            ],
            [
              166868.93203883493,
              29933.252427184463
            ],
            [
              166868.93203883493,
              29921.116504854366
            ],
            [
              166862.8640776699,
              29915.048543689318
            ],
            [
              166862.8640776699,
              29902.91262135922
            ],
            [
              166850.7281553398,
              29890.776699029124
            ],
            [
              166850.7281553398,
              29884.708737864075
            ],
            [
              166844.66019417474,
              29878.640776699027
            ],
            [
              166844.66019417474,
              29866.50485436893
            ],
            [
              166838.5922330097,
              29860.43689320388
            ],
            [
              166838.5922330097,
              29848.300970873785
            ],
            [
              166832.52427184465,
              29842.233009708736
            ],
            [
              166832.52427184465,
              29824.02912621359
            ],
            [
              166826.4563106796,
              29817.961165048542
            ],
            [
              166826.4563106796,
              29811.893203883494
            ],
            [
              166820.38834951454,
              29805.825242718445
            ],
            [
              166820.38834951454,
              29793.68932038835
            ],
            [
              166814.3203883495,
              29787.6213592233
            ],
            [
              166814.3203883495,
              29757.281553398057
            ],
            [
              166808.25242718446,
              29751.21359223301
            ],
            [
              166808.25242718446,
              29726.94174757281
            ],
            [
              166802.18446601942,
              29720.873786407763
            ],
            [
              166802.18446601942,
              29708.737864077666
            ],
            [
              166796.11650485435,
              29702.669902912618
            ],
            [
              166796.11650485435,
              29690.53398058252
            ],
            [
              166790.0485436893,
              29684.466019417472
            ],
            [
              166790.0485436893,
              29666.262135922327
            ],
            [
              166783.98058252427,
              29660.19417475728
            ],
            [
              166783.98058252427,
              29629.854368932036
            ],
            [
              166777.91262135922,
              29623.786407766987
            ],
            [
              166777.91262135922,
              29611.65048543689
            ],
            [
              166771.84466019415,
              29605.582524271842
            ],
            [
              166771.84466019415,
              29599.514563106794
            ],
            [
              166765.7766990291,
              29593.446601941745
            ],
            [
              166765.7766990291,
              29587.378640776697
            ],
            [
              166759.70873786407,
              29587.378640776697
            ],
            [
              166753.64077669903,
              29581.310679611648
            ],
            [
              166735.43689320388,
              29581.310679611648
            ]
          ]
        ]
      }
    },
    {
      "type": "Feature",
      "properties": {
        "class_id": 2,
        "classification": "Fold",
        "area": 43245.269346781024
      },
      "geometry": {
        "type": "Polygon",
        "coordinates": [
          [
            [
              166595.87378640776,
              29211.165048543688
            ],
            [
              166589.8058252427,
              29217.233009708736
            ],
            [
              166583.73786407764,
              29217.233009708736
            ],
            [
              166577.6699029126,
              29223.300970873785
            ],
            [
              166571.60194174756,
              29223.300970873785
            ],
            [
              166559.46601941745,
              29235.43689320388
            ],
            [
              166553.3980582524,
              29235.43689320388
            ],
            [
              166547.33009708737,
              29241.50485436893
            ],
            [
              166510.92233009706,
              29241.50485436893
            ],
            [
              166486.65048543687,
              29217.233009708736
            ],
            [
              166474.5145631068,
              29217.233009708736
            ],
            [
              166462.37864077667,
              29229.368932038833
            ],
            [
              166462.37864077667,
              29235.43689320388
            ],
            [
              166456.31067961163,
              29241.50485436893
            ],
            [
              166456.31067961163,
              29253.640776699027
            ],
            [
              166450.2427184466,
              29259.708737864075
            ],
            [
              166450.2427184466,
              29326.45631067961
            ],
            [
              166456.31067961163,
              29332.524271844657
            ],
            [
              166456.31067961163,
              29344.660194174754
            ],
            [
              166462.37864077667,
              29350.728155339802
            ],
            [
              166462.37864077667,
              29356.79611650485
            ],
            [
              166492.71844660194,
              29387.135922330093
            ],
            [
              166498.78640776698,
              29387.135922330093
            ],
            [
              166529.12621359222,
              29417.47572815534
            ],
            [
              166529.12621359222,
              29423.543689320388
            ],
            [
              166535.19417475726,
              29429.611650485436
            ],
            [
              166535.19417475726,
              29435.679611650485
            ],
            [
              166553.3980582524,
              29453.88349514563
            ],
            [
              166577.6699029126,
              29453.88349514563
            ],
            [
              166589.8058252427,
              29441.747572815533
            ],
            [
              166595.87378640776,
              29441.747572815533
            ],
            [
              166608.00970873784,
              29429.611650485436
            ],
            [
              166626.213592233,
              29429.611650485436
            ],
            [
              166632.28155339803,
              29423.543689320388
            ],
            [
              166644.41747572814,
              29423.543689320388
            ],
            [
              166662.6213592233,
              29405.33980582524
            ],
            [
              166662.6213592233,
              29399.27184466019
            ],
            [
              166680.82524271842,
              29381.067961165045
            ],
            [
              166680.82524271842,
              29374.999999999996
            ],
            [
              166686.8932038835,
              29368.932038834948
            ],
            [
              166686.8932038835,
              29356.79611650485
            ],
            [
              166692.96116504853,
              29350.728155339802
            ],
            [
              166692.96116504853,
              29314.32038834951
            ],
            [
              166686.8932038835,
              29308.252427184463
            ],
            [
              166686.8932038835,
              29265.776699029124
            ],
            [
              166680.82524271842,
              29259.708737864075
            ],
            [
              166680.82524271842,
              29253.640776699027
            ],
            [
              166674.75728155338,
              29247.57281553398
            ],
            [
              166668.68932038834,
              29247.57281553398
            ],
            [
              166650.48543689318,
              29229.368932038833
            ],
            [
              166644.41747572814,
              29229.368932038833
            ],
            [
              166632.28155339803,
              29217.233009708736
            ],
            [
              166620.14563106795,
              29217.233009708736
            ],
            [
              166614.0776699029,
              29211.165048543688
            ],
            [
              166595.87378640776,
              29211.165048543688
            ]
          ]
        ]
      }
    },
    {
      "type": "Feature",
      "properties": {
        "class_id": 2,
        "classification": "Fold",
        "area": 184.10076350268636
      },
      "geometry": {
        "type": "Polygon",
        "coordinates": [
          [
            [
              166486.65048543687,
              29126.21359223301
            ],
            [
              166474.5145631068,
              29138.349514563106
            ],
            [
              166474.5145631068,
              29144.417475728154
            ],
            [
              166480.58252427183,
              29144.417475728154
            ],
            [
              166492.71844660194,
              29132.281553398057
            ],
            [
              166492.71844660194,
              29126.21359223301
            ],
            [
              166486.65048543687,
              29126.21359223301
            ]
          ]
        ]
      }
    },
    {
      "type": "Feature",
      "properties": {
        "class_id": 2,
        "classification": "Fold",
        "area": 9610.059854840229
      },
      "geometry": {
        "type": "Polygon",
        "coordinates": [
          [
            [
              166432.03883495144,
              28816.747572815533
            ],
            [
              166425.9708737864,
              28822.81553398058
            ],
            [
              166413.8349514563,
              28822.81553398058
            ],
            [
              166407.76699029125,
              28828.88349514563
            ],
            [
              166401.6990291262,
              28828.88349514563
            ],
            [
              166383.49514563105,
              28847.087378640776
            ],
            [
              166383.49514563105,
              28853.155339805824
            ],
            [
              166377.427184466,
              28859.223300970873
            ],
            [
              166377.427184466,
              28901.699029126212
            ],
            [
              166383.49514563105,
              28907.76699029126
            ],
            [
              166383.49514563105,
              28913.83495145631
            ],
            [
              166407.76699029125,
              28938.106796116503
            ],
            [
              166432.03883495144,
              28938.106796116503
            ],
            [
              166438.10679611648,
              28932.038834951454
            ],
            [
              166444.17475728155,
              28932.038834951454
            ],
            [
              166462.37864077667,
              28913.83495145631
            ],
            [
              166468.44660194175,
              28913.83495145631
            ],
            [
              166474.5145631068,
              28907.76699029126
            ],
            [
              166480.58252427183,
              28907.76699029126
            ],
            [
              166492.71844660194,
              28895.631067961163
            ],
            [
              166486.65048543687,
              28889.563106796115
            ],
            [
              166486.65048543687,
              28883.495145631066
            ],
            [
              166480.58252427183,
              28877.427184466018
            ],
            [
              166480.58252427183,
              28871.35922330097
            ],
            [
              166474.5145631068,
              28865.29126213592
            ],
            [
              166474.5145631068,
              28859.223300970873
            ],
            [
              166468.44660194175,
              28853.155339805824
            ],
            [
              166468.44660194175,
              28841.019417475727
            ],
            [
              166450.2427184466,
              28822.81553398058
            ],
            [
              166438.10679611648,
              28822.81553398058
            ],
            [
              166432.03883495144,
              28816.747572815533
            ]
          ]
        ]
      }
    },
    {
      "type": "Feature",
      "properties": {
        "class_id": 2,
        "classification": "Fold",
        "area": 4989.130690922801
      },
      "geometry": {
        "type": "Polygon",
        "coordinates": [
          [
            [
              166529.12621359222,
              28768.20388349514
            ],
            [
              166523.05825242717,
              28774.27184466019
            ],
            [
              166516.99029126213,
              28774.27184466019
            ],
            [
              166510.92233009706,
              28780.33980582524
            ],
            [
              166504.85436893202,
              28780.33980582524
            ],
            [
              166498.78640776698,
              28786.407766990287
            ],
            [
              166498.78640776698,
              28810.679611650485
            ],
            [
              166529.12621359222,
              28841.019417475727
            ],
            [
              166535.19417475726,
              28841.019417475727
            ],
            [
              166541.26213592233,
              28847.087378640776
            ],
            [
              166553.3980582524,
              28847.087378640776
            ],
            [
              166559.46601941745,
              28853.155339805824
            ],
            [
              166565.53398058252,
              28853.155339805824
            ],
            [
              166577.6699029126,
              28841.019417475727
            ],
            [
              166577.6699029126,
              28798.543689320388
            ],
            [
              166571.60194174756,
              28792.47572815534
            ],
            [
              166571.60194174756,
              28786.407766990287
            ],
            [
              166565.53398058252,
              28780.33980582524
            ],
            [
              166565.53398058252,
              28774.27184466019
            ],
            [
              166559.46601941745,
              28774.27184466019
            ],
            [
              166553.3980582524,
              28768.20388349514
            ],
            [
              166529.12621359222,
              28768.20388349514
            ]
          ]
        ]
      }
    },
    {
      "type": "Feature",
      "properties": {
        "class_id": 2,
        "classification": "Fold",
        "area": 4381.598171363935
      },
      "geometry": {
        "type": "Polygon",
        "coordinates": [
          [
            [
              166365.2912621359,
              28640.776699029124
            ],
            [
              166359.22330097086,
              28646.844660194172
            ],
            [
              166347.08737864078,
              28646.844660194172
            ],
            [
              166334.95145631066,
              28658.98058252427
            ],
            [
              166334.95145631066,
              28665.048543689318
            ],
            [
              166328.88349514562,
              28671.116504854366
            ],
            [
              166328.88349514562,
              28689.32038834951
            ],
            [
              166334.95145631066,
              28695.38834951456
            ],
            [
              166334.95145631066,
              28701.45631067961
            ],
            [
              166341.0194174757,
              28707.524271844657
            ],
            [
              166341.0194174757,
              28713.592233009706
            ],
            [
              166347.08737864078,
              28713.592233009706
            ],
            [
              166353.15533980582,
              28719.660194174754
            ],
            [
              166371.35922330097,
              28719.660194174754
            ],
            [
              166377.427184466,
              28713.592233009706
            ],
            [
              166383.49514563105,
              28713.592233009706
            ],
            [
              166389.5631067961,
              28707.524271844657
            ],
            [
              166389.5631067961,
              28701.45631067961
            ],
            [
              166401.6990291262,
              28689.32038834951
            ],
            [
              166401.6990291262,
              28658.98058252427
            ],
            [
              166389.5631067961,
              28646.844660194172
            ],
            [
              166377.427184466,
              28646.844660194172
            ],
            [
              166371.35922330097,
              28640.776699029124
            ],
            [
              166365.2912621359,
              28640.776699029124
            ]
          ]
        ]
      }
    },
    {
      "type": "Feature",
      "properties": {
        "class_id": 2,
        "classification": "Fold",
        "area": 6314.656188142142
      },
      "geometry": {
        "type": "Polygon",
        "coordinates": [
          [
            [
              166492.71844660194,
              28549.757281553397
            ],
            [
              166486.65048543687,
              28555.825242718445
            ],
            [
              166480.58252427183,
              28555.825242718445
            ],
            [
              166456.31067961163,
              28580.09708737864
            ],
            [
              166456.31067961163,
              28586.165048543688
            ],
            [
              166450.2427184466,
              28592.233009708736
            ],
            [
              166450.2427184466,
              28598.300970873785
            ],
            [
              166456.31067961163,
              28604.368932038833
            ],
            [
              166456.31067961163,
              28610.43689320388
            ],
            [
              166492.71844660194,
              28646.844660194172
            ],
            [
              166498.78640776698,
              28646.844660194172
            ],
            [
              166504.85436893202,
              28652.91262135922
            ],
            [
              166510.92233009706,
              28652.91262135922
            ],
            [
              166516.99029126213,
              28658.98058252427
            ],
            [
              166523.05825242717,
              28658.98058252427
            ],
            [
              166529.12621359222,
              28652.91262135922
            ],
            [
              166529.12621359222,
              28646.844660194172
            ],
            [
              166541.26213592233,
              28634.708737864075
            ],
            [
              166541.26213592233,
              28622.57281553398
            ],
            [
              166535.19417475726,
              28616.50485436893
            ],
            [
              166535.19417475726,
              28604.368932038833
            ],
            [
              166529.12621359222,
              28598.300970873785
            ],
            [
              166529.12621359222,
              28586.165048543688
            ],
            [
              166523.05825242717,
              28580.09708737864
            ],
            [
              166523.05825242717,
              28561.893203883494
            ],
            [
              166510.92233009706,
              28549.757281553397
            ],
            [
              166492.71844660194,
              28549.757281553397
            ]
          ]
        ]
      }
    },
    {
      "type": "Feature",
      "properties": {
        "class_id": 2,
        "classification": "Fold",
        "area": 4436.828400414741
      },
      "geometry": {
        "type": "Polygon",
        "coordinates": [
          [
            [
              166183.25242718446,
              28464.805825242714
            ],
            [
              166165.0485436893,
              28483.009708737864
            ],
            [
              166165.0485436893,
              28507.281553398057
            ],
            [
              166189.3203883495,
              28531.55339805825
            ],
            [
              166219.66019417474,
              28531.55339805825
            ],
            [
              166225.7281553398,
              28525.485436893203
            ],
            [
              166231.79611650485,
              28525.485436893203
            ],
            [
              166243.93203883493,
              28513.349514563106
            ],
            [
              166243.93203883493,
              28507.281553398057
            ],
            [
              166250.0,
              28501.21359223301
            ],
            [
              166250.0,
              28489.077669902912
            ],
            [
              166237.8640776699,
              28476.941747572815
            ],
            [
              166231.79611650485,
              28476.941747572815
            ],
            [
              166225.7281553398,
              28470.873786407763
            ],
            [
              166219.66019417474,
              28470.873786407763
            ],
            [
              166213.5922330097,
              28464.805825242714
            ],
            [
              166183.25242718446,
              28464.805825242714
            ]
          ]
        ]
      }
    },
    {
      "type": "Feature",
      "properties": {
        "class_id": 2,
        "classification": "Fold",
        "area": 4271.137713262324
      },
      "geometry": {
        "type": "Polygon",
        "coordinates": [
          [
            [
              166116.50485436892,
              28082.524271844657
            ],
            [
              166104.3689320388,
              28094.660194174754
            ],
            [
              166104.3689320388,
              28106.79611650485
            ],
            [
              166098.30097087377,
              28112.8640776699
            ],
            [
              166098.30097087377,
              28118.932038834948
            ],
            [
              166104.3689320388,
              28124.999999999996
            ],
            [
              166104.3689320388,
              28167.47572815534
            ],
            [
              166110.43689320388,
              28173.543689320388
            ],
            [
              166110.43689320388,
              28185.679611650485
            ],
            [
              166116.50485436892,
              28191.747572815533
            ],
            [
              166122.57281553396,
              28191.747572815533
            ],
            [
              166134.70873786407,
              28179.611650485436
            ],
            [
              166134.70873786407,
              28173.543689320388
            ],
            [
              166140.7766990291,
              28167.47572815534
            ],
            [
              166140.7766990291,
              28161.40776699029
            ],
            [
              166146.84466019415,
              28155.33980582524
            ],
            [
              166146.84466019415,
              28149.27184466019
            ],
            [
              166152.91262135922,
              28143.20388349514
            ],
            [
              166152.91262135922,
              28106.79611650485
            ],
            [
              166146.84466019415,
              28100.728155339802
            ],
            [
              166146.84466019415,
              28094.660194174754
            ],
            [
              166134.70873786407,
              28082.524271844657
            ],
            [
              166116.50485436892,
              28082.524271844657
            ]
          ]
        ]
      }
    },
    {
      "type": "Feature",
      "properties": {
        "class_id": 2,
        "classification": "Fold",
        "area": 791.6332830615513
      },
      "geometry": {
        "type": "Polygon",
        "coordinates": [
          [
            [
              90097.08737864078,
              27081.310679611648
            ],
            [
              90097.08737864078,
              27135.922330097084
            ],
            [
              90103.15533980582,
              27129.854368932036
            ],
            [
              90109.22330097087,
              27129.854368932036
            ],
            [
              90109.22330097087,
              27123.786407766987
            ],
            [
              90115.29126213591,
              27117.71844660194
            ],
            [
              90115.29126213591,
              27093.446601941745
            ],
            [
              90109.22330097087,
              27087.378640776697
            ],
            [
              90109.22330097087,
              27081.310679611648
            ],
            [
              90097.08737864078,
              27081.310679611648
            ]
          ]
        ]
      }
    },
    {
      "type": "Feature",
      "properties": {
        "class_id": 2,
        "classification": "Fold",
        "area": 331.38137430483545
      },
      "geometry": {
        "type": "Polygon",
        "coordinates": [
          [
            [
              9314.320388349513,
              20667.47572815534
            ],
            [
              9308.252427184465,
              20673.543689320388
            ],
            [
              9308.252427184465,
              20679.611650485436
            ],
            [
              9302.184466019417,
              20685.679611650485
            ],
            [
              9302.184466019417,
              20697.81553398058
            ],
            [
              9314.320388349513,
              20709.95145631068
            ],
            [
              9314.320388349513,
              20667.47572815534
            ]
          ]
        ]
      }
    },
    {
      "type": "Feature",
      "properties": {
        "class_id": 2,
        "classification": "Fold",
        "area": 239.33099255349225
      },
      "geometry": {
        "type": "Polygon",
        "coordinates": [
          [
            [
              159368.93203883493,
              18616.50485436893
            ],
            [
              159368.93203883493,
              18622.57281553398
            ],
            [
              159362.8640776699,
              18628.640776699027
            ],
            [
              159362.8640776699,
              18634.708737864075
            ],
            [
              159387.13592233008,
              18634.708737864075
            ],
            [
              159387.13592233008,
              18628.640776699027
            ],
            [
              159381.06796116504,
              18628.640776699027
            ],
            [
              159368.93203883493,
              18616.50485436893
            ]
          ]
        ]
      }
    },
    {
      "type": "Feature",
      "properties": {
        "class_id": 2,
        "classification": "Fold",
        "area": 3700.4253464039957
      },
      "geometry": {
        "type": "Polygon",
        "coordinates": [
          [
            [
              31067.961165048542,
              17858.009708737864
            ],
            [
              31067.961165048542,
              17961.165048543688
            ],
            [
              31074.02912621359,
              17961.165048543688
            ],
            [
              31080.09708737864,
              17967.233009708736
            ],
            [
              31086.165048543688,
              17961.165048543688
            ],
            [
              31092.233009708736,
              17961.165048543688
            ],
            [
              31098.300970873785,
              17955.09708737864
            ],
            [
              31104.368932038833,
              17955.09708737864
            ],
            [
              31116.50485436893,
              17942.961165048542
            ],
            [
              31116.50485436893,
              17930.825242718445
            ],
            [
              31110.43689320388,
              17924.757281553397
            ],
            [
              31110.43689320388,
              17912.6213592233
            ],
            [
              31104.368932038833,
              17906.55339805825
            ],
            [
              31104.368932038833,
              17894.417475728154
            ],
            [
              31098.300970873785,
              17888.349514563106
            ],
            [
              31098.300970873785,
              17882.281553398057
            ],
            [
              31092.233009708736,
              17876.21359223301
            ],
            [
              31092.233009708736,
              17870.14563106796
            ],
            [
              31080.09708737864,
              17858.009708737864
            ],
            [
              31067.961165048542,
              17858.009708737864
            ]
          ]
        ]
      }
    },
    {
      "type": "Feature",
      "properties": {
        "class_id": 2,
        "classification": "Fold",
        "area": 5246.871759826561
      },
      "geometry": {
        "type": "Polygon",
        "coordinates": [
          [
            [
              31067.961165048542,
              17706.310679611648
            ],
            [
              31067.961165048542,
              17833.73786407767
            ],
            [
              31080.09708737864,
              17833.73786407767
            ],
            [
              31086.165048543688,
              17827.66990291262
            ],
            [
              31092.233009708736,
              17827.66990291262
            ],
            [
              31104.368932038833,
              17815.533980582524
            ],
            [
              31110.43689320388,
              17815.533980582524
            ],
            [
              31110.43689320388,
              17809.466019417476
            ],
            [
              31128.640776699027,
              17791.26213592233
            ],
            [
              31122.57281553398,
              17785.194174757282
            ],
            [
              31122.57281553398,
              17779.126213592233
            ],
            [
              31116.50485436893,
              17773.05825242718
            ],
            [
              31116.50485436893,
              17754.854368932036
            ],
            [
              31110.43689320388,
              17748.786407766987
            ],
            [
              31110.43689320388,
              17736.65048543689
            ],
            [
              31104.368932038833,
              17730.582524271842
            ],
            [
              31104.368932038833,
              17724.514563106794
            ],
            [
              31092.233009708736,
              17712.378640776697
            ],
            [
              31086.165048543688,
              17712.378640776697
            ],
            [
              31080.09708737864,
              17706.310679611648
            ],
            [
              31067.961165048542,
              17706.310679611648
            ]
          ]
        ]
      }
    },
    {
      "type": "Feature",
      "properties": {
        "class_id": 2,
        "classification": "Fold",
        "area": 110.4604581016118
      },
      "geometry": {
        "type": "Polygon",
        "coordinates": [
          [
            [
              116844.66019417475,
              15521.844660194174
            ],
            [
              116844.66019417475,
              15527.912621359223
            ],
            [
              116862.86407766989,
              15527.912621359223
            ],
            [
              116862.86407766989,
              15521.844660194174
            ],
            [
              116844.66019417475,
              15521.844660194174
            ]
          ]
        ]
      }
    },
    {
      "type": "Feature",
      "properties": {
        "class_id": 2,
        "classification": "Fold",
        "area": 331.38137430483545
      },
      "geometry": {
        "type": "Polygon",
        "coordinates": [
          [
            [
              116747.57281553397,
              15515.776699029126
            ],
            [
              116741.50485436892,
              15521.844660194174
            ],
            [
              116741.50485436892,
              15527.912621359223
            ],
            [
              116771.84466019417,
              15527.912621359223
            ],
            [
              116771.84466019417,
              15521.844660194174
            ],
            [
              116765.77669902911,
              15515.776699029126
            ],
            [
              116747.57281553397,
              15515.776699029126
            ]
          ]
        ]
      }
    },
    {
      "type": "Feature",
      "properties": {
        "class_id": 2,
        "classification": "Fold",
        "area": 102544.1252709963
      },
      "geometry": {
        "type": "Polygon",
        "coordinates": [
          [
            [
              56353.155339805824,
              15442.961165048542
            ],
            [
              56347.087378640776,
              15449.02912621359
            ],
            [
              56280.339805825235,
              15449.02912621359
            ],
            [
              56274.27184466019,
              15455.09708737864
            ],
            [
              56256.06796116504,
              15455.09708737864
            ],
            [
              56237.864077669896,
              15473.300970873785
            ],
            [
              56237.864077669896,
              15497.57281553398
            ],
            [
              56231.79611650485,
              15503.640776699029
            ],
            [
              56231.79611650485,
              15527.912621359223
            ],
            [
              56225.7281553398,
              15533.980582524271
            ],
            [
              56195.38834951456,
              15533.980582524271
            ],
            [
              56195.38834951456,
              15540.04854368932
            ],
            [
              56201.456310679605,
              15546.116504854368
            ],
            [
              56201.456310679605,
              15570.388349514562
            ],
            [
              56207.52427184465,
              15576.45631067961
            ],
            [
              56207.52427184465,
              15588.592233009707
            ],
            [
              56213.5922330097,
              15594.660194174756
            ],
            [
              56213.5922330097,
              15600.728155339804
            ],
            [
              56231.79611650485,
              15618.93203883495
            ],
            [
              56237.864077669896,
              15618.93203883495
            ],
            [
              56249.99999999999,
              15631.067961165047
            ],
            [
              56249.99999999999,
              15637.135922330095
            ],
            [
              56256.06796116504,
              15643.203883495144
            ],
            [
              56256.06796116504,
              15649.271844660192
            ],
            [
              56262.13592233009,
              15655.339805825242
            ],
            [
              56262.13592233009,
              15691.747572815533
            ],
            [
              56286.40776699028,
              15716.019417475727
            ],
            [
              56292.47572815533,
              15716.019417475727
            ],
            [
              56298.54368932038,
              15709.951456310679
            ],
            [
              56304.61165048543,
              15709.951456310679
            ],
            [
              56310.67961165048,
              15716.019417475727
            ],
            [
              56310.67961165048,
              15734.223300970873
            ],
            [
              56316.74757281553,
              15734.223300970873
            ],
            [
              56365.29126213592,
              15782.76699029126
            ],
            [
              56371.35922330097,
              15782.76699029126
            ],
            [
              56377.42718446602,
              15788.834951456309
            ],
            [
              56383.49514563107,
              15788.834951456309
            ],
            [
              56389.563106796115,
              15794.902912621357
            ],
            [
              56395.63106796116,
              15794.902912621357
            ],
            [
              56401.69902912621,
              15800.970873786406
            ],
            [
              56407.76699029126,
              15800.970873786406
            ],
            [
              56425.970873786406,
              15819.174757281553
            ],
            [
              56425.970873786406,
              15849.514563106795
            ],
            [
              56438.1067961165,
              15849.514563106795
            ],
            [
              56450.2427184466,
              15861.650485436892
            ],
            [
              56450.2427184466,
              15879.854368932038
            ],
            [
              56462.3786407767,
              15879.854368932038
            ],
            [
              56486.65048543689,
              15904.126213592232
            ],
            [
              56486.65048543689,
              15916.262135922329
            ],
            [
              56492.71844660194,
              15922.330097087377
            ],
            [
              56492.71844660194,
              15940.533980582522
            ],
            [
              56486.65048543689,
              15946.60194174757
            ],
            [
              56498.78640776699,
              15958.737864077668
            ],
            [
              56498.78640776699,
              15964.805825242716
            ],
            [
              56504.854368932036,
              15970.873786407767
            ],
            [
              56504.854368932036,
              15976.941747572815
            ],
            [
              56498.78640776699,
              15983.009708737864
            ],
            [
              56498.78640776699,
              15989.077669902912
            ],
            [
              56504.854368932036,
              15995.14563106796
            ],
            [
              56504.854368932036,
              16001.213592233009
            ],
            [
              56523.05825242718,
              16019.417475728154
            ],
            [
              56529.12621359223,
              16019.417475728154
            ],
            [
              56535.19417475728,
              16025.485436893203
            ],
            [
              56547.330097087375,
              16025.485436893203
            ],
            [
              56553.398058252424,
              16031.553398058251
            ],
            [
              56565.53398058252,
              16031.553398058251
            ],
            [
              56571.60194174757,
              16037.6213592233
            ],
            [
              56583.737864077666,
              16037.6213592233
            ],
            [
              56589.805825242714,
              16043.689320388348
            ],
            [
              56601.94174757281,
              16043.689320388348
            ],
            [
              56608.00970873786,
              16037.6213592233
            ],
            [
              56614.07766990291,
              16037.6213592233
            ],
            [
              56620.14563106796,
              16031.553398058251
            ],
            [
              56626.213592233005,
              16031.553398058251
            ],
            [
              56638.3495145631,
              16019.417475728154
            ],
            [
              56638.3495145631,
              16007.281553398057
            ],
            [
              56644.41747572815,
              16001.213592233009
            ],
            [
              56644.41747572815,
              15922.330097087377
            ],
            [
              56638.3495145631,
              15916.262135922329
            ],
            [
              56638.3495145631,
              15910.19417475728
            ],
            [
              56626.213592233005,
              15898.058252427183
            ],
            [
              56626.213592233005,
              15891.990291262135
            ],
            [
              56614.07766990291,
              15879.854368932038
            ],
            [
              56614.07766990291,
              15873.78640776699
            ],
            [
              56608.00970873786,
              15867.71844660194
            ],
            [
              56608.00970873786,
              15861.650485436892
            ],
            [
              56601.94174757281,
              15855.582524271844
            ],
            [
              56601.94174757281,
              15849.514563106795
            ],
            [
              56595.87378640776,
              15843.446601941747
            ],
            [
              56595.87378640776,
              15831.31067961165
            ],
            [
              56583.737864077666,
              15819.174757281553
            ],
            [
              56571.60194174757,
              15819.174757281553
            ],
            [
              56559.46601941747,
              15807.038834951454
            ],
            [
              56553.398058252424,
              15807.038834951454
            ],
            [
              56529.12621359223,
              15782.76699029126
            ],
            [
              56529.12621359223,
              15776.699029126212
            ],
            [
              56523.05825242718,
              15770.631067961163
            ],
            [
              56523.05825242718,
              15734.223300970873
            ],
            [
              56541.26213592233,
              15716.019417475727
            ],
            [
              56571.60194174757,
              15716.019417475727
            ],
            [
              56571.60194174757,
              15703.88349514563
            ],
            [
              56565.53398058252,
              15697.815533980582
            ],
            [
              56565.53398058252,
              15655.339805825242
            ],
            [
              56559.46601941747,
              15649.271844660192
            ],
            [
              56559.46601941747,
              15643.203883495144
            ],
            [
              56553.398058252424,
              15637.135922330095
            ],
            [
              56553.398058252424,
              15631.067961165047
            ],
            [
              56547.330097087375,
              15624.999999999998
            ],
            [
              56541.26213592233,
              15624.999999999998
            ],
            [
              56523.05825242718,
              15606.796116504853
            ],
            [
              56516.99029126213,
              15612.864077669901
            ],
            [
              56516.99029126213,
              15624.999999999998
            ],
            [
              56523.05825242718,
              15631.067961165047
            ],
            [
              56523.05825242718,
              15649.271844660192
            ],
            [
              56529.12621359223,
              15655.339805825242
            ],
            [
              56529.12621359223,
              15679.611650485436
            ],
            [
              56523.05825242718,
              15685.679611650485
            ],
            [
              56523.05825242718,
              15691.747572815533
            ],
            [
              56516.99029126213,
              15697.815533980582
            ],
            [
              56504.854368932036,
              15685.679611650485
            ],
            [
              56504.854368932036,
              15679.611650485436
            ],
            [
              56498.78640776699,
              15673.543689320388
            ],
            [
              56498.78640776699,
              15661.40776699029
            ],
            [
              56480.58252427184,
              15643.203883495144
            ],
            [
              56462.3786407767,
              15643.203883495144
            ],
            [
              56456.31067961165,
              15637.135922330095
            ],
            [
              56425.970873786406,
              15637.135922330095
            ],
            [
              56419.90291262136,
              15631.067961165047
            ],
            [
              56413.83495145631,
              15631.067961165047
            ],
            [
              56389.563106796115,
              15606.796116504853
            ],
            [
              56389.563106796115,
              15600.728155339804
            ],
            [
              56383.49514563107,
              15594.660194174756
            ],
            [
              56383.49514563107,
              15588.592233009707
            ],
            [
              56377.42718446602,
              15582.524271844659
            ],
            [
              56377.42718446602,
              15564.320388349513
            ],
            [
              56371.35922330097,
              15558.252427184465
            ],
            [
              56371.35922330097,
              15533.980582524271
            ],
            [
              56377.42718446602,
              15527.912621359223
            ],
            [
              56383.49514563107,
              15527.912621359223
            ],
            [
              56377.42718446602,
              15521.844660194174
            ],
            [
              56377.42718446602,
              15503.640776699029
            ],
            [
              56389.563106796115,
              15491.50485436893
            ],
            [
              56401.69902912621,
              15491.50485436893
            ],
            [
              56395.63106796116,
              15485.436893203881
            ],
            [
              56395.63106796116,
              15473.300970873785
            ],
            [
              56383.49514563107,
              15461.165048543688
            ],
            [
              56383.49514563107,
              15455.09708737864
            ],
            [
              56377.42718446602,
              15449.02912621359
            ],
            [
              56371.35922330097,
              15449.02912621359
            ],
            [
              56365.29126213592,
              15442.961165048542
            ],
            [
              56353.155339805824,
              15442.961165048542
            ]
          ]
        ]
      }
    },
    {
      "type": "Feature",
      "properties": {
        "class_id": 2,
        "classification": "Fold",
        "area": 294.56122160429817
      },
      "geometry": {
        "type": "Polygon",
        "coordinates": [
          [
            [
              110983.00970873785,
              14296.116504854368
            ],
            [
              110983.00970873785,
              14320.388349514562
            ],
            [
              110995.14563106795,
              14320.388349514562
            ],
            [
              110995.14563106795,
              14296.116504854368
            ],
            [
              110983.00970873785,
              14296.116504854368
            ]
          ]
        ]
      }
    },
    {
      "type": "Feature",
      "properties": {
        "class_id": 2,
        "classification": "Fold",
        "area": 17379.112074653593
      },
      "geometry": {
        "type": "Polygon",
        "coordinates": [
          [
            [
              99453.88349514562,
              13683.252427184465
            ],
            [
              99447.81553398058,
              13689.320388349513
            ],
            [
              99441.74757281553,
              13689.320388349513
            ],
            [
              99435.67961165048,
              13695.388349514562
            ],
            [
              99435.67961165048,
              13701.45631067961
            ],
            [
              99429.61165048543,
              13707.524271844659
            ],
            [
              99429.61165048543,
              13713.592233009707
            ],
            [
              99417.47572815533,
              13725.728155339804
            ],
            [
              99417.47572815533,
              14023.058252427183
            ],
            [
              99423.54368932039,
              14016.990291262135
            ],
            [
              99435.67961165048,
              14016.990291262135
            ],
            [
              99472.08737864078,
              13980.582524271844
            ],
            [
              99472.08737864078,
              13974.514563106795
            ],
            [
              99478.15533980582,
              13968.446601941747
            ],
            [
              99478.15533980582,
              13956.31067961165
            ],
            [
              99484.22330097087,
              13950.242718446601
            ],
            [
              99484.22330097087,
              13932.038834951456
            ],
            [
              99478.15533980582,
              13925.970873786408
            ],
            [
              99478.15533980582,
              13907.76699029126
            ],
            [
              99472.08737864078,
              13901.699029126212
            ],
            [
              99472.08737864078,
              13877.427184466018
            ],
            [
              99466.01941747572,
              13871.35922330097
            ],
            [
              99466.01941747572,
              13822.815533980582
            ],
            [
              99459.95145631068,
              13816.747572815533
            ],
            [
              99459.95145631068,
              13786.40776699029
            ],
            [
              99472.08737864078,
              13774.271844660194
            ],
            [
              99472.08737864078,
              13768.203883495145
            ],
            [
              99478.15533980582,
              13762.135922330095
            ],
            [
              99478.15533980582,
              13749.999999999998
            ],
            [
              99484.22330097087,
              13743.93203883495
            ],
            [
              99484.22330097087,
              13701.45631067961
            ],
            [
              99478.15533980582,
              13695.388349514562
            ],
            [
              99478.15533980582,
              13689.320388349513
            ],
            [
              99472.08737864078,
              13689.320388349513
            ],
            [
              99466.01941747572,
              13683.252427184465
            ],
            [
              99453.88349514562,
              13683.252427184465
            ]
          ]
        ]
      }
    },
    {
      "type": "Feature",
      "properties": {
        "class_id": 2,
        "classification": "Fold",
        "area": 810.04335941182
      },
      "geometry": {
        "type": "Polygon",
        "coordinates": [
          [
            [
              102524.27184466018,
              9641.990291262135
            ],
            [
              102524.27184466018,
              9684.466019417476
            ],
            [
              102536.40776699028,
              9684.466019417476
            ],
            [
              102542.47572815533,
              9678.398058252427
            ],
            [
              102542.47572815533,
              9666.262135922329
            ],
            [
              102548.54368932037,
              9660.19417475728
            ],
            [
              102548.54368932037,
              9654.126213592232
            ],
            [
              102536.40776699028,
              9641.990291262135
            ],
            [
              102524.27184466018,
              9641.990291262135
            ]
          ]
        ]
      }
    },
    {
      "type": "Feature",
      "properties": {
        "class_id": 2,
        "classification": "Fold",
        "area": 67712.26081628804
      },
      "geometry": {
        "type": "Polygon",
        "coordinates": [
          [
            [
              57809.46601941747,
              9320.388349514562
            ],
            [
              57809.46601941747,
              9326.45631067961
            ],
            [
              57815.53398058252,
              9332.524271844659
            ],
            [
              57815.53398058252,
              9338.592233009707
            ],
            [
              57821.60194174757,
              9344.660194174756
            ],
            [
              57821.60194174757,
              9356.796116504853
            ],
            [
              57827.66990291262,
              9362.864077669903
            ],
            [
              57827.66990291262,
              9368.932038834952
            ],
            [
              57833.737864077666,
              9375.0
            ],
            [
              57833.737864077666,
              9381.067961165048
            ],
            [
              57839.805825242714,
              9387.135922330097
            ],
            [
              57839.805825242714,
              9447.815533980582
            ],
            [
              57845.87378640776,
              9453.88349514563
            ],
            [
              57845.87378640776,
              9472.087378640776
            ],
            [
              57851.94174757281,
              9478.155339805824
            ],
            [
              57851.94174757281,
              9490.291262135921
            ],
            [
              57858.00970873786,
              9496.35922330097
            ],
            [
              57858.00970873786,
              9544.902912621359
            ],
            [
              57851.94174757281,
              9550.970873786408
            ],
            [
              57851.94174757281,
              9563.106796116504
            ],
            [
              57845.87378640776,
              9569.174757281553
            ],
            [
              57845.87378640776,
              9575.242718446601
            ],
            [
              57839.805825242714,
              9581.31067961165
            ],
            [
              57839.805825242714,
              9587.378640776698
            ],
            [
              57833.737864077666,
              9593.446601941747
            ],
            [
              57833.737864077666,
              9599.514563106795
            ],
            [
              57827.66990291262,
              9605.582524271844
            ],
            [
              57827.66990291262,
              9611.650485436892
            ],
            [
              57821.60194174757,
              9617.71844660194
            ],
            [
              57821.60194174757,
              9635.922330097086
            ],
            [
              57827.66990291262,
              9641.990291262135
            ],
            [
              57827.66990291262,
              9648.058252427183
            ],
            [
              57839.805825242714,
              9660.19417475728
            ],
            [
              57845.87378640776,
              9660.19417475728
            ],
            [
              57864.07766990291,
              9678.398058252427
            ],
            [
              57870.14563106796,
              9678.398058252427
            ],
            [
              57876.213592233005,
              9684.466019417476
            ],
            [
              57888.3495145631,
              9684.466019417476
            ],
            [
              57894.41747572815,
              9690.533980582524
            ],
            [
              57961.165048543684,
              9690.533980582524
            ],
            [
              57967.23300970873,
              9696.601941747573
            ],
            [
              57991.504854368926,
              9696.601941747573
            ],
            [
              57997.572815533975,
              9702.669902912621
            ],
            [
              58003.64077669902,
              9702.669902912621
            ],
            [
              58009.70873786407,
              9696.601941747573
            ],
            [
              58021.84466019417,
              9696.601941747573
            ],
            [
              58027.91262135922,
              9690.533980582524
            ],
            [
              58027.91262135922,
              9684.466019417476
            ],
            [
              58033.980582524266,
              9678.398058252427
            ],
            [
              58033.980582524266,
              9672.330097087377
            ],
            [
              58040.048543689314,
              9666.262135922329
            ],
            [
              58040.048543689314,
              9660.19417475728
            ],
            [
              58046.11650485436,
              9654.126213592232
            ],
            [
              58046.11650485436,
              9641.990291262135
            ],
            [
              58052.18446601941,
              9635.922330097086
            ],
            [
              58052.18446601941,
              9617.71844660194
            ],
            [
              58058.25242718446,
              9611.650485436892
            ],
            [
              58058.25242718446,
              9563.106796116504
            ],
            [
              58052.18446601941,
              9557.038834951456
            ],
            [
              58052.18446601941,
              9532.766990291262
            ],
            [
              58058.25242718446,
              9526.699029126214
            ],
            [
              58058.25242718446,
              9520.631067961165
            ],
            [
              58064.32038834951,
              9514.563106796115
            ],
            [
              58058.25242718446,
              9508.495145631066
            ],
            [
              58058.25242718446,
              9484.223300970873
            ],
            [
              58052.18446601941,
              9478.155339805824
            ],
            [
              58052.18446601941,
              9466.019417475727
            ],
            [
              58027.91262135922,
              9441.747572815533
            ],
            [
              58009.70873786407,
              9441.747572815533
            ],
            [
              57991.504854368926,
              9423.543689320388
            ],
            [
              57991.504854368926,
              9405.339805825242
            ],
            [
              57985.43689320388,
              9399.271844660194
            ],
            [
              57985.43689320388,
              9393.203883495145
            ],
            [
              57967.23300970873,
              9375.0
            ],
            [
              57961.165048543684,
              9375.0
            ],
            [
              57924.75728155339,
              9338.592233009707
            ],
            [
              57924.75728155339,
              9326.45631067961
            ],
            [
              57918.689320388345,
              9320.388349514562
            ],
            [
              57809.46601941747,
              9320.388349514562
            ]
          ]
        ]
      }
    },
    {
      "type": "Feature",
      "properties": {
        "class_id": 2,
        "classification": "Fold",
        "area": 846.8635121123573
      },
      "geometry": {
        "type": "Polygon",
        "coordinates": [
          [
            [
              60697.815533980574,
              9241.504854368932
            ],
            [
              60697.815533980574,
              9277.912621359223
            ],
            [
              60734.22330097087,
              9277.912621359223
            ],
            [
              60734.22330097087,
              9271.844660194174
            ],
            [
              60728.155339805824,
              9265.776699029126
            ],
            [
              60728.155339805824,
              9259.708737864077
            ],
            [
              60722.087378640776,
              9259.708737864077
            ],
            [
              60709.95145631067,
              9247.57281553398
            ],
            [
              60703.88349514562,
              9247.57281553398
            ],
            [
              60697.815533980574,
              9241.504854368932
            ]
          ]
        ]
      }
    },
    {
      "type": "Feature",
      "properties": {
        "class_id": 2,
        "classification": "Fold",
        "area": 18925.558488076156
      },
      "geometry": {
        "type": "Polygon",
        "coordinates": [
          [
            [
              54077.66990291262,
              9162.6213592233
            ],
            [
              54071.60194174757,
              9168.689320388348
            ],
            [
              54059.46601941747,
              9168.689320388348
            ],
            [
              54047.330097087375,
              9180.825242718445
            ],
            [
              54047.330097087375,
              9186.893203883494
            ],
            [
              54053.398058252424,
              9192.961165048542
            ],
            [
              54053.398058252424,
              9205.097087378641
            ],
            [
              54059.46601941747,
              9211.16504854369
            ],
            [
              54059.46601941747,
              9217.233009708738
            ],
            [
              54065.53398058252,
              9223.300970873786
            ],
            [
              54065.53398058252,
              9229.368932038835
            ],
            [
              54071.60194174757,
              9235.436893203883
            ],
            [
              54071.60194174757,
              9259.708737864077
            ],
            [
              54089.805825242714,
              9277.912621359223
            ],
            [
              54089.805825242714,
              9283.980582524271
            ],
            [
              54095.87378640776,
              9290.04854368932
            ],
            [
              54095.87378640776,
              9314.320388349513
            ],
            [
              54302.18446601941,
              9314.320388349513
            ],
            [
              54302.18446601941,
              9302.184466019417
            ],
            [
              54290.048543689314,
              9290.04854368932
            ],
            [
              54290.048543689314,
              9283.980582524271
            ],
            [
              54283.980582524266,
              9277.912621359223
            ],
            [
              54277.91262135922,
              9277.912621359223
            ],
            [
              54271.84466019417,
              9271.844660194174
            ],
            [
              54265.77669902912,
              9271.844660194174
            ],
            [
              54259.70873786407,
              9265.776699029126
            ],
            [
              54247.572815533975,
              9265.776699029126
            ],
            [
              54241.504854368926,
              9259.708737864077
            ],
            [
              54223.30097087378,
              9259.708737864077
            ],
            [
              54217.23300970873,
              9253.640776699029
            ],
            [
              54192.96116504854,
              9253.640776699029
            ],
            [
              54186.89320388349,
              9247.57281553398
            ],
            [
              54180.82524271844,
              9247.57281553398
            ],
            [
              54174.75728155339,
              9241.504854368932
            ],
            [
              54168.689320388345,
              9241.504854368932
            ],
            [
              54138.3495145631,
              9211.16504854369
            ],
            [
              54138.3495145631,
              9205.097087378641
            ],
            [
              54132.281553398054,
              9199.02912621359
            ],
            [
              54132.281553398054,
              9192.961165048542
            ],
            [
              54120.14563106796,
              9180.825242718445
            ],
            [
              54120.14563106796,
              9174.757281553397
            ],
            [
              54114.07766990291,
              9168.689320388348
            ],
            [
              54108.00970873786,
              9168.689320388348
            ],
            [
              54101.94174757281,
              9162.6213592233
            ],
            [
              54077.66990291262,
              9162.6213592233
            ]
          ]
        ]
      }
    },
    {
      "type": "Feature",
      "properties": {
        "class_id": 2,
        "classification": "Fold",
        "area": 42195.89499481571
      },
      "geometry": {
        "type": "Polygon",
        "coordinates": [
          [
            [
              152233.00970873784,
              9089.805825242718
            ],
            [
              152233.00970873784,
              9314.320388349513
            ],
            [
              152530.33980582524,
              9314.320388349513
            ],
            [
              152536.40776699028,
              9308.252427184465
            ],
            [
              152530.33980582524,
              9302.184466019417
            ],
            [
              152530.33980582524,
              9283.980582524271
            ],
            [
              152518.20388349512,
              9283.980582524271
            ],
            [
              152500.0,
              9265.776699029126
            ],
            [
              152493.93203883493,
              9265.776699029126
            ],
            [
              152487.8640776699,
              9259.708737864077
            ],
            [
              152475.7281553398,
              9259.708737864077
            ],
            [
              152469.66019417474,
              9253.640776699029
            ],
            [
              152433.25242718446,
              9253.640776699029
            ],
            [
              152427.18446601942,
              9247.57281553398
            ],
            [
              152427.18446601942,
              9241.504854368932
            ],
            [
              152421.11650485435,
              9235.436893203883
            ],
            [
              152421.11650485435,
              9229.368932038835
            ],
            [
              152415.0485436893,
              9223.300970873786
            ],
            [
              152421.11650485435,
              9217.233009708738
            ],
            [
              152421.11650485435,
              9211.16504854369
            ],
            [
              152427.18446601942,
              9205.097087378641
            ],
            [
              152433.25242718446,
              9205.097087378641
            ],
            [
              152439.3203883495,
              9199.02912621359
            ],
            [
              152475.7281553398,
              9199.02912621359
            ],
            [
              152475.7281553398,
              9192.961165048542
            ],
            [
              152445.38834951454,
              9162.6213592233
            ],
            [
              152439.3203883495,
              9162.6213592233
            ],
            [
              152433.25242718446,
              9156.553398058251
            ],
            [
              152402.91262135922,
              9156.553398058251
            ],
            [
              152396.84466019415,
              9150.485436893203
            ],
            [
              152384.70873786407,
              9150.485436893203
            ],
            [
              152378.64077669903,
              9144.417475728154
            ],
            [
              152372.57281553396,
              9144.417475728154
            ],
            [
              152366.50485436892,
              9138.349514563106
            ],
            [
              152360.43689320388,
              9138.349514563106
            ],
            [
              152354.36893203884,
              9132.281553398057
            ],
            [
              152342.23300970873,
              9132.281553398057
            ],
            [
              152336.16504854368,
              9126.213592233009
            ],
            [
              152281.55339805825,
              9126.213592233009
            ],
            [
              152275.48543689318,
              9120.14563106796
            ],
            [
              152269.41747572814,
              9120.14563106796
            ],
            [
              152245.14563106795,
              9095.873786407767
            ],
            [
              152239.0776699029,
              9095.873786407767
            ],
            [
              152233.00970873784,
              9089.805825242718
            ]
          ]
        ]
      }
    },
    {
      "type": "Feature",
      "properties": {
        "class_id": 2,
        "classification": "Fold",
        "area": 35641.90781412008
      },
      "geometry": {
        "type": "Polygon",
        "coordinates": [
          [
            [
              113112.86407766989,
              8240.291262135921
            ],
            [
              113088.5922330097,
              8264.563106796117
            ],
            [
              113088.5922330097,
              8270.631067961165
            ],
            [
              113064.3203883495,
              8294.902912621359
            ],
            [
              113064.3203883495,
              8300.970873786408
            ],
            [
              113040.0485436893,
              8325.242718446601
            ],
            [
              113040.0485436893,
              8331.31067961165
            ],
            [
              113033.98058252427,
              8337.378640776698
            ],
            [
              113033.98058252427,
              8349.514563106795
            ],
            [
              113027.91262135921,
              8355.582524271844
            ],
            [
              113027.91262135921,
              8373.78640776699
            ],
            [
              113033.98058252427,
              8379.854368932038
            ],
            [
              113033.98058252427,
              8385.922330097086
            ],
            [
              113040.0485436893,
              8391.990291262135
            ],
            [
              113040.0485436893,
              8398.058252427183
            ],
            [
              113052.1844660194,
              8410.19417475728
            ],
            [
              113052.1844660194,
              8416.26213592233
            ],
            [
              113058.25242718446,
              8422.330097087379
            ],
            [
              113064.3203883495,
              8422.330097087379
            ],
            [
              113076.4563106796,
              8434.466019417476
            ],
            [
              113082.52427184465,
              8434.466019417476
            ],
            [
              113088.5922330097,
              8440.533980582524
            ],
            [
              113094.66019417475,
              8440.533980582524
            ],
            [
              113100.72815533979,
              8446.601941747573
            ],
            [
              113106.79611650485,
              8446.601941747573
            ],
            [
              113112.86407766989,
              8452.669902912621
            ],
            [
              113118.93203883494,
              8452.669902912621
            ],
            [
              113124.99999999999,
              8458.73786407767
            ],
            [
              113131.06796116504,
              8458.73786407767
            ],
            [
              113137.13592233008,
              8464.805825242718
            ],
            [
              113149.27184466018,
              8464.805825242718
            ],
            [
              113155.33980582524,
              8470.873786407767
            ],
            [
              113228.15533980582,
              8470.873786407767
            ],
            [
              113234.22330097086,
              8464.805825242718
            ],
            [
              113240.29126213591,
              8464.805825242718
            ],
            [
              113246.35922330095,
              8458.73786407767
            ],
            [
              113246.35922330095,
              8452.669902912621
            ],
            [
              113252.42718446601,
              8446.601941747573
            ],
            [
              113252.42718446601,
              8440.533980582524
            ],
            [
              113258.49514563105,
              8434.466019417476
            ],
            [
              113258.49514563105,
              8404.126213592232
            ],
            [
              113252.42718446601,
              8398.058252427183
            ],
            [
              113252.42718446601,
              8379.854368932038
            ],
            [
              113246.35922330095,
              8373.78640776699
            ],
            [
              113246.35922330095,
              8361.650485436892
            ],
            [
              113240.29126213591,
              8355.582524271844
            ],
            [
              113240.29126213591,
              8349.514563106795
            ],
            [
              113228.15533980582,
              8337.378640776698
            ],
            [
              113228.15533980582,
              8331.31067961165
            ],
            [
              113222.08737864076,
              8331.31067961165
            ],
            [
              113167.47572815533,
              8276.699029126214
            ],
            [
              113167.47572815533,
              8270.631067961165
            ],
            [
              113137.13592233008,
              8240.291262135921
            ],
            [
              113112.86407766989,
              8240.291262135921
            ]
          ]
        ]
      }
    },
    {
      "type": "Feature",
      "properties": {
        "class_id": 2,
        "classification": "Fold",
        "area": 105673.83825054197
      },
      "geometry": {
        "type": "Polygon",
        "coordinates": [
          [
            [
              116189.3203883495,
              7718.446601941747
            ],
            [
              116183.25242718446,
              7724.514563106795
            ],
            [
              116165.0485436893,
              7724.514563106795
            ],
            [
              116158.98058252427,
              7730.582524271844
            ],
            [
              116152.91262135921,
              7730.582524271844
            ],
            [
              116134.70873786407,
              7748.78640776699
            ],
            [
              116134.70873786407,
              7754.854368932039
            ],
            [
              116128.64077669902,
              7760.922330097087
            ],
            [
              116128.64077669902,
              7773.058252427184
            ],
            [
              116122.57281553397,
              7779.1262135922325
            ],
            [
              116122.57281553397,
              7791.262135922329
            ],
            [
              116116.50485436892,
              7797.330097087378
            ],
            [
              116116.50485436892,
              7821.601941747572
            ],
            [
              116110.43689320388,
              7827.669902912621
            ],
            [
              116110.43689320388,
              7936.893203883495
            ],
            [
              116104.36893203882,
              7942.961165048543
            ],
            [
              116104.36893203882,
              8003.640776699029
            ],
            [
              116098.30097087378,
              8009.708737864077
            ],
            [
              116098.30097087378,
              8015.776699029126
            ],
            [
              116092.23300970873,
              8021.844660194174
            ],
            [
              116092.23300970873,
              8027.912621359223
            ],
            [
              116080.09708737863,
              8040.04854368932
            ],
            [
              116080.09708737863,
              8046.116504854368
            ],
            [
              116074.02912621359,
              8052.1844660194165
            ],
            [
              116074.02912621359,
              8064.320388349514
            ],
            [
              116067.96116504853,
              8070.388349514563
            ],
            [
              116067.96116504853,
              8112.864077669902
            ],
            [
              116074.02912621359,
              8118.932038834951
            ],
            [
              116074.02912621359,
              8143.203883495145
            ],
            [
              116080.09708737863,
              8149.271844660194
            ],
            [
              116080.09708737863,
              8185.679611650485
            ],
            [
              116074.02912621359,
              8191.747572815533
            ],
            [
              116074.02912621359,
              8216.019417475727
            ],
            [
              116067.96116504853,
              8222.087378640776
            ],
            [
              116067.96116504853,
              8240.291262135921
            ],
            [
              116061.89320388349,
              8246.35922330097
            ],
            [
              116061.89320388349,
              8264.563106796117
            ],
            [
              116055.82524271843,
              8270.631067961165
            ],
            [
              116055.82524271843,
              8276.699029126214
            ],
            [
              116049.7572815534,
              8282.766990291262
            ],
            [
              116049.7572815534,
              8288.83495145631
            ],
            [
              116043.68932038834,
              8294.902912621359
            ],
            [
              116043.68932038834,
              8300.970873786408
            ],
            [
              116037.6213592233,
              8307.038834951456
            ],
            [
              116037.6213592233,
              8313.106796116504
            ],
            [
              116031.55339805824,
              8319.174757281553
            ],
            [
              116031.55339805824,
              8355.582524271844
            ],
            [
              116037.6213592233,
              8361.650485436892
            ],
            [
              116037.6213592233,
              8446.601941747573
            ],
            [
              116043.68932038834,
              8452.669902912621
            ],
            [
              116043.68932038834,
              8525.485436893203
            ],
            [
              116049.7572815534,
              8531.553398058251
            ],
            [
              116049.7572815534,
              8537.6213592233
            ],
            [
              116061.89320388349,
              8549.757281553397
            ],
            [
              116061.89320388349,
              8555.825242718445
            ],
            [
              116074.02912621359,
              8567.961165048542
            ],
            [
              116080.09708737863,
              8567.961165048542
            ],
            [
              116086.16504854368,
              8574.029126213592
            ],
            [
              116086.16504854368,
              8580.097087378641
            ],
            [
              116104.36893203882,
              8598.300970873786
            ],
            [
              116104.36893203882,
              8604.368932038835
            ],
            [
              116110.43689320388,
              8610.436893203883
            ],
            [
              116110.43689320388,
              8616.504854368932
            ],
            [
              116116.50485436892,
              8622.57281553398
            ],
            [
              116122.57281553397,
              8622.57281553398
            ],
            [
              116128.64077669902,
              8616.504854368932
            ],
            [
              116128.64077669902,
              8604.368932038835
            ],
            [
              116134.70873786407,
              8598.300970873786
            ],
            [
              116134.70873786407,
              8574.029126213592
            ],
            [
              116140.77669902911,
              8567.961165048542
            ],
            [
              116140.77669902911,
              8549.757281553397
            ],
            [
              116146.84466019417,
              8543.689320388348
            ],
            [
              116146.84466019417,
              8537.6213592233
            ],
            [
              116152.91262135921,
              8531.553398058251
            ],
            [
              116152.91262135921,
              8525.485436893203
            ],
            [
              116158.98058252427,
              8519.417475728154
            ],
            [
              116158.98058252427,
              8513.349514563106
            ],
            [
              116171.11650485436,
              8501.213592233009
            ],
            [
              116171.11650485436,
              8495.14563106796
            ],
            [
              116177.1844660194,
              8489.077669902912
            ],
            [
              116177.1844660194,
              8483.009708737864
            ],
            [
              116183.25242718446,
              8476.941747572815
            ],
            [
              116183.25242718446,
              8470.873786407767
            ],
            [
              116189.3203883495,
              8464.805825242718
            ],
            [
              116189.3203883495,
              8446.601941747573
            ],
            [
              116195.38834951456,
              8440.533980582524
            ],
            [
              116195.38834951456,
              8325.242718446601
            ],
            [
              116189.3203883495,
              8319.174757281553
            ],
            [
              116189.3203883495,
              8197.815533980582
            ],
            [
              116183.25242718446,
              8191.747572815533
            ],
            [
              116183.25242718446,
              8173.543689320388
            ],
            [
              116177.1844660194,
              8167.475728155339
            ],
            [
              116177.1844660194,
              8149.271844660194
            ],
            [
              116171.11650485436,
              8143.203883495145
            ],
            [
              116171.11650485436,
              8106.796116504854
            ],
            [
              116177.1844660194,
              8100.728155339805
            ],
            [
              116177.1844660194,
              8088.592233009708
            ],
            [
              116183.25242718446,
              8082.52427184466
            ],
            [
              116183.25242718446,
              8070.388349514563
            ],
            [
              116189.3203883495,
              8064.320388349514
            ],
            [
              116189.3203883495,
              8058.252427184465
            ],
            [
              116195.38834951456,
              8052.1844660194165
            ],
            [
              116195.38834951456,
              8046.116504854368
            ],
            [
              116201.4563106796,
              8040.04854368932
            ],
            [
              116201.4563106796,
              8033.980582524271
            ],
            [
              116207.52427184465,
              8027.912621359223
            ],
            [
              116207.52427184465,
              7949.029126213592
            ],
            [
              116213.5922330097,
              7942.961165048543
            ],
            [
              116213.5922330097,
              7930.825242718446
            ],
            [
              116219.66019417475,
              7924.757281553398
            ],
            [
              116219.66019417475,
              7912.621359223301
            ],
            [
              116225.72815533979,
              7906.553398058252
            ],
            [
              116225.72815533979,
              7894.417475728154
            ],
            [
              116231.79611650485,
              7888.349514563106
            ],
            [
              116231.79611650485,
              7876.213592233009
            ],
            [
              116237.86407766989,
              7870.1456310679605
            ],
            [
              116237.86407766989,
              7864.077669902912
            ],
            [
              116243.93203883494,
              7858.009708737864
            ],
            [
              116243.93203883494,
              7851.941747572815
            ],
            [
              116249.99999999999,
              7845.873786407767
            ],
            [
              116249.99999999999,
              7833.73786407767
            ],
            [
              116256.06796116504,
              7827.669902912621
            ],
            [
              116256.06796116504,
              7785.194174757281
            ],
            [
              116249.99999999999,
              7779.1262135922325
            ],
            [
              116249.99999999999,
              7766.9902912621355
            ],
            [
              116243.93203883494,
              7760.922330097087
            ],
            [
              116243.93203883494,
              7754.854368932039
            ],
            [
              116237.86407766989,
              7748.78640776699
            ],
            [
              116237.86407766989,
              7742.718446601941
            ],
            [
              116219.66019417475,
              7724.514563106795
            ],
            [
              116213.5922330097,
              7724.514563106795
            ],
            [
              116207.52427184465,
              7718.446601941747
            ],
            [
              116189.3203883495,
              7718.446601941747
            ]
          ]
        ]
      }
    },
    {
      "type": "Feature",
      "properties": {
        "class_id": 2,
        "classification": "Fold",
        "area": 3810.8858045056077
      },
      "geometry": {
        "type": "Polygon",
        "coordinates": [
          [
            [
              121711.16504854368,
              7560.679611650485
            ],
            [
              121705.09708737863,
              7566.747572815533
            ],
            [
              121705.09708737863,
              7578.88349514563
            ],
            [
              121699.02912621359,
              7584.951456310679
            ],
            [
              121699.02912621359,
              7591.019417475728
            ],
            [
              121692.96116504853,
              7597.0873786407765
            ],
            [
              121692.96116504853,
              7627.427184466019
            ],
            [
              121686.89320388349,
              7633.495145631067
            ],
            [
              121686.89320388349,
              7651.699029126213
            ],
            [
              121692.96116504853,
              7657.766990291261
            ],
            [
              121692.96116504853,
              7663.83495145631
            ],
            [
              121705.09708737863,
              7675.9708737864075
            ],
            [
              121723.30097087378,
              7675.9708737864075
            ],
            [
              121729.36893203882,
              7669.902912621359
            ],
            [
              121729.36893203882,
              7663.83495145631
            ],
            [
              121735.43689320388,
              7657.766990291261
            ],
            [
              121735.43689320388,
              7615.291262135922
            ],
            [
              121729.36893203882,
              7609.223300970873
            ],
            [
              121729.36893203882,
              7597.0873786407765
            ],
            [
              121723.30097087378,
              7591.019417475728
            ],
            [
              121723.30097087378,
              7584.951456310679
            ],
            [
              121717.23300970873,
              7578.88349514563
            ],
            [
              121717.23300970873,
              7572.815533980582
            ],
            [
              121711.16504854368,
              7566.747572815533
            ],
            [
              121711.16504854368,
              7560.679611650485
            ]
          ]
        ]
      }
    },
    {
      "type": "Feature",
      "properties": {
        "class_id": 2,
        "classification": "Fold",
        "area": 19128.06932792911
      },
      "geometry": {
        "type": "Polygon",
        "coordinates": [
          [
            [
              110406.55339805824,
              7178.398058252426
            ],
            [
              110400.4854368932,
              7184.466019417475
            ],
            [
              110400.4854368932,
              7202.669902912621
            ],
            [
              110406.55339805824,
              7208.73786407767
            ],
            [
              110406.55339805824,
              7220.873786407767
            ],
            [
              110412.6213592233,
              7226.941747572815
            ],
            [
              110412.6213592233,
              7233.009708737864
            ],
            [
              110406.55339805824,
              7239.077669902912
            ],
            [
              110406.55339805824,
              7263.349514563106
            ],
            [
              110400.4854368932,
              7269.417475728154
            ],
            [
              110400.4854368932,
              7360.436893203883
            ],
            [
              110406.55339805824,
              7366.504854368932
            ],
            [
              110406.55339805824,
              7372.57281553398
            ],
            [
              110418.68932038834,
              7384.708737864077
            ],
            [
              110418.68932038834,
              7390.776699029126
            ],
            [
              110424.7572815534,
              7396.844660194174
            ],
            [
              110430.82524271843,
              7396.844660194174
            ],
            [
              110449.02912621359,
              7415.04854368932
            ],
            [
              110455.09708737863,
              7415.04854368932
            ],
            [
              110467.23300970873,
              7427.1844660194165
            ],
            [
              110473.30097087378,
              7427.1844660194165
            ],
            [
              110479.36893203882,
              7433.252427184466
            ],
            [
              110485.43689320388,
              7427.1844660194165
            ],
            [
              110491.50485436892,
              7427.1844660194165
            ],
            [
              110491.50485436892,
              7408.980582524271
            ],
            [
              110497.57281553397,
              7402.912621359223
            ],
            [
              110497.57281553397,
              7372.57281553398
            ],
            [
              110503.64077669902,
              7366.504854368932
            ],
            [
              110503.64077669902,
              7317.961165048543
            ],
            [
              110497.57281553397,
              7311.893203883495
            ],
            [
              110497.57281553397,
              7293.689320388349
            ],
            [
              110491.50485436892,
              7287.621359223301
            ],
            [
              110491.50485436892,
              7281.553398058252
            ],
            [
              110485.43689320388,
              7275.485436893204
            ],
            [
              110485.43689320388,
              7251.213592233009
            ],
            [
              110479.36893203882,
              7245.1456310679605
            ],
            [
              110479.36893203882,
              7226.941747572815
            ],
            [
              110442.96116504853,
              7190.533980582523
            ],
            [
              110442.96116504853,
              7184.466019417475
            ],
            [
              110430.82524271843,
              7184.466019417475
            ],
            [
              110424.7572815534,
              7178.398058252426
            ],
            [
              110406.55339805824,
              7178.398058252426
            ]
          ]
        ]
      }
    },
    {
      "type": "Feature",
      "properties": {
        "class_id": 2,
        "classification": "Fold",
        "area": 212599.5616929022
      },
      "geometry": {
        "type": "Polygon",
        "coordinates": [
          [
            [
              16808.252427184463,
              6844.660194174757
            ],
            [
              16808.252427184463,
              6850.728155339805
            ],
            [
              16802.184466019415,
              6856.796116504854
            ],
            [
              16802.184466019415,
              6868.932038834951
            ],
            [
              16796.116504854366,
              6874.999999999999
            ],
            [
              16796.116504854366,
              6881.067961165048
            ],
            [
              16790.048543689318,
              6887.135922330097
            ],
            [
              16790.048543689318,
              6899.271844660194
            ],
            [
              16783.98058252427,
              6905.339805825242
            ],
            [
              16783.98058252427,
              6917.475728155339
            ],
            [
              16777.91262135922,
              6923.543689320388
            ],
            [
              16777.91262135922,
              6929.611650485436
            ],
            [
              16771.844660194172,
              6935.679611650485
            ],
            [
              16771.844660194172,
              6941.747572815533
            ],
            [
              16747.57281553398,
              6966.019417475728
            ],
            [
              16741.50485436893,
              6966.019417475728
            ],
            [
              16735.43689320388,
              6972.0873786407765
            ],
            [
              16711.165048543688,
              6972.0873786407765
            ],
            [
              16705.09708737864,
              6978.155339805825
            ],
            [
              16723.300970873785,
              6996.35922330097
            ],
            [
              16723.300970873785,
              7002.427184466019
            ],
            [
              16729.368932038833,
              7008.495145631067
            ],
            [
              16729.368932038833,
              7020.631067961164
            ],
            [
              16723.300970873785,
              7026.699029126213
            ],
            [
              16723.300970873785,
              7038.83495145631
            ],
            [
              16705.09708737864,
              7057.038834951456
            ],
            [
              16692.961165048542,
              7057.038834951456
            ],
            [
              16680.825242718445,
              7044.902912621359
            ],
            [
              16680.825242718445,
              7050.9708737864075
            ],
            [
              16668.68932038835,
              7063.1067961165045
            ],
            [
              16668.68932038835,
              7069.174757281553
            ],
            [
              16656.55339805825,
              7081.31067961165
            ],
            [
              16656.55339805825,
              7087.378640776698
            ],
            [
              16650.485436893203,
              7093.446601941747
            ],
            [
              16650.485436893203,
              7105.582524271844
            ],
            [
              16644.417475728154,
              7111.650485436892
            ],
            [
              16644.417475728154,
              7154.1262135922325
            ],
            [
              16650.485436893203,
              7160.194174757281
            ],
            [
              16650.485436893203,
              7166.262135922329
            ],
            [
              16656.55339805825,
              7172.330097087378
            ],
            [
              16656.55339805825,
              7184.466019417475
            ],
            [
              16674.757281553397,
              7202.669902912621
            ],
            [
              16705.09708737864,
              7202.669902912621
            ],
            [
              16711.165048543688,
              7208.73786407767
            ],
            [
              16729.368932038833,
              7208.73786407767
            ],
            [
              16735.43689320388,
              7214.805825242718
            ],
            [
              16747.57281553398,
              7214.805825242718
            ],
            [
              16753.640776699027,
              7220.873786407767
            ],
            [
              16759.708737864075,
              7220.873786407767
            ],
            [
              16765.776699029124,
              7226.941747572815
            ],
            [
              16771.844660194172,
              7226.941747572815
            ],
            [
              16777.91262135922,
              7233.009708737864
            ],
            [
              16783.98058252427,
              7233.009708737864
            ],
            [
              16796.116504854366,
              7245.1456310679605
            ],
            [
              16802.184466019415,
              7245.1456310679605
            ],
            [
              16808.252427184463,
              7251.213592233009
            ],
            [
              16808.252427184463,
              7257.281553398057
            ],
            [
              16832.52427184466,
              7281.553398058252
            ],
            [
              16838.59223300971,
              7281.553398058252
            ],
            [
              16844.660194174758,
              7287.621359223301
            ],
            [
              16850.728155339806,
              7287.621359223301
            ],
            [
              16856.796116504855,
              7293.689320388349
            ],
            [
              16875.0,
              7293.689320388349
            ],
            [
              16881.06796116505,
              7299.757281553398
            ],
            [
              16893.203883495145,
              7299.757281553398
            ],
            [
              16899.271844660194,
              7305.825242718446
            ],
            [
              16911.40776699029,
              7305.825242718446
            ],
            [
              16917.47572815534,
              7311.893203883495
            ],
            [
              16935.679611650485,
              7311.893203883495
            ],
            [
              16941.747572815533,
              7317.961165048543
            ],
            [
              16953.88349514563,
              7317.961165048543
            ],
            [
              16959.95145631068,
              7324.029126213592
            ],
            [
              16966.019417475727,
              7324.029126213592
            ],
            [
              16984.223300970873,
              7342.233009708737
            ],
            [
              16990.29126213592,
              7342.233009708737
            ],
            [
              16996.35922330097,
              7348.300970873785
            ],
            [
              17026.699029126212,
              7348.300970873785
            ],
            [
              17032.76699029126,
              7342.233009708737
            ],
            [
              17050.970873786406,
              7342.233009708737
            ],
            [
              17057.038834951454,
              7336.1650485436885
            ],
            [
              17081.310679611648,
              7336.1650485436885
            ],
            [
              17087.378640776697,
              7342.233009708737
            ],
            [
              17099.514563106794,
              7342.233009708737
            ],
            [
              17105.582524271842,
              7348.300970873785
            ],
            [
              17154.126213592233,
              7348.300970873785
            ],
            [
              17184.466019417476,
              7317.961165048543
            ],
            [
              17184.466019417476,
              7311.893203883495
            ],
            [
              17196.601941747573,
              7299.757281553398
            ],
            [
              17196.601941747573,
              7293.689320388349
            ],
            [
              17202.66990291262,
              7287.621359223301
            ],
            [
              17202.66990291262,
              7269.417475728154
            ],
            [
              17208.73786407767,
              7263.349514563106
            ],
            [
              17208.73786407767,
              7178.398058252426
            ],
            [
              17214.805825242718,
              7172.330097087378
            ],
            [
              17214.805825242718,
              7160.194174757281
            ],
            [
              17226.941747572815,
              7148.058252427184
            ],
            [
              17226.941747572815,
              7141.9902912621355
            ],
            [
              17239.077669902912,
              7129.854368932039
            ],
            [
              17239.077669902912,
              7123.78640776699
            ],
            [
              17245.14563106796,
              7117.718446601941
            ],
            [
              17245.14563106796,
              7111.650485436892
            ],
            [
              17251.21359223301,
              7105.582524271844
            ],
            [
              17251.21359223301,
              7099.514563106795
            ],
            [
              17245.14563106796,
              7099.514563106795
            ],
            [
              17214.805825242718,
              7069.174757281553
            ],
            [
              17214.805825242718,
              7044.902912621359
            ],
            [
              17226.941747572815,
              7032.766990291261
            ],
            [
              17233.009708737864,
              7032.766990291261
            ],
            [
              17239.077669902912,
              7026.699029126213
            ],
            [
              17245.14563106796,
              7026.699029126213
            ],
            [
              17251.21359223301,
              7020.631067961164
            ],
            [
              17257.281553398057,
              7020.631067961164
            ],
            [
              17263.349514563106,
              7014.563106796116
            ],
            [
              17311.893203883494,
              7014.563106796116
            ],
            [
              17311.893203883494,
              6996.35922330097
            ],
            [
              17317.961165048542,
              6990.291262135922
            ],
            [
              17317.961165048542,
              6953.88349514563
            ],
            [
              17311.893203883494,
              6947.815533980582
            ],
            [
              17311.893203883494,
              6941.747572815533
            ],
            [
              17287.6213592233,
              6917.475728155339
            ],
            [
              17281.55339805825,
              6917.475728155339
            ],
            [
              17269.417475728154,
              6905.339805825242
            ],
            [
              17257.281553398057,
              6905.339805825242
            ],
            [
              17251.21359223301,
              6899.271844660194
            ],
            [
              17172.33009708738,
              6899.271844660194
            ],
            [
              17166.26213592233,
              6905.339805825242
            ],
            [
              17160.194174757282,
              6905.339805825242
            ],
            [
              17154.126213592233,
              6911.407766990291
            ],
            [
              17129.854368932036,
              6911.407766990291
            ],
            [
              17123.786407766987,
              6917.475728155339
            ],
            [
              17117.71844660194,
              6917.475728155339
            ],
            [
              17099.514563106794,
              6935.679611650485
            ],
            [
              17093.446601941745,
              6935.679611650485
            ],
            [
              17087.378640776697,
              6941.747572815533
            ],
            [
              17038.83495145631,
              6941.747572815533
            ],
            [
              17032.76699029126,
              6935.679611650485
            ],
            [
              16941.747572815533,
              6935.679611650485
            ],
            [
              16935.679611650485,
              6929.611650485436
            ],
            [
              16929.611650485436,
              6929.611650485436
            ],
            [
              16923.543689320388,
              6923.543689320388
            ],
            [
              16917.47572815534,
              6923.543689320388
            ],
            [
              16905.339805825242,
              6911.407766990291
            ],
            [
              16899.271844660194,
              6911.407766990291
            ],
            [
              16893.203883495145,
              6905.339805825242
            ],
            [
              16875.0,
              6905.339805825242
            ],
            [
              16868.93203883495,
              6899.271844660194
            ],
            [
              16862.864077669903,
              6899.271844660194
            ],
            [
              16850.728155339806,
              6887.135922330097
            ],
            [
              16850.728155339806,
              6881.067961165048
            ],
            [
              16832.52427184466,
              6862.864077669902
            ],
            [
              16832.52427184466,
              6856.796116504854
            ],
            [
              16826.45631067961,
              6850.728155339805
            ],
            [
              16820.38834951456,
              6850.728155339805
            ],
            [
              16814.32038834951,
              6844.660194174757
            ],
            [
              16808.252427184463,
              6844.660194174757
            ]
          ]
        ]
      }
    },
    {
      "type": "Feature",
      "properties": {
        "class_id": 2,
        "classification": "Fold",
        "area": 80065.4220473183
      },
      "geometry": {
        "type": "Polygon",
        "coordinates": [
          [
            [
              121480.58252427184,
              6444.174757281553
            ],
            [
              121480.58252427184,
              6450.242718446601
            ],
            [
              121474.51456310679,
              6456.31067961165
            ],
            [
              121474.51456310679,
              6498.78640776699
            ],
            [
              121480.58252427184,
              6504.854368932039
            ],
            [
              121480.58252427184,
              6510.922330097087
            ],
            [
              121486.65048543688,
              6516.9902912621355
            ],
            [
              121486.65048543688,
              6529.1262135922325
            ],
            [
              121492.71844660194,
              6535.194174757281
            ],
            [
              121492.71844660194,
              6541.262135922329
            ],
            [
              121498.78640776698,
              6547.330097087378
            ],
            [
              121498.78640776698,
              6559.466019417475
            ],
            [
              121504.85436893204,
              6565.533980582523
            ],
            [
              121504.85436893204,
              6577.669902912621
            ],
            [
              121510.92233009708,
              6583.73786407767
            ],
            [
              121510.92233009708,
              6601.941747572815
            ],
            [
              121516.99029126213,
              6608.009708737864
            ],
            [
              121516.99029126213,
              6620.1456310679605
            ],
            [
              121523.05825242717,
              6626.213592233009
            ],
            [
              121523.05825242717,
              6638.349514563106
            ],
            [
              121529.12621359223,
              6644.417475728154
            ],
            [
              121529.12621359223,
              6650.485436893204
            ],
            [
              121535.19417475727,
              6656.553398058252
            ],
            [
              121535.19417475727,
              6662.621359223301
            ],
            [
              121541.26213592233,
              6668.689320388349
            ],
            [
              121541.26213592233,
              6680.825242718446
            ],
            [
              121547.33009708737,
              6686.893203883495
            ],
            [
              121547.33009708737,
              6699.029126213592
            ],
            [
              121553.39805825242,
              6705.09708737864
            ],
            [
              121553.39805825242,
              6717.233009708737
            ],
            [
              121559.46601941746,
              6723.300970873785
            ],
            [
              121559.46601941746,
              6765.776699029126
            ],
            [
              121553.39805825242,
              6771.844660194174
            ],
            [
              121553.39805825242,
              6796.116504854368
            ],
            [
              121559.46601941746,
              6802.1844660194165
            ],
            [
              121559.46601941746,
              6856.796116504854
            ],
            [
              121565.53398058252,
              6862.864077669902
            ],
            [
              121565.53398058252,
              6881.067961165048
            ],
            [
              121571.60194174756,
              6887.135922330097
            ],
            [
              121571.60194174756,
              6917.475728155339
            ],
            [
              121577.66990291262,
              6923.543689320388
            ],
            [
              121577.66990291262,
              6990.291262135922
            ],
            [
              121583.73786407766,
              6996.35922330097
            ],
            [
              121583.73786407766,
              7032.766990291261
            ],
            [
              121589.80582524271,
              7038.83495145631
            ],
            [
              121589.80582524271,
              7050.9708737864075
            ],
            [
              121595.87378640776,
              7057.038834951456
            ],
            [
              121595.87378640776,
              7069.174757281553
            ],
            [
              121601.94174757281,
              7075.242718446601
            ],
            [
              121601.94174757281,
              7117.718446601941
            ],
            [
              121608.00970873785,
              7123.78640776699
            ],
            [
              121608.00970873785,
              7166.262135922329
            ],
            [
              121614.07766990291,
              7172.330097087378
            ],
            [
              121614.07766990291,
              7190.533980582523
            ],
            [
              121620.14563106795,
              7196.601941747572
            ],
            [
              121620.14563106795,
              7208.73786407767
            ],
            [
              121626.213592233,
              7214.805825242718
            ],
            [
              121626.213592233,
              7220.873786407767
            ],
            [
              121632.28155339805,
              7226.941747572815
            ],
            [
              121632.28155339805,
              7239.077669902912
            ],
            [
              121638.3495145631,
              7245.1456310679605
            ],
            [
              121638.3495145631,
              7293.689320388349
            ],
            [
              121644.41747572814,
              7299.757281553398
            ],
            [
              121644.41747572814,
              7384.708737864077
            ],
            [
              121650.4854368932,
              7390.776699029126
            ],
            [
              121650.4854368932,
              7439.320388349514
            ],
            [
              121656.55339805824,
              7445.388349514563
            ],
            [
              121656.55339805824,
              7457.52427184466
            ],
            [
              121668.68932038834,
              7469.660194174757
            ],
            [
              121668.68932038834,
              7475.728155339805
            ],
            [
              121680.82524271843,
              7487.864077669902
            ],
            [
              121680.82524271843,
              7493.932038834951
            ],
            [
              121692.96116504853,
              7506.067961165048
            ],
            [
              121692.96116504853,
              7512.135922330097
            ],
            [
              121699.02912621359,
              7518.203883495145
            ],
            [
              121705.09708737863,
              7518.203883495145
            ],
            [
              121705.09708737863,
              7481.796116504854
            ],
            [
              121711.16504854368,
              7475.728155339805
            ],
            [
              121711.16504854368,
              7457.52427184466
            ],
            [
              121717.23300970873,
              7451.456310679611
            ],
            [
              121717.23300970873,
              7427.1844660194165
            ],
            [
              121723.30097087378,
              7421.116504854368
            ],
            [
              121723.30097087378,
              7336.1650485436885
            ],
            [
              121729.36893203882,
              7330.09708737864
            ],
            [
              121729.36893203882,
              7263.349514563106
            ],
            [
              121723.30097087378,
              7257.281553398057
            ],
            [
              121723.30097087378,
              7214.805825242718
            ],
            [
              121717.23300970873,
              7208.73786407767
            ],
            [
              121717.23300970873,
              7154.1262135922325
            ],
            [
              121711.16504854368,
              7148.058252427184
            ],
            [
              121711.16504854368,
              7123.78640776699
            ],
            [
              121705.09708737863,
              7117.718446601941
            ],
            [
              121705.09708737863,
              7099.514563106795
            ],
            [
              121699.02912621359,
              7093.446601941747
            ],
            [
              121699.02912621359,
              7075.242718446601
            ],
            [
              121692.96116504853,
              7069.174757281553
            ],
            [
              121692.96116504853,
              7057.038834951456
            ],
            [
              121686.89320388349,
              7050.9708737864075
            ],
            [
              121686.89320388349,
              7026.699029126213
            ],
            [
              121680.82524271843,
              7020.631067961164
            ],
            [
              121680.82524271843,
              6996.35922330097
            ],
            [
              121674.7572815534,
              6990.291262135922
            ],
            [
              121674.7572815534,
              6953.88349514563
            ],
            [
              121668.68932038834,
              6947.815533980582
            ],
            [
              121668.68932038834,
              6929.611650485436
            ],
            [
              121662.6213592233,
              6923.543689320388
            ],
            [
              121662.6213592233,
              6911.407766990291
            ],
            [
              121656.55339805824,
              6905.339805825242
            ],
            [
              121656.55339805824,
              6899.271844660194
            ],
            [
              121650.4854368932,
              6893.203883495145
            ],
            [
              121650.4854368932,
              6881.067961165048
            ],
            [
              121644.41747572814,
              6874.999999999999
            ],
            [
              121644.41747572814,
              6868.932038834951
            ],
            [
              121638.3495145631,
              6862.864077669902
            ],
            [
              121638.3495145631,
              6850.728155339805
            ],
            [
              121632.28155339805,
              6844.660194174757
            ],
            [
              121632.28155339805,
              6802.1844660194165
            ],
            [
              121626.213592233,
              6796.116504854368
            ],
            [
              121626.213592233,
              6771.844660194174
            ],
            [
              121620.14563106795,
              6765.776699029126
            ],
            [
              121620.14563106795,
              6753.640776699029
            ],
            [
              121608.00970873785,
              6741.504854368932
            ],
            [
              121608.00970873785,
              6735.436893203883
            ],
            [
              121601.94174757281,
              6729.368932038835
            ],
            [
              121601.94174757281,
              6699.029126213592
            ],
            [
              121595.87378640776,
              6692.961165048543
            ],
            [
              121595.87378640776,
              6680.825242718446
            ],
            [
              121589.80582524271,
              6674.757281553398
            ],
            [
              121589.80582524271,
              6668.689320388349
            ],
            [
              121583.73786407766,
              6662.621359223301
            ],
            [
              121583.73786407766,
              6650.485436893204
            ],
            [
              121577.66990291262,
              6644.417475728154
            ],
            [
              121577.66990291262,
              6626.213592233009
            ],
            [
              121571.60194174756,
              6620.1456310679605
            ],
            [
              121571.60194174756,
              6595.873786407767
            ],
            [
              121565.53398058252,
              6589.805825242718
            ],
            [
              121565.53398058252,
              6571.601941747573
            ],
            [
              121559.46601941746,
              6565.533980582523
            ],
            [
              121559.46601941746,
              6541.262135922329
            ],
            [
              121553.39805825242,
              6535.194174757281
            ],
            [
              121553.39805825242,
              6516.9902912621355
            ],
            [
              121547.33009708737,
              6510.922330097087
            ],
            [
              121547.33009708737,
              6498.78640776699
            ],
            [
              121541.26213592233,
              6492.718446601942
            ],
            [
              121541.26213592233,
              6486.650485436892
            ],
            [
              121535.19417475727,
              6480.582524271844
            ],
            [
              121535.19417475727,
              6474.514563106795
            ],
            [
              121510.92233009708,
              6450.242718446601
            ],
            [
              121504.85436893204,
              6450.242718446601
            ],
            [
              121498.78640776698,
              6444.174757281553
            ],
            [
              121480.58252427184,
              6444.174757281553
            ]
          ]
        ]
      }
    },
    {
      "type": "Feature",
      "properties": {
        "class_id": 2,
        "classification": "Fold",
        "area": 101549.98114808179
      },
      "geometry": {
        "type": "Polygon",
        "coordinates": [
          [
            [
              122572.81553398057,
              6359.223300970873
            ],
            [
              122560.67961165047,
              6371.35922330097
            ],
            [
              122560.67961165047,
              6377.427184466019
            ],
            [
              122554.61165048543,
              6383.495145631067
            ],
            [
              122554.61165048543,
              6395.631067961164
            ],
            [
              122548.54368932037,
              6401.699029126213
            ],
            [
              122548.54368932037,
              6419.902912621359
            ],
            [
              122542.47572815533,
              6425.9708737864075
            ],
            [
              122542.47572815533,
              6450.242718446601
            ],
            [
              122536.40776699028,
              6456.31067961165
            ],
            [
              122536.40776699028,
              6632.281553398057
            ],
            [
              122542.47572815533,
              6638.349514563106
            ],
            [
              122542.47572815533,
              6705.09708737864
            ],
            [
              122548.54368932037,
              6711.1650485436885
            ],
            [
              122548.54368932037,
              6729.368932038835
            ],
            [
              122542.47572815533,
              6735.436893203883
            ],
            [
              122542.47572815533,
              6759.708737864077
            ],
            [
              122536.40776699028,
              6765.776699029126
            ],
            [
              122536.40776699028,
              6783.980582524271
            ],
            [
              122530.33980582524,
              6790.04854368932
            ],
            [
              122530.33980582524,
              6905.339805825242
            ],
            [
              122524.27184466018,
              6911.407766990291
            ],
            [
              122524.27184466018,
              7002.427184466019
            ],
            [
              122530.33980582524,
              7008.495145631067
            ],
            [
              122524.27184466018,
              7014.563106796116
            ],
            [
              122524.27184466018,
              7044.902912621359
            ],
            [
              122530.33980582524,
              7050.9708737864075
            ],
            [
              122530.33980582524,
              7190.533980582523
            ],
            [
              122536.40776699028,
              7196.601941747572
            ],
            [
              122536.40776699028,
              7299.757281553398
            ],
            [
              122542.47572815533,
              7305.825242718446
            ],
            [
              122542.47572815533,
              7354.368932038835
            ],
            [
              122548.54368932037,
              7360.436893203883
            ],
            [
              122548.54368932037,
              7396.844660194174
            ],
            [
              122542.47572815533,
              7402.912621359223
            ],
            [
              122542.47572815533,
              7433.252427184466
            ],
            [
              122536.40776699028,
              7439.320388349514
            ],
            [
              122536.40776699028,
              7506.067961165048
            ],
            [
              122530.33980582524,
              7512.135922330097
            ],
            [
              122530.33980582524,
              7542.475728155339
            ],
            [
              122524.27184466018,
              7548.543689320388
            ],
            [
              122524.27184466018,
              7572.815533980582
            ],
            [
              122530.33980582524,
              7578.88349514563
            ],
            [
              122530.33980582524,
              7591.019417475728
            ],
            [
              122542.47572815533,
              7603.155339805825
            ],
            [
              122548.54368932037,
              7603.155339805825
            ],
            [
              122554.61165048543,
              7609.223300970873
            ],
            [
              122560.67961165047,
              7609.223300970873
            ],
            [
              122566.74757281553,
              7603.155339805825
            ],
            [
              122572.81553398057,
              7603.155339805825
            ],
            [
              122578.88349514562,
              7597.0873786407765
            ],
            [
              122584.95145631066,
              7597.0873786407765
            ],
            [
              122609.22330097086,
              7572.815533980582
            ],
            [
              122609.22330097086,
              7560.679611650485
            ],
            [
              122615.29126213591,
              7554.611650485436
            ],
            [
              122615.29126213591,
              7524.271844660194
            ],
            [
              122621.35922330095,
              7518.203883495145
            ],
            [
              122621.35922330095,
              7408.980582524271
            ],
            [
              122627.42718446601,
              7402.912621359223
            ],
            [
              122627.42718446601,
              7324.029126213592
            ],
            [
              122621.35922330095,
              7317.961165048543
            ],
            [
              122621.35922330095,
              7214.805825242718
            ],
            [
              122615.29126213591,
              7208.73786407767
            ],
            [
              122615.29126213591,
              6723.300970873785
            ],
            [
              122621.35922330095,
              6717.233009708737
            ],
            [
              122621.35922330095,
              6432.038834951456
            ],
            [
              122615.29126213591,
              6425.9708737864075
            ],
            [
              122615.29126213591,
              6401.699029126213
            ],
            [
              122609.22330097086,
              6395.631067961164
            ],
            [
              122609.22330097086,
              6389.563106796116
            ],
            [
              122597.08737864076,
              6377.427184466019
            ],
            [
              122597.08737864076,
              6371.35922330097
            ],
            [
              122584.95145631066,
              6359.223300970873
            ],
            [
              122572.81553398057,
              6359.223300970873
            ]
          ]
        ]
      }
    },
    {
      "type": "Feature",
      "properties": {
        "class_id": 2,
        "classification": "Fold",
        "area": 167715.79555094728
      },
      "geometry": {
        "type": "Polygon",
        "coordinates": [
          [
            [
              110236.65048543688,
              6256.0679611650485
            ],
            [
              110236.65048543688,
              6262.135922330097
            ],
            [
              110230.58252427184,
              6268.203883495145
            ],
            [
              110224.51456310679,
              6268.203883495145
            ],
            [
              110218.44660194175,
              6274.271844660194
            ],
            [
              110218.44660194175,
              6280.339805825242
            ],
            [
              110212.37864077669,
              6286.407766990291
            ],
            [
              110212.37864077669,
              6292.475728155339
            ],
            [
              110206.31067961165,
              6298.543689320388
            ],
            [
              110206.31067961165,
              6304.611650485436
            ],
            [
              110200.24271844659,
              6310.679611650485
            ],
            [
              110200.24271844659,
              6316.747572815533
            ],
            [
              110188.1067961165,
              6328.88349514563
            ],
            [
              110188.1067961165,
              6334.9514563106795
            ],
            [
              110175.9708737864,
              6347.0873786407765
            ],
            [
              110175.9708737864,
              6353.155339805825
            ],
            [
              110163.8349514563,
              6365.291262135922
            ],
            [
              110163.8349514563,
              6377.427184466019
            ],
            [
              110157.76699029126,
              6383.495145631067
            ],
            [
              110157.76699029126,
              6389.563106796116
            ],
            [
              110151.6990291262,
              6395.631067961164
            ],
            [
              110151.6990291262,
              6468.446601941747
            ],
            [
              110157.76699029126,
              6474.514563106795
            ],
            [
              110157.76699029126,
              6492.718446601942
            ],
            [
              110163.8349514563,
              6498.78640776699
            ],
            [
              110163.8349514563,
              6504.854368932039
            ],
            [
              110169.90291262136,
              6510.922330097087
            ],
            [
              110169.90291262136,
              6516.9902912621355
            ],
            [
              110182.03883495145,
              6529.1262135922325
            ],
            [
              110182.03883495145,
              6535.194174757281
            ],
            [
              110188.1067961165,
              6541.262135922329
            ],
            [
              110188.1067961165,
              6547.330097087378
            ],
            [
              110200.24271844659,
              6559.466019417475
            ],
            [
              110200.24271844659,
              6565.533980582523
            ],
            [
              110236.65048543688,
              6601.941747572815
            ],
            [
              110236.65048543688,
              6608.009708737864
            ],
            [
              110248.78640776698,
              6620.1456310679605
            ],
            [
              110248.78640776698,
              6632.281553398057
            ],
            [
              110254.85436893204,
              6638.349514563106
            ],
            [
              110254.85436893204,
              6644.417475728154
            ],
            [
              110260.92233009708,
              6650.485436893204
            ],
            [
              110260.92233009708,
              6662.621359223301
            ],
            [
              110266.99029126213,
              6668.689320388349
            ],
            [
              110266.99029126213,
              6674.757281553398
            ],
            [
              110273.05825242717,
              6680.825242718446
            ],
            [
              110273.05825242717,
              6686.893203883495
            ],
            [
              110279.12621359223,
              6692.961165048543
            ],
            [
              110279.12621359223,
              6705.09708737864
            ],
            [
              110285.19417475727,
              6711.1650485436885
            ],
            [
              110285.19417475727,
              6723.300970873785
            ],
            [
              110291.26213592233,
              6729.368932038835
            ],
            [
              110291.26213592233,
              6765.776699029126
            ],
            [
              110285.19417475727,
              6771.844660194174
            ],
            [
              110285.19417475727,
              6826.456310679611
            ],
            [
              110291.26213592233,
              6832.52427184466
            ],
            [
              110291.26213592233,
              6838.592233009708
            ],
            [
              110297.33009708737,
              6844.660194174757
            ],
            [
              110297.33009708737,
              6850.728155339805
            ],
            [
              110303.39805825242,
              6856.796116504854
            ],
            [
              110327.66990291262,
              6856.796116504854
            ],
            [
              110351.94174757281,
              6832.52427184466
            ],
            [
              110364.07766990291,
              6832.52427184466
            ],
            [
              110388.3495145631,
              6856.796116504854
            ],
            [
              110388.3495145631,
              6862.864077669902
            ],
            [
              110394.41747572814,
              6868.932038834951
            ],
            [
              110394.41747572814,
              6874.999999999999
            ],
            [
              110418.68932038834,
              6899.271844660194
            ],
            [
              110418.68932038834,
              6905.339805825242
            ],
            [
              110424.7572815534,
              6911.407766990291
            ],
            [
              110424.7572815534,
              6917.475728155339
            ],
            [
              110430.82524271843,
              6923.543689320388
            ],
            [
              110430.82524271843,
              6929.611650485436
            ],
            [
              110442.96116504853,
              6941.747572815533
            ],
            [
              110442.96116504853,
              6947.815533980582
            ],
            [
              110449.02912621359,
              6953.88349514563
            ],
            [
              110449.02912621359,
              6959.951456310679
            ],
            [
              110461.16504854368,
              6972.0873786407765
            ],
            [
              110461.16504854368,
              6978.155339805825
            ],
            [
              110473.30097087378,
              6990.291262135922
            ],
            [
              110479.36893203882,
              6990.291262135922
            ],
            [
              110485.43689320388,
              6996.35922330097
            ],
            [
              110503.64077669902,
              6996.35922330097
            ],
            [
              110509.70873786407,
              7002.427184466019
            ],
            [
              110521.84466019417,
              7002.427184466019
            ],
            [
              110527.91262135921,
              6996.35922330097
            ],
            [
              110552.1844660194,
              6996.35922330097
            ],
            [
              110558.25242718446,
              6990.291262135922
            ],
            [
              110570.38834951456,
              6990.291262135922
            ],
            [
              110576.4563106796,
              6984.223300970873
            ],
            [
              110594.66019417475,
              6984.223300970873
            ],
            [
              110600.72815533979,
              6978.155339805825
            ],
            [
              110606.79611650485,
              6978.155339805825
            ],
            [
              110624.99999999999,
              6959.951456310679
            ],
            [
              110624.99999999999,
              6947.815533980582
            ],
            [
              110631.06796116504,
              6941.747572815533
            ],
            [
              110631.06796116504,
              6893.203883495145
            ],
            [
              110612.86407766989,
              6874.999999999999
            ],
            [
              110612.86407766989,
              6868.932038834951
            ],
            [
              110606.79611650485,
              6862.864077669902
            ],
            [
              110606.79611650485,
              6856.796116504854
            ],
            [
              110600.72815533979,
              6850.728155339805
            ],
            [
              110600.72815533979,
              6820.388349514563
            ],
            [
              110594.66019417475,
              6814.320388349514
            ],
            [
              110594.66019417475,
              6790.04854368932
            ],
            [
              110588.5922330097,
              6783.980582524271
            ],
            [
              110588.5922330097,
              6777.912621359223
            ],
            [
              110582.52427184465,
              6771.844660194174
            ],
            [
              110582.52427184465,
              6765.776699029126
            ],
            [
              110576.4563106796,
              6759.708737864077
            ],
            [
              110576.4563106796,
              6753.640776699029
            ],
            [
              110570.38834951456,
              6747.57281553398
            ],
            [
              110570.38834951456,
              6741.504854368932
            ],
            [
              110564.3203883495,
              6735.436893203883
            ],
            [
              110564.3203883495,
              6699.029126213592
            ],
            [
              110558.25242718446,
              6692.961165048543
            ],
            [
              110558.25242718446,
              6674.757281553398
            ],
            [
              110552.1844660194,
              6668.689320388349
            ],
            [
              110552.1844660194,
              6662.621359223301
            ],
            [
              110546.11650485436,
              6656.553398058252
            ],
            [
              110546.11650485436,
              6650.485436893204
            ],
            [
              110540.0485436893,
              6644.417475728154
            ],
            [
              110540.0485436893,
              6638.349514563106
            ],
            [
              110527.91262135921,
              6626.213592233009
            ],
            [
              110527.91262135921,
              6620.1456310679605
            ],
            [
              110491.50485436892,
              6583.73786407767
            ],
            [
              110485.43689320388,
              6583.73786407767
            ],
            [
              110479.36893203882,
              6577.669902912621
            ],
            [
              110467.23300970873,
              6577.669902912621
            ],
            [
              110461.16504854368,
              6571.601941747573
            ],
            [
              110449.02912621359,
              6571.601941747573
            ],
            [
              110430.82524271843,
              6553.398058252426
            ],
            [
              110430.82524271843,
              6547.330097087378
            ],
            [
              110424.7572815534,
              6541.262135922329
            ],
            [
              110424.7572815534,
              6535.194174757281
            ],
            [
              110418.68932038834,
              6529.1262135922325
            ],
            [
              110418.68932038834,
              6516.9902912621355
            ],
            [
              110412.6213592233,
              6510.922330097087
            ],
            [
              110412.6213592233,
              6498.78640776699
            ],
            [
              110406.55339805824,
              6492.718446601942
            ],
            [
              110406.55339805824,
              6486.650485436892
            ],
            [
              110400.4854368932,
              6480.582524271844
            ],
            [
              110400.4854368932,
              6474.514563106795
            ],
            [
              110394.41747572814,
              6468.446601941747
            ],
            [
              110394.41747572814,
              6444.174757281553
            ],
            [
              110388.3495145631,
              6438.1067961165045
            ],
            [
              110388.3495145631,
              6419.902912621359
            ],
            [
              110382.28155339805,
              6413.834951456311
            ],
            [
              110382.28155339805,
              6383.495145631067
            ],
            [
              110388.3495145631,
              6377.427184466019
            ],
            [
              110388.3495145631,
              6365.291262135922
            ],
            [
              110382.28155339805,
              6359.223300970873
            ],
            [
              110382.28155339805,
              6347.0873786407765
            ],
            [
              110376.213592233,
              6341.019417475728
            ],
            [
              110376.213592233,
              6334.9514563106795
            ],
            [
              110358.00970873785,
              6353.155339805825
            ],
            [
              110351.94174757281,
              6353.155339805825
            ],
            [
              110345.87378640776,
              6359.223300970873
            ],
            [
              110339.80582524271,
              6359.223300970873
            ],
            [
              110321.60194174756,
              6341.019417475728
            ],
            [
              110321.60194174756,
              6334.9514563106795
            ],
            [
              110315.53398058252,
              6328.88349514563
            ],
            [
              110315.53398058252,
              6322.815533980582
            ],
            [
              110291.26213592233,
              6298.543689320388
            ],
            [
              110285.19417475727,
              6298.543689320388
            ],
            [
              110273.05825242717,
              6286.407766990291
            ],
            [
              110266.99029126213,
              6286.407766990291
            ],
            [
              110236.65048543688,
              6256.0679611650485
            ]
          ]
        ]
      }
    },
    {
      "type": "Feature",
      "properties": {
        "class_id": 2,
        "classification": "Fold",
        "area": 3810.8858045056077
      },
      "geometry": {
        "type": "Polygon",
        "coordinates": [
          [
            [
              122487.86407766989,
              6213.592233009708
            ],
            [
              122512.13592233008,
              6237.864077669902
            ],
            [
              122518.20388349514,
              6237.864077669902
            ],
            [
              122548.54368932037,
              6268.203883495145
            ],
            [
              122548.54368932037,
              6274.271844660194
            ],
            [
              122560.67961165047,
              6286.407766990291
            ],
            [
              122566.74757281553,
              6286.407766990291
            ],
            [
              122572.81553398057,
              6280.339805825242
            ],
            [
              122572.81553398057,
              6268.203883495145
            ],
            [
              122578.88349514562,
              6262.135922330097
            ],
            [
              122578.88349514562,
              6243.932038834951
            ],
            [
              122584.95145631066,
              6237.864077669902
            ],
            [
              122584.95145631066,
              6219.660194174757
            ],
            [
              122591.01941747572,
              6213.592233009708
            ],
            [
              122487.86407766989,
              6213.592233009708
            ]
          ]
        ]
      }
    },
    {
      "type": "Feature",
      "properties": {
        "class_id": 2,
        "classification": "Fold",
        "area": 92.05038175134318
      },
      "geometry": {
        "type": "Polygon",
        "coordinates": [
          [
            [
              143385.92233009706,
              6201.456310679611
            ],
            [
              143385.92233009706,
              6207.52427184466
            ],
            [
              143398.05825242717,
              6207.52427184466
            ],
            [
              143404.12621359222,
              6201.456310679611
            ],
            [
              143385.92233009706,
              6201.456310679611
            ]
          ]
        ]
      }
    },
    {
      "type": "Feature",
      "properties": {
        "class_id": 2,
        "classification": "Fold",
        "area": 9573.23970213969
      },
      "geometry": {
        "type": "Polygon",
        "coordinates": [
          [
            [
              143118.93203883493,
              6122.57281553398
            ],
            [
              143106.79611650485,
              6134.708737864077
            ],
            [
              143118.93203883493,
              6134.708737864077
            ],
            [
              143125.0,
              6140.776699029126
            ],
            [
              143137.13592233008,
              6140.776699029126
            ],
            [
              143149.2718446602,
              6152.912621359223
            ],
            [
              143155.33980582524,
              6152.912621359223
            ],
            [
              143161.40776699028,
              6158.980582524271
            ],
            [
              143167.47572815532,
              6158.980582524271
            ],
            [
              143173.5436893204,
              6165.04854368932
            ],
            [
              143173.5436893204,
              6177.184466019417
            ],
            [
              143167.47572815532,
              6183.252427184466
            ],
            [
              143155.33980582524,
              6183.252427184466
            ],
            [
              143149.2718446602,
              6189.320388349514
            ],
            [
              143143.20388349512,
              6189.320388349514
            ],
            [
              143143.20388349512,
              6195.388349514563
            ],
            [
              143137.13592233008,
              6201.456310679611
            ],
            [
              143137.13592233008,
              6207.52427184466
            ],
            [
              143228.15533980582,
              6207.52427184466
            ],
            [
              143228.15533980582,
              6201.456310679611
            ],
            [
              143246.35922330097,
              6183.252427184466
            ],
            [
              143252.427184466,
              6183.252427184466
            ],
            [
              143258.49514563105,
              6177.184466019417
            ],
            [
              143307.03883495144,
              6177.184466019417
            ],
            [
              143300.9708737864,
              6171.116504854368
            ],
            [
              143294.90291262136,
              6171.116504854368
            ],
            [
              143282.76699029125,
              6158.980582524271
            ],
            [
              143282.76699029125,
              6152.912621359223
            ],
            [
              143276.6990291262,
              6152.912621359223
            ],
            [
              143264.5631067961,
              6140.776699029126
            ],
            [
              143258.49514563105,
              6140.776699029126
            ],
            [
              143252.427184466,
              6134.708737864077
            ],
            [
              143246.35922330097,
              6134.708737864077
            ],
            [
              143240.2912621359,
              6128.640776699029
            ],
            [
              143234.22330097086,
              6128.640776699029
            ],
            [
              143228.15533980582,
              6122.57281553398
            ],
            [
              143118.93203883493,
              6122.57281553398
            ]
          ]
        ]
      }
    },
    {
      "type": "Feature",
      "properties": {
        "class_id": 2,
        "classification": "Fold",
        "area": 15501.284286926191
      },
      "geometry": {
        "type": "Polygon",
        "coordinates": [
          [
            [
              142912.6213592233,
              6007.281553398057
            ],
            [
              142912.6213592233,
              6207.52427184466
            ],
            [
              143033.98058252427,
              6207.52427184466
            ],
            [
              143027.91262135922,
              6201.456310679611
            ],
            [
              143027.91262135922,
              6195.388349514563
            ],
            [
              142997.57281553396,
              6165.04854368932
            ],
            [
              142991.50485436892,
              6165.04854368932
            ],
            [
              142985.43689320388,
              6158.980582524271
            ],
            [
              142985.43689320388,
              6152.912621359223
            ],
            [
              142973.30097087377,
              6140.776699029126
            ],
            [
              142973.30097087377,
              6134.708737864077
            ],
            [
              142979.36893203884,
              6128.640776699029
            ],
            [
              142979.36893203884,
              6122.57281553398
            ],
            [
              142991.50485436892,
              6110.436893203883
            ],
            [
              143033.98058252427,
              6110.436893203883
            ],
            [
              143040.0485436893,
              6116.504854368932
            ],
            [
              143046.11650485435,
              6116.504854368932
            ],
            [
              143052.18446601942,
              6122.57281553398
            ],
            [
              143058.25242718446,
              6122.57281553398
            ],
            [
              143064.3203883495,
              6128.640776699029
            ],
            [
              143070.38834951454,
              6128.640776699029
            ],
            [
              143076.4563106796,
              6134.708737864077
            ],
            [
              143088.5922330097,
              6122.57281553398
            ],
            [
              143088.5922330097,
              6110.436893203883
            ],
            [
              143082.52427184465,
              6104.368932038835
            ],
            [
              143076.4563106796,
              6104.368932038835
            ],
            [
              143070.38834951454,
              6110.436893203883
            ],
            [
              143058.25242718446,
              6110.436893203883
            ],
            [
              143052.18446601942,
              6116.504854368932
            ],
            [
              143046.11650485435,
              6116.504854368932
            ],
            [
              143040.0485436893,
              6110.436893203883
            ],
            [
              143027.91262135922,
              6110.436893203883
            ],
            [
              143021.84466019415,
              6104.368932038835
            ],
            [
              143015.7766990291,
              6104.368932038835
            ],
            [
              143009.70873786407,
              6098.300970873786
            ],
            [
              143003.64077669903,
              6098.300970873786
            ],
            [
              142991.50485436892,
              6086.1650485436885
            ],
            [
              142991.50485436892,
              6067.961165048543
            ],
            [
              142955.09708737864,
              6031.553398058252
            ],
            [
              142949.02912621357,
              6031.553398058252
            ],
            [
              142924.75728155338,
              6007.281553398057
            ],
            [
              142912.6213592233,
              6007.281553398057
            ]
          ]
        ]
      }
    },
    {
      "type": "Feature",
      "properties": {
        "class_id": 2,
        "classification": "Fold",
        "area": 2128775.5384579124
      },
      "geometry": {
        "type": "Polygon",
        "coordinates": [
          [
            [
              19799.757281553397,
              5964.805825242718
            ],
            [
              19793.68932038835,
              5970.873786407767
            ],
            [
              19793.68932038835,
              5983.009708737864
            ],
            [
              19787.6213592233,
              5989.077669902912
            ],
            [
              19787.6213592233,
              5995.1456310679605
            ],
            [
              19769.417475728154,
              6013.349514563106
            ],
            [
              19751.21359223301,
              6013.349514563106
            ],
            [
              19745.14563106796,
              6007.281553398057
            ],
            [
              19678.398058252427,
              6007.281553398057
            ],
            [
              19672.33009708738,
              6001.213592233009
            ],
            [
              19617.71844660194,
              6001.213592233009
            ],
            [
              19611.65048543689,
              5995.1456310679605
            ],
            [
              19587.378640776697,
              5995.1456310679605
            ],
            [
              19581.310679611648,
              5989.077669902912
            ],
            [
              19484.223300970873,
              5989.077669902912
            ],
            [
              19478.155339805824,
              5995.1456310679605
            ],
            [
              19459.95145631068,
              5995.1456310679605
            ],
            [
              19453.88349514563,
              6001.213592233009
            ],
            [
              19447.81553398058,
              6001.213592233009
            ],
            [
              19441.747572815533,
              6007.281553398057
            ],
            [
              19429.611650485436,
              6007.281553398057
            ],
            [
              19423.543689320388,
              6013.349514563106
            ],
            [
              19417.47572815534,
              6013.349514563106
            ],
            [
              19411.40776699029,
              6019.417475728155
            ],
            [
              19399.271844660194,
              6019.417475728155
            ],
            [
              19393.203883495145,
              6025.485436893204
            ],
            [
              19387.135922330097,
              6025.485436893204
            ],
            [
              19381.06796116505,
              6031.553398058252
            ],
            [
              19368.93203883495,
              6031.553398058252
            ],
            [
              19362.864077669903,
              6037.621359223301
            ],
            [
              19344.660194174754,
              6037.621359223301
            ],
            [
              19338.592233009706,
              6043.689320388349
            ],
            [
              19265.776699029124,
              6043.689320388349
            ],
            [
              19259.708737864075,
              6037.621359223301
            ],
            [
              19217.233009708736,
              6037.621359223301
            ],
            [
              19211.165048543688,
              6043.689320388349
            ],
            [
              19205.09708737864,
              6043.689320388349
            ],
            [
              19180.825242718445,
              6067.961165048543
            ],
            [
              19174.757281553397,
              6067.961165048543
            ],
            [
              19162.6213592233,
              6080.09708737864
            ],
            [
              19162.6213592233,
              6086.1650485436885
            ],
            [
              19156.55339805825,
              6092.233009708737
            ],
            [
              19156.55339805825,
              6104.368932038835
            ],
            [
              19144.417475728154,
              6116.504854368932
            ],
            [
              19144.417475728154,
              6122.57281553398
            ],
            [
              19132.281553398057,
              6134.708737864077
            ],
            [
              19132.281553398057,
              6146.844660194174
            ],
            [
              19138.349514563106,
              6152.912621359223
            ],
            [
              19138.349514563106,
              6165.04854368932
            ],
            [
              19144.417475728154,
              6171.116504854368
            ],
            [
              19144.417475728154,
              6183.252427184466
            ],
            [
              19138.349514563106,
              6189.320388349514
            ],
            [
              19138.349514563106,
              6207.52427184466
            ],
            [
              19132.281553398057,
              6213.592233009708
            ],
            [
              19132.281553398057,
              6231.796116504854
            ],
            [
              19138.349514563106,
              6237.864077669902
            ],
            [
              19138.349514563106,
              6280.339805825242
            ],
            [
              19132.281553398057,
              6286.407766990291
            ],
            [
              19132.281553398057,
              6292.475728155339
            ],
            [
              19108.009708737864,
              6316.747572815533
            ],
            [
              19108.009708737864,
              6322.815533980582
            ],
            [
              19126.21359223301,
              6341.019417475728
            ],
            [
              19126.21359223301,
              6353.155339805825
            ],
            [
              19132.281553398057,
              6359.223300970873
            ],
            [
              19132.281553398057,
              6389.563106796116
            ],
            [
              19138.349514563106,
              6395.631067961164
            ],
            [
              19138.349514563106,
              6401.699029126213
            ],
            [
              19150.485436893203,
              6413.834951456311
            ],
            [
              19150.485436893203,
              6419.902912621359
            ],
            [
              19156.55339805825,
              6425.9708737864075
            ],
            [
              19156.55339805825,
              6450.242718446601
            ],
            [
              19162.6213592233,
              6456.31067961165
            ],
            [
              19162.6213592233,
              6535.194174757281
            ],
            [
              19168.68932038835,
              6541.262135922329
            ],
            [
              19168.68932038835,
              6571.601941747573
            ],
            [
              19174.757281553397,
              6577.669902912621
            ],
            [
              19174.757281553397,
              6583.73786407767
            ],
            [
              19180.825242718445,
              6589.805825242718
            ],
            [
              19180.825242718445,
              6595.873786407767
            ],
            [
              19186.893203883494,
              6601.941747572815
            ],
            [
              19186.893203883494,
              6614.077669902912
            ],
            [
              19192.961165048542,
              6620.1456310679605
            ],
            [
              19192.961165048542,
              6638.349514563106
            ],
            [
              19199.02912621359,
              6644.417475728154
            ],
            [
              19199.02912621359,
              6674.757281553398
            ],
            [
              19205.09708737864,
              6680.825242718446
            ],
            [
              19205.09708737864,
              6723.300970873785
            ],
            [
              19211.165048543688,
              6729.368932038835
            ],
            [
              19211.165048543688,
              6790.04854368932
            ],
            [
              19217.233009708736,
              6796.116504854368
            ],
            [
              19217.233009708736,
              6820.388349514563
            ],
            [
              19223.300970873785,
              6826.456310679611
            ],
            [
              19223.300970873785,
              6838.592233009708
            ],
            [
              19229.368932038833,
              6844.660194174757
            ],
            [
              19229.368932038833,
              6905.339805825242
            ],
            [
              19223.300970873785,
              6911.407766990291
            ],
            [
              19223.300970873785,
              6917.475728155339
            ],
            [
              19229.368932038833,
              6923.543689320388
            ],
            [
              19229.368932038833,
              6941.747572815533
            ],
            [
              19235.43689320388,
              6947.815533980582
            ],
            [
              19235.43689320388,
              6959.951456310679
            ],
            [
              19247.57281553398,
              6972.0873786407765
            ],
            [
              19247.57281553398,
              6978.155339805825
            ],
            [
              19253.640776699027,
              6984.223300970873
            ],
            [
              19253.640776699027,
              6990.291262135922
            ],
            [
              19259.708737864075,
              6996.35922330097
            ],
            [
              19259.708737864075,
              7002.427184466019
            ],
            [
              19265.776699029124,
              7008.495145631067
            ],
            [
              19265.776699029124,
              7020.631067961164
            ],
            [
              19271.844660194172,
              7026.699029126213
            ],
            [
              19271.844660194172,
              7044.902912621359
            ],
            [
              19277.91262135922,
              7050.9708737864075
            ],
            [
              19277.91262135922,
              7069.174757281553
            ],
            [
              19283.98058252427,
              7075.242718446601
            ],
            [
              19283.98058252427,
              7087.378640776698
            ],
            [
              19290.048543689318,
              7093.446601941747
            ],
            [
              19290.048543689318,
              7111.650485436892
            ],
            [
              19296.116504854366,
              7117.718446601941
            ],
            [
              19296.116504854366,
              7129.854368932039
            ],
            [
              19302.184466019415,
              7135.922330097087
            ],
            [
              19302.184466019415,
              7154.1262135922325
            ],
            [
              19308.252427184463,
              7160.194174757281
            ],
            [
              19308.252427184463,
              7190.533980582523
            ],
            [
              19314.32038834951,
              7196.601941747572
            ],
            [
              19314.32038834951,
              7220.873786407767
            ],
            [
              19320.38834951456,
              7226.941747572815
            ],
            [
              19320.38834951456,
              7269.417475728154
            ],
            [
              19326.45631067961,
              7275.485436893204
            ],
            [
              19326.45631067961,
              7293.689320388349
            ],
            [
              19332.524271844657,
              7299.757281553398
            ],
            [
              19332.524271844657,
              7311.893203883495
            ],
            [
              19338.592233009706,
              7317.961165048543
            ],
            [
              19338.592233009706,
              7336.1650485436885
            ],
            [
              19344.660194174754,
              7342.233009708737
            ],
            [
              19344.660194174754,
              7360.436893203883
            ],
            [
              19350.728155339806,
              7366.504854368932
            ],
            [
              19350.728155339806,
              7378.640776699029
            ],
            [
              19356.796116504855,
              7384.708737864077
            ],
            [
              19356.796116504855,
              7396.844660194174
            ],
            [
              19362.864077669903,
              7402.912621359223
            ],
            [
              19362.864077669903,
              7415.04854368932
            ],
            [
              19368.93203883495,
              7421.116504854368
            ],
            [
              19368.93203883495,
              7427.1844660194165
            ],
            [
              19375.0,
              7433.252427184466
            ],
            [
              19375.0,
              7445.388349514563
            ],
            [
              19381.06796116505,
              7451.456310679611
            ],
            [
              19381.06796116505,
              7463.592233009708
            ],
            [
              19387.135922330097,
              7469.660194174757
            ],
            [
              19387.135922330097,
              7487.864077669902
            ],
            [
              19393.203883495145,
              7493.932038834951
            ],
            [
              19393.203883495145,
              7518.203883495145
            ],
            [
              19399.271844660194,
              7524.271844660194
            ],
            [
              19399.271844660194,
              7609.223300970873
            ],
            [
              19405.339805825242,
              7615.291262135922
            ],
            [
              19405.339805825242,
              7669.902912621359
            ],
            [
              19411.40776699029,
              7675.9708737864075
            ],
            [
              19411.40776699029,
              7700.242718446601
            ],
            [
              19417.47572815534,
              7706.31067961165
            ],
            [
              19417.47572815534,
              7773.058252427184
            ],
            [
              19423.543689320388,
              7779.1262135922325
            ],
            [
              19423.543689320388,
              7785.194174757281
            ],
            [
              19429.611650485436,
              7791.262135922329
            ],
            [
              19429.611650485436,
              7797.330097087378
            ],
            [
              19435.679611650485,
              7803.398058252426
            ],
            [
              19435.679611650485,
              7809.466019417475
            ],
            [
              19441.747572815533,
              7815.533980582523
            ],
            [
              19441.747572815533,
              7827.669902912621
            ],
            [
              19447.81553398058,
              7833.73786407767
            ],
            [
              19447.81553398058,
              7870.1456310679605
            ],
            [
              19453.88349514563,
              7876.213592233009
            ],
            [
              19453.88349514563,
              7894.417475728154
            ],
            [
              19459.95145631068,
              7900.485436893203
            ],
            [
              19459.95145631068,
              7906.553398058252
            ],
            [
              19466.019417475727,
              7912.621359223301
            ],
            [
              19466.019417475727,
              7924.757281553398
            ],
            [
              19472.087378640776,
              7930.825242718446
            ],
            [
              19472.087378640776,
              7942.961165048543
            ],
            [
              19478.155339805824,
              7949.029126213592
            ],
            [
              19478.155339805824,
              7961.1650485436885
            ],
            [
              19484.223300970873,
              7967.233009708737
            ],
            [
              19484.223300970873,
              7979.368932038834
            ],
            [
              19490.29126213592,
              7985.436893203883
            ],
            [
              19490.29126213592,
              8082.52427184466
            ],
            [
              19496.35922330097,
              8088.592233009708
            ],
            [
              19496.35922330097,
              8118.932038834951
            ],
            [
              19490.29126213592,
              8124.999999999999
            ],
            [
              19490.29126213592,
              8222.087378640776
            ],
            [
              19496.35922330097,
              8228.155339805824
            ],
            [
              19496.35922330097,
              8252.427184466018
            ],
            [
              19490.29126213592,
              8258.495145631066
            ],
            [
              19490.29126213592,
              8276.699029126214
            ],
            [
              19484.223300970873,
              8282.766990291262
            ],
            [
              19484.223300970873,
              8288.83495145631
            ],
            [
              19478.155339805824,
              8294.902912621359
            ],
            [
              19478.155339805824,
              8300.970873786408
            ],
            [
              19472.087378640776,
              8307.038834951456
            ],
            [
              19472.087378640776,
              8313.106796116504
            ],
            [
              19466.019417475727,
              8319.174757281553
            ],
            [
              19466.019417475727,
              8325.242718446601
            ],
            [
              19459.95145631068,
              8331.31067961165
            ],
            [
              19459.95145631068,
              8337.378640776698
            ],
            [
              19453.88349514563,
              8343.446601941747
            ],
            [
              19453.88349514563,
              8349.514563106795
            ],
            [
              19447.81553398058,
              8355.582524271844
            ],
            [
              19447.81553398058,
              8385.922330097086
            ],
            [
              19453.88349514563,
              8391.990291262135
            ],
            [
              19453.88349514563,
              8416.26213592233
            ],
            [
              19459.95145631068,
              8422.330097087379
            ],
            [
              19459.95145631068,
              8440.533980582524
            ],
            [
              19466.019417475727,
              8446.601941747573
            ],
            [
              19466.019417475727,
              8489.077669902912
            ],
            [
              19472.087378640776,
              8495.14563106796
            ],
            [
              19472.087378640776,
              8513.349514563106
            ],
            [
              19478.155339805824,
              8519.417475728154
            ],
            [
              19478.155339805824,
              8525.485436893203
            ],
            [
              19484.223300970873,
              8531.553398058251
            ],
            [
              19484.223300970873,
              8543.689320388348
            ],
            [
              19490.29126213592,
              8549.757281553397
            ],
            [
              19490.29126213592,
              8567.961165048542
            ],
            [
              19496.35922330097,
              8574.029126213592
            ],
            [
              19496.35922330097,
              8586.16504854369
            ],
            [
              19502.427184466018,
              8592.233009708738
            ],
            [
              19502.427184466018,
              8610.436893203883
            ],
            [
              19508.495145631066,
              8616.504854368932
            ],
            [
              19508.495145631066,
              8677.184466019417
            ],
            [
              19502.427184466018,
              8683.252427184465
            ],
            [
              19502.427184466018,
              8725.728155339804
            ],
            [
              19508.495145631066,
              8731.796116504855
            ],
            [
              19508.495145631066,
              8750.0
            ],
            [
              19514.563106796115,
              8756.067961165048
            ],
            [
              19514.563106796115,
              8768.203883495145
            ],
            [
              19520.631067961163,
              8774.271844660194
            ],
            [
              19520.631067961163,
              8786.40776699029
            ],
            [
              19526.699029126212,
              8792.47572815534
            ],
            [
              19526.699029126212,
              8798.543689320388
            ],
            [
              19532.76699029126,
              8804.611650485436
            ],
            [
              19532.76699029126,
              8834.951456310679
            ],
            [
              19538.83495145631,
              8841.019417475727
            ],
            [
              19538.83495145631,
              8859.223300970873
            ],
            [
              19544.902912621357,
              8865.291262135921
            ],
            [
              19544.902912621357,
              8877.427184466018
            ],
            [
              19550.970873786406,
              8883.495145631066
            ],
            [
              19550.970873786406,
              8895.631067961165
            ],
            [
              19557.038834951454,
              8901.699029126214
            ],
            [
              19557.038834951454,
              9047.330097087379
            ],
            [
              19550.970873786406,
              9053.398058252427
            ],
            [
              19550.970873786406,
              9065.533980582524
            ],
            [
              19544.902912621357,
              9071.601941747573
            ],
            [
              19544.902912621357,
              9083.73786407767
            ],
            [
              19538.83495145631,
              9089.805825242718
            ],
            [
              19538.83495145631,
              9180.825242718445
            ],
            [
              19532.76699029126,
              9186.893203883494
            ],
            [
              19532.76699029126,
              9223.300970873786
            ],
            [
              19526.699029126212,
              9229.368932038835
            ],
            [
              19526.699029126212,
              9247.57281553398
            ],
            [
              19520.631067961163,
              9253.640776699029
            ],
            [
              19520.631067961163,
              9259.708737864077
            ],
            [
              19514.563106796115,
              9265.776699029126
            ],
            [
              19514.563106796115,
              9277.912621359223
            ],
            [
              19508.495145631066,
              9283.980582524271
            ],
            [
              19508.495145631066,
              9314.320388349513
            ],
            [
              19575.2427184466,
              9314.320388349513
            ],
            [
              19581.310679611648,
              9320.388349514562
            ],
            [
              19581.310679611648,
              9375.0
            ],
            [
              19575.2427184466,
              9381.067961165048
            ],
            [
              19575.2427184466,
              9411.40776699029
            ],
            [
              19569.17475728155,
              9417.47572815534
            ],
            [
              19569.17475728155,
              9472.087378640776
            ],
            [
              19575.2427184466,
              9478.155339805824
            ],
            [
              19575.2427184466,
              9569.174757281553
            ],
            [
              19569.17475728155,
              9575.242718446601
            ],
            [
              19569.17475728155,
              9623.78640776699
            ],
            [
              19563.106796116503,
              9629.854368932038
            ],
            [
              19563.106796116503,
              9641.990291262135
            ],
            [
              19557.038834951454,
              9648.058252427183
            ],
            [
              19557.038834951454,
              9660.19417475728
            ],
            [
              19550.970873786406,
              9666.262135922329
            ],
            [
              19550.970873786406,
              9672.330097087377
            ],
            [
              19544.902912621357,
              9678.398058252427
            ],
            [
              19544.902912621357,
              9708.73786407767
            ],
            [
              19550.970873786406,
              9714.805825242718
            ],
            [
              19550.970873786406,
              9720.873786407767
            ],
            [
              19563.106796116503,
              9733.009708737864
            ],
            [
              19563.106796116503,
              9739.077669902912
            ],
            [
              19569.17475728155,
              9745.14563106796
            ],
            [
              19569.17475728155,
              9751.213592233009
            ],
            [
              19575.2427184466,
              9757.281553398057
            ],
            [
              19575.2427184466,
              9763.349514563106
            ],
            [
              19581.310679611648,
              9769.417475728154
            ],
            [
              19587.378640776697,
              9769.417475728154
            ],
            [
              19593.446601941745,
              9775.485436893203
            ],
            [
              19593.446601941745,
              9781.553398058251
            ],
            [
              19599.514563106794,
              9787.6213592233
            ],
            [
              19611.65048543689,
              9787.6213592233
            ],
            [
              19617.71844660194,
              9793.689320388348
            ],
            [
              19629.854368932036,
              9793.689320388348
            ],
            [
              19641.990291262133,
              9805.825242718445
            ],
            [
              19648.05825242718,
              9805.825242718445
            ],
            [
              19678.398058252427,
              9836.16504854369
            ],
            [
              19678.398058252427,
              9842.233009708738
            ],
            [
              19684.466019417476,
              9848.300970873786
            ],
            [
              19690.533980582524,
              9848.300970873786
            ],
            [
              19696.601941747573,
              9854.368932038835
            ],
            [
              19745.14563106796,
              9854.368932038835
            ],
            [
              19769.417475728154,
              9830.09708737864
            ],
            [
              19769.417475728154,
              9824.02912621359
            ],
            [
              19781.55339805825,
              9811.893203883494
            ],
            [
              19781.55339805825,
              9805.825242718445
            ],
            [
              19787.6213592233,
              9799.757281553397
            ],
            [
              19787.6213592233,
              9787.6213592233
            ],
            [
              19793.68932038835,
              9781.553398058251
            ],
            [
              19793.68932038835,
              9757.281553398057
            ],
            [
              19799.757281553397,
              9751.213592233009
            ],
            [
              19799.757281553397,
              9739.077669902912
            ],
            [
              19805.825242718445,
              9733.009708737864
            ],
            [
              19805.825242718445,
              9623.78640776699
            ],
            [
              19811.893203883494,
              9617.71844660194
            ],
            [
              19811.893203883494,
              9563.106796116504
            ],
            [
              19805.825242718445,
              9557.038834951456
            ],
            [
              19805.825242718445,
              9544.902912621359
            ],
            [
              19799.757281553397,
              9538.83495145631
            ],
            [
              19799.757281553397,
              9526.699029126214
            ],
            [
              19793.68932038835,
              9520.631067961165
            ],
            [
              19793.68932038835,
              9393.203883495145
            ],
            [
              19787.6213592233,
              9387.135922330097
            ],
            [
              19787.6213592233,
              9356.796116504853
            ],
            [
              19781.55339805825,
              9350.728155339804
            ],
            [
              19781.55339805825,
              9326.45631067961
            ],
            [
              19793.68932038835,
              9314.320388349513
            ],
            [
              19811.893203883494,
              9314.320388349513
            ],
            [
              19811.893203883494,
              9083.73786407767
            ],
            [
              19817.961165048542,
              9077.669902912621
            ],
            [
              19817.961165048542,
              9059.466019417476
            ],
            [
              19824.02912621359,
              9053.398058252427
            ],
            [
              19824.02912621359,
              9029.126213592232
            ],
            [
              19830.09708737864,
              9023.058252427183
            ],
            [
              19830.09708737864,
              8956.31067961165
            ],
            [
              19836.165048543688,
              8950.242718446601
            ],
            [
              19836.165048543688,
              8907.766990291262
            ],
            [
              19842.233009708736,
              8901.699029126214
            ],
            [
              19842.233009708736,
              8877.427184466018
            ],
            [
              19848.300970873785,
              8871.35922330097
            ],
            [
              19848.300970873785,
              8719.660194174756
            ],
            [
              19854.368932038833,
              8713.592233009707
            ],
            [
              19854.368932038833,
              8604.368932038835
            ],
            [
              19860.43689320388,
              8598.300970873786
            ],
            [
              19860.43689320388,
              8580.097087378641
            ],
            [
              19866.50485436893,
              8574.029126213592
            ],
            [
              19866.50485436893,
              8561.893203883494
            ],
            [
              19872.57281553398,
              8555.825242718445
            ],
            [
              19872.57281553398,
              8428.398058252427
            ],
            [
              19878.640776699027,
              8422.330097087379
            ],
            [
              19878.640776699027,
              8313.106796116504
            ],
            [
              19884.708737864075,
              8307.038834951456
            ],
            [
              19884.708737864075,
              8288.83495145631
            ],
            [
              19890.776699029124,
              8282.766990291262
            ],
            [
              19890.776699029124,
              8197.815533980582
            ],
            [
              19884.708737864075,
              8191.747572815533
            ],
            [
              19890.776699029124,
              8185.679611650485
            ],
            [
              19890.776699029124,
              8137.135922330096
            ],
            [
              19884.708737864075,
              8131.067961165048
            ],
            [
              19884.708737864075,
              8094.660194174757
            ],
            [
              19878.640776699027,
              8088.592233009708
            ],
            [
              19878.640776699027,
              8076.456310679611
            ],
            [
              19884.708737864075,
              8070.388349514563
            ],
            [
              19884.708737864075,
              8040.04854368932
            ],
            [
              19890.776699029124,
              8033.980582524271
            ],
            [
              19890.776699029124,
              8003.640776699029
            ],
            [
              19896.844660194172,
              7997.57281553398
            ],
            [
              19896.844660194172,
              7979.368932038834
            ],
            [
              19902.91262135922,
              7973.300970873785
            ],
            [
              19902.91262135922,
              7949.029126213592
            ],
            [
              19908.98058252427,
              7942.961165048543
            ],
            [
              19908.98058252427,
              7924.757281553398
            ],
            [
              19915.048543689318,
              7918.689320388349
            ],
            [
              19915.048543689318,
              7900.485436893203
            ],
            [
              19921.116504854366,
              7894.417475728154
            ],
            [
              19921.116504854366,
              7882.281553398057
            ],
            [
              19927.184466019415,
              7876.213592233009
            ],
            [
              19927.184466019415,
              7864.077669902912
            ],
            [
              19933.252427184463,
              7858.009708737864
            ],
            [
              19933.252427184463,
              7851.941747572815
            ],
            [
              19939.32038834951,
              7845.873786407767
            ],
            [
              19939.32038834951,
              7839.805825242718
            ],
            [
              19945.38834951456,
              7833.73786407767
            ],
            [
              19945.38834951456,
              7827.669902912621
            ],
            [
              19957.524271844657,
              7815.533980582523
            ],
            [
              19957.524271844657,
              7809.466019417475
            ],
            [
              19963.592233009706,
              7803.398058252426
            ],
            [
              19963.592233009706,
              7791.262135922329
            ],
            [
              19969.660194174754,
              7785.194174757281
            ],
            [
              19969.660194174754,
              7730.582524271844
            ],
            [
              19975.728155339802,
              7724.514563106795
            ],
            [
              19975.728155339802,
              7651.699029126213
            ],
            [
              19981.796116504855,
              7645.631067961164
            ],
            [
              19981.796116504855,
              7584.951456310679
            ],
            [
              19987.864077669903,
              7578.88349514563
            ],
            [
              19987.864077669903,
              7518.203883495145
            ],
            [
              19993.93203883495,
              7512.135922330097
            ],
            [
              19993.93203883495,
              7354.368932038835
            ],
            [
              19987.864077669903,
              7348.300970873785
            ],
            [
              19987.864077669903,
              7263.349514563106
            ],
            [
              19993.93203883495,
              7257.281553398057
            ],
            [
              19993.93203883495,
              7239.077669902912
            ],
            [
              20000.0,
              7233.009708737864
            ],
            [
              20000.0,
              7178.398058252426
            ],
            [
              20006.06796116505,
              7172.330097087378
            ],
            [
              20006.06796116505,
              7111.650485436892
            ],
            [
              20012.135922330097,
              7105.582524271844
            ],
            [
              20012.135922330097,
              7057.038834951456
            ],
            [
              20018.203883495145,
              7050.9708737864075
            ],
            [
              20018.203883495145,
              7032.766990291261
            ],
            [
              20024.271844660194,
              7026.699029126213
            ],
            [
              20024.271844660194,
              7014.563106796116
            ],
            [
              20030.339805825242,
              7008.495145631067
            ],
            [
              20030.339805825242,
              7002.427184466019
            ],
            [
              20036.40776699029,
              6996.35922330097
            ],
            [
              20036.40776699029,
              6972.0873786407765
            ],
            [
              20042.47572815534,
              6966.019417475728
            ],
            [
              20042.47572815534,
              6923.543689320388
            ],
            [
              20048.543689320388,
              6917.475728155339
            ],
            [
              20048.543689320388,
              6893.203883495145
            ],
            [
              20054.611650485436,
              6887.135922330097
            ],
            [
              20054.611650485436,
              6881.067961165048
            ],
            [
              20060.679611650485,
              6874.999999999999
            ],
            [
              20060.679611650485,
              6868.932038834951
            ],
            [
              20066.747572815533,
              6862.864077669902
            ],
            [
              20066.747572815533,
              6856.796116504854
            ],
            [
              20072.81553398058,
              6850.728155339805
            ],
            [
              20072.81553398058,
              6838.592233009708
            ],
            [
              20078.88349514563,
              6832.52427184466
            ],
            [
              20078.88349514563,
              6790.04854368932
            ],
            [
              20084.95145631068,
              6783.980582524271
            ],
            [
              20084.95145631068,
              6759.708737864077
            ],
            [
              20091.019417475727,
              6753.640776699029
            ],
            [
              20091.019417475727,
              6680.825242718446
            ],
            [
              20097.087378640776,
              6674.757281553398
            ],
            [
              20097.087378640776,
              6656.553398058252
            ],
            [
              20103.155339805824,
              6650.485436893204
            ],
            [
              20103.155339805824,
              6644.417475728154
            ],
            [
              20109.223300970873,
              6638.349514563106
            ],
            [
              20109.223300970873,
              6626.213592233009
            ],
            [
              20115.29126213592,
              6620.1456310679605
            ],
            [
              20115.29126213592,
              6601.941747572815
            ],
            [
              20121.35922330097,
              6595.873786407767
            ],
            [
              20121.35922330097,
              6523.058252427184
            ],
            [
              20127.427184466018,
              6516.9902912621355
            ],
            [
              20127.427184466018,
              6492.718446601942
            ],
            [
              20133.495145631066,
              6486.650485436892
            ],
            [
              20133.495145631066,
              6468.446601941747
            ],
            [
              20139.563106796115,
              6462.378640776698
            ],
            [
              20139.563106796115,
              6456.31067961165
            ],
            [
              20145.631067961163,
              6450.242718446601
            ],
            [
              20145.631067961163,
              6444.174757281553
            ],
            [
              20151.699029126212,
              6438.1067961165045
            ],
            [
              20151.699029126212,
              6432.038834951456
            ],
            [
              20157.76699029126,
              6425.9708737864075
            ],
            [
              20157.76699029126,
              6413.834951456311
            ],
            [
              20163.83495145631,
              6407.766990291261
            ],
            [
              20163.83495145631,
              6401.699029126213
            ],
            [
              20169.902912621357,
              6395.631067961164
            ],
            [
              20169.902912621357,
              6389.563106796116
            ],
            [
              20175.970873786406,
              6383.495145631067
            ],
            [
              20175.970873786406,
              6377.427184466019
            ],
            [
              20182.038834951454,
              6371.35922330097
            ],
            [
              20182.038834951454,
              6365.291262135922
            ],
            [
              20188.106796116503,
              6359.223300970873
            ],
            [
              20188.106796116503,
              6353.155339805825
            ],
            [
              20182.038834951454,
              6347.0873786407765
            ],
            [
              20182.038834951454,
              6286.407766990291
            ],
            [
              20175.970873786406,
              6280.339805825242
            ],
            [
              20175.970873786406,
              6219.660194174757
            ],
            [
              20188.106796116503,
              6207.52427184466
            ],
            [
              20327.66990291262,
              6207.52427184466
            ],
            [
              20327.66990291262,
              6189.320388349514
            ],
            [
              20333.73786407767,
              6183.252427184466
            ],
            [
              20327.66990291262,
              6177.184466019417
            ],
            [
              20327.66990291262,
              6165.04854368932
            ],
            [
              20321.601941747573,
              6158.980582524271
            ],
            [
              20321.601941747573,
              6146.844660194174
            ],
            [
              20309.466019417476,
              6134.708737864077
            ],
            [
              20273.05825242718,
              6134.708737864077
            ],
            [
              20266.990291262133,
              6140.776699029126
            ],
            [
              20254.854368932036,
              6140.776699029126
            ],
            [
              20248.786407766987,
              6146.844660194174
            ],
            [
              20242.71844660194,
              6140.776699029126
            ],
            [
              20236.65048543689,
              6140.776699029126
            ],
            [
              20218.446601941745,
              6122.57281553398
            ],
            [
              20218.446601941745,
              6116.504854368932
            ],
            [
              20212.378640776697,
              6110.436893203883
            ],
            [
              20212.378640776697,
              6104.368932038835
            ],
            [
              20182.038834951454,
              6074.029126213592
            ],
            [
              20175.970873786406,
              6074.029126213592
            ],
            [
              20169.902912621357,
              6067.961165048543
            ],
            [
              20163.83495145631,
              6067.961165048543
            ],
            [
              20151.699029126212,
              6055.825242718446
            ],
            [
              20145.631067961163,
              6055.825242718446
            ],
            [
              20139.563106796115,
              6049.757281553398
            ],
            [
              20133.495145631066,
              6049.757281553398
            ],
            [
              20127.427184466018,
              6043.689320388349
            ],
            [
              20121.35922330097,
              6043.689320388349
            ],
            [
              20109.223300970873,
              6031.553398058252
            ],
            [
              20103.155339805824,
              6031.553398058252
            ],
            [
              20097.087378640776,
              6025.485436893204
            ],
            [
              20091.019417475727,
              6025.485436893204
            ],
            [
              20066.747572815533,
              6001.213592233009
            ],
            [
              20066.747572815533,
              5995.1456310679605
            ],
            [
              20060.679611650485,
              5989.077669902912
            ],
            [
              20060.679611650485,
              5983.009708737864
            ],
            [
              20048.543689320388,
              5970.873786407767
            ],
            [
              20036.40776699029,
              5970.873786407767
            ],
            [
              20030.339805825242,
              5976.941747572815
            ],
            [
              20024.271844660194,
              5976.941747572815
            ],
            [
              20018.203883495145,
              5983.009708737864
            ],
            [
              20012.135922330097,
              5983.009708737864
            ],
            [
              20006.06796116505,
              5989.077669902912
            ],
            [
              19993.93203883495,
              5989.077669902912
            ],
            [
              19987.864077669903,
              5983.009708737864
            ],
            [
              19981.796116504855,
              5983.009708737864
            ],
            [
              19975.728155339802,
              5976.941747572815
            ],
            [
              19963.592233009706,
              5976.941747572815
            ],
            [
              19957.524271844657,
              5970.873786407767
            ],
            [
              19939.32038834951,
              5970.873786407767
            ],
            [
              19933.252427184463,
              5976.941747572815
            ],
            [
              19860.43689320388,
              5976.941747572815
            ],
            [
              19854.368932038833,
              5970.873786407767
            ],
            [
              19836.165048543688,
              5970.873786407767
            ],
            [
              19830.09708737864,
              5964.805825242718
            ],
            [
              19799.757281553397,
              5964.805825242718
            ]
          ]
        ]
      }
    },
    {
      "type": "Feature",
      "properties": {
        "class_id": 2,
        "classification": "Fold",
        "area": 147.28061080214908
      },
      "geometry": {
        "type": "Polygon",
        "coordinates": [
          [
            [
              129223.30097087378,
              3094.660194174757
            ],
            [
              129229.36893203882,
              3100.7281553398057
            ],
            [
              129247.57281553397,
              3100.7281553398057
            ],
            [
              129253.64077669902,
              3094.660194174757
            ],
            [
              129223.30097087378,
              3094.660194174757
            ]
          ]
        ]
      }
    },
    {
      "type": "Feature",
      "properties": {
        "class_id": 2,
        "classification": "Fold",
        "area": 754.813130361014
      },
      "geometry": {
        "type": "Polygon",
        "coordinates": [
          [
            [
              102099.51456310679,
              3064.3203883495144
            ],
            [
              102093.44660194175,
              3070.388349514563
            ],
            [
              102087.37864077669,
              3070.388349514563
            ],
            [
              102063.1067961165,
              3094.660194174757
            ],
            [
              102063.1067961165,
              3100.7281553398057
            ],
            [
              102099.51456310679,
              3100.7281553398057
            ],
            [
              102099.51456310679,
              3088.5922330097087
            ],
            [
              102093.44660194175,
              3082.52427184466
            ],
            [
              102093.44660194175,
              3076.4563106796113
            ],
            [
              102099.51456310679,
              3070.388349514563
            ],
            [
              102099.51456310679,
              3064.3203883495144
            ]
          ]
        ]
      }
    },
    {
      "type": "Feature",
      "properties": {
        "class_id": 2,
        "classification": "Fold",
        "area": 1251.8851918182672
      },
      "geometry": {
        "type": "Polygon",
        "coordinates": [
          [
            [
              130618.93203883494,
              3040.04854368932
            ],
            [
              130618.93203883494,
              3058.252427184466
            ],
            [
              130612.86407766989,
              3064.3203883495144
            ],
            [
              130612.86407766989,
              3070.388349514563
            ],
            [
              130600.72815533979,
              3082.52427184466
            ],
            [
              130606.79611650485,
              3088.5922330097087
            ],
            [
              130606.79611650485,
              3094.660194174757
            ],
            [
              130631.06796116504,
              3094.660194174757
            ],
            [
              130631.06796116504,
              3088.5922330097087
            ],
            [
              130637.13592233008,
              3082.52427184466
            ],
            [
              130637.13592233008,
              3076.4563106796113
            ],
            [
              130631.06796116504,
              3070.388349514563
            ],
            [
              130637.13592233008,
              3064.3203883495144
            ],
            [
              130637.13592233008,
              3046.1165048543685
            ],
            [
              130631.06796116504,
              3040.04854368932
            ],
            [
              130618.93203883494,
              3040.04854368932
            ]
          ]
        ]
      }
    },
    {
      "type": "Feature",
      "properties": {
        "class_id": 2,
        "classification": "Fold",
        "area": 1564.856489772834
      },
      "geometry": {
        "type": "Polygon",
        "coordinates": [
          [
            [
              102499.99999999999,
              3040.04854368932
            ],
            [
              102475.72815533979,
              3064.3203883495144
            ],
            [
              102475.72815533979,
              3076.4563106796113
            ],
            [
              102481.79611650485,
              3082.52427184466
            ],
            [
              102493.93203883494,
              3082.52427184466
            ],
            [
              102499.99999999999,
              3088.5922330097087
            ],
            [
              102506.06796116504,
              3088.5922330097087
            ],
            [
              102512.13592233008,
              3082.52427184466
            ],
            [
              102518.20388349514,
              3082.52427184466
            ],
            [
              102518.20388349514,
              3040.04854368932
            ],
            [
              102499.99999999999,
              3040.04854368932
            ]
          ]
        ]
      }
    },
    {
      "type": "Feature",
      "properties": {
        "class_id": 2,
        "classification": "Fold",
        "area": 1178.2448864171927
      },
      "geometry": {
        "type": "Polygon",
        "coordinates": [
          [
            [
              102184.46601941746,
              3009.7087378640776
            ],
            [
              102178.39805825242,
              3015.776699029126
            ],
            [
              102172.33009708737,
              3015.776699029126
            ],
            [
              102148.05825242717,
              3040.04854368932
            ],
            [
              102141.99029126213,
              3040.04854368932
            ],
            [
              102166.26213592233,
              3040.04854368932
            ],
            [
              102172.33009708737,
              3033.9805825242715
            ],
            [
              102190.53398058252,
              3033.9805825242715
            ],
            [
              102196.60194174756,
              3027.912621359223
            ],
            [
              102202.66990291262,
              3027.912621359223
            ],
            [
              102208.73786407766,
              3021.8446601941746
            ],
            [
              102214.80582524271,
              3021.8446601941746
            ],
            [
              102220.87378640776,
              3015.776699029126
            ],
            [
              102226.94174757281,
              3015.776699029126
            ],
            [
              102233.00970873785,
              3009.7087378640776
            ],
            [
              102184.46601941746,
              3009.7087378640776
            ]
          ]
        ]
      }
    },
    {
      "type": "Feature",
      "properties": {
        "class_id": 2,
        "classification": "Fold",
        "area": 9720.520312941839
      },
      "geometry": {
        "type": "Polygon",
        "coordinates": [
          [
            [
              130691.74757281553,
              2991.504854368932
            ],
            [
              130673.54368932037,
              3009.7087378640776
            ],
            [
              130673.54368932037,
              3021.8446601941746
            ],
            [
              130679.61165048543,
              3027.912621359223
            ],
            [
              130679.61165048543,
              3046.1165048543685
            ],
            [
              130673.54368932037,
              3052.1844660194174
            ],
            [
              130673.54368932037,
              3076.4563106796113
            ],
            [
              130667.47572815533,
              3082.52427184466
            ],
            [
              130673.54368932037,
              3088.5922330097087
            ],
            [
              130667.47572815533,
              3094.660194174757
            ],
            [
              130661.40776699028,
              3094.660194174757
            ],
            [
              130655.33980582524,
              3100.7281553398057
            ],
            [
              130758.49514563105,
              3100.7281553398057
            ],
            [
              130758.49514563105,
              3094.660194174757
            ],
            [
              130752.42718446601,
              3088.5922330097087
            ],
            [
              130764.56310679611,
              3076.4563106796113
            ],
            [
              130770.63106796115,
              3076.4563106796113
            ],
            [
              130788.8349514563,
              3058.252427184466
            ],
            [
              130788.8349514563,
              3033.9805825242715
            ],
            [
              130782.76699029125,
              3027.912621359223
            ],
            [
              130782.76699029125,
              3015.776699029126
            ],
            [
              130746.35922330095,
              3015.776699029126
            ],
            [
              130740.29126213591,
              3009.7087378640776
            ],
            [
              130728.15533980582,
              3009.7087378640776
            ],
            [
              130722.08737864076,
              3003.6407766990287
            ],
            [
              130716.01941747572,
              3003.6407766990287
            ],
            [
              130709.95145631066,
              2997.5728155339802
            ],
            [
              130697.81553398057,
              2997.5728155339802
            ],
            [
              130691.74757281553,
              2991.504854368932
            ]
          ]
        ]
      }
    },
    {
      "type": "Feature",
      "properties": {
        "class_id": 2,
        "classification": "Fold",
        "area": 644.3526722594022
      },
      "geometry": {
        "type": "Polygon",
        "coordinates": [
          [
            [
              129478.15533980582,
              2991.504854368932
            ],
            [
              129472.08737864076,
              2997.5728155339802
            ],
            [
              129453.88349514562,
              2997.5728155339802
            ],
            [
              129441.74757281553,
              3009.7087378640776
            ],
            [
              129441.74757281553,
              3015.776699029126
            ],
            [
              129466.01941747572,
              3015.776699029126
            ],
            [
              129472.08737864076,
              3009.7087378640776
            ],
            [
              129478.15533980582,
              3009.7087378640776
            ],
            [
              129490.29126213591,
              2997.5728155339802
            ],
            [
              129484.22330097086,
              2997.5728155339802
            ],
            [
              129478.15533980582,
              2991.504854368932
            ]
          ]
        ]
      }
    },
    {
      "type": "Feature",
      "properties": {
        "class_id": 2,
        "classification": "Fold",
        "area": 239.33099255349225
      },
      "geometry": {
        "type": "Polygon",
        "coordinates": [
          [
            [
              102378.64077669902,
              2942.9611650485435
            ],
            [
              102372.57281553397,
              2949.029126213592
            ],
            [
              102360.43689320388,
              2949.029126213592
            ],
            [
              102354.36893203882,
              2955.0970873786405
            ],
            [
              102348.30097087378,
              2955.0970873786405
            ],
            [
              102342.23300970873,
              2961.165048543689
            ],
            [
              102336.16504854368,
              2961.165048543689
            ],
            [
              102324.02912621359,
              2973.3009708737864
            ],
            [
              102330.09708737863,
              2967.2330097087374
            ],
            [
              102336.16504854368,
              2967.2330097087374
            ],
            [
              102342.23300970873,
              2961.165048543689
            ],
            [
              102348.30097087378,
              2961.165048543689
            ],
            [
              102354.36893203882,
              2955.0970873786405
            ],
            [
              102378.64077669902,
              2955.0970873786405
            ],
            [
              102378.64077669902,
              2949.029126213592
            ],
            [
              102384.70873786407,
              2942.9611650485435
            ],
            [
              102378.64077669902,
              2942.9611650485435
            ]
          ]
        ]
      }
    },
    {
      "type": "Feature",
      "properties": {
        "class_id": 2,
        "classification": "Fold",
        "area": 662.7627486096709
      },
      "geometry": {
        "type": "Polygon",
        "coordinates": [
          [
            [
              102457.52427184465,
              2864.0776699029125
            ],
            [
              102451.4563106796,
              2870.145631067961
            ],
            [
              102439.3203883495,
              2870.145631067961
            ],
            [
              102427.1844660194,
              2882.281553398058
            ],
            [
              102427.1844660194,
              2888.3495145631064
            ],
            [
              102439.3203883495,
              2900.4854368932038
            ],
            [
              102439.3203883495,
              2894.4174757281553
            ],
            [
              102457.52427184465,
              2876.2135922330094
            ],
            [
              102463.5922330097,
              2876.2135922330094
            ],
            [
              102475.72815533979,
              2864.0776699029125
            ],
            [
              102457.52427184465,
              2864.0776699029125
            ]
          ]
        ]
      }
    },
    {
      "type": "Feature",
      "properties": {
        "class_id": 2,
        "classification": "Fold",
        "area": 4749854.928598359
      },
      "geometry": {
        "type": "Polygon",
        "coordinates": [
          [
            [
              111438.1067961165,
              1881.0679611650485
            ],
            [
              111419.90291262136,
              1899.2718446601941
            ],
            [
              111419.90291262136,
              1905.3398058252426
            ],
            [
              111407.76699029126,
              1917.4757281553398
            ],
            [
              111389.56310679611,
              1917.4757281553398
            ],
            [
              111383.49514563107,
              1911.407766990291
            ],
            [
              111377.42718446601,
              1911.407766990291
            ],
            [
              111371.35922330095,
              1905.3398058252426
            ],
            [
              111365.29126213591,
              1905.3398058252426
            ],
            [
              111359.22330097086,
              1899.2718446601941
            ],
            [
              111322.81553398057,
              1899.2718446601941
            ],
            [
              111298.54368932037,
              1923.5436893203882
            ],
            [
              111298.54368932037,
              1929.6116504854367
            ],
            [
              111280.33980582524,
              1947.8155339805824
            ],
            [
              111280.33980582524,
              1959.9514563106795
            ],
            [
              111274.27184466018,
              1966.019417475728
            ],
            [
              111274.27184466018,
              1990.2912621359221
            ],
            [
              111268.20388349514,
              1996.3592233009708
            ],
            [
              111268.20388349514,
              2008.4951456310678
            ],
            [
              111262.13592233008,
              2014.5631067961162
            ],
            [
              111262.13592233008,
              2020.631067961165
            ],
            [
              111256.06796116504,
              2026.6990291262134
            ],
            [
              111256.06796116504,
              2038.8349514563106
            ],
            [
              111249.99999999999,
              2044.902912621359
            ],
            [
              111249.99999999999,
              2050.9708737864075
            ],
            [
              111243.93203883494,
              2057.038834951456
            ],
            [
              111243.93203883494,
              2069.1747572815534
            ],
            [
              111237.86407766989,
              2075.242718446602
            ],
            [
              111237.86407766989,
              2087.378640776699
            ],
            [
              111231.79611650485,
              2093.4466019417473
            ],
            [
              111231.79611650485,
              2111.650485436893
            ],
            [
              111225.72815533979,
              2117.7184466019417
            ],
            [
              111225.72815533979,
              2129.8543689320386
            ],
            [
              111219.66019417475,
              2135.922330097087
            ],
            [
              111219.66019417475,
              2148.0582524271845
            ],
            [
              111213.5922330097,
              2154.126213592233
            ],
            [
              111213.5922330097,
              2166.26213592233
            ],
            [
              111207.52427184465,
              2172.3300970873784
            ],
            [
              111207.52427184465,
              2190.5339805825242
            ],
            [
              111201.4563106796,
              2196.6019417475727
            ],
            [
              111201.4563106796,
              2214.805825242718
            ],
            [
              111195.38834951456,
              2220.8737864077666
            ],
            [
              111195.38834951456,
              2251.2135922330094
            ],
            [
              111189.3203883495,
              2257.281553398058
            ],
            [
              111189.3203883495,
              2263.349514563107
            ],
            [
              111177.1844660194,
              2275.4854368932038
            ],
            [
              111152.91262135921,
              2275.4854368932038
            ],
            [
              111146.84466019417,
              2269.4174757281553
            ],
            [
              111140.77669902911,
              2269.4174757281553
            ],
            [
              111134.70873786407,
              2263.349514563107
            ],
            [
              111128.64077669902,
              2263.349514563107
            ],
            [
              111122.57281553397,
              2257.281553398058
            ],
            [
              111116.50485436892,
              2257.281553398058
            ],
            [
              111110.43689320388,
              2251.2135922330094
            ],
            [
              111104.36893203882,
              2251.2135922330094
            ],
            [
              111092.23300970873,
              2239.0776699029125
            ],
            [
              111086.16504854368,
              2239.0776699029125
            ],
            [
              111080.09708737863,
              2233.009708737864
            ],
            [
              111074.02912621359,
              2233.009708737864
            ],
            [
              111067.96116504853,
              2226.9417475728155
            ],
            [
              111061.89320388349,
              2226.9417475728155
            ],
            [
              111055.82524271843,
              2220.8737864077666
            ],
            [
              111043.68932038834,
              2220.8737864077666
            ],
            [
              111037.6213592233,
              2214.805825242718
            ],
            [
              111031.55339805824,
              2214.805825242718
            ],
            [
              111025.4854368932,
              2208.7378640776697
            ],
            [
              111019.41747572814,
              2208.7378640776697
            ],
            [
              111007.28155339805,
              2196.6019417475727
            ],
            [
              111001.213592233,
              2196.6019417475727
            ],
            [
              110995.14563106795,
              2190.5339805825242
            ],
            [
              110976.94174757281,
              2190.5339805825242
            ],
            [
              110970.87378640776,
              2184.4660194174758
            ],
            [
              110952.66990291262,
              2184.4660194174758
            ],
            [
              110946.60194174756,
              2178.398058252427
            ],
            [
              110934.46601941746,
              2178.398058252427
            ],
            [
              110928.39805825242,
              2172.3300970873784
            ],
            [
              110916.26213592233,
              2172.3300970873784
            ],
            [
              110910.19417475727,
              2166.26213592233
            ],
            [
              110898.05825242717,
              2166.26213592233
            ],
            [
              110891.99029126213,
              2160.1941747572814
            ],
            [
              110885.92233009708,
              2160.1941747572814
            ],
            [
              110879.85436893204,
              2154.126213592233
            ],
            [
              110867.71844660194,
              2154.126213592233
            ],
            [
              110861.65048543688,
              2148.0582524271845
            ],
            [
              110855.58252427184,
              2148.0582524271845
            ],
            [
              110849.51456310679,
              2141.9902912621355
            ],
            [
              110837.37864077669,
              2141.9902912621355
            ],
            [
              110831.31067961165,
              2135.922330097087
            ],
            [
              110813.1067961165,
              2135.922330097087
            ],
            [
              110807.03883495145,
              2129.8543689320386
            ],
            [
              110794.90291262136,
              2129.8543689320386
            ],
            [
              110788.8349514563,
              2123.78640776699
            ],
            [
              110807.03883495145,
              2141.9902912621355
            ],
            [
              110807.03883495145,
              2148.0582524271845
            ],
            [
              110825.24271844659,
              2166.26213592233
            ],
            [
              110831.31067961165,
              2166.26213592233
            ],
            [
              110843.44660194175,
              2178.398058252427
            ],
            [
              110867.71844660194,
              2178.398058252427
            ],
            [
              110873.78640776698,
              2184.4660194174758
            ],
            [
              110879.85436893204,
              2184.4660194174758
            ],
            [
              110891.99029126213,
              2196.6019417475727
            ],
            [
              110891.99029126213,
              2202.669902912621
            ],
            [
              110898.05825242717,
              2208.7378640776697
            ],
            [
              110898.05825242717,
              2220.8737864077666
            ],
            [
              110910.19417475727,
              2233.009708737864
            ],
            [
              110910.19417475727,
              2239.0776699029125
            ],
            [
              110916.26213592233,
              2245.145631067961
            ],
            [
              110916.26213592233,
              2251.2135922330094
            ],
            [
              110922.33009708737,
              2257.281553398058
            ],
            [
              110922.33009708737,
              2293.689320388349
            ],
            [
              110928.39805825242,
              2299.7572815533977
            ],
            [
              110928.39805825242,
              2360.4368932038833
            ],
            [
              110934.46601941746,
              2366.504854368932
            ],
            [
              110934.46601941746,
              2530.3398058252424
            ],
            [
              110928.39805825242,
              2536.407766990291
            ],
            [
              110928.39805825242,
              2560.679611650485
            ],
            [
              110922.33009708737,
              2566.7475728155337
            ],
            [
              110922.33009708737,
              2572.815533980582
            ],
            [
              110916.26213592233,
              2578.883495145631
            ],
            [
              110916.26213592233,
              2584.9514563106795
            ],
            [
              110910.19417475727,
              2591.019417475728
            ],
            [
              110910.19417475727,
              2609.2233009708734
            ],
            [
              110904.12621359223,
              2615.2912621359224
            ],
            [
              110904.12621359223,
              2669.902912621359
            ],
            [
              110898.05825242717,
              2675.9708737864075
            ],
            [
              110898.05825242717,
              2700.242718446602
            ],
            [
              110891.99029126213,
              2706.3106796116504
            ],
            [
              110891.99029126213,
              2730.5825242718442
            ],
            [
              110885.92233009708,
              2736.650485436893
            ],
            [
              110885.92233009708,
              2760.922330097087
            ],
            [
              110879.85436893204,
              2766.9902912621355
            ],
            [
              110879.85436893204,
              2785.1941747572814
            ],
            [
              110873.78640776698,
              2791.26213592233
            ],
            [
              110873.78640776698,
              2803.398058252427
            ],
            [
              110867.71844660194,
              2809.4660194174753
            ],
            [
              110867.71844660194,
              2815.5339805825242
            ],
            [
              110861.65048543688,
              2821.6019417475727
            ],
            [
              110861.65048543688,
              2839.805825242718
            ],
            [
              110855.58252427184,
              2845.8737864077666
            ],
            [
              110855.58252427184,
              2864.0776699029125
            ],
            [
              110849.51456310679,
              2870.145631067961
            ],
            [
              110849.51456310679,
              2876.2135922330094
            ],
            [
              110843.44660194175,
              2882.281553398058
            ],
            [
              110843.44660194175,
              2894.4174757281553
            ],
            [
              110837.37864077669,
              2900.4854368932038
            ],
            [
              110837.37864077669,
              2924.7572815533977
            ],
            [
              110831.31067961165,
              2930.8252427184466
            ],
            [
              110831.31067961165,
              2955.0970873786405
            ],
            [
              110825.24271844659,
              2961.165048543689
            ],
            [
              110825.24271844659,
              2985.4368932038833
            ],
            [
              110831.31067961165,
              2991.504854368932
            ],
            [
              110831.31067961165,
              2997.5728155339802
            ],
            [
              110825.24271844659,
              3003.6407766990287
            ],
            [
              110825.24271844659,
              3015.776699029126
            ],
            [
              110819.17475728155,
              3021.8446601941746
            ],
            [
              110819.17475728155,
              3027.912621359223
            ],
            [
              110813.1067961165,
              3033.9805825242715
            ],
            [
              110813.1067961165,
              3046.1165048543685
            ],
            [
              110807.03883495145,
              3052.1844660194174
            ],
            [
              110807.03883495145,
              3058.252427184466
            ],
            [
              110800.9708737864,
              3064.3203883495144
            ],
            [
              110800.9708737864,
              3082.52427184466
            ],
            [
              110807.03883495145,
              3088.5922330097087
            ],
            [
              110807.03883495145,
              3100.7281553398057
            ],
            [
              110825.24271844659,
              3100.7281553398057
            ],
            [
              110831.31067961165,
              3106.796116504854
            ],
            [
              110831.31067961165,
              3161.407766990291
            ],
            [
              110825.24271844659,
              3167.4757281553398
            ],
            [
              110825.24271844659,
              3185.679611650485
            ],
            [
              110819.17475728155,
              3191.7475728155337
            ],
            [
              110819.17475728155,
              3203.8834951456306
            ],
            [
              110813.1067961165,
              3209.9514563106795
            ],
            [
              110813.1067961165,
              3216.019417475728
            ],
            [
              110807.03883495145,
              3222.0873786407765
            ],
            [
              110807.03883495145,
              3234.2233009708734
            ],
            [
              110800.9708737864,
              3240.291262135922
            ],
            [
              110800.9708737864,
              3246.359223300971
            ],
            [
              110794.90291262136,
              3252.4271844660193
            ],
            [
              110794.90291262136,
              3258.4951456310678
            ],
            [
              110788.8349514563,
              3264.5631067961162
            ],
            [
              110788.8349514563,
              3276.699029126213
            ],
            [
              110782.76699029126,
              3282.7669902912617
            ],
            [
              110782.76699029126,
              3288.8349514563106
            ],
            [
              110776.6990291262,
              3294.902912621359
            ],
            [
              110776.6990291262,
              3300.9708737864075
            ],
            [
              110770.63106796116,
              3307.038834951456
            ],
            [
              110770.63106796116,
              3325.242718446602
            ],
            [
              110764.56310679611,
              3331.3106796116504
            ],
            [
              110764.56310679611,
              3337.378640776699
            ],
            [
              110770.63106796116,
              3343.4466019417473
            ],
            [
              110770.63106796116,
              3355.5825242718442
            ],
            [
              110764.56310679611,
              3361.6504854368927
            ],
            [
              110764.56310679611,
              3404.126213592233
            ],
            [
              110758.49514563107,
              3410.1941747572814
            ],
            [
              110758.49514563107,
              3422.3300970873784
            ],
            [
              110752.42718446601,
              3428.398058252427
            ],
            [
              110752.42718446601,
              3440.533980582524
            ],
            [
              110746.35922330097,
              3446.6019417475727
            ],
            [
              110746.35922330097,
              3452.669902912621
            ],
            [
              110740.29126213591,
              3458.7378640776697
            ],
            [
              110740.29126213591,
              3464.805825242718
            ],
            [
              110734.22330097086,
              3470.8737864077666
            ],
            [
              110734.22330097086,
              3483.009708737864
            ],
            [
              110728.15533980582,
              3489.0776699029125
            ],
            [
              110728.15533980582,
              3495.145631067961
            ],
            [
              110722.08737864076,
              3501.2135922330094
            ],
            [
              110722.08737864076,
              3507.281553398058
            ],
            [
              110709.95145631066,
              3519.417475728155
            ],
            [
              110709.95145631066,
              3543.689320388349
            ],
            [
              110703.88349514562,
              3549.7572815533977
            ],
            [
              110703.88349514562,
              3580.0970873786405
            ],
            [
              110697.81553398057,
              3586.165048543689
            ],
            [
              110697.81553398057,
              3604.368932038835
            ],
            [
              110691.74757281553,
              3610.4368932038833
            ],
            [
              110691.74757281553,
              3628.6407766990287
            ],
            [
              110685.67961165047,
              3634.708737864077
            ],
            [
              110685.67961165047,
              3658.9805825242715
            ],
            [
              110679.61165048543,
              3665.04854368932
            ],
            [
              110679.61165048543,
              3677.1844660194174
            ],
            [
              110673.54368932037,
              3683.252427184466
            ],
            [
              110673.54368932037,
              3695.388349514563
            ],
            [
              110667.47572815533,
              3701.4563106796113
            ],
            [
              110667.47572815533,
              3707.52427184466
            ],
            [
              110661.40776699028,
              3713.5922330097083
            ],
            [
              110661.40776699028,
              3725.7281553398057
            ],
            [
              110655.33980582524,
              3731.796116504854
            ],
            [
              110655.33980582524,
              3737.8640776699026
            ],
            [
              110649.27184466018,
              3743.932038834951
            ],
            [
              110649.27184466018,
              3749.9999999999995
            ],
            [
              110637.13592233008,
              3762.135922330097
            ],
            [
              110637.13592233008,
              3768.2038834951454
            ],
            [
              110631.06796116504,
              3774.271844660194
            ],
            [
              110631.06796116504,
              3780.3398058252424
            ],
            [
              110624.99999999999,
              3786.407766990291
            ],
            [
              110624.99999999999,
              3798.5436893203882
            ],
            [
              110618.93203883494,
              3804.6116504854367
            ],
            [
              110618.93203883494,
              3841.019417475728
            ],
            [
              110612.86407766989,
              3847.0873786407765
            ],
            [
              110612.86407766989,
              3865.291262135922
            ],
            [
              110606.79611650485,
              3871.3592233009704
            ],
            [
              110606.79611650485,
              3883.4951456310678
            ],
            [
              110600.72815533979,
              3889.5631067961162
            ],
            [
              110600.72815533979,
              3907.7669902912617
            ],
            [
              110594.66019417475,
              3913.8349514563106
            ],
            [
              110594.66019417475,
              3974.514563106796
            ],
            [
              110588.5922330097,
              3980.5825242718442
            ],
            [
              110588.5922330097,
              4023.058252427184
            ],
            [
              110582.52427184465,
              4029.1262135922325
            ],
            [
              110582.52427184465,
              4059.4660194174753
            ],
            [
              110576.4563106796,
              4065.533980582524
            ],
            [
              110576.4563106796,
              4101.941747572815
            ],
            [
              110570.38834951456,
              4108.009708737864
            ],
            [
              110570.38834951456,
              4162.621359223301
            ],
            [
              110564.3203883495,
              4168.689320388349
            ],
            [
              110564.3203883495,
              4186.893203883495
            ],
            [
              110558.25242718446,
              4192.961165048543
            ],
            [
              110558.25242718446,
              4211.165048543689
            ],
            [
              110552.1844660194,
              4217.233009708738
            ],
            [
              110552.1844660194,
              4241.504854368932
            ],
            [
              110546.11650485436,
              4247.57281553398
            ],
            [
              110552.1844660194,
              4253.640776699029
            ],
            [
              110552.1844660194,
              4259.708737864077
            ],
            [
              110546.11650485436,
              4265.776699029126
            ],
            [
              110546.11650485436,
              4290.0485436893205
            ],
            [
              110540.0485436893,
              4296.116504854369
            ],
            [
              110540.0485436893,
              4308.252427184466
            ],
            [
              110533.98058252427,
              4314.320388349514
            ],
            [
              110533.98058252427,
              4320.388349514563
            ],
            [
              110527.91262135921,
              4326.456310679611
            ],
            [
              110527.91262135921,
              4356.796116504854
            ],
            [
              110521.84466019417,
              4362.864077669902
            ],
            [
              110521.84466019417,
              4368.9320388349515
            ],
            [
              110503.64077669902,
              4387.135922330097
            ],
            [
              110497.57281553397,
              4387.135922330097
            ],
            [
              110479.36893203882,
              4405.339805825242
            ],
            [
              110479.36893203882,
              4411.407766990291
            ],
            [
              110467.23300970873,
              4423.543689320388
            ],
            [
              110467.23300970873,
              4429.611650485436
            ],
            [
              110455.09708737863,
              4441.747572815533
            ],
            [
              110455.09708737863,
              4447.815533980583
            ],
            [
              110442.96116504853,
              4459.9514563106795
            ],
            [
              110442.96116504853,
              4466.019417475728
            ],
            [
              110430.82524271843,
              4478.155339805825
            ],
            [
              110430.82524271843,
              4484.223300970873
            ],
            [
              110418.68932038834,
              4496.35922330097
            ],
            [
              110418.68932038834,
              4502.427184466019
            ],
            [
              110406.55339805824,
              4514.563106796116
            ],
            [
              110406.55339805824,
              4520.631067961164
            ],
            [
              110400.4854368932,
              4526.699029126214
            ],
            [
              110400.4854368932,
              4532.766990291262
            ],
            [
              110394.41747572814,
              4538.834951456311
            ],
            [
              110394.41747572814,
              4629.854368932039
            ],
            [
              110388.3495145631,
              4635.922330097087
            ],
            [
              110388.3495145631,
              4733.009708737864
            ],
            [
              110382.28155339805,
              4739.077669902912
            ],
            [
              110382.28155339805,
              4902.912621359223
            ],
            [
              110376.213592233,
              4908.980582524271
            ],
            [
              110376.213592233,
              4933.252427184466
            ],
            [
              110370.14563106795,
              4939.320388349514
            ],
            [
              110370.14563106795,
              4945.388349514563
            ],
            [
              110364.07766990291,
              4951.456310679611
            ],
            [
              110364.07766990291,
              4963.592233009708
            ],
            [
              110358.00970873785,
              4969.660194174757
            ],
            [
              110358.00970873785,
              4975.728155339805
            ],
            [
              110351.94174757281,
              4981.796116504854
            ],
            [
              110351.94174757281,
              4993.932038834951
            ],
            [
              110345.87378640776,
              5000.0
            ],
            [
              110345.87378640776,
              5018.203883495145
            ],
            [
              110339.80582524271,
              5024.271844660194
            ],
            [
              110339.80582524271,
              5042.475728155339
            ],
            [
              110333.73786407766,
              5048.543689320388
            ],
            [
              110333.73786407766,
              5121.35922330097
            ],
            [
              110327.66990291262,
              5127.427184466019
            ],
            [
              110327.66990291262,
              5145.631067961164
            ],
            [
              110321.60194174756,
              5151.699029126213
            ],
            [
              110321.60194174756,
              5163.834951456311
            ],
            [
              110315.53398058252,
              5169.902912621359
            ],
            [
              110315.53398058252,
              5182.038834951456
            ],
            [
              110309.46601941746,
              5188.1067961165045
            ],
            [
              110309.46601941746,
              5218.446601941747
            ],
            [
              110303.39805825242,
              5224.514563106795
            ],
            [
              110303.39805825242,
              5309.466019417476
            ],
            [
              110297.33009708737,
              5315.533980582524
            ],
            [
              110297.33009708737,
              5339.805825242718
            ],
            [
              110291.26213592233,
              5345.873786407767
            ],
            [
              110291.26213592233,
              5370.1456310679605
            ],
            [
              110285.19417475727,
              5376.213592233009
            ],
            [
              110285.19417475727,
              5388.349514563107
            ],
            [
              110279.12621359223,
              5394.417475728155
            ],
            [
              110279.12621359223,
              5406.553398058252
            ],
            [
              110273.05825242717,
              5412.621359223301
            ],
            [
              110273.05825242717,
              5418.689320388349
            ],
            [
              110266.99029126213,
              5424.757281553398
            ],
            [
              110266.99029126213,
              5430.825242718446
            ],
            [
              110260.92233009708,
              5436.893203883495
            ],
            [
              110260.92233009708,
              5442.961165048543
            ],
            [
              110254.85436893204,
              5449.029126213592
            ],
            [
              110254.85436893204,
              5455.09708737864
            ],
            [
              110248.78640776698,
              5461.1650485436885
            ],
            [
              110248.78640776698,
              5479.368932038835
            ],
            [
              110242.71844660194,
              5485.436893203883
            ],
            [
              110242.71844660194,
              5497.57281553398
            ],
            [
              110236.65048543688,
              5503.640776699029
            ],
            [
              110236.65048543688,
              5509.708737864077
            ],
            [
              110230.58252427184,
              5515.776699029126
            ],
            [
              110230.58252427184,
              5521.844660194174
            ],
            [
              110224.51456310679,
              5527.912621359223
            ],
            [
              110224.51456310679,
              5533.980582524271
            ],
            [
              110218.44660194175,
              5540.04854368932
            ],
            [
              110218.44660194175,
              5546.116504854369
            ],
            [
              110212.37864077669,
              5552.184466019417
            ],
            [
              110212.37864077669,
              5564.320388349514
            ],
            [
              110206.31067961165,
              5570.388349514563
            ],
            [
              110206.31067961165,
              5576.456310679611
            ],
            [
              110157.76699029126,
              5625.0
            ],
            [
              110151.6990291262,
              5625.0
            ],
            [
              110151.6990291262,
              5631.0679611650485
            ],
            [
              110139.56310679611,
              5643.203883495145
            ],
            [
              110139.56310679611,
              5649.271844660194
            ],
            [
              110133.49514563107,
              5655.339805825242
            ],
            [
              110133.49514563107,
              5661.407766990291
            ],
            [
              110127.42718446601,
              5667.475728155339
            ],
            [
              110127.42718446601,
              5685.679611650485
            ],
            [
              110115.29126213591,
              5697.815533980582
            ],
            [
              110115.29126213591,
              5703.883495145631
            ],
            [
              110097.08737864076,
              5722.0873786407765
            ],
            [
              110097.08737864076,
              5728.155339805825
            ],
            [
              110084.95145631066,
              5740.291262135922
            ],
            [
              110084.95145631066,
              5746.35922330097
            ],
            [
              110066.74757281553,
              5764.563106796116
            ],
            [
              110060.67961165047,
              5764.563106796116
            ],
            [
              110048.54368932037,
              5776.699029126213
            ],
            [
              110048.54368932037,
              5782.766990291262
            ],
            [
              110042.47572815533,
              5788.834951456311
            ],
            [
              110042.47572815533,
              5794.902912621359
            ],
            [
              110030.33980582524,
              5807.038834951456
            ],
            [
              110030.33980582524,
              5813.1067961165045
            ],
            [
              110006.06796116504,
              5837.378640776698
            ],
            [
              110006.06796116504,
              5843.446601941747
            ],
            [
              109999.99999999999,
              5849.514563106795
            ],
            [
              109999.99999999999,
              5855.582524271844
            ],
            [
              109993.93203883494,
              5861.650485436893
            ],
            [
              109993.93203883494,
              5867.718446601942
            ],
            [
              109987.86407766989,
              5873.78640776699
            ],
            [
              109987.86407766989,
              5879.854368932039
            ],
            [
              109981.79611650485,
              5885.922330097087
            ],
            [
              109981.79611650485,
              5891.9902912621355
            ],
            [
              109975.72815533979,
              5898.058252427184
            ],
            [
              109975.72815533979,
              5910.194174757281
            ],
            [
              109963.5922330097,
              5922.330097087378
            ],
            [
              109963.5922330097,
              5928.398058252426
            ],
            [
              109951.4563106796,
              5940.533980582524
            ],
            [
              109951.4563106796,
              5946.601941747573
            ],
            [
              109939.3203883495,
              5958.73786407767
            ],
            [
              109939.3203883495,
              5964.805825242718
            ],
            [
              109933.25242718446,
              5970.873786407767
            ],
            [
              109933.25242718446,
              5976.941747572815
            ],
            [
              109921.11650485436,
              5989.077669902912
            ],
            [
              109921.11650485436,
              5995.1456310679605
            ],
            [
              109902.91262135921,
              6013.349514563106
            ],
            [
              109902.91262135921,
              6019.417475728155
            ],
            [
              109896.84466019417,
              6025.485436893204
            ],
            [
              109896.84466019417,
              6037.621359223301
            ],
            [
              109890.77669902911,
              6043.689320388349
            ],
            [
              109890.77669902911,
              6067.961165048543
            ],
            [
              109884.70873786407,
              6074.029126213592
            ],
            [
              109884.70873786407,
              6080.09708737864
            ],
            [
              109902.91262135921,
              6080.09708737864
            ],
            [
              109915.0485436893,
              6092.233009708737
            ],
            [
              109915.0485436893,
              6104.368932038835
            ],
            [
              109908.98058252427,
              6110.436893203883
            ],
            [
              109902.91262135921,
              6110.436893203883
            ],
            [
              109890.77669902911,
              6098.300970873786
            ],
            [
              109890.77669902911,
              6110.436893203883
            ],
            [
              109908.98058252427,
              6110.436893203883
            ],
            [
              109915.0485436893,
              6104.368932038835
            ],
            [
              109927.1844660194,
              6104.368932038835
            ],
            [
              109933.25242718446,
              6098.300970873786
            ],
            [
              109945.38834951456,
              6098.300970873786
            ],
            [
              109951.4563106796,
              6092.233009708737
            ],
            [
              109981.79611650485,
              6092.233009708737
            ],
            [
              109987.86407766989,
              6086.1650485436885
            ],
            [
              110012.13592233008,
              6086.1650485436885
            ],
            [
              110018.20388349514,
              6080.09708737864
            ],
            [
              110024.27184466018,
              6086.1650485436885
            ],
            [
              110030.33980582524,
              6086.1650485436885
            ],
            [
              110042.47572815533,
              6098.300970873786
            ],
            [
              110042.47572815533,
              6110.436893203883
            ],
            [
              110036.40776699028,
              6116.504854368932
            ],
            [
              110036.40776699028,
              6122.57281553398
            ],
            [
              110030.33980582524,
              6128.640776699029
            ],
            [
              110030.33980582524,
              6134.708737864077
            ],
            [
              110018.20388349514,
              6146.844660194174
            ],
            [
              110018.20388349514,
              6152.912621359223
            ],
            [
              110006.06796116504,
              6165.04854368932
            ],
            [
              110006.06796116504,
              6171.116504854368
            ],
            [
              109993.93203883494,
              6183.252427184466
            ],
            [
              109993.93203883494,
              6189.320388349514
            ],
            [
              109987.86407766989,
              6195.388349514563
            ],
            [
              109987.86407766989,
              6207.52427184466
            ],
            [
              109981.79611650485,
              6213.592233009708
            ],
            [
              109915.0485436893,
              6213.592233009708
            ],
            [
              109908.98058252427,
              6207.52427184466
            ],
            [
              109908.98058252427,
              6201.456310679611
            ],
            [
              109896.84466019417,
              6189.320388349514
            ],
            [
              109884.70873786407,
              6189.320388349514
            ],
            [
              109872.57281553397,
              6201.456310679611
            ],
            [
              109860.43689320388,
              6201.456310679611
            ],
            [
              109848.30097087378,
              6213.592233009708
            ],
            [
              109793.68932038834,
              6213.592233009708
            ],
            [
              109793.68932038834,
              6219.660194174757
            ],
            [
              109799.7572815534,
              6225.728155339805
            ],
            [
              109799.7572815534,
              6243.932038834951
            ],
            [
              109805.82524271843,
              6249.999999999999
            ],
            [
              109805.82524271843,
              6316.747572815533
            ],
            [
              109811.89320388349,
              6322.815533980582
            ],
            [
              109811.89320388349,
              6389.563106796116
            ],
            [
              109817.96116504853,
              6395.631067961164
            ],
            [
              109817.96116504853,
              6419.902912621359
            ],
            [
              109811.89320388349,
              6425.9708737864075
            ],
            [
              109811.89320388349,
              6438.1067961165045
            ],
            [
              109799.7572815534,
              6450.242718446601
            ],
            [
              109769.41747572814,
              6450.242718446601
            ],
            [
              109763.3495145631,
              6456.31067961165
            ],
            [
              109757.28155339805,
              6456.31067961165
            ],
            [
              109751.213592233,
              6462.378640776698
            ],
            [
              109751.213592233,
              6468.446601941747
            ],
            [
              109745.14563106795,
              6474.514563106795
            ],
            [
              109745.14563106795,
              6498.78640776699
            ],
            [
              109751.213592233,
              6492.718446601942
            ],
            [
              109757.28155339805,
              6492.718446601942
            ],
            [
              109763.3495145631,
              6486.650485436892
            ],
            [
              109769.41747572814,
              6486.650485436892
            ],
            [
              109781.55339805824,
              6498.78640776699
            ],
            [
              109763.3495145631,
              6516.9902912621355
            ],
            [
              109757.28155339805,
              6516.9902912621355
            ],
            [
              109763.3495145631,
              6523.058252427184
            ],
            [
              109781.55339805824,
              6523.058252427184
            ],
            [
              109793.68932038834,
              6510.922330097087
            ],
            [
              109793.68932038834,
              6498.78640776699
            ],
            [
              109799.7572815534,
              6492.718446601942
            ],
            [
              109799.7572815534,
              6486.650485436892
            ],
            [
              109805.82524271843,
              6480.582524271844
            ],
            [
              109805.82524271843,
              6474.514563106795
            ],
            [
              109811.89320388349,
              6468.446601941747
            ],
            [
              109811.89320388349,
              6462.378640776698
            ],
            [
              109824.02912621359,
              6450.242718446601
            ],
            [
              109848.30097087378,
              6450.242718446601
            ],
            [
              109854.36893203882,
              6444.174757281553
            ],
            [
              109866.50485436892,
              6444.174757281553
            ],
            [
              109866.50485436892,
              6438.1067961165045
            ],
            [
              109890.77669902911,
              6413.834951456311
            ],
            [
              109915.0485436893,
              6413.834951456311
            ],
            [
              109921.11650485436,
              6407.766990291261
            ],
            [
              109927.1844660194,
              6407.766990291261
            ],
            [
              109933.25242718446,
              6401.699029126213
            ],
            [
              109939.3203883495,
              6401.699029126213
            ],
            [
              109945.38834951456,
              6395.631067961164
            ],
            [
              109951.4563106796,
              6395.631067961164
            ],
            [
              109957.52427184465,
              6389.563106796116
            ],
            [
              109957.52427184465,
              6383.495145631067
            ],
            [
              109963.5922330097,
              6377.427184466019
            ],
            [
              109963.5922330097,
              6365.291262135922
            ],
            [
              109975.72815533979,
              6353.155339805825
            ],
            [
              109975.72815533979,
              6347.0873786407765
            ],
            [
              109993.93203883494,
              6328.88349514563
            ],
            [
              109993.93203883494,
              6310.679611650485
            ],
            [
              109999.99999999999,
              6304.611650485436
            ],
            [
              109999.99999999999,
              6298.543689320388
            ],
            [
              110012.13592233008,
              6286.407766990291
            ],
            [
              110012.13592233008,
              6280.339805825242
            ],
            [
              110024.27184466018,
              6268.203883495145
            ],
            [
              110024.27184466018,
              6262.135922330097
            ],
            [
              110018.20388349514,
              6256.0679611650485
            ],
            [
              110018.20388349514,
              6231.796116504854
            ],
            [
              110024.27184466018,
              6225.728155339805
            ],
            [
              110024.27184466018,
              6213.592233009708
            ],
            [
              110030.33980582524,
              6207.52427184466
            ],
            [
              110169.90291262136,
              6207.52427184466
            ],
            [
              110182.03883495145,
              6219.660194174757
            ],
            [
              110182.03883495145,
              6225.728155339805
            ],
            [
              110188.1067961165,
              6225.728155339805
            ],
            [
              110194.17475728155,
              6231.796116504854
            ],
            [
              110212.37864077669,
              6231.796116504854
            ],
            [
              110218.44660194175,
              6237.864077669902
            ],
            [
              110224.51456310679,
              6237.864077669902
            ],
            [
              110224.51456310679,
              6213.592233009708
            ],
            [
              110236.65048543688,
              6201.456310679611
            ],
            [
              110242.71844660194,
              6201.456310679611
            ],
            [
              110248.78640776698,
              6207.52427184466
            ],
            [
              110327.66990291262,
              6207.52427184466
            ],
            [
              110333.73786407766,
              6213.592233009708
            ],
            [
              110333.73786407766,
              6219.660194174757
            ],
            [
              110339.80582524271,
              6225.728155339805
            ],
            [
              110339.80582524271,
              6231.796116504854
            ],
            [
              110351.94174757281,
              6243.932038834951
            ],
            [
              110358.00970873785,
              6243.932038834951
            ],
            [
              110370.14563106795,
              6231.796116504854
            ],
            [
              110370.14563106795,
              6225.728155339805
            ],
            [
              110376.213592233,
              6219.660194174757
            ],
            [
              110376.213592233,
              6213.592233009708
            ],
            [
              110345.87378640776,
              6213.592233009708
            ],
            [
              110339.80582524271,
              6207.52427184466
            ],
            [
              110339.80582524271,
              6183.252427184466
            ],
            [
              110333.73786407766,
              6177.184466019417
            ],
            [
              110333.73786407766,
              6165.04854368932
            ],
            [
              110327.66990291262,
              6158.980582524271
            ],
            [
              110327.66990291262,
              6152.912621359223
            ],
            [
              110315.53398058252,
              6140.776699029126
            ],
            [
              110315.53398058252,
              6134.708737864077
            ],
            [
              110309.46601941746,
              6128.640776699029
            ],
            [
              110309.46601941746,
              6080.09708737864
            ],
            [
              110303.39805825242,
              6074.029126213592
            ],
            [
              110303.39805825242,
              6055.825242718446
            ],
            [
              110297.33009708737,
              6049.757281553398
            ],
            [
              110297.33009708737,
              6013.349514563106
            ],
            [
              110303.39805825242,
              6007.281553398057
            ],
            [
              110303.39805825242,
              6001.213592233009
            ],
            [
              110333.73786407766,
              5970.873786407767
            ],
            [
              110345.87378640776,
              5970.873786407767
            ],
            [
              110351.94174757281,
              5964.805825242718
            ],
            [
              110370.14563106795,
              5964.805825242718
            ],
            [
              110376.213592233,
              5958.73786407767
            ],
            [
              110382.28155339805,
              5958.73786407767
            ],
            [
              110388.3495145631,
              5952.669902912621
            ],
            [
              110394.41747572814,
              5952.669902912621
            ],
            [
              110430.82524271843,
              5916.262135922329
            ],
            [
              110430.82524271843,
              5910.194174757281
            ],
            [
              110449.02912621359,
              5891.9902912621355
            ],
            [
              110449.02912621359,
              5885.922330097087
            ],
            [
              110455.09708737863,
              5879.854368932039
            ],
            [
              110455.09708737863,
              5873.78640776699
            ],
            [
              110467.23300970873,
              5861.650485436893
            ],
            [
              110467.23300970873,
              5855.582524271844
            ],
            [
              110497.57281553397,
              5825.242718446601
            ],
            [
              110509.70873786407,
              5825.242718446601
            ],
            [
              110515.77669902911,
              5819.174757281553
            ],
            [
              110564.3203883495,
              5819.174757281553
            ],
            [
              110570.38834951456,
              5813.1067961165045
            ],
            [
              110582.52427184465,
              5813.1067961165045
            ],
            [
              110588.5922330097,
              5807.038834951456
            ],
            [
              110600.72815533979,
              5807.038834951456
            ],
            [
              110606.79611650485,
              5800.9708737864075
            ],
            [
              110631.06796116504,
              5800.9708737864075
            ],
            [
              110637.13592233008,
              5794.902912621359
            ],
            [
              110643.20388349514,
              5794.902912621359
            ],
            [
              110649.27184466018,
              5800.9708737864075
            ],
            [
              110673.54368932037,
              5800.9708737864075
            ],
            [
              110679.61165048543,
              5807.038834951456
            ],
            [
              110697.81553398057,
              5807.038834951456
            ],
            [
              110703.88349514562,
              5800.9708737864075
            ],
            [
              110716.01941747572,
              5800.9708737864075
            ],
            [
              110728.15533980582,
              5788.834951456311
            ],
            [
              110734.22330097086,
              5788.834951456311
            ],
            [
              110740.29126213591,
              5782.766990291262
            ],
            [
              110746.35922330097,
              5782.766990291262
            ],
            [
              110758.49514563107,
              5770.631067961164
            ],
            [
              110764.56310679611,
              5770.631067961164
            ],
            [
              110764.56310679611,
              5764.563106796116
            ],
            [
              110776.6990291262,
              5752.427184466019
            ],
            [
              110776.6990291262,
              5746.35922330097
            ],
            [
              110794.90291262136,
              5728.155339805825
            ],
            [
              110794.90291262136,
              5722.0873786407765
            ],
            [
              110800.9708737864,
              5716.019417475728
            ],
            [
              110800.9708737864,
              5697.815533980582
            ],
            [
              110807.03883495145,
              5691.747572815533
            ],
            [
              110807.03883495145,
              5673.543689320388
            ],
            [
              110813.1067961165,
              5667.475728155339
            ],
            [
              110813.1067961165,
              5655.339805825242
            ],
            [
              110819.17475728155,
              5649.271844660194
            ],
            [
              110819.17475728155,
              5637.135922330097
            ],
            [
              110825.24271844659,
              5631.0679611650485
            ],
            [
              110825.24271844659,
              5625.0
            ],
            [
              110831.31067961165,
              5618.932038834951
            ],
            [
              110831.31067961165,
              5612.864077669902
            ],
            [
              110837.37864077669,
              5606.796116504854
            ],
            [
              110837.37864077669,
              5600.728155339805
            ],
            [
              110849.51456310679,
              5588.592233009708
            ],
            [
              110849.51456310679,
              5582.52427184466
            ],
            [
              110855.58252427184,
              5576.456310679611
            ],
            [
              110855.58252427184,
              5564.320388349514
            ],
            [
              110861.65048543688,
              5558.252427184466
            ],
            [
              110861.65048543688,
              5552.184466019417
            ],
            [
              110867.71844660194,
              5546.116504854369
            ],
            [
              110867.71844660194,
              5540.04854368932
            ],
            [
              110879.85436893204,
              5527.912621359223
            ],
            [
              110879.85436893204,
              5521.844660194174
            ],
            [
              110891.99029126213,
              5509.708737864077
            ],
            [
              110891.99029126213,
              5503.640776699029
            ],
            [
              110898.05825242717,
              5497.57281553398
            ],
            [
              110898.05825242717,
              5491.504854368932
            ],
            [
              110916.26213592233,
              5473.300970873786
            ],
            [
              110916.26213592233,
              5467.233009708738
            ],
            [
              110922.33009708737,
              5461.1650485436885
            ],
            [
              110922.33009708737,
              5455.09708737864
            ],
            [
              110928.39805825242,
              5449.029126213592
            ],
            [
              110928.39805825242,
              5436.893203883495
            ],
            [
              110934.46601941746,
              5430.825242718446
            ],
            [
              110934.46601941746,
              5418.689320388349
            ],
            [
              110940.53398058252,
              5412.621359223301
            ],
            [
              110940.53398058252,
              5406.553398058252
            ],
            [
              110946.60194174756,
              5400.485436893204
            ],
            [
              110946.60194174756,
              5394.417475728155
            ],
            [
              110952.66990291262,
              5388.349514563107
            ],
            [
              110952.66990291262,
              5370.1456310679605
            ],
            [
              110958.73786407766,
              5364.077669902912
            ],
            [
              110958.73786407766,
              5351.941747572815
            ],
            [
              110964.80582524271,
              5345.873786407767
            ],
            [
              110964.80582524271,
              5327.669902912621
            ],
            [
              110970.87378640776,
              5321.601941747573
            ],
            [
              110970.87378640776,
              5315.533980582524
            ],
            [
              110976.94174757281,
              5309.466019417476
            ],
            [
              110976.94174757281,
              5303.398058252426
            ],
            [
              110983.00970873785,
              5297.330097087378
            ],
            [
              110983.00970873785,
              5285.194174757281
            ],
            [
              110989.07766990291,
              5279.1262135922325
            ],
            [
              110989.07766990291,
              5273.058252427184
            ],
            [
              110995.14563106795,
              5266.9902912621355
            ],
            [
              110995.14563106795,
              5254.854368932039
            ],
            [
              111001.213592233,
              5248.78640776699
            ],
            [
              111001.213592233,
              5242.718446601942
            ],
            [
              111007.28155339805,
              5236.650485436893
            ],
            [
              111007.28155339805,
              5230.582524271845
            ],
            [
              111013.3495145631,
              5224.514563106795
            ],
            [
              111013.3495145631,
              5212.378640776698
            ],
            [
              111019.41747572814,
              5206.31067961165
            ],
            [
              111019.41747572814,
              5182.038834951456
            ],
            [
              111025.4854368932,
              5175.9708737864075
            ],
            [
              111025.4854368932,
              5157.766990291262
            ],
            [
              111031.55339805824,
              5151.699029126213
            ],
            [
              111031.55339805824,
              5133.495145631067
            ],
            [
              111037.6213592233,
              5127.427184466019
            ],
            [
              111037.6213592233,
              5115.291262135922
            ],
            [
              111043.68932038834,
              5109.223300970873
            ],
            [
              111043.68932038834,
              5091.019417475728
            ],
            [
              111049.7572815534,
              5084.9514563106795
            ],
            [
              111049.7572815534,
              5036.407766990291
            ],
            [
              111055.82524271843,
              5030.339805825242
            ],
            [
              111055.82524271843,
              5018.203883495145
            ],
            [
              111061.89320388349,
              5012.135922330097
            ],
            [
              111061.89320388349,
              5000.0
            ],
            [
              111067.96116504853,
              4993.932038834951
            ],
            [
              111067.96116504853,
              4981.796116504854
            ],
            [
              111074.02912621359,
              4975.728155339805
            ],
            [
              111074.02912621359,
              4963.592233009708
            ],
            [
              111086.16504854368,
              4951.456310679611
            ],
            [
              111086.16504854368,
              4945.388349514563
            ],
            [
              111092.23300970873,
              4939.320388349514
            ],
            [
              111092.23300970873,
              4933.252427184466
            ],
            [
              111122.57281553397,
              4902.912621359223
            ],
            [
              111128.64077669902,
              4902.912621359223
            ],
            [
              111158.98058252427,
              4872.57281553398
            ],
            [
              111158.98058252427,
              4866.504854368932
            ],
            [
              111231.79611650485,
              4793.689320388349
            ],
            [
              111237.86407766989,
              4793.689320388349
            ],
            [
              111286.40776699028,
              4745.1456310679605
            ],
            [
              111286.40776699028,
              4739.077669902912
            ],
            [
              111292.47572815533,
              4733.009708737864
            ],
            [
              111292.47572815533,
              4726.941747572815
            ],
            [
              111304.61165048543,
              4714.805825242718
            ],
            [
              111304.61165048543,
              4708.73786407767
            ],
            [
              111334.95145631066,
              4678.398058252426
            ],
            [
              111341.01941747572,
              4678.398058252426
            ],
            [
              111353.15533980582,
              4666.262135922329
            ],
            [
              111359.22330097086,
              4666.262135922329
            ],
            [
              111365.29126213591,
              4660.194174757281
            ],
            [
              111365.29126213591,
              4654.1262135922325
            ],
            [
              111377.42718446601,
              4641.9902912621355
            ],
            [
              111377.42718446601,
              4635.922330097087
            ],
            [
              111383.49514563107,
              4629.854368932039
            ],
            [
              111383.49514563107,
              4623.78640776699
            ],
            [
              111389.56310679611,
              4617.718446601942
            ],
            [
              111389.56310679611,
              4611.650485436893
            ],
            [
              111395.63106796116,
              4605.582524271845
            ],
            [
              111395.63106796116,
              4599.514563106795
            ],
            [
              111401.6990291262,
              4593.446601941747
            ],
            [
              111401.6990291262,
              4587.378640776698
            ],
            [
              111413.8349514563,
              4575.242718446601
            ],
            [
              111413.8349514563,
              4569.174757281553
            ],
            [
              111425.9708737864,
              4557.038834951456
            ],
            [
              111425.9708737864,
              4550.9708737864075
            ],
            [
              111432.03883495145,
              4544.902912621359
            ],
            [
              111432.03883495145,
              4538.834951456311
            ],
            [
              111444.17475728155,
              4526.699029126214
            ],
            [
              111444.17475728155,
              4520.631067961164
            ],
            [
              111474.51456310679,
              4490.291262135922
            ],
            [
              111474.51456310679,
              4484.223300970873
            ],
            [
              111480.58252427184,
              4478.155339805825
            ],
            [
              111480.58252427184,
              4472.0873786407765
            ],
            [
              111486.65048543688,
              4466.019417475728
            ],
            [
              111486.65048543688,
              4459.9514563106795
            ],
            [
              111492.71844660194,
              4453.883495145631
            ],
            [
              111492.71844660194,
              4447.815533980583
            ],
            [
              111498.78640776698,
              4441.747572815533
            ],
            [
              111498.78640776698,
              4429.611650485436
            ],
            [
              111504.85436893204,
              4423.543689320388
            ],
            [
              111504.85436893204,
              4417.475728155339
            ],
            [
              111510.92233009708,
              4411.407766990291
            ],
            [
              111510.92233009708,
              4405.339805825242
            ],
            [
              111516.99029126213,
              4399.271844660194
            ],
            [
              111516.99029126213,
              4393.203883495145
            ],
            [
              111523.05825242717,
              4387.135922330097
            ],
            [
              111523.05825242717,
              4381.0679611650485
            ],
            [
              111529.12621359223,
              4375.0
            ],
            [
              111529.12621359223,
              4368.9320388349515
            ],
            [
              111535.19417475727,
              4362.864077669902
            ],
            [
              111535.19417475727,
              4356.796116504854
            ],
            [
              111553.39805825242,
              4338.592233009708
            ],
            [
              111553.39805825242,
              4332.52427184466
            ],
            [
              111595.87378640776,
              4290.0485436893205
            ],
            [
              111595.87378640776,
              4283.980582524271
            ],
            [
              111601.94174757281,
              4277.912621359223
            ],
            [
              111601.94174757281,
              4271.844660194174
            ],
            [
              111614.07766990291,
              4259.708737864077
            ],
            [
              111614.07766990291,
              4253.640776699029
            ],
            [
              111638.3495145631,
              4229.368932038835
            ],
            [
              111638.3495145631,
              4223.300970873786
            ],
            [
              111656.55339805824,
              4205.09708737864
            ],
            [
              111656.55339805824,
              4199.029126213592
            ],
            [
              111668.68932038834,
              4186.893203883495
            ],
            [
              111668.68932038834,
              4180.825242718446
            ],
            [
              111674.7572815534,
              4174.757281553398
            ],
            [
              111674.7572815534,
              4168.689320388349
            ],
            [
              111692.96116504853,
              4150.485436893204
            ],
            [
              111692.96116504853,
              4144.417475728155
            ],
            [
              111717.23300970873,
              4120.1456310679605
            ],
            [
              111729.36893203882,
              4120.1456310679605
            ],
            [
              111735.43689320388,
              4114.077669902912
            ],
            [
              111808.25242718446,
              4114.077669902912
            ],
            [
              111820.38834951456,
              4101.941747572815
            ],
            [
              111826.4563106796,
              4101.941747572815
            ],
            [
              111832.52427184465,
              4095.8737864077666
            ],
            [
              111838.5922330097,
              4095.8737864077666
            ],
            [
              111838.5922330097,
              3810.679611650485
            ],
            [
              111844.66019417475,
              3804.6116504854367
            ],
            [
              111868.93203883494,
              3804.6116504854367
            ],
            [
              111874.99999999999,
              3798.5436893203882
            ],
            [
              111881.06796116504,
              3798.5436893203882
            ],
            [
              111887.13592233008,
              3792.4757281553393
            ],
            [
              111893.20388349514,
              3792.4757281553393
            ],
            [
              111899.27184466018,
              3786.407766990291
            ],
            [
              111911.40776699028,
              3786.407766990291
            ],
            [
              111917.47572815533,
              3780.3398058252424
            ],
            [
              111923.54368932037,
              3780.3398058252424
            ],
            [
              111941.74757281553,
              3762.135922330097
            ],
            [
              111941.74757281553,
              3749.9999999999995
            ],
            [
              111947.81553398057,
              3743.932038834951
            ],
            [
              111947.81553398057,
              3737.8640776699026
            ],
            [
              111953.88349514562,
              3731.796116504854
            ],
            [
              111953.88349514562,
              3725.7281553398057
            ],
            [
              111959.95145631066,
              3719.660194174757
            ],
            [
              111959.95145631066,
              3713.5922330097083
            ],
            [
              111972.08737864076,
              3701.4563106796113
            ],
            [
              111972.08737864076,
              3695.388349514563
            ],
            [
              111984.22330097086,
              3683.252427184466
            ],
            [
              111984.22330097086,
              3677.1844660194174
            ],
            [
              111996.35922330095,
              3665.04854368932
            ],
            [
              111996.35922330095,
              3658.9805825242715
            ],
            [
              112038.8349514563,
              3616.504854368932
            ],
            [
              112057.03883495145,
              3616.504854368932
            ],
            [
              112063.1067961165,
              3610.4368932038833
            ],
            [
              112081.31067961165,
              3610.4368932038833
            ],
            [
              112087.37864077669,
              3604.368932038835
            ],
            [
              112099.51456310679,
              3604.368932038835
            ],
            [
              112111.65048543688,
              3592.2330097087374
            ],
            [
              112117.71844660194,
              3592.2330097087374
            ],
            [
              112141.99029126213,
              3567.9611650485435
            ],
            [
              112141.99029126213,
              3555.825242718446
            ],
            [
              112148.05825242717,
              3549.7572815533977
            ],
            [
              112148.05825242717,
              3537.6213592233007
            ],
            [
              112154.12621359223,
              3531.5533980582522
            ],
            [
              112154.12621359223,
              3513.3495145631064
            ],
            [
              112148.05825242717,
              3507.281553398058
            ],
            [
              112148.05825242717,
              3495.145631067961
            ],
            [
              112141.99029126213,
              3489.0776699029125
            ],
            [
              112141.99029126213,
              3483.009708737864
            ],
            [
              112135.92233009708,
              3476.941747572815
            ],
            [
              112135.92233009708,
              3464.805825242718
            ],
            [
              112129.85436893204,
              3458.7378640776697
            ],
            [
              112129.85436893204,
              3440.533980582524
            ],
            [
              112135.92233009708,
              3434.4660194174753
            ],
            [
              112135.92233009708,
              3428.398058252427
            ],
            [
              112148.05825242717,
              3416.26213592233
            ],
            [
              112148.05825242717,
              3410.1941747572814
            ],
            [
              112154.12621359223,
              3404.126213592233
            ],
            [
              112154.12621359223,
              3398.058252427184
            ],
            [
              112160.19417475727,
              3391.9902912621355
            ],
            [
              112160.19417475727,
              3385.922330097087
            ],
            [
              112166.26213592233,
              3379.8543689320386
            ],
            [
              112166.26213592233,
              3373.78640776699
            ],
            [
              112190.53398058252,
              3349.514563106796
            ],
            [
              112196.60194174756,
              3349.514563106796
            ],
            [
              112202.66990291262,
              3343.4466019417473
            ],
            [
              112208.73786407766,
              3343.4466019417473
            ],
            [
              112214.80582524271,
              3337.378640776699
            ],
            [
              112220.87378640776,
              3337.378640776699
            ],
            [
              112226.94174757281,
              3331.3106796116504
            ],
            [
              112233.00970873785,
              3331.3106796116504
            ],
            [
              112239.07766990291,
              3325.242718446602
            ],
            [
              112275.4854368932,
              3325.242718446602
            ],
            [
              112281.55339805824,
              3319.174757281553
            ],
            [
              112299.7572815534,
              3319.174757281553
            ],
            [
              112305.82524271843,
              3313.1067961165045
            ],
            [
              112311.89320388349,
              3313.1067961165045
            ],
            [
              112330.09708737863,
              3294.902912621359
            ],
            [
              112336.16504854368,
              3294.902912621359
            ],
            [
              112342.23300970873,
              3288.8349514563106
            ],
            [
              112354.36893203882,
              3288.8349514563106
            ],
            [
              112360.43689320388,
              3282.7669902912617
            ],
            [
              112384.70873786407,
              3282.7669902912617
            ],
            [
              112390.77669902911,
              3276.699029126213
            ],
            [
              112433.25242718446,
              3276.699029126213
            ],
            [
              112439.3203883495,
              3270.6310679611647
            ],
            [
              112469.66019417475,
              3270.6310679611647
            ],
            [
              112475.72815533979,
              3264.5631067961162
            ],
            [
              112499.99999999999,
              3264.5631067961162
            ],
            [
              112506.06796116504,
              3258.4951456310678
            ],
            [
              112518.20388349514,
              3258.4951456310678
            ],
            [
              112524.27184466018,
              3252.4271844660193
            ],
            [
              112530.33980582524,
              3252.4271844660193
            ],
            [
              112536.40776699028,
              3246.359223300971
            ],
            [
              112560.67961165047,
              3246.359223300971
            ],
            [
              112566.74757281553,
              3240.291262135922
            ],
            [
              112597.08737864076,
              3240.291262135922
            ],
            [
              112603.15533980582,
              3234.2233009708734
            ],
            [
              112609.22330097086,
              3234.2233009708734
            ],
            [
              112615.29126213591,
              3228.155339805825
            ],
            [
              112627.42718446601,
              3228.155339805825
            ],
            [
              112633.49514563107,
              3222.0873786407765
            ],
            [
              112645.63106796116,
              3222.0873786407765
            ],
            [
              112651.6990291262,
              3216.019417475728
            ],
            [
              112657.76699029126,
              3216.019417475728
            ],
            [
              112663.8349514563,
              3209.9514563106795
            ],
            [
              112675.9708737864,
              3209.9514563106795
            ],
            [
              112682.03883495145,
              3203.8834951456306
            ],
            [
              112688.1067961165,
              3203.8834951456306
            ],
            [
              112694.17475728155,
              3197.815533980582
            ],
            [
              112700.24271844659,
              3197.815533980582
            ],
            [
              112718.44660194175,
              3179.6116504854367
            ],
            [
              112718.44660194175,
              3173.5436893203882
            ],
            [
              112748.78640776698,
              3143.2038834951454
            ],
            [
              112754.85436893204,
              3143.2038834951454
            ],
            [
              112760.92233009708,
              3137.135922330097
            ],
            [
              112766.99029126213,
              3137.135922330097
            ],
            [
              112773.05825242717,
              3131.0679611650485
            ],
            [
              112773.05825242717,
              3124.9999999999995
            ],
            [
              112779.12621359223,
              3118.932038834951
            ],
            [
              112779.12621359223,
              3106.796116504854
            ],
            [
              112785.19417475727,
              3100.7281553398057
            ],
            [
              112833.73786407766,
              3100.7281553398057
            ],
            [
              112833.73786407766,
              3094.660194174757
            ],
            [
              112827.66990291262,
              3088.5922330097087
            ],
            [
              112827.66990291262,
              3070.388349514563
            ],
            [
              112821.60194174756,
              3064.3203883495144
            ],
            [
              112821.60194174756,
              3058.252427184466
            ],
            [
              112815.53398058252,
              3052.1844660194174
            ],
            [
              112815.53398058252,
              3040.04854368932
            ],
            [
              112809.46601941746,
              3033.9805825242715
            ],
            [
              112809.46601941746,
              3027.912621359223
            ],
            [
              112797.33009708737,
              3015.776699029126
            ],
            [
              112797.33009708737,
              3009.7087378640776
            ],
            [
              112760.92233009708,
              2973.3009708737864
            ],
            [
              112760.92233009708,
              2967.2330097087374
            ],
            [
              112736.65048543688,
              2942.9611650485435
            ],
            [
              112736.65048543688,
              2936.893203883495
            ],
            [
              112730.58252427184,
              2930.8252427184466
            ],
            [
              112730.58252427184,
              2918.689320388349
            ],
            [
              112724.51456310679,
              2912.6213592233007
            ],
            [
              112724.51456310679,
              2906.5533980582522
            ],
            [
              112718.44660194175,
              2900.4854368932038
            ],
            [
              112718.44660194175,
              2870.145631067961
            ],
            [
              112712.37864077669,
              2864.0776699029125
            ],
            [
              112712.37864077669,
              2809.4660194174753
            ],
            [
              112718.44660194175,
              2803.398058252427
            ],
            [
              112718.44660194175,
              2779.126213592233
            ],
            [
              112712.37864077669,
              2773.0582524271845
            ],
            [
              112712.37864077669,
              2766.9902912621355
            ],
            [
              112706.31067961165,
              2760.922330097087
            ],
            [
              112706.31067961165,
              2754.8543689320386
            ],
            [
              112700.24271844659,
              2748.78640776699
            ],
            [
              112700.24271844659,
              2742.7184466019417
            ],
            [
              112663.8349514563,
              2706.3106796116504
            ],
            [
              112663.8349514563,
              2700.242718446602
            ],
            [
              112657.76699029126,
              2694.1747572815534
            ],
            [
              112651.6990291262,
              2694.1747572815534
            ],
            [
              112639.56310679611,
              2682.038834951456
            ],
            [
              112633.49514563107,
              2682.038834951456
            ],
            [
              112609.22330097086,
              2657.766990291262
            ],
            [
              112603.15533980582,
              2657.766990291262
            ],
            [
              112597.08737864076,
              2651.699029126213
            ],
            [
              112584.95145631066,
              2651.699029126213
            ],
            [
              112578.88349514562,
              2645.6310679611647
            ],
            [
              112572.81553398057,
              2645.6310679611647
            ],
            [
              112566.74757281553,
              2639.5631067961162
            ],
            [
              112566.74757281553,
              2657.766990291262
            ],
            [
              112554.61165048543,
              2669.902912621359
            ],
            [
              112542.47572815533,
              2669.902912621359
            ],
            [
              112536.40776699028,
              2675.9708737864075
            ],
            [
              112524.27184466018,
              2675.9708737864075
            ],
            [
              112518.20388349514,
              2682.038834951456
            ],
            [
              112506.06796116504,
              2682.038834951456
            ],
            [
              112499.99999999999,
              2688.1067961165045
            ],
            [
              112487.86407766989,
              2688.1067961165045
            ],
            [
              112481.79611650485,
              2694.1747572815534
            ],
            [
              112439.3203883495,
              2694.1747572815534
            ],
            [
              112427.1844660194,
              2682.038834951456
            ],
            [
              112427.1844660194,
              2675.9708737864075
            ],
            [
              112421.11650485436,
              2669.902912621359
            ],
            [
              112421.11650485436,
              2651.699029126213
            ],
            [
              112408.98058252427,
              2639.5631067961162
            ],
            [
              112402.91262135921,
              2639.5631067961162
            ],
            [
              112396.84466019417,
              2633.4951456310678
            ],
            [
              112372.57281553397,
              2633.4951456310678
            ],
            [
              112366.50485436892,
              2627.4271844660193
            ],
            [
              112354.36893203882,
              2627.4271844660193
            ],
            [
              112336.16504854368,
              2609.2233009708734
            ],
            [
              112336.16504854368,
              2578.883495145631
            ],
            [
              112342.23300970873,
              2572.815533980582
            ],
            [
              112342.23300970873,
              2554.6116504854367
            ],
            [
              112336.16504854368,
              2548.5436893203882
            ],
            [
              112336.16504854368,
              2536.407766990291
            ],
            [
              112348.30097087378,
              2524.271844660194
            ],
            [
              112354.36893203882,
              2524.271844660194
            ],
            [
              112360.43689320388,
              2518.2038834951454
            ],
            [
              112396.84466019417,
              2518.2038834951454
            ],
            [
              112402.91262135921,
              2524.271844660194
            ],
            [
              112469.66019417475,
              2524.271844660194
            ],
            [
              112475.72815533979,
              2530.3398058252424
            ],
            [
              112487.86407766989,
              2530.3398058252424
            ],
            [
              112493.93203883494,
              2536.407766990291
            ],
            [
              112499.99999999999,
              2536.407766990291
            ],
            [
              112506.06796116504,
              2542.4757281553398
            ],
            [
              112512.13592233008,
              2542.4757281553398
            ],
            [
              112518.20388349514,
              2548.5436893203882
            ],
            [
              112560.67961165047,
              2548.5436893203882
            ],
            [
              112572.81553398057,
              2536.407766990291
            ],
            [
              112572.81553398057,
              2530.3398058252424
            ],
            [
              112584.95145631066,
              2518.2038834951454
            ],
            [
              112584.95145631066,
              2512.135922330097
            ],
            [
              112597.08737864076,
              2500.0
            ],
            [
              112597.08737864076,
              2493.932038834951
            ],
            [
              112603.15533980582,
              2487.8640776699026
            ],
            [
              112609.22330097086,
              2487.8640776699026
            ],
            [
              112615.29126213591,
              2481.796116504854
            ],
            [
              112615.29126213591,
              2475.7281553398057
            ],
            [
              112639.56310679611,
              2451.4563106796113
            ],
            [
              112645.63106796116,
              2451.4563106796113
            ],
            [
              112639.56310679611,
              2451.4563106796113
            ],
            [
              112627.42718446601,
              2439.3203883495144
            ],
            [
              112621.35922330095,
              2439.3203883495144
            ],
            [
              112615.29126213591,
              2433.252427184466
            ],
            [
              112603.15533980582,
              2433.252427184466
            ],
            [
              112597.08737864076,
              2427.1844660194174
            ],
            [
              112584.95145631066,
              2427.1844660194174
            ],
            [
              112578.88349514562,
              2421.116504854369
            ],
            [
              112566.74757281553,
              2421.116504854369
            ],
            [
              112560.67961165047,
              2415.04854368932
            ],
            [
              112554.61165048543,
              2415.04854368932
            ],
            [
              112542.47572815533,
              2402.912621359223
            ],
            [
              112536.40776699028,
              2402.912621359223
            ],
            [
              112518.20388349514,
              2384.7087378640776
            ],
            [
              112512.13592233008,
              2384.7087378640776
            ],
            [
              112499.99999999999,
              2372.5728155339802
            ],
            [
              112493.93203883494,
              2372.5728155339802
            ],
            [
              112487.86407766989,
              2366.504854368932
            ],
            [
              112481.79611650485,
              2366.504854368932
            ],
            [
              112475.72815533979,
              2360.4368932038833
            ],
            [
              112469.66019417475,
              2360.4368932038833
            ],
            [
              112463.5922330097,
              2354.368932038835
            ],
            [
              112439.3203883495,
              2354.368932038835
            ],
            [
              112433.25242718446,
              2348.3009708737864
            ],
            [
              112427.1844660194,
              2348.3009708737864
            ],
            [
              112421.11650485436,
              2342.233009708738
            ],
            [
              112415.0485436893,
              2342.233009708738
            ],
            [
              112402.91262135921,
              2330.0970873786405
            ],
            [
              112402.91262135921,
              2324.029126213592
            ],
            [
              112384.70873786407,
              2305.8252427184466
            ],
            [
              112372.57281553397,
              2305.8252427184466
            ],
            [
              112366.50485436892,
              2299.7572815533977
            ],
            [
              112348.30097087378,
              2299.7572815533977
            ],
            [
              112342.23300970873,
              2293.689320388349
            ],
            [
              112336.16504854368,
              2293.689320388349
            ],
            [
              112330.09708737863,
              2287.6213592233007
            ],
            [
              112330.09708737863,
              2281.5533980582522
            ],
            [
              112324.02912621359,
              2275.4854368932038
            ],
            [
              112324.02912621359,
              2269.4174757281553
            ],
            [
              112330.09708737863,
              2263.349514563107
            ],
            [
              112330.09708737863,
              2251.2135922330094
            ],
            [
              112324.02912621359,
              2245.145631067961
            ],
            [
              112317.96116504853,
              2245.145631067961
            ],
            [
              112311.89320388349,
              2239.0776699029125
            ],
            [
              112281.55339805824,
              2239.0776699029125
            ],
            [
              112275.4854368932,
              2233.009708737864
            ],
            [
              112257.28155339805,
              2233.009708737864
            ],
            [
              112251.213592233,
              2239.0776699029125
            ],
            [
              112214.80582524271,
              2239.0776699029125
            ],
            [
              112202.66990291262,
              2226.9417475728155
            ],
            [
              112202.66990291262,
              2220.8737864077666
            ],
            [
              112196.60194174756,
              2214.805825242718
            ],
            [
              112196.60194174756,
              2202.669902912621
            ],
            [
              112202.66990291262,
              2196.6019417475727
            ],
            [
              112202.66990291262,
              2190.5339805825242
            ],
            [
              112214.80582524271,
              2178.398058252427
            ],
            [
              112226.94174757281,
              2178.398058252427
            ],
            [
              112233.00970873785,
              2184.4660194174758
            ],
            [
              112251.213592233,
              2184.4660194174758
            ],
            [
              112251.213592233,
              2166.26213592233
            ],
            [
              112239.07766990291,
              2178.398058252427
            ],
            [
              112220.87378640776,
              2178.398058252427
            ],
            [
              112214.80582524271,
              2172.3300970873784
            ],
            [
              112214.80582524271,
              2166.26213592233
            ],
            [
              112208.73786407766,
              2160.1941747572814
            ],
            [
              112214.80582524271,
              2154.126213592233
            ],
            [
              112208.73786407766,
              2160.1941747572814
            ],
            [
              112184.46601941746,
              2160.1941747572814
            ],
            [
              112178.39805825242,
              2154.126213592233
            ],
            [
              112172.33009708737,
              2154.126213592233
            ],
            [
              112166.26213592233,
              2148.0582524271845
            ],
            [
              112160.19417475727,
              2148.0582524271845
            ],
            [
              112154.12621359223,
              2141.9902912621355
            ],
            [
              112148.05825242717,
              2141.9902912621355
            ],
            [
              112141.99029126213,
              2135.922330097087
            ],
            [
              112129.85436893204,
              2135.922330097087
            ],
            [
              112123.78640776698,
              2129.8543689320386
            ],
            [
              112105.58252427184,
              2129.8543689320386
            ],
            [
              112099.51456310679,
              2123.78640776699
            ],
            [
              112093.44660194175,
              2123.78640776699
            ],
            [
              112087.37864077669,
              2117.7184466019417
            ],
            [
              112081.31067961165,
              2117.7184466019417
            ],
            [
              112075.24271844659,
              2111.650485436893
            ],
            [
              112069.17475728155,
              2111.650485436893
            ],
            [
              112063.1067961165,
              2105.5825242718447
            ],
            [
              112057.03883495145,
              2105.5825242718447
            ],
            [
              112050.9708737864,
              2099.514563106796
            ],
            [
              111972.08737864076,
              2099.514563106796
            ],
            [
              111966.01941747572,
              2093.4466019417473
            ],
            [
              111953.88349514562,
              2093.4466019417473
            ],
            [
              111941.74757281553,
              2105.5825242718447
            ],
            [
              111935.67961165047,
              2105.5825242718447
            ],
            [
              111929.61165048543,
              2111.650485436893
            ],
            [
              111917.47572815533,
              2111.650485436893
            ],
            [
              111911.40776699028,
              2117.7184466019417
            ],
            [
              111874.99999999999,
              2117.7184466019417
            ],
            [
              111868.93203883494,
              2123.78640776699
            ],
            [
              111856.79611650485,
              2123.78640776699
            ],
            [
              111850.72815533979,
              2129.8543689320386
            ],
            [
              111844.66019417475,
              2129.8543689320386
            ],
            [
              111838.5922330097,
              2123.78640776699
            ],
            [
              111838.5922330097,
              1984.2233009708737
            ],
            [
              111820.38834951456,
              1984.2233009708737
            ],
            [
              111814.3203883495,
              1978.1553398058252
            ],
            [
              111814.3203883495,
              1972.0873786407765
            ],
            [
              111814.3203883495,
              1990.2912621359221
            ],
            [
              111808.25242718446,
              1996.3592233009708
            ],
            [
              111802.1844660194,
              1996.3592233009708
            ],
            [
              111796.11650485436,
              2002.4271844660193
            ],
            [
              111777.91262135921,
              2002.4271844660193
            ],
            [
              111771.84466019417,
              2008.4951456310678
            ],
            [
              111747.57281553397,
              2008.4951456310678
            ],
            [
              111741.50485436892,
              2014.5631067961162
            ],
            [
              111735.43689320388,
              2008.4951456310678
            ],
            [
              111717.23300970873,
              2008.4951456310678
            ],
            [
              111711.16504854368,
              2002.4271844660193
            ],
            [
              111692.96116504853,
              2002.4271844660193
            ],
            [
              111686.89320388349,
              1996.3592233009708
            ],
            [
              111674.7572815534,
              1996.3592233009708
            ],
            [
              111668.68932038834,
              1990.2912621359221
            ],
            [
              111662.6213592233,
              1990.2912621359221
            ],
            [
              111656.55339805824,
              1984.2233009708737
            ],
            [
              111650.4854368932,
              1984.2233009708737
            ],
            [
              111644.41747572814,
              1978.1553398058252
            ],
            [
              111638.3495145631,
              1978.1553398058252
            ],
            [
              111626.213592233,
              1966.019417475728
            ],
            [
              111620.14563106795,
              1966.019417475728
            ],
            [
              111608.00970873785,
              1953.8834951456308
            ],
            [
              111601.94174757281,
              1953.8834951456308
            ],
            [
              111589.80582524271,
              1941.7475728155339
            ],
            [
              111583.73786407766,
              1941.7475728155339
            ],
            [
              111577.66990291262,
              1935.6796116504852
            ],
            [
              111571.60194174756,
              1935.6796116504852
            ],
            [
              111565.53398058252,
              1929.6116504854367
            ],
            [
              111559.46601941746,
              1929.6116504854367
            ],
            [
              111547.33009708737,
              1917.4757281553398
            ],
            [
              111541.26213592233,
              1917.4757281553398
            ],
            [
              111523.05825242717,
              1899.2718446601941
            ],
            [
              111516.99029126213,
              1899.2718446601941
            ],
            [
              111510.92233009708,
              1893.2038834951454
            ],
            [
              111498.78640776698,
              1893.2038834951454
            ],
            [
              111492.71844660194,
              1887.135922330097
            ],
            [
              111474.51456310679,
              1887.135922330097
            ],
            [
              111468.44660194175,
              1881.0679611650485
            ],
            [
              111438.1067961165,
              1881.0679611650485
            ]
          ]
        ]
      }
    },
    {
      "type": "Feature",
      "properties": {
        "class_id": 3,
        "classification": "Darkspot & Foreign Object",
        "area": 4602.519087567159
      },
      "geometry": {
        "type": "Polygon",
        "coordinates": [
          [
            [
              123076.4563106796,
              46680.82524271844
            ],
            [
              123070.38834951456,
              46686.89320388349
            ],
            [
              123021.84466019417,
              46686.89320388349
            ],
            [
              123015.77669902911,
              46692.96116504854
            ],
            [
              123003.64077669902,
              46692.96116504854
            ],
            [
              122997.57281553397,
              46699.02912621359
            ],
            [
              122985.43689320388,
              46699.02912621359
            ],
            [
              122979.36893203882,
              46705.097087378635
            ],
            [
              122979.36893203882,
              46711.165048543684
            ],
            [
              122973.30097087378,
              46717.23300970873
            ],
            [
              122973.30097087378,
              46723.30097087378
            ],
            [
              122967.23300970873,
              46729.36893203883
            ],
            [
              122967.23300970873,
              46753.64077669902
            ],
            [
              122979.36893203882,
              46753.64077669902
            ],
            [
              122985.43689320388,
              46747.572815533975
            ],
            [
              122997.57281553397,
              46747.572815533975
            ],
            [
              123003.64077669902,
              46741.504854368926
            ],
            [
              123015.77669902911,
              46741.504854368926
            ],
            [
              123021.84466019417,
              46735.43689320388
            ],
            [
              123027.91262135921,
              46735.43689320388
            ],
            [
              123033.98058252427,
              46729.36893203883
            ],
            [
              123040.0485436893,
              46729.36893203883
            ],
            [
              123046.11650485436,
              46723.30097087378
            ],
            [
              123052.1844660194,
              46723.30097087378
            ],
            [
              123070.38834951456,
              46705.097087378635
            ],
            [
              123076.4563106796,
              46705.097087378635
            ],
            [
              123082.52427184465,
              46699.02912621359
            ],
            [
              123088.5922330097,
              46699.02912621359
            ],
            [
              123088.5922330097,
              46686.89320388349
            ],
            [
              123082.52427184465,
              46680.82524271844
            ],
            [
              123076.4563106796,
              46680.82524271844
            ]
          ]
        ]
      }
    },
    {
      "type": "Feature",
      "properties": {
        "class_id": 3,
        "classification": "Darkspot & Foreign Object",
        "area": 1656.9068715241772
      },
      "geometry": {
        "type": "Polygon",
        "coordinates": [
          [
            [
              130151.6990291262,
              46601.94174757281
            ],
            [
              130157.76699029125,
              46608.00970873786
            ],
            [
              130157.76699029125,
              46614.07766990291
            ],
            [
              130169.90291262134,
              46626.213592233005
            ],
            [
              130169.90291262134,
              46632.281553398054
            ],
            [
              130182.03883495144,
              46632.281553398054
            ],
            [
              130188.1067961165,
              46626.213592233005
            ],
            [
              130206.31067961163,
              46626.213592233005
            ],
            [
              130218.44660194173,
              46614.07766990291
            ],
            [
              130224.51456310679,
              46614.07766990291
            ],
            [
              130230.58252427183,
              46608.00970873786
            ],
            [
              130242.71844660192,
              46608.00970873786
            ],
            [
              130248.78640776698,
              46601.94174757281
            ],
            [
              130260.92233009708,
              46601.94174757281
            ],
            [
              130151.6990291262,
              46601.94174757281
            ]
          ]
        ]
      }
    },
    {
      "type": "Feature",
      "properties": {
        "class_id": 3,
        "classification": "Darkspot & Foreign Object",
        "area": 184.10076350268636
      },
      "geometry": {
        "type": "Polygon",
        "coordinates": [
          [
            [
              3088.5922330097087,
              37621.35922330097
            ],
            [
              3082.52427184466,
              37627.42718446602
            ],
            [
              3088.5922330097087,
              37633.49514563107
            ],
            [
              3100.7281553398057,
              37633.49514563107
            ],
            [
              3100.7281553398057,
              37621.35922330097
            ],
            [
              3088.5922330097087,
              37621.35922330097
            ]
          ]
        ]
      }
    },
    {
      "type": "Feature",
      "properties": {
        "class_id": 3,
        "classification": "Darkspot & Foreign Object",
        "area": 36.82015270053727
      },
      "geometry": {
        "type": "Polygon",
        "coordinates": [
          [
            [
              68385.92233009708,
              37305.82524271844
            ],
            [
              68385.92233009708,
              37311.89320388349
            ],
            [
              68391.99029126213,
              37311.89320388349
            ],
            [
              68391.99029126213,
              37305.82524271844
            ],
            [
              68385.92233009708,
              37305.82524271844
            ]
          ]
        ]
      }
    },
    {
      "type": "Feature",
      "properties": {
        "class_id": 3,
        "classification": "Darkspot & Foreign Object",
        "area": 1785.7774059760577
      },
      "geometry": {
        "type": "Polygon",
        "coordinates": [
          [
            [
              163325.2427184466,
              37281.55339805825
            ],
            [
              163325.2427184466,
              37287.621359223296
            ],
            [
              163313.10679611648,
              37299.75728155339
            ],
            [
              163313.10679611648,
              37311.89320388349
            ],
            [
              163307.03883495144,
              37317.96116504854
            ],
            [
              163307.03883495144,
              37330.097087378635
            ],
            [
              163313.10679611648,
              37336.165048543684
            ],
            [
              163313.10679611648,
              37342.23300970873
            ],
            [
              163319.17475728155,
              37342.23300970873
            ],
            [
              163331.31067961163,
              37330.097087378635
            ],
            [
              163331.31067961163,
              37324.02912621359
            ],
            [
              163355.58252427183,
              37299.75728155339
            ],
            [
              163355.58252427183,
              37293.689320388345
            ],
            [
              163361.65048543687,
              37287.621359223296
            ],
            [
              163361.65048543687,
              37281.55339805825
            ],
            [
              163325.2427184466,
              37281.55339805825
            ]
          ]
        ]
      }
    },
    {
      "type": "Feature",
      "properties": {
        "class_id": 3,
        "classification": "Darkspot & Foreign Object",
        "area": 22331.422612875856
      },
      "geometry": {
        "type": "Polygon",
        "coordinates": [
          [
            [
              9824.02912621359,
              36025.4854368932
            ],
            [
              9799.757281553397,
              36049.75728155339
            ],
            [
              9793.689320388348,
              36049.75728155339
            ],
            [
              9781.553398058251,
              36061.89320388349
            ],
            [
              9775.485436893203,
              36061.89320388349
            ],
            [
              9769.417475728154,
              36067.96116504854
            ],
            [
              9769.417475728154,
              36074.02912621359
            ],
            [
              9763.349514563106,
              36080.097087378635
            ],
            [
              9763.349514563106,
              36086.165048543684
            ],
            [
              9757.281553398057,
              36092.23300970873
            ],
            [
              9757.281553398057,
              36098.30097087378
            ],
            [
              9751.213592233009,
              36104.36893203883
            ],
            [
              9751.213592233009,
              36158.980582524266
            ],
            [
              9757.281553398057,
              36165.048543689314
            ],
            [
              9757.281553398057,
              36183.25242718447
            ],
            [
              9769.417475728154,
              36195.388349514564
            ],
            [
              9769.417475728154,
              36201.45631067961
            ],
            [
              9775.485436893203,
              36207.52427184466
            ],
            [
              9781.553398058251,
              36207.52427184466
            ],
            [
              9787.6213592233,
              36213.59223300971
            ],
            [
              9830.09708737864,
              36213.59223300971
            ],
            [
              9836.16504854369,
              36207.52427184466
            ],
            [
              9854.368932038835,
              36207.52427184466
            ],
            [
              9860.436893203883,
              36201.45631067961
            ],
            [
              9866.504854368932,
              36201.45631067961
            ],
            [
              9872.57281553398,
              36195.388349514564
            ],
            [
              9872.57281553398,
              36189.320388349515
            ],
            [
              9878.640776699029,
              36183.25242718447
            ],
            [
              9878.640776699029,
              36177.18446601941
            ],
            [
              9872.57281553398,
              36171.11650485436
            ],
            [
              9872.57281553398,
              36128.64077669902
            ],
            [
              9902.912621359223,
              36098.30097087378
            ],
            [
              9902.912621359223,
              36092.23300970873
            ],
            [
              9915.04854368932,
              36080.097087378635
            ],
            [
              9915.04854368932,
              36049.75728155339
            ],
            [
              9902.912621359223,
              36037.621359223296
            ],
            [
              9896.844660194174,
              36037.621359223296
            ],
            [
              9890.776699029126,
              36031.55339805825
            ],
            [
              9872.57281553398,
              36031.55339805825
            ],
            [
              9866.504854368932,
              36025.4854368932
            ],
            [
              9824.02912621359,
              36025.4854368932
            ]
          ]
        ]
      }
    },
    {
      "type": "Feature",
      "properties": {
        "class_id": 3,
        "classification": "Darkspot & Foreign Object",
        "area": 1859.4177113771323
      },
      "geometry": {
        "type": "Polygon",
        "coordinates": [
          [
            [
              90424.7572815534,
              34277.91262135922
            ],
            [
              90418.68932038834,
              34283.980582524266
            ],
            [
              90394.41747572814,
              34283.980582524266
            ],
            [
              90388.3495145631,
              34290.048543689314
            ],
            [
              90382.28155339805,
              34290.048543689314
            ],
            [
              90382.28155339805,
              34296.11650485437
            ],
            [
              90376.213592233,
              34302.18446601942
            ],
            [
              90376.213592233,
              34308.25242718447
            ],
            [
              90382.28155339805,
              34314.320388349515
            ],
            [
              90388.3495145631,
              34314.320388349515
            ],
            [
              90394.41747572814,
              34320.388349514564
            ],
            [
              90400.4854368932,
              34320.388349514564
            ],
            [
              90406.55339805824,
              34326.45631067961
            ],
            [
              90412.6213592233,
              34326.45631067961
            ],
            [
              90418.68932038834,
              34320.388349514564
            ],
            [
              90418.68932038834,
              34314.320388349515
            ],
            [
              90436.89320388349,
              34296.11650485437
            ],
            [
              90442.96116504853,
              34296.11650485437
            ],
            [
              90449.02912621359,
              34290.048543689314
            ],
            [
              90461.16504854368,
              34302.18446601942
            ],
            [
              90467.23300970873,
              34302.18446601942
            ],
            [
              90461.16504854368,
              34302.18446601942
            ],
            [
              90449.02912621359,
              34290.048543689314
            ],
            [
              90442.96116504853,
              34290.048543689314
            ],
            [
              90436.89320388349,
              34283.980582524266
            ],
            [
              90430.82524271843,
              34283.980582524266
            ],
            [
              90424.7572815534,
              34277.91262135922
            ]
          ]
        ]
      }
    },
    {
      "type": "Feature",
      "properties": {
        "class_id": 3,
        "classification": "Darkspot & Foreign Object",
        "area": 589.1224432085963
      },
      "geometry": {
        "type": "Polygon",
        "coordinates": [
          [
            [
              90084.95145631068,
              32633.495145631066
            ],
            [
              90078.88349514562,
              32639.563106796115
            ],
            [
              90072.81553398058,
              32639.563106796115
            ],
            [
              90066.74757281553,
              32645.631067961163
            ],
            [
              90066.74757281553,
              32657.76699029126
            ],
            [
              90072.81553398058,
              32663.83495145631
            ],
            [
              90091.01941747572,
              32663.83495145631
            ],
            [
              90091.01941747572,
              32639.563106796115
            ],
            [
              90084.95145631068,
              32633.495145631066
            ]
          ]
        ]
      }
    },
    {
      "type": "Feature",
      "properties": {
        "class_id": 3,
        "classification": "Darkspot & Foreign Object",
        "area": 6425.116646243754
      },
      "geometry": {
        "type": "Polygon",
        "coordinates": [
          [
            [
              167888.3495145631,
              31608.00970873786
            ],
            [
              167882.28155339803,
              31614.07766990291
            ],
            [
              167876.213592233,
              31614.07766990291
            ],
            [
              167870.14563106795,
              31620.14563106796
            ],
            [
              167870.14563106795,
              31626.21359223301
            ],
            [
              167864.0776699029,
              31632.281553398057
            ],
            [
              167864.0776699029,
              31644.417475728154
            ],
            [
              167858.00970873784,
              31650.485436893203
            ],
            [
              167858.00970873784,
              31662.6213592233
            ],
            [
              167839.8058252427,
              31680.825242718445
            ],
            [
              167821.60194174756,
              31680.825242718445
            ],
            [
              167815.53398058252,
              31686.893203883494
            ],
            [
              167809.46601941745,
              31686.893203883494
            ],
            [
              167803.3980582524,
              31692.961165048542
            ],
            [
              167803.3980582524,
              31699.02912621359
            ],
            [
              167797.33009708737,
              31705.09708737864
            ],
            [
              167797.33009708737,
              31717.233009708736
            ],
            [
              167779.12621359222,
              31735.43689320388
            ],
            [
              167766.99029126213,
              31735.43689320388
            ],
            [
              167766.99029126213,
              31765.776699029124
            ],
            [
              167779.12621359222,
              31765.776699029124
            ],
            [
              167803.3980582524,
              31741.50485436893
            ],
            [
              167809.46601941745,
              31741.50485436893
            ],
            [
              167815.53398058252,
              31735.43689320388
            ],
            [
              167821.60194174756,
              31735.43689320388
            ],
            [
              167870.14563106795,
              31686.893203883494
            ],
            [
              167876.213592233,
              31686.893203883494
            ],
            [
              167882.28155339803,
              31680.825242718445
            ],
            [
              167882.28155339803,
              31674.757281553397
            ],
            [
              167894.41747572814,
              31662.6213592233
            ],
            [
              167894.41747572814,
              31656.55339805825
            ],
            [
              167900.48543689318,
              31650.485436893203
            ],
            [
              167900.48543689318,
              31644.417475728154
            ],
            [
              167912.6213592233,
              31632.281553398057
            ],
            [
              167912.6213592233,
              31614.07766990291
            ],
            [
              167906.55339805823,
              31614.07766990291
            ],
            [
              167900.48543689318,
              31608.00970873786
            ],
            [
              167888.3495145631,
              31608.00970873786
            ]
          ]
        ]
      }
    },
    {
      "type": "Feature",
      "properties": {
        "class_id": 3,
        "classification": "Darkspot & Foreign Object",
        "area": 1528.0363370722966
      },
      "geometry": {
        "type": "Polygon",
        "coordinates": [
          [
            [
              167833.73786407764,
              31565.53398058252
            ],
            [
              167827.6699029126,
              31571.60194174757
            ],
            [
              167809.46601941745,
              31571.60194174757
            ],
            [
              167803.3980582524,
              31577.669902912618
            ],
            [
              167803.3980582524,
              31583.737864077666
            ],
            [
              167797.33009708737,
              31589.805825242714
            ],
            [
              167797.33009708737,
              31595.873786407763
            ],
            [
              167803.3980582524,
              31601.94174757281
            ],
            [
              167839.8058252427,
              31601.94174757281
            ],
            [
              167851.9417475728,
              31589.805825242714
            ],
            [
              167851.9417475728,
              31571.60194174757
            ],
            [
              167845.87378640776,
              31571.60194174757
            ],
            [
              167839.8058252427,
              31565.53398058252
            ],
            [
              167833.73786407764,
              31565.53398058252
            ]
          ]
        ]
      }
    },
    {
      "type": "Feature",
      "properties": {
        "class_id": 3,
        "classification": "Darkspot & Foreign Object",
        "area": 2448.5401545857285
      },
      "geometry": {
        "type": "Polygon",
        "coordinates": [
          [
            [
              167918.68932038834,
              31480.582524271842
            ],
            [
              167900.48543689318,
              31498.786407766987
            ],
            [
              167900.48543689318,
              31504.854368932036
            ],
            [
              167888.3495145631,
              31516.990291262133
            ],
            [
              167888.3495145631,
              31523.05825242718
            ],
            [
              167882.28155339803,
              31529.12621359223
            ],
            [
              167882.28155339803,
              31541.262135922327
            ],
            [
              167894.41747572814,
              31553.398058252424
            ],
            [
              167900.48543689318,
              31553.398058252424
            ],
            [
              167912.6213592233,
              31541.262135922327
            ],
            [
              167918.68932038834,
              31541.262135922327
            ],
            [
              167930.82524271842,
              31529.12621359223
            ],
            [
              167930.82524271842,
              31523.05825242718
            ],
            [
              167936.8932038835,
              31516.990291262133
            ],
            [
              167936.8932038835,
              31492.71844660194
            ],
            [
              167924.75728155338,
              31480.582524271842
            ],
            [
              167918.68932038834,
              31480.582524271842
            ]
          ]
        ]
      }
    },
    {
      "type": "Feature",
      "properties": {
        "class_id": 3,
        "classification": "Darkspot & Foreign Object",
        "area": 18.410076350268636
      },
      "geometry": {
        "type": "Polygon",
        "coordinates": [
          [
            [
              129672.33009708737,
              31067.961165048542
            ],
            [
              129672.33009708737,
              31074.02912621359
            ],
            [
              129666.26213592233,
              31080.09708737864
            ],
            [
              129678.39805825242,
              31067.961165048542
            ],
            [
              129672.33009708737,
              31067.961165048542
            ]
          ]
        ]
      }
    },
    {
      "type": "Feature",
      "properties": {
        "class_id": 3,
        "classification": "Darkspot & Foreign Object",
        "area": 3700.4253464039957
      },
      "geometry": {
        "type": "Polygon",
        "coordinates": [
          [
            [
              167888.3495145631,
              30904.12621359223
            ],
            [
              167888.3495145631,
              30916.262135922327
            ],
            [
              167882.28155339803,
              30922.330097087375
            ],
            [
              167882.28155339803,
              30928.398058252424
            ],
            [
              167876.213592233,
              30934.466019417472
            ],
            [
              167876.213592233,
              30995.14563106796
            ],
            [
              167882.28155339803,
              31001.21359223301
            ],
            [
              167882.28155339803,
              31043.68932038835
            ],
            [
              167888.3495145631,
              31049.757281553397
            ],
            [
              167900.48543689318,
              31049.757281553397
            ],
            [
              167906.55339805823,
              31043.68932038835
            ],
            [
              167906.55339805823,
              31037.6213592233
            ],
            [
              167912.6213592233,
              31031.55339805825
            ],
            [
              167912.6213592233,
              31013.349514563106
            ],
            [
              167906.55339805823,
              31007.281553398057
            ],
            [
              167906.55339805823,
              31001.21359223301
            ],
            [
              167912.6213592233,
              30995.14563106796
            ],
            [
              167912.6213592233,
              30989.07766990291
            ],
            [
              167906.55339805823,
              30983.00970873786
            ],
            [
              167906.55339805823,
              30952.669902912618
            ],
            [
              167900.48543689318,
              30946.60194174757
            ],
            [
              167900.48543689318,
              30916.262135922327
            ],
            [
              167894.41747572814,
              30910.19417475728
            ],
            [
              167894.41747572814,
              30904.12621359223
            ],
            [
              167888.3495145631,
              30904.12621359223
            ]
          ]
        ]
      }
    },
    {
      "type": "Feature",
      "properties": {
        "class_id": 3,
        "classification": "Darkspot & Foreign Object",
        "area": 92.05038175134318
      },
      "geometry": {
        "type": "Polygon",
        "coordinates": [
          [
            [
              161553.3980582524,
              21717.233009708736
            ],
            [
              161553.3980582524,
              21729.368932038833
            ],
            [
              161559.46601941745,
              21723.300970873785
            ],
            [
              161565.53398058252,
              21723.300970873785
            ],
            [
              161565.53398058252,
              21717.233009708736
            ],
            [
              161553.3980582524,
              21717.233009708736
            ]
          ]
        ]
      }
    },
    {
      "type": "Feature",
      "properties": {
        "class_id": 3,
        "classification": "Darkspot & Foreign Object",
        "area": 423.43175605617864
      },
      "geometry": {
        "type": "Polygon",
        "coordinates": [
          [
            [
              90084.95145631068,
              21662.6213592233
            ],
            [
              90078.88349514562,
              21668.68932038835
            ],
            [
              90078.88349514562,
              21674.757281553397
            ],
            [
              90072.81553398058,
              21680.825242718445
            ],
            [
              90072.81553398058,
              21686.893203883494
            ],
            [
              90078.88349514562,
              21692.961165048542
            ],
            [
              90091.01941747572,
              21692.961165048542
            ],
            [
              90091.01941747572,
              21662.6213592233
            ],
            [
              90084.95145631068,
              21662.6213592233
            ]
          ]
        ]
      }
    },
    {
      "type": "Feature",
      "properties": {
        "class_id": 3,
        "classification": "Darkspot & Foreign Object",
        "area": 12058.600009425956
      },
      "geometry": {
        "type": "Polygon",
        "coordinates": [
          [
            [
              161553.3980582524,
              21268.203883495145
            ],
            [
              161553.3980582524,
              21474.514563106794
            ],
            [
              161553.3980582524,
              21450.2427184466
            ],
            [
              161559.46601941745,
              21444.17475728155
            ],
            [
              161589.8058252427,
              21474.514563106794
            ],
            [
              161589.8058252427,
              21480.582524271842
            ],
            [
              161583.73786407764,
              21486.65048543689
            ],
            [
              161583.73786407764,
              21504.854368932036
            ],
            [
              161571.60194174756,
              21516.990291262133
            ],
            [
              161553.3980582524,
              21516.990291262133
            ],
            [
              161553.3980582524,
              21559.466019417476
            ],
            [
              161559.46601941745,
              21559.466019417476
            ],
            [
              161565.53398058252,
              21565.533980582524
            ],
            [
              161577.6699029126,
              21565.533980582524
            ],
            [
              161583.73786407764,
              21559.466019417476
            ],
            [
              161589.8058252427,
              21559.466019417476
            ],
            [
              161595.87378640776,
              21553.398058252427
            ],
            [
              161601.9417475728,
              21553.398058252427
            ],
            [
              161601.9417475728,
              21547.330097087375
            ],
            [
              161614.0776699029,
              21535.19417475728
            ],
            [
              161614.0776699029,
              21529.12621359223
            ],
            [
              161626.213592233,
              21516.990291262133
            ],
            [
              161626.213592233,
              21486.65048543689
            ],
            [
              161620.14563106795,
              21480.582524271842
            ],
            [
              161620.14563106795,
              21474.514563106794
            ],
            [
              161614.0776699029,
              21468.446601941745
            ],
            [
              161614.0776699029,
              21444.17475728155
            ],
            [
              161608.00970873784,
              21438.106796116503
            ],
            [
              161608.00970873784,
              21401.699029126212
            ],
            [
              161601.9417475728,
              21395.631067961163
            ],
            [
              161601.9417475728,
              21383.495145631066
            ],
            [
              161595.87378640776,
              21377.427184466018
            ],
            [
              161595.87378640776,
              21371.35922330097
            ],
            [
              161589.8058252427,
              21365.29126213592
            ],
            [
              161589.8058252427,
              21334.95145631068
            ],
            [
              161583.73786407764,
              21328.88349514563
            ],
            [
              161583.73786407764,
              21316.747572815533
            ],
            [
              161577.6699029126,
              21310.679611650485
            ],
            [
              161577.6699029126,
              21304.611650485436
            ],
            [
              161571.60194174756,
              21298.543689320388
            ],
            [
              161571.60194174756,
              21286.40776699029
            ],
            [
              161565.53398058252,
              21280.339805825242
            ],
            [
              161565.53398058252,
              21274.271844660194
            ],
            [
              161559.46601941745,
              21268.203883495145
            ],
            [
              161553.3980582524,
              21268.203883495145
            ]
          ]
        ]
      }
    },
    {
      "type": "Feature",
      "properties": {
        "class_id": 3,
        "classification": "Darkspot & Foreign Object",
        "area": 27228.50292204731
      },
      "geometry": {
        "type": "Polygon",
        "coordinates": [
          [
            [
              114326.4563106796,
              19126.21359223301
            ],
            [
              114320.38834951456,
              19132.281553398057
            ],
            [
              114308.25242718446,
              19132.281553398057
            ],
            [
              114302.1844660194,
              19138.349514563106
            ],
            [
              114296.11650485436,
              19138.349514563106
            ],
            [
              114271.84466019417,
              19162.6213592233
            ],
            [
              114271.84466019417,
              19168.68932038835
            ],
            [
              114265.77669902911,
              19174.757281553397
            ],
            [
              114265.77669902911,
              19180.825242718445
            ],
            [
              114259.70873786407,
              19186.893203883494
            ],
            [
              114259.70873786407,
              19192.961165048542
            ],
            [
              114253.64077669902,
              19199.02912621359
            ],
            [
              114253.64077669902,
              19205.09708737864
            ],
            [
              114247.57281553397,
              19211.165048543688
            ],
            [
              114247.57281553397,
              19229.368932038833
            ],
            [
              114241.50485436892,
              19235.43689320388
            ],
            [
              114241.50485436892,
              19277.91262135922
            ],
            [
              114247.57281553397,
              19283.98058252427
            ],
            [
              114247.57281553397,
              19290.048543689318
            ],
            [
              114271.84466019417,
              19314.32038834951
            ],
            [
              114277.91262135921,
              19314.32038834951
            ],
            [
              114283.98058252427,
              19320.38834951456
            ],
            [
              114290.0485436893,
              19320.38834951456
            ],
            [
              114296.11650485436,
              19326.45631067961
            ],
            [
              114314.3203883495,
              19326.45631067961
            ],
            [
              114320.38834951456,
              19332.524271844657
            ],
            [
              114350.72815533979,
              19332.524271844657
            ],
            [
              114356.79611650485,
              19326.45631067961
            ],
            [
              114374.99999999999,
              19326.45631067961
            ],
            [
              114381.06796116504,
              19320.38834951456
            ],
            [
              114387.13592233008,
              19320.38834951456
            ],
            [
              114399.27184466018,
              19308.252427184463
            ],
            [
              114399.27184466018,
              19302.184466019415
            ],
            [
              114405.33980582524,
              19296.116504854366
            ],
            [
              114405.33980582524,
              19290.048543689318
            ],
            [
              114411.40776699028,
              19283.98058252427
            ],
            [
              114411.40776699028,
              19229.368932038833
            ],
            [
              114405.33980582524,
              19223.300970873785
            ],
            [
              114405.33980582524,
              19199.02912621359
            ],
            [
              114399.27184466018,
              19192.961165048542
            ],
            [
              114399.27184466018,
              19180.825242718445
            ],
            [
              114393.20388349514,
              19174.757281553397
            ],
            [
              114393.20388349514,
              19168.68932038835
            ],
            [
              114362.86407766989,
              19138.349514563106
            ],
            [
              114356.79611650485,
              19138.349514563106
            ],
            [
              114350.72815533979,
              19132.281553398057
            ],
            [
              114344.66019417475,
              19132.281553398057
            ],
            [
              114338.5922330097,
              19126.21359223301
            ],
            [
              114326.4563106796,
              19126.21359223301
            ]
          ]
        ]
      }
    },
    {
      "type": "Feature",
      "properties": {
        "class_id": 3,
        "classification": "Darkspot & Foreign Object",
        "area": 1638.4967951739086
      },
      "geometry": {
        "type": "Polygon",
        "coordinates": [
          [
            [
              65273.05825242718,
              12396.844660194174
            ],
            [
              65266.99029126213,
              12402.912621359223
            ],
            [
              65242.71844660194,
              12402.912621359223
            ],
            [
              65242.71844660194,
              12421.116504854368
            ],
            [
              65333.737864077666,
              12421.116504854368
            ],
            [
              65333.737864077666,
              12408.980582524271
            ],
            [
              65327.66990291262,
              12408.980582524271
            ],
            [
              65321.60194174757,
              12402.912621359223
            ],
            [
              65279.12621359223,
              12402.912621359223
            ],
            [
              65273.05825242718,
              12396.844660194174
            ]
          ]
        ]
      }
    },
    {
      "type": "Feature",
      "properties": {
        "class_id": 3,
        "classification": "Darkspot & Foreign Object",
        "area": 7695.41191441229
      },
      "geometry": {
        "type": "Polygon",
        "coordinates": [
          [
            [
              121177.1844660194,
              9259.708737864077
            ],
            [
              121171.11650485436,
              9265.776699029126
            ],
            [
              121165.0485436893,
              9265.776699029126
            ],
            [
              121165.0485436893,
              9314.320388349513
            ],
            [
              121328.88349514562,
              9314.320388349513
            ],
            [
              121334.95145631066,
              9308.252427184465
            ],
            [
              121334.95145631066,
              9302.184466019417
            ],
            [
              121347.08737864076,
              9290.04854368932
            ],
            [
              121347.08737864076,
              9283.980582524271
            ],
            [
              121341.01941747572,
              9277.912621359223
            ],
            [
              121262.13592233008,
              9277.912621359223
            ],
            [
              121243.93203883494,
              9259.708737864077
            ],
            [
              121237.86407766989,
              9259.708737864077
            ],
            [
              121231.79611650485,
              9265.776699029126
            ],
            [
              121201.4563106796,
              9265.776699029126
            ],
            [
              121195.38834951456,
              9259.708737864077
            ],
            [
              121177.1844660194,
              9259.708737864077
            ]
          ]
        ]
      }
    },
    {
      "type": "Feature",
      "properties": {
        "class_id": 3,
        "classification": "Darkspot & Foreign Object",
        "area": 1104.6045810161181
      },
      "geometry": {
        "type": "Polygon",
        "coordinates": [
          [
            [
              152487.8640776699,
              9229.368932038835
            ],
            [
              152487.8640776699,
              9247.57281553398
            ],
            [
              152493.93203883493,
              9253.640776699029
            ],
            [
              152493.93203883493,
              9259.708737864077
            ],
            [
              152500.0,
              9259.708737864077
            ],
            [
              152518.20388349512,
              9277.912621359223
            ],
            [
              152530.33980582524,
              9277.912621359223
            ],
            [
              152536.40776699028,
              9271.844660194174
            ],
            [
              152536.40776699028,
              9265.776699029126
            ],
            [
              152524.2718446602,
              9253.640776699029
            ],
            [
              152518.20388349512,
              9253.640776699029
            ],
            [
              152506.06796116504,
              9241.504854368932
            ],
            [
              152506.06796116504,
              9235.436893203883
            ],
            [
              152500.0,
              9235.436893203883
            ],
            [
              152493.93203883493,
              9229.368932038835
            ],
            [
              152487.8640776699,
              9229.368932038835
            ]
          ]
        ]
      }
    },
    {
      "type": "Feature",
      "properties": {
        "class_id": 3,
        "classification": "Darkspot & Foreign Object",
        "area": 3516.3245829013094
      },
      "geometry": {
        "type": "Polygon",
        "coordinates": [
          [
            [
              121966.01941747572,
              8962.378640776698
            ],
            [
              121966.01941747572,
              8986.650485436892
            ],
            [
              121972.08737864076,
              8992.71844660194
            ],
            [
              121972.08737864076,
              9071.601941747573
            ],
            [
              121978.15533980582,
              9077.669902912621
            ],
            [
              121984.22330097086,
              9077.669902912621
            ],
            [
              121990.29126213591,
              9083.73786407767
            ],
            [
              122002.42718446601,
              9083.73786407767
            ],
            [
              122008.49514563105,
              9089.805825242718
            ],
            [
              122020.63106796115,
              9089.805825242718
            ],
            [
              122026.6990291262,
              9095.873786407767
            ],
            [
              122032.76699029125,
              9095.873786407767
            ],
            [
              122038.8349514563,
              9101.941747572815
            ],
            [
              122063.1067961165,
              9101.941747572815
            ],
            [
              122057.03883495144,
              9095.873786407767
            ],
            [
              122050.9708737864,
              9095.873786407767
            ],
            [
              122032.76699029125,
              9077.669902912621
            ],
            [
              122032.76699029125,
              9071.601941747573
            ],
            [
              122002.42718446601,
              9041.262135922329
            ],
            [
              122002.42718446601,
              9035.19417475728
            ],
            [
              121996.35922330095,
              9029.126213592232
            ],
            [
              121996.35922330095,
              9023.058252427183
            ],
            [
              121984.22330097086,
              9010.922330097086
            ],
            [
              121984.22330097086,
              9004.854368932038
            ],
            [
              121978.15533980582,
              8998.78640776699
            ],
            [
              121978.15533980582,
              8992.71844660194
            ],
            [
              121972.08737864076,
              8986.650485436892
            ],
            [
              121972.08737864076,
              8980.582524271844
            ],
            [
              121966.01941747572,
              8974.514563106795
            ],
            [
              121966.01941747572,
              8962.378640776698
            ]
          ]
        ]
      }
    },
    {
      "type": "Feature",
      "properties": {
        "class_id": 3,
        "classification": "Darkspot & Foreign Object",
        "area": 163683.98883023844
      },
      "geometry": {
        "type": "Polygon",
        "coordinates": [
          [
            [
              121790.0485436893,
              8938.106796116504
            ],
            [
              121783.98058252427,
              8944.174757281553
            ],
            [
              121759.70873786407,
              8944.174757281553
            ],
            [
              121753.64077669902,
              8950.242718446601
            ],
            [
              121735.43689320388,
              8950.242718446601
            ],
            [
              121729.36893203882,
              8956.31067961165
            ],
            [
              121723.30097087378,
              8956.31067961165
            ],
            [
              121717.23300970873,
              8962.378640776698
            ],
            [
              121674.7572815534,
              8962.378640776698
            ],
            [
              121668.68932038834,
              8968.446601941747
            ],
            [
              121656.55339805824,
              8968.446601941747
            ],
            [
              121650.4854368932,
              8974.514563106795
            ],
            [
              121644.41747572814,
              8974.514563106795
            ],
            [
              121620.14563106795,
              8998.78640776699
            ],
            [
              121620.14563106795,
              9004.854368932038
            ],
            [
              121583.73786407766,
              9041.262135922329
            ],
            [
              121559.46601941746,
              9041.262135922329
            ],
            [
              121553.39805825242,
              9035.19417475728
            ],
            [
              121553.39805825242,
              9029.126213592232
            ],
            [
              121541.26213592233,
              9016.990291262135
            ],
            [
              121541.26213592233,
              9010.922330097086
            ],
            [
              121516.99029126213,
              9010.922330097086
            ],
            [
              121510.92233009708,
              9016.990291262135
            ],
            [
              121510.92233009708,
              9095.873786407767
            ],
            [
              121504.85436893204,
              9101.941747572815
            ],
            [
              121468.44660194175,
              9101.941747572815
            ],
            [
              121462.37864077669,
              9108.009708737864
            ],
            [
              121462.37864077669,
              9120.14563106796
            ],
            [
              121480.58252427184,
              9138.349514563106
            ],
            [
              121486.65048543688,
              9138.349514563106
            ],
            [
              121498.78640776698,
              9150.485436893203
            ],
            [
              121498.78640776698,
              9180.825242718445
            ],
            [
              121492.71844660194,
              9186.893203883494
            ],
            [
              121492.71844660194,
              9199.02912621359
            ],
            [
              121486.65048543688,
              9205.097087378641
            ],
            [
              121486.65048543688,
              9283.980582524271
            ],
            [
              121480.58252427184,
              9290.04854368932
            ],
            [
              121480.58252427184,
              9302.184466019417
            ],
            [
              121492.71844660194,
              9314.320388349513
            ],
            [
              122057.03883495144,
              9314.320388349513
            ],
            [
              122063.1067961165,
              9308.252427184465
            ],
            [
              122063.1067961165,
              9302.184466019417
            ],
            [
              122050.9708737864,
              9290.04854368932
            ],
            [
              122044.90291262134,
              9290.04854368932
            ],
            [
              122032.76699029125,
              9277.912621359223
            ],
            [
              122032.76699029125,
              9271.844660194174
            ],
            [
              122026.6990291262,
              9265.776699029126
            ],
            [
              122026.6990291262,
              9241.504854368932
            ],
            [
              122020.63106796115,
              9235.436893203883
            ],
            [
              122020.63106796115,
              9223.300970873786
            ],
            [
              122014.56310679611,
              9217.233009708738
            ],
            [
              122014.56310679611,
              9205.097087378641
            ],
            [
              122008.49514563105,
              9199.02912621359
            ],
            [
              122008.49514563105,
              9192.961165048542
            ],
            [
              122002.42718446601,
              9186.893203883494
            ],
            [
              122002.42718446601,
              9168.689320388348
            ],
            [
              121996.35922330095,
              9162.6213592233
            ],
            [
              121996.35922330095,
              9144.417475728154
            ],
            [
              121984.22330097086,
              9132.281553398057
            ],
            [
              121984.22330097086,
              9126.213592233009
            ],
            [
              121972.08737864076,
              9114.077669902912
            ],
            [
              121972.08737864076,
              9108.009708737864
            ],
            [
              121966.01941747572,
              9101.941747572815
            ],
            [
              121966.01941747572,
              9095.873786407767
            ],
            [
              121959.95145631066,
              9089.805825242718
            ],
            [
              121959.95145631066,
              9083.73786407767
            ],
            [
              121941.74757281553,
              9065.533980582524
            ],
            [
              121941.74757281553,
              9059.466019417476
            ],
            [
              121929.61165048543,
              9047.330097087379
            ],
            [
              121929.61165048543,
              9041.262135922329
            ],
            [
              121923.54368932037,
              9035.19417475728
            ],
            [
              121923.54368932037,
              9029.126213592232
            ],
            [
              121917.47572815533,
              9023.058252427183
            ],
            [
              121917.47572815533,
              9016.990291262135
            ],
            [
              121874.99999999999,
              8974.514563106795
            ],
            [
              121868.93203883494,
              8974.514563106795
            ],
            [
              121862.86407766989,
              8968.446601941747
            ],
            [
              121856.79611650485,
              8968.446601941747
            ],
            [
              121844.66019417475,
              8956.31067961165
            ],
            [
              121838.5922330097,
              8956.31067961165
            ],
            [
              121826.4563106796,
              8944.174757281553
            ],
            [
              121820.38834951456,
              8944.174757281553
            ],
            [
              121814.3203883495,
              8938.106796116504
            ],
            [
              121790.0485436893,
              8938.106796116504
            ]
          ]
        ]
      }
    },
    {
      "type": "Feature",
      "properties": {
        "class_id": 3,
        "classification": "Darkspot & Foreign Object",
        "area": 82734.88311810725
      },
      "geometry": {
        "type": "Polygon",
        "coordinates": [
          [
            [
              146013.3495145631,
              7688.1067961165045
            ],
            [
              146007.28155339806,
              7694.174757281553
            ],
            [
              145970.87378640776,
              7694.174757281553
            ],
            [
              145964.8058252427,
              7700.242718446601
            ],
            [
              145946.60194174756,
              7700.242718446601
            ],
            [
              145940.53398058252,
              7706.31067961165
            ],
            [
              145934.46601941745,
              7706.31067961165
            ],
            [
              145928.3980582524,
              7712.378640776698
            ],
            [
              145922.33009708737,
              7712.378640776698
            ],
            [
              145916.26213592233,
              7718.446601941747
            ],
            [
              145904.12621359222,
              7718.446601941747
            ],
            [
              145898.05825242717,
              7724.514563106795
            ],
            [
              145885.92233009706,
              7724.514563106795
            ],
            [
              145879.85436893202,
              7730.582524271844
            ],
            [
              145855.58252427183,
              7730.582524271844
            ],
            [
              145849.5145631068,
              7736.650485436892
            ],
            [
              145837.37864077667,
              7736.650485436892
            ],
            [
              145819.17475728155,
              7754.854368932039
            ],
            [
              145819.17475728155,
              7766.9902912621355
            ],
            [
              145800.9708737864,
              7785.194174757281
            ],
            [
              145800.9708737864,
              7791.262135922329
            ],
            [
              145782.76699029125,
              7809.466019417475
            ],
            [
              145782.76699029125,
              7815.533980582523
            ],
            [
              145776.6990291262,
              7821.601941747572
            ],
            [
              145776.6990291262,
              7839.805825242718
            ],
            [
              145770.63106796116,
              7845.873786407767
            ],
            [
              145770.63106796116,
              7870.1456310679605
            ],
            [
              145764.5631067961,
              7876.213592233009
            ],
            [
              145764.5631067961,
              7942.961165048543
            ],
            [
              145770.63106796116,
              7949.029126213592
            ],
            [
              145770.63106796116,
              7967.233009708737
            ],
            [
              145776.6990291262,
              7973.300970873785
            ],
            [
              145776.6990291262,
              7979.368932038834
            ],
            [
              145782.76699029125,
              7985.436893203883
            ],
            [
              145782.76699029125,
              7997.57281553398
            ],
            [
              145788.8349514563,
              8003.640776699029
            ],
            [
              145788.8349514563,
              8009.708737864077
            ],
            [
              145800.9708737864,
              8021.844660194174
            ],
            [
              145800.9708737864,
              8027.912621359223
            ],
            [
              145807.03883495144,
              8033.980582524271
            ],
            [
              145807.03883495144,
              8040.04854368932
            ],
            [
              145837.37864077667,
              8070.388349514563
            ],
            [
              145843.44660194175,
              8070.388349514563
            ],
            [
              145849.5145631068,
              8076.456310679611
            ],
            [
              145855.58252427183,
              8076.456310679611
            ],
            [
              145861.65048543687,
              8082.52427184466
            ],
            [
              145867.71844660194,
              8082.52427184466
            ],
            [
              145873.78640776698,
              8088.592233009708
            ],
            [
              145885.92233009706,
              8088.592233009708
            ],
            [
              145891.99029126213,
              8094.660194174757
            ],
            [
              145940.53398058252,
              8094.660194174757
            ],
            [
              145946.60194174756,
              8088.592233009708
            ],
            [
              145983.00970873787,
              8088.592233009708
            ],
            [
              145989.0776699029,
              8094.660194174757
            ],
            [
              145995.14563106795,
              8088.592233009708
            ],
            [
              146007.28155339806,
              8088.592233009708
            ],
            [
              146013.3495145631,
              8082.52427184466
            ],
            [
              146013.3495145631,
              7688.1067961165045
            ]
          ]
        ]
      }
    },
    {
      "type": "Feature",
      "properties": {
        "class_id": 3,
        "classification": "Darkspot & Foreign Object",
        "area": 938.9138938637004
      },
      "geometry": {
        "type": "Polygon",
        "coordinates": [
          [
            [
              121165.0485436893,
              6353.155339805825
            ],
            [
              121165.0485436893,
              6389.563106796116
            ],
            [
              121171.11650485436,
              6389.563106796116
            ],
            [
              121177.1844660194,
              6395.631067961164
            ],
            [
              121189.3203883495,
              6395.631067961164
            ],
            [
              121195.38834951456,
              6389.563106796116
            ],
            [
              121189.3203883495,
              6383.495145631067
            ],
            [
              121189.3203883495,
              6365.291262135922
            ],
            [
              121177.1844660194,
              6353.155339805825
            ],
            [
              121165.0485436893,
              6353.155339805825
            ]
          ]
        ]
      }
    },
    {
      "type": "Feature",
      "properties": {
        "class_id": 3,
        "classification": "Darkspot & Foreign Object",
        "area": 791.6332830615513
      },
      "geometry": {
        "type": "Polygon",
        "coordinates": [
          [
            [
              110030.33980582524,
              6213.592233009708
            ],
            [
              110030.33980582524,
              6225.728155339805
            ],
            [
              110024.27184466018,
              6231.796116504854
            ],
            [
              110024.27184466018,
              6256.0679611650485
            ],
            [
              110030.33980582524,
              6262.135922330097
            ],
            [
              110036.40776699028,
              6256.0679611650485
            ],
            [
              110036.40776699028,
              6249.999999999999
            ],
            [
              110042.47572815533,
              6243.932038834951
            ],
            [
              110042.47572815533,
              6237.864077669902
            ],
            [
              110048.54368932037,
              6231.796116504854
            ],
            [
              110048.54368932037,
              6213.592233009708
            ],
            [
              110030.33980582524,
              6213.592233009708
            ]
          ]
        ]
      }
    },
    {
      "type": "Feature",
      "properties": {
        "class_id": 3,
        "classification": "Darkspot & Foreign Object",
        "area": 10641.024130455271
      },
      "geometry": {
        "type": "Polygon",
        "coordinates": [
          [
            [
              142991.50485436892,
              6116.504854368932
            ],
            [
              142985.43689320388,
              6122.57281553398
            ],
            [
              142985.43689320388,
              6128.640776699029
            ],
            [
              142979.36893203884,
              6134.708737864077
            ],
            [
              142979.36893203884,
              6140.776699029126
            ],
            [
              142991.50485436892,
              6152.912621359223
            ],
            [
              142991.50485436892,
              6158.980582524271
            ],
            [
              142997.57281553396,
              6158.980582524271
            ],
            [
              143033.98058252427,
              6195.388349514563
            ],
            [
              143033.98058252427,
              6201.456310679611
            ],
            [
              143040.0485436893,
              6207.52427184466
            ],
            [
              143131.06796116504,
              6207.52427184466
            ],
            [
              143131.06796116504,
              6201.456310679611
            ],
            [
              143137.13592233008,
              6195.388349514563
            ],
            [
              143137.13592233008,
              6189.320388349514
            ],
            [
              143143.20388349512,
              6183.252427184466
            ],
            [
              143149.2718446602,
              6183.252427184466
            ],
            [
              143155.33980582524,
              6177.184466019417
            ],
            [
              143167.47572815532,
              6177.184466019417
            ],
            [
              143167.47572815532,
              6165.04854368932
            ],
            [
              143161.40776699028,
              6165.04854368932
            ],
            [
              143155.33980582524,
              6158.980582524271
            ],
            [
              143149.2718446602,
              6158.980582524271
            ],
            [
              143137.13592233008,
              6146.844660194174
            ],
            [
              143125.0,
              6146.844660194174
            ],
            [
              143118.93203883493,
              6140.776699029126
            ],
            [
              143076.4563106796,
              6140.776699029126
            ],
            [
              143070.38834951454,
              6134.708737864077
            ],
            [
              143064.3203883495,
              6134.708737864077
            ],
            [
              143058.25242718446,
              6128.640776699029
            ],
            [
              143052.18446601942,
              6128.640776699029
            ],
            [
              143046.11650485435,
              6122.57281553398
            ],
            [
              143040.0485436893,
              6122.57281553398
            ],
            [
              143033.98058252427,
              6116.504854368932
            ],
            [
              142991.50485436892,
              6116.504854368932
            ]
          ]
        ]
      }
    },
    {
      "type": "Feature",
      "properties": {
        "class_id": 3,
        "classification": "Darkspot & Foreign Object",
        "area": 239.33099255349225
      },
      "geometry": {
        "type": "Polygon",
        "coordinates": [
          [
            [
              109890.77669902911,
              6086.1650485436885
            ],
            [
              109890.77669902911,
              6092.233009708737
            ],
            [
              109902.91262135921,
              6104.368932038835
            ],
            [
              109908.98058252427,
              6104.368932038835
            ],
            [
              109908.98058252427,
              6092.233009708737
            ],
            [
              109902.91262135921,
              6086.1650485436885
            ],
            [
              109890.77669902911,
              6086.1650485436885
            ]
          ]
        ]
      }
    },
    {
      "type": "Feature",
      "properties": {
        "class_id": 3,
        "classification": "Darkspot & Foreign Object",
        "area": 1307.1154208690732
      },
      "geometry": {
        "type": "Polygon",
        "coordinates": [
          [
            [
              129393.20388349514,
              3015.776699029126
            ],
            [
              129381.06796116504,
              3027.912621359223
            ],
            [
              129381.06796116504,
              3033.9805825242715
            ],
            [
              129387.13592233008,
              3040.04854368932
            ],
            [
              129393.20388349514,
              3040.04854368932
            ],
            [
              129399.27184466018,
              3046.1165048543685
            ],
            [
              129411.40776699028,
              3046.1165048543685
            ],
            [
              129417.47572815533,
              3052.1844660194174
            ],
            [
              129429.61165048543,
              3040.04854368932
            ],
            [
              129429.61165048543,
              3015.776699029126
            ],
            [
              129393.20388349514,
              3015.776699029126
            ]
          ]
        ]
      }
    },
    {
      "type": "Feature",
      "properties": {
        "class_id": 3,
        "classification": "Darkspot & Foreign Object",
        "area": 2964.02229239325
      },
      "geometry": {
        "type": "Polygon",
        "coordinates": [
          [
            [
              130618.93203883494,
              3009.7087378640776
            ],
            [
              130618.93203883494,
              3033.9805825242715
            ],
            [
              130631.06796116504,
              3033.9805825242715
            ],
            [
              130643.20388349514,
              3046.1165048543685
            ],
            [
              130643.20388349514,
              3064.3203883495144
            ],
            [
              130637.13592233008,
              3070.388349514563
            ],
            [
              130643.20388349514,
              3076.4563106796113
            ],
            [
              130643.20388349514,
              3082.52427184466
            ],
            [
              130637.13592233008,
              3088.5922330097087
            ],
            [
              130637.13592233008,
              3094.660194174757
            ],
            [
              130631.06796116504,
              3100.7281553398057
            ],
            [
              130606.79611650485,
              3100.7281553398057
            ],
            [
              130600.72815533979,
              3094.660194174757
            ],
            [
              130600.72815533979,
              3088.5922330097087
            ],
            [
              130594.66019417475,
              3094.660194174757
            ],
            [
              130594.66019417475,
              3100.7281553398057
            ],
            [
              130649.27184466018,
              3100.7281553398057
            ],
            [
              130661.40776699028,
              3088.5922330097087
            ],
            [
              130667.47572815533,
              3088.5922330097087
            ],
            [
              130661.40776699028,
              3082.52427184466
            ],
            [
              130667.47572815533,
              3076.4563106796113
            ],
            [
              130667.47572815533,
              3052.1844660194174
            ],
            [
              130673.54368932037,
              3046.1165048543685
            ],
            [
              130673.54368932037,
              3027.912621359223
            ],
            [
              130667.47572815533,
              3021.8446601941746
            ],
            [
              130667.47572815533,
              3015.776699029126
            ],
            [
              130655.33980582524,
              3015.776699029126
            ],
            [
              130649.27184466018,
              3009.7087378640776
            ],
            [
              130618.93203883494,
              3009.7087378640776
            ]
          ]
        ]
      }
    },
    {
      "type": "Feature",
      "properties": {
        "class_id": 3,
        "classification": "Darkspot & Foreign Object",
        "area": 44828.535912904124
      },
      "geometry": {
        "type": "Polygon",
        "coordinates": [
          [
            [
              102506.06796116504,
              2858.009708737864
            ],
            [
              102499.99999999999,
              2864.0776699029125
            ],
            [
              102481.79611650485,
              2864.0776699029125
            ],
            [
              102463.5922330097,
              2882.281553398058
            ],
            [
              102457.52427184465,
              2882.281553398058
            ],
            [
              102445.38834951456,
              2894.4174757281553
            ],
            [
              102445.38834951456,
              2906.5533980582522
            ],
            [
              102451.4563106796,
              2912.6213592233007
            ],
            [
              102451.4563106796,
              2918.689320388349
            ],
            [
              102439.3203883495,
              2930.8252427184466
            ],
            [
              102433.25242718446,
              2930.8252427184466
            ],
            [
              102433.25242718446,
              2936.893203883495
            ],
            [
              102439.3203883495,
              2942.9611650485435
            ],
            [
              102469.66019417475,
              2942.9611650485435
            ],
            [
              102493.93203883494,
              2967.2330097087374
            ],
            [
              102487.86407766989,
              2973.3009708737864
            ],
            [
              102487.86407766989,
              2979.368932038835
            ],
            [
              102463.5922330097,
              3003.6407766990287
            ],
            [
              102433.25242718446,
              3003.6407766990287
            ],
            [
              102421.11650485436,
              2991.504854368932
            ],
            [
              102421.11650485436,
              2979.368932038835
            ],
            [
              102415.0485436893,
              2973.3009708737864
            ],
            [
              102408.98058252427,
              2973.3009708737864
            ],
            [
              102402.91262135921,
              2967.2330097087374
            ],
            [
              102396.84466019417,
              2967.2330097087374
            ],
            [
              102390.77669902911,
              2961.165048543689
            ],
            [
              102354.36893203882,
              2961.165048543689
            ],
            [
              102348.30097087378,
              2967.2330097087374
            ],
            [
              102342.23300970873,
              2967.2330097087374
            ],
            [
              102336.16504854368,
              2973.3009708737864
            ],
            [
              102330.09708737863,
              2973.3009708737864
            ],
            [
              102324.02912621359,
              2979.368932038835
            ],
            [
              102317.96116504853,
              2979.368932038835
            ],
            [
              102305.82524271843,
              2991.504854368932
            ],
            [
              102299.7572815534,
              2991.504854368932
            ],
            [
              102293.68932038834,
              2997.5728155339802
            ],
            [
              102281.55339805824,
              2997.5728155339802
            ],
            [
              102275.4854368932,
              3003.6407766990287
            ],
            [
              102251.213592233,
              3003.6407766990287
            ],
            [
              102245.14563106795,
              3009.7087378640776
            ],
            [
              102239.07766990291,
              3009.7087378640776
            ],
            [
              102226.94174757281,
              3021.8446601941746
            ],
            [
              102220.87378640776,
              3021.8446601941746
            ],
            [
              102214.80582524271,
              3027.912621359223
            ],
            [
              102208.73786407766,
              3027.912621359223
            ],
            [
              102202.66990291262,
              3033.9805825242715
            ],
            [
              102196.60194174756,
              3033.9805825242715
            ],
            [
              102190.53398058252,
              3040.04854368932
            ],
            [
              102172.33009708737,
              3040.04854368932
            ],
            [
              102166.26213592233,
              3046.1165048543685
            ],
            [
              102135.92233009708,
              3046.1165048543685
            ],
            [
              102129.85436893204,
              3052.1844660194174
            ],
            [
              102123.78640776698,
              3052.1844660194174
            ],
            [
              102111.65048543688,
              3064.3203883495144
            ],
            [
              102105.58252427184,
              3064.3203883495144
            ],
            [
              102105.58252427184,
              3070.388349514563
            ],
            [
              102099.51456310679,
              3076.4563106796113
            ],
            [
              102099.51456310679,
              3082.52427184466
            ],
            [
              102105.58252427184,
              3088.5922330097087
            ],
            [
              102105.58252427184,
              3100.7281553398057
            ],
            [
              102512.13592233008,
              3100.7281553398057
            ],
            [
              102518.20388349514,
              3094.660194174757
            ],
            [
              102518.20388349514,
              3088.5922330097087
            ],
            [
              102512.13592233008,
              3088.5922330097087
            ],
            [
              102506.06796116504,
              3094.660194174757
            ],
            [
              102499.99999999999,
              3094.660194174757
            ],
            [
              102493.93203883494,
              3088.5922330097087
            ],
            [
              102481.79611650485,
              3088.5922330097087
            ],
            [
              102469.66019417475,
              3076.4563106796113
            ],
            [
              102469.66019417475,
              3064.3203883495144
            ],
            [
              102499.99999999999,
              3033.9805825242715
            ],
            [
              102518.20388349514,
              3033.9805825242715
            ],
            [
              102518.20388349514,
              2858.009708737864
            ],
            [
              102506.06796116504,
              2858.009708737864
            ]
          ]
        ]
      }
    },
    {
      "type": "Feature",
      "properties": {
        "class_id": 3,
        "classification": "Darkspot & Foreign Object",
        "area": 2338.0796964841165
      },
      "geometry": {
        "type": "Polygon",
        "coordinates": [
          [
            [
              114101.94174757281,
              2226.9417475728155
            ],
            [
              114101.94174757281,
              2233.009708737864
            ],
            [
              114095.87378640776,
              2239.0776699029125
            ],
            [
              114095.87378640776,
              2251.2135922330094
            ],
            [
              114101.94174757281,
              2257.281553398058
            ],
            [
              114108.00970873785,
              2257.281553398058
            ],
            [
              114126.213592233,
              2275.4854368932038
            ],
            [
              114126.213592233,
              2281.5533980582522
            ],
            [
              114132.28155339805,
              2287.6213592233007
            ],
            [
              114132.28155339805,
              2293.689320388349
            ],
            [
              114138.3495145631,
              2299.7572815533977
            ],
            [
              114138.3495145631,
              2305.8252427184466
            ],
            [
              114144.41747572814,
              2305.8252427184466
            ],
            [
              114162.6213592233,
              2324.029126213592
            ],
            [
              114162.6213592233,
              2263.349514563107
            ],
            [
              114126.213592233,
              2263.349514563107
            ],
            [
              114120.14563106795,
              2257.281553398058
            ],
            [
              114120.14563106795,
              2226.9417475728155
            ],
            [
              114101.94174757281,
              2226.9417475728155
            ]
          ]
        ]
      }
    },
    {
      "type": "Feature",
      "properties": {
        "class_id": 4,
        "classification": "PenMarking",
        "area": 35733.95819587142
      },
      "geometry": {
        "type": "Polygon",
        "coordinates": [
          [
            [
              130266.99029126213,
              46601.94174757281
            ],
            [
              130260.92233009708,
              46608.00970873786
            ],
            [
              130248.78640776698,
              46608.00970873786
            ],
            [
              130242.71844660192,
              46614.07766990291
            ],
            [
              130230.58252427183,
              46614.07766990291
            ],
            [
              130224.51456310679,
              46620.14563106796
            ],
            [
              130218.44660194173,
              46620.14563106796
            ],
            [
              130206.31067961163,
              46632.281553398054
            ],
            [
              130188.1067961165,
              46632.281553398054
            ],
            [
              130182.03883495144,
              46638.3495145631
            ],
            [
              130169.90291262134,
              46638.3495145631
            ],
            [
              130163.8349514563,
              46644.41747572815
            ],
            [
              130182.03883495144,
              46662.621359223296
            ],
            [
              130182.03883495144,
              46668.689320388345
            ],
            [
              130188.1067961165,
              46674.75728155339
            ],
            [
              130188.1067961165,
              46680.82524271844
            ],
            [
              130200.24271844659,
              46692.96116504854
            ],
            [
              130206.31067961163,
              46692.96116504854
            ],
            [
              130218.44660194173,
              46705.097087378635
            ],
            [
              130224.51456310679,
              46705.097087378635
            ],
            [
              130230.58252427183,
              46711.165048543684
            ],
            [
              130236.65048543688,
              46711.165048543684
            ],
            [
              130242.71844660192,
              46717.23300970873
            ],
            [
              130291.26213592233,
              46717.23300970873
            ],
            [
              130297.33009708737,
              46723.30097087378
            ],
            [
              130303.39805825242,
              46723.30097087378
            ],
            [
              130321.60194174756,
              46741.504854368926
            ],
            [
              130327.66990291262,
              46741.504854368926
            ],
            [
              130339.80582524271,
              46753.64077669902
            ],
            [
              130345.87378640776,
              46753.64077669902
            ],
            [
              130351.94174757281,
              46759.70873786407
            ],
            [
              130370.14563106795,
              46759.70873786407
            ],
            [
              130406.55339805824,
              46723.30097087378
            ],
            [
              130430.82524271843,
              46723.30097087378
            ],
            [
              130436.89320388349,
              46729.36893203883
            ],
            [
              130449.02912621359,
              46729.36893203883
            ],
            [
              130455.09708737863,
              46735.43689320388
            ],
            [
              130461.16504854368,
              46735.43689320388
            ],
            [
              130467.23300970873,
              46741.504854368926
            ],
            [
              130479.36893203882,
              46741.504854368926
            ],
            [
              130479.36893203882,
              46601.94174757281
            ],
            [
              130266.99029126213,
              46601.94174757281
            ]
          ]
        ]
      }
    },
    {
      "type": "Feature",
      "properties": {
        "class_id": 4,
        "classification": "PenMarking",
        "area": 125704.00131963425
      },
      "geometry": {
        "type": "Polygon",
        "coordinates": [
          [
            [
              31067.961165048542,
              41680.82524271844
            ],
            [
              31067.961165048542,
              42275.4854368932
            ],
            [
              31098.300970873785,
              42275.4854368932
            ],
            [
              31104.368932038833,
              42269.41747572815
            ],
            [
              31140.776699029124,
              42269.41747572815
            ],
            [
              31146.844660194172,
              42263.3495145631
            ],
            [
              31165.048543689318,
              42263.3495145631
            ],
            [
              31171.116504854366,
              42257.281553398054
            ],
            [
              31183.252427184463,
              42257.281553398054
            ],
            [
              31189.32038834951,
              42251.213592233005
            ],
            [
              31195.38834951456,
              42251.213592233005
            ],
            [
              31201.45631067961,
              42245.14563106796
            ],
            [
              31207.524271844657,
              42245.14563106796
            ],
            [
              31225.728155339802,
              42226.94174757281
            ],
            [
              31231.79611650485,
              42226.94174757281
            ],
            [
              31237.8640776699,
              42220.87378640776
            ],
            [
              31243.932038834948,
              42220.87378640776
            ],
            [
              31256.067961165045,
              42208.737864077666
            ],
            [
              31262.135922330093,
              42208.737864077666
            ],
            [
              31274.27184466019,
              42196.60194174757
            ],
            [
              31280.33980582524,
              42196.60194174757
            ],
            [
              31292.475728155336,
              42184.46601941747
            ],
            [
              31298.543689320384,
              42184.46601941747
            ],
            [
              31304.611650485436,
              42178.398058252424
            ],
            [
              31310.679611650485,
              42178.398058252424
            ],
            [
              31316.747572815533,
              42172.330097087375
            ],
            [
              31322.81553398058,
              42172.330097087375
            ],
            [
              31353.155339805824,
              42141.99029126213
            ],
            [
              31353.155339805824,
              42135.922330097084
            ],
            [
              31365.29126213592,
              42123.78640776699
            ],
            [
              31365.29126213592,
              42117.71844660194
            ],
            [
              31371.35922330097,
              42111.65048543689
            ],
            [
              31371.35922330097,
              42093.446601941745
            ],
            [
              31377.427184466018,
              42087.3786407767
            ],
            [
              31377.427184466018,
              42063.1067961165
            ],
            [
              31371.35922330097,
              42057.038834951454
            ],
            [
              31371.35922330097,
              42038.83495145631
            ],
            [
              31365.29126213592,
              42032.76699029126
            ],
            [
              31365.29126213592,
              42014.563106796115
            ],
            [
              31359.223300970873,
              42008.49514563107
            ],
            [
              31359.223300970873,
              42002.42718446602
            ],
            [
              31353.155339805824,
              41996.35922330097
            ],
            [
              31353.155339805824,
              41990.29126213592
            ],
            [
              31347.087378640776,
              41984.22330097087
            ],
            [
              31347.087378640776,
              41978.155339805824
            ],
            [
              31341.019417475727,
              41972.087378640776
            ],
            [
              31341.019417475727,
              41959.95145631068
            ],
            [
              31334.95145631068,
              41953.88349514563
            ],
            [
              31334.95145631068,
              41947.81553398058
            ],
            [
              31328.88349514563,
              41941.74757281553
            ],
            [
              31328.88349514563,
              41929.611650485436
            ],
            [
              31322.81553398058,
              41923.54368932039
            ],
            [
              31322.81553398058,
              41917.47572815534
            ],
            [
              31316.747572815533,
              41911.40776699029
            ],
            [
              31316.747572815533,
              41905.33980582524
            ],
            [
              31310.679611650485,
              41899.271844660194
            ],
            [
              31310.679611650485,
              41893.203883495145
            ],
            [
              31298.543689320384,
              41881.06796116505
            ],
            [
              31298.543689320384,
              41875.0
            ],
            [
              31268.20388349514,
              41844.66019417476
            ],
            [
              31268.20388349514,
              41838.5922330097
            ],
            [
              31249.999999999996,
              41820.38834951456
            ],
            [
              31249.999999999996,
              41814.32038834951
            ],
            [
              31237.8640776699,
              41802.18446601941
            ],
            [
              31231.79611650485,
              41802.18446601941
            ],
            [
              31225.728155339802,
              41796.11650485436
            ],
            [
              31219.660194174754,
              41796.11650485436
            ],
            [
              31207.524271844657,
              41783.980582524266
            ],
            [
              31201.45631067961,
              41783.980582524266
            ],
            [
              31177.184466019415,
              41759.70873786407
            ],
            [
              31177.184466019415,
              41753.64077669902
            ],
            [
              31134.708737864075,
              41711.165048543684
            ],
            [
              31128.640776699027,
              41711.165048543684
            ],
            [
              31122.57281553398,
              41705.097087378635
            ],
            [
              31116.50485436893,
              41705.097087378635
            ],
            [
              31110.43689320388,
              41699.02912621359
            ],
            [
              31098.300970873785,
              41699.02912621359
            ],
            [
              31080.09708737864,
              41680.82524271844
            ],
            [
              31067.961165048542,
              41680.82524271844
            ]
          ]
        ]
      }
    },
    {
      "type": "Feature",
      "properties": {
        "class_id": 4,
        "classification": "PenMarking",
        "area": 342169.67904609285
      },
      "geometry": {
        "type": "Polygon",
        "coordinates": [
          [
            [
              15509.708737864077,
              36614.07766990291
            ],
            [
              15503.640776699029,
              36620.14563106796
            ],
            [
              15485.436893203881,
              36620.14563106796
            ],
            [
              15479.368932038833,
              36626.213592233005
            ],
            [
              15467.233009708736,
              36626.213592233005
            ],
            [
              15461.165048543688,
              36632.281553398054
            ],
            [
              15449.02912621359,
              36632.281553398054
            ],
            [
              15442.961165048542,
              36638.3495145631
            ],
            [
              15424.757281553397,
              36638.3495145631
            ],
            [
              15418.689320388348,
              36644.41747572815
            ],
            [
              15412.6213592233,
              36644.41747572815
            ],
            [
              15406.553398058251,
              36650.4854368932
            ],
            [
              15400.485436893203,
              36650.4854368932
            ],
            [
              15394.417475728154,
              36656.55339805825
            ],
            [
              15364.077669902912,
              36656.55339805825
            ],
            [
              15358.009708737864,
              36662.621359223296
            ],
            [
              15321.60194174757,
              36662.621359223296
            ],
            [
              15315.533980582522,
              36668.689320388345
            ],
            [
              15303.398058252425,
              36668.689320388345
            ],
            [
              15303.398058252425,
              36674.75728155339
            ],
            [
              15297.330097087377,
              36680.82524271844
            ],
            [
              15297.330097087377,
              36686.89320388349
            ],
            [
              15291.262135922329,
              36692.96116504854
            ],
            [
              15291.262135922329,
              36699.02912621359
            ],
            [
              15218.446601941747,
              36771.84466019417
            ],
            [
              15212.378640776698,
              36771.84466019417
            ],
            [
              15194.174757281553,
              36790.048543689314
            ],
            [
              15188.106796116504,
              36790.048543689314
            ],
            [
              15175.970873786406,
              36802.18446601941
            ],
            [
              15169.902912621357,
              36802.18446601941
            ],
            [
              15145.631067961163,
              36826.45631067961
            ],
            [
              15139.563106796115,
              36826.45631067961
            ],
            [
              15133.495145631066,
              36832.52427184466
            ],
            [
              15127.427184466018,
              36832.52427184466
            ],
            [
              15121.35922330097,
              36838.59223300971
            ],
            [
              15115.291262135921,
              36838.59223300971
            ],
            [
              15097.087378640776,
              36856.796116504855
            ],
            [
              15097.087378640776,
              36862.8640776699
            ],
            [
              15084.951456310679,
              36875.0
            ],
            [
              15078.88349514563,
              36875.0
            ],
            [
              15066.747572815533,
              36887.1359223301
            ],
            [
              15060.679611650485,
              36887.1359223301
            ],
            [
              15036.40776699029,
              36911.40776699029
            ],
            [
              15030.339805825242,
              36911.40776699029
            ],
            [
              15024.271844660194,
              36917.47572815534
            ],
            [
              15018.203883495144,
              36917.47572815534
            ],
            [
              14999.999999999998,
              36935.679611650485
            ],
            [
              14999.999999999998,
              36941.74757281553
            ],
            [
              14963.592233009707,
              36978.155339805824
            ],
            [
              14963.592233009707,
              36984.22330097087
            ],
            [
              14957.524271844659,
              36990.29126213592
            ],
            [
              14957.524271844659,
              37002.42718446602
            ],
            [
              14945.388349514562,
              37014.563106796115
            ],
            [
              14945.388349514562,
              37020.63106796116
            ],
            [
              14927.184466019417,
              37038.83495145631
            ],
            [
              14927.184466019417,
              37050.970873786406
            ],
            [
              14921.116504854368,
              37057.038834951454
            ],
            [
              14921.116504854368,
              37075.2427184466
            ],
            [
              14915.04854368932,
              37081.31067961165
            ],
            [
              14915.04854368932,
              37087.3786407767
            ],
            [
              14896.844660194174,
              37105.58252427184
            ],
            [
              14890.776699029126,
              37105.58252427184
            ],
            [
              14878.640776699029,
              37117.71844660194
            ],
            [
              14872.57281553398,
              37117.71844660194
            ],
            [
              14854.368932038833,
              37135.922330097084
            ],
            [
              14854.368932038833,
              37141.99029126213
            ],
            [
              14848.300970873785,
              37148.05825242718
            ],
            [
              14848.300970873785,
              37160.19417475728
            ],
            [
              14836.165048543688,
              37172.330097087375
            ],
            [
              14836.165048543688,
              37178.398058252424
            ],
            [
              14824.02912621359,
              37190.53398058252
            ],
            [
              14824.02912621359,
              37208.737864077666
            ],
            [
              14817.961165048542,
              37214.805825242714
            ],
            [
              14817.961165048542,
              37245.14563106796
            ],
            [
              14811.893203883494,
              37251.213592233005
            ],
            [
              14811.893203883494,
              37269.41747572815
            ],
            [
              14817.961165048542,
              37275.4854368932
            ],
            [
              15212.378640776698,
              37275.4854368932
            ],
            [
              15224.514563106795,
              37287.621359223296
            ],
            [
              15218.446601941747,
              37293.689320388345
            ],
            [
              15212.378640776698,
              37293.689320388345
            ],
            [
              15218.446601941747,
              37293.689320388345
            ],
            [
              15224.514563106795,
              37299.75728155339
            ],
            [
              15260.922330097086,
              37299.75728155339
            ],
            [
              15266.990291262135,
              37305.82524271844
            ],
            [
              15315.533980582522,
              37305.82524271844
            ],
            [
              15321.60194174757,
              37311.89320388349
            ],
            [
              15364.077669902912,
              37311.89320388349
            ],
            [
              15370.14563106796,
              37317.96116504854
            ],
            [
              15388.349514563106,
              37317.96116504854
            ],
            [
              15406.553398058251,
              37336.165048543684
            ],
            [
              15406.553398058251,
              37360.43689320388
            ],
            [
              15412.6213592233,
              37366.504854368926
            ],
            [
              15412.6213592233,
              37372.572815533975
            ],
            [
              15430.825242718445,
              37390.77669902912
            ],
            [
              15436.893203883494,
              37390.77669902912
            ],
            [
              15442.961165048542,
              37396.84466019417
            ],
            [
              15461.165048543688,
              37396.84466019417
            ],
            [
              15473.300970873785,
              37408.980582524266
            ],
            [
              15473.300970873785,
              37415.048543689314
            ],
            [
              15485.436893203881,
              37427.18446601941
            ],
            [
              15485.436893203881,
              37433.25242718446
            ],
            [
              15491.50485436893,
              37439.320388349515
            ],
            [
              15491.50485436893,
              37445.388349514564
            ],
            [
              15497.57281553398,
              37451.45631067961
            ],
            [
              15497.57281553398,
              37457.52427184466
            ],
            [
              15503.640776699029,
              37463.59223300971
            ],
            [
              15503.640776699029,
              37469.66019417476
            ],
            [
              15515.776699029126,
              37481.796116504855
            ],
            [
              15515.776699029126,
              37487.8640776699
            ],
            [
              15521.844660194174,
              37481.796116504855
            ],
            [
              15527.912621359223,
              37481.796116504855
            ],
            [
              15527.912621359223,
              36614.07766990291
            ],
            [
              15509.708737864077,
              36614.07766990291
            ]
          ]
        ]
      }
    },
    {
      "type": "Feature",
      "properties": {
        "class_id": 4,
        "classification": "PenMarking",
        "area": 87190.12159487225
      },
      "geometry": {
        "type": "Polygon",
        "coordinates": [
          [
            [
              40370.14563106796,
              35788.83495145631
            ],
            [
              40364.07766990291,
              35794.90291262136
            ],
            [
              40358.00970873786,
              35794.90291262136
            ],
            [
              40327.66990291262,
              35825.2427184466
            ],
            [
              40321.60194174757,
              35825.2427184466
            ],
            [
              40315.53398058252,
              35831.31067961165
            ],
            [
              40309.46601941747,
              35831.31067961165
            ],
            [
              40303.398058252424,
              35837.3786407767
            ],
            [
              40291.26213592233,
              35837.3786407767
            ],
            [
              40285.19417475728,
              35843.446601941745
            ],
            [
              40279.12621359223,
              35843.446601941745
            ],
            [
              40266.99029126213,
              35855.58252427184
            ],
            [
              40260.922330097084,
              35855.58252427184
            ],
            [
              40194.17475728155,
              35922.330097087375
            ],
            [
              40194.17475728155,
              35928.398058252424
            ],
            [
              40182.038834951454,
              35940.53398058252
            ],
            [
              40182.038834951454,
              35946.60194174757
            ],
            [
              40169.90291262136,
              35958.737864077666
            ],
            [
              40163.83495145631,
              35958.737864077666
            ],
            [
              40151.69902912621,
              35970.87378640776
            ],
            [
              40145.63106796116,
              35970.87378640776
            ],
            [
              40133.49514563107,
              35983.00970873786
            ],
            [
              40127.42718446602,
              35983.00970873786
            ],
            [
              40103.155339805824,
              36007.281553398054
            ],
            [
              40103.155339805824,
              36013.3495145631
            ],
            [
              40097.087378640776,
              36019.41747572815
            ],
            [
              40097.087378640776,
              36043.689320388345
            ],
            [
              40091.01941747573,
              36049.75728155339
            ],
            [
              40091.01941747573,
              36055.82524271844
            ],
            [
              40066.74757281553,
              36080.097087378635
            ],
            [
              40066.74757281553,
              36086.165048543684
            ],
            [
              40060.679611650485,
              36092.23300970873
            ],
            [
              40060.679611650485,
              36110.43689320388
            ],
            [
              40066.74757281553,
              36116.504854368926
            ],
            [
              40066.74757281553,
              36122.572815533975
            ],
            [
              40103.155339805824,
              36158.980582524266
            ],
            [
              40145.63106796116,
              36158.980582524266
            ],
            [
              40151.69902912621,
              36165.048543689314
            ],
            [
              40188.1067961165,
              36165.048543689314
            ],
            [
              40194.17475728155,
              36171.11650485436
            ],
            [
              40200.2427184466,
              36171.11650485436
            ],
            [
              40206.31067961165,
              36177.18446601941
            ],
            [
              40212.3786407767,
              36177.18446601941
            ],
            [
              40218.446601941745,
              36183.25242718447
            ],
            [
              40230.58252427184,
              36183.25242718447
            ],
            [
              40236.65048543689,
              36189.320388349515
            ],
            [
              40285.19417475728,
              36189.320388349515
            ],
            [
              40291.26213592233,
              36195.388349514564
            ],
            [
              40297.330097087375,
              36195.388349514564
            ],
            [
              40303.398058252424,
              36201.45631067961
            ],
            [
              40315.53398058252,
              36201.45631067961
            ],
            [
              40321.60194174757,
              36207.52427184466
            ],
            [
              40327.66990291262,
              36207.52427184466
            ],
            [
              40333.737864077666,
              36213.59223300971
            ],
            [
              40345.87378640776,
              36213.59223300971
            ],
            [
              40364.07766990291,
              36231.796116504855
            ],
            [
              40370.14563106796,
              36231.796116504855
            ],
            [
              40376.213592233005,
              36237.8640776699
            ],
            [
              40382.281553398054,
              36237.8640776699
            ],
            [
              40382.281553398054,
              35794.90291262136
            ],
            [
              40376.213592233005,
              35788.83495145631
            ],
            [
              40370.14563106796,
              35788.83495145631
            ]
          ]
        ]
      }
    },
    {
      "type": "Feature",
      "properties": {
        "class_id": 4,
        "classification": "PenMarking",
        "area": 65871.25318126119
      },
      "geometry": {
        "type": "Polygon",
        "coordinates": [
          [
            [
              108707.52427184465,
              35540.048543689314
            ],
            [
              108701.4563106796,
              35546.11650485436
            ],
            [
              108689.3203883495,
              35546.11650485436
            ],
            [
              108665.0485436893,
              35570.388349514564
            ],
            [
              108658.98058252427,
              35570.388349514564
            ],
            [
              108652.91262135921,
              35576.45631067961
            ],
            [
              108646.84466019417,
              35576.45631067961
            ],
            [
              108640.77669902911,
              35582.52427184466
            ],
            [
              108640.77669902911,
              35588.59223300971
            ],
            [
              108634.70873786407,
              35594.66019417476
            ],
            [
              108634.70873786407,
              35606.796116504855
            ],
            [
              108628.64077669902,
              35612.8640776699
            ],
            [
              108628.64077669902,
              35618.93203883495
            ],
            [
              108610.43689320388,
              35637.1359223301
            ],
            [
              108610.43689320388,
              35643.203883495145
            ],
            [
              108604.36893203882,
              35649.271844660194
            ],
            [
              108604.36893203882,
              35655.33980582524
            ],
            [
              108598.30097087378,
              35661.40776699029
            ],
            [
              108598.30097087378,
              35709.95145631068
            ],
            [
              108592.23300970873,
              35716.01941747573
            ],
            [
              108592.23300970873,
              35728.155339805824
            ],
            [
              108586.16504854368,
              35734.22330097087
            ],
            [
              108586.16504854368,
              35740.29126213592
            ],
            [
              108580.09708737863,
              35746.35922330097
            ],
            [
              108580.09708737863,
              35752.42718446602
            ],
            [
              108574.02912621359,
              35758.49514563107
            ],
            [
              108574.02912621359,
              35764.563106796115
            ],
            [
              108561.89320388349,
              35776.69902912621
            ],
            [
              108561.89320388349,
              35782.76699029126
            ],
            [
              108555.82524271843,
              35788.83495145631
            ],
            [
              108555.82524271843,
              35794.90291262136
            ],
            [
              108549.7572815534,
              35800.970873786406
            ],
            [
              108549.7572815534,
              35861.65048543689
            ],
            [
              108555.82524271843,
              35867.71844660194
            ],
            [
              108555.82524271843,
              35873.78640776699
            ],
            [
              108561.89320388349,
              35879.854368932036
            ],
            [
              108561.89320388349,
              35898.05825242718
            ],
            [
              108567.96116504853,
              35904.12621359223
            ],
            [
              108567.96116504853,
              35916.26213592233
            ],
            [
              108574.02912621359,
              35922.330097087375
            ],
            [
              108580.09708737863,
              35922.330097087375
            ],
            [
              108598.30097087378,
              35940.53398058252
            ],
            [
              108598.30097087378,
              35946.60194174757
            ],
            [
              108604.36893203882,
              35952.66990291262
            ],
            [
              108604.36893203882,
              35964.805825242714
            ],
            [
              108610.43689320388,
              35970.87378640776
            ],
            [
              108610.43689320388,
              35976.94174757281
            ],
            [
              108622.57281553397,
              35989.07766990291
            ],
            [
              108628.64077669902,
              35989.07766990291
            ],
            [
              108634.70873786407,
              35995.14563106796
            ],
            [
              108640.77669902911,
              35995.14563106796
            ],
            [
              108646.84466019417,
              36001.213592233005
            ],
            [
              108652.91262135921,
              36001.213592233005
            ],
            [
              108665.0485436893,
              36013.3495145631
            ],
            [
              108671.11650485436,
              36013.3495145631
            ],
            [
              108701.4563106796,
              36043.689320388345
            ],
            [
              108701.4563106796,
              36049.75728155339
            ],
            [
              108707.52427184465,
              36055.82524271844
            ],
            [
              108707.52427184465,
              36061.89320388349
            ],
            [
              108719.66019417475,
              36074.02912621359
            ],
            [
              108731.79611650485,
              36074.02912621359
            ],
            [
              108731.79611650485,
              35546.11650485436
            ],
            [
              108725.72815533979,
              35540.048543689314
            ],
            [
              108707.52427184465,
              35540.048543689314
            ]
          ]
        ]
      }
    },
    {
      "type": "Feature",
      "properties": {
        "class_id": 4,
        "classification": "PenMarking",
        "area": 44883.76614195493
      },
      "geometry": {
        "type": "Polygon",
        "coordinates": [
          [
            [
              127342.23300970873,
              33956.31067961165
            ],
            [
              127324.02912621359,
              33974.51456310679
            ],
            [
              127317.96116504853,
              33974.51456310679
            ],
            [
              127305.82524271843,
              33986.65048543689
            ],
            [
              127299.7572815534,
              33986.65048543689
            ],
            [
              127287.6213592233,
              33998.78640776699
            ],
            [
              127281.55339805824,
              33998.78640776699
            ],
            [
              127269.41747572814,
              34010.922330097084
            ],
            [
              127263.3495145631,
              34010.922330097084
            ],
            [
              127251.213592233,
              34023.05825242718
            ],
            [
              127245.14563106795,
              34023.05825242718
            ],
            [
              127233.00970873785,
              34035.19417475728
            ],
            [
              127226.94174757281,
              34035.19417475728
            ],
            [
              127214.80582524271,
              34047.330097087375
            ],
            [
              127208.73786407766,
              34047.330097087375
            ],
            [
              127196.60194174756,
              34059.46601941747
            ],
            [
              127190.53398058252,
              34059.46601941747
            ],
            [
              127184.46601941746,
              34065.53398058252
            ],
            [
              127178.39805825242,
              34065.53398058252
            ],
            [
              127166.26213592233,
              34077.66990291262
            ],
            [
              127160.19417475727,
              34077.66990291262
            ],
            [
              127148.05825242717,
              34089.805825242714
            ],
            [
              127141.99029126213,
              34089.805825242714
            ],
            [
              127123.78640776698,
              34108.00970873786
            ],
            [
              127117.71844660194,
              34108.00970873786
            ],
            [
              127117.71844660194,
              34114.07766990291
            ],
            [
              127111.65048543688,
              34120.14563106796
            ],
            [
              127111.65048543688,
              34126.213592233005
            ],
            [
              127117.71844660194,
              34132.281553398054
            ],
            [
              127117.71844660194,
              34138.3495145631
            ],
            [
              127123.78640776698,
              34144.41747572815
            ],
            [
              127123.78640776698,
              34162.621359223296
            ],
            [
              127129.85436893204,
              34168.689320388345
            ],
            [
              127123.78640776698,
              34174.75728155339
            ],
            [
              127044.90291262134,
              34174.75728155339
            ],
            [
              127050.9708737864,
              34180.82524271844
            ],
            [
              127050.9708737864,
              34186.89320388349
            ],
            [
              127063.1067961165,
              34186.89320388349
            ],
            [
              127069.17475728154,
              34192.96116504854
            ],
            [
              127087.37864077669,
              34192.96116504854
            ],
            [
              127093.44660194173,
              34199.02912621359
            ],
            [
              127141.99029126213,
              34199.02912621359
            ],
            [
              127148.05825242717,
              34205.097087378635
            ],
            [
              127166.26213592233,
              34205.097087378635
            ],
            [
              127172.33009708737,
              34199.02912621359
            ],
            [
              127190.53398058252,
              34199.02912621359
            ],
            [
              127196.60194174756,
              34192.96116504854
            ],
            [
              127208.73786407766,
              34192.96116504854
            ],
            [
              127214.80582524271,
              34186.89320388349
            ],
            [
              127220.87378640776,
              34186.89320388349
            ],
            [
              127220.87378640776,
              34174.75728155339
            ],
            [
              127226.94174757281,
              34168.689320388345
            ],
            [
              127281.55339805824,
              34168.689320388345
            ],
            [
              127293.68932038834,
              34180.82524271844
            ],
            [
              127293.68932038834,
              34186.89320388349
            ],
            [
              127299.7572815534,
              34186.89320388349
            ],
            [
              127305.82524271843,
              34192.96116504854
            ],
            [
              127311.89320388349,
              34192.96116504854
            ],
            [
              127317.96116504853,
              34199.02912621359
            ],
            [
              127330.09708737863,
              34199.02912621359
            ],
            [
              127336.16504854368,
              34205.097087378635
            ],
            [
              127342.23300970873,
              34205.097087378635
            ],
            [
              127354.36893203882,
              34217.23300970873
            ],
            [
              127354.36893203882,
              34247.572815533975
            ],
            [
              127348.30097087378,
              34253.64077669902
            ],
            [
              127348.30097087378,
              34265.77669902912
            ],
            [
              127354.36893203882,
              34271.84466019417
            ],
            [
              127354.36893203882,
              34277.91262135922
            ],
            [
              127360.43689320388,
              34283.980582524266
            ],
            [
              127372.57281553397,
              34283.980582524266
            ],
            [
              127372.57281553397,
              33956.31067961165
            ],
            [
              127342.23300970873,
              33956.31067961165
            ]
          ]
        ]
      }
    },
    {
      "type": "Feature",
      "properties": {
        "class_id": 4,
        "classification": "PenMarking",
        "area": 93504.7777830144
      },
      "geometry": {
        "type": "Polygon",
        "coordinates": [
          [
            [
              101808.25242718446,
              31959.95145631068
            ],
            [
              101802.1844660194,
              31966.019417475727
            ],
            [
              101796.11650485436,
              31966.019417475727
            ],
            [
              101790.0485436893,
              31972.087378640776
            ],
            [
              101783.98058252427,
              31972.087378640776
            ],
            [
              101771.84466019417,
              31984.223300970873
            ],
            [
              101765.77669902911,
              31984.223300970873
            ],
            [
              101753.64077669902,
              31996.35922330097
            ],
            [
              101747.57281553397,
              31996.35922330097
            ],
            [
              101735.43689320388,
              32008.495145631066
            ],
            [
              101729.36893203882,
              32008.495145631066
            ],
            [
              101717.23300970873,
              32020.631067961163
            ],
            [
              101711.16504854368,
              32020.631067961163
            ],
            [
              101650.4854368932,
              32081.310679611648
            ],
            [
              101650.4854368932,
              32087.378640776697
            ],
            [
              101644.41747572814,
              32093.446601941745
            ],
            [
              101644.41747572814,
              32099.514563106794
            ],
            [
              101638.3495145631,
              32105.582524271842
            ],
            [
              101638.3495145631,
              32148.05825242718
            ],
            [
              101644.41747572814,
              32154.12621359223
            ],
            [
              101644.41747572814,
              32166.262135922327
            ],
            [
              101650.4854368932,
              32172.330097087375
            ],
            [
              101650.4854368932,
              32178.398058252424
            ],
            [
              101656.55339805824,
              32184.466019417472
            ],
            [
              101656.55339805824,
              32190.53398058252
            ],
            [
              101662.6213592233,
              32196.60194174757
            ],
            [
              101662.6213592233,
              32202.669902912618
            ],
            [
              101668.68932038834,
              32208.737864077666
            ],
            [
              101668.68932038834,
              32214.805825242714
            ],
            [
              101680.82524271843,
              32226.94174757281
            ],
            [
              101680.82524271843,
              32233.00970873786
            ],
            [
              101686.89320388349,
              32239.07766990291
            ],
            [
              101686.89320388349,
              32245.145631067957
            ],
            [
              101692.96116504853,
              32251.21359223301
            ],
            [
              101692.96116504853,
              32263.349514563106
            ],
            [
              101699.02912621359,
              32269.417475728154
            ],
            [
              101699.02912621359,
              32275.485436893203
            ],
            [
              101705.09708737863,
              32281.55339805825
            ],
            [
              101705.09708737863,
              32293.68932038835
            ],
            [
              101711.16504854368,
              32299.757281553397
            ],
            [
              101711.16504854368,
              32305.825242718445
            ],
            [
              101717.23300970873,
              32311.893203883494
            ],
            [
              101717.23300970873,
              32324.02912621359
            ],
            [
              101723.30097087378,
              32330.09708737864
            ],
            [
              101723.30097087378,
              32342.233009708736
            ],
            [
              101729.36893203882,
              32348.300970873785
            ],
            [
              101729.36893203882,
              32360.43689320388
            ],
            [
              101735.43689320388,
              32366.50485436893
            ],
            [
              101735.43689320388,
              32372.57281553398
            ],
            [
              101741.50485436892,
              32378.640776699027
            ],
            [
              101741.50485436892,
              32384.708737864075
            ],
            [
              101783.98058252427,
              32427.184466019415
            ],
            [
              101783.98058252427,
              32433.252427184463
            ],
            [
              101790.0485436893,
              32439.32038834951
            ],
            [
              101790.0485436893,
              32445.38834951456
            ],
            [
              101796.11650485436,
              32451.45631067961
            ],
            [
              101796.11650485436,
              32457.524271844657
            ],
            [
              101802.1844660194,
              32463.592233009706
            ],
            [
              101808.25242718446,
              32463.592233009706
            ],
            [
              101814.3203883495,
              32469.660194174754
            ],
            [
              101820.38834951456,
              32469.660194174754
            ],
            [
              101826.4563106796,
              32475.728155339802
            ],
            [
              101832.52427184465,
              32475.728155339802
            ],
            [
              101838.5922330097,
              32469.660194174754
            ],
            [
              101844.66019417475,
              32469.660194174754
            ],
            [
              101868.93203883494,
              32445.38834951456
            ],
            [
              101868.93203883494,
              32439.32038834951
            ],
            [
              101874.99999999999,
              32433.252427184463
            ],
            [
              101874.99999999999,
              32421.116504854366
            ],
            [
              101881.06796116504,
              32415.048543689318
            ],
            [
              101881.06796116504,
              32390.776699029124
            ],
            [
              101887.13592233008,
              32384.708737864075
            ],
            [
              101887.13592233008,
              32202.669902912618
            ],
            [
              101893.20388349514,
              32196.60194174757
            ],
            [
              101893.20388349514,
              32172.330097087375
            ],
            [
              101899.27184466018,
              32166.262135922327
            ],
            [
              101899.27184466018,
              32154.12621359223
            ],
            [
              101905.33980582524,
              32148.05825242718
            ],
            [
              101905.33980582524,
              32123.786407766987
            ],
            [
              101911.40776699028,
              32117.71844660194
            ],
            [
              101911.40776699028,
              32081.310679611648
            ],
            [
              101917.47572815533,
              32075.2427184466
            ],
            [
              101917.47572815533,
              32044.902912621357
            ],
            [
              101911.40776699028,
              32038.83495145631
            ],
            [
              101911.40776699028,
              32032.76699029126
            ],
            [
              101905.33980582524,
              32026.699029126212
            ],
            [
              101905.33980582524,
              32020.631067961163
            ],
            [
              101893.20388349514,
              32008.495145631066
            ],
            [
              101893.20388349514,
              32002.427184466018
            ],
            [
              101856.79611650485,
              31966.019417475727
            ],
            [
              101850.72815533979,
              31966.019417475727
            ],
            [
              101844.66019417475,
              31959.95145631068
            ],
            [
              101808.25242718446,
              31959.95145631068
            ]
          ]
        ]
      }
    },
    {
      "type": "Feature",
      "properties": {
        "class_id": 4,
        "classification": "PenMarking",
        "area": 128741.66391742857
      },
      "geometry": {
        "type": "Polygon",
        "coordinates": [
          [
            [
              29411.407766990287,
              25794.902912621357
            ],
            [
              29405.33980582524,
              25800.970873786406
            ],
            [
              29393.20388349514,
              25800.970873786406
            ],
            [
              29387.135922330093,
              25807.038834951454
            ],
            [
              29381.067961165045,
              25807.038834951454
            ],
            [
              29368.932038834948,
              25819.17475728155
            ],
            [
              29362.8640776699,
              25819.17475728155
            ],
            [
              29338.592233009706,
              25843.446601941745
            ],
            [
              29338.592233009706,
              25849.514563106794
            ],
            [
              29332.524271844657,
              25855.582524271842
            ],
            [
              29332.524271844657,
              25861.65048543689
            ],
            [
              29326.45631067961,
              25867.71844660194
            ],
            [
              29326.45631067961,
              25873.786407766987
            ],
            [
              29320.38834951456,
              25879.854368932036
            ],
            [
              29320.38834951456,
              25885.922330097084
            ],
            [
              29314.32038834951,
              25891.990291262133
            ],
            [
              29314.32038834951,
              25898.05825242718
            ],
            [
              29308.252427184463,
              25904.12621359223
            ],
            [
              29308.252427184463,
              25922.330097087375
            ],
            [
              29302.184466019415,
              25928.398058252424
            ],
            [
              29302.184466019415,
              25989.077669902912
            ],
            [
              29308.252427184463,
              25995.14563106796
            ],
            [
              29308.252427184463,
              26013.349514563106
            ],
            [
              29314.32038834951,
              26019.417475728154
            ],
            [
              29308.252427184463,
              26025.485436893203
            ],
            [
              29308.252427184463,
              26043.68932038835
            ],
            [
              29314.32038834951,
              26049.757281553397
            ],
            [
              29314.32038834951,
              26067.961165048542
            ],
            [
              29320.38834951456,
              26074.02912621359
            ],
            [
              29320.38834951456,
              26080.09708737864
            ],
            [
              29326.45631067961,
              26086.165048543688
            ],
            [
              29326.45631067961,
              26110.43689320388
            ],
            [
              29332.524271844657,
              26116.50485436893
            ],
            [
              29332.524271844657,
              26140.776699029124
            ],
            [
              29338.592233009706,
              26146.844660194172
            ],
            [
              29338.592233009706,
              26152.91262135922
            ],
            [
              29350.728155339802,
              26165.048543689318
            ],
            [
              29350.728155339802,
              26171.116504854366
            ],
            [
              29356.79611650485,
              26177.184466019415
            ],
            [
              29356.79611650485,
              26183.252427184463
            ],
            [
              29393.20388349514,
              26219.660194174754
            ],
            [
              29399.27184466019,
              26219.660194174754
            ],
            [
              29405.33980582524,
              26225.728155339802
            ],
            [
              29417.47572815534,
              26225.728155339802
            ],
            [
              29423.543689320388,
              26231.79611650485
            ],
            [
              29453.88349514563,
              26231.79611650485
            ],
            [
              29459.95145631068,
              26225.728155339802
            ],
            [
              29466.019417475727,
              26225.728155339802
            ],
            [
              29472.087378640776,
              26219.660194174754
            ],
            [
              29478.155339805824,
              26219.660194174754
            ],
            [
              29484.223300970873,
              26213.592233009706
            ],
            [
              29490.29126213592,
              26213.592233009706
            ],
            [
              29496.35922330097,
              26207.524271844657
            ],
            [
              29502.427184466018,
              26207.524271844657
            ],
            [
              29508.495145631066,
              26201.45631067961
            ],
            [
              29514.563106796115,
              26201.45631067961
            ],
            [
              29520.631067961163,
              26195.38834951456
            ],
            [
              29526.699029126212,
              26195.38834951456
            ],
            [
              29532.76699029126,
              26189.32038834951
            ],
            [
              29538.83495145631,
              26189.32038834951
            ],
            [
              29544.902912621357,
              26183.252427184463
            ],
            [
              29550.970873786406,
              26183.252427184463
            ],
            [
              29557.038834951454,
              26177.184466019415
            ],
            [
              29563.106796116503,
              26177.184466019415
            ],
            [
              29575.2427184466,
              26165.048543689318
            ],
            [
              29581.310679611648,
              26165.048543689318
            ],
            [
              29587.378640776697,
              26158.98058252427
            ],
            [
              29599.514563106794,
              26158.98058252427
            ],
            [
              29605.582524271842,
              26165.048543689318
            ],
            [
              29611.65048543689,
              26165.048543689318
            ],
            [
              29617.71844660194,
              26171.116504854366
            ],
            [
              29623.786407766987,
              26171.116504854366
            ],
            [
              29629.854368932036,
              26177.184466019415
            ],
            [
              29654.12621359223,
              26177.184466019415
            ],
            [
              29660.19417475728,
              26171.116504854366
            ],
            [
              29672.330097087375,
              26171.116504854366
            ],
            [
              29678.398058252424,
              26165.048543689318
            ],
            [
              29702.669902912618,
              26165.048543689318
            ],
            [
              29708.737864077666,
              26158.98058252427
            ],
            [
              29720.873786407763,
              26158.98058252427
            ],
            [
              29733.009708737864,
              26146.844660194172
            ],
            [
              29733.009708737864,
              26134.708737864075
            ],
            [
              29739.077669902912,
              26128.640776699027
            ],
            [
              29733.009708737864,
              26122.57281553398
            ],
            [
              29733.009708737864,
              26116.50485436893
            ],
            [
              29726.94174757281,
              26110.43689320388
            ],
            [
              29726.94174757281,
              26104.368932038833
            ],
            [
              29720.873786407763,
              26098.300970873785
            ],
            [
              29720.873786407763,
              26092.233009708736
            ],
            [
              29714.805825242714,
              26086.165048543688
            ],
            [
              29714.805825242714,
              26055.825242718445
            ],
            [
              29708.737864077666,
              26049.757281553397
            ],
            [
              29708.737864077666,
              26037.6213592233
            ],
            [
              29702.669902912618,
              26031.55339805825
            ],
            [
              29702.669902912618,
              26025.485436893203
            ],
            [
              29690.53398058252,
              26013.349514563106
            ],
            [
              29684.466019417472,
              26013.349514563106
            ],
            [
              29672.330097087375,
              26001.21359223301
            ],
            [
              29666.262135922327,
              26001.21359223301
            ],
            [
              29648.05825242718,
              25983.009708737864
            ],
            [
              29648.05825242718,
              25976.941747572815
            ],
            [
              29641.990291262133,
              25970.873786407767
            ],
            [
              29641.990291262133,
              25958.73786407767
            ],
            [
              29635.922330097084,
              25952.669902912618
            ],
            [
              29635.922330097084,
              25940.53398058252
            ],
            [
              29629.854368932036,
              25934.466019417472
            ],
            [
              29629.854368932036,
              25910.19417475728
            ],
            [
              29623.786407766987,
              25904.12621359223
            ],
            [
              29623.786407766987,
              25898.05825242718
            ],
            [
              29617.71844660194,
              25891.990291262133
            ],
            [
              29611.65048543689,
              25891.990291262133
            ],
            [
              29605.582524271842,
              25885.922330097084
            ],
            [
              29599.514563106794,
              25885.922330097084
            ],
            [
              29593.446601941745,
              25879.854368932036
            ],
            [
              29587.378640776697,
              25879.854368932036
            ],
            [
              29569.17475728155,
              25861.65048543689
            ],
            [
              29569.17475728155,
              25855.582524271842
            ],
            [
              29550.970873786406,
              25837.378640776697
            ],
            [
              29538.83495145631,
              25837.378640776697
            ],
            [
              29532.76699029126,
              25831.310679611648
            ],
            [
              29526.699029126212,
              25831.310679611648
            ],
            [
              29520.631067961163,
              25825.2427184466
            ],
            [
              29508.495145631066,
              25825.2427184466
            ],
            [
              29502.427184466018,
              25819.17475728155
            ],
            [
              29490.29126213592,
              25819.17475728155
            ],
            [
              29484.223300970873,
              25813.106796116503
            ],
            [
              29466.019417475727,
              25813.106796116503
            ],
            [
              29459.95145631068,
              25807.038834951454
            ],
            [
              29447.81553398058,
              25807.038834951454
            ],
            [
              29441.747572815533,
              25800.970873786406
            ],
            [
              29423.543689320388,
              25800.970873786406
            ],
            [
              29417.47572815534,
              25794.902912621357
            ],
            [
              29411.407766990287,
              25794.902912621357
            ]
          ]
        ]
      }
    },
    {
      "type": "Feature",
      "properties": {
        "class_id": 4,
        "classification": "PenMarking",
        "area": 104366.7228296729
      },
      "geometry": {
        "type": "Polygon",
        "coordinates": [
          [
            [
              37263.3495145631,
              19217.233009708736
            ],
            [
              37263.3495145631,
              19223.300970873785
            ],
            [
              37257.281553398054,
              19229.368932038833
            ],
            [
              37257.281553398054,
              19247.57281553398
            ],
            [
              37251.213592233005,
              19253.640776699027
            ],
            [
              37251.213592233005,
              19259.708737864075
            ],
            [
              37245.14563106796,
              19265.776699029124
            ],
            [
              37245.14563106796,
              19271.844660194172
            ],
            [
              37239.07766990291,
              19277.91262135922
            ],
            [
              37239.07766990291,
              19290.048543689318
            ],
            [
              37214.805825242714,
              19314.32038834951
            ],
            [
              37208.737864077666,
              19314.32038834951
            ],
            [
              37202.66990291262,
              19320.38834951456
            ],
            [
              37196.60194174757,
              19320.38834951456
            ],
            [
              37190.53398058252,
              19326.45631067961
            ],
            [
              37190.53398058252,
              19344.660194174754
            ],
            [
              37196.60194174757,
              19350.728155339806
            ],
            [
              37196.60194174757,
              19368.93203883495
            ],
            [
              37190.53398058252,
              19375.0
            ],
            [
              37190.53398058252,
              19381.06796116505
            ],
            [
              37172.330097087375,
              19399.271844660194
            ],
            [
              37172.330097087375,
              19405.339805825242
            ],
            [
              37148.05825242718,
              19429.611650485436
            ],
            [
              37141.99029126213,
              19429.611650485436
            ],
            [
              37135.922330097084,
              19435.679611650485
            ],
            [
              37129.854368932036,
              19435.679611650485
            ],
            [
              37129.854368932036,
              19441.747572815533
            ],
            [
              37111.65048543689,
              19459.95145631068
            ],
            [
              37111.65048543689,
              19466.019417475727
            ],
            [
              37099.51456310679,
              19478.155339805824
            ],
            [
              37099.51456310679,
              19484.223300970873
            ],
            [
              37069.17475728155,
              19514.563106796115
            ],
            [
              37063.1067961165,
              19514.563106796115
            ],
            [
              37050.970873786406,
              19526.699029126212
            ],
            [
              37050.970873786406,
              19550.970873786406
            ],
            [
              37038.83495145631,
              19563.106796116503
            ],
            [
              37038.83495145631,
              19569.17475728155
            ],
            [
              37032.76699029126,
              19575.2427184466
            ],
            [
              37032.76699029126,
              19593.446601941745
            ],
            [
              37038.83495145631,
              19599.514563106794
            ],
            [
              37038.83495145631,
              19605.582524271842
            ],
            [
              37044.90291262136,
              19611.65048543689
            ],
            [
              37044.90291262136,
              19617.71844660194
            ],
            [
              37050.970873786406,
              19623.786407766987
            ],
            [
              37050.970873786406,
              19648.05825242718
            ],
            [
              37063.1067961165,
              19660.19417475728
            ],
            [
              37069.17475728155,
              19660.19417475728
            ],
            [
              37075.2427184466,
              19666.26213592233
            ],
            [
              37081.31067961165,
              19660.19417475728
            ],
            [
              37111.65048543689,
              19660.19417475728
            ],
            [
              37123.78640776699,
              19672.33009708738
            ],
            [
              37123.78640776699,
              19690.533980582524
            ],
            [
              37111.65048543689,
              19702.66990291262
            ],
            [
              37111.65048543689,
              19714.805825242718
            ],
            [
              37105.58252427184,
              19720.873786407767
            ],
            [
              37111.65048543689,
              19726.941747572815
            ],
            [
              37117.71844660194,
              19726.941747572815
            ],
            [
              37123.78640776699,
              19733.009708737864
            ],
            [
              37129.854368932036,
              19733.009708737864
            ],
            [
              37141.99029126213,
              19745.14563106796
            ],
            [
              37141.99029126213,
              19751.21359223301
            ],
            [
              37148.05825242718,
              19757.281553398057
            ],
            [
              37148.05825242718,
              19775.485436893203
            ],
            [
              37141.99029126213,
              19781.55339805825
            ],
            [
              37141.99029126213,
              19787.6213592233
            ],
            [
              37148.05825242718,
              19793.68932038835
            ],
            [
              37148.05825242718,
              19805.825242718445
            ],
            [
              37154.12621359223,
              19811.893203883494
            ],
            [
              37154.12621359223,
              19817.961165048542
            ],
            [
              37160.19417475728,
              19824.02912621359
            ],
            [
              37160.19417475728,
              19848.300970873785
            ],
            [
              37166.26213592233,
              19854.368932038833
            ],
            [
              37166.26213592233,
              19866.50485436893
            ],
            [
              37172.330097087375,
              19872.57281553398
            ],
            [
              37172.330097087375,
              19884.708737864075
            ],
            [
              37178.398058252424,
              19890.776699029124
            ],
            [
              37178.398058252424,
              19927.184466019415
            ],
            [
              37184.46601941747,
              19933.252427184463
            ],
            [
              37184.46601941747,
              19939.32038834951
            ],
            [
              37196.60194174757,
              19951.45631067961
            ],
            [
              37196.60194174757,
              20006.06796116505
            ],
            [
              37233.00970873786,
              20042.47572815534
            ],
            [
              37239.07766990291,
              20042.47572815534
            ],
            [
              37245.14563106796,
              20048.543689320388
            ],
            [
              37257.281553398054,
              20048.543689320388
            ],
            [
              37263.3495145631,
              20054.611650485436
            ],
            [
              37269.41747572815,
              20048.543689320388
            ],
            [
              37275.4854368932,
              20048.543689320388
            ],
            [
              37275.4854368932,
              19229.368932038833
            ],
            [
              37263.3495145631,
              19217.233009708736
            ]
          ]
        ]
      }
    },
    {
      "type": "Feature",
      "properties": {
        "class_id": 4,
        "classification": "PenMarking",
        "area": 3553.1447356018466
      },
      "geometry": {
        "type": "Polygon",
        "coordinates": [
          [
            [
              100418.68932038834,
              18586.165048543688
            ],
            [
              100388.3495145631,
              18616.50485436893
            ],
            [
              100388.3495145631,
              18622.57281553398
            ],
            [
              100400.4854368932,
              18634.708737864075
            ],
            [
              100491.50485436892,
              18634.708737864075
            ],
            [
              100497.57281553397,
              18628.640776699027
            ],
            [
              100503.64077669902,
              18628.640776699027
            ],
            [
              100509.70873786407,
              18622.57281553398
            ],
            [
              100503.64077669902,
              18616.50485436893
            ],
            [
              100497.57281553397,
              18616.50485436893
            ],
            [
              100491.50485436892,
              18610.43689320388
            ],
            [
              100479.36893203882,
              18610.43689320388
            ],
            [
              100473.30097087378,
              18604.368932038833
            ],
            [
              100442.96116504853,
              18604.368932038833
            ],
            [
              100424.7572815534,
              18586.165048543688
            ],
            [
              100418.68932038834,
              18586.165048543688
            ]
          ]
        ]
      }
    },
    {
      "type": "Feature",
      "properties": {
        "class_id": 4,
        "classification": "PenMarking",
        "area": 2706.2812234894895
      },
      "geometry": {
        "type": "Polygon",
        "coordinates": [
          [
            [
              24453.88349514563,
              18567.961165048542
            ],
            [
              24447.81553398058,
              18574.02912621359
            ],
            [
              24441.747572815533,
              18574.02912621359
            ],
            [
              24435.679611650485,
              18580.09708737864
            ],
            [
              24429.611650485436,
              18580.09708737864
            ],
            [
              24417.47572815534,
              18592.233009708736
            ],
            [
              24411.40776699029,
              18592.233009708736
            ],
            [
              24405.339805825242,
              18598.300970873785
            ],
            [
              24405.339805825242,
              18628.640776699027
            ],
            [
              24411.40776699029,
              18634.708737864075
            ],
            [
              24447.81553398058,
              18634.708737864075
            ],
            [
              24453.88349514563,
              18628.640776699027
            ],
            [
              24453.88349514563,
              18610.43689320388
            ],
            [
              24459.95145631068,
              18604.368932038833
            ],
            [
              24459.95145631068,
              18574.02912621359
            ],
            [
              24453.88349514563,
              18567.961165048542
            ]
          ]
        ]
      }
    },
    {
      "type": "Feature",
      "properties": {
        "class_id": 4,
        "classification": "PenMarking",
        "area": 192256.42732585536
      },
      "geometry": {
        "type": "Polygon",
        "coordinates": [
          [
            [
              133567.96116504853,
              16377.427184466018
            ],
            [
              133561.8932038835,
              16383.495145631066
            ],
            [
              133555.82524271845,
              16383.495145631066
            ],
            [
              133513.3495145631,
              16425.970873786406
            ],
            [
              133507.28155339806,
              16425.970873786406
            ],
            [
              133501.213592233,
              16432.038834951454
            ],
            [
              133495.14563106795,
              16432.038834951454
            ],
            [
              133489.0776699029,
              16438.106796116503
            ],
            [
              133483.00970873787,
              16438.106796116503
            ],
            [
              133476.9417475728,
              16444.17475728155
            ],
            [
              133476.9417475728,
              16450.2427184466
            ],
            [
              133434.46601941748,
              16492.71844660194
            ],
            [
              133434.46601941748,
              16498.786407766987
            ],
            [
              133422.33009708737,
              16510.922330097084
            ],
            [
              133422.33009708737,
              16516.990291262133
            ],
            [
              133416.26213592233,
              16523.058252427185
            ],
            [
              133416.26213592233,
              16529.126213592233
            ],
            [
              133410.1941747573,
              16535.194174757282
            ],
            [
              133410.1941747573,
              16547.33009708738
            ],
            [
              133404.12621359222,
              16553.398058252427
            ],
            [
              133404.12621359222,
              16565.533980582524
            ],
            [
              133398.05825242717,
              16571.601941747573
            ],
            [
              133398.05825242717,
              16583.73786407767
            ],
            [
              133391.99029126213,
              16589.805825242718
            ],
            [
              133391.99029126213,
              16595.873786407767
            ],
            [
              133385.92233009706,
              16601.941747572815
            ],
            [
              133385.92233009706,
              16608.009708737864
            ],
            [
              133379.85436893202,
              16614.077669902912
            ],
            [
              133379.85436893202,
              16692.961165048542
            ],
            [
              133385.92233009706,
              16699.02912621359
            ],
            [
              133385.92233009706,
              16729.368932038833
            ],
            [
              133391.99029126213,
              16735.43689320388
            ],
            [
              133391.99029126213,
              16753.640776699027
            ],
            [
              133398.05825242717,
              16759.708737864075
            ],
            [
              133398.05825242717,
              16771.844660194172
            ],
            [
              133404.12621359222,
              16777.91262135922
            ],
            [
              133404.12621359222,
              16802.184466019415
            ],
            [
              133410.1941747573,
              16808.252427184463
            ],
            [
              133410.1941747573,
              16826.45631067961
            ],
            [
              133416.26213592233,
              16832.52427184466
            ],
            [
              133416.26213592233,
              16844.660194174758
            ],
            [
              133422.33009708737,
              16850.728155339806
            ],
            [
              133422.33009708737,
              16862.864077669903
            ],
            [
              133428.3980582524,
              16868.93203883495
            ],
            [
              133428.3980582524,
              16887.135922330097
            ],
            [
              133434.46601941748,
              16893.203883495145
            ],
            [
              133434.46601941748,
              16905.339805825242
            ],
            [
              133440.53398058252,
              16911.40776699029
            ],
            [
              133440.53398058252,
              16923.543689320388
            ],
            [
              133446.60194174756,
              16929.611650485436
            ],
            [
              133446.60194174756,
              16959.95145631068
            ],
            [
              133440.53398058252,
              16966.019417475727
            ],
            [
              133440.53398058252,
              16990.29126213592
            ],
            [
              133446.60194174756,
              16996.35922330097
            ],
            [
              133446.60194174756,
              17008.495145631066
            ],
            [
              133452.6699029126,
              17014.563106796115
            ],
            [
              133452.6699029126,
              17075.2427184466
            ],
            [
              133458.73786407767,
              17081.310679611648
            ],
            [
              133458.73786407767,
              17093.446601941745
            ],
            [
              133464.8058252427,
              17099.514563106794
            ],
            [
              133464.8058252427,
              17105.582524271842
            ],
            [
              133476.9417475728,
              17117.71844660194
            ],
            [
              133476.9417475728,
              17123.786407766987
            ],
            [
              133495.14563106795,
              17141.990291262133
            ],
            [
              133495.14563106795,
              17148.058252427185
            ],
            [
              133519.41747572814,
              17172.33009708738
            ],
            [
              133519.41747572814,
              17178.398058252427
            ],
            [
              133525.48543689318,
              17184.466019417476
            ],
            [
              133525.48543689318,
              17208.73786407767
            ],
            [
              133519.41747572814,
              17214.805825242718
            ],
            [
              133519.41747572814,
              17233.009708737864
            ],
            [
              133525.48543689318,
              17239.077669902912
            ],
            [
              133525.48543689318,
              17257.281553398057
            ],
            [
              133519.41747572814,
              17263.349514563106
            ],
            [
              133519.41747572814,
              17269.417475728154
            ],
            [
              133507.28155339806,
              17281.55339805825
            ],
            [
              133501.213592233,
              17281.55339805825
            ],
            [
              133495.14563106795,
              17287.6213592233
            ],
            [
              133489.0776699029,
              17287.6213592233
            ],
            [
              133476.9417475728,
              17299.757281553397
            ],
            [
              133476.9417475728,
              17342.233009708736
            ],
            [
              133464.8058252427,
              17354.368932038833
            ],
            [
              133464.8058252427,
              17360.43689320388
            ],
            [
              133458.73786407767,
              17366.50485436893
            ],
            [
              133458.73786407767,
              17372.57281553398
            ],
            [
              133452.6699029126,
              17378.640776699027
            ],
            [
              133452.6699029126,
              17384.708737864075
            ],
            [
              133458.73786407767,
              17390.776699029124
            ],
            [
              133476.9417475728,
              17390.776699029124
            ],
            [
              133483.00970873787,
              17396.844660194172
            ],
            [
              133489.0776699029,
              17396.844660194172
            ],
            [
              133507.28155339806,
              17415.048543689318
            ],
            [
              133507.28155339806,
              17445.38834951456
            ],
            [
              133489.0776699029,
              17463.59223300971
            ],
            [
              133483.00970873787,
              17463.59223300971
            ],
            [
              133476.9417475728,
              17469.660194174758
            ],
            [
              133470.87378640776,
              17469.660194174758
            ],
            [
              133464.8058252427,
              17463.59223300971
            ],
            [
              133458.73786407767,
              17463.59223300971
            ],
            [
              133440.53398058252,
              17445.38834951456
            ],
            [
              133440.53398058252,
              17439.32038834951
            ],
            [
              133434.46601941748,
              17433.252427184463
            ],
            [
              133434.46601941748,
              17427.184466019415
            ],
            [
              133428.3980582524,
              17421.116504854366
            ],
            [
              133422.33009708737,
              17427.184466019415
            ],
            [
              133416.26213592233,
              17427.184466019415
            ],
            [
              133410.1941747573,
              17433.252427184463
            ],
            [
              133410.1941747573,
              17439.32038834951
            ],
            [
              133404.12621359222,
              17445.38834951456
            ],
            [
              133404.12621359222,
              17463.59223300971
            ],
            [
              133416.26213592233,
              17475.728155339806
            ],
            [
              133416.26213592233,
              17481.796116504855
            ],
            [
              133422.33009708737,
              17481.796116504855
            ],
            [
              133434.46601941748,
              17493.93203883495
            ],
            [
              133434.46601941748,
              17500.0
            ],
            [
              133440.53398058252,
              17506.06796116505
            ],
            [
              133440.53398058252,
              17536.40776699029
            ],
            [
              133434.46601941748,
              17542.47572815534
            ],
            [
              133434.46601941748,
              17566.747572815533
            ],
            [
              133440.53398058252,
              17572.81553398058
            ],
            [
              133440.53398058252,
              17584.95145631068
            ],
            [
              133446.60194174756,
              17591.019417475727
            ],
            [
              133446.60194174756,
              17609.223300970873
            ],
            [
              133452.6699029126,
              17615.29126213592
            ],
            [
              133452.6699029126,
              17645.631067961163
            ],
            [
              133458.73786407767,
              17651.699029126212
            ],
            [
              133458.73786407767,
              17669.902912621357
            ],
            [
              133464.8058252427,
              17675.970873786406
            ],
            [
              133464.8058252427,
              17688.106796116503
            ],
            [
              133470.87378640776,
              17694.17475728155
            ],
            [
              133470.87378640776,
              17712.378640776697
            ],
            [
              133476.9417475728,
              17718.446601941745
            ],
            [
              133476.9417475728,
              17736.65048543689
            ],
            [
              133483.00970873787,
              17742.71844660194
            ],
            [
              133483.00970873787,
              17748.786407766987
            ],
            [
              133495.14563106795,
              17760.922330097084
            ],
            [
              133495.14563106795,
              17766.990291262133
            ],
            [
              133507.28155339806,
              17779.126213592233
            ],
            [
              133513.3495145631,
              17779.126213592233
            ],
            [
              133537.6213592233,
              17803.398058252427
            ],
            [
              133537.6213592233,
              17809.466019417476
            ],
            [
              133549.75728155338,
              17821.601941747573
            ],
            [
              133549.75728155338,
              17827.66990291262
            ],
            [
              133555.82524271845,
              17833.73786407767
            ],
            [
              133555.82524271845,
              17839.805825242718
            ],
            [
              133561.8932038835,
              17845.873786407767
            ],
            [
              133561.8932038835,
              17851.941747572815
            ],
            [
              133574.02912621357,
              17864.077669902912
            ],
            [
              133580.09708737864,
              17858.009708737864
            ],
            [
              133586.16504854368,
              17858.009708737864
            ],
            [
              133586.16504854368,
              16383.495145631066
            ],
            [
              133580.09708737864,
              16377.427184466018
            ],
            [
              133567.96116504853,
              16377.427184466018
            ]
          ]
        ]
      }
    },
    {
      "type": "Feature",
      "properties": {
        "class_id": 4,
        "classification": "PenMarking",
        "area": 3056.0726741445933
      },
      "geometry": {
        "type": "Polygon",
        "coordinates": [
          [
            [
              18622.57281553398,
              13986.650485436892
            ],
            [
              18616.50485436893,
              13992.71844660194
            ],
            [
              18616.50485436893,
              13998.78640776699
            ],
            [
              18610.43689320388,
              14004.854368932038
            ],
            [
              18610.43689320388,
              14023.058252427183
            ],
            [
              18616.50485436893,
              14029.126213592232
            ],
            [
              18616.50485436893,
              14126.213592233009
            ],
            [
              18610.43689320388,
              14132.281553398057
            ],
            [
              18616.50485436893,
              14138.349514563106
            ],
            [
              18616.50485436893,
              14144.417475728154
            ],
            [
              18622.57281553398,
              14150.485436893203
            ],
            [
              18634.708737864075,
              14138.349514563106
            ],
            [
              18634.708737864075,
              13986.650485436892
            ],
            [
              18622.57281553398,
              13986.650485436892
            ]
          ]
        ]
      }
    },
    {
      "type": "Feature",
      "properties": {
        "class_id": 4,
        "classification": "PenMarking",
        "area": 19404.22047318314
      },
      "geometry": {
        "type": "Polygon",
        "coordinates": [
          [
            [
              18622.57281553398,
              13489.077669902912
            ],
            [
              18622.57281553398,
              13495.14563106796
            ],
            [
              18616.50485436893,
              13501.213592233009
            ],
            [
              18616.50485436893,
              13507.281553398057
            ],
            [
              18604.368932038833,
              13519.417475728154
            ],
            [
              18604.368932038833,
              13531.553398058251
            ],
            [
              18598.300970873785,
              13537.6213592233
            ],
            [
              18598.300970873785,
              13543.689320388348
            ],
            [
              18592.233009708736,
              13549.757281553397
            ],
            [
              18592.233009708736,
              13586.165048543688
            ],
            [
              18586.165048543688,
              13592.233009708736
            ],
            [
              18586.165048543688,
              13598.300970873785
            ],
            [
              18580.09708737864,
              13604.368932038833
            ],
            [
              18580.09708737864,
              13616.504854368932
            ],
            [
              18574.02912621359,
              13622.57281553398
            ],
            [
              18574.02912621359,
              13640.776699029126
            ],
            [
              18567.961165048542,
              13646.844660194174
            ],
            [
              18567.961165048542,
              13665.04854368932
            ],
            [
              18561.893203883494,
              13671.116504854368
            ],
            [
              18561.893203883494,
              13677.184466019417
            ],
            [
              18555.825242718445,
              13683.252427184465
            ],
            [
              18555.825242718445,
              13689.320388349513
            ],
            [
              18549.757281553397,
              13695.388349514562
            ],
            [
              18549.757281553397,
              13701.45631067961
            ],
            [
              18555.825242718445,
              13707.524271844659
            ],
            [
              18555.825242718445,
              13713.592233009707
            ],
            [
              18567.961165048542,
              13725.728155339804
            ],
            [
              18567.961165048542,
              13731.796116504853
            ],
            [
              18580.09708737864,
              13743.93203883495
            ],
            [
              18580.09708737864,
              13749.999999999998
            ],
            [
              18586.165048543688,
              13756.067961165047
            ],
            [
              18586.165048543688,
              13768.203883495145
            ],
            [
              18592.233009708736,
              13774.271844660194
            ],
            [
              18592.233009708736,
              13786.40776699029
            ],
            [
              18598.300970873785,
              13792.47572815534
            ],
            [
              18598.300970873785,
              13804.611650485436
            ],
            [
              18604.368932038833,
              13810.679611650485
            ],
            [
              18604.368932038833,
              13841.019417475727
            ],
            [
              18610.43689320388,
              13847.087378640776
            ],
            [
              18610.43689320388,
              13907.76699029126
            ],
            [
              18616.50485436893,
              13913.834951456309
            ],
            [
              18616.50485436893,
              13925.970873786408
            ],
            [
              18622.57281553398,
              13932.038834951456
            ],
            [
              18628.640776699027,
              13932.038834951456
            ],
            [
              18634.708737864075,
              13925.970873786408
            ],
            [
              18634.708737864075,
              13495.14563106796
            ],
            [
              18628.640776699027,
              13495.14563106796
            ],
            [
              18622.57281553398,
              13489.077669902912
            ]
          ]
        ]
      }
    },
    {
      "type": "Feature",
      "properties": {
        "class_id": 4,
        "classification": "PenMarking",
        "area": 25553.185974172866
      },
      "geometry": {
        "type": "Polygon",
        "coordinates": [
          [
            [
              143968.44660194175,
              12305.825242718445
            ],
            [
              143962.37864077667,
              12311.893203883494
            ],
            [
              143895.63106796116,
              12311.893203883494
            ],
            [
              143871.35922330097,
              12336.165048543688
            ],
            [
              143871.35922330097,
              12342.233009708736
            ],
            [
              143865.2912621359,
              12348.300970873785
            ],
            [
              143865.2912621359,
              12354.368932038835
            ],
            [
              143810.67961165047,
              12408.980582524271
            ],
            [
              143804.61165048543,
              12408.980582524271
            ],
            [
              143804.61165048543,
              12415.04854368932
            ],
            [
              143810.67961165047,
              12421.116504854368
            ],
            [
              144132.28155339806,
              12421.116504854368
            ],
            [
              144132.28155339806,
              12408.980582524271
            ],
            [
              144126.213592233,
              12402.912621359223
            ],
            [
              144126.213592233,
              12396.844660194174
            ],
            [
              144120.14563106795,
              12396.844660194174
            ],
            [
              144108.00970873787,
              12384.708737864077
            ],
            [
              144101.9417475728,
              12384.708737864077
            ],
            [
              144095.87378640776,
              12378.640776699029
            ],
            [
              144089.8058252427,
              12378.640776699029
            ],
            [
              144029.12621359222,
              12317.961165048542
            ],
            [
              144023.05825242717,
              12317.961165048542
            ],
            [
              144016.99029126213,
              12311.893203883494
            ],
            [
              144010.92233009706,
              12311.893203883494
            ],
            [
              144004.85436893202,
              12305.825242718445
            ],
            [
              143968.44660194175,
              12305.825242718445
            ]
          ]
        ]
      }
    },
    {
      "type": "Feature",
      "properties": {
        "class_id": 5,
        "classification": "Edge & Air Bubble",
        "area": 2246.0293147327734
      },
      "geometry": {
        "type": "Polygon",
        "coordinates": [
          [
            [
              68349.51456310679,
              37281.55339805825
            ],
            [
              68349.51456310679,
              37305.82524271844
            ],
            [
              68355.58252427184,
              37311.89320388349
            ],
            [
              68361.65048543688,
              37311.89320388349
            ],
            [
              68367.71844660194,
              37305.82524271844
            ],
            [
              68379.85436893204,
              37305.82524271844
            ],
            [
              68385.92233009708,
              37299.75728155339
            ],
            [
              68391.99029126213,
              37299.75728155339
            ],
            [
              68398.05825242717,
              37305.82524271844
            ],
            [
              68428.39805825242,
              37305.82524271844
            ],
            [
              68434.46601941746,
              37299.75728155339
            ],
            [
              68440.53398058252,
              37299.75728155339
            ],
            [
              68446.60194174756,
              37293.689320388345
            ],
            [
              68446.60194174756,
              37281.55339805825
            ],
            [
              68349.51456310679,
              37281.55339805825
            ]
          ]
        ]
      }
    },
    {
      "type": "Feature",
      "properties": {
        "class_id": 5,
        "classification": "Edge & Air Bubble",
        "area": 165.69068715241772
      },
      "geometry": {
        "type": "Polygon",
        "coordinates": [
          [
            [
              161559.46601941745,
              21468.446601941745
            ],
            [
              161559.46601941745,
              21480.582524271842
            ],
            [
              161565.53398058252,
              21480.582524271842
            ],
            [
              161571.60194174756,
              21486.65048543689
            ],
            [
              161571.60194174756,
              21468.446601941745
            ],
            [
              161559.46601941745,
              21468.446601941745
            ]
          ]
        ]
      }
    },
    {
      "type": "Feature",
      "properties": {
        "class_id": 6,
        "classification": "OOF",
        "area": 349.7914506551041
      },
      "geometry": {
        "type": "Polygon",
        "coordinates": [
          [
            [
              93106.79611650485,
              41250.0
            ],
            [
              93100.72815533979,
              41256.06796116505
            ],
            [
              93100.72815533979,
              41262.1359223301
            ],
            [
              93106.79611650485,
              41268.203883495145
            ],
            [
              93106.79611650485,
              41274.271844660194
            ],
            [
              93112.86407766989,
              41274.271844660194
            ],
            [
              93118.93203883494,
              41268.203883495145
            ],
            [
              93118.93203883494,
              41250.0
            ],
            [
              93106.79611650485,
              41250.0
            ]
          ]
        ]
      }
    },
    {
      "type": "Feature",
      "properties": {
        "class_id": 6,
        "classification": "OOF",
        "area": 55.2302290508059
      },
      "geometry": {
        "type": "Polygon",
        "coordinates": [
          [
            [
              2809.4660194174753,
              37445.388349514564
            ],
            [
              2809.4660194174753,
              37451.45631067961
            ],
            [
              2821.6019417475727,
              37451.45631067961
            ],
            [
              2815.5339805825242,
              37445.388349514564
            ],
            [
              2809.4660194174753,
              37445.388349514564
            ]
          ]
        ]
      }
    },
    {
      "type": "Feature",
      "properties": {
        "class_id": 6,
        "classification": "OOF",
        "area": 1101180.3068149681
      },
      "geometry": {
        "type": "Polygon",
        "coordinates": [
          [
            [
              35509.70873786407,
              34617.71844660194
            ],
            [
              35503.64077669902,
              34623.78640776699
            ],
            [
              35497.572815533975,
              34623.78640776699
            ],
            [
              35491.504854368926,
              34629.854368932036
            ],
            [
              35485.43689320388,
              34629.854368932036
            ],
            [
              35479.36893203883,
              34635.922330097084
            ],
            [
              35479.36893203883,
              34641.99029126213
            ],
            [
              35467.23300970873,
              34654.12621359223
            ],
            [
              35467.23300970873,
              34660.19417475728
            ],
            [
              35461.165048543684,
              34666.26213592233
            ],
            [
              35388.3495145631,
              34666.26213592233
            ],
            [
              35382.281553398054,
              34672.330097087375
            ],
            [
              35376.213592233005,
              34672.330097087375
            ],
            [
              35370.14563106796,
              34678.398058252424
            ],
            [
              35364.07766990291,
              34678.398058252424
            ],
            [
              35345.87378640776,
              34696.60194174757
            ],
            [
              35345.87378640776,
              34708.737864077666
            ],
            [
              35339.805825242714,
              34714.805825242714
            ],
            [
              35339.805825242714,
              34720.87378640776
            ],
            [
              35333.737864077666,
              34726.94174757281
            ],
            [
              35333.737864077666,
              34733.00970873786
            ],
            [
              35327.66990291262,
              34739.07766990291
            ],
            [
              35327.66990291262,
              34745.14563106796
            ],
            [
              35315.53398058252,
              34757.281553398054
            ],
            [
              35309.46601941747,
              34757.281553398054
            ],
            [
              35303.398058252424,
              34763.3495145631
            ],
            [
              35297.330097087375,
              34763.3495145631
            ],
            [
              35291.26213592233,
              34769.41747572815
            ],
            [
              35285.19417475728,
              34769.41747572815
            ],
            [
              35279.12621359223,
              34775.4854368932
            ],
            [
              35273.05825242718,
              34775.4854368932
            ],
            [
              35266.99029126213,
              34781.55339805825
            ],
            [
              35260.922330097084,
              34781.55339805825
            ],
            [
              35254.854368932036,
              34787.621359223296
            ],
            [
              35242.71844660194,
              34787.621359223296
            ],
            [
              35236.65048543689,
              34793.689320388345
            ],
            [
              35224.51456310679,
              34793.689320388345
            ],
            [
              35224.51456310679,
              34805.82524271844
            ],
            [
              35206.31067961165,
              34824.02912621359
            ],
            [
              35194.17475728155,
              34824.02912621359
            ],
            [
              35188.1067961165,
              34817.96116504854
            ],
            [
              35188.1067961165,
              34811.89320388349
            ],
            [
              35182.038834951454,
              34817.96116504854
            ],
            [
              35175.970873786406,
              34817.96116504854
            ],
            [
              35169.90291262136,
              34824.02912621359
            ],
            [
              35163.83495145631,
              34824.02912621359
            ],
            [
              35157.76699029126,
              34830.097087378635
            ],
            [
              35139.563106796115,
              34830.097087378635
            ],
            [
              35133.49514563107,
              34836.165048543684
            ],
            [
              35121.35922330097,
              34836.165048543684
            ],
            [
              35115.29126213592,
              34842.23300970873
            ],
            [
              35109.22330097087,
              34842.23300970873
            ],
            [
              35103.155339805824,
              34848.30097087378
            ],
            [
              35097.087378640776,
              34848.30097087378
            ],
            [
              35091.01941747573,
              34854.36893203883
            ],
            [
              35060.679611650485,
              34854.36893203883
            ],
            [
              35054.611650485436,
              34848.30097087378
            ],
            [
              35030.33980582524,
              34848.30097087378
            ],
            [
              35024.271844660194,
              34854.36893203883
            ],
            [
              35024.271844660194,
              34878.64077669902
            ],
            [
              35018.203883495145,
              34884.70873786407
            ],
            [
              35018.203883495145,
              34896.84466019417
            ],
            [
              34993.93203883495,
              34921.11650485436
            ],
            [
              34951.45631067961,
              34921.11650485436
            ],
            [
              34945.388349514564,
              34927.18446601942
            ],
            [
              34927.18446601942,
              34927.18446601942
            ],
            [
              34902.91262135922,
              34951.45631067961
            ],
            [
              34902.91262135922,
              34963.59223300971
            ],
            [
              34896.84466019417,
              34969.66019417476
            ],
            [
              34896.84466019417,
              34987.8640776699
            ],
            [
              34884.70873786407,
              35000.0
            ],
            [
              34884.70873786407,
              35012.1359223301
            ],
            [
              34878.64077669902,
              35018.203883495145
            ],
            [
              34878.64077669902,
              35030.33980582524
            ],
            [
              34884.70873786407,
              35036.40776699029
            ],
            [
              34884.70873786407,
              35042.47572815534
            ],
            [
              34890.77669902912,
              35048.54368932039
            ],
            [
              34890.77669902912,
              35054.611650485436
            ],
            [
              34908.980582524266,
              35072.81553398058
            ],
            [
              34915.048543689314,
              35072.81553398058
            ],
            [
              34927.18446601942,
              35084.95145631068
            ],
            [
              34933.25242718447,
              35084.95145631068
            ],
            [
              34945.388349514564,
              35097.087378640776
            ],
            [
              34951.45631067961,
              35097.087378640776
            ],
            [
              34969.66019417476,
              35115.29126213592
            ],
            [
              34975.728155339806,
              35115.29126213592
            ],
            [
              34981.796116504855,
              35121.35922330097
            ],
            [
              34987.8640776699,
              35121.35922330097
            ],
            [
              34993.93203883495,
              35127.42718446602
            ],
            [
              35000.0,
              35127.42718446602
            ],
            [
              35006.06796116505,
              35133.49514563107
            ],
            [
              35012.1359223301,
              35133.49514563107
            ],
            [
              35018.203883495145,
              35139.563106796115
            ],
            [
              35030.33980582524,
              35139.563106796115
            ],
            [
              35036.40776699029,
              35145.63106796116
            ],
            [
              35048.54368932039,
              35145.63106796116
            ],
            [
              35054.611650485436,
              35151.69902912621
            ],
            [
              35109.22330097087,
              35151.69902912621
            ],
            [
              35115.29126213592,
              35145.63106796116
            ],
            [
              35121.35922330097,
              35145.63106796116
            ],
            [
              35127.42718446602,
              35139.563106796115
            ],
            [
              35133.49514563107,
              35139.563106796115
            ],
            [
              35139.563106796115,
              35133.49514563107
            ],
            [
              35145.63106796116,
              35133.49514563107
            ],
            [
              35151.69902912621,
              35127.42718446602
            ],
            [
              35163.83495145631,
              35127.42718446602
            ],
            [
              35169.90291262136,
              35121.35922330097
            ],
            [
              35188.1067961165,
              35121.35922330097
            ],
            [
              35194.17475728155,
              35127.42718446602
            ],
            [
              35200.2427184466,
              35127.42718446602
            ],
            [
              35206.31067961165,
              35133.49514563107
            ],
            [
              35212.3786407767,
              35133.49514563107
            ],
            [
              35224.51456310679,
              35145.63106796116
            ],
            [
              35230.58252427184,
              35145.63106796116
            ],
            [
              35242.71844660194,
              35157.76699029126
            ],
            [
              35242.71844660194,
              35163.83495145631
            ],
            [
              35254.854368932036,
              35175.970873786406
            ],
            [
              35254.854368932036,
              35182.038834951454
            ],
            [
              35285.19417475728,
              35212.3786407767
            ],
            [
              35291.26213592233,
              35212.3786407767
            ],
            [
              35315.53398058252,
              35236.65048543689
            ],
            [
              35315.53398058252,
              35242.71844660194
            ],
            [
              35327.66990291262,
              35254.854368932036
            ],
            [
              35327.66990291262,
              35273.05825242718
            ],
            [
              35333.737864077666,
              35279.12621359223
            ],
            [
              35333.737864077666,
              35291.26213592233
            ],
            [
              35345.87378640776,
              35303.398058252424
            ],
            [
              35351.94174757281,
              35303.398058252424
            ],
            [
              35358.00970873786,
              35309.46601941747
            ],
            [
              35364.07766990291,
              35309.46601941747
            ],
            [
              35370.14563106796,
              35315.53398058252
            ],
            [
              35382.281553398054,
              35315.53398058252
            ],
            [
              35388.3495145631,
              35321.60194174757
            ],
            [
              35394.41747572815,
              35321.60194174757
            ],
            [
              35400.4854368932,
              35315.53398058252
            ],
            [
              35406.55339805825,
              35315.53398058252
            ],
            [
              35412.621359223296,
              35309.46601941747
            ],
            [
              35424.75728155339,
              35309.46601941747
            ],
            [
              35436.89320388349,
              35321.60194174757
            ],
            [
              35436.89320388349,
              35333.737864077666
            ],
            [
              35442.96116504854,
              35339.805825242714
            ],
            [
              35442.96116504854,
              35351.94174757281
            ],
            [
              35449.02912621359,
              35358.00970873786
            ],
            [
              35449.02912621359,
              35364.07766990291
            ],
            [
              35442.96116504854,
              35370.14563106796
            ],
            [
              35442.96116504854,
              35376.213592233005
            ],
            [
              35424.75728155339,
              35394.41747572815
            ],
            [
              35418.689320388345,
              35394.41747572815
            ],
            [
              35412.621359223296,
              35400.4854368932
            ],
            [
              35406.55339805825,
              35400.4854368932
            ],
            [
              35400.4854368932,
              35406.55339805825
            ],
            [
              35388.3495145631,
              35406.55339805825
            ],
            [
              35376.213592233005,
              35418.689320388345
            ],
            [
              35376.213592233005,
              35424.75728155339
            ],
            [
              35370.14563106796,
              35430.82524271844
            ],
            [
              35370.14563106796,
              35449.02912621359
            ],
            [
              35376.213592233005,
              35455.097087378635
            ],
            [
              35412.621359223296,
              35455.097087378635
            ],
            [
              35424.75728155339,
              35467.23300970873
            ],
            [
              35424.75728155339,
              35473.30097087378
            ],
            [
              35418.689320388345,
              35479.36893203883
            ],
            [
              35418.689320388345,
              35485.43689320388
            ],
            [
              35400.4854368932,
              35503.64077669902
            ],
            [
              35400.4854368932,
              35509.70873786407
            ],
            [
              35394.41747572815,
              35515.77669902912
            ],
            [
              35394.41747572815,
              35521.84466019417
            ],
            [
              35412.621359223296,
              35540.048543689314
            ],
            [
              35412.621359223296,
              35546.11650485436
            ],
            [
              35406.55339805825,
              35552.18446601942
            ],
            [
              35406.55339805825,
              35558.25242718447
            ],
            [
              35382.281553398054,
              35582.52427184466
            ],
            [
              35382.281553398054,
              35588.59223300971
            ],
            [
              35376.213592233005,
              35594.66019417476
            ],
            [
              35376.213592233005,
              35643.203883495145
            ],
            [
              35370.14563106796,
              35649.271844660194
            ],
            [
              35370.14563106796,
              35697.81553398058
            ],
            [
              35364.07766990291,
              35703.88349514563
            ],
            [
              35364.07766990291,
              35722.087378640776
            ],
            [
              35358.00970873786,
              35728.155339805824
            ],
            [
              35358.00970873786,
              35752.42718446602
            ],
            [
              35351.94174757281,
              35758.49514563107
            ],
            [
              35351.94174757281,
              35770.63106796116
            ],
            [
              35345.87378640776,
              35776.69902912621
            ],
            [
              35345.87378640776,
              35831.31067961165
            ],
            [
              35339.805825242714,
              35837.3786407767
            ],
            [
              35339.805825242714,
              35843.446601941745
            ],
            [
              35333.737864077666,
              35849.51456310679
            ],
            [
              35333.737864077666,
              35861.65048543689
            ],
            [
              35327.66990291262,
              35867.71844660194
            ],
            [
              35327.66990291262,
              35879.854368932036
            ],
            [
              35321.60194174757,
              35885.922330097084
            ],
            [
              35321.60194174757,
              35898.05825242718
            ],
            [
              35327.66990291262,
              35904.12621359223
            ],
            [
              35327.66990291262,
              35910.19417475728
            ],
            [
              35333.737864077666,
              35916.26213592233
            ],
            [
              35333.737864077666,
              35922.330097087375
            ],
            [
              35351.94174757281,
              35940.53398058252
            ],
            [
              35358.00970873786,
              35940.53398058252
            ],
            [
              35364.07766990291,
              35946.60194174757
            ],
            [
              35370.14563106796,
              35946.60194174757
            ],
            [
              35382.281553398054,
              35958.737864077666
            ],
            [
              35382.281553398054,
              35964.805825242714
            ],
            [
              35388.3495145631,
              35970.87378640776
            ],
            [
              35388.3495145631,
              35976.94174757281
            ],
            [
              35394.41747572815,
              35983.00970873786
            ],
            [
              35394.41747572815,
              35989.07766990291
            ],
            [
              35400.4854368932,
              35995.14563106796
            ],
            [
              35406.55339805825,
              35995.14563106796
            ],
            [
              35418.689320388345,
              36007.281553398054
            ],
            [
              35455.097087378635,
              36007.281553398054
            ],
            [
              35461.165048543684,
              36013.3495145631
            ],
            [
              35467.23300970873,
              36013.3495145631
            ],
            [
              35491.504854368926,
              36037.621359223296
            ],
            [
              35491.504854368926,
              36080.097087378635
            ],
            [
              35497.572815533975,
              36086.165048543684
            ],
            [
              35497.572815533975,
              36092.23300970873
            ],
            [
              35503.64077669902,
              36098.30097087378
            ],
            [
              35509.70873786407,
              36098.30097087378
            ],
            [
              35540.048543689314,
              36128.64077669902
            ],
            [
              35540.048543689314,
              36134.70873786407
            ],
            [
              35546.11650485436,
              36140.77669902912
            ],
            [
              35546.11650485436,
              36195.388349514564
            ],
            [
              35558.25242718447,
              36207.52427184466
            ],
            [
              35558.25242718447,
              36213.59223300971
            ],
            [
              35564.320388349515,
              36219.66019417476
            ],
            [
              35564.320388349515,
              36225.728155339806
            ],
            [
              35570.388349514564,
              36231.796116504855
            ],
            [
              35570.388349514564,
              36237.8640776699
            ],
            [
              35576.45631067961,
              36243.93203883495
            ],
            [
              35576.45631067961,
              36256.06796116505
            ],
            [
              35582.52427184466,
              36262.1359223301
            ],
            [
              35582.52427184466,
              36298.54368932039
            ],
            [
              35576.45631067961,
              36304.611650485436
            ],
            [
              35576.45631067961,
              36334.95145631068
            ],
            [
              35582.52427184466,
              36341.01941747573
            ],
            [
              35582.52427184466,
              36347.087378640776
            ],
            [
              35588.59223300971,
              36353.155339805824
            ],
            [
              35588.59223300971,
              36359.22330097087
            ],
            [
              35625.0,
              36395.63106796116
            ],
            [
              35625.0,
              36401.69902912621
            ],
            [
              35631.06796116505,
              36407.76699029126
            ],
            [
              35631.06796116505,
              36419.90291262136
            ],
            [
              35637.1359223301,
              36425.970873786406
            ],
            [
              35637.1359223301,
              36438.1067961165
            ],
            [
              35643.203883495145,
              36444.17475728155
            ],
            [
              35643.203883495145,
              36456.31067961165
            ],
            [
              35649.271844660194,
              36462.3786407767
            ],
            [
              35649.271844660194,
              36474.51456310679
            ],
            [
              35643.203883495145,
              36480.58252427184
            ],
            [
              35643.203883495145,
              36486.65048543689
            ],
            [
              35637.1359223301,
              36492.71844660194
            ],
            [
              35637.1359223301,
              36510.922330097084
            ],
            [
              35643.203883495145,
              36516.99029126213
            ],
            [
              35643.203883495145,
              36523.05825242718
            ],
            [
              35661.40776699029,
              36541.26213592233
            ],
            [
              35661.40776699029,
              36547.330097087375
            ],
            [
              35667.47572815534,
              36553.398058252424
            ],
            [
              35667.47572815534,
              36565.53398058252
            ],
            [
              35661.40776699029,
              36571.60194174757
            ],
            [
              35655.33980582524,
              36571.60194174757
            ],
            [
              35649.271844660194,
              36577.66990291262
            ],
            [
              35643.203883495145,
              36577.66990291262
            ],
            [
              35625.0,
              36595.87378640776
            ],
            [
              35625.0,
              36608.00970873786
            ],
            [
              35631.06796116505,
              36614.07766990291
            ],
            [
              35631.06796116505,
              36638.3495145631
            ],
            [
              35625.0,
              36644.41747572815
            ],
            [
              35625.0,
              36650.4854368932
            ],
            [
              35606.796116504855,
              36668.689320388345
            ],
            [
              35600.728155339806,
              36668.689320388345
            ],
            [
              35588.59223300971,
              36680.82524271844
            ],
            [
              35582.52427184466,
              36680.82524271844
            ],
            [
              35564.320388349515,
              36699.02912621359
            ],
            [
              35564.320388349515,
              36705.097087378635
            ],
            [
              35558.25242718447,
              36711.165048543684
            ],
            [
              35558.25242718447,
              36717.23300970873
            ],
            [
              35552.18446601942,
              36723.30097087378
            ],
            [
              35552.18446601942,
              36820.388349514564
            ],
            [
              35558.25242718447,
              36826.45631067961
            ],
            [
              35558.25242718447,
              36832.52427184466
            ],
            [
              35564.320388349515,
              36838.59223300971
            ],
            [
              35564.320388349515,
              36850.728155339806
            ],
            [
              35570.388349514564,
              36856.796116504855
            ],
            [
              35570.388349514564,
              36893.203883495145
            ],
            [
              35576.45631067961,
              36899.271844660194
            ],
            [
              35576.45631067961,
              36911.40776699029
            ],
            [
              35582.52427184466,
              36917.47572815534
            ],
            [
              35582.52427184466,
              36923.54368932039
            ],
            [
              35588.59223300971,
              36929.611650485436
            ],
            [
              35588.59223300971,
              36953.88349514563
            ],
            [
              35594.66019417476,
              36959.95145631068
            ],
            [
              35594.66019417476,
              36978.155339805824
            ],
            [
              35600.728155339806,
              36984.22330097087
            ],
            [
              35600.728155339806,
              37002.42718446602
            ],
            [
              35606.796116504855,
              37008.49514563107
            ],
            [
              35606.796116504855,
              37026.69902912621
            ],
            [
              35612.8640776699,
              37032.76699029126
            ],
            [
              35612.8640776699,
              37057.038834951454
            ],
            [
              35618.93203883495,
              37063.1067961165
            ],
            [
              35618.93203883495,
              37087.3786407767
            ],
            [
              35625.0,
              37093.446601941745
            ],
            [
              35625.0,
              37135.922330097084
            ],
            [
              35618.93203883495,
              37141.99029126213
            ],
            [
              35618.93203883495,
              37166.26213592233
            ],
            [
              35625.0,
              37172.330097087375
            ],
            [
              35625.0,
              37214.805825242714
            ],
            [
              35618.93203883495,
              37220.87378640776
            ],
            [
              35625.0,
              37226.94174757281
            ],
            [
              35643.203883495145,
              37226.94174757281
            ],
            [
              35649.271844660194,
              37233.00970873786
            ],
            [
              35655.33980582524,
              37233.00970873786
            ],
            [
              35661.40776699029,
              37239.07766990291
            ],
            [
              35655.33980582524,
              37245.14563106796
            ],
            [
              35649.271844660194,
              37245.14563106796
            ],
            [
              35643.203883495145,
              37251.213592233005
            ],
            [
              35606.796116504855,
              37251.213592233005
            ],
            [
              35600.728155339806,
              37245.14563106796
            ],
            [
              35594.66019417476,
              37245.14563106796
            ],
            [
              35594.66019417476,
              37263.3495145631
            ],
            [
              35600.728155339806,
              37269.41747572815
            ],
            [
              35600.728155339806,
              37275.4854368932
            ],
            [
              35916.26213592233,
              37275.4854368932
            ],
            [
              35916.26213592233,
              37251.213592233005
            ],
            [
              35922.330097087375,
              37245.14563106796
            ],
            [
              35922.330097087375,
              37239.07766990291
            ],
            [
              35916.26213592233,
              37233.00970873786
            ],
            [
              35916.26213592233,
              37226.94174757281
            ],
            [
              35910.19417475728,
              37220.87378640776
            ],
            [
              35910.19417475728,
              37214.805825242714
            ],
            [
              35879.854368932036,
              37184.46601941747
            ],
            [
              35879.854368932036,
              37154.12621359223
            ],
            [
              35885.922330097084,
              37148.05825242718
            ],
            [
              35885.922330097084,
              37129.854368932036
            ],
            [
              35879.854368932036,
              37123.78640776699
            ],
            [
              35879.854368932036,
              37111.65048543689
            ],
            [
              35873.78640776699,
              37105.58252427184
            ],
            [
              35873.78640776699,
              37057.038834951454
            ],
            [
              35879.854368932036,
              37050.970873786406
            ],
            [
              35879.854368932036,
              37038.83495145631
            ],
            [
              35873.78640776699,
              37032.76699029126
            ],
            [
              35873.78640776699,
              36990.29126213592
            ],
            [
              35904.12621359223,
              36959.95145631068
            ],
            [
              35904.12621359223,
              36953.88349514563
            ],
            [
              35910.19417475728,
              36947.81553398058
            ],
            [
              35910.19417475728,
              36917.47572815534
            ],
            [
              35916.26213592233,
              36911.40776699029
            ],
            [
              35916.26213592233,
              36905.33980582524
            ],
            [
              35928.398058252424,
              36893.203883495145
            ],
            [
              35928.398058252424,
              36887.1359223301
            ],
            [
              35934.46601941747,
              36881.06796116505
            ],
            [
              35934.46601941747,
              36832.52427184466
            ],
            [
              35940.53398058252,
              36826.45631067961
            ],
            [
              35940.53398058252,
              36820.388349514564
            ],
            [
              35946.60194174757,
              36814.320388349515
            ],
            [
              35946.60194174757,
              36808.25242718446
            ],
            [
              35970.87378640776,
              36783.980582524266
            ],
            [
              35976.94174757281,
              36783.980582524266
            ],
            [
              35983.00970873786,
              36777.91262135922
            ],
            [
              35989.07766990291,
              36783.980582524266
            ],
            [
              36007.281553398054,
              36783.980582524266
            ],
            [
              36043.689320388345,
              36747.572815533975
            ],
            [
              36049.75728155339,
              36747.572815533975
            ],
            [
              36055.82524271844,
              36741.504854368926
            ],
            [
              36061.89320388349,
              36741.504854368926
            ],
            [
              36067.96116504854,
              36735.43689320388
            ],
            [
              36074.02912621359,
              36735.43689320388
            ],
            [
              36080.097087378635,
              36729.36893203883
            ],
            [
              36098.30097087378,
              36729.36893203883
            ],
            [
              36104.36893203883,
              36735.43689320388
            ],
            [
              36110.43689320388,
              36735.43689320388
            ],
            [
              36116.504854368926,
              36741.504854368926
            ],
            [
              36128.64077669902,
              36741.504854368926
            ],
            [
              36134.70873786407,
              36735.43689320388
            ],
            [
              36146.84466019417,
              36735.43689320388
            ],
            [
              36207.52427184466,
              36674.75728155339
            ],
            [
              36207.52427184466,
              36668.689320388345
            ],
            [
              36213.59223300971,
              36662.621359223296
            ],
            [
              36213.59223300971,
              36656.55339805825
            ],
            [
              36207.52427184466,
              36650.4854368932
            ],
            [
              36201.45631067961,
              36650.4854368932
            ],
            [
              36195.388349514564,
              36644.41747572815
            ],
            [
              36189.320388349515,
              36644.41747572815
            ],
            [
              36183.25242718447,
              36638.3495145631
            ],
            [
              36183.25242718447,
              36626.213592233005
            ],
            [
              36189.320388349515,
              36620.14563106796
            ],
            [
              36189.320388349515,
              36614.07766990291
            ],
            [
              36195.388349514564,
              36608.00970873786
            ],
            [
              36195.388349514564,
              36583.737864077666
            ],
            [
              36189.320388349515,
              36583.737864077666
            ],
            [
              36183.25242718447,
              36577.66990291262
            ],
            [
              36165.048543689314,
              36577.66990291262
            ],
            [
              36158.980582524266,
              36571.60194174757
            ],
            [
              36146.84466019417,
              36571.60194174757
            ],
            [
              36140.77669902912,
              36577.66990291262
            ],
            [
              36128.64077669902,
              36577.66990291262
            ],
            [
              36122.572815533975,
              36583.737864077666
            ],
            [
              36116.504854368926,
              36583.737864077666
            ],
            [
              36098.30097087378,
              36601.94174757281
            ],
            [
              36092.23300970873,
              36601.94174757281
            ],
            [
              36086.165048543684,
              36608.00970873786
            ],
            [
              36074.02912621359,
              36595.87378640776
            ],
            [
              36067.96116504854,
              36595.87378640776
            ],
            [
              36061.89320388349,
              36589.805825242714
            ],
            [
              36049.75728155339,
              36589.805825242714
            ],
            [
              36031.55339805825,
              36608.00970873786
            ],
            [
              36031.55339805825,
              36614.07766990291
            ],
            [
              36019.41747572815,
              36626.213592233005
            ],
            [
              36013.3495145631,
              36626.213592233005
            ],
            [
              36007.281553398054,
              36632.281553398054
            ],
            [
              35970.87378640776,
              36632.281553398054
            ],
            [
              35964.805825242714,
              36626.213592233005
            ],
            [
              35958.737864077666,
              36626.213592233005
            ],
            [
              35952.66990291262,
              36620.14563106796
            ],
            [
              35946.60194174757,
              36620.14563106796
            ],
            [
              35928.398058252424,
              36601.94174757281
            ],
            [
              35928.398058252424,
              36571.60194174757
            ],
            [
              35934.46601941747,
              36565.53398058252
            ],
            [
              35934.46601941747,
              36553.398058252424
            ],
            [
              35928.398058252424,
              36553.398058252424
            ],
            [
              35922.330097087375,
              36547.330097087375
            ],
            [
              35898.05825242718,
              36547.330097087375
            ],
            [
              35885.922330097084,
              36535.19417475728
            ],
            [
              35885.922330097084,
              36510.922330097084
            ],
            [
              35891.99029126213,
              36504.854368932036
            ],
            [
              35891.99029126213,
              36480.58252427184
            ],
            [
              35879.854368932036,
              36468.446601941745
            ],
            [
              35879.854368932036,
              36462.3786407767
            ],
            [
              35873.78640776699,
              36456.31067961165
            ],
            [
              35873.78640776699,
              36450.2427184466
            ],
            [
              35867.71844660194,
              36444.17475728155
            ],
            [
              35867.71844660194,
              36438.1067961165
            ],
            [
              35861.65048543689,
              36432.038834951454
            ],
            [
              35861.65048543689,
              36425.970873786406
            ],
            [
              35855.58252427184,
              36419.90291262136
            ],
            [
              35855.58252427184,
              36413.83495145631
            ],
            [
              35849.51456310679,
              36407.76699029126
            ],
            [
              35849.51456310679,
              36383.49514563107
            ],
            [
              35855.58252427184,
              36377.42718446602
            ],
            [
              35855.58252427184,
              36365.29126213592
            ],
            [
              35849.51456310679,
              36359.22330097087
            ],
            [
              35849.51456310679,
              36353.155339805824
            ],
            [
              35843.446601941745,
              36347.087378640776
            ],
            [
              35843.446601941745,
              36334.95145631068
            ],
            [
              35837.3786407767,
              36328.88349514563
            ],
            [
              35837.3786407767,
              36316.74757281553
            ],
            [
              35843.446601941745,
              36310.679611650485
            ],
            [
              35843.446601941745,
              36292.47572815534
            ],
            [
              35837.3786407767,
              36286.40776699029
            ],
            [
              35837.3786407767,
              36268.203883495145
            ],
            [
              35831.31067961165,
              36262.1359223301
            ],
            [
              35831.31067961165,
              36250.0
            ],
            [
              35825.2427184466,
              36243.93203883495
            ],
            [
              35825.2427184466,
              36237.8640776699
            ],
            [
              35813.1067961165,
              36225.728155339806
            ],
            [
              35813.1067961165,
              36213.59223300971
            ],
            [
              35807.038834951454,
              36207.52427184466
            ],
            [
              35807.038834951454,
              36152.91262135922
            ],
            [
              35800.970873786406,
              36146.84466019417
            ],
            [
              35800.970873786406,
              36140.77669902912
            ],
            [
              35794.90291262136,
              36140.77669902912
            ],
            [
              35776.69902912621,
              36122.572815533975
            ],
            [
              35776.69902912621,
              36025.4854368932
            ],
            [
              35770.63106796116,
              36019.41747572815
            ],
            [
              35770.63106796116,
              36007.281553398054
            ],
            [
              35764.563106796115,
              36001.213592233005
            ],
            [
              35764.563106796115,
              35995.14563106796
            ],
            [
              35758.49514563107,
              35989.07766990291
            ],
            [
              35758.49514563107,
              35952.66990291262
            ],
            [
              35764.563106796115,
              35946.60194174757
            ],
            [
              35764.563106796115,
              35934.46601941747
            ],
            [
              35770.63106796116,
              35928.398058252424
            ],
            [
              35770.63106796116,
              35922.330097087375
            ],
            [
              35776.69902912621,
              35916.26213592233
            ],
            [
              35776.69902912621,
              35873.78640776699
            ],
            [
              35807.038834951454,
              35843.446601941745
            ],
            [
              35807.038834951454,
              35837.3786407767
            ],
            [
              35813.1067961165,
              35831.31067961165
            ],
            [
              35813.1067961165,
              35794.90291262136
            ],
            [
              35807.038834951454,
              35788.83495145631
            ],
            [
              35807.038834951454,
              35782.76699029126
            ],
            [
              35800.970873786406,
              35776.69902912621
            ],
            [
              35800.970873786406,
              35758.49514563107
            ],
            [
              35794.90291262136,
              35752.42718446602
            ],
            [
              35794.90291262136,
              35728.155339805824
            ],
            [
              35782.76699029126,
              35716.01941747573
            ],
            [
              35782.76699029126,
              35709.95145631068
            ],
            [
              35776.69902912621,
              35709.95145631068
            ],
            [
              35752.42718446602,
              35685.679611650485
            ],
            [
              35752.42718446602,
              35679.611650485436
            ],
            [
              35746.35922330097,
              35673.54368932039
            ],
            [
              35746.35922330097,
              35661.40776699029
            ],
            [
              35740.29126213592,
              35655.33980582524
            ],
            [
              35740.29126213592,
              35649.271844660194
            ],
            [
              35734.22330097087,
              35643.203883495145
            ],
            [
              35734.22330097087,
              35637.1359223301
            ],
            [
              35728.155339805824,
              35631.06796116505
            ],
            [
              35728.155339805824,
              35612.8640776699
            ],
            [
              35734.22330097087,
              35606.796116504855
            ],
            [
              35734.22330097087,
              35600.728155339806
            ],
            [
              35740.29126213592,
              35594.66019417476
            ],
            [
              35740.29126213592,
              35588.59223300971
            ],
            [
              35758.49514563107,
              35570.388349514564
            ],
            [
              35758.49514563107,
              35564.320388349515
            ],
            [
              35794.90291262136,
              35527.91262135922
            ],
            [
              35837.3786407767,
              35527.91262135922
            ],
            [
              35855.58252427184,
              35509.70873786407
            ],
            [
              35855.58252427184,
              35485.43689320388
            ],
            [
              35849.51456310679,
              35479.36893203883
            ],
            [
              35849.51456310679,
              35473.30097087378
            ],
            [
              35843.446601941745,
              35467.23300970873
            ],
            [
              35843.446601941745,
              35455.097087378635
            ],
            [
              35837.3786407767,
              35449.02912621359
            ],
            [
              35837.3786407767,
              35430.82524271844
            ],
            [
              35825.2427184466,
              35418.689320388345
            ],
            [
              35825.2427184466,
              35412.621359223296
            ],
            [
              35819.17475728155,
              35406.55339805825
            ],
            [
              35819.17475728155,
              35400.4854368932
            ],
            [
              35813.1067961165,
              35394.41747572815
            ],
            [
              35813.1067961165,
              35370.14563106796
            ],
            [
              35819.17475728155,
              35364.07766990291
            ],
            [
              35819.17475728155,
              35358.00970873786
            ],
            [
              35825.2427184466,
              35351.94174757281
            ],
            [
              35825.2427184466,
              35339.805825242714
            ],
            [
              35831.31067961165,
              35333.737864077666
            ],
            [
              35831.31067961165,
              35327.66990291262
            ],
            [
              35837.3786407767,
              35321.60194174757
            ],
            [
              35837.3786407767,
              35315.53398058252
            ],
            [
              35849.51456310679,
              35303.398058252424
            ],
            [
              35879.854368932036,
              35303.398058252424
            ],
            [
              35891.99029126213,
              35315.53398058252
            ],
            [
              35898.05825242718,
              35315.53398058252
            ],
            [
              35904.12621359223,
              35321.60194174757
            ],
            [
              35916.26213592233,
              35321.60194174757
            ],
            [
              35922.330097087375,
              35315.53398058252
            ],
            [
              35940.53398058252,
              35315.53398058252
            ],
            [
              35952.66990291262,
              35303.398058252424
            ],
            [
              35952.66990291262,
              35266.99029126213
            ],
            [
              35946.60194174757,
              35260.922330097084
            ],
            [
              35946.60194174757,
              35248.78640776699
            ],
            [
              35940.53398058252,
              35242.71844660194
            ],
            [
              35940.53398058252,
              35236.65048543689
            ],
            [
              35934.46601941747,
              35230.58252427184
            ],
            [
              35934.46601941747,
              35224.51456310679
            ],
            [
              35928.398058252424,
              35218.446601941745
            ],
            [
              35928.398058252424,
              35206.31067961165
            ],
            [
              35922.330097087375,
              35200.2427184466
            ],
            [
              35922.330097087375,
              35182.038834951454
            ],
            [
              35916.26213592233,
              35175.970873786406
            ],
            [
              35916.26213592233,
              35163.83495145631
            ],
            [
              35910.19417475728,
              35157.76699029126
            ],
            [
              35910.19417475728,
              35151.69902912621
            ],
            [
              35904.12621359223,
              35145.63106796116
            ],
            [
              35904.12621359223,
              35139.563106796115
            ],
            [
              35898.05825242718,
              35133.49514563107
            ],
            [
              35898.05825242718,
              35127.42718446602
            ],
            [
              35891.99029126213,
              35121.35922330097
            ],
            [
              35891.99029126213,
              35115.29126213592
            ],
            [
              35885.922330097084,
              35109.22330097087
            ],
            [
              35885.922330097084,
              35097.087378640776
            ],
            [
              35879.854368932036,
              35091.01941747573
            ],
            [
              35879.854368932036,
              35084.95145631068
            ],
            [
              35873.78640776699,
              35078.88349514563
            ],
            [
              35873.78640776699,
              35072.81553398058
            ],
            [
              35849.51456310679,
              35048.54368932039
            ],
            [
              35843.446601941745,
              35048.54368932039
            ],
            [
              35837.3786407767,
              35042.47572815534
            ],
            [
              35825.2427184466,
              35042.47572815534
            ],
            [
              35819.17475728155,
              35036.40776699029
            ],
            [
              35794.90291262136,
              35036.40776699029
            ],
            [
              35788.83495145631,
              35042.47572815534
            ],
            [
              35782.76699029126,
              35042.47572815534
            ],
            [
              35764.563106796115,
              35060.679611650485
            ],
            [
              35758.49514563107,
              35060.679611650485
            ],
            [
              35752.42718446602,
              35066.74757281553
            ],
            [
              35740.29126213592,
              35066.74757281553
            ],
            [
              35734.22330097087,
              35060.679611650485
            ],
            [
              35703.88349514563,
              35060.679611650485
            ],
            [
              35691.74757281553,
              35072.81553398058
            ],
            [
              35685.679611650485,
              35072.81553398058
            ],
            [
              35679.611650485436,
              35078.88349514563
            ],
            [
              35667.47572815534,
              35078.88349514563
            ],
            [
              35661.40776699029,
              35072.81553398058
            ],
            [
              35661.40776699029,
              35066.74757281553
            ],
            [
              35655.33980582524,
              35060.679611650485
            ],
            [
              35655.33980582524,
              35048.54368932039
            ],
            [
              35649.271844660194,
              35042.47572815534
            ],
            [
              35649.271844660194,
              35006.06796116505
            ],
            [
              35655.33980582524,
              35000.0
            ],
            [
              35655.33980582524,
              34987.8640776699
            ],
            [
              35661.40776699029,
              34981.796116504855
            ],
            [
              35661.40776699029,
              34969.66019417476
            ],
            [
              35667.47572815534,
              34963.59223300971
            ],
            [
              35667.47572815534,
              34957.52427184466
            ],
            [
              35673.54368932039,
              34951.45631067961
            ],
            [
              35673.54368932039,
              34945.388349514564
            ],
            [
              35691.74757281553,
              34927.18446601942
            ],
            [
              35691.74757281553,
              34902.91262135922
            ],
            [
              35685.679611650485,
              34896.84466019417
            ],
            [
              35685.679611650485,
              34890.77669902912
            ],
            [
              35661.40776699029,
              34866.504854368926
            ],
            [
              35661.40776699029,
              34860.43689320388
            ],
            [
              35655.33980582524,
              34854.36893203883
            ],
            [
              35655.33980582524,
              34830.097087378635
            ],
            [
              35661.40776699029,
              34824.02912621359
            ],
            [
              35661.40776699029,
              34787.621359223296
            ],
            [
              35655.33980582524,
              34781.55339805825
            ],
            [
              35655.33980582524,
              34757.281553398054
            ],
            [
              35649.271844660194,
              34751.213592233005
            ],
            [
              35649.271844660194,
              34745.14563106796
            ],
            [
              35643.203883495145,
              34739.07766990291
            ],
            [
              35643.203883495145,
              34733.00970873786
            ],
            [
              35637.1359223301,
              34726.94174757281
            ],
            [
              35637.1359223301,
              34720.87378640776
            ],
            [
              35631.06796116505,
              34714.805825242714
            ],
            [
              35631.06796116505,
              34708.737864077666
            ],
            [
              35625.0,
              34702.66990291262
            ],
            [
              35625.0,
              34696.60194174757
            ],
            [
              35618.93203883495,
              34690.53398058252
            ],
            [
              35618.93203883495,
              34684.46601941747
            ],
            [
              35606.796116504855,
              34672.330097087375
            ],
            [
              35606.796116504855,
              34666.26213592233
            ],
            [
              35588.59223300971,
              34648.05825242718
            ],
            [
              35588.59223300971,
              34641.99029126213
            ],
            [
              35570.388349514564,
              34623.78640776699
            ],
            [
              35564.320388349515,
              34623.78640776699
            ],
            [
              35558.25242718447,
              34617.71844660194
            ],
            [
              35509.70873786407,
              34617.71844660194
            ]
          ]
        ]
      }
    },
    {
      "type": "Feature",
      "properties": {
        "class_id": 6,
        "classification": "OOF",
        "area": 162579.38424922232
      },
      "geometry": {
        "type": "Polygon",
        "coordinates": [
          [
            [
              122609.22330097086,
              34441.74757281553
            ],
            [
              122603.15533980582,
              34447.81553398058
            ],
            [
              122542.47572815533,
              34447.81553398058
            ],
            [
              122536.40776699028,
              34453.88349514563
            ],
            [
              122530.33980582524,
              34453.88349514563
            ],
            [
              122481.79611650485,
              34502.42718446602
            ],
            [
              122475.72815533979,
              34502.42718446602
            ],
            [
              122469.66019417475,
              34508.49514563107
            ],
            [
              122463.5922330097,
              34508.49514563107
            ],
            [
              122451.4563106796,
              34520.63106796116
            ],
            [
              122445.38834951456,
              34520.63106796116
            ],
            [
              122433.25242718446,
              34532.76699029126
            ],
            [
              122427.1844660194,
              34532.76699029126
            ],
            [
              122372.57281553397,
              34587.3786407767
            ],
            [
              122372.57281553397,
              34593.446601941745
            ],
            [
              122366.50485436892,
              34599.51456310679
            ],
            [
              122366.50485436892,
              34605.58252427184
            ],
            [
              122360.43689320388,
              34611.65048543689
            ],
            [
              122360.43689320388,
              34617.71844660194
            ],
            [
              122354.36893203882,
              34623.78640776699
            ],
            [
              122354.36893203882,
              34629.854368932036
            ],
            [
              122348.30097087378,
              34635.922330097084
            ],
            [
              122348.30097087378,
              34648.05825242718
            ],
            [
              122342.23300970873,
              34654.12621359223
            ],
            [
              122342.23300970873,
              34660.19417475728
            ],
            [
              122336.16504854368,
              34666.26213592233
            ],
            [
              122336.16504854368,
              34678.398058252424
            ],
            [
              122330.09708737863,
              34684.46601941747
            ],
            [
              122330.09708737863,
              34733.00970873786
            ],
            [
              122336.16504854368,
              34739.07766990291
            ],
            [
              122336.16504854368,
              34769.41747572815
            ],
            [
              122330.09708737863,
              34775.4854368932
            ],
            [
              122330.09708737863,
              34793.689320388345
            ],
            [
              122324.02912621359,
              34799.75728155339
            ],
            [
              122324.02912621359,
              34805.82524271844
            ],
            [
              122330.09708737863,
              34811.89320388349
            ],
            [
              122330.09708737863,
              34824.02912621359
            ],
            [
              122336.16504854368,
              34830.097087378635
            ],
            [
              122336.16504854368,
              34842.23300970873
            ],
            [
              122348.30097087378,
              34854.36893203883
            ],
            [
              122348.30097087378,
              34860.43689320388
            ],
            [
              122366.50485436892,
              34878.64077669902
            ],
            [
              122372.57281553397,
              34878.64077669902
            ],
            [
              122378.64077669902,
              34884.70873786407
            ],
            [
              122384.70873786407,
              34884.70873786407
            ],
            [
              122390.77669902911,
              34890.77669902912
            ],
            [
              122402.91262135921,
              34890.77669902912
            ],
            [
              122408.98058252427,
              34896.84466019417
            ],
            [
              122427.1844660194,
              34896.84466019417
            ],
            [
              122433.25242718446,
              34902.91262135922
            ],
            [
              122451.4563106796,
              34902.91262135922
            ],
            [
              122457.52427184465,
              34908.980582524266
            ],
            [
              122487.86407766989,
              34908.980582524266
            ],
            [
              122493.93203883494,
              34902.91262135922
            ],
            [
              122506.06796116504,
              34902.91262135922
            ],
            [
              122512.13592233008,
              34896.84466019417
            ],
            [
              122524.27184466018,
              34896.84466019417
            ],
            [
              122530.33980582524,
              34890.77669902912
            ],
            [
              122548.54368932037,
              34890.77669902912
            ],
            [
              122554.61165048543,
              34884.70873786407
            ],
            [
              122560.67961165047,
              34884.70873786407
            ],
            [
              122566.74757281553,
              34878.64077669902
            ],
            [
              122572.81553398057,
              34878.64077669902
            ],
            [
              122597.08737864076,
              34854.36893203883
            ],
            [
              122609.22330097086,
              34854.36893203883
            ],
            [
              122615.29126213591,
              34848.30097087378
            ],
            [
              122621.35922330095,
              34848.30097087378
            ],
            [
              122627.42718446601,
              34842.23300970873
            ],
            [
              122633.49514563105,
              34842.23300970873
            ],
            [
              122645.63106796115,
              34830.097087378635
            ],
            [
              122651.6990291262,
              34830.097087378635
            ],
            [
              122657.76699029125,
              34824.02912621359
            ],
            [
              122663.8349514563,
              34824.02912621359
            ],
            [
              122669.90291262134,
              34817.96116504854
            ],
            [
              122682.03883495144,
              34817.96116504854
            ],
            [
              122694.17475728154,
              34805.82524271844
            ],
            [
              122700.24271844659,
              34805.82524271844
            ],
            [
              122700.24271844659,
              34799.75728155339
            ],
            [
              122706.31067961165,
              34793.689320388345
            ],
            [
              122706.31067961165,
              34787.621359223296
            ],
            [
              122712.37864077669,
              34781.55339805825
            ],
            [
              122712.37864077669,
              34757.281553398054
            ],
            [
              122718.44660194175,
              34751.213592233005
            ],
            [
              122718.44660194175,
              34745.14563106796
            ],
            [
              122748.78640776698,
              34714.805825242714
            ],
            [
              122748.78640776698,
              34708.737864077666
            ],
            [
              122754.85436893204,
              34702.66990291262
            ],
            [
              122754.85436893204,
              34696.60194174757
            ],
            [
              122760.92233009708,
              34690.53398058252
            ],
            [
              122760.92233009708,
              34684.46601941747
            ],
            [
              122766.99029126213,
              34678.398058252424
            ],
            [
              122766.99029126213,
              34672.330097087375
            ],
            [
              122773.05825242717,
              34666.26213592233
            ],
            [
              122773.05825242717,
              34660.19417475728
            ],
            [
              122779.12621359223,
              34654.12621359223
            ],
            [
              122779.12621359223,
              34648.05825242718
            ],
            [
              122791.26213592233,
              34635.922330097084
            ],
            [
              122791.26213592233,
              34623.78640776699
            ],
            [
              122797.33009708737,
              34617.71844660194
            ],
            [
              122797.33009708737,
              34587.3786407767
            ],
            [
              122803.39805825242,
              34581.31067961165
            ],
            [
              122803.39805825242,
              34569.17475728155
            ],
            [
              122809.46601941746,
              34563.1067961165
            ],
            [
              122809.46601941746,
              34520.63106796116
            ],
            [
              122797.33009708737,
              34508.49514563107
            ],
            [
              122797.33009708737,
              34502.42718446602
            ],
            [
              122791.26213592233,
              34496.35922330097
            ],
            [
              122791.26213592233,
              34490.29126213592
            ],
            [
              122773.05825242717,
              34472.087378640776
            ],
            [
              122773.05825242717,
              34466.01941747573
            ],
            [
              122760.92233009708,
              34453.88349514563
            ],
            [
              122754.85436893204,
              34453.88349514563
            ],
            [
              122742.71844660194,
              34441.74757281553
            ],
            [
              122718.44660194175,
              34441.74757281553
            ],
            [
              122712.37864077669,
              34447.81553398058
            ],
            [
              122651.6990291262,
              34447.81553398058
            ],
            [
              122645.63106796115,
              34441.74757281553
            ],
            [
              122609.22330097086,
              34441.74757281553
            ]
          ]
        ]
      }
    },
    {
      "type": "Feature",
      "properties": {
        "class_id": 6,
        "classification": "OOF",
        "area": 257.7410689037609
      },
      "geometry": {
        "type": "Polygon",
        "coordinates": [
          [
            [
              122815.53398058252,
              34174.75728155339
            ],
            [
              122815.53398058252,
              34180.82524271844
            ],
            [
              122809.46601941746,
              34186.89320388349
            ],
            [
              122839.80582524271,
              34186.89320388349
            ],
            [
              122833.73786407766,
              34180.82524271844
            ],
            [
              122833.73786407766,
              34174.75728155339
            ],
            [
              122815.53398058252,
              34174.75728155339
            ]
          ]
        ]
      }
    },
    {
      "type": "Feature",
      "properties": {
        "class_id": 6,
        "classification": "OOF",
        "area": 128852.12437553018
      },
      "geometry": {
        "type": "Polygon",
        "coordinates": [
          [
            [
              122433.25242718446,
              32936.89320388349
            ],
            [
              122427.1844660194,
              32942.96116504854
            ],
            [
              122421.11650485436,
              32942.96116504854
            ],
            [
              122402.91262135921,
              32961.165048543684
            ],
            [
              122402.91262135921,
              32991.504854368926
            ],
            [
              122378.64077669902,
              33015.77669902912
            ],
            [
              122372.57281553397,
              33015.77669902912
            ],
            [
              122366.50485436892,
              33021.84466019417
            ],
            [
              122324.02912621359,
              33021.84466019417
            ],
            [
              122317.96116504853,
              33015.77669902912
            ],
            [
              122305.82524271843,
              33015.77669902912
            ],
            [
              122299.7572815534,
              33009.70873786407
            ],
            [
              122293.68932038834,
              33009.70873786407
            ],
            [
              122281.55339805824,
              32997.572815533975
            ],
            [
              122281.55339805824,
              32991.504854368926
            ],
            [
              122275.4854368932,
              32991.504854368926
            ],
            [
              122269.41747572814,
              32985.43689320388
            ],
            [
              122202.66990291262,
              32985.43689320388
            ],
            [
              122196.60194174756,
              32979.36893203883
            ],
            [
              122190.53398058252,
              32979.36893203883
            ],
            [
              122184.46601941746,
              32973.30097087378
            ],
            [
              122166.26213592233,
              32973.30097087378
            ],
            [
              122129.85436893204,
              33009.70873786407
            ],
            [
              122123.78640776698,
              33009.70873786407
            ],
            [
              122123.78640776698,
              33015.77669902912
            ],
            [
              122117.71844660194,
              33021.84466019417
            ],
            [
              122117.71844660194,
              33027.91262135922
            ],
            [
              122111.65048543688,
              33033.980582524266
            ],
            [
              122111.65048543688,
              33040.04854368932
            ],
            [
              122105.58252427184,
              33046.11650485437
            ],
            [
              122105.58252427184,
              33052.18446601942
            ],
            [
              122069.17475728154,
              33088.59223300971
            ],
            [
              122069.17475728154,
              33094.66019417476
            ],
            [
              122050.9708737864,
              33112.8640776699
            ],
            [
              122050.9708737864,
              33118.93203883495
            ],
            [
              122044.90291262134,
              33125.0
            ],
            [
              122044.90291262134,
              33149.271844660194
            ],
            [
              122050.9708737864,
              33149.271844660194
            ],
            [
              122063.1067961165,
              33161.40776699029
            ],
            [
              122063.1067961165,
              33185.679611650485
            ],
            [
              122057.03883495144,
              33191.74757281553
            ],
            [
              122057.03883495144,
              33228.155339805824
            ],
            [
              122063.1067961165,
              33234.22330097087
            ],
            [
              122063.1067961165,
              33258.49514563107
            ],
            [
              122069.17475728154,
              33264.563106796115
            ],
            [
              122069.17475728154,
              33276.69902912621
            ],
            [
              122075.24271844659,
              33282.76699029126
            ],
            [
              122075.24271844659,
              33294.90291262136
            ],
            [
              122081.31067961165,
              33300.970873786406
            ],
            [
              122081.31067961165,
              33313.1067961165
            ],
            [
              122105.58252427184,
              33337.3786407767
            ],
            [
              122160.19417475727,
              33337.3786407767
            ],
            [
              122166.26213592233,
              33331.31067961165
            ],
            [
              122214.80582524271,
              33331.31067961165
            ],
            [
              122220.87378640776,
              33337.3786407767
            ],
            [
              122233.00970873785,
              33337.3786407767
            ],
            [
              122239.07766990291,
              33343.446601941745
            ],
            [
              122263.3495145631,
              33343.446601941745
            ],
            [
              122269.41747572814,
              33337.3786407767
            ],
            [
              122275.4854368932,
              33337.3786407767
            ],
            [
              122275.4854368932,
              33325.2427184466
            ],
            [
              122293.68932038834,
              33307.038834951454
            ],
            [
              122299.7572815534,
              33307.038834951454
            ],
            [
              122305.82524271843,
              33300.970873786406
            ],
            [
              122317.96116504853,
              33300.970873786406
            ],
            [
              122324.02912621359,
              33294.90291262136
            ],
            [
              122342.23300970873,
              33294.90291262136
            ],
            [
              122348.30097087378,
              33288.83495145631
            ],
            [
              122360.43689320388,
              33288.83495145631
            ],
            [
              122366.50485436892,
              33282.76699029126
            ],
            [
              122378.64077669902,
              33282.76699029126
            ],
            [
              122384.70873786407,
              33276.69902912621
            ],
            [
              122402.91262135921,
              33276.69902912621
            ],
            [
              122408.98058252427,
              33270.63106796116
            ],
            [
              122415.0485436893,
              33270.63106796116
            ],
            [
              122421.11650485436,
              33264.563106796115
            ],
            [
              122421.11650485436,
              33240.29126213592
            ],
            [
              122415.0485436893,
              33234.22330097087
            ],
            [
              122415.0485436893,
              33222.087378640776
            ],
            [
              122408.98058252427,
              33216.01941747573
            ],
            [
              122408.98058252427,
              33203.88349514563
            ],
            [
              122415.0485436893,
              33197.81553398058
            ],
            [
              122415.0485436893,
              33179.611650485436
            ],
            [
              122402.91262135921,
              33167.47572815534
            ],
            [
              122402.91262135921,
              33149.271844660194
            ],
            [
              122408.98058252427,
              33143.203883495145
            ],
            [
              122433.25242718446,
              33143.203883495145
            ],
            [
              122439.3203883495,
              33149.271844660194
            ],
            [
              122445.38834951456,
              33149.271844660194
            ],
            [
              122457.52427184465,
              33137.1359223301
            ],
            [
              122457.52427184465,
              33131.06796116505
            ],
            [
              122463.5922330097,
              33125.0
            ],
            [
              122463.5922330097,
              33112.8640776699
            ],
            [
              122469.66019417475,
              33106.796116504855
            ],
            [
              122469.66019417475,
              33100.728155339806
            ],
            [
              122475.72815533979,
              33094.66019417476
            ],
            [
              122475.72815533979,
              33082.52427184466
            ],
            [
              122469.66019417475,
              33076.45631067961
            ],
            [
              122469.66019417475,
              33070.388349514564
            ],
            [
              122457.52427184465,
              33058.25242718447
            ],
            [
              122457.52427184465,
              33052.18446601942
            ],
            [
              122451.4563106796,
              33046.11650485437
            ],
            [
              122451.4563106796,
              33040.04854368932
            ],
            [
              122457.52427184465,
              33033.980582524266
            ],
            [
              122469.66019417475,
              33033.980582524266
            ],
            [
              122487.86407766989,
              33052.18446601942
            ],
            [
              122487.86407766989,
              33058.25242718447
            ],
            [
              122493.93203883494,
              33064.320388349515
            ],
            [
              122493.93203883494,
              33070.388349514564
            ],
            [
              122536.40776699028,
              33070.388349514564
            ],
            [
              122542.47572815533,
              33064.320388349515
            ],
            [
              122542.47572815533,
              33058.25242718447
            ],
            [
              122548.54368932037,
              33052.18446601942
            ],
            [
              122548.54368932037,
              33040.04854368932
            ],
            [
              122554.61165048543,
              33033.980582524266
            ],
            [
              122554.61165048543,
              33009.70873786407
            ],
            [
              122560.67961165047,
              33003.64077669902
            ],
            [
              122560.67961165047,
              32991.504854368926
            ],
            [
              122554.61165048543,
              32985.43689320388
            ],
            [
              122554.61165048543,
              32979.36893203883
            ],
            [
              122548.54368932037,
              32973.30097087378
            ],
            [
              122542.47572815533,
              32973.30097087378
            ],
            [
              122536.40776699028,
              32967.23300970873
            ],
            [
              122530.33980582524,
              32967.23300970873
            ],
            [
              122499.99999999999,
              32936.89320388349
            ],
            [
              122433.25242718446,
              32936.89320388349
            ]
          ]
        ]
      }
    },
    {
      "type": "Feature",
      "properties": {
        "class_id": 6,
        "classification": "OOF",
        "area": 34776.63422565745
      },
      "geometry": {
        "type": "Polygon",
        "coordinates": [
          [
            [
              122135.92233009708,
              32396.844660194172
            ],
            [
              122129.85436893204,
              32402.91262135922
            ],
            [
              122117.71844660194,
              32402.91262135922
            ],
            [
              122111.65048543688,
              32408.98058252427
            ],
            [
              122105.58252427184,
              32408.98058252427
            ],
            [
              122093.44660194175,
              32421.116504854366
            ],
            [
              122093.44660194175,
              32427.184466019415
            ],
            [
              122087.37864077669,
              32433.252427184463
            ],
            [
              122087.37864077669,
              32445.38834951456
            ],
            [
              122093.44660194175,
              32451.45631067961
            ],
            [
              122093.44660194175,
              32457.524271844657
            ],
            [
              122111.65048543688,
              32475.728155339802
            ],
            [
              122111.65048543688,
              32487.8640776699
            ],
            [
              122099.51456310679,
              32499.999999999996
            ],
            [
              122093.44660194175,
              32499.999999999996
            ],
            [
              122087.37864077669,
              32506.067961165045
            ],
            [
              122081.31067961165,
              32506.067961165045
            ],
            [
              122081.31067961165,
              32542.475728155336
            ],
            [
              122087.37864077669,
              32548.543689320384
            ],
            [
              122087.37864077669,
              32560.67961165048
            ],
            [
              122093.44660194175,
              32566.747572815533
            ],
            [
              122093.44660194175,
              32578.88349514563
            ],
            [
              122105.58252427184,
              32591.019417475727
            ],
            [
              122105.58252427184,
              32597.087378640776
            ],
            [
              122123.78640776698,
              32615.29126213592
            ],
            [
              122141.99029126213,
              32615.29126213592
            ],
            [
              122148.05825242717,
              32609.223300970873
            ],
            [
              122154.12621359223,
              32609.223300970873
            ],
            [
              122160.19417475727,
              32615.29126213592
            ],
            [
              122172.33009708737,
              32615.29126213592
            ],
            [
              122178.39805825242,
              32621.35922330097
            ],
            [
              122202.66990291262,
              32621.35922330097
            ],
            [
              122208.73786407766,
              32615.29126213592
            ],
            [
              122226.94174757281,
              32615.29126213592
            ],
            [
              122233.00970873785,
              32609.223300970873
            ],
            [
              122239.07766990291,
              32609.223300970873
            ],
            [
              122251.213592233,
              32597.087378640776
            ],
            [
              122251.213592233,
              32591.019417475727
            ],
            [
              122257.28155339805,
              32584.95145631068
            ],
            [
              122263.3495145631,
              32584.95145631068
            ],
            [
              122269.41747572814,
              32578.88349514563
            ],
            [
              122275.4854368932,
              32578.88349514563
            ],
            [
              122281.55339805824,
              32572.81553398058
            ],
            [
              122287.6213592233,
              32572.81553398058
            ],
            [
              122293.68932038834,
              32566.747572815533
            ],
            [
              122293.68932038834,
              32536.407766990287
            ],
            [
              122287.6213592233,
              32530.33980582524
            ],
            [
              122287.6213592233,
              32493.932038834948
            ],
            [
              122281.55339805824,
              32487.8640776699
            ],
            [
              122281.55339805824,
              32481.79611650485
            ],
            [
              122275.4854368932,
              32481.79611650485
            ],
            [
              122263.3495145631,
              32469.660194174754
            ],
            [
              122257.28155339805,
              32469.660194174754
            ],
            [
              122245.14563106795,
              32457.524271844657
            ],
            [
              122245.14563106795,
              32451.45631067961
            ],
            [
              122226.94174757281,
              32433.252427184463
            ],
            [
              122214.80582524271,
              32433.252427184463
            ],
            [
              122208.73786407766,
              32427.184466019415
            ],
            [
              122196.60194174756,
              32427.184466019415
            ],
            [
              122172.33009708737,
              32402.91262135922
            ],
            [
              122154.12621359223,
              32402.91262135922
            ],
            [
              122148.05825242717,
              32396.844660194172
            ],
            [
              122135.92233009708,
              32396.844660194172
            ]
          ]
        ]
      }
    },
    {
      "type": "Feature",
      "properties": {
        "class_id": 6,
        "classification": "OOF",
        "area": 110.4604581016118
      },
      "geometry": {
        "type": "Polygon",
        "coordinates": [
          [
            [
              99405.33980582524,
              30224.514563106794
            ],
            [
              99405.33980582524,
              30242.71844660194
            ],
            [
              99411.40776699028,
              30242.71844660194
            ],
            [
              99411.40776699028,
              30224.514563106794
            ],
            [
              99405.33980582524,
              30224.514563106794
            ]
          ]
        ]
      }
    },
    {
      "type": "Feature",
      "properties": {
        "class_id": 6,
        "classification": "OOF",
        "area": 3203.3532849467424
      },
      "geometry": {
        "type": "Polygon",
        "coordinates": [
          [
            [
              25746.35922330097,
              22372.57281553398
            ],
            [
              25740.29126213592,
              22378.640776699027
            ],
            [
              25734.223300970873,
              22378.640776699027
            ],
            [
              25734.223300970873,
              22433.252427184463
            ],
            [
              25740.29126213592,
              22439.32038834951
            ],
            [
              25746.35922330097,
              22439.32038834951
            ],
            [
              25752.427184466018,
              22445.38834951456
            ],
            [
              25764.563106796115,
              22445.38834951456
            ],
            [
              25770.631067961163,
              22439.32038834951
            ],
            [
              25776.699029126212,
              22439.32038834951
            ],
            [
              25782.76699029126,
              22433.252427184463
            ],
            [
              25782.76699029126,
              22427.184466019415
            ],
            [
              25788.83495145631,
              22421.116504854366
            ],
            [
              25788.83495145631,
              22396.844660194172
            ],
            [
              25770.631067961163,
              22378.640776699027
            ],
            [
              25758.495145631066,
              22378.640776699027
            ],
            [
              25752.427184466018,
              22372.57281553398
            ],
            [
              25746.35922330097,
              22372.57281553398
            ]
          ]
        ]
      }
    },
    {
      "type": "Feature",
      "properties": {
        "class_id": 6,
        "classification": "OOF",
        "area": 294.56122160429817
      },
      "geometry": {
        "type": "Polygon",
        "coordinates": [
          [
            [
              56486.65048543689,
              15952.66990291262
            ],
            [
              56480.58252427184,
              15958.737864077668
            ],
            [
              56480.58252427184,
              15964.805825242716
            ],
            [
              56486.65048543689,
              15970.873786407767
            ],
            [
              56486.65048543689,
              15976.941747572815
            ],
            [
              56492.71844660194,
              15983.009708737864
            ],
            [
              56498.78640776699,
              15976.941747572815
            ],
            [
              56498.78640776699,
              15970.873786407767
            ],
            [
              56492.71844660194,
              15964.805825242716
            ],
            [
              56492.71844660194,
              15958.737864077668
            ],
            [
              56486.65048543689,
              15952.66990291262
            ]
          ]
        ]
      }
    },
    {
      "type": "Feature",
      "properties": {
        "class_id": 6,
        "classification": "OOF",
        "area": 497.07206145725314
      },
      "geometry": {
        "type": "Polygon",
        "coordinates": [
          [
            [
              56419.90291262136,
              15855.582524271844
            ],
            [
              56419.90291262136,
              15867.71844660194
            ],
            [
              56432.038834951454,
              15879.854368932038
            ],
            [
              56444.17475728155,
              15879.854368932038
            ],
            [
              56444.17475728155,
              15861.650485436892
            ],
            [
              56438.1067961165,
              15855.582524271844
            ],
            [
              56419.90291262136,
              15855.582524271844
            ]
          ]
        ]
      }
    },
    {
      "type": "Feature",
      "properties": {
        "class_id": 6,
        "classification": "OOF",
        "area": 4547.288858516353
      },
      "geometry": {
        "type": "Polygon",
        "coordinates": [
          [
            [
              56541.26213592233,
              15722.087378640776
            ],
            [
              56529.12621359223,
              15734.223300970873
            ],
            [
              56529.12621359223,
              15770.631067961163
            ],
            [
              56535.19417475728,
              15776.699029126212
            ],
            [
              56535.19417475728,
              15782.76699029126
            ],
            [
              56553.398058252424,
              15800.970873786406
            ],
            [
              56559.46601941747,
              15800.970873786406
            ],
            [
              56571.60194174757,
              15813.106796116504
            ],
            [
              56583.737864077666,
              15813.106796116504
            ],
            [
              56589.805825242714,
              15819.174757281553
            ],
            [
              56589.805825242714,
              15740.291262135921
            ],
            [
              56577.66990291262,
              15728.155339805824
            ],
            [
              56577.66990291262,
              15722.087378640776
            ],
            [
              56541.26213592233,
              15722.087378640776
            ]
          ]
        ]
      }
    },
    {
      "type": "Feature",
      "properties": {
        "class_id": 6,
        "classification": "OOF",
        "area": 110.4604581016118
      },
      "geometry": {
        "type": "Polygon",
        "coordinates": [
          [
            [
              56298.54368932038,
              15716.019417475727
            ],
            [
              56292.47572815533,
              15722.087378640776
            ],
            [
              56298.54368932038,
              15728.155339805824
            ],
            [
              56304.61165048543,
              15728.155339805824
            ],
            [
              56304.61165048543,
              15716.019417475727
            ],
            [
              56298.54368932038,
              15716.019417475727
            ]
          ]
        ]
      }
    },
    {
      "type": "Feature",
      "properties": {
        "class_id": 6,
        "classification": "OOF",
        "area": 552.3022905080591
      },
      "geometry": {
        "type": "Polygon",
        "coordinates": [
          [
            [
              90078.88349514562,
              15661.40776699029
            ],
            [
              90066.74757281553,
              15673.543689320388
            ],
            [
              90066.74757281553,
              15685.679611650485
            ],
            [
              90072.81553398058,
              15691.747572815533
            ],
            [
              90091.01941747572,
              15691.747572815533
            ],
            [
              90091.01941747572,
              15679.611650485436
            ],
            [
              90084.95145631068,
              15673.543689320388
            ],
            [
              90084.95145631068,
              15661.40776699029
            ],
            [
              90078.88349514562,
              15661.40776699029
            ]
          ]
        ]
      }
    },
    {
      "type": "Feature",
      "properties": {
        "class_id": 6,
        "classification": "OOF",
        "area": 46964.10476953529
      },
      "geometry": {
        "type": "Polygon",
        "coordinates": [
          [
            [
              56328.88349514563,
              15345.873786407767
            ],
            [
              56322.81553398058,
              15351.941747572815
            ],
            [
              56316.74757281553,
              15351.941747572815
            ],
            [
              56310.67961165048,
              15358.009708737864
            ],
            [
              56304.61165048543,
              15358.009708737864
            ],
            [
              56292.47572815533,
              15370.14563106796
            ],
            [
              56268.20388349514,
              15370.14563106796
            ],
            [
              56262.13592233009,
              15364.077669902912
            ],
            [
              56256.06796116504,
              15364.077669902912
            ],
            [
              56249.99999999999,
              15358.009708737864
            ],
            [
              56213.5922330097,
              15358.009708737864
            ],
            [
              56195.38834951456,
              15376.213592233009
            ],
            [
              56195.38834951456,
              15382.281553398057
            ],
            [
              56189.32038834951,
              15388.349514563106
            ],
            [
              56183.25242718446,
              15388.349514563106
            ],
            [
              56158.980582524266,
              15412.6213592233
            ],
            [
              56152.91262135922,
              15412.6213592233
            ],
            [
              56116.504854368926,
              15449.02912621359
            ],
            [
              56116.504854368926,
              15461.165048543688
            ],
            [
              56110.43689320388,
              15467.233009708736
            ],
            [
              56110.43689320388,
              15527.912621359223
            ],
            [
              56225.7281553398,
              15527.912621359223
            ],
            [
              56225.7281553398,
              15503.640776699029
            ],
            [
              56231.79611650485,
              15497.57281553398
            ],
            [
              56231.79611650485,
              15473.300970873785
            ],
            [
              56256.06796116504,
              15449.02912621359
            ],
            [
              56274.27184466019,
              15449.02912621359
            ],
            [
              56280.339805825235,
              15442.961165048542
            ],
            [
              56347.087378640776,
              15442.961165048542
            ],
            [
              56353.155339805824,
              15436.893203883494
            ],
            [
              56365.29126213592,
              15436.893203883494
            ],
            [
              56371.35922330097,
              15442.961165048542
            ],
            [
              56377.42718446602,
              15442.961165048542
            ],
            [
              56389.563106796115,
              15455.09708737864
            ],
            [
              56389.563106796115,
              15461.165048543688
            ],
            [
              56401.69902912621,
              15473.300970873785
            ],
            [
              56401.69902912621,
              15485.436893203881
            ],
            [
              56407.76699029126,
              15491.50485436893
            ],
            [
              56407.76699029126,
              15497.57281553398
            ],
            [
              56413.83495145631,
              15503.640776699029
            ],
            [
              56413.83495145631,
              15527.912621359223
            ],
            [
              56407.76699029126,
              15533.980582524271
            ],
            [
              56377.42718446602,
              15533.980582524271
            ],
            [
              56377.42718446602,
              15558.252427184465
            ],
            [
              56383.49514563107,
              15564.320388349513
            ],
            [
              56383.49514563107,
              15582.524271844659
            ],
            [
              56389.563106796115,
              15588.592233009707
            ],
            [
              56389.563106796115,
              15594.660194174756
            ],
            [
              56395.63106796116,
              15600.728155339804
            ],
            [
              56395.63106796116,
              15606.796116504853
            ],
            [
              56413.83495145631,
              15624.999999999998
            ],
            [
              56419.90291262136,
              15624.999999999998
            ],
            [
              56425.970873786406,
              15631.067961165047
            ],
            [
              56456.31067961165,
              15631.067961165047
            ],
            [
              56462.3786407767,
              15637.135922330095
            ],
            [
              56480.58252427184,
              15637.135922330095
            ],
            [
              56504.854368932036,
              15661.40776699029
            ],
            [
              56504.854368932036,
              15673.543689320388
            ],
            [
              56510.922330097084,
              15679.611650485436
            ],
            [
              56510.922330097084,
              15685.679611650485
            ],
            [
              56516.99029126213,
              15691.747572815533
            ],
            [
              56516.99029126213,
              15685.679611650485
            ],
            [
              56523.05825242718,
              15679.611650485436
            ],
            [
              56523.05825242718,
              15655.339805825242
            ],
            [
              56516.99029126213,
              15649.271844660192
            ],
            [
              56516.99029126213,
              15631.067961165047
            ],
            [
              56510.922330097084,
              15624.999999999998
            ],
            [
              56510.922330097084,
              15612.864077669901
            ],
            [
              56516.99029126213,
              15606.796116504853
            ],
            [
              56516.99029126213,
              15552.184466019417
            ],
            [
              56523.05825242718,
              15546.116504854368
            ],
            [
              56523.05825242718,
              15533.980582524271
            ],
            [
              56450.2427184466,
              15533.980582524271
            ],
            [
              56444.17475728155,
              15527.912621359223
            ],
            [
              56444.17475728155,
              15515.776699029126
            ],
            [
              56450.2427184466,
              15509.708737864077
            ],
            [
              56450.2427184466,
              15479.368932038833
            ],
            [
              56444.17475728155,
              15473.300970873785
            ],
            [
              56444.17475728155,
              15467.233009708736
            ],
            [
              56438.1067961165,
              15461.165048543688
            ],
            [
              56438.1067961165,
              15455.09708737864
            ],
            [
              56432.038834951454,
              15449.02912621359
            ],
            [
              56432.038834951454,
              15442.961165048542
            ],
            [
              56413.83495145631,
              15424.757281553397
            ],
            [
              56407.76699029126,
              15424.757281553397
            ],
            [
              56383.49514563107,
              15400.485436893203
            ],
            [
              56383.49514563107,
              15388.349514563106
            ],
            [
              56377.42718446602,
              15382.281553398057
            ],
            [
              56377.42718446602,
              15370.14563106796
            ],
            [
              56371.35922330097,
              15364.077669902912
            ],
            [
              56371.35922330097,
              15358.009708737864
            ],
            [
              56365.29126213592,
              15351.941747572815
            ],
            [
              56359.22330097087,
              15351.941747572815
            ],
            [
              56353.155339805824,
              15345.873786407767
            ],
            [
              56328.88349514563,
              15345.873786407767
            ]
          ]
        ]
      }
    },
    {
      "type": "Feature",
      "properties": {
        "class_id": 6,
        "classification": "OOF",
        "area": 331.38137430483545
      },
      "geometry": {
        "type": "Polygon",
        "coordinates": [
          [
            [
              109763.3495145631,
              6492.718446601942
            ],
            [
              109757.28155339805,
              6498.78640776699
            ],
            [
              109751.213592233,
              6498.78640776699
            ],
            [
              109745.14563106795,
              6504.854368932039
            ],
            [
              109751.213592233,
              6510.922330097087
            ],
            [
              109763.3495145631,
              6510.922330097087
            ],
            [
              109775.4854368932,
              6498.78640776699
            ],
            [
              109769.41747572814,
              6492.718446601942
            ],
            [
              109763.3495145631,
              6492.718446601942
            ]
          ]
        ]
      }
    }
  ],
  "metadata": {
    "class_mapping": {
      "1": "Normal Tissue",
      "2": "Fold",
      "3": "Darkspot & Foreign Object",
      "4": "PenMarking",
      "5": "Edge & Air Bubble",
      "6": "OOF",
      "7": "Background"
    },
    "scale_factor": 6.067961165048543
  }
}