{
  "type": "FeatureCollection",
  "features": [
    {
      "type": "Feature",
      "properties": {
        "class_id": 2,
        "classification": "Fold",
        "area": 782.6930903853979
      },
      "geometry": {
        "type": "Polygon",
        "coordinates": [
          [
            [
              22576.312576312575,
              49352.86935286935
            ],
            [
              22576.312576312575,
              49358.97435897436
            ],
            [
              22570.207570207567,
              49365.079365079364
            ],
            [
              22570.207570207567,
              49377.28937728937
            ],
            [
              22564.102564102563,
              49383.39438339438
            ],
            [
              22564.102564102563,
              49432.23443223443
            ],
            [
              22570.207570207567,
              49438.33943833943
            ],
            [
              22570.207570207567,
              49444.44444444444
            ],
            [
              22570.207570207567,
              49407.8144078144
            ],
            [
              22576.312576312575,
              49401.7094017094
            ],
            [
              22576.312576312575,
              49389.49938949939
            ],
            [
              22582.41758241758,
              49383.39438339438
            ],
            [
              22582.41758241758,
              49358.97435897436
            ],
            [
              22576.312576312575,
              49352.86935286935
            ]
          ]
        ]
      }
    },
    {
      "type": "Feature",
      "properties": {
        "class_id": 2,
        "classification": "Fold",
        "area": 18710.091970165227
      },
      "geometry": {
        "type": "Polygon",
        "coordinates": [
          [
            [
              21581.19658119658,
              47905.982905982906
            ],
            [
              21568.98656898657,
              47918.192918192915
            ],
            [
              21568.98656898657,
              47924.29792429792
            ],
            [
              21562.88156288156,
              47930.402930402925
            ],
            [
              21562.88156288156,
              47960.927960927955
            ],
            [
              21556.776556776556,
              47967.03296703297
            ],
            [
              21556.776556776556,
              47985.34798534798
            ],
            [
              21550.671550671548,
              47991.45299145299
            ],
            [
              21550.671550671548,
              48021.97802197802
            ],
            [
              21556.776556776556,
              48028.08302808303
            ],
            [
              21556.776556776556,
              48046.39804639804
            ],
            [
              21562.88156288156,
              48052.50305250305
            ],
            [
              21562.88156288156,
              48070.818070818066
            ],
            [
              21568.98656898657,
              48076.92307692307
            ],
            [
              21568.98656898657,
              48089.13308913309
            ],
            [
              21575.091575091574,
              48095.23809523809
            ],
            [
              21575.091575091574,
              48101.343101343096
            ],
            [
              21581.19658119658,
              48107.4481074481
            ],
            [
              21581.19658119658,
              48113.55311355311
            ],
            [
              21587.301587301587,
              48119.65811965812
            ],
            [
              21593.40659340659,
              48119.65811965812
            ],
            [
              21599.5115995116,
              48125.76312576312
            ],
            [
              21630.03663003663,
              48125.76312576312
            ],
            [
              21642.246642246642,
              48113.55311355311
            ],
            [
              21648.351648351647,
              48113.55311355311
            ],
            [
              21654.45665445665,
              48107.4481074481
            ],
            [
              21654.45665445665,
              48101.343101343096
            ],
            [
              21660.56166056166,
              48095.23809523809
            ],
            [
              21660.56166056166,
              48064.71306471306
            ],
            [
              21666.666666666664,
              48058.60805860806
            ],
            [
              21666.666666666664,
              48046.39804639804
            ],
            [
              21660.56166056166,
              48040.293040293036
            ],
            [
              21660.56166056166,
              48015.87301587301
            ],
            [
              21654.45665445665,
              48009.768009768006
            ],
            [
              21654.45665445665,
              47991.45299145299
            ],
            [
              21648.351648351647,
              47985.34798534798
            ],
            [
              21648.351648351647,
              47973.13797313797
            ],
            [
              21642.246642246642,
              47967.03296703297
            ],
            [
              21642.246642246642,
              47954.82295482295
            ],
            [
              21636.141636141634,
              47948.717948717946
            ],
            [
              21636.141636141634,
              47942.61294261294
            ],
            [
              21630.03663003663,
              47936.50793650794
            ],
            [
              21630.03663003663,
              47930.402930402925
            ],
            [
              21623.93162393162,
              47924.29792429792
            ],
            [
              21623.93162393162,
              47918.192918192915
            ],
            [
              21611.721611721612,
              47905.982905982906
            ],
            [
              21581.19658119658,
              47905.982905982906
            ]
          ]
        ]
      }
    },
    {
      "type": "Feature",
      "properties": {
        "class_id": 2,
        "classification": "Fold",
        "area": 93.17774885540452
      },
      "geometry": {
        "type": "Polygon",
        "coordinates": [
          [
            [
              99987.78998778998,
              47173.38217338217
            ],
            [
              100000.0,
              47173.38217338217
            ],
            [
              100006.105006105,
              47179.48717948718
            ],
            [
              100018.31501831501,
              47179.48717948718
            ],
            [
              100018.31501831501,
              47173.38217338217
            ],
            [
              99987.78998778998,
              47173.38217338217
            ]
          ]
        ]
      }
    },
    {
      "type": "Feature",
      "properties": {
        "class_id": 2,
        "classification": "Fold",
        "area": 503.1598438191844
      },
      "geometry": {
        "type": "Polygon",
        "coordinates": [
          [
            [
              101355.31135531135,
              46886.44688644688
            ],
            [
              101355.31135531135,
              46904.7619047619
            ],
            [
              101361.41636141636,
              46898.6568986569
            ],
            [
              101385.83638583637,
              46898.6568986569
            ],
            [
              101391.9413919414,
              46892.55189255189
            ],
            [
              101398.0463980464,
              46892.55189255189
            ],
            [
              101404.1514041514,
              46886.44688644688
            ],
            [
              101355.31135531135,
              46886.44688644688
            ]
          ]
        ]
      }
    },
    {
      "type": "Feature",
      "properties": {
        "class_id": 2,
        "classification": "Fold",
        "area": 2087.1815743610614
      },
      "geometry": {
        "type": "Polygon",
        "coordinates": [
          [
            [
              17509.157509157507,
              46849.816849816845
            ],
            [
              17496.947496947494,
              46862.02686202686
            ],
            [
              17496.947496947494,
              46868.131868131866
            ],
            [
              17490.84249084249,
              46874.23687423687
            ],
            [
              17490.84249084249,
              46880.341880341875
            ],
            [
              17582.41758241758,
              46880.341880341875
            ],
            [
              17582.41758241758,
              46874.23687423687
            ],
            [
              17576.312576312575,
              46874.23687423687
            ],
            [
              17570.20757020757,
              46868.131868131866
            ],
            [
              17570.20757020757,
              46862.02686202686
            ],
            [
              17564.102564102563,
              46862.02686202686
            ],
            [
              17557.997557997558,
              46855.92185592185
            ],
            [
              17545.787545787545,
              46855.92185592185
            ],
            [
              17539.682539682537,
              46849.816849816845
            ],
            [
              17509.157509157507,
              46849.816849816845
            ]
          ]
        ]
      }
    },
    {
      "type": "Feature",
      "properties": {
        "class_id": 2,
        "classification": "Fold",
        "area": 279.53324656621356
      },
      "geometry": {
        "type": "Polygon",
        "coordinates": [
          [
            [
              12484.737484737483,
              46184.37118437118
            ],
            [
              12484.737484737483,
              46202.6862026862
            ],
            [
              12490.84249084249,
              46208.791208791205
            ],
            [
              12496.947496947496,
              46208.791208791205
            ],
            [
              12496.947496947496,
              46184.37118437118
            ],
            [
              12484.737484737483,
              46184.37118437118
            ]
          ]
        ]
      }
    },
    {
      "type": "Feature",
      "properties": {
        "class_id": 2,
        "classification": "Fold",
        "area": 316.80434610837534
      },
      "geometry": {
        "type": "Polygon",
        "coordinates": [
          [
            [
              21275.946275946273,
              45848.59584859585
            ],
            [
              21275.946275946273,
              45860.805860805856
            ],
            [
              21282.05128205128,
              45866.91086691086
            ],
            [
              21282.05128205128,
              45873.01587301587
            ],
            [
              21288.156288156286,
              45879.12087912088
            ],
            [
              21294.261294261294,
              45873.01587301587
            ],
            [
              21294.261294261294,
              45866.91086691086
            ],
            [
              21288.156288156286,
              45860.805860805856
            ],
            [
              21288.156288156286,
              45854.70085470085
            ],
            [
              21282.05128205128,
              45848.59584859585
            ],
            [
              21275.946275946273,
              45848.59584859585
            ]
          ]
        ]
      }
    },
    {
      "type": "Feature",
      "properties": {
        "class_id": 2,
        "classification": "Fold",
        "area": 2497.163669324841
      },
      "geometry": {
        "type": "Polygon",
        "coordinates": [
          [
            [
              12496.947496947496,
              44835.16483516483
            ],
            [
              12490.84249084249,
              44841.26984126984
            ],
            [
              12478.632478632479,
              44841.26984126984
            ],
            [
              12472.527472527472,
              44847.37484737484
            ],
            [
              12466.422466422466,
              44847.37484737484
            ],
            [
              12460.31746031746,
              44853.479853479854
            ],
            [
              12460.31746031746,
              44859.58485958486
            ],
            [
              12454.212454212453,
              44865.68986568986
            ],
            [
              12454.212454212453,
              44890.10989010989
            ],
            [
              12460.31746031746,
              44896.21489621489
            ],
            [
              12466.422466422466,
              44896.21489621489
            ],
            [
              12484.737484737483,
              44914.529914529914
            ],
            [
              12496.947496947496,
              44914.529914529914
            ],
            [
              12496.947496947496,
              44835.16483516483
            ]
          ]
        ]
      }
    },
    {
      "type": "Feature",
      "properties": {
        "class_id": 2,
        "classification": "Fold",
        "area": 2925.781314059702
      },
      "geometry": {
        "type": "Polygon",
        "coordinates": [
          [
            [
              11935.286935286935,
              44700.854700854696
            ],
            [
              11935.286935286935,
              44731.379731379726
            ],
            [
              11929.181929181928,
              44737.48473748474
            ],
            [
              11929.181929181928,
              44743.58974358974
            ],
            [
              11910.866910866911,
              44761.904761904756
            ],
            [
              11910.866910866911,
              44768.00976800977
            ],
            [
              11916.971916971916,
              44761.904761904756
            ],
            [
              11947.496947496948,
              44792.429792429786
            ],
            [
              11978.021978021978,
              44792.429792429786
            ],
            [
              11978.021978021978,
              44761.904761904756
            ],
            [
              11965.811965811965,
              44749.69474969475
            ],
            [
              11965.811965811965,
              44743.58974358974
            ],
            [
              11947.496947496948,
              44725.27472527472
            ],
            [
              11947.496947496948,
              44719.16971916972
            ],
            [
              11935.286935286935,
              44706.95970695971
            ],
            [
              11935.286935286935,
              44700.854700854696
            ]
          ]
        ]
      }
    },
    {
      "type": "Feature",
      "properties": {
        "class_id": 2,
        "classification": "Fold",
        "area": 149.08439816864723
      },
      "geometry": {
        "type": "Polygon",
        "coordinates": [
          [
            [
              12496.947496947496,
              44652.01465201465
            ],
            [
              12490.84249084249,
              44658.11965811966
            ],
            [
              12490.84249084249,
              44676.43467643467
            ],
            [
              12496.947496947496,
              44682.53968253968
            ],
            [
              12496.947496947496,
              44652.01465201465
            ]
          ]
        ]
      }
    },
    {
      "type": "Feature",
      "properties": {
        "class_id": 2,
        "classification": "Fold",
        "area": 8013.286401564788
      },
      "geometry": {
        "type": "Polygon",
        "coordinates": [
          [
            [
              12332.11233211233,
              44627.594627594626
            ],
            [
              12326.007326007326,
              44633.69963369963
            ],
            [
              12319.90231990232,
              44633.69963369963
            ],
            [
              12313.797313797313,
              44639.804639804635
            ],
            [
              12313.797313797313,
              44645.90964590964
            ],
            [
              12307.692307692307,
              44652.01465201465
            ],
            [
              12307.692307692307,
              44658.11965811966
            ],
            [
              12301.5873015873,
              44664.22466422466
            ],
            [
              12301.5873015873,
              44688.64468864469
            ],
            [
              12307.692307692307,
              44694.74969474969
            ],
            [
              12307.692307692307,
              44700.854700854696
            ],
            [
              12319.90231990232,
              44713.06471306471
            ],
            [
              12319.90231990232,
              44719.16971916972
            ],
            [
              12326.007326007326,
              44725.27472527472
            ],
            [
              12326.007326007326,
              44731.379731379726
            ],
            [
              12332.11233211233,
              44737.48473748474
            ],
            [
              12332.11233211233,
              44743.58974358974
            ],
            [
              12344.322344322343,
              44755.79975579975
            ],
            [
              12362.637362637362,
              44755.79975579975
            ],
            [
              12368.742368742369,
              44749.69474969475
            ],
            [
              12368.742368742369,
              44743.58974358974
            ],
            [
              12374.847374847373,
              44737.48473748474
            ],
            [
              12374.847374847373,
              44731.379731379726
            ],
            [
              12380.95238095238,
              44725.27472527472
            ],
            [
              12380.95238095238,
              44713.06471306471
            ],
            [
              12387.057387057386,
              44706.95970695971
            ],
            [
              12387.057387057386,
              44664.22466422466
            ],
            [
              12380.95238095238,
              44658.11965811966
            ],
            [
              12380.95238095238,
              44652.01465201465
            ],
            [
              12362.637362637362,
              44633.69963369963
            ],
            [
              12356.532356532356,
              44633.69963369963
            ],
            [
              12350.42735042735,
              44627.594627594626
            ],
            [
              12332.11233211233,
              44627.594627594626
            ]
          ]
        ]
      }
    },
    {
      "type": "Feature",
      "properties": {
        "class_id": 2,
        "classification": "Fold",
        "area": 37.27109954216181
      },
      "geometry": {
        "type": "Polygon",
        "coordinates": [
          [
            [
              11904.761904761905,
              44615.38461538461
            ],
            [
              11904.761904761905,
              44621.48962148962
            ],
            [
              11910.866910866911,
              44627.594627594626
            ],
            [
              11910.866910866911,
              44633.69963369963
            ],
            [
              11923.076923076922,
              44645.90964590964
            ],
            [
              11923.076923076922,
              44652.01465201465
            ],
            [
              11923.076923076922,
              44645.90964590964
            ],
            [
              11916.971916971916,
              44639.804639804635
            ],
            [
              11916.971916971916,
              44633.69963369963
            ],
            [
              11904.761904761905,
              44621.48962148962
            ],
            [
              11904.761904761905,
              44615.38461538461
            ]
          ]
        ]
      }
    },
    {
      "type": "Feature",
      "properties": {
        "class_id": 2,
        "classification": "Fold",
        "area": 316.80434610837534
      },
      "geometry": {
        "type": "Polygon",
        "coordinates": [
          [
            [
              12490.84249084249,
              44590.96459096459
            ],
            [
              12484.737484737483,
              44597.069597069596
            ],
            [
              12484.737484737483,
              44609.279609279605
            ],
            [
              12490.84249084249,
              44615.38461538461
            ],
            [
              12490.84249084249,
              44621.48962148962
            ],
            [
              12496.947496947496,
              44627.594627594626
            ],
            [
              12496.947496947496,
              44590.96459096459
            ],
            [
              12490.84249084249,
              44590.96459096459
            ]
          ]
        ]
      }
    },
    {
      "type": "Feature",
      "properties": {
        "class_id": 2,
        "classification": "Fold",
        "area": 1751.7416784816048
      },
      "geometry": {
        "type": "Polygon",
        "coordinates": [
          [
            [
              11874.236874236873,
              44371.18437118437
            ],
            [
              11868.131868131868,
              44377.28937728937
            ],
            [
              11862.026862026862,
              44377.28937728937
            ],
            [
              11862.026862026862,
              44383.39438339438
            ],
            [
              11855.921855921855,
              44389.49938949939
            ],
            [
              11855.921855921855,
              44395.604395604394
            ],
            [
              11862.026862026862,
              44401.7094017094
            ],
            [
              11862.026862026862,
              44413.91941391941
            ],
            [
              11880.341880341879,
              44432.23443223443
            ],
            [
              11892.551892551892,
              44432.23443223443
            ],
            [
              11898.656898656898,
              44426.129426129424
            ],
            [
              11898.656898656898,
              44401.7094017094
            ],
            [
              11892.551892551892,
              44395.604395604394
            ],
            [
              11892.551892551892,
              44389.49938949939
            ],
            [
              11886.446886446885,
              44383.39438339438
            ],
            [
              11886.446886446885,
              44377.28937728937
            ],
            [
              11880.341880341879,
              44377.28937728937
            ],
            [
              11874.236874236873,
              44371.18437118437
            ]
          ]
        ]
      }
    },
    {
      "type": "Feature",
      "properties": {
        "class_id": 2,
        "classification": "Fold",
        "area": 801.3286401564789
      },
      "geometry": {
        "type": "Polygon",
        "coordinates": [
          [
            [
              16807.081807081806,
              44078.144078144076
            ],
            [
              16800.9768009768,
              44084.24908424908
            ],
            [
              16800.9768009768,
              44102.5641025641
            ],
            [
              16807.081807081806,
              44108.669108669106
            ],
            [
              16807.081807081806,
              44120.879120879115
            ],
            [
              16813.18681318681,
              44126.98412698413
            ],
            [
              16819.29181929182,
              44126.98412698413
            ],
            [
              16825.396825396823,
              44120.879120879115
            ],
            [
              16825.396825396823,
              44102.5641025641
            ],
            [
              16819.29181929182,
              44096.4590964591
            ],
            [
              16819.29181929182,
              44090.354090354085
            ],
            [
              16807.081807081806,
              44078.144078144076
            ]
          ]
        ]
      }
    },
    {
      "type": "Feature",
      "properties": {
        "class_id": 2,
        "classification": "Fold",
        "area": 186.35549771080903
      },
      "geometry": {
        "type": "Polygon",
        "coordinates": [
          [
            [
              16788.76678876679,
              44004.884004884
            ],
            [
              16788.76678876679,
              44010.98901098901
            ],
            [
              16782.66178266178,
              44017.094017094016
            ],
            [
              16788.76678876679,
              44023.19902319902
            ],
            [
              16788.76678876679,
              44029.304029304025
            ],
            [
              16794.871794871793,
              44029.304029304025
            ],
            [
              16794.871794871793,
              44004.884004884
            ],
            [
              16788.76678876679,
              44004.884004884
            ]
          ]
        ]
      }
    },
    {
      "type": "Feature",
      "properties": {
        "class_id": 2,
        "classification": "Fold",
        "area": 7137.415562323986
      },
      "geometry": {
        "type": "Polygon",
        "coordinates": [
          [
            [
              18669.108669108668,
              43760.68376068376
            ],
            [
              18669.108669108668,
              43778.99877899878
            ],
            [
              18675.213675213676,
              43785.10378510378
            ],
            [
              18675.213675213676,
              43797.31379731379
            ],
            [
              18681.31868131868,
              43803.4188034188
            ],
            [
              18681.31868131868,
              43809.52380952381
            ],
            [
              18687.423687423685,
              43815.628815628814
            ],
            [
              18687.423687423685,
              43821.73382173382
            ],
            [
              18699.633699633698,
              43833.943833943835
            ],
            [
              18699.633699633698,
              43840.04884004884
            ],
            [
              18730.158730158728,
              43870.57387057387
            ],
            [
              18730.158730158728,
              43876.678876678874
            ],
            [
              18736.263736263736,
              43882.78388278388
            ],
            [
              18736.263736263736,
              43913.30891330891
            ],
            [
              18742.36874236874,
              43919.41391941391
            ],
            [
              18742.36874236874,
              43931.62393162393
            ],
            [
              18748.47374847375,
              43937.728937728934
            ],
            [
              18748.47374847375,
              43943.83394383394
            ],
            [
              18748.47374847375,
              43760.68376068376
            ],
            [
              18669.108669108668,
              43760.68376068376
            ]
          ]
        ]
      }
    },
    {
      "type": "Feature",
      "properties": {
        "class_id": 2,
        "classification": "Fold",
        "area": 321481.86910091667
      },
      "geometry": {
        "type": "Polygon",
        "coordinates": [
          [
            [
              16758.24175824176,
              43760.68376068376
            ],
            [
              16758.24175824176,
              43778.99877899878
            ],
            [
              16752.13675213675,
              43785.10378510378
            ],
            [
              16752.13675213675,
              43821.73382173382
            ],
            [
              16758.24175824176,
              43827.83882783882
            ],
            [
              16758.24175824176,
              43833.943833943835
            ],
            [
              16764.346764346763,
              43840.04884004884
            ],
            [
              16764.346764346763,
              43846.153846153844
            ],
            [
              16788.76678876679,
              43870.57387057387
            ],
            [
              16788.76678876679,
              43876.678876678874
            ],
            [
              16794.871794871793,
              43882.78388278388
            ],
            [
              16794.871794871793,
              43894.993894993895
            ],
            [
              16800.9768009768,
              43901.0989010989
            ],
            [
              16800.9768009768,
              43907.203907203904
            ],
            [
              16807.081807081806,
              43913.30891330891
            ],
            [
              16807.081807081806,
              43925.518925518925
            ],
            [
              16819.29181929182,
              43937.728937728934
            ],
            [
              16819.29181929182,
              43949.93894993895
            ],
            [
              16825.396825396823,
              43956.043956043955
            ],
            [
              16825.396825396823,
              43962.14896214896
            ],
            [
              16831.50183150183,
              43968.253968253965
            ],
            [
              16831.50183150183,
              43974.35897435897
            ],
            [
              16843.711843711844,
              43986.568986568986
            ],
            [
              16843.711843711844,
              43992.67399267399
            ],
            [
              16849.81684981685,
              43998.778998778995
            ],
            [
              16849.81684981685,
              44010.98901098901
            ],
            [
              16855.921855921853,
              44017.094017094016
            ],
            [
              16855.921855921853,
              44035.40903540903
            ],
            [
              16862.02686202686,
              44041.51404151404
            ],
            [
              16862.02686202686,
              44047.619047619046
            ],
            [
              16868.131868131866,
              44053.72405372405
            ],
            [
              16868.131868131866,
              44065.93406593406
            ],
            [
              16874.236874236874,
              44072.03907203907
            ],
            [
              16874.236874236874,
              44078.144078144076
            ],
            [
              16880.34188034188,
              44084.24908424908
            ],
            [
              16880.34188034188,
              44090.354090354085
            ],
            [
              16898.656898656896,
              44090.354090354085
            ],
            [
              16904.761904761905,
              44096.4590964591
            ],
            [
              16935.286935286935,
              44096.4590964591
            ],
            [
              16947.496947496948,
              44108.669108669106
            ],
            [
              16947.496947496948,
              44133.08913308913
            ],
            [
              16941.39194139194,
              44139.19413919414
            ],
            [
              16941.39194139194,
              44181.929181929176
            ],
            [
              16947.496947496948,
              44188.03418803419
            ],
            [
              16947.496947496948,
              44194.13919413919
            ],
            [
              16953.601953601952,
              44200.2442002442
            ],
            [
              16978.021978021978,
              44200.2442002442
            ],
            [
              16984.126984126982,
              44194.13919413919
            ],
            [
              16990.23199023199,
              44194.13919413919
            ],
            [
              16996.336996336995,
              44188.03418803419
            ],
            [
              16996.336996336995,
              44181.929181929176
            ],
            [
              17014.652014652012,
              44163.61416361416
            ],
            [
              17014.652014652012,
              44157.50915750916
            ],
            [
              17020.75702075702,
              44151.404151404146
            ],
            [
              17020.75702075702,
              44139.19413919414
            ],
            [
              17026.862026862025,
              44133.08913308913
            ],
            [
              17026.862026862025,
              44108.669108669106
            ],
            [
              17014.652014652012,
              44096.4590964591
            ],
            [
              17008.547008547008,
              44096.4590964591
            ],
            [
              17002.442002442,
              44090.354090354085
            ],
            [
              16990.23199023199,
              44090.354090354085
            ],
            [
              16978.021978021978,
              44078.144078144076
            ],
            [
              16978.021978021978,
              44065.93406593406
            ],
            [
              16996.336996336995,
              44047.619047619046
            ],
            [
              17002.442002442,
              44047.619047619046
            ],
            [
              17008.547008547008,
              44041.51404151404
            ],
            [
              17014.652014652012,
              44041.51404151404
            ],
            [
              17026.862026862025,
              44029.304029304025
            ],
            [
              17032.967032967033,
              44029.304029304025
            ],
            [
              17039.072039072038,
              44023.19902319902
            ],
            [
              17063.492063492064,
              44023.19902319902
            ],
            [
              17094.017094017094,
              44053.72405372405
            ],
            [
              17124.542124542124,
              44053.72405372405
            ],
            [
              17130.64713064713,
              44047.619047619046
            ],
            [
              17155.067155067154,
              44047.619047619046
            ],
            [
              17161.17216117216,
              44053.72405372405
            ],
            [
              17173.38217338217,
              44053.72405372405
            ],
            [
              17179.48717948718,
              44059.829059829055
            ],
            [
              17197.802197802197,
              44059.829059829055
            ],
            [
              17203.9072039072,
              44065.93406593406
            ],
            [
              17228.327228327227,
              44065.93406593406
            ],
            [
              17234.43223443223,
              44059.829059829055
            ],
            [
              17240.53724053724,
              44059.829059829055
            ],
            [
              17246.642246642245,
              44053.72405372405
            ],
            [
              17252.747252747253,
              44053.72405372405
            ],
            [
              17271.06227106227,
              44035.40903540903
            ],
            [
              17277.167277167275,
              44035.40903540903
            ],
            [
              17283.272283272283,
              44029.304029304025
            ],
            [
              17289.377289377288,
              44029.304029304025
            ],
            [
              17295.482295482296,
              44023.19902319902
            ],
            [
              17332.11233211233,
              44023.19902319902
            ],
            [
              17338.21733821734,
              44017.094017094016
            ],
            [
              17368.74236874237,
              44017.094017094016
            ],
            [
              17374.847374847373,
              44010.98901098901
            ],
            [
              17387.057387057386,
              44010.98901098901
            ],
            [
              17393.16239316239,
              44004.884004884
            ],
            [
              17399.2673992674,
              44004.884004884
            ],
            [
              17405.372405372404,
              43998.778998778995
            ],
            [
              17417.582417582416,
              43998.778998778995
            ],
            [
              17423.68742368742,
              43992.67399267399
            ],
            [
              17442.002442002442,
              43992.67399267399
            ],
            [
              17448.107448107447,
              43986.568986568986
            ],
            [
              17478.632478632477,
              43986.568986568986
            ],
            [
              17484.737484737485,
              43980.46398046398
            ],
            [
              17509.157509157507,
              43980.46398046398
            ],
            [
              17515.262515262515,
              43986.568986568986
            ],
            [
              17533.577533577532,
              43986.568986568986
            ],
            [
              17539.682539682537,
              43992.67399267399
            ],
            [
              17576.312576312575,
              43992.67399267399
            ],
            [
              17582.41758241758,
              43998.778998778995
            ],
            [
              17600.7326007326,
              43998.778998778995
            ],
            [
              17606.837606837606,
              44004.884004884
            ],
            [
              17612.94261294261,
              44004.884004884
            ],
            [
              17619.04761904762,
              44010.98901098901
            ],
            [
              17625.152625152623,
              44010.98901098901
            ],
            [
              17631.25763125763,
              44017.094017094016
            ],
            [
              17667.887667887666,
              44017.094017094016
            ],
            [
              17673.992673992674,
              44010.98901098901
            ],
            [
              17686.202686202687,
              44010.98901098901
            ],
            [
              17692.30769230769,
              44004.884004884
            ],
            [
              17716.727716727717,
              44004.884004884
            ],
            [
              17722.83272283272,
              43998.778998778995
            ],
            [
              17759.46275946276,
              43998.778998778995
            ],
            [
              17765.567765567765,
              44004.884004884
            ],
            [
              17771.67277167277,
              44004.884004884
            ],
            [
              17808.302808302808,
              44041.51404151404
            ],
            [
              17814.407814407812,
              44041.51404151404
            ],
            [
              17820.51282051282,
              44047.619047619046
            ],
            [
              17869.352869352868,
              44047.619047619046
            ],
            [
              17875.457875457876,
              44041.51404151404
            ],
            [
              17881.56288156288,
              44041.51404151404
            ],
            [
              17887.667887667885,
              44035.40903540903
            ],
            [
              17893.772893772893,
              44035.40903540903
            ],
            [
              17905.982905982906,
              44023.19902319902
            ],
            [
              17912.08791208791,
              44023.19902319902
            ],
            [
              17930.402930402928,
              44004.884004884
            ],
            [
              17936.507936507936,
              44004.884004884
            ],
            [
              17942.61294261294,
              43998.778998778995
            ],
            [
              17942.61294261294,
              43992.67399267399
            ],
            [
              17954.822954822954,
              43980.46398046398
            ],
            [
              17954.822954822954,
              43968.253968253965
            ],
            [
              17960.92796092796,
              43962.14896214896
            ],
            [
              17960.92796092796,
              43913.30891330891
            ],
            [
              17954.822954822954,
              43907.203907203904
            ],
            [
              17954.822954822954,
              43901.0989010989
            ],
            [
              17948.71794871795,
              43894.993894993895
            ],
            [
              17948.71794871795,
              43888.88888888888
            ],
            [
              17942.61294261294,
              43882.78388278388
            ],
            [
              17942.61294261294,
              43852.25885225885
            ],
            [
              17973.13797313797,
              43821.73382173382
            ],
            [
              17973.13797313797,
              43815.628815628814
            ],
            [
              17997.557997557997,
              43791.20879120879
            ],
            [
              18003.663003663,
              43791.20879120879
            ],
            [
              18009.76800976801,
              43785.10378510378
            ],
            [
              18028.083028083027,
              43785.10378510378
            ],
            [
              18034.18803418803,
              43778.99877899878
            ],
            [
              18040.29304029304,
              43778.99877899878
            ],
            [
              18040.29304029304,
              43772.89377289377
            ],
            [
              18046.398046398044,
              43766.78876678876
            ],
            [
              18046.398046398044,
              43760.68376068376
            ],
            [
              16758.24175824176,
              43760.68376068376
            ]
          ]
        ]
      }
    },
    {
      "type": "Feature",
      "properties": {
        "class_id": 2,
        "classification": "Fold",
        "area": 67665.68121879477
      },
      "geometry": {
        "type": "Polygon",
        "coordinates": [
          [
            [
              18229.54822954823,
              43730.15873015873
            ],
            [
              18217.338217338216,
              43742.36874236874
            ],
            [
              18217.338217338216,
              43754.57875457875
            ],
            [
              18211.23321123321,
              43760.68376068376
            ],
            [
              18150.183150183148,
              43760.68376068376
            ],
            [
              18150.183150183148,
              43785.10378510378
            ],
            [
              18125.763125763126,
              43809.52380952381
            ],
            [
              18113.553113553113,
              43809.52380952381
            ],
            [
              18107.448107448105,
              43815.628815628814
            ],
            [
              18076.923076923074,
              43815.628815628814
            ],
            [
              18064.713064713065,
              43827.83882783882
            ],
            [
              18064.713064713065,
              43840.04884004884
            ],
            [
              18058.608058608057,
              43846.153846153844
            ],
            [
              18058.608058608057,
              43858.36385836385
            ],
            [
              18052.503052503052,
              43864.468864468865
            ],
            [
              18052.503052503052,
              43870.57387057387
            ],
            [
              18046.398046398044,
              43876.678876678874
            ],
            [
              18046.398046398044,
              43901.0989010989
            ],
            [
              18070.81807081807,
              43925.518925518925
            ],
            [
              18076.923076923074,
              43925.518925518925
            ],
            [
              18083.028083028083,
              43931.62393162393
            ],
            [
              18089.133089133087,
              43931.62393162393
            ],
            [
              18095.238095238095,
              43937.728937728934
            ],
            [
              18125.763125763126,
              43937.728937728934
            ],
            [
              18137.97313797314,
              43925.518925518925
            ],
            [
              18137.97313797314,
              43919.41391941391
            ],
            [
              18144.078144078143,
              43913.30891330891
            ],
            [
              18144.078144078143,
              43901.0989010989
            ],
            [
              18150.183150183148,
              43894.993894993895
            ],
            [
              18150.183150183148,
              43882.78388278388
            ],
            [
              18162.39316239316,
              43870.57387057387
            ],
            [
              18162.39316239316,
              43864.468864468865
            ],
            [
              18186.813186813186,
              43840.04884004884
            ],
            [
              18192.91819291819,
              43840.04884004884
            ],
            [
              18205.128205128203,
              43827.83882783882
            ],
            [
              18211.23321123321,
              43827.83882783882
            ],
            [
              18217.338217338216,
              43821.73382173382
            ],
            [
              18229.54822954823,
              43821.73382173382
            ],
            [
              18235.653235653233,
              43827.83882783882
            ],
            [
              18241.75824175824,
              43827.83882783882
            ],
            [
              18260.07326007326,
              43846.153846153844
            ],
            [
              18260.07326007326,
              43852.25885225885
            ],
            [
              18266.178266178264,
              43858.36385836385
            ],
            [
              18266.178266178264,
              43876.678876678874
            ],
            [
              18260.07326007326,
              43882.78388278388
            ],
            [
              18260.07326007326,
              43888.88888888888
            ],
            [
              18229.54822954823,
              43919.41391941391
            ],
            [
              18223.44322344322,
              43919.41391941391
            ],
            [
              18211.23321123321,
              43931.62393162393
            ],
            [
              18211.23321123321,
              43937.728937728934
            ],
            [
              18199.0231990232,
              43949.93894993895
            ],
            [
              18192.91819291819,
              43949.93894993895
            ],
            [
              18186.813186813186,
              43956.043956043955
            ],
            [
              18180.70818070818,
              43956.043956043955
            ],
            [
              18174.603174603173,
              43962.14896214896
            ],
            [
              18156.288156288156,
              43962.14896214896
            ],
            [
              18150.183150183148,
              43968.253968253965
            ],
            [
              18131.86813186813,
              43968.253968253965
            ],
            [
              18125.763125763126,
              43974.35897435897
            ],
            [
              18119.658119658117,
              43974.35897435897
            ],
            [
              18113.553113553113,
              43980.46398046398
            ],
            [
              18113.553113553113,
              43986.568986568986
            ],
            [
              18107.448107448105,
              43992.67399267399
            ],
            [
              18107.448107448105,
              44004.884004884
            ],
            [
              18119.658119658117,
              44017.094017094016
            ],
            [
              18162.39316239316,
              44017.094017094016
            ],
            [
              18168.49816849817,
              44010.98901098901
            ],
            [
              18174.603174603173,
              44010.98901098901
            ],
            [
              18180.70818070818,
              44004.884004884
            ],
            [
              18186.813186813186,
              44004.884004884
            ],
            [
              18211.23321123321,
              43980.46398046398
            ],
            [
              18211.23321123321,
              43974.35897435897
            ],
            [
              18217.338217338216,
              43968.253968253965
            ],
            [
              18223.44322344322,
              43968.253968253965
            ],
            [
              18229.54822954823,
              43974.35897435897
            ],
            [
              18235.653235653233,
              43974.35897435897
            ],
            [
              18241.75824175824,
              43980.46398046398
            ],
            [
              18247.863247863246,
              43980.46398046398
            ],
            [
              18266.178266178264,
              43998.778998778995
            ],
            [
              18266.178266178264,
              44004.884004884
            ],
            [
              18272.28327228327,
              44010.98901098901
            ],
            [
              18272.28327228327,
              44017.094017094016
            ],
            [
              18278.388278388276,
              44023.19902319902
            ],
            [
              18278.388278388276,
              44029.304029304025
            ],
            [
              18284.493284493285,
              44035.40903540903
            ],
            [
              18284.493284493285,
              44047.619047619046
            ],
            [
              18290.59829059829,
              44053.72405372405
            ],
            [
              18290.59829059829,
              44084.24908424908
            ],
            [
              18284.493284493285,
              44090.354090354085
            ],
            [
              18284.493284493285,
              44102.5641025641
            ],
            [
              18278.388278388276,
              44108.669108669106
            ],
            [
              18278.388278388276,
              44120.879120879115
            ],
            [
              18272.28327228327,
              44126.98412698413
            ],
            [
              18278.388278388276,
              44133.08913308913
            ],
            [
              18278.388278388276,
              44145.29914529914
            ],
            [
              18302.808302808302,
              44145.29914529914
            ],
            [
              18308.913308913307,
              44139.19413919414
            ],
            [
              18315.018315018315,
              44139.19413919414
            ],
            [
              18333.333333333332,
              44120.879120879115
            ],
            [
              18333.333333333332,
              44114.77411477411
            ],
            [
              18339.438339438337,
              44108.669108669106
            ],
            [
              18339.438339438337,
              44102.5641025641
            ],
            [
              18345.543345543345,
              44096.4590964591
            ],
            [
              18345.543345543345,
              44084.24908424908
            ],
            [
              18351.64835164835,
              44078.144078144076
            ],
            [
              18351.64835164835,
              44059.829059829055
            ],
            [
              18357.753357753358,
              44053.72405372405
            ],
            [
              18357.753357753358,
              44047.619047619046
            ],
            [
              18363.858363858362,
              44041.51404151404
            ],
            [
              18363.858363858362,
              44029.304029304025
            ],
            [
              18369.96336996337,
              44023.19902319902
            ],
            [
              18369.96336996337,
              44010.98901098901
            ],
            [
              18363.858363858362,
              44004.884004884
            ],
            [
              18363.858363858362,
              43998.778998778995
            ],
            [
              18357.753357753358,
              43992.67399267399
            ],
            [
              18357.753357753358,
              43974.35897435897
            ],
            [
              18351.64835164835,
              43968.253968253965
            ],
            [
              18351.64835164835,
              43956.043956043955
            ],
            [
              18357.753357753358,
              43949.93894993895
            ],
            [
              18357.753357753358,
              43937.728937728934
            ],
            [
              18394.383394383392,
              43901.0989010989
            ],
            [
              18394.383394383392,
              43864.468864468865
            ],
            [
              18388.278388278388,
              43858.36385836385
            ],
            [
              18388.278388278388,
              43852.25885225885
            ],
            [
              18382.17338217338,
              43846.153846153844
            ],
            [
              18382.17338217338,
              43815.628815628814
            ],
            [
              18388.278388278388,
              43809.52380952381
            ],
            [
              18388.278388278388,
              43803.4188034188
            ],
            [
              18394.383394383392,
              43797.31379731379
            ],
            [
              18394.383394383392,
              43791.20879120879
            ],
            [
              18400.4884004884,
              43785.10378510378
            ],
            [
              18400.4884004884,
              43778.99877899878
            ],
            [
              18412.69841269841,
              43766.78876678876
            ],
            [
              18412.69841269841,
              43760.68376068376
            ],
            [
              18278.388278388276,
              43760.68376068376
            ],
            [
              18272.28327228327,
              43754.57875457875
            ],
            [
              18272.28327228327,
              43748.47374847375
            ],
            [
              18266.178266178264,
              43742.36874236874
            ],
            [
              18266.178266178264,
              43736.26373626373
            ],
            [
              18260.07326007326,
              43736.26373626373
            ],
            [
              18253.968253968254,
              43730.15873015873
            ],
            [
              18229.54822954823,
              43730.15873015873
            ]
          ]
        ]
      }
    },
    {
      "type": "Feature",
      "properties": {
        "class_id": 2,
        "classification": "Fold",
        "area": 47688.37186419603
      },
      "geometry": {
        "type": "Polygon",
        "coordinates": [
          [
            [
              21941.39194139194,
              42405.3724053724
            ],
            [
              21935.286935286935,
              42411.47741147741
            ],
            [
              21923.076923076922,
              42411.47741147741
            ],
            [
              21916.971916971917,
              42417.58241758242
            ],
            [
              21910.86691086691,
              42411.47741147741
            ],
            [
              21880.34188034188,
              42411.47741147741
            ],
            [
              21880.34188034188,
              42948.717948717946
            ],
            [
              21886.446886446884,
              42948.717948717946
            ],
            [
              21904.761904761905,
              42930.402930402925
            ],
            [
              21904.761904761905,
              42924.29792429792
            ],
            [
              21910.86691086691,
              42918.192918192915
            ],
            [
              21910.86691086691,
              42887.667887667885
            ],
            [
              21916.971916971917,
              42881.56288156288
            ],
            [
              21916.971916971917,
              42857.142857142855
            ],
            [
              21923.076923076922,
              42851.03785103785
            ],
            [
              21923.076923076922,
              42814.40781440781
            ],
            [
              21929.181929181927,
              42808.302808302804
            ],
            [
              21929.181929181927,
              42802.1978021978
            ],
            [
              21935.286935286935,
              42796.092796092795
            ],
            [
              21935.286935286935,
              42783.88278388278
            ],
            [
              21941.39194139194,
              42777.777777777774
            ],
            [
              21941.39194139194,
              42765.567765567765
            ],
            [
              21947.496947496948,
              42759.46275946276
            ],
            [
              21947.496947496948,
              42747.25274725274
            ],
            [
              21953.601953601952,
              42741.14774114774
            ],
            [
              21953.601953601952,
              42728.93772893773
            ],
            [
              21959.706959706957,
              42722.83272283272
            ],
            [
              21959.706959706957,
              42716.72771672771
            ],
            [
              21965.811965811965,
              42710.62271062271
            ],
            [
              21965.811965811965,
              42698.41269841269
            ],
            [
              21971.91697191697,
              42692.30769230769
            ],
            [
              21971.91697191697,
              42686.20268620268
            ],
            [
              21978.021978021978,
              42680.09768009768
            ],
            [
              21978.021978021978,
              42667.88766788766
            ],
            [
              21990.23199023199,
              42655.67765567765
            ],
            [
              21990.23199023199,
              42649.57264957265
            ],
            [
              22002.442002442,
              42637.36263736263
            ],
            [
              22002.442002442,
              42631.25763125763
            ],
            [
              22014.652014652012,
              42619.04761904762
            ],
            [
              22014.652014652012,
              42588.52258852259
            ],
            [
              22008.547008547008,
              42582.417582417576
            ],
            [
              22008.547008547008,
              42576.31257631257
            ],
            [
              22002.442002442,
              42570.20757020757
            ],
            [
              22002.442002442,
              42564.10256410256
            ],
            [
              21996.336996336995,
              42557.99755799756
            ],
            [
              21996.336996336995,
              42527.47252747253
            ],
            [
              22002.442002442,
              42521.367521367516
            ],
            [
              22002.442002442,
              42496.9474969475
            ],
            [
              22008.547008547008,
              42490.842490842486
            ],
            [
              22008.547008547008,
              42484.73748473748
            ],
            [
              22014.652014652012,
              42478.63247863248
            ],
            [
              22014.652014652012,
              42472.52747252747
            ],
            [
              22032.96703296703,
              42454.21245421245
            ],
            [
              22032.96703296703,
              42442.00244200244
            ],
            [
              22039.072039072038,
              42435.89743589743
            ],
            [
              22039.072039072038,
              42423.68742368742
            ],
            [
              22045.177045177043,
              42417.58241758242
            ],
            [
              22045.177045177043,
              42411.47741147741
            ],
            [
              22051.28205128205,
              42405.3724053724
            ],
            [
              22039.072039072038,
              42417.58241758242
            ],
            [
              22039.072039072038,
              42423.68742368742
            ],
            [
              22026.862026862025,
              42435.89743589743
            ],
            [
              22014.652014652012,
              42435.89743589743
            ],
            [
              21996.336996336995,
              42417.58241758242
            ],
            [
              21990.23199023199,
              42417.58241758242
            ],
            [
              21984.126984126982,
              42411.47741147741
            ],
            [
              21978.021978021978,
              42411.47741147741
            ],
            [
              21971.91697191697,
              42405.3724053724
            ],
            [
              21941.39194139194,
              42405.3724053724
            ]
          ]
        ]
      }
    },
    {
      "type": "Feature",
      "properties": {
        "class_id": 2,
        "classification": "Fold",
        "area": 74.54219908432361
      },
      "geometry": {
        "type": "Polygon",
        "coordinates": [
          [
            [
              22167.277167277167,
              41703.2967032967
            ],
            [
              22167.277167277167,
              41715.506715506715
            ],
            [
              22173.38217338217,
              41721.61172161172
            ],
            [
              22173.38217338217,
              41727.716727716725
            ],
            [
              22185.592185592184,
              41739.92673992674
            ],
            [
              22185.592185592184,
              41758.241758241755
            ],
            [
              22191.69719169719,
              41764.34676434676
            ],
            [
              22191.69719169719,
              41770.45177045177
            ],
            [
              22191.69719169719,
              41758.241758241755
            ],
            [
              22185.592185592184,
              41752.13675213675
            ],
            [
              22185.592185592184,
              41739.92673992674
            ],
            [
              22179.48717948718,
              41733.82173382173
            ],
            [
              22179.48717948718,
              41727.716727716725
            ],
            [
              22167.277167277167,
              41715.506715506715
            ],
            [
              22167.277167277167,
              41703.2967032967
            ]
          ]
        ]
      }
    },
    {
      "type": "Feature",
      "properties": {
        "class_id": 2,
        "classification": "Fold",
        "area": 112763.71166481054
      },
      "geometry": {
        "type": "Polygon",
        "coordinates": [
          [
            [
              92551.89255189255,
              40634.920634920636
            ],
            [
              92557.99755799756,
              40641.02564102564
            ],
            [
              92557.99755799756,
              40647.130647130645
            ],
            [
              92564.10256410256,
              40653.23565323565
            ],
            [
              92564.10256410256,
              40659.340659340654
            ],
            [
              92576.31257631257,
              40671.55067155067
            ],
            [
              92576.31257631257,
              40683.76068376068
            ],
            [
              92582.41758241758,
              40689.865689865685
            ],
            [
              92582.41758241758,
              40695.9706959707
            ],
            [
              92588.52258852258,
              40702.0757020757
            ],
            [
              92588.52258852258,
              40708.180708180706
            ],
            [
              92594.62759462759,
              40714.28571428571
            ],
            [
              92594.62759462759,
              40726.49572649573
            ],
            [
              92600.73260073259,
              40732.60073260073
            ],
            [
              92600.73260073259,
              40750.915750915745
            ],
            [
              92606.8376068376,
              40757.02075702076
            ],
            [
              92606.8376068376,
              40763.12576312576
            ],
            [
              92612.94261294261,
              40769.230769230766
            ],
            [
              92612.94261294261,
              40775.33577533577
            ],
            [
              92631.25763125763,
              40793.65079365079
            ],
            [
              92637.36263736263,
              40793.65079365079
            ],
            [
              92692.30769230769,
              40848.59584859585
            ],
            [
              92728.93772893773,
              40848.59584859585
            ],
            [
              92735.04273504273,
              40842.49084249084
            ],
            [
              92741.14774114774,
              40842.49084249084
            ],
            [
              92765.56776556776,
              40818.07081807082
            ],
            [
              92765.56776556776,
              40811.96581196581
            ],
            [
              92771.67277167276,
              40805.8608058608
            ],
            [
              92771.67277167276,
              40799.755799755796
            ],
            [
              92777.77777777777,
              40793.65079365079
            ],
            [
              92777.77777777777,
              40787.54578754579
            ],
            [
              92789.98778998779,
              40775.33577533577
            ],
            [
              92796.0927960928,
              40775.33577533577
            ],
            [
              92802.1978021978,
              40769.230769230766
            ],
            [
              92808.3028083028,
              40775.33577533577
            ],
            [
              92820.51282051281,
              40775.33577533577
            ],
            [
              92826.61782661782,
              40781.44078144078
            ],
            [
              92838.82783882783,
              40781.44078144078
            ],
            [
              92844.93284493285,
              40787.54578754579
            ],
            [
              92851.03785103785,
              40787.54578754579
            ],
            [
              92857.14285714286,
              40793.65079365079
            ],
            [
              92863.24786324786,
              40793.65079365079
            ],
            [
              92869.35286935286,
              40799.755799755796
            ],
            [
              92875.45787545787,
              40799.755799755796
            ],
            [
              92887.66788766788,
              40811.96581196581
            ],
            [
              92893.77289377288,
              40811.96581196581
            ],
            [
              92899.87789987789,
              40818.07081807082
            ],
            [
              92905.9829059829,
              40818.07081807082
            ],
            [
              92912.08791208791,
              40824.17582417582
            ],
            [
              92924.29792429792,
              40824.17582417582
            ],
            [
              92930.40293040292,
              40830.280830280826
            ],
            [
              92936.50793650793,
              40830.280830280826
            ],
            [
              92942.61294261293,
              40824.17582417582
            ],
            [
              92954.82295482294,
              40824.17582417582
            ],
            [
              92960.92796092796,
              40830.280830280826
            ],
            [
              92973.13797313797,
              40830.280830280826
            ],
            [
              92997.55799755799,
              40854.70085470085
            ],
            [
              92997.55799755799,
              40860.805860805856
            ],
            [
              93003.663003663,
              40866.91086691086
            ],
            [
              93003.663003663,
              40873.01587301587
            ],
            [
              93021.97802197802,
              40873.01587301587
            ],
            [
              93028.08302808303,
              40879.12087912088
            ],
            [
              93052.50305250305,
              40879.12087912088
            ],
            [
              93058.60805860805,
              40873.01587301587
            ],
            [
              93101.3431013431,
              40873.01587301587
            ],
            [
              93107.4481074481,
              40866.91086691086
            ],
            [
              93113.5531135531,
              40866.91086691086
            ],
            [
              93119.65811965811,
              40860.805860805856
            ],
            [
              93125.76312576311,
              40860.805860805856
            ],
            [
              93131.86813186812,
              40854.70085470085
            ],
            [
              93131.86813186812,
              40848.59584859585
            ],
            [
              93144.07814407814,
              40836.38583638583
            ],
            [
              93144.07814407814,
              40830.280830280826
            ],
            [
              93150.18315018315,
              40824.17582417582
            ],
            [
              93150.18315018315,
              40818.07081807082
            ],
            [
              93156.28815628815,
              40811.96581196581
            ],
            [
              93156.28815628815,
              40805.8608058608
            ],
            [
              93162.39316239316,
              40799.755799755796
            ],
            [
              93162.39316239316,
              40793.65079365079
            ],
            [
              93174.60317460317,
              40781.44078144078
            ],
            [
              93168.49816849816,
              40775.33577533577
            ],
            [
              93162.39316239316,
              40775.33577533577
            ],
            [
              93156.28815628815,
              40769.230769230766
            ],
            [
              93156.28815628815,
              40763.12576312576
            ],
            [
              93150.18315018315,
              40757.02075702076
            ],
            [
              93150.18315018315,
              40738.705738705736
            ],
            [
              93180.70818070817,
              40708.180708180706
            ],
            [
              93180.70818070817,
              40702.0757020757
            ],
            [
              93186.81318681317,
              40695.9706959707
            ],
            [
              93186.81318681317,
              40689.865689865685
            ],
            [
              93192.9181929182,
              40683.76068376068
            ],
            [
              93192.9181929182,
              40677.655677655675
            ],
            [
              93199.0231990232,
              40671.55067155067
            ],
            [
              93199.0231990232,
              40659.340659340654
            ],
            [
              93211.23321123321,
              40647.130647130645
            ],
            [
              93211.23321123321,
              40641.02564102564
            ],
            [
              93217.33821733821,
              40634.920634920636
            ],
            [
              92551.89255189255,
              40634.920634920636
            ]
          ]
        ]
      }
    },
    {
      "type": "Feature",
      "properties": {
        "class_id": 2,
        "classification": "Fold",
        "area": 1379.0306830599868
      },
      "geometry": {
        "type": "Polygon",
        "coordinates": [
          [
            [
              92442.00244200244,
              40634.920634920636
            ],
            [
              92442.00244200244,
              40641.02564102564
            ],
            [
              92460.31746031746,
              40659.340659340654
            ],
            [
              92490.84249084248,
              40659.340659340654
            ],
            [
              92496.9474969475,
              40653.23565323565
            ],
            [
              92503.0525030525,
              40653.23565323565
            ],
            [
              92509.1575091575,
              40647.130647130645
            ],
            [
              92509.1575091575,
              40641.02564102564
            ],
            [
              92515.26251526251,
              40634.920634920636
            ],
            [
              92442.00244200244,
              40634.920634920636
            ]
          ]
        ]
      }
    },
    {
      "type": "Feature",
      "properties": {
        "class_id": 2,
        "classification": "Fold",
        "area": 236541.0332443299
      },
      "geometry": {
        "type": "Polygon",
        "coordinates": [
          [
            [
              21880.34188034188,
              40634.920634920636
            ],
            [
              21880.34188034188,
              41111.11111111111
            ],
            [
              21886.446886446884,
              41111.11111111111
            ],
            [
              21904.761904761905,
              41092.79609279609
            ],
            [
              21910.86691086691,
              41092.79609279609
            ],
            [
              21923.076923076922,
              41080.58608058608
            ],
            [
              21929.181929181927,
              41080.58608058608
            ],
            [
              21935.286935286935,
              41074.481074481075
            ],
            [
              21941.39194139194,
              41074.481074481075
            ],
            [
              21947.496947496948,
              41068.37606837606
            ],
            [
              21984.126984126982,
              41068.37606837606
            ],
            [
              21990.23199023199,
              41074.481074481075
            ],
            [
              21996.336996336995,
              41074.481074481075
            ],
            [
              22020.75702075702,
              41098.90109890109
            ],
            [
              22020.75702075702,
              41105.006105006105
            ],
            [
              22026.862026862025,
              41111.11111111111
            ],
            [
              22026.862026862025,
              41141.63614163614
            ],
            [
              22032.96703296703,
              41147.741147741144
            ],
            [
              22032.96703296703,
              41153.84615384615
            ],
            [
              22039.072039072038,
              41159.95115995116
            ],
            [
              22039.072039072038,
              41166.056166056165
            ],
            [
              22045.177045177043,
              41172.16117216117
            ],
            [
              22045.177045177043,
              41221.00122100122
            ],
            [
              22039.072039072038,
              41227.106227106226
            ],
            [
              22039.072039072038,
              41233.21123321123
            ],
            [
              22032.96703296703,
              41239.316239316235
            ],
            [
              22032.96703296703,
              41245.42124542124
            ],
            [
              22014.652014652012,
              41263.73626373626
            ],
            [
              21990.23199023199,
              41263.73626373626
            ],
            [
              21984.126984126982,
              41257.631257631256
            ],
            [
              21978.021978021978,
              41257.631257631256
            ],
            [
              21971.91697191697,
              41251.52625152625
            ],
            [
              21941.39194139194,
              41251.52625152625
            ],
            [
              21935.286935286935,
              41257.631257631256
            ],
            [
              21929.181929181927,
              41251.52625152625
            ],
            [
              21923.076923076922,
              41251.52625152625
            ],
            [
              21898.656898656896,
              41227.106227106226
            ],
            [
              21892.55189255189,
              41227.106227106226
            ],
            [
              21886.446886446884,
              41233.21123321123
            ],
            [
              21880.34188034188,
              41233.21123321123
            ],
            [
              21880.34188034188,
              41343.10134310134
            ],
            [
              21892.55189255189,
              41343.10134310134
            ],
            [
              21898.656898656896,
              41349.206349206346
            ],
            [
              21904.761904761905,
              41343.10134310134
            ],
            [
              21916.971916971917,
              41343.10134310134
            ],
            [
              21923.076923076922,
              41349.206349206346
            ],
            [
              21929.181929181927,
              41349.206349206346
            ],
            [
              21935.286935286935,
              41355.31135531135
            ],
            [
              21959.706959706957,
              41355.31135531135
            ],
            [
              21965.811965811965,
              41349.206349206346
            ],
            [
              21971.91697191697,
              41349.206349206346
            ],
            [
              22002.442002442,
              41318.681318681316
            ],
            [
              22008.547008547008,
              41318.681318681316
            ],
            [
              22014.652014652012,
              41324.78632478632
            ],
            [
              22032.96703296703,
              41324.78632478632
            ],
            [
              22039.072039072038,
              41330.891330891325
            ],
            [
              22051.28205128205,
              41330.891330891325
            ],
            [
              22057.387057387055,
              41336.99633699634
            ],
            [
              22063.492063492064,
              41336.99633699634
            ],
            [
              22081.80708180708,
              41355.31135531135
            ],
            [
              22081.80708180708,
              41385.83638583638
            ],
            [
              22075.702075702073,
              41391.94139194139
            ],
            [
              22075.702075702073,
              41416.36141636141
            ],
            [
              22081.80708180708,
              41422.46642246642
            ],
            [
              22081.80708180708,
              41428.57142857143
            ],
            [
              22094.017094017094,
              41440.78144078144
            ],
            [
              22094.017094017094,
              41446.88644688644
            ],
            [
              22100.1221001221,
              41452.99145299145
            ],
            [
              22100.1221001221,
              41459.09645909646
            ],
            [
              22100.1221001221,
              41452.99145299145
            ],
            [
              22094.017094017094,
              41446.88644688644
            ],
            [
              22094.017094017094,
              41428.57142857143
            ],
            [
              22100.1221001221,
              41422.46642246642
            ],
            [
              22106.227106227107,
              41422.46642246642
            ],
            [
              22112.33211233211,
              41416.36141636141
            ],
            [
              22124.542124542124,
              41416.36141636141
            ],
            [
              22130.64713064713,
              41410.25641025641
            ],
            [
              22142.85714285714,
              41410.25641025641
            ],
            [
              22148.962148962146,
              41404.1514041514
            ],
            [
              22148.962148962146,
              41398.0463980464
            ],
            [
              22155.067155067154,
              41391.94139194139
            ],
            [
              22155.067155067154,
              41385.83638583638
            ],
            [
              22161.17216117216,
              41379.73137973138
            ],
            [
              22161.17216117216,
              41367.52136752137
            ],
            [
              22167.277167277167,
              41361.416361416355
            ],
            [
              22167.277167277167,
              41355.31135531135
            ],
            [
              22173.38217338217,
              41349.206349206346
            ],
            [
              22173.38217338217,
              41336.99633699634
            ],
            [
              22179.48717948718,
              41330.891330891325
            ],
            [
              22179.48717948718,
              41324.78632478632
            ],
            [
              22185.592185592184,
              41318.681318681316
            ],
            [
              22185.592185592184,
              41312.57631257631
            ],
            [
              22191.69719169719,
              41306.47130647131
            ],
            [
              22191.69719169719,
              41294.26129426129
            ],
            [
              22197.802197802197,
              41288.156288156286
            ],
            [
              22197.802197802197,
              41275.94627594628
            ],
            [
              22203.9072039072,
              41269.841269841265
            ],
            [
              22203.9072039072,
              41263.73626373626
            ],
            [
              22210.01221001221,
              41257.631257631256
            ],
            [
              22210.01221001221,
              41251.52625152625
            ],
            [
              22216.117216117214,
              41245.42124542124
            ],
            [
              22216.117216117214,
              41239.316239316235
            ],
            [
              22222.222222222223,
              41233.21123321123
            ],
            [
              22222.222222222223,
              41227.106227106226
            ],
            [
              22228.327228327227,
              41221.00122100122
            ],
            [
              22228.327228327227,
              41196.581196581195
            ],
            [
              22234.43223443223,
              41190.47619047619
            ],
            [
              22234.43223443223,
              41153.84615384615
            ],
            [
              22228.327228327227,
              41147.741147741144
            ],
            [
              22228.327228327227,
              41141.63614163614
            ],
            [
              22222.222222222223,
              41135.531135531135
            ],
            [
              22222.222222222223,
              41068.37606837606
            ],
            [
              22216.117216117214,
              41062.27106227106
            ],
            [
              22222.222222222223,
              41056.166056166054
            ],
            [
              22222.222222222223,
              41043.956043956045
            ],
            [
              22228.327228327227,
              41037.85103785103
            ],
            [
              22228.327228327227,
              41019.53601953602
            ],
            [
              22234.43223443223,
              41013.431013431014
            ],
            [
              22228.327228327227,
              41007.326007326
            ],
            [
              22228.327228327227,
              40995.11599511599
            ],
            [
              22222.222222222223,
              40989.01098901099
            ],
            [
              22222.222222222223,
              40976.80097680097
            ],
            [
              22216.117216117214,
              40970.69597069597
            ],
            [
              22216.117216117214,
              40921.85592185592
            ],
            [
              22222.222222222223,
              40915.75091575091
            ],
            [
              22222.222222222223,
              40903.5409035409
            ],
            [
              22228.327228327227,
              40897.4358974359
            ],
            [
              22228.327228327227,
              40891.33089133089
            ],
            [
              22234.43223443223,
              40885.22588522588
            ],
            [
              22234.43223443223,
              40879.12087912088
            ],
            [
              22240.53724053724,
              40873.01587301587
            ],
            [
              22240.53724053724,
              40866.91086691086
            ],
            [
              22246.642246642245,
              40860.805860805856
            ],
            [
              22246.642246642245,
              40854.70085470085
            ],
            [
              22258.852258852257,
              40842.49084249084
            ],
            [
              22258.852258852257,
              40836.38583638583
            ],
            [
              22264.957264957262,
              40830.280830280826
            ],
            [
              22264.957264957262,
              40818.07081807082
            ],
            [
              22271.06227106227,
              40811.96581196581
            ],
            [
              22271.06227106227,
              40793.65079365079
            ],
            [
              22283.272283272283,
              40781.44078144078
            ],
            [
              22283.272283272283,
              40775.33577533577
            ],
            [
              22289.377289377288,
              40769.230769230766
            ],
            [
              22295.482295482296,
              40769.230769230766
            ],
            [
              22307.692307692305,
              40757.02075702076
            ],
            [
              22307.692307692305,
              40750.915750915745
            ],
            [
              22313.797313797313,
              40744.81074481074
            ],
            [
              22313.797313797313,
              40708.180708180706
            ],
            [
              22307.692307692305,
              40702.0757020757
            ],
            [
              22307.692307692305,
              40689.865689865685
            ],
            [
              22313.797313797313,
              40683.76068376068
            ],
            [
              22313.797313797313,
              40671.55067155067
            ],
            [
              22326.007326007326,
              40659.340659340654
            ],
            [
              22326.007326007326,
              40653.23565323565
            ],
            [
              22332.11233211233,
              40647.130647130645
            ],
            [
              22332.11233211233,
              40634.920634920636
            ],
            [
              21880.34188034188,
              40634.920634920636
            ]
          ]
        ]
      }
    },
    {
      "type": "Feature",
      "properties": {
        "class_id": 2,
        "classification": "Fold",
        "area": 31140.00366747619
      },
      "geometry": {
        "type": "Polygon",
        "coordinates": [
          [
            [
              20610.50061050061,
              40470.08547008547
            ],
            [
              20604.395604395602,
              40476.19047619047
            ],
            [
              20592.18559218559,
              40476.19047619047
            ],
            [
              20586.080586080585,
              40482.29548229548
            ],
            [
              20579.97557997558,
              40482.29548229548
            ],
            [
              20573.870573870572,
              40488.40048840048
            ],
            [
              20561.66056166056,
              40488.40048840048
            ],
            [
              20555.555555555555,
              40494.505494505494
            ],
            [
              20549.450549450547,
              40494.505494505494
            ],
            [
              20543.345543345542,
              40500.6105006105
            ],
            [
              20537.240537240537,
              40500.6105006105
            ],
            [
              20531.13553113553,
              40506.7155067155
            ],
            [
              20525.030525030525,
              40506.7155067155
            ],
            [
              20518.925518925516,
              40512.82051282051
            ],
            [
              20512.82051282051,
              40512.82051282051
            ],
            [
              20506.715506715507,
              40518.92551892552
            ],
            [
              20494.505494505494,
              40518.92551892552
            ],
            [
              20488.400488400486,
              40525.030525030525
            ],
            [
              20476.190476190473,
              40525.030525030525
            ],
            [
              20470.08547008547,
              40531.13553113553
            ],
            [
              20457.875457875456,
              40531.13553113553
            ],
            [
              20451.77045177045,
              40537.240537240534
            ],
            [
              20421.24542124542,
              40537.240537240534
            ],
            [
              20415.140415140413,
              40543.34554334554
            ],
            [
              20396.825396825396,
              40543.34554334554
            ],
            [
              20390.72039072039,
              40549.45054945055
            ],
            [
              20378.51037851038,
              40549.45054945055
            ],
            [
              20372.40537240537,
              40555.555555555555
            ],
            [
              20366.300366300366,
              40555.555555555555
            ],
            [
              20347.98534798535,
              40573.87057387057
            ],
            [
              20341.88034188034,
              40573.87057387057
            ],
            [
              20341.88034188034,
              40579.97557997558
            ],
            [
              20329.670329670327,
              40592.18559218559
            ],
            [
              20323.565323565323,
              40592.18559218559
            ],
            [
              20317.460317460318,
              40598.290598290594
            ],
            [
              20317.460317460318,
              40604.3956043956
            ],
            [
              20311.35531135531,
              40610.50061050061
            ],
            [
              20305.250305250305,
              40610.50061050061
            ],
            [
              20299.145299145297,
              40616.605616605615
            ],
            [
              20293.040293040292,
              40616.605616605615
            ],
            [
              20280.83028083028,
              40604.3956043956
            ],
            [
              20274.725274725275,
              40604.3956043956
            ],
            [
              20268.620268620267,
              40598.290598290594
            ],
            [
              20262.515262515262,
              40604.3956043956
            ],
            [
              20238.095238095237,
              40604.3956043956
            ],
            [
              20231.990231990232,
              40610.50061050061
            ],
            [
              20219.78021978022,
              40610.50061050061
            ],
            [
              20213.67521367521,
              40616.605616605615
            ],
            [
              20207.570207570207,
              40616.605616605615
            ],
            [
              20207.570207570207,
              40622.71062271062
            ],
            [
              20201.465201465202,
              40628.815628815624
            ],
            [
              20622.71062271062,
              40628.815628815624
            ],
            [
              20622.71062271062,
              40622.71062271062
            ],
            [
              20616.605616605615,
              40616.605616605615
            ],
            [
              20616.605616605615,
              40604.3956043956
            ],
            [
              20592.18559218559,
              40579.97557997558
            ],
            [
              20592.18559218559,
              40567.765567765564
            ],
            [
              20586.080586080585,
              40561.66056166056
            ],
            [
              20586.080586080585,
              40549.45054945055
            ],
            [
              20592.18559218559,
              40543.34554334554
            ],
            [
              20592.18559218559,
              40537.240537240534
            ],
            [
              20598.290598290598,
              40531.13553113553
            ],
            [
              20598.290598290598,
              40525.030525030525
            ],
            [
              20616.605616605615,
              40506.7155067155
            ],
            [
              20616.605616605615,
              40500.6105006105
            ],
            [
              20622.71062271062,
              40494.505494505494
            ],
            [
              20622.71062271062,
              40482.29548229548
            ],
            [
              20634.920634920632,
              40470.08547008547
            ],
            [
              20610.50061050061,
              40470.08547008547
            ]
          ]
        ]
      }
    },
    {
      "type": "Feature",
      "properties": {
        "class_id": 2,
        "classification": "Fold",
        "area": 203295.21245272158
      },
      "geometry": {
        "type": "Polygon",
        "coordinates": [
          [
            [
              103583.63858363857,
              35097.680097680095
            ],
            [
              103547.00854700855,
              35134.31013431013
            ],
            [
              103547.00854700855,
              35140.41514041514
            ],
            [
              103540.90354090353,
              35146.520146520146
            ],
            [
              103534.79853479852,
              35146.520146520146
            ],
            [
              103534.79853479852,
              35152.62515262515
            ],
            [
              103522.58852258851,
              35164.83516483516
            ],
            [
              103522.58852258851,
              35170.94017094017
            ],
            [
              103516.48351648351,
              35177.04517704518
            ],
            [
              103516.48351648351,
              35183.15018315018
            ],
            [
              103504.2735042735,
              35195.36019536019
            ],
            [
              103498.1684981685,
              35195.36019536019
            ],
            [
              103492.06349206349,
              35201.4652014652
            ],
            [
              103479.85347985347,
              35201.4652014652
            ],
            [
              103473.74847374846,
              35207.57020757021
            ],
            [
              103455.43345543345,
              35207.57020757021
            ],
            [
              103449.32844932844,
              35213.67521367521
            ],
            [
              103431.01343101343,
              35213.67521367521
            ],
            [
              103424.90842490841,
              35219.780219780216
            ],
            [
              103418.8034188034,
              35219.780219780216
            ],
            [
              103412.6984126984,
              35225.88522588522
            ],
            [
              103412.6984126984,
              35231.99023199023
            ],
            [
              103406.5934065934,
              35238.09523809524
            ],
            [
              103406.5934065934,
              35250.305250305246
            ],
            [
              103412.6984126984,
              35256.41025641026
            ],
            [
              103412.6984126984,
              35262.51526251526
            ],
            [
              103424.90842490841,
              35274.72527472527
            ],
            [
              103424.90842490841,
              35280.830280830276
            ],
            [
              103431.01343101343,
              35286.93528693529
            ],
            [
              103431.01343101343,
              35299.1452991453
            ],
            [
              103412.6984126984,
              35317.46031746032
            ],
            [
              103412.6984126984,
              35323.56532356532
            ],
            [
              103394.38339438339,
              35341.880341880336
            ],
            [
              103388.27838827838,
              35341.880341880336
            ],
            [
              103382.17338217338,
              35347.98534798535
            ],
            [
              103351.64835164834,
              35347.98534798535
            ],
            [
              103345.54334554334,
              35341.880341880336
            ],
            [
              103339.43833943833,
              35341.880341880336
            ],
            [
              103321.12332112332,
              35323.56532356532
            ],
            [
              103315.01831501831,
              35323.56532356532
            ],
            [
              103302.80830280829,
              35311.355311355306
            ],
            [
              103296.70329670329,
              35311.355311355306
            ],
            [
              103284.49328449328,
              35299.1452991453
            ],
            [
              103278.38827838827,
              35299.1452991453
            ],
            [
              103260.07326007326,
              35280.830280830276
            ],
            [
              103253.96825396825,
              35280.830280830276
            ],
            [
              103235.65323565323,
              35262.51526251526
            ],
            [
              103235.65323565323,
              35244.20024420024
            ],
            [
              103229.54822954822,
              35238.09523809524
            ],
            [
              103229.54822954822,
              35231.99023199023
            ],
            [
              103223.44322344322,
              35225.88522588522
            ],
            [
              103223.44322344322,
              35219.780219780216
            ],
            [
              103199.0231990232,
              35195.36019536019
            ],
            [
              103199.0231990232,
              35189.255189255186
            ],
            [
              103174.60317460317,
              35164.83516483516
            ],
            [
              103174.60317460317,
              35158.730158730155
            ],
            [
              103168.49816849816,
              35158.730158730155
            ],
            [
              103162.39316239316,
              35152.62515262515
            ],
            [
              103150.18315018315,
              35152.62515262515
            ],
            [
              103150.18315018315,
              36172.16117216117
            ],
            [
              103156.28815628815,
              36166.056166056165
            ],
            [
              103162.39316239316,
              36166.056166056165
            ],
            [
              103168.49816849816,
              36159.95115995116
            ],
            [
              103168.49816849816,
              36147.741147741144
            ],
            [
              103174.60317460317,
              36141.63614163614
            ],
            [
              103174.60317460317,
              36135.531135531135
            ],
            [
              103180.70818070817,
              36129.42612942613
            ],
            [
              103180.70818070817,
              36117.216117216114
            ],
            [
              103186.81318681317,
              36111.11111111111
            ],
            [
              103186.81318681317,
              36105.006105006105
            ],
            [
              103199.0231990232,
              36092.79609279609
            ],
            [
              103199.0231990232,
              36086.691086691084
            ],
            [
              103205.1282051282,
              36080.58608058608
            ],
            [
              103205.1282051282,
              36062.27106227106
            ],
            [
              103211.23321123321,
              36056.166056166054
            ],
            [
              103211.23321123321,
              36037.85103785103
            ],
            [
              103217.33821733821,
              36031.74603174603
            ],
            [
              103217.33821733821,
              36019.53601953602
            ],
            [
              103223.44322344322,
              36013.431013431014
            ],
            [
              103223.44322344322,
              36001.221001221
            ],
            [
              103229.54822954822,
              35995.11599511599
            ],
            [
              103229.54822954822,
              35982.905982905984
            ],
            [
              103235.65323565323,
              35976.80097680097
            ],
            [
              103235.65323565323,
              35970.69597069597
            ],
            [
              103241.75824175823,
              35964.59096459096
            ],
            [
              103241.75824175823,
              35958.48595848596
            ],
            [
              103247.86324786324,
              35952.38095238095
            ],
            [
              103247.86324786324,
              35940.17094017094
            ],
            [
              103253.96825396825,
              35934.06593406593
            ],
            [
              103253.96825396825,
              35927.96092796093
            ],
            [
              103260.07326007326,
              35921.85592185592
            ],
            [
              103260.07326007326,
              35915.75091575091
            ],
            [
              103266.17826617826,
              35909.64590964591
            ],
            [
              103266.17826617826,
              35897.4358974359
            ],
            [
              103272.28327228327,
              35891.33089133089
            ],
            [
              103272.28327228327,
              35885.22588522588
            ],
            [
              103278.38827838827,
              35879.12087912088
            ],
            [
              103278.38827838827,
              35866.91086691087
            ],
            [
              103284.49328449328,
              35860.805860805856
            ],
            [
              103284.49328449328,
              35854.70085470085
            ],
            [
              103308.9133089133,
              35830.280830280826
            ],
            [
              103308.9133089133,
              35824.17582417582
            ],
            [
              103315.01831501831,
              35818.07081807082
            ],
            [
              103315.01831501831,
              35811.96581196581
            ],
            [
              103321.12332112332,
              35805.8608058608
            ],
            [
              103321.12332112332,
              35799.755799755796
            ],
            [
              103339.43833943833,
              35781.44078144078
            ],
            [
              103339.43833943833,
              35775.33577533577
            ],
            [
              103345.54334554334,
              35769.230769230766
            ],
            [
              103345.54334554334,
              35763.12576312576
            ],
            [
              103357.75335775335,
              35750.91575091575
            ],
            [
              103357.75335775335,
              35744.81074481074
            ],
            [
              103369.96336996337,
              35732.60073260073
            ],
            [
              103369.96336996337,
              35726.49572649573
            ],
            [
              103376.06837606838,
              35720.390720390715
            ],
            [
              103376.06837606838,
              35714.28571428571
            ],
            [
              103382.17338217338,
              35708.180708180706
            ],
            [
              103382.17338217338,
              35671.55067155067
            ],
            [
              103388.27838827838,
              35665.445665445666
            ],
            [
              103388.27838827838,
              35659.340659340654
            ],
            [
              103394.38339438339,
              35653.23565323565
            ],
            [
              103394.38339438339,
              35647.130647130645
            ],
            [
              103418.8034188034,
              35622.71062271062
            ],
            [
              103418.8034188034,
              35616.605616605615
            ],
            [
              103431.01343101343,
              35604.3956043956
            ],
            [
              103431.01343101343,
              35598.290598290594
            ],
            [
              103437.11843711844,
              35592.18559218559
            ],
            [
              103437.11843711844,
              35579.97557997558
            ],
            [
              103443.22344322344,
              35573.87057387057
            ],
            [
              103443.22344322344,
              35555.555555555555
            ],
            [
              103449.32844932844,
              35549.45054945055
            ],
            [
              103449.32844932844,
              35543.34554334554
            ],
            [
              103455.43345543345,
              35537.240537240534
            ],
            [
              103455.43345543345,
              35531.13553113553
            ],
            [
              103461.53846153845,
              35525.030525030525
            ],
            [
              103461.53846153845,
              35518.92551892552
            ],
            [
              103467.64346764346,
              35512.82051282051
            ],
            [
              103467.64346764346,
              35506.7155067155
            ],
            [
              103473.74847374846,
              35500.6105006105
            ],
            [
              103473.74847374846,
              35494.505494505494
            ],
            [
              103479.85347985347,
              35488.40048840049
            ],
            [
              103479.85347985347,
              35476.19047619047
            ],
            [
              103485.95848595849,
              35470.08547008547
            ],
            [
              103485.95848595849,
              35463.980463980464
            ],
            [
              103492.06349206349,
              35457.87545787545
            ],
            [
              103492.06349206349,
              35451.77045177045
            ],
            [
              103498.1684981685,
              35445.66544566544
            ],
            [
              103498.1684981685,
              35439.56043956044
            ],
            [
              103504.2735042735,
              35433.455433455434
            ],
            [
              103504.2735042735,
              35427.35042735042
            ],
            [
              103510.3785103785,
              35421.24542124542
            ],
            [
              103510.3785103785,
              35415.14041514041
            ],
            [
              103516.48351648351,
              35409.03540903541
            ],
            [
              103516.48351648351,
              35378.51037851038
            ],
            [
              103522.58852258851,
              35372.405372405374
            ],
            [
              103522.58852258851,
              35347.98534798535
            ],
            [
              103528.69352869352,
              35341.880341880336
            ],
            [
              103528.69352869352,
              35335.77533577533
            ],
            [
              103547.00854700855,
              35317.46031746032
            ],
            [
              103553.11355311355,
              35317.46031746032
            ],
            [
              103559.21855921856,
              35311.355311355306
            ],
            [
              103559.21855921856,
              35244.20024420024
            ],
            [
              103565.32356532356,
              35238.09523809524
            ],
            [
              103565.32356532356,
              35189.255189255186
            ],
            [
              103571.42857142857,
              35183.15018315018
            ],
            [
              103571.42857142857,
              35170.94017094017
            ],
            [
              103577.53357753357,
              35164.83516483516
            ],
            [
              103577.53357753357,
              35122.10012210012
            ],
            [
              103583.63858363857,
              35115.995115995116
            ],
            [
              103583.63858363857,
              35097.680097680095
            ]
          ]
        ]
      }
    },
    {
      "type": "Feature",
      "properties": {
        "class_id": 2,
        "classification": "Fold",
        "area": 708.1508913010744
      },
      "geometry": {
        "type": "Polygon",
        "coordinates": [
          [
            [
              103583.63858363857,
              34926.73992673992
            ],
            [
              103577.53357753357,
              34932.84493284493
            ],
            [
              103577.53357753357,
              34938.94993894994
            ],
            [
              103571.42857142857,
              34945.054945054944
            ],
            [
              103571.42857142857,
              34951.15995115995
            ],
            [
              103577.53357753357,
              34957.26495726495
            ],
            [
              103577.53357753357,
              34987.78998778998
            ],
            [
              103583.63858363857,
              34987.78998778998
            ],
            [
              103583.63858363857,
              34975.579975579974
            ],
            [
              103589.74358974358,
              34969.47496947497
            ],
            [
              103589.74358974358,
              34926.73992673992
            ],
            [
              103583.63858363857,
              34926.73992673992
            ]
          ]
        ]
      }
    },
    {
      "type": "Feature",
      "properties": {
        "class_id": 2,
        "classification": "Fold",
        "area": 1807.6483277948475
      },
      "geometry": {
        "type": "Polygon",
        "coordinates": [
          [
            [
              103156.28815628815,
              34871.79487179487
            ],
            [
              103150.18315018315,
              34877.89987789988
            ],
            [
              103150.18315018315,
              34914.529914529914
            ],
            [
              103156.28815628815,
              34914.529914529914
            ],
            [
              103162.39316239316,
              34920.63492063492
            ],
            [
              103168.49816849816,
              34914.529914529914
            ],
            [
              103174.60317460317,
              34914.529914529914
            ],
            [
              103199.0231990232,
              34890.10989010989
            ],
            [
              103199.0231990232,
              34871.79487179487
            ],
            [
              103156.28815628815,
              34871.79487179487
            ]
          ]
        ]
      }
    },
    {
      "type": "Feature",
      "properties": {
        "class_id": 2,
        "classification": "Fold",
        "area": 4807.971840938873
      },
      "geometry": {
        "type": "Polygon",
        "coordinates": [
          [
            [
              103595.84859584858,
              34737.48473748474
            ],
            [
              103595.84859584858,
              34743.58974358974
            ],
            [
              103565.32356532356,
              34774.11477411477
            ],
            [
              103565.32356532356,
              34822.95482295482
            ],
            [
              103553.11355311355,
              34835.16483516483
            ],
            [
              103553.11355311355,
              34859.58485958486
            ],
            [
              103565.32356532356,
              34859.58485958486
            ],
            [
              103571.42857142857,
              34865.68986568986
            ],
            [
              103583.63858363857,
              34865.68986568986
            ],
            [
              103589.74358974358,
              34871.79487179487
            ],
            [
              103589.74358974358,
              34865.68986568986
            ],
            [
              103595.84859584858,
              34859.58485958486
            ],
            [
              103595.84859584858,
              34853.479853479854
            ],
            [
              103601.9536019536,
              34847.37484737484
            ],
            [
              103601.9536019536,
              34841.26984126984
            ],
            [
              103608.0586080586,
              34835.16483516483
            ],
            [
              103608.0586080586,
              34755.79975579975
            ],
            [
              103601.9536019536,
              34749.69474969475
            ],
            [
              103601.9536019536,
              34743.58974358974
            ],
            [
              103595.84859584858,
              34737.48473748474
            ]
          ]
        ]
      }
    },
    {
      "type": "Feature",
      "properties": {
        "class_id": 2,
        "classification": "Fold",
        "area": 6242.909173312102
      },
      "geometry": {
        "type": "Polygon",
        "coordinates": [
          [
            [
              9316.239316239316,
              34554.33455433455
            ],
            [
              9310.13431013431,
              34560.43956043956
            ],
            [
              9310.13431013431,
              34566.544566544566
            ],
            [
              9304.029304029304,
              34572.64957264957
            ],
            [
              9304.029304029304,
              34609.279609279605
            ],
            [
              9310.13431013431,
              34615.38461538461
            ],
            [
              9310.13431013431,
              34621.48962148962
            ],
            [
              9322.344322344321,
              34633.69963369963
            ],
            [
              9322.344322344321,
              34639.804639804635
            ],
            [
              9346.764346764347,
              34664.22466422466
            ],
            [
              9346.764346764347,
              34676.43467643468
            ],
            [
              9352.869352869353,
              34682.53968253968
            ],
            [
              9352.869352869353,
              34694.74969474969
            ],
            [
              9358.974358974358,
              34700.854700854696
            ],
            [
              9371.18437118437,
              34700.854700854696
            ],
            [
              9371.18437118437,
              34578.754578754575
            ],
            [
              9358.974358974358,
              34578.754578754575
            ],
            [
              9352.869352869353,
              34572.64957264957
            ],
            [
              9346.764346764347,
              34572.64957264957
            ],
            [
              9328.449328449327,
              34554.33455433455
            ],
            [
              9316.239316239316,
              34554.33455433455
            ]
          ]
        ]
      }
    },
    {
      "type": "Feature",
      "properties": {
        "class_id": 2,
        "classification": "Fold",
        "area": 291571.8117183318
      },
      "geometry": {
        "type": "Polygon",
        "coordinates": [
          [
            [
              9151.404151404151,
              34529.91452991453
            ],
            [
              9157.509157509157,
              34536.019536019536
            ],
            [
              9151.404151404151,
              34542.12454212454
            ],
            [
              9151.404151404151,
              34548.229548229545
            ],
            [
              9114.774114774114,
              34584.85958485958
            ],
            [
              9114.774114774114,
              34603.1746031746
            ],
            [
              9108.669108669108,
              34609.279609279605
            ],
            [
              9108.669108669108,
              34627.594627594626
            ],
            [
              9102.564102564102,
              34633.69963369963
            ],
            [
              9102.564102564102,
              34658.11965811966
            ],
            [
              9096.459096459095,
              34664.22466422466
            ],
            [
              9096.459096459095,
              34682.53968253968
            ],
            [
              9090.35409035409,
              34688.64468864469
            ],
            [
              9090.35409035409,
              34694.74969474969
            ],
            [
              9084.249084249084,
              34700.854700854696
            ],
            [
              9084.249084249084,
              34706.95970695971
            ],
            [
              9078.144078144078,
              34713.06471306471
            ],
            [
              9078.144078144078,
              34719.16971916972
            ],
            [
              9072.039072039071,
              34725.27472527472
            ],
            [
              9072.039072039071,
              34731.379731379726
            ],
            [
              9065.934065934065,
              34737.48473748474
            ],
            [
              9065.934065934065,
              34755.79975579975
            ],
            [
              9059.829059829059,
              34761.90476190476
            ],
            [
              9059.829059829059,
              34810.74481074481
            ],
            [
              9053.724053724052,
              34816.84981684981
            ],
            [
              9053.724053724052,
              34877.89987789988
            ],
            [
              9059.829059829059,
              34884.004884004884
            ],
            [
              9059.829059829059,
              34896.21489621489
            ],
            [
              9065.934065934065,
              34902.3199023199
            ],
            [
              9065.934065934065,
              34914.529914529914
            ],
            [
              9072.039072039071,
              34920.63492063492
            ],
            [
              9072.039072039071,
              34938.94993894994
            ],
            [
              9078.144078144078,
              34945.054945054944
            ],
            [
              9078.144078144078,
              34963.36996336996
            ],
            [
              9084.249084249084,
              34969.47496947497
            ],
            [
              9084.249084249084,
              35000.0
            ],
            [
              9102.564102564102,
              35018.315018315014
            ],
            [
              9102.564102564102,
              35024.420024420026
            ],
            [
              9108.669108669108,
              35030.52503052503
            ],
            [
              9108.669108669108,
              35042.73504273504
            ],
            [
              9102.564102564102,
              35048.840048840044
            ],
            [
              9102.564102564102,
              35067.155067155065
            ],
            [
              9096.459096459095,
              35073.26007326007
            ],
            [
              9096.459096459095,
              35109.890109890104
            ],
            [
              9102.564102564102,
              35115.995115995116
            ],
            [
              9102.564102564102,
              35128.205128205125
            ],
            [
              9114.774114774114,
              35140.41514041514
            ],
            [
              9114.774114774114,
              35146.520146520146
            ],
            [
              9139.194139194138,
              35170.94017094017
            ],
            [
              9139.194139194138,
              35177.04517704518
            ],
            [
              9145.299145299145,
              35183.15018315018
            ],
            [
              9145.299145299145,
              35189.255189255186
            ],
            [
              9151.404151404151,
              35195.36019536019
            ],
            [
              9151.404151404151,
              35231.99023199023
            ],
            [
              9157.509157509157,
              35238.09523809524
            ],
            [
              9157.509157509157,
              35299.1452991453
            ],
            [
              9163.614163614164,
              35305.2503052503
            ],
            [
              9163.614163614164,
              35317.46031746032
            ],
            [
              9175.824175824175,
              35329.67032967033
            ],
            [
              9175.824175824175,
              35335.77533577533
            ],
            [
              9181.929181929181,
              35341.880341880336
            ],
            [
              9181.929181929181,
              35347.98534798535
            ],
            [
              9194.139194139194,
              35360.19536019536
            ],
            [
              9194.139194139194,
              35372.405372405374
            ],
            [
              9200.2442002442,
              35378.51037851038
            ],
            [
              9200.2442002442,
              35390.72039072039
            ],
            [
              9206.349206349205,
              35396.82539682539
            ],
            [
              9206.349206349205,
              35433.455433455434
            ],
            [
              9212.454212454211,
              35439.56043956044
            ],
            [
              9212.454212454211,
              35445.66544566544
            ],
            [
              9218.559218559218,
              35451.77045177045
            ],
            [
              9218.559218559218,
              35463.980463980464
            ],
            [
              9224.664224664224,
              35470.08547008547
            ],
            [
              9224.664224664224,
              35506.7155067155
            ],
            [
              9218.559218559218,
              35512.82051282051
            ],
            [
              9218.559218559218,
              35531.13553113553
            ],
            [
              9212.454212454211,
              35537.240537240534
            ],
            [
              9212.454212454211,
              35567.765567765564
            ],
            [
              9206.349206349205,
              35573.87057387057
            ],
            [
              9206.349206349205,
              35579.97557997558
            ],
            [
              9200.2442002442,
              35586.080586080585
            ],
            [
              9200.2442002442,
              35592.18559218559
            ],
            [
              9194.139194139194,
              35598.290598290594
            ],
            [
              9194.139194139194,
              35604.3956043956
            ],
            [
              9188.034188034188,
              35610.50061050061
            ],
            [
              9188.034188034188,
              35622.71062271062
            ],
            [
              9181.929181929181,
              35628.815628815624
            ],
            [
              9181.929181929181,
              35671.55067155067
            ],
            [
              9188.034188034188,
              35677.655677655675
            ],
            [
              9188.034188034188,
              35714.28571428571
            ],
            [
              9194.139194139194,
              35720.390720390715
            ],
            [
              9194.139194139194,
              35726.49572649573
            ],
            [
              9206.349206349205,
              35738.705738705736
            ],
            [
              9206.349206349205,
              35744.81074481074
            ],
            [
              9218.559218559218,
              35757.02075702076
            ],
            [
              9218.559218559218,
              35763.12576312576
            ],
            [
              9224.664224664224,
              35769.230769230766
            ],
            [
              9224.664224664224,
              35775.33577533577
            ],
            [
              9230.76923076923,
              35781.44078144078
            ],
            [
              9230.76923076923,
              35873.01587301587
            ],
            [
              9236.874236874237,
              35879.12087912088
            ],
            [
              9236.874236874237,
              35897.4358974359
            ],
            [
              9242.979242979243,
              35903.5409035409
            ],
            [
              9242.979242979243,
              35921.85592185592
            ],
            [
              9249.084249084248,
              35927.96092796093
            ],
            [
              9249.084249084248,
              35934.06593406593
            ],
            [
              9255.189255189254,
              35940.17094017094
            ],
            [
              9255.189255189254,
              35946.27594627594
            ],
            [
              9261.29426129426,
              35952.38095238095
            ],
            [
              9261.29426129426,
              35958.48595848596
            ],
            [
              9267.399267399267,
              35964.59096459096
            ],
            [
              9267.399267399267,
              35970.69597069597
            ],
            [
              9273.504273504273,
              35976.80097680097
            ],
            [
              9273.504273504273,
              35989.01098901099
            ],
            [
              9279.60927960928,
              35995.11599511599
            ],
            [
              9279.60927960928,
              36013.431013431014
            ],
            [
              9285.714285714284,
              36019.53601953602
            ],
            [
              9285.714285714284,
              36031.74603174603
            ],
            [
              9297.924297924297,
              36043.956043956045
            ],
            [
              9297.924297924297,
              36050.06105006105
            ],
            [
              9304.029304029304,
              36056.166056166054
            ],
            [
              9304.029304029304,
              36062.27106227106
            ],
            [
              9316.239316239316,
              36074.481074481075
            ],
            [
              9316.239316239316,
              36080.58608058608
            ],
            [
              9322.344322344321,
              36086.691086691084
            ],
            [
              9322.344322344321,
              36092.79609279609
            ],
            [
              9346.764346764347,
              36117.216117216114
            ],
            [
              9346.764346764347,
              36123.32112332112
            ],
            [
              9352.869352869353,
              36129.42612942613
            ],
            [
              9352.869352869353,
              36141.63614163614
            ],
            [
              9365.079365079364,
              36153.84615384615
            ],
            [
              9371.18437118437,
              36153.84615384615
            ],
            [
              9371.18437118437,
              34749.69474969475
            ],
            [
              9358.974358974358,
              34749.69474969475
            ],
            [
              9346.764346764347,
              34761.90476190476
            ],
            [
              9340.65934065934,
              34761.90476190476
            ],
            [
              9328.449328449327,
              34749.69474969475
            ],
            [
              9328.449328449327,
              34743.58974358974
            ],
            [
              9322.344322344321,
              34743.58974358974
            ],
            [
              9310.13431013431,
              34731.379731379726
            ],
            [
              9279.60927960928,
              34731.379731379726
            ],
            [
              9255.189255189254,
              34706.95970695971
            ],
            [
              9255.189255189254,
              34700.854700854696
            ],
            [
              9249.084249084248,
              34694.74969474969
            ],
            [
              9249.084249084248,
              34688.64468864469
            ],
            [
              9236.874236874237,
              34676.43467643468
            ],
            [
              9236.874236874237,
              34670.329670329666
            ],
            [
              9218.559218559218,
              34652.01465201465
            ],
            [
              9212.454212454211,
              34652.01465201465
            ],
            [
              9206.349206349205,
              34645.90964590965
            ],
            [
              9169.719169719168,
              34645.90964590965
            ],
            [
              9157.509157509157,
              34633.69963369963
            ],
            [
              9157.509157509157,
              34627.594627594626
            ],
            [
              9163.614163614164,
              34621.48962148962
            ],
            [
              9169.719169719168,
              34621.48962148962
            ],
            [
              9175.824175824175,
              34615.38461538461
            ],
            [
              9175.824175824175,
              34609.279609279605
            ],
            [
              9181.929181929181,
              34603.1746031746
            ],
            [
              9181.929181929181,
              34590.96459096459
            ],
            [
              9175.824175824175,
              34584.85958485958
            ],
            [
              9175.824175824175,
              34572.64957264957
            ],
            [
              9169.719169719168,
              34566.544566544566
            ],
            [
              9169.719169719168,
              34560.43956043956
            ],
            [
              9163.614163614164,
              34554.33455433455
            ],
            [
              9163.614163614164,
              34542.12454212454
            ],
            [
              9151.404151404151,
              34529.91452991453
            ]
          ]
        ]
      }
    },
    {
      "type": "Feature",
      "properties": {
        "class_id": 2,
        "classification": "Fold",
        "area": 354.0754456505372
      },
      "geometry": {
        "type": "Polygon",
        "coordinates": [
          [
            [
              9255.189255189254,
              34383.39438339438
            ],
            [
              9261.29426129426,
              34383.39438339438
            ],
            [
              9267.399267399267,
              34389.49938949939
            ],
            [
              9285.714285714284,
              34389.49938949939
            ],
            [
              9291.81929181929,
              34395.604395604394
            ],
            [
              9297.924297924297,
              34395.604395604394
            ],
            [
              9304.029304029304,
              34389.49938949939
            ],
            [
              9310.13431013431,
              34389.49938949939
            ],
            [
              9310.13431013431,
              34383.39438339438
            ],
            [
              9255.189255189254,
              34383.39438339438
            ]
          ]
        ]
      }
    },
    {
      "type": "Feature",
      "properties": {
        "class_id": 2,
        "classification": "Fold",
        "area": 745.4219908432361
      },
      "geometry": {
        "type": "Polygon",
        "coordinates": [
          [
            [
              9114.774114774114,
              34383.39438339438
            ],
            [
              9120.87912087912,
              34389.49938949939
            ],
            [
              9120.87912087912,
              34395.604395604394
            ],
            [
              9126.984126984127,
              34401.7094017094
            ],
            [
              9126.984126984127,
              34432.23443223443
            ],
            [
              9133.089133089132,
              34426.129426129424
            ],
            [
              9133.089133089132,
              34413.919413919415
            ],
            [
              9145.299145299145,
              34401.7094017094
            ],
            [
              9145.299145299145,
              34395.604395604394
            ],
            [
              9151.404151404151,
              34389.49938949939
            ],
            [
              9151.404151404151,
              34383.39438339438
            ],
            [
              9114.774114774114,
              34383.39438339438
            ]
          ]
        ]
      }
    },
    {
      "type": "Feature",
      "properties": {
        "class_id": 2,
        "classification": "Fold",
        "area": 111.81329862648542
      },
      "geometry": {
        "type": "Polygon",
        "coordinates": [
          [
            [
              93943.83394383393,
              34371.18437118437
            ],
            [
              93943.83394383393,
              34377.28937728937
            ],
            [
              93962.14896214896,
              34377.28937728937
            ],
            [
              93962.14896214896,
              34371.18437118437
            ],
            [
              93943.83394383393,
              34371.18437118437
            ]
          ]
        ]
      }
    },
    {
      "type": "Feature",
      "properties": {
        "class_id": 2,
        "classification": "Fold",
        "area": 391.34654519269895
      },
      "geometry": {
        "type": "Polygon",
        "coordinates": [
          [
            [
              18724.053724053723,
              34365.079365079364
            ],
            [
              18717.948717948715,
              34371.18437118437
            ],
            [
              18711.84371184371,
              34371.18437118437
            ],
            [
              18711.84371184371,
              34377.28937728937
            ],
            [
              18748.47374847375,
              34377.28937728937
            ],
            [
              18748.47374847375,
              34365.079365079364
            ],
            [
              18724.053724053723,
              34365.079365079364
            ]
          ]
        ]
      }
    },
    {
      "type": "Feature",
      "properties": {
        "class_id": 2,
        "classification": "Fold",
        "area": 540.4309433613462
      },
      "geometry": {
        "type": "Polygon",
        "coordinates": [
          [
            [
              10244.200244200243,
              34358.97435897436
            ],
            [
              10238.095238095237,
              34365.079365079364
            ],
            [
              10231.990231990232,
              34365.079365079364
            ],
            [
              10231.990231990232,
              34377.28937728937
            ],
            [
              10268.620268620269,
              34377.28937728937
            ],
            [
              10268.620268620269,
              34371.18437118437
            ],
            [
              10256.410256410256,
              34358.97435897436
            ],
            [
              10244.200244200243,
              34358.97435897436
            ]
          ]
        ]
      }
    },
    {
      "type": "Feature",
      "properties": {
        "class_id": 2,
        "classification": "Fold",
        "area": 16827.901443286057
      },
      "geometry": {
        "type": "Polygon",
        "coordinates": [
          [
            [
              103675.21367521367,
              34108.669108669106
            ],
            [
              103669.10866910867,
              34114.77411477411
            ],
            [
              103669.10866910867,
              34120.879120879115
            ],
            [
              103663.00366300366,
              34126.98412698413
            ],
            [
              103663.00366300366,
              34175.82417582417
            ],
            [
              103656.89865689864,
              34181.92918192918
            ],
            [
              103656.89865689864,
              34194.13919413919
            ],
            [
              103650.79365079364,
              34200.2442002442
            ],
            [
              103650.79365079364,
              34212.45421245421
            ],
            [
              103644.68864468863,
              34218.55921855922
            ],
            [
              103644.68864468863,
              34224.66422466422
            ],
            [
              103638.58363858363,
              34230.76923076923
            ],
            [
              103638.58363858363,
              34236.87423687423
            ],
            [
              103632.47863247863,
              34242.97924297924
            ],
            [
              103632.47863247863,
              34249.08424908425
            ],
            [
              103626.37362637362,
              34255.18925518925
            ],
            [
              103626.37362637362,
              34261.29426129426
            ],
            [
              103620.26862026862,
              34267.39926739927
            ],
            [
              103620.26862026862,
              34273.50427350427
            ],
            [
              103614.16361416361,
              34279.60927960928
            ],
            [
              103614.16361416361,
              34291.81929181929
            ],
            [
              103608.0586080586,
              34297.9242979243
            ],
            [
              103608.0586080586,
              34316.23931623931
            ],
            [
              103614.16361416361,
              34322.34432234432
            ],
            [
              103614.16361416361,
              34328.44932844933
            ],
            [
              103626.37362637362,
              34340.65934065934
            ],
            [
              103626.37362637362,
              34346.76434676434
            ],
            [
              103632.47863247863,
              34352.86935286935
            ],
            [
              103632.47863247863,
              34377.28937728937
            ],
            [
              103693.52869352869,
              34377.28937728937
            ],
            [
              103693.52869352869,
              34346.76434676434
            ],
            [
              103687.42368742368,
              34340.65934065934
            ],
            [
              103687.42368742368,
              34285.71428571428
            ],
            [
              103693.52869352869,
              34279.60927960928
            ],
            [
              103693.52869352869,
              34267.39926739927
            ],
            [
              103699.63369963369,
              34261.29426129426
            ],
            [
              103699.63369963369,
              34224.66422466422
            ],
            [
              103705.7387057387,
              34218.55921855922
            ],
            [
              103705.7387057387,
              34200.2442002442
            ],
            [
              103711.8437118437,
              34194.13919413919
            ],
            [
              103711.8437118437,
              34188.03418803419
            ],
            [
              103717.94871794872,
              34181.92918192918
            ],
            [
              103717.94871794872,
              34126.98412698413
            ],
            [
              103711.8437118437,
              34120.879120879115
            ],
            [
              103711.8437118437,
              34114.77411477411
            ],
            [
              103705.7387057387,
              34108.669108669106
            ],
            [
              103675.21367521367,
              34108.669108669106
            ]
          ]
        ]
      }
    },
    {
      "type": "Feature",
      "properties": {
        "class_id": 2,
        "classification": "Fold",
        "area": 372.71099542161807
      },
      "geometry": {
        "type": "Polygon",
        "coordinates": [
          [
            [
              9291.81929181929,
              33357.753357753354
            ],
            [
              9285.714285714284,
              33363.85836385836
            ],
            [
              9279.60927960928,
              33363.85836385836
            ],
            [
              9267.399267399267,
              33376.068376068375
            ],
            [
              9267.399267399267,
              33388.278388278384
            ],
            [
              9279.60927960928,
              33376.068376068375
            ],
            [
              9285.714285714284,
              33376.068376068375
            ],
            [
              9304.029304029304,
              33357.753357753354
            ],
            [
              9291.81929181929,
              33357.753357753354
            ]
          ]
        ]
      }
    },
    {
      "type": "Feature",
      "properties": {
        "class_id": 2,
        "classification": "Fold",
        "area": 577.702042903508
      },
      "geometry": {
        "type": "Polygon",
        "coordinates": [
          [
            [
              9358.974358974358,
              33272.28327228327
            ],
            [
              9358.974358974358,
              33278.38827838827
            ],
            [
              9352.869352869353,
              33284.493284493285
            ],
            [
              9352.869352869353,
              33315.018315018315
            ],
            [
              9358.974358974358,
              33315.018315018315
            ],
            [
              9371.18437118437,
              33302.8083028083
            ],
            [
              9371.18437118437,
              33284.493284493285
            ],
            [
              9358.974358974358,
              33272.28327228327
            ]
          ]
        ]
      }
    },
    {
      "type": "Feature",
      "properties": {
        "class_id": 2,
        "classification": "Fold",
        "area": 42284.06243058257
      },
      "geometry": {
        "type": "Polygon",
        "coordinates": [
          [
            [
              15757.020757020757,
              32442.00244200244
            ],
            [
              15750.91575091575,
              32448.107448107447
            ],
            [
              15738.705738705738,
              32448.107448107447
            ],
            [
              15720.39072039072,
              32466.422466422464
            ],
            [
              15720.39072039072,
              32478.632478632477
            ],
            [
              15702.075702075701,
              32496.947496947494
            ],
            [
              15695.970695970695,
              32496.947496947494
            ],
            [
              15689.865689865688,
              32503.052503052502
            ],
            [
              15665.445665445664,
              32503.052503052502
            ],
            [
              15659.340659340658,
              32496.947496947494
            ],
            [
              15628.815628815628,
              32496.947496947494
            ],
            [
              15628.815628815628,
              32851.03785103785
            ],
            [
              15634.920634920634,
              32857.142857142855
            ],
            [
              15641.02564102564,
              32857.142857142855
            ],
            [
              15647.130647130647,
              32851.03785103785
            ],
            [
              15653.235653235652,
              32851.03785103785
            ],
            [
              15659.340659340658,
              32844.932844932846
            ],
            [
              15714.285714285714,
              32844.932844932846
            ],
            [
              15720.39072039072,
              32838.827838827834
            ],
            [
              15726.495726495725,
              32838.827838827834
            ],
            [
              15732.600732600731,
              32832.72283272283
            ],
            [
              15732.600732600731,
              32826.617826617825
            ],
            [
              15744.810744810744,
              32814.407814407816
            ],
            [
              15744.810744810744,
              32808.302808302804
            ],
            [
              15763.125763125761,
              32789.98778998779
            ],
            [
              15763.125763125761,
              32783.88278388278
            ],
            [
              15769.230769230768,
              32777.777777777774
            ],
            [
              15769.230769230768,
              32771.67277167277
            ],
            [
              15775.335775335774,
              32765.567765567765
            ],
            [
              15775.335775335774,
              32728.937728937726
            ],
            [
              15757.020757020757,
              32710.62271062271
            ],
            [
              15757.020757020757,
              32704.517704517704
            ],
            [
              15750.91575091575,
              32698.412698412696
            ],
            [
              15750.91575091575,
              32692.30769230769
            ],
            [
              15744.810744810744,
              32686.202686202683
            ],
            [
              15744.810744810744,
              32673.99267399267
            ],
            [
              15732.600732600731,
              32661.78266178266
            ],
            [
              15732.600732600731,
              32655.677655677653
            ],
            [
              15720.39072039072,
              32643.46764346764
            ],
            [
              15720.39072039072,
              32637.362637362636
            ],
            [
              15714.285714285714,
              32631.257631257628
            ],
            [
              15714.285714285714,
              32600.732600732597
            ],
            [
              15708.180708180707,
              32594.627594627593
            ],
            [
              15708.180708180707,
              32533.577533577532
            ],
            [
              15714.285714285714,
              32527.472527472524
            ],
            [
              15714.285714285714,
              32509.157509157507
            ],
            [
              15720.39072039072,
              32503.052503052502
            ],
            [
              15726.495726495725,
              32503.052503052502
            ],
            [
              15732.600732600731,
              32496.947496947494
            ],
            [
              15799.7557997558,
              32496.947496947494
            ],
            [
              15805.860805860804,
              32490.84249084249
            ],
            [
              15811.96581196581,
              32490.84249084249
            ],
            [
              15818.070818070817,
              32484.73748473748
            ],
            [
              15824.175824175823,
              32484.73748473748
            ],
            [
              15824.175824175823,
              32466.422466422464
            ],
            [
              15805.860805860804,
              32448.107448107447
            ],
            [
              15793.650793650793,
              32448.107448107447
            ],
            [
              15787.545787545787,
              32442.00244200244
            ],
            [
              15757.020757020757,
              32442.00244200244
            ]
          ]
        ]
      }
    },
    {
      "type": "Feature",
      "properties": {
        "class_id": 2,
        "classification": "Fold",
        "area": 119267.51853491778
      },
      "geometry": {
        "type": "Polygon",
        "coordinates": [
          [
            [
              90610.5006105006,
              31800.976800976798
            ],
            [
              90604.3956043956,
              31807.081807081806
            ],
            [
              90598.2905982906,
              31807.081807081806
            ],
            [
              90592.18559218559,
              31813.18681318681
            ],
            [
              90543.34554334554,
              31813.18681318681
            ],
            [
              90537.24053724053,
              31807.081807081806
            ],
            [
              90512.8205128205,
              31807.081807081806
            ],
            [
              90506.7155067155,
              31813.18681318681
            ],
            [
              90488.40048840048,
              31813.18681318681
            ],
            [
              90482.29548229548,
              31819.29181929182
            ],
            [
              90476.19047619047,
              31819.29181929182
            ],
            [
              90445.66544566544,
              31849.81684981685
            ],
            [
              90445.66544566544,
              31855.921855921853
            ],
            [
              90427.35042735042,
              31874.23687423687
            ],
            [
              90402.9304029304,
              31874.23687423687
            ],
            [
              90396.82539682538,
              31880.34188034188
            ],
            [
              90384.61538461538,
              31880.34188034188
            ],
            [
              90372.40537240537,
              31892.55189255189
            ],
            [
              90372.40537240537,
              31898.656898656896
            ],
            [
              90366.30036630036,
              31904.761904761905
            ],
            [
              90372.40537240537,
              31910.86691086691
            ],
            [
              90372.40537240537,
              31916.971916971914
            ],
            [
              90378.51037851037,
              31923.076923076922
            ],
            [
              90378.51037851037,
              31935.286935286935
            ],
            [
              90384.61538461538,
              31941.39194139194
            ],
            [
              90384.61538461538,
              31984.126984126982
            ],
            [
              90378.51037851037,
              31990.231990231987
            ],
            [
              90378.51037851037,
              31996.336996336995
            ],
            [
              90360.19536019536,
              32014.652014652012
            ],
            [
              90360.19536019536,
              32026.862026862025
            ],
            [
              90354.09035409035,
              32032.96703296703
            ],
            [
              90360.19536019536,
              32039.072039072038
            ],
            [
              90360.19536019536,
              32063.49206349206
            ],
            [
              90366.30036630036,
              32069.59706959707
            ],
            [
              90366.30036630036,
              32094.017094017094
            ],
            [
              90372.40537240537,
              32100.1221001221
            ],
            [
              90372.40537240537,
              32118.437118437116
            ],
            [
              90378.51037851037,
              32124.542124542124
            ],
            [
              90378.51037851037,
              32136.752136752133
            ],
            [
              90409.03540903541,
              32167.277167277167
            ],
            [
              90409.03540903541,
              32173.38217338217
            ],
            [
              90415.14041514041,
              32179.487179487176
            ],
            [
              90415.14041514041,
              32191.69719169719
            ],
            [
              90421.24542124542,
              32197.802197802197
            ],
            [
              90421.24542124542,
              32203.9072039072
            ],
            [
              90433.45543345543,
              32216.117216117214
            ],
            [
              90439.56043956043,
              32216.117216117214
            ],
            [
              90451.77045177044,
              32228.327228327227
            ],
            [
              90451.77045177044,
              32222.22222222222
            ],
            [
              90445.66544566544,
              32216.117216117214
            ],
            [
              90445.66544566544,
              32210.01221001221
            ],
            [
              90451.77045177044,
              32203.9072039072
            ],
            [
              90457.87545787545,
              32203.9072039072
            ],
            [
              90463.98046398046,
              32210.01221001221
            ],
            [
              90470.08547008547,
              32210.01221001221
            ],
            [
              90494.50549450549,
              32234.43223443223
            ],
            [
              90494.50549450549,
              32246.642246642245
            ],
            [
              90488.40048840048,
              32252.74725274725
            ],
            [
              90488.40048840048,
              32258.852258852257
            ],
            [
              90500.61050061049,
              32271.06227106227
            ],
            [
              90500.61050061049,
              32277.167277167275
            ],
            [
              90506.7155067155,
              32283.272283272283
            ],
            [
              90506.7155067155,
              32289.377289377288
            ],
            [
              90549.45054945054,
              32332.11233211233
            ],
            [
              90549.45054945054,
              32338.217338217335
            ],
            [
              90555.55555555555,
              32344.322344322343
            ],
            [
              90555.55555555555,
              32350.427350427348
            ],
            [
              90567.76556776556,
              32362.63736263736
            ],
            [
              90573.87057387056,
              32362.63736263736
            ],
            [
              90579.97557997558,
              32368.742368742365
            ],
            [
              90586.08058608058,
              32368.742368742365
            ],
            [
              90592.18559218559,
              32374.847374847373
            ],
            [
              90604.3956043956,
              32374.847374847373
            ],
            [
              90610.5006105006,
              32368.742368742365
            ],
            [
              90622.71062271061,
              32368.742368742365
            ],
            [
              90628.81562881562,
              32362.63736263736
            ],
            [
              90641.02564102564,
              32362.63736263736
            ],
            [
              90641.02564102564,
              31807.081807081806
            ],
            [
              90634.92063492064,
              31800.976800976798
            ],
            [
              90610.5006105006,
              31800.976800976798
            ]
          ]
        ]
      }
    },
    {
      "type": "Feature",
      "properties": {
        "class_id": 2,
        "classification": "Fold",
        "area": 39526.001064462595
      },
      "geometry": {
        "type": "Polygon",
        "coordinates": [
          [
            [
              15744.810744810744,
              31648.351648351647
            ],
            [
              15738.705738705738,
              31654.45665445665
            ],
            [
              15726.495726495725,
              31654.45665445665
            ],
            [
              15720.39072039072,
              31660.56166056166
            ],
            [
              15708.180708180707,
              31660.56166056166
            ],
            [
              15702.075702075701,
              31666.666666666664
            ],
            [
              15689.865689865688,
              31666.666666666664
            ],
            [
              15683.760683760684,
              31672.771672771672
            ],
            [
              15677.655677655677,
              31672.771672771672
            ],
            [
              15671.55067155067,
              31678.876678876677
            ],
            [
              15665.445665445664,
              31678.876678876677
            ],
            [
              15659.340659340658,
              31684.98168498168
            ],
            [
              15628.815628815628,
              31684.98168498168
            ],
            [
              15628.815628815628,
              31923.076923076922
            ],
            [
              15659.340659340658,
              31923.076923076922
            ],
            [
              15665.445665445664,
              31916.971916971914
            ],
            [
              15677.655677655677,
              31916.971916971914
            ],
            [
              15683.760683760684,
              31910.86691086691
            ],
            [
              15689.865689865688,
              31910.86691086691
            ],
            [
              15702.075702075701,
              31898.656898656896
            ],
            [
              15714.285714285714,
              31898.656898656896
            ],
            [
              15720.39072039072,
              31892.55189255189
            ],
            [
              15769.230769230768,
              31892.55189255189
            ],
            [
              15775.335775335774,
              31886.446886446884
            ],
            [
              15775.335775335774,
              31880.34188034188
            ],
            [
              15769.230769230768,
              31874.23687423687
            ],
            [
              15763.125763125761,
              31874.23687423687
            ],
            [
              15750.91575091575,
              31862.02686202686
            ],
            [
              15750.91575091575,
              31843.71184371184
            ],
            [
              15763.125763125761,
              31831.501831501828
            ],
            [
              15775.335775335774,
              31831.501831501828
            ],
            [
              15781.44078144078,
              31825.396825396823
            ],
            [
              15787.545787545787,
              31825.396825396823
            ],
            [
              15799.7557997558,
              31813.18681318681
            ],
            [
              15799.7557997558,
              31807.081807081806
            ],
            [
              15836.385836385836,
              31770.451770451768
            ],
            [
              15836.385836385836,
              31746.031746031746
            ],
            [
              15818.070818070817,
              31727.716727716725
            ],
            [
              15811.96581196581,
              31727.716727716725
            ],
            [
              15793.650793650793,
              31709.401709401707
            ],
            [
              15793.650793650793,
              31697.191697191694
            ],
            [
              15787.545787545787,
              31691.08669108669
            ],
            [
              15787.545787545787,
              31678.876678876677
            ],
            [
              15781.44078144078,
              31672.771672771672
            ],
            [
              15781.44078144078,
              31666.666666666664
            ],
            [
              15769.230769230768,
              31654.45665445665
            ],
            [
              15763.125763125761,
              31654.45665445665
            ],
            [
              15757.020757020757,
              31648.351648351647
            ],
            [
              15744.810744810744,
              31648.351648351647
            ]
          ]
        ]
      }
    },
    {
      "type": "Feature",
      "properties": {
        "class_id": 2,
        "classification": "Fold",
        "area": 36674.76194948722
      },
      "geometry": {
        "type": "Polygon",
        "coordinates": [
          [
            [
              15628.815628815628,
              31257.631257631256
            ],
            [
              15628.815628815628,
              31660.56166056166
            ],
            [
              15641.02564102564,
              31660.56166056166
            ],
            [
              15647.130647130647,
              31654.45665445665
            ],
            [
              15653.235653235652,
              31654.45665445665
            ],
            [
              15659.340659340658,
              31648.351648351647
            ],
            [
              15665.445665445664,
              31648.351648351647
            ],
            [
              15677.655677655677,
              31636.141636141634
            ],
            [
              15677.655677655677,
              31630.03663003663
            ],
            [
              15695.970695970695,
              31611.72161172161
            ],
            [
              15695.970695970695,
              31605.616605616604
            ],
            [
              15702.075702075701,
              31599.5115995116
            ],
            [
              15702.075702075701,
              31593.40659340659
            ],
            [
              15708.180708180707,
              31587.301587301587
            ],
            [
              15708.180708180707,
              31581.19658119658
            ],
            [
              15714.285714285714,
              31575.091575091574
            ],
            [
              15714.285714285714,
              31544.566544566544
            ],
            [
              15702.075702075701,
              31532.35653235653
            ],
            [
              15702.075702075701,
              31526.251526251523
            ],
            [
              15689.865689865688,
              31514.041514041513
            ],
            [
              15689.865689865688,
              31483.516483516483
            ],
            [
              15695.970695970695,
              31477.411477411475
            ],
            [
              15695.970695970695,
              31471.30647130647
            ],
            [
              15702.075702075701,
              31465.201465201462
            ],
            [
              15702.075702075701,
              31452.99145299145
            ],
            [
              15708.180708180707,
              31446.886446886445
            ],
            [
              15708.180708180707,
              31367.521367521367
            ],
            [
              15702.075702075701,
              31361.41636141636
            ],
            [
              15702.075702075701,
              31349.206349206346
            ],
            [
              15720.39072039072,
              31330.89133089133
            ],
            [
              15775.335775335774,
              31330.89133089133
            ],
            [
              15781.44078144078,
              31324.786324786324
            ],
            [
              15787.545787545787,
              31324.786324786324
            ],
            [
              15793.650793650793,
              31318.681318681316
            ],
            [
              15799.7557997558,
              31318.681318681316
            ],
            [
              15805.860805860804,
              31312.57631257631
            ],
            [
              15805.860805860804,
              31306.471306471303
            ],
            [
              15811.96581196581,
              31300.3663003663
            ],
            [
              15811.96581196581,
              31294.261294261294
            ],
            [
              15818.070818070817,
              31288.156288156286
            ],
            [
              15818.070818070817,
              31282.05128205128
            ],
            [
              15824.175824175823,
              31275.946275946273
            ],
            [
              15824.175824175823,
              31263.73626373626
            ],
            [
              15830.28083028083,
              31257.631257631256
            ],
            [
              15628.815628815628,
              31257.631257631256
            ]
          ]
        ]
      }
    },
    {
      "type": "Feature",
      "properties": {
        "class_id": 2,
        "classification": "Fold",
        "area": 19977.30935459873
      },
      "geometry": {
        "type": "Polygon",
        "coordinates": [
          [
            [
              93772.89377289376,
              31031.746031746028
            ],
            [
              93772.89377289376,
              31251.52625152625
            ],
            [
              93907.2039072039,
              31251.52625152625
            ],
            [
              93907.2039072039,
              31245.421245421243
            ],
            [
              93901.0989010989,
              31239.31623931624
            ],
            [
              93907.2039072039,
              31233.21123321123
            ],
            [
              93907.2039072039,
              31214.896214896213
            ],
            [
              93913.30891330891,
              31208.79120879121
            ],
            [
              93913.30891330891,
              31184.371184371183
            ],
            [
              93907.2039072039,
              31178.266178266178
            ],
            [
              93907.2039072039,
              31172.16117216117
            ],
            [
              93894.9938949939,
              31159.951159951157
            ],
            [
              93882.78388278387,
              31159.951159951157
            ],
            [
              93876.67887667887,
              31153.846153846152
            ],
            [
              93864.46886446886,
              31153.846153846152
            ],
            [
              93846.15384615384,
              31135.531135531135
            ],
            [
              93846.15384615384,
              31129.426129426127
            ],
            [
              93840.04884004884,
              31123.321123321122
            ],
            [
              93840.04884004884,
              31098.901098901097
            ],
            [
              93833.94383394383,
              31092.796092796092
            ],
            [
              93833.94383394383,
              31080.58608058608
            ],
            [
              93785.10378510378,
              31031.746031746028
            ],
            [
              93772.89377289376,
              31031.746031746028
            ]
          ]
        ]
      }
    },
    {
      "type": "Feature",
      "properties": {
        "class_id": 2,
        "classification": "Fold",
        "area": 118876.17198972509
      },
      "geometry": {
        "type": "Polygon",
        "coordinates": [
          [
            [
              25256.410256410254,
              29664.22466422466
            ],
            [
              25256.410256410254,
              29670.32967032967
            ],
            [
              25231.990231990232,
              29694.74969474969
            ],
            [
              25219.78021978022,
              29694.74969474969
            ],
            [
              25213.67521367521,
              29700.8547008547
            ],
            [
              25207.570207570207,
              29700.8547008547
            ],
            [
              25195.360195360194,
              29713.064713064712
            ],
            [
              25195.360195360194,
              29719.169719169717
            ],
            [
              25189.25518925519,
              29725.274725274725
            ],
            [
              25189.25518925519,
              29761.90476190476
            ],
            [
              25183.15018315018,
              29768.009768009768
            ],
            [
              25183.15018315018,
              29792.42979242979
            ],
            [
              25177.045177045176,
              29798.534798534798
            ],
            [
              25177.045177045176,
              29816.849816849815
            ],
            [
              25170.940170940168,
              29822.95482295482
            ],
            [
              25170.940170940168,
              29829.05982905983
            ],
            [
              25164.835164835164,
              29835.164835164833
            ],
            [
              25164.835164835164,
              29841.26984126984
            ],
            [
              25158.730158730155,
              29847.374847374846
            ],
            [
              25158.730158730155,
              29853.47985347985
            ],
            [
              25146.520146520146,
              29865.689865689863
            ],
            [
              25146.520146520146,
              29871.79487179487
            ],
            [
              25140.415140415138,
              29877.899877899876
            ],
            [
              25140.415140415138,
              29908.424908424906
            ],
            [
              25152.62515262515,
              29920.63492063492
            ],
            [
              25152.62515262515,
              29926.739926739923
            ],
            [
              25164.835164835164,
              29938.949938949936
            ],
            [
              25164.835164835164,
              29945.054945054944
            ],
            [
              25189.25518925519,
              29969.474969474966
            ],
            [
              25177.045177045176,
              29981.68498168498
            ],
            [
              25170.940170940168,
              29981.68498168498
            ],
            [
              25152.62515262515,
              29999.999999999996
            ],
            [
              25152.62515262515,
              30006.105006105005
            ],
            [
              25134.310134310133,
              30024.420024420022
            ],
            [
              25128.205128205125,
              30024.420024420022
            ],
            [
              25122.10012210012,
              30030.52503052503
            ],
            [
              25097.680097680095,
              30030.52503052503
            ],
            [
              25061.05006105006,
              29993.89499389499
            ],
            [
              25061.05006105006,
              29987.789987789987
            ],
            [
              25054.945054945052,
              29981.68498168498
            ],
            [
              25054.945054945052,
              29975.579975579974
            ],
            [
              25048.840048840048,
              29969.474969474966
            ],
            [
              25018.315018315017,
              29969.474969474966
            ],
            [
              25012.21001221001,
              29975.579975579974
            ],
            [
              25006.105006105005,
              29975.579975579974
            ],
            [
              25006.105006105005,
              30628.815628815628
            ],
            [
              25012.21001221001,
              30622.71062271062
            ],
            [
              25018.315018315017,
              30622.71062271062
            ],
            [
              25018.315018315017,
              30616.605616605615
            ],
            [
              25024.420024420022,
              30610.500610500607
            ],
            [
              25024.420024420022,
              30604.395604395602
            ],
            [
              25030.52503052503,
              30598.290598290598
            ],
            [
              25030.52503052503,
              30586.080586080585
            ],
            [
              25036.630036630035,
              30579.975579975577
            ],
            [
              25036.630036630035,
              30573.870573870572
            ],
            [
              25042.735042735043,
              30567.765567765568
            ],
            [
              25042.735042735043,
              30561.66056166056
            ],
            [
              25048.840048840048,
              30555.555555555555
            ],
            [
              25048.840048840048,
              30531.13553113553
            ],
            [
              25054.945054945052,
              30525.030525030525
            ],
            [
              25054.945054945052,
              30506.715506715504
            ],
            [
              25061.05006105006,
              30500.6105006105
            ],
            [
              25061.05006105006,
              30488.400488400486
            ],
            [
              25067.155067155065,
              30482.29548229548
            ],
            [
              25067.155067155065,
              30476.190476190473
            ],
            [
              25079.365079365078,
              30463.98046398046
            ],
            [
              25085.470085470082,
              30463.98046398046
            ],
            [
              25091.57509157509,
              30457.875457875456
            ],
            [
              25097.680097680095,
              30457.875457875456
            ],
            [
              25103.785103785103,
              30451.77045177045
            ],
            [
              25109.890109890108,
              30451.77045177045
            ],
            [
              25122.10012210012,
              30439.56043956044
            ],
            [
              25122.10012210012,
              30433.45543345543
            ],
            [
              25128.205128205125,
              30427.350427350426
            ],
            [
              25128.205128205125,
              30421.245421245418
            ],
            [
              25134.310134310133,
              30415.140415140413
            ],
            [
              25134.310134310133,
              30409.03540903541
            ],
            [
              25140.415140415138,
              30402.9304029304
            ],
            [
              25140.415140415138,
              30396.825396825396
            ],
            [
              25146.520146520146,
              30390.720390720388
            ],
            [
              25146.520146520146,
              30384.615384615383
            ],
            [
              25170.940170940168,
              30360.195360195357
            ],
            [
              25170.940170940168,
              30335.775335775335
            ],
            [
              25177.045177045176,
              30329.670329670327
            ],
            [
              25177.045177045176,
              30293.040293040292
            ],
            [
              25183.15018315018,
              30286.935286935284
            ],
            [
              25183.15018315018,
              30262.515262515262
            ],
            [
              25189.25518925519,
              30256.410256410254
            ],
            [
              25189.25518925519,
              30231.99023199023
            ],
            [
              25195.360195360194,
              30225.885225885224
            ],
            [
              25195.360195360194,
              30207.570207570207
            ],
            [
              25201.4652014652,
              30201.4652014652
            ],
            [
              25201.4652014652,
              30189.25518925519
            ],
            [
              25207.570207570207,
              30183.15018315018
            ],
            [
              25207.570207570207,
              30177.045177045176
            ],
            [
              25213.67521367521,
              30170.940170940168
            ],
            [
              25213.67521367521,
              30164.835164835164
            ],
            [
              25219.78021978022,
              30158.730158730155
            ],
            [
              25219.78021978022,
              30073.260073260073
            ],
            [
              25225.885225885224,
              30067.155067155065
            ],
            [
              25225.885225885224,
              30036.630036630035
            ],
            [
              25231.990231990232,
              30030.52503052503
            ],
            [
              25231.990231990232,
              30024.420024420022
            ],
            [
              25238.095238095237,
              30018.315018315017
            ],
            [
              25238.095238095237,
              30012.21001221001
            ],
            [
              25244.20024420024,
              30006.105006105005
            ],
            [
              25244.20024420024,
              29987.789987789987
            ],
            [
              25250.30525030525,
              29981.68498168498
            ],
            [
              25250.30525030525,
              29963.36996336996
            ],
            [
              25256.410256410254,
              29957.264957264957
            ],
            [
              25256.410256410254,
              29951.15995115995
            ],
            [
              25262.515262515262,
              29945.054945054944
            ],
            [
              25262.515262515262,
              29737.484737484734
            ],
            [
              25268.620268620267,
              29731.37973137973
            ],
            [
              25268.620268620267,
              29694.74969474969
            ],
            [
              25262.515262515262,
              29688.644688644687
            ],
            [
              25268.620268620267,
              29682.539682539682
            ],
            [
              25268.620268620267,
              29676.434676434674
            ],
            [
              25256.410256410254,
              29664.22466422466
            ]
          ]
        ]
      }
    },
    {
      "type": "Feature",
      "properties": {
        "class_id": 2,
        "classification": "Fold",
        "area": 409.9820949637799
      },
      "geometry": {
        "type": "Polygon",
        "coordinates": [
          [
            [
              8406.593406593405,
              29664.22466422466
            ],
            [
              8400.4884004884,
              29670.32967032967
            ],
            [
              8382.173382173381,
              29670.32967032967
            ],
            [
              8345.543345543345,
              29706.959706959704
            ],
            [
              8351.648351648351,
              29700.8547008547
            ],
            [
              8357.753357753358,
              29700.8547008547
            ],
            [
              8363.858363858364,
              29694.74969474969
            ],
            [
              8369.963369963369,
              29694.74969474969
            ],
            [
              8382.173382173381,
              29682.539682539682
            ],
            [
              8388.278388278388,
              29682.539682539682
            ],
            [
              8406.593406593405,
              29664.22466422466
            ]
          ]
        ]
      }
    },
    {
      "type": "Feature",
      "properties": {
        "class_id": 2,
        "classification": "Fold",
        "area": 496991.47684495663
      },
      "geometry": {
        "type": "Polygon",
        "coordinates": [
          [
            [
              8571.42857142857,
              29304.029304029304
            ],
            [
              8565.323565323564,
              29310.134310134308
            ],
            [
              8547.008547008547,
              29310.134310134308
            ],
            [
              8540.90354090354,
              29316.239316239313
            ],
            [
              8510.37851037851,
              29316.239316239313
            ],
            [
              8504.273504273504,
              29322.34432234432
            ],
            [
              8455.433455433455,
              29322.34432234432
            ],
            [
              8449.328449328448,
              29328.449328449326
            ],
            [
              8382.173382173381,
              29328.449328449326
            ],
            [
              8376.068376068375,
              29334.554334554334
            ],
            [
              8357.753357753358,
              29334.554334554334
            ],
            [
              8351.648351648351,
              29340.65934065934
            ],
            [
              8333.333333333332,
              29340.65934065934
            ],
            [
              8327.228327228328,
              29346.764346764347
            ],
            [
              8266.178266178265,
              29346.764346764347
            ],
            [
              8260.073260073259,
              29352.86935286935
            ],
            [
              8247.863247863248,
              29352.86935286935
            ],
            [
              8235.653235653235,
              29365.079365079364
            ],
            [
              8217.338217338216,
              29365.079365079364
            ],
            [
              8211.233211233211,
              29371.18437118437
            ],
            [
              8162.393162393162,
              29371.18437118437
            ],
            [
              8156.288156288156,
              29377.289377289377
            ],
            [
              8150.183150183149,
              29377.289377289377
            ],
            [
              8144.078144078144,
              29383.39438339438
            ],
            [
              8137.973137973137,
              29383.39438339438
            ],
            [
              8131.868131868131,
              29389.49938949939
            ],
            [
              8119.658119658119,
              29389.49938949939
            ],
            [
              8113.553113553113,
              29395.604395604394
            ],
            [
              8095.2380952380945,
              29395.604395604394
            ],
            [
              8089.133089133089,
              29401.7094017094
            ],
            [
              8070.818070818071,
              29401.7094017094
            ],
            [
              8064.713064713064,
              29407.814407814407
            ],
            [
              8052.5030525030525,
              29407.814407814407
            ],
            [
              8046.398046398046,
              29413.91941391941
            ],
            [
              8028.083028083028,
              29413.91941391941
            ],
            [
              8021.978021978021,
              29420.02442002442
            ],
            [
              7997.557997557997,
              29420.02442002442
            ],
            [
              7991.452991452991,
              29426.129426129424
            ],
            [
              7948.717948717948,
              29426.129426129424
            ],
            [
              7942.612942612942,
              29432.23443223443
            ],
            [
              7924.297924297924,
              29432.23443223443
            ],
            [
              7918.192918192918,
              29438.339438339437
            ],
            [
              7893.772893772893,
              29438.339438339437
            ],
            [
              7887.667887667887,
              29444.44444444444
            ],
            [
              7869.352869352869,
              29444.44444444444
            ],
            [
              7863.247863247862,
              29450.54945054945
            ],
            [
              7838.827838827839,
              29450.54945054945
            ],
            [
              7832.722832722832,
              29456.654456654454
            ],
            [
              7826.617826617826,
              29456.654456654454
            ],
            [
              7820.51282051282,
              29462.759462759463
            ],
            [
              7808.3028083028075,
              29462.759462759463
            ],
            [
              7796.092796092796,
              29474.96947496947
            ],
            [
              7789.987789987789,
              29474.96947496947
            ],
            [
              7771.672771672771,
              29493.284493284493
            ],
            [
              7765.5677655677655,
              29493.284493284493
            ],
            [
              7753.357753357753,
              29505.494505494502
            ],
            [
              7747.252747252747,
              29505.494505494502
            ],
            [
              7741.147741147741,
              29511.59951159951
            ],
            [
              7735.042735042734,
              29511.59951159951
            ],
            [
              7728.937728937728,
              29517.704517704515
            ],
            [
              7722.8327228327225,
              29517.704517704515
            ],
            [
              7704.517704517704,
              29536.019536019536
            ],
            [
              7698.412698412698,
              29536.019536019536
            ],
            [
              7692.3076923076915,
              29542.12454212454
            ],
            [
              7686.202686202686,
              29542.12454212454
            ],
            [
              7673.992673992673,
              29554.334554334553
            ],
            [
              7667.887667887668,
              29554.334554334553
            ],
            [
              7661.782661782661,
              29560.439560439558
            ],
            [
              7637.362637362637,
              29560.439560439558
            ],
            [
              7631.257631257631,
              29566.544566544566
            ],
            [
              7619.047619047618,
              29566.544566544566
            ],
            [
              7612.942612942613,
              29572.64957264957
            ],
            [
              7606.8376068376065,
              29572.64957264957
            ],
            [
              7594.627594627595,
              29584.859584859583
            ],
            [
              7588.522588522588,
              29584.859584859583
            ],
            [
              7582.417582417582,
              29590.964590964588
            ],
            [
              7576.312576312575,
              29590.964590964588
            ],
            [
              7570.20757020757,
              29597.069597069596
            ],
            [
              7557.997557997557,
              29597.069597069596
            ],
            [
              7551.892551892552,
              29603.1746031746
            ],
            [
              7539.682539682539,
              29603.1746031746
            ],
            [
              7533.577533577533,
              29609.27960927961
            ],
            [
              7527.472527472527,
              29609.27960927961
            ],
            [
              7521.367521367521,
              29615.384615384613
            ],
            [
              7515.262515262515,
              29615.384615384613
            ],
            [
              7509.157509157509,
              29621.489621489618
            ],
            [
              7503.052503052502,
              29621.489621489618
            ],
            [
              7496.947496947497,
              29627.594627594626
            ],
            [
              7490.84249084249,
              29627.594627594626
            ],
            [
              7478.6324786324785,
              29639.80463980464
            ],
            [
              7472.527472527472,
              29639.80463980464
            ],
            [
              7448.107448107447,
              29664.22466422466
            ],
            [
              7442.002442002442,
              29664.22466422466
            ],
            [
              7442.002442002442,
              29670.32967032967
            ],
            [
              7429.792429792429,
              29682.539682539682
            ],
            [
              7429.792429792429,
              29688.644688644687
            ],
            [
              7423.687423687423,
              29694.74969474969
            ],
            [
              7423.687423687423,
              29700.8547008547
            ],
            [
              7417.582417582417,
              29706.959706959704
            ],
            [
              7417.582417582417,
              29713.064713064712
            ],
            [
              7411.477411477411,
              29719.169719169717
            ],
            [
              7411.477411477411,
              29725.274725274725
            ],
            [
              7399.267399267399,
              29737.484737484734
            ],
            [
              7393.162393162393,
              29737.484737484734
            ],
            [
              7374.847374847374,
              29755.799755799755
            ],
            [
              7368.742368742368,
              29755.799755799755
            ],
            [
              7344.322344322344,
              29780.219780219777
            ],
            [
              7344.322344322344,
              29786.324786324785
            ],
            [
              7332.112332112331,
              29798.534798534798
            ],
            [
              7332.112332112331,
              29804.639804639803
            ],
            [
              7319.9023199023195,
              29816.849816849815
            ],
            [
              7319.9023199023195,
              29822.95482295482
            ],
            [
              7313.797313797313,
              29829.05982905983
            ],
            [
              7313.797313797313,
              29835.164835164833
            ],
            [
              7307.692307692308,
              29841.26984126984
            ],
            [
              7307.692307692308,
              29847.374847374846
            ],
            [
              7301.587301587301,
              29853.47985347985
            ],
            [
              7301.587301587301,
              29865.689865689863
            ],
            [
              7295.482295482295,
              29871.79487179487
            ],
            [
              7295.482295482295,
              29890.10989010989
            ],
            [
              7289.377289377289,
              29896.214896214893
            ],
            [
              7289.377289377289,
              29914.529914529914
            ],
            [
              7295.482295482295,
              29920.63492063492
            ],
            [
              7295.482295482295,
              29926.739926739923
            ],
            [
              7350.42735042735,
              29981.68498168498
            ],
            [
              7356.532356532356,
              29981.68498168498
            ],
            [
              7362.6373626373625,
              29987.789987789987
            ],
            [
              7368.742368742368,
              29987.789987789987
            ],
            [
              7393.162393162393,
              30012.21001221001
            ],
            [
              7399.267399267399,
              30012.21001221001
            ],
            [
              7423.687423687423,
              30036.630036630035
            ],
            [
              7429.792429792429,
              30036.630036630035
            ],
            [
              7435.897435897436,
              30042.73504273504
            ],
            [
              7442.002442002442,
              30042.73504273504
            ],
            [
              7448.107448107447,
              30048.840048840048
            ],
            [
              7454.212454212454,
              30048.840048840048
            ],
            [
              7484.737484737484,
              30079.365079365078
            ],
            [
              7484.737484737484,
              30085.470085470082
            ],
            [
              7509.157509157509,
              30109.890109890108
            ],
            [
              7527.472527472527,
              30109.890109890108
            ],
            [
              7533.577533577533,
              30115.995115995112
            ],
            [
              7545.787545787545,
              30115.995115995112
            ],
            [
              7582.417582417582,
              30152.62515262515
            ],
            [
              7600.7326007326,
              30152.62515262515
            ],
            [
              7606.8376068376065,
              30158.730158730155
            ],
            [
              7625.152625152625,
              30158.730158730155
            ],
            [
              7631.257631257631,
              30152.62515262515
            ],
            [
              7637.362637362637,
              30152.62515262515
            ],
            [
              7643.467643467643,
              30146.520146520146
            ],
            [
              7649.572649572649,
              30146.520146520146
            ],
            [
              7655.677655677655,
              30140.415140415138
            ],
            [
              7680.09768009768,
              30140.415140415138
            ],
            [
              7686.202686202686,
              30134.310134310133
            ],
            [
              7716.727716727716,
              30134.310134310133
            ],
            [
              7735.042735042734,
              30115.995115995112
            ],
            [
              7735.042735042734,
              30109.890109890108
            ],
            [
              7777.777777777777,
              30067.155067155065
            ],
            [
              7777.777777777777,
              30061.05006105006
            ],
            [
              7796.092796092796,
              30042.73504273504
            ],
            [
              7796.092796092796,
              30036.630036630035
            ],
            [
              7808.3028083028075,
              30024.420024420022
            ],
            [
              7808.3028083028075,
              30018.315018315017
            ],
            [
              7832.722832722832,
              29993.89499389499
            ],
            [
              7869.352869352869,
              29993.89499389499
            ],
            [
              7875.457875457875,
              29999.999999999996
            ],
            [
              7899.8778998779,
              29999.999999999996
            ],
            [
              7905.982905982905,
              29993.89499389499
            ],
            [
              7912.087912087912,
              29993.89499389499
            ],
            [
              7918.192918192918,
              29987.789987789987
            ],
            [
              7918.192918192918,
              29981.68498168498
            ],
            [
              7930.40293040293,
              29969.474969474966
            ],
            [
              7936.507936507936,
              29969.474969474966
            ],
            [
              7942.612942612942,
              29963.36996336996
            ],
            [
              7973.137973137973,
              29963.36996336996
            ],
            [
              7985.347985347985,
              29951.15995115995
            ],
            [
              7985.347985347985,
              29884.004884004884
            ],
            [
              7997.557997557997,
              29871.79487179487
            ],
            [
              7997.557997557997,
              29865.689865689863
            ],
            [
              8009.7680097680095,
              29853.47985347985
            ],
            [
              8009.7680097680095,
              29847.374847374846
            ],
            [
              8021.978021978021,
              29835.164835164833
            ],
            [
              8052.5030525030525,
              29835.164835164833
            ],
            [
              8058.608058608058,
              29841.26984126984
            ],
            [
              8064.713064713064,
              29841.26984126984
            ],
            [
              8070.818070818071,
              29835.164835164833
            ],
            [
              8083.028083028083,
              29835.164835164833
            ],
            [
              8095.2380952380945,
              29822.95482295482
            ],
            [
              8101.343101343101,
              29822.95482295482
            ],
            [
              8107.448107448107,
              29816.849816849815
            ],
            [
              8125.763125763126,
              29816.849816849815
            ],
            [
              8131.868131868131,
              29810.744810744807
            ],
            [
              8150.183150183149,
              29810.744810744807
            ],
            [
              8156.288156288156,
              29804.639804639803
            ],
            [
              8162.393162393162,
              29804.639804639803
            ],
            [
              8168.498168498168,
              29798.534798534798
            ],
            [
              8174.603174603174,
              29798.534798534798
            ],
            [
              8186.813186813186,
              29786.324786324785
            ],
            [
              8199.023199023199,
              29786.324786324785
            ],
            [
              8205.128205128205,
              29780.219780219777
            ],
            [
              8229.548229548229,
              29780.219780219777
            ],
            [
              8235.653235653235,
              29774.114774114772
            ],
            [
              8241.758241758242,
              29774.114774114772
            ],
            [
              8229.548229548229,
              29761.90476190476
            ],
            [
              8241.758241758242,
              29749.694749694747
            ],
            [
              8235.653235653235,
              29743.589743589742
            ],
            [
              8229.548229548229,
              29743.589743589742
            ],
            [
              8223.443223443222,
              29737.484737484734
            ],
            [
              8223.443223443222,
              29731.37973137973
            ],
            [
              8217.338217338216,
              29725.274725274725
            ],
            [
              8235.653235653235,
              29706.959706959704
            ],
            [
              8247.863247863248,
              29706.959706959704
            ],
            [
              8247.863247863248,
              29700.8547008547
            ],
            [
              8241.758241758242,
              29694.74969474969
            ],
            [
              8241.758241758242,
              29688.644688644687
            ],
            [
              8235.653235653235,
              29682.539682539682
            ],
            [
              8235.653235653235,
              29670.32967032967
            ],
            [
              8229.548229548229,
              29664.22466422466
            ],
            [
              8229.548229548229,
              29652.01465201465
            ],
            [
              8235.653235653235,
              29645.909645909644
            ],
            [
              8223.443223443222,
              29645.909645909644
            ],
            [
              8217.338217338216,
              29639.80463980464
            ],
            [
              8211.233211233211,
              29639.80463980464
            ],
            [
              8199.023199023199,
              29627.594627594626
            ],
            [
              8199.023199023199,
              29621.489621489618
            ],
            [
              8192.918192918192,
              29615.384615384613
            ],
            [
              8192.918192918192,
              29603.1746031746
            ],
            [
              8199.023199023199,
              29597.069597069596
            ],
            [
              8199.023199023199,
              29590.964590964588
            ],
            [
              8205.128205128205,
              29584.859584859583
            ],
            [
              8199.023199023199,
              29578.75457875458
            ],
            [
              8199.023199023199,
              29548.229548229545
            ],
            [
              8211.233211233211,
              29536.019536019536
            ],
            [
              8211.233211233211,
              29529.914529914528
            ],
            [
              8217.338217338216,
              29523.809523809523
            ],
            [
              8217.338217338216,
              29511.59951159951
            ],
            [
              8223.443223443222,
              29505.494505494502
            ],
            [
              8223.443223443222,
              29487.179487179485
            ],
            [
              8229.548229548229,
              29481.07448107448
            ],
            [
              8229.548229548229,
              29426.129426129424
            ],
            [
              8241.758241758242,
              29413.91941391941
            ],
            [
              8253.968253968253,
              29413.91941391941
            ],
            [
              8260.073260073259,
              29407.814407814407
            ],
            [
              8266.178266178265,
              29407.814407814407
            ],
            [
              8272.283272283272,
              29401.7094017094
            ],
            [
              8302.808302808302,
              29401.7094017094
            ],
            [
              8315.018315018315,
              29413.91941391941
            ],
            [
              8315.018315018315,
              29420.02442002442
            ],
            [
              8308.913308913308,
              29426.129426129424
            ],
            [
              8308.913308913308,
              29444.44444444444
            ],
            [
              8315.018315018315,
              29450.54945054945
            ],
            [
              8315.018315018315,
              29468.864468864467
            ],
            [
              8308.913308913308,
              29474.96947496947
            ],
            [
              8308.913308913308,
              29487.179487179485
            ],
            [
              8321.123321123321,
              29499.389499389497
            ],
            [
              8357.753357753358,
              29499.389499389497
            ],
            [
              8363.858363858364,
              29493.284493284493
            ],
            [
              8376.068376068375,
              29493.284493284493
            ],
            [
              8382.173382173381,
              29499.389499389497
            ],
            [
              8382.173382173381,
              29511.59951159951
            ],
            [
              8394.383394383394,
              29523.809523809523
            ],
            [
              8400.4884004884,
              29523.809523809523
            ],
            [
              8424.908424908424,
              29548.229548229545
            ],
            [
              8424.908424908424,
              29554.334554334553
            ],
            [
              8431.01343101343,
              29560.439560439558
            ],
            [
              8431.01343101343,
              29566.544566544566
            ],
            [
              8437.118437118437,
              29572.64957264957
            ],
            [
              8437.118437118437,
              29578.75457875458
            ],
            [
              8449.328449328448,
              29590.964590964588
            ],
            [
              8449.328449328448,
              29597.069597069596
            ],
            [
              8455.433455433455,
              29603.1746031746
            ],
            [
              8455.433455433455,
              29621.489621489618
            ],
            [
              8443.223443223444,
              29633.69963369963
            ],
            [
              8443.223443223444,
              29639.80463980464
            ],
            [
              8431.01343101343,
              29652.01465201465
            ],
            [
              8437.118437118437,
              29645.909645909644
            ],
            [
              8443.223443223444,
              29645.909645909644
            ],
            [
              8461.538461538461,
              29627.594627594626
            ],
            [
              8461.538461538461,
              29621.489621489618
            ],
            [
              8498.168498168498,
              29584.859584859583
            ],
            [
              8498.168498168498,
              29578.75457875458
            ],
            [
              8510.37851037851,
              29566.544566544566
            ],
            [
              8510.37851037851,
              29560.439560439558
            ],
            [
              8547.008547008547,
              29523.809523809523
            ],
            [
              8547.008547008547,
              29499.389499389497
            ],
            [
              8540.90354090354,
              29493.284493284493
            ],
            [
              8540.90354090354,
              29474.96947496947
            ],
            [
              8547.008547008547,
              29468.864468864467
            ],
            [
              8547.008547008547,
              29462.759462759463
            ],
            [
              8559.218559218558,
              29450.54945054945
            ],
            [
              8565.323565323564,
              29450.54945054945
            ],
            [
              8589.74358974359,
              29426.129426129424
            ],
            [
              8589.74358974359,
              29407.814407814407
            ],
            [
              8595.848595848594,
              29401.7094017094
            ],
            [
              8595.848595848594,
              29395.604395604394
            ],
            [
              8608.058608058607,
              29383.39438339438
            ],
            [
              8614.163614163614,
              29383.39438339438
            ],
            [
              8620.26862026862,
              29377.289377289377
            ],
            [
              8632.478632478633,
              29377.289377289377
            ],
            [
              8638.583638583637,
              29371.18437118437
            ],
            [
              8650.79365079365,
              29371.18437118437
            ],
            [
              8663.003663003663,
              29358.974358974356
            ],
            [
              8663.003663003663,
              29346.764346764347
            ],
            [
              8656.898656898657,
              29340.65934065934
            ],
            [
              8656.898656898657,
              29322.34432234432
            ],
            [
              8663.003663003663,
              29316.239316239313
            ],
            [
              8663.003663003663,
              29310.134310134308
            ],
            [
              8656.898656898657,
              29304.029304029304
            ],
            [
              8571.42857142857,
              29304.029304029304
            ]
          ]
        ]
      }
    },
    {
      "type": "Feature",
      "properties": {
        "class_id": 2,
        "classification": "Fold",
        "area": 204.99104748188995
      },
      "geometry": {
        "type": "Polygon",
        "coordinates": [
          [
            [
              8687.423687423687,
              29273.504273504273
            ],
            [
              8687.423687423687,
              29291.81929181929
            ],
            [
              8693.528693528693,
              29291.81929181929
            ],
            [
              8699.6336996337,
              29285.714285714283
            ],
            [
              8699.6336996337,
              29273.504273504273
            ],
            [
              8687.423687423687,
              29273.504273504273
            ]
          ]
        ]
      }
    },
    {
      "type": "Feature",
      "properties": {
        "class_id": 2,
        "classification": "Fold",
        "area": 16678.81704511741
      },
      "geometry": {
        "type": "Polygon",
        "coordinates": [
          [
            [
              25006.105006105005,
              28949.938949938947
            ],
            [
              25006.105006105005,
              29291.81929181929
            ],
            [
              25018.315018315017,
              29291.81929181929
            ],
            [
              25018.315018315017,
              29285.714285714283
            ],
            [
              25024.420024420022,
              29279.609279609278
            ],
            [
              25024.420024420022,
              29273.504273504273
            ],
            [
              25030.52503052503,
              29267.399267399265
            ],
            [
              25030.52503052503,
              29261.29426129426
            ],
            [
              25054.945054945052,
              29236.874236874235
            ],
            [
              25054.945054945052,
              29230.76923076923
            ],
            [
              25067.155067155065,
              29218.559218559218
            ],
            [
              25067.155067155065,
              29212.45421245421
            ],
            [
              25073.260073260073,
              29206.349206349205
            ],
            [
              25073.260073260073,
              29200.244200244197
            ],
            [
              25085.470085470082,
              29188.034188034188
            ],
            [
              25085.470085470082,
              29181.92918192918
            ],
            [
              25091.57509157509,
              29175.824175824175
            ],
            [
              25091.57509157509,
              29169.719169719167
            ],
            [
              25097.680097680095,
              29163.614163614162
            ],
            [
              25097.680097680095,
              29157.509157509157
            ],
            [
              25085.470085470082,
              29145.299145299145
            ],
            [
              25085.470085470082,
              29139.194139194136
            ],
            [
              25061.05006105006,
              29114.774114774114
            ],
            [
              25061.05006105006,
              29108.669108669106
            ],
            [
              25054.945054945052,
              29102.5641025641
            ],
            [
              25054.945054945052,
              29041.51404151404
            ],
            [
              25048.840048840048,
              29035.409035409033
            ],
            [
              25048.840048840048,
              29029.30402930403
            ],
            [
              25042.735042735043,
              29023.19902319902
            ],
            [
              25042.735042735043,
              29017.094017094016
            ],
            [
              25036.630036630035,
              29010.989010989008
            ],
            [
              25036.630036630035,
              28998.778998779
            ],
            [
              25030.52503052503,
              28992.67399267399
            ],
            [
              25030.52503052503,
              28956.043956043955
            ],
            [
              25024.420024420022,
              28949.938949938947
            ],
            [
              25006.105006105005,
              28949.938949938947
            ]
          ]
        ]
      }
    },
    {
      "type": "Feature",
      "properties": {
        "class_id": 2,
        "classification": "Fold",
        "area": 70721.91138125202
      },
      "geometry": {
        "type": "Polygon",
        "coordinates": [
          [
            [
              25286.935286935284,
              28919.413919413917
            ],
            [
              25280.83028083028,
              28925.518925518925
            ],
            [
              25274.72527472527,
              28925.518925518925
            ],
            [
              25262.515262515262,
              28937.728937728934
            ],
            [
              25262.515262515262,
              28943.833943833943
            ],
            [
              25244.20024420024,
              28962.14896214896
            ],
            [
              25244.20024420024,
              28968.25396825397
            ],
            [
              25219.78021978022,
              28992.67399267399
            ],
            [
              25219.78021978022,
              28998.778998779
            ],
            [
              25213.67521367521,
              29004.884004884003
            ],
            [
              25213.67521367521,
              29010.989010989008
            ],
            [
              25207.570207570207,
              29017.094017094016
            ],
            [
              25207.570207570207,
              29035.409035409033
            ],
            [
              25213.67521367521,
              29041.51404151404
            ],
            [
              25213.67521367521,
              29053.72405372405
            ],
            [
              25201.4652014652,
              29065.934065934063
            ],
            [
              25201.4652014652,
              29072.03907203907
            ],
            [
              25195.360195360194,
              29078.144078144076
            ],
            [
              25195.360195360194,
              29084.249084249084
            ],
            [
              25183.15018315018,
              29096.459096459093
            ],
            [
              25183.15018315018,
              29102.5641025641
            ],
            [
              25128.205128205125,
              29157.509157509157
            ],
            [
              25128.205128205125,
              29163.614163614162
            ],
            [
              25122.10012210012,
              29169.719169719167
            ],
            [
              25128.205128205125,
              29175.824175824175
            ],
            [
              25128.205128205125,
              29188.034188034188
            ],
            [
              25134.310134310133,
              29194.139194139192
            ],
            [
              25134.310134310133,
              29261.29426129426
            ],
            [
              25140.415140415138,
              29267.399267399265
            ],
            [
              25140.415140415138,
              29316.239316239313
            ],
            [
              25146.520146520146,
              29322.34432234432
            ],
            [
              25146.520146520146,
              29420.02442002442
            ],
            [
              25128.205128205125,
              29438.339438339437
            ],
            [
              25122.10012210012,
              29432.23443223443
            ],
            [
              25097.680097680095,
              29432.23443223443
            ],
            [
              25091.57509157509,
              29438.339438339437
            ],
            [
              25091.57509157509,
              29444.44444444444
            ],
            [
              25085.470085470082,
              29450.54945054945
            ],
            [
              25085.470085470082,
              29487.179487179485
            ],
            [
              25079.365079365078,
              29493.284493284493
            ],
            [
              25079.365079365078,
              29499.389499389497
            ],
            [
              25073.260073260073,
              29505.494505494502
            ],
            [
              25073.260073260073,
              29517.704517704515
            ],
            [
              25067.155067155065,
              29523.809523809523
            ],
            [
              25067.155067155065,
              29572.64957264957
            ],
            [
              25073.260073260073,
              29578.75457875458
            ],
            [
              25073.260073260073,
              29590.964590964588
            ],
            [
              25079.365079365078,
              29597.069597069596
            ],
            [
              25079.365079365078,
              29603.1746031746
            ],
            [
              25091.57509157509,
              29615.384615384613
            ],
            [
              25103.785103785103,
              29603.1746031746
            ],
            [
              25103.785103785103,
              29584.859584859583
            ],
            [
              25109.890109890108,
              29578.75457875458
            ],
            [
              25109.890109890108,
              29566.544566544566
            ],
            [
              25115.995115995116,
              29560.439560439558
            ],
            [
              25115.995115995116,
              29554.334554334553
            ],
            [
              25128.205128205125,
              29542.12454212454
            ],
            [
              25128.205128205125,
              29536.019536019536
            ],
            [
              25140.415140415138,
              29523.809523809523
            ],
            [
              25158.730158730155,
              29523.809523809523
            ],
            [
              25183.15018315018,
              29548.229548229545
            ],
            [
              25183.15018315018,
              29554.334554334553
            ],
            [
              25189.25518925519,
              29560.439560439558
            ],
            [
              25189.25518925519,
              29578.75457875458
            ],
            [
              25195.360195360194,
              29584.859584859583
            ],
            [
              25195.360195360194,
              29590.964590964588
            ],
            [
              25201.4652014652,
              29597.069597069596
            ],
            [
              25213.67521367521,
              29597.069597069596
            ],
            [
              25225.885225885224,
              29584.859584859583
            ],
            [
              25231.990231990232,
              29584.859584859583
            ],
            [
              25238.095238095237,
              29578.75457875458
            ],
            [
              25244.20024420024,
              29578.75457875458
            ],
            [
              25250.30525030525,
              29572.64957264957
            ],
            [
              25250.30525030525,
              29554.334554334553
            ],
            [
              25244.20024420024,
              29548.229548229545
            ],
            [
              25244.20024420024,
              29523.809523809523
            ],
            [
              25250.30525030525,
              29517.704517704515
            ],
            [
              25250.30525030525,
              29505.494505494502
            ],
            [
              25262.515262515262,
              29493.284493284493
            ],
            [
              25262.515262515262,
              29438.339438339437
            ],
            [
              25250.30525030525,
              29426.129426129424
            ],
            [
              25244.20024420024,
              29426.129426129424
            ],
            [
              25231.990231990232,
              29413.91941391941
            ],
            [
              25231.990231990232,
              29395.604395604394
            ],
            [
              25238.095238095237,
              29389.49938949939
            ],
            [
              25238.095238095237,
              29267.399267399265
            ],
            [
              25244.20024420024,
              29261.29426129426
            ],
            [
              25244.20024420024,
              29218.559218559218
            ],
            [
              25250.30525030525,
              29212.45421245421
            ],
            [
              25250.30525030525,
              29145.299145299145
            ],
            [
              25256.410256410254,
              29139.194139194136
            ],
            [
              25256.410256410254,
              29090.35409035409
            ],
            [
              25274.72527472527,
              29072.03907203907
            ],
            [
              25268.620268620267,
              29065.934065934063
            ],
            [
              25268.620268620267,
              29053.72405372405
            ],
            [
              25299.145299145297,
              29023.19902319902
            ],
            [
              25299.145299145297,
              29017.094017094016
            ],
            [
              25311.35531135531,
              29004.884004884003
            ],
            [
              25311.35531135531,
              28998.778998779
            ],
            [
              25317.460317460314,
              28992.67399267399
            ],
            [
              25317.460317460314,
              28937.728937728934
            ],
            [
              25299.145299145297,
              28919.413919413917
            ],
            [
              25286.935286935284,
              28919.413919413917
            ]
          ]
        ]
      }
    },
    {
      "type": "Feature",
      "properties": {
        "class_id": 2,
        "classification": "Fold",
        "area": 12206.285100057992
      },
      "geometry": {
        "type": "Polygon",
        "coordinates": [
          [
            [
              53571.428571428565,
              28748.473748473745
            ],
            [
              53571.428571428565,
              28943.833943833943
            ],
            [
              53608.05860805861,
              28943.833943833943
            ],
            [
              53608.05860805861,
              28931.62393162393
            ],
            [
              53614.16361416361,
              28925.518925518925
            ],
            [
              53614.16361416361,
              28913.308913308912
            ],
            [
              53620.268620268616,
              28907.203907203904
            ],
            [
              53620.268620268616,
              28901.0989010989
            ],
            [
              53626.37362637362,
              28894.99389499389
            ],
            [
              53626.37362637362,
              28888.888888888887
            ],
            [
              53632.47863247863,
              28882.783882783882
            ],
            [
              53632.47863247863,
              28870.57387057387
            ],
            [
              53638.58363858364,
              28864.46886446886
            ],
            [
              53638.58363858364,
              28858.363858363857
            ],
            [
              53644.68864468864,
              28852.258852258852
            ],
            [
              53644.68864468864,
              28846.153846153844
            ],
            [
              53650.79365079365,
              28840.04884004884
            ],
            [
              53650.79365079365,
              28791.208791208788
            ],
            [
              53626.37362637362,
              28766.788766788766
            ],
            [
              53626.37362637362,
              28748.473748473745
            ],
            [
              53571.428571428565,
              28748.473748473745
            ]
          ]
        ]
      }
    },
    {
      "type": "Feature",
      "properties": {
        "class_id": 2,
        "classification": "Fold",
        "area": 10603.627819745034
      },
      "geometry": {
        "type": "Polygon",
        "coordinates": [
          [
            [
              15616.605616605615,
              28699.633699633698
            ],
            [
              15610.500610500609,
              28705.738705738702
            ],
            [
              15604.395604395604,
              28705.738705738702
            ],
            [
              15598.290598290598,
              28711.84371184371
            ],
            [
              15586.080586080585,
              28711.84371184371
            ],
            [
              15579.975579975579,
              28717.948717948715
            ],
            [
              15573.870573870572,
              28717.948717948715
            ],
            [
              15549.450549450548,
              28742.36874236874
            ],
            [
              15549.450549450548,
              28748.473748473745
            ],
            [
              15543.345543345542,
              28754.578754578753
            ],
            [
              15543.345543345542,
              28760.683760683758
            ],
            [
              15537.240537240536,
              28766.788766788766
            ],
            [
              15537.240537240536,
              28809.52380952381
            ],
            [
              15555.555555555555,
              28827.838827838827
            ],
            [
              15555.555555555555,
              28833.94383394383
            ],
            [
              15573.870573870572,
              28852.258852258852
            ],
            [
              15579.975579975579,
              28852.258852258852
            ],
            [
              15586.080586080585,
              28858.363858363857
            ],
            [
              15616.605616605615,
              28858.363858363857
            ],
            [
              15622.710622710621,
              28864.46886446886
            ],
            [
              15622.710622710621,
              28699.633699633698
            ],
            [
              15616.605616605615,
              28699.633699633698
            ]
          ]
        ]
      }
    },
    {
      "type": "Feature",
      "properties": {
        "class_id": 2,
        "classification": "Fold",
        "area": 298.16879633729445
      },
      "geometry": {
        "type": "Polygon",
        "coordinates": [
          [
            [
              25934.065934065933,
              28553.11355311355
            ],
            [
              25934.065934065933,
              28559.218559218556
            ],
            [
              25927.960927960925,
              28565.323565323564
            ],
            [
              25927.960927960925,
              28571.42857142857
            ],
            [
              25921.85592185592,
              28577.533577533577
            ],
            [
              25921.85592185592,
              28589.743589743586
            ],
            [
              25927.960927960925,
              28589.743589743586
            ],
            [
              25927.960927960925,
              28583.63858363858
            ],
            [
              25934.065934065933,
              28577.533577533577
            ],
            [
              25934.065934065933,
              28571.42857142857
            ],
            [
              25940.170940170938,
              28565.323565323564
            ],
            [
              25940.170940170938,
              28553.11355311355
            ],
            [
              25934.065934065933,
              28553.11355311355
            ]
          ]
        ]
      }
    },
    {
      "type": "Feature",
      "properties": {
        "class_id": 2,
        "classification": "Fold",
        "area": 4863.878490252116
      },
      "geometry": {
        "type": "Polygon",
        "coordinates": [
          [
            [
              53571.428571428565,
              28540.90354090354
            ],
            [
              53571.428571428565,
              28614.16361416361
            ],
            [
              53632.47863247863,
              28614.16361416361
            ],
            [
              53632.47863247863,
              28608.058608058607
            ],
            [
              53638.58363858364,
              28601.9536019536
            ],
            [
              53638.58363858364,
              28540.90354090354
            ],
            [
              53571.428571428565,
              28540.90354090354
            ]
          ]
        ]
      }
    },
    {
      "type": "Feature",
      "properties": {
        "class_id": 2,
        "classification": "Fold",
        "area": 1844.9194273370094
      },
      "geometry": {
        "type": "Polygon",
        "coordinates": [
          [
            [
              15616.605616605615,
              28528.693528693526
            ],
            [
              15610.500610500609,
              28534.798534798534
            ],
            [
              15604.395604395604,
              28534.798534798534
            ],
            [
              15598.290598290598,
              28540.90354090354
            ],
            [
              15598.290598290598,
              28547.008547008547
            ],
            [
              15592.185592185591,
              28553.11355311355
            ],
            [
              15592.185592185591,
              28577.533577533577
            ],
            [
              15598.290598290598,
              28583.63858363858
            ],
            [
              15598.290598290598,
              28589.743589743586
            ],
            [
              15616.605616605615,
              28608.058608058607
            ],
            [
              15622.710622710621,
              28608.058608058607
            ],
            [
              15622.710622710621,
              28528.693528693526
            ],
            [
              15616.605616605615,
              28528.693528693526
            ]
          ]
        ]
      }
    },
    {
      "type": "Feature",
      "properties": {
        "class_id": 2,
        "classification": "Fold",
        "area": 5199.318386131572
      },
      "geometry": {
        "type": "Polygon",
        "coordinates": [
          [
            [
              25995.115995115993,
              28321.12332112332
            ],
            [
              25982.90598290598,
              28333.333333333332
            ],
            [
              25982.90598290598,
              28339.438339438337
            ],
            [
              25976.800976800976,
              28345.543345543345
            ],
            [
              25976.800976800976,
              28479.85347985348
            ],
            [
              25964.590964590963,
              28492.06349206349
            ],
            [
              25958.48595848596,
              28492.06349206349
            ],
            [
              25946.275946275946,
              28504.273504273504
            ],
            [
              25952.38095238095,
              28510.37851037851
            ],
            [
              25952.38095238095,
              28516.483516483513
            ],
            [
              25958.48595848596,
              28522.58852258852
            ],
            [
              25976.800976800976,
              28522.58852258852
            ],
            [
              25976.800976800976,
              28516.483516483513
            ],
            [
              25982.90598290598,
              28510.37851037851
            ],
            [
              25982.90598290598,
              28504.273504273504
            ],
            [
              25989.01098901099,
              28498.168498168496
            ],
            [
              25989.01098901099,
              28492.06349206349
            ],
            [
              25995.115995115993,
              28485.958485958483
            ],
            [
              25995.115995115993,
              28473.748473748474
            ],
            [
              26001.221001220998,
              28467.643467643466
            ],
            [
              26001.221001220998,
              28455.433455433453
            ],
            [
              26007.326007326006,
              28449.32844932845
            ],
            [
              26007.326007326006,
              28406.593406593405
            ],
            [
              26001.221001220998,
              28400.488400488397
            ],
            [
              26001.221001220998,
              28388.278388278388
            ],
            [
              25995.115995115993,
              28382.17338217338
            ],
            [
              25995.115995115993,
              28376.068376068375
            ],
            [
              26001.221001220998,
              28369.963369963367
            ],
            [
              26001.221001220998,
              28357.753357753358
            ],
            [
              26007.326007326006,
              28351.64835164835
            ],
            [
              26007.326007326006,
              28333.333333333332
            ],
            [
              26001.221001220998,
              28327.228327228324
            ],
            [
              26001.221001220998,
              28321.12332112332
            ],
            [
              25995.115995115993,
              28321.12332112332
            ]
          ]
        ]
      }
    },
    {
      "type": "Feature",
      "properties": {
        "class_id": 2,
        "classification": "Fold",
        "area": 1434.9373323732295
      },
      "geometry": {
        "type": "Polygon",
        "coordinates": [
          [
            [
              53571.428571428565,
              28131.86813186813
            ],
            [
              53571.428571428565,
              28168.49816849817
            ],
            [
              53608.05860805861,
              28168.49816849817
            ],
            [
              53608.05860805861,
              28150.183150183148
            ],
            [
              53614.16361416361,
              28144.078144078143
            ],
            [
              53614.16361416361,
              28131.86813186813
            ],
            [
              53571.428571428565,
              28131.86813186813
            ]
          ]
        ]
      }
    },
    {
      "type": "Feature",
      "properties": {
        "class_id": 2,
        "classification": "Fold",
        "area": 1136.768536035935
      },
      "geometry": {
        "type": "Polygon",
        "coordinates": [
          [
            [
              26074.48107448107,
              28131.86813186813
            ],
            [
              26074.48107448107,
              28137.973137973135
            ],
            [
              26080.58608058608,
              28144.078144078143
            ],
            [
              26080.58608058608,
              28150.183150183148
            ],
            [
              26086.691086691084,
              28156.288156288156
            ],
            [
              26092.796092796092,
              28156.288156288156
            ],
            [
              26098.901098901097,
              28162.39316239316
            ],
            [
              26123.321123321122,
              28162.39316239316
            ],
            [
              26123.321123321122,
              28150.183150183148
            ],
            [
              26117.216117216114,
              28144.078144078143
            ],
            [
              26117.216117216114,
              28137.973137973135
            ],
            [
              26111.11111111111,
              28131.86813186813
            ],
            [
              26074.48107448107,
              28131.86813186813
            ]
          ]
        ]
      }
    },
    {
      "type": "Feature",
      "properties": {
        "class_id": 2,
        "classification": "Fold",
        "area": 6466.535770565073
      },
      "geometry": {
        "type": "Polygon",
        "coordinates": [
          [
            [
              21837.606837606836,
              27454.21245421245
            ],
            [
              21831.50183150183,
              27460.31746031746
            ],
            [
              21825.396825396823,
              27460.31746031746
            ],
            [
              21819.29181929182,
              27466.422466422464
            ],
            [
              21807.081807081806,
              27466.422466422464
            ],
            [
              21794.871794871793,
              27478.632478632477
            ],
            [
              21788.76678876679,
              27478.632478632477
            ],
            [
              21782.66178266178,
              27484.73748473748
            ],
            [
              21776.556776556776,
              27484.73748473748
            ],
            [
              21770.451770451768,
              27490.84249084249
            ],
            [
              21764.346764346763,
              27490.84249084249
            ],
            [
              21758.24175824176,
              27496.947496947494
            ],
            [
              21739.926739926737,
              27496.947496947494
            ],
            [
              21752.13675213675,
              27509.157509157507
            ],
            [
              21764.346764346763,
              27509.157509157507
            ],
            [
              21770.451770451768,
              27515.262515262515
            ],
            [
              21794.871794871793,
              27515.262515262515
            ],
            [
              21800.9768009768,
              27521.36752136752
            ],
            [
              21819.29181929182,
              27521.36752136752
            ],
            [
              21825.396825396823,
              27527.472527472524
            ],
            [
              21843.71184371184,
              27527.472527472524
            ],
            [
              21849.81684981685,
              27533.577533577532
            ],
            [
              21874.236874236874,
              27533.577533577532
            ],
            [
              21874.236874236874,
              27454.21245421245
            ],
            [
              21837.606837606836,
              27454.21245421245
            ]
          ]
        ]
      }
    },
    {
      "type": "Feature",
      "properties": {
        "class_id": 2,
        "classification": "Fold",
        "area": 447.2531945059417
      },
      "geometry": {
        "type": "Polygon",
        "coordinates": [
          [
            [
              19981.68498168498,
              27423.68742368742
            ],
            [
              19975.579975579974,
              27429.79242979243
            ],
            [
              19975.579975579974,
              27448.107448107447
            ],
            [
              19981.68498168498,
              27454.21245421245
            ],
            [
              19981.68498168498,
              27460.31746031746
            ],
            [
              19987.789987789987,
              27460.31746031746
            ],
            [
              19987.789987789987,
              27454.21245421245
            ],
            [
              19993.89499389499,
              27448.107448107447
            ],
            [
              19993.89499389499,
              27442.002442002442
            ],
            [
              19987.789987789987,
              27435.897435897434
            ],
            [
              19987.789987789987,
              27423.68742368742
            ],
            [
              19981.68498168498,
              27423.68742368742
            ]
          ]
        ]
      }
    },
    {
      "type": "Feature",
      "properties": {
        "class_id": 2,
        "classification": "Fold",
        "area": 159017.14619663334
      },
      "geometry": {
        "type": "Polygon",
        "coordinates": [
          [
            [
              25000.0,
              27350.427350427348
            ],
            [
              24993.89499389499,
              27356.532356532356
            ],
            [
              24987.789987789987,
              27356.532356532356
            ],
            [
              24987.789987789987,
              27362.63736263736
            ],
            [
              24981.68498168498,
              27368.74236874237
            ],
            [
              24981.68498168498,
              27380.952380952378
            ],
            [
              24975.579975579974,
              27387.057387057386
            ],
            [
              24975.579975579974,
              27399.2673992674
            ],
            [
              24969.474969474966,
              27405.372405372404
            ],
            [
              24969.474969474966,
              27411.477411477408
            ],
            [
              24963.36996336996,
              27417.582417582416
            ],
            [
              24963.36996336996,
              27423.68742368742
            ],
            [
              24951.15995115995,
              27435.897435897434
            ],
            [
              24951.15995115995,
              27442.002442002442
            ],
            [
              24938.949938949936,
              27454.21245421245
            ],
            [
              24938.949938949936,
              27460.31746031746
            ],
            [
              24920.63492063492,
              27478.632478632477
            ],
            [
              24920.63492063492,
              27484.73748473748
            ],
            [
              24890.10989010989,
              27515.262515262515
            ],
            [
              24884.004884004884,
              27515.262515262515
            ],
            [
              24877.899877899876,
              27521.36752136752
            ],
            [
              24871.79487179487,
              27521.36752136752
            ],
            [
              24859.58485958486,
              27533.577533577532
            ],
            [
              24853.479853479854,
              27533.577533577532
            ],
            [
              24841.26984126984,
              27545.787545787545
            ],
            [
              24835.164835164833,
              27545.787545787545
            ],
            [
              24829.05982905983,
              27551.89255189255
            ],
            [
              24810.74481074481,
              27551.89255189255
            ],
            [
              24804.639804639803,
              27545.787545787545
            ],
            [
              24774.114774114772,
              27545.787545787545
            ],
            [
              24761.90476190476,
              27557.997557997558
            ],
            [
              24761.90476190476,
              27564.102564102563
            ],
            [
              24755.799755799755,
              27570.207570207567
            ],
            [
              24755.799755799755,
              27704.517704517704
            ],
            [
              24749.694749694747,
              27710.62271062271
            ],
            [
              24749.694749694747,
              27716.727716727713
            ],
            [
              24743.589743589742,
              27722.83272283272
            ],
            [
              24743.589743589742,
              27728.937728937726
            ],
            [
              24737.484737484738,
              27735.042735042734
            ],
            [
              24737.484737484738,
              27741.14774114774
            ],
            [
              24731.37973137973,
              27747.252747252747
            ],
            [
              24731.37973137973,
              27759.462759462756
            ],
            [
              24725.274725274725,
              27765.567765567765
            ],
            [
              24725.274725274725,
              27783.882783882782
            ],
            [
              24731.37973137973,
              27789.987789987787
            ],
            [
              24731.37973137973,
              27814.407814407812
            ],
            [
              24706.959706959704,
              27838.827838827838
            ],
            [
              24706.959706959704,
              27844.932844932842
            ],
            [
              24676.434676434674,
              27875.457875457872
            ],
            [
              24676.434676434674,
              27881.56288156288
            ],
            [
              24670.32967032967,
              27887.667887667885
            ],
            [
              24670.32967032967,
              27912.08791208791
            ],
            [
              24664.22466422466,
              27918.192918192915
            ],
            [
              24664.22466422466,
              27948.717948717946
            ],
            [
              24670.32967032967,
              27954.822954822954
            ],
            [
              24670.32967032967,
              27960.92796092796
            ],
            [
              24700.8547008547,
              27991.45299145299
            ],
            [
              24700.8547008547,
              27997.557997557997
            ],
            [
              24706.959706959704,
              28003.663003663
            ],
            [
              24706.959706959704,
              28009.76800976801
            ],
            [
              24713.064713064712,
              28015.873015873014
            ],
            [
              24713.064713064712,
              28070.81807081807
            ],
            [
              24706.959706959704,
              28076.923076923074
            ],
            [
              24706.959706959704,
              28083.028083028083
            ],
            [
              24682.539682539682,
              28107.448107448105
            ],
            [
              24682.539682539682,
              28113.553113553113
            ],
            [
              24676.434676434674,
              28119.658119658117
            ],
            [
              24676.434676434674,
              28125.763125763126
            ],
            [
              24737.484737484738,
              28125.763125763126
            ],
            [
              24737.484737484738,
              28113.553113553113
            ],
            [
              24731.37973137973,
              28107.448107448105
            ],
            [
              24731.37973137973,
              28095.23809523809
            ],
            [
              24725.274725274725,
              28089.133089133087
            ],
            [
              24737.484737484738,
              28076.923076923074
            ],
            [
              24749.694749694747,
              28076.923076923074
            ],
            [
              24768.009768009768,
              28095.23809523809
            ],
            [
              24768.009768009768,
              28101.3431013431
            ],
            [
              24780.219780219777,
              28113.553113553113
            ],
            [
              24780.219780219777,
              28125.763125763126
            ],
            [
              25000.0,
              28125.763125763126
            ],
            [
              25000.0,
              28034.18803418803
            ],
            [
              24975.579975579974,
              28034.18803418803
            ],
            [
              24969.474969474966,
              28040.29304029304
            ],
            [
              24957.264957264957,
              28040.29304029304
            ],
            [
              24951.15995115995,
              28046.398046398044
            ],
            [
              24932.84493284493,
              28046.398046398044
            ],
            [
              24926.739926739927,
              28052.503052503052
            ],
            [
              24920.63492063492,
              28052.503052503052
            ],
            [
              24914.529914529914,
              28046.398046398044
            ],
            [
              24902.3199023199,
              28046.398046398044
            ],
            [
              24896.214896214893,
              28040.29304029304
            ],
            [
              24890.10989010989,
              28040.29304029304
            ],
            [
              24871.79487179487,
              28021.97802197802
            ],
            [
              24871.79487179487,
              28009.76800976801
            ],
            [
              24865.689865689863,
              28003.663003663
            ],
            [
              24865.689865689863,
              27960.92796092796
            ],
            [
              24859.58485958486,
              27954.822954822954
            ],
            [
              24859.58485958486,
              27918.192918192915
            ],
            [
              24865.689865689863,
              27912.08791208791
            ],
            [
              24865.689865689863,
              27899.877899877898
            ],
            [
              24890.10989010989,
              27875.457875457872
            ],
            [
              24896.214896214893,
              27875.457875457872
            ],
            [
              24908.424908424906,
              27887.667887667885
            ],
            [
              24908.424908424906,
              27893.772893772893
            ],
            [
              24914.529914529914,
              27899.877899877898
            ],
            [
              24914.529914529914,
              27936.507936507936
            ],
            [
              24920.63492063492,
              27942.61294261294
            ],
            [
              24920.63492063492,
              27954.822954822954
            ],
            [
              24926.739926739927,
              27960.92796092796
            ],
            [
              24957.264957264957,
              27960.92796092796
            ],
            [
              24963.36996336996,
              27954.822954822954
            ],
            [
              24975.579975579974,
              27954.822954822954
            ],
            [
              24981.68498168498,
              27948.717948717946
            ],
            [
              25000.0,
              27948.717948717946
            ],
            [
              25000.0,
              27350.427350427348
            ]
          ]
        ]
      }
    },
    {
      "type": "Feature",
      "properties": {
        "class_id": 2,
        "classification": "Fold",
        "area": 1975.3682757345757
      },
      "geometry": {
        "type": "Polygon",
        "coordinates": [
          [
            [
              6587.301587301587,
              26874.23687423687
            ],
            [
              6575.091575091575,
              26886.446886446884
            ],
            [
              6575.091575091575,
              26910.86691086691
            ],
            [
              6587.301587301587,
              26923.076923076922
            ],
            [
              6599.511599511599,
              26923.076923076922
            ],
            [
              6605.616605616605,
              26916.971916971914
            ],
            [
              6611.721611721611,
              26916.971916971914
            ],
            [
              6617.826617826618,
              26910.86691086691
            ],
            [
              6623.931623931623,
              26910.86691086691
            ],
            [
              6623.931623931623,
              26904.761904761905
            ],
            [
              6630.0366300366295,
              26898.656898656896
            ],
            [
              6623.931623931623,
              26892.55189255189
            ],
            [
              6623.931623931623,
              26886.446886446884
            ],
            [
              6617.826617826618,
              26880.34188034188
            ],
            [
              6611.721611721611,
              26880.34188034188
            ],
            [
              6605.616605616605,
              26874.23687423687
            ],
            [
              6587.301587301587,
              26874.23687423687
            ]
          ]
        ]
      }
    },
    {
      "type": "Feature",
      "properties": {
        "class_id": 2,
        "classification": "Fold",
        "area": 16343.377149237953
      },
      "geometry": {
        "type": "Polygon",
        "coordinates": [
          [
            [
              6489.62148962149,
              26520.146520146518
            ],
            [
              6483.516483516483,
              26526.251526251526
            ],
            [
              6477.411477411477,
              26526.251526251526
            ],
            [
              6459.096459096459,
              26544.566544566544
            ],
            [
              6459.096459096459,
              26550.671550671548
            ],
            [
              6452.991452991452,
              26556.776556776556
            ],
            [
              6452.991452991452,
              26575.091575091574
            ],
            [
              6459.096459096459,
              26581.19658119658
            ],
            [
              6459.096459096459,
              26587.301587301587
            ],
            [
              6465.201465201465,
              26587.301587301587
            ],
            [
              6495.726495726495,
              26617.826617826617
            ],
            [
              6495.726495726495,
              26636.141636141634
            ],
            [
              6501.831501831502,
              26642.246642246642
            ],
            [
              6501.831501831502,
              26648.351648351647
            ],
            [
              6495.726495726495,
              26654.45665445665
            ],
            [
              6495.726495726495,
              26691.08669108669
            ],
            [
              6501.831501831502,
              26697.191697191694
            ],
            [
              6514.041514041513,
              26697.191697191694
            ],
            [
              6520.14652014652,
              26703.296703296703
            ],
            [
              6526.251526251526,
              26697.191697191694
            ],
            [
              6538.461538461538,
              26697.191697191694
            ],
            [
              6550.67155067155,
              26684.98168498168
            ],
            [
              6556.776556776556,
              26684.98168498168
            ],
            [
              6581.196581196581,
              26660.56166056166
            ],
            [
              6581.196581196581,
              26636.141636141634
            ],
            [
              6587.301587301587,
              26630.03663003663
            ],
            [
              6587.301587301587,
              26587.301587301587
            ],
            [
              6581.196581196581,
              26581.19658119658
            ],
            [
              6581.196581196581,
              26568.98656898657
            ],
            [
              6575.091575091575,
              26562.88156288156
            ],
            [
              6575.091575091575,
              26556.776556776556
            ],
            [
              6544.5665445665445,
              26526.251526251526
            ],
            [
              6532.356532356532,
              26526.251526251526
            ],
            [
              6526.251526251526,
              26520.146520146518
            ],
            [
              6489.62148962149,
              26520.146520146518
            ]
          ]
        ]
      }
    },
    {
      "type": "Feature",
      "properties": {
        "class_id": 2,
        "classification": "Fold",
        "area": 4901.149589794278
      },
      "geometry": {
        "type": "Polygon",
        "coordinates": [
          [
            [
              9908.424908424908,
              25506.715506715504
            ],
            [
              9902.319902319901,
              25512.82051282051
            ],
            [
              9896.214896214895,
              25512.82051282051
            ],
            [
              9890.10989010989,
              25518.925518925516
            ],
            [
              9890.10989010989,
              25525.030525030525
            ],
            [
              9884.004884004884,
              25531.13553113553
            ],
            [
              9884.004884004884,
              25537.240537240537
            ],
            [
              9877.899877899878,
              25543.345543345542
            ],
            [
              9877.899877899878,
              25549.450549450547
            ],
            [
              9871.794871794871,
              25555.555555555555
            ],
            [
              9871.794871794871,
              25561.66056166056
            ],
            [
              9865.689865689865,
              25567.765567765568
            ],
            [
              9865.689865689865,
              25598.290598290598
            ],
            [
              9871.794871794871,
              25604.395604395602
            ],
            [
              9902.319902319901,
              25604.395604395602
            ],
            [
              9908.424908424908,
              25598.290598290598
            ],
            [
              9914.529914529914,
              25598.290598290598
            ],
            [
              9926.739926739927,
              25586.080586080585
            ],
            [
              9926.739926739927,
              25573.870573870572
            ],
            [
              9932.844932844931,
              25567.765567765568
            ],
            [
              9932.844932844931,
              25525.030525030525
            ],
            [
              9926.739926739927,
              25518.925518925516
            ],
            [
              9926.739926739927,
              25512.82051282051
            ],
            [
              9920.63492063492,
              25512.82051282051
            ],
            [
              9914.529914529914,
              25506.715506715504
            ],
            [
              9908.424908424908,
              25506.715506715504
            ]
          ]
        ]
      }
    },
    {
      "type": "Feature",
      "properties": {
        "class_id": 2,
        "classification": "Fold",
        "area": 4845.242940481035
      },
      "geometry": {
        "type": "Polygon",
        "coordinates": [
          [
            [
              6727.716727716727,
              25378.51037851038
            ],
            [
              6703.296703296703,
              25402.9304029304
            ],
            [
              6703.296703296703,
              25415.140415140413
            ],
            [
              6697.191697191697,
              25421.24542124542
            ],
            [
              6697.191697191697,
              25451.77045177045
            ],
            [
              6709.401709401709,
              25463.98046398046
            ],
            [
              6721.611721611721,
              25463.98046398046
            ],
            [
              6727.716727716727,
              25470.08547008547
            ],
            [
              6733.821733821734,
              25470.08547008547
            ],
            [
              6739.926739926739,
              25463.98046398046
            ],
            [
              6746.031746031746,
              25463.98046398046
            ],
            [
              6764.346764346764,
              25445.665445665443
            ],
            [
              6764.346764346764,
              25439.56043956044
            ],
            [
              6770.45177045177,
              25433.45543345543
            ],
            [
              6770.45177045177,
              25415.140415140413
            ],
            [
              6764.346764346764,
              25409.03540903541
            ],
            [
              6764.346764346764,
              25402.9304029304
            ],
            [
              6746.031746031746,
              25384.615384615383
            ],
            [
              6739.926739926739,
              25384.615384615383
            ],
            [
              6733.821733821734,
              25378.51037851038
            ],
            [
              6727.716727716727,
              25378.51037851038
            ]
          ]
        ]
      }
    },
    {
      "type": "Feature",
      "properties": {
        "class_id": 2,
        "classification": "Fold",
        "area": 670.8797917589125
      },
      "geometry": {
        "type": "Polygon",
        "coordinates": [
          [
            [
              89200.2442002442,
              25256.410256410254
            ],
            [
              89194.13919413919,
              25262.515262515262
            ],
            [
              89194.13919413919,
              25274.72527472527
            ],
            [
              89200.2442002442,
              25280.83028083028
            ],
            [
              89200.2442002442,
              25299.145299145297
            ],
            [
              89206.3492063492,
              25299.145299145297
            ],
            [
              89218.55921855921,
              25286.935286935284
            ],
            [
              89218.55921855921,
              25274.72527472527
            ],
            [
              89212.4542124542,
              25268.620268620267
            ],
            [
              89212.4542124542,
              25262.515262515262
            ],
            [
              89206.3492063492,
              25262.515262515262
            ],
            [
              89200.2442002442,
              25256.410256410254
            ]
          ]
        ]
      }
    },
    {
      "type": "Feature",
      "properties": {
        "class_id": 2,
        "classification": "Fold",
        "area": 5180.682836360491
      },
      "geometry": {
        "type": "Polygon",
        "coordinates": [
          [
            [
              89267.39926739926,
              25170.940170940168
            ],
            [
              89261.29426129426,
              25177.045177045176
            ],
            [
              89255.18925518925,
              25177.045177045176
            ],
            [
              89249.08424908425,
              25183.15018315018
            ],
            [
              89236.87423687422,
              25183.15018315018
            ],
            [
              89224.66422466421,
              25195.360195360194
            ],
            [
              89224.66422466421,
              25207.570207570207
            ],
            [
              89230.76923076922,
              25213.67521367521
            ],
            [
              89230.76923076922,
              25219.78021978022
            ],
            [
              89242.97924297924,
              25231.990231990232
            ],
            [
              89273.50427350427,
              25231.990231990232
            ],
            [
              89279.60927960927,
              25225.885225885224
            ],
            [
              89285.71428571428,
              25225.885225885224
            ],
            [
              89291.81929181928,
              25219.78021978022
            ],
            [
              89304.0293040293,
              25219.78021978022
            ],
            [
              89310.13431013431,
              25213.67521367521
            ],
            [
              89322.34432234432,
              25213.67521367521
            ],
            [
              89328.44932844932,
              25207.570207570207
            ],
            [
              89334.55433455433,
              25207.570207570207
            ],
            [
              89340.65934065933,
              25201.4652014652
            ],
            [
              89340.65934065933,
              25183.15018315018
            ],
            [
              89334.55433455433,
              25183.15018315018
            ],
            [
              89328.44932844932,
              25177.045177045176
            ],
            [
              89322.34432234432,
              25177.045177045176
            ],
            [
              89316.23931623931,
              25170.940170940168
            ],
            [
              89267.39926739926,
              25170.940170940168
            ]
          ]
        ]
      }
    },
    {
      "type": "Feature",
      "properties": {
        "class_id": 2,
        "classification": "Fold",
        "area": 7976.015302022626
      },
      "geometry": {
        "type": "Polygon",
        "coordinates": [
          [
            [
              9377.289377289377,
              25115.995115995116
            ],
            [
              9377.289377289377,
              25311.35531135531
            ],
            [
              9383.394383394383,
              25311.35531135531
            ],
            [
              9389.49938949939,
              25317.460317460314
            ],
            [
              9401.7094017094,
              25305.250305250305
            ],
            [
              9401.7094017094,
              25299.145299145297
            ],
            [
              9413.919413919413,
              25286.935286935284
            ],
            [
              9413.919413919413,
              25280.83028083028
            ],
            [
              9420.02442002442,
              25274.72527472527
            ],
            [
              9420.02442002442,
              25256.410256410254
            ],
            [
              9426.129426129426,
              25250.30525030525
            ],
            [
              9426.129426129426,
              25195.360195360194
            ],
            [
              9420.02442002442,
              25189.25518925519
            ],
            [
              9420.02442002442,
              25146.520146520146
            ],
            [
              9413.919413919413,
              25140.415140415138
            ],
            [
              9413.919413919413,
              25134.310134310133
            ],
            [
              9395.604395604396,
              25115.995115995116
            ],
            [
              9377.289377289377,
              25115.995115995116
            ]
          ]
        ]
      }
    },
    {
      "type": "Feature",
      "properties": {
        "class_id": 2,
        "classification": "Fold",
        "area": 28717.38219723567
      },
      "geometry": {
        "type": "Polygon",
        "coordinates": [
          [
            [
              89316.23931623931,
              25006.105006105005
            ],
            [
              89322.34432234432,
              25012.21001221001
            ],
            [
              89322.34432234432,
              25018.315018315017
            ],
            [
              89316.23931623931,
              25024.420024420022
            ],
            [
              89316.23931623931,
              25036.630036630035
            ],
            [
              89334.55433455433,
              25054.945054945052
            ],
            [
              89334.55433455433,
              25061.05006105006
            ],
            [
              89340.65934065933,
              25067.155067155065
            ],
            [
              89340.65934065933,
              25079.365079365078
            ],
            [
              89346.76434676434,
              25085.470085470082
            ],
            [
              89346.76434676434,
              25103.785103785103
            ],
            [
              89352.86935286934,
              25109.890109890108
            ],
            [
              89352.86935286934,
              25122.10012210012
            ],
            [
              89358.97435897436,
              25128.205128205125
            ],
            [
              89358.97435897436,
              25152.62515262515
            ],
            [
              89365.07936507936,
              25158.730158730155
            ],
            [
              89365.07936507936,
              25170.940170940168
            ],
            [
              89383.39438339438,
              25189.25518925519
            ],
            [
              89389.49938949938,
              25189.25518925519
            ],
            [
              89395.60439560439,
              25195.360195360194
            ],
            [
              89401.70940170939,
              25195.360195360194
            ],
            [
              89407.8144078144,
              25201.4652014652
            ],
            [
              89413.91941391942,
              25195.360195360194
            ],
            [
              89420.02442002442,
              25195.360195360194
            ],
            [
              89426.12942612942,
              25189.25518925519
            ],
            [
              89432.23443223443,
              25189.25518925519
            ],
            [
              89438.33943833943,
              25183.15018315018
            ],
            [
              89450.54945054944,
              25183.15018315018
            ],
            [
              89456.65445665445,
              25177.045177045176
            ],
            [
              89468.86446886446,
              25177.045177045176
            ],
            [
              89481.07448107448,
              25189.25518925519
            ],
            [
              89481.07448107448,
              25177.045177045176
            ],
            [
              89487.17948717948,
              25170.940170940168
            ],
            [
              89487.17948717948,
              25164.835164835164
            ],
            [
              89517.70451770451,
              25134.310134310133
            ],
            [
              89523.80952380951,
              25134.310134310133
            ],
            [
              89536.01953601954,
              25122.10012210012
            ],
            [
              89536.01953601954,
              25109.890109890108
            ],
            [
              89499.3894993895,
              25073.260073260073
            ],
            [
              89499.3894993895,
              25061.05006105006
            ],
            [
              89493.28449328449,
              25054.945054945052
            ],
            [
              89493.28449328449,
              25036.630036630035
            ],
            [
              89487.17948717948,
              25030.52503052503
            ],
            [
              89487.17948717948,
              25006.105006105005
            ],
            [
              89316.23931623931,
              25006.105006105005
            ]
          ]
        ]
      }
    },
    {
      "type": "Feature",
      "properties": {
        "class_id": 2,
        "classification": "Fold",
        "area": 108645.25516540167
      },
      "geometry": {
        "type": "Polygon",
        "coordinates": [
          [
            [
              88797.3137973138,
              25006.105006105005
            ],
            [
              88797.3137973138,
              25030.52503052503
            ],
            [
              88809.5238095238,
              25042.735042735043
            ],
            [
              88809.5238095238,
              25067.155067155065
            ],
            [
              88797.3137973138,
              25079.365079365078
            ],
            [
              88797.3137973138,
              25085.470085470082
            ],
            [
              88785.10378510378,
              25097.680097680095
            ],
            [
              88785.10378510378,
              25103.785103785103
            ],
            [
              88766.78876678876,
              25122.10012210012
            ],
            [
              88760.68376068375,
              25122.10012210012
            ],
            [
              88754.57875457875,
              25128.205128205125
            ],
            [
              88717.94871794872,
              25128.205128205125
            ],
            [
              88711.8437118437,
              25134.310134310133
            ],
            [
              88711.8437118437,
              25158.730158730155
            ],
            [
              88717.94871794872,
              25164.835164835164
            ],
            [
              88717.94871794872,
              25189.25518925519
            ],
            [
              88724.05372405372,
              25195.360195360194
            ],
            [
              88724.05372405372,
              25201.4652014652
            ],
            [
              88748.47374847374,
              25225.885225885224
            ],
            [
              88748.47374847374,
              25231.990231990232
            ],
            [
              88785.10378510378,
              25268.620268620267
            ],
            [
              88791.20879120879,
              25268.620268620267
            ],
            [
              88797.3137973138,
              25274.72527472527
            ],
            [
              88803.4188034188,
              25274.72527472527
            ],
            [
              88815.6288156288,
              25286.935286935284
            ],
            [
              88815.6288156288,
              25293.040293040292
            ],
            [
              88827.83882783882,
              25305.250305250305
            ],
            [
              88833.94383394383,
              25305.250305250305
            ],
            [
              88840.04884004884,
              25311.35531135531
            ],
            [
              88852.25885225885,
              25311.35531135531
            ],
            [
              88858.36385836385,
              25317.460317460314
            ],
            [
              88894.9938949939,
              25317.460317460314
            ],
            [
              88901.0989010989,
              25323.565323565323
            ],
            [
              88907.2039072039,
              25323.565323565323
            ],
            [
              88913.30891330891,
              25329.670329670327
            ],
            [
              88919.41391941391,
              25329.670329670327
            ],
            [
              88931.62393162392,
              25341.88034188034
            ],
            [
              88931.62393162392,
              25354.090354090353
            ],
            [
              88925.51892551892,
              25360.195360195357
            ],
            [
              88925.51892551892,
              25366.300366300366
            ],
            [
              88919.41391941391,
              25372.40537240537
            ],
            [
              88919.41391941391,
              25396.825396825396
            ],
            [
              88913.30891330891,
              25402.9304029304
            ],
            [
              88913.30891330891,
              25409.03540903541
            ],
            [
              88907.2039072039,
              25415.140415140413
            ],
            [
              88913.30891330891,
              25421.24542124542
            ],
            [
              88931.62393162392,
              25421.24542124542
            ],
            [
              88937.72893772893,
              25427.350427350426
            ],
            [
              88943.83394383393,
              25427.350427350426
            ],
            [
              88986.56898656898,
              25470.08547008547
            ],
            [
              88986.56898656898,
              25476.190476190473
            ],
            [
              89004.884004884,
              25476.190476190473
            ],
            [
              89010.98901098901,
              25470.08547008547
            ],
            [
              89053.72405372404,
              25470.08547008547
            ],
            [
              89059.82905982905,
              25463.98046398046
            ],
            [
              89072.03907203907,
              25463.98046398046
            ],
            [
              89078.14407814408,
              25457.875457875456
            ],
            [
              89084.24908424908,
              25457.875457875456
            ],
            [
              89090.35409035409,
              25451.77045177045
            ],
            [
              89090.35409035409,
              25445.665445665443
            ],
            [
              89078.14407814408,
              25433.45543345543
            ],
            [
              89078.14407814408,
              25427.350427350426
            ],
            [
              89108.6691086691,
              25396.825396825396
            ],
            [
              89108.6691086691,
              25384.615384615383
            ],
            [
              89133.08913308913,
              25360.195360195357
            ],
            [
              89139.19413919414,
              25360.195360195357
            ],
            [
              89133.08913308913,
              25354.090354090353
            ],
            [
              89133.08913308913,
              25323.565323565323
            ],
            [
              89126.98412698413,
              25317.460317460314
            ],
            [
              89126.98412698413,
              25305.250305250305
            ],
            [
              89108.6691086691,
              25286.935286935284
            ],
            [
              89102.5641025641,
              25286.935286935284
            ],
            [
              89084.24908424908,
              25268.620268620267
            ],
            [
              89084.24908424908,
              25262.515262515262
            ],
            [
              89078.14407814408,
              25256.410256410254
            ],
            [
              89078.14407814408,
              25244.20024420024
            ],
            [
              89065.93406593407,
              25231.990231990232
            ],
            [
              89041.51404151403,
              25231.990231990232
            ],
            [
              89035.40903540903,
              25238.095238095237
            ],
            [
              89029.30402930402,
              25238.095238095237
            ],
            [
              89023.19902319902,
              25244.20024420024
            ],
            [
              89017.09401709402,
              25244.20024420024
            ],
            [
              89004.884004884,
              25231.990231990232
            ],
            [
              89004.884004884,
              25213.67521367521
            ],
            [
              89017.09401709402,
              25201.4652014652
            ],
            [
              89017.09401709402,
              25195.360195360194
            ],
            [
              89023.19902319902,
              25189.25518925519
            ],
            [
              89023.19902319902,
              25164.835164835164
            ],
            [
              89017.09401709402,
              25158.730158730155
            ],
            [
              89017.09401709402,
              25061.05006105006
            ],
            [
              89010.98901098901,
              25054.945054945052
            ],
            [
              89010.98901098901,
              25048.840048840048
            ],
            [
              88998.77899877899,
              25036.630036630035
            ],
            [
              88998.77899877899,
              25030.52503052503
            ],
            [
              88992.67399267398,
              25024.420024420022
            ],
            [
              88992.67399267398,
              25012.21001221001
            ],
            [
              88998.77899877899,
              25006.105006105005
            ],
            [
              88797.3137973138,
              25006.105006105005
            ]
          ]
        ]
      }
    },
    {
      "type": "Feature",
      "properties": {
        "class_id": 2,
        "classification": "Fold",
        "area": 7174.686661866148
      },
      "geometry": {
        "type": "Polygon",
        "coordinates": [
          [
            [
              24523.809523809523,
              25006.105006105005
            ],
            [
              24529.914529914528,
              25012.21001221001
            ],
            [
              24529.914529914528,
              25018.315018315017
            ],
            [
              24542.12454212454,
              25030.52503052503
            ],
            [
              24548.22954822955,
              25030.52503052503
            ],
            [
              24554.334554334553,
              25036.630036630035
            ],
            [
              24560.439560439558,
              25036.630036630035
            ],
            [
              24572.64957264957,
              25048.840048840048
            ],
            [
              24584.859584859583,
              25048.840048840048
            ],
            [
              24590.964590964588,
              25054.945054945052
            ],
            [
              24652.01465201465,
              25054.945054945052
            ],
            [
              24658.119658119656,
              25061.05006105006
            ],
            [
              24670.32967032967,
              25061.05006105006
            ],
            [
              24676.434676434674,
              25067.155067155065
            ],
            [
              24676.434676434674,
              25048.840048840048
            ],
            [
              24682.539682539682,
              25042.735042735043
            ],
            [
              24688.644688644687,
              25042.735042735043
            ],
            [
              24700.8547008547,
              25030.52503052503
            ],
            [
              24706.959706959704,
              25030.52503052503
            ],
            [
              24700.8547008547,
              25024.420024420022
            ],
            [
              24700.8547008547,
              25006.105006105005
            ],
            [
              24523.809523809523,
              25006.105006105005
            ]
          ]
        ]
      }
    },
    {
      "type": "Feature",
      "properties": {
        "class_id": 2,
        "classification": "Fold",
        "area": 37.27109954216181
      },
      "geometry": {
        "type": "Polygon",
        "coordinates": [
          [
            [
              97258.85225885225,
              24993.89499389499
            ],
            [
              97258.85225885225,
              25000.0
            ],
            [
              97264.95726495727,
              25000.0
            ],
            [
              97264.95726495727,
              24993.89499389499
            ],
            [
              97258.85225885225,
              24993.89499389499
            ]
          ]
        ]
      }
    },
    {
      "type": "Feature",
      "properties": {
        "class_id": 2,
        "classification": "Fold",
        "area": 4342.0830966618505
      },
      "geometry": {
        "type": "Polygon",
        "coordinates": [
          [
            [
              9548.229548229549,
              24981.68498168498
            ],
            [
              9536.019536019536,
              24993.89499389499
            ],
            [
              9536.019536019536,
              25000.0
            ],
            [
              9529.91452991453,
              25006.105006105005
            ],
            [
              9517.704517704517,
              25006.105006105005
            ],
            [
              9523.809523809523,
              25012.21001221001
            ],
            [
              9523.809523809523,
              25024.420024420022
            ],
            [
              9529.91452991453,
              25030.52503052503
            ],
            [
              9529.91452991453,
              25036.630036630035
            ],
            [
              9542.124542124542,
              25048.840048840048
            ],
            [
              9548.229548229549,
              25048.840048840048
            ],
            [
              9554.334554334553,
              25054.945054945052
            ],
            [
              9584.859584859585,
              25054.945054945052
            ],
            [
              9615.384615384615,
              25024.420024420022
            ],
            [
              9615.384615384615,
              25018.315018315017
            ],
            [
              9621.489621489622,
              25012.21001221001
            ],
            [
              9621.489621489622,
              25006.105006105005
            ],
            [
              9572.649572649572,
              25006.105006105005
            ],
            [
              9566.544566544566,
              25000.0
            ],
            [
              9566.544566544566,
              24993.89499389499
            ],
            [
              9554.334554334553,
              24981.68498168498
            ],
            [
              9548.229548229549,
              24981.68498168498
            ]
          ]
        ]
      }
    },
    {
      "type": "Feature",
      "properties": {
        "class_id": 2,
        "classification": "Fold",
        "area": 1379.0306830599868
      },
      "geometry": {
        "type": "Polygon",
        "coordinates": [
          [
            [
              97161.17216117216,
              24963.36996336996
            ],
            [
              97142.85714285713,
              24981.68498168498
            ],
            [
              97142.85714285713,
              24987.789987789987
            ],
            [
              97136.75213675213,
              24993.89499389499
            ],
            [
              97130.64713064712,
              24993.89499389499
            ],
            [
              97136.75213675213,
              25000.0
            ],
            [
              97191.69719169718,
              25000.0
            ],
            [
              97191.69719169718,
              24993.89499389499
            ],
            [
              97185.59218559218,
              24987.789987789987
            ],
            [
              97185.59218559218,
              24981.68498168498
            ],
            [
              97173.38217338217,
              24969.474969474966
            ],
            [
              97173.38217338217,
              24963.36996336996
            ],
            [
              97161.17216117216,
              24963.36996336996
            ]
          ]
        ]
      }
    },
    {
      "type": "Feature",
      "properties": {
        "class_id": 2,
        "classification": "Fold",
        "area": 4565.709693914821
      },
      "geometry": {
        "type": "Polygon",
        "coordinates": [
          [
            [
              9713.064713064712,
              24951.15995115995
            ],
            [
              9706.959706959706,
              24957.264957264957
            ],
            [
              9700.854700854701,
              24957.264957264957
            ],
            [
              9694.749694749695,
              24963.36996336996
            ],
            [
              9688.644688644688,
              24963.36996336996
            ],
            [
              9688.644688644688,
              24969.474969474966
            ],
            [
              9676.434676434676,
              24981.68498168498
            ],
            [
              9676.434676434676,
              25000.0
            ],
            [
              9816.849816849815,
              25000.0
            ],
            [
              9816.849816849815,
              24993.89499389499
            ],
            [
              9798.534798534798,
              24975.579975579974
            ],
            [
              9780.219780219779,
              24975.579975579974
            ],
            [
              9774.114774114774,
              24969.474969474966
            ],
            [
              9755.799755799755,
              24969.474969474966
            ],
            [
              9749.694749694749,
              24963.36996336996
            ],
            [
              9743.589743589742,
              24963.36996336996
            ],
            [
              9737.484737484738,
              24957.264957264957
            ],
            [
              9731.379731379731,
              24957.264957264957
            ],
            [
              9725.274725274725,
              24951.15995115995
            ],
            [
              9713.064713064712,
              24951.15995115995
            ]
          ]
        ]
      }
    },
    {
      "type": "Feature",
      "properties": {
        "class_id": 2,
        "classification": "Fold",
        "area": 3130.7723615415916
      },
      "geometry": {
        "type": "Polygon",
        "coordinates": [
          [
            [
              96898.65689865689,
              24896.214896214893
            ],
            [
              96898.65689865689,
              25000.0
            ],
            [
              96916.97191697192,
              25000.0
            ],
            [
              96916.97191697192,
              24969.474969474966
            ],
            [
              96923.07692307692,
              24963.36996336996
            ],
            [
              96923.07692307692,
              24957.264957264957
            ],
            [
              96935.28693528693,
              24945.054945054944
            ],
            [
              96935.28693528693,
              24938.949938949936
            ],
            [
              96941.39194139194,
              24932.84493284493
            ],
            [
              96941.39194139194,
              24908.424908424906
            ],
            [
              96935.28693528693,
              24902.3199023199
            ],
            [
              96929.18192918193,
              24902.3199023199
            ],
            [
              96923.07692307692,
              24896.214896214893
            ],
            [
              96898.65689865689,
              24896.214896214893
            ]
          ]
        ]
      }
    },
    {
      "type": "Feature",
      "properties": {
        "class_id": 2,
        "classification": "Fold",
        "area": 17573.323434129292
      },
      "geometry": {
        "type": "Polygon",
        "coordinates": [
          [
            [
              97429.79242979242,
              24890.10989010989
            ],
            [
              97417.58241758241,
              24902.3199023199
            ],
            [
              97411.4774114774,
              24902.3199023199
            ],
            [
              97380.95238095238,
              24932.84493284493
            ],
            [
              97380.95238095238,
              24938.949938949936
            ],
            [
              97350.42735042734,
              24969.474969474966
            ],
            [
              97344.32234432234,
              24969.474969474966
            ],
            [
              97332.11233211233,
              24981.68498168498
            ],
            [
              97332.11233211233,
              24987.789987789987
            ],
            [
              97326.00732600733,
              24993.89499389499
            ],
            [
              97326.00732600733,
              25000.0
            ],
            [
              97600.73260073259,
              25000.0
            ],
            [
              97600.73260073259,
              24993.89499389499
            ],
            [
              97594.62759462759,
              24987.789987789987
            ],
            [
              97594.62759462759,
              24981.68498168498
            ],
            [
              97588.52258852258,
              24975.579975579974
            ],
            [
              97588.52258852258,
              24969.474969474966
            ],
            [
              97576.31257631257,
              24957.264957264957
            ],
            [
              97576.31257631257,
              24951.15995115995
            ],
            [
              97564.10256410256,
              24951.15995115995
            ],
            [
              97557.99755799756,
              24957.264957264957
            ],
            [
              97533.57753357753,
              24957.264957264957
            ],
            [
              97521.36752136752,
              24945.054945054944
            ],
            [
              97515.26251526251,
              24945.054945054944
            ],
            [
              97478.63247863247,
              24908.424908424906
            ],
            [
              97472.52747252746,
              24908.424908424906
            ],
            [
              97454.21245421245,
              24890.10989010989
            ],
            [
              97429.79242979242,
              24890.10989010989
            ]
          ]
        ]
      }
    },
    {
      "type": "Feature",
      "properties": {
        "class_id": 2,
        "classification": "Fold",
        "area": 2422.6214702405173
      },
      "geometry": {
        "type": "Polygon",
        "coordinates": [
          [
            [
              29584.859584859583,
              22948.717948717946
            ],
            [
              29560.439560439558,
              22973.13797313797
            ],
            [
              29560.439560439558,
              22979.24297924298
            ],
            [
              29548.229548229545,
              22991.45299145299
            ],
            [
              29560.439560439558,
              23003.663003663
            ],
            [
              29566.544566544566,
              23003.663003663
            ],
            [
              29578.75457875458,
              23015.873015873014
            ],
            [
              29578.75457875458,
              23021.978021978022
            ],
            [
              29584.859584859583,
              23028.083028083027
            ],
            [
              29603.1746031746,
              23028.083028083027
            ],
            [
              29603.1746031746,
              23021.978021978022
            ],
            [
              29609.27960927961,
              23015.873015873014
            ],
            [
              29609.27960927961,
              23003.663003663
            ],
            [
              29603.1746031746,
              22997.557997557997
            ],
            [
              29603.1746031746,
              22991.45299145299
            ],
            [
              29597.069597069596,
              22985.347985347984
            ],
            [
              29597.069597069596,
              22979.24297924298
            ],
            [
              29584.859584859583,
              22967.032967032967
            ],
            [
              29584.859584859583,
              22948.717948717946
            ]
          ]
        ]
      }
    },
    {
      "type": "Feature",
      "properties": {
        "class_id": 2,
        "classification": "Fold",
        "area": 149.08439816864723
      },
      "geometry": {
        "type": "Polygon",
        "coordinates": [
          [
            [
              4932.844932844932,
              21880.34188034188
            ],
            [
              4938.949938949939,
              21880.34188034188
            ],
            [
              4945.054945054945,
              21886.446886446884
            ],
            [
              4963.369963369963,
              21886.446886446884
            ],
            [
              4969.474969474969,
              21880.34188034188
            ],
            [
              4932.844932844932,
              21880.34188034188
            ]
          ]
        ]
      }
    },
    {
      "type": "Feature",
      "properties": {
        "class_id": 2,
        "classification": "Fold",
        "area": 596.3375926745889
      },
      "geometry": {
        "type": "Polygon",
        "coordinates": [
          [
            [
              88907.2039072039,
              21855.921855921853
            ],
            [
              88901.0989010989,
              21862.02686202686
            ],
            [
              88894.9938949939,
              21862.02686202686
            ],
            [
              88888.88888888889,
              21868.131868131866
            ],
            [
              88882.78388278387,
              21868.131868131866
            ],
            [
              88882.78388278387,
              21874.236874236874
            ],
            [
              88931.62393162392,
              21874.236874236874
            ],
            [
              88931.62393162392,
              21868.131868131866
            ],
            [
              88925.51892551892,
              21862.02686202686
            ],
            [
              88919.41391941391,
              21862.02686202686
            ],
            [
              88913.30891330891,
              21855.921855921853
            ],
            [
              88907.2039072039,
              21855.921855921853
            ]
          ]
        ]
      }
    },
    {
      "type": "Feature",
      "properties": {
        "class_id": 2,
        "classification": "Fold",
        "area": 89096.5634555378
      },
      "geometry": {
        "type": "Polygon",
        "coordinates": [
          [
            [
              88137.97313797314,
              21532.35653235653
            ],
            [
              88131.86813186812,
              21538.461538461535
            ],
            [
              88119.65811965811,
              21538.461538461535
            ],
            [
              88113.5531135531,
              21544.566544566544
            ],
            [
              88107.4481074481,
              21544.566544566544
            ],
            [
              88101.3431013431,
              21550.671550671548
            ],
            [
              88095.23809523809,
              21550.671550671548
            ],
            [
              88089.13308913309,
              21556.776556776556
            ],
            [
              88083.02808302808,
              21556.776556776556
            ],
            [
              88076.92307692308,
              21562.88156288156
            ],
            [
              88076.92307692308,
              21587.301587301587
            ],
            [
              88070.81807081806,
              21593.40659340659
            ],
            [
              88070.81807081806,
              21611.721611721612
            ],
            [
              88076.92307692308,
              21617.826617826617
            ],
            [
              88076.92307692308,
              21654.45665445665
            ],
            [
              88070.81807081806,
              21660.56166056166
            ],
            [
              88070.81807081806,
              21721.61172161172
            ],
            [
              88076.92307692308,
              21727.71672771673
            ],
            [
              88076.92307692308,
              21758.24175824176
            ],
            [
              88070.81807081806,
              21764.346764346763
            ],
            [
              88070.81807081806,
              21776.556776556776
            ],
            [
              88064.71306471305,
              21782.66178266178
            ],
            [
              88064.71306471305,
              21788.76678876679
            ],
            [
              88058.60805860805,
              21794.871794871793
            ],
            [
              88058.60805860805,
              21813.18681318681
            ],
            [
              88052.50305250305,
              21819.29181929182
            ],
            [
              88052.50305250305,
              21831.50183150183
            ],
            [
              88046.39804639804,
              21837.606837606836
            ],
            [
              88046.39804639804,
              21849.81684981685
            ],
            [
              88040.29304029304,
              21855.921855921853
            ],
            [
              88040.29304029304,
              21874.236874236874
            ],
            [
              88205.1282051282,
              21874.236874236874
            ],
            [
              88211.23321123321,
              21880.34188034188
            ],
            [
              88223.44322344322,
              21880.34188034188
            ],
            [
              88229.54822954822,
              21874.236874236874
            ],
            [
              88467.64346764346,
              21874.236874236874
            ],
            [
              88467.64346764346,
              21868.131868131866
            ],
            [
              88461.53846153845,
              21862.02686202686
            ],
            [
              88461.53846153845,
              21849.81684981685
            ],
            [
              88455.43345543345,
              21843.71184371184
            ],
            [
              88455.43345543345,
              21837.606837606836
            ],
            [
              88449.32844932844,
              21831.50183150183
            ],
            [
              88449.32844932844,
              21819.29181929182
            ],
            [
              88443.22344322344,
              21813.18681318681
            ],
            [
              88443.22344322344,
              21752.13675213675
            ],
            [
              88437.11843711844,
              21746.031746031746
            ],
            [
              88437.11843711844,
              21739.926739926737
            ],
            [
              88424.90842490843,
              21727.71672771673
            ],
            [
              88418.8034188034,
              21727.71672771673
            ],
            [
              88412.6984126984,
              21721.61172161172
            ],
            [
              88406.5934065934,
              21721.61172161172
            ],
            [
              88400.4884004884,
              21715.506715506715
            ],
            [
              88394.38339438339,
              21715.506715506715
            ],
            [
              88382.17338217338,
              21703.296703296703
            ],
            [
              88382.17338217338,
              21684.981684981685
            ],
            [
              88376.06837606838,
              21678.876678876677
            ],
            [
              88345.54334554334,
              21678.876678876677
            ],
            [
              88339.43833943833,
              21672.771672771672
            ],
            [
              88327.22832722832,
              21672.771672771672
            ],
            [
              88321.12332112332,
              21666.666666666664
            ],
            [
              88296.70329670329,
              21666.666666666664
            ],
            [
              88290.59829059828,
              21660.56166056166
            ],
            [
              88278.38827838827,
              21660.56166056166
            ],
            [
              88272.28327228327,
              21666.666666666664
            ],
            [
              88266.17826617826,
              21666.666666666664
            ],
            [
              88266.17826617826,
              21672.771672771672
            ],
            [
              88260.07326007326,
              21678.876678876677
            ],
            [
              88260.07326007326,
              21709.401709401707
            ],
            [
              88241.75824175823,
              21727.71672771673
            ],
            [
              88223.44322344322,
              21727.71672771673
            ],
            [
              88205.1282051282,
              21709.401709401707
            ],
            [
              88205.1282051282,
              21672.771672771672
            ],
            [
              88211.23321123321,
              21666.666666666664
            ],
            [
              88211.23321123321,
              21599.5115995116
            ],
            [
              88205.1282051282,
              21593.40659340659
            ],
            [
              88205.1282051282,
              21562.88156288156
            ],
            [
              88186.81318681317,
              21544.566544566544
            ],
            [
              88180.70818070817,
              21544.566544566544
            ],
            [
              88174.60317460317,
              21538.461538461535
            ],
            [
              88162.39316239316,
              21538.461538461535
            ],
            [
              88156.28815628815,
              21532.35653235653
            ],
            [
              88137.97313797314,
              21532.35653235653
            ]
          ]
        ]
      }
    },
    {
      "type": "Feature",
      "properties": {
        "class_id": 2,
        "classification": "Fold",
        "area": 1155.404085807016
      },
      "geometry": {
        "type": "Polygon",
        "coordinates": [
          [
            [
              2478.6324786324785,
              19676.434676434674
            ],
            [
              2472.5274725274726,
              19682.539682539682
            ],
            [
              2472.5274725274726,
              19713.064713064712
            ],
            [
              2490.842490842491,
              19731.37973137973
            ],
            [
              2503.0525030525027,
              19731.37973137973
            ],
            [
              2503.0525030525027,
              19706.959706959708
            ],
            [
              2496.947496947497,
              19700.8547008547
            ],
            [
              2496.947496947497,
              19694.749694749695
            ],
            [
              2478.6324786324785,
              19676.434676434674
            ]
          ]
        ]
      }
    },
    {
      "type": "Feature",
      "properties": {
        "class_id": 2,
        "classification": "Fold",
        "area": 782.6930903853979
      },
      "geometry": {
        "type": "Polygon",
        "coordinates": [
          [
            [
              33754.57875457875,
              19456.654456654454
            ],
            [
              33754.57875457875,
              19523.809523809523
            ],
            [
              33748.47374847375,
              19529.914529914528
            ],
            [
              33748.47374847375,
              19548.22954822955
            ],
            [
              33754.57875457875,
              19554.334554334553
            ],
            [
              33754.57875457875,
              19578.75457875458
            ],
            [
              33760.68376068376,
              19584.859584859583
            ],
            [
              33760.68376068376,
              19597.069597069596
            ],
            [
              33754.57875457875,
              19603.1746031746
            ],
            [
              33754.57875457875,
              19621.48962148962
            ],
            [
              33748.47374847375,
              19627.594627594626
            ],
            [
              33754.57875457875,
              19633.69963369963
            ],
            [
              33754.57875457875,
              19652.01465201465
            ],
            [
              33760.68376068376,
              19658.119658119656
            ],
            [
              33760.68376068376,
              19664.224664224665
            ],
            [
              33760.68376068376,
              19658.119658119656
            ],
            [
              33766.78876678876,
              19652.01465201465
            ],
            [
              33766.78876678876,
              19639.80463980464
            ],
            [
              33760.68376068376,
              19633.69963369963
            ],
            [
              33760.68376068376,
              19560.439560439558
            ],
            [
              33754.57875457875,
              19554.334554334553
            ],
            [
              33754.57875457875,
              19456.654456654454
            ]
          ]
        ]
      }
    },
    {
      "type": "Feature",
      "properties": {
        "class_id": 2,
        "classification": "Fold",
        "area": 6000.647026288051
      },
      "geometry": {
        "type": "Polygon",
        "coordinates": [
          [
            [
              33693.52869352869,
              18852.258852258852
            ],
            [
              33687.42368742369,
              18858.363858363857
            ],
            [
              33681.31868131868,
              18858.363858363857
            ],
            [
              33681.31868131868,
              18864.468864468865
            ],
            [
              33675.21367521367,
              18870.57387057387
            ],
            [
              33675.21367521367,
              18876.678876678874
            ],
            [
              33669.10866910867,
              18882.783882783882
            ],
            [
              33669.10866910867,
              18888.888888888887
            ],
            [
              33663.00366300366,
              18894.993894993895
            ],
            [
              33663.00366300366,
              18949.938949938947
            ],
            [
              33669.10866910867,
              18956.043956043955
            ],
            [
              33669.10866910867,
              18968.25396825397
            ],
            [
              33675.21367521367,
              18974.358974358973
            ],
            [
              33675.21367521367,
              18980.46398046398
            ],
            [
              33681.31868131868,
              18986.568986568986
            ],
            [
              33681.31868131868,
              19017.094017094016
            ],
            [
              33687.42368742369,
              19023.19902319902
            ],
            [
              33687.42368742369,
              19035.409035409033
            ],
            [
              33693.52869352869,
              19041.51404151404
            ],
            [
              33693.52869352869,
              19047.619047619046
            ],
            [
              33705.7387057387,
              19059.82905982906
            ],
            [
              33705.7387057387,
              19065.934065934063
            ],
            [
              33711.84371184371,
              19072.03907203907
            ],
            [
              33717.94871794872,
              19072.03907203907
            ],
            [
              33711.84371184371,
              19065.934065934063
            ],
            [
              33711.84371184371,
              19010.98901098901
            ],
            [
              33705.7387057387,
              19004.884004884003
            ],
            [
              33705.7387057387,
              18943.833943833943
            ],
            [
              33699.6336996337,
              18937.728937728938
            ],
            [
              33699.6336996337,
              18864.468864468865
            ],
            [
              33693.52869352869,
              18858.363858363857
            ],
            [
              33693.52869352869,
              18852.258852258852
            ]
          ]
        ]
      }
    },
    {
      "type": "Feature",
      "properties": {
        "class_id": 2,
        "classification": "Fold",
        "area": 111.81329862648542
      },
      "geometry": {
        "type": "Polygon",
        "coordinates": [
          [
            [
              33247.86324786324,
              18754.578754578753
            ],
            [
              33253.968253968254,
              18760.683760683758
            ],
            [
              33266.17826617826,
              18760.683760683758
            ],
            [
              33272.28327228327,
              18754.578754578753
            ],
            [
              33247.86324786324,
              18754.578754578753
            ]
          ]
        ]
      }
    },
    {
      "type": "Feature",
      "properties": {
        "class_id": 2,
        "classification": "Fold",
        "area": 316.80434610837534
      },
      "geometry": {
        "type": "Polygon",
        "coordinates": [
          [
            [
              87515.26251526251,
              17496.947496947494
            ],
            [
              87509.1575091575,
              17503.052503052502
            ],
            [
              87503.0525030525,
              17503.052503052502
            ],
            [
              87496.9474969475,
              17509.157509157507
            ],
            [
              87496.9474969475,
              17515.262515262515
            ],
            [
              87503.0525030525,
              17521.36752136752
            ],
            [
              87515.26251526251,
              17521.36752136752
            ],
            [
              87515.26251526251,
              17496.947496947494
            ]
          ]
        ]
      }
    },
    {
      "type": "Feature",
      "properties": {
        "class_id": 2,
        "classification": "Fold",
        "area": 2049.9104748188993
      },
      "geometry": {
        "type": "Polygon",
        "coordinates": [
          [
            [
              112521.36752136752,
              16227.106227106226
            ],
            [
              112521.36752136752,
              16233.211233211232
            ],
            [
              112515.26251526251,
              16239.316239316238
            ],
            [
              112515.26251526251,
              16294.261294261294
            ],
            [
              112509.1575091575,
              16300.366300366299
            ],
            [
              112509.1575091575,
              16312.576312576311
            ],
            [
              112503.0525030525,
              16318.681318681318
            ],
            [
              112503.0525030525,
              16367.521367521367
            ],
            [
              112509.1575091575,
              16373.626373626372
            ],
            [
              112509.1575091575,
              16398.046398046397
            ],
            [
              112515.26251526251,
              16404.151404151402
            ],
            [
              112515.26251526251,
              16410.25641025641
            ],
            [
              112521.36752136752,
              16416.361416361415
            ],
            [
              112521.36752136752,
              16422.466422466423
            ],
            [
              112521.36752136752,
              16227.106227106226
            ]
          ]
        ]
      }
    },
    {
      "type": "Feature",
      "properties": {
        "class_id": 2,
        "classification": "Fold",
        "area": 87959.79491950186
      },
      "geometry": {
        "type": "Polygon",
        "coordinates": [
          [
            [
              112148.96214896213,
              15628.815628815628
            ],
            [
              112148.96214896213,
              15634.920634920634
            ],
            [
              112155.06715506715,
              15641.02564102564
            ],
            [
              112155.06715506715,
              15647.130647130647
            ],
            [
              112167.27716727716,
              15659.340659340658
            ],
            [
              112167.27716727716,
              15665.445665445664
            ],
            [
              112173.38217338217,
              15665.445665445664
            ],
            [
              112191.69719169718,
              15683.760683760684
            ],
            [
              112191.69719169718,
              15689.865689865688
            ],
            [
              112197.80219780219,
              15695.970695970695
            ],
            [
              112197.80219780219,
              15714.285714285714
            ],
            [
              112203.90720390719,
              15720.39072039072
            ],
            [
              112203.90720390719,
              15757.020757020757
            ],
            [
              112210.01221001221,
              15763.125763125761
            ],
            [
              112210.01221001221,
              15769.230769230768
            ],
            [
              112228.32722832722,
              15787.545787545787
            ],
            [
              112240.53724053723,
              15787.545787545787
            ],
            [
              112246.64224664224,
              15793.650793650793
            ],
            [
              112258.85225885225,
              15793.650793650793
            ],
            [
              112264.95726495725,
              15799.7557997558
            ],
            [
              112271.06227106227,
              15799.7557997558
            ],
            [
              112277.16727716727,
              15805.860805860804
            ],
            [
              112283.27228327228,
              15805.860805860804
            ],
            [
              112301.5873015873,
              15824.175824175823
            ],
            [
              112307.6923076923,
              15824.175824175823
            ],
            [
              112338.21733821734,
              15854.700854700854
            ],
            [
              112338.21733821734,
              15860.80586080586
            ],
            [
              112362.63736263735,
              15885.225885225884
            ],
            [
              112368.74236874236,
              15885.225885225884
            ],
            [
              112380.95238095237,
              15897.435897435897
            ],
            [
              112387.05738705739,
              15897.435897435897
            ],
            [
              112399.2673992674,
              15909.64590964591
            ],
            [
              112405.3724053724,
              15909.64590964591
            ],
            [
              112435.89743589742,
              15940.17094017094
            ],
            [
              112435.89743589742,
              15946.275946275946
            ],
            [
              112442.00244200244,
              15952.380952380952
            ],
            [
              112442.00244200244,
              15958.485958485957
            ],
            [
              112448.10744810745,
              15964.590964590963
            ],
            [
              112448.10744810745,
              15970.69597069597
            ],
            [
              112454.21245421245,
              15976.800976800976
            ],
            [
              112454.21245421245,
              15989.010989010989
            ],
            [
              112460.31746031746,
              15995.115995115993
            ],
            [
              112460.31746031746,
              16007.326007326006
            ],
            [
              112466.42246642246,
              16013.431013431013
            ],
            [
              112466.42246642246,
              16043.956043956043
            ],
            [
              112472.52747252746,
              16050.06105006105
            ],
            [
              112472.52747252746,
              16056.166056166056
            ],
            [
              112478.63247863247,
              16062.271062271062
            ],
            [
              112478.63247863247,
              16068.376068376067
            ],
            [
              112503.0525030525,
              16092.796092796092
            ],
            [
              112509.1575091575,
              16092.796092796092
            ],
            [
              112515.26251526251,
              16098.901098901099
            ],
            [
              112521.36752136752,
              16098.901098901099
            ],
            [
              112521.36752136752,
              15628.815628815628
            ],
            [
              112148.96214896213,
              15628.815628815628
            ]
          ]
        ]
      }
    },
    {
      "type": "Feature",
      "properties": {
        "class_id": 2,
        "classification": "Fold",
        "area": 1453.5728821443104
      },
      "geometry": {
        "type": "Polygon",
        "coordinates": [
          [
            [
              99334.55433455433,
              15586.080586080585
            ],
            [
              99328.44932844932,
              15592.185592185591
            ],
            [
              99322.34432234432,
              15592.185592185591
            ],
            [
              99322.34432234432,
              15622.710622710621
            ],
            [
              99371.18437118437,
              15622.710622710621
            ],
            [
              99371.18437118437,
              15616.605616605615
            ],
            [
              99365.07936507936,
              15610.500610500609
            ],
            [
              99365.07936507936,
              15598.290598290598
            ],
            [
              99358.97435897436,
              15592.185592185591
            ],
            [
              99352.86935286934,
              15592.185592185591
            ],
            [
              99346.76434676434,
              15586.080586080585
            ],
            [
              99334.55433455433,
              15586.080586080585
            ]
          ]
        ]
      }
    },
    {
      "type": "Feature",
      "properties": {
        "class_id": 2,
        "classification": "Fold",
        "area": 372.71099542161807
      },
      "geometry": {
        "type": "Polygon",
        "coordinates": [
          [
            [
              31532.35653235653,
              15586.080586080585
            ],
            [
              31532.35653235653,
              15604.395604395604
            ],
            [
              31544.566544566544,
              15604.395604395604
            ],
            [
              31556.776556776556,
              15592.185592185591
            ],
            [
              31556.776556776556,
              15586.080586080585
            ],
            [
              31532.35653235653,
              15586.080586080585
            ]
          ]
        ]
      }
    },
    {
      "type": "Feature",
      "properties": {
        "class_id": 2,
        "classification": "Fold",
        "area": 186.35549771080903
      },
      "geometry": {
        "type": "Polygon",
        "coordinates": [
          [
            [
              31465.201465201462,
              15561.660561660561
            ],
            [
              31465.201465201462,
              15579.975579975579
            ],
            [
              31471.30647130647,
              15579.975579975579
            ],
            [
              31477.411477411475,
              15573.870573870572
            ],
            [
              31477.411477411475,
              15567.765567765568
            ],
            [
              31471.30647130647,
              15561.660561660561
            ],
            [
              31465.201465201462,
              15561.660561660561
            ]
          ]
        ]
      }
    },
    {
      "type": "Feature",
      "properties": {
        "class_id": 2,
        "classification": "Fold",
        "area": 5814.2915285772415
      },
      "geometry": {
        "type": "Polygon",
        "coordinates": [
          [
            [
              31257.631257631256,
              15482.295482295482
            ],
            [
              31257.631257631256,
              15622.710622710621
            ],
            [
              31324.786324786324,
              15622.710622710621
            ],
            [
              31324.786324786324,
              15598.290598290598
            ],
            [
              31318.681318681316,
              15592.185592185591
            ],
            [
              31318.681318681316,
              15579.975579975579
            ],
            [
              31306.471306471303,
              15567.765567765568
            ],
            [
              31306.471306471303,
              15561.660561660561
            ],
            [
              31294.261294261294,
              15549.450549450548
            ],
            [
              31294.261294261294,
              15543.345543345542
            ],
            [
              31282.05128205128,
              15531.135531135531
            ],
            [
              31282.05128205128,
              15512.820512820512
            ],
            [
              31275.946275946273,
              15506.715506715505
            ],
            [
              31275.946275946273,
              15494.505494505494
            ],
            [
              31263.73626373626,
              15482.295482295482
            ],
            [
              31257.631257631256,
              15482.295482295482
            ]
          ]
        ]
      }
    },
    {
      "type": "Feature",
      "properties": {
        "class_id": 2,
        "classification": "Fold",
        "area": 34997.562470089935
      },
      "geometry": {
        "type": "Polygon",
        "coordinates": [
          [
            [
              31630.03663003663,
              15457.875457875456
            ],
            [
              31617.826617826617,
              15470.085470085469
            ],
            [
              31617.826617826617,
              15476.190476190475
            ],
            [
              31611.72161172161,
              15482.295482295482
            ],
            [
              31611.72161172161,
              15518.925518925518
            ],
            [
              31617.826617826617,
              15525.030525030525
            ],
            [
              31617.826617826617,
              15543.345543345542
            ],
            [
              31611.72161172161,
              15549.450549450548
            ],
            [
              31611.72161172161,
              15555.555555555555
            ],
            [
              31581.19658119658,
              15586.080586080585
            ],
            [
              31575.091575091574,
              15586.080586080585
            ],
            [
              31575.091575091574,
              15592.185592185591
            ],
            [
              31587.301587301587,
              15604.395604395604
            ],
            [
              31587.301587301587,
              15616.605616605615
            ],
            [
              31593.40659340659,
              15622.710622710621
            ],
            [
              32167.277167277167,
              15622.710622710621
            ],
            [
              32167.277167277167,
              15616.605616605615
            ],
            [
              32161.17216117216,
              15610.500610500609
            ],
            [
              32148.962148962146,
              15610.500610500609
            ],
            [
              32142.85714285714,
              15604.395604395604
            ],
            [
              32130.64713064713,
              15604.395604395604
            ],
            [
              32124.542124542124,
              15598.290598290598
            ],
            [
              32118.437118437116,
              15598.290598290598
            ],
            [
              32100.1221001221,
              15579.975579975579
            ],
            [
              32094.017094017094,
              15579.975579975579
            ],
            [
              32087.912087912086,
              15573.870573870572
            ],
            [
              32075.702075702073,
              15573.870573870572
            ],
            [
              32069.59706959707,
              15567.765567765568
            ],
            [
              32063.49206349206,
              15567.765567765568
            ],
            [
              32057.387057387055,
              15561.660561660561
            ],
            [
              32032.96703296703,
              15561.660561660561
            ],
            [
              32026.862026862025,
              15567.765567765568
            ],
            [
              32014.652014652012,
              15567.765567765568
            ],
            [
              32008.547008547008,
              15573.870573870572
            ],
            [
              31996.336996336995,
              15573.870573870572
            ],
            [
              31990.231990231987,
              15579.975579975579
            ],
            [
              31984.126984126982,
              15579.975579975579
            ],
            [
              31978.021978021978,
              15586.080586080585
            ],
            [
              31971.91697191697,
              15586.080586080585
            ],
            [
              31965.811965811965,
              15592.185592185591
            ],
            [
              31935.286935286935,
              15592.185592185591
            ],
            [
              31929.181929181927,
              15586.080586080585
            ],
            [
              31923.076923076922,
              15586.080586080585
            ],
            [
              31910.86691086691,
              15573.870573870572
            ],
            [
              31904.761904761905,
              15573.870573870572
            ],
            [
              31898.656898656896,
              15567.765567765568
            ],
            [
              31880.34188034188,
              15567.765567765568
            ],
            [
              31874.23687423687,
              15573.870573870572
            ],
            [
              31862.02686202686,
              15573.870573870572
            ],
            [
              31849.81684981685,
              15586.080586080585
            ],
            [
              31837.606837606836,
              15586.080586080585
            ],
            [
              31831.501831501828,
              15592.185592185591
            ],
            [
              31819.29181929182,
              15592.185592185591
            ],
            [
              31813.18681318681,
              15586.080586080585
            ],
            [
              31807.081807081806,
              15586.080586080585
            ],
            [
              31788.76678876679,
              15567.765567765568
            ],
            [
              31776.556776556776,
              15567.765567765568
            ],
            [
              31770.451770451768,
              15573.870573870572
            ],
            [
              31758.241758241755,
              15573.870573870572
            ],
            [
              31752.13675213675,
              15579.975579975579
            ],
            [
              31733.821733821733,
              15579.975579975579
            ],
            [
              31709.401709401707,
              15555.555555555555
            ],
            [
              31709.401709401707,
              15543.345543345542
            ],
            [
              31703.296703296703,
              15537.240537240536
            ],
            [
              31703.296703296703,
              15525.030525030525
            ],
            [
              31697.191697191694,
              15518.925518925518
            ],
            [
              31697.191697191694,
              15506.715506715505
            ],
            [
              31691.08669108669,
              15500.610500610499
            ],
            [
              31691.08669108669,
              15494.505494505494
            ],
            [
              31684.98168498168,
              15488.400488400488
            ],
            [
              31684.98168498168,
              15482.295482295482
            ],
            [
              31672.771672771672,
              15470.085470085469
            ],
            [
              31672.771672771672,
              15463.980463980462
            ],
            [
              31666.666666666664,
              15463.980463980462
            ],
            [
              31660.56166056166,
              15457.875457875456
            ],
            [
              31630.03663003663,
              15457.875457875456
            ]
          ]
        ]
      }
    },
    {
      "type": "Feature",
      "properties": {
        "class_id": 2,
        "classification": "Fold",
        "area": 3820.2877030715854
      },
      "geometry": {
        "type": "Polygon",
        "coordinates": [
          [
            [
              32185.592185592184,
              15384.615384615383
            ],
            [
              32185.592185592184,
              15390.72039072039
            ],
            [
              32179.487179487176,
              15396.825396825396
            ],
            [
              32179.487179487176,
              15402.930402930402
            ],
            [
              32173.38217338217,
              15409.035409035409
            ],
            [
              32173.38217338217,
              15415.140415140415
            ],
            [
              32167.277167277167,
              15421.24542124542
            ],
            [
              32167.277167277167,
              15463.980463980462
            ],
            [
              32191.69719169719,
              15488.400488400488
            ],
            [
              32203.9072039072,
              15488.400488400488
            ],
            [
              32210.01221001221,
              15482.295482295482
            ],
            [
              32216.117216117214,
              15482.295482295482
            ],
            [
              32216.117216117214,
              15476.190476190475
            ],
            [
              32228.327228327227,
              15463.980463980462
            ],
            [
              32222.22222222222,
              15457.875457875456
            ],
            [
              32222.22222222222,
              15445.665445665445
            ],
            [
              32216.117216117214,
              15439.560439560439
            ],
            [
              32216.117216117214,
              15433.455433455432
            ],
            [
              32210.01221001221,
              15427.350427350426
            ],
            [
              32210.01221001221,
              15415.140415140415
            ],
            [
              32185.592185592184,
              15390.72039072039
            ],
            [
              32185.592185592184,
              15384.615384615383
            ]
          ]
        ]
      }
    },
    {
      "type": "Feature",
      "properties": {
        "class_id": 2,
        "classification": "Fold",
        "area": 4230.269798035365
      },
      "geometry": {
        "type": "Polygon",
        "coordinates": [
          [
            [
              32124.542124542124,
              15274.725274725273
            ],
            [
              32124.542124542124,
              15305.250305250303
            ],
            [
              32118.437118437116,
              15311.35531135531
            ],
            [
              32118.437118437116,
              15341.880341880342
            ],
            [
              32142.85714285714,
              15366.300366300366
            ],
            [
              32161.17216117216,
              15366.300366300366
            ],
            [
              32167.277167277167,
              15360.19536019536
            ],
            [
              32179.487179487176,
              15360.19536019536
            ],
            [
              32179.487179487176,
              15329.670329670329
            ],
            [
              32173.38217338217,
              15323.565323565323
            ],
            [
              32173.38217338217,
              15311.35531135531
            ],
            [
              32167.277167277167,
              15305.250305250303
            ],
            [
              32167.277167277167,
              15299.145299145299
            ],
            [
              32161.17216117216,
              15293.040293040292
            ],
            [
              32161.17216117216,
              15286.935286935286
            ],
            [
              32155.067155067154,
              15280.83028083028
            ],
            [
              32148.962148962146,
              15280.83028083028
            ],
            [
              32142.85714285714,
              15274.725274725273
            ],
            [
              32124.542124542124,
              15274.725274725273
            ]
          ]
        ]
      }
    },
    {
      "type": "Feature",
      "properties": {
        "class_id": 2,
        "classification": "Fold",
        "area": 575521.6835802916
      },
      "geometry": {
        "type": "Polygon",
        "coordinates": [
          [
            [
              53913.30891330891,
              14774.114774114772
            ],
            [
              53907.203907203904,
              14780.219780219779
            ],
            [
              53888.88888888888,
              14780.219780219779
            ],
            [
              53882.78388278388,
              14786.324786324785
            ],
            [
              53876.678876678874,
              14786.324786324785
            ],
            [
              53870.57387057387,
              14792.429792429792
            ],
            [
              53864.46886446886,
              14792.429792429792
            ],
            [
              53858.36385836385,
              14798.534798534798
            ],
            [
              53858.36385836385,
              14804.639804639804
            ],
            [
              53833.94383394383,
              14829.059829059828
            ],
            [
              53772.89377289377,
              14829.059829059828
            ],
            [
              53766.78876678876,
              14835.164835164835
            ],
            [
              53754.57875457875,
              14835.164835164835
            ],
            [
              53748.47374847374,
              14841.269841269841
            ],
            [
              53742.36874236874,
              14841.269841269841
            ],
            [
              53730.15873015873,
              14853.479853479852
            ],
            [
              53730.15873015873,
              14859.584859584858
            ],
            [
              53717.94871794871,
              14871.794871794871
            ],
            [
              53711.84371184371,
              14871.794871794871
            ],
            [
              53705.7387057387,
              14877.899877899878
            ],
            [
              53644.68864468864,
              14877.899877899878
            ],
            [
              53638.58363858364,
              14884.004884004884
            ],
            [
              53632.47863247863,
              14884.004884004884
            ],
            [
              53626.37362637362,
              14890.109890109889
            ],
            [
              53620.268620268616,
              14890.109890109889
            ],
            [
              53614.16361416361,
              14896.214896214895
            ],
            [
              53608.05860805861,
              14896.214896214895
            ],
            [
              53595.84859584859,
              14908.424908424908
            ],
            [
              53589.743589743586,
              14908.424908424908
            ],
            [
              53583.63858363858,
              14914.529914529914
            ],
            [
              53577.53357753358,
              14914.529914529914
            ],
            [
              53571.428571428565,
              14920.63492063492
            ],
            [
              53565.32356532356,
              14920.63492063492
            ],
            [
              53522.58852258852,
              14963.369963369962
            ],
            [
              53516.48351648352,
              14963.369963369962
            ],
            [
              53510.378510378505,
              14969.474969474968
            ],
            [
              53504.2735042735,
              14969.474969474968
            ],
            [
              53492.06349206349,
              14981.68498168498
            ],
            [
              53485.95848595848,
              14981.68498168498
            ],
            [
              53479.853479853475,
              14987.789987789987
            ],
            [
              53467.643467643466,
              14987.789987789987
            ],
            [
              53461.53846153846,
              14993.894993894994
            ],
            [
              53412.69841269841,
              14993.894993894994
            ],
            [
              53406.593406593405,
              14999.999999999998
            ],
            [
              53394.38339438339,
              14999.999999999998
            ],
            [
              53388.278388278384,
              15006.105006105005
            ],
            [
              53363.85836385836,
              15006.105006105005
            ],
            [
              53357.753357753354,
              15012.210012210011
            ],
            [
              53315.018315018315,
              15012.210012210011
            ],
            [
              53308.9133089133,
              15018.315018315017
            ],
            [
              53284.493284493285,
              15018.315018315017
            ],
            [
              53272.28327228327,
              15006.105006105005
            ],
            [
              53272.28327228327,
              14999.999999999998
            ],
            [
              53266.17826617826,
              14999.999999999998
            ],
            [
              53260.07326007326,
              14993.894993894994
            ],
            [
              53247.86324786324,
              14993.894993894994
            ],
            [
              53235.65323565323,
              15006.105006105005
            ],
            [
              53235.65323565323,
              15012.210012210011
            ],
            [
              53229.54822954823,
              15018.315018315017
            ],
            [
              53229.54822954823,
              15042.735042735041
            ],
            [
              53211.23321123321,
              15061.05006105006
            ],
            [
              53205.1282051282,
              15061.05006105006
            ],
            [
              53192.91819291819,
              15048.840048840048
            ],
            [
              53192.91819291819,
              14987.789987789987
            ],
            [
              53199.0231990232,
              14981.68498168498
            ],
            [
              53199.0231990232,
              14963.369963369962
            ],
            [
              53192.91819291819,
              14957.264957264957
            ],
            [
              53192.91819291819,
              14926.739926739925
            ],
            [
              53186.81318681318,
              14920.63492063492
            ],
            [
              53186.81318681318,
              14914.529914529914
            ],
            [
              53174.60317460317,
              14902.319902319901
            ],
            [
              53174.60317460317,
              14896.214896214895
            ],
            [
              53168.49816849817,
              14890.109890109889
            ],
            [
              53168.49816849817,
              14877.899877899878
            ],
            [
              53162.39316239316,
              14871.794871794871
            ],
            [
              53162.39316239316,
              14865.689865689865
            ],
            [
              53156.28815628815,
              14859.584859584858
            ],
            [
              53156.28815628815,
              14853.479853479852
            ],
            [
              53150.18315018315,
              14847.374847374846
            ],
            [
              53137.97313797314,
              14847.374847374846
            ],
            [
              53131.86813186813,
              14841.269841269841
            ],
            [
              53131.86813186813,
              14810.744810744809
            ],
            [
              53107.4481074481,
              14810.744810744809
            ],
            [
              53101.343101343096,
              14816.849816849815
            ],
            [
              53095.23809523809,
              14816.849816849815
            ],
            [
              53083.02808302808,
              14829.059829059828
            ],
            [
              53083.02808302808,
              14835.164835164835
            ],
            [
              53076.92307692307,
              14841.269841269841
            ],
            [
              53076.92307692307,
              14859.584859584858
            ],
            [
              53070.818070818066,
              14865.689865689865
            ],
            [
              53070.818070818066,
              14902.319902319901
            ],
            [
              53064.71306471306,
              14908.424908424908
            ],
            [
              53064.71306471306,
              14932.844932844931
            ],
            [
              53058.60805860806,
              14938.949938949938
            ],
            [
              53058.60805860806,
              14969.474969474968
            ],
            [
              53052.50305250305,
              14975.579975579974
            ],
            [
              53052.50305250305,
              14987.789987789987
            ],
            [
              53046.39804639804,
              14993.894993894994
            ],
            [
              53046.39804639804,
              14999.999999999998
            ],
            [
              53034.18803418803,
              15012.210012210011
            ],
            [
              53034.18803418803,
              15018.315018315017
            ],
            [
              53028.08302808303,
              15024.420024420024
            ],
            [
              53028.08302808303,
              15030.52503052503
            ],
            [
              53021.97802197802,
              15036.630036630037
            ],
            [
              53021.97802197802,
              15048.840048840048
            ],
            [
              53015.87301587301,
              15054.945054945054
            ],
            [
              53015.87301587301,
              15079.365079365078
            ],
            [
              53009.768009768006,
              15085.470085470084
            ],
            [
              53009.768009768006,
              15091.57509157509
            ],
            [
              53015.87301587301,
              15085.470085470084
            ],
            [
              53028.08302808303,
              15085.470085470084
            ],
            [
              53040.293040293036,
              15097.680097680097
            ],
            [
              53046.39804639804,
              15097.680097680097
            ],
            [
              53052.50305250305,
              15103.785103785103
            ],
            [
              53058.60805860806,
              15103.785103785103
            ],
            [
              53064.71306471306,
              15109.89010989011
            ],
            [
              53070.818070818066,
              15109.89010989011
            ],
            [
              53101.343101343096,
              15140.41514041514
            ],
            [
              53101.343101343096,
              15146.520146520146
            ],
            [
              53107.4481074481,
              15152.62515262515
            ],
            [
              53107.4481074481,
              15158.730158730157
            ],
            [
              53113.55311355311,
              15164.835164835164
            ],
            [
              53113.55311355311,
              15170.94017094017
            ],
            [
              53119.65811965812,
              15177.045177045176
            ],
            [
              53119.65811965812,
              15189.25518925519
            ],
            [
              53113.55311355311,
              15195.360195360194
            ],
            [
              53113.55311355311,
              15207.570207570207
            ],
            [
              53107.4481074481,
              15213.675213675213
            ],
            [
              53107.4481074481,
              15219.78021978022
            ],
            [
              53101.343101343096,
              15225.885225885226
            ],
            [
              53101.343101343096,
              15250.30525030525
            ],
            [
              53095.23809523809,
              15256.410256410256
            ],
            [
              53095.23809523809,
              15286.935286935286
            ],
            [
              53089.13308913309,
              15293.040293040292
            ],
            [
              53089.13308913309,
              15299.145299145299
            ],
            [
              53070.818070818066,
              15317.460317460316
            ],
            [
              53064.71306471306,
              15317.460317460316
            ],
            [
              53064.71306471306,
              15329.670329670329
            ],
            [
              53046.39804639804,
              15347.985347985346
            ],
            [
              53046.39804639804,
              15372.405372405372
            ],
            [
              53040.293040293036,
              15378.510378510378
            ],
            [
              53040.293040293036,
              15390.72039072039
            ],
            [
              53034.18803418803,
              15396.825396825396
            ],
            [
              53034.18803418803,
              15421.24542124542
            ],
            [
              53028.08302808303,
              15427.350427350426
            ],
            [
              53028.08302808303,
              15482.295482295482
            ],
            [
              53034.18803418803,
              15488.400488400488
            ],
            [
              53034.18803418803,
              15506.715506715505
            ],
            [
              53040.293040293036,
              15512.820512820512
            ],
            [
              53034.18803418803,
              15518.925518925518
            ],
            [
              53034.18803418803,
              15537.240537240536
            ],
            [
              53028.08302808303,
              15543.345543345542
            ],
            [
              53028.08302808303,
              15573.870573870572
            ],
            [
              53034.18803418803,
              15579.975579975579
            ],
            [
              53034.18803418803,
              15586.080586080585
            ],
            [
              53046.39804639804,
              15598.290598290598
            ],
            [
              53052.50305250305,
              15598.290598290598
            ],
            [
              53064.71306471306,
              15610.500610500609
            ],
            [
              53064.71306471306,
              15677.655677655677
            ],
            [
              53058.60805860806,
              15683.760683760684
            ],
            [
              53058.60805860806,
              15695.970695970695
            ],
            [
              53052.50305250305,
              15702.075702075701
            ],
            [
              53052.50305250305,
              15732.600732600731
            ],
            [
              53058.60805860806,
              15738.705738705738
            ],
            [
              53052.50305250305,
              15744.810744810744
            ],
            [
              53052.50305250305,
              15757.020757020757
            ],
            [
              53058.60805860806,
              15763.125763125761
            ],
            [
              53058.60805860806,
              15769.230769230768
            ],
            [
              53076.92307692307,
              15787.545787545787
            ],
            [
              53076.92307692307,
              15793.650793650793
            ],
            [
              53083.02808302808,
              15799.7557997558
            ],
            [
              53089.13308913309,
              15799.7557997558
            ],
            [
              53095.23809523809,
              15805.860805860804
            ],
            [
              53101.343101343096,
              15805.860805860804
            ],
            [
              53107.4481074481,
              15811.96581196581
            ],
            [
              53113.55311355311,
              15811.96581196581
            ],
            [
              53119.65811965812,
              15818.070818070817
            ],
            [
              53131.86813186813,
              15818.070818070817
            ],
            [
              53131.86813186813,
              15805.860805860804
            ],
            [
              53137.97313797314,
              15799.7557997558
            ],
            [
              53150.18315018315,
              15799.7557997558
            ],
            [
              53186.81318681318,
              15763.125763125761
            ],
            [
              53192.91819291819,
              15763.125763125761
            ],
            [
              53205.1282051282,
              15750.91575091575
            ],
            [
              53211.23321123321,
              15750.91575091575
            ],
            [
              53253.96825396825,
              15708.180708180707
            ],
            [
              53260.07326007326,
              15708.180708180707
            ],
            [
              53266.17826617826,
              15702.075702075701
            ],
            [
              53272.28327228327,
              15702.075702075701
            ],
            [
              53278.38827838827,
              15695.970695970695
            ],
            [
              53284.493284493285,
              15695.970695970695
            ],
            [
              53302.8083028083,
              15677.655677655677
            ],
            [
              53308.9133089133,
              15677.655677655677
            ],
            [
              53308.9133089133,
              15671.55067155067
            ],
            [
              53339.43833943833,
              15641.02564102564
            ],
            [
              53351.64835164835,
              15641.02564102564
            ],
            [
              53369.96336996336,
              15622.710622710621
            ],
            [
              53449.328449328445,
              15622.710622710621
            ],
            [
              53455.43345543345,
              15616.605616605615
            ],
            [
              53479.853479853475,
              15616.605616605615
            ],
            [
              53485.95848595848,
              15622.710622710621
            ],
            [
              53504.2735042735,
              15622.710622710621
            ],
            [
              53510.378510378505,
              15616.605616605615
            ],
            [
              53516.48351648352,
              15616.605616605615
            ],
            [
              53522.58852258852,
              15610.500610500609
            ],
            [
              53528.693528693526,
              15610.500610500609
            ],
            [
              53528.693528693526,
              15592.185592185591
            ],
            [
              53534.79853479853,
              15586.080586080585
            ],
            [
              53589.743589743586,
              15586.080586080585
            ],
            [
              53608.05860805861,
              15567.765567765568
            ],
            [
              53608.05860805861,
              15555.555555555555
            ],
            [
              53614.16361416361,
              15549.450549450548
            ],
            [
              53656.89865689865,
              15549.450549450548
            ],
            [
              53669.10866910867,
              15537.240537240536
            ],
            [
              53669.10866910867,
              15525.030525030525
            ],
            [
              53675.21367521367,
              15518.925518925518
            ],
            [
              53675.21367521367,
              15512.820512820512
            ],
            [
              53681.31868131868,
              15506.715506715505
            ],
            [
              53693.52869352869,
              15506.715506715505
            ],
            [
              53699.6336996337,
              15500.610500610499
            ],
            [
              53705.7387057387,
              15500.610500610499
            ],
            [
              53711.84371184371,
              15494.505494505494
            ],
            [
              53711.84371184371,
              15488.400488400488
            ],
            [
              53717.94871794871,
              15482.295482295482
            ],
            [
              53717.94871794871,
              15451.770451770451
            ],
            [
              53736.26373626373,
              15433.455433455432
            ],
            [
              53742.36874236874,
              15433.455433455432
            ],
            [
              53827.83882783882,
              15347.985347985346
            ],
            [
              53827.83882783882,
              15341.880341880342
            ],
            [
              53840.04884004884,
              15329.670329670329
            ],
            [
              53840.04884004884,
              15323.565323565323
            ],
            [
              53852.25885225885,
              15311.35531135531
            ],
            [
              53852.25885225885,
              15201.4652014652
            ],
            [
              53846.153846153844,
              15195.360195360194
            ],
            [
              53846.153846153844,
              15158.730158730157
            ],
            [
              53864.46886446886,
              15140.41514041514
            ],
            [
              53870.57387057387,
              15140.41514041514
            ],
            [
              53882.78388278388,
              15128.205128205127
            ],
            [
              53888.88888888888,
              15128.205128205127
            ],
            [
              53913.30891330891,
              15103.785103785103
            ],
            [
              53913.30891330891,
              15097.680097680097
            ],
            [
              53919.41391941391,
              15091.57509157509
            ],
            [
              53919.41391941391,
              15085.470085470084
            ],
            [
              53925.518925518925,
              15079.365079365078
            ],
            [
              53925.518925518925,
              15073.260073260073
            ],
            [
              53931.62393162393,
              15067.155067155067
            ],
            [
              53931.62393162393,
              15054.945054945054
            ],
            [
              53937.728937728934,
              15048.840048840048
            ],
            [
              53937.728937728934,
              15042.735042735041
            ],
            [
              53943.83394383394,
              15036.630036630037
            ],
            [
              53943.83394383394,
              15024.420024420024
            ],
            [
              53949.93894993894,
              15018.315018315017
            ],
            [
              53949.93894993894,
              14999.999999999998
            ],
            [
              53956.043956043955,
              14993.894993894994
            ],
            [
              53956.043956043955,
              14920.63492063492
            ],
            [
              53949.93894993894,
              14914.529914529914
            ],
            [
              53949.93894993894,
              14902.319902319901
            ],
            [
              53943.83394383394,
              14896.214896214895
            ],
            [
              53943.83394383394,
              14890.109890109889
            ],
            [
              53931.62393162393,
              14877.899877899878
            ],
            [
              53931.62393162393,
              14871.794871794871
            ],
            [
              53925.518925518925,
              14865.689865689865
            ],
            [
              53925.518925518925,
              14853.479853479852
            ],
            [
              53931.62393162393,
              14847.374847374846
            ],
            [
              53931.62393162393,
              14841.269841269841
            ],
            [
              53956.043956043955,
              14816.849816849815
            ],
            [
              53956.043956043955,
              14810.744810744809
            ],
            [
              53962.14896214896,
              14804.639804639804
            ],
            [
              53962.14896214896,
              14786.324786324785
            ],
            [
              53956.043956043955,
              14780.219780219779
            ],
            [
              53956.043956043955,
              14774.114774114772
            ],
            [
              53913.30891330891,
              14774.114774114772
            ]
          ]
        ]
      }
    },
    {
      "type": "Feature",
      "properties": {
        "class_id": 2,
        "classification": "Fold",
        "area": 431375.70610098075
      },
      "geometry": {
        "type": "Polygon",
        "coordinates": [
          [
            [
              40671.55067155067,
              14615.384615384615
            ],
            [
              40665.445665445666,
              14621.48962148962
            ],
            [
              40665.445665445666,
              14652.014652014652
            ],
            [
              40659.340659340654,
              14658.119658119656
            ],
            [
              40634.920634920636,
              14658.119658119656
            ],
            [
              40634.920634920636,
              14682.539682539682
            ],
            [
              40628.815628815624,
              14688.644688644688
            ],
            [
              40567.765567765564,
              14688.644688644688
            ],
            [
              40561.66056166056,
              14682.539682539682
            ],
            [
              40555.555555555555,
              14688.644688644688
            ],
            [
              40543.34554334554,
              14688.644688644688
            ],
            [
              40543.34554334554,
              14694.749694749695
            ],
            [
              40537.240537240534,
              14700.8547008547
            ],
            [
              40518.92551892552,
              14700.8547008547
            ],
            [
              40512.82051282051,
              14706.959706959706
            ],
            [
              40506.7155067155,
              14706.959706959706
            ],
            [
              40506.7155067155,
              14731.379731379731
            ],
            [
              40500.6105006105,
              14737.484737484736
            ],
            [
              40506.7155067155,
              14743.589743589742
            ],
            [
              40506.7155067155,
              14780.219780219779
            ],
            [
              40512.82051282051,
              14786.324786324785
            ],
            [
              40512.82051282051,
              14804.639804639804
            ],
            [
              40518.92551892552,
              14810.744810744809
            ],
            [
              40518.92551892552,
              14829.059829059828
            ],
            [
              40525.030525030525,
              14835.164835164835
            ],
            [
              40525.030525030525,
              14865.689865689865
            ],
            [
              40518.92551892552,
              14871.794871794871
            ],
            [
              40518.92551892552,
              14884.004884004884
            ],
            [
              40512.82051282051,
              14890.109890109889
            ],
            [
              40512.82051282051,
              14896.214896214895
            ],
            [
              40506.7155067155,
              14902.319902319901
            ],
            [
              40506.7155067155,
              14908.424908424908
            ],
            [
              40494.505494505494,
              14920.63492063492
            ],
            [
              40488.40048840048,
              14920.63492063492
            ],
            [
              40482.29548229548,
              14926.739926739925
            ],
            [
              40433.455433455434,
              14926.739926739925
            ],
            [
              40427.35042735042,
              14932.844932844931
            ],
            [
              40421.24542124542,
              14932.844932844931
            ],
            [
              40409.03540903541,
              14945.054945054944
            ],
            [
              40409.03540903541,
              14975.579975579974
            ],
            [
              40415.14041514041,
              14981.68498168498
            ],
            [
              40415.14041514041,
              14999.999999999998
            ],
            [
              40409.03540903541,
              15006.105006105005
            ],
            [
              40409.03540903541,
              15018.315018315017
            ],
            [
              40402.930402930404,
              15024.420024420024
            ],
            [
              40402.930402930404,
              15061.05006105006
            ],
            [
              40409.03540903541,
              15067.155067155067
            ],
            [
              40409.03540903541,
              15079.365079365078
            ],
            [
              40402.930402930404,
              15085.470085470084
            ],
            [
              40402.930402930404,
              15091.57509157509
            ],
            [
              40396.82539682539,
              15097.680097680097
            ],
            [
              40396.82539682539,
              15103.785103785103
            ],
            [
              40390.72039072039,
              15109.89010989011
            ],
            [
              40390.72039072039,
              15115.995115995114
            ],
            [
              40384.61538461538,
              15122.10012210012
            ],
            [
              40384.61538461538,
              15134.310134310133
            ],
            [
              40372.40537240537,
              15146.520146520146
            ],
            [
              40372.40537240537,
              15152.62515262515
            ],
            [
              40366.30036630036,
              15158.730158730157
            ],
            [
              40366.30036630036,
              15164.835164835164
            ],
            [
              40360.19536019536,
              15170.94017094017
            ],
            [
              40360.19536019536,
              15183.150183150183
            ],
            [
              40354.09035409035,
              15189.25518925519
            ],
            [
              40354.09035409035,
              15195.360195360194
            ],
            [
              40347.98534798535,
              15201.4652014652
            ],
            [
              40341.880341880336,
              15201.4652014652
            ],
            [
              40335.77533577533,
              15207.570207570207
            ],
            [
              40323.56532356532,
              15207.570207570207
            ],
            [
              40317.46031746032,
              15213.675213675213
            ],
            [
              40299.1452991453,
              15213.675213675213
            ],
            [
              40293.04029304029,
              15219.78021978022
            ],
            [
              40286.93528693529,
              15219.78021978022
            ],
            [
              40280.830280830276,
              15225.885225885226
            ],
            [
              40274.72527472527,
              15225.885225885226
            ],
            [
              40268.62026862027,
              15231.99023199023
            ],
            [
              40268.62026862027,
              15238.095238095237
            ],
            [
              40244.20024420024,
              15262.515262515262
            ],
            [
              40244.20024420024,
              15268.620268620267
            ],
            [
              40225.88522588522,
              15286.935286935286
            ],
            [
              40225.88522588522,
              15335.775335775335
            ],
            [
              40231.99023199023,
              15341.880341880342
            ],
            [
              40231.99023199023,
              15347.985347985346
            ],
            [
              40238.09523809524,
              15354.090354090353
            ],
            [
              40238.09523809524,
              15360.19536019536
            ],
            [
              40244.20024420024,
              15366.300366300366
            ],
            [
              40244.20024420024,
              15372.405372405372
            ],
            [
              40250.305250305246,
              15378.510378510378
            ],
            [
              40250.305250305246,
              15427.350427350426
            ],
            [
              40244.20024420024,
              15433.455433455432
            ],
            [
              40244.20024420024,
              15445.665445665445
            ],
            [
              40250.305250305246,
              15451.770451770451
            ],
            [
              40250.305250305246,
              15512.820512820512
            ],
            [
              40244.20024420024,
              15518.925518925518
            ],
            [
              40244.20024420024,
              15525.030525030525
            ],
            [
              40238.09523809524,
              15531.135531135531
            ],
            [
              40238.09523809524,
              15543.345543345542
            ],
            [
              40231.99023199023,
              15549.450549450548
            ],
            [
              40231.99023199023,
              15573.870573870572
            ],
            [
              40219.780219780216,
              15586.080586080585
            ],
            [
              40219.780219780216,
              15592.185592185591
            ],
            [
              40201.4652014652,
              15610.500610500609
            ],
            [
              40201.4652014652,
              15622.710622710621
            ],
            [
              40207.57020757021,
              15628.815628815628
            ],
            [
              40207.57020757021,
              15641.02564102564
            ],
            [
              40201.4652014652,
              15647.130647130647
            ],
            [
              40201.4652014652,
              15665.445665445664
            ],
            [
              40195.36019536019,
              15671.55067155067
            ],
            [
              40201.4652014652,
              15677.655677655677
            ],
            [
              40207.57020757021,
              15677.655677655677
            ],
            [
              40213.67521367521,
              15683.760683760684
            ],
            [
              40219.780219780216,
              15683.760683760684
            ],
            [
              40225.88522588522,
              15689.865689865688
            ],
            [
              40231.99023199023,
              15689.865689865688
            ],
            [
              40244.20024420024,
              15702.075702075701
            ],
            [
              40250.305250305246,
              15702.075702075701
            ],
            [
              40256.41025641025,
              15708.180708180707
            ],
            [
              40311.355311355306,
              15708.180708180707
            ],
            [
              40317.46031746032,
              15702.075702075701
            ],
            [
              40323.56532356532,
              15702.075702075701
            ],
            [
              40329.67032967033,
              15695.970695970695
            ],
            [
              40341.880341880336,
              15695.970695970695
            ],
            [
              40347.98534798535,
              15689.865689865688
            ],
            [
              40402.930402930404,
              15689.865689865688
            ],
            [
              40409.03540903541,
              15695.970695970695
            ],
            [
              40409.03540903541,
              15738.705738705738
            ],
            [
              40415.14041514041,
              15738.705738705738
            ],
            [
              40421.24542124542,
              15732.600732600731
            ],
            [
              40427.35042735042,
              15732.600732600731
            ],
            [
              40433.455433455434,
              15726.495726495725
            ],
            [
              40500.6105006105,
              15726.495726495725
            ],
            [
              40512.82051282051,
              15714.285714285714
            ],
            [
              40512.82051282051,
              15708.180708180707
            ],
            [
              40525.030525030525,
              15695.970695970695
            ],
            [
              40531.13553113553,
              15695.970695970695
            ],
            [
              40537.240537240534,
              15689.865689865688
            ],
            [
              40543.34554334554,
              15689.865689865688
            ],
            [
              40555.555555555555,
              15677.655677655677
            ],
            [
              40555.555555555555,
              15659.340659340658
            ],
            [
              40561.66056166056,
              15653.235653235652
            ],
            [
              40555.555555555555,
              15647.130647130647
            ],
            [
              40555.555555555555,
              15628.815628815628
            ],
            [
              40561.66056166056,
              15622.710622710621
            ],
            [
              40598.290598290594,
              15622.710622710621
            ],
            [
              40598.290598290594,
              15616.605616605615
            ],
            [
              40604.3956043956,
              15610.500610500609
            ],
            [
              40604.3956043956,
              15592.185592185591
            ],
            [
              40622.71062271062,
              15573.870573870572
            ],
            [
              40628.815628815624,
              15573.870573870572
            ],
            [
              40628.815628815624,
              15543.345543345542
            ],
            [
              40634.920634920636,
              15537.240537240536
            ],
            [
              40634.920634920636,
              15531.135531135531
            ],
            [
              40641.02564102564,
              15525.030525030525
            ],
            [
              40647.130647130645,
              15531.135531135531
            ],
            [
              40647.130647130645,
              15537.240537240536
            ],
            [
              40653.23565323565,
              15543.345543345542
            ],
            [
              40653.23565323565,
              15549.450549450548
            ],
            [
              40659.340659340654,
              15549.450549450548
            ],
            [
              40659.340659340654,
              15470.085470085469
            ],
            [
              40665.445665445666,
              15463.980463980462
            ],
            [
              40665.445665445666,
              15445.665445665445
            ],
            [
              40671.55067155067,
              15439.560439560439
            ],
            [
              40671.55067155067,
              15433.455433455432
            ],
            [
              40695.9706959707,
              15409.035409035409
            ],
            [
              40695.9706959707,
              15402.930402930402
            ],
            [
              40702.0757020757,
              15396.825396825396
            ],
            [
              40702.0757020757,
              15390.72039072039
            ],
            [
              40708.180708180706,
              15384.615384615383
            ],
            [
              40708.180708180706,
              15366.300366300366
            ],
            [
              40714.28571428571,
              15360.19536019536
            ],
            [
              40714.28571428571,
              15354.090354090353
            ],
            [
              40720.390720390715,
              15347.985347985346
            ],
            [
              40720.390720390715,
              15341.880341880342
            ],
            [
              40732.60073260073,
              15329.670329670329
            ],
            [
              40732.60073260073,
              15323.565323565323
            ],
            [
              40738.705738705736,
              15317.460317460316
            ],
            [
              40738.705738705736,
              15305.250305250303
            ],
            [
              40744.81074481074,
              15299.145299145299
            ],
            [
              40744.81074481074,
              15280.83028083028
            ],
            [
              40750.915750915745,
              15274.725274725273
            ],
            [
              40750.915750915745,
              15262.515262515262
            ],
            [
              40757.02075702076,
              15256.410256410256
            ],
            [
              40757.02075702076,
              15244.200244200243
            ],
            [
              40763.12576312576,
              15238.095238095237
            ],
            [
              40763.12576312576,
              15231.99023199023
            ],
            [
              40769.230769230766,
              15225.885225885226
            ],
            [
              40769.230769230766,
              15213.675213675213
            ],
            [
              40775.33577533577,
              15207.570207570207
            ],
            [
              40775.33577533577,
              15195.360195360194
            ],
            [
              40781.44078144078,
              15189.25518925519
            ],
            [
              40781.44078144078,
              15177.045177045176
            ],
            [
              40787.54578754579,
              15170.94017094017
            ],
            [
              40787.54578754579,
              15146.520146520146
            ],
            [
              40793.65079365079,
              15140.41514041514
            ],
            [
              40799.755799755796,
              15140.41514041514
            ],
            [
              40805.8608058608,
              15134.310134310133
            ],
            [
              40805.8608058608,
              15128.205128205127
            ],
            [
              40811.96581196581,
              15122.10012210012
            ],
            [
              40811.96581196581,
              15048.840048840048
            ],
            [
              40818.07081807082,
              15042.735042735041
            ],
            [
              40818.07081807082,
              15036.630036630037
            ],
            [
              40824.17582417582,
              15030.52503052503
            ],
            [
              40824.17582417582,
              15024.420024420024
            ],
            [
              40842.49084249084,
              15006.105006105005
            ],
            [
              40842.49084249084,
              14987.789987789987
            ],
            [
              40848.59584859585,
              14981.68498168498
            ],
            [
              40848.59584859585,
              14945.054945054944
            ],
            [
              40854.70085470085,
              14938.949938949938
            ],
            [
              40854.70085470085,
              14914.529914529914
            ],
            [
              40860.805860805856,
              14908.424908424908
            ],
            [
              40860.805860805856,
              14890.109890109889
            ],
            [
              40866.91086691086,
              14884.004884004884
            ],
            [
              40866.91086691086,
              14859.584859584858
            ],
            [
              40860.805860805856,
              14853.479853479852
            ],
            [
              40860.805860805856,
              14835.164835164835
            ],
            [
              40866.91086691086,
              14829.059829059828
            ],
            [
              40866.91086691086,
              14743.589743589742
            ],
            [
              40873.01587301587,
              14737.484737484736
            ],
            [
              40873.01587301587,
              14731.379731379731
            ],
            [
              40879.12087912088,
              14725.274725274725
            ],
            [
              40879.12087912088,
              14719.169719169719
            ],
            [
              40885.22588522588,
              14713.064713064712
            ],
            [
              40885.22588522588,
              14706.959706959706
            ],
            [
              40891.33089133089,
              14700.8547008547
            ],
            [
              40891.33089133089,
              14688.644688644688
            ],
            [
              40885.22588522588,
              14682.539682539682
            ],
            [
              40885.22588522588,
              14676.434676434676
            ],
            [
              40866.91086691086,
              14658.119658119656
            ],
            [
              40860.805860805856,
              14658.119658119656
            ],
            [
              40854.70085470085,
              14652.014652014652
            ],
            [
              40836.38583638583,
              14652.014652014652
            ],
            [
              40830.280830280826,
              14645.909645909645
            ],
            [
              40805.8608058608,
              14645.909645909645
            ],
            [
              40799.755799755796,
              14639.804639804639
            ],
            [
              40793.65079365079,
              14639.804639804639
            ],
            [
              40787.54578754579,
              14633.699633699633
            ],
            [
              40781.44078144078,
              14633.699633699633
            ],
            [
              40775.33577533577,
              14627.594627594626
            ],
            [
              40769.230769230766,
              14627.594627594626
            ],
            [
              40763.12576312576,
              14621.48962148962
            ],
            [
              40757.02075702076,
              14621.48962148962
            ],
            [
              40750.915750915745,
              14615.384615384615
            ],
            [
              40671.55067155067,
              14615.384615384615
            ]
          ]
        ]
      }
    },
    {
      "type": "Feature",
      "properties": {
        "class_id": 2,
        "classification": "Fold",
        "area": 18.635549771080903
      },
      "geometry": {
        "type": "Polygon",
        "coordinates": [
          [
            [
              31562.88156288156,
              14114.774114774114
            ],
            [
              31556.776556776556,
              14120.87912087912
            ],
            [
              31556.776556776556,
              14133.089133089132
            ],
            [
              31568.986568986566,
              14133.089133089132
            ],
            [
              31575.091575091574,
              14126.984126984125
            ],
            [
              31568.986568986566,
              14133.089133089132
            ],
            [
              31562.88156288156,
              14133.089133089132
            ],
            [
              31556.776556776556,
              14126.984126984125
            ],
            [
              31556.776556776556,
              14120.87912087912
            ],
            [
              31562.88156288156,
              14114.774114774114
            ]
          ]
        ]
      }
    },
    {
      "type": "Feature",
      "properties": {
        "class_id": 2,
        "classification": "Fold",
        "area": 260.8976967951327
      },
      "geometry": {
        "type": "Polygon",
        "coordinates": [
          [
            [
              53101.343101343096,
              14108.669108669108
            ],
            [
              53095.23809523809,
              14114.774114774114
            ],
            [
              53089.13308913309,
              14114.774114774114
            ],
            [
              53089.13308913309,
              14126.984126984125
            ],
            [
              53107.4481074481,
              14126.984126984125
            ],
            [
              53107.4481074481,
              14114.774114774114
            ],
            [
              53101.343101343096,
              14108.669108669108
            ]
          ]
        ]
      }
    },
    {
      "type": "Feature",
      "properties": {
        "class_id": 2,
        "classification": "Fold",
        "area": 759622.2797687998
      },
      "geometry": {
        "type": "Polygon",
        "coordinates": [
          [
            [
              31257.631257631256,
              13663.003663003663
            ],
            [
              31257.631257631256,
              15366.300366300366
            ],
            [
              31263.73626373626,
              15372.405372405372
            ],
            [
              31275.946275946273,
              15372.405372405372
            ],
            [
              31282.05128205128,
              15366.300366300366
            ],
            [
              31288.156288156286,
              15366.300366300366
            ],
            [
              31294.261294261294,
              15360.19536019536
            ],
            [
              31294.261294261294,
              15354.090354090353
            ],
            [
              31312.57631257631,
              15335.775335775335
            ],
            [
              31318.681318681316,
              15335.775335775335
            ],
            [
              31324.786324786324,
              15341.880341880342
            ],
            [
              31336.996336996333,
              15341.880341880342
            ],
            [
              31343.10134310134,
              15347.985347985346
            ],
            [
              31349.206349206346,
              15347.985347985346
            ],
            [
              31355.311355311354,
              15354.090354090353
            ],
            [
              31361.41636141636,
              15354.090354090353
            ],
            [
              31367.521367521367,
              15360.19536019536
            ],
            [
              31373.62637362637,
              15360.19536019536
            ],
            [
              31391.94139194139,
              15378.510378510378
            ],
            [
              31391.94139194139,
              15384.615384615383
            ],
            [
              31416.361416361415,
              15409.035409035409
            ],
            [
              31422.46642246642,
              15409.035409035409
            ],
            [
              31434.676434676432,
              15421.24542124542
            ],
            [
              31452.99145299145,
              15421.24542124542
            ],
            [
              31459.096459096458,
              15415.140415140415
            ],
            [
              31465.201465201462,
              15415.140415140415
            ],
            [
              31471.30647130647,
              15409.035409035409
            ],
            [
              31471.30647130647,
              15402.930402930402
            ],
            [
              31489.621489621488,
              15384.615384615383
            ],
            [
              31489.621489621488,
              15378.510378510378
            ],
            [
              31507.936507936505,
              15360.19536019536
            ],
            [
              31514.041514041513,
              15360.19536019536
            ],
            [
              31520.146520146518,
              15354.090354090353
            ],
            [
              31526.251526251523,
              15354.090354090353
            ],
            [
              31532.35653235653,
              15347.985347985346
            ],
            [
              31562.88156288156,
              15347.985347985346
            ],
            [
              31568.986568986566,
              15341.880341880342
            ],
            [
              31575.091575091574,
              15341.880341880342
            ],
            [
              31581.19658119658,
              15335.775335775335
            ],
            [
              31587.301587301587,
              15335.775335775335
            ],
            [
              31593.40659340659,
              15329.670329670329
            ],
            [
              31599.5115995116,
              15329.670329670329
            ],
            [
              31611.72161172161,
              15317.460317460316
            ],
            [
              31617.826617826617,
              15317.460317460316
            ],
            [
              31623.93162393162,
              15311.35531135531
            ],
            [
              31630.03663003663,
              15311.35531135531
            ],
            [
              31636.141636141634,
              15305.250305250303
            ],
            [
              31642.24664224664,
              15311.35531135531
            ],
            [
              31648.351648351647,
              15311.35531135531
            ],
            [
              31654.45665445665,
              15317.460317460316
            ],
            [
              31660.56166056166,
              15317.460317460316
            ],
            [
              31666.666666666664,
              15323.565323565323
            ],
            [
              31678.876678876677,
              15323.565323565323
            ],
            [
              31684.98168498168,
              15329.670329670329
            ],
            [
              31703.296703296703,
              15329.670329670329
            ],
            [
              31709.401709401707,
              15323.565323565323
            ],
            [
              31715.50671550671,
              15323.565323565323
            ],
            [
              31721.61172161172,
              15317.460317460316
            ],
            [
              31733.821733821733,
              15317.460317460316
            ],
            [
              31739.926739926737,
              15323.565323565323
            ],
            [
              31746.031746031746,
              15323.565323565323
            ],
            [
              31764.346764346763,
              15341.880341880342
            ],
            [
              31770.451770451768,
              15341.880341880342
            ],
            [
              31788.76678876679,
              15360.19536019536
            ],
            [
              31800.976800976798,
              15360.19536019536
            ],
            [
              31807.081807081806,
              15366.300366300366
            ],
            [
              31855.921855921853,
              15366.300366300366
            ],
            [
              31862.02686202686,
              15360.19536019536
            ],
            [
              31874.23687423687,
              15360.19536019536
            ],
            [
              31880.34188034188,
              15354.090354090353
            ],
            [
              31886.446886446884,
              15354.090354090353
            ],
            [
              31898.656898656896,
              15341.880341880342
            ],
            [
              31904.761904761905,
              15341.880341880342
            ],
            [
              31916.971916971914,
              15354.090354090353
            ],
            [
              31916.971916971914,
              15360.19536019536
            ],
            [
              31923.076923076922,
              15366.300366300366
            ],
            [
              31923.076923076922,
              15372.405372405372
            ],
            [
              31929.181929181927,
              15378.510378510378
            ],
            [
              31929.181929181927,
              15390.72039072039
            ],
            [
              31935.286935286935,
              15396.825396825396
            ],
            [
              31935.286935286935,
              15415.140415140415
            ],
            [
              31941.39194139194,
              15421.24542124542
            ],
            [
              31947.496947496944,
              15421.24542124542
            ],
            [
              31953.601953601952,
              15427.350427350426
            ],
            [
              31959.706959706957,
              15421.24542124542
            ],
            [
              31965.811965811965,
              15421.24542124542
            ],
            [
              32002.442002442,
              15384.615384615383
            ],
            [
              32008.547008547008,
              15384.615384615383
            ],
            [
              32020.757020757017,
              15372.405372405372
            ],
            [
              32026.862026862025,
              15372.405372405372
            ],
            [
              32045.177045177043,
              15354.090354090353
            ],
            [
              32051.28205128205,
              15354.090354090353
            ],
            [
              32051.28205128205,
              15347.985347985346
            ],
            [
              32063.49206349206,
              15335.775335775335
            ],
            [
              32063.49206349206,
              15329.670329670329
            ],
            [
              32057.387057387055,
              15323.565323565323
            ],
            [
              32057.387057387055,
              15317.460317460316
            ],
            [
              32051.28205128205,
              15311.35531135531
            ],
            [
              32045.177045177043,
              15311.35531135531
            ],
            [
              32039.072039072038,
              15305.250305250303
            ],
            [
              32032.96703296703,
              15305.250305250303
            ],
            [
              32026.862026862025,
              15299.145299145299
            ],
            [
              31978.021978021978,
              15299.145299145299
            ],
            [
              31971.91697191697,
              15293.040293040292
            ],
            [
              31959.706959706957,
              15293.040293040292
            ],
            [
              31941.39194139194,
              15311.35531135531
            ],
            [
              31935.286935286935,
              15311.35531135531
            ],
            [
              31929.181929181927,
              15317.460317460316
            ],
            [
              31923.076923076922,
              15311.35531135531
            ],
            [
              31923.076923076922,
              15299.145299145299
            ],
            [
              31941.39194139194,
              15280.83028083028
            ],
            [
              31947.496947496944,
              15280.83028083028
            ],
            [
              31947.496947496944,
              15256.410256410256
            ],
            [
              31886.446886446884,
              15195.360195360194
            ],
            [
              31886.446886446884,
              15189.25518925519
            ],
            [
              31880.34188034188,
              15183.150183150183
            ],
            [
              31880.34188034188,
              15152.62515262515
            ],
            [
              31886.446886446884,
              15146.520146520146
            ],
            [
              31886.446886446884,
              15140.41514041514
            ],
            [
              31892.55189255189,
              15134.310134310133
            ],
            [
              31892.55189255189,
              15128.205128205127
            ],
            [
              31904.761904761905,
              15115.995115995114
            ],
            [
              31916.971916971914,
              15115.995115995114
            ],
            [
              31923.076923076922,
              15109.89010989011
            ],
            [
              31935.286935286935,
              15109.89010989011
            ],
            [
              31947.496947496944,
              15097.680097680097
            ],
            [
              31953.601953601952,
              15097.680097680097
            ],
            [
              31959.706959706957,
              15091.57509157509
            ],
            [
              31959.706959706957,
              15054.945054945054
            ],
            [
              31953.601953601952,
              15048.840048840048
            ],
            [
              31953.601953601952,
              15042.735042735041
            ],
            [
              31947.496947496944,
              15036.630036630037
            ],
            [
              31947.496947496944,
              15024.420024420024
            ],
            [
              31941.39194139194,
              15018.315018315017
            ],
            [
              31941.39194139194,
              14981.68498168498
            ],
            [
              31935.286935286935,
              14975.579975579974
            ],
            [
              31941.39194139194,
              14969.474969474968
            ],
            [
              31941.39194139194,
              14914.529914529914
            ],
            [
              31935.286935286935,
              14908.424908424908
            ],
            [
              31935.286935286935,
              14884.004884004884
            ],
            [
              31941.39194139194,
              14877.899877899878
            ],
            [
              31941.39194139194,
              14841.269841269841
            ],
            [
              31935.286935286935,
              14835.164835164835
            ],
            [
              31935.286935286935,
              14822.954822954822
            ],
            [
              31929.181929181927,
              14816.849816849815
            ],
            [
              31929.181929181927,
              14804.639804639804
            ],
            [
              31923.076923076922,
              14798.534798534798
            ],
            [
              31923.076923076922,
              14786.324786324785
            ],
            [
              31916.971916971914,
              14780.219780219779
            ],
            [
              31916.971916971914,
              14768.009768009768
            ],
            [
              31910.86691086691,
              14761.904761904761
            ],
            [
              31910.86691086691,
              14749.694749694749
            ],
            [
              31892.55189255189,
              14731.379731379731
            ],
            [
              31892.55189255189,
              14725.274725274725
            ],
            [
              31886.446886446884,
              14719.169719169719
            ],
            [
              31886.446886446884,
              14713.064713064712
            ],
            [
              31880.34188034188,
              14706.959706959706
            ],
            [
              31880.34188034188,
              14700.8547008547
            ],
            [
              31874.23687423687,
              14694.749694749695
            ],
            [
              31874.23687423687,
              14688.644688644688
            ],
            [
              31868.131868131866,
              14682.539682539682
            ],
            [
              31868.131868131866,
              14670.32967032967
            ],
            [
              31862.02686202686,
              14664.224664224663
            ],
            [
              31862.02686202686,
              14658.119658119656
            ],
            [
              31849.81684981685,
              14645.909645909645
            ],
            [
              31837.606837606836,
              14645.909645909645
            ],
            [
              31831.501831501828,
              14639.804639804639
            ],
            [
              31825.396825396823,
              14639.804639804639
            ],
            [
              31794.871794871793,
              14609.279609279609
            ],
            [
              31794.871794871793,
              14603.174603174602
            ],
            [
              31782.66178266178,
              14590.96459096459
            ],
            [
              31782.66178266178,
              14584.859584859583
            ],
            [
              31776.556776556776,
              14578.754578754579
            ],
            [
              31776.556776556776,
              14572.649572649572
            ],
            [
              31764.346764346763,
              14560.43956043956
            ],
            [
              31764.346764346763,
              14554.334554334553
            ],
            [
              31758.241758241755,
              14548.229548229547
            ],
            [
              31758.241758241755,
              14542.124542124542
            ],
            [
              31746.031746031746,
              14529.91452991453
            ],
            [
              31733.821733821733,
              14529.91452991453
            ],
            [
              31727.716727716725,
              14523.809523809523
            ],
            [
              31721.61172161172,
              14523.809523809523
            ],
            [
              31703.296703296703,
              14505.494505494504
            ],
            [
              31703.296703296703,
              14481.07448107448
            ],
            [
              31715.50671550671,
              14468.864468864467
            ],
            [
              31727.716727716725,
              14468.864468864467
            ],
            [
              31727.716727716725,
              14462.759462759463
            ],
            [
              31721.61172161172,
              14456.654456654456
            ],
            [
              31721.61172161172,
              14444.444444444443
            ],
            [
              31733.821733821733,
              14432.23443223443
            ],
            [
              31739.926739926737,
              14432.23443223443
            ],
            [
              31746.031746031746,
              14426.129426129426
            ],
            [
              31752.13675213675,
              14426.129426129426
            ],
            [
              31746.031746031746,
              14420.02442002442
            ],
            [
              31746.031746031746,
              14413.919413919413
            ],
            [
              31739.926739926737,
              14407.814407814407
            ],
            [
              31727.716727716725,
              14407.814407814407
            ],
            [
              31721.61172161172,
              14401.7094017094
            ],
            [
              31715.50671550671,
              14401.7094017094
            ],
            [
              31709.401709401707,
              14395.604395604394
            ],
            [
              31703.296703296703,
              14395.604395604394
            ],
            [
              31697.191697191694,
              14389.49938949939
            ],
            [
              31697.191697191694,
              14346.764346764347
            ],
            [
              31678.876678876677,
              14328.449328449327
            ],
            [
              31672.771672771672,
              14328.449328449327
            ],
            [
              31666.666666666664,
              14322.344322344321
            ],
            [
              31648.351648351647,
              14322.344322344321
            ],
            [
              31642.24664224664,
              14316.239316239315
            ],
            [
              31636.141636141634,
              14316.239316239315
            ],
            [
              31575.091575091574,
              14255.189255189254
            ],
            [
              31575.091575091574,
              14249.084249084248
            ],
            [
              31562.88156288156,
              14236.874236874237
            ],
            [
              31562.88156288156,
              14230.76923076923
            ],
            [
              31538.461538461535,
              14206.349206349205
            ],
            [
              31532.35653235653,
              14206.349206349205
            ],
            [
              31514.041514041513,
              14188.034188034188
            ],
            [
              31507.936507936505,
              14188.034188034188
            ],
            [
              31501.8315018315,
              14181.929181929181
            ],
            [
              31495.726495726492,
              14181.929181929181
            ],
            [
              31489.621489621488,
              14175.824175824175
            ],
            [
              31465.201465201462,
              14175.824175824175
            ],
            [
              31459.096459096458,
              14169.719169719168
            ],
            [
              31452.99145299145,
              14169.719169719168
            ],
            [
              31440.78144078144,
              14157.509157509157
            ],
            [
              31440.78144078144,
              14145.299145299145
            ],
            [
              31446.886446886445,
              14139.194139194138
            ],
            [
              31465.201465201462,
              14139.194139194138
            ],
            [
              31471.30647130647,
              14133.089133089132
            ],
            [
              31477.411477411475,
              14133.089133089132
            ],
            [
              31501.8315018315,
              14108.669108669108
            ],
            [
              31501.8315018315,
              14072.039072039071
            ],
            [
              31495.726495726492,
              14065.934065934065
            ],
            [
              31495.726495726492,
              14035.409035409035
            ],
            [
              31489.621489621488,
              14029.304029304029
            ],
            [
              31489.621489621488,
              14017.094017094016
            ],
            [
              31477.411477411475,
              14004.884004884005
            ],
            [
              31477.411477411475,
              13998.778998778998
            ],
            [
              31459.096459096458,
              13980.46398046398
            ],
            [
              31459.096459096458,
              13974.358974358973
            ],
            [
              31404.151404151402,
              13919.413919413919
            ],
            [
              31404.151404151402,
              13913.308913308912
            ],
            [
              31379.731379731376,
              13888.888888888889
            ],
            [
              31379.731379731376,
              13882.783882783882
            ],
            [
              31367.521367521367,
              13870.57387057387
            ],
            [
              31367.521367521367,
              13864.468864468863
            ],
            [
              31361.41636141636,
              13858.363858363857
            ],
            [
              31361.41636141636,
              13846.153846153846
            ],
            [
              31355.311355311354,
              13840.04884004884
            ],
            [
              31355.311355311354,
              13821.73382173382
            ],
            [
              31361.41636141636,
              13815.628815628816
            ],
            [
              31361.41636141636,
              13809.52380952381
            ],
            [
              31367.521367521367,
              13803.418803418803
            ],
            [
              31367.521367521367,
              13785.103785103784
            ],
            [
              31355.311355311354,
              13772.893772893773
            ],
            [
              31349.206349206346,
              13772.893772893773
            ],
            [
              31336.996336996333,
              13760.68376068376
            ],
            [
              31330.89133089133,
              13760.68376068376
            ],
            [
              31312.57631257631,
              13742.36874236874
            ],
            [
              31312.57631257631,
              13730.15873015873
            ],
            [
              31306.471306471303,
              13724.053724053723
            ],
            [
              31306.471306471303,
              13717.948717948717
            ],
            [
              31282.05128205128,
              13693.528693528693
            ],
            [
              31282.05128205128,
              13687.423687423687
            ],
            [
              31275.946275946273,
              13681.31868131868
            ],
            [
              31275.946275946273,
              13675.213675213674
            ],
            [
              31263.73626373626,
              13663.003663003663
            ],
            [
              31257.631257631256,
              13663.003663003663
            ]
          ]
        ]
      }
    },
    {
      "type": "Feature",
      "properties": {
        "class_id": 2,
        "classification": "Fold",
        "area": 178603.1090060394
      },
      "geometry": {
        "type": "Polygon",
        "coordinates": [
          [
            [
              26001.221001220998,
              13412.698412698412
            ],
            [
              25995.115995115993,
              13418.803418803418
            ],
            [
              25989.01098901099,
              13418.803418803418
            ],
            [
              25982.90598290598,
              13424.908424908424
            ],
            [
              25976.800976800976,
              13424.908424908424
            ],
            [
              25964.590964590963,
              13437.118437118435
            ],
            [
              25958.48595848596,
              13437.118437118435
            ],
            [
              25952.38095238095,
              13443.223443223442
            ],
            [
              25903.540903540903,
              13443.223443223442
            ],
            [
              25897.435897435895,
              13437.118437118435
            ],
            [
              25866.910866910865,
              13437.118437118435
            ],
            [
              25860.80586080586,
              13443.223443223442
            ],
            [
              25848.595848595847,
              13443.223443223442
            ],
            [
              25842.490842490843,
              13449.328449328448
            ],
            [
              25842.490842490843,
              13467.643467643467
            ],
            [
              25836.385836385834,
              13473.748473748474
            ],
            [
              25836.385836385834,
              13498.168498168498
            ],
            [
              25830.28083028083,
              13504.273504273504
            ],
            [
              25830.28083028083,
              13534.798534798534
            ],
            [
              25824.17582417582,
              13540.90354090354
            ],
            [
              25824.17582417582,
              13547.008547008547
            ],
            [
              25830.28083028083,
              13553.113553113551
            ],
            [
              25830.28083028083,
              13583.638583638583
            ],
            [
              25836.385836385834,
              13589.743589743588
            ],
            [
              25836.385836385834,
              13614.163614163614
            ],
            [
              25830.28083028083,
              13620.26862026862
            ],
            [
              25830.28083028083,
              13675.213675213674
            ],
            [
              25836.385836385834,
              13681.31868131868
            ],
            [
              25836.385836385834,
              13687.423687423687
            ],
            [
              25842.490842490843,
              13693.528693528693
            ],
            [
              25842.490842490843,
              13699.6336996337
            ],
            [
              25848.595848595847,
              13705.738705738704
            ],
            [
              25848.595848595847,
              13711.84371184371
            ],
            [
              25854.70085470085,
              13717.948717948717
            ],
            [
              25854.70085470085,
              13724.053724053723
            ],
            [
              25860.80586080586,
              13730.15873015873
            ],
            [
              25860.80586080586,
              13736.263736263736
            ],
            [
              25866.910866910865,
              13742.36874236874
            ],
            [
              25866.910866910865,
              13754.578754578753
            ],
            [
              25873.015873015873,
              13760.68376068376
            ],
            [
              25873.015873015873,
              13791.20879120879
            ],
            [
              25879.120879120877,
              13797.313797313796
            ],
            [
              25879.120879120877,
              13809.52380952381
            ],
            [
              25885.225885225882,
              13815.628815628816
            ],
            [
              25897.435897435895,
              13815.628815628816
            ],
            [
              25903.540903540903,
              13809.52380952381
            ],
            [
              25934.065934065933,
              13809.52380952381
            ],
            [
              25940.170940170938,
              13815.628815628816
            ],
            [
              25946.275946275946,
              13815.628815628816
            ],
            [
              25952.38095238095,
              13821.73382173382
            ],
            [
              25964.590964590963,
              13821.73382173382
            ],
            [
              25970.695970695968,
              13827.838827838827
            ],
            [
              25982.90598290598,
              13827.838827838827
            ],
            [
              25989.01098901099,
              13833.943833943833
            ],
            [
              26007.326007326006,
              13833.943833943833
            ],
            [
              26013.43101343101,
              13840.04884004884
            ],
            [
              26056.166056166054,
              13840.04884004884
            ],
            [
              26062.271062271062,
              13846.153846153846
            ],
            [
              26092.796092796092,
              13846.153846153846
            ],
            [
              26098.901098901097,
              13852.258852258852
            ],
            [
              26105.006105006105,
              13852.258852258852
            ],
            [
              26111.11111111111,
              13858.363858363857
            ],
            [
              26117.216117216114,
              13858.363858363857
            ],
            [
              26123.321123321122,
              13864.468864468863
            ],
            [
              26129.426129426127,
              13864.468864468863
            ],
            [
              26135.531135531135,
              13870.57387057387
            ],
            [
              26147.741147741148,
              13870.57387057387
            ],
            [
              26153.846153846152,
              13876.678876678876
            ],
            [
              26159.951159951157,
              13876.678876678876
            ],
            [
              26166.056166056165,
              13882.783882783882
            ],
            [
              26214.896214896213,
              13882.783882783882
            ],
            [
              26221.00122100122,
              13876.678876678876
            ],
            [
              26227.106227106226,
              13876.678876678876
            ],
            [
              26233.21123321123,
              13870.57387057387
            ],
            [
              26239.31623931624,
              13870.57387057387
            ],
            [
              26245.421245421243,
              13864.468864468863
            ],
            [
              26251.52625152625,
              13864.468864468863
            ],
            [
              26257.631257631256,
              13858.363858363857
            ],
            [
              26263.736263736264,
              13858.363858363857
            ],
            [
              26269.84126984127,
              13852.258852258852
            ],
            [
              26275.946275946273,
              13852.258852258852
            ],
            [
              26282.05128205128,
              13846.153846153846
            ],
            [
              26288.156288156286,
              13846.153846153846
            ],
            [
              26294.261294261294,
              13840.04884004884
            ],
            [
              26294.261294261294,
              13833.943833943833
            ],
            [
              26306.471306471303,
              13821.73382173382
            ],
            [
              26306.471306471303,
              13815.628815628816
            ],
            [
              26312.57631257631,
              13809.52380952381
            ],
            [
              26312.57631257631,
              13797.313797313796
            ],
            [
              26318.681318681316,
              13791.20879120879
            ],
            [
              26318.681318681316,
              13766.788766788766
            ],
            [
              26324.786324786324,
              13760.68376068376
            ],
            [
              26324.786324786324,
              13748.473748473747
            ],
            [
              26330.89133089133,
              13742.36874236874
            ],
            [
              26330.89133089133,
              13724.053724053723
            ],
            [
              26324.786324786324,
              13717.948717948717
            ],
            [
              26324.786324786324,
              13699.6336996337
            ],
            [
              26318.681318681316,
              13693.528693528693
            ],
            [
              26318.681318681316,
              13687.423687423687
            ],
            [
              26312.57631257631,
              13681.31868131868
            ],
            [
              26312.57631257631,
              13675.213675213674
            ],
            [
              26306.471306471303,
              13669.108669108668
            ],
            [
              26306.471306471303,
              13663.003663003663
            ],
            [
              26300.3663003663,
              13656.898656898657
            ],
            [
              26300.3663003663,
              13650.79365079365
            ],
            [
              26294.261294261294,
              13644.688644688644
            ],
            [
              26294.261294261294,
              13638.583638583637
            ],
            [
              26288.156288156286,
              13632.478632478631
            ],
            [
              26288.156288156286,
              13620.26862026862
            ],
            [
              26282.05128205128,
              13614.163614163614
            ],
            [
              26282.05128205128,
              13601.9536019536
            ],
            [
              26275.946275946273,
              13595.848595848594
            ],
            [
              26275.946275946273,
              13589.743589743588
            ],
            [
              26269.84126984127,
              13583.638583638583
            ],
            [
              26269.84126984127,
              13577.533577533577
            ],
            [
              26263.736263736264,
              13571.42857142857
            ],
            [
              26263.736263736264,
              13559.218559218558
            ],
            [
              26257.631257631256,
              13553.113553113551
            ],
            [
              26257.631257631256,
              13547.008547008547
            ],
            [
              26251.52625152625,
              13540.90354090354
            ],
            [
              26251.52625152625,
              13528.693528693528
            ],
            [
              26233.21123321123,
              13510.37851037851
            ],
            [
              26233.21123321123,
              13504.273504273504
            ],
            [
              26184.371184371183,
              13455.433455433455
            ],
            [
              26178.266178266178,
              13455.433455433455
            ],
            [
              26172.16117216117,
              13449.328449328448
            ],
            [
              26117.216117216114,
              13449.328449328448
            ],
            [
              26111.11111111111,
              13443.223443223442
            ],
            [
              26105.006105006105,
              13443.223443223442
            ],
            [
              26098.901098901097,
              13437.118437118435
            ],
            [
              26092.796092796092,
              13437.118437118435
            ],
            [
              26086.691086691084,
              13431.01343101343
            ],
            [
              26080.58608058608,
              13431.01343101343
            ],
            [
              26074.48107448107,
              13424.908424908424
            ],
            [
              26062.271062271062,
              13424.908424908424
            ],
            [
              26056.166056166054,
              13418.803418803418
            ],
            [
              26043.95604395604,
              13418.803418803418
            ],
            [
              26037.851037851036,
              13412.698412698412
            ],
            [
              26001.221001220998,
              13412.698412698412
            ]
          ]
        ]
      }
    },
    {
      "type": "Feature",
      "properties": {
        "class_id": 2,
        "classification": "Fold",
        "area": 476455.10099722544
      },
      "geometry": {
        "type": "Polygon",
        "coordinates": [
          [
            [
              53009.768009768006,
              13070.81807081807
            ],
            [
              53009.768009768006,
              13125.763125763126
            ],
            [
              53003.663003663,
              13131.868131868132
            ],
            [
              53003.663003663,
              13137.973137973137
            ],
            [
              52991.452991452985,
              13150.18315018315
            ],
            [
              52985.34798534798,
              13150.18315018315
            ],
            [
              52973.13797313797,
              13162.393162393162
            ],
            [
              52967.03296703297,
              13162.393162393162
            ],
            [
              52960.927960927955,
              13168.498168498169
            ],
            [
              52954.82295482295,
              13168.498168498169
            ],
            [
              52936.50793650794,
              13186.813186813186
            ],
            [
              52930.402930402925,
              13186.813186813186
            ],
            [
              52918.192918192915,
              13199.023199023199
            ],
            [
              52918.192918192915,
              13241.758241758242
            ],
            [
              52912.08791208791,
              13247.863247863246
            ],
            [
              52912.08791208791,
              13260.073260073259
            ],
            [
              52905.982905982906,
              13266.178266178265
            ],
            [
              52905.982905982906,
              13272.283272283272
            ],
            [
              52899.877899877894,
              13278.388278388278
            ],
            [
              52899.877899877894,
              13308.913308913308
            ],
            [
              52905.982905982906,
              13315.018315018315
            ],
            [
              52905.982905982906,
              13351.648351648351
            ],
            [
              52899.877899877894,
              13357.753357753358
            ],
            [
              52899.877899877894,
              13369.963369963369
            ],
            [
              52893.77289377289,
              13376.068376068375
            ],
            [
              52893.77289377289,
              13412.698412698412
            ],
            [
              52887.667887667885,
              13418.803418803418
            ],
            [
              52887.667887667885,
              13553.113553113551
            ],
            [
              52893.77289377289,
              13559.218559218558
            ],
            [
              52893.77289377289,
              13571.42857142857
            ],
            [
              52899.877899877894,
              13577.533577533577
            ],
            [
              52899.877899877894,
              13589.743589743588
            ],
            [
              52905.982905982906,
              13595.848595848594
            ],
            [
              52905.982905982906,
              13608.058608058607
            ],
            [
              52912.08791208791,
              13614.163614163614
            ],
            [
              52912.08791208791,
              13620.26862026862
            ],
            [
              52918.192918192915,
              13626.373626373626
            ],
            [
              52918.192918192915,
              13632.478632478631
            ],
            [
              52924.29792429792,
              13638.583638583637
            ],
            [
              52924.29792429792,
              13650.79365079365
            ],
            [
              52930.402930402925,
              13656.898656898657
            ],
            [
              52930.402930402925,
              13669.108669108668
            ],
            [
              52936.50793650794,
              13675.213675213674
            ],
            [
              52936.50793650794,
              13687.423687423687
            ],
            [
              52942.61294261294,
              13693.528693528693
            ],
            [
              52942.61294261294,
              13711.84371184371
            ],
            [
              52948.717948717946,
              13717.948717948717
            ],
            [
              52948.717948717946,
              13730.15873015873
            ],
            [
              52954.82295482295,
              13736.263736263736
            ],
            [
              52954.82295482295,
              13742.36874236874
            ],
            [
              52979.242979242976,
              13766.788766788766
            ],
            [
              52979.242979242976,
              13772.893772893773
            ],
            [
              52985.34798534798,
              13778.998778998779
            ],
            [
              52985.34798534798,
              13785.103785103784
            ],
            [
              52991.452991452985,
              13791.20879120879
            ],
            [
              52991.452991452985,
              13797.313797313796
            ],
            [
              52997.557997558,
              13803.418803418803
            ],
            [
              52997.557997558,
              13815.628815628816
            ],
            [
              53003.663003663,
              13821.73382173382
            ],
            [
              53003.663003663,
              13827.838827838827
            ],
            [
              53009.768009768006,
              13833.943833943833
            ],
            [
              53009.768009768006,
              13846.153846153846
            ],
            [
              53015.87301587301,
              13852.258852258852
            ],
            [
              53015.87301587301,
              13858.363858363857
            ],
            [
              53021.97802197802,
              13864.468864468863
            ],
            [
              53021.97802197802,
              13870.57387057387
            ],
            [
              53034.18803418803,
              13882.783882783882
            ],
            [
              53034.18803418803,
              13913.308913308912
            ],
            [
              53040.293040293036,
              13919.413919413919
            ],
            [
              53040.293040293036,
              13931.623931623932
            ],
            [
              53046.39804639804,
              13937.728937728936
            ],
            [
              53058.60805860806,
              13937.728937728936
            ],
            [
              53089.13308913309,
              13968.253968253968
            ],
            [
              53089.13308913309,
              13974.358974358973
            ],
            [
              53095.23809523809,
              13980.46398046398
            ],
            [
              53095.23809523809,
              13998.778998778998
            ],
            [
              53101.343101343096,
              14004.884004884005
            ],
            [
              53101.343101343096,
              14029.304029304029
            ],
            [
              53107.4481074481,
              14035.409035409035
            ],
            [
              53107.4481074481,
              14041.514041514041
            ],
            [
              53113.55311355311,
              14047.619047619046
            ],
            [
              53131.86813186813,
              14047.619047619046
            ],
            [
              53137.97313797314,
              14053.724053724052
            ],
            [
              53137.97313797314,
              14084.249084249084
            ],
            [
              53150.18315018315,
              14084.249084249084
            ],
            [
              53156.28815628815,
              14090.354090354089
            ],
            [
              53156.28815628815,
              14096.459096459095
            ],
            [
              53162.39316239316,
              14102.564102564102
            ],
            [
              53162.39316239316,
              14108.669108669108
            ],
            [
              53168.49816849817,
              14114.774114774114
            ],
            [
              53168.49816849817,
              14126.984126984125
            ],
            [
              53174.60317460317,
              14133.089133089132
            ],
            [
              53174.60317460317,
              14139.194139194138
            ],
            [
              53192.91819291819,
              14157.509157509157
            ],
            [
              53192.91819291819,
              14163.614163614162
            ],
            [
              53199.0231990232,
              14163.614163614162
            ],
            [
              53211.23321123321,
              14175.824175824175
            ],
            [
              53217.33821733821,
              14175.824175824175
            ],
            [
              53229.54822954823,
              14188.034188034188
            ],
            [
              53235.65323565323,
              14188.034188034188
            ],
            [
              53241.75824175824,
              14194.139194139194
            ],
            [
              53247.86324786324,
              14194.139194139194
            ],
            [
              53260.07326007326,
              14206.349206349205
            ],
            [
              53266.17826617826,
              14206.349206349205
            ],
            [
              53278.38827838827,
              14218.559218559218
            ],
            [
              53284.493284493285,
              14218.559218559218
            ],
            [
              53290.59829059829,
              14224.664224664224
            ],
            [
              53296.703296703294,
              14224.664224664224
            ],
            [
              53302.8083028083,
              14230.76923076923
            ],
            [
              53308.9133089133,
              14230.76923076923
            ],
            [
              53315.018315018315,
              14236.874236874237
            ],
            [
              53327.228327228324,
              14236.874236874237
            ],
            [
              53333.33333333333,
              14242.979242979241
            ],
            [
              53339.43833943833,
              14242.979242979241
            ],
            [
              53363.85836385836,
              14267.399267399267
            ],
            [
              53363.85836385836,
              14273.504273504273
            ],
            [
              53382.17338217338,
              14291.81929181929
            ],
            [
              53382.17338217338,
              14310.13431013431
            ],
            [
              53388.278388278384,
              14316.239316239315
            ],
            [
              53388.278388278384,
              14340.65934065934
            ],
            [
              53394.38339438339,
              14346.764346764347
            ],
            [
              53394.38339438339,
              14352.869352869351
            ],
            [
              53400.4884004884,
              14352.869352869351
            ],
            [
              53406.593406593405,
              14358.974358974358
            ],
            [
              53431.01343101343,
              14358.974358974358
            ],
            [
              53437.118437118435,
              14352.869352869351
            ],
            [
              53443.22344322344,
              14352.869352869351
            ],
            [
              53449.328449328445,
              14346.764346764347
            ],
            [
              53479.853479853475,
              14346.764346764347
            ],
            [
              53485.95848595848,
              14352.869352869351
            ],
            [
              53540.903540903535,
              14352.869352869351
            ],
            [
              53547.00854700855,
              14358.974358974358
            ],
            [
              53559.218559218556,
              14358.974358974358
            ],
            [
              53565.32356532356,
              14365.079365079364
            ],
            [
              53601.953601953595,
              14365.079365079364
            ],
            [
              53608.05860805861,
              14358.974358974358
            ],
            [
              53614.16361416361,
              14358.974358974358
            ],
            [
              53620.268620268616,
              14352.869352869351
            ],
            [
              53632.47863247863,
              14352.869352869351
            ],
            [
              53638.58363858364,
              14346.764346764347
            ],
            [
              53656.89865689865,
              14346.764346764347
            ],
            [
              53663.00366300366,
              14340.65934065934
            ],
            [
              53675.21367521367,
              14340.65934065934
            ],
            [
              53681.31868131868,
              14334.554334554334
            ],
            [
              53687.42368742368,
              14334.554334554334
            ],
            [
              53693.52869352869,
              14328.449328449327
            ],
            [
              53699.6336996337,
              14328.449328449327
            ],
            [
              53711.84371184371,
              14316.239316239315
            ],
            [
              53711.84371184371,
              14279.609279609278
            ],
            [
              53717.94871794871,
              14273.504273504273
            ],
            [
              53717.94871794871,
              14224.664224664224
            ],
            [
              53711.84371184371,
              14218.559218559218
            ],
            [
              53711.84371184371,
              14206.349206349205
            ],
            [
              53705.7387057387,
              14200.244200244199
            ],
            [
              53705.7387057387,
              14188.034188034188
            ],
            [
              53699.6336996337,
              14181.929181929181
            ],
            [
              53699.6336996337,
              14163.614163614162
            ],
            [
              53693.52869352869,
              14157.509157509157
            ],
            [
              53693.52869352869,
              14139.194139194138
            ],
            [
              53687.42368742368,
              14133.089133089132
            ],
            [
              53687.42368742368,
              14120.87912087912
            ],
            [
              53681.31868131868,
              14114.774114774114
            ],
            [
              53681.31868131868,
              14108.669108669108
            ],
            [
              53644.68864468864,
              14072.039072039071
            ],
            [
              53644.68864468864,
              14059.829059829059
            ],
            [
              53638.58363858364,
              14053.724053724052
            ],
            [
              53638.58363858364,
              14047.619047619046
            ],
            [
              53632.47863247863,
              14041.514041514041
            ],
            [
              53632.47863247863,
              14035.409035409035
            ],
            [
              53626.37362637362,
              14029.304029304029
            ],
            [
              53626.37362637362,
              14023.199023199022
            ],
            [
              53620.268620268616,
              14017.094017094016
            ],
            [
              53620.268620268616,
              14004.884004884005
            ],
            [
              53614.16361416361,
              13998.778998778998
            ],
            [
              53614.16361416361,
              13992.673992673992
            ],
            [
              53608.05860805861,
              13986.568986568986
            ],
            [
              53608.05860805861,
              13980.46398046398
            ],
            [
              53601.953601953595,
              13974.358974358973
            ],
            [
              53601.953601953595,
              13968.253968253968
            ],
            [
              53595.84859584859,
              13962.148962148962
            ],
            [
              53595.84859584859,
              13956.043956043955
            ],
            [
              53589.743589743586,
              13949.938949938949
            ],
            [
              53589.743589743586,
              13937.728937728936
            ],
            [
              53583.63858363858,
              13931.623931623932
            ],
            [
              53583.63858363858,
              13925.518925518925
            ],
            [
              53577.53357753358,
              13919.413919413919
            ],
            [
              53577.53357753358,
              13913.308913308912
            ],
            [
              53565.32356532356,
              13901.0989010989
            ],
            [
              53565.32356532356,
              13894.993894993893
            ],
            [
              53559.218559218556,
              13894.993894993893
            ],
            [
              53534.79853479853,
              13870.57387057387
            ],
            [
              53534.79853479853,
              13864.468864468863
            ],
            [
              53528.693528693526,
              13858.363858363857
            ],
            [
              53528.693528693526,
              13815.628815628816
            ],
            [
              53510.378510378505,
              13797.313797313796
            ],
            [
              53504.2735042735,
              13797.313797313796
            ],
            [
              53498.168498168496,
              13791.20879120879
            ],
            [
              53479.853479853475,
              13791.20879120879
            ],
            [
              53473.74847374847,
              13785.103785103784
            ],
            [
              53467.643467643466,
              13785.103785103784
            ],
            [
              53461.53846153846,
              13778.998778998779
            ],
            [
              53455.43345543345,
              13778.998778998779
            ],
            [
              53449.328449328445,
              13772.893772893773
            ],
            [
              53443.22344322344,
              13772.893772893773
            ],
            [
              53431.01343101343,
              13760.68376068376
            ],
            [
              53424.90842490842,
              13760.68376068376
            ],
            [
              53418.803418803414,
              13754.578754578753
            ],
            [
              53406.593406593405,
              13754.578754578753
            ],
            [
              53400.4884004884,
              13748.473748473747
            ],
            [
              53388.278388278384,
              13748.473748473747
            ],
            [
              53369.96336996336,
              13730.15873015873
            ],
            [
              53369.96336996336,
              13724.053724053723
            ],
            [
              53357.753357753354,
              13711.84371184371
            ],
            [
              53357.753357753354,
              13705.738705738704
            ],
            [
              53351.64835164835,
              13699.6336996337
            ],
            [
              53351.64835164835,
              13693.528693528693
            ],
            [
              53345.543345543345,
              13687.423687423687
            ],
            [
              53345.543345543345,
              13681.31868131868
            ],
            [
              53339.43833943833,
              13675.213675213674
            ],
            [
              53339.43833943833,
              13669.108669108668
            ],
            [
              53290.59829059829,
              13620.26862026862
            ],
            [
              53290.59829059829,
              13614.163614163614
            ],
            [
              53278.38827838827,
              13601.9536019536
            ],
            [
              53278.38827838827,
              13595.848595848594
            ],
            [
              53272.28327228327,
              13589.743589743588
            ],
            [
              53272.28327228327,
              13565.323565323564
            ],
            [
              53266.17826617826,
              13559.218559218558
            ],
            [
              53266.17826617826,
              13553.113553113551
            ],
            [
              53260.07326007326,
              13547.008547008547
            ],
            [
              53260.07326007326,
              13540.90354090354
            ],
            [
              53253.96825396825,
              13534.798534798534
            ],
            [
              53253.96825396825,
              13528.693528693528
            ],
            [
              53247.86324786324,
              13522.588522588521
            ],
            [
              53247.86324786324,
              13516.483516483515
            ],
            [
              53235.65323565323,
              13504.273504273504
            ],
            [
              53235.65323565323,
              13498.168498168498
            ],
            [
              53217.33821733821,
              13479.853479853478
            ],
            [
              53217.33821733821,
              13455.433455433455
            ],
            [
              53223.44322344322,
              13449.328449328448
            ],
            [
              53223.44322344322,
              13431.01343101343
            ],
            [
              53217.33821733821,
              13424.908424908424
            ],
            [
              53217.33821733821,
              13418.803418803418
            ],
            [
              53211.23321123321,
              13412.698412698412
            ],
            [
              53211.23321123321,
              13406.593406593405
            ],
            [
              53199.0231990232,
              13394.383394383394
            ],
            [
              53199.0231990232,
              13388.278388278388
            ],
            [
              53192.91819291819,
              13382.173382173381
            ],
            [
              53192.91819291819,
              13333.333333333332
            ],
            [
              53186.81318681318,
              13327.228327228326
            ],
            [
              53186.81318681318,
              13321.123321123321
            ],
            [
              53168.49816849817,
              13302.808302808302
            ],
            [
              53162.39316239316,
              13302.808302808302
            ],
            [
              53156.28815628815,
              13296.703296703296
            ],
            [
              53137.97313797314,
              13296.703296703296
            ],
            [
              53131.86813186813,
              13290.59829059829
            ],
            [
              53131.86813186813,
              13241.758241758242
            ],
            [
              53125.76312576312,
              13241.758241758242
            ],
            [
              53119.65811965812,
              13235.653235653235
            ],
            [
              53119.65811965812,
              13211.23321123321
            ],
            [
              53113.55311355311,
              13205.128205128205
            ],
            [
              53113.55311355311,
              13192.918192918192
            ],
            [
              53076.92307692307,
              13156.288156288156
            ],
            [
              53076.92307692307,
              13150.18315018315
            ],
            [
              53064.71306471306,
              13137.973137973137
            ],
            [
              53064.71306471306,
              13131.868131868132
            ],
            [
              53058.60805860806,
              13125.763125763126
            ],
            [
              53058.60805860806,
              13119.65811965812
            ],
            [
              53052.50305250305,
              13113.553113553113
            ],
            [
              53052.50305250305,
              13101.3431013431
            ],
            [
              53046.39804639804,
              13095.238095238094
            ],
            [
              53046.39804639804,
              13076.923076923076
            ],
            [
              53040.293040293036,
              13070.81807081807
            ],
            [
              53009.768009768006,
              13070.81807081807
            ]
          ]
        ]
      }
    },
    {
      "type": "Feature",
      "properties": {
        "class_id": 2,
        "classification": "Fold",
        "area": 782.6930903853979
      },
      "geometry": {
        "type": "Polygon",
        "coordinates": [
          [
            [
              23766.788766788766,
              9352.869352869353
            ],
            [
              23766.788766788766,
              9371.18437118437
            ],
            [
              23815.628815628814,
              9371.18437118437
            ],
            [
              23815.628815628814,
              9365.079365079364
            ],
            [
              23809.52380952381,
              9358.974358974358
            ],
            [
              23803.4188034188,
              9358.974358974358
            ],
            [
              23797.313797313796,
              9352.869352869353
            ],
            [
              23766.788766788766,
              9352.869352869353
            ]
          ]
        ]
      }
    },
    {
      "type": "Feature",
      "properties": {
        "class_id": 2,
        "classification": "Fold",
        "area": 391.34654519269895
      },
      "geometry": {
        "type": "Polygon",
        "coordinates": [
          [
            [
              12783.882783882784,
              9352.869352869353
            ],
            [
              12777.777777777777,
              9358.974358974358
            ],
            [
              12765.567765567765,
              9358.974358974358
            ],
            [
              12759.462759462758,
              9365.079365079364
            ],
            [
              12753.357753357752,
              9365.079365079364
            ],
            [
              12753.357753357752,
              9371.18437118437
            ],
            [
              12789.987789987788,
              9371.18437118437
            ],
            [
              12789.987789987788,
              9365.079365079364
            ],
            [
              12783.882783882784,
              9358.974358974358
            ],
            [
              12783.882783882784,
              9352.869352869353
            ]
          ]
        ]
      }
    },
    {
      "type": "Feature",
      "properties": {
        "class_id": 2,
        "classification": "Fold",
        "area": 3112.136811770511
      },
      "geometry": {
        "type": "Polygon",
        "coordinates": [
          [
            [
              13687.423687423687,
              9316.239316239316
            ],
            [
              13681.31868131868,
              9322.344322344321
            ],
            [
              13681.31868131868,
              9358.974358974358
            ],
            [
              13675.213675213674,
              9365.079365079364
            ],
            [
              13675.213675213674,
              9371.18437118437
            ],
            [
              13766.788766788766,
              9371.18437118437
            ],
            [
              13766.788766788766,
              9365.079365079364
            ],
            [
              13760.68376068376,
              9365.079365079364
            ],
            [
              13754.578754578753,
              9358.974358974358
            ],
            [
              13748.473748473747,
              9358.974358974358
            ],
            [
              13730.15873015873,
              9340.65934065934
            ],
            [
              13730.15873015873,
              9334.554334554334
            ],
            [
              13711.84371184371,
              9316.239316239316
            ],
            [
              13687.423687423687,
              9316.239316239316
            ]
          ]
        ]
      }
    },
    {
      "type": "Feature",
      "properties": {
        "class_id": 2,
        "classification": "Fold",
        "area": 2459.8925697826794
      },
      "geometry": {
        "type": "Polygon",
        "coordinates": [
          [
            [
              13913.308913308912,
              9267.399267399267
            ],
            [
              13913.308913308912,
              9285.714285714284
            ],
            [
              13919.413919413919,
              9291.81929181929
            ],
            [
              13919.413919413919,
              9297.924297924297
            ],
            [
              13962.148962148962,
              9340.65934065934
            ],
            [
              13962.148962148962,
              9358.974358974358
            ],
            [
              13956.043956043955,
              9365.079365079364
            ],
            [
              13956.043956043955,
              9371.18437118437
            ],
            [
              13974.358974358973,
              9371.18437118437
            ],
            [
              13974.358974358973,
              9365.079365079364
            ],
            [
              13968.253968253968,
              9358.974358974358
            ],
            [
              13974.358974358973,
              9352.869352869353
            ],
            [
              13980.46398046398,
              9352.869352869353
            ],
            [
              13986.568986568986,
              9346.764346764347
            ],
            [
              13980.46398046398,
              9340.65934065934
            ],
            [
              13980.46398046398,
              9334.554334554334
            ],
            [
              13974.358974358973,
              9328.449328449327
            ],
            [
              13974.358974358973,
              9322.344322344321
            ],
            [
              13968.253968253968,
              9316.239316239316
            ],
            [
              13968.253968253968,
              9310.13431013431
            ],
            [
              13937.728937728936,
              9279.60927960928
            ],
            [
              13931.623931623932,
              9279.60927960928
            ],
            [
              13925.518925518925,
              9273.504273504273
            ],
            [
              13919.413919413919,
              9273.504273504273
            ],
            [
              13913.308913308912,
              9267.399267399267
            ]
          ]
        ]
      }
    },
    {
      "type": "Feature",
      "properties": {
        "class_id": 2,
        "classification": "Fold",
        "area": 37.27109954216181
      },
      "geometry": {
        "type": "Polygon",
        "coordinates": [
          [
            [
              13742.36874236874,
              9224.664224664224
            ],
            [
              13754.578754578753,
              9224.664224664224
            ],
            [
              13760.68376068376,
              9230.76923076923
            ],
            [
              13785.103785103784,
              9230.76923076923
            ],
            [
              13766.788766788766,
              9230.76923076923
            ],
            [
              13760.68376068376,
              9224.664224664224
            ],
            [
              13742.36874236874,
              9224.664224664224
            ]
          ]
        ]
      }
    },
    {
      "type": "Feature",
      "properties": {
        "class_id": 2,
        "classification": "Fold",
        "area": 19325.065112610897
      },
      "geometry": {
        "type": "Polygon",
        "coordinates": [
          [
            [
              90665.44566544566,
              9169.719169719168
            ],
            [
              90659.34065934065,
              9175.824175824175
            ],
            [
              90647.13064713065,
              9175.824175824175
            ],
            [
              90647.13064713065,
              9371.18437118437
            ],
            [
              90750.91575091575,
              9371.18437118437
            ],
            [
              90750.91575091575,
              9328.449328449327
            ],
            [
              90757.02075702076,
              9322.344322344321
            ],
            [
              90757.02075702076,
              9316.239316239316
            ],
            [
              90769.23076923077,
              9304.029304029304
            ],
            [
              90769.23076923077,
              9297.924297924297
            ],
            [
              90775.33577533577,
              9291.81929181929
            ],
            [
              90775.33577533577,
              9267.399267399267
            ],
            [
              90769.23076923077,
              9267.399267399267
            ],
            [
              90763.12576312576,
              9261.29426129426
            ],
            [
              90744.81074481073,
              9261.29426129426
            ],
            [
              90738.70573870573,
              9255.189255189254
            ],
            [
              90732.60073260072,
              9255.189255189254
            ],
            [
              90720.39072039071,
              9242.979242979243
            ],
            [
              90720.39072039071,
              9218.559218559218
            ],
            [
              90726.49572649572,
              9212.454212454211
            ],
            [
              90726.49572649572,
              9200.2442002442
            ],
            [
              90720.39072039071,
              9194.139194139194
            ],
            [
              90720.39072039071,
              9188.034188034188
            ],
            [
              90714.28571428571,
              9181.929181929181
            ],
            [
              90714.28571428571,
              9175.824175824175
            ],
            [
              90708.1807081807,
              9175.824175824175
            ],
            [
              90702.0757020757,
              9169.719169719168
            ],
            [
              90665.44566544566,
              9169.719169719168
            ]
          ]
        ]
      }
    },
    {
      "type": "Feature",
      "properties": {
        "class_id": 2,
        "classification": "Fold",
        "area": 9690.48588096207
      },
      "geometry": {
        "type": "Polygon",
        "coordinates": [
          [
            [
              112527.47252747252,
              9126.984126984127
            ],
            [
              112527.47252747252,
              9371.18437118437
            ],
            [
              112582.41758241758,
              9371.18437118437
            ],
            [
              112582.41758241758,
              9358.974358974358
            ],
            [
              112570.20757020757,
              9346.764346764347
            ],
            [
              112570.20757020757,
              9340.65934065934
            ],
            [
              112557.99755799756,
              9328.449328449327
            ],
            [
              112557.99755799756,
              9322.344322344321
            ],
            [
              112551.89255189254,
              9316.239316239316
            ],
            [
              112551.89255189254,
              9285.714285714284
            ],
            [
              112557.99755799756,
              9279.60927960928
            ],
            [
              112557.99755799756,
              9273.504273504273
            ],
            [
              112576.31257631257,
              9255.189255189254
            ],
            [
              112576.31257631257,
              9242.979242979243
            ],
            [
              112582.41758241758,
              9236.874236874237
            ],
            [
              112582.41758241758,
              9200.2442002442
            ],
            [
              112576.31257631257,
              9194.139194139194
            ],
            [
              112576.31257631257,
              9175.824175824175
            ],
            [
              112570.20757020757,
              9169.719169719168
            ],
            [
              112570.20757020757,
              9163.614163614164
            ],
            [
              112539.68253968253,
              9133.089133089132
            ],
            [
              112533.57753357753,
              9133.089133089132
            ],
            [
              112527.47252747252,
              9126.984126984127
            ]
          ]
        ]
      }
    },
    {
      "type": "Feature",
      "properties": {
        "class_id": 2,
        "classification": "Fold",
        "area": 3503.4833569632096
      },
      "geometry": {
        "type": "Polygon",
        "coordinates": [
          [
            [
              90683.76068376067,
              8815.628815628816
            ],
            [
              90671.55067155066,
              8827.838827838827
            ],
            [
              90665.44566544566,
              8827.838827838827
            ],
            [
              90653.23565323565,
              8840.04884004884
            ],
            [
              90647.13064713065,
              8840.04884004884
            ],
            [
              90647.13064713065,
              8968.253968253968
            ],
            [
              90659.34065934065,
              8968.253968253968
            ],
            [
              90677.65567765567,
              8949.938949938949
            ],
            [
              90677.65567765567,
              8931.623931623932
            ],
            [
              90671.55067155066,
              8925.518925518925
            ],
            [
              90671.55067155066,
              8919.413919413919
            ],
            [
              90665.44566544566,
              8913.308913308912
            ],
            [
              90665.44566544566,
              8907.203907203906
            ],
            [
              90659.34065934065,
              8901.0989010989
            ],
            [
              90665.44566544566,
              8894.993894993895
            ],
            [
              90665.44566544566,
              8888.888888888889
            ],
            [
              90671.55067155066,
              8882.783882783882
            ],
            [
              90671.55067155066,
              8876.678876678876
            ],
            [
              90677.65567765567,
              8870.57387057387
            ],
            [
              90677.65567765567,
              8833.943833943833
            ],
            [
              90683.76068376067,
              8827.838827838827
            ],
            [
              90683.76068376067,
              8815.628815628816
            ]
          ]
        ]
      }
    },
    {
      "type": "Feature",
      "properties": {
        "class_id": 2,
        "classification": "Fold",
        "area": 155215.49404333284
      },
      "geometry": {
        "type": "Polygon",
        "coordinates": [
          [
            [
              109529.91452991452,
              6715.506715506715
            ],
            [
              109523.80952380951,
              6721.611721611721
            ],
            [
              109517.70451770451,
              6721.611721611721
            ],
            [
              109505.4945054945,
              6733.821733821734
            ],
            [
              109499.3894993895,
              6733.821733821734
            ],
            [
              109493.28449328449,
              6739.926739926739
            ],
            [
              109487.17948717948,
              6739.926739926739
            ],
            [
              109474.96947496948,
              6752.136752136752
            ],
            [
              109468.86446886446,
              6752.136752136752
            ],
            [
              109462.75946275945,
              6758.241758241757
            ],
            [
              109456.65445665445,
              6758.241758241757
            ],
            [
              109450.54945054944,
              6764.346764346764
            ],
            [
              109426.12942612942,
              6764.346764346764
            ],
            [
              109420.02442002442,
              6758.241758241757
            ],
            [
              109413.9194139194,
              6758.241758241757
            ],
            [
              109407.8144078144,
              6752.136752136752
            ],
            [
              109401.70940170939,
              6752.136752136752
            ],
            [
              109401.70940170939,
              6794.871794871794
            ],
            [
              109395.60439560439,
              6800.9768009768
            ],
            [
              109389.49938949938,
              6800.9768009768
            ],
            [
              109383.39438339438,
              6807.081807081807
            ],
            [
              109377.28937728937,
              6807.081807081807
            ],
            [
              109365.07936507936,
              6819.291819291819
            ],
            [
              109365.07936507936,
              6837.606837606837
            ],
            [
              109383.39438339438,
              6855.921855921855
            ],
            [
              109395.60439560439,
              6855.921855921855
            ],
            [
              109401.70940170939,
              6862.026862026862
            ],
            [
              109401.70940170939,
              6984.126984126984
            ],
            [
              109420.02442002442,
              6984.126984126984
            ],
            [
              109426.12942612942,
              6990.23199023199
            ],
            [
              109432.23443223443,
              6990.23199023199
            ],
            [
              109444.44444444444,
              7002.442002442002
            ],
            [
              109462.75946275945,
              7002.442002442002
            ],
            [
              109468.86446886446,
              7008.547008547008
            ],
            [
              109493.28449328449,
              7008.547008547008
            ],
            [
              109499.3894993895,
              7014.652014652014
            ],
            [
              109505.4945054945,
              7014.652014652014
            ],
            [
              109511.5995115995,
              7020.757020757021
            ],
            [
              109517.70451770451,
              7020.757020757021
            ],
            [
              109529.91452991452,
              7032.9670329670325
            ],
            [
              109554.33455433455,
              7032.9670329670325
            ],
            [
              109572.64957264956,
              7051.282051282051
            ],
            [
              109572.64957264956,
              7057.387057387057
            ],
            [
              109578.75457875457,
              7063.492063492063
            ],
            [
              109603.1746031746,
              7063.492063492063
            ],
            [
              109609.2796092796,
              7069.597069597069
            ],
            [
              109676.43467643467,
              7069.597069597069
            ],
            [
              109682.53968253967,
              7075.7020757020755
            ],
            [
              109700.85470085469,
              7075.7020757020755
            ],
            [
              109706.9597069597,
              7081.807081807081
            ],
            [
              109731.37973137973,
              7081.807081807081
            ],
            [
              109737.48473748473,
              7087.912087912087
            ],
            [
              109768.00976800977,
              7087.912087912087
            ],
            [
              109774.11477411477,
              7094.017094017094
            ],
            [
              109804.6398046398,
              7094.017094017094
            ],
            [
              109810.7448107448,
              7100.122100122099
            ],
            [
              109847.37484737484,
              7100.122100122099
            ],
            [
              109853.47985347985,
              7106.227106227106
            ],
            [
              109871.79487179486,
              7106.227106227106
            ],
            [
              109877.89987789986,
              7100.122100122099
            ],
            [
              109902.3199023199,
              7100.122100122099
            ],
            [
              109908.4249084249,
              7094.017094017094
            ],
            [
              109914.5299145299,
              7094.017094017094
            ],
            [
              109926.73992673992,
              7081.807081807081
            ],
            [
              109932.84493284492,
              7081.807081807081
            ],
            [
              109951.15995115995,
              7063.492063492063
            ],
            [
              109951.15995115995,
              7057.387057387057
            ],
            [
              109963.36996336996,
              7045.177045177044
            ],
            [
              109963.36996336996,
              7039.072039072039
            ],
            [
              109969.47496947496,
              7032.9670329670325
            ],
            [
              109969.47496947496,
              7026.862026862026
            ],
            [
              109975.57997557997,
              7020.757020757021
            ],
            [
              109975.57997557997,
              7014.652014652014
            ],
            [
              109981.68498168497,
              7008.547008547008
            ],
            [
              109981.68498168497,
              6965.811965811966
            ],
            [
              109975.57997557997,
              6959.706959706959
            ],
            [
              109975.57997557997,
              6947.496947496947
            ],
            [
              109969.47496947496,
              6941.391941391941
            ],
            [
              109969.47496947496,
              6929.181929181928
            ],
            [
              109963.36996336996,
              6923.076923076923
            ],
            [
              109963.36996336996,
              6916.9719169719165
            ],
            [
              109951.15995115995,
              6904.761904761905
            ],
            [
              109932.84493284492,
              6904.761904761905
            ],
            [
              109926.73992673992,
              6898.656898656898
            ],
            [
              109908.4249084249,
              6898.656898656898
            ],
            [
              109902.3199023199,
              6892.551892551892
            ],
            [
              109884.00488400488,
              6892.551892551892
            ],
            [
              109877.89987789986,
              6886.446886446886
            ],
            [
              109859.58485958485,
              6886.446886446886
            ],
            [
              109853.47985347985,
              6880.34188034188
            ],
            [
              109847.37484737484,
              6880.34188034188
            ],
            [
              109841.26984126984,
              6874.2368742368735
            ],
            [
              109835.16483516483,
              6874.2368742368735
            ],
            [
              109816.8498168498,
              6855.921855921855
            ],
            [
              109816.8498168498,
              6825.396825396825
            ],
            [
              109810.7448107448,
              6819.291819291819
            ],
            [
              109804.6398046398,
              6819.291819291819
            ],
            [
              109792.42979242979,
              6807.081807081807
            ],
            [
              109786.32478632478,
              6807.081807081807
            ],
            [
              109774.11477411477,
              6794.871794871794
            ],
            [
              109774.11477411477,
              6788.7667887667885
            ],
            [
              109768.00976800977,
              6782.661782661782
            ],
            [
              109761.90476190475,
              6788.7667887667885
            ],
            [
              109719.16971916972,
              6788.7667887667885
            ],
            [
              109706.9597069597,
              6776.556776556776
            ],
            [
              109706.9597069597,
              6764.346764346764
            ],
            [
              109694.74969474968,
              6752.136752136752
            ],
            [
              109664.22466422466,
              6752.136752136752
            ],
            [
              109658.11965811966,
              6746.031746031746
            ],
            [
              109639.80463980463,
              6746.031746031746
            ],
            [
              109633.69963369962,
              6739.926739926739
            ],
            [
              109615.38461538461,
              6739.926739926739
            ],
            [
              109609.2796092796,
              6733.821733821734
            ],
            [
              109597.0695970696,
              6733.821733821734
            ],
            [
              109590.96459096459,
              6727.716727716727
            ],
            [
              109584.85958485957,
              6727.716727716727
            ],
            [
              109578.75457875457,
              6721.611721611721
            ],
            [
              109566.54456654456,
              6721.611721611721
            ],
            [
              109560.43956043955,
              6715.506715506715
            ],
            [
              109529.91452991452,
              6715.506715506715
            ]
          ]
        ]
      }
    },
    {
      "type": "Feature",
      "properties": {
        "class_id": 2,
        "classification": "Fold",
        "area": 2254.901522300789
      },
      "geometry": {
        "type": "Polygon",
        "coordinates": [
          [
            [
              7478.6324786324785,
              6178.266178266178
            ],
            [
              7484.737484737484,
              6184.371184371184
            ],
            [
              7484.737484737484,
              6190.47619047619
            ],
            [
              7490.84249084249,
              6196.581196581196
            ],
            [
              7490.84249084249,
              6202.686202686203
            ],
            [
              7484.737484737484,
              6208.791208791208
            ],
            [
              7484.737484737484,
              6221.001221001221
            ],
            [
              7490.84249084249,
              6221.001221001221
            ],
            [
              7496.947496947497,
              6227.1062271062265
            ],
            [
              7527.472527472527,
              6227.1062271062265
            ],
            [
              7533.577533577533,
              6233.211233211233
            ],
            [
              7527.472527472527,
              6239.316239316239
            ],
            [
              7503.052503052502,
              6239.316239316239
            ],
            [
              7515.262515262515,
              6239.316239316239
            ],
            [
              7521.367521367521,
              6245.421245421245
            ],
            [
              7582.417582417582,
              6245.421245421245
            ],
            [
              7588.522588522588,
              6239.316239316239
            ],
            [
              7582.417582417582,
              6239.316239316239
            ],
            [
              7576.312576312575,
              6233.211233211233
            ],
            [
              7576.312576312575,
              6227.1062271062265
            ],
            [
              7564.1025641025635,
              6227.1062271062265
            ],
            [
              7557.997557997557,
              6221.001221001221
            ],
            [
              7545.787545787545,
              6221.001221001221
            ],
            [
              7539.682539682539,
              6214.896214896215
            ],
            [
              7527.472527472527,
              6214.896214896215
            ],
            [
              7521.367521367521,
              6208.791208791208
            ],
            [
              7515.262515262515,
              6208.791208791208
            ],
            [
              7509.157509157509,
              6202.686202686203
            ],
            [
              7503.052503052502,
              6202.686202686203
            ],
            [
              7478.6324786324785,
              6178.266178266178
            ]
          ]
        ]
      }
    },
    {
      "type": "Feature",
      "properties": {
        "class_id": 2,
        "classification": "Fold",
        "area": 186.35549771080903
      },
      "geometry": {
        "type": "Polygon",
        "coordinates": [
          [
            [
              7057.387057387057,
              5964.590964590964
            ],
            [
              7063.492063492063,
              5970.695970695971
            ],
            [
              7051.282051282051,
              5982.9059829059825
            ],
            [
              7039.072039072039,
              5982.9059829059825
            ],
            [
              7045.177045177044,
              5982.9059829059825
            ],
            [
              7051.282051282051,
              5989.010989010989
            ],
            [
              7069.597069597069,
              5989.010989010989
            ],
            [
              7063.492063492063,
              5982.9059829059825
            ],
            [
              7063.492063492063,
              5970.695970695971
            ],
            [
              7057.387057387057,
              5964.590964590964
            ]
          ]
        ]
      }
    },
    {
      "type": "Feature",
      "properties": {
        "class_id": 2,
        "classification": "Fold",
        "area": 55.90664931324271
      },
      "geometry": {
        "type": "Polygon",
        "coordinates": [
          [
            [
              105989.01098901099,
              2387.057387057387
            ],
            [
              105989.01098901099,
              2393.162393162393
            ],
            [
              105995.115995116,
              2393.162393162393
            ],
            [
              106001.221001221,
              2387.057387057387
            ],
            [
              105989.01098901099,
              2387.057387057387
            ]
          ]
        ]
      }
    },
    {
      "type": "Feature",
      "properties": {
        "class_id": 2,
        "classification": "Fold",
        "area": 1770.3772282526859
      },
      "geometry": {
        "type": "Polygon",
        "coordinates": [
          [
            [
              106031.74603174602,
              2240.5372405372405
            ],
            [
              106007.326007326,
              2264.9572649572647
            ],
            [
              106007.326007326,
              2271.062271062271
            ],
            [
              106013.431013431,
              2277.167277167277
            ],
            [
              106019.53601953601,
              2277.167277167277
            ],
            [
              106025.64102564102,
              2283.272283272283
            ],
            [
              106031.74603174602,
              2283.272283272283
            ],
            [
              106037.85103785103,
              2277.167277167277
            ],
            [
              106050.06105006105,
              2277.167277167277
            ],
            [
              106062.27106227106,
              2264.9572649572647
            ],
            [
              106068.37606837606,
              2264.9572649572647
            ],
            [
              106074.48107448107,
              2258.8522588522587
            ],
            [
              106062.27106227106,
              2246.6422466422464
            ],
            [
              106056.16605616605,
              2246.6422466422464
            ],
            [
              106050.06105006105,
              2240.5372405372405
            ],
            [
              106031.74603174602,
              2240.5372405372405
            ]
          ]
        ]
      }
    },
    {
      "type": "Feature",
      "properties": {
        "class_id": 2,
        "classification": "Fold",
        "area": 801.3286401564789
      },
      "geometry": {
        "type": "Polygon",
        "coordinates": [
          [
            [
              105964.59096459096,
              2191.6971916971916
            ],
            [
              105958.48595848595,
              2197.8021978021975
            ],
            [
              105958.48595848595,
              2203.907203907204
            ],
            [
              105952.38095238095,
              2210.01221001221
            ],
            [
              105958.48595848595,
              2216.117216117216
            ],
            [
              105958.48595848595,
              2222.222222222222
            ],
            [
              105976.80097680097,
              2222.222222222222
            ],
            [
              105989.01098901099,
              2210.01221001221
            ],
            [
              105989.01098901099,
              2203.907203907204
            ],
            [
              105976.80097680097,
              2191.6971916971916
            ],
            [
              105964.59096459096,
              2191.6971916971916
            ]
          ]
        ]
      }
    },
    {
      "type": "Feature",
      "properties": {
        "class_id": 3,
        "classification": "Darkspot & Foreign Object",
        "area": 136076.78442843276
      },
      "geometry": {
        "type": "Polygon",
        "coordinates": [
          [
            [
              18730.158730158728,
              49487.179487179485
            ],
            [
              18724.053724053723,
              49493.28449328449
            ],
            [
              18717.948717948715,
              49493.28449328449
            ],
            [
              18687.423687423685,
              49523.80952380952
            ],
            [
              18644.688644688642,
              49523.80952380952
            ],
            [
              18638.583638583637,
              49529.914529914524
            ],
            [
              18632.478632478633,
              49529.914529914524
            ],
            [
              18626.373626373625,
              49536.019536019536
            ],
            [
              18620.26862026862,
              49536.019536019536
            ],
            [
              18608.058608058607,
              49548.229548229545
            ],
            [
              18601.953601953603,
              49548.229548229545
            ],
            [
              18595.848595848594,
              49554.33455433455
            ],
            [
              18583.63858363858,
              49554.33455433455
            ],
            [
              18577.533577533577,
              49560.439560439554
            ],
            [
              18571.42857142857,
              49560.439560439554
            ],
            [
              18565.323565323564,
              49566.544566544566
            ],
            [
              18553.11355311355,
              49566.544566544566
            ],
            [
              18547.008547008547,
              49572.64957264957
            ],
            [
              18540.90354090354,
              49572.64957264957
            ],
            [
              18534.798534798534,
              49578.754578754575
            ],
            [
              18522.58852258852,
              49578.754578754575
            ],
            [
              18516.483516483517,
              49584.85958485958
            ],
            [
              18504.273504273504,
              49584.85958485958
            ],
            [
              18498.168498168496,
              49590.96459096459
            ],
            [
              18485.958485958487,
              49590.96459096459
            ],
            [
              18479.85347985348,
              49597.069597069596
            ],
            [
              18473.748473748474,
              49597.069597069596
            ],
            [
              18467.643467643466,
              49603.1746031746
            ],
            [
              18461.53846153846,
              49603.1746031746
            ],
            [
              18461.53846153846,
              49609.279609279605
            ],
            [
              18449.32844932845,
              49621.48962148962
            ],
            [
              18449.32844932845,
              49633.69963369963
            ],
            [
              18443.223443223444,
              49639.804639804635
            ],
            [
              18443.223443223444,
              49658.11965811966
            ],
            [
              18437.118437118435,
              49664.22466422466
            ],
            [
              18437.118437118435,
              49676.43467643467
            ],
            [
              18431.01343101343,
              49682.53968253968
            ],
            [
              18431.01343101343,
              49688.64468864469
            ],
            [
              18424.908424908423,
              49694.74969474969
            ],
            [
              18424.908424908423,
              49700.854700854696
            ],
            [
              18412.69841269841,
              49713.06471306471
            ],
            [
              18412.69841269841,
              49719.16971916972
            ],
            [
              18406.593406593405,
              49725.27472527472
            ],
            [
              18406.593406593405,
              49737.48473748474
            ],
            [
              18400.4884004884,
              49743.58974358974
            ],
            [
              18400.4884004884,
              49774.11477411477
            ],
            [
              18394.383394383392,
              49780.21978021978
            ],
            [
              18400.4884004884,
              49786.32478632478
            ],
            [
              18400.4884004884,
              49810.74481074481
            ],
            [
              18406.593406593405,
              49816.84981684981
            ],
            [
              18406.593406593405,
              49829.05982905983
            ],
            [
              18418.803418803418,
              49841.26984126984
            ],
            [
              18418.803418803418,
              49847.37484737484
            ],
            [
              18424.908424908423,
              49847.37484737484
            ],
            [
              18431.01343101343,
              49853.479853479854
            ],
            [
              18437.118437118435,
              49853.479853479854
            ],
            [
              18443.223443223444,
              49859.58485958486
            ],
            [
              18449.32844932845,
              49859.58485958486
            ],
            [
              18455.433455433453,
              49853.479853479854
            ],
            [
              18510.37851037851,
              49853.479853479854
            ],
            [
              18540.90354090354,
              49884.004884004884
            ],
            [
              18540.90354090354,
              49890.10989010989
            ],
            [
              18547.008547008547,
              49896.21489621489
            ],
            [
              18547.008547008547,
              49926.73992673992
            ],
            [
              18522.58852258852,
              49951.15995115995
            ],
            [
              18516.483516483517,
              49951.15995115995
            ],
            [
              18510.37851037851,
              49957.26495726495
            ],
            [
              18492.06349206349,
              49957.26495726495
            ],
            [
              18485.958485958487,
              49963.36996336996
            ],
            [
              18467.643467643466,
              49963.36996336996
            ],
            [
              18461.53846153846,
              49969.47496947497
            ],
            [
              18443.223443223444,
              49969.47496947497
            ],
            [
              18437.118437118435,
              49975.579975579974
            ],
            [
              18424.908424908423,
              49975.579975579974
            ],
            [
              18418.803418803418,
              49981.68498168498
            ],
            [
              18412.69841269841,
              49981.68498168498
            ],
            [
              18400.4884004884,
              49993.89499389499
            ],
            [
              18400.4884004884,
              50006.105006105005
            ],
            [
              18748.47374847375,
              50006.105006105005
            ],
            [
              18748.47374847375,
              49499.389499389494
            ],
            [
              18742.36874236874,
              49493.28449328449
            ],
            [
              18736.263736263736,
              49493.28449328449
            ],
            [
              18730.158730158728,
              49487.179487179485
            ]
          ]
        ]
      }
    },
    {
      "type": "Feature",
      "properties": {
        "class_id": 3,
        "classification": "Darkspot & Foreign Object",
        "area": 26630.20062287461
      },
      "geometry": {
        "type": "Polygon",
        "coordinates": [
          [
            [
              22625.152625152623,
              49059.829059829055
            ],
            [
              22619.04761904762,
              49065.93406593406
            ],
            [
              22612.94261294261,
              49065.93406593406
            ],
            [
              22600.7326007326,
              49078.144078144076
            ],
            [
              22594.627594627593,
              49078.144078144076
            ],
            [
              22551.89255189255,
              49120.879120879115
            ],
            [
              22539.682539682537,
              49120.879120879115
            ],
            [
              22533.577533577532,
              49126.98412698413
            ],
            [
              22527.472527472528,
              49126.98412698413
            ],
            [
              22521.36752136752,
              49120.879120879115
            ],
            [
              22515.262515262515,
              49126.98412698413
            ],
            [
              22496.947496947494,
              49126.98412698413
            ],
            [
              22484.737484737485,
              49139.19413919414
            ],
            [
              22484.737484737485,
              49145.29914529914
            ],
            [
              22478.632478632477,
              49151.404151404146
            ],
            [
              22478.632478632477,
              49224.66422466422
            ],
            [
              22484.737484737485,
              49230.76923076923
            ],
            [
              22484.737484737485,
              49236.87423687423
            ],
            [
              22515.262515262515,
              49267.39926739926
            ],
            [
              22521.36752136752,
              49267.39926739926
            ],
            [
              22539.682539682537,
              49285.71428571428
            ],
            [
              22539.682539682537,
              49291.81929181929
            ],
            [
              22551.89255189255,
              49304.0293040293
            ],
            [
              22551.89255189255,
              49310.13431013431
            ],
            [
              22564.102564102563,
              49322.34432234432
            ],
            [
              22564.102564102563,
              49328.44932844932
            ],
            [
              22570.207570207567,
              49334.554334554334
            ],
            [
              22570.207570207567,
              49340.65934065934
            ],
            [
              22582.41758241758,
              49352.86935286935
            ],
            [
              22588.52258852259,
              49346.76434676434
            ],
            [
              22588.52258852259,
              49340.65934065934
            ],
            [
              22594.627594627593,
              49334.554334554334
            ],
            [
              22594.627594627593,
              49322.34432234432
            ],
            [
              22600.7326007326,
              49316.23931623931
            ],
            [
              22600.7326007326,
              49304.0293040293
            ],
            [
              22606.837606837606,
              49297.92429792429
            ],
            [
              22606.837606837606,
              49285.71428571428
            ],
            [
              22612.94261294261,
              49279.60927960928
            ],
            [
              22612.94261294261,
              49267.39926739926
            ],
            [
              22619.04761904762,
              49261.29426129426
            ],
            [
              22619.04761904762,
              49249.08424908425
            ],
            [
              22625.152625152623,
              49242.97924297924
            ],
            [
              22625.152625152623,
              49096.4590964591
            ],
            [
              22631.25763125763,
              49090.354090354085
            ],
            [
              22625.152625152623,
              49084.24908424908
            ],
            [
              22625.152625152623,
              49059.829059829055
            ]
          ]
        ]
      }
    },
    {
      "type": "Feature",
      "properties": {
        "class_id": 3,
        "classification": "Darkspot & Foreign Object",
        "area": 38370.59697865558
      },
      "geometry": {
        "type": "Polygon",
        "coordinates": [
          [
            [
              18083.028083028083,
              48974.35897435897
            ],
            [
              18083.028083028083,
              48992.67399267399
            ],
            [
              18076.923076923074,
              48998.778998778995
            ],
            [
              18076.923076923074,
              49010.98901098901
            ],
            [
              18070.81807081807,
              49017.094017094016
            ],
            [
              18070.81807081807,
              49023.19902319902
            ],
            [
              18064.713064713065,
              49029.304029304025
            ],
            [
              18064.713064713065,
              49035.40903540903
            ],
            [
              18058.608058608057,
              49041.51404151404
            ],
            [
              18058.608058608057,
              49047.619047619046
            ],
            [
              18052.503052503052,
              49053.72405372405
            ],
            [
              18052.503052503052,
              49065.93406593406
            ],
            [
              18040.29304029304,
              49078.144078144076
            ],
            [
              18040.29304029304,
              49084.24908424908
            ],
            [
              18034.18803418803,
              49090.354090354085
            ],
            [
              18003.663003663,
              49090.354090354085
            ],
            [
              17960.92796092796,
              49047.619047619046
            ],
            [
              17960.92796092796,
              49041.51404151404
            ],
            [
              17954.822954822954,
              49035.40903540903
            ],
            [
              17954.822954822954,
              49029.304029304025
            ],
            [
              17948.71794871795,
              49023.19902319902
            ],
            [
              17948.71794871795,
              49010.98901098901
            ],
            [
              17930.402930402928,
              48992.67399267399
            ],
            [
              17924.297924297924,
              48992.67399267399
            ],
            [
              17918.192918192915,
              48986.568986568986
            ],
            [
              17912.08791208791,
              48986.568986568986
            ],
            [
              17905.982905982906,
              48992.67399267399
            ],
            [
              17887.667887667885,
              48992.67399267399
            ],
            [
              17881.56288156288,
              48998.778998778995
            ],
            [
              17875.457875457876,
              48998.778998778995
            ],
            [
              17869.352869352868,
              49004.884004884
            ],
            [
              17869.352869352868,
              49010.98901098901
            ],
            [
              17863.247863247863,
              49017.094017094016
            ],
            [
              17863.247863247863,
              49035.40903540903
            ],
            [
              17857.142857142855,
              49041.51404151404
            ],
            [
              17857.142857142855,
              49072.03907203907
            ],
            [
              17863.247863247863,
              49078.144078144076
            ],
            [
              17863.247863247863,
              49108.669108669106
            ],
            [
              17869.352869352868,
              49114.77411477411
            ],
            [
              17869.352869352868,
              49133.08913308913
            ],
            [
              17875.457875457876,
              49139.19413919414
            ],
            [
              17875.457875457876,
              49151.404151404146
            ],
            [
              17887.667887667885,
              49163.61416361416
            ],
            [
              17887.667887667885,
              49169.71916971917
            ],
            [
              17905.982905982906,
              49188.03418803419
            ],
            [
              17912.08791208791,
              49188.03418803419
            ],
            [
              17918.192918192915,
              49194.13919413919
            ],
            [
              17924.297924297924,
              49194.13919413919
            ],
            [
              17930.402930402928,
              49200.2442002442
            ],
            [
              17997.557997557997,
              49200.2442002442
            ],
            [
              18003.663003663,
              49194.13919413919
            ],
            [
              18015.873015873014,
              49194.13919413919
            ],
            [
              18021.978021978022,
              49188.03418803419
            ],
            [
              18028.083028083027,
              49188.03418803419
            ],
            [
              18034.18803418803,
              49181.929181929176
            ],
            [
              18040.29304029304,
              49181.929181929176
            ],
            [
              18046.398046398044,
              49175.82417582417
            ],
            [
              18052.503052503052,
              49175.82417582417
            ],
            [
              18076.923076923074,
              49151.404151404146
            ],
            [
              18076.923076923074,
              49145.29914529914
            ],
            [
              18107.448107448105,
              49114.77411477411
            ],
            [
              18107.448107448105,
              49108.669108669106
            ],
            [
              18125.763125763126,
              49090.354090354085
            ],
            [
              18125.763125763126,
              49084.24908424908
            ],
            [
              18131.86813186813,
              49078.144078144076
            ],
            [
              18131.86813186813,
              49065.93406593406
            ],
            [
              18137.97313797314,
              49059.829059829055
            ],
            [
              18137.97313797314,
              49023.19902319902
            ],
            [
              18131.86813186813,
              49017.094017094016
            ],
            [
              18131.86813186813,
              49010.98901098901
            ],
            [
              18113.553113553113,
              48992.67399267399
            ],
            [
              18107.448107448105,
              48992.67399267399
            ],
            [
              18095.238095238095,
              48980.46398046398
            ],
            [
              18089.133089133087,
              48980.46398046398
            ],
            [
              18083.028083028083,
              48974.35897435897
            ]
          ]
        ]
      }
    },
    {
      "type": "Feature",
      "properties": {
        "class_id": 3,
        "classification": "Darkspot & Foreign Object",
        "area": 4435.260845517255
      },
      "geometry": {
        "type": "Polygon",
        "coordinates": [
          [
            [
              15946.275946275946,
              47942.61294261294
            ],
            [
              15934.065934065933,
              47954.82295482295
            ],
            [
              15934.065934065933,
              47960.927960927955
            ],
            [
              15927.960927960927,
              47967.03296703297
            ],
            [
              15927.960927960927,
              47997.557997558
            ],
            [
              15921.85592185592,
              48003.663003663
            ],
            [
              15921.85592185592,
              48015.87301587301
            ],
            [
              15915.750915750914,
              48021.97802197802
            ],
            [
              15915.750915750914,
              48040.293040293036
            ],
            [
              15909.64590964591,
              48046.39804639804
            ],
            [
              15909.64590964591,
              48058.60805860806
            ],
            [
              15915.750915750914,
              48064.71306471306
            ],
            [
              15915.750915750914,
              48070.818070818066
            ],
            [
              15921.85592185592,
              48076.92307692307
            ],
            [
              15921.85592185592,
              48083.02808302808
            ],
            [
              15927.960927960927,
              48089.13308913309
            ],
            [
              15927.960927960927,
              48095.23809523809
            ],
            [
              15934.065934065933,
              48101.343101343096
            ],
            [
              15940.17094017094,
              48101.343101343096
            ],
            [
              15946.275946275946,
              48095.23809523809
            ],
            [
              15946.275946275946,
              48089.13308913309
            ],
            [
              15952.380952380952,
              48083.02808302808
            ],
            [
              15952.380952380952,
              48052.50305250305
            ],
            [
              15946.275946275946,
              48046.39804639804
            ],
            [
              15946.275946275946,
              48003.663003663
            ],
            [
              15952.380952380952,
              47997.557997558
            ],
            [
              15952.380952380952,
              47985.34798534798
            ],
            [
              15958.485958485957,
              47979.242979242976
            ],
            [
              15958.485958485957,
              47948.717948717946
            ],
            [
              15952.380952380952,
              47942.61294261294
            ],
            [
              15946.275946275946,
              47942.61294261294
            ]
          ]
        ]
      }
    },
    {
      "type": "Feature",
      "properties": {
        "class_id": 3,
        "classification": "Darkspot & Foreign Object",
        "area": 124000.94817677233
      },
      "geometry": {
        "type": "Polygon",
        "coordinates": [
          [
            [
              16739.926739926737,
              47820.51282051282
            ],
            [
              16733.821733821733,
              47826.617826617825
            ],
            [
              16715.506715506715,
              47826.617826617825
            ],
            [
              16709.401709401707,
              47832.72283272283
            ],
            [
              16697.191697191694,
              47832.72283272283
            ],
            [
              16691.08669108669,
              47838.827838827834
            ],
            [
              16684.981684981685,
              47838.827838827834
            ],
            [
              16672.771672771672,
              47851.03785103785
            ],
            [
              16666.666666666664,
              47851.03785103785
            ],
            [
              16648.351648351647,
              47869.352869352864
            ],
            [
              16648.351648351647,
              47875.457875457876
            ],
            [
              16642.246642246642,
              47881.56288156288
            ],
            [
              16642.246642246642,
              47887.667887667885
            ],
            [
              16636.141636141634,
              47893.77289377289
            ],
            [
              16636.141636141634,
              47905.982905982906
            ],
            [
              16630.03663003663,
              47912.08791208791
            ],
            [
              16630.03663003663,
              47924.29792429792
            ],
            [
              16623.93162393162,
              47930.402930402925
            ],
            [
              16623.93162393162,
              47942.61294261294
            ],
            [
              16617.826617826617,
              47948.717948717946
            ],
            [
              16617.826617826617,
              47954.82295482295
            ],
            [
              16611.721611721612,
              47960.927960927955
            ],
            [
              16611.721611721612,
              47973.13797313797
            ],
            [
              16605.616605616604,
              47979.242979242976
            ],
            [
              16605.616605616604,
              47985.34798534798
            ],
            [
              16599.5115995116,
              47991.45299145299
            ],
            [
              16599.5115995116,
              48003.663003663
            ],
            [
              16593.40659340659,
              48009.768009768006
            ],
            [
              16593.40659340659,
              48021.97802197802
            ],
            [
              16587.301587301587,
              48028.08302808303
            ],
            [
              16587.301587301587,
              48089.13308913309
            ],
            [
              16593.40659340659,
              48095.23809523809
            ],
            [
              16593.40659340659,
              48113.55311355311
            ],
            [
              16599.5115995116,
              48119.65811965812
            ],
            [
              16599.5115995116,
              48131.86813186813
            ],
            [
              16605.616605616604,
              48137.97313797314
            ],
            [
              16605.616605616604,
              48144.07814407814
            ],
            [
              16611.721611721612,
              48150.18315018315
            ],
            [
              16611.721611721612,
              48156.28815628815
            ],
            [
              16617.826617826617,
              48162.39316239316
            ],
            [
              16617.826617826617,
              48168.49816849817
            ],
            [
              16636.141636141634,
              48186.81318681318
            ],
            [
              16636.141636141634,
              48192.91819291819
            ],
            [
              16648.351648351647,
              48205.1282051282
            ],
            [
              16648.351648351647,
              48211.23321123321
            ],
            [
              16654.456654456655,
              48217.33821733821
            ],
            [
              16654.456654456655,
              48223.44322344322
            ],
            [
              16660.56166056166,
              48229.54822954823
            ],
            [
              16660.56166056166,
              48247.86324786324
            ],
            [
              16666.666666666664,
              48253.968253968254
            ],
            [
              16666.666666666664,
              48272.28327228327
            ],
            [
              16672.771672771672,
              48278.38827838827
            ],
            [
              16672.771672771672,
              48284.493284493285
            ],
            [
              16678.876678876677,
              48290.59829059829
            ],
            [
              16678.876678876677,
              48296.703296703294
            ],
            [
              16684.981684981685,
              48302.8083028083
            ],
            [
              16691.08669108669,
              48302.8083028083
            ],
            [
              16697.191697191694,
              48308.9133089133
            ],
            [
              16703.296703296703,
              48308.9133089133
            ],
            [
              16709.401709401707,
              48315.018315018315
            ],
            [
              16715.506715506715,
              48315.018315018315
            ],
            [
              16739.926739926737,
              48290.59829059829
            ],
            [
              16746.031746031746,
              48290.59829059829
            ],
            [
              16758.24175824176,
              48278.38827838827
            ],
            [
              16764.346764346763,
              48278.38827838827
            ],
            [
              16782.66178266178,
              48260.07326007326
            ],
            [
              16788.76678876679,
              48260.07326007326
            ],
            [
              16831.50183150183,
              48217.33821733821
            ],
            [
              16837.606837606836,
              48217.33821733821
            ],
            [
              16855.921855921853,
              48199.0231990232
            ],
            [
              16874.236874236874,
              48199.0231990232
            ],
            [
              16880.34188034188,
              48205.1282051282
            ],
            [
              16880.34188034188,
              48211.23321123321
            ],
            [
              16886.446886446887,
              48217.33821733821
            ],
            [
              16886.446886446887,
              48223.44322344322
            ],
            [
              16892.55189255189,
              48229.54822954823
            ],
            [
              16898.656898656896,
              48223.44322344322
            ],
            [
              16898.656898656896,
              48211.23321123321
            ],
            [
              16904.761904761905,
              48205.1282051282
            ],
            [
              16904.761904761905,
              48180.70818070818
            ],
            [
              16910.86691086691,
              48174.60317460317
            ],
            [
              16910.86691086691,
              48144.07814407814
            ],
            [
              16916.971916971917,
              48137.97313797314
            ],
            [
              16916.971916971917,
              48046.39804639804
            ],
            [
              16923.076923076922,
              48040.293040293036
            ],
            [
              16923.076923076922,
              48015.87301587301
            ],
            [
              16929.181929181927,
              48009.768009768006
            ],
            [
              16929.181929181927,
              47973.13797313797
            ],
            [
              16923.076923076922,
              47967.03296703297
            ],
            [
              16923.076923076922,
              47936.50793650794
            ],
            [
              16916.971916971917,
              47930.402930402925
            ],
            [
              16916.971916971917,
              47924.29792429792
            ],
            [
              16910.86691086691,
              47918.192918192915
            ],
            [
              16910.86691086691,
              47905.982905982906
            ],
            [
              16904.761904761905,
              47899.877899877894
            ],
            [
              16904.761904761905,
              47893.77289377289
            ],
            [
              16898.656898656896,
              47887.667887667885
            ],
            [
              16898.656898656896,
              47875.457875457876
            ],
            [
              16862.02686202686,
              47838.827838827834
            ],
            [
              16855.921855921853,
              47838.827838827834
            ],
            [
              16849.81684981685,
              47832.72283272283
            ],
            [
              16843.711843711844,
              47832.72283272283
            ],
            [
              16837.606837606836,
              47826.617826617825
            ],
            [
              16819.29181929182,
              47826.617826617825
            ],
            [
              16813.18681318681,
              47820.51282051282
            ],
            [
              16739.926739926737,
              47820.51282051282
            ]
          ]
        ]
      }
    },
    {
      "type": "Feature",
      "properties": {
        "class_id": 3,
        "classification": "Darkspot & Foreign Object",
        "area": 6261.544723083183
      },
      "geometry": {
        "type": "Polygon",
        "coordinates": [
          [
            [
              16056.166056166056,
              47796.092796092795
            ],
            [
              16043.956043956043,
              47808.302808302804
            ],
            [
              16043.956043956043,
              47820.51282051282
            ],
            [
              16037.851037851036,
              47826.617826617825
            ],
            [
              16043.956043956043,
              47832.72283272283
            ],
            [
              16043.956043956043,
              47838.827838827834
            ],
            [
              16050.06105006105,
              47844.93284493284
            ],
            [
              16050.06105006105,
              47857.142857142855
            ],
            [
              16056.166056166056,
              47863.24786324786
            ],
            [
              16056.166056166056,
              47869.352869352864
            ],
            [
              16092.796092796092,
              47905.982905982906
            ],
            [
              16092.796092796092,
              47912.08791208791
            ],
            [
              16098.901098901099,
              47918.192918192915
            ],
            [
              16105.006105006105,
              47918.192918192915
            ],
            [
              16111.11111111111,
              47924.29792429792
            ],
            [
              16117.216117216116,
              47924.29792429792
            ],
            [
              16129.426129426129,
              47912.08791208791
            ],
            [
              16129.426129426129,
              47881.56288156288
            ],
            [
              16123.321123321122,
              47875.457875457876
            ],
            [
              16123.321123321122,
              47869.352869352864
            ],
            [
              16117.216117216116,
              47863.24786324786
            ],
            [
              16117.216117216116,
              47851.03785103785
            ],
            [
              16111.11111111111,
              47844.93284493284
            ],
            [
              16111.11111111111,
              47838.827838827834
            ],
            [
              16080.58608058608,
              47808.302808302804
            ],
            [
              16074.481074481073,
              47808.302808302804
            ],
            [
              16062.271062271062,
              47796.092796092795
            ],
            [
              16056.166056166056,
              47796.092796092795
            ]
          ]
        ]
      }
    },
    {
      "type": "Feature",
      "properties": {
        "class_id": 3,
        "classification": "Darkspot & Foreign Object",
        "area": 149.08439816864723
      },
      "geometry": {
        "type": "Polygon",
        "coordinates": [
          [
            [
              21880.34188034188,
              47667.88766788766
            ],
            [
              21880.34188034188,
              47680.09768009768
            ],
            [
              21886.446886446884,
              47680.09768009768
            ],
            [
              21892.55189255189,
              47673.992673992674
            ],
            [
              21898.656898656896,
              47673.992673992674
            ],
            [
              21892.55189255189,
              47667.88766788766
            ],
            [
              21880.34188034188,
              47667.88766788766
            ]
          ]
        ]
      }
    },
    {
      "type": "Feature",
      "properties": {
        "class_id": 3,
        "classification": "Darkspot & Foreign Object",
        "area": 955891.8899578239
      },
      "geometry": {
        "type": "Polygon",
        "coordinates": [
          [
            [
              18675.213675213676,
              47142.85714285714
            ],
            [
              18669.108669108668,
              47148.96214896215
            ],
            [
              18656.898656898655,
              47148.96214896215
            ],
            [
              18644.688644688642,
              47161.17216117216
            ],
            [
              18638.583638583637,
              47161.17216117216
            ],
            [
              18626.373626373625,
              47173.38217338217
            ],
            [
              18620.26862026862,
              47173.38217338217
            ],
            [
              18608.058608058607,
              47185.592185592184
            ],
            [
              18601.953601953603,
              47185.592185592184
            ],
            [
              18565.323565323564,
              47222.22222222222
            ],
            [
              18565.323565323564,
              47228.32722832722
            ],
            [
              18559.21855921856,
              47234.43223443223
            ],
            [
              18559.21855921856,
              47240.53724053724
            ],
            [
              18553.11355311355,
              47246.642246642245
            ],
            [
              18553.11355311355,
              47264.957264957266
            ],
            [
              18559.21855921856,
              47271.06227106227
            ],
            [
              18559.21855921856,
              47277.167277167275
            ],
            [
              18565.323565323564,
              47283.27228327228
            ],
            [
              18565.323565323564,
              47289.377289377284
            ],
            [
              18571.42857142857,
              47289.377289377284
            ],
            [
              18577.533577533577,
              47283.27228327228
            ],
            [
              18595.848595848594,
              47283.27228327228
            ],
            [
              18601.953601953603,
              47289.377289377284
            ],
            [
              18614.16361416361,
              47289.377289377284
            ],
            [
              18620.26862026862,
              47295.482295482296
            ],
            [
              18626.373626373625,
              47295.482295482296
            ],
            [
              18638.583638583637,
              47307.692307692305
            ],
            [
              18638.583638583637,
              47313.79731379731
            ],
            [
              18644.688644688642,
              47319.902319902314
            ],
            [
              18644.688644688642,
              47326.007326007326
            ],
            [
              18650.79365079365,
              47332.11233211233
            ],
            [
              18650.79365079365,
              47374.84737484737
            ],
            [
              18644.688644688642,
              47380.95238095238
            ],
            [
              18644.688644688642,
              47429.792429792426
            ],
            [
              18638.583638583637,
              47435.89743589743
            ],
            [
              18626.373626373625,
              47435.89743589743
            ],
            [
              18614.16361416361,
              47423.68742368742
            ],
            [
              18608.058608058607,
              47423.68742368742
            ],
            [
              18595.848595848594,
              47411.47741147741
            ],
            [
              18589.74358974359,
              47411.47741147741
            ],
            [
              18577.533577533577,
              47399.267399267395
            ],
            [
              18534.798534798534,
              47399.267399267395
            ],
            [
              18534.798534798534,
              47405.3724053724
            ],
            [
              18540.90354090354,
              47411.47741147741
            ],
            [
              18540.90354090354,
              47442.00244200244
            ],
            [
              18522.58852258852,
              47460.317460317456
            ],
            [
              18516.483516483517,
              47460.317460317456
            ],
            [
              18510.37851037851,
              47466.42246642246
            ],
            [
              18473.748473748474,
              47466.42246642246
            ],
            [
              18461.53846153846,
              47454.21245421245
            ],
            [
              18461.53846153846,
              47429.792429792426
            ],
            [
              18437.118437118435,
              47429.792429792426
            ],
            [
              18431.01343101343,
              47423.68742368742
            ],
            [
              18431.01343101343,
              47411.47741147741
            ],
            [
              18400.4884004884,
              47411.47741147741
            ],
            [
              18394.383394383392,
              47417.58241758242
            ],
            [
              18388.278388278388,
              47417.58241758242
            ],
            [
              18363.858363858362,
              47442.00244200244
            ],
            [
              18363.858363858362,
              47448.10744810745
            ],
            [
              18357.753357753358,
              47454.21245421245
            ],
            [
              18351.64835164835,
              47454.21245421245
            ],
            [
              18308.913308913307,
              47496.94749694749
            ],
            [
              18308.913308913307,
              47503.0525030525
            ],
            [
              18272.28327228327,
              47539.68253968254
            ],
            [
              18266.178266178264,
              47539.68253968254
            ],
            [
              18260.07326007326,
              47545.78754578754
            ],
            [
              18253.968253968254,
              47545.78754578754
            ],
            [
              18247.863247863246,
              47551.892551892546
            ],
            [
              18241.75824175824,
              47551.892551892546
            ],
            [
              18235.653235653233,
              47557.99755799756
            ],
            [
              18229.54822954823,
              47557.99755799756
            ],
            [
              18223.44322344322,
              47564.10256410256
            ],
            [
              18217.338217338216,
              47564.10256410256
            ],
            [
              18211.23321123321,
              47570.20757020757
            ],
            [
              18199.0231990232,
              47570.20757020757
            ],
            [
              18192.91819291819,
              47576.31257631257
            ],
            [
              18162.39316239316,
              47576.31257631257
            ],
            [
              18156.288156288156,
              47570.20757020757
            ],
            [
              18137.97313797314,
              47570.20757020757
            ],
            [
              18131.86813186813,
              47564.10256410256
            ],
            [
              18113.553113553113,
              47564.10256410256
            ],
            [
              18107.448107448105,
              47557.99755799756
            ],
            [
              18028.083028083027,
              47557.99755799756
            ],
            [
              18021.978021978022,
              47564.10256410256
            ],
            [
              18003.663003663,
              47564.10256410256
            ],
            [
              17997.557997557997,
              47570.20757020757
            ],
            [
              17991.452991452992,
              47570.20757020757
            ],
            [
              17985.347985347984,
              47576.31257631257
            ],
            [
              17973.13797313797,
              47576.31257631257
            ],
            [
              17967.032967032967,
              47582.417582417576
            ],
            [
              17960.92796092796,
              47582.417582417576
            ],
            [
              17954.822954822954,
              47588.52258852259
            ],
            [
              17948.71794871795,
              47588.52258852259
            ],
            [
              17942.61294261294,
              47594.62759462759
            ],
            [
              17936.507936507936,
              47594.62759462759
            ],
            [
              17930.402930402928,
              47600.7326007326
            ],
            [
              17924.297924297924,
              47600.7326007326
            ],
            [
              17918.192918192915,
              47606.8376068376
            ],
            [
              17912.08791208791,
              47606.8376068376
            ],
            [
              17905.982905982906,
              47612.94261294261
            ],
            [
              17899.877899877898,
              47612.94261294261
            ],
            [
              17893.772893772893,
              47619.04761904762
            ],
            [
              17887.667887667885,
              47619.04761904762
            ],
            [
              17881.56288156288,
              47625.15262515262
            ],
            [
              17881.56288156288,
              47631.25763125763
            ],
            [
              17875.457875457876,
              47637.36263736263
            ],
            [
              17875.457875457876,
              47643.467643467644
            ],
            [
              17869.352869352868,
              47649.57264957265
            ],
            [
              17869.352869352868,
              47667.88766788766
            ],
            [
              17863.247863247863,
              47673.992673992674
            ],
            [
              17863.247863247863,
              47698.41269841269
            ],
            [
              17857.142857142855,
              47704.517704517704
            ],
            [
              17857.142857142855,
              47710.62271062271
            ],
            [
              17851.03785103785,
              47716.72771672771
            ],
            [
              17851.03785103785,
              47728.93772893772
            ],
            [
              17844.932844932842,
              47735.042735042734
            ],
            [
              17844.932844932842,
              47820.51282051282
            ],
            [
              17851.03785103785,
              47826.617826617825
            ],
            [
              17851.03785103785,
              47863.24786324786
            ],
            [
              17857.142857142855,
              47869.352869352864
            ],
            [
              17857.142857142855,
              47887.667887667885
            ],
            [
              17863.247863247863,
              47893.77289377289
            ],
            [
              17863.247863247863,
              47905.982905982906
            ],
            [
              17869.352869352868,
              47912.08791208791
            ],
            [
              17869.352869352868,
              47918.192918192915
            ],
            [
              17875.457875457876,
              47924.29792429792
            ],
            [
              17875.457875457876,
              47930.402930402925
            ],
            [
              17893.772893772893,
              47948.717948717946
            ],
            [
              17893.772893772893,
              47954.82295482295
            ],
            [
              17905.982905982906,
              47967.03296703297
            ],
            [
              17905.982905982906,
              47973.13797313797
            ],
            [
              17918.192918192915,
              47985.34798534798
            ],
            [
              17918.192918192915,
              47991.45299145299
            ],
            [
              17930.402930402928,
              48003.663003663
            ],
            [
              17930.402930402928,
              48009.768009768006
            ],
            [
              17936.507936507936,
              48015.87301587301
            ],
            [
              17936.507936507936,
              48021.97802197802
            ],
            [
              17948.71794871795,
              48034.18803418803
            ],
            [
              17948.71794871795,
              48040.293040293036
            ],
            [
              17960.92796092796,
              48052.50305250305
            ],
            [
              17960.92796092796,
              48058.60805860806
            ],
            [
              17967.032967032967,
              48064.71306471306
            ],
            [
              17967.032967032967,
              48070.818070818066
            ],
            [
              17979.24297924298,
              48083.02808302808
            ],
            [
              17979.24297924298,
              48089.13308913309
            ],
            [
              17991.452991452992,
              48101.343101343096
            ],
            [
              17991.452991452992,
              48107.4481074481
            ],
            [
              17997.557997557997,
              48113.55311355311
            ],
            [
              17997.557997557997,
              48119.65811965812
            ],
            [
              18003.663003663,
              48125.76312576312
            ],
            [
              18003.663003663,
              48131.86813186813
            ],
            [
              18009.76800976801,
              48137.97313797314
            ],
            [
              18009.76800976801,
              48150.18315018315
            ],
            [
              18015.873015873014,
              48156.28815628815
            ],
            [
              18015.873015873014,
              48168.49816849817
            ],
            [
              18009.76800976801,
              48174.60317460317
            ],
            [
              18009.76800976801,
              48192.91819291819
            ],
            [
              18003.663003663,
              48199.0231990232
            ],
            [
              18003.663003663,
              48211.23321123321
            ],
            [
              17997.557997557997,
              48217.33821733821
            ],
            [
              17997.557997557997,
              48223.44322344322
            ],
            [
              17991.452991452992,
              48229.54822954823
            ],
            [
              17991.452991452992,
              48235.65323565323
            ],
            [
              17985.347985347984,
              48241.75824175824
            ],
            [
              17985.347985347984,
              48253.968253968254
            ],
            [
              17979.24297924298,
              48260.07326007326
            ],
            [
              17979.24297924298,
              48266.17826617826
            ],
            [
              17973.13797313797,
              48272.28327228327
            ],
            [
              17973.13797313797,
              48284.493284493285
            ],
            [
              17967.032967032967,
              48290.59829059829
            ],
            [
              17967.032967032967,
              48296.703296703294
            ],
            [
              17960.92796092796,
              48302.8083028083
            ],
            [
              17960.92796092796,
              48315.018315018315
            ],
            [
              17954.822954822954,
              48321.12332112332
            ],
            [
              17954.822954822954,
              48327.228327228324
            ],
            [
              17948.71794871795,
              48333.33333333333
            ],
            [
              17948.71794871795,
              48412.69841269841
            ],
            [
              17954.822954822954,
              48418.803418803414
            ],
            [
              17954.822954822954,
              48443.22344322344
            ],
            [
              17960.92796092796,
              48449.328449328445
            ],
            [
              17960.92796092796,
              48455.43345543345
            ],
            [
              17967.032967032967,
              48461.53846153846
            ],
            [
              17967.032967032967,
              48467.643467643466
            ],
            [
              17973.13797313797,
              48473.74847374847
            ],
            [
              17997.557997557997,
              48473.74847374847
            ],
            [
              18003.663003663,
              48467.643467643466
            ],
            [
              18003.663003663,
              48455.43345543345
            ],
            [
              18015.873015873014,
              48443.22344322344
            ],
            [
              18015.873015873014,
              48437.118437118435
            ],
            [
              18040.29304029304,
              48412.69841269841
            ],
            [
              18052.503052503052,
              48412.69841269841
            ],
            [
              18064.713064713065,
              48424.90842490842
            ],
            [
              18064.713064713065,
              48467.643467643466
            ],
            [
              18113.553113553113,
              48467.643467643466
            ],
            [
              18119.658119658117,
              48461.53846153846
            ],
            [
              18156.288156288156,
              48461.53846153846
            ],
            [
              18162.39316239316,
              48455.43345543345
            ],
            [
              18174.603174603173,
              48455.43345543345
            ],
            [
              18180.70818070818,
              48449.328449328445
            ],
            [
              18199.0231990232,
              48449.328449328445
            ],
            [
              18205.128205128203,
              48455.43345543345
            ],
            [
              18223.44322344322,
              48455.43345543345
            ],
            [
              18229.54822954823,
              48449.328449328445
            ],
            [
              18235.653235653233,
              48449.328449328445
            ],
            [
              18241.75824175824,
              48443.22344322344
            ],
            [
              18266.178266178264,
              48443.22344322344
            ],
            [
              18308.913308913307,
              48485.95848595849
            ],
            [
              18308.913308913307,
              48492.06349206349
            ],
            [
              18321.12332112332,
              48504.2735042735
            ],
            [
              18321.12332112332,
              48510.378510378505
            ],
            [
              18327.228327228328,
              48516.48351648352
            ],
            [
              18327.228327228328,
              48522.58852258852
            ],
            [
              18339.438339438337,
              48534.79853479853
            ],
            [
              18339.438339438337,
              48516.48351648352
            ],
            [
              18345.543345543345,
              48510.378510378505
            ],
            [
              18345.543345543345,
              48479.853479853475
            ],
            [
              18351.64835164835,
              48473.74847374847
            ],
            [
              18351.64835164835,
              48455.43345543345
            ],
            [
              18357.753357753358,
              48449.328449328445
            ],
            [
              18357.753357753358,
              48431.01343101343
            ],
            [
              18363.858363858362,
              48424.90842490842
            ],
            [
              18363.858363858362,
              48406.593406593405
            ],
            [
              18369.96336996337,
              48400.4884004884
            ],
            [
              18369.96336996337,
              48369.96336996337
            ],
            [
              18376.068376068375,
              48363.85836385836
            ],
            [
              18376.068376068375,
              48253.968253968254
            ],
            [
              18382.17338217338,
              48247.86324786324
            ],
            [
              18382.17338217338,
              48241.75824175824
            ],
            [
              18394.383394383392,
              48229.54822954823
            ],
            [
              18394.383394383392,
              48223.44322344322
            ],
            [
              18400.4884004884,
              48217.33821733821
            ],
            [
              18400.4884004884,
              48211.23321123321
            ],
            [
              18461.53846153846,
              48150.18315018315
            ],
            [
              18479.85347985348,
              48150.18315018315
            ],
            [
              18492.06349206349,
              48162.39316239316
            ],
            [
              18492.06349206349,
              48168.49816849817
            ],
            [
              18498.168498168496,
              48174.60317460317
            ],
            [
              18498.168498168496,
              48180.70818070818
            ],
            [
              18504.273504273504,
              48186.81318681318
            ],
            [
              18504.273504273504,
              48199.0231990232
            ],
            [
              18510.37851037851,
              48205.1282051282
            ],
            [
              18510.37851037851,
              48211.23321123321
            ],
            [
              18516.483516483517,
              48217.33821733821
            ],
            [
              18516.483516483517,
              48272.28327228327
            ],
            [
              18510.37851037851,
              48278.38827838827
            ],
            [
              18510.37851037851,
              48284.493284493285
            ],
            [
              18504.273504273504,
              48290.59829059829
            ],
            [
              18504.273504273504,
              48296.703296703294
            ],
            [
              18498.168498168496,
              48302.8083028083
            ],
            [
              18498.168498168496,
              48424.90842490842
            ],
            [
              18504.273504273504,
              48431.01343101343
            ],
            [
              18498.168498168496,
              48437.118437118435
            ],
            [
              18498.168498168496,
              48443.22344322344
            ],
            [
              18516.483516483517,
              48424.90842490842
            ],
            [
              18522.58852258852,
              48424.90842490842
            ],
            [
              18528.693528693526,
              48418.803418803414
            ],
            [
              18534.798534798534,
              48418.803418803414
            ],
            [
              18540.90354090354,
              48412.69841269841
            ],
            [
              18571.42857142857,
              48412.69841269841
            ],
            [
              18577.533577533577,
              48418.803418803414
            ],
            [
              18577.533577533577,
              48424.90842490842
            ],
            [
              18589.74358974359,
              48437.118437118435
            ],
            [
              18589.74358974359,
              48443.22344322344
            ],
            [
              18601.953601953603,
              48455.43345543345
            ],
            [
              18601.953601953603,
              48485.95848595849
            ],
            [
              18595.848595848594,
              48492.06349206349
            ],
            [
              18595.848595848594,
              48504.2735042735
            ],
            [
              18589.74358974359,
              48510.378510378505
            ],
            [
              18589.74358974359,
              48516.48351648352
            ],
            [
              18577.533577533577,
              48528.693528693526
            ],
            [
              18577.533577533577,
              48534.79853479853
            ],
            [
              18571.42857142857,
              48540.903540903535
            ],
            [
              18571.42857142857,
              48547.00854700855
            ],
            [
              18565.323565323564,
              48553.11355311355
            ],
            [
              18565.323565323564,
              48559.218559218556
            ],
            [
              18559.21855921856,
              48565.32356532356
            ],
            [
              18559.21855921856,
              48571.428571428565
            ],
            [
              18553.11355311355,
              48577.53357753358
            ],
            [
              18553.11355311355,
              48583.63858363858
            ],
            [
              18547.008547008547,
              48589.743589743586
            ],
            [
              18547.008547008547,
              48626.37362637362
            ],
            [
              18540.90354090354,
              48632.47863247863
            ],
            [
              18540.90354090354,
              48644.68864468864
            ],
            [
              18522.58852258852,
              48663.00366300366
            ],
            [
              18516.483516483517,
              48663.00366300366
            ],
            [
              18510.37851037851,
              48669.10866910867
            ],
            [
              18473.748473748474,
              48669.10866910867
            ],
            [
              18455.433455433453,
              48650.79365079365
            ],
            [
              18455.433455433453,
              48644.68864468864
            ],
            [
              18449.32844932845,
              48638.58363858364
            ],
            [
              18449.32844932845,
              48601.953601953595
            ],
            [
              18455.433455433453,
              48595.84859584859
            ],
            [
              18455.433455433453,
              48589.743589743586
            ],
            [
              18449.32844932845,
              48583.63858363858
            ],
            [
              18443.223443223444,
              48589.743589743586
            ],
            [
              18443.223443223444,
              48595.84859584859
            ],
            [
              18437.118437118435,
              48601.953601953595
            ],
            [
              18437.118437118435,
              48608.05860805861
            ],
            [
              18431.01343101343,
              48614.16361416361
            ],
            [
              18431.01343101343,
              48620.268620268616
            ],
            [
              18424.908424908423,
              48626.37362637362
            ],
            [
              18424.908424908423,
              48638.58363858364
            ],
            [
              18418.803418803418,
              48644.68864468864
            ],
            [
              18418.803418803418,
              48650.79365079365
            ],
            [
              18412.69841269841,
              48656.89865689865
            ],
            [
              18412.69841269841,
              48663.00366300366
            ],
            [
              18406.593406593405,
              48669.10866910867
            ],
            [
              18406.593406593405,
              48681.31868131868
            ],
            [
              18400.4884004884,
              48687.42368742368
            ],
            [
              18400.4884004884,
              48693.52869352869
            ],
            [
              18394.383394383392,
              48699.6336996337
            ],
            [
              18394.383394383392,
              48705.7387057387
            ],
            [
              18382.17338217338,
              48717.94871794871
            ],
            [
              18382.17338217338,
              48724.05372405372
            ],
            [
              18376.068376068375,
              48730.15873015873
            ],
            [
              18376.068376068375,
              48736.26373626373
            ],
            [
              18369.96336996337,
              48742.36874236874
            ],
            [
              18369.96336996337,
              48760.68376068376
            ],
            [
              18406.593406593405,
              48797.31379731379
            ],
            [
              18406.593406593405,
              48815.628815628814
            ],
            [
              18412.69841269841,
              48821.73382173382
            ],
            [
              18412.69841269841,
              48833.94383394383
            ],
            [
              18418.803418803418,
              48840.04884004884
            ],
            [
              18418.803418803418,
              48846.153846153844
            ],
            [
              18424.908424908423,
              48852.25885225885
            ],
            [
              18424.908424908423,
              48858.36385836385
            ],
            [
              18455.433455433453,
              48888.88888888888
            ],
            [
              18461.53846153846,
              48888.88888888888
            ],
            [
              18467.643467643466,
              48894.993894993895
            ],
            [
              18473.748473748474,
              48894.993894993895
            ],
            [
              18479.85347985348,
              48901.0989010989
            ],
            [
              18485.958485958487,
              48901.0989010989
            ],
            [
              18522.58852258852,
              48937.728937728934
            ],
            [
              18522.58852258852,
              48943.83394383394
            ],
            [
              18528.693528693526,
              48949.93894993894
            ],
            [
              18528.693528693526,
              48956.043956043955
            ],
            [
              18534.798534798534,
              48962.14896214896
            ],
            [
              18534.798534798534,
              48992.67399267399
            ],
            [
              18540.90354090354,
              48998.778998778995
            ],
            [
              18540.90354090354,
              49004.884004884
            ],
            [
              18547.008547008547,
              49010.98901098901
            ],
            [
              18547.008547008547,
              49017.094017094016
            ],
            [
              18565.323565323564,
              49035.40903540903
            ],
            [
              18565.323565323564,
              49041.51404151404
            ],
            [
              18577.533577533577,
              49053.72405372405
            ],
            [
              18577.533577533577,
              49059.829059829055
            ],
            [
              18601.953601953603,
              49084.24908424908
            ],
            [
              18608.058608058607,
              49084.24908424908
            ],
            [
              18614.16361416361,
              49090.354090354085
            ],
            [
              18620.26862026862,
              49090.354090354085
            ],
            [
              18626.373626373625,
              49096.4590964591
            ],
            [
              18656.898656898655,
              49096.4590964591
            ],
            [
              18663.003663003663,
              49102.5641025641
            ],
            [
              18669.108669108668,
              49102.5641025641
            ],
            [
              18675.213675213676,
              49108.669108669106
            ],
            [
              18681.31868131868,
              49108.669108669106
            ],
            [
              18687.423687423685,
              49114.77411477411
            ],
            [
              18693.528693528693,
              49114.77411477411
            ],
            [
              18705.738705738706,
              49126.98412698413
            ],
            [
              18711.84371184371,
              49126.98412698413
            ],
            [
              18724.053724053723,
              49139.19413919414
            ],
            [
              18730.158730158728,
              49139.19413919414
            ],
            [
              18736.263736263736,
              49145.29914529914
            ],
            [
              18742.36874236874,
              49139.19413919414
            ],
            [
              18748.47374847375,
              49139.19413919414
            ],
            [
              18748.47374847375,
              47148.96214896215
            ],
            [
              18742.36874236874,
              47148.96214896215
            ],
            [
              18736.263736263736,
              47142.85714285714
            ],
            [
              18675.213675213676,
              47142.85714285714
            ]
          ]
        ]
      }
    },
    {
      "type": "Feature",
      "properties": {
        "class_id": 3,
        "classification": "Darkspot & Foreign Object",
        "area": 149.08439816864723
      },
      "geometry": {
        "type": "Polygon",
        "coordinates": [
          [
            [
              99200.2442002442,
              46959.70695970696
            ],
            [
              99200.2442002442,
              46965.81196581196
            ],
            [
              99206.3492063492,
              46965.81196581196
            ],
            [
              99212.4542124542,
              46971.916971916966
            ],
            [
              99218.55921855921,
              46971.916971916966
            ],
            [
              99218.55921855921,
              46965.81196581196
            ],
            [
              99212.4542124542,
              46959.70695970696
            ],
            [
              99200.2442002442,
              46959.70695970696
            ]
          ]
        ]
      }
    },
    {
      "type": "Feature",
      "properties": {
        "class_id": 3,
        "classification": "Darkspot & Foreign Object",
        "area": 26648.836172645693
      },
      "geometry": {
        "type": "Polygon",
        "coordinates": [
          [
            [
              16086.691086691086,
              46886.44688644688
            ],
            [
              16080.58608058608,
              46892.55189255189
            ],
            [
              16080.58608058608,
              47002.442002441996
            ],
            [
              16086.691086691086,
              47008.54700854701
            ],
            [
              16086.691086691086,
              47057.38705738705
            ],
            [
              16092.796092796092,
              47063.49206349206
            ],
            [
              16117.216117216116,
              47063.49206349206
            ],
            [
              16117.216117216116,
              47039.07203907204
            ],
            [
              16123.321123321122,
              47032.96703296703
            ],
            [
              16123.321123321122,
              47014.65201465201
            ],
            [
              16129.426129426129,
              47008.54700854701
            ],
            [
              16129.426129426129,
              47002.442002441996
            ],
            [
              16159.951159951159,
              46971.916971916966
            ],
            [
              16166.056166056165,
              46971.916971916966
            ],
            [
              16172.161172161172,
              46965.81196581196
            ],
            [
              16178.266178266178,
              46965.81196581196
            ],
            [
              16184.371184371183,
              46971.916971916966
            ],
            [
              16190.476190476189,
              46971.916971916966
            ],
            [
              16202.686202686202,
              46984.12698412698
            ],
            [
              16202.686202686202,
              46990.23199023199
            ],
            [
              16208.791208791208,
              46996.33699633699
            ],
            [
              16208.791208791208,
              47008.54700854701
            ],
            [
              16214.896214896215,
              47014.65201465201
            ],
            [
              16214.896214896215,
              47075.70207570207
            ],
            [
              16208.791208791208,
              47081.80708180708
            ],
            [
              16208.791208791208,
              47100.1221001221
            ],
            [
              16214.896214896215,
              47100.1221001221
            ],
            [
              16221.00122100122,
              47094.017094017094
            ],
            [
              16221.00122100122,
              47069.59706959707
            ],
            [
              16227.106227106226,
              47063.49206349206
            ],
            [
              16227.106227106226,
              47051.28205128205
            ],
            [
              16233.211233211232,
              47045.17704517704
            ],
            [
              16233.211233211232,
              47039.07203907204
            ],
            [
              16275.946275946275,
              46996.33699633699
            ],
            [
              16275.946275946275,
              46990.23199023199
            ],
            [
              16282.051282051281,
              46984.12698412698
            ],
            [
              16282.051282051281,
              46978.02197802198
            ],
            [
              16288.156288156288,
              46971.916971916966
            ],
            [
              16288.156288156288,
              46965.81196581196
            ],
            [
              16294.261294261294,
              46959.70695970696
            ],
            [
              16294.261294261294,
              46886.44688644688
            ],
            [
              16086.691086691086,
              46886.44688644688
            ]
          ]
        ]
      }
    },
    {
      "type": "Feature",
      "properties": {
        "class_id": 3,
        "classification": "Darkspot & Foreign Object",
        "area": 39656.44991286016
      },
      "geometry": {
        "type": "Polygon",
        "coordinates": [
          [
            [
              98015.873015873,
              46452.99145299145
            ],
            [
              98009.768009768,
              46459.09645909646
            ],
            [
              98003.663003663,
              46459.09645909646
            ],
            [
              97997.55799755799,
              46465.20146520146
            ],
            [
              97991.45299145298,
              46465.20146520146
            ],
            [
              97979.24297924298,
              46477.41147741147
            ],
            [
              97973.13797313797,
              46477.41147741147
            ],
            [
              97973.13797313797,
              46483.51648351648
            ],
            [
              97936.50793650793,
              46520.14652014652
            ],
            [
              97936.50793650793,
              46526.25152625152
            ],
            [
              97912.08791208791,
              46550.67155067155
            ],
            [
              97905.9829059829,
              46550.67155067155
            ],
            [
              97887.66788766788,
              46568.98656898657
            ],
            [
              97887.66788766788,
              46575.091575091574
            ],
            [
              97881.56288156287,
              46581.19658119658
            ],
            [
              97881.56288156287,
              46587.30158730158
            ],
            [
              97905.9829059829,
              46611.72161172161
            ],
            [
              97912.08791208791,
              46611.72161172161
            ],
            [
              97924.29792429792,
              46623.93162393162
            ],
            [
              97930.40293040292,
              46623.93162393162
            ],
            [
              97936.50793650793,
              46630.03663003663
            ],
            [
              97942.61294261293,
              46630.03663003663
            ],
            [
              97948.71794871794,
              46636.141636141634
            ],
            [
              97954.82295482294,
              46636.141636141634
            ],
            [
              97960.92796092796,
              46642.24664224664
            ],
            [
              97967.03296703297,
              46642.24664224664
            ],
            [
              97979.24297924298,
              46654.456654456655
            ],
            [
              97985.34798534798,
              46654.456654456655
            ],
            [
              97991.45299145298,
              46660.56166056166
            ],
            [
              98003.663003663,
              46660.56166056166
            ],
            [
              98009.768009768,
              46666.666666666664
            ],
            [
              98070.81807081806,
              46666.666666666664
            ],
            [
              98076.92307692308,
              46660.56166056166
            ],
            [
              98119.65811965811,
              46660.56166056166
            ],
            [
              98125.76312576311,
              46654.456654456655
            ],
            [
              98125.76312576311,
              46636.141636141634
            ],
            [
              98131.86813186812,
              46630.03663003663
            ],
            [
              98131.86813186812,
              46623.93162393162
            ],
            [
              98137.97313797314,
              46617.82661782661
            ],
            [
              98137.97313797314,
              46562.88156288156
            ],
            [
              98131.86813186812,
              46556.77655677655
            ],
            [
              98131.86813186812,
              46532.35653235653
            ],
            [
              98125.76312576311,
              46526.25152625152
            ],
            [
              98125.76312576311,
              46514.04151404151
            ],
            [
              98119.65811965811,
              46507.9365079365
            ],
            [
              98119.65811965811,
              46489.62148962149
            ],
            [
              98113.5531135531,
              46483.51648351648
            ],
            [
              98113.5531135531,
              46471.30647130647
            ],
            [
              98101.3431013431,
              46459.09645909646
            ],
            [
              98089.13308913309,
              46459.09645909646
            ],
            [
              98083.02808302808,
              46452.99145299145
            ],
            [
              98076.92307692308,
              46452.99145299145
            ],
            [
              98070.81807081806,
              46459.09645909646
            ],
            [
              98046.39804639804,
              46459.09645909646
            ],
            [
              98040.29304029304,
              46452.99145299145
            ],
            [
              98015.873015873,
              46452.99145299145
            ]
          ]
        ]
      }
    },
    {
      "type": "Feature",
      "properties": {
        "class_id": 3,
        "classification": "Darkspot & Foreign Object",
        "area": 18915.083017647117
      },
      "geometry": {
        "type": "Polygon",
        "coordinates": [
          [
            [
              18766.788766788766,
              45976.80097680097
            ],
            [
              18760.683760683758,
              45982.90598290598
            ],
            [
              18754.578754578753,
              45982.90598290598
            ],
            [
              18754.578754578753,
              46129.42612942612
            ],
            [
              18760.683760683758,
              46129.42612942612
            ],
            [
              18772.89377289377,
              46141.63614163614
            ],
            [
              18797.313797313796,
              46141.63614163614
            ],
            [
              18803.4188034188,
              46135.531135531135
            ],
            [
              18840.04884004884,
              46135.531135531135
            ],
            [
              18846.153846153844,
              46129.42612942612
            ],
            [
              18852.258852258852,
              46129.42612942612
            ],
            [
              18858.363858363857,
              46123.32112332112
            ],
            [
              18864.468864468865,
              46123.32112332112
            ],
            [
              18876.678876678874,
              46111.11111111111
            ],
            [
              18882.783882783882,
              46111.11111111111
            ],
            [
              18894.993894993895,
              46098.90109890109
            ],
            [
              18894.993894993895,
              46092.79609279609
            ],
            [
              18901.0989010989,
              46086.691086691084
            ],
            [
              18901.0989010989,
              46068.37606837606
            ],
            [
              18894.993894993895,
              46062.27106227106
            ],
            [
              18894.993894993895,
              46043.956043956045
            ],
            [
              18888.888888888887,
              46037.85103785103
            ],
            [
              18888.888888888887,
              46031.74603174603
            ],
            [
              18882.783882783882,
              46025.64102564102
            ],
            [
              18882.783882783882,
              46019.53601953602
            ],
            [
              18870.57387057387,
              46007.326007326
            ],
            [
              18864.468864468865,
              46007.326007326
            ],
            [
              18858.363858363857,
              46001.221001221
            ],
            [
              18852.258852258852,
              46001.221001221
            ],
            [
              18846.153846153844,
              45995.11599511599
            ],
            [
              18827.838827838827,
              45995.11599511599
            ],
            [
              18821.733821733822,
              45989.01098901099
            ],
            [
              18797.313797313796,
              45989.01098901099
            ],
            [
              18791.20879120879,
              45982.90598290598
            ],
            [
              18778.99877899878,
              45982.90598290598
            ],
            [
              18772.89377289377,
              45976.80097680097
            ],
            [
              18766.788766788766,
              45976.80097680097
            ]
          ]
        ]
      }
    },
    {
      "type": "Feature",
      "properties": {
        "class_id": 3,
        "classification": "Darkspot & Foreign Object",
        "area": 21654.50883399601
      },
      "geometry": {
        "type": "Polygon",
        "coordinates": [
          [
            [
              14035.409035409035,
              45451.77045177045
            ],
            [
              14029.304029304029,
              45457.87545787545
            ],
            [
              14023.199023199022,
              45457.87545787545
            ],
            [
              14017.094017094016,
              45463.980463980464
            ],
            [
              14004.884004884005,
              45463.980463980464
            ],
            [
              13998.778998778998,
              45470.08547008547
            ],
            [
              13992.673992673992,
              45470.08547008547
            ],
            [
              13968.253968253968,
              45494.505494505494
            ],
            [
              13968.253968253968,
              45549.45054945055
            ],
            [
              13974.358974358973,
              45555.555555555555
            ],
            [
              13974.358974358973,
              45567.765567765564
            ],
            [
              13980.46398046398,
              45573.87057387057
            ],
            [
              13980.46398046398,
              45579.97557997558
            ],
            [
              13986.568986568986,
              45586.080586080585
            ],
            [
              13986.568986568986,
              45592.18559218559
            ],
            [
              14004.884004884005,
              45610.50061050061
            ],
            [
              14010.98901098901,
              45610.50061050061
            ],
            [
              14017.094017094016,
              45616.605616605615
            ],
            [
              14053.724053724052,
              45616.605616605615
            ],
            [
              14059.829059829059,
              45610.50061050061
            ],
            [
              14065.934065934065,
              45610.50061050061
            ],
            [
              14072.039072039071,
              45604.3956043956
            ],
            [
              14078.144078144078,
              45604.3956043956
            ],
            [
              14084.249084249084,
              45598.290598290594
            ],
            [
              14090.354090354089,
              45598.290598290594
            ],
            [
              14139.194139194138,
              45549.45054945055
            ],
            [
              14139.194139194138,
              45512.82051282051
            ],
            [
              14126.984126984125,
              45500.6105006105
            ],
            [
              14126.984126984125,
              45494.505494505494
            ],
            [
              14090.354090354089,
              45457.87545787545
            ],
            [
              14084.249084249084,
              45457.87545787545
            ],
            [
              14078.144078144078,
              45451.77045177045
            ],
            [
              14035.409035409035,
              45451.77045177045
            ]
          ]
        ]
      }
    },
    {
      "type": "Feature",
      "properties": {
        "class_id": 3,
        "classification": "Darkspot & Foreign Object",
        "area": 16753.359244201733
      },
      "geometry": {
        "type": "Polygon",
        "coordinates": [
          [
            [
              19975.579975579974,
              44395.604395604394
            ],
            [
              19969.47496947497,
              44401.7094017094
            ],
            [
              19963.36996336996,
              44401.7094017094
            ],
            [
              19951.15995115995,
              44413.91941391941
            ],
            [
              19951.15995115995,
              44420.02442002442
            ],
            [
              19945.054945054944,
              44426.129426129424
            ],
            [
              19945.054945054944,
              44444.444444444445
            ],
            [
              19951.15995115995,
              44450.54945054945
            ],
            [
              19951.15995115995,
              44456.654456654454
            ],
            [
              19981.68498168498,
              44487.179487179485
            ],
            [
              19981.68498168498,
              44493.28449328449
            ],
            [
              19987.789987789987,
              44499.389499389494
            ],
            [
              19987.789987789987,
              44517.704517704515
            ],
            [
              19993.89499389499,
              44523.80952380952
            ],
            [
              19993.89499389499,
              44529.914529914524
            ],
            [
              20006.105006105005,
              44542.12454212454
            ],
            [
              20048.840048840048,
              44542.12454212454
            ],
            [
              20054.945054945052,
              44536.019536019536
            ],
            [
              20073.260073260073,
              44536.019536019536
            ],
            [
              20079.365079365078,
              44529.914529914524
            ],
            [
              20085.470085470086,
              44529.914529914524
            ],
            [
              20097.680097680095,
              44517.704517704515
            ],
            [
              20097.680097680095,
              44505.494505494506
            ],
            [
              20103.785103785103,
              44499.389499389494
            ],
            [
              20103.785103785103,
              44462.75946275946
            ],
            [
              20097.680097680095,
              44456.654456654454
            ],
            [
              20097.680097680095,
              44438.33943833943
            ],
            [
              20091.57509157509,
              44432.23443223443
            ],
            [
              20091.57509157509,
              44426.129426129424
            ],
            [
              20085.470085470086,
              44420.02442002442
            ],
            [
              20085.470085470086,
              44413.91941391941
            ],
            [
              20079.365079365078,
              44413.91941391941
            ],
            [
              20073.260073260073,
              44407.8144078144
            ],
            [
              20042.735042735043,
              44407.8144078144
            ],
            [
              20036.630036630035,
              44413.91941391941
            ],
            [
              20012.210012210013,
              44413.91941391941
            ],
            [
              20006.105006105005,
              44407.8144078144
            ],
            [
              20000.0,
              44407.8144078144
            ],
            [
              19993.89499389499,
              44401.7094017094
            ],
            [
              19987.789987789987,
              44401.7094017094
            ],
            [
              19981.68498168498,
              44395.604395604394
            ],
            [
              19975.579975579974,
              44395.604395604394
            ]
          ]
        ]
      }
    },
    {
      "type": "Feature",
      "properties": {
        "class_id": 3,
        "classification": "Darkspot & Foreign Object",
        "area": 7733.753154998575
      },
      "geometry": {
        "type": "Polygon",
        "coordinates": [
          [
            [
              19346.764346764347,
              41233.21123321123
            ],
            [
              19340.65934065934,
              41239.316239316235
            ],
            [
              19334.554334554334,
              41239.316239316235
            ],
            [
              19328.449328449326,
              41245.42124542124
            ],
            [
              19316.239316239316,
              41245.42124542124
            ],
            [
              19310.134310134308,
              41251.52625152625
            ],
            [
              19285.714285714286,
              41251.52625152625
            ],
            [
              19279.609279609278,
              41257.631257631256
            ],
            [
              19267.399267399265,
              41257.631257631256
            ],
            [
              19249.084249084248,
              41275.94627594628
            ],
            [
              19249.084249084248,
              41312.57631257631
            ],
            [
              19267.399267399265,
              41330.891330891325
            ],
            [
              19285.714285714286,
              41330.891330891325
            ],
            [
              19291.81929181929,
              41324.78632478632
            ],
            [
              19297.924297924295,
              41324.78632478632
            ],
            [
              19304.029304029304,
              41318.681318681316
            ],
            [
              19310.134310134308,
              41318.681318681316
            ],
            [
              19328.449328449326,
              41300.366300366295
            ],
            [
              19334.554334554334,
              41300.366300366295
            ],
            [
              19340.65934065934,
              41294.26129426129
            ],
            [
              19346.764346764347,
              41294.26129426129
            ],
            [
              19365.079365079364,
              41275.94627594628
            ],
            [
              19365.079365079364,
              41269.841269841265
            ],
            [
              19377.289377289377,
              41257.631257631256
            ],
            [
              19377.289377289377,
              41251.52625152625
            ],
            [
              19383.39438339438,
              41245.42124542124
            ],
            [
              19383.39438339438,
              41239.316239316235
            ],
            [
              19377.289377289377,
              41233.21123321123
            ],
            [
              19346.764346764347,
              41233.21123321123
            ]
          ]
        ]
      }
    },
    {
      "type": "Feature",
      "properties": {
        "class_id": 3,
        "classification": "Darkspot & Foreign Object",
        "area": 134828.20259377034
      },
      "geometry": {
        "type": "Polygon",
        "coordinates": [
          [
            [
              20268.620268620267,
              37887.667887667885
            ],
            [
              20262.515262515262,
              37893.77289377289
            ],
            [
              20250.30525030525,
              37893.77289377289
            ],
            [
              20244.20024420024,
              37899.877899877894
            ],
            [
              20225.885225885224,
              37899.877899877894
            ],
            [
              20219.78021978022,
              37905.982905982906
            ],
            [
              20207.570207570207,
              37905.982905982906
            ],
            [
              20195.360195360194,
              37918.192918192915
            ],
            [
              20189.25518925519,
              37918.192918192915
            ],
            [
              20183.15018315018,
              37924.29792429792
            ],
            [
              20183.15018315018,
              37930.402930402925
            ],
            [
              20177.045177045176,
              37936.50793650794
            ],
            [
              20177.045177045176,
              37942.61294261294
            ],
            [
              20170.940170940168,
              37948.717948717946
            ],
            [
              20170.940170940168,
              37954.82295482295
            ],
            [
              20164.835164835164,
              37960.92796092796
            ],
            [
              20164.835164835164,
              37967.03296703297
            ],
            [
              20158.73015873016,
              37973.13797313797
            ],
            [
              20158.73015873016,
              37979.242979242976
            ],
            [
              20152.62515262515,
              37985.34798534798
            ],
            [
              20152.62515262515,
              37991.45299145299
            ],
            [
              20146.520146520146,
              37997.557997558
            ],
            [
              20146.520146520146,
              38003.663003663
            ],
            [
              20140.415140415138,
              38009.768009768006
            ],
            [
              20140.415140415138,
              38015.87301587301
            ],
            [
              20134.310134310133,
              38021.97802197802
            ],
            [
              20134.310134310133,
              38028.08302808303
            ],
            [
              20128.205128205125,
              38034.18803418803
            ],
            [
              20128.205128205125,
              38046.39804639804
            ],
            [
              20122.10012210012,
              38052.50305250305
            ],
            [
              20122.10012210012,
              38064.71306471306
            ],
            [
              20115.995115995116,
              38070.818070818066
            ],
            [
              20115.995115995116,
              38095.23809523809
            ],
            [
              20109.890109890108,
              38101.343101343096
            ],
            [
              20109.890109890108,
              38119.65811965812
            ],
            [
              20115.995115995116,
              38125.76312576312
            ],
            [
              20115.995115995116,
              38137.97313797314
            ],
            [
              20122.10012210012,
              38144.07814407814
            ],
            [
              20122.10012210012,
              38150.18315018315
            ],
            [
              20128.205128205125,
              38156.28815628815
            ],
            [
              20128.205128205125,
              38162.39316239316
            ],
            [
              20140.415140415138,
              38174.60317460317
            ],
            [
              20140.415140415138,
              38180.70818070818
            ],
            [
              20146.520146520146,
              38180.70818070818
            ],
            [
              20152.62515262515,
              38186.81318681318
            ],
            [
              20158.73015873016,
              38186.81318681318
            ],
            [
              20164.835164835164,
              38192.918192918194
            ],
            [
              20170.940170940168,
              38192.918192918194
            ],
            [
              20183.15018315018,
              38205.1282051282
            ],
            [
              20189.25518925519,
              38205.1282051282
            ],
            [
              20201.465201465202,
              38217.33821733821
            ],
            [
              20201.465201465202,
              38223.443223443224
            ],
            [
              20225.885225885224,
              38247.86324786324
            ],
            [
              20231.990231990232,
              38247.86324786324
            ],
            [
              20238.095238095237,
              38253.968253968254
            ],
            [
              20244.20024420024,
              38253.968253968254
            ],
            [
              20256.410256410254,
              38266.17826617826
            ],
            [
              20268.620268620267,
              38266.17826617826
            ],
            [
              20274.725274725275,
              38272.28327228327
            ],
            [
              20323.565323565323,
              38272.28327228327
            ],
            [
              20329.670329670327,
              38278.38827838827
            ],
            [
              20347.98534798535,
              38278.38827838827
            ],
            [
              20354.090354090353,
              38284.493284493285
            ],
            [
              20378.51037851038,
              38284.493284493285
            ],
            [
              20384.615384615383,
              38290.59829059829
            ],
            [
              20409.03540903541,
              38290.59829059829
            ],
            [
              20415.140415140413,
              38284.493284493285
            ],
            [
              20427.350427350426,
              38284.493284493285
            ],
            [
              20433.45543345543,
              38278.38827838827
            ],
            [
              20439.56043956044,
              38278.38827838827
            ],
            [
              20457.875457875456,
              38260.07326007326
            ],
            [
              20463.980463980464,
              38260.07326007326
            ],
            [
              20476.190476190473,
              38247.86324786324
            ],
            [
              20482.29548229548,
              38247.86324786324
            ],
            [
              20494.505494505494,
              38235.65323565323
            ],
            [
              20500.6105006105,
              38235.65323565323
            ],
            [
              20531.13553113553,
              38205.1282051282
            ],
            [
              20531.13553113553,
              38199.0231990232
            ],
            [
              20537.240537240537,
              38192.918192918194
            ],
            [
              20537.240537240537,
              38186.81318681318
            ],
            [
              20543.345543345542,
              38180.70818070818
            ],
            [
              20543.345543345542,
              38174.60317460317
            ],
            [
              20549.450549450547,
              38168.49816849817
            ],
            [
              20549.450549450547,
              38156.28815628815
            ],
            [
              20555.555555555555,
              38150.18315018315
            ],
            [
              20555.555555555555,
              38131.86813186813
            ],
            [
              20561.66056166056,
              38125.76312576312
            ],
            [
              20561.66056166056,
              38070.818070818066
            ],
            [
              20555.555555555555,
              38064.71306471306
            ],
            [
              20555.555555555555,
              38052.50305250305
            ],
            [
              20543.345543345542,
              38040.293040293036
            ],
            [
              20543.345543345542,
              38034.18803418803
            ],
            [
              20512.82051282051,
              38003.663003663
            ],
            [
              20512.82051282051,
              37997.557997558
            ],
            [
              20457.875457875456,
              37942.61294261294
            ],
            [
              20451.77045177045,
              37942.61294261294
            ],
            [
              20445.665445665443,
              37936.50793650794
            ],
            [
              20439.56043956044,
              37936.50793650794
            ],
            [
              20433.45543345543,
              37930.402930402925
            ],
            [
              20427.350427350426,
              37930.402930402925
            ],
            [
              20421.24542124542,
              37924.29792429792
            ],
            [
              20415.140415140413,
              37924.29792429792
            ],
            [
              20409.03540903541,
              37918.192918192915
            ],
            [
              20402.9304029304,
              37918.192918192915
            ],
            [
              20390.72039072039,
              37905.982905982906
            ],
            [
              20384.615384615383,
              37905.982905982906
            ],
            [
              20372.40537240537,
              37893.77289377289
            ],
            [
              20366.300366300366,
              37893.77289377289
            ],
            [
              20360.195360195357,
              37887.667887667885
            ],
            [
              20268.620268620267,
              37887.667887667885
            ]
          ]
        ]
      }
    },
    {
      "type": "Feature",
      "properties": {
        "class_id": 3,
        "classification": "Darkspot & Foreign Object",
        "area": 11703.125256238807
      },
      "geometry": {
        "type": "Polygon",
        "coordinates": [
          [
            [
              23333.333333333332,
              36514.04151404151
            ],
            [
              23327.228327228328,
              36520.14652014652
            ],
            [
              23327.228327228328,
              36526.25152625152
            ],
            [
              23321.12332112332,
              36532.35653235653
            ],
            [
              23321.12332112332,
              36544.56654456654
            ],
            [
              23315.018315018315,
              36550.67155067155
            ],
            [
              23315.018315018315,
              36562.88156288156
            ],
            [
              23308.913308913307,
              36568.98656898657
            ],
            [
              23308.913308913307,
              36575.091575091574
            ],
            [
              23302.808302808302,
              36581.19658119658
            ],
            [
              23302.808302808302,
              36587.30158730158
            ],
            [
              23296.703296703294,
              36593.406593406595
            ],
            [
              23296.703296703294,
              36611.72161172161
            ],
            [
              23290.59829059829,
              36617.82661782661
            ],
            [
              23296.703296703294,
              36623.931623931625
            ],
            [
              23296.703296703294,
              36666.666666666664
            ],
            [
              23290.59829059829,
              36672.77167277167
            ],
            [
              23290.59829059829,
              36697.191697191694
            ],
            [
              23296.703296703294,
              36703.2967032967
            ],
            [
              23296.703296703294,
              36715.506715506715
            ],
            [
              23302.808302808302,
              36721.61172161172
            ],
            [
              23302.808302808302,
              36727.716727716725
            ],
            [
              23308.913308913307,
              36733.82173382173
            ],
            [
              23315.018315018315,
              36727.716727716725
            ],
            [
              23321.12332112332,
              36727.716727716725
            ],
            [
              23351.64835164835,
              36697.191697191694
            ],
            [
              23351.64835164835,
              36691.08669108669
            ],
            [
              23357.753357753358,
              36684.981684981685
            ],
            [
              23357.753357753358,
              36678.87667887667
            ],
            [
              23363.858363858362,
              36672.77167277167
            ],
            [
              23363.858363858362,
              36666.666666666664
            ],
            [
              23369.963369963367,
              36660.56166056166
            ],
            [
              23369.963369963367,
              36648.35164835164
            ],
            [
              23376.068376068375,
              36642.24664224664
            ],
            [
              23376.068376068375,
              36611.72161172161
            ],
            [
              23369.963369963367,
              36605.616605616604
            ],
            [
              23369.963369963367,
              36593.406593406595
            ],
            [
              23363.858363858362,
              36587.30158730158
            ],
            [
              23363.858363858362,
              36581.19658119658
            ],
            [
              23357.753357753358,
              36575.091575091574
            ],
            [
              23357.753357753358,
              36568.98656898657
            ],
            [
              23351.64835164835,
              36562.88156288156
            ],
            [
              23351.64835164835,
              36556.77655677655
            ],
            [
              23345.543345543345,
              36550.67155067155
            ],
            [
              23345.543345543345,
              36526.25152625152
            ],
            [
              23339.438339438337,
              36520.14652014652
            ],
            [
              23339.438339438337,
              36514.04151404151
            ],
            [
              23333.333333333332,
              36514.04151404151
            ]
          ]
        ]
      }
    },
    {
      "type": "Feature",
      "properties": {
        "class_id": 3,
        "classification": "Darkspot & Foreign Object",
        "area": 875.8708392408024
      },
      "geometry": {
        "type": "Polygon",
        "coordinates": [
          [
            [
              9346.764346764347,
              33321.12332112332
            ],
            [
              9346.764346764347,
              33327.228327228324
            ],
            [
              9316.239316239316,
              33357.753357753354
            ],
            [
              9316.239316239316,
              33363.85836385836
            ],
            [
              9322.344322344321,
              33363.85836385836
            ],
            [
              9328.449328449327,
              33369.96336996337
            ],
            [
              9340.65934065934,
              33357.753357753354
            ],
            [
              9346.764346764347,
              33357.753357753354
            ],
            [
              9346.764346764347,
              33351.64835164835
            ],
            [
              9352.869352869353,
              33345.543345543345
            ],
            [
              9352.869352869353,
              33339.43833943834
            ],
            [
              9358.974358974358,
              33333.33333333333
            ],
            [
              9358.974358974358,
              33327.228327228324
            ],
            [
              9352.869352869353,
              33321.12332112332
            ],
            [
              9346.764346764347,
              33321.12332112332
            ]
          ]
        ]
      }
    },
    {
      "type": "Feature",
      "properties": {
        "class_id": 3,
        "classification": "Darkspot & Foreign Object",
        "area": 1192.6751853491778
      },
      "geometry": {
        "type": "Polygon",
        "coordinates": [
          [
            [
              90628.81562881562,
              32368.742368742365
            ],
            [
              90622.71062271061,
              32374.847374847373
            ],
            [
              90610.5006105006,
              32374.847374847373
            ],
            [
              90604.3956043956,
              32380.952380952378
            ],
            [
              90604.3956043956,
              32387.057387057386
            ],
            [
              90622.71062271061,
              32405.372405372404
            ],
            [
              90622.71062271061,
              32411.477411477408
            ],
            [
              90628.81562881562,
              32411.477411477408
            ],
            [
              90634.92063492064,
              32417.582417582416
            ],
            [
              90641.02564102564,
              32417.582417582416
            ],
            [
              90641.02564102564,
              32368.742368742365
            ],
            [
              90628.81562881562,
              32368.742368742365
            ]
          ]
        ]
      }
    },
    {
      "type": "Feature",
      "properties": {
        "class_id": 3,
        "classification": "Darkspot & Foreign Object",
        "area": 149.08439816864723
      },
      "geometry": {
        "type": "Polygon",
        "coordinates": [
          [
            [
              90506.7155067155,
              32271.06227106227
            ],
            [
              90518.92551892552,
              32283.272283272283
            ],
            [
              90531.13553113553,
              32283.272283272283
            ],
            [
              90518.92551892552,
              32271.06227106227
            ],
            [
              90506.7155067155,
              32271.06227106227
            ]
          ]
        ]
      }
    },
    {
      "type": "Feature",
      "properties": {
        "class_id": 3,
        "classification": "Darkspot & Foreign Object",
        "area": 708.1508913010744
      },
      "geometry": {
        "type": "Polygon",
        "coordinates": [
          [
            [
              90451.77045177044,
              32210.01221001221
            ],
            [
              90451.77045177044,
              32216.117216117214
            ],
            [
              90457.87545787545,
              32222.22222222222
            ],
            [
              90457.87545787545,
              32228.327228327227
            ],
            [
              90482.29548229548,
              32252.74725274725
            ],
            [
              90488.40048840048,
              32246.642246642245
            ],
            [
              90488.40048840048,
              32234.43223443223
            ],
            [
              90470.08547008547,
              32216.117216117214
            ],
            [
              90463.98046398046,
              32216.117216117214
            ],
            [
              90457.87545787545,
              32210.01221001221
            ],
            [
              90451.77045177044,
              32210.01221001221
            ]
          ]
        ]
      }
    },
    {
      "type": "Feature",
      "properties": {
        "class_id": 3,
        "classification": "Darkspot & Foreign Object",
        "area": 2478.52811955376
      },
      "geometry": {
        "type": "Polygon",
        "coordinates": [
          [
            [
              90360.19536019536,
              31910.86691086691
            ],
            [
              90354.09035409035,
              31916.971916971914
            ],
            [
              90354.09035409035,
              31929.181929181927
            ],
            [
              90347.98534798535,
              31935.286935286935
            ],
            [
              90347.98534798535,
              32014.652014652012
            ],
            [
              90354.09035409035,
              32020.757020757017
            ],
            [
              90354.09035409035,
              32026.862026862025
            ],
            [
              90354.09035409035,
              32014.652014652012
            ],
            [
              90372.40537240537,
              31996.336996336995
            ],
            [
              90372.40537240537,
              31990.231990231987
            ],
            [
              90378.51037851037,
              31984.126984126982
            ],
            [
              90378.51037851037,
              31941.39194139194
            ],
            [
              90372.40537240537,
              31935.286935286935
            ],
            [
              90372.40537240537,
              31923.076923076922
            ],
            [
              90366.30036630036,
              31916.971916971914
            ],
            [
              90366.30036630036,
              31910.86691086691
            ],
            [
              90360.19536019536,
              31910.86691086691
            ]
          ]
        ]
      }
    },
    {
      "type": "Feature",
      "properties": {
        "class_id": 3,
        "classification": "Darkspot & Foreign Object",
        "area": 147966.26518238237
      },
      "geometry": {
        "type": "Polygon",
        "coordinates": [
          [
            [
              19670.32967032967,
              29450.54945054945
            ],
            [
              19664.224664224665,
              29456.654456654454
            ],
            [
              19664.224664224665,
              29462.759462759463
            ],
            [
              19658.119658119656,
              29468.864468864467
            ],
            [
              19658.119658119656,
              29474.96947496947
            ],
            [
              19639.80463980464,
              29493.284493284493
            ],
            [
              19639.80463980464,
              29499.389499389497
            ],
            [
              19615.384615384613,
              29523.809523809523
            ],
            [
              19609.27960927961,
              29523.809523809523
            ],
            [
              19603.1746031746,
              29529.914529914528
            ],
            [
              19578.75457875458,
              29529.914529914528
            ],
            [
              19572.64957264957,
              29536.019536019536
            ],
            [
              19542.12454212454,
              29536.019536019536
            ],
            [
              19536.019536019536,
              29542.12454212454
            ],
            [
              19523.809523809523,
              29542.12454212454
            ],
            [
              19517.704517704515,
              29548.229548229545
            ],
            [
              19511.59951159951,
              29548.229548229545
            ],
            [
              19505.494505494506,
              29542.12454212454
            ],
            [
              19468.864468864467,
              29542.12454212454
            ],
            [
              19462.759462759463,
              29536.019536019536
            ],
            [
              19420.02442002442,
              29536.019536019536
            ],
            [
              19413.91941391941,
              29542.12454212454
            ],
            [
              19395.604395604394,
              29542.12454212454
            ],
            [
              19389.49938949939,
              29548.229548229545
            ],
            [
              19383.39438339438,
              29548.229548229545
            ],
            [
              19377.289377289377,
              29554.334554334553
            ],
            [
              19371.18437118437,
              29554.334554334553
            ],
            [
              19340.65934065934,
              29584.859584859583
            ],
            [
              19340.65934065934,
              29590.964590964588
            ],
            [
              19334.554334554334,
              29597.069597069596
            ],
            [
              19334.554334554334,
              29609.27960927961
            ],
            [
              19328.449328449326,
              29615.384615384613
            ],
            [
              19328.449328449326,
              29627.594627594626
            ],
            [
              19322.34432234432,
              29633.69963369963
            ],
            [
              19322.34432234432,
              29639.80463980464
            ],
            [
              19316.239316239316,
              29645.909645909644
            ],
            [
              19316.239316239316,
              29652.01465201465
            ],
            [
              19310.134310134308,
              29658.119658119656
            ],
            [
              19310.134310134308,
              29664.22466422466
            ],
            [
              19304.029304029304,
              29670.32967032967
            ],
            [
              19304.029304029304,
              29676.434676434674
            ],
            [
              19291.81929181929,
              29688.644688644687
            ],
            [
              19291.81929181929,
              29694.74969474969
            ],
            [
              19285.714285714286,
              29700.8547008547
            ],
            [
              19285.714285714286,
              29713.064713064712
            ],
            [
              19279.609279609278,
              29719.169719169717
            ],
            [
              19279.609279609278,
              29731.37973137973
            ],
            [
              19273.504273504273,
              29737.484737484734
            ],
            [
              19273.504273504273,
              29786.324786324785
            ],
            [
              19285.714285714286,
              29798.534798534798
            ],
            [
              19285.714285714286,
              29804.639804639803
            ],
            [
              19291.81929181929,
              29810.744810744807
            ],
            [
              19291.81929181929,
              29816.849816849815
            ],
            [
              19297.924297924295,
              29822.95482295482
            ],
            [
              19297.924297924295,
              29835.164835164833
            ],
            [
              19304.029304029304,
              29841.26984126984
            ],
            [
              19304.029304029304,
              29871.79487179487
            ],
            [
              19297.924297924295,
              29877.899877899876
            ],
            [
              19297.924297924295,
              29890.10989010989
            ],
            [
              19291.81929181929,
              29896.214896214893
            ],
            [
              19291.81929181929,
              29926.739926739923
            ],
            [
              19316.239316239316,
              29951.15995115995
            ],
            [
              19316.239316239316,
              29969.474969474966
            ],
            [
              19322.34432234432,
              29975.579975579974
            ],
            [
              19328.449328449326,
              29975.579975579974
            ],
            [
              19334.554334554334,
              29981.68498168498
            ],
            [
              19340.65934065934,
              29981.68498168498
            ],
            [
              19346.764346764347,
              29975.579975579974
            ],
            [
              19358.97435897436,
              29975.579975579974
            ],
            [
              19383.39438339438,
              29951.15995115995
            ],
            [
              19389.49938949939,
              29951.15995115995
            ],
            [
              19389.49938949939,
              29945.054945054944
            ],
            [
              19395.604395604394,
              29938.949938949936
            ],
            [
              19401.709401709402,
              29938.949938949936
            ],
            [
              19407.814407814407,
              29932.84493284493
            ],
            [
              19462.759462759463,
              29932.84493284493
            ],
            [
              19481.07448107448,
              29914.529914529914
            ],
            [
              19499.389499389497,
              29914.529914529914
            ],
            [
              19511.59951159951,
              29926.739926739923
            ],
            [
              19523.809523809523,
              29926.739926739923
            ],
            [
              19529.914529914528,
              29932.84493284493
            ],
            [
              19536.019536019536,
              29932.84493284493
            ],
            [
              19542.12454212454,
              29938.949938949936
            ],
            [
              19548.22954822955,
              29938.949938949936
            ],
            [
              19554.334554334553,
              29945.054945054944
            ],
            [
              19566.544566544566,
              29945.054945054944
            ],
            [
              19572.64957264957,
              29951.15995115995
            ],
            [
              19584.859584859583,
              29951.15995115995
            ],
            [
              19590.96459096459,
              29945.054945054944
            ],
            [
              19597.069597069596,
              29945.054945054944
            ],
            [
              19621.48962148962,
              29920.63492063492
            ],
            [
              19621.48962148962,
              29914.529914529914
            ],
            [
              19627.594627594626,
              29908.424908424906
            ],
            [
              19627.594627594626,
              29877.899877899876
            ],
            [
              19621.48962148962,
              29871.79487179487
            ],
            [
              19621.48962148962,
              29865.689865689863
            ],
            [
              19615.384615384613,
              29859.58485958486
            ],
            [
              19615.384615384613,
              29853.47985347985
            ],
            [
              19609.27960927961,
              29847.374847374846
            ],
            [
              19609.27960927961,
              29841.26984126984
            ],
            [
              19597.069597069596,
              29829.05982905983
            ],
            [
              19597.069597069596,
              29786.324786324785
            ],
            [
              19590.96459096459,
              29780.219780219777
            ],
            [
              19590.96459096459,
              29761.90476190476
            ],
            [
              19597.069597069596,
              29755.799755799755
            ],
            [
              19597.069597069596,
              29749.694749694747
            ],
            [
              19615.384615384613,
              29731.37973137973
            ],
            [
              19621.48962148962,
              29731.37973137973
            ],
            [
              19627.594627594626,
              29725.274725274725
            ],
            [
              19639.80463980464,
              29725.274725274725
            ],
            [
              19645.909645909644,
              29719.169719169717
            ],
            [
              19658.119658119656,
              29719.169719169717
            ],
            [
              19658.119658119656,
              29713.064713064712
            ],
            [
              19670.32967032967,
              29700.8547008547
            ],
            [
              19670.32967032967,
              29694.74969474969
            ],
            [
              19676.434676434674,
              29688.644688644687
            ],
            [
              19676.434676434674,
              29682.539682539682
            ],
            [
              19694.749694749695,
              29664.22466422466
            ],
            [
              19700.8547008547,
              29664.22466422466
            ],
            [
              19725.274725274725,
              29639.80463980464
            ],
            [
              19725.274725274725,
              29633.69963369963
            ],
            [
              19731.37973137973,
              29627.594627594626
            ],
            [
              19731.37973137973,
              29578.75457875458
            ],
            [
              19725.274725274725,
              29572.64957264957
            ],
            [
              19725.274725274725,
              29554.334554334553
            ],
            [
              19719.169719169717,
              29548.229548229545
            ],
            [
              19719.169719169717,
              29511.59951159951
            ],
            [
              19725.274725274725,
              29505.494505494502
            ],
            [
              19725.274725274725,
              29481.07448107448
            ],
            [
              19719.169719169717,
              29474.96947496947
            ],
            [
              19719.169719169717,
              29468.864468864467
            ],
            [
              19713.064713064712,
              29462.759462759463
            ],
            [
              19713.064713064712,
              29456.654456654454
            ],
            [
              19706.959706959708,
              29456.654456654454
            ],
            [
              19700.8547008547,
              29450.54945054945
            ],
            [
              19670.32967032967,
              29450.54945054945
            ]
          ]
        ]
      }
    },
    {
      "type": "Feature",
      "properties": {
        "class_id": 3,
        "classification": "Darkspot & Foreign Object",
        "area": 4230.269798035365
      },
      "geometry": {
        "type": "Polygon",
        "coordinates": [
          [
            [
              10256.410256410256,
              29407.814407814407
            ],
            [
              10244.200244200243,
              29420.02442002442
            ],
            [
              10244.200244200243,
              29426.129426129424
            ],
            [
              10219.78021978022,
              29450.54945054945
            ],
            [
              10207.570207570207,
              29450.54945054945
            ],
            [
              10201.4652014652,
              29456.654456654454
            ],
            [
              10189.25518925519,
              29456.654456654454
            ],
            [
              10177.045177045176,
              29468.864468864467
            ],
            [
              10177.045177045176,
              29493.284493284493
            ],
            [
              10183.150183150183,
              29493.284493284493
            ],
            [
              10189.25518925519,
              29499.389499389497
            ],
            [
              10219.78021978022,
              29499.389499389497
            ],
            [
              10225.885225885226,
              29493.284493284493
            ],
            [
              10231.990231990232,
              29493.284493284493
            ],
            [
              10238.095238095237,
              29487.179487179485
            ],
            [
              10244.200244200243,
              29487.179487179485
            ],
            [
              10244.200244200243,
              29481.07448107448
            ],
            [
              10250.30525030525,
              29474.96947496947
            ],
            [
              10250.30525030525,
              29456.654456654454
            ],
            [
              10268.620268620269,
              29438.339438339437
            ],
            [
              10268.620268620269,
              29432.23443223443
            ],
            [
              10274.725274725273,
              29426.129426129424
            ],
            [
              10274.725274725273,
              29420.02442002442
            ],
            [
              10262.515262515262,
              29407.814407814407
            ],
            [
              10256.410256410256,
              29407.814407814407
            ]
          ]
        ]
      }
    },
    {
      "type": "Feature",
      "properties": {
        "class_id": 3,
        "classification": "Darkspot & Foreign Object",
        "area": 133393.26526139711
      },
      "geometry": {
        "type": "Polygon",
        "coordinates": [
          [
            [
              10402.930402930402,
              29334.554334554334
            ],
            [
              10366.300366300366,
              29371.18437118437
            ],
            [
              10366.300366300366,
              29377.289377289377
            ],
            [
              10354.090354090353,
              29389.49938949939
            ],
            [
              10354.090354090353,
              29395.604395604394
            ],
            [
              10347.985347985348,
              29401.7094017094
            ],
            [
              10347.985347985348,
              29413.91941391941
            ],
            [
              10341.880341880342,
              29420.02442002442
            ],
            [
              10341.880341880342,
              29493.284493284493
            ],
            [
              10335.775335775335,
              29499.389499389497
            ],
            [
              10335.775335775335,
              29505.494505494502
            ],
            [
              10329.670329670329,
              29511.59951159951
            ],
            [
              10329.670329670329,
              29523.809523809523
            ],
            [
              10335.775335775335,
              29529.914529914528
            ],
            [
              10335.775335775335,
              29542.12454212454
            ],
            [
              10341.880341880342,
              29548.229548229545
            ],
            [
              10341.880341880342,
              29560.439560439558
            ],
            [
              10335.775335775335,
              29566.544566544566
            ],
            [
              10335.775335775335,
              29572.64957264957
            ],
            [
              10323.565323565323,
              29584.859584859583
            ],
            [
              10305.250305250305,
              29584.859584859583
            ],
            [
              10293.040293040292,
              29572.64957264957
            ],
            [
              10293.040293040292,
              29566.544566544566
            ],
            [
              10286.935286935286,
              29560.439560439558
            ],
            [
              10286.935286935286,
              29554.334554334553
            ],
            [
              10280.83028083028,
              29548.229548229545
            ],
            [
              10280.83028083028,
              29542.12454212454
            ],
            [
              10274.725274725273,
              29536.019536019536
            ],
            [
              10268.620268620269,
              29536.019536019536
            ],
            [
              10262.515262515262,
              29529.914529914528
            ],
            [
              10238.095238095237,
              29529.914529914528
            ],
            [
              10231.990231990232,
              29523.809523809523
            ],
            [
              10225.885225885226,
              29529.914529914528
            ],
            [
              10213.675213675213,
              29529.914529914528
            ],
            [
              10207.570207570207,
              29536.019536019536
            ],
            [
              10207.570207570207,
              29542.12454212454
            ],
            [
              10201.4652014652,
              29548.229548229545
            ],
            [
              10201.4652014652,
              29597.069597069596
            ],
            [
              10195.360195360196,
              29603.1746031746
            ],
            [
              10189.25518925519,
              29603.1746031746
            ],
            [
              10177.045177045176,
              29590.964590964588
            ],
            [
              10177.045177045176,
              29584.859584859583
            ],
            [
              10170.94017094017,
              29578.75457875458
            ],
            [
              10170.94017094017,
              29566.544566544566
            ],
            [
              10164.835164835164,
              29560.439560439558
            ],
            [
              10164.835164835164,
              29529.914529914528
            ],
            [
              10158.730158730159,
              29523.809523809523
            ],
            [
              10158.730158730159,
              29517.704517704515
            ],
            [
              10152.625152625153,
              29511.59951159951
            ],
            [
              10152.625152625153,
              29505.494505494502
            ],
            [
              10134.310134310133,
              29487.179487179485
            ],
            [
              10134.310134310133,
              29597.069597069596
            ],
            [
              10170.94017094017,
              29597.069597069596
            ],
            [
              10177.045177045176,
              29603.1746031746
            ],
            [
              10177.045177045176,
              29633.69963369963
            ],
            [
              10213.675213675213,
              29633.69963369963
            ],
            [
              10219.78021978022,
              29639.80463980464
            ],
            [
              10219.78021978022,
              29676.434676434674
            ],
            [
              10372.405372405372,
              29676.434676434674
            ],
            [
              10378.510378510378,
              29682.539682539682
            ],
            [
              10378.510378510378,
              29719.169719169717
            ],
            [
              10494.505494505494,
              29719.169719169717
            ],
            [
              10500.6105006105,
              29725.274725274725
            ],
            [
              10500.6105006105,
              29798.534798534798
            ],
            [
              10537.240537240537,
              29798.534798534798
            ],
            [
              10543.345543345542,
              29804.639804639803
            ],
            [
              10543.345543345542,
              29841.26984126984
            ],
            [
              10579.975579975579,
              29841.26984126984
            ],
            [
              10579.975579975579,
              29822.95482295482
            ],
            [
              10586.080586080585,
              29816.849816849815
            ],
            [
              10586.080586080585,
              29804.639804639803
            ],
            [
              10598.290598290598,
              29792.42979242979
            ],
            [
              10598.290598290598,
              29749.694749694747
            ],
            [
              10604.395604395604,
              29743.589743589742
            ],
            [
              10604.395604395604,
              29737.484737484734
            ],
            [
              10610.50061050061,
              29731.37973137973
            ],
            [
              10610.50061050061,
              29725.274725274725
            ],
            [
              10616.605616605615,
              29719.169719169717
            ],
            [
              10616.605616605615,
              29713.064713064712
            ],
            [
              10622.710622710621,
              29706.959706959704
            ],
            [
              10622.710622710621,
              29700.8547008547
            ],
            [
              10628.815628815628,
              29694.74969474969
            ],
            [
              10628.815628815628,
              29676.434676434674
            ],
            [
              10622.710622710621,
              29670.32967032967
            ],
            [
              10622.710622710621,
              29664.22466422466
            ],
            [
              10616.605616605615,
              29664.22466422466
            ],
            [
              10610.50061050061,
              29658.119658119656
            ],
            [
              10604.395604395604,
              29658.119658119656
            ],
            [
              10598.290598290598,
              29652.01465201465
            ],
            [
              10592.185592185591,
              29652.01465201465
            ],
            [
              10579.975579975579,
              29639.80463980464
            ],
            [
              10579.975579975579,
              29633.69963369963
            ],
            [
              10573.870573870574,
              29627.594627594626
            ],
            [
              10598.290598290598,
              29603.1746031746
            ],
            [
              10610.50061050061,
              29603.1746031746
            ],
            [
              10616.605616605615,
              29597.069597069596
            ],
            [
              10622.710622710621,
              29597.069597069596
            ],
            [
              10628.815628815628,
              29603.1746031746
            ],
            [
              10641.02564102564,
              29603.1746031746
            ],
            [
              10647.130647130647,
              29609.27960927961
            ],
            [
              10653.235653235653,
              29603.1746031746
            ],
            [
              10665.445665445664,
              29603.1746031746
            ],
            [
              10677.655677655677,
              29590.964590964588
            ],
            [
              10677.655677655677,
              29572.64957264957
            ],
            [
              10653.235653235653,
              29548.229548229545
            ],
            [
              10653.235653235653,
              29542.12454212454
            ],
            [
              10647.130647130647,
              29536.019536019536
            ],
            [
              10647.130647130647,
              29529.914529914528
            ],
            [
              10653.235653235653,
              29523.809523809523
            ],
            [
              10653.235653235653,
              29511.59951159951
            ],
            [
              10634.920634920634,
              29493.284493284493
            ],
            [
              10634.920634920634,
              29474.96947496947
            ],
            [
              10641.02564102564,
              29468.864468864467
            ],
            [
              10641.02564102564,
              29462.759462759463
            ],
            [
              10647.130647130647,
              29456.654456654454
            ],
            [
              10653.235653235653,
              29456.654456654454
            ],
            [
              10659.340659340658,
              29450.54945054945
            ],
            [
              10641.02564102564,
              29432.23443223443
            ],
            [
              10641.02564102564,
              29413.91941391941
            ],
            [
              10647.130647130647,
              29407.814407814407
            ],
            [
              10647.130647130647,
              29395.604395604394
            ],
            [
              10634.920634920634,
              29395.604395604394
            ],
            [
              10622.710622710621,
              29407.814407814407
            ],
            [
              10610.50061050061,
              29407.814407814407
            ],
            [
              10579.975579975579,
              29377.289377289377
            ],
            [
              10573.870573870574,
              29377.289377289377
            ],
            [
              10567.765567765568,
              29371.18437118437
            ],
            [
              10525.030525030525,
              29371.18437118437
            ],
            [
              10518.925518925518,
              29365.079365079364
            ],
            [
              10512.820512820512,
              29365.079365079364
            ],
            [
              10500.6105006105,
              29352.86935286935
            ],
            [
              10494.505494505494,
              29352.86935286935
            ],
            [
              10488.400488400488,
              29346.764346764347
            ],
            [
              10476.190476190475,
              29346.764346764347
            ],
            [
              10470.085470085469,
              29340.65934065934
            ],
            [
              10457.875457875458,
              29340.65934065934
            ],
            [
              10451.770451770451,
              29334.554334554334
            ],
            [
              10402.930402930402,
              29334.554334554334
            ]
          ]
        ]
      }
    },
    {
      "type": "Feature",
      "properties": {
        "class_id": 3,
        "classification": "Darkspot & Foreign Object",
        "area": 74.54219908432361
      },
      "geometry": {
        "type": "Polygon",
        "coordinates": [
          [
            [
              10341.880341880342,
              29291.81929181929
            ],
            [
              10335.775335775335,
              29297.924297924295
            ],
            [
              10341.880341880342,
              29297.924297924295
            ],
            [
              10347.985347985348,
              29304.029304029304
            ],
            [
              10347.985347985348,
              29291.81929181929
            ],
            [
              10341.880341880342,
              29291.81929181929
            ]
          ]
        ]
      }
    },
    {
      "type": "Feature",
      "properties": {
        "class_id": 3,
        "classification": "Darkspot & Foreign Object",
        "area": 6783.340116673448
      },
      "geometry": {
        "type": "Polygon",
        "coordinates": [
          [
            [
              10665.445665445664,
              28253.96825396825
            ],
            [
              10665.445665445664,
              28290.59829059829
            ],
            [
              10659.340659340658,
              28296.703296703294
            ],
            [
              10622.710622710621,
              28296.703296703294
            ],
            [
              10622.710622710621,
              28333.333333333332
            ],
            [
              10616.605616605615,
              28339.438339438337
            ],
            [
              10604.395604395604,
              28339.438339438337
            ],
            [
              10622.710622710621,
              28357.753357753358
            ],
            [
              10653.235653235653,
              28357.753357753358
            ],
            [
              10659.340659340658,
              28351.64835164835
            ],
            [
              10665.445665445664,
              28351.64835164835
            ],
            [
              10671.55067155067,
              28357.753357753358
            ],
            [
              10683.760683760684,
              28357.753357753358
            ],
            [
              10683.760683760684,
              28351.64835164835
            ],
            [
              10689.86568986569,
              28345.543345543345
            ],
            [
              10689.86568986569,
              28339.438339438337
            ],
            [
              10720.39072039072,
              28308.913308913307
            ],
            [
              10726.495726495727,
              28308.913308913307
            ],
            [
              10732.600732600731,
              28302.808302808302
            ],
            [
              10738.705738705738,
              28302.808302808302
            ],
            [
              10744.810744810744,
              28296.703296703294
            ],
            [
              10769.230769230768,
              28296.703296703294
            ],
            [
              10708.180708180707,
              28296.703296703294
            ],
            [
              10702.075702075701,
              28290.59829059829
            ],
            [
              10702.075702075701,
              28253.96825396825
            ],
            [
              10665.445665445664,
              28253.96825396825
            ]
          ]
        ]
      }
    },
    {
      "type": "Feature",
      "properties": {
        "class_id": 3,
        "classification": "Darkspot & Foreign Object",
        "area": 223.62659725297084
      },
      "geometry": {
        "type": "Polygon",
        "coordinates": [
          [
            [
              26117.216117216114,
              28131.86813186813
            ],
            [
              26123.321123321122,
              28137.973137973135
            ],
            [
              26123.321123321122,
              28144.078144078143
            ],
            [
              26129.426129426127,
              28150.183150183148
            ],
            [
              26135.531135531135,
              28144.078144078143
            ],
            [
              26135.531135531135,
              28137.973137973135
            ],
            [
              26141.63614163614,
              28131.86813186813
            ],
            [
              26117.216117216114,
              28131.86813186813
            ]
          ]
        ]
      }
    },
    {
      "type": "Feature",
      "properties": {
        "class_id": 3,
        "classification": "Darkspot & Foreign Object",
        "area": 26816.55612058542
      },
      "geometry": {
        "type": "Polygon",
        "coordinates": [
          [
            [
              20354.090354090353,
              26831.50183150183
            ],
            [
              20354.090354090353,
              26855.921855921853
            ],
            [
              20378.51037851038,
              26880.34188034188
            ],
            [
              20378.51037851038,
              26892.55189255189
            ],
            [
              20372.40537240537,
              26898.656898656896
            ],
            [
              20372.40537240537,
              26904.761904761905
            ],
            [
              20366.300366300366,
              26910.86691086691
            ],
            [
              20366.300366300366,
              26916.971916971914
            ],
            [
              20360.195360195357,
              26923.076923076922
            ],
            [
              20360.195360195357,
              26953.601953601952
            ],
            [
              20366.300366300366,
              26959.706959706957
            ],
            [
              20366.300366300366,
              26990.231990231987
            ],
            [
              20372.40537240537,
              26996.336996336995
            ],
            [
              20372.40537240537,
              27008.547008547008
            ],
            [
              20378.51037851038,
              27014.652014652012
            ],
            [
              20378.51037851038,
              27020.75702075702
            ],
            [
              20384.615384615383,
              27020.75702075702
            ],
            [
              20390.72039072039,
              27026.862026862025
            ],
            [
              20415.140415140413,
              27026.862026862025
            ],
            [
              20421.24542124542,
              27032.96703296703
            ],
            [
              20427.350427350426,
              27032.96703296703
            ],
            [
              20433.45543345543,
              27039.072039072038
            ],
            [
              20433.45543345543,
              27045.177045177043
            ],
            [
              20439.56043956044,
              27051.28205128205
            ],
            [
              20439.56043956044,
              27057.387057387055
            ],
            [
              20445.665445665443,
              27063.492063492064
            ],
            [
              20445.665445665443,
              27087.912087912086
            ],
            [
              20470.08547008547,
              27112.33211233211
            ],
            [
              20506.715506715507,
              27112.33211233211
            ],
            [
              20506.715506715507,
              27106.227106227103
            ],
            [
              20500.6105006105,
              27100.1221001221
            ],
            [
              20500.6105006105,
              27081.80708180708
            ],
            [
              20506.715506715507,
              27075.702075702073
            ],
            [
              20506.715506715507,
              27032.96703296703
            ],
            [
              20500.6105006105,
              27026.862026862025
            ],
            [
              20500.6105006105,
              27014.652014652012
            ],
            [
              20494.505494505494,
              27008.547008547008
            ],
            [
              20494.505494505494,
              26959.706959706957
            ],
            [
              20500.6105006105,
              26953.601953601952
            ],
            [
              20500.6105006105,
              26916.971916971914
            ],
            [
              20506.715506715507,
              26910.86691086691
            ],
            [
              20476.190476190473,
              26910.86691086691
            ],
            [
              20470.08547008547,
              26904.761904761905
            ],
            [
              20470.08547008547,
              26874.23687423687
            ],
            [
              20433.45543345543,
              26874.23687423687
            ],
            [
              20427.350427350426,
              26868.131868131866
            ],
            [
              20427.350427350426,
              26831.50183150183
            ],
            [
              20354.090354090353,
              26831.50183150183
            ]
          ]
        ]
      }
    },
    {
      "type": "Feature",
      "properties": {
        "class_id": 3,
        "classification": "Darkspot & Foreign Object",
        "area": 55.90664931324271
      },
      "geometry": {
        "type": "Polygon",
        "coordinates": [
          [
            [
              12094.017094017094,
              25750.91575091575
            ],
            [
              12094.017094017094,
              25763.12576312576
            ],
            [
              12100.1221001221,
              25763.12576312576
            ],
            [
              12100.1221001221,
              25757.020757020757
            ],
            [
              12094.017094017094,
              25750.91575091575
            ]
          ]
        ]
      }
    },
    {
      "type": "Feature",
      "properties": {
        "class_id": 3,
        "classification": "Darkspot & Foreign Object",
        "area": 25027.543342561654
      },
      "geometry": {
        "type": "Polygon",
        "coordinates": [
          [
            [
              11971.916971916971,
              25689.86568986569
            ],
            [
              11959.706959706959,
              25702.0757020757
            ],
            [
              11953.601953601952,
              25702.0757020757
            ],
            [
              11941.391941391941,
              25714.285714285714
            ],
            [
              11941.391941391941,
              25720.39072039072
            ],
            [
              11935.286935286935,
              25726.495726495727
            ],
            [
              11935.286935286935,
              25769.230769230766
            ],
            [
              11929.181929181928,
              25775.335775335774
            ],
            [
              11929.181929181928,
              25787.545787545787
            ],
            [
              11935.286935286935,
              25793.65079365079
            ],
            [
              11935.286935286935,
              25818.070818070817
            ],
            [
              11941.391941391941,
              25824.17582417582
            ],
            [
              11941.391941391941,
              25830.28083028083
            ],
            [
              11947.496947496948,
              25836.385836385834
            ],
            [
              11947.496947496948,
              25854.70085470085
            ],
            [
              11978.021978021978,
              25854.70085470085
            ],
            [
              11984.126984126984,
              25860.80586080586
            ],
            [
              11990.231990231989,
              25860.80586080586
            ],
            [
              12020.75702075702,
              25891.33089133089
            ],
            [
              12026.862026862025,
              25891.33089133089
            ],
            [
              12039.072039072038,
              25903.540903540903
            ],
            [
              12051.28205128205,
              25903.540903540903
            ],
            [
              12057.387057387057,
              25909.645909645908
            ],
            [
              12069.597069597068,
              25909.645909645908
            ],
            [
              12075.702075702075,
              25903.540903540903
            ],
            [
              12087.912087912087,
              25903.540903540903
            ],
            [
              12094.017094017094,
              25897.435897435895
            ],
            [
              12106.227106227105,
              25897.435897435895
            ],
            [
              12106.227106227105,
              25879.120879120877
            ],
            [
              12112.332112332111,
              25873.015873015873
            ],
            [
              12112.332112332111,
              25854.70085470085
            ],
            [
              12118.437118437118,
              25848.595848595847
            ],
            [
              12118.437118437118,
              25842.490842490843
            ],
            [
              12130.64713064713,
              25830.28083028083
            ],
            [
              12130.64713064713,
              25818.070818070817
            ],
            [
              12094.017094017094,
              25818.070818070817
            ],
            [
              12087.912087912087,
              25811.96581196581
            ],
            [
              12051.28205128205,
              25811.96581196581
            ],
            [
              12045.177045177044,
              25805.860805860804
            ],
            [
              12045.177045177044,
              25775.335775335774
            ],
            [
              12039.072039072038,
              25769.230769230766
            ],
            [
              12039.072039072038,
              25732.60073260073
            ],
            [
              12045.177045177044,
              25726.495726495727
            ],
            [
              12063.492063492064,
              25726.495726495727
            ],
            [
              12051.28205128205,
              25714.285714285714
            ],
            [
              12045.177045177044,
              25714.285714285714
            ],
            [
              12032.967032967032,
              25702.0757020757
            ],
            [
              12032.967032967032,
              25695.970695970693
            ],
            [
              12026.862026862025,
              25689.86568986569
            ],
            [
              11971.916971916971,
              25689.86568986569
            ]
          ]
        ]
      }
    },
    {
      "type": "Feature",
      "properties": {
        "class_id": 3,
        "classification": "Darkspot & Foreign Object",
        "area": 2608.9769679513265
      },
      "geometry": {
        "type": "Polygon",
        "coordinates": [
          [
            [
              89133.08913308913,
              25366.300366300366
            ],
            [
              89114.7741147741,
              25384.615384615383
            ],
            [
              89114.7741147741,
              25396.825396825396
            ],
            [
              89084.24908424908,
              25427.350427350426
            ],
            [
              89084.24908424908,
              25433.45543345543
            ],
            [
              89096.45909645909,
              25445.665445665443
            ],
            [
              89102.5641025641,
              25445.665445665443
            ],
            [
              89139.19413919414,
              25409.03540903541
            ],
            [
              89145.29914529914,
              25409.03540903541
            ],
            [
              89157.50915750915,
              25396.825396825396
            ],
            [
              89157.50915750915,
              25384.615384615383
            ],
            [
              89145.29914529914,
              25372.40537240537
            ],
            [
              89145.29914529914,
              25366.300366300366
            ],
            [
              89133.08913308913,
              25366.300366300366
            ]
          ]
        ]
      }
    },
    {
      "type": "Feature",
      "properties": {
        "class_id": 3,
        "classification": "Darkspot & Foreign Object",
        "area": 689.5153415299934
      },
      "geometry": {
        "type": "Polygon",
        "coordinates": [
          [
            [
              89175.82417582416,
              25280.83028083028
            ],
            [
              89169.71916971916,
              25286.935286935284
            ],
            [
              89169.71916971916,
              25305.250305250305
            ],
            [
              89175.82417582416,
              25311.35531135531
            ],
            [
              89188.03418803419,
              25311.35531135531
            ],
            [
              89194.13919413919,
              25305.250305250305
            ],
            [
              89194.13919413919,
              25280.83028083028
            ],
            [
              89175.82417582416,
              25280.83028083028
            ]
          ]
        ]
      }
    },
    {
      "type": "Feature",
      "properties": {
        "class_id": 3,
        "classification": "Darkspot & Foreign Object",
        "area": 93.17774885540452
      },
      "geometry": {
        "type": "Polygon",
        "coordinates": [
          [
            [
              89291.81929181928,
              25158.730158730155
            ],
            [
              89291.81929181928,
              25164.835164835164
            ],
            [
              89310.13431013431,
              25164.835164835164
            ],
            [
              89304.0293040293,
              25158.730158730155
            ],
            [
              89291.81929181928,
              25158.730158730155
            ]
          ]
        ]
      }
    },
    {
      "type": "Feature",
      "properties": {
        "class_id": 3,
        "classification": "Darkspot & Foreign Object",
        "area": 1267.2173844335014
      },
      "geometry": {
        "type": "Polygon",
        "coordinates": [
          [
            [
              89529.91452991453,
              25134.310134310133
            ],
            [
              89523.80952380951,
              25140.415140415138
            ],
            [
              89517.70451770451,
              25140.415140415138
            ],
            [
              89493.28449328449,
              25164.835164835164
            ],
            [
              89493.28449328449,
              25170.940170940168
            ],
            [
              89487.17948717948,
              25177.045177045176
            ],
            [
              89487.17948717948,
              25189.25518925519
            ],
            [
              89493.28449328449,
              25183.15018315018
            ],
            [
              89499.3894993895,
              25183.15018315018
            ],
            [
              89505.4945054945,
              25177.045177045176
            ],
            [
              89517.70451770451,
              25177.045177045176
            ],
            [
              89523.80952380951,
              25170.940170940168
            ],
            [
              89529.91452991453,
              25170.940170940168
            ],
            [
              89529.91452991453,
              25158.730158730155
            ],
            [
              89536.01953601954,
              25152.62515262515
            ],
            [
              89536.01953601954,
              25134.310134310133
            ],
            [
              89529.91452991453,
              25134.310134310133
            ]
          ]
        ]
      }
    },
    {
      "type": "Feature",
      "properties": {
        "class_id": 3,
        "classification": "Darkspot & Foreign Object",
        "area": 22828.548469574107
      },
      "geometry": {
        "type": "Polygon",
        "coordinates": [
          [
            [
              88791.20879120879,
              25036.630036630035
            ],
            [
              88778.99877899878,
              25048.840048840048
            ],
            [
              88772.89377289377,
              25048.840048840048
            ],
            [
              88766.78876678876,
              25054.945054945052
            ],
            [
              88754.57875457875,
              25054.945054945052
            ],
            [
              88724.05372405372,
              25085.470085470082
            ],
            [
              88724.05372405372,
              25091.57509157509
            ],
            [
              88717.94871794872,
              25097.680097680095
            ],
            [
              88717.94871794872,
              25103.785103785103
            ],
            [
              88711.8437118437,
              25109.890109890108
            ],
            [
              88711.8437118437,
              25115.995115995116
            ],
            [
              88699.63369963369,
              25128.205128205125
            ],
            [
              88693.52869352869,
              25128.205128205125
            ],
            [
              88681.31868131868,
              25140.415140415138
            ],
            [
              88681.31868131868,
              25146.520146520146
            ],
            [
              88675.21367521367,
              25152.62515262515
            ],
            [
              88675.21367521367,
              25170.940170940168
            ],
            [
              88669.10866910867,
              25177.045177045176
            ],
            [
              88669.10866910867,
              25207.570207570207
            ],
            [
              88675.21367521367,
              25213.67521367521
            ],
            [
              88675.21367521367,
              25238.095238095237
            ],
            [
              88681.31868131868,
              25244.20024420024
            ],
            [
              88681.31868131868,
              25250.30525030525
            ],
            [
              88687.42368742368,
              25256.410256410254
            ],
            [
              88693.52869352869,
              25256.410256410254
            ],
            [
              88705.7387057387,
              25268.620268620267
            ],
            [
              88711.8437118437,
              25268.620268620267
            ],
            [
              88717.94871794872,
              25274.72527472527
            ],
            [
              88724.05372405372,
              25274.72527472527
            ],
            [
              88730.15873015873,
              25280.83028083028
            ],
            [
              88736.26373626373,
              25280.83028083028
            ],
            [
              88748.47374847374,
              25293.040293040292
            ],
            [
              88754.57875457875,
              25293.040293040292
            ],
            [
              88846.15384615384,
              25384.615384615383
            ],
            [
              88846.15384615384,
              25390.720390720388
            ],
            [
              88852.25885225885,
              25396.825396825396
            ],
            [
              88852.25885225885,
              25409.03540903541
            ],
            [
              88864.46886446886,
              25409.03540903541
            ],
            [
              88870.57387057386,
              25415.140415140413
            ],
            [
              88901.0989010989,
              25415.140415140413
            ],
            [
              88907.2039072039,
              25409.03540903541
            ],
            [
              88907.2039072039,
              25402.9304029304
            ],
            [
              88913.30891330891,
              25396.825396825396
            ],
            [
              88913.30891330891,
              25372.40537240537
            ],
            [
              88919.41391941391,
              25366.300366300366
            ],
            [
              88919.41391941391,
              25360.195360195357
            ],
            [
              88925.51892551892,
              25354.090354090353
            ],
            [
              88925.51892551892,
              25341.88034188034
            ],
            [
              88919.41391941391,
              25335.775335775335
            ],
            [
              88913.30891330891,
              25335.775335775335
            ],
            [
              88907.2039072039,
              25329.670329670327
            ],
            [
              88901.0989010989,
              25329.670329670327
            ],
            [
              88894.9938949939,
              25323.565323565323
            ],
            [
              88858.36385836385,
              25323.565323565323
            ],
            [
              88852.25885225885,
              25317.460317460314
            ],
            [
              88840.04884004884,
              25317.460317460314
            ],
            [
              88833.94383394383,
              25311.35531135531
            ],
            [
              88827.83882783882,
              25311.35531135531
            ],
            [
              88809.5238095238,
              25293.040293040292
            ],
            [
              88809.5238095238,
              25286.935286935284
            ],
            [
              88803.4188034188,
              25280.83028083028
            ],
            [
              88797.3137973138,
              25280.83028083028
            ],
            [
              88791.20879120879,
              25274.72527472527
            ],
            [
              88785.10378510378,
              25274.72527472527
            ],
            [
              88742.36874236874,
              25231.990231990232
            ],
            [
              88742.36874236874,
              25225.885225885224
            ],
            [
              88717.94871794872,
              25201.4652014652
            ],
            [
              88717.94871794872,
              25195.360195360194
            ],
            [
              88711.8437118437,
              25189.25518925519
            ],
            [
              88711.8437118437,
              25164.835164835164
            ],
            [
              88705.7387057387,
              25158.730158730155
            ],
            [
              88705.7387057387,
              25134.310134310133
            ],
            [
              88717.94871794872,
              25122.10012210012
            ],
            [
              88754.57875457875,
              25122.10012210012
            ],
            [
              88760.68376068375,
              25115.995115995116
            ],
            [
              88766.78876678876,
              25115.995115995116
            ],
            [
              88778.99877899878,
              25103.785103785103
            ],
            [
              88778.99877899878,
              25097.680097680095
            ],
            [
              88791.20879120879,
              25085.470085470082
            ],
            [
              88791.20879120879,
              25079.365079365078
            ],
            [
              88803.4188034188,
              25067.155067155065
            ],
            [
              88803.4188034188,
              25042.735042735043
            ],
            [
              88797.3137973138,
              25036.630036630035
            ],
            [
              88791.20879120879,
              25036.630036630035
            ]
          ]
        ]
      }
    },
    {
      "type": "Feature",
      "properties": {
        "class_id": 3,
        "classification": "Darkspot & Foreign Object",
        "area": 2049.9104748188993
      },
      "geometry": {
        "type": "Polygon",
        "coordinates": [
          [
            [
              89798.53479853479,
              25006.105006105005
            ],
            [
              89798.53479853479,
              25018.315018315017
            ],
            [
              89792.42979242979,
              25024.420024420022
            ],
            [
              89792.42979242979,
              25036.630036630035
            ],
            [
              89798.53479853479,
              25042.735042735043
            ],
            [
              89822.95482295482,
              25042.735042735043
            ],
            [
              89829.05982905983,
              25036.630036630035
            ],
            [
              89835.16483516483,
              25036.630036630035
            ],
            [
              89841.26984126984,
              25030.52503052503
            ],
            [
              89847.37484737484,
              25030.52503052503
            ],
            [
              89853.47985347985,
              25024.420024420022
            ],
            [
              89859.58485958485,
              25024.420024420022
            ],
            [
              89865.68986568986,
              25018.315018315017
            ],
            [
              89865.68986568986,
              25006.105006105005
            ],
            [
              89798.53479853479,
              25006.105006105005
            ]
          ]
        ]
      }
    },
    {
      "type": "Feature",
      "properties": {
        "class_id": 3,
        "classification": "Darkspot & Foreign Object",
        "area": 335.43989587945623
      },
      "geometry": {
        "type": "Polygon",
        "coordinates": [
          [
            [
              31257.631257631256,
              22673.992673992674
            ],
            [
              31257.631257631256,
              22692.30769230769
            ],
            [
              31275.946275946273,
              22692.30769230769
            ],
            [
              31275.946275946273,
              22673.992673992674
            ],
            [
              31257.631257631256,
              22673.992673992674
            ]
          ]
        ]
      }
    },
    {
      "type": "Feature",
      "properties": {
        "class_id": 3,
        "classification": "Darkspot & Foreign Object",
        "area": 764.0575406143171
      },
      "geometry": {
        "type": "Polygon",
        "coordinates": [
          [
            [
              20360.195360195357,
              22210.01221001221
            ],
            [
              20360.195360195357,
              22216.117216117214
            ],
            [
              20366.300366300366,
              22222.222222222223
            ],
            [
              20366.300366300366,
              22228.327228327227
            ],
            [
              20372.40537240537,
              22234.43223443223
            ],
            [
              20372.40537240537,
              22240.53724053724
            ],
            [
              20384.615384615383,
              22252.747252747253
            ],
            [
              20390.72039072039,
              22246.642246642245
            ],
            [
              20390.72039072039,
              22228.327228327227
            ],
            [
              20384.615384615383,
              22222.222222222223
            ],
            [
              20384.615384615383,
              22216.117216117214
            ],
            [
              20378.51037851038,
              22210.01221001221
            ],
            [
              20360.195360195357,
              22210.01221001221
            ]
          ]
        ]
      }
    },
    {
      "type": "Feature",
      "properties": {
        "class_id": 3,
        "classification": "Darkspot & Foreign Object",
        "area": 2161.7237734453847
      },
      "geometry": {
        "type": "Polygon",
        "coordinates": [
          [
            [
              32930.40293040293,
              21880.34188034188
            ],
            [
              32930.40293040293,
              21892.55189255189
            ],
            [
              32924.29792429792,
              21898.656898656896
            ],
            [
              32924.29792429792,
              21916.971916971917
            ],
            [
              32930.40293040293,
              21923.076923076922
            ],
            [
              32942.61294261294,
              21923.076923076922
            ],
            [
              32948.717948717946,
              21916.971916971917
            ],
            [
              32960.92796092796,
              21916.971916971917
            ],
            [
              32973.13797313797,
              21904.761904761905
            ],
            [
              32979.242979242976,
              21904.761904761905
            ],
            [
              32985.34798534798,
              21898.656898656896
            ],
            [
              32991.45299145299,
              21898.656898656896
            ],
            [
              32997.557997558,
              21892.55189255189
            ],
            [
              32991.45299145299,
              21886.446886446884
            ],
            [
              32991.45299145299,
              21880.34188034188
            ],
            [
              32930.40293040293,
              21880.34188034188
            ]
          ]
        ]
      }
    },
    {
      "type": "Feature",
      "properties": {
        "class_id": 3,
        "classification": "Darkspot & Foreign Object",
        "area": 227726.41820260865
      },
      "geometry": {
        "type": "Polygon",
        "coordinates": [
          [
            [
              18968.25396825397,
              16105.006105006105
            ],
            [
              18888.888888888887,
              16184.371184371183
            ],
            [
              18888.888888888887,
              16190.476190476189
            ],
            [
              18870.57387057387,
              16208.791208791208
            ],
            [
              18870.57387057387,
              16214.896214896215
            ],
            [
              18858.363858363857,
              16227.106227106226
            ],
            [
              18858.363858363857,
              16239.316239316238
            ],
            [
              18852.258852258852,
              16245.421245421245
            ],
            [
              18852.258852258852,
              16318.681318681318
            ],
            [
              18858.363858363857,
              16324.786324786324
            ],
            [
              18858.363858363857,
              16343.101343101342
            ],
            [
              18864.468864468865,
              16349.206349206348
            ],
            [
              18864.468864468865,
              16355.311355311354
            ],
            [
              18870.57387057387,
              16361.41636141636
            ],
            [
              18870.57387057387,
              16367.521367521367
            ],
            [
              18876.678876678874,
              16373.626373626372
            ],
            [
              18876.678876678874,
              16428.571428571428
            ],
            [
              18882.783882783882,
              16434.676434676432
            ],
            [
              18882.783882783882,
              16446.886446886445
            ],
            [
              18888.888888888887,
              16452.991452991453
            ],
            [
              18888.888888888887,
              16465.201465201466
            ],
            [
              18894.993894993895,
              16471.30647130647
            ],
            [
              18894.993894993895,
              16477.411477411475
            ],
            [
              18907.203907203904,
              16489.621489621488
            ],
            [
              18907.203907203904,
              16495.726495726496
            ],
            [
              18913.308913308912,
              16501.8315018315
            ],
            [
              18913.308913308912,
              16507.936507936505
            ],
            [
              18925.518925518925,
              16520.146520146518
            ],
            [
              18925.518925518925,
              16526.251526251526
            ],
            [
              18931.62393162393,
              16532.35653235653
            ],
            [
              18931.62393162393,
              16538.46153846154
            ],
            [
              18943.833943833943,
              16550.671550671548
            ],
            [
              18943.833943833943,
              16556.776556776556
            ],
            [
              18949.938949938947,
              16556.776556776556
            ],
            [
              18962.14896214896,
              16568.98656898657
            ],
            [
              18962.14896214896,
              16575.091575091574
            ],
            [
              18968.25396825397,
              16581.196581196582
            ],
            [
              18968.25396825397,
              16587.301587301587
            ],
            [
              18974.358974358973,
              16593.40659340659
            ],
            [
              18974.358974358973,
              16605.616605616604
            ],
            [
              18968.25396825397,
              16611.721611721612
            ],
            [
              18968.25396825397,
              16623.93162393162
            ],
            [
              18962.14896214896,
              16630.03663003663
            ],
            [
              18962.14896214896,
              16636.141636141634
            ],
            [
              18956.043956043955,
              16642.246642246642
            ],
            [
              18956.043956043955,
              16666.666666666664
            ],
            [
              18949.938949938947,
              16672.771672771672
            ],
            [
              18949.938949938947,
              16691.08669108669
            ],
            [
              18956.043956043955,
              16697.191697191694
            ],
            [
              18956.043956043955,
              16727.71672771673
            ],
            [
              18962.14896214896,
              16733.821733821733
            ],
            [
              18962.14896214896,
              16746.031746031746
            ],
            [
              18968.25396825397,
              16752.13675213675
            ],
            [
              18968.25396825397,
              16758.24175824176
            ],
            [
              18974.358974358973,
              16764.346764346763
            ],
            [
              18974.358974358973,
              16770.45177045177
            ],
            [
              18980.46398046398,
              16776.556776556776
            ],
            [
              18980.46398046398,
              16782.66178266178
            ],
            [
              18986.568986568986,
              16788.76678876679
            ],
            [
              18986.568986568986,
              16813.18681318681
            ],
            [
              19004.884004884003,
              16831.50183150183
            ],
            [
              19053.724053724054,
              16831.50183150183
            ],
            [
              19059.82905982906,
              16825.396825396823
            ],
            [
              19102.5641025641,
              16825.396825396823
            ],
            [
              19108.669108669106,
              16831.50183150183
            ],
            [
              19120.87912087912,
              16831.50183150183
            ],
            [
              19126.984126984127,
              16837.606837606836
            ],
            [
              19139.194139194136,
              16837.606837606836
            ],
            [
              19145.299145299145,
              16843.711843711844
            ],
            [
              19157.509157509157,
              16843.711843711844
            ],
            [
              19163.614163614162,
              16837.606837606836
            ],
            [
              19175.824175824175,
              16837.606837606836
            ],
            [
              19181.92918192918,
              16831.50183150183
            ],
            [
              19188.034188034188,
              16831.50183150183
            ],
            [
              19194.139194139192,
              16825.396825396823
            ],
            [
              19206.349206349205,
              16825.396825396823
            ],
            [
              19242.979242979243,
              16788.76678876679
            ],
            [
              19242.979242979243,
              16782.66178266178
            ],
            [
              19279.609279609278,
              16746.031746031746
            ],
            [
              19285.714285714286,
              16746.031746031746
            ],
            [
              19297.924297924295,
              16733.821733821733
            ],
            [
              19304.029304029304,
              16733.821733821733
            ],
            [
              19316.239316239316,
              16721.61172161172
            ],
            [
              19322.34432234432,
              16721.61172161172
            ],
            [
              19340.65934065934,
              16703.296703296703
            ],
            [
              19340.65934065934,
              16630.03663003663
            ],
            [
              19334.554334554334,
              16623.93162393162
            ],
            [
              19334.554334554334,
              16605.616605616604
            ],
            [
              19328.449328449326,
              16599.5115995116
            ],
            [
              19328.449328449326,
              16593.40659340659
            ],
            [
              19291.81929181929,
              16556.776556776556
            ],
            [
              19285.714285714286,
              16556.776556776556
            ],
            [
              19261.29426129426,
              16532.35653235653
            ],
            [
              19261.29426129426,
              16526.251526251526
            ],
            [
              19255.189255189252,
              16520.146520146518
            ],
            [
              19255.189255189252,
              16514.041514041513
            ],
            [
              19236.874236874235,
              16495.726495726496
            ],
            [
              19236.874236874235,
              16489.621489621488
            ],
            [
              19224.664224664222,
              16477.411477411475
            ],
            [
              19224.664224664222,
              16471.30647130647
            ],
            [
              19218.559218559218,
              16465.201465201466
            ],
            [
              19218.559218559218,
              16459.096459096458
            ],
            [
              19212.45421245421,
              16452.991452991453
            ],
            [
              19212.45421245421,
              16446.886446886445
            ],
            [
              19206.349206349205,
              16440.78144078144
            ],
            [
              19206.349206349205,
              16434.676434676432
            ],
            [
              19200.2442002442,
              16428.571428571428
            ],
            [
              19200.2442002442,
              16422.466422466423
            ],
            [
              19194.139194139192,
              16416.361416361415
            ],
            [
              19194.139194139192,
              16410.25641025641
            ],
            [
              19181.92918192918,
              16398.046398046397
            ],
            [
              19181.92918192918,
              16306.471306471305
            ],
            [
              19188.034188034188,
              16300.366300366299
            ],
            [
              19188.034188034188,
              16288.156288156288
            ],
            [
              19181.92918192918,
              16282.051282051281
            ],
            [
              19181.92918192918,
              16221.00122100122
            ],
            [
              19175.824175824175,
              16214.896214896215
            ],
            [
              19175.824175824175,
              16196.581196581195
            ],
            [
              19169.71916971917,
              16190.476190476189
            ],
            [
              19169.71916971917,
              16184.371184371183
            ],
            [
              19157.509157509157,
              16172.161172161172
            ],
            [
              19157.509157509157,
              16166.056166056165
            ],
            [
              19120.87912087912,
              16129.426129426129
            ],
            [
              19114.774114774114,
              16129.426129426129
            ],
            [
              19102.5641025641,
              16117.216117216116
            ],
            [
              19096.459096459097,
              16117.216117216116
            ],
            [
              19090.35409035409,
              16111.11111111111
            ],
            [
              19072.03907203907,
              16111.11111111111
            ],
            [
              19065.934065934063,
              16105.006105006105
            ],
            [
              18968.25396825397,
              16105.006105006105
            ]
          ]
        ]
      }
    },
    {
      "type": "Feature",
      "properties": {
        "class_id": 3,
        "classification": "Darkspot & Foreign Object",
        "area": 652095.1575896629
      },
      "geometry": {
        "type": "Polygon",
        "coordinates": [
          [
            [
              32448.107448107447,
              15934.065934065933
            ],
            [
              32435.897435897434,
              15946.275946275946
            ],
            [
              32435.897435897434,
              15952.380952380952
            ],
            [
              32429.79242979243,
              15958.485958485957
            ],
            [
              32429.79242979243,
              15964.590964590963
            ],
            [
              32423.68742368742,
              15970.69597069597
            ],
            [
              32423.68742368742,
              15982.905982905982
            ],
            [
              32417.582417582416,
              15989.010989010989
            ],
            [
              32417.582417582416,
              16007.326007326006
            ],
            [
              32411.477411477408,
              16013.431013431013
            ],
            [
              32411.477411477408,
              16031.74603174603
            ],
            [
              32405.372405372404,
              16037.851037851036
            ],
            [
              32405.372405372404,
              16043.956043956043
            ],
            [
              32399.2673992674,
              16050.06105006105
            ],
            [
              32399.2673992674,
              16056.166056166056
            ],
            [
              32387.057387057386,
              16068.376068376067
            ],
            [
              32387.057387057386,
              16074.481074481073
            ],
            [
              32350.427350427348,
              16111.11111111111
            ],
            [
              32350.427350427348,
              16117.216117216116
            ],
            [
              32332.11233211233,
              16135.531135531135
            ],
            [
              32326.007326007322,
              16135.531135531135
            ],
            [
              32313.797313797313,
              16147.741147741146
            ],
            [
              32307.692307692305,
              16147.741147741146
            ],
            [
              32277.167277167275,
              16178.266178266178
            ],
            [
              32277.167277167275,
              16184.371184371183
            ],
            [
              32264.957264957262,
              16196.581196581195
            ],
            [
              32252.74725274725,
              16196.581196581195
            ],
            [
              32234.43223443223,
              16214.896214896215
            ],
            [
              32228.327228327227,
              16214.896214896215
            ],
            [
              32228.327228327227,
              16221.00122100122
            ],
            [
              32203.9072039072,
              16245.421245421245
            ],
            [
              32203.9072039072,
              16251.526251526251
            ],
            [
              32191.69719169719,
              16263.736263736262
            ],
            [
              32191.69719169719,
              16275.946275946275
            ],
            [
              32185.592185592184,
              16282.051282051281
            ],
            [
              32179.487179487176,
              16282.051282051281
            ],
            [
              32173.38217338217,
              16275.946275946275
            ],
            [
              32161.17216117216,
              16275.946275946275
            ],
            [
              32155.067155067154,
              16282.051282051281
            ],
            [
              32148.962148962146,
              16282.051282051281
            ],
            [
              32112.33211233211,
              16318.681318681318
            ],
            [
              32106.227106227103,
              16318.681318681318
            ],
            [
              32094.017094017094,
              16330.89133089133
            ],
            [
              32094.017094017094,
              16336.996336996335
            ],
            [
              32081.80708180708,
              16349.206349206348
            ],
            [
              32081.80708180708,
              16355.311355311354
            ],
            [
              32063.49206349206,
              16373.626373626372
            ],
            [
              32057.387057387055,
              16373.626373626372
            ],
            [
              32051.28205128205,
              16379.731379731378
            ],
            [
              32039.072039072038,
              16379.731379731378
            ],
            [
              32032.96703296703,
              16385.836385836385
            ],
            [
              32020.757020757017,
              16385.836385836385
            ],
            [
              32008.547008547008,
              16398.046398046397
            ],
            [
              32002.442002442,
              16398.046398046397
            ],
            [
              31990.231990231987,
              16410.25641025641
            ],
            [
              31971.91697191697,
              16410.25641025641
            ],
            [
              31965.811965811965,
              16416.361416361415
            ],
            [
              31959.706959706957,
              16416.361416361415
            ],
            [
              31953.601953601952,
              16422.466422466423
            ],
            [
              31947.496947496944,
              16422.466422466423
            ],
            [
              31935.286935286935,
              16434.676434676432
            ],
            [
              31935.286935286935,
              16440.78144078144
            ],
            [
              31929.181929181927,
              16446.886446886445
            ],
            [
              31929.181929181927,
              16471.30647130647
            ],
            [
              31947.496947496944,
              16489.621489621488
            ],
            [
              31953.601953601952,
              16489.621489621488
            ],
            [
              31965.811965811965,
              16501.8315018315
            ],
            [
              31959.706959706957,
              16507.936507936505
            ],
            [
              31959.706959706957,
              16514.041514041513
            ],
            [
              31953.601953601952,
              16520.146520146518
            ],
            [
              31953.601953601952,
              16562.88156288156
            ],
            [
              31947.496947496944,
              16568.98656898657
            ],
            [
              31947.496947496944,
              16575.091575091574
            ],
            [
              31929.181929181927,
              16593.40659340659
            ],
            [
              31929.181929181927,
              16599.5115995116
            ],
            [
              31923.076923076922,
              16605.616605616604
            ],
            [
              31923.076923076922,
              16611.721611721612
            ],
            [
              31916.971916971914,
              16617.826617826617
            ],
            [
              31916.971916971914,
              16623.93162393162
            ],
            [
              31904.761904761905,
              16636.141636141634
            ],
            [
              31898.656898656896,
              16636.141636141634
            ],
            [
              31880.34188034188,
              16654.456654456655
            ],
            [
              31880.34188034188,
              16684.981684981685
            ],
            [
              31886.446886446884,
              16691.08669108669
            ],
            [
              31886.446886446884,
              16697.191697191694
            ],
            [
              31892.55189255189,
              16703.296703296703
            ],
            [
              31892.55189255189,
              16709.401709401707
            ],
            [
              31898.656898656896,
              16715.506715506715
            ],
            [
              31910.86691086691,
              16715.506715506715
            ],
            [
              31935.286935286935,
              16739.926739926737
            ],
            [
              31941.39194139194,
              16739.926739926737
            ],
            [
              31947.496947496944,
              16746.031746031746
            ],
            [
              31984.126984126982,
              16746.031746031746
            ],
            [
              31990.231990231987,
              16739.926739926737
            ],
            [
              31996.336996336995,
              16739.926739926737
            ],
            [
              32002.442002442,
              16733.821733821733
            ],
            [
              32014.652014652012,
              16733.821733821733
            ],
            [
              32020.757020757017,
              16727.71672771673
            ],
            [
              32026.862026862025,
              16733.821733821733
            ],
            [
              32032.96703296703,
              16733.821733821733
            ],
            [
              32039.072039072038,
              16739.926739926737
            ],
            [
              32045.177045177043,
              16739.926739926737
            ],
            [
              32051.28205128205,
              16746.031746031746
            ],
            [
              32057.387057387055,
              16746.031746031746
            ],
            [
              32063.49206349206,
              16752.13675213675
            ],
            [
              32094.017094017094,
              16752.13675213675
            ],
            [
              32130.64713064713,
              16788.76678876679
            ],
            [
              32130.64713064713,
              16794.871794871793
            ],
            [
              32142.85714285714,
              16807.081807081806
            ],
            [
              32142.85714285714,
              16813.18681318681
            ],
            [
              32161.17216117216,
              16831.50183150183
            ],
            [
              32173.38217338217,
              16831.50183150183
            ],
            [
              32179.487179487176,
              16837.606837606836
            ],
            [
              32191.69719169719,
              16837.606837606836
            ],
            [
              32203.9072039072,
              16849.81684981685
            ],
            [
              32210.01221001221,
              16849.81684981685
            ],
            [
              32222.22222222222,
              16862.02686202686
            ],
            [
              32228.327228327227,
              16862.02686202686
            ],
            [
              32240.53724053724,
              16874.236874236874
            ],
            [
              32246.642246642245,
              16874.236874236874
            ],
            [
              32252.74725274725,
              16880.34188034188
            ],
            [
              32258.852258852257,
              16880.34188034188
            ],
            [
              32264.957264957262,
              16886.446886446887
            ],
            [
              32271.06227106227,
              16886.446886446887
            ],
            [
              32277.167277167275,
              16892.55189255189
            ],
            [
              32283.272283272283,
              16892.55189255189
            ],
            [
              32289.377289377288,
              16898.656898656896
            ],
            [
              32295.482295482292,
              16898.656898656896
            ],
            [
              32301.5873015873,
              16904.761904761905
            ],
            [
              32307.692307692305,
              16904.761904761905
            ],
            [
              32313.797313797313,
              16910.86691086691
            ],
            [
              32319.902319902318,
              16910.86691086691
            ],
            [
              32326.007326007322,
              16916.971916971917
            ],
            [
              32332.11233211233,
              16916.971916971917
            ],
            [
              32338.217338217335,
              16923.076923076922
            ],
            [
              32362.63736263736,
              16923.076923076922
            ],
            [
              32368.742368742365,
              16916.971916971917
            ],
            [
              32374.847374847373,
              16916.971916971917
            ],
            [
              32380.952380952378,
              16910.86691086691
            ],
            [
              32380.952380952378,
              16904.761904761905
            ],
            [
              32393.16239316239,
              16892.55189255189
            ],
            [
              32393.16239316239,
              16886.446886446887
            ],
            [
              32399.2673992674,
              16880.34188034188
            ],
            [
              32405.372405372404,
              16880.34188034188
            ],
            [
              32411.477411477408,
              16874.236874236874
            ],
            [
              32417.582417582416,
              16874.236874236874
            ],
            [
              32423.68742368742,
              16868.131868131866
            ],
            [
              32435.897435897434,
              16868.131868131866
            ],
            [
              32442.00244200244,
              16862.02686202686
            ],
            [
              32460.31746031746,
              16862.02686202686
            ],
            [
              32472.527472527472,
              16849.81684981685
            ],
            [
              32478.632478632477,
              16849.81684981685
            ],
            [
              32484.73748473748,
              16843.711843711844
            ],
            [
              32490.84249084249,
              16843.711843711844
            ],
            [
              32496.947496947494,
              16837.606837606836
            ],
            [
              32533.577533577532,
              16837.606837606836
            ],
            [
              32539.682539682537,
              16831.50183150183
            ],
            [
              32557.997557997554,
              16831.50183150183
            ],
            [
              32564.102564102563,
              16825.396825396823
            ],
            [
              32588.52258852259,
              16825.396825396823
            ],
            [
              32594.627594627593,
              16819.29181929182
            ],
            [
              32625.152625152623,
              16819.29181929182
            ],
            [
              32631.257631257628,
              16813.18681318681
            ],
            [
              32649.57264957265,
              16813.18681318681
            ],
            [
              32655.677655677653,
              16807.081807081806
            ],
            [
              32710.62271062271,
              16807.081807081806
            ],
            [
              32716.727716727713,
              16813.18681318681
            ],
            [
              32722.83272283272,
              16813.18681318681
            ],
            [
              32728.937728937726,
              16819.29181929182
            ],
            [
              32735.042735042734,
              16819.29181929182
            ],
            [
              32741.14774114774,
              16825.396825396823
            ],
            [
              32753.35775335775,
              16825.396825396823
            ],
            [
              32759.462759462756,
              16831.50183150183
            ],
            [
              32765.567765567765,
              16831.50183150183
            ],
            [
              32771.67277167277,
              16837.606837606836
            ],
            [
              32783.88278388278,
              16837.606837606836
            ],
            [
              32789.98778998779,
              16843.711843711844
            ],
            [
              32808.302808302804,
              16843.711843711844
            ],
            [
              32814.407814407816,
              16849.81684981685
            ],
            [
              32814.407814407816,
              16837.606837606836
            ],
            [
              32808.302808302804,
              16831.50183150183
            ],
            [
              32808.302808302804,
              16819.29181929182
            ],
            [
              32802.1978021978,
              16813.18681318681
            ],
            [
              32802.1978021978,
              16807.081807081806
            ],
            [
              32796.092796092795,
              16800.9768009768
            ],
            [
              32796.092796092795,
              16794.871794871793
            ],
            [
              32789.98778998779,
              16788.76678876679
            ],
            [
              32789.98778998779,
              16758.24175824176
            ],
            [
              32796.092796092795,
              16752.13675213675
            ],
            [
              32796.092796092795,
              16746.031746031746
            ],
            [
              32802.1978021978,
              16739.926739926737
            ],
            [
              32808.302808302804,
              16739.926739926737
            ],
            [
              32814.407814407816,
              16733.821733821733
            ],
            [
              32820.51282051282,
              16733.821733821733
            ],
            [
              32826.617826617825,
              16727.71672771673
            ],
            [
              32832.72283272283,
              16727.71672771673
            ],
            [
              32838.827838827834,
              16721.61172161172
            ],
            [
              32844.932844932846,
              16721.61172161172
            ],
            [
              32857.142857142855,
              16709.401709401707
            ],
            [
              32863.24786324786,
              16709.401709401707
            ],
            [
              32869.352869352864,
              16703.296703296703
            ],
            [
              32881.56288156288,
              16703.296703296703
            ],
            [
              32887.667887667885,
              16697.191697191694
            ],
            [
              32893.77289377289,
              16697.191697191694
            ],
            [
              32905.982905982906,
              16684.981684981685
            ],
            [
              32905.982905982906,
              16678.876678876677
            ],
            [
              32912.08791208791,
              16672.771672771672
            ],
            [
              32912.08791208791,
              16666.666666666664
            ],
            [
              32936.50793650794,
              16642.246642246642
            ],
            [
              32942.61294261294,
              16642.246642246642
            ],
            [
              32948.717948717946,
              16636.141636141634
            ],
            [
              32960.92796092796,
              16636.141636141634
            ],
            [
              32967.03296703297,
              16630.03663003663
            ],
            [
              32967.03296703297,
              16587.301587301587
            ],
            [
              32960.92796092796,
              16581.196581196582
            ],
            [
              32960.92796092796,
              16501.8315018315
            ],
            [
              32954.82295482295,
              16495.726495726496
            ],
            [
              32954.82295482295,
              16471.30647130647
            ],
            [
              32948.717948717946,
              16465.201465201466
            ],
            [
              32948.717948717946,
              16452.991452991453
            ],
            [
              32942.61294261294,
              16446.886446886445
            ],
            [
              32942.61294261294,
              16440.78144078144
            ],
            [
              32936.50793650794,
              16434.676434676432
            ],
            [
              32936.50793650794,
              16428.571428571428
            ],
            [
              32930.40293040293,
              16422.466422466423
            ],
            [
              32930.40293040293,
              16410.25641025641
            ],
            [
              32936.50793650794,
              16404.151404151402
            ],
            [
              32936.50793650794,
              16385.836385836385
            ],
            [
              32942.61294261294,
              16379.731379731378
            ],
            [
              32942.61294261294,
              16373.626373626372
            ],
            [
              32930.40293040293,
              16361.41636141636
            ],
            [
              32930.40293040293,
              16355.311355311354
            ],
            [
              32924.29792429792,
              16355.311355311354
            ],
            [
              32899.877899877894,
              16330.89133089133
            ],
            [
              32899.877899877894,
              16324.786324786324
            ],
            [
              32893.77289377289,
              16324.786324786324
            ],
            [
              32887.667887667885,
              16318.681318681318
            ],
            [
              32887.667887667885,
              16294.261294261294
            ],
            [
              32881.56288156288,
              16288.156288156288
            ],
            [
              32881.56288156288,
              16275.946275946275
            ],
            [
              32875.457875457876,
              16269.841269841269
            ],
            [
              32875.457875457876,
              16263.736263736262
            ],
            [
              32869.352869352864,
              16257.631257631258
            ],
            [
              32869.352869352864,
              16239.316239316238
            ],
            [
              32881.56288156288,
              16227.106227106226
            ],
            [
              32881.56288156288,
              16202.686202686202
            ],
            [
              32851.03785103785,
              16202.686202686202
            ],
            [
              32844.932844932846,
              16196.581196581195
            ],
            [
              32844.932844932846,
              16178.266178266178
            ],
            [
              32832.72283272283,
              16166.056166056165
            ],
            [
              32814.407814407816,
              16166.056166056165
            ],
            [
              32808.302808302804,
              16159.951159951159
            ],
            [
              32808.302808302804,
              16129.426129426129
            ],
            [
              32802.1978021978,
              16123.321123321122
            ],
            [
              32771.67277167277,
              16123.321123321122
            ],
            [
              32765.567765567765,
              16117.216117216116
            ],
            [
              32765.567765567765,
              16086.691086691086
            ],
            [
              32759.462759462756,
              16080.58608058608
            ],
            [
              32728.937728937726,
              16080.58608058608
            ],
            [
              32722.83272283272,
              16074.481074481073
            ],
            [
              32722.83272283272,
              16043.956043956043
            ],
            [
              32649.57264957265,
              16043.956043956043
            ],
            [
              32643.46764346764,
              16037.851037851036
            ],
            [
              32643.46764346764,
              16007.326007326006
            ],
            [
              32637.362637362636,
              16001.221001221
            ],
            [
              32515.262515262515,
              16001.221001221
            ],
            [
              32509.157509157507,
              15995.115995115993
            ],
            [
              32503.052503052502,
              15995.115995115993
            ],
            [
              32472.527472527472,
              15964.590964590963
            ],
            [
              32472.527472527472,
              15958.485958485957
            ],
            [
              32466.422466422464,
              15952.380952380952
            ],
            [
              32466.422466422464,
              15946.275946275946
            ],
            [
              32454.21245421245,
              15934.065934065933
            ],
            [
              32448.107448107447,
              15934.065934065933
            ]
          ]
        ]
      }
    },
    {
      "type": "Feature",
      "properties": {
        "class_id": 3,
        "classification": "Darkspot & Foreign Object",
        "area": 93.17774885540452
      },
      "geometry": {
        "type": "Polygon",
        "coordinates": [
          [
            [
              40561.66056166056,
              15628.815628815628
            ],
            [
              40561.66056166056,
              15647.130647130647
            ],
            [
              40567.765567765564,
              15641.02564102564
            ],
            [
              40567.765567765564,
              15628.815628815628
            ],
            [
              40561.66056166056,
              15628.815628815628
            ]
          ]
        ]
      }
    },
    {
      "type": "Feature",
      "properties": {
        "class_id": 3,
        "classification": "Darkspot & Foreign Object",
        "area": 1211.3107351202586
      },
      "geometry": {
        "type": "Polygon",
        "coordinates": [
          [
            [
              32118.437118437116,
              15213.675213675213
            ],
            [
              32118.437118437116,
              15244.200244200243
            ],
            [
              32136.752136752133,
              15262.515262515262
            ],
            [
              32136.752136752133,
              15268.620268620267
            ],
            [
              32142.85714285714,
              15268.620268620267
            ],
            [
              32148.962148962146,
              15274.725274725273
            ],
            [
              32155.067155067154,
              15274.725274725273
            ],
            [
              32155.067155067154,
              15256.410256410256
            ],
            [
              32148.962148962146,
              15250.30525030525
            ],
            [
              32148.962148962146,
              15244.200244200243
            ],
            [
              32142.85714285714,
              15238.095238095237
            ],
            [
              32142.85714285714,
              15231.99023199023
            ],
            [
              32124.542124542124,
              15213.675213675213
            ],
            [
              32118.437118437116,
              15213.675213675213
            ]
          ]
        ]
      }
    },
    {
      "type": "Feature",
      "properties": {
        "class_id": 3,
        "classification": "Darkspot & Foreign Object",
        "area": 26797.920570814338
      },
      "geometry": {
        "type": "Polygon",
        "coordinates": [
          [
            [
              28266.178266178264,
              13137.973137973137
            ],
            [
              28260.07326007326,
              13144.078144078143
            ],
            [
              28241.75824175824,
              13144.078144078143
            ],
            [
              28180.708180708178,
              13205.128205128205
            ],
            [
              28180.708180708178,
              13217.338217338216
            ],
            [
              28174.603174603173,
              13223.443223443222
            ],
            [
              28180.708180708178,
              13229.548229548229
            ],
            [
              28180.708180708178,
              13260.073260073259
            ],
            [
              28186.813186813186,
              13266.178266178265
            ],
            [
              28186.813186813186,
              13284.493284493285
            ],
            [
              28192.91819291819,
              13290.59829059829
            ],
            [
              28192.91819291819,
              13296.703296703296
            ],
            [
              28205.128205128203,
              13308.913308913308
            ],
            [
              28211.233211233208,
              13308.913308913308
            ],
            [
              28217.338217338216,
              13315.018315018315
            ],
            [
              28266.178266178264,
              13315.018315018315
            ],
            [
              28278.388278388276,
              13302.808302808302
            ],
            [
              28284.49328449328,
              13302.808302808302
            ],
            [
              28290.59829059829,
              13296.703296703296
            ],
            [
              28296.703296703294,
              13296.703296703296
            ],
            [
              28302.808302808302,
              13290.59829059829
            ],
            [
              28308.913308913307,
              13290.59829059829
            ],
            [
              28321.12332112332,
              13278.388278388278
            ],
            [
              28327.228327228324,
              13278.388278388278
            ],
            [
              28333.333333333332,
              13272.283272283272
            ],
            [
              28339.438339438337,
              13272.283272283272
            ],
            [
              28369.963369963367,
              13241.758241758242
            ],
            [
              28369.963369963367,
              13235.653235653235
            ],
            [
              28376.068376068375,
              13229.548229548229
            ],
            [
              28376.068376068375,
              13217.338217338216
            ],
            [
              28382.17338217338,
              13211.23321123321
            ],
            [
              28382.17338217338,
              13180.70818070818
            ],
            [
              28376.068376068375,
              13174.603174603173
            ],
            [
              28376.068376068375,
              13168.498168498169
            ],
            [
              28369.963369963367,
              13168.498168498169
            ],
            [
              28363.858363858362,
              13162.393162393162
            ],
            [
              28357.753357753358,
              13162.393162393162
            ],
            [
              28351.64835164835,
              13156.288156288156
            ],
            [
              28345.543345543345,
              13156.288156288156
            ],
            [
              28333.333333333332,
              13144.078144078143
            ],
            [
              28321.12332112332,
              13144.078144078143
            ],
            [
              28315.018315018315,
              13137.973137973137
            ],
            [
              28266.178266178264,
              13137.973137973137
            ]
          ]
        ]
      }
    },
    {
      "type": "Feature",
      "properties": {
        "class_id": 3,
        "classification": "Darkspot & Foreign Object",
        "area": 90009.70539432076
      },
      "geometry": {
        "type": "Polygon",
        "coordinates": [
          [
            [
              26092.796092796092,
              12869.352869352868
            ],
            [
              26086.691086691084,
              12875.457875457874
            ],
            [
              26074.48107448107,
              12875.457875457874
            ],
            [
              26062.271062271062,
              12887.667887667887
            ],
            [
              26056.166056166054,
              12887.667887667887
            ],
            [
              26019.53601953602,
              12924.297924297924
            ],
            [
              26013.43101343101,
              12924.297924297924
            ],
            [
              26013.43101343101,
              12930.40293040293
            ],
            [
              26025.641025641024,
              12942.612942612941
            ],
            [
              26025.641025641024,
              12948.717948717947
            ],
            [
              26031.74603174603,
              12954.822954822954
            ],
            [
              26031.74603174603,
              12967.032967032967
            ],
            [
              26025.641025641024,
              12973.137973137973
            ],
            [
              26025.641025641024,
              12985.347985347984
            ],
            [
              26007.326007326006,
              13003.663003663003
            ],
            [
              26007.326007326006,
              13009.76800976801
            ],
            [
              25995.115995115993,
              13021.97802197802
            ],
            [
              25995.115995115993,
              13028.083028083027
            ],
            [
              25989.01098901099,
              13034.188034188033
            ],
            [
              25989.01098901099,
              13046.398046398046
            ],
            [
              25982.90598290598,
              13052.503052503052
            ],
            [
              25982.90598290598,
              13058.608058608057
            ],
            [
              25964.590964590963,
              13076.923076923076
            ],
            [
              25958.48595848596,
              13076.923076923076
            ],
            [
              25952.38095238095,
              13070.81807081807
            ],
            [
              25952.38095238095,
              13095.238095238094
            ],
            [
              25958.48595848596,
              13101.3431013431
            ],
            [
              25958.48595848596,
              13119.65811965812
            ],
            [
              25964.590964590963,
              13119.65811965812
            ],
            [
              25970.695970695968,
              13113.553113553113
            ],
            [
              25976.800976800976,
              13113.553113553113
            ],
            [
              25995.115995115993,
              13131.868131868132
            ],
            [
              25995.115995115993,
              13137.973137973137
            ],
            [
              26001.221001220998,
              13144.078144078143
            ],
            [
              26001.221001220998,
              13150.18315018315
            ],
            [
              26007.326007326006,
              13156.288156288156
            ],
            [
              26007.326007326006,
              13162.393162393162
            ],
            [
              26025.641025641024,
              13180.70818070818
            ],
            [
              26025.641025641024,
              13199.023199023199
            ],
            [
              26013.43101343101,
              13211.23321123321
            ],
            [
              26001.221001220998,
              13211.23321123321
            ],
            [
              26007.326007326006,
              13211.23321123321
            ],
            [
              26013.43101343101,
              13217.338217338216
            ],
            [
              26019.53601953602,
              13217.338217338216
            ],
            [
              26025.641025641024,
              13223.443223443222
            ],
            [
              26050.06105006105,
              13223.443223443222
            ],
            [
              26056.166056166054,
              13229.548229548229
            ],
            [
              26086.691086691084,
              13229.548229548229
            ],
            [
              26092.796092796092,
              13235.653235653235
            ],
            [
              26147.741147741148,
              13235.653235653235
            ],
            [
              26153.846153846152,
              13241.758241758242
            ],
            [
              26190.476190476187,
              13241.758241758242
            ],
            [
              26196.581196581195,
              13235.653235653235
            ],
            [
              26208.79120879121,
              13235.653235653235
            ],
            [
              26214.896214896213,
              13229.548229548229
            ],
            [
              26227.106227106226,
              13229.548229548229
            ],
            [
              26233.21123321123,
              13223.443223443222
            ],
            [
              26239.31623931624,
              13223.443223443222
            ],
            [
              26245.421245421243,
              13217.338217338216
            ],
            [
              26251.52625152625,
              13217.338217338216
            ],
            [
              26257.631257631256,
              13211.23321123321
            ],
            [
              26269.84126984127,
              13211.23321123321
            ],
            [
              26288.156288156286,
              13192.918192918192
            ],
            [
              26288.156288156286,
              13174.603174603173
            ],
            [
              26294.261294261294,
              13168.498168498169
            ],
            [
              26294.261294261294,
              13144.078144078143
            ],
            [
              26300.3663003663,
              13137.973137973137
            ],
            [
              26300.3663003663,
              13125.763125763126
            ],
            [
              26306.471306471303,
              13119.65811965812
            ],
            [
              26306.471306471303,
              13113.553113553113
            ],
            [
              26312.57631257631,
              13107.448107448106
            ],
            [
              26312.57631257631,
              13101.3431013431
            ],
            [
              26330.89133089133,
              13083.028083028083
            ],
            [
              26330.89133089133,
              13070.81807081807
            ],
            [
              26336.996336996337,
              13064.713064713063
            ],
            [
              26336.996336996337,
              13058.608058608057
            ],
            [
              26330.89133089133,
              13064.713064713063
            ],
            [
              26306.471306471303,
              13064.713064713063
            ],
            [
              26300.3663003663,
              13058.608058608057
            ],
            [
              26294.261294261294,
              13058.608058608057
            ],
            [
              26263.736263736264,
              13028.083028083027
            ],
            [
              26263.736263736264,
              13021.97802197802
            ],
            [
              26257.631257631256,
              13015.873015873016
            ],
            [
              26257.631257631256,
              13009.76800976801
            ],
            [
              26251.52625152625,
              13003.663003663003
            ],
            [
              26251.52625152625,
              12973.137973137973
            ],
            [
              26245.421245421243,
              12967.032967032967
            ],
            [
              26233.21123321123,
              12967.032967032967
            ],
            [
              26227.106227106226,
              12960.92796092796
            ],
            [
              26214.896214896213,
              12960.92796092796
            ],
            [
              26190.476190476187,
              12936.507936507936
            ],
            [
              26190.476190476187,
              12918.192918192917
            ],
            [
              26196.581196581195,
              12912.08791208791
            ],
            [
              26196.581196581195,
              12905.982905982904
            ],
            [
              26190.476190476187,
              12899.8778998779
            ],
            [
              26184.371184371183,
              12899.8778998779
            ],
            [
              26178.266178266178,
              12893.772893772893
            ],
            [
              26141.63614163614,
              12893.772893772893
            ],
            [
              26123.321123321122,
              12875.457875457874
            ],
            [
              26123.321123321122,
              12869.352869352868
            ],
            [
              26092.796092796092,
              12869.352869352868
            ]
          ]
        ]
      }
    },
    {
      "type": "Feature",
      "properties": {
        "class_id": 3,
        "classification": "Darkspot & Foreign Object",
        "area": 8535.081795155054
      },
      "geometry": {
        "type": "Polygon",
        "coordinates": [
          [
            [
              88223.44322344322,
              9285.714285714284
            ],
            [
              88217.33821733821,
              9291.81929181929
            ],
            [
              88211.23321123321,
              9291.81929181929
            ],
            [
              88211.23321123321,
              9297.924297924297
            ],
            [
              88199.0231990232,
              9310.13431013431
            ],
            [
              88199.0231990232,
              9358.974358974358
            ],
            [
              88205.1282051282,
              9365.079365079364
            ],
            [
              88205.1282051282,
              9371.18437118437
            ],
            [
              88321.12332112332,
              9371.18437118437
            ],
            [
              88321.12332112332,
              9358.974358974358
            ],
            [
              88327.22832722832,
              9352.869352869353
            ],
            [
              88327.22832722832,
              9340.65934065934
            ],
            [
              88315.01831501831,
              9328.449328449327
            ],
            [
              88308.91330891331,
              9328.449328449327
            ],
            [
              88284.49328449328,
              9304.029304029304
            ],
            [
              88278.38827838827,
              9304.029304029304
            ],
            [
              88272.28327228327,
              9297.924297924297
            ],
            [
              88266.17826617826,
              9297.924297924297
            ],
            [
              88260.07326007326,
              9291.81929181929
            ],
            [
              88253.96825396825,
              9291.81929181929
            ],
            [
              88247.86324786324,
              9285.714285714284
            ],
            [
              88223.44322344322,
              9285.714285714284
            ]
          ]
        ]
      }
    },
    {
      "type": "Feature",
      "properties": {
        "class_id": 3,
        "classification": "Darkspot & Foreign Object",
        "area": 95507.19257678963
      },
      "geometry": {
        "type": "Polygon",
        "coordinates": [
          [
            [
              88394.38339438339,
              8394.383394383394
            ],
            [
              88376.06837606838,
              8412.698412698412
            ],
            [
              88363.85836385835,
              8412.698412698412
            ],
            [
              88357.75335775335,
              8418.803418803418
            ],
            [
              88327.22832722832,
              8418.803418803418
            ],
            [
              88321.12332112332,
              8412.698412698412
            ],
            [
              88308.91330891331,
              8412.698412698412
            ],
            [
              88302.80830280829,
              8406.593406593405
            ],
            [
              88284.49328449328,
              8406.593406593405
            ],
            [
              88278.38827838827,
              8412.698412698412
            ],
            [
              88272.28327228327,
              8412.698412698412
            ],
            [
              88266.17826617826,
              8418.803418803418
            ],
            [
              88253.96825396825,
              8418.803418803418
            ],
            [
              88253.96825396825,
              8443.223443223444
            ],
            [
              88247.86324786324,
              8449.328449328448
            ],
            [
              88192.9181929182,
              8449.328449328448
            ],
            [
              88186.81318681317,
              8455.433455433455
            ],
            [
              88174.60317460317,
              8455.433455433455
            ],
            [
              88168.49816849816,
              8461.538461538461
            ],
            [
              88150.18315018315,
              8461.538461538461
            ],
            [
              88144.07814407814,
              8455.433455433455
            ],
            [
              88137.97313797314,
              8455.433455433455
            ],
            [
              88125.76312576311,
              8443.223443223444
            ],
            [
              88107.4481074481,
              8443.223443223444
            ],
            [
              88101.3431013431,
              8449.328449328448
            ],
            [
              88095.23809523809,
              8449.328449328448
            ],
            [
              88083.02808302808,
              8461.538461538461
            ],
            [
              88076.92307692308,
              8461.538461538461
            ],
            [
              88058.60805860805,
              8479.85347985348
            ],
            [
              88058.60805860805,
              8492.063492063491
            ],
            [
              88052.50305250305,
              8498.168498168498
            ],
            [
              88052.50305250305,
              8504.273504273504
            ],
            [
              88046.39804639804,
              8510.37851037851
            ],
            [
              88046.39804639804,
              8595.848595848594
            ],
            [
              88040.29304029304,
              8601.9536019536
            ],
            [
              88040.29304029304,
              8620.26862026862
            ],
            [
              88046.39804639804,
              8626.373626373626
            ],
            [
              88046.39804639804,
              8638.583638583637
            ],
            [
              88052.50305250305,
              8644.688644688644
            ],
            [
              88052.50305250305,
              8656.898656898657
            ],
            [
              88058.60805860805,
              8663.003663003663
            ],
            [
              88058.60805860805,
              8669.10866910867
            ],
            [
              88064.71306471305,
              8675.213675213674
            ],
            [
              88064.71306471305,
              8681.31868131868
            ],
            [
              88070.81807081806,
              8687.423687423687
            ],
            [
              88070.81807081806,
              8699.6336996337
            ],
            [
              88076.92307692308,
              8705.738705738706
            ],
            [
              88076.92307692308,
              8717.948717948717
            ],
            [
              88101.3431013431,
              8742.368742368742
            ],
            [
              88107.4481074481,
              8742.368742368742
            ],
            [
              88113.5531135531,
              8748.473748473747
            ],
            [
              88125.76312576311,
              8748.473748473747
            ],
            [
              88131.86813186812,
              8754.578754578753
            ],
            [
              88217.33821733821,
              8754.578754578753
            ],
            [
              88223.44322344322,
              8760.68376068376
            ],
            [
              88253.96825396825,
              8760.68376068376
            ],
            [
              88260.07326007326,
              8766.788766788766
            ],
            [
              88266.17826617826,
              8766.788766788766
            ],
            [
              88278.38827838827,
              8778.998778998779
            ],
            [
              88308.91330891331,
              8748.473748473747
            ],
            [
              88315.01831501831,
              8748.473748473747
            ],
            [
              88321.12332112332,
              8742.368742368742
            ],
            [
              88333.33333333333,
              8742.368742368742
            ],
            [
              88339.43833943833,
              8736.263736263736
            ],
            [
              88351.64835164834,
              8736.263736263736
            ],
            [
              88369.96336996337,
              8717.948717948717
            ],
            [
              88369.96336996337,
              8711.84371184371
            ],
            [
              88376.06837606838,
              8705.738705738706
            ],
            [
              88376.06837606838,
              8669.10866910867
            ],
            [
              88369.96336996337,
              8663.003663003663
            ],
            [
              88369.96336996337,
              8656.898656898657
            ],
            [
              88363.85836385835,
              8650.79365079365
            ],
            [
              88363.85836385835,
              8644.688644688644
            ],
            [
              88357.75335775335,
              8638.583638583637
            ],
            [
              88357.75335775335,
              8632.478632478633
            ],
            [
              88351.64835164834,
              8626.373626373626
            ],
            [
              88351.64835164834,
              8614.163614163614
            ],
            [
              88345.54334554334,
              8608.058608058607
            ],
            [
              88345.54334554334,
              8565.323565323564
            ],
            [
              88351.64835164834,
              8559.218559218558
            ],
            [
              88351.64835164834,
              8492.063492063491
            ],
            [
              88357.75335775335,
              8485.958485958485
            ],
            [
              88357.75335775335,
              8479.85347985348
            ],
            [
              88369.96336996337,
              8467.643467643467
            ],
            [
              88369.96336996337,
              8461.538461538461
            ],
            [
              88376.06837606838,
              8455.433455433455
            ],
            [
              88376.06837606838,
              8443.223443223444
            ],
            [
              88382.17338217338,
              8437.118437118437
            ],
            [
              88382.17338217338,
              8418.803418803418
            ],
            [
              88388.27838827838,
              8412.698412698412
            ],
            [
              88388.27838827838,
              8406.593406593405
            ],
            [
              88394.38339438339,
              8400.4884004884
            ],
            [
              88394.38339438339,
              8394.383394383394
            ]
          ]
        ]
      }
    },
    {
      "type": "Feature",
      "properties": {
        "class_id": 3,
        "classification": "Darkspot & Foreign Object",
        "area": 128659.83561954256
      },
      "geometry": {
        "type": "Polygon",
        "coordinates": [
          [
            [
              88052.50305250305,
              7747.252747252747
            ],
            [
              88046.39804639804,
              7753.357753357753
            ],
            [
              88040.29304029304,
              7753.357753357753
            ],
            [
              88028.08302808303,
              7765.5677655677655
            ],
            [
              88028.08302808303,
              7783.882783882784
            ],
            [
              88034.18803418803,
              7789.987789987789
            ],
            [
              88034.18803418803,
              7796.092796092796
            ],
            [
              88058.60805860805,
              7820.51282051282
            ],
            [
              88058.60805860805,
              7826.617826617826
            ],
            [
              88064.71306471305,
              7832.722832722832
            ],
            [
              88064.71306471305,
              7857.142857142857
            ],
            [
              88058.60805860805,
              7863.247863247862
            ],
            [
              88058.60805860805,
              7869.352869352869
            ],
            [
              88052.50305250305,
              7875.457875457875
            ],
            [
              88052.50305250305,
              7881.562881562881
            ],
            [
              88040.29304029304,
              7893.772893772893
            ],
            [
              88040.29304029304,
              7899.8778998779
            ],
            [
              88028.08302808303,
              7912.087912087912
            ],
            [
              88028.08302808303,
              7918.192918192918
            ],
            [
              88021.97802197802,
              7924.297924297924
            ],
            [
              88021.97802197802,
              7930.40293040293
            ],
            [
              88015.87301587302,
              7936.507936507936
            ],
            [
              88015.87301587302,
              7948.717948717948
            ],
            [
              88009.768009768,
              7954.822954822955
            ],
            [
              88009.768009768,
              7960.92796092796
            ],
            [
              87997.55799755799,
              7973.137973137973
            ],
            [
              87997.55799755799,
              7979.242979242978
            ],
            [
              87991.45299145298,
              7985.347985347985
            ],
            [
              87991.45299145298,
              8003.663003663003
            ],
            [
              87985.34798534798,
              8009.7680097680095
            ],
            [
              87985.34798534798,
              8034.188034188033
            ],
            [
              87991.45299145298,
              8040.29304029304
            ],
            [
              87991.45299145298,
              8046.398046398046
            ],
            [
              88003.663003663,
              8058.608058608058
            ],
            [
              88003.663003663,
              8064.713064713064
            ],
            [
              88009.768009768,
              8070.818070818071
            ],
            [
              88009.768009768,
              8076.923076923076
            ],
            [
              88028.08302808303,
              8095.2380952380945
            ],
            [
              88034.18803418803,
              8095.2380952380945
            ],
            [
              88052.50305250305,
              8113.553113553113
            ],
            [
              88052.50305250305,
              8131.868131868131
            ],
            [
              88058.60805860805,
              8137.973137973137
            ],
            [
              88058.60805860805,
              8174.603174603174
            ],
            [
              88064.71306471305,
              8180.70818070818
            ],
            [
              88101.3431013431,
              8180.70818070818
            ],
            [
              88107.4481074481,
              8174.603174603174
            ],
            [
              88119.65811965811,
              8174.603174603174
            ],
            [
              88125.76312576311,
              8168.498168498168
            ],
            [
              88131.86813186812,
              8174.603174603174
            ],
            [
              88137.97313797314,
              8174.603174603174
            ],
            [
              88162.39316239316,
              8199.023199023199
            ],
            [
              88162.39316239316,
              8205.128205128205
            ],
            [
              88180.70818070817,
              8223.443223443222
            ],
            [
              88180.70818070817,
              8241.758241758242
            ],
            [
              88174.60317460317,
              8247.863247863248
            ],
            [
              88168.49816849816,
              8247.863247863248
            ],
            [
              88162.39316239316,
              8253.968253968253
            ],
            [
              88137.97313797314,
              8253.968253968253
            ],
            [
              88137.97313797314,
              8266.178266178265
            ],
            [
              88180.70818070817,
              8308.913308913308
            ],
            [
              88180.70818070817,
              8315.018315018315
            ],
            [
              88186.81318681317,
              8321.123321123321
            ],
            [
              88192.9181929182,
              8321.123321123321
            ],
            [
              88199.0231990232,
              8315.018315018315
            ],
            [
              88199.0231990232,
              8302.808302808302
            ],
            [
              88205.1282051282,
              8296.703296703296
            ],
            [
              88205.1282051282,
              8290.598290598291
            ],
            [
              88211.23321123321,
              8284.493284493285
            ],
            [
              88217.33821733821,
              8284.493284493285
            ],
            [
              88223.44322344322,
              8278.388278388278
            ],
            [
              88235.65323565323,
              8278.388278388278
            ],
            [
              88247.86324786324,
              8290.598290598291
            ],
            [
              88253.96825396825,
              8290.598290598291
            ],
            [
              88260.07326007326,
              8296.703296703296
            ],
            [
              88290.59829059828,
              8296.703296703296
            ],
            [
              88296.70329670329,
              8290.598290598291
            ],
            [
              88302.80830280829,
              8290.598290598291
            ],
            [
              88302.80830280829,
              8272.283272283272
            ],
            [
              88321.12332112332,
              8253.968253968253
            ],
            [
              88339.43833943833,
              8253.968253968253
            ],
            [
              88351.64835164834,
              8266.178266178265
            ],
            [
              88357.75335775335,
              8266.178266178265
            ],
            [
              88363.85836385835,
              8260.073260073259
            ],
            [
              88369.96336996337,
              8260.073260073259
            ],
            [
              88369.96336996337,
              8247.863247863248
            ],
            [
              88376.06837606838,
              8241.758241758242
            ],
            [
              88376.06837606838,
              8235.653235653235
            ],
            [
              88382.17338217338,
              8229.548229548229
            ],
            [
              88376.06837606838,
              8223.443223443222
            ],
            [
              88376.06837606838,
              8217.338217338216
            ],
            [
              88369.96336996337,
              8211.233211233211
            ],
            [
              88369.96336996337,
              8192.918192918192
            ],
            [
              88376.06837606838,
              8186.813186813186
            ],
            [
              88376.06837606838,
              8180.70818070818
            ],
            [
              88382.17338217338,
              8174.603174603174
            ],
            [
              88376.06837606838,
              8168.498168498168
            ],
            [
              88376.06837606838,
              8137.973137973137
            ],
            [
              88382.17338217338,
              8131.868131868131
            ],
            [
              88376.06837606838,
              8131.868131868131
            ],
            [
              88363.85836385835,
              8119.658119658119
            ],
            [
              88357.75335775335,
              8119.658119658119
            ],
            [
              88345.54334554334,
              8107.448107448107
            ],
            [
              88327.22832722832,
              8107.448107448107
            ],
            [
              88321.12332112332,
              8113.553113553113
            ],
            [
              88315.01831501831,
              8113.553113553113
            ],
            [
              88302.80830280829,
              8125.763125763126
            ],
            [
              88302.80830280829,
              8144.078144078144
            ],
            [
              88308.91330891331,
              8150.183150183149
            ],
            [
              88308.91330891331,
              8162.393162393162
            ],
            [
              88315.01831501831,
              8168.498168498168
            ],
            [
              88315.01831501831,
              8174.603174603174
            ],
            [
              88321.12332112332,
              8180.70818070818
            ],
            [
              88321.12332112332,
              8186.813186813186
            ],
            [
              88327.22832722832,
              8192.918192918192
            ],
            [
              88327.22832722832,
              8211.233211233211
            ],
            [
              88321.12332112332,
              8217.338217338216
            ],
            [
              88321.12332112332,
              8229.548229548229
            ],
            [
              88315.01831501831,
              8235.653235653235
            ],
            [
              88308.91330891331,
              8235.653235653235
            ],
            [
              88302.80830280829,
              8241.758241758242
            ],
            [
              88296.70329670329,
              8241.758241758242
            ],
            [
              88290.59829059828,
              8235.653235653235
            ],
            [
              88284.49328449328,
              8235.653235653235
            ],
            [
              88266.17826617826,
              8217.338217338216
            ],
            [
              88266.17826617826,
              8211.233211233211
            ],
            [
              88260.07326007326,
              8205.128205128205
            ],
            [
              88260.07326007326,
              8199.023199023199
            ],
            [
              88253.96825396825,
              8192.918192918192
            ],
            [
              88253.96825396825,
              8156.288156288156
            ],
            [
              88247.86324786324,
              8150.183150183149
            ],
            [
              88247.86324786324,
              8131.868131868131
            ],
            [
              88241.75824175823,
              8125.763125763126
            ],
            [
              88241.75824175823,
              8113.553113553113
            ],
            [
              88253.96825396825,
              8101.343101343101
            ],
            [
              88266.17826617826,
              8101.343101343101
            ],
            [
              88272.28327228327,
              8095.2380952380945
            ],
            [
              88278.38827838827,
              8095.2380952380945
            ],
            [
              88290.59829059828,
              8083.028083028083
            ],
            [
              88290.59829059828,
              8076.923076923076
            ],
            [
              88296.70329670329,
              8070.818070818071
            ],
            [
              88302.80830280829,
              8070.818070818071
            ],
            [
              88315.01831501831,
              8058.608058608058
            ],
            [
              88321.12332112332,
              8058.608058608058
            ],
            [
              88327.22832722832,
              8052.5030525030525
            ],
            [
              88333.33333333333,
              8052.5030525030525
            ],
            [
              88339.43833943833,
              8046.398046398046
            ],
            [
              88345.54334554334,
              8046.398046398046
            ],
            [
              88351.64835164834,
              8040.29304029304
            ],
            [
              88406.5934065934,
              8040.29304029304
            ],
            [
              88406.5934065934,
              8028.083028083028
            ],
            [
              88400.4884004884,
              8021.978021978021
            ],
            [
              88400.4884004884,
              7985.347985347985
            ],
            [
              88388.27838827838,
              7973.137973137973
            ],
            [
              88388.27838827838,
              7967.032967032967
            ],
            [
              88382.17338217338,
              7960.92796092796
            ],
            [
              88376.06837606838,
              7960.92796092796
            ],
            [
              88369.96336996337,
              7954.822954822955
            ],
            [
              88357.75335775335,
              7954.822954822955
            ],
            [
              88351.64835164834,
              7948.717948717948
            ],
            [
              88345.54334554334,
              7948.717948717948
            ],
            [
              88327.22832722832,
              7930.40293040293
            ],
            [
              88327.22832722832,
              7918.192918192918
            ],
            [
              88321.12332112332,
              7912.087912087912
            ],
            [
              88321.12332112332,
              7905.982905982905
            ],
            [
              88302.80830280829,
              7887.667887667887
            ],
            [
              88296.70329670329,
              7887.667887667887
            ],
            [
              88284.49328449328,
              7875.457875457875
            ],
            [
              88278.38827838827,
              7875.457875457875
            ],
            [
              88266.17826617826,
              7863.247863247862
            ],
            [
              88266.17826617826,
              7857.142857142857
            ],
            [
              88260.07326007326,
              7851.0378510378505
            ],
            [
              88260.07326007326,
              7838.827838827839
            ],
            [
              88253.96825396825,
              7832.722832722832
            ],
            [
              88253.96825396825,
              7826.617826617826
            ],
            [
              88247.86324786324,
              7826.617826617826
            ],
            [
              88235.65323565323,
              7814.407814407814
            ],
            [
              88223.44322344322,
              7814.407814407814
            ],
            [
              88217.33821733821,
              7820.51282051282
            ],
            [
              88211.23321123321,
              7820.51282051282
            ],
            [
              88205.1282051282,
              7826.617826617826
            ],
            [
              88162.39316239316,
              7826.617826617826
            ],
            [
              88156.28815628815,
              7832.722832722832
            ],
            [
              88144.07814407814,
              7832.722832722832
            ],
            [
              88137.97313797314,
              7826.617826617826
            ],
            [
              88131.86813186812,
              7826.617826617826
            ],
            [
              88113.5531135531,
              7808.3028083028075
            ],
            [
              88113.5531135531,
              7802.197802197802
            ],
            [
              88083.02808302808,
              7771.672771672771
            ],
            [
              88083.02808302808,
              7747.252747252747
            ],
            [
              88052.50305250305,
              7747.252747252747
            ]
          ]
        ]
      }
    },
    {
      "type": "Feature",
      "properties": {
        "class_id": 3,
        "classification": "Darkspot & Foreign Object",
        "area": 6037.918125830212
      },
      "geometry": {
        "type": "Polygon",
        "coordinates": [
          [
            [
              86831.50183150182,
              7283.272283272283
            ],
            [
              86825.39682539682,
              7289.377289377289
            ],
            [
              86752.13675213675,
              7289.377289377289
            ],
            [
              86752.13675213675,
              7405.3724053724045
            ],
            [
              86746.03174603175,
              7411.477411477411
            ],
            [
              86727.71672771672,
              7411.477411477411
            ],
            [
              86739.92673992674,
              7423.687423687423
            ],
            [
              86739.92673992674,
              7429.792429792429
            ],
            [
              86746.03174603175,
              7435.897435897436
            ],
            [
              86746.03174603175,
              7429.792429792429
            ],
            [
              86752.13675213675,
              7423.687423687423
            ],
            [
              86752.13675213675,
              7417.582417582417
            ],
            [
              86758.24175824175,
              7411.477411477411
            ],
            [
              86758.24175824175,
              7405.3724053724045
            ],
            [
              86770.45177045176,
              7393.162393162393
            ],
            [
              86770.45177045176,
              7387.057387057386
            ],
            [
              86782.66178266177,
              7374.847374847374
            ],
            [
              86788.76678876678,
              7374.847374847374
            ],
            [
              86788.76678876678,
              7362.6373626373625
            ],
            [
              86794.8717948718,
              7356.532356532356
            ],
            [
              86794.8717948718,
              7350.42735042735
            ],
            [
              86825.39682539682,
              7319.9023199023195
            ],
            [
              86825.39682539682,
              7313.797313797313
            ],
            [
              86831.50183150182,
              7307.692307692308
            ],
            [
              86831.50183150182,
              7283.272283272283
            ]
          ]
        ]
      }
    },
    {
      "type": "Feature",
      "properties": {
        "class_id": 3,
        "classification": "Darkspot & Foreign Object",
        "area": 279.53324656621356
      },
      "geometry": {
        "type": "Polygon",
        "coordinates": [
          [
            [
              86831.50183150182,
              7246.642246642246
            ],
            [
              86831.50183150182,
              7264.957264957265
            ],
            [
              86837.60683760683,
              7264.957264957265
            ],
            [
              86855.92185592186,
              7246.642246642246
            ],
            [
              86831.50183150182,
              7246.642246642246
            ]
          ]
        ]
      }
    },
    {
      "type": "Feature",
      "properties": {
        "class_id": 3,
        "classification": "Darkspot & Foreign Object",
        "area": 77542.52259746764
      },
      "geometry": {
        "type": "Polygon",
        "coordinates": [
          [
            [
              87851.03785103785,
              6269.841269841269
            ],
            [
              87851.03785103785,
              6343.1013431013425
            ],
            [
              87887.66788766788,
              6343.1013431013425
            ],
            [
              87893.77289377288,
              6349.206349206349
            ],
            [
              87893.77289377288,
              6385.8363858363855
            ],
            [
              87924.29792429792,
              6385.8363858363855
            ],
            [
              87930.40293040292,
              6391.941391941392
            ],
            [
              87930.40293040292,
              6465.201465201465
            ],
            [
              87924.29792429792,
              6471.3064713064705
            ],
            [
              87899.8778998779,
              6471.3064713064705
            ],
            [
              87948.71794871794,
              6471.3064713064705
            ],
            [
              87954.82295482294,
              6477.411477411477
            ],
            [
              87960.92796092796,
              6477.411477411477
            ],
            [
              87967.03296703297,
              6483.516483516483
            ],
            [
              87973.13797313797,
              6483.516483516483
            ],
            [
              87991.45299145298,
              6501.831501831502
            ],
            [
              87991.45299145298,
              6514.041514041513
            ],
            [
              87979.24297924298,
              6526.251526251526
            ],
            [
              87973.13797313797,
              6526.251526251526
            ],
            [
              87954.82295482294,
              6544.5665445665445
            ],
            [
              87954.82295482294,
              6550.67155067155
            ],
            [
              87948.71794871794,
              6556.776556776556
            ],
            [
              87948.71794871794,
              6562.881562881563
            ],
            [
              87942.61294261293,
              6568.986568986568
            ],
            [
              87942.61294261293,
              6575.091575091575
            ],
            [
              87905.9829059829,
              6611.721611721611
            ],
            [
              87905.9829059829,
              6617.826617826618
            ],
            [
              87899.8778998779,
              6623.931623931623
            ],
            [
              87899.8778998779,
              6630.0366300366295
            ],
            [
              87893.77289377288,
              6636.141636141636
            ],
            [
              87893.77289377288,
              6648.351648351648
            ],
            [
              87887.66788766788,
              6654.456654456654
            ],
            [
              87887.66788766788,
              6660.561660561661
            ],
            [
              87893.77289377288,
              6666.666666666666
            ],
            [
              87893.77289377288,
              6709.401709401709
            ],
            [
              87887.66788766788,
              6715.506715506715
            ],
            [
              87887.66788766788,
              6727.716727716727
            ],
            [
              87893.77289377288,
              6733.821733821734
            ],
            [
              87905.9829059829,
              6733.821733821734
            ],
            [
              87912.08791208791,
              6739.926739926739
            ],
            [
              87930.40293040292,
              6739.926739926739
            ],
            [
              87936.50793650793,
              6746.031746031746
            ],
            [
              87960.92796092796,
              6746.031746031746
            ],
            [
              87967.03296703297,
              6739.926739926739
            ],
            [
              87985.34798534798,
              6739.926739926739
            ],
            [
              87991.45299145298,
              6733.821733821734
            ],
            [
              87997.55799755799,
              6733.821733821734
            ],
            [
              88003.663003663,
              6727.716727716727
            ],
            [
              88015.87301587302,
              6727.716727716727
            ],
            [
              88028.08302808303,
              6715.506715506715
            ],
            [
              88034.18803418803,
              6715.506715506715
            ],
            [
              88058.60805860805,
              6691.086691086691
            ],
            [
              88058.60805860805,
              6684.981684981684
            ],
            [
              88064.71306471305,
              6678.876678876679
            ],
            [
              88064.71306471305,
              6666.666666666666
            ],
            [
              88070.81807081806,
              6660.561660561661
            ],
            [
              88070.81807081806,
              6642.246642246642
            ],
            [
              88076.92307692308,
              6636.141636141636
            ],
            [
              88076.92307692308,
              6623.931623931623
            ],
            [
              88083.02808302808,
              6617.826617826618
            ],
            [
              88083.02808302808,
              6587.301587301587
            ],
            [
              88089.13308913309,
              6581.196581196581
            ],
            [
              88089.13308913309,
              6575.091575091575
            ],
            [
              88119.65811965811,
              6544.5665445665445
            ],
            [
              88119.65811965811,
              6538.461538461538
            ],
            [
              88131.86813186812,
              6526.251526251526
            ],
            [
              88131.86813186812,
              6520.14652014652
            ],
            [
              88137.97313797314,
              6514.041514041513
            ],
            [
              88137.97313797314,
              6507.936507936508
            ],
            [
              88156.28815628815,
              6489.62148962149
            ],
            [
              88156.28815628815,
              6483.516483516483
            ],
            [
              88174.60317460317,
              6465.201465201465
            ],
            [
              88174.60317460317,
              6459.096459096459
            ],
            [
              88186.81318681317,
              6446.886446886447
            ],
            [
              88186.81318681317,
              6440.78144078144
            ],
            [
              88199.0231990232,
              6428.571428571428
            ],
            [
              88192.9181929182,
              6434.676434676434
            ],
            [
              88186.81318681317,
              6434.676434676434
            ],
            [
              88180.70818070817,
              6440.78144078144
            ],
            [
              88174.60317460317,
              6440.78144078144
            ],
            [
              88168.49816849816,
              6446.886446886447
            ],
            [
              88156.28815628815,
              6446.886446886447
            ],
            [
              88150.18315018315,
              6452.991452991452
            ],
            [
              88144.07814407814,
              6452.991452991452
            ],
            [
              88137.97313797314,
              6459.096459096459
            ],
            [
              88131.86813186812,
              6459.096459096459
            ],
            [
              88125.76312576311,
              6465.201465201465
            ],
            [
              88119.65811965811,
              6465.201465201465
            ],
            [
              88113.5531135531,
              6471.3064713064705
            ],
            [
              88089.13308913309,
              6471.3064713064705
            ],
            [
              88076.92307692308,
              6459.096459096459
            ],
            [
              88076.92307692308,
              6440.78144078144
            ],
            [
              88070.81807081806,
              6434.676434676434
            ],
            [
              88070.81807081806,
              6422.466422466422
            ],
            [
              88064.71306471305,
              6416.361416361416
            ],
            [
              88064.71306471305,
              6410.25641025641
            ],
            [
              88070.81807081806,
              6404.151404151404
            ],
            [
              88070.81807081806,
              6398.046398046397
            ],
            [
              88076.92307692308,
              6391.941391941392
            ],
            [
              88076.92307692308,
              6385.8363858363855
            ],
            [
              88083.02808302808,
              6379.731379731379
            ],
            [
              88083.02808302808,
              6349.206349206349
            ],
            [
              88052.50305250305,
              6349.206349206349
            ],
            [
              88046.39804639804,
              6343.1013431013425
            ],
            [
              88046.39804639804,
              6312.576312576312
            ],
            [
              88015.87301587302,
              6312.576312576312
            ],
            [
              88009.768009768,
              6306.471306471306
            ],
            [
              88009.768009768,
              6269.841269841269
            ],
            [
              87851.03785103785,
              6269.841269841269
            ]
          ]
        ]
      }
    },
    {
      "type": "Feature",
      "properties": {
        "class_id": 3,
        "classification": "Darkspot & Foreign Object",
        "area": 1956.7327259634949
      },
      "geometry": {
        "type": "Polygon",
        "coordinates": [
          [
            [
              88418.8034188034,
              6202.686202686203
            ],
            [
              88418.8034188034,
              6221.001221001221
            ],
            [
              88412.6984126984,
              6227.1062271062265
            ],
            [
              88339.43833943833,
              6227.1062271062265
            ],
            [
              88339.43833943833,
              6245.421245421245
            ],
            [
              88431.01343101343,
              6245.421245421245
            ],
            [
              88431.01343101343,
              6239.316239316239
            ],
            [
              88437.11843711844,
              6233.211233211233
            ],
            [
              88437.11843711844,
              6227.1062271062265
            ],
            [
              88424.90842490843,
              6214.896214896215
            ],
            [
              88424.90842490843,
              6208.791208791208
            ],
            [
              88418.8034188034,
              6202.686202686203
            ]
          ]
        ]
      }
    },
    {
      "type": "Feature",
      "properties": {
        "class_id": 3,
        "classification": "Darkspot & Foreign Object",
        "area": 77057.99830341953
      },
      "geometry": {
        "type": "Polygon",
        "coordinates": [
          [
            [
              89017.09401709402,
              6037.851037851037
            ],
            [
              89010.98901098901,
              6043.956043956044
            ],
            [
              88998.77899877899,
              6043.956043956044
            ],
            [
              88992.67399267398,
              6050.06105006105
            ],
            [
              88980.46398046397,
              6050.06105006105
            ],
            [
              88974.35897435897,
              6056.166056166056
            ],
            [
              88962.14896214896,
              6056.166056166056
            ],
            [
              88956.04395604396,
              6062.271062271062
            ],
            [
              88937.72893772893,
              6062.271062271062
            ],
            [
              88931.62393162392,
              6068.376068376068
            ],
            [
              88925.51892551892,
              6068.376068376068
            ],
            [
              88919.41391941391,
              6074.481074481074
            ],
            [
              88913.30891330891,
              6074.481074481074
            ],
            [
              88907.2039072039,
              6080.58608058608
            ],
            [
              88901.0989010989,
              6080.58608058608
            ],
            [
              88888.88888888889,
              6092.796092796092
            ],
            [
              88882.78388278387,
              6092.796092796092
            ],
            [
              88876.67887667887,
              6098.9010989010985
            ],
            [
              88870.57387057386,
              6098.9010989010985
            ],
            [
              88864.46886446886,
              6105.006105006105
            ],
            [
              88858.36385836385,
              6105.006105006105
            ],
            [
              88840.04884004884,
              6123.321123321123
            ],
            [
              88833.94383394383,
              6123.321123321123
            ],
            [
              88821.73382173381,
              6135.531135531135
            ],
            [
              88815.6288156288,
              6135.531135531135
            ],
            [
              88803.4188034188,
              6147.741147741147
            ],
            [
              88797.3137973138,
              6147.741147741147
            ],
            [
              88791.20879120879,
              6153.846153846153
            ],
            [
              88772.89377289377,
              6153.846153846153
            ],
            [
              88766.78876678876,
              6159.95115995116
            ],
            [
              88754.57875457875,
              6159.95115995116
            ],
            [
              88748.47374847374,
              6166.056166056165
            ],
            [
              88742.36874236874,
              6166.056166056165
            ],
            [
              88736.26373626373,
              6172.161172161172
            ],
            [
              88730.15873015873,
              6172.161172161172
            ],
            [
              88724.05372405372,
              6178.266178266178
            ],
            [
              88717.94871794872,
              6178.266178266178
            ],
            [
              88711.8437118437,
              6184.371184371184
            ],
            [
              88705.7387057387,
              6184.371184371184
            ],
            [
              88699.63369963369,
              6190.47619047619
            ],
            [
              88693.52869352869,
              6190.47619047619
            ],
            [
              88687.42368742368,
              6196.581196581196
            ],
            [
              88644.68864468863,
              6196.581196581196
            ],
            [
              88638.58363858363,
              6202.686202686203
            ],
            [
              88626.37362637362,
              6202.686202686203
            ],
            [
              88620.26862026862,
              6208.791208791208
            ],
            [
              88608.0586080586,
              6208.791208791208
            ],
            [
              88601.9536019536,
              6214.896214896215
            ],
            [
              88589.74358974358,
              6214.896214896215
            ],
            [
              88583.63858363857,
              6221.001221001221
            ],
            [
              88571.42857142857,
              6221.001221001221
            ],
            [
              88565.32356532356,
              6227.1062271062265
            ],
            [
              88559.21855921856,
              6227.1062271062265
            ],
            [
              88553.11355311355,
              6233.211233211233
            ],
            [
              88553.11355311355,
              6245.421245421245
            ],
            [
              89212.4542124542,
              6245.421245421245
            ],
            [
              89212.4542124542,
              6239.316239316239
            ],
            [
              89218.55921855921,
              6233.211233211233
            ],
            [
              89218.55921855921,
              6227.1062271062265
            ],
            [
              89224.66422466421,
              6221.001221001221
            ],
            [
              89224.66422466421,
              6196.581196581196
            ],
            [
              89218.55921855921,
              6190.47619047619
            ],
            [
              89218.55921855921,
              6178.266178266178
            ],
            [
              89212.4542124542,
              6172.161172161172
            ],
            [
              89212.4542124542,
              6166.056166056165
            ],
            [
              89206.3492063492,
              6159.95115995116
            ],
            [
              89206.3492063492,
              6153.846153846153
            ],
            [
              89200.2442002442,
              6147.741147741147
            ],
            [
              89200.2442002442,
              6141.6361416361415
            ],
            [
              89194.13919413919,
              6135.531135531135
            ],
            [
              89194.13919413919,
              6129.426129426129
            ],
            [
              89188.03418803419,
              6123.321123321123
            ],
            [
              89181.92918192918,
              6123.321123321123
            ],
            [
              89175.82417582416,
              6117.216117216117
            ],
            [
              89151.40415140415,
              6117.216117216117
            ],
            [
              89145.29914529914,
              6111.11111111111
            ],
            [
              89084.24908424908,
              6111.11111111111
            ],
            [
              89078.14407814408,
              6105.006105006105
            ],
            [
              89072.03907203907,
              6105.006105006105
            ],
            [
              89059.82905982905,
              6092.796092796092
            ],
            [
              89059.82905982905,
              6080.58608058608
            ],
            [
              89053.72405372404,
              6074.481074481074
            ],
            [
              89053.72405372404,
              6062.271062271062
            ],
            [
              89047.61904761904,
              6056.166056166056
            ],
            [
              89047.61904761904,
              6037.851037851037
            ],
            [
              89017.09401709402,
              6037.851037851037
            ]
          ]
        ]
      }
    },
    {
      "type": "Feature",
      "properties": {
        "class_id": 5,
        "classification": "Edge & Air Bubble",
        "area": 6187.00252399886
      },
      "geometry": {
        "type": "Polygon",
        "coordinates": [
          [
            [
              21245.421245421243,
              45482.29548229548
            ],
            [
              21202.6862026862,
              45525.030525030525
            ],
            [
              21202.6862026862,
              45573.87057387057
            ],
            [
              21196.581196581195,
              45579.97557997558
            ],
            [
              21196.581196581195,
              45586.080586080585
            ],
            [
              21190.47619047619,
              45592.18559218559
            ],
            [
              21190.47619047619,
              45598.290598290594
            ],
            [
              21184.371184371183,
              45604.3956043956
            ],
            [
              21184.371184371183,
              45610.50061050061
            ],
            [
              21178.266178266178,
              45616.605616605615
            ],
            [
              21178.266178266178,
              45641.02564102564
            ],
            [
              21190.47619047619,
              45653.23565323565
            ],
            [
              21196.581196581195,
              45653.23565323565
            ],
            [
              21208.79120879121,
              45665.445665445666
            ],
            [
              21214.896214896213,
              45665.445665445666
            ],
            [
              21214.896214896213,
              45659.340659340654
            ],
            [
              21227.106227106226,
              45647.130647130645
            ],
            [
              21227.106227106226,
              45634.92063492063
            ],
            [
              21233.21123321123,
              45628.815628815624
            ],
            [
              21233.21123321123,
              45616.605616605615
            ],
            [
              21227.106227106226,
              45610.50061050061
            ],
            [
              21227.106227106226,
              45579.97557997558
            ],
            [
              21233.21123321123,
              45573.87057387057
            ],
            [
              21233.21123321123,
              45555.555555555555
            ],
            [
              21239.31623931624,
              45549.45054945055
            ],
            [
              21239.31623931624,
              45537.240537240534
            ],
            [
              21245.421245421243,
              45531.13553113553
            ],
            [
              21245.421245421243,
              45482.29548229548
            ]
          ]
        ]
      }
    },
    {
      "type": "Feature",
      "properties": {
        "class_id": 5,
        "classification": "Edge & Air Bubble",
        "area": 0.0
      },
      "geometry": {
        "type": "Polygon",
        "coordinates": [
          [
            [
              21257.631257631256,
              45421.24542124542
            ],
            [
              21257.631257631256,
              45427.35042735042
            ],
            [
              21251.52625152625,
              45433.455433455434
            ],
            [
              21257.631257631256,
              45427.35042735042
            ],
            [
              21257.631257631256,
              45421.24542124542
            ]
          ]
        ]
      }
    },
    {
      "type": "Feature",
      "properties": {
        "class_id": 5,
        "classification": "Edge & Air Bubble",
        "area": 22045.85537918871
      },
      "geometry": {
        "type": "Polygon",
        "coordinates": [
          [
            [
              21355.311355311354,
              43760.68376068376
            ],
            [
              21355.311355311354,
              43772.89377289377
            ],
            [
              21349.206349206346,
              43778.99877899878
            ],
            [
              21349.206349206346,
              43785.10378510378
            ],
            [
              21355.311355311354,
              43791.20879120879
            ],
            [
              21355.311355311354,
              43803.4188034188
            ],
            [
              21349.206349206346,
              43809.52380952381
            ],
            [
              21349.206349206346,
              43864.468864468865
            ],
            [
              21343.10134310134,
              43870.57387057387
            ],
            [
              21343.10134310134,
              43901.0989010989
            ],
            [
              21336.996336996337,
              43907.203907203904
            ],
            [
              21336.996336996337,
              43986.568986568986
            ],
            [
              21355.311355311354,
              43986.568986568986
            ],
            [
              21361.41636141636,
              43980.46398046398
            ],
            [
              21373.62637362637,
              43980.46398046398
            ],
            [
              21379.73137973138,
              43974.35897435897
            ],
            [
              21385.836385836385,
              43974.35897435897
            ],
            [
              21391.94139194139,
              43968.253968253965
            ],
            [
              21398.046398046397,
              43968.253968253965
            ],
            [
              21416.361416361415,
              43949.93894993895
            ],
            [
              21416.361416361415,
              43937.728937728934
            ],
            [
              21422.466422466423,
              43931.62393162393
            ],
            [
              21422.466422466423,
              43907.203907203904
            ],
            [
              21428.571428571428,
              43901.0989010989
            ],
            [
              21428.571428571428,
              43894.993894993895
            ],
            [
              21434.676434676432,
              43888.88888888888
            ],
            [
              21434.676434676432,
              43876.678876678874
            ],
            [
              21440.78144078144,
              43870.57387057387
            ],
            [
              21440.78144078144,
              43864.468864468865
            ],
            [
              21446.886446886445,
              43858.36385836385
            ],
            [
              21446.886446886445,
              43852.25885225885
            ],
            [
              21452.991452991453,
              43846.153846153844
            ],
            [
              21452.991452991453,
              43840.04884004884
            ],
            [
              21459.096459096458,
              43833.943833943835
            ],
            [
              21459.096459096458,
              43827.83882783882
            ],
            [
              21465.201465201462,
              43821.73382173382
            ],
            [
              21465.201465201462,
              43815.628815628814
            ],
            [
              21501.8315018315,
              43778.99877899878
            ],
            [
              21501.8315018315,
              43760.68376068376
            ],
            [
              21355.311355311354,
              43760.68376068376
            ]
          ]
        ]
      }
    },
    {
      "type": "Feature",
      "properties": {
        "class_id": 5,
        "classification": "Edge & Air Bubble",
        "area": 428.6176447348608
      },
      "geometry": {
        "type": "Polygon",
        "coordinates": [
          [
            [
              20286.935286935284,
              40592.18559218559
            ],
            [
              20280.83028083028,
              40598.290598290594
            ],
            [
              20274.725274725275,
              40598.290598290594
            ],
            [
              20280.83028083028,
              40598.290598290594
            ],
            [
              20293.040293040292,
              40610.50061050061
            ],
            [
              20299.145299145297,
              40610.50061050061
            ],
            [
              20305.250305250305,
              40604.3956043956
            ],
            [
              20311.35531135531,
              40604.3956043956
            ],
            [
              20311.35531135531,
              40598.290598290594
            ],
            [
              20317.460317460318,
              40592.18559218559
            ],
            [
              20286.935286935284,
              40592.18559218559
            ]
          ]
        ]
      }
    },
    {
      "type": "Feature",
      "properties": {
        "class_id": 5,
        "classification": "Edge & Air Bubble",
        "area": 10976.338815166651
      },
      "geometry": {
        "type": "Polygon",
        "coordinates": [
          [
            [
              20293.040293040292,
              40183.15018315018
            ],
            [
              20286.935286935284,
              40189.255189255186
            ],
            [
              20207.570207570207,
              40189.255189255186
            ],
            [
              20201.465201465202,
              40195.36019536019
            ],
            [
              20195.360195360194,
              40195.36019536019
            ],
            [
              20183.15018315018,
              40207.57020757021
            ],
            [
              20177.045177045176,
              40207.57020757021
            ],
            [
              20164.835164835164,
              40219.780219780216
            ],
            [
              20158.73015873016,
              40219.780219780216
            ],
            [
              20152.62515262515,
              40225.88522588522
            ],
            [
              20152.62515262515,
              40231.99023199023
            ],
            [
              20146.520146520146,
              40238.09523809524
            ],
            [
              20146.520146520146,
              40244.20024420024
            ],
            [
              20140.415140415138,
              40250.305250305246
            ],
            [
              20140.415140415138,
              40256.41025641025
            ],
            [
              20103.785103785103,
              40293.04029304029
            ],
            [
              20103.785103785103,
              40299.1452991453
            ],
            [
              20097.680097680095,
              40305.2503052503
            ],
            [
              20097.680097680095,
              40323.56532356532
            ],
            [
              20091.57509157509,
              40329.67032967033
            ],
            [
              20097.680097680095,
              40323.56532356532
            ],
            [
              20109.890109890108,
              40323.56532356532
            ],
            [
              20115.995115995116,
              40317.46031746032
            ],
            [
              20128.205128205125,
              40317.46031746032
            ],
            [
              20140.415140415138,
              40305.2503052503
            ],
            [
              20152.62515262515,
              40305.2503052503
            ],
            [
              20158.73015873016,
              40299.1452991453
            ],
            [
              20164.835164835164,
              40299.1452991453
            ],
            [
              20170.940170940168,
              40293.04029304029
            ],
            [
              20177.045177045176,
              40293.04029304029
            ],
            [
              20183.15018315018,
              40286.93528693529
            ],
            [
              20189.25518925519,
              40286.93528693529
            ],
            [
              20195.360195360194,
              40280.830280830276
            ],
            [
              20201.465201465202,
              40280.830280830276
            ],
            [
              20250.30525030525,
              40231.99023199023
            ],
            [
              20256.410256410254,
              40231.99023199023
            ],
            [
              20274.725274725275,
              40213.67521367521
            ],
            [
              20280.83028083028,
              40213.67521367521
            ],
            [
              20286.935286935284,
              40207.57020757021
            ],
            [
              20286.935286935284,
              40201.4652014652
            ],
            [
              20293.040293040292,
              40195.36019536019
            ],
            [
              20293.040293040292,
              40189.255189255186
            ],
            [
              20299.145299145297,
              40183.15018315018
            ],
            [
              20293.040293040292,
              40183.15018315018
            ]
          ]
        ]
      }
    },
    {
      "type": "Feature",
      "properties": {
        "class_id": 5,
        "classification": "Edge & Air Bubble",
        "area": 111.81329862648542
      },
      "geometry": {
        "type": "Polygon",
        "coordinates": [
          [
            [
              20555.555555555555,
              40006.105006105005
            ],
            [
              20549.450549450547,
              40012.21001221001
            ],
            [
              20537.240537240537,
              40012.21001221001
            ],
            [
              20531.13553113553,
              40018.315018315014
            ],
            [
              20525.030525030525,
              40018.315018315014
            ],
            [
              20518.925518925516,
              40024.420024420026
            ],
            [
              20506.715506715507,
              40024.420024420026
            ],
            [
              20525.030525030525,
              40024.420024420026
            ],
            [
              20531.13553113553,
              40018.315018315014
            ],
            [
              20543.345543345542,
              40018.315018315014
            ],
            [
              20555.555555555555,
              40006.105006105005
            ],
            [
              20561.66056166056,
              40006.105006105005
            ],
            [
              20555.555555555555,
              40006.105006105005
            ]
          ]
        ]
      }
    },
    {
      "type": "Feature",
      "properties": {
        "class_id": 5,
        "classification": "Edge & Air Bubble",
        "area": 308958.7796547503
      },
      "geometry": {
        "type": "Polygon",
        "coordinates": [
          [
            [
              90073.26007326007,
              31257.631257631256
            ],
            [
              90073.26007326007,
              31263.73626373626
            ],
            [
              90061.05006105006,
              31275.946275946273
            ],
            [
              90054.94505494506,
              31275.946275946273
            ],
            [
              90048.84004884004,
              31282.05128205128
            ],
            [
              90048.84004884004,
              31428.571428571428
            ],
            [
              90054.94505494506,
              31434.676434676432
            ],
            [
              90054.94505494506,
              31452.99145299145
            ],
            [
              90061.05006105006,
              31459.096459096458
            ],
            [
              90061.05006105006,
              31465.201465201462
            ],
            [
              90085.47008547008,
              31465.201465201462
            ],
            [
              90091.57509157508,
              31471.30647130647
            ],
            [
              90091.57509157508,
              31550.671550671548
            ],
            [
              90122.10012210012,
              31550.671550671548
            ],
            [
              90128.20512820513,
              31556.776556776556
            ],
            [
              90128.20512820513,
              31630.03663003663
            ],
            [
              90164.83516483515,
              31630.03663003663
            ],
            [
              90170.94017094017,
              31636.141636141634
            ],
            [
              90170.94017094017,
              31697.191697191694
            ],
            [
              90177.04517704518,
              31703.296703296703
            ],
            [
              90177.04517704518,
              31715.50671550671
            ],
            [
              90183.15018315018,
              31721.61172161172
            ],
            [
              90183.15018315018,
              31733.821733821733
            ],
            [
              90189.25518925519,
              31739.926739926737
            ],
            [
              90189.25518925519,
              31746.031746031746
            ],
            [
              90201.4652014652,
              31758.241758241755
            ],
            [
              90201.4652014652,
              31764.346764346763
            ],
            [
              90207.5702075702,
              31770.451770451768
            ],
            [
              90207.5702075702,
              31782.66178266178
            ],
            [
              90213.6752136752,
              31788.76678876679
            ],
            [
              90213.6752136752,
              31794.871794871793
            ],
            [
              90219.78021978021,
              31800.976800976798
            ],
            [
              90219.78021978021,
              31807.081807081806
            ],
            [
              90225.88522588523,
              31813.18681318681
            ],
            [
              90225.88522588523,
              31819.29181929182
            ],
            [
              90231.99023199023,
              31825.396825396823
            ],
            [
              90231.99023199023,
              31831.501831501828
            ],
            [
              90244.20024420024,
              31831.501831501828
            ],
            [
              90250.30525030525,
              31837.606837606836
            ],
            [
              90250.30525030525,
              31868.131868131866
            ],
            [
              90268.62026862026,
              31886.446886446884
            ],
            [
              90268.62026862026,
              31892.55189255189
            ],
            [
              90280.83028083027,
              31904.761904761905
            ],
            [
              90286.93528693529,
              31904.761904761905
            ],
            [
              90317.46031746031,
              31935.286935286935
            ],
            [
              90317.46031746031,
              31941.39194139194
            ],
            [
              90323.56532356532,
              31947.496947496944
            ],
            [
              90323.56532356532,
              31953.601953601952
            ],
            [
              90329.67032967032,
              31959.706959706957
            ],
            [
              90329.67032967032,
              31965.811965811965
            ],
            [
              90341.88034188034,
              31978.021978021978
            ],
            [
              90341.88034188034,
              31935.286935286935
            ],
            [
              90347.98534798535,
              31929.181929181927
            ],
            [
              90347.98534798535,
              31916.971916971914
            ],
            [
              90366.30036630036,
              31898.656898656896
            ],
            [
              90366.30036630036,
              31892.55189255189
            ],
            [
              90384.61538461538,
              31874.23687423687
            ],
            [
              90396.82539682538,
              31874.23687423687
            ],
            [
              90402.9304029304,
              31868.131868131866
            ],
            [
              90427.35042735042,
              31868.131868131866
            ],
            [
              90439.56043956043,
              31855.921855921853
            ],
            [
              90439.56043956043,
              31849.81684981685
            ],
            [
              90476.19047619047,
              31813.18681318681
            ],
            [
              90482.29548229548,
              31813.18681318681
            ],
            [
              90488.40048840048,
              31807.081807081806
            ],
            [
              90506.7155067155,
              31807.081807081806
            ],
            [
              90512.8205128205,
              31800.976800976798
            ],
            [
              90537.24053724053,
              31800.976800976798
            ],
            [
              90543.34554334554,
              31807.081807081806
            ],
            [
              90592.18559218559,
              31807.081807081806
            ],
            [
              90598.2905982906,
              31800.976800976798
            ],
            [
              90604.3956043956,
              31800.976800976798
            ],
            [
              90610.5006105006,
              31794.871794871793
            ],
            [
              90634.92063492064,
              31794.871794871793
            ],
            [
              90641.02564102564,
              31800.976800976798
            ],
            [
              90641.02564102564,
              31257.631257631256
            ],
            [
              90073.26007326007,
              31257.631257631256
            ]
          ]
        ]
      }
    },
    {
      "type": "Feature",
      "properties": {
        "class_id": 5,
        "classification": "Edge & Air Bubble",
        "area": 4901.149589794278
      },
      "geometry": {
        "type": "Polygon",
        "coordinates": [
          [
            [
              89041.51404151403,
              25158.730158730155
            ],
            [
              89035.40903540903,
              25164.835164835164
            ],
            [
              89029.30402930402,
              25164.835164835164
            ],
            [
              89029.30402930402,
              25189.25518925519
            ],
            [
              89023.19902319902,
              25195.360195360194
            ],
            [
              89023.19902319902,
              25201.4652014652
            ],
            [
              89010.98901098901,
              25213.67521367521
            ],
            [
              89010.98901098901,
              25231.990231990232
            ],
            [
              89017.09401709402,
              25238.095238095237
            ],
            [
              89023.19902319902,
              25238.095238095237
            ],
            [
              89029.30402930402,
              25231.990231990232
            ],
            [
              89035.40903540903,
              25231.990231990232
            ],
            [
              89041.51404151403,
              25225.885225885224
            ],
            [
              89065.93406593407,
              25225.885225885224
            ],
            [
              89078.14407814408,
              25238.095238095237
            ],
            [
              89078.14407814408,
              25231.990231990232
            ],
            [
              89096.45909645909,
              25213.67521367521
            ],
            [
              89096.45909645909,
              25201.4652014652
            ],
            [
              89102.5641025641,
              25195.360195360194
            ],
            [
              89102.5641025641,
              25189.25518925519
            ],
            [
              89108.6691086691,
              25183.15018315018
            ],
            [
              89108.6691086691,
              25177.045177045176
            ],
            [
              89084.24908424908,
              25177.045177045176
            ],
            [
              89072.03907203907,
              25164.835164835164
            ],
            [
              89065.93406593407,
              25164.835164835164
            ],
            [
              89059.82905982905,
              25158.730158730155
            ],
            [
              89041.51404151403,
              25158.730158730155
            ]
          ]
        ]
      }
    },
    {
      "type": "Feature",
      "properties": {
        "class_id": 5,
        "classification": "Edge & Air Bubble",
        "area": 18.635549771080903
      },
      "geometry": {
        "type": "Polygon",
        "coordinates": [
          [
            [
              89493.28449328449,
              25006.105006105005
            ],
            [
              89493.28449328449,
              25018.315018315017
            ],
            [
              89493.28449328449,
              25012.21001221001
            ],
            [
              89499.3894993895,
              25006.105006105005
            ],
            [
              89493.28449328449,
              25006.105006105005
            ]
          ]
        ]
      }
    },
    {
      "type": "Feature",
      "properties": {
        "class_id": 5,
        "classification": "Edge & Air Bubble",
        "area": 9205.961586913967
      },
      "geometry": {
        "type": "Polygon",
        "coordinates": [
          [
            [
              88504.2735042735,
              18223.44322344322
            ],
            [
              88516.48351648351,
              18235.653235653233
            ],
            [
              88516.48351648351,
              18241.75824175824
            ],
            [
              88522.58852258851,
              18247.863247863246
            ],
            [
              88522.58852258851,
              18253.968253968254
            ],
            [
              88528.69352869352,
              18260.07326007326
            ],
            [
              88528.69352869352,
              18266.178266178264
            ],
            [
              88534.79853479852,
              18272.28327228327
            ],
            [
              88534.79853479852,
              18278.388278388276
            ],
            [
              88547.00854700855,
              18290.59829059829
            ],
            [
              88547.00854700855,
              18296.703296703297
            ],
            [
              88553.11355311355,
              18302.808302808302
            ],
            [
              88553.11355311355,
              18308.913308913307
            ],
            [
              88559.21855921856,
              18315.018315018315
            ],
            [
              88559.21855921856,
              18321.12332112332
            ],
            [
              88565.32356532356,
              18327.228327228328
            ],
            [
              88565.32356532356,
              18333.333333333332
            ],
            [
              88571.42857142857,
              18339.438339438337
            ],
            [
              88571.42857142857,
              18351.64835164835
            ],
            [
              88577.53357753357,
              18357.753357753358
            ],
            [
              88577.53357753357,
              18369.96336996337
            ],
            [
              88583.63858363857,
              18376.068376068375
            ],
            [
              88583.63858363857,
              18388.278388278388
            ],
            [
              88589.74358974358,
              18394.383394383392
            ],
            [
              88589.74358974358,
              18400.4884004884
            ],
            [
              88601.9536019536,
              18412.69841269841
            ],
            [
              88601.9536019536,
              18424.908424908423
            ],
            [
              88614.16361416361,
              18437.118437118435
            ],
            [
              88614.16361416361,
              18443.223443223444
            ],
            [
              88620.26862026862,
              18449.32844932845
            ],
            [
              88620.26862026862,
              18461.53846153846
            ],
            [
              88632.47863247863,
              18473.748473748474
            ],
            [
              88632.47863247863,
              18479.85347985348
            ],
            [
              88644.68864468863,
              18492.06349206349
            ],
            [
              88644.68864468863,
              18498.168498168496
            ],
            [
              88656.89865689866,
              18510.37851037851
            ],
            [
              88656.89865689866,
              18516.483516483517
            ],
            [
              88663.00366300366,
              18522.58852258852
            ],
            [
              88663.00366300366,
              18485.958485958487
            ],
            [
              88656.89865689866,
              18479.85347985348
            ],
            [
              88656.89865689866,
              18461.53846153846
            ],
            [
              88650.79365079364,
              18455.433455433453
            ],
            [
              88650.79365079364,
              18449.32844932845
            ],
            [
              88644.68864468863,
              18443.223443223444
            ],
            [
              88644.68864468863,
              18424.908424908423
            ],
            [
              88638.58363858363,
              18418.803418803418
            ],
            [
              88638.58363858363,
              18388.278388278388
            ],
            [
              88632.47863247863,
              18382.17338217338
            ],
            [
              88632.47863247863,
              18376.068376068375
            ],
            [
              88626.37362637362,
              18369.96336996337
            ],
            [
              88626.37362637362,
              18363.858363858362
            ],
            [
              88595.84859584858,
              18333.333333333332
            ],
            [
              88595.84859584858,
              18327.228327228328
            ],
            [
              88589.74358974358,
              18321.12332112332
            ],
            [
              88589.74358974358,
              18308.913308913307
            ],
            [
              88583.63858363857,
              18302.808302808302
            ],
            [
              88583.63858363857,
              18296.703296703297
            ],
            [
              88577.53357753357,
              18290.59829059829
            ],
            [
              88577.53357753357,
              18284.493284493285
            ],
            [
              88528.69352869352,
              18235.653235653233
            ],
            [
              88522.58852258851,
              18235.653235653233
            ],
            [
              88516.48351648351,
              18229.54822954823
            ],
            [
              88510.3785103785,
              18229.54822954823
            ],
            [
              88504.2735042735,
              18223.44322344322
            ]
          ]
        ]
      }
    },
    {
      "type": "Feature",
      "properties": {
        "class_id": 5,
        "classification": "Edge & Air Bubble",
        "area": 90326.50974042914
      },
      "geometry": {
        "type": "Polygon",
        "coordinates": [
          [
            [
              87649.57264957264,
              17631.25763125763
            ],
            [
              87643.46764346764,
              17637.362637362636
            ],
            [
              87637.36263736263,
              17637.362637362636
            ],
            [
              87643.46764346764,
              17643.467643467644
            ],
            [
              87643.46764346764,
              17649.57264957265
            ],
            [
              87649.57264957264,
              17655.677655677653
            ],
            [
              87649.57264957264,
              17661.78266178266
            ],
            [
              87661.78266178265,
              17673.992673992674
            ],
            [
              87661.78266178265,
              17680.09768009768
            ],
            [
              87698.41269841269,
              17716.727716727717
            ],
            [
              87704.5177045177,
              17716.727716727717
            ],
            [
              87710.6227106227,
              17722.83272283272
            ],
            [
              87716.7277167277,
              17722.83272283272
            ],
            [
              87722.83272283271,
              17728.937728937726
            ],
            [
              87741.14774114774,
              17728.937728937726
            ],
            [
              87747.25274725274,
              17735.042735042734
            ],
            [
              87753.35775335775,
              17735.042735042734
            ],
            [
              87759.46275946275,
              17741.14774114774
            ],
            [
              87765.56776556776,
              17741.14774114774
            ],
            [
              87789.98778998779,
              17765.567765567765
            ],
            [
              87802.1978021978,
              17765.567765567765
            ],
            [
              87808.3028083028,
              17771.67277167277
            ],
            [
              87820.51282051281,
              17771.67277167277
            ],
            [
              87826.61782661782,
              17777.777777777777
            ],
            [
              87863.24786324786,
              17777.777777777777
            ],
            [
              87869.35286935286,
              17783.882783882782
            ],
            [
              87875.45787545787,
              17783.882783882782
            ],
            [
              87899.8778998779,
              17808.302808302808
            ],
            [
              87899.8778998779,
              17814.407814407812
            ],
            [
              87905.9829059829,
              17820.51282051282
            ],
            [
              87905.9829059829,
              17826.617826617825
            ],
            [
              87918.19291819292,
              17838.827838827838
            ],
            [
              87924.29792429792,
              17838.827838827838
            ],
            [
              87930.40293040292,
              17844.932844932842
            ],
            [
              87936.50793650793,
              17844.932844932842
            ],
            [
              87942.61294261293,
              17851.03785103785
            ],
            [
              87948.71794871794,
              17851.03785103785
            ],
            [
              87967.03296703297,
              17869.352869352868
            ],
            [
              87967.03296703297,
              17875.457875457876
            ],
            [
              87979.24297924298,
              17887.667887667885
            ],
            [
              87979.24297924298,
              17893.772893772893
            ],
            [
              87985.34798534798,
              17899.877899877898
            ],
            [
              87991.45299145298,
              17899.877899877898
            ],
            [
              88083.02808302808,
              17991.452991452992
            ],
            [
              88089.13308913309,
              17991.452991452992
            ],
            [
              88095.23809523809,
              17997.557997557997
            ],
            [
              88131.86813186812,
              17997.557997557997
            ],
            [
              88137.97313797314,
              18003.663003663
            ],
            [
              88150.18315018315,
              18003.663003663
            ],
            [
              88180.70818070817,
              18034.18803418803
            ],
            [
              88180.70818070817,
              18040.29304029304
            ],
            [
              88186.81318681317,
              18046.398046398044
            ],
            [
              88186.81318681317,
              18052.503052503052
            ],
            [
              88192.9181929182,
              18058.608058608057
            ],
            [
              88192.9181929182,
              18064.713064713065
            ],
            [
              88205.1282051282,
              18076.923076923074
            ],
            [
              88211.23321123321,
              18076.923076923074
            ],
            [
              88217.33821733821,
              18083.028083028083
            ],
            [
              88235.65323565323,
              18083.028083028083
            ],
            [
              88241.75824175823,
              18089.133089133087
            ],
            [
              88266.17826617826,
              18089.133089133087
            ],
            [
              88272.28327228327,
              18095.238095238095
            ],
            [
              88278.38827838827,
              18095.238095238095
            ],
            [
              88284.49328449328,
              18101.3431013431
            ],
            [
              88290.59829059828,
              18101.3431013431
            ],
            [
              88308.91330891331,
              18119.658119658117
            ],
            [
              88315.01831501831,
              18119.658119658117
            ],
            [
              88321.12332112332,
              18125.763125763126
            ],
            [
              88333.33333333333,
              18125.763125763126
            ],
            [
              88339.43833943833,
              18119.658119658117
            ],
            [
              88388.27838827838,
              18119.658119658117
            ],
            [
              88406.5934065934,
              18137.97313797314
            ],
            [
              88406.5934065934,
              18144.078144078143
            ],
            [
              88412.6984126984,
              18150.183150183148
            ],
            [
              88412.6984126984,
              18156.288156288156
            ],
            [
              88418.8034188034,
              18162.39316239316
            ],
            [
              88431.01343101343,
              18162.39316239316
            ],
            [
              88437.11843711844,
              18156.288156288156
            ],
            [
              88443.22344322344,
              18156.288156288156
            ],
            [
              88443.22344322344,
              18144.078144078143
            ],
            [
              88437.11843711844,
              18137.97313797314
            ],
            [
              88437.11843711844,
              18131.86813186813
            ],
            [
              88418.8034188034,
              18113.553113553113
            ],
            [
              88418.8034188034,
              18107.448107448105
            ],
            [
              88406.5934065934,
              18095.238095238095
            ],
            [
              88406.5934065934,
              18089.133089133087
            ],
            [
              88394.38339438339,
              18076.923076923074
            ],
            [
              88394.38339438339,
              18070.81807081807
            ],
            [
              88382.17338217338,
              18058.608058608057
            ],
            [
              88382.17338217338,
              18052.503052503052
            ],
            [
              88351.64835164834,
              18021.978021978022
            ],
            [
              88345.54334554334,
              18021.978021978022
            ],
            [
              88333.33333333333,
              18009.76800976801
            ],
            [
              88327.22832722832,
              18009.76800976801
            ],
            [
              88266.17826617826,
              17948.71794871795
            ],
            [
              88260.07326007326,
              17948.71794871795
            ],
            [
              88241.75824175823,
              17930.402930402928
            ],
            [
              88235.65323565323,
              17930.402930402928
            ],
            [
              88229.54822954822,
              17924.297924297924
            ],
            [
              88223.44322344322,
              17924.297924297924
            ],
            [
              88211.23321123321,
              17912.08791208791
            ],
            [
              88205.1282051282,
              17912.08791208791
            ],
            [
              88199.0231990232,
              17905.982905982906
            ],
            [
              88192.9181929182,
              17905.982905982906
            ],
            [
              88180.70818070817,
              17893.772893772893
            ],
            [
              88174.60317460317,
              17893.772893772893
            ],
            [
              88156.28815628815,
              17875.457875457876
            ],
            [
              88150.18315018315,
              17875.457875457876
            ],
            [
              88125.76312576311,
              17851.03785103785
            ],
            [
              88119.65811965811,
              17851.03785103785
            ],
            [
              88101.3431013431,
              17832.722832722833
            ],
            [
              88095.23809523809,
              17832.722832722833
            ],
            [
              88058.60805860805,
              17796.092796092795
            ],
            [
              88052.50305250305,
              17796.092796092795
            ],
            [
              88040.29304029304,
              17783.882783882782
            ],
            [
              88034.18803418803,
              17783.882783882782
            ],
            [
              88021.97802197802,
              17771.67277167277
            ],
            [
              88015.87301587302,
              17771.67277167277
            ],
            [
              88009.768009768,
              17765.567765567765
            ],
            [
              88003.663003663,
              17765.567765567765
            ],
            [
              87997.55799755799,
              17759.46275946276
            ],
            [
              87991.45299145298,
              17759.46275946276
            ],
            [
              87985.34798534798,
              17753.35775335775
            ],
            [
              87973.13797313797,
              17753.35775335775
            ],
            [
              87967.03296703297,
              17747.252747252747
            ],
            [
              87948.71794871794,
              17747.252747252747
            ],
            [
              87942.61294261293,
              17741.14774114774
            ],
            [
              87936.50793650793,
              17741.14774114774
            ],
            [
              87930.40293040292,
              17735.042735042734
            ],
            [
              87924.29792429792,
              17735.042735042734
            ],
            [
              87899.8778998779,
              17710.62271062271
            ],
            [
              87893.77289377288,
              17710.62271062271
            ],
            [
              87875.45787545787,
              17692.30769230769
            ],
            [
              87869.35286935286,
              17692.30769230769
            ],
            [
              87863.24786324786,
              17686.202686202687
            ],
            [
              87857.14285714286,
              17686.202686202687
            ],
            [
              87851.03785103785,
              17680.09768009768
            ],
            [
              87844.93284493285,
              17680.09768009768
            ],
            [
              87838.82783882783,
              17673.992673992674
            ],
            [
              87808.3028083028,
              17673.992673992674
            ],
            [
              87802.1978021978,
              17667.887667887666
            ],
            [
              87789.98778998779,
              17667.887667887666
            ],
            [
              87783.88278388279,
              17661.78266178266
            ],
            [
              87771.67277167276,
              17661.78266178266
            ],
            [
              87759.46275946275,
              17649.57264957265
            ],
            [
              87753.35775335775,
              17649.57264957265
            ],
            [
              87747.25274725274,
              17643.467643467644
            ],
            [
              87735.04273504273,
              17643.467643467644
            ],
            [
              87728.93772893773,
              17637.362637362636
            ],
            [
              87704.5177045177,
              17637.362637362636
            ],
            [
              87698.41269841269,
              17631.25763125763
            ],
            [
              87649.57264957264,
              17631.25763125763
            ]
          ]
        ]
      }
    },
    {
      "type": "Feature",
      "properties": {
        "class_id": 6,
        "classification": "OOF",
        "area": 596.3375926745889
      },
      "geometry": {
        "type": "Polygon",
        "coordinates": [
          [
            [
              100366.30036630036,
              47161.17216117216
            ],
            [
              100360.19536019536,
              47167.27716727716
            ],
            [
              100347.98534798535,
              47167.27716727716
            ],
            [
              100360.19536019536,
              47179.48717948718
            ],
            [
              100378.51037851037,
              47179.48717948718
            ],
            [
              100390.72039072038,
              47167.27716727716
            ],
            [
              100396.82539682538,
              47167.27716727716
            ],
            [
              100402.9304029304,
              47161.17216117216
            ],
            [
              100409.03540903541,
              47161.17216117216
            ],
            [
              100366.30036630036,
              47161.17216117216
            ]
          ]
        ]
      }
    },
    {
      "type": "Feature",
      "properties": {
        "class_id": 6,
        "classification": "OOF",
        "area": 4528.438594372659
      },
      "geometry": {
        "type": "Polygon",
        "coordinates": [
          [
            [
              100024.42002442002,
              47142.85714285714
            ],
            [
              100024.42002442002,
              47173.38217338217
            ],
            [
              100152.62515262514,
              47173.38217338217
            ],
            [
              100158.73015873015,
              47167.27716727716
            ],
            [
              100225.88522588521,
              47167.27716727716
            ],
            [
              100231.99023199023,
              47161.17216117216
            ],
            [
              100256.41025641025,
              47161.17216117216
            ],
            [
              100244.20024420024,
              47161.17216117216
            ],
            [
              100238.09523809524,
              47155.067155067154
            ],
            [
              100225.88522588521,
              47155.067155067154
            ],
            [
              100219.78021978021,
              47148.96214896215
            ],
            [
              100122.10012210012,
              47148.96214896215
            ],
            [
              100115.99511599512,
              47155.067155067154
            ],
            [
              100097.68009768009,
              47155.067155067154
            ],
            [
              100091.57509157508,
              47148.96214896215
            ],
            [
              100042.73504273503,
              47148.96214896215
            ],
            [
              100036.63003663003,
              47142.85714285714
            ],
            [
              100024.42002442002,
              47142.85714285714
            ]
          ]
        ]
      }
    },
    {
      "type": "Feature",
      "properties": {
        "class_id": 6,
        "classification": "OOF",
        "area": 596.3375926745889
      },
      "geometry": {
        "type": "Polygon",
        "coordinates": [
          [
            [
              100494.50549450549,
              47130.64713064713
            ],
            [
              100488.40048840048,
              47136.75213675213
            ],
            [
              100470.08547008547,
              47136.75213675213
            ],
            [
              100463.98046398046,
              47142.85714285714
            ],
            [
              100445.66544566544,
              47142.85714285714
            ],
            [
              100439.56043956043,
              47148.96214896215
            ],
            [
              100433.45543345543,
              47148.96214896215
            ],
            [
              100427.35042735042,
              47155.067155067154
            ],
            [
              100421.24542124542,
              47155.067155067154
            ],
            [
              100445.66544566544,
              47155.067155067154
            ],
            [
              100451.77045177044,
              47148.96214896215
            ],
            [
              100463.98046398046,
              47148.96214896215
            ],
            [
              100470.08547008547,
              47142.85714285714
            ],
            [
              100482.29548229548,
              47142.85714285714
            ],
            [
              100488.40048840048,
              47136.75213675213
            ],
            [
              100525.03052503052,
              47136.75213675213
            ],
            [
              100531.13553113553,
              47130.64713064713
            ],
            [
              100494.50549450549,
              47130.64713064713
            ]
          ]
        ]
      }
    },
    {
      "type": "Feature",
      "properties": {
        "class_id": 6,
        "classification": "OOF",
        "area": 0.0
      },
      "geometry": {
        "type": "Polygon",
        "coordinates": [
          [
            [
              100622.71062271061,
              47106.2271062271
            ],
            [
              100616.60561660561,
              47112.33211233211
            ],
            [
              100604.3956043956,
              47112.33211233211
            ],
            [
              100616.60561660561,
              47112.33211233211
            ],
            [
              100622.71062271061,
              47106.2271062271
            ]
          ]
        ]
      }
    },
    {
      "type": "Feature",
      "properties": {
        "class_id": 6,
        "classification": "OOF",
        "area": 1080.8618867226924
      },
      "geometry": {
        "type": "Polygon",
        "coordinates": [
          [
            [
              100946.27594627594,
              47026.86202686202
            ],
            [
              100940.17094017094,
              47032.96703296703
            ],
            [
              100927.96092796093,
              47032.96703296703
            ],
            [
              100921.85592185591,
              47039.07203907204
            ],
            [
              100915.7509157509,
              47039.07203907204
            ],
            [
              100909.6459096459,
              47045.17704517704
            ],
            [
              100903.5409035409,
              47045.17704517704
            ],
            [
              100897.43589743589,
              47051.28205128205
            ],
            [
              100885.22588522588,
              47051.28205128205
            ],
            [
              100879.12087912088,
              47057.38705738705
            ],
            [
              100860.80586080585,
              47057.38705738705
            ],
            [
              100885.22588522588,
              47057.38705738705
            ],
            [
              100891.33089133089,
              47051.28205128205
            ],
            [
              100909.6459096459,
              47051.28205128205
            ],
            [
              100915.7509157509,
              47057.38705738705
            ],
            [
              100927.96092796093,
              47057.38705738705
            ],
            [
              100934.06593406593,
              47051.28205128205
            ],
            [
              100940.17094017094,
              47051.28205128205
            ],
            [
              100946.27594627594,
              47045.17704517704
            ],
            [
              100952.38095238095,
              47045.17704517704
            ],
            [
              100964.59096459096,
              47032.96703296703
            ],
            [
              100970.69597069596,
              47032.96703296703
            ],
            [
              100976.80097680097,
              47026.86202686202
            ],
            [
              100946.27594627594,
              47026.86202686202
            ]
          ]
        ]
      }
    },
    {
      "type": "Feature",
      "properties": {
        "class_id": 6,
        "classification": "OOF",
        "area": 1546.750630999715
      },
      "geometry": {
        "type": "Polygon",
        "coordinates": [
          [
            [
              99175.82417582416,
              46965.81196581196
            ],
            [
              99169.71916971916,
              46971.916971916966
            ],
            [
              99163.61416361415,
              46971.916971916966
            ],
            [
              99163.61416361415,
              46978.02197802198
            ],
            [
              99169.71916971916,
              46978.02197802198
            ],
            [
              99175.82417582416,
              46984.12698412698
            ],
            [
              99181.92918192918,
              46984.12698412698
            ],
            [
              99188.03418803419,
              46990.23199023199
            ],
            [
              99200.2442002442,
              46990.23199023199
            ],
            [
              99206.3492063492,
              46996.33699633699
            ],
            [
              99212.4542124542,
              46996.33699633699
            ],
            [
              99218.55921855921,
              47002.442002441996
            ],
            [
              99224.66422466421,
              47002.442002441996
            ],
            [
              99242.97924297924,
              47020.75702075702
            ],
            [
              99249.08424908425,
              47020.75702075702
            ],
            [
              99255.18925518925,
              47026.86202686202
            ],
            [
              99261.29426129426,
              47026.86202686202
            ],
            [
              99267.39926739926,
              47032.96703296703
            ],
            [
              99285.71428571428,
              47032.96703296703
            ],
            [
              99279.60927960927,
              47032.96703296703
            ],
            [
              99273.50427350427,
              47026.86202686202
            ],
            [
              99267.39926739926,
              47026.86202686202
            ],
            [
              99261.29426129426,
              47020.75702075702
            ],
            [
              99255.18925518925,
              47020.75702075702
            ],
            [
              99249.08424908425,
              47014.65201465201
            ],
            [
              99242.97924297924,
              47014.65201465201
            ],
            [
              99236.87423687422,
              47008.54700854701
            ],
            [
              99236.87423687422,
              47002.442002441996
            ],
            [
              99224.66422466421,
              46990.23199023199
            ],
            [
              99224.66422466421,
              46984.12698412698
            ],
            [
              99218.55921855921,
              46978.02197802198
            ],
            [
              99212.4542124542,
              46978.02197802198
            ],
            [
              99206.3492063492,
              46971.916971916966
            ],
            [
              99200.2442002442,
              46971.916971916966
            ],
            [
              99194.13919413919,
              46965.81196581196
            ],
            [
              99175.82417582416,
              46965.81196581196
            ]
          ]
        ]
      }
    },
    {
      "type": "Feature",
      "properties": {
        "class_id": 6,
        "classification": "OOF",
        "area": 2869.874664746459
      },
      "geometry": {
        "type": "Polygon",
        "coordinates": [
          [
            [
              102075.70207570207,
              46391.941391941386
            ],
            [
              102051.28205128205,
              46416.36141636141
            ],
            [
              102051.28205128205,
              46422.46642246642
            ],
            [
              102045.17704517704,
              46428.57142857143
            ],
            [
              102045.17704517704,
              46434.67643467643
            ],
            [
              102039.07203907204,
              46440.78144078144
            ],
            [
              102039.07203907204,
              46446.88644688644
            ],
            [
              102020.75702075701,
              46465.20146520146
            ],
            [
              102020.75702075701,
              46471.30647130647
            ],
            [
              102014.652014652,
              46477.41147741147
            ],
            [
              102026.86202686201,
              46465.20146520146
            ],
            [
              102032.96703296703,
              46465.20146520146
            ],
            [
              102039.07203907204,
              46459.09645909646
            ],
            [
              102045.17704517704,
              46459.09645909646
            ],
            [
              102057.38705738705,
              46446.88644688644
            ],
            [
              102063.49206349206,
              46446.88644688644
            ],
            [
              102075.70207570207,
              46434.67643467643
            ],
            [
              102081.80708180707,
              46434.67643467643
            ],
            [
              102087.91208791207,
              46428.57142857143
            ],
            [
              102094.0170940171,
              46428.57142857143
            ],
            [
              102130.64713064712,
              46391.941391941386
            ],
            [
              102075.70207570207,
              46391.941391941386
            ]
          ]
        ]
      }
    },
    {
      "type": "Feature",
      "properties": {
        "class_id": 6,
        "classification": "OOF",
        "area": 1155.404085807016
      },
      "geometry": {
        "type": "Polygon",
        "coordinates": [
          [
            [
              102222.22222222222,
              46257.631257631256
            ],
            [
              102216.11721611721,
              46263.73626373626
            ],
            [
              102216.11721611721,
              46269.841269841265
            ],
            [
              102179.48717948717,
              46306.47130647131
            ],
            [
              102173.38217338217,
              46306.47130647131
            ],
            [
              102167.27716727716,
              46312.57631257631
            ],
            [
              102167.27716727716,
              46318.681318681316
            ],
            [
              102161.17216117216,
              46324.78632478632
            ],
            [
              102161.17216117216,
              46349.206349206346
            ],
            [
              102167.27716727716,
              46349.206349206346
            ],
            [
              102185.59218559218,
              46330.891330891325
            ],
            [
              102185.59218559218,
              46324.78632478632
            ],
            [
              102191.69719169718,
              46318.681318681316
            ],
            [
              102191.69719169718,
              46312.57631257631
            ],
            [
              102197.80219780219,
              46306.47130647131
            ],
            [
              102197.80219780219,
              46300.366300366295
            ],
            [
              102203.90720390719,
              46294.26129426129
            ],
            [
              102203.90720390719,
              46288.156288156286
            ],
            [
              102210.01221001221,
              46282.05128205128
            ],
            [
              102210.01221001221,
              46275.94627594628
            ],
            [
              102216.11721611721,
              46269.841269841265
            ],
            [
              102216.11721611721,
              46263.73626373626
            ],
            [
              102222.22222222222,
              46257.631257631256
            ]
          ]
        ]
      }
    },
    {
      "type": "Feature",
      "properties": {
        "class_id": 6,
        "classification": "OOF",
        "area": 37.27109954216181
      },
      "geometry": {
        "type": "Polygon",
        "coordinates": [
          [
            [
              102264.95726495727,
              46159.95115995116
            ],
            [
              102252.74725274724,
              46172.16117216117
            ],
            [
              102252.74725274724,
              46184.37118437118
            ],
            [
              102252.74725274724,
              46178.266178266174
            ],
            [
              102258.85225885225,
              46172.16117216117
            ],
            [
              102258.85225885225,
              46166.056166056165
            ],
            [
              102264.95726495727,
              46159.95115995116
            ]
          ]
        ]
      }
    },
    {
      "type": "Feature",
      "properties": {
        "class_id": 6,
        "classification": "OOF",
        "area": 1267.2173844335014
      },
      "geometry": {
        "type": "Polygon",
        "coordinates": [
          [
            [
              21251.52625152625,
              45842.49084249084
            ],
            [
              21245.421245421243,
              45848.59584859585
            ],
            [
              21239.31623931624,
              45848.59584859585
            ],
            [
              21251.52625152625,
              45860.805860805856
            ],
            [
              21251.52625152625,
              45866.91086691086
            ],
            [
              21257.631257631256,
              45873.01587301587
            ],
            [
              21257.631257631256,
              45879.12087912088
            ],
            [
              21263.736263736264,
              45885.22588522588
            ],
            [
              21263.736263736264,
              45891.33089133089
            ],
            [
              21275.946275946273,
              45903.5409035409
            ],
            [
              21275.946275946273,
              45915.75091575091
            ],
            [
              21282.05128205128,
              45909.64590964591
            ],
            [
              21282.05128205128,
              45879.12087912088
            ],
            [
              21275.946275946273,
              45873.01587301587
            ],
            [
              21275.946275946273,
              45866.91086691086
            ],
            [
              21269.84126984127,
              45860.805860805856
            ],
            [
              21269.84126984127,
              45842.49084249084
            ],
            [
              21251.52625152625,
              45842.49084249084
            ]
          ]
        ]
      }
    },
    {
      "type": "Feature",
      "properties": {
        "class_id": 6,
        "classification": "OOF",
        "area": 354.0754456505372
      },
      "geometry": {
        "type": "Polygon",
        "coordinates": [
          [
            [
              15592.185592185591,
              40634.920634920636
            ],
            [
              15592.185592185591,
              40641.02564102564
            ],
            [
              15598.290598290598,
              40647.130647130645
            ],
            [
              15622.710622710621,
              40647.130647130645
            ],
            [
              15622.710622710621,
              40634.920634920636
            ],
            [
              15592.185592185591,
              40634.920634920636
            ]
          ]
        ]
      }
    },
    {
      "type": "Feature",
      "properties": {
        "class_id": 6,
        "classification": "OOF",
        "area": 29015.550993572968
      },
      "geometry": {
        "type": "Polygon",
        "coordinates": [
          [
            [
              20775.335775335774,
              40378.51037851038
            ],
            [
              20769.23076923077,
              40384.61538461538
            ],
            [
              20757.020757020757,
              40384.61538461538
            ],
            [
              20750.91575091575,
              40390.72039072039
            ],
            [
              20744.810744810744,
              40390.72039072039
            ],
            [
              20738.705738705736,
              40396.82539682539
            ],
            [
              20732.60073260073,
              40396.82539682539
            ],
            [
              20726.495726495727,
              40402.930402930404
            ],
            [
              20720.39072039072,
              40402.930402930404
            ],
            [
              20708.180708180706,
              40415.14041514041
            ],
            [
              20702.0757020757,
              40415.14041514041
            ],
            [
              20683.760683760684,
              40433.455433455434
            ],
            [
              20677.655677655675,
              40433.455433455434
            ],
            [
              20628.815628815628,
              40482.29548229548
            ],
            [
              20628.815628815628,
              40494.505494505494
            ],
            [
              20622.71062271062,
              40500.6105006105
            ],
            [
              20622.71062271062,
              40506.7155067155
            ],
            [
              20604.395604395602,
              40525.030525030525
            ],
            [
              20604.395604395602,
              40531.13553113553
            ],
            [
              20598.290598290598,
              40537.240537240534
            ],
            [
              20598.290598290598,
              40543.34554334554
            ],
            [
              20592.18559218559,
              40549.45054945055
            ],
            [
              20592.18559218559,
              40561.66056166056
            ],
            [
              20598.290598290598,
              40567.765567765564
            ],
            [
              20598.290598290598,
              40579.97557997558
            ],
            [
              20622.71062271062,
              40604.3956043956
            ],
            [
              20622.71062271062,
              40616.605616605615
            ],
            [
              20628.815628815628,
              40622.71062271062
            ],
            [
              20628.815628815628,
              40628.815628815624
            ],
            [
              20720.39072039072,
              40628.815628815624
            ],
            [
              20720.39072039072,
              40598.290598290594
            ],
            [
              20726.495726495727,
              40592.18559218559
            ],
            [
              20726.495726495727,
              40567.765567765564
            ],
            [
              20732.60073260073,
              40561.66056166056
            ],
            [
              20732.60073260073,
              40555.555555555555
            ],
            [
              20763.12576312576,
              40525.030525030525
            ],
            [
              20763.12576312576,
              40518.92551892552
            ],
            [
              20769.23076923077,
              40512.82051282051
            ],
            [
              20769.23076923077,
              40494.505494505494
            ],
            [
              20781.44078144078,
              40482.29548229548
            ],
            [
              20781.44078144078,
              40476.19047619047
            ],
            [
              20787.545787545787,
              40470.08547008547
            ],
            [
              20787.545787545787,
              40445.66544566544
            ],
            [
              20781.44078144078,
              40439.56043956044
            ],
            [
              20781.44078144078,
              40396.82539682539
            ],
            [
              20787.545787545787,
              40390.72039072039
            ],
            [
              20787.545787545787,
              40384.61538461538
            ],
            [
              20781.44078144078,
              40378.51037851038
            ],
            [
              20775.335775335774,
              40378.51037851038
            ]
          ]
        ]
      }
    },
    {
      "type": "Feature",
      "properties": {
        "class_id": 6,
        "classification": "OOF",
        "area": 7715.117605227494
      },
      "geometry": {
        "type": "Polygon",
        "coordinates": [
          [
            [
              20146.520146520146,
              40225.88522588522
            ],
            [
              20140.415140415138,
              40231.99023199023
            ],
            [
              20134.310134310133,
              40231.99023199023
            ],
            [
              20128.205128205125,
              40238.09523809524
            ],
            [
              20109.890109890108,
              40238.09523809524
            ],
            [
              20103.785103785103,
              40244.20024420024
            ],
            [
              20097.680097680095,
              40244.20024420024
            ],
            [
              20091.57509157509,
              40250.305250305246
            ],
            [
              20085.470085470086,
              40250.305250305246
            ],
            [
              20079.365079365078,
              40256.41025641025
            ],
            [
              20073.260073260073,
              40256.41025641025
            ],
            [
              20030.52503052503,
              40299.1452991453
            ],
            [
              20030.52503052503,
              40305.2503052503
            ],
            [
              20018.315018315017,
              40317.46031746032
            ],
            [
              20018.315018315017,
              40323.56532356532
            ],
            [
              20012.210012210013,
              40329.67032967033
            ],
            [
              20012.210012210013,
              40335.77533577533
            ],
            [
              20006.105006105005,
              40341.880341880336
            ],
            [
              20006.105006105005,
              40366.30036630036
            ],
            [
              20012.210012210013,
              40372.40537240537
            ],
            [
              20030.52503052503,
              40372.40537240537
            ],
            [
              20036.630036630035,
              40366.30036630036
            ],
            [
              20042.735042735043,
              40366.30036630036
            ],
            [
              20079.365079365078,
              40329.67032967033
            ],
            [
              20085.470085470086,
              40329.67032967033
            ],
            [
              20091.57509157509,
              40323.56532356532
            ],
            [
              20091.57509157509,
              40305.2503052503
            ],
            [
              20097.680097680095,
              40299.1452991453
            ],
            [
              20097.680097680095,
              40293.04029304029
            ],
            [
              20134.310134310133,
              40256.41025641025
            ],
            [
              20134.310134310133,
              40250.305250305246
            ],
            [
              20140.415140415138,
              40244.20024420024
            ],
            [
              20140.415140415138,
              40238.09523809524
            ],
            [
              20146.520146520146,
              40231.99023199023
            ],
            [
              20146.520146520146,
              40225.88522588522
            ]
          ]
        ]
      }
    },
    {
      "type": "Feature",
      "properties": {
        "class_id": 6,
        "classification": "OOF",
        "area": 354.0754456505372
      },
      "geometry": {
        "type": "Polygon",
        "coordinates": [
          [
            [
              20354.090354090353,
              40103.7851037851
            ],
            [
              20341.88034188034,
              40115.995115995116
            ],
            [
              20341.88034188034,
              40122.10012210012
            ],
            [
              20347.98534798535,
              40115.995115995116
            ],
            [
              20366.300366300366,
              40115.995115995116
            ],
            [
              20372.40537240537,
              40109.890109890104
            ],
            [
              20378.51037851038,
              40109.890109890104
            ],
            [
              20384.615384615383,
              40103.7851037851
            ],
            [
              20354.090354090353,
              40103.7851037851
            ]
          ]
        ]
      }
    },
    {
      "type": "Feature",
      "properties": {
        "class_id": 6,
        "classification": "OOF",
        "area": 74.54219908432361
      },
      "geometry": {
        "type": "Polygon",
        "coordinates": [
          [
            [
              22478.632478632477,
              40061.05006105006
            ],
            [
              22472.527472527472,
              40067.155067155065
            ],
            [
              22472.527472527472,
              40091.57509157509
            ],
            [
              22472.527472527472,
              40079.365079365074
            ],
            [
              22478.632478632477,
              40073.26007326007
            ],
            [
              22478.632478632477,
              40061.05006105006
            ]
          ]
        ]
      }
    },
    {
      "type": "Feature",
      "properties": {
        "class_id": 6,
        "classification": "OOF",
        "area": 0.0
      },
      "geometry": {
        "type": "Polygon",
        "coordinates": [
          [
            [
              20525.030525030525,
              40012.21001221001
            ],
            [
              20518.925518925516,
              40018.315018315014
            ],
            [
              20512.82051282051,
              40018.315018315014
            ],
            [
              20518.925518925516,
              40018.315018315014
            ],
            [
              20525.030525030525,
              40012.21001221001
            ],
            [
              20531.13553113553,
              40012.21001221001
            ],
            [
              20525.030525030525,
              40012.21001221001
            ]
          ]
        ]
      }
    },
    {
      "type": "Feature",
      "properties": {
        "class_id": 6,
        "classification": "OOF",
        "area": 55.90664931324271
      },
      "geometry": {
        "type": "Polygon",
        "coordinates": [
          [
            [
              23717.948717948715,
              33101.343101343096
            ],
            [
              23711.84371184371,
              33107.44810744811
            ],
            [
              23711.84371184371,
              33113.55311355311
            ],
            [
              23705.738705738706,
              33119.65811965812
            ],
            [
              23711.84371184371,
              33113.55311355311
            ],
            [
              23717.948717948715,
              33113.55311355311
            ],
            [
              23717.948717948715,
              33101.343101343096
            ]
          ]
        ]
      }
    },
    {
      "type": "Feature",
      "properties": {
        "class_id": 6,
        "classification": "OOF",
        "area": 503.1598438191844
      },
      "geometry": {
        "type": "Polygon",
        "coordinates": [
          [
            [
              106410.2564102564,
              30012.21001221001
            ],
            [
              106410.2564102564,
              30024.420024420022
            ],
            [
              106416.36141636141,
              30030.52503052503
            ],
            [
              106416.36141636141,
              30036.630036630035
            ],
            [
              106422.46642246642,
              30042.73504273504
            ],
            [
              106428.57142857142,
              30042.73504273504
            ],
            [
              106434.67643467642,
              30048.840048840048
            ],
            [
              106440.78144078143,
              30048.840048840048
            ],
            [
              106440.78144078143,
              30042.73504273504
            ],
            [
              106428.57142857142,
              30030.52503052503
            ],
            [
              106428.57142857142,
              30024.420024420022
            ],
            [
              106416.36141636141,
              30012.21001221001
            ],
            [
              106410.2564102564,
              30012.21001221001
            ]
          ]
        ]
      }
    },
    {
      "type": "Feature",
      "properties": {
        "class_id": 6,
        "classification": "OOF",
        "area": 6503.806870107235
      },
      "geometry": {
        "type": "Polygon",
        "coordinates": [
          [
            [
              20726.495726495727,
              28681.31868131868
            ],
            [
              20720.39072039072,
              28687.423687423685
            ],
            [
              20720.39072039072,
              28693.528693528693
            ],
            [
              20714.285714285714,
              28699.633699633698
            ],
            [
              20714.285714285714,
              28711.84371184371
            ],
            [
              20683.760683760684,
              28742.36874236874
            ],
            [
              20683.760683760684,
              28748.473748473745
            ],
            [
              20677.655677655675,
              28754.578754578753
            ],
            [
              20677.655677655675,
              28766.788766788766
            ],
            [
              20665.445665445663,
              28778.99877899878
            ],
            [
              20665.445665445663,
              28791.208791208788
            ],
            [
              20659.340659340658,
              28797.313797313796
            ],
            [
              20659.340659340658,
              28803.4188034188
            ],
            [
              20665.445665445663,
              28809.52380952381
            ],
            [
              20671.55067155067,
              28809.52380952381
            ],
            [
              20702.0757020757,
              28778.99877899878
            ],
            [
              20708.180708180706,
              28778.99877899878
            ],
            [
              20714.285714285714,
              28772.89377289377
            ],
            [
              20720.39072039072,
              28772.89377289377
            ],
            [
              20726.495726495727,
              28766.788766788766
            ],
            [
              20738.705738705736,
              28766.788766788766
            ],
            [
              20750.91575091575,
              28754.578754578753
            ],
            [
              20757.020757020757,
              28754.578754578753
            ],
            [
              20757.020757020757,
              28748.473748473745
            ],
            [
              20763.12576312576,
              28742.36874236874
            ],
            [
              20763.12576312576,
              28730.158730158728
            ],
            [
              20769.23076923077,
              28724.053724053723
            ],
            [
              20769.23076923077,
              28699.633699633698
            ],
            [
              20763.12576312576,
              28693.528693528693
            ],
            [
              20763.12576312576,
              28687.423687423685
            ],
            [
              20757.020757020757,
              28687.423687423685
            ],
            [
              20750.91575091575,
              28681.31868131868
            ],
            [
              20726.495726495727,
              28681.31868131868
            ]
          ]
        ]
      }
    },
    {
      "type": "Feature",
      "properties": {
        "class_id": 6,
        "classification": "OOF",
        "area": 0.0
      },
      "geometry": {
        "type": "Polygon",
        "coordinates": [
          [
            [
              88956.04395604396,
              25470.08547008547
            ],
            [
              88962.14896214896,
              25470.08547008547
            ],
            [
              88968.25396825396,
              25476.190476190473
            ],
            [
              88962.14896214896,
              25470.08547008547
            ],
            [
              88956.04395604396,
              25470.08547008547
            ]
          ]
        ]
      }
    },
    {
      "type": "Feature",
      "properties": {
        "class_id": 6,
        "classification": "OOF",
        "area": 37.27109954216181
      },
      "geometry": {
        "type": "Polygon",
        "coordinates": [
          [
            [
              88705.7387057387,
              18589.74358974359
            ],
            [
              88705.7387057387,
              18595.848595848594
            ],
            [
              88717.94871794872,
              18608.058608058607
            ],
            [
              88711.8437118437,
              18601.953601953603
            ],
            [
              88711.8437118437,
              18595.848595848594
            ],
            [
              88705.7387057387,
              18589.74358974359
            ]
          ]
        ]
      }
    },
    {
      "type": "Feature",
      "properties": {
        "class_id": 6,
        "classification": "OOF",
        "area": 74.54219908432361
      },
      "geometry": {
        "type": "Polygon",
        "coordinates": [
          [
            [
              32185.592185592184,
              16263.736263736262
            ],
            [
              32179.487179487176,
              16269.841269841269
            ],
            [
              32173.38217338217,
              16269.841269841269
            ],
            [
              32179.487179487176,
              16275.946275946275
            ],
            [
              32185.592185592184,
              16275.946275946275
            ],
            [
              32185.592185592184,
              16263.736263736262
            ]
          ]
        ]
      }
    },
    {
      "type": "Feature",
      "properties": {
        "class_id": 6,
        "classification": "OOF",
        "area": 130.44884839756634
      },
      "geometry": {
        "type": "Polygon",
        "coordinates": [
          [
            [
              32264.957264957262,
              16178.266178266178
            ],
            [
              32252.74725274725,
              16190.476190476189
            ],
            [
              32264.957264957262,
              16190.476190476189
            ],
            [
              32271.06227106227,
              16184.371184371183
            ],
            [
              32271.06227106227,
              16178.266178266178
            ],
            [
              32264.957264957262,
              16178.266178266178
            ]
          ]
        ]
      }
    },
    {
      "type": "Feature",
      "properties": {
        "class_id": 6,
        "classification": "OOF",
        "area": 5087.5050875050865
      },
      "geometry": {
        "type": "Polygon",
        "coordinates": [
          [
            [
              88192.9181929182,
              8327.228327228328
            ],
            [
              88186.81318681317,
              8333.333333333332
            ],
            [
              88186.81318681317,
              8339.438339438339
            ],
            [
              88180.70818070817,
              8345.543345543345
            ],
            [
              88180.70818070817,
              8376.068376068375
            ],
            [
              88186.81318681317,
              8382.173382173381
            ],
            [
              88192.9181929182,
              8382.173382173381
            ],
            [
              88205.1282051282,
              8394.383394383394
            ],
            [
              88205.1282051282,
              8400.4884004884
            ],
            [
              88211.23321123321,
              8406.593406593405
            ],
            [
              88211.23321123321,
              8424.908424908424
            ],
            [
              88199.0231990232,
              8437.118437118437
            ],
            [
              88156.28815628815,
              8437.118437118437
            ],
            [
              88150.18315018315,
              8443.223443223444
            ],
            [
              88131.86813186812,
              8443.223443223444
            ],
            [
              88137.97313797314,
              8449.328449328448
            ],
            [
              88144.07814407814,
              8449.328449328448
            ],
            [
              88150.18315018315,
              8455.433455433455
            ],
            [
              88168.49816849816,
              8455.433455433455
            ],
            [
              88174.60317460317,
              8449.328449328448
            ],
            [
              88186.81318681317,
              8449.328449328448
            ],
            [
              88192.9181929182,
              8443.223443223444
            ],
            [
              88247.86324786324,
              8443.223443223444
            ],
            [
              88247.86324786324,
              8406.593406593405
            ],
            [
              88241.75824175823,
              8400.4884004884
            ],
            [
              88241.75824175823,
              8388.278388278388
            ],
            [
              88229.54822954822,
              8376.068376068375
            ],
            [
              88229.54822954822,
              8369.963369963369
            ],
            [
              88217.33821733821,
              8357.753357753358
            ],
            [
              88217.33821733821,
              8351.648351648351
            ],
            [
              88205.1282051282,
              8339.438339438339
            ],
            [
              88205.1282051282,
              8333.333333333332
            ],
            [
              88199.0231990232,
              8327.228327228328
            ],
            [
              88192.9181929182,
              8327.228327228328
            ]
          ]
        ]
      }
    },
    {
      "type": "Feature",
      "properties": {
        "class_id": 6,
        "classification": "OOF",
        "area": 1285.8529342045824
      },
      "geometry": {
        "type": "Polygon",
        "coordinates": [
          [
            [
              88321.12332112332,
              8260.073260073259
            ],
            [
              88308.91330891331,
              8272.283272283272
            ],
            [
              88308.91330891331,
              8290.598290598291
            ],
            [
              88321.12332112332,
              8302.808302808302
            ],
            [
              88327.22832722832,
              8302.808302808302
            ],
            [
              88333.33333333333,
              8308.913308913308
            ],
            [
              88339.43833943833,
              8308.913308913308
            ],
            [
              88339.43833943833,
              8278.388278388278
            ],
            [
              88345.54334554334,
              8272.283272283272
            ],
            [
              88345.54334554334,
              8266.178266178265
            ],
            [
              88339.43833943833,
              8260.073260073259
            ],
            [
              88321.12332112332,
              8260.073260073259
            ]
          ]
        ]
      }
    },
    {
      "type": "Feature",
      "properties": {
        "class_id": 6,
        "classification": "OOF",
        "area": 6541.077969649397
      },
      "geometry": {
        "type": "Polygon",
        "coordinates": [
          [
            [
              88089.13308913309,
              7753.357753357753
            ],
            [
              88089.13308913309,
              7771.672771672771
            ],
            [
              88119.65811965811,
              7802.197802197802
            ],
            [
              88119.65811965811,
              7808.3028083028075
            ],
            [
              88131.86813186812,
              7820.51282051282
            ],
            [
              88137.97313797314,
              7820.51282051282
            ],
            [
              88144.07814407814,
              7826.617826617826
            ],
            [
              88156.28815628815,
              7826.617826617826
            ],
            [
              88162.39316239316,
              7820.51282051282
            ],
            [
              88205.1282051282,
              7820.51282051282
            ],
            [
              88211.23321123321,
              7814.407814407814
            ],
            [
              88217.33821733821,
              7814.407814407814
            ],
            [
              88223.44322344322,
              7808.3028083028075
            ],
            [
              88229.54822954822,
              7808.3028083028075
            ],
            [
              88229.54822954822,
              7796.092796092796
            ],
            [
              88223.44322344322,
              7789.987789987789
            ],
            [
              88223.44322344322,
              7783.882783882784
            ],
            [
              88211.23321123321,
              7771.672771672771
            ],
            [
              88205.1282051282,
              7771.672771672771
            ],
            [
              88199.0231990232,
              7765.5677655677655
            ],
            [
              88131.86813186812,
              7765.5677655677655
            ],
            [
              88125.76312576311,
              7759.462759462759
            ],
            [
              88113.5531135531,
              7759.462759462759
            ],
            [
              88107.4481074481,
              7753.357753357753
            ],
            [
              88089.13308913309,
              7753.357753357753
            ]
          ]
        ]
      }
    },
    {
      "type": "Feature",
      "properties": {
        "class_id": 6,
        "classification": "OOF",
        "area": 21002.264592008178
      },
      "geometry": {
        "type": "Polygon",
        "coordinates": [
          [
            [
              106074.48107448107,
              2264.9572649572647
            ],
            [
              106068.37606837606,
              2271.062271062271
            ],
            [
              106062.27106227106,
              2271.062271062271
            ],
            [
              106050.06105006105,
              2283.272283272283
            ],
            [
              106037.85103785103,
              2283.272283272283
            ],
            [
              106031.74603174602,
              2289.3772893772893
            ],
            [
              106025.64102564102,
              2289.3772893772893
            ],
            [
              106019.53601953601,
              2283.272283272283
            ],
            [
              106013.431013431,
              2283.272283272283
            ],
            [
              106001.221001221,
              2271.062271062271
            ],
            [
              105958.48595848595,
              2271.062271062271
            ],
            [
              105952.38095238095,
              2277.167277167277
            ],
            [
              105946.27594627594,
              2277.167277167277
            ],
            [
              105940.17094017094,
              2283.272283272283
            ],
            [
              105934.06593406593,
              2283.272283272283
            ],
            [
              105927.96092796093,
              2289.3772893772893
            ],
            [
              105915.7509157509,
              2289.3772893772893
            ],
            [
              105909.6459096459,
              2295.4822954822953
            ],
            [
              105891.33089133089,
              2295.4822954822953
            ],
            [
              105885.22588522588,
              2301.587301587301
            ],
            [
              105885.22588522588,
              2313.7973137973136
            ],
            [
              105879.12087912088,
              2319.90231990232
            ],
            [
              105879.12087912088,
              2326.007326007326
            ],
            [
              105873.01587301587,
              2332.112332112332
            ],
            [
              105873.01587301587,
              2368.7423687423684
            ],
            [
              105879.12087912088,
              2374.847374847375
            ],
            [
              105879.12087912088,
              2387.057387057387
            ],
            [
              105903.5409035409,
              2411.4774114774114
            ],
            [
              105934.06593406593,
              2411.4774114774114
            ],
            [
              105940.17094017094,
              2405.3724053724054
            ],
            [
              105952.38095238095,
              2405.3724053724054
            ],
            [
              105958.48595848595,
              2399.267399267399
            ],
            [
              105982.90598290597,
              2399.267399267399
            ],
            [
              105982.90598290597,
              2387.057387057387
            ],
            [
              105989.01098901099,
              2380.9523809523807
            ],
            [
              106013.431013431,
              2380.9523809523807
            ],
            [
              106031.74603174602,
              2362.6373626373625
            ],
            [
              106031.74603174602,
              2356.5323565323565
            ],
            [
              106074.48107448107,
              2313.7973137973136
            ],
            [
              106080.58608058607,
              2313.7973137973136
            ],
            [
              106086.69108669108,
              2307.6923076923076
            ],
            [
              106092.79609279608,
              2307.6923076923076
            ],
            [
              106098.90109890109,
              2301.587301587301
            ],
            [
              106098.90109890109,
              2295.4822954822953
            ],
            [
              106105.0061050061,
              2289.3772893772893
            ],
            [
              106105.0061050061,
              2283.272283272283
            ],
            [
              106098.90109890109,
              2277.167277167277
            ],
            [
              106098.90109890109,
              2271.062271062271
            ],
            [
              106092.79609279608,
              2264.9572649572647
            ],
            [
              106074.48107448107,
              2264.9572649572647
            ]
          ]
        ]
      }
    }
  ],
  "metadata": {
    "class_mapping": {
      "1": "Normal Tissue",
      "2": "Fold",
      "3": "Darkspot & Foreign Object",
      "4": "PenMarking",
      "5": "Edge & Air Bubble",
      "6": "OOF",
      "7": "Background"
    },
    "scale_factor": 6.105006105006105
  }
}