feature,group_a,group_b,n_a,n_b,frequency_a,frequency_b,frequency_difference,odds_ratio,ci_low,ci_high,fisher_p,p_adjusted_holm
chr1p::loss,CORE01,CORE02,18,14,0.05555555555555555,0.14285714285714285,-0.0873015873015873,0.42857143,0.04989794,3.68098329,0.56814516,1.0
chr1p::loss,CORE01,CORE03,18,11,0.05555555555555555,0.2727272727272727,-0.21717171717171715,0.20816327,0.02598252,1.66773459,0.13894152,1.0
chr1p::loss,CORE01,CORE04,18,11,0.05555555555555555,0.09090909090909091,-0.03535353535353536,0.6,0.05503052,6.541824,1.0,1.0
chr1p::loss,CORE01,CORE05,18,5,0.05555555555555555,0.0,0.05555555555555555,0.94285714,0.0333787,26.63313897,1.0,1.0
chr1p::loss,CORE02,CORE03,14,11,0.14285714285714285,0.2727272727272727,-0.12987012987012986,0.48571429,0.07697413,3.06490464,0.62318841,1.0
chr1p::loss,CORE02,CORE04,14,11,0.14285714285714285,0.09090909090909091,0.05194805194805194,1.4,0.15758866,12.43744325,1.0,1.0
chr1p::loss,CORE02,CORE05,14,5,0.14285714285714285,0.0,0.14285714285714285,2.2,0.08987835,53.85056722,1.0,1.0
chr1p::loss,CORE03,CORE04,11,11,0.2727272727272727,0.09090909090909091,0.1818181818181818,2.88235294,0.34743979,23.91193724,0.58646617,1.0
chr1p::loss,CORE03,CORE05,11,5,0.2727272727272727,0.0,0.2727272727272727,4.52941176,0.19382635,105.84511012,0.50892857,1.0
chr1p::loss,CORE04,CORE05,11,5,0.09090909090909091,0.0,0.09090909090909091,1.57142857,0.05442988,45.36823621,1.0,1.0
chr1p::gain,CORE01,CORE02,18,14,0.0,0.0,0.0,0.78378378,0.01464809,41.93836444,1.0,1.0
chr1p::gain,CORE01,CORE03,18,11,0.0,0.0,0.0,0.62162162,0.01151712,33.55121378,1.0,1.0
chr1p::gain,CORE01,CORE04,18,11,0.0,0.0,0.0,0.62162162,0.01151712,33.55121378,1.0,1.0
chr1p::gain,CORE01,CORE05,18,5,0.0,0.0,0.0,0.2972973,0.00526358,16.79194606,1.0,1.0
chr1p::gain,CORE02,CORE03,14,11,0.0,0.0,0.0,0.79310345,0.01458921,43.1149501,1.0,1.0
chr1p::gain,CORE02,CORE04,14,11,0.0,0.0,0.0,0.79310345,0.01458921,43.1149501,1.0,1.0
chr1p::gain,CORE02,CORE05,14,5,0.0,0.0,0.0,0.37931034,0.00666812,21.57673143,1.0,1.0
chr1p::gain,CORE03,CORE04,11,11,0.0,0.0,0.0,1.0,0.01823686,54.83401542,1.0,1.0
chr1p::gain,CORE03,CORE05,11,5,0.0,0.0,0.0,0.47826087,0.00833612,27.4388437,1.0,1.0
chr1p::gain,CORE04,CORE05,11,5,0.0,0.0,0.0,0.47826087,0.00833612,27.4388437,1.0,1.0
chr1q::loss,CORE01,CORE02,18,14,0.0,0.0,0.0,0.78378378,0.01464809,41.93836444,1.0,1.0
chr1q::loss,CORE01,CORE03,18,11,0.0,0.2727272727272727,-0.2727272727272727,0.06563707,0.00303927,1.41752134,0.04515599,1.0
chr1q::loss,CORE01,CORE04,18,11,0.0,0.0,0.0,0.62162162,0.01151712,33.55121378,1.0,1.0
chr1q::loss,CORE01,CORE05,18,5,0.0,0.0,0.0,0.2972973,0.00526358,16.79194606,1.0,1.0
chr1q::loss,CORE02,CORE03,14,11,0.0,0.2727272727272727,-0.2727272727272727,0.08374384,0.00384176,1.82547414,0.07173913,1.0
chr1q::loss,CORE02,CORE04,14,11,0.0,0.0,0.0,0.79310345,0.01458921,43.1149501,1.0,1.0
chr1q::loss,CORE02,CORE05,14,5,0.0,0.0,0.0,0.37931034,0.00666812,21.57673143,1.0,1.0
chr1q::loss,CORE03,CORE04,11,11,0.2727272727272727,0.0,0.2727272727272727,9.47058824,0.42962858,208.76646976,0.21428571,1.0
chr1q::loss,CORE03,CORE05,11,5,0.2727272727272727,0.0,0.2727272727272727,4.52941176,0.19382635,105.84511012,0.50892857,1.0
chr1q::loss,CORE04,CORE05,11,5,0.0,0.0,0.0,0.47826087,0.00833612,27.4388437,1.0,1.0
chr1q::gain,CORE01,CORE02,18,14,0.0,0.07142857142857142,-0.07142857142857142,0.24324324,0.00918346,6.44280536,0.4375,1.0
chr1q::gain,CORE01,CORE03,18,11,0.0,0.0,0.0,0.62162162,0.01151712,33.55121378,1.0,1.0
chr1q::gain,CORE01,CORE04,18,11,0.0,0.0,0.0,0.62162162,0.01151712,33.55121378,1.0,1.0
chr1q::gain,CORE01,CORE05,18,5,0.0,0.0,0.0,0.2972973,0.00526358,16.79194606,1.0,1.0
chr1q::gain,CORE02,CORE03,14,11,0.07142857142857142,0.0,0.07142857142857142,2.55555556,0.09464531,69.0035712,1.0,1.0
chr1q::gain,CORE02,CORE04,14,11,0.07142857142857142,0.0,0.07142857142857142,2.55555556,0.09464531,69.0035712,1.0,1.0
chr1q::gain,CORE02,CORE05,14,5,0.07142857142857142,0.0,0.07142857142857142,1.22222222,0.04285016,34.8616506,1.0,1.0
chr1q::gain,CORE03,CORE04,11,11,0.0,0.0,0.0,1.0,0.01823686,54.83401542,1.0,1.0
chr1q::gain,CORE03,CORE05,11,5,0.0,0.0,0.0,0.47826087,0.00833612,27.4388437,1.0,1.0
chr1q::gain,CORE04,CORE05,11,5,0.0,0.0,0.0,0.47826087,0.00833612,27.4388437,1.0,1.0
chr2p::loss,CORE01,CORE02,18,14,0.0,0.0,0.0,0.78378378,0.01464809,41.93836444,1.0,1.0
chr2p::loss,CORE01,CORE03,18,11,0.0,0.18181818181818182,-0.18181818181818182,0.1027027,0.00446494,2.36236897,0.13546798,1.0
chr2p::loss,CORE01,CORE04,18,11,0.0,0.0,0.0,0.62162162,0.01151712,33.55121378,1.0,1.0
chr2p::loss,CORE01,CORE05,18,5,0.0,0.0,0.0,0.2972973,0.00526358,16.79194606,1.0,1.0
chr2p::loss,CORE02,CORE03,14,11,0.0,0.18181818181818182,-0.18181818181818182,0.13103448,0.00564493,3.04167462,0.18333333,1.0
chr2p::loss,CORE02,CORE04,14,11,0.0,0.0,0.0,0.79310345,0.01458921,43.1149501,1.0,1.0
chr2p::loss,CORE02,CORE05,14,5,0.0,0.0,0.0,0.37931034,0.00666812,21.57673143,1.0,1.0
chr2p::loss,CORE03,CORE04,11,11,0.18181818181818182,0.0,0.18181818181818182,6.05263158,0.25790095,142.04813753,0.47619048,1.0
chr2p::loss,CORE03,CORE05,11,5,0.18181818181818182,0.0,0.18181818181818182,2.89473684,0.11648411,71.93686076,1.0,1.0
chr2p::loss,CORE04,CORE05,11,5,0.0,0.0,0.0,0.47826087,0.00833612,27.4388437,1.0,1.0
chr2p::gain,CORE01,CORE02,18,14,0.0,0.07142857142857142,-0.07142857142857142,0.24324324,0.00918346,6.44280536,0.4375,1.0
chr2p::gain,CORE01,CORE03,18,11,0.0,0.0,0.0,0.62162162,0.01151712,33.55121378,1.0,1.0
chr2p::gain,CORE01,CORE04,18,11,0.0,0.0,0.0,0.62162162,0.01151712,33.55121378,1.0,1.0
chr2p::gain,CORE01,CORE05,18,5,0.0,0.2,-0.2,0.08108108,0.00280967,2.33982447,0.2173913,1.0
chr2p::gain,CORE02,CORE03,14,11,0.07142857142857142,0.0,0.07142857142857142,2.55555556,0.09464531,69.0035712,1.0,1.0
chr2p::gain,CORE02,CORE04,14,11,0.07142857142857142,0.0,0.07142857142857142,2.55555556,0.09464531,69.0035712,1.0,1.0
chr2p::gain,CORE02,CORE05,14,5,0.07142857142857142,0.2,-0.1285714285714286,0.33333333,0.02730492,4.06927107,0.46783626,1.0
chr2p::gain,CORE03,CORE04,11,11,0.0,0.0,0.0,1.0,0.01823686,54.83401542,1.0,1.0
chr2p::gain,CORE03,CORE05,11,5,0.0,0.2,-0.2,0.13043478,0.00443598,3.83528324,0.3125,1.0
chr2p::gain,CORE04,CORE05,11,5,0.0,0.2,-0.2,0.13043478,0.00443598,3.83528324,0.3125,1.0
chr2q::loss,CORE01,CORE02,18,14,0.0,0.0,0.0,0.78378378,0.01464809,41.93836444,1.0,1.0
chr2q::loss,CORE01,CORE03,18,11,0.0,0.18181818181818182,-0.18181818181818182,0.1027027,0.00446494,2.36236897,0.13546798,1.0
chr2q::loss,CORE01,CORE04,18,11,0.0,0.0,0.0,0.62162162,0.01151712,33.55121378,1.0,1.0
chr2q::loss,CORE01,CORE05,18,5,0.0,0.0,0.0,0.2972973,0.00526358,16.79194606,1.0,1.0
chr2q::loss,CORE02,CORE03,14,11,0.0,0.18181818181818182,-0.18181818181818182,0.13103448,0.00564493,3.04167462,0.18333333,1.0
chr2q::loss,CORE02,CORE04,14,11,0.0,0.0,0.0,0.79310345,0.01458921,43.1149501,1.0,1.0
chr2q::loss,CORE02,CORE05,14,5,0.0,0.0,0.0,0.37931034,0.00666812,21.57673143,1.0,1.0
chr2q::loss,CORE03,CORE04,11,11,0.18181818181818182,0.0,0.18181818181818182,6.05263158,0.25790095,142.04813753,0.47619048,1.0
chr2q::loss,CORE03,CORE05,11,5,0.18181818181818182,0.0,0.18181818181818182,2.89473684,0.11648411,71.93686076,1.0,1.0
chr2q::loss,CORE04,CORE05,11,5,0.0,0.0,0.0,0.47826087,0.00833612,27.4388437,1.0,1.0
chr2q::gain,CORE01,CORE02,18,14,0.0,0.0,0.0,0.78378378,0.01464809,41.93836444,1.0,1.0
chr2q::gain,CORE01,CORE03,18,11,0.0,0.09090909090909091,-0.09090909090909091,0.18918919,0.00705479,5.07350922,0.37931034,1.0
chr2q::gain,CORE01,CORE04,18,11,0.0,0.0,0.0,0.62162162,0.01151712,33.55121378,1.0,1.0
chr2q::gain,CORE01,CORE05,18,5,0.0,0.0,0.0,0.2972973,0.00526358,16.79194606,1.0,1.0
chr2q::gain,CORE02,CORE03,14,11,0.0,0.09090909090909091,-0.09090909090909091,0.24137931,0.008923,6.52963871,0.44,1.0
chr2q::gain,CORE02,CORE04,14,11,0.0,0.0,0.0,0.79310345,0.01458921,43.1149501,1.0,1.0
chr2q::gain,CORE02,CORE05,14,5,0.0,0.0,0.0,0.37931034,0.00666812,21.57673143,1.0,1.0
chr2q::gain,CORE03,CORE04,11,11,0.09090909090909091,0.0,0.09090909090909091,3.28571429,0.12019791,89.81785668,1.0,1.0
chr2q::gain,CORE03,CORE05,11,5,0.09090909090909091,0.0,0.09090909090909091,1.57142857,0.05442988,45.36823621,1.0,1.0
chr2q::gain,CORE04,CORE05,11,5,0.0,0.0,0.0,0.47826087,0.00833612,27.4388437,1.0,1.0
chr3p::loss,CORE01,CORE02,18,14,0.9444444444444444,0.7142857142857143,0.23015873015873012,5.0,0.67665236,36.94659412,0.14196329,1.0
chr3p::loss,CORE01,CORE03,18,11,0.9444444444444444,0.5454545454545454,0.398989898989899,9.87179487,1.31290082,74.22672952,0.01847922,1.0
chr3p::loss,CORE01,CORE04,18,11,0.9444444444444444,0.7272727272727273,0.21717171717171713,4.80392157,0.59961579,38.48741589,0.13894152,1.0
chr3p::loss,CORE01,CORE05,18,5,0.9444444444444444,0.6,0.34444444444444444,8.33333333,0.81325182,85.39107164,0.10728402,1.0
chr3p::loss,CORE02,CORE03,14,11,0.7142857142857143,0.5454545454545454,0.1688311688311689,1.97435897,0.40504693,9.6238066,0.43408265,1.0
chr3p::loss,CORE02,CORE04,14,11,0.7142857142857143,0.7272727272727273,-0.012987012987012991,0.96078431,0.18194166,5.07364003,1.0,1.0
chr3p::loss,CORE02,CORE05,14,5,0.7142857142857143,0.6,0.11428571428571432,1.66666667,0.23403537,11.86905116,1.0,1.0
chr3p::loss,CORE03,CORE04,11,11,0.5454545454545454,0.7272727272727273,-0.18181818181818188,0.48663102,0.09024794,2.62399064,0.65944272,1.0
chr3p::loss,CORE03,CORE05,11,5,0.5454545454545454,0.6,-0.054545454545454564,0.84415584,0.11645406,6.11914329,1.0,1.0
chr3p::loss,CORE04,CORE05,11,5,0.7272727272727273,0.6,0.12727272727272732,1.73469388,0.22433804,13.41352025,1.0,1.0
chr3p::gain,CORE01,CORE02,18,14,0.0,0.0,0.0,0.78378378,0.01464809,41.93836444,1.0,1.0
chr3p::gain,CORE01,CORE03,18,11,0.0,0.18181818181818182,-0.18181818181818182,0.1027027,0.00446494,2.36236897,0.13546798,1.0
chr3p::gain,CORE01,CORE04,18,11,0.0,0.0,0.0,0.62162162,0.01151712,33.55121378,1.0,1.0
chr3p::gain,CORE01,CORE05,18,5,0.0,0.0,0.0,0.2972973,0.00526358,16.79194606,1.0,1.0
chr3p::gain,CORE02,CORE03,14,11,0.0,0.18181818181818182,-0.18181818181818182,0.13103448,0.00564493,3.04167462,0.18333333,1.0
chr3p::gain,CORE02,CORE04,14,11,0.0,0.0,0.0,0.79310345,0.01458921,43.1149501,1.0,1.0
chr3p::gain,CORE02,CORE05,14,5,0.0,0.0,0.0,0.37931034,0.00666812,21.57673143,1.0,1.0
chr3p::gain,CORE03,CORE04,11,11,0.18181818181818182,0.0,0.18181818181818182,6.05263158,0.25790095,142.04813753,0.47619048,1.0
chr3p::gain,CORE03,CORE05,11,5,0.18181818181818182,0.0,0.18181818181818182,2.89473684,0.11648411,71.93686076,1.0,1.0
chr3p::gain,CORE04,CORE05,11,5,0.0,0.0,0.0,0.47826087,0.00833612,27.4388437,1.0,1.0
chr3q::loss,CORE01,CORE02,18,14,0.16666666666666666,0.14285714285714285,0.023809523809523808,1.12903226,0.18927923,6.73456807,1.0,1.0
chr3q::loss,CORE01,CORE03,18,11,0.16666666666666666,0.0,0.16666666666666666,5.19354839,0.24354943,110.74936361,0.26847291,1.0
chr3q::loss,CORE01,CORE04,18,11,0.16666666666666666,0.09090909090909091,0.07575757575757575,1.58064516,0.20005956,12.48847679,1.0,1.0
chr3q::loss,CORE01,CORE05,18,5,0.16666666666666666,0.0,0.16666666666666666,2.48387097,0.10980881,56.18506611,1.0,1.0
chr3q::loss,CORE02,CORE03,14,11,0.14285714285714285,0.0,0.14285714285714285,4.6,0.19904951,106.30520851,0.48666667,1.0
chr3q::loss,CORE02,CORE04,14,11,0.14285714285714285,0.09090909090909091,0.05194805194805194,1.4,0.15758866,12.43744325,1.0,1.0
chr3q::loss,CORE02,CORE05,14,5,0.14285714285714285,0.0,0.14285714285714285,2.2,0.08987835,53.85056722,1.0,1.0
chr3q::loss,CORE03,CORE04,11,11,0.0,0.09090909090909091,-0.09090909090909091,0.30434783,0.01113364,8.31961243,1.0,1.0
chr3q::loss,CORE03,CORE05,11,5,0.0,0.0,0.0,0.47826087,0.00833612,27.4388437,1.0,1.0
chr3q::loss,CORE04,CORE05,11,5,0.09090909090909091,0.0,0.09090909090909091,1.57142857,0.05442988,45.36823621,1.0,1.0
chr3q::gain,CORE01,CORE02,18,14,0.0,0.14285714285714285,-0.14285714285714285,0.13513514,0.00596678,3.06052857,0.18346774,1.0
chr3q::gain,CORE01,CORE03,18,11,0.0,0.18181818181818182,-0.18181818181818182,0.1027027,0.00446494,2.36236897,0.13546798,1.0
chr3q::gain,CORE01,CORE04,18,11,0.0,0.0,0.0,0.62162162,0.01151712,33.55121378,1.0,1.0
chr3q::gain,CORE01,CORE05,18,5,0.0,0.0,0.0,0.2972973,0.00526358,16.79194606,1.0,1.0
chr3q::gain,CORE02,CORE03,14,11,0.14285714285714285,0.18181818181818182,-0.038961038961038974,0.76,0.1086155,5.31784127,1.0,1.0
chr3q::gain,CORE02,CORE04,14,11,0.14285714285714285,0.0,0.14285714285714285,4.6,0.19904951,106.30520851,0.48666667,1.0
chr3q::gain,CORE02,CORE05,14,5,0.14285714285714285,0.0,0.14285714285714285,2.2,0.08987835,53.85056722,1.0,1.0
chr3q::gain,CORE03,CORE04,11,11,0.18181818181818182,0.0,0.18181818181818182,6.05263158,0.25790095,142.04813753,0.47619048,1.0
chr3q::gain,CORE03,CORE05,11,5,0.18181818181818182,0.0,0.18181818181818182,2.89473684,0.11648411,71.93686076,1.0,1.0
chr3q::gain,CORE04,CORE05,11,5,0.0,0.0,0.0,0.47826087,0.00833612,27.4388437,1.0,1.0
chr4p::loss,CORE01,CORE02,18,14,0.0,0.0,0.0,0.78378378,0.01464809,41.93836444,1.0,1.0
chr4p::loss,CORE01,CORE03,18,11,0.0,0.0,0.0,0.62162162,0.01151712,33.55121378,1.0,1.0
chr4p::loss,CORE01,CORE04,18,11,0.0,0.09090909090909091,-0.09090909090909091,0.18918919,0.00705479,5.07350922,0.37931034,1.0
chr4p::loss,CORE01,CORE05,18,5,0.0,0.2,-0.2,0.08108108,0.00280967,2.33982447,0.2173913,1.0
chr4p::loss,CORE02,CORE03,14,11,0.0,0.0,0.0,0.79310345,0.01458921,43.1149501,1.0,1.0
chr4p::loss,CORE02,CORE04,14,11,0.0,0.09090909090909091,-0.09090909090909091,0.24137931,0.008923,6.52963871,0.44,1.0
chr4p::loss,CORE02,CORE05,14,5,0.0,0.2,-0.2,0.10344828,0.00355439,3.01079927,0.26315789,1.0
chr4p::loss,CORE03,CORE04,11,11,0.0,0.09090909090909091,-0.09090909090909091,0.30434783,0.01113364,8.31961243,1.0,1.0
chr4p::loss,CORE03,CORE05,11,5,0.0,0.2,-0.2,0.13043478,0.00443598,3.83528324,0.3125,1.0
chr4p::loss,CORE04,CORE05,11,5,0.09090909090909091,0.2,-0.1090909090909091,0.42857143,0.03454236,5.31733986,1.0,1.0
chr4p::gain,CORE01,CORE02,18,14,0.0,0.0,0.0,0.78378378,0.01464809,41.93836444,1.0,1.0
chr4p::gain,CORE01,CORE03,18,11,0.0,0.18181818181818182,-0.18181818181818182,0.1027027,0.00446494,2.36236897,0.13546798,1.0
chr4p::gain,CORE01,CORE04,18,11,0.0,0.0,0.0,0.62162162,0.01151712,33.55121378,1.0,1.0
chr4p::gain,CORE01,CORE05,18,5,0.0,0.0,0.0,0.2972973,0.00526358,16.79194606,1.0,1.0
chr4p::gain,CORE02,CORE03,14,11,0.0,0.18181818181818182,-0.18181818181818182,0.13103448,0.00564493,3.04167462,0.18333333,1.0
chr4p::gain,CORE02,CORE04,14,11,0.0,0.0,0.0,0.79310345,0.01458921,43.1149501,1.0,1.0
chr4p::gain,CORE02,CORE05,14,5,0.0,0.0,0.0,0.37931034,0.00666812,21.57673143,1.0,1.0
chr4p::gain,CORE03,CORE04,11,11,0.18181818181818182,0.0,0.18181818181818182,6.05263158,0.25790095,142.04813753,0.47619048,1.0
chr4p::gain,CORE03,CORE05,11,5,0.18181818181818182,0.0,0.18181818181818182,2.89473684,0.11648411,71.93686076,1.0,1.0
chr4p::gain,CORE04,CORE05,11,5,0.0,0.0,0.0,0.47826087,0.00833612,27.4388437,1.0,1.0
chr4q::loss,CORE01,CORE02,18,14,0.0,0.0,0.0,0.78378378,0.01464809,41.93836444,1.0,1.0
chr4q::loss,CORE01,CORE03,18,11,0.0,0.0,0.0,0.62162162,0.01151712,33.55121378,1.0,1.0
chr4q::loss,CORE01,CORE04,18,11,0.0,0.0,0.0,0.62162162,0.01151712,33.55121378,1.0,1.0
chr4q::loss,CORE01,CORE05,18,5,0.0,0.2,-0.2,0.08108108,0.00280967,2.33982447,0.2173913,1.0
chr4q::loss,CORE02,CORE03,14,11,0.0,0.0,0.0,0.79310345,0.01458921,43.1149501,1.0,1.0
chr4q::loss,CORE02,CORE04,14,11,0.0,0.0,0.0,0.79310345,0.01458921,43.1149501,1.0,1.0
chr4q::loss,CORE02,CORE05,14,5,0.0,0.2,-0.2,0.10344828,0.00355439,3.01079927,0.26315789,1.0
chr4q::loss,CORE03,CORE04,11,11,0.0,0.0,0.0,1.0,0.01823686,54.83401542,1.0,1.0
chr4q::loss,CORE03,CORE05,11,5,0.0,0.2,-0.2,0.13043478,0.00443598,3.83528324,0.3125,1.0
chr4q::loss,CORE04,CORE05,11,5,0.0,0.2,-0.2,0.13043478,0.00443598,3.83528324,0.3125,1.0
chr4q::gain,CORE01,CORE02,18,14,0.0,0.0,0.0,0.78378378,0.01464809,41.93836444,1.0,1.0
chr4q::gain,CORE01,CORE03,18,11,0.0,0.18181818181818182,-0.18181818181818182,0.1027027,0.00446494,2.36236897,0.13546798,1.0
chr4q::gain,CORE01,CORE04,18,11,0.0,0.0,0.0,0.62162162,0.01151712,33.55121378,1.0,1.0
chr4q::gain,CORE01,CORE05,18,5,0.0,0.0,0.0,0.2972973,0.00526358,16.79194606,1.0,1.0
chr4q::gain,CORE02,CORE03,14,11,0.0,0.18181818181818182,-0.18181818181818182,0.13103448,0.00564493,3.04167462,0.18333333,1.0
chr4q::gain,CORE02,CORE04,14,11,0.0,0.0,0.0,0.79310345,0.01458921,43.1149501,1.0,1.0
chr4q::gain,CORE02,CORE05,14,5,0.0,0.0,0.0,0.37931034,0.00666812,21.57673143,1.0,1.0
chr4q::gain,CORE03,CORE04,11,11,0.18181818181818182,0.0,0.18181818181818182,6.05263158,0.25790095,142.04813753,0.47619048,1.0
chr4q::gain,CORE03,CORE05,11,5,0.18181818181818182,0.0,0.18181818181818182,2.89473684,0.11648411,71.93686076,1.0,1.0
chr4q::gain,CORE04,CORE05,11,5,0.0,0.0,0.0,0.47826087,0.00833612,27.4388437,1.0,1.0
chr5p::loss,CORE01,CORE02,18,14,0.0,0.0,0.0,0.78378378,0.01464809,41.93836444,1.0,1.0
chr5p::loss,CORE01,CORE03,18,11,0.0,0.0,0.0,0.62162162,0.01151712,33.55121378,1.0,1.0
chr5p::loss,CORE01,CORE04,18,11,0.0,0.0,0.0,0.62162162,0.01151712,33.55121378,1.0,1.0
chr5p::loss,CORE01,CORE05,18,5,0.0,0.0,0.0,0.2972973,0.00526358,16.79194606,1.0,1.0
chr5p::loss,CORE02,CORE03,14,11,0.0,0.0,0.0,0.79310345,0.01458921,43.1149501,1.0,1.0
chr5p::loss,CORE02,CORE04,14,11,0.0,0.0,0.0,0.79310345,0.01458921,43.1149501,1.0,1.0
chr5p::loss,CORE02,CORE05,14,5,0.0,0.0,0.0,0.37931034,0.00666812,21.57673143,1.0,1.0
chr5p::loss,CORE03,CORE04,11,11,0.0,0.0,0.0,1.0,0.01823686,54.83401542,1.0,1.0
chr5p::loss,CORE03,CORE05,11,5,0.0,0.0,0.0,0.47826087,0.00833612,27.4388437,1.0,1.0
chr5p::loss,CORE04,CORE05,11,5,0.0,0.0,0.0,0.47826087,0.00833612,27.4388437,1.0,1.0
chr5p::gain,CORE01,CORE02,18,14,0.2777777777777778,0.42857142857142855,-0.15079365079365076,0.53276353,0.12834218,2.21156425,0.46505538,1.0
chr5p::gain,CORE01,CORE03,18,11,0.2777777777777778,0.09090909090909091,0.18686868686868688,2.85185185,0.39479225,20.60085782,0.36225843,1.0
chr5p::gain,CORE01,CORE04,18,11,0.2777777777777778,0.0,0.2777777777777778,9.37037037,0.46650089,188.21794997,0.12605785,1.0
chr5p::gain,CORE01,CORE05,18,5,0.2777777777777778,0.6,-0.3222222222222222,0.29100529,0.04344205,1.94935756,0.29685875,1.0
chr5p::gain,CORE02,CORE03,14,11,0.42857142857142855,0.09090909090909091,0.33766233766233766,5.35294118,0.72992387,39.25612052,0.09,1.0
chr5p::gain,CORE02,CORE04,14,11,0.42857142857142855,0.0,0.42857142857142855,17.58823529,0.86693629,356.82670574,0.01956522,1.0
chr5p::gain,CORE02,CORE05,14,5,0.42857142857142855,0.6,-0.17142857142857143,0.54621849,0.08027147,3.71682057,0.62848297,1.0
chr5p::gain,CORE03,CORE04,11,11,0.09090909090909091,0.0,0.09090909090909091,3.28571429,0.12019791,89.81785668,1.0,1.0
chr5p::gain,CORE03,CORE05,11,5,0.09090909090909091,0.6,-0.509090909090909,0.10204082,0.00965194,1.07878092,0.06318681,1.0
chr5p::gain,CORE04,CORE05,11,5,0.0,0.6,-0.6,0.0310559,0.00118783,0.81196011,0.01785714,1.0
chr5q::loss,CORE01,CORE02,18,14,0.0,0.0,0.0,0.78378378,0.01464809,41.93836444,1.0,1.0
chr5q::loss,CORE01,CORE03,18,11,0.0,0.0,0.0,0.62162162,0.01151712,33.55121378,1.0,1.0
chr5q::loss,CORE01,CORE04,18,11,0.0,0.0,0.0,0.62162162,0.01151712,33.55121378,1.0,1.0
chr5q::loss,CORE01,CORE05,18,5,0.0,0.2,-0.2,0.08108108,0.00280967,2.33982447,0.2173913,1.0
chr5q::loss,CORE02,CORE03,14,11,0.0,0.0,0.0,0.79310345,0.01458921,43.1149501,1.0,1.0
chr5q::loss,CORE02,CORE04,14,11,0.0,0.0,0.0,0.79310345,0.01458921,43.1149501,1.0,1.0
chr5q::loss,CORE02,CORE05,14,5,0.0,0.2,-0.2,0.10344828,0.00355439,3.01079927,0.26315789,1.0
chr5q::loss,CORE03,CORE04,11,11,0.0,0.0,0.0,1.0,0.01823686,54.83401542,1.0,1.0
chr5q::loss,CORE03,CORE05,11,5,0.0,0.2,-0.2,0.13043478,0.00443598,3.83528324,0.3125,1.0
chr5q::loss,CORE04,CORE05,11,5,0.0,0.2,-0.2,0.13043478,0.00443598,3.83528324,0.3125,1.0
chr5q::gain,CORE01,CORE02,18,14,0.5555555555555556,0.35714285714285715,0.19841269841269843,2.13368984,0.53364201,8.53124796,0.30752156,1.0
chr5q::gain,CORE01,CORE03,18,11,0.5555555555555556,0.36363636363636365,0.19191919191919193,2.05882353,0.46972521,9.0239022,0.44972514,1.0
chr5q::gain,CORE01,CORE04,18,11,0.5555555555555556,0.36363636363636365,0.19191919191919193,2.05882353,0.46972521,9.0239022,0.44972514,1.0
chr5q::gain,CORE01,CORE05,18,5,0.5555555555555556,0.2,0.35555555555555557,3.70588235,0.47359586,28.99848858,0.31677019,1.0
chr5q::gain,CORE02,CORE03,14,11,0.35714285714285715,0.36363636363636365,-0.006493506493506496,0.96491228,0.20049921,4.64368761,1.0,1.0
chr5q::gain,CORE02,CORE04,14,11,0.35714285714285715,0.36363636363636365,-0.006493506493506496,0.96491228,0.20049921,4.64368761,1.0,1.0
chr5q::gain,CORE02,CORE05,14,5,0.35714285714285715,0.2,0.15714285714285714,1.73684211,0.20733949,14.54918442,1.0,1.0
chr5q::gain,CORE03,CORE04,11,11,0.36363636363636365,0.36363636363636365,0.0,1.0,0.19150964,5.22166921,1.0,1.0
chr5q::gain,CORE03,CORE05,11,5,0.36363636363636365,0.2,0.16363636363636364,1.8,0.20216221,16.02673397,1.0,1.0
chr5q::gain,CORE04,CORE05,11,5,0.36363636363636365,0.2,0.16363636363636364,1.8,0.20216221,16.02673397,1.0,1.0
chr6p::loss,CORE01,CORE02,18,14,0.0,0.21428571428571427,-0.21428571428571427,0.08880309,0.00419186,1.8812644,0.0733871,0.733871
chr6p::loss,CORE01,CORE03,18,11,0.0,0.18181818181818182,-0.18181818181818182,0.1027027,0.00446494,2.36236897,0.13546798,1.0
chr6p::loss,CORE01,CORE04,18,11,0.0,0.09090909090909091,-0.09090909090909091,0.18918919,0.00705479,5.07350922,0.37931034,1.0
chr6p::loss,CORE01,CORE05,18,5,0.0,0.2,-0.2,0.08108108,0.00280967,2.33982447,0.2173913,1.0
chr6p::loss,CORE02,CORE03,14,11,0.21428571428571427,0.18181818181818182,0.03246753246753245,1.15652174,0.18432287,7.25651987,1.0,1.0
chr6p::loss,CORE02,CORE04,14,11,0.21428571428571427,0.09090909090909091,0.12337662337662336,2.13043478,0.26410818,17.18520169,0.60434783,1.0
chr6p::loss,CORE02,CORE05,14,5,0.21428571428571427,0.2,0.014285714285714263,0.91304348,0.10102093,8.25223475,1.0,1.0
chr6p::loss,CORE03,CORE04,11,11,0.18181818181818182,0.09090909090909091,0.09090909090909091,1.84210526,0.20282037,16.73082335,1.0,1.0
chr6p::loss,CORE03,CORE05,11,5,0.18181818181818182,0.2,-0.018181818181818188,0.78947368,0.07803144,7.98740443,1.0,1.0
chr6p::loss,CORE04,CORE05,11,5,0.09090909090909091,0.2,-0.1090909090909091,0.42857143,0.03454236,5.31733986,1.0,1.0
chr6p::gain,CORE01,CORE02,18,14,0.0,0.0,0.0,0.78378378,0.01464809,41.93836444,1.0,1.0
chr6p::gain,CORE01,CORE03,18,11,0.0,0.0,0.0,0.62162162,0.01151712,33.55121378,1.0,1.0
chr6p::gain,CORE01,CORE04,18,11,0.0,0.0,0.0,0.62162162,0.01151712,33.55121378,1.0,1.0
chr6p::gain,CORE01,CORE05,18,5,0.0,0.0,0.0,0.2972973,0.00526358,16.79194606,1.0,1.0
chr6p::gain,CORE02,CORE03,14,11,0.0,0.0,0.0,0.79310345,0.01458921,43.1149501,1.0,1.0
chr6p::gain,CORE02,CORE04,14,11,0.0,0.0,0.0,0.79310345,0.01458921,43.1149501,1.0,1.0
chr6p::gain,CORE02,CORE05,14,5,0.0,0.0,0.0,0.37931034,0.00666812,21.57673143,1.0,1.0
chr6p::gain,CORE03,CORE04,11,11,0.0,0.0,0.0,1.0,0.01823686,54.83401542,1.0,1.0
chr6p::gain,CORE03,CORE05,11,5,0.0,0.0,0.0,0.47826087,0.00833612,27.4388437,1.0,1.0
chr6p::gain,CORE04,CORE05,11,5,0.0,0.0,0.0,0.47826087,0.00833612,27.4388437,1.0,1.0
chr6q::loss,CORE01,CORE02,18,14,0.05555555555555555,0.14285714285714285,-0.0873015873015873,0.42857143,0.04989794,3.68098329,0.56814516,1.0
chr6q::loss,CORE01,CORE03,18,11,0.05555555555555555,0.18181818181818182,-0.12626262626262627,0.32571429,0.03708064,2.86105627,0.53940887,1.0
chr6q::loss,CORE01,CORE04,18,11,0.05555555555555555,0.2727272727272727,-0.21717171717171715,0.20816327,0.02598252,1.66773459,0.13894152,1.0
chr6q::loss,CORE01,CORE05,18,5,0.05555555555555555,0.2,-0.14444444444444446,0.25714286,0.02134009,3.09850877,0.39525692,1.0
chr6q::loss,CORE02,CORE03,14,11,0.14285714285714285,0.18181818181818182,-0.038961038961038974,0.76,0.1086155,5.31784127,1.0,1.0
chr6q::loss,CORE02,CORE04,14,11,0.14285714285714285,0.2727272727272727,-0.12987012987012986,0.48571429,0.07697413,3.06490464,0.62318841,1.0
chr6q::loss,CORE02,CORE05,14,5,0.14285714285714285,0.2,-0.05714285714285716,0.6,0.06056632,5.94389754,1.0,1.0
chr6q::loss,CORE03,CORE04,11,11,0.18181818181818182,0.2727272727272727,-0.09090909090909088,0.63909774,0.09866696,4.13964218,1.0,1.0
chr6q::loss,CORE03,CORE05,11,5,0.18181818181818182,0.2,-0.018181818181818188,0.78947368,0.07803144,7.98740443,1.0,1.0
chr6q::loss,CORE04,CORE05,11,5,0.2727272727272727,0.2,0.0727272727272727,1.23529412,0.13308547,11.46595162,1.0,1.0
chr6q::gain,CORE01,CORE02,18,14,0.0,0.0,0.0,0.78378378,0.01464809,41.93836444,1.0,1.0
chr6q::gain,CORE01,CORE03,18,11,0.0,0.0,0.0,0.62162162,0.01151712,33.55121378,1.0,1.0
chr6q::gain,CORE01,CORE04,18,11,0.0,0.0,0.0,0.62162162,0.01151712,33.55121378,1.0,1.0
chr6q::gain,CORE01,CORE05,18,5,0.0,0.0,0.0,0.2972973,0.00526358,16.79194606,1.0,1.0
chr6q::gain,CORE02,CORE03,14,11,0.0,0.0,0.0,0.79310345,0.01458921,43.1149501,1.0,1.0
chr6q::gain,CORE02,CORE04,14,11,0.0,0.0,0.0,0.79310345,0.01458921,43.1149501,1.0,1.0
chr6q::gain,CORE02,CORE05,14,5,0.0,0.0,0.0,0.37931034,0.00666812,21.57673143,1.0,1.0
chr6q::gain,CORE03,CORE04,11,11,0.0,0.0,0.0,1.0,0.01823686,54.83401542,1.0,1.0
chr6q::gain,CORE03,CORE05,11,5,0.0,0.0,0.0,0.47826087,0.00833612,27.4388437,1.0,1.0
chr6q::gain,CORE04,CORE05,11,5,0.0,0.0,0.0,0.47826087,0.00833612,27.4388437,1.0,1.0
chr7p::loss,CORE01,CORE02,18,14,0.0,0.0,0.0,0.78378378,0.01464809,41.93836444,1.0,1.0
chr7p::loss,CORE01,CORE03,18,11,0.0,0.0,0.0,0.62162162,0.01151712,33.55121378,1.0,1.0
chr7p::loss,CORE01,CORE04,18,11,0.0,0.0,0.0,0.62162162,0.01151712,33.55121378,1.0,1.0
chr7p::loss,CORE01,CORE05,18,5,0.0,0.0,0.0,0.2972973,0.00526358,16.79194606,1.0,1.0
chr7p::loss,CORE02,CORE03,14,11,0.0,0.0,0.0,0.79310345,0.01458921,43.1149501,1.0,1.0
chr7p::loss,CORE02,CORE04,14,11,0.0,0.0,0.0,0.79310345,0.01458921,43.1149501,1.0,1.0
chr7p::loss,CORE02,CORE05,14,5,0.0,0.0,0.0,0.37931034,0.00666812,21.57673143,1.0,1.0
chr7p::loss,CORE03,CORE04,11,11,0.0,0.0,0.0,1.0,0.01823686,54.83401542,1.0,1.0
chr7p::loss,CORE03,CORE05,11,5,0.0,0.0,0.0,0.47826087,0.00833612,27.4388437,1.0,1.0
chr7p::loss,CORE04,CORE05,11,5,0.0,0.0,0.0,0.47826087,0.00833612,27.4388437,1.0,1.0
chr7p::gain,CORE01,CORE02,18,14,0.05555555555555555,0.35714285714285715,-0.3015873015873016,0.14805195,0.02063356,1.06231669,0.063566,0.63566
chr7p::gain,CORE01,CORE03,18,11,0.05555555555555555,0.2727272727272727,-0.21717171717171715,0.20816327,0.02598252,1.66773459,0.13894152,1.0
chr7p::gain,CORE01,CORE04,18,11,0.05555555555555555,0.09090909090909091,-0.03535353535353536,0.6,0.05503052,6.541824,1.0,1.0
chr7p::gain,CORE01,CORE05,18,5,0.05555555555555555,0.2,-0.14444444444444446,0.25714286,0.02134009,3.09850877,0.39525692,1.0
chr7p::gain,CORE02,CORE03,14,11,0.35714285714285715,0.2727272727272727,0.08441558441558444,1.40601504,0.27586022,7.16623171,1.0,1.0
chr7p::gain,CORE02,CORE04,14,11,0.35714285714285715,0.09090909090909091,0.26623376623376627,4.05263158,0.54440273,30.16851661,0.18043478,1.0
chr7p::gain,CORE02,CORE05,14,5,0.35714285714285715,0.2,0.15714285714285714,1.73684211,0.20733949,14.54918442,1.0,1.0
chr7p::gain,CORE03,CORE04,11,11,0.2727272727272727,0.09090909090909091,0.1818181818181818,2.88235294,0.34743979,23.91193724,0.58646617,1.0
chr7p::gain,CORE03,CORE05,11,5,0.2727272727272727,0.2,0.0727272727272727,1.23529412,0.13308547,11.46595162,1.0,1.0
chr7p::gain,CORE04,CORE05,11,5,0.09090909090909091,0.2,-0.1090909090909091,0.42857143,0.03454236,5.31733986,1.0,1.0
chr7q::loss,CORE01,CORE02,18,14,0.0,0.0,0.0,0.78378378,0.01464809,41.93836444,1.0,1.0
chr7q::loss,CORE01,CORE03,18,11,0.0,0.0,0.0,0.62162162,0.01151712,33.55121378,1.0,1.0
chr7q::loss,CORE01,CORE04,18,11,0.0,0.0,0.0,0.62162162,0.01151712,33.55121378,1.0,1.0
chr7q::loss,CORE01,CORE05,18,5,0.0,0.0,0.0,0.2972973,0.00526358,16.79194606,1.0,1.0
chr7q::loss,CORE02,CORE03,14,11,0.0,0.0,0.0,0.79310345,0.01458921,43.1149501,1.0,1.0
chr7q::loss,CORE02,CORE04,14,11,0.0,0.0,0.0,0.79310345,0.01458921,43.1149501,1.0,1.0
chr7q::loss,CORE02,CORE05,14,5,0.0,0.0,0.0,0.37931034,0.00666812,21.57673143,1.0,1.0
chr7q::loss,CORE03,CORE04,11,11,0.0,0.0,0.0,1.0,0.01823686,54.83401542,1.0,1.0
chr7q::loss,CORE03,CORE05,11,5,0.0,0.0,0.0,0.47826087,0.00833612,27.4388437,1.0,1.0
chr7q::loss,CORE04,CORE05,11,5,0.0,0.0,0.0,0.47826087,0.00833612,27.4388437,1.0,1.0
chr7q::gain,CORE01,CORE02,18,14,0.05555555555555555,0.35714285714285715,-0.3015873015873016,0.14805195,0.02063356,1.06231669,0.063566,0.63566
chr7q::gain,CORE01,CORE03,18,11,0.05555555555555555,0.2727272727272727,-0.21717171717171715,0.20816327,0.02598252,1.66773459,0.13894152,1.0
chr7q::gain,CORE01,CORE04,18,11,0.05555555555555555,0.09090909090909091,-0.03535353535353536,0.6,0.05503052,6.541824,1.0,1.0
chr7q::gain,CORE01,CORE05,18,5,0.05555555555555555,0.2,-0.14444444444444446,0.25714286,0.02134009,3.09850877,0.39525692,1.0
chr7q::gain,CORE02,CORE03,14,11,0.35714285714285715,0.2727272727272727,0.08441558441558444,1.40601504,0.27586022,7.16623171,1.0,1.0
chr7q::gain,CORE02,CORE04,14,11,0.35714285714285715,0.09090909090909091,0.26623376623376627,4.05263158,0.54440273,30.16851661,0.18043478,1.0
chr7q::gain,CORE02,CORE05,14,5,0.35714285714285715,0.2,0.15714285714285714,1.73684211,0.20733949,14.54918442,1.0,1.0
chr7q::gain,CORE03,CORE04,11,11,0.2727272727272727,0.09090909090909091,0.1818181818181818,2.88235294,0.34743979,23.91193724,0.58646617,1.0
chr7q::gain,CORE03,CORE05,11,5,0.2727272727272727,0.2,0.0727272727272727,1.23529412,0.13308547,11.46595162,1.0,1.0
chr7q::gain,CORE04,CORE05,11,5,0.09090909090909091,0.2,-0.1090909090909091,0.42857143,0.03454236,5.31733986,1.0,1.0
chr8p::loss,CORE01,CORE02,18,14,0.05555555555555555,0.35714285714285715,-0.3015873015873016,0.14805195,0.02063356,1.06231669,0.063566,0.63566
chr8p::loss,CORE01,CORE03,18,11,0.05555555555555555,0.36363636363636365,-0.30808080808080807,0.14285714,0.01864452,1.09459319,0.05390931,0.63566
chr8p::loss,CORE01,CORE04,18,11,0.05555555555555555,0.18181818181818182,-0.12626262626262627,0.32571429,0.03708064,2.86105627,0.53940887,1.0
chr8p::loss,CORE01,CORE05,18,5,0.05555555555555555,0.2,-0.14444444444444446,0.25714286,0.02134009,3.09850877,0.39525692,1.0
chr8p::loss,CORE02,CORE03,14,11,0.35714285714285715,0.36363636363636365,-0.006493506493506496,0.96491228,0.20049921,4.64368761,1.0,1.0
chr8p::loss,CORE02,CORE04,14,11,0.35714285714285715,0.18181818181818182,0.17532467532467533,2.2,0.3843461,12.59281687,0.40652174,1.0
chr8p::loss,CORE02,CORE05,14,5,0.35714285714285715,0.2,0.15714285714285714,1.73684211,0.20733949,14.54918442,1.0,1.0
chr8p::loss,CORE03,CORE04,11,11,0.36363636363636365,0.18181818181818182,0.18181818181818182,2.28,0.3699754,14.05066389,0.6351172,1.0
chr8p::loss,CORE03,CORE05,11,5,0.36363636363636365,0.2,0.16363636363636364,1.8,0.20216221,16.02673397,1.0,1.0
chr8p::loss,CORE04,CORE05,11,5,0.18181818181818182,0.2,-0.018181818181818188,0.78947368,0.07803144,7.98740443,1.0,1.0
chr8p::gain,CORE01,CORE02,18,14,0.0,0.07142857142857142,-0.07142857142857142,0.24324324,0.00918346,6.44280536,0.4375,1.0
chr8p::gain,CORE01,CORE03,18,11,0.0,0.09090909090909091,-0.09090909090909091,0.18918919,0.00705479,5.07350922,0.37931034,1.0
chr8p::gain,CORE01,CORE04,18,11,0.0,0.0,0.0,0.62162162,0.01151712,33.55121378,1.0,1.0
chr8p::gain,CORE01,CORE05,18,5,0.0,0.0,0.0,0.2972973,0.00526358,16.79194606,1.0,1.0
chr8p::gain,CORE02,CORE03,14,11,0.07142857142857142,0.09090909090909091,-0.019480519480519487,0.77777778,0.07037408,8.59603826,1.0,1.0
chr8p::gain,CORE02,CORE04,14,11,0.07142857142857142,0.0,0.07142857142857142,2.55555556,0.09464531,69.0035712,1.0,1.0
chr8p::gain,CORE02,CORE05,14,5,0.07142857142857142,0.0,0.07142857142857142,1.22222222,0.04285016,34.8616506,1.0,1.0
chr8p::gain,CORE03,CORE04,11,11,0.09090909090909091,0.0,0.09090909090909091,3.28571429,0.12019791,89.81785668,1.0,1.0
chr8p::gain,CORE03,CORE05,11,5,0.09090909090909091,0.0,0.09090909090909091,1.57142857,0.05442988,45.36823621,1.0,1.0
chr8p::gain,CORE04,CORE05,11,5,0.0,0.0,0.0,0.47826087,0.00833612,27.4388437,1.0,1.0
chr8q::loss,CORE01,CORE02,18,14,0.05555555555555555,0.0,0.05555555555555555,2.48571429,0.09395746,65.76141341,1.0,1.0
chr8q::loss,CORE01,CORE03,18,11,0.05555555555555555,0.09090909090909091,-0.03535353535353536,0.6,0.05503052,6.541824,1.0,1.0
chr8q::loss,CORE01,CORE04,18,11,0.05555555555555555,0.09090909090909091,-0.03535353535353536,0.6,0.05503052,6.541824,1.0,1.0
chr8q::loss,CORE01,CORE05,18,5,0.05555555555555555,0.0,0.05555555555555555,0.94285714,0.0333787,26.63313897,1.0,1.0
chr8q::loss,CORE02,CORE03,14,11,0.0,0.09090909090909091,-0.09090909090909091,0.24137931,0.008923,6.52963871,0.44,1.0
chr8q::loss,CORE02,CORE04,14,11,0.0,0.09090909090909091,-0.09090909090909091,0.24137931,0.008923,6.52963871,0.44,1.0
chr8q::loss,CORE02,CORE05,14,5,0.0,0.0,0.0,0.37931034,0.00666812,21.57673143,1.0,1.0
chr8q::loss,CORE03,CORE04,11,11,0.09090909090909091,0.09090909090909091,0.0,1.0,0.08896818,11.23997396,1.0,1.0
chr8q::loss,CORE03,CORE05,11,5,0.09090909090909091,0.0,0.09090909090909091,1.57142857,0.05442988,45.36823621,1.0,1.0
chr8q::loss,CORE04,CORE05,11,5,0.09090909090909091,0.0,0.09090909090909091,1.57142857,0.05442988,45.36823621,1.0,1.0
chr8q::gain,CORE01,CORE02,18,14,0.0,0.14285714285714285,-0.14285714285714285,0.13513514,0.00596678,3.06052857,0.18346774,1.0
chr8q::gain,CORE01,CORE03,18,11,0.0,0.09090909090909091,-0.09090909090909091,0.18918919,0.00705479,5.07350922,0.37931034,1.0
chr8q::gain,CORE01,CORE04,18,11,0.0,0.09090909090909091,-0.09090909090909091,0.18918919,0.00705479,5.07350922,0.37931034,1.0
chr8q::gain,CORE01,CORE05,18,5,0.0,0.0,0.0,0.2972973,0.00526358,16.79194606,1.0,1.0
chr8q::gain,CORE02,CORE03,14,11,0.14285714285714285,0.09090909090909091,0.05194805194805194,1.4,0.15758866,12.43744325,1.0,1.0
chr8q::gain,CORE02,CORE04,14,11,0.14285714285714285,0.09090909090909091,0.05194805194805194,1.4,0.15758866,12.43744325,1.0,1.0
chr8q::gain,CORE02,CORE05,14,5,0.14285714285714285,0.0,0.14285714285714285,2.2,0.08987835,53.85056722,1.0,1.0
chr8q::gain,CORE03,CORE04,11,11,0.09090909090909091,0.09090909090909091,0.0,1.0,0.08896818,11.23997396,1.0,1.0
chr8q::gain,CORE03,CORE05,11,5,0.09090909090909091,0.0,0.09090909090909091,1.57142857,0.05442988,45.36823621,1.0,1.0
chr8q::gain,CORE04,CORE05,11,5,0.09090909090909091,0.0,0.09090909090909091,1.57142857,0.05442988,45.36823621,1.0,1.0
chr9p::loss,CORE01,CORE02,18,14,0.0,0.2857142857142857,-0.2857142857142857,0.06306306,0.00308265,1.29010738,0.02783648,0.2783648
chr9p::loss,CORE01,CORE03,18,11,0.0,0.18181818181818182,-0.18181818181818182,0.1027027,0.00446494,2.36236897,0.13546798,1.0
chr9p::loss,CORE01,CORE04,18,11,0.0,0.2727272727272727,-0.2727272727272727,0.06563707,0.00303927,1.41752134,0.04515599,1.0
chr9p::loss,CORE01,CORE05,18,5,0.0,0.0,0.0,0.2972973,0.00526358,16.79194606,1.0,1.0
chr9p::loss,CORE02,CORE03,14,11,0.2857142857142857,0.18181818181818182,0.10389610389610388,1.62857143,0.27524401,9.63597677,0.66086957,1.0
chr9p::loss,CORE02,CORE04,14,11,0.2857142857142857,0.2727272727272727,0.012987012987012991,1.04081633,0.19709715,5.49626728,1.0,1.0
chr9p::loss,CORE02,CORE05,14,5,0.2857142857142857,0.0,0.2857142857142857,4.71428571,0.21267556,104.49950101,0.53044376,1.0
chr9p::loss,CORE03,CORE04,11,11,0.18181818181818182,0.2727272727272727,-0.09090909090909088,0.63909774,0.09866696,4.13964218,1.0,1.0
chr9p::loss,CORE03,CORE05,11,5,0.18181818181818182,0.0,0.18181818181818182,2.89473684,0.11648411,71.93686076,1.0,1.0
chr9p::loss,CORE04,CORE05,11,5,0.2727272727272727,0.0,0.2727272727272727,4.52941176,0.19382635,105.84511012,0.50892857,1.0
chr9p::gain,CORE01,CORE02,18,14,0.05555555555555555,0.0,0.05555555555555555,2.48571429,0.09395746,65.76141341,1.0,1.0
chr9p::gain,CORE01,CORE03,18,11,0.05555555555555555,0.09090909090909091,-0.03535353535353536,0.6,0.05503052,6.541824,1.0,1.0
chr9p::gain,CORE01,CORE04,18,11,0.05555555555555555,0.0,0.05555555555555555,1.97142857,0.07373718,52.70787957,1.0,1.0
chr9p::gain,CORE01,CORE05,18,5,0.05555555555555555,0.0,0.05555555555555555,0.94285714,0.0333787,26.63313897,1.0,1.0
chr9p::gain,CORE02,CORE03,14,11,0.0,0.09090909090909091,-0.09090909090909091,0.24137931,0.008923,6.52963871,0.44,1.0
chr9p::gain,CORE02,CORE04,14,11,0.0,0.0,0.0,0.79310345,0.01458921,43.1149501,1.0,1.0
chr9p::gain,CORE02,CORE05,14,5,0.0,0.0,0.0,0.37931034,0.00666812,21.57673143,1.0,1.0
chr9p::gain,CORE03,CORE04,11,11,0.09090909090909091,0.0,0.09090909090909091,3.28571429,0.12019791,89.81785668,1.0,1.0
chr9p::gain,CORE03,CORE05,11,5,0.09090909090909091,0.0,0.09090909090909091,1.57142857,0.05442988,45.36823621,1.0,1.0
chr9p::gain,CORE04,CORE05,11,5,0.0,0.0,0.0,0.47826087,0.00833612,27.4388437,1.0,1.0
chr9q::loss,CORE01,CORE02,18,14,0.0,0.35714285714285715,-0.35714285714285715,0.04668305,0.00232665,0.93667076,0.0099416,0.099416
chr9q::loss,CORE01,CORE03,18,11,0.0,0.18181818181818182,-0.18181818181818182,0.1027027,0.00446494,2.36236897,0.13546798,1.0
chr9q::loss,CORE01,CORE04,18,11,0.0,0.45454545454545453,-0.45454545454545453,0.03194103,0.00154339,0.66103011,0.00389036,1.0
chr9q::loss,CORE01,CORE05,18,5,0.0,0.0,0.0,0.2972973,0.00526358,16.79194606,1.0,1.0
chr9q::loss,CORE02,CORE03,14,11,0.35714285714285715,0.18181818181818182,0.17532467532467533,2.2,0.3843461,12.59281687,0.40652174,1.0
chr9q::loss,CORE02,CORE04,14,11,0.35714285714285715,0.45454545454545453,-0.09740259740259738,0.68421053,0.14569955,3.2130782,0.69682999,1.0
chr9q::loss,CORE02,CORE05,14,5,0.35714285714285715,0.0,0.35714285714285715,6.36842105,0.29277703,138.52448142,0.25653595,1.0
chr9q::loss,CORE03,CORE04,11,11,0.18181818181818182,0.45454545454545453,-0.2727272727272727,0.31100478,0.05154458,1.87651091,0.36145511,1.0
chr9q::loss,CORE03,CORE05,11,5,0.18181818181818182,0.0,0.18181818181818182,2.89473684,0.11648411,71.93686076,1.0,1.0
chr9q::loss,CORE04,CORE05,11,5,0.45454545454545453,0.0,0.45454545454545453,9.30769231,0.41519466,208.65667418,0.11858974,1.0
chr9q::gain,CORE01,CORE02,18,14,0.0,0.0,0.0,0.78378378,0.01464809,41.93836444,1.0,1.0
chr9q::gain,CORE01,CORE03,18,11,0.0,0.09090909090909091,-0.09090909090909091,0.18918919,0.00705479,5.07350922,0.37931034,1.0
chr9q::gain,CORE01,CORE04,18,11,0.0,0.0,0.0,0.62162162,0.01151712,33.55121378,1.0,1.0
chr9q::gain,CORE01,CORE05,18,5,0.0,0.2,-0.2,0.08108108,0.00280967,2.33982447,0.2173913,1.0
chr9q::gain,CORE02,CORE03,14,11,0.0,0.09090909090909091,-0.09090909090909091,0.24137931,0.008923,6.52963871,0.44,1.0
chr9q::gain,CORE02,CORE04,14,11,0.0,0.0,0.0,0.79310345,0.01458921,43.1149501,1.0,1.0
chr9q::gain,CORE02,CORE05,14,5,0.0,0.2,-0.2,0.10344828,0.00355439,3.01079927,0.26315789,1.0
chr9q::gain,CORE03,CORE04,11,11,0.09090909090909091,0.0,0.09090909090909091,3.28571429,0.12019791,89.81785668,1.0,1.0
chr9q::gain,CORE03,CORE05,11,5,0.09090909090909091,0.2,-0.1090909090909091,0.42857143,0.03454236,5.31733986,1.0,1.0
chr9q::gain,CORE04,CORE05,11,5,0.0,0.2,-0.2,0.13043478,0.00443598,3.83528324,0.3125,1.0
chr10p::loss,CORE01,CORE02,18,14,0.0,0.0,0.0,0.78378378,0.01464809,41.93836444,1.0,1.0
chr10p::loss,CORE01,CORE03,18,11,0.0,0.18181818181818182,-0.18181818181818182,0.1027027,0.00446494,2.36236897,0.13546798,1.0
chr10p::loss,CORE01,CORE04,18,11,0.0,0.0,0.0,0.62162162,0.01151712,33.55121378,1.0,1.0
chr10p::loss,CORE01,CORE05,18,5,0.0,0.4,-0.4,0.03783784,0.00147561,0.97024609,0.03952569,1.0
chr10p::loss,CORE02,CORE03,14,11,0.0,0.18181818181818182,-0.18181818181818182,0.13103448,0.00564493,3.04167462,0.18333333,1.0
chr10p::loss,CORE02,CORE04,14,11,0.0,0.0,0.0,0.79310345,0.01458921,43.1149501,1.0,1.0
chr10p::loss,CORE02,CORE05,14,5,0.0,0.4,-0.4,0.04827586,0.00186615,1.24886247,0.05847953,1.0
chr10p::loss,CORE03,CORE04,11,11,0.18181818181818182,0.0,0.18181818181818182,6.05263158,0.25790095,142.04813753,0.47619048,1.0
chr10p::loss,CORE03,CORE05,11,5,0.18181818181818182,0.4,-0.2181818181818182,0.36842105,0.04339052,3.12819658,0.5467033,1.0
chr10p::loss,CORE04,CORE05,11,5,0.0,0.4,-0.4,0.06086957,0.00232814,1.59144182,0.08333333,1.0
chr10p::gain,CORE01,CORE02,18,14,0.0,0.0,0.0,0.78378378,0.01464809,41.93836444,1.0,1.0
chr10p::gain,CORE01,CORE03,18,11,0.0,0.0,0.0,0.62162162,0.01151712,33.55121378,1.0,1.0
chr10p::gain,CORE01,CORE04,18,11,0.0,0.0,0.0,0.62162162,0.01151712,33.55121378,1.0,1.0
chr10p::gain,CORE01,CORE05,18,5,0.0,0.0,0.0,0.2972973,0.00526358,16.79194606,1.0,1.0
chr10p::gain,CORE02,CORE03,14,11,0.0,0.0,0.0,0.79310345,0.01458921,43.1149501,1.0,1.0
chr10p::gain,CORE02,CORE04,14,11,0.0,0.0,0.0,0.79310345,0.01458921,43.1149501,1.0,1.0
chr10p::gain,CORE02,CORE05,14,5,0.0,0.0,0.0,0.37931034,0.00666812,21.57673143,1.0,1.0
chr10p::gain,CORE03,CORE04,11,11,0.0,0.0,0.0,1.0,0.01823686,54.83401542,1.0,1.0
chr10p::gain,CORE03,CORE05,11,5,0.0,0.0,0.0,0.47826087,0.00833612,27.4388437,1.0,1.0
chr10p::gain,CORE04,CORE05,11,5,0.0,0.0,0.0,0.47826087,0.00833612,27.4388437,1.0,1.0
chr10q::loss,CORE01,CORE02,18,14,0.0,0.07142857142857142,-0.07142857142857142,0.24324324,0.00918346,6.44280536,0.4375,1.0
chr10q::loss,CORE01,CORE03,18,11,0.0,0.18181818181818182,-0.18181818181818182,0.1027027,0.00446494,2.36236897,0.13546798,1.0
chr10q::loss,CORE01,CORE04,18,11,0.0,0.09090909090909091,-0.09090909090909091,0.18918919,0.00705479,5.07350922,0.37931034,1.0
chr10q::loss,CORE01,CORE05,18,5,0.0,0.2,-0.2,0.08108108,0.00280967,2.33982447,0.2173913,1.0
chr10q::loss,CORE02,CORE03,14,11,0.07142857142857142,0.18181818181818182,-0.1103896103896104,0.42222222,0.04735587,3.76450947,0.56478261,1.0
chr10q::loss,CORE02,CORE04,14,11,0.07142857142857142,0.09090909090909091,-0.019480519480519487,0.77777778,0.07037408,8.59603826,1.0,1.0
chr10q::loss,CORE02,CORE05,14,5,0.07142857142857142,0.2,-0.1285714285714286,0.33333333,0.02730492,4.06927107,0.46783626,1.0
chr10q::loss,CORE03,CORE04,11,11,0.18181818181818182,0.09090909090909091,0.09090909090909091,1.84210526,0.20282037,16.73082335,1.0,1.0
chr10q::loss,CORE03,CORE05,11,5,0.18181818181818182,0.2,-0.018181818181818188,0.78947368,0.07803144,7.98740443,1.0,1.0
chr10q::loss,CORE04,CORE05,11,5,0.09090909090909091,0.2,-0.1090909090909091,0.42857143,0.03454236,5.31733986,1.0,1.0
chr10q::gain,CORE01,CORE02,18,14,0.0,0.0,0.0,0.78378378,0.01464809,41.93836444,1.0,1.0
chr10q::gain,CORE01,CORE03,18,11,0.0,0.0,0.0,0.62162162,0.01151712,33.55121378,1.0,1.0
chr10q::gain,CORE01,CORE04,18,11,0.0,0.0,0.0,0.62162162,0.01151712,33.55121378,1.0,1.0
chr10q::gain,CORE01,CORE05,18,5,0.0,0.0,0.0,0.2972973,0.00526358,16.79194606,1.0,1.0
chr10q::gain,CORE02,CORE03,14,11,0.0,0.0,0.0,0.79310345,0.01458921,43.1149501,1.0,1.0
chr10q::gain,CORE02,CORE04,14,11,0.0,0.0,0.0,0.79310345,0.01458921,43.1149501,1.0,1.0
chr10q::gain,CORE02,CORE05,14,5,0.0,0.0,0.0,0.37931034,0.00666812,21.57673143,1.0,1.0
chr10q::gain,CORE03,CORE04,11,11,0.0,0.0,0.0,1.0,0.01823686,54.83401542,1.0,1.0
chr10q::gain,CORE03,CORE05,11,5,0.0,0.0,0.0,0.47826087,0.00833612,27.4388437,1.0,1.0
chr10q::gain,CORE04,CORE05,11,5,0.0,0.0,0.0,0.47826087,0.00833612,27.4388437,1.0,1.0
chr11p::loss,CORE01,CORE02,18,14,0.0,0.0,0.0,0.78378378,0.01464809,41.93836444,1.0,1.0
chr11p::loss,CORE01,CORE03,18,11,0.0,0.0,0.0,0.62162162,0.01151712,33.55121378,1.0,1.0
chr11p::loss,CORE01,CORE04,18,11,0.0,0.0,0.0,0.62162162,0.01151712,33.55121378,1.0,1.0
chr11p::loss,CORE01,CORE05,18,5,0.0,0.0,0.0,0.2972973,0.00526358,16.79194606,1.0,1.0
chr11p::loss,CORE02,CORE03,14,11,0.0,0.0,0.0,0.79310345,0.01458921,43.1149501,1.0,1.0
chr11p::loss,CORE02,CORE04,14,11,0.0,0.0,0.0,0.79310345,0.01458921,43.1149501,1.0,1.0
chr11p::loss,CORE02,CORE05,14,5,0.0,0.0,0.0,0.37931034,0.00666812,21.57673143,1.0,1.0
chr11p::loss,CORE03,CORE04,11,11,0.0,0.0,0.0,1.0,0.01823686,54.83401542,1.0,1.0
chr11p::loss,CORE03,CORE05,11,5,0.0,0.0,0.0,0.47826087,0.00833612,27.4388437,1.0,1.0
chr11p::loss,CORE04,CORE05,11,5,0.0,0.0,0.0,0.47826087,0.00833612,27.4388437,1.0,1.0
chr11p::gain,CORE01,CORE02,18,14,0.0,0.0,0.0,0.78378378,0.01464809,41.93836444,1.0,1.0
chr11p::gain,CORE01,CORE03,18,11,0.0,0.18181818181818182,-0.18181818181818182,0.1027027,0.00446494,2.36236897,0.13546798,1.0
chr11p::gain,CORE01,CORE04,18,11,0.0,0.0,0.0,0.62162162,0.01151712,33.55121378,1.0,1.0
chr11p::gain,CORE01,CORE05,18,5,0.0,0.0,0.0,0.2972973,0.00526358,16.79194606,1.0,1.0
chr11p::gain,CORE02,CORE03,14,11,0.0,0.18181818181818182,-0.18181818181818182,0.13103448,0.00564493,3.04167462,0.18333333,1.0
chr11p::gain,CORE02,CORE04,14,11,0.0,0.0,0.0,0.79310345,0.01458921,43.1149501,1.0,1.0
chr11p::gain,CORE02,CORE05,14,5,0.0,0.0,0.0,0.37931034,0.00666812,21.57673143,1.0,1.0
chr11p::gain,CORE03,CORE04,11,11,0.18181818181818182,0.0,0.18181818181818182,6.05263158,0.25790095,142.04813753,0.47619048,1.0
chr11p::gain,CORE03,CORE05,11,5,0.18181818181818182,0.0,0.18181818181818182,2.89473684,0.11648411,71.93686076,1.0,1.0
chr11p::gain,CORE04,CORE05,11,5,0.0,0.0,0.0,0.47826087,0.00833612,27.4388437,1.0,1.0
chr11q::loss,CORE01,CORE02,18,14,0.0,0.07142857142857142,-0.07142857142857142,0.24324324,0.00918346,6.44280536,0.4375,1.0
chr11q::loss,CORE01,CORE03,18,11,0.0,0.0,0.0,0.62162162,0.01151712,33.55121378,1.0,1.0
chr11q::loss,CORE01,CORE04,18,11,0.0,0.0,0.0,0.62162162,0.01151712,33.55121378,1.0,1.0
chr11q::loss,CORE01,CORE05,18,5,0.0,0.0,0.0,0.2972973,0.00526358,16.79194606,1.0,1.0
chr11q::loss,CORE02,CORE03,14,11,0.07142857142857142,0.0,0.07142857142857142,2.55555556,0.09464531,69.0035712,1.0,1.0
chr11q::loss,CORE02,CORE04,14,11,0.07142857142857142,0.0,0.07142857142857142,2.55555556,0.09464531,69.0035712,1.0,1.0
chr11q::loss,CORE02,CORE05,14,5,0.07142857142857142,0.0,0.07142857142857142,1.22222222,0.04285016,34.8616506,1.0,1.0
chr11q::loss,CORE03,CORE04,11,11,0.0,0.0,0.0,1.0,0.01823686,54.83401542,1.0,1.0
chr11q::loss,CORE03,CORE05,11,5,0.0,0.0,0.0,0.47826087,0.00833612,27.4388437,1.0,1.0
chr11q::loss,CORE04,CORE05,11,5,0.0,0.0,0.0,0.47826087,0.00833612,27.4388437,1.0,1.0
chr11q::gain,CORE01,CORE02,18,14,0.0,0.0,0.0,0.78378378,0.01464809,41.93836444,1.0,1.0
chr11q::gain,CORE01,CORE03,18,11,0.0,0.18181818181818182,-0.18181818181818182,0.1027027,0.00446494,2.36236897,0.13546798,1.0
chr11q::gain,CORE01,CORE04,18,11,0.0,0.0,0.0,0.62162162,0.01151712,33.55121378,1.0,1.0
chr11q::gain,CORE01,CORE05,18,5,0.0,0.0,0.0,0.2972973,0.00526358,16.79194606,1.0,1.0
chr11q::gain,CORE02,CORE03,14,11,0.0,0.18181818181818182,-0.18181818181818182,0.13103448,0.00564493,3.04167462,0.18333333,1.0
chr11q::gain,CORE02,CORE04,14,11,0.0,0.0,0.0,0.79310345,0.01458921,43.1149501,1.0,1.0
chr11q::gain,CORE02,CORE05,14,5,0.0,0.0,0.0,0.37931034,0.00666812,21.57673143,1.0,1.0
chr11q::gain,CORE03,CORE04,11,11,0.18181818181818182,0.0,0.18181818181818182,6.05263158,0.25790095,142.04813753,0.47619048,1.0
chr11q::gain,CORE03,CORE05,11,5,0.18181818181818182,0.0,0.18181818181818182,2.89473684,0.11648411,71.93686076,1.0,1.0
chr11q::gain,CORE04,CORE05,11,5,0.0,0.0,0.0,0.47826087,0.00833612,27.4388437,1.0,1.0
chr12p::loss,CORE01,CORE02,18,14,0.0,0.0,0.0,0.78378378,0.01464809,41.93836444,1.0,1.0
chr12p::loss,CORE01,CORE03,18,11,0.0,0.0,0.0,0.62162162,0.01151712,33.55121378,1.0,1.0
chr12p::loss,CORE01,CORE04,18,11,0.0,0.0,0.0,0.62162162,0.01151712,33.55121378,1.0,1.0
chr12p::loss,CORE01,CORE05,18,5,0.0,0.0,0.0,0.2972973,0.00526358,16.79194606,1.0,1.0
chr12p::loss,CORE02,CORE03,14,11,0.0,0.0,0.0,0.79310345,0.01458921,43.1149501,1.0,1.0
chr12p::loss,CORE02,CORE04,14,11,0.0,0.0,0.0,0.79310345,0.01458921,43.1149501,1.0,1.0
chr12p::loss,CORE02,CORE05,14,5,0.0,0.0,0.0,0.37931034,0.00666812,21.57673143,1.0,1.0
chr12p::loss,CORE03,CORE04,11,11,0.0,0.0,0.0,1.0,0.01823686,54.83401542,1.0,1.0
chr12p::loss,CORE03,CORE05,11,5,0.0,0.0,0.0,0.47826087,0.00833612,27.4388437,1.0,1.0
chr12p::loss,CORE04,CORE05,11,5,0.0,0.0,0.0,0.47826087,0.00833612,27.4388437,1.0,1.0
chr12p::gain,CORE01,CORE02,18,14,0.05555555555555555,0.2857142857142857,-0.23015873015873015,0.2,0.02706609,1.47786376,0.14196329,1.0
chr12p::gain,CORE01,CORE03,18,11,0.05555555555555555,0.2727272727272727,-0.21717171717171715,0.20816327,0.02598252,1.66773459,0.13894152,1.0
chr12p::gain,CORE01,CORE04,18,11,0.05555555555555555,0.09090909090909091,-0.03535353535353536,0.6,0.05503052,6.541824,1.0,1.0
chr12p::gain,CORE01,CORE05,18,5,0.05555555555555555,0.2,-0.14444444444444446,0.25714286,0.02134009,3.09850877,0.39525692,1.0
chr12p::gain,CORE02,CORE03,14,11,0.2857142857142857,0.2727272727272727,0.012987012987012991,1.04081633,0.19709715,5.49626728,1.0,1.0
chr12p::gain,CORE02,CORE04,14,11,0.2857142857142857,0.09090909090909091,0.1948051948051948,3.0,0.39153489,22.98645701,0.34057971,1.0
chr12p::gain,CORE02,CORE05,14,5,0.2857142857142857,0.2,0.08571428571428569,1.28571429,0.1493548,11.06801532,1.0,1.0
chr12p::gain,CORE03,CORE04,11,11,0.2727272727272727,0.09090909090909091,0.1818181818181818,2.88235294,0.34743979,23.91193724,0.58646617,1.0
chr12p::gain,CORE03,CORE05,11,5,0.2727272727272727,0.2,0.0727272727272727,1.23529412,0.13308547,11.46595162,1.0,1.0
chr12p::gain,CORE04,CORE05,11,5,0.09090909090909091,0.2,-0.1090909090909091,0.42857143,0.03454236,5.31733986,1.0,1.0
chr12q::loss,CORE01,CORE02,18,14,0.0,0.0,0.0,0.78378378,0.01464809,41.93836444,1.0,1.0
chr12q::loss,CORE01,CORE03,18,11,0.0,0.0,0.0,0.62162162,0.01151712,33.55121378,1.0,1.0
chr12q::loss,CORE01,CORE04,18,11,0.0,0.0,0.0,0.62162162,0.01151712,33.55121378,1.0,1.0
chr12q::loss,CORE01,CORE05,18,5,0.0,0.0,0.0,0.2972973,0.00526358,16.79194606,1.0,1.0
chr12q::loss,CORE02,CORE03,14,11,0.0,0.0,0.0,0.79310345,0.01458921,43.1149501,1.0,1.0
chr12q::loss,CORE02,CORE04,14,11,0.0,0.0,0.0,0.79310345,0.01458921,43.1149501,1.0,1.0
chr12q::loss,CORE02,CORE05,14,5,0.0,0.0,0.0,0.37931034,0.00666812,21.57673143,1.0,1.0
chr12q::loss,CORE03,CORE04,11,11,0.0,0.0,0.0,1.0,0.01823686,54.83401542,1.0,1.0
chr12q::loss,CORE03,CORE05,11,5,0.0,0.0,0.0,0.47826087,0.00833612,27.4388437,1.0,1.0
chr12q::loss,CORE04,CORE05,11,5,0.0,0.0,0.0,0.47826087,0.00833612,27.4388437,1.0,1.0
chr12q::gain,CORE01,CORE02,18,14,0.1111111111111111,0.2857142857142857,-0.1746031746031746,0.35353535,0.06274666,1.99193475,0.36494253,1.0
chr12q::gain,CORE01,CORE03,18,11,0.1111111111111111,0.2727272727272727,-0.1616161616161616,0.36796537,0.05951163,2.27516038,0.33863837,1.0
chr12q::gain,CORE01,CORE04,18,11,0.1111111111111111,0.09090909090909091,0.020202020202020193,1.06060606,0.12144706,9.26235043,1.0,1.0
chr12q::gain,CORE01,CORE05,18,5,0.1111111111111111,0.0,0.1111111111111111,1.66666667,0.06888897,40.32253608,1.0,1.0
chr12q::gain,CORE02,CORE03,14,11,0.2857142857142857,0.2727272727272727,0.012987012987012991,1.04081633,0.19709715,5.49626728,1.0,1.0
chr12q::gain,CORE02,CORE04,14,11,0.2857142857142857,0.09090909090909091,0.1948051948051948,3.0,0.39153489,22.98645701,0.34057971,1.0
chr12q::gain,CORE02,CORE05,14,5,0.2857142857142857,0.0,0.2857142857142857,4.71428571,0.21267556,104.49950101,0.53044376,1.0
chr12q::gain,CORE03,CORE04,11,11,0.2727272727272727,0.09090909090909091,0.1818181818181818,2.88235294,0.34743979,23.91193724,0.58646617,1.0
chr12q::gain,CORE03,CORE05,11,5,0.2727272727272727,0.0,0.2727272727272727,4.52941176,0.19382635,105.84511012,0.50892857,1.0
chr12q::gain,CORE04,CORE05,11,5,0.09090909090909091,0.0,0.09090909090909091,1.57142857,0.05442988,45.36823621,1.0,1.0
chr13p::loss,CORE01,CORE02,18,14,0.0,0.0,0.0,0.78378378,0.01464809,41.93836444,1.0,1.0
chr13p::loss,CORE01,CORE03,18,11,0.0,0.0,0.0,0.62162162,0.01151712,33.55121378,1.0,1.0
chr13p::loss,CORE01,CORE04,18,11,0.0,0.0,0.0,0.62162162,0.01151712,33.55121378,1.0,1.0
chr13p::loss,CORE01,CORE05,18,5,0.0,0.0,0.0,0.2972973,0.00526358,16.79194606,1.0,1.0
chr13p::loss,CORE02,CORE03,14,11,0.0,0.0,0.0,0.79310345,0.01458921,43.1149501,1.0,1.0
chr13p::loss,CORE02,CORE04,14,11,0.0,0.0,0.0,0.79310345,0.01458921,43.1149501,1.0,1.0
chr13p::loss,CORE02,CORE05,14,5,0.0,0.0,0.0,0.37931034,0.00666812,21.57673143,1.0,1.0
chr13p::loss,CORE03,CORE04,11,11,0.0,0.0,0.0,1.0,0.01823686,54.83401542,1.0,1.0
chr13p::loss,CORE03,CORE05,11,5,0.0,0.0,0.0,0.47826087,0.00833612,27.4388437,1.0,1.0
chr13p::loss,CORE04,CORE05,11,5,0.0,0.0,0.0,0.47826087,0.00833612,27.4388437,1.0,1.0
chr13p::gain,CORE01,CORE02,18,14,0.0,0.0,0.0,0.78378378,0.01464809,41.93836444,1.0,1.0
chr13p::gain,CORE01,CORE03,18,11,0.0,0.0,0.0,0.62162162,0.01151712,33.55121378,1.0,1.0
chr13p::gain,CORE01,CORE04,18,11,0.0,0.0,0.0,0.62162162,0.01151712,33.55121378,1.0,1.0
chr13p::gain,CORE01,CORE05,18,5,0.0,0.0,0.0,0.2972973,0.00526358,16.79194606,1.0,1.0
chr13p::gain,CORE02,CORE03,14,11,0.0,0.0,0.0,0.79310345,0.01458921,43.1149501,1.0,1.0
chr13p::gain,CORE02,CORE04,14,11,0.0,0.0,0.0,0.79310345,0.01458921,43.1149501,1.0,1.0
chr13p::gain,CORE02,CORE05,14,5,0.0,0.0,0.0,0.37931034,0.00666812,21.57673143,1.0,1.0
chr13p::gain,CORE03,CORE04,11,11,0.0,0.0,0.0,1.0,0.01823686,54.83401542,1.0,1.0
chr13p::gain,CORE03,CORE05,11,5,0.0,0.0,0.0,0.47826087,0.00833612,27.4388437,1.0,1.0
chr13p::gain,CORE04,CORE05,11,5,0.0,0.0,0.0,0.47826087,0.00833612,27.4388437,1.0,1.0
chr13q::loss,CORE01,CORE02,18,14,0.05555555555555555,0.14285714285714285,-0.0873015873015873,0.42857143,0.04989794,3.68098329,0.56814516,1.0
chr13q::loss,CORE01,CORE03,18,11,0.05555555555555555,0.09090909090909091,-0.03535353535353536,0.6,0.05503052,6.541824,1.0,1.0
chr13q::loss,CORE01,CORE04,18,11,0.05555555555555555,0.0,0.05555555555555555,1.97142857,0.07373718,52.70787957,1.0,1.0
chr13q::loss,CORE01,CORE05,18,5,0.05555555555555555,0.2,-0.14444444444444446,0.25714286,0.02134009,3.09850877,0.39525692,1.0
chr13q::loss,CORE02,CORE03,14,11,0.14285714285714285,0.09090909090909091,0.05194805194805194,1.4,0.15758866,12.43744325,1.0,1.0
chr13q::loss,CORE02,CORE04,14,11,0.14285714285714285,0.0,0.14285714285714285,4.6,0.19904951,106.30520851,0.48666667,1.0
chr13q::loss,CORE02,CORE05,14,5,0.14285714285714285,0.2,-0.05714285714285716,0.6,0.06056632,5.94389754,1.0,1.0
chr13q::loss,CORE03,CORE04,11,11,0.09090909090909091,0.0,0.09090909090909091,3.28571429,0.12019791,89.81785668,1.0,1.0
chr13q::loss,CORE03,CORE05,11,5,0.09090909090909091,0.2,-0.1090909090909091,0.42857143,0.03454236,5.31733986,1.0,1.0
chr13q::loss,CORE04,CORE05,11,5,0.0,0.2,-0.2,0.13043478,0.00443598,3.83528324,0.3125,1.0
chr13q::gain,CORE01,CORE02,18,14,0.0,0.0,0.0,0.78378378,0.01464809,41.93836444,1.0,1.0
chr13q::gain,CORE01,CORE03,18,11,0.0,0.0,0.0,0.62162162,0.01151712,33.55121378,1.0,1.0
chr13q::gain,CORE01,CORE04,18,11,0.0,0.0,0.0,0.62162162,0.01151712,33.55121378,1.0,1.0
chr13q::gain,CORE01,CORE05,18,5,0.0,0.0,0.0,0.2972973,0.00526358,16.79194606,1.0,1.0
chr13q::gain,CORE02,CORE03,14,11,0.0,0.0,0.0,0.79310345,0.01458921,43.1149501,1.0,1.0
chr13q::gain,CORE02,CORE04,14,11,0.0,0.0,0.0,0.79310345,0.01458921,43.1149501,1.0,1.0
chr13q::gain,CORE02,CORE05,14,5,0.0,0.0,0.0,0.37931034,0.00666812,21.57673143,1.0,1.0
chr13q::gain,CORE03,CORE04,11,11,0.0,0.0,0.0,1.0,0.01823686,54.83401542,1.0,1.0
chr13q::gain,CORE03,CORE05,11,5,0.0,0.0,0.0,0.47826087,0.00833612,27.4388437,1.0,1.0
chr13q::gain,CORE04,CORE05,11,5,0.0,0.0,0.0,0.47826087,0.00833612,27.4388437,1.0,1.0
chr14p::loss,CORE01,CORE02,18,14,0.0,0.0,0.0,0.78378378,0.01464809,41.93836444,1.0,1.0
chr14p::loss,CORE01,CORE03,18,11,0.0,0.0,0.0,0.62162162,0.01151712,33.55121378,1.0,1.0
chr14p::loss,CORE01,CORE04,18,11,0.0,0.0,0.0,0.62162162,0.01151712,33.55121378,1.0,1.0
chr14p::loss,CORE01,CORE05,18,5,0.0,0.0,0.0,0.2972973,0.00526358,16.79194606,1.0,1.0
chr14p::loss,CORE02,CORE03,14,11,0.0,0.0,0.0,0.79310345,0.01458921,43.1149501,1.0,1.0
chr14p::loss,CORE02,CORE04,14,11,0.0,0.0,0.0,0.79310345,0.01458921,43.1149501,1.0,1.0
chr14p::loss,CORE02,CORE05,14,5,0.0,0.0,0.0,0.37931034,0.00666812,21.57673143,1.0,1.0
chr14p::loss,CORE03,CORE04,11,11,0.0,0.0,0.0,1.0,0.01823686,54.83401542,1.0,1.0
chr14p::loss,CORE03,CORE05,11,5,0.0,0.0,0.0,0.47826087,0.00833612,27.4388437,1.0,1.0
chr14p::loss,CORE04,CORE05,11,5,0.0,0.0,0.0,0.47826087,0.00833612,27.4388437,1.0,1.0
chr14p::gain,CORE01,CORE02,18,14,0.0,0.0,0.0,0.78378378,0.01464809,41.93836444,1.0,1.0
chr14p::gain,CORE01,CORE03,18,11,0.0,0.0,0.0,0.62162162,0.01151712,33.55121378,1.0,1.0
chr14p::gain,CORE01,CORE04,18,11,0.0,0.0,0.0,0.62162162,0.01151712,33.55121378,1.0,1.0
chr14p::gain,CORE01,CORE05,18,5,0.0,0.0,0.0,0.2972973,0.00526358,16.79194606,1.0,1.0
chr14p::gain,CORE02,CORE03,14,11,0.0,0.0,0.0,0.79310345,0.01458921,43.1149501,1.0,1.0
chr14p::gain,CORE02,CORE04,14,11,0.0,0.0,0.0,0.79310345,0.01458921,43.1149501,1.0,1.0
chr14p::gain,CORE02,CORE05,14,5,0.0,0.0,0.0,0.37931034,0.00666812,21.57673143,1.0,1.0
chr14p::gain,CORE03,CORE04,11,11,0.0,0.0,0.0,1.0,0.01823686,54.83401542,1.0,1.0
chr14p::gain,CORE03,CORE05,11,5,0.0,0.0,0.0,0.47826087,0.00833612,27.4388437,1.0,1.0
chr14p::gain,CORE04,CORE05,11,5,0.0,0.0,0.0,0.47826087,0.00833612,27.4388437,1.0,1.0
chr14q::loss,CORE01,CORE02,18,14,0.16666666666666666,0.42857142857142855,-0.26190476190476186,0.29528536,0.06295958,1.38491147,0.1316574,1.0
chr14q::loss,CORE01,CORE03,18,11,0.16666666666666666,0.36363636363636365,-0.196969696969697,0.37634409,0.07252178,1.95299779,0.37458194,1.0
chr14q::loss,CORE01,CORE04,18,11,0.16666666666666666,0.5454545454545454,-0.3787878787878788,0.191067,0.03768931,0.96861953,0.04784091,1.0
chr14q::loss,CORE01,CORE05,18,5,0.16666666666666666,0.6,-0.43333333333333335,0.16129032,0.02193955,1.1857382,0.08859104,1.0
chr14q::loss,CORE02,CORE03,14,11,0.42857142857142855,0.36363636363636365,0.0649350649350649,1.2745098,0.26995715,6.01715943,1.0,1.0
chr14q::loss,CORE02,CORE04,14,11,0.42857142857142855,0.5454545454545454,-0.11688311688311687,0.64705882,0.14049881,2.97999047,0.69509759,1.0
chr14q::loss,CORE02,CORE05,14,5,0.42857142857142855,0.6,-0.17142857142857143,0.54621849,0.08027147,3.71682057,0.62848297,1.0
chr14q::loss,CORE03,CORE04,11,11,0.36363636363636365,0.5454545454545454,-0.18181818181818177,0.50769231,0.09951802,2.58999809,0.66992141,1.0
chr14q::loss,CORE03,CORE05,11,5,0.36363636363636365,0.6,-0.23636363636363633,0.42857143,0.05799877,3.16685092,0.59615385,1.0
chr14q::loss,CORE04,CORE05,11,5,0.5454545454545454,0.6,-0.054545454545454564,0.84415584,0.11645406,6.11914329,1.0,1.0
chr14q::gain,CORE01,CORE02,18,14,0.0,0.0,0.0,0.78378378,0.01464809,41.93836444,1.0,1.0
chr14q::gain,CORE01,CORE03,18,11,0.0,0.18181818181818182,-0.18181818181818182,0.1027027,0.00446494,2.36236897,0.13546798,1.0
chr14q::gain,CORE01,CORE04,18,11,0.0,0.0,0.0,0.62162162,0.01151712,33.55121378,1.0,1.0
chr14q::gain,CORE01,CORE05,18,5,0.0,0.0,0.0,0.2972973,0.00526358,16.79194606,1.0,1.0
chr14q::gain,CORE02,CORE03,14,11,0.0,0.18181818181818182,-0.18181818181818182,0.13103448,0.00564493,3.04167462,0.18333333,1.0
chr14q::gain,CORE02,CORE04,14,11,0.0,0.0,0.0,0.79310345,0.01458921,43.1149501,1.0,1.0
chr14q::gain,CORE02,CORE05,14,5,0.0,0.0,0.0,0.37931034,0.00666812,21.57673143,1.0,1.0
chr14q::gain,CORE03,CORE04,11,11,0.18181818181818182,0.0,0.18181818181818182,6.05263158,0.25790095,142.04813753,0.47619048,1.0
chr14q::gain,CORE03,CORE05,11,5,0.18181818181818182,0.0,0.18181818181818182,2.89473684,0.11648411,71.93686076,1.0,1.0
chr14q::gain,CORE04,CORE05,11,5,0.0,0.0,0.0,0.47826087,0.00833612,27.4388437,1.0,1.0
chr15p::loss,CORE01,CORE02,18,14,0.0,0.0,0.0,0.78378378,0.01464809,41.93836444,1.0,1.0
chr15p::loss,CORE01,CORE03,18,11,0.0,0.0,0.0,0.62162162,0.01151712,33.55121378,1.0,1.0
chr15p::loss,CORE01,CORE04,18,11,0.0,0.0,0.0,0.62162162,0.01151712,33.55121378,1.0,1.0
chr15p::loss,CORE01,CORE05,18,5,0.0,0.0,0.0,0.2972973,0.00526358,16.79194606,1.0,1.0
chr15p::loss,CORE02,CORE03,14,11,0.0,0.0,0.0,0.79310345,0.01458921,43.1149501,1.0,1.0
chr15p::loss,CORE02,CORE04,14,11,0.0,0.0,0.0,0.79310345,0.01458921,43.1149501,1.0,1.0
chr15p::loss,CORE02,CORE05,14,5,0.0,0.0,0.0,0.37931034,0.00666812,21.57673143,1.0,1.0
chr15p::loss,CORE03,CORE04,11,11,0.0,0.0,0.0,1.0,0.01823686,54.83401542,1.0,1.0
chr15p::loss,CORE03,CORE05,11,5,0.0,0.0,0.0,0.47826087,0.00833612,27.4388437,1.0,1.0
chr15p::loss,CORE04,CORE05,11,5,0.0,0.0,0.0,0.47826087,0.00833612,27.4388437,1.0,1.0
chr15p::gain,CORE01,CORE02,18,14,0.0,0.0,0.0,0.78378378,0.01464809,41.93836444,1.0,1.0
chr15p::gain,CORE01,CORE03,18,11,0.0,0.0,0.0,0.62162162,0.01151712,33.55121378,1.0,1.0
chr15p::gain,CORE01,CORE04,18,11,0.0,0.0,0.0,0.62162162,0.01151712,33.55121378,1.0,1.0
chr15p::gain,CORE01,CORE05,18,5,0.0,0.0,0.0,0.2972973,0.00526358,16.79194606,1.0,1.0
chr15p::gain,CORE02,CORE03,14,11,0.0,0.0,0.0,0.79310345,0.01458921,43.1149501,1.0,1.0
chr15p::gain,CORE02,CORE04,14,11,0.0,0.0,0.0,0.79310345,0.01458921,43.1149501,1.0,1.0
chr15p::gain,CORE02,CORE05,14,5,0.0,0.0,0.0,0.37931034,0.00666812,21.57673143,1.0,1.0
chr15p::gain,CORE03,CORE04,11,11,0.0,0.0,0.0,1.0,0.01823686,54.83401542,1.0,1.0
chr15p::gain,CORE03,CORE05,11,5,0.0,0.0,0.0,0.47826087,0.00833612,27.4388437,1.0,1.0
chr15p::gain,CORE04,CORE05,11,5,0.0,0.0,0.0,0.47826087,0.00833612,27.4388437,1.0,1.0
chr15q::loss,CORE01,CORE02,18,14,0.0,0.07142857142857142,-0.07142857142857142,0.24324324,0.00918346,6.44280536,0.4375,1.0
chr15q::loss,CORE01,CORE03,18,11,0.0,0.0,0.0,0.62162162,0.01151712,33.55121378,1.0,1.0
chr15q::loss,CORE01,CORE04,18,11,0.0,0.0,0.0,0.62162162,0.01151712,33.55121378,1.0,1.0
chr15q::loss,CORE01,CORE05,18,5,0.0,0.0,0.0,0.2972973,0.00526358,16.79194606,1.0,1.0
chr15q::loss,CORE02,CORE03,14,11,0.07142857142857142,0.0,0.07142857142857142,2.55555556,0.09464531,69.0035712,1.0,1.0
chr15q::loss,CORE02,CORE04,14,11,0.07142857142857142,0.0,0.07142857142857142,2.55555556,0.09464531,69.0035712,1.0,1.0
chr15q::loss,CORE02,CORE05,14,5,0.07142857142857142,0.0,0.07142857142857142,1.22222222,0.04285016,34.8616506,1.0,1.0
chr15q::loss,CORE03,CORE04,11,11,0.0,0.0,0.0,1.0,0.01823686,54.83401542,1.0,1.0
chr15q::loss,CORE03,CORE05,11,5,0.0,0.0,0.0,0.47826087,0.00833612,27.4388437,1.0,1.0
chr15q::loss,CORE04,CORE05,11,5,0.0,0.0,0.0,0.47826087,0.00833612,27.4388437,1.0,1.0
chr15q::gain,CORE01,CORE02,18,14,0.0,0.0,0.0,0.78378378,0.01464809,41.93836444,1.0,1.0
chr15q::gain,CORE01,CORE03,18,11,0.0,0.18181818181818182,-0.18181818181818182,0.1027027,0.00446494,2.36236897,0.13546798,1.0
chr15q::gain,CORE01,CORE04,18,11,0.0,0.0,0.0,0.62162162,0.01151712,33.55121378,1.0,1.0
chr15q::gain,CORE01,CORE05,18,5,0.0,0.0,0.0,0.2972973,0.00526358,16.79194606,1.0,1.0
chr15q::gain,CORE02,CORE03,14,11,0.0,0.18181818181818182,-0.18181818181818182,0.13103448,0.00564493,3.04167462,0.18333333,1.0
chr15q::gain,CORE02,CORE04,14,11,0.0,0.0,0.0,0.79310345,0.01458921,43.1149501,1.0,1.0
chr15q::gain,CORE02,CORE05,14,5,0.0,0.0,0.0,0.37931034,0.00666812,21.57673143,1.0,1.0
chr15q::gain,CORE03,CORE04,11,11,0.18181818181818182,0.0,0.18181818181818182,6.05263158,0.25790095,142.04813753,0.47619048,1.0
chr15q::gain,CORE03,CORE05,11,5,0.18181818181818182,0.0,0.18181818181818182,2.89473684,0.11648411,71.93686076,1.0,1.0
chr15q::gain,CORE04,CORE05,11,5,0.0,0.0,0.0,0.47826087,0.00833612,27.4388437,1.0,1.0
chr16p::loss,CORE01,CORE02,18,14,0.0,0.0,0.0,0.78378378,0.01464809,41.93836444,1.0,1.0
chr16p::loss,CORE01,CORE03,18,11,0.0,0.0,0.0,0.62162162,0.01151712,33.55121378,1.0,1.0
chr16p::loss,CORE01,CORE04,18,11,0.0,0.0,0.0,0.62162162,0.01151712,33.55121378,1.0,1.0
chr16p::loss,CORE01,CORE05,18,5,0.0,0.2,-0.2,0.08108108,0.00280967,2.33982447,0.2173913,1.0
chr16p::loss,CORE02,CORE03,14,11,0.0,0.0,0.0,0.79310345,0.01458921,43.1149501,1.0,1.0
chr16p::loss,CORE02,CORE04,14,11,0.0,0.0,0.0,0.79310345,0.01458921,43.1149501,1.0,1.0
chr16p::loss,CORE02,CORE05,14,5,0.0,0.2,-0.2,0.10344828,0.00355439,3.01079927,0.26315789,1.0
chr16p::loss,CORE03,CORE04,11,11,0.0,0.0,0.0,1.0,0.01823686,54.83401542,1.0,1.0
chr16p::loss,CORE03,CORE05,11,5,0.0,0.2,-0.2,0.13043478,0.00443598,3.83528324,0.3125,1.0
chr16p::loss,CORE04,CORE05,11,5,0.0,0.2,-0.2,0.13043478,0.00443598,3.83528324,0.3125,1.0
chr16p::gain,CORE01,CORE02,18,14,0.05555555555555555,0.21428571428571427,-0.15873015873015872,0.28163265,0.03616998,2.19289425,0.29513348,1.0
chr16p::gain,CORE01,CORE03,18,11,0.05555555555555555,0.45454545454545453,-0.398989898989899,0.1012987,0.01347224,0.76167216,0.01847922,1.0
chr16p::gain,CORE01,CORE04,18,11,0.05555555555555555,0.0,0.05555555555555555,1.97142857,0.07373718,52.70787957,1.0,1.0
chr16p::gain,CORE01,CORE05,18,5,0.05555555555555555,0.0,0.05555555555555555,0.94285714,0.0333787,26.63313897,1.0,1.0
chr16p::gain,CORE02,CORE03,14,11,0.21428571428571427,0.45454545454545453,-0.24025974025974026,0.35968379,0.06910571,1.87209464,0.38916857,1.0
chr16p::gain,CORE02,CORE04,14,11,0.21428571428571427,0.0,0.21428571428571427,7.0,0.32368098,151.38362317,0.23,1.0
chr16p::gain,CORE02,CORE05,14,5,0.21428571428571427,0.0,0.21428571428571427,3.34782609,0.14597623,76.77920945,0.53044376,1.0
chr16p::gain,CORE03,CORE04,11,11,0.45454545454545453,0.0,0.45454545454545453,19.46153846,0.92103714,411.22280856,0.03508772,1.0
chr16p::gain,CORE03,CORE05,11,5,0.45454545454545453,0.0,0.45454545454545453,9.30769231,0.41519466,208.65667418,0.11858974,1.0
chr16p::gain,CORE04,CORE05,11,5,0.0,0.0,0.0,0.47826087,0.00833612,27.4388437,1.0,1.0
chr16q::loss,CORE01,CORE02,18,14,0.0,0.0,0.0,0.78378378,0.01464809,41.93836444,1.0,1.0
chr16q::loss,CORE01,CORE03,18,11,0.0,0.0,0.0,0.62162162,0.01151712,33.55121378,1.0,1.0
chr16q::loss,CORE01,CORE04,18,11,0.0,0.0,0.0,0.62162162,0.01151712,33.55121378,1.0,1.0
chr16q::loss,CORE01,CORE05,18,5,0.0,0.2,-0.2,0.08108108,0.00280967,2.33982447,0.2173913,1.0
chr16q::loss,CORE02,CORE03,14,11,0.0,0.0,0.0,0.79310345,0.01458921,43.1149501,1.0,1.0
chr16q::loss,CORE02,CORE04,14,11,0.0,0.0,0.0,0.79310345,0.01458921,43.1149501,1.0,1.0
chr16q::loss,CORE02,CORE05,14,5,0.0,0.2,-0.2,0.10344828,0.00355439,3.01079927,0.26315789,1.0
chr16q::loss,CORE03,CORE04,11,11,0.0,0.0,0.0,1.0,0.01823686,54.83401542,1.0,1.0
chr16q::loss,CORE03,CORE05,11,5,0.0,0.2,-0.2,0.13043478,0.00443598,3.83528324,0.3125,1.0
chr16q::loss,CORE04,CORE05,11,5,0.0,0.2,-0.2,0.13043478,0.00443598,3.83528324,0.3125,1.0
chr16q::gain,CORE01,CORE02,18,14,0.05555555555555555,0.21428571428571427,-0.15873015873015872,0.28163265,0.03616998,2.19289425,0.29513348,1.0
chr16q::gain,CORE01,CORE03,18,11,0.05555555555555555,0.36363636363636365,-0.30808080808080807,0.14285714,0.01864452,1.09459319,0.05390931,1.0
chr16q::gain,CORE01,CORE04,18,11,0.05555555555555555,0.0,0.05555555555555555,1.97142857,0.07373718,52.70787957,1.0,1.0
chr16q::gain,CORE01,CORE05,18,5,0.05555555555555555,0.0,0.05555555555555555,0.94285714,0.0333787,26.63313897,1.0,1.0
chr16q::gain,CORE02,CORE03,14,11,0.21428571428571427,0.36363636363636365,-0.14935064935064937,0.50724638,0.09524073,2.70156352,0.65640732,1.0
chr16q::gain,CORE02,CORE04,14,11,0.21428571428571427,0.0,0.21428571428571427,7.0,0.32368098,151.38362317,0.23,1.0
chr16q::gain,CORE02,CORE05,14,5,0.21428571428571427,0.0,0.21428571428571427,3.34782609,0.14597623,76.77920945,0.53044376,1.0
chr16q::gain,CORE03,CORE04,11,11,0.36363636363636365,0.0,0.36363636363636365,13.8,0.64498714,295.26170201,0.09022556,1.0
chr16q::gain,CORE03,CORE05,11,5,0.36363636363636365,0.0,0.36363636363636365,6.6,0.29082284,149.78191037,0.24450549,1.0
chr16q::gain,CORE04,CORE05,11,5,0.0,0.0,0.0,0.47826087,0.00833612,27.4388437,1.0,1.0
chr17p::loss,CORE01,CORE02,18,14,0.0,0.07142857142857142,-0.07142857142857142,0.24324324,0.00918346,6.44280536,0.4375,1.0
chr17p::loss,CORE01,CORE03,18,11,0.0,0.18181818181818182,-0.18181818181818182,0.1027027,0.00446494,2.36236897,0.13546798,1.0
chr17p::loss,CORE01,CORE04,18,11,0.0,0.0,0.0,0.62162162,0.01151712,33.55121378,1.0,1.0
chr17p::loss,CORE01,CORE05,18,5,0.0,0.0,0.0,0.2972973,0.00526358,16.79194606,1.0,1.0
chr17p::loss,CORE02,CORE03,14,11,0.07142857142857142,0.18181818181818182,-0.1103896103896104,0.42222222,0.04735587,3.76450947,0.56478261,1.0
chr17p::loss,CORE02,CORE04,14,11,0.07142857142857142,0.0,0.07142857142857142,2.55555556,0.09464531,69.0035712,1.0,1.0
chr17p::loss,CORE02,CORE05,14,5,0.07142857142857142,0.0,0.07142857142857142,1.22222222,0.04285016,34.8616506,1.0,1.0
chr17p::loss,CORE03,CORE04,11,11,0.18181818181818182,0.0,0.18181818181818182,6.05263158,0.25790095,142.04813753,0.47619048,1.0
chr17p::loss,CORE03,CORE05,11,5,0.18181818181818182,0.0,0.18181818181818182,2.89473684,0.11648411,71.93686076,1.0,1.0
chr17p::loss,CORE04,CORE05,11,5,0.0,0.0,0.0,0.47826087,0.00833612,27.4388437,1.0,1.0
chr17p::gain,CORE01,CORE02,18,14,0.0,0.0,0.0,0.78378378,0.01464809,41.93836444,1.0,1.0
chr17p::gain,CORE01,CORE03,18,11,0.0,0.0,0.0,0.62162162,0.01151712,33.55121378,1.0,1.0
chr17p::gain,CORE01,CORE04,18,11,0.0,0.0,0.0,0.62162162,0.01151712,33.55121378,1.0,1.0
chr17p::gain,CORE01,CORE05,18,5,0.0,0.0,0.0,0.2972973,0.00526358,16.79194606,1.0,1.0
chr17p::gain,CORE02,CORE03,14,11,0.0,0.0,0.0,0.79310345,0.01458921,43.1149501,1.0,1.0
chr17p::gain,CORE02,CORE04,14,11,0.0,0.0,0.0,0.79310345,0.01458921,43.1149501,1.0,1.0
chr17p::gain,CORE02,CORE05,14,5,0.0,0.0,0.0,0.37931034,0.00666812,21.57673143,1.0,1.0
chr17p::gain,CORE03,CORE04,11,11,0.0,0.0,0.0,1.0,0.01823686,54.83401542,1.0,1.0
chr17p::gain,CORE03,CORE05,11,5,0.0,0.0,0.0,0.47826087,0.00833612,27.4388437,1.0,1.0
chr17p::gain,CORE04,CORE05,11,5,0.0,0.0,0.0,0.47826087,0.00833612,27.4388437,1.0,1.0
chr17q::loss,CORE01,CORE02,18,14,0.0,0.0,0.0,0.78378378,0.01464809,41.93836444,1.0,1.0
chr17q::loss,CORE01,CORE03,18,11,0.0,0.18181818181818182,-0.18181818181818182,0.1027027,0.00446494,2.36236897,0.13546798,1.0
chr17q::loss,CORE01,CORE04,18,11,0.0,0.0,0.0,0.62162162,0.01151712,33.55121378,1.0,1.0
chr17q::loss,CORE01,CORE05,18,5,0.0,0.0,0.0,0.2972973,0.00526358,16.79194606,1.0,1.0
chr17q::loss,CORE02,CORE03,14,11,0.0,0.18181818181818182,-0.18181818181818182,0.13103448,0.00564493,3.04167462,0.18333333,1.0
chr17q::loss,CORE02,CORE04,14,11,0.0,0.0,0.0,0.79310345,0.01458921,43.1149501,1.0,1.0
chr17q::loss,CORE02,CORE05,14,5,0.0,0.0,0.0,0.37931034,0.00666812,21.57673143,1.0,1.0
chr17q::loss,CORE03,CORE04,11,11,0.18181818181818182,0.0,0.18181818181818182,6.05263158,0.25790095,142.04813753,0.47619048,1.0
chr17q::loss,CORE03,CORE05,11,5,0.18181818181818182,0.0,0.18181818181818182,2.89473684,0.11648411,71.93686076,1.0,1.0
chr17q::loss,CORE04,CORE05,11,5,0.0,0.0,0.0,0.47826087,0.00833612,27.4388437,1.0,1.0
chr17q::gain,CORE01,CORE02,18,14,0.0,0.0,0.0,0.78378378,0.01464809,41.93836444,1.0,1.0
chr17q::gain,CORE01,CORE03,18,11,0.0,0.0,0.0,0.62162162,0.01151712,33.55121378,1.0,1.0
chr17q::gain,CORE01,CORE04,18,11,0.0,0.0,0.0,0.62162162,0.01151712,33.55121378,1.0,1.0
chr17q::gain,CORE01,CORE05,18,5,0.0,0.0,0.0,0.2972973,0.00526358,16.79194606,1.0,1.0
chr17q::gain,CORE02,CORE03,14,11,0.0,0.0,0.0,0.79310345,0.01458921,43.1149501,1.0,1.0
chr17q::gain,CORE02,CORE04,14,11,0.0,0.0,0.0,0.79310345,0.01458921,43.1149501,1.0,1.0
chr17q::gain,CORE02,CORE05,14,5,0.0,0.0,0.0,0.37931034,0.00666812,21.57673143,1.0,1.0
chr17q::gain,CORE03,CORE04,11,11,0.0,0.0,0.0,1.0,0.01823686,54.83401542,1.0,1.0
chr17q::gain,CORE03,CORE05,11,5,0.0,0.0,0.0,0.47826087,0.00833612,27.4388437,1.0,1.0
chr17q::gain,CORE04,CORE05,11,5,0.0,0.0,0.0,0.47826087,0.00833612,27.4388437,1.0,1.0
chr18p::loss,CORE01,CORE02,18,14,0.05555555555555555,0.14285714285714285,-0.0873015873015873,0.42857143,0.04989794,3.68098329,0.56814516,1.0
chr18p::loss,CORE01,CORE03,18,11,0.05555555555555555,0.09090909090909091,-0.03535353535353536,0.6,0.05503052,6.541824,1.0,1.0
chr18p::loss,CORE01,CORE04,18,11,0.05555555555555555,0.09090909090909091,-0.03535353535353536,0.6,0.05503052,6.541824,1.0,1.0
chr18p::loss,CORE01,CORE05,18,5,0.05555555555555555,0.2,-0.14444444444444446,0.25714286,0.02134009,3.09850877,0.39525692,1.0
chr18p::loss,CORE02,CORE03,14,11,0.14285714285714285,0.09090909090909091,0.05194805194805194,1.4,0.15758866,12.43744325,1.0,1.0
chr18p::loss,CORE02,CORE04,14,11,0.14285714285714285,0.09090909090909091,0.05194805194805194,1.4,0.15758866,12.43744325,1.0,1.0
chr18p::loss,CORE02,CORE05,14,5,0.14285714285714285,0.2,-0.05714285714285716,0.6,0.06056632,5.94389754,1.0,1.0
chr18p::loss,CORE03,CORE04,11,11,0.09090909090909091,0.09090909090909091,0.0,1.0,0.08896818,11.23997396,1.0,1.0
chr18p::loss,CORE03,CORE05,11,5,0.09090909090909091,0.2,-0.1090909090909091,0.42857143,0.03454236,5.31733986,1.0,1.0
chr18p::loss,CORE04,CORE05,11,5,0.09090909090909091,0.2,-0.1090909090909091,0.42857143,0.03454236,5.31733986,1.0,1.0
chr18p::gain,CORE01,CORE02,18,14,0.0,0.0,0.0,0.78378378,0.01464809,41.93836444,1.0,1.0
chr18p::gain,CORE01,CORE03,18,11,0.0,0.09090909090909091,-0.09090909090909091,0.18918919,0.00705479,5.07350922,0.37931034,1.0
chr18p::gain,CORE01,CORE04,18,11,0.0,0.0,0.0,0.62162162,0.01151712,33.55121378,1.0,1.0
chr18p::gain,CORE01,CORE05,18,5,0.0,0.0,0.0,0.2972973,0.00526358,16.79194606,1.0,1.0
chr18p::gain,CORE02,CORE03,14,11,0.0,0.09090909090909091,-0.09090909090909091,0.24137931,0.008923,6.52963871,0.44,1.0
chr18p::gain,CORE02,CORE04,14,11,0.0,0.0,0.0,0.79310345,0.01458921,43.1149501,1.0,1.0
chr18p::gain,CORE02,CORE05,14,5,0.0,0.0,0.0,0.37931034,0.00666812,21.57673143,1.0,1.0
chr18p::gain,CORE03,CORE04,11,11,0.09090909090909091,0.0,0.09090909090909091,3.28571429,0.12019791,89.81785668,1.0,1.0
chr18p::gain,CORE03,CORE05,11,5,0.09090909090909091,0.0,0.09090909090909091,1.57142857,0.05442988,45.36823621,1.0,1.0
chr18p::gain,CORE04,CORE05,11,5,0.0,0.0,0.0,0.47826087,0.00833612,27.4388437,1.0,1.0
chr18q::loss,CORE01,CORE02,18,14,0.05555555555555555,0.14285714285714285,-0.0873015873015873,0.42857143,0.04989794,3.68098329,0.56814516,1.0
chr18q::loss,CORE01,CORE03,18,11,0.05555555555555555,0.09090909090909091,-0.03535353535353536,0.6,0.05503052,6.541824,1.0,1.0
chr18q::loss,CORE01,CORE04,18,11,0.05555555555555555,0.09090909090909091,-0.03535353535353536,0.6,0.05503052,6.541824,1.0,1.0
chr18q::loss,CORE01,CORE05,18,5,0.05555555555555555,0.2,-0.14444444444444446,0.25714286,0.02134009,3.09850877,0.39525692,1.0
chr18q::loss,CORE02,CORE03,14,11,0.14285714285714285,0.09090909090909091,0.05194805194805194,1.4,0.15758866,12.43744325,1.0,1.0
chr18q::loss,CORE02,CORE04,14,11,0.14285714285714285,0.09090909090909091,0.05194805194805194,1.4,0.15758866,12.43744325,1.0,1.0
chr18q::loss,CORE02,CORE05,14,5,0.14285714285714285,0.2,-0.05714285714285716,0.6,0.06056632,5.94389754,1.0,1.0
chr18q::loss,CORE03,CORE04,11,11,0.09090909090909091,0.09090909090909091,0.0,1.0,0.08896818,11.23997396,1.0,1.0
chr18q::loss,CORE03,CORE05,11,5,0.09090909090909091,0.2,-0.1090909090909091,0.42857143,0.03454236,5.31733986,1.0,1.0
chr18q::loss,CORE04,CORE05,11,5,0.09090909090909091,0.2,-0.1090909090909091,0.42857143,0.03454236,5.31733986,1.0,1.0
chr18q::gain,CORE01,CORE02,18,14,0.0,0.0,0.0,0.78378378,0.01464809,41.93836444,1.0,1.0
chr18q::gain,CORE01,CORE03,18,11,0.0,0.09090909090909091,-0.09090909090909091,0.18918919,0.00705479,5.07350922,0.37931034,1.0
chr18q::gain,CORE01,CORE04,18,11,0.0,0.0,0.0,0.62162162,0.01151712,33.55121378,1.0,1.0
chr18q::gain,CORE01,CORE05,18,5,0.0,0.2,-0.2,0.08108108,0.00280967,2.33982447,0.2173913,1.0
chr18q::gain,CORE02,CORE03,14,11,0.0,0.09090909090909091,-0.09090909090909091,0.24137931,0.008923,6.52963871,0.44,1.0
chr18q::gain,CORE02,CORE04,14,11,0.0,0.0,0.0,0.79310345,0.01458921,43.1149501,1.0,1.0
chr18q::gain,CORE02,CORE05,14,5,0.0,0.2,-0.2,0.10344828,0.00355439,3.01079927,0.26315789,1.0
chr18q::gain,CORE03,CORE04,11,11,0.09090909090909091,0.0,0.09090909090909091,3.28571429,0.12019791,89.81785668,1.0,1.0
chr18q::gain,CORE03,CORE05,11,5,0.09090909090909091,0.2,-0.1090909090909091,0.42857143,0.03454236,5.31733986,1.0,1.0
chr18q::gain,CORE04,CORE05,11,5,0.0,0.2,-0.2,0.13043478,0.00443598,3.83528324,0.3125,1.0
chr19p::loss,CORE01,CORE02,18,14,0.0,0.0,0.0,0.78378378,0.01464809,41.93836444,1.0,1.0
chr19p::loss,CORE01,CORE03,18,11,0.0,0.0,0.0,0.62162162,0.01151712,33.55121378,1.0,1.0
chr19p::loss,CORE01,CORE04,18,11,0.0,0.0,0.0,0.62162162,0.01151712,33.55121378,1.0,1.0
chr19p::loss,CORE01,CORE05,18,5,0.0,0.0,0.0,0.2972973,0.00526358,16.79194606,1.0,1.0
chr19p::loss,CORE02,CORE03,14,11,0.0,0.0,0.0,0.79310345,0.01458921,43.1149501,1.0,1.0
chr19p::loss,CORE02,CORE04,14,11,0.0,0.0,0.0,0.79310345,0.01458921,43.1149501,1.0,1.0
chr19p::loss,CORE02,CORE05,14,5,0.0,0.0,0.0,0.37931034,0.00666812,21.57673143,1.0,1.0
chr19p::loss,CORE03,CORE04,11,11,0.0,0.0,0.0,1.0,0.01823686,54.83401542,1.0,1.0
chr19p::loss,CORE03,CORE05,11,5,0.0,0.0,0.0,0.47826087,0.00833612,27.4388437,1.0,1.0
chr19p::loss,CORE04,CORE05,11,5,0.0,0.0,0.0,0.47826087,0.00833612,27.4388437,1.0,1.0
chr19p::gain,CORE01,CORE02,18,14,0.0,0.0,0.0,0.78378378,0.01464809,41.93836444,1.0,1.0
chr19p::gain,CORE01,CORE03,18,11,0.0,0.09090909090909091,-0.09090909090909091,0.18918919,0.00705479,5.07350922,0.37931034,1.0
chr19p::gain,CORE01,CORE04,18,11,0.0,0.0,0.0,0.62162162,0.01151712,33.55121378,1.0,1.0
chr19p::gain,CORE01,CORE05,18,5,0.0,0.0,0.0,0.2972973,0.00526358,16.79194606,1.0,1.0
chr19p::gain,CORE02,CORE03,14,11,0.0,0.09090909090909091,-0.09090909090909091,0.24137931,0.008923,6.52963871,0.44,1.0
chr19p::gain,CORE02,CORE04,14,11,0.0,0.0,0.0,0.79310345,0.01458921,43.1149501,1.0,1.0
chr19p::gain,CORE02,CORE05,14,5,0.0,0.0,0.0,0.37931034,0.00666812,21.57673143,1.0,1.0
chr19p::gain,CORE03,CORE04,11,11,0.09090909090909091,0.0,0.09090909090909091,3.28571429,0.12019791,89.81785668,1.0,1.0
chr19p::gain,CORE03,CORE05,11,5,0.09090909090909091,0.0,0.09090909090909091,1.57142857,0.05442988,45.36823621,1.0,1.0
chr19p::gain,CORE04,CORE05,11,5,0.0,0.0,0.0,0.47826087,0.00833612,27.4388437,1.0,1.0
chr19q::loss,CORE01,CORE02,18,14,0.0,0.0,0.0,0.78378378,0.01464809,41.93836444,1.0,1.0
chr19q::loss,CORE01,CORE03,18,11,0.0,0.0,0.0,0.62162162,0.01151712,33.55121378,1.0,1.0
chr19q::loss,CORE01,CORE04,18,11,0.0,0.0,0.0,0.62162162,0.01151712,33.55121378,1.0,1.0
chr19q::loss,CORE01,CORE05,18,5,0.0,0.0,0.0,0.2972973,0.00526358,16.79194606,1.0,1.0
chr19q::loss,CORE02,CORE03,14,11,0.0,0.0,0.0,0.79310345,0.01458921,43.1149501,1.0,1.0
chr19q::loss,CORE02,CORE04,14,11,0.0,0.0,0.0,0.79310345,0.01458921,43.1149501,1.0,1.0
chr19q::loss,CORE02,CORE05,14,5,0.0,0.0,0.0,0.37931034,0.00666812,21.57673143,1.0,1.0
chr19q::loss,CORE03,CORE04,11,11,0.0,0.0,0.0,1.0,0.01823686,54.83401542,1.0,1.0
chr19q::loss,CORE03,CORE05,11,5,0.0,0.0,0.0,0.47826087,0.00833612,27.4388437,1.0,1.0
chr19q::loss,CORE04,CORE05,11,5,0.0,0.0,0.0,0.47826087,0.00833612,27.4388437,1.0,1.0
chr19q::gain,CORE01,CORE02,18,14,0.0,0.07142857142857142,-0.07142857142857142,0.24324324,0.00918346,6.44280536,0.4375,1.0
chr19q::gain,CORE01,CORE03,18,11,0.0,0.18181818181818182,-0.18181818181818182,0.1027027,0.00446494,2.36236897,0.13546798,1.0
chr19q::gain,CORE01,CORE04,18,11,0.0,0.0,0.0,0.62162162,0.01151712,33.55121378,1.0,1.0
chr19q::gain,CORE01,CORE05,18,5,0.0,0.0,0.0,0.2972973,0.00526358,16.79194606,1.0,1.0
chr19q::gain,CORE02,CORE03,14,11,0.07142857142857142,0.18181818181818182,-0.1103896103896104,0.42222222,0.04735587,3.76450947,0.56478261,1.0
chr19q::gain,CORE02,CORE04,14,11,0.07142857142857142,0.0,0.07142857142857142,2.55555556,0.09464531,69.0035712,1.0,1.0
chr19q::gain,CORE02,CORE05,14,5,0.07142857142857142,0.0,0.07142857142857142,1.22222222,0.04285016,34.8616506,1.0,1.0
chr19q::gain,CORE03,CORE04,11,11,0.18181818181818182,0.0,0.18181818181818182,6.05263158,0.25790095,142.04813753,0.47619048,1.0
chr19q::gain,CORE03,CORE05,11,5,0.18181818181818182,0.0,0.18181818181818182,2.89473684,0.11648411,71.93686076,1.0,1.0
chr19q::gain,CORE04,CORE05,11,5,0.0,0.0,0.0,0.47826087,0.00833612,27.4388437,1.0,1.0
chr20p::loss,CORE01,CORE02,18,14,0.05555555555555555,0.07142857142857142,-0.015873015873015872,0.77142857,0.07197216,8.26850281,1.0,1.0
chr20p::loss,CORE01,CORE03,18,11,0.05555555555555555,0.0,0.05555555555555555,1.97142857,0.07373718,52.70787957,1.0,1.0
chr20p::loss,CORE01,CORE04,18,11,0.05555555555555555,0.0,0.05555555555555555,1.97142857,0.07373718,52.70787957,1.0,1.0
chr20p::loss,CORE01,CORE05,18,5,0.05555555555555555,0.0,0.05555555555555555,0.94285714,0.0333787,26.63313897,1.0,1.0
chr20p::loss,CORE02,CORE03,14,11,0.07142857142857142,0.0,0.07142857142857142,2.55555556,0.09464531,69.0035712,1.0,1.0
chr20p::loss,CORE02,CORE04,14,11,0.07142857142857142,0.0,0.07142857142857142,2.55555556,0.09464531,69.0035712,1.0,1.0
chr20p::loss,CORE02,CORE05,14,5,0.07142857142857142,0.0,0.07142857142857142,1.22222222,0.04285016,34.8616506,1.0,1.0
chr20p::loss,CORE03,CORE04,11,11,0.0,0.0,0.0,1.0,0.01823686,54.83401542,1.0,1.0
chr20p::loss,CORE03,CORE05,11,5,0.0,0.0,0.0,0.47826087,0.00833612,27.4388437,1.0,1.0
chr20p::loss,CORE04,CORE05,11,5,0.0,0.0,0.0,0.47826087,0.00833612,27.4388437,1.0,1.0
chr20p::gain,CORE01,CORE02,18,14,0.0,0.42857142857142855,-0.42857142857142855,0.03534304,0.00177918,0.70208284,0.00331387,0.0331387
chr20p::gain,CORE01,CORE03,18,11,0.0,0.18181818181818182,-0.18181818181818182,0.1027027,0.00446494,2.36236897,0.13546798,1.0
chr20p::gain,CORE01,CORE04,18,11,0.0,0.0,0.0,0.62162162,0.01151712,33.55121378,1.0,1.0
chr20p::gain,CORE01,CORE05,18,5,0.0,0.0,0.0,0.2972973,0.00526358,16.79194606,1.0,1.0
chr20p::gain,CORE02,CORE03,14,11,0.42857142857142855,0.18181818181818182,0.24675324675324672,2.90588235,0.51649738,16.34887728,0.23368421,1.0
chr20p::gain,CORE02,CORE04,14,11,0.42857142857142855,0.0,0.42857142857142855,17.58823529,0.86693629,356.82670574,0.01956522,1.0
chr20p::gain,CORE02,CORE05,14,5,0.42857142857142855,0.0,0.42857142857142855,8.41176471,0.3905003,181.19777461,0.12796698,1.0
chr20p::gain,CORE03,CORE04,11,11,0.18181818181818182,0.0,0.18181818181818182,6.05263158,0.25790095,142.04813753,0.47619048,1.0
chr20p::gain,CORE03,CORE05,11,5,0.18181818181818182,0.0,0.18181818181818182,2.89473684,0.11648411,71.93686076,1.0,1.0
chr20p::gain,CORE04,CORE05,11,5,0.0,0.0,0.0,0.47826087,0.00833612,27.4388437,1.0,1.0
chr20q::loss,CORE01,CORE02,18,14,0.0,0.0,0.0,0.78378378,0.01464809,41.93836444,1.0,1.0
chr20q::loss,CORE01,CORE03,18,11,0.0,0.0,0.0,0.62162162,0.01151712,33.55121378,1.0,1.0
chr20q::loss,CORE01,CORE04,18,11,0.0,0.0,0.0,0.62162162,0.01151712,33.55121378,1.0,1.0
chr20q::loss,CORE01,CORE05,18,5,0.0,0.0,0.0,0.2972973,0.00526358,16.79194606,1.0,1.0
chr20q::loss,CORE02,CORE03,14,11,0.0,0.0,0.0,0.79310345,0.01458921,43.1149501,1.0,1.0
chr20q::loss,CORE02,CORE04,14,11,0.0,0.0,0.0,0.79310345,0.01458921,43.1149501,1.0,1.0
chr20q::loss,CORE02,CORE05,14,5,0.0,0.0,0.0,0.37931034,0.00666812,21.57673143,1.0,1.0
chr20q::loss,CORE03,CORE04,11,11,0.0,0.0,0.0,1.0,0.01823686,54.83401542,1.0,1.0
chr20q::loss,CORE03,CORE05,11,5,0.0,0.0,0.0,0.47826087,0.00833612,27.4388437,1.0,1.0
chr20q::loss,CORE04,CORE05,11,5,0.0,0.0,0.0,0.47826087,0.00833612,27.4388437,1.0,1.0
chr20q::gain,CORE01,CORE02,18,14,0.0,0.5,-0.5,0.02702703,0.00136478,0.53522333,0.00101965,0.0101965
chr20q::gain,CORE01,CORE03,18,11,0.0,0.18181818181818182,-0.18181818181818182,0.1027027,0.00446494,2.36236897,0.13546798,1.0
chr20q::gain,CORE01,CORE04,18,11,0.0,0.0,0.0,0.62162162,0.01151712,33.55121378,1.0,1.0
chr20q::gain,CORE01,CORE05,18,5,0.0,0.2,-0.2,0.08108108,0.00280967,2.33982447,0.2173913,1.0
chr20q::gain,CORE02,CORE03,14,11,0.5,0.18181818181818182,0.3181818181818182,3.8,0.67905995,21.26469089,0.20771571,1.0
chr20q::gain,CORE02,CORE04,14,11,0.5,0.0,0.5,23.0,1.13718484,465.18383227,0.00782609,1.0
chr20q::gain,CORE02,CORE05,14,5,0.5,0.2,0.3,3.0,0.36482978,24.66903911,0.3378053,1.0
chr20q::gain,CORE03,CORE04,11,11,0.18181818181818182,0.0,0.18181818181818182,6.05263158,0.25790095,142.04813753,0.47619048,1.0
chr20q::gain,CORE03,CORE05,11,5,0.18181818181818182,0.2,-0.018181818181818188,0.78947368,0.07803144,7.98740443,1.0,1.0
chr20q::gain,CORE04,CORE05,11,5,0.0,0.2,-0.2,0.13043478,0.00443598,3.83528324,0.3125,1.0
chr21p::loss,CORE01,CORE02,18,14,0.0,0.0,0.0,0.78378378,0.01464809,41.93836444,1.0,1.0
chr21p::loss,CORE01,CORE03,18,11,0.0,0.0,0.0,0.62162162,0.01151712,33.55121378,1.0,1.0
chr21p::loss,CORE01,CORE04,18,11,0.0,0.0,0.0,0.62162162,0.01151712,33.55121378,1.0,1.0
chr21p::loss,CORE01,CORE05,18,5,0.0,0.0,0.0,0.2972973,0.00526358,16.79194606,1.0,1.0
chr21p::loss,CORE02,CORE03,14,11,0.0,0.0,0.0,0.79310345,0.01458921,43.1149501,1.0,1.0
chr21p::loss,CORE02,CORE04,14,11,0.0,0.0,0.0,0.79310345,0.01458921,43.1149501,1.0,1.0
chr21p::loss,CORE02,CORE05,14,5,0.0,0.0,0.0,0.37931034,0.00666812,21.57673143,1.0,1.0
chr21p::loss,CORE03,CORE04,11,11,0.0,0.0,0.0,1.0,0.01823686,54.83401542,1.0,1.0
chr21p::loss,CORE03,CORE05,11,5,0.0,0.0,0.0,0.47826087,0.00833612,27.4388437,1.0,1.0
chr21p::loss,CORE04,CORE05,11,5,0.0,0.0,0.0,0.47826087,0.00833612,27.4388437,1.0,1.0
chr21p::gain,CORE01,CORE02,18,14,0.0,0.0,0.0,0.78378378,0.01464809,41.93836444,1.0,1.0
chr21p::gain,CORE01,CORE03,18,11,0.0,0.0,0.0,0.62162162,0.01151712,33.55121378,1.0,1.0
chr21p::gain,CORE01,CORE04,18,11,0.0,0.0,0.0,0.62162162,0.01151712,33.55121378,1.0,1.0
chr21p::gain,CORE01,CORE05,18,5,0.0,0.0,0.0,0.2972973,0.00526358,16.79194606,1.0,1.0
chr21p::gain,CORE02,CORE03,14,11,0.0,0.0,0.0,0.79310345,0.01458921,43.1149501,1.0,1.0
chr21p::gain,CORE02,CORE04,14,11,0.0,0.0,0.0,0.79310345,0.01458921,43.1149501,1.0,1.0
chr21p::gain,CORE02,CORE05,14,5,0.0,0.0,0.0,0.37931034,0.00666812,21.57673143,1.0,1.0
chr21p::gain,CORE03,CORE04,11,11,0.0,0.0,0.0,1.0,0.01823686,54.83401542,1.0,1.0
chr21p::gain,CORE03,CORE05,11,5,0.0,0.0,0.0,0.47826087,0.00833612,27.4388437,1.0,1.0
chr21p::gain,CORE04,CORE05,11,5,0.0,0.0,0.0,0.47826087,0.00833612,27.4388437,1.0,1.0
chr21q::loss,CORE01,CORE02,18,14,0.05555555555555555,0.0,0.05555555555555555,2.48571429,0.09395746,65.76141341,1.0,1.0
chr21q::loss,CORE01,CORE03,18,11,0.05555555555555555,0.2727272727272727,-0.21717171717171715,0.20816327,0.02598252,1.66773459,0.13894152,1.0
chr21q::loss,CORE01,CORE04,18,11,0.05555555555555555,0.0,0.05555555555555555,1.97142857,0.07373718,52.70787957,1.0,1.0
chr21q::loss,CORE01,CORE05,18,5,0.05555555555555555,0.2,-0.14444444444444446,0.25714286,0.02134009,3.09850877,0.39525692,1.0
chr21q::loss,CORE02,CORE03,14,11,0.0,0.2727272727272727,-0.2727272727272727,0.08374384,0.00384176,1.82547414,0.07173913,1.0
chr21q::loss,CORE02,CORE04,14,11,0.0,0.0,0.0,0.79310345,0.01458921,43.1149501,1.0,1.0
chr21q::loss,CORE02,CORE05,14,5,0.0,0.2,-0.2,0.10344828,0.00355439,3.01079927,0.26315789,1.0
chr21q::loss,CORE03,CORE04,11,11,0.2727272727272727,0.0,0.2727272727272727,9.47058824,0.42962858,208.76646976,0.21428571,1.0
chr21q::loss,CORE03,CORE05,11,5,0.2727272727272727,0.2,0.0727272727272727,1.23529412,0.13308547,11.46595162,1.0,1.0
chr21q::loss,CORE04,CORE05,11,5,0.0,0.2,-0.2,0.13043478,0.00443598,3.83528324,0.3125,1.0
chr21q::gain,CORE01,CORE02,18,14,0.0,0.21428571428571427,-0.21428571428571427,0.08880309,0.00419186,1.8812644,0.0733871,0.733871
chr21q::gain,CORE01,CORE03,18,11,0.0,0.09090909090909091,-0.09090909090909091,0.18918919,0.00705479,5.07350922,0.37931034,1.0
chr21q::gain,CORE01,CORE04,18,11,0.0,0.0,0.0,0.62162162,0.01151712,33.55121378,1.0,1.0
chr21q::gain,CORE01,CORE05,18,5,0.0,0.0,0.0,0.2972973,0.00526358,16.79194606,1.0,1.0
chr21q::gain,CORE02,CORE03,14,11,0.21428571428571427,0.09090909090909091,0.12337662337662336,2.13043478,0.26410818,17.18520169,0.60434783,1.0
chr21q::gain,CORE02,CORE04,14,11,0.21428571428571427,0.0,0.21428571428571427,7.0,0.32368098,151.38362317,0.23,1.0
chr21q::gain,CORE02,CORE05,14,5,0.21428571428571427,0.0,0.21428571428571427,3.34782609,0.14597623,76.77920945,0.53044376,1.0
chr21q::gain,CORE03,CORE04,11,11,0.09090909090909091,0.0,0.09090909090909091,3.28571429,0.12019791,89.81785668,1.0,1.0
chr21q::gain,CORE03,CORE05,11,5,0.09090909090909091,0.0,0.09090909090909091,1.57142857,0.05442988,45.36823621,1.0,1.0
chr21q::gain,CORE04,CORE05,11,5,0.0,0.0,0.0,0.47826087,0.00833612,27.4388437,1.0,1.0
chr22p::loss,CORE01,CORE02,18,14,0.0,0.0,0.0,0.78378378,0.01464809,41.93836444,1.0,1.0
chr22p::loss,CORE01,CORE03,18,11,0.0,0.0,0.0,0.62162162,0.01151712,33.55121378,1.0,1.0
chr22p::loss,CORE01,CORE04,18,11,0.0,0.0,0.0,0.62162162,0.01151712,33.55121378,1.0,1.0
chr22p::loss,CORE01,CORE05,18,5,0.0,0.0,0.0,0.2972973,0.00526358,16.79194606,1.0,1.0
chr22p::loss,CORE02,CORE03,14,11,0.0,0.0,0.0,0.79310345,0.01458921,43.1149501,1.0,1.0
chr22p::loss,CORE02,CORE04,14,11,0.0,0.0,0.0,0.79310345,0.01458921,43.1149501,1.0,1.0
chr22p::loss,CORE02,CORE05,14,5,0.0,0.0,0.0,0.37931034,0.00666812,21.57673143,1.0,1.0
chr22p::loss,CORE03,CORE04,11,11,0.0,0.0,0.0,1.0,0.01823686,54.83401542,1.0,1.0
chr22p::loss,CORE03,CORE05,11,5,0.0,0.0,0.0,0.47826087,0.00833612,27.4388437,1.0,1.0
chr22p::loss,CORE04,CORE05,11,5,0.0,0.0,0.0,0.47826087,0.00833612,27.4388437,1.0,1.0
chr22p::gain,CORE01,CORE02,18,14,0.0,0.0,0.0,0.78378378,0.01464809,41.93836444,1.0,1.0
chr22p::gain,CORE01,CORE03,18,11,0.0,0.0,0.0,0.62162162,0.01151712,33.55121378,1.0,1.0
chr22p::gain,CORE01,CORE04,18,11,0.0,0.0,0.0,0.62162162,0.01151712,33.55121378,1.0,1.0
chr22p::gain,CORE01,CORE05,18,5,0.0,0.0,0.0,0.2972973,0.00526358,16.79194606,1.0,1.0
chr22p::gain,CORE02,CORE03,14,11,0.0,0.0,0.0,0.79310345,0.01458921,43.1149501,1.0,1.0
chr22p::gain,CORE02,CORE04,14,11,0.0,0.0,0.0,0.79310345,0.01458921,43.1149501,1.0,1.0
chr22p::gain,CORE02,CORE05,14,5,0.0,0.0,0.0,0.37931034,0.00666812,21.57673143,1.0,1.0
chr22p::gain,CORE03,CORE04,11,11,0.0,0.0,0.0,1.0,0.01823686,54.83401542,1.0,1.0
chr22p::gain,CORE03,CORE05,11,5,0.0,0.0,0.0,0.47826087,0.00833612,27.4388437,1.0,1.0
chr22p::gain,CORE04,CORE05,11,5,0.0,0.0,0.0,0.47826087,0.00833612,27.4388437,1.0,1.0
chr22q::loss,CORE01,CORE02,18,14,0.0,0.14285714285714285,-0.14285714285714285,0.13513514,0.00596678,3.06052857,0.18346774,1.0
chr22q::loss,CORE01,CORE03,18,11,0.0,0.0,0.0,0.62162162,0.01151712,33.55121378,1.0,1.0
chr22q::loss,CORE01,CORE04,18,11,0.0,0.09090909090909091,-0.09090909090909091,0.18918919,0.00705479,5.07350922,0.37931034,1.0
chr22q::loss,CORE01,CORE05,18,5,0.0,0.0,0.0,0.2972973,0.00526358,16.79194606,1.0,1.0
chr22q::loss,CORE02,CORE03,14,11,0.14285714285714285,0.0,0.14285714285714285,4.6,0.19904951,106.30520851,0.48666667,1.0
chr22q::loss,CORE02,CORE04,14,11,0.14285714285714285,0.09090909090909091,0.05194805194805194,1.4,0.15758866,12.43744325,1.0,1.0
chr22q::loss,CORE02,CORE05,14,5,0.14285714285714285,0.0,0.14285714285714285,2.2,0.08987835,53.85056722,1.0,1.0
chr22q::loss,CORE03,CORE04,11,11,0.0,0.09090909090909091,-0.09090909090909091,0.30434783,0.01113364,8.31961243,1.0,1.0
chr22q::loss,CORE03,CORE05,11,5,0.0,0.0,0.0,0.47826087,0.00833612,27.4388437,1.0,1.0
chr22q::loss,CORE04,CORE05,11,5,0.09090909090909091,0.0,0.09090909090909091,1.57142857,0.05442988,45.36823621,1.0,1.0
chr22q::gain,CORE01,CORE02,18,14,0.0,0.0,0.0,0.78378378,0.01464809,41.93836444,1.0,1.0
chr22q::gain,CORE01,CORE03,18,11,0.0,0.18181818181818182,-0.18181818181818182,0.1027027,0.00446494,2.36236897,0.13546798,1.0
chr22q::gain,CORE01,CORE04,18,11,0.0,0.0,0.0,0.62162162,0.01151712,33.55121378,1.0,1.0
chr22q::gain,CORE01,CORE05,18,5,0.0,0.0,0.0,0.2972973,0.00526358,16.79194606,1.0,1.0
chr22q::gain,CORE02,CORE03,14,11,0.0,0.18181818181818182,-0.18181818181818182,0.13103448,0.00564493,3.04167462,0.18333333,1.0
chr22q::gain,CORE02,CORE04,14,11,0.0,0.0,0.0,0.79310345,0.01458921,43.1149501,1.0,1.0
chr22q::gain,CORE02,CORE05,14,5,0.0,0.0,0.0,0.37931034,0.00666812,21.57673143,1.0,1.0
chr22q::gain,CORE03,CORE04,11,11,0.18181818181818182,0.0,0.18181818181818182,6.05263158,0.25790095,142.04813753,0.47619048,1.0
chr22q::gain,CORE03,CORE05,11,5,0.18181818181818182,0.0,0.18181818181818182,2.89473684,0.11648411,71.93686076,1.0,1.0
chr22q::gain,CORE04,CORE05,11,5,0.0,0.0,0.0,0.47826087,0.00833612,27.4388437,1.0,1.0
locus::VHL::loss,CORE01,CORE02,18,14,0.9444444444444444,0.7142857142857143,0.23015873015873012,5.0,0.67665236,36.94659412,0.14196329,1.0
locus::VHL::loss,CORE01,CORE03,18,11,0.9444444444444444,0.6363636363636364,0.30808080808080807,7.0,0.91358142,53.63506635,0.05390931,1.0
locus::VHL::loss,CORE01,CORE04,18,11,0.9444444444444444,0.7272727272727273,0.21717171717171713,4.80392157,0.59961579,38.48741589,0.13894152,1.0
locus::VHL::loss,CORE01,CORE05,18,5,0.9444444444444444,0.6,0.34444444444444444,8.33333333,0.81325182,85.39107164,0.10728402,1.0
locus::VHL::loss,CORE02,CORE03,14,11,0.7142857142857143,0.6363636363636364,0.07792207792207795,1.4,0.28042089,6.98949363,1.0,1.0
locus::VHL::loss,CORE02,CORE04,14,11,0.7142857142857143,0.7272727272727273,-0.012987012987012991,0.96078431,0.18194166,5.07364003,1.0,1.0
locus::VHL::loss,CORE02,CORE05,14,5,0.7142857142857143,0.6,0.11428571428571432,1.66666667,0.23403537,11.86905116,1.0,1.0
locus::VHL::loss,CORE03,CORE04,11,11,0.6363636363636364,0.7272727272727273,-0.09090909090909094,0.68627451,0.12443796,3.78479918,1.0,1.0
locus::VHL::loss,CORE03,CORE05,11,5,0.6363636363636364,0.6,0.036363636363636376,1.19047619,0.1611077,8.79680812,1.0,1.0
locus::VHL::loss,CORE04,CORE05,11,5,0.7272727272727273,0.6,0.12727272727272732,1.73469388,0.22433804,13.41352025,1.0,1.0
locus::VHL::gain,CORE01,CORE02,18,14,0.0,0.0,0.0,0.78378378,0.01464809,41.93836444,1.0,1.0
locus::VHL::gain,CORE01,CORE03,18,11,0.0,0.18181818181818182,-0.18181818181818182,0.1027027,0.00446494,2.36236897,0.13546798,1.0
locus::VHL::gain,CORE01,CORE04,18,11,0.0,0.0,0.0,0.62162162,0.01151712,33.55121378,1.0,1.0
locus::VHL::gain,CORE01,CORE05,18,5,0.0,0.2,-0.2,0.08108108,0.00280967,2.33982447,0.2173913,1.0
locus::VHL::gain,CORE02,CORE03,14,11,0.0,0.18181818181818182,-0.18181818181818182,0.13103448,0.00564493,3.04167462,0.18333333,1.0
locus::VHL::gain,CORE02,CORE04,14,11,0.0,0.0,0.0,0.79310345,0.01458921,43.1149501,1.0,1.0
locus::VHL::gain,CORE02,CORE05,14,5,0.0,0.2,-0.2,0.10344828,0.00355439,3.01079927,0.26315789,1.0
locus::VHL::gain,CORE03,CORE04,11,11,0.18181818181818182,0.0,0.18181818181818182,6.05263158,0.25790095,142.04813753,0.47619048,1.0
locus::VHL::gain,CORE03,CORE05,11,5,0.18181818181818182,0.2,-0.018181818181818188,0.78947368,0.07803144,7.98740443,1.0,1.0
locus::VHL::gain,CORE04,CORE05,11,5,0.0,0.2,-0.2,0.13043478,0.00443598,3.83528324,0.3125,1.0
locus::SETD2::loss,CORE01,CORE02,18,14,0.9444444444444444,0.8571428571428571,0.08730158730158732,2.33333333,0.27166654,20.04090905,0.56814516,1.0
locus::SETD2::loss,CORE01,CORE03,18,11,0.9444444444444444,0.6363636363636364,0.30808080808080807,7.0,0.91358142,53.63506635,0.05390931,1.0
locus::SETD2::loss,CORE01,CORE04,18,11,0.9444444444444444,0.7272727272727273,0.21717171717171713,4.80392157,0.59961579,38.48741589,0.13894152,1.0
locus::SETD2::loss,CORE01,CORE05,18,5,0.9444444444444444,0.6,0.34444444444444444,8.33333333,0.81325182,85.39107164,0.10728402,1.0
locus::SETD2::loss,CORE02,CORE03,14,11,0.8571428571428571,0.6363636363636364,0.22077922077922074,3.0,0.50007421,17.99732899,0.35,1.0
locus::SETD2::loss,CORE02,CORE04,14,11,0.8571428571428571,0.7272727272727273,0.1298701298701298,2.05882353,0.32627443,12.99137778,0.62318841,1.0
locus::SETD2::loss,CORE02,CORE05,14,5,0.8571428571428571,0.6,0.2571428571428571,3.57142857,0.43032609,29.64055017,0.27218782,1.0
locus::SETD2::loss,CORE03,CORE04,11,11,0.6363636363636364,0.7272727272727273,-0.09090909090909094,0.68627451,0.12443796,3.78479918,1.0,1.0
locus::SETD2::loss,CORE03,CORE05,11,5,0.6363636363636364,0.6,0.036363636363636376,1.19047619,0.1611077,8.79680812,1.0,1.0
locus::SETD2::loss,CORE04,CORE05,11,5,0.7272727272727273,0.6,0.12727272727272732,1.73469388,0.22433804,13.41352025,1.0,1.0
locus::SETD2::gain,CORE01,CORE02,18,14,0.0,0.0,0.0,0.78378378,0.01464809,41.93836444,1.0,1.0
locus::SETD2::gain,CORE01,CORE03,18,11,0.0,0.18181818181818182,-0.18181818181818182,0.1027027,0.00446494,2.36236897,0.13546798,1.0
locus::SETD2::gain,CORE01,CORE04,18,11,0.0,0.0,0.0,0.62162162,0.01151712,33.55121378,1.0,1.0
locus::SETD2::gain,CORE01,CORE05,18,5,0.0,0.0,0.0,0.2972973,0.00526358,16.79194606,1.0,1.0
locus::SETD2::gain,CORE02,CORE03,14,11,0.0,0.18181818181818182,-0.18181818181818182,0.13103448,0.00564493,3.04167462,0.18333333,1.0
locus::SETD2::gain,CORE02,CORE04,14,11,0.0,0.0,0.0,0.79310345,0.01458921,43.1149501,1.0,1.0
locus::SETD2::gain,CORE02,CORE05,14,5,0.0,0.0,0.0,0.37931034,0.00666812,21.57673143,1.0,1.0
locus::SETD2::gain,CORE03,CORE04,11,11,0.18181818181818182,0.0,0.18181818181818182,6.05263158,0.25790095,142.04813753,0.47619048,1.0
locus::SETD2::gain,CORE03,CORE05,11,5,0.18181818181818182,0.0,0.18181818181818182,2.89473684,0.11648411,71.93686076,1.0,1.0
locus::SETD2::gain,CORE04,CORE05,11,5,0.0,0.0,0.0,0.47826087,0.00833612,27.4388437,1.0,1.0
locus::PBRM1::loss,CORE01,CORE02,18,14,0.9444444444444444,0.7857142857142857,0.15873015873015872,3.55072464,0.45601834,27.64723321,0.29513348,1.0
locus::PBRM1::loss,CORE01,CORE03,18,11,0.9444444444444444,0.6363636363636364,0.30808080808080807,7.0,0.91358142,53.63506635,0.05390931,1.0
locus::PBRM1::loss,CORE01,CORE04,18,11,0.9444444444444444,0.7272727272727273,0.21717171717171713,4.80392157,0.59961579,38.48741589,0.13894152,1.0
locus::PBRM1::loss,CORE01,CORE05,18,5,0.9444444444444444,0.6,0.34444444444444444,8.33333333,0.81325182,85.39107164,0.10728402,1.0
locus::PBRM1::loss,CORE02,CORE03,14,11,0.7857142857142857,0.6363636363636364,0.14935064935064934,1.97142857,0.37015602,10.49970932,0.65640732,1.0
locus::PBRM1::loss,CORE02,CORE04,14,11,0.7857142857142857,0.7272727272727273,0.058441558441558406,1.35294118,0.24066826,7.60569675,1.0,1.0
locus::PBRM1::loss,CORE02,CORE05,14,5,0.7857142857142857,0.6,0.18571428571428572,2.34693878,0.31245528,17.62851192,0.56957344,1.0
locus::PBRM1::loss,CORE03,CORE04,11,11,0.6363636363636364,0.7272727272727273,-0.09090909090909094,0.68627451,0.12443796,3.78479918,1.0,1.0
locus::PBRM1::loss,CORE03,CORE05,11,5,0.6363636363636364,0.6,0.036363636363636376,1.19047619,0.1611077,8.79680812,1.0,1.0
locus::PBRM1::loss,CORE04,CORE05,11,5,0.7272727272727273,0.6,0.12727272727272732,1.73469388,0.22433804,13.41352025,1.0,1.0
locus::PBRM1::gain,CORE01,CORE02,18,14,0.0,0.0,0.0,0.78378378,0.01464809,41.93836444,1.0,1.0
locus::PBRM1::gain,CORE01,CORE03,18,11,0.0,0.18181818181818182,-0.18181818181818182,0.1027027,0.00446494,2.36236897,0.13546798,1.0
locus::PBRM1::gain,CORE01,CORE04,18,11,0.0,0.0,0.0,0.62162162,0.01151712,33.55121378,1.0,1.0
locus::PBRM1::gain,CORE01,CORE05,18,5,0.0,0.0,0.0,0.2972973,0.00526358,16.79194606,1.0,1.0
locus::PBRM1::gain,CORE02,CORE03,14,11,0.0,0.18181818181818182,-0.18181818181818182,0.13103448,0.00564493,3.04167462,0.18333333,1.0
locus::PBRM1::gain,CORE02,CORE04,14,11,0.0,0.0,0.0,0.79310345,0.01458921,43.1149501,1.0,1.0
locus::PBRM1::gain,CORE02,CORE05,14,5,0.0,0.0,0.0,0.37931034,0.00666812,21.57673143,1.0,1.0
locus::PBRM1::gain,CORE03,CORE04,11,11,0.18181818181818182,0.0,0.18181818181818182,6.05263158,0.25790095,142.04813753,0.47619048,1.0
locus::PBRM1::gain,CORE03,CORE05,11,5,0.18181818181818182,0.0,0.18181818181818182,2.89473684,0.11648411,71.93686076,1.0,1.0
locus::PBRM1::gain,CORE04,CORE05,11,5,0.0,0.0,0.0,0.47826087,0.00833612,27.4388437,1.0,1.0
locus::BAP1::loss,CORE01,CORE02,18,14,0.9444444444444444,0.7857142857142857,0.15873015873015872,3.55072464,0.45601834,27.64723321,0.29513348,1.0
locus::BAP1::loss,CORE01,CORE03,18,11,0.9444444444444444,0.6363636363636364,0.30808080808080807,7.0,0.91358142,53.63506635,0.05390931,1.0
locus::BAP1::loss,CORE01,CORE04,18,11,0.9444444444444444,0.7272727272727273,0.21717171717171713,4.80392157,0.59961579,38.48741589,0.13894152,1.0
locus::BAP1::loss,CORE01,CORE05,18,5,0.9444444444444444,0.6,0.34444444444444444,8.33333333,0.81325182,85.39107164,0.10728402,1.0
locus::BAP1::loss,CORE02,CORE03,14,11,0.7857142857142857,0.6363636363636364,0.14935064935064934,1.97142857,0.37015602,10.49970932,0.65640732,1.0
locus::BAP1::loss,CORE02,CORE04,14,11,0.7857142857142857,0.7272727272727273,0.058441558441558406,1.35294118,0.24066826,7.60569675,1.0,1.0
locus::BAP1::loss,CORE02,CORE05,14,5,0.7857142857142857,0.6,0.18571428571428572,2.34693878,0.31245528,17.62851192,0.56957344,1.0
locus::BAP1::loss,CORE03,CORE04,11,11,0.6363636363636364,0.7272727272727273,-0.09090909090909094,0.68627451,0.12443796,3.78479918,1.0,1.0
locus::BAP1::loss,CORE03,CORE05,11,5,0.6363636363636364,0.6,0.036363636363636376,1.19047619,0.1611077,8.79680812,1.0,1.0
locus::BAP1::loss,CORE04,CORE05,11,5,0.7272727272727273,0.6,0.12727272727272732,1.73469388,0.22433804,13.41352025,1.0,1.0
locus::BAP1::gain,CORE01,CORE02,18,14,0.0,0.0,0.0,0.78378378,0.01464809,41.93836444,1.0,1.0
locus::BAP1::gain,CORE01,CORE03,18,11,0.0,0.18181818181818182,-0.18181818181818182,0.1027027,0.00446494,2.36236897,0.13546798,1.0
locus::BAP1::gain,CORE01,CORE04,18,11,0.0,0.0,0.0,0.62162162,0.01151712,33.55121378,1.0,1.0
locus::BAP1::gain,CORE01,CORE05,18,5,0.0,0.0,0.0,0.2972973,0.00526358,16.79194606,1.0,1.0
locus::BAP1::gain,CORE02,CORE03,14,11,0.0,0.18181818181818182,-0.18181818181818182,0.13103448,0.00564493,3.04167462,0.18333333,1.0
locus::BAP1::gain,CORE02,CORE04,14,11,0.0,0.0,0.0,0.79310345,0.01458921,43.1149501,1.0,1.0
locus::BAP1::gain,CORE02,CORE05,14,5,0.0,0.0,0.0,0.37931034,0.00666812,21.57673143,1.0,1.0
locus::BAP1::gain,CORE03,CORE04,11,11,0.18181818181818182,0.0,0.18181818181818182,6.05263158,0.25790095,142.04813753,0.47619048,1.0
locus::BAP1::gain,CORE03,CORE05,11,5,0.18181818181818182,0.0,0.18181818181818182,2.89473684,0.11648411,71.93686076,1.0,1.0
locus::BAP1::gain,CORE04,CORE05,11,5,0.0,0.0,0.0,0.47826087,0.00833612,27.4388437,1.0,1.0
locus::JAK2::loss,CORE01,CORE02,18,14,0.0,0.2857142857142857,-0.2857142857142857,0.06306306,0.00308265,1.29010738,0.02783648,0.2783648
locus::JAK2::loss,CORE01,CORE03,18,11,0.0,0.18181818181818182,-0.18181818181818182,0.1027027,0.00446494,2.36236897,0.13546798,1.0
locus::JAK2::loss,CORE01,CORE04,18,11,0.0,0.45454545454545453,-0.45454545454545453,0.03194103,0.00154339,0.66103011,0.00389036,1.0
locus::JAK2::loss,CORE01,CORE05,18,5,0.0,0.0,0.0,0.2972973,0.00526358,16.79194606,1.0,1.0
locus::JAK2::loss,CORE02,CORE03,14,11,0.2857142857142857,0.18181818181818182,0.10389610389610388,1.62857143,0.27524401,9.63597677,0.66086957,1.0
locus::JAK2::loss,CORE02,CORE04,14,11,0.2857142857142857,0.45454545454545453,-0.16883116883116883,0.50649351,0.10390899,2.46884969,0.43408265,1.0
locus::JAK2::loss,CORE02,CORE05,14,5,0.2857142857142857,0.0,0.2857142857142857,4.71428571,0.21267556,104.49950101,0.53044376,1.0
locus::JAK2::loss,CORE03,CORE04,11,11,0.18181818181818182,0.45454545454545453,-0.2727272727272727,0.31100478,0.05154458,1.87651091,0.36145511,1.0
locus::JAK2::loss,CORE03,CORE05,11,5,0.18181818181818182,0.0,0.18181818181818182,2.89473684,0.11648411,71.93686076,1.0,1.0
locus::JAK2::loss,CORE04,CORE05,11,5,0.45454545454545453,0.0,0.45454545454545453,9.30769231,0.41519466,208.65667418,0.11858974,1.0
locus::JAK2::gain,CORE01,CORE02,18,14,0.1111111111111111,0.07142857142857142,0.03968253968253968,1.36363636,0.15911596,11.6864714,1.0,1.0
locus::JAK2::gain,CORE01,CORE03,18,11,0.1111111111111111,0.09090909090909091,0.020202020202020193,1.06060606,0.12144706,9.26235043,1.0,1.0
locus::JAK2::gain,CORE01,CORE04,18,11,0.1111111111111111,0.0,0.1111111111111111,3.48484848,0.152598,79.582751,0.51231527,1.0
locus::JAK2::gain,CORE01,CORE05,18,5,0.1111111111111111,0.0,0.1111111111111111,1.66666667,0.06888897,40.32253608,1.0,1.0
locus::JAK2::gain,CORE02,CORE03,14,11,0.07142857142857142,0.09090909090909091,-0.019480519480519487,0.77777778,0.07037408,8.59603826,1.0,1.0
locus::JAK2::gain,CORE02,CORE04,14,11,0.07142857142857142,0.0,0.07142857142857142,2.55555556,0.09464531,69.0035712,1.0,1.0
locus::JAK2::gain,CORE02,CORE05,14,5,0.07142857142857142,0.0,0.07142857142857142,1.22222222,0.04285016,34.8616506,1.0,1.0
locus::JAK2::gain,CORE03,CORE04,11,11,0.09090909090909091,0.0,0.09090909090909091,3.28571429,0.12019791,89.81785668,1.0,1.0
locus::JAK2::gain,CORE03,CORE05,11,5,0.09090909090909091,0.0,0.09090909090909091,1.57142857,0.05442988,45.36823621,1.0,1.0
locus::JAK2::gain,CORE04,CORE05,11,5,0.0,0.0,0.0,0.47826087,0.00833612,27.4388437,1.0,1.0
locus::CDKN2A::loss,CORE01,CORE02,18,14,0.0,0.35714285714285715,-0.35714285714285715,0.04668305,0.00232665,0.93667076,0.0099416,0.099416
locus::CDKN2A::loss,CORE01,CORE03,18,11,0.0,0.18181818181818182,-0.18181818181818182,0.1027027,0.00446494,2.36236897,0.13546798,1.0
locus::CDKN2A::loss,CORE01,CORE04,18,11,0.0,0.45454545454545453,-0.45454545454545453,0.03194103,0.00154339,0.66103011,0.00389036,1.0
locus::CDKN2A::loss,CORE01,CORE05,18,5,0.0,0.2,-0.2,0.08108108,0.00280967,2.33982447,0.2173913,1.0
locus::CDKN2A::loss,CORE02,CORE03,14,11,0.35714285714285715,0.18181818181818182,0.17532467532467533,2.2,0.3843461,12.59281687,0.40652174,1.0
locus::CDKN2A::loss,CORE02,CORE04,14,11,0.35714285714285715,0.45454545454545453,-0.09740259740259738,0.68421053,0.14569955,3.2130782,0.69682999,1.0
locus::CDKN2A::loss,CORE02,CORE05,14,5,0.35714285714285715,0.2,0.15714285714285714,1.73684211,0.20733949,14.54918442,1.0,1.0
locus::CDKN2A::loss,CORE03,CORE04,11,11,0.18181818181818182,0.45454545454545453,-0.2727272727272727,0.31100478,0.05154458,1.87651091,0.36145511,1.0
locus::CDKN2A::loss,CORE03,CORE05,11,5,0.18181818181818182,0.2,-0.018181818181818188,0.78947368,0.07803144,7.98740443,1.0,1.0
locus::CDKN2A::loss,CORE04,CORE05,11,5,0.45454545454545453,0.2,0.2545454545454545,2.53846154,0.29014669,22.20872103,0.58791209,1.0
