state_id,feature,n_core,n_rest,median_core,median_rest,mean_core,mean_rest,smd,p_value,q_value
STATE_A,embedding_0000,17,52,-0.52098072,-0.44774535,-0.50963956,-0.45398665,-0.61067842,0.04568081,0.09559363
STATE_A,embedding_0001,17,52,1.01011992,0.87208965,0.97690481,0.83694796,0.68799037,0.00369019,0.01499506
STATE_A,embedding_0002,17,52,0.85271102,0.88628781,0.85994597,0.87800556,-0.22778146,0.34013071,0.46315671
STATE_A,embedding_0003,17,52,-0.72984457,-0.70330998,-0.78375492,-0.6986202,-0.56169737,0.06501592,0.12451927
STATE_A,embedding_0004,17,52,0.60485041,0.59425464,0.58990768,0.57260043,0.16214556,0.67103182,0.76689351
STATE_A,embedding_0005,17,52,-0.40080693,-0.41235058,-0.40608887,-0.38675929,-0.13672879,0.98333462,0.98977849
STATE_A,embedding_0006,17,52,1.09596837,1.19523358,1.12428975,1.19586726,-0.53795854,0.0282865,0.06484786
STATE_A,embedding_0007,17,52,0.47241077,0.39851302,0.48303278,0.3945465,0.95225339,0.00421348,0.01659463
STATE_A,embedding_0008,17,52,-0.56208575,-0.70157489,-0.57200914,-0.71235973,1.08717763,0.00035436,0.00272148
STATE_A,embedding_0009,17,52,0.9722504,0.99356955,0.98858286,0.96581516,0.22950312,0.36170025,0.482267
STATE_A,embedding_0010,17,52,-0.14388663,-0.19469731,-0.17633207,-0.18262683,0.0422668,0.57276174,0.68624184
STATE_A,embedding_0011,17,52,0.42651951,0.43818945,0.44038266,0.4133547,0.21260455,0.64085101,0.74011064
STATE_A,embedding_0012,17,52,-0.66987878,-0.44933534,-0.64100655,-0.45262866,-1.42283549,9.19e-06,0.0007485
STATE_A,embedding_0013,17,52,-0.55606782,-0.47494188,-0.55974399,-0.465174,-0.70822277,0.00403201,0.01612804
STATE_A,embedding_0014,17,52,1.71609426,1.43988276,1.65567883,1.40464941,1.25320931,3.871e-05,0.00104719
STATE_A,embedding_0015,17,52,-0.42638713,-0.50464731,-0.44052326,-0.4765421,0.27504567,0.14179047,0.23022216
STATE_A,embedding_0016,17,52,-0.61684275,-0.43099599,-0.5911755,-0.40742227,-1.10121267,4.112e-05,0.00104719
STATE_A,embedding_0017,17,52,0.94550395,0.94878098,0.95999918,0.93147386,0.30448358,0.48190288,0.60474087
STATE_A,embedding_0018,17,52,0.38608956,0.4483266,0.38814344,0.44932967,-0.59982071,0.06301661,0.12159989
STATE_A,embedding_0019,17,52,0.83922958,0.85610756,0.84182272,0.85559425,-0.12761039,0.55395766,0.66998344
STATE_A,embedding_0020,17,52,0.67873043,0.7986885,0.70931117,0.82886368,-1.09239617,0.00017476,0.00189036
STATE_A,embedding_0021,17,52,-0.86628449,-0.74316287,-0.88362981,-0.74640984,-1.17901334,3.036e-05,0.00104719
STATE_A,embedding_0022,17,52,-0.31003195,0.01170263,-0.27136892,0.03854882,-1.63377041,3.91e-06,0.00068506
STATE_A,embedding_0023,17,52,1.70995152,1.69931495,1.68192368,1.67508712,0.0689347,0.97222796,0.98246194
STATE_A,embedding_0024,17,52,-0.8368389,-0.8632437,-0.81934272,-0.86060212,0.51002218,0.06501592,0.12451927
STATE_A,embedding_0025,17,52,0.22123446,0.20318808,0.22400066,0.20121502,0.19505055,0.41527239,0.53691784
STATE_A,embedding_0026,17,52,0.96845335,1.009238,0.97666778,1.00821779,-0.4048744,0.08546557,0.15407877
STATE_A,embedding_0027,17,52,-3.58179712,-3.8708961,-3.62448014,-3.93213358,1.07454882,5.223e-05,0.00106426
STATE_A,embedding_0028,17,52,0.17543931,0.09575783,0.16596459,0.12171891,0.40347224,0.07132987,0.13393971
STATE_A,embedding_0029,17,52,-0.38397378,-0.48982336,-0.40481882,-0.46903014,0.58253562,0.00269114,0.01181026
STATE_A,embedding_0030,17,52,1.10747683,1.20375127,1.10361353,1.20105556,-0.82550594,0.00194531,0.00922221
STATE_A,embedding_0031,17,52,0.82033497,0.84687793,0.84003657,0.82278977,0.12275008,0.98333462,0.98977849
STATE_A,embedding_0032,17,52,1.2977258,1.20693278,1.27297702,1.1835088,0.65929702,0.00704704,0.02363374
STATE_A,embedding_0033,17,52,0.32031494,0.40443838,0.30222407,0.40639397,-1.17765004,0.00021794,0.00206639
STATE_A,embedding_0034,17,52,-1.59168434,-1.47214854,-1.61867757,-1.47482815,-0.83297687,0.00077088,0.00473629
STATE_A,embedding_0035,17,52,4.62969637,4.50939369,4.60555985,4.54003152,0.37381042,0.13439134,0.22101188
STATE_A,embedding_0036,17,52,0.62158406,0.45470294,0.57867814,0.47339654,0.68406303,0.01509774,0.04082769
STATE_A,embedding_0037,17,52,-0.44966796,-0.43442623,-0.44132323,-0.41661616,-0.18643081,0.88374825,0.92721128
STATE_A,embedding_0038,17,52,-0.05918322,-0.32415387,-0.1037892,-0.29761597,0.94631473,0.00069665,0.0046123
STATE_A,embedding_0039,17,52,-0.31912065,-0.27259935,-0.33413586,-0.26833386,-0.74383051,0.0106079,0.03121405
STATE_A,embedding_0040,17,52,-0.13216498,-0.08554105,-0.11453632,-0.08699685,-0.20932345,0.20757151,0.31629944
STATE_A,embedding_0041,17,52,1.17159116,1.13634193,1.20511357,1.13858276,0.48346936,0.07132987,0.13393971
STATE_A,embedding_0042,17,52,0.47454211,0.73433372,0.51766528,0.77185111,-1.13378885,5.881e-05,0.00107538
STATE_A,embedding_0043,17,52,0.32622355,0.16650169,0.30387334,0.15720961,1.062724,0.0001478,0.00171985
STATE_A,embedding_0044,17,52,0.12878558,-0.03420791,0.09885551,-0.02751706,1.0422156,0.00035436,0.00272148
STATE_A,embedding_0045,17,52,-0.7334668,-0.64137405,-0.74449793,-0.63445337,-1.05286017,0.00031849,0.00257474
STATE_A,embedding_0046,17,52,-0.04687242,-0.10035014,-0.03684515,-0.10270201,0.65482664,0.03035412,0.06876686
STATE_A,embedding_0047,17,52,0.42043331,0.38308865,0.42113864,0.40339836,0.15669861,0.37654575,0.49859851
STATE_A,embedding_0048,17,52,-0.13445704,-0.08975465,-0.11791291,-0.07766877,-0.30157731,0.1380527,0.22606498
STATE_A,embedding_0049,17,52,-0.23906997,-0.21294057,-0.21455013,-0.21311843,-0.00877302,0.93894886,0.96276732
STATE_A,embedding_0050,17,52,0.04634734,0.09109625,0.08505742,0.10408189,-0.16839695,0.33312795,0.45686119
STATE_A,embedding_0051,17,52,-1.00275993,-1.02125657,-0.99018749,-0.99104525,0.0051064,0.7966967,0.86177897
STATE_A,embedding_0052,17,52,-0.31710052,-0.18865534,-0.30748182,-0.18070945,-1.31403418,7.437e-05,0.00116564
STATE_A,embedding_0053,17,52,-0.83878744,-0.87238941,-0.84056019,-0.84117695,0.00510691,0.7966967,0.86177897
STATE_A,embedding_0054,17,52,0.21077259,0.07110761,0.20536793,0.08602869,0.91724928,0.00041532,0.00306698
STATE_A,embedding_0055,17,52,-0.34252805,-0.35731395,-0.34409407,-0.36477471,0.18671792,0.51728076,0.63767516
STATE_A,embedding_0056,17,52,-0.41174126,-0.42025252,-0.40269791,-0.40636894,0.02350717,0.52633076,0.64366564
STATE_A,embedding_0057,17,52,0.07080914,0.11392259,0.09439669,0.13059866,-0.23001193,0.39950712,0.5209193
STATE_A,embedding_0058,17,52,-0.97318351,-0.85963979,-0.98679978,-0.84099958,-1.1747958,5.543e-05,0.00106426
STATE_A,embedding_0059,17,52,1.0204078,1.28819174,1.06804057,1.29167207,-0.85894981,0.00308438,0.01301541
STATE_A,embedding_0060,17,52,1.13449037,1.01853997,1.11544875,1.00255838,0.92879321,0.00168813,0.00836441
STATE_A,embedding_0061,17,52,-0.65017778,-0.57012799,-0.59031383,-0.59032718,8.309e-05,0.78596792,0.8549906
STATE_A,embedding_0062,17,52,-0.25566268,-0.06112589,-0.234987,-0.04640524,-1.12961195,0.00021794,0.00206639
STATE_A,embedding_0063,17,52,0.310285,0.23650139,0.27588925,0.24147899,0.32908992,0.19770329,0.30367225
STATE_A,embedding_0064,17,52,-1.71783817,-1.74071747,-1.71557812,-1.71859935,0.02280278,0.56332187,0.67810532
STATE_A,embedding_0065,17,52,-0.69827718,-0.63584885,-0.67492109,-0.61090958,-0.41650748,0.23930832,0.35480461
STATE_A,embedding_0066,17,52,-0.00779751,-0.00214304,-0.00018195,-0.0048878,0.03944966,0.95003293,0.96639111
STATE_A,embedding_0067,17,52,1.17555225,1.13627559,1.18607719,1.17321785,0.07889278,0.50831199,0.62965098
STATE_A,embedding_0068,17,52,0.7667467,0.65581882,0.76218294,0.63573604,1.02727448,0.00041532,0.00306698
STATE_A,embedding_0069,17,52,0.16379899,0.21251781,0.16706995,0.21984239,-0.59317891,0.01825536,0.04642423
STATE_A,embedding_0070,17,52,-0.81050014,-0.80788079,-0.79366739,-0.78951763,-0.02261661,0.81826799,0.87769527
STATE_A,embedding_0071,17,52,1.47001696,1.51200294,1.44746338,1.50944416,-0.33932758,0.37654575,0.49859851
STATE_A,embedding_0072,17,52,-3.89205551,-3.84626496,-3.88125693,-3.83551365,-0.29292013,0.35441703,0.47503016
STATE_A,embedding_0073,17,52,-0.10167213,-0.31201996,-0.12661457,-0.31627408,1.27005676,7.883e-05,0.00118709
STATE_A,embedding_0074,17,52,-0.12054679,-0.04252725,-0.13520251,-0.01536795,-0.67940625,0.01895209,0.04772198
STATE_A,embedding_0075,17,52,0.18757613,-0.05964066,0.1435328,-0.06604676,1.09122724,0.00027099,0.00233843
STATE_A,embedding_0076,17,52,-0.5514757,-0.69749057,-0.56788756,-0.70431281,1.07206446,0.00013206,0.00169037
STATE_A,embedding_0077,17,52,0.76711088,0.89031455,0.81173534,0.86019566,-0.24759519,0.16586842,0.260505
STATE_A,embedding_0078,17,52,0.00357201,0.00277483,-0.02220953,-0.04780286,0.10521977,0.9168183,0.94639308
STATE_A,embedding_0079,17,52,-0.49123955,-0.50544786,-0.51749541,-0.4898442,-0.21170507,0.64085101,0.74011064
STATE_A,embedding_0080,17,52,1.07086575,1.06088012,1.06267156,1.04158383,0.15106902,0.80746405,0.8697509
STATE_A,embedding_0081,17,52,0.46441287,0.45487496,0.45152508,0.45359529,-0.02351539,0.86180996,0.91166673
STATE_A,embedding_0082,17,52,0.73306322,0.50943169,0.7069187,0.44794253,1.19698738,1.189e-05,0.0007485
STATE_A,embedding_0083,17,52,-0.34315434,-0.31742084,-0.34947965,-0.31302957,-0.36139049,0.29308108,0.4099932
STATE_A,embedding_0084,17,52,0.29233858,0.27951446,0.29912246,0.29543656,0.02573906,1.0,1.0
STATE_A,embedding_0085,17,52,-0.95858854,-1.0745545,-0.98639319,-1.08353018,0.84393797,0.00073289,0.00465173
STATE_A,embedding_0086,17,52,-0.54987699,-0.45698854,-0.56047989,-0.42616092,-0.61271981,0.01758115,0.04515827
STATE_A,embedding_0087,17,52,-0.55227476,-0.54688385,-0.55427664,-0.56545227,0.08769266,1.0,1.0
STATE_A,embedding_0088,17,52,0.18893559,0.19754552,0.19978976,0.1983686,0.00982634,0.87276687,0.9194581
STATE_A,embedding_0089,17,52,-0.97233039,-0.99797225,-0.96882819,-1.01211083,0.36537547,0.18355137,0.28420857
STATE_A,embedding_0090,17,52,0.02753109,0.21180838,0.0558633,0.20160199,-0.82495332,0.0048032,0.01853697
STATE_A,embedding_0091,17,52,-0.39469314,-0.45041525,-0.4185788,-0.45379908,0.20471418,0.10774485,0.18553373
STATE_A,embedding_0092,17,52,0.08076871,0.09292149,0.08555825,0.07243714,0.09360072,0.9278766,0.95396148
STATE_A,embedding_0093,17,52,-0.96495193,-1.01116067,-0.98933168,-1.07234056,0.39550538,0.12385696,0.20769027
STATE_A,embedding_0094,17,52,0.81714785,0.68964595,0.80856419,0.69259718,0.99281531,0.00035436,0.00272148
STATE_A,embedding_0095,17,52,-0.99433023,-0.96320689,-0.98523102,-0.961927,-0.23763152,0.42329094,0.54636545
STATE_A,embedding_0096,17,52,0.68094093,0.74714831,0.67587523,0.76104274,-0.71454457,0.00073289,0.00465173
STATE_A,embedding_0097,17,52,0.19638701,0.13106471,0.20477163,0.13628811,0.73283859,0.0139761,0.03819802
STATE_A,embedding_0098,17,52,0.28278187,0.18236937,0.26643823,0.15941563,0.80365517,0.00337493,0.01408666
STATE_A,embedding_0099,17,52,-2.57177186,-2.63082957,-2.56670927,-2.62966491,0.56857143,0.01629793,0.04316141
STATE_A,embedding_0100,17,52,-0.63018477,-0.60328409,-0.62657356,-0.60652257,-0.1561376,0.43139941,0.55219124
STATE_A,embedding_0101,17,52,0.32465672,0.34867883,0.32582416,0.32435903,0.01517245,0.62105156,0.72930825
STATE_A,embedding_0102,17,52,1.80286396,1.76069796,1.82272098,1.75455855,0.3186255,0.35441703,0.47503016
STATE_A,embedding_0103,17,52,0.12781875,0.30699989,0.15108489,0.3013766,-0.87913881,0.00185584,0.00902079
STATE_A,embedding_0104,17,52,-1.00099087,-0.65396631,-0.9615799,-0.65508097,-1.2111857,6.616e-05,0.00110458
STATE_A,embedding_0105,17,52,-1.04854524,-1.09397936,-1.05233024,-1.08528327,0.44212479,0.03997246,0.08623272
STATE_A,embedding_0106,17,52,-0.73437351,-0.85269547,-0.74266534,-0.87910888,0.86874552,0.00020629,0.00205754
STATE_A,embedding_0107,17,52,0.37475574,0.35477301,0.34494846,0.35645547,-0.10627404,0.76463374,0.84252326
STATE_A,embedding_0108,17,52,-0.34810287,-0.30340715,-0.35145856,-0.31385378,-0.2579684,0.244914,0.36033324
STATE_A,embedding_0109,17,52,-0.84268296,-0.76571694,-0.83448925,-0.74399168,-0.60463236,0.02118366,0.05148434
STATE_A,embedding_0110,17,52,0.00117514,0.04483273,-0.02174989,0.03711603,-0.65115186,0.01967197,0.04889344
STATE_A,embedding_0111,17,52,-0.47931987,-0.58345065,-0.49468652,-0.58944687,0.87442954,0.00570553,0.02086594
STATE_A,embedding_0112,17,52,0.95536613,0.91625747,0.96550455,0.9301972,0.27117107,0.28673467,0.40480189
STATE_A,embedding_0113,17,52,-1.94628417,-1.79390484,-1.90958457,-1.80673414,-0.57962742,0.03369845,0.07501568
STATE_A,embedding_0114,17,52,-0.46194753,-0.40335196,-0.47697899,-0.39752666,-0.78217502,0.00831729,0.02617901
STATE_A,embedding_0115,17,52,-0.90480602,-1.03124434,-0.93739124,-1.02744257,0.65945955,0.00978863,0.02983202
STATE_A,embedding_0116,17,52,-0.31109899,-0.16099855,-0.27614705,-0.15478929,-1.1404189,5.223e-05,0.00106426
STATE_A,embedding_0117,17,52,-0.12402332,-0.11182875,-0.10595683,-0.1363425,0.18469842,0.43139941,0.55219124
STATE_A,embedding_0118,17,52,-0.38513339,-0.44291036,-0.40575648,-0.42061968,0.09695862,0.28673467,0.40480189
STATE_A,embedding_0119,17,52,-0.05820371,-0.04265138,-0.06212131,-0.05007818,-0.17307076,0.28048171,0.39964741
STATE_A,embedding_0120,17,52,1.19212949,1.24970067,1.20258116,1.23610456,-0.23872378,0.26228156,0.38077928
STATE_A,embedding_0121,17,52,-0.25863752,-0.34886621,-0.27713221,-0.32289839,0.35309379,0.11082702,0.18998918
STATE_A,embedding_0122,17,52,-0.24951775,-0.33539535,-0.27977975,-0.31852127,0.27728054,0.09890418,0.17263275
STATE_A,embedding_0123,17,52,-0.59113461,-0.55968094,-0.60504843,-0.58569848,-0.14048318,0.39176138,0.51431238
STATE_A,embedding_0124,17,52,0.05036689,0.10572446,0.06947825,0.11967612,-0.28980133,0.11719989,0.1986965
STATE_A,embedding_0125,17,52,0.94532639,1.24068367,1.00975843,1.18343659,-0.64871264,0.00831729,0.02617901
STATE_A,embedding_0126,17,52,0.1670565,0.0895436,0.16889721,0.05810699,0.66071772,0.02041561,0.04993372
STATE_A,embedding_0127,17,52,-0.46783856,-0.34803222,-0.45463597,-0.35391561,-1.19482263,8.355e-05,0.00121069
STATE_A,embedding_0128,17,52,0.29922277,0.221241,0.29144494,0.20100588,0.76106874,0.00385766,0.01559307
STATE_A,embedding_0129,17,52,-0.89141905,-0.76608327,-0.87476106,-0.71744629,-0.86766665,0.00031849,0.00257474
STATE_A,embedding_0130,17,52,0.61495399,0.76114413,0.65724448,0.76898993,-0.67141424,0.01019094,0.03069271
STATE_A,embedding_0131,17,52,0.53781205,0.4458746,0.55608113,0.45013862,0.81584139,0.00734711,0.02421708
STATE_A,embedding_0132,17,52,0.67851633,0.62173954,0.67116127,0.63055401,0.3148452,0.23930832,0.35480461
STATE_A,embedding_0133,17,52,-0.0453997,-0.1509167,-0.05324958,-0.148854,0.95546796,0.00073289,0.00465173
STATE_A,embedding_0134,17,52,9.63546371,9.44366693,9.5528919,9.48220378,0.25557491,0.244914,0.36033324
STATE_A,embedding_0135,17,52,-0.17399555,-0.23476016,-0.19436567,-0.2542828,0.31508287,0.29308108,0.4099932
STATE_A,embedding_0136,17,52,-0.04555063,0.0565105,-0.03556238,0.04750554,-0.55486432,0.0610684,0.11843568
STATE_A,embedding_0137,17,52,-0.62599117,-0.47148927,-0.59405153,-0.49081246,-0.71861376,0.00978863,0.02983202
STATE_A,embedding_0138,17,52,2.45599747,2.42192698,2.47989729,2.37863311,0.67177725,0.0263414,0.06130362
STATE_A,embedding_0139,17,52,0.39805022,0.37312381,0.37253471,0.37760427,-0.03689515,0.66090939,0.75871212
STATE_A,embedding_0140,17,52,-0.97485453,-0.98677078,-0.99838896,-0.98168006,-0.09431629,0.95003293,0.96639111
STATE_A,embedding_0141,17,52,0.91509974,0.8929145,0.82658715,0.86721258,-0.14597269,0.34722712,0.46949019
STATE_A,embedding_0142,17,52,-1.73468816,-1.7250585,-1.73712383,-1.73010467,-0.03711514,0.81826799,0.87769527
STATE_A,embedding_0143,17,52,0.33698601,0.31330681,0.30994199,0.30628417,0.02873998,0.97222796,0.98246194
STATE_A,embedding_0144,17,52,0.34418136,0.53324553,0.36613859,0.52999521,-1.22855297,4.636e-05,0.00104719
STATE_A,embedding_0145,17,52,-1.94557405,-1.95682621,-1.93710025,-1.94133024,0.02912578,0.60152282,0.71072235
STATE_A,embedding_0146,17,52,0.42276746,0.37187606,0.40310431,0.35950303,0.33669933,0.22303617,0.3339021
STATE_A,embedding_0147,17,52,-0.36480901,-0.34727284,-0.34790269,-0.33662595,-0.07481499,0.78596792,0.8549906
STATE_A,embedding_0148,17,52,-1.50991774,-1.39460588,-1.50252443,-1.39105351,-0.8275043,0.00194531,0.00922221
STATE_A,embedding_0149,17,52,-0.43292969,-0.70743477,-0.53689736,-0.70472616,0.66643924,0.00765859,0.02481771
STATE_A,embedding_0150,17,52,0.92388421,0.82534966,0.90977453,0.78138925,0.75862008,0.00523683,0.01952372
STATE_A,embedding_0151,17,52,-0.73366445,-0.71357834,-0.71905688,-0.71425384,-0.05940278,1.0,1.0
STATE_A,embedding_0152,17,52,-0.08433637,-0.00163215,-0.09703028,0.00546608,-0.8918854,0.00352936,0.01457284
STATE_A,embedding_0153,17,52,0.03212787,0.32769921,0.0700259,0.30093157,-1.09695027,7.883e-05,0.00118709
STATE_A,embedding_0154,17,52,1.21072042,1.23557198,1.20514849,1.22581478,-0.14035422,0.29308108,0.4099932
STATE_A,embedding_0155,17,52,0.4440034,0.63701937,0.44617728,0.61787761,-1.12041862,0.00016529,0.0018668
STATE_A,embedding_0156,17,52,-0.83262426,-0.69033796,-0.7921198,-0.67901621,-0.4930811,0.03035412,0.06876686
STATE_A,embedding_0157,17,52,-1.34914649,-1.54689771,-1.36740811,-1.60174467,1.28758981,7.09e-06,0.0007485
STATE_A,embedding_0158,17,52,0.27210063,0.32159919,0.28409498,0.32459112,-0.46783499,0.08296362,0.15134456
STATE_A,embedding_0159,17,52,2.17391825,2.14863741,2.18671253,2.14251585,0.34940862,0.17900492,0.27772885
STATE_A,embedding_0160,17,52,0.55299193,0.59501481,0.56804308,0.60431914,-0.30849199,0.17900492,0.27772885
STATE_A,embedding_0161,17,52,1.34966958,1.48745745,1.37428237,1.44691352,-0.50344167,0.01103997,0.03199508
STATE_A,embedding_0162,17,52,0.69447613,0.76964432,0.67754356,0.72850582,-0.33192009,0.00978863,0.02983202
STATE_A,embedding_0163,17,52,0.46073148,0.29144722,0.44623309,0.28533183,1.06770801,0.0001478,0.00171985
STATE_A,embedding_0164,17,52,1.35241163,1.45591456,1.39562603,1.4707036,-0.3964557,0.08296362,0.15134456
STATE_A,embedding_0165,17,52,0.75672466,0.81440884,0.74989829,0.81265266,-0.58695152,0.06301661,0.12159989
STATE_A,embedding_0166,17,52,-0.6386534,-0.65048712,-0.63317898,-0.64864157,0.11795711,0.6914552,0.7786475
STATE_A,embedding_0167,17,52,0.32651892,0.36185674,0.34788853,0.35642868,-0.10002856,0.45625826,0.57822829
STATE_A,embedding_0168,17,52,-0.28157967,-0.22998502,-0.30337988,-0.22126153,-0.76205109,0.00902622,0.02806533
STATE_A,embedding_0169,17,52,-0.3139151,-0.22396853,-0.27126005,-0.23231096,-0.26043696,0.16586842,0.260505
STATE_A,embedding_0170,17,52,1.32221079,1.43892288,1.33976176,1.40491282,-0.44969462,0.00523683,0.01952372
STATE_A,embedding_0171,17,52,0.28785878,0.32807179,0.28997714,0.2928719,-0.01677506,0.33312795,0.45686119
STATE_A,embedding_0172,17,52,-0.37037992,-0.15324859,-0.37438488,-0.15752123,-1.30993286,2.097e-05,0.00100656
STATE_A,embedding_0173,17,52,0.15046301,0.02837305,0.15546493,0.02311556,1.20418342,7.015e-05,0.0011224
STATE_A,embedding_0174,17,52,-0.63576579,-0.81688991,-0.64721914,-0.81172988,0.6962996,0.00704704,0.02363374
STATE_A,embedding_0175,17,52,0.38791937,0.22000489,0.40084802,0.22573089,1.05665412,5.543e-05,0.00106426
STATE_A,embedding_0176,17,52,0.46290851,0.49468848,0.45366357,0.49907981,-0.55812471,0.05376781,0.10866757
STATE_A,embedding_0177,17,52,1.21066797,1.25336647,1.20482826,1.23656,-0.17988826,0.26825538,0.38798518
STATE_A,embedding_0178,17,52,-1.0079689,-0.9664818,-1.02517573,-0.97285515,-0.41544537,0.09890418,0.17263275
STATE_A,embedding_0179,17,52,0.96556062,1.04967904,0.98766773,1.01423399,-0.10498601,0.34722712,0.46949019
STATE_A,embedding_0180,17,52,-0.44897613,-0.43629558,-0.48382609,-0.44914241,-0.22017485,0.28048171,0.39964741
STATE_A,embedding_0181,17,52,-0.13375846,-0.20850365,-0.1294539,-0.21008254,1.02217144,0.00046126,0.00334196
STATE_A,embedding_0182,17,52,-0.1757541,-0.07751008,-0.15799904,-0.0728007,-0.57730596,0.01452738,0.03942413
STATE_A,embedding_0183,17,52,0.66994458,0.75260937,0.6730961,0.72124268,-0.36060096,0.01825536,0.04642423
STATE_A,embedding_0184,17,52,2.69301057,2.58055639,2.67441198,2.52321631,0.84824578,0.0002567,0.00226604
STATE_A,embedding_0185,17,52,0.61582249,0.7135618,0.65917144,0.70333895,-0.27596316,0.12049244,0.20338065
STATE_A,embedding_0186,17,52,-0.86877483,-1.07322276,-0.87133369,-1.05997671,1.15754252,5.543e-05,0.00106426
STATE_A,embedding_0187,17,52,0.52738214,0.62195319,0.55425585,0.60376103,-0.43595144,0.09065237,0.16078758
STATE_A,embedding_0188,17,52,-0.00411893,0.11462205,0.03647393,0.12606046,-0.57389862,0.01629793,0.04316141
STATE_A,embedding_0189,17,52,0.9980607,1.08136904,1.0014002,1.07767196,-0.65691749,0.05732151,0.11316946
STATE_A,embedding_0190,17,52,1.2475996,1.22713149,1.25714078,1.20821967,0.24153305,0.5446703,0.66187783
STATE_A,embedding_0191,17,52,0.17462029,0.10021234,0.16842852,0.09307415,0.54527372,0.07132987,0.13393971
STATE_A,embedding_0192,17,52,0.16248354,0.12767414,0.17513896,0.11988582,0.63240507,0.03369845,0.07501568
STATE_A,embedding_0193,17,52,0.37312496,0.39254728,0.41307702,0.38371416,0.20052616,0.97222796,0.98246194
STATE_A,embedding_0194,17,52,-0.18072784,-0.06040885,-0.16861697,-0.0670843,-0.8722168,0.00077088,0.00473629
STATE_A,embedding_0195,17,52,-0.10940655,0.05326759,-0.0990862,0.0448907,-0.91945691,0.00103995,0.00578755
STATE_A,embedding_0196,17,52,-0.7565046,-0.69512734,-0.75974333,-0.66965397,-0.47844587,0.05376781,0.10866757
STATE_A,embedding_0197,17,52,-0.10473076,-0.09962432,-0.11415676,-0.09870868,-0.12197654,0.67103182,0.76689351
STATE_A,embedding_0198,17,52,-0.6974656,-0.66596708,-0.68103545,-0.66775531,-0.13873476,0.49062212,0.61367718
STATE_A,embedding_0199,17,52,-0.92820203,-0.96858689,-0.93500301,-0.97437841,0.35515909,0.13439134,0.22101188
STATE_A,embedding_0200,17,52,0.00237769,0.14763238,0.03004144,0.16695109,-1.23398337,3.871e-05,0.00104719
STATE_A,embedding_0201,17,52,-1.63960683,-1.67692941,-1.64147919,-1.66162604,0.21926092,0.2995211,0.41597144
STATE_A,embedding_0202,17,52,0.64933085,0.54706511,0.63193196,0.5415157,1.04987134,0.0005119,0.00364018
STATE_A,embedding_0203,17,52,-0.06483709,-0.0594671,-0.07839221,-0.06158451,-0.238186,0.63091817,0.73415933
STATE_A,embedding_0204,17,52,0.22050729,0.27198786,0.23546939,0.27485243,-0.50355097,0.08546557,0.15407877
STATE_A,embedding_0205,17,52,0.31653824,0.14589559,0.31532612,0.13889279,1.74939289,9.8e-07,0.00040704
STATE_A,embedding_0206,17,52,-0.62896484,-0.52741382,-0.62885703,-0.528839,-1.03001122,0.00048597,0.00348808
STATE_A,embedding_0207,17,52,-0.92867178,-0.99374473,-0.94318227,-0.98135623,0.25096715,0.12729436,0.21160621
STATE_A,embedding_0208,17,52,-1.39677715,-1.28052938,-1.37829591,-1.25975935,-0.87659668,0.00421348,0.01659463
STATE_A,embedding_0209,17,52,-0.28657049,-0.22372949,-0.27538599,-0.22296942,-0.51571229,0.07354302,0.13742345
STATE_A,embedding_0210,17,52,8.37276173,8.13961983,8.23190599,8.23328017,-0.00287041,0.6812143,0.77278077
STATE_A,embedding_0211,17,52,-0.75316089,-0.57675388,-0.70938158,-0.55205268,-1.19288668,0.00020629,0.00205754
STATE_A,embedding_0212,17,52,-0.50488609,-0.51544735,-0.51282478,-0.49806024,-0.18053443,0.7966967,0.86177897
STATE_A,embedding_0213,17,52,0.33613265,0.25405069,0.34178867,0.2521709,1.11163142,0.00017476,0.00189036
STATE_A,embedding_0214,17,52,-0.54585046,-0.48202069,-0.54238455,-0.48777538,-0.66785841,0.02041561,0.04993372
STATE_A,embedding_0215,17,52,-0.26154691,-0.20566596,-0.2494496,-0.19960778,-0.57653883,0.04419292,0.09375736
STATE_A,embedding_0216,17,52,-0.7966646,-0.86965746,-0.78715042,-0.85555245,0.84442459,0.00523683,0.01952372
STATE_A,embedding_0217,17,52,-0.83134222,-0.84290966,-0.84539041,-0.83985753,-0.08586303,0.90577606,0.94639308
STATE_A,embedding_0218,17,52,0.24659452,0.32438505,0.25064031,0.33496784,-0.95942296,0.00066207,0.00449973
STATE_A,embedding_0219,17,52,-2.89253712,-2.77672148,-2.87088811,-2.74909584,-1.19526953,3.227e-05,0.00104719
STATE_A,embedding_0220,17,52,-0.6076436,-0.7043283,-0.58934726,-0.70182876,0.5800132,0.0064797,0.02272333
STATE_A,embedding_0221,17,52,0.29385471,0.3242642,0.29538186,0.34178508,-0.51832361,0.09065237,0.16078758
STATE_A,embedding_0222,17,52,-0.35818157,-0.38950628,-0.37643211,-0.3907356,0.15325576,0.43139941,0.55219124
STATE_A,embedding_0223,17,52,-0.23738563,-0.20079393,-0.24690553,-0.20581894,-0.4116776,0.12385696,0.20769027
STATE_A,embedding_0224,17,52,-0.05095951,-0.01861517,-0.06200951,-0.01194497,-0.64914096,0.03997246,0.08623272
STATE_A,embedding_0225,17,52,0.1953997,0.15681772,0.20650891,0.15877976,0.47177893,0.13439134,0.22101188
STATE_A,embedding_0226,17,52,-0.43934453,-0.46416096,-0.45178135,-0.43532839,-0.12441262,0.83997776,0.89349435
STATE_A,embedding_0227,17,52,-0.21101072,-0.16171017,-0.19508044,-0.15684812,-0.28186348,0.17454275,0.27245698
STATE_A,embedding_0228,17,52,-1.59382534,-1.39791626,-1.54672001,-1.43619741,-0.41145517,0.03369845,0.07501568
STATE_A,embedding_0229,17,52,0.32288894,0.19079509,0.30875469,0.1615201,0.93619167,0.00139378,0.00713615
STATE_A,embedding_0230,17,52,1.32863724,1.30913103,1.32626327,1.31508538,0.06691881,0.9168183,0.94639308
STATE_A,embedding_0231,17,52,-0.25926825,-0.2828344,-0.27477493,-0.28644365,0.1268083,0.55395766,0.66998344
STATE_A,embedding_0232,17,52,-0.2012638,-0.09185711,-0.19461462,-0.09590835,-0.83532872,0.00403201,0.01612804
STATE_A,embedding_0233,17,52,0.17152463,0.19753666,0.17402399,0.17574568,-0.00946633,0.52633076,0.64366564
STATE_A,embedding_0234,17,52,-0.14269158,-0.1233301,-0.15685898,-0.12245626,-0.28465679,0.26228156,0.38077928
STATE_A,embedding_0235,17,52,0.16759717,0.00233738,0.17113105,0.03561535,0.9616468,0.00077088,0.00473629
STATE_A,embedding_0236,17,52,-1.00197804,-1.03396201,-1.0129098,-1.01746107,0.04100589,0.85087957,0.90134553
STATE_A,embedding_0237,17,52,1.13099539,1.03899103,1.09475573,1.01262417,0.55795745,0.02451298,0.05828473
STATE_A,embedding_0238,17,52,-0.73348826,-0.74998283,-0.73575385,-0.76494112,0.38579117,0.1494986,0.23969713
STATE_A,embedding_0239,17,52,-0.78118974,-0.89115354,-0.79275678,-0.88750848,0.72903451,0.00734711,0.02421708
STATE_A,embedding_0240,17,52,-0.05860459,-0.11484776,-0.09749415,-0.11997543,0.14456874,0.57276174,0.68624184
STATE_A,embedding_0241,17,52,-1.52489483,-1.51748902,-1.52155667,-1.51198455,-0.13206572,0.6914552,0.7786475
STATE_A,embedding_0242,17,52,0.50673169,0.63375941,0.55030464,0.64029202,-0.93854402,0.00831729,0.02617901
STATE_A,embedding_0243,17,52,-0.743779,-0.74338928,-0.73665148,-0.74466394,0.11423741,0.82910656,0.88561035
STATE_A,embedding_0244,17,52,0.37216288,0.39090416,0.38440314,0.39951699,-0.09927768,0.63091817,0.73415933
STATE_A,embedding_0245,17,52,0.25549075,0.1818168,0.2559337,0.21505031,0.20603855,0.05552097,0.11104194
STATE_A,embedding_0246,17,52,-0.39230072,-0.35004479,-0.39815246,-0.32607928,-0.51294096,0.0610684,0.11843568
STATE_A,embedding_0247,17,52,0.70658481,0.7525948,0.69350575,0.75552161,-0.63628704,0.03035412,0.06876686
STATE_A,embedding_0248,17,52,-0.26966679,-0.43072167,-0.29225323,-0.45019293,0.95540745,0.00114742,0.00607737
STATE_A,embedding_0249,17,52,-0.45668539,-0.56368399,-0.4688873,-0.55626883,0.62901602,0.00765859,0.02481771
STATE_A,embedding_0250,17,52,0.31622717,0.24090192,0.30448115,0.2391661,0.8370214,0.00194531,0.00922221
STATE_A,embedding_0251,17,52,-1.07953775,-0.99170983,-1.0612463,-0.9830363,-0.66825268,0.00322668,0.01354148
STATE_A,embedding_0252,17,52,-1.20894885,-1.1519568,-1.20691113,-1.12128881,-0.47064215,0.13439134,0.22101188
STATE_A,embedding_0253,17,52,-1.12079191,-1.17610359,-1.12247216,-1.16683196,0.31177855,0.01967197,0.04889344
STATE_A,embedding_0254,17,52,0.70062751,0.69425926,0.70435094,0.67593086,0.21525059,0.60152282,0.71072235
STATE_A,embedding_0255,17,52,0.41260079,0.3258756,0.42780991,0.33756214,0.67609623,0.03488111,0.07720084
STATE_A,embedding_0256,17,52,1.1453644,1.12418437,1.19883817,1.11181432,0.52975231,0.10178438,0.17645689
STATE_A,embedding_0257,17,52,0.22842474,0.33504528,0.25444895,0.33497895,-0.70477193,0.00831729,0.02617901
STATE_A,embedding_0258,17,52,0.16653575,0.19350309,0.15374118,0.209096,-0.47161313,0.14179047,0.23022216
STATE_A,embedding_0259,17,52,-0.52118015,-0.37763572,-0.4735244,-0.36349404,-0.81707097,0.00308438,0.01301541
STATE_A,embedding_0260,17,52,0.67895162,0.74271441,0.72753073,0.73583591,-0.05143447,0.41527239,0.53691784
STATE_A,embedding_0261,17,52,1.18312538,1.13935941,1.17210428,1.16022624,0.07543748,0.78596792,0.8549906
STATE_A,embedding_0262,17,52,-0.42629448,-0.39324351,-0.4144909,-0.38251944,-0.2086645,0.46472014,0.58605101
STATE_A,embedding_0263,17,52,0.54673249,0.65930593,0.59289637,0.70670312,-0.5587994,0.05376781,0.10866757
STATE_A,embedding_0264,17,52,-0.8409152,-0.89567474,-0.80551323,-0.87995395,0.45610294,0.04878345,0.10017564
STATE_A,embedding_0265,17,52,0.54217523,0.57499251,0.59103912,0.59697471,-0.03648082,0.9168183,0.94639308
STATE_A,embedding_0266,17,52,2.88689947,2.83376217,2.88893463,2.82716178,0.32826856,0.244914,0.36033324
STATE_A,embedding_0267,17,52,1.22856355,1.22331411,1.24883361,1.22732647,0.22429107,0.58227605,0.6922415
STATE_A,embedding_0268,17,52,0.73591661,0.92300886,0.7430134,0.90642839,-1.26434116,5.881e-05,0.00107538
STATE_A,embedding_0269,17,52,0.95459396,1.03320503,0.98014961,1.04961851,-0.3791489,0.15752244,0.25047046
STATE_A,embedding_0270,17,52,0.10160062,0.13195105,0.11668017,0.13980238,-0.13473804,0.5446703,0.66187783
STATE_A,embedding_0271,17,52,0.45052329,0.53758243,0.47885042,0.55647051,-0.37897116,0.14179047,0.23022216
STATE_A,embedding_0272,17,52,0.19300842,0.12775746,0.15666104,0.12563604,0.18364215,0.70175286,0.78678277
STATE_A,embedding_0273,17,52,-0.87663913,-0.78829786,-0.8606015,-0.77309117,-0.60331089,0.03255026,0.07330968
STATE_A,embedding_0274,17,52,0.60664392,0.57442573,0.61031911,0.60901763,0.00871805,0.64085101,0.74011064
STATE_A,embedding_0275,17,52,-0.05033592,-0.11401371,-0.06974703,-0.11823467,0.35895799,0.17900492,0.27772885
STATE_A,embedding_0276,17,52,0.2221707,-0.06161043,0.18787247,0.00013482,0.97674153,0.00027099,0.00233843
STATE_A,embedding_0277,17,52,1.04238296,0.95941156,1.07012458,0.97077619,0.66483373,0.01292866,0.0359754
STATE_A,embedding_0278,17,52,-0.61633748,-0.67853391,-0.63644423,-0.66304475,0.18807051,0.40734428,0.52934079
STATE_A,embedding_0279,17,52,-0.08131986,0.01638748,-0.06043068,0.02096695,-0.58344644,0.07581201,0.14029789
STATE_A,embedding_0280,17,52,0.34307161,0.4013305,0.41251469,0.38751345,0.1520011,0.9278766,0.95396148
STATE_A,embedding_0281,17,52,0.45462257,0.47844966,0.4958664,0.4588649,0.25160407,0.46472014,0.58605101
STATE_A,embedding_0282,17,52,0.7556932,0.72442439,0.73760975,0.67954575,0.23787419,0.50831199,0.62965098
STATE_A,embedding_0283,17,52,0.29128361,0.2346241,0.29917806,0.24200339,0.48414596,0.0282865,0.06484786
STATE_A,embedding_0284,17,52,-0.94030458,-1.02416295,-0.95085278,-0.99166749,0.23062137,0.15752244,0.25047046
STATE_A,embedding_0285,17,52,-0.06831907,0.09308778,-0.06459157,0.09461984,-1.07762302,0.00039399,0.00296651
STATE_A,embedding_0286,17,52,0.7478897,0.77991602,0.74355324,0.81110959,-0.56193567,0.07581201,0.14029789
STATE_A,embedding_0287,17,52,0.05159486,0.11136538,0.07284012,0.10341844,-0.36726875,0.11397839,0.19452312
STATE_A,embedding_0288,17,52,-0.6440773,-0.63250712,-0.61697289,-0.6263861,0.09472564,0.88374825,0.92721128
STATE_A,embedding_0289,17,52,-4.6090169,-4.46500111,-4.59601688,-4.49943056,-0.55405212,0.01568774,0.04212652
STATE_A,embedding_0290,17,52,-1.71495342,-2.06012154,-1.78407661,-2.08674671,1.30797357,2.686e-05,0.00104719
STATE_A,embedding_0291,17,52,-0.29011869,-0.23124843,-0.27635116,-0.2251267,-0.46312146,0.04568081,0.09559363
STATE_A,embedding_0292,17,52,-0.71825129,-0.85311985,-0.734494,-0.83149006,0.85722062,0.00035436,0.00272148
STATE_A,embedding_0293,17,52,0.30059901,0.39867564,0.32180134,0.40010539,-0.80999082,0.00016529,0.0018668
STATE_A,embedding_0294,17,52,0.92244899,0.86070207,0.87956426,0.85447776,0.19349905,0.43959721,0.559885
STATE_A,embedding_0295,17,52,0.03067099,0.09613202,0.02758395,0.10189875,-0.54668585,0.07581201,0.14029789
STATE_A,embedding_0296,17,52,0.80797791,0.98316839,0.84589377,0.99103477,-0.92931553,0.00146256,0.00743872
STATE_A,embedding_0297,17,52,0.30985829,0.38491413,0.31730806,0.38955493,-0.691757,0.00501578,0.0190699
STATE_A,embedding_0298,17,52,-0.6787588,-0.87507555,-0.70834493,-0.84973404,0.67930967,0.0106079,0.03121405
STATE_A,embedding_0299,17,52,-3.84323096,-4.21917343,-3.90258783,-4.19695856,1.48197616,1.267e-05,0.0007485
STATE_A,embedding_0300,17,52,0.22554132,0.39355735,0.25707138,0.40052761,-1.31811474,2.525e-05,0.00104719
STATE_A,embedding_0301,17,52,0.69256234,0.68665171,0.72878385,0.6806378,0.42851955,0.1494986,0.23969713
STATE_A,embedding_0302,17,52,-0.27536151,-0.38777888,-0.28185119,-0.36982571,0.67492219,0.00570553,0.02086594
STATE_A,embedding_0303,17,52,0.34930393,0.39763415,0.38685586,0.40658034,-0.19798138,0.29308108,0.4099932
STATE_A,embedding_0304,17,52,-0.00155471,0.00130721,-0.02593282,0.0229742,-0.31544975,0.34722712,0.46949019
STATE_A,embedding_0305,17,52,0.21244639,0.23958137,0.20565422,0.22413319,-0.19698812,0.20259362,0.30994402
STATE_A,embedding_0306,17,52,0.89143282,0.83918244,0.88561303,0.83682388,0.34371357,0.21263752,0.32146775
STATE_A,embedding_0307,17,52,1.03243184,1.12476033,1.03982534,1.12443508,-0.78790219,0.00308438,0.01301541
STATE_A,embedding_0308,17,52,-1.03121018,-0.97016287,-1.02310058,-0.96841612,-0.67927828,0.0064797,0.02272333
STATE_A,embedding_0309,17,52,0.16364482,0.11163064,0.14462616,0.11721081,0.21432749,0.39950712,0.5209193
STATE_A,embedding_0310,17,52,0.56106794,0.36705452,0.50347587,0.34384852,1.06637641,0.00056769,0.00399987
STATE_A,embedding_0311,17,52,-0.57233143,-0.59600857,-0.57427939,-0.58719045,0.08264972,0.63091817,0.73415933
STATE_A,embedding_0312,17,52,0.22827145,0.3158738,0.22068844,0.33024858,-0.80177763,0.0008961,0.00517447
STATE_A,embedding_0313,17,52,-1.02093613,-1.13164848,-1.01155867,-1.11788927,0.74199189,0.01452738,0.03942413
STATE_A,embedding_0314,17,52,-0.66666609,-0.69193915,-0.65186874,-0.69210856,0.26453109,0.39950712,0.5209193
STATE_A,embedding_0315,17,52,-0.40980801,-0.52728915,-0.42985417,-0.55764939,0.58169332,0.01758115,0.04515827
STATE_A,embedding_0316,17,52,-0.76019943,-0.80284652,-0.74356916,-0.81362424,0.58983382,0.02041561,0.04993372
STATE_A,embedding_0317,17,52,0.12381586,0.00567015,0.12013498,0.01433816,0.84501809,0.0008524,0.00503572
STATE_A,embedding_0318,17,52,0.78663832,0.85321862,0.80140856,0.86349732,-0.50958451,0.03255026,0.07330968
STATE_A,embedding_0319,17,52,-0.20508844,-0.34793735,-0.31292523,-0.34737761,0.13713817,0.25640027,0.37436389
STATE_A,embedding_0320,17,52,-0.22982337,-0.05127493,-0.21881249,-0.01704899,-1.04804834,0.00012479,0.00165239
STATE_A,embedding_0321,17,52,0.29116824,0.16039462,0.27859053,0.12707837,0.6958144,0.01344336,0.03713849
STATE_A,embedding_0322,17,52,-0.35566291,-0.45849398,-0.36973916,-0.46060432,0.79798589,0.00369019,0.01499506
STATE_A,embedding_0323,17,52,0.35819566,0.23575699,0.36157195,0.22121168,1.13319413,9.933e-05,0.00141269
STATE_A,embedding_0324,17,52,0.55592436,0.62579575,0.58488919,0.61945149,-0.46651934,0.0472107,0.09772997
STATE_A,embedding_0325,17,52,1.66285741,1.70433223,1.62937508,1.69006573,-0.5379827,0.04568081,0.09559363
STATE_A,embedding_0326,17,52,-0.72467035,-0.80074796,-0.76382158,-0.76304685,-0.00420361,0.6812143,0.77278077
STATE_A,embedding_0327,17,52,-0.831164,-0.50613353,-0.74520554,-0.48823226,-1.22414466,0.00012479,0.00165239
STATE_A,embedding_0328,17,52,-0.21847025,-0.13664727,-0.17469318,-0.12895379,-0.18460697,0.09333913,0.16479184
STATE_A,embedding_0329,17,52,-0.16797575,-0.16496103,-0.20099669,-0.21814255,0.10849927,0.96112668,0.97638266
STATE_A,embedding_0330,17,52,-0.03369968,-0.12870062,-0.04233404,-0.14544862,0.75282615,0.00223803,0.01029226
STATE_A,embedding_0331,17,52,0.92899126,0.71092924,0.88876811,0.7325947,0.70678866,0.01195127,0.03386928
STATE_A,embedding_0332,17,52,0.27776334,0.2682074,0.27089745,0.30230762,-0.20007734,0.61125263,0.7200031
STATE_A,embedding_0333,17,52,-0.10392112,0.04041052,-0.06915309,0.05696071,-0.78078474,0.01195127,0.03386928
STATE_A,embedding_0334,17,52,1.46552587,1.4168697,1.45618066,1.41219561,0.53332365,0.03488111,0.07720084
STATE_A,embedding_0335,17,52,-0.85364634,-0.97121027,-0.90608566,-0.99605274,0.4525066,0.04568081,0.09559363
STATE_A,embedding_0336,17,52,-0.06178926,-0.07646569,-0.07642643,-0.05354734,-0.20200047,0.73296927,0.81229495
STATE_A,embedding_0337,17,52,0.08829518,0.02576416,0.06457591,0.01345051,0.27047847,0.34013071,0.46315671
STATE_A,embedding_0338,17,52,-0.87802094,-0.80093423,-0.87237731,-0.78769966,-0.60254479,0.0472107,0.09772997
STATE_A,embedding_0339,17,52,1.01691198,0.96880236,1.0013225,0.96584802,0.26045099,0.35441703,0.47503016
STATE_A,embedding_0340,17,52,0.72652251,0.70906711,0.72791105,0.69926904,0.39391814,0.27432201,0.39379309
STATE_A,embedding_0341,17,52,-0.76376611,-0.86562806,-0.75455246,-0.86368011,0.884685,0.00245504,0.01115663
STATE_A,embedding_0342,17,52,-0.98894614,-1.12924653,-0.99203812,-1.11147439,1.11443662,0.00024311,0.00217103
STATE_A,embedding_0343,17,52,1.1084038,1.11863542,1.1157139,1.10226385,0.11790404,0.90577606,0.94639308
STATE_A,embedding_0344,17,52,-0.6801855,-0.68971968,-0.7056042,-0.67978757,-0.16094918,0.95003293,0.96639111
STATE_A,embedding_0345,17,52,0.66472101,0.68468809,0.65725077,0.67667084,-0.19440361,0.21263752,0.32146775
STATE_A,embedding_0346,17,52,-0.88855463,-0.99423569,-0.91124637,-0.98840473,0.47694374,0.01895209,0.04772198
STATE_A,embedding_0347,17,52,0.70410401,0.62542972,0.68286159,0.63991838,0.2897201,0.1494986,0.23969713
STATE_A,embedding_0348,17,52,1.09880674,1.11395866,1.11830805,1.09710989,0.14562009,0.87276687,0.9194581
STATE_A,embedding_0349,17,52,-2.43435645,-2.47630537,-2.43746835,-2.47723158,0.12087289,0.39176138,0.51431238
STATE_A,embedding_0350,17,52,-0.64251888,-0.65690982,-0.64894936,-0.64024206,-0.0566328,0.83997776,0.89349435
STATE_A,embedding_0351,17,52,0.25684312,0.18331514,0.25348055,0.18421499,0.790135,0.00621173,0.02218888
STATE_A,embedding_0352,17,52,0.61890036,0.52640352,0.59793619,0.50496968,0.70920426,0.00675802,0.0233791
STATE_A,embedding_0353,17,52,0.72218281,0.66132396,0.71818256,0.63618071,0.59841283,0.04568081,0.09559363
STATE_A,embedding_0354,17,52,-0.72081298,-0.70653257,-0.68651483,-0.70432502,0.12049257,0.6508486,0.75052812
STATE_A,embedding_0355,17,52,0.80166507,0.89275536,0.82857835,0.92544533,-0.89540833,0.0048032,0.01853697
STATE_A,embedding_0356,17,52,0.22460009,0.41315863,0.27007324,0.41817343,-1.03401656,0.00094186,0.00531874
STATE_A,embedding_0357,17,52,-0.07385055,-0.2256623,-0.06995864,-0.23985916,1.29123458,0.00013206,0.00169037
STATE_A,embedding_0358,17,52,0.53772849,0.60009277,0.54345493,0.61736968,-0.53181177,0.05732151,0.11316946
STATE_A,embedding_0359,17,52,0.36388195,0.50798976,0.40231175,0.51436813,-0.66697292,0.00734711,0.02421708
STATE_A,embedding_0360,17,52,0.37616467,0.46289732,0.38443985,0.4426293,-0.5132203,0.05732151,0.11316946
STATE_A,embedding_0361,17,52,0.3268351,0.33633634,0.324729,0.32853189,-0.03500886,0.9168183,0.94639308
STATE_A,embedding_0362,17,52,0.82345891,0.84538302,0.80729687,0.85739064,-0.7127101,0.03035412,0.06876686
STATE_A,embedding_0363,17,52,-0.48281541,-0.37747997,-0.47581831,-0.37183118,-0.94241149,0.00109246,0.00590852
STATE_A,embedding_0364,17,52,0.7926783,0.72641918,0.80123941,0.71496416,0.52586742,0.0610684,0.11843568
STATE_A,embedding_0365,17,52,1.3243016,1.2136097,1.31227724,1.18652318,0.87501266,0.00013972,0.00170325
STATE_A,embedding_0366,17,52,-0.41399062,-0.31557775,-0.38117355,-0.27924125,-0.75685856,0.00621173,0.02218888
STATE_A,embedding_0367,17,52,0.049933,0.15011586,0.07509673,0.13942306,-0.76625244,0.00798186,0.02575659
STATE_A,embedding_0368,17,52,0.88398141,0.89919648,0.86739002,0.87221858,-0.03305354,0.45625826,0.57822829
STATE_A,embedding_0369,17,52,-0.33647794,-0.1368805,-0.2942416,-0.13430932,-1.18666794,6.616e-05,0.00110458
STATE_A,embedding_0370,17,52,0.74894273,0.82347634,0.75961923,0.81398525,-0.30535101,0.28673467,0.40480189
STATE_A,embedding_0371,17,52,-0.63773245,-0.68655735,-0.66147073,-0.68640939,0.3384356,0.25061119,0.367308
STATE_A,embedding_0372,17,52,1.02460849,0.94205251,1.02520418,0.93183996,0.70024961,0.00902622,0.02806533
STATE_A,embedding_0373,17,52,-0.15075113,-0.08399265,-0.15433045,-0.08215876,-0.59510858,0.0413396,0.08868383
STATE_A,embedding_0374,17,52,2.07813859,2.08890438,2.08228633,2.06690728,0.21816297,0.80746405,0.8697509
STATE_A,embedding_0375,17,52,0.45449728,0.55234817,0.47970776,0.57147012,-0.69256907,0.00120492,0.00625256
STATE_A,embedding_0376,17,52,-1.94646776,-1.86275679,-1.92185591,-1.84582554,-0.43167116,0.19770329,0.30367225
STATE_A,embedding_0377,17,52,-0.92396098,-0.99289376,-0.94164483,-0.97960661,0.32348734,0.03609902,0.0796668
STATE_A,embedding_0378,17,52,0.21788649,0.14573883,0.18841011,0.13995363,0.47384222,0.0610684,0.11843568
STATE_A,embedding_0379,17,52,0.34111297,0.0866012,0.28367752,0.09570679,1.15084618,0.00019523,0.00202617
STATE_A,embedding_0380,17,52,-0.75194436,-0.82452819,-0.75827608,-0.78182228,0.14746547,0.05552097,0.11104194
STATE_A,embedding_0381,17,52,0.03954931,0.13363023,0.0697102,0.1441077,-0.54969952,0.05732151,0.11316946
STATE_A,embedding_0382,17,52,-0.58246535,-0.5457935,-0.58842714,-0.554331,-0.34348849,0.28048171,0.39964741
STATE_A,embedding_0383,17,52,-0.70911163,-0.79098341,-0.73036091,-0.79155851,0.66195271,0.00765859,0.02481771
STATE_A,embedding_0384,17,52,0.84271777,0.86700153,0.86882805,0.83786422,0.13089555,0.9168183,0.94639308
STATE_A,embedding_0385,17,52,-0.20436855,-0.16244297,-0.19139493,-0.16908927,-0.37875879,0.07132987,0.13393971
STATE_A,embedding_0386,17,52,0.32958713,0.33689158,0.34069229,0.32428507,0.16562486,0.76463374,0.84252326
STATE_A,embedding_0387,17,52,0.77232814,0.74788401,0.77774287,0.72686083,0.43885392,0.12385696,0.20769027
STATE_A,embedding_0388,17,52,-0.83035052,-0.69031498,-0.8208598,-0.67285844,-0.96337089,0.00114742,0.00607737
STATE_A,embedding_0389,17,52,-0.58934265,-0.54502583,-0.62422656,-0.53393348,-0.76108396,0.01019094,0.03069271
STATE_A,embedding_0390,17,52,0.38606381,0.34423837,0.37402182,0.33050116,0.54646975,0.07581201,0.14029789
STATE_A,embedding_0391,17,52,-0.31578946,-0.07851739,-0.26539313,-0.10850146,-0.85251156,0.0008961,0.00517447
STATE_A,embedding_0392,17,52,0.32752126,0.34220859,0.31322873,0.35818857,-0.43782021,0.12729436,0.21160621
STATE_A,embedding_0393,17,52,-0.11189511,-0.12376972,-0.10500674,-0.09933421,-0.0602284,0.58227605,0.6922415
STATE_A,embedding_0394,17,52,-0.50171268,-0.53436249,-0.52335332,-0.55446444,0.25335663,0.2995211,0.41597144
STATE_A,embedding_0395,17,52,-0.29997274,-0.61449462,-0.31300541,-0.59277174,1.31065601,3.871e-05,0.00104719
STATE_A,embedding_0396,17,52,0.13669287,0.0319859,0.09289856,0.01438516,0.65366907,0.0520611,0.10662113
STATE_A,embedding_0397,17,52,0.28868613,0.12603599,0.28553725,0.12216131,1.30187693,3.227e-05,0.00104719
STATE_A,embedding_0398,17,52,0.04565653,0.01652119,0.03191473,0.00590753,0.195203,0.67103182,0.76689351
STATE_A,embedding_0399,17,52,0.27013952,0.29801379,0.26613172,0.29815846,-0.26889083,0.30605484,0.42275201
STATE_A,embedding_0400,17,52,-0.58548641,-0.62531149,-0.58380142,-0.6324293,0.78616492,0.00734711,0.02421708
STATE_A,embedding_0401,17,52,-0.052953,-0.11948128,-0.05530793,-0.13983647,0.90190543,0.00069665,0.0046123
STATE_A,embedding_0402,17,52,0.04642916,0.06143774,0.03917471,0.05818068,-0.20977459,0.49942547,0.62165115
STATE_A,embedding_0403,17,52,0.83343816,0.84139034,0.83814217,0.81103121,0.33505971,0.37654575,0.49859851
STATE_A,embedding_0404,17,52,-0.1514384,-0.13734302,-0.14255034,-0.1402533,-0.02715239,0.48190288,0.60474087
STATE_A,embedding_0405,17,52,0.36374927,0.49584989,0.40197275,0.4844515,-0.549901,0.03864388,0.08431392
STATE_A,embedding_0406,17,52,-0.41501433,-0.39778034,-0.43744463,-0.38347653,-0.51450519,0.11719989,0.1986965
STATE_A,embedding_0407,17,52,0.377096,0.43003152,0.39581029,0.44919056,-0.53736197,0.0781378,0.14356419
STATE_A,embedding_0408,17,52,-0.19816117,-0.19990402,-0.21237925,-0.18866831,-0.31724927,0.2995211,0.41597144
STATE_A,embedding_0409,17,52,0.09021183,0.18386664,0.11305768,0.17317363,-0.53258425,0.05552097,0.11104194
STATE_A,embedding_0410,17,52,-0.93280053,-0.91375089,-0.96322048,-0.88341659,-0.55538925,0.09333913,0.16479184
STATE_A,embedding_0411,17,52,0.40035748,0.45122385,0.38982434,0.45078743,-0.53041226,0.04274613,0.09144576
STATE_A,embedding_0412,17,52,-0.69505662,-0.50188059,-0.65688228,-0.50409454,-1.49982763,9.81e-06,0.0007485
STATE_A,embedding_0413,17,52,-0.3813149,-0.41125865,-0.38021456,-0.42943851,0.45395698,0.1494986,0.23969713
STATE_A,embedding_0414,17,52,-1.43921399,-1.25495589,-1.40491704,-1.22227416,-0.95252,0.00019523,0.00202617
STATE_A,embedding_0415,17,52,0.11788058,0.22814965,0.1382999,0.20872256,-0.43798305,0.02364074,0.05656102
STATE_A,embedding_0416,17,52,1.3009541,1.25319427,1.31120234,1.22004513,0.45940426,0.17016416,0.26616309
STATE_A,embedding_0417,17,52,-0.13636343,-0.26863198,-0.19581003,-0.25712044,0.25097014,0.0691716,0.13182082
STATE_A,embedding_0418,17,52,-0.37600562,-0.37361047,-0.36398981,-0.37478766,0.09601993,0.63091817,0.73415933
STATE_A,embedding_0419,17,52,0.33088803,0.21047726,0.33639261,0.1928018,1.27563529,1.533e-05,0.00084096
STATE_A,embedding_0420,17,52,0.28687501,0.37445629,0.30407849,0.36544275,-0.50448248,0.05552097,0.11104194
STATE_A,embedding_0421,17,52,0.93334663,0.83158684,0.94076311,0.83112664,0.93262843,0.0008524,0.00503572
STATE_A,embedding_0422,17,52,-0.64710736,-0.58755541,-0.65428521,-0.60250056,-0.24473636,0.05376781,0.10866757
STATE_A,embedding_0423,17,52,-0.05566772,-0.11307191,-0.07019604,-0.10261496,0.25461595,0.14560549,0.23542109
STATE_A,embedding_0424,17,52,-0.74867857,-0.73108771,-0.74200781,-0.72775365,-0.20142494,0.58227605,0.6922415
STATE_A,embedding_0425,17,52,0.05625486,0.0282695,0.03852695,0.01331656,0.2054017,0.52633076,0.64366564
STATE_A,embedding_0426,17,52,-0.80188382,-0.94708931,-0.81971133,-0.95197581,0.94439815,0.00030185,0.00251979
STATE_A,embedding_0427,17,52,-0.24799846,-0.24763879,-0.24361978,-0.25998794,0.21091772,0.74347671,0.82275232
STATE_A,embedding_0428,17,52,-0.076322,-0.0750736,-0.07010285,-0.06462277,-0.07260696,0.95003293,0.96639111
STATE_A,embedding_0429,17,52,-0.12864016,-0.2182653,-0.14777712,-0.22963403,0.69939905,0.00765859,0.02481771
STATE_A,embedding_0430,17,52,0.12715344,0.17815271,0.14110415,0.17650735,-0.27805983,0.22303617,0.3339021
STATE_A,embedding_0431,17,52,0.8292433,0.74988583,0.82574964,0.73622699,0.60649191,0.0263414,0.06130362
STATE_A,embedding_0432,17,52,0.07361641,0.05555594,0.0349065,0.0578537,-0.24336943,0.81826799,0.87769527
STATE_A,embedding_0433,17,52,-0.42193326,-0.20335791,-0.41934471,-0.20748149,-1.37585939,8.08e-06,0.0007485
STATE_A,embedding_0434,17,52,-0.60232085,-0.6575546,-0.62093127,-0.65359575,0.38384627,0.14560549,0.23542109
STATE_A,embedding_0435,17,52,0.009604,0.0278388,0.00034543,0.01901323,-0.17749653,0.38410746,0.50773585
STATE_A,embedding_0436,17,52,-0.4405508,-0.60714784,-0.4689291,-0.6038279,1.18290552,0.00017476,0.00189036
STATE_A,embedding_0437,17,52,-0.32680646,-0.37494002,-0.32988809,-0.38009088,0.60050756,0.01758115,0.04515827
STATE_A,embedding_0438,17,52,-0.06848248,-0.17232341,-0.06229924,-0.16100813,0.45908559,0.01344336,0.03713849
STATE_A,embedding_0439,17,52,-0.10003637,-0.11002153,-0.1106465,-0.11306448,0.02895583,0.73296927,0.81229495
STATE_A,embedding_0440,17,52,1.79677606,1.70663643,1.78550227,1.68371323,0.60590895,0.01895209,0.04772198
STATE_A,embedding_0441,17,52,-0.55543566,-0.40825686,-0.50845879,-0.43231616,-0.37040142,0.05732151,0.11316946
STATE_A,embedding_0442,17,52,-0.22937168,-0.44228531,-0.26398022,-0.4477838,1.08390806,0.00021794,0.00206639
STATE_A,embedding_0443,17,52,0.57327366,0.65291828,0.58245433,0.64801596,-0.4730307,0.08802817,0.15758889
STATE_A,embedding_0444,17,52,1.1327225,1.21257538,1.1429671,1.22311908,-0.86721829,0.00234424,0.01071653
STATE_A,embedding_0445,17,52,0.27856296,0.3500077,0.28573679,0.34821264,-0.59195606,0.01692887,0.04422235
STATE_A,embedding_0446,17,52,-0.35892957,-0.41999224,-0.36130949,-0.41226853,0.52694847,0.05376781,0.10866757
STATE_A,embedding_0447,17,52,-0.1335419,-0.07591698,-0.1233933,-0.04770849,-0.64256778,0.02279556,0.05470934
STATE_A,embedding_0448,17,52,-0.187016,-0.15812398,-0.19657238,-0.17762199,-0.16054277,0.27432201,0.39379309
STATE_A,embedding_0449,17,52,-0.5724479,-0.46302865,-0.57230761,-0.45844966,-0.95448581,0.00073289,0.00465173
STATE_A,embedding_0450,17,52,-1.71824694,-1.64321649,-1.70043075,-1.62354183,-0.69967968,0.0064797,0.02272333
STATE_A,embedding_0451,17,52,1.19292903,1.16094601,1.18592958,1.14401803,0.42730071,0.11397839,0.19452312
STATE_A,embedding_0452,17,52,1.19879448,1.09082019,1.19360733,1.06430804,0.77653074,0.00109246,0.00590852
STATE_A,embedding_0453,17,52,-0.07683013,0.05704761,-0.05551288,0.05197074,-1.14303958,0.00069665,0.0046123
STATE_A,embedding_0454,17,52,-0.19204989,-0.0840352,-0.19583559,-0.10233457,-1.05188639,0.0008524,0.00503572
STATE_A,embedding_0455,17,52,-0.36920878,-0.2055168,-0.38121644,-0.22623389,-0.90020841,0.0008961,0.00517447
STATE_A,embedding_0456,17,52,-0.66789842,-0.59359357,-0.67441764,-0.59758816,-0.42622122,0.09608942,0.16925843
STATE_A,embedding_0457,17,52,-0.30981722,-0.52647412,-0.35172398,-0.5020174,0.92150046,0.00160961,0.00802715
STATE_A,embedding_0458,17,52,-0.21760339,-0.07705109,-0.2081485,-0.100888,-0.74487138,0.00257061,0.0115452
STATE_A,embedding_0459,17,52,-0.58552521,-0.64541176,-0.56000378,-0.6448424,0.78542213,0.00621173,0.02218888
STATE_A,embedding_0460,17,52,0.72550994,0.85077593,0.78921411,0.85274518,-0.39018099,0.08546557,0.15407877
STATE_A,embedding_0461,17,52,-1.50890923,-1.51924628,-1.50455529,-1.54336757,0.23898656,0.58227605,0.6922415
STATE_A,embedding_0462,17,52,0.3042556,-0.00266087,0.2467309,-0.01733223,1.21681375,0.00021794,0.00206639
STATE_A,embedding_0463,17,52,-0.57533967,-0.62886488,-0.5777204,-0.62472561,0.42187851,0.0781378,0.14356419
STATE_A,embedding_0464,17,52,0.47567523,0.56771421,0.47553714,0.54659001,-0.61117205,0.01825536,0.04642423
STATE_A,embedding_0465,17,52,-0.46897432,-0.38421701,-0.47049027,-0.39306752,-0.62100979,0.00704704,0.02363374
STATE_A,embedding_0466,17,52,1.36356854,1.45703918,1.36138739,1.45056101,-0.62780186,0.01292866,0.0359754
STATE_A,embedding_0467,17,52,1.10852599,1.03061235,1.0844149,1.04025234,0.29214069,0.30605484,0.42275201
STATE_A,embedding_0468,17,52,0.73170775,0.7416608,0.752568,0.71512098,0.20158562,0.78596792,0.8549906
STATE_A,embedding_0469,17,52,-0.73934788,-0.75788525,-0.778125,-0.78898018,0.0764243,0.78596792,0.8549906
STATE_A,embedding_0470,17,52,1.35021746,1.2600202,1.37552062,1.24982338,0.96598568,0.00077088,0.00473629
STATE_A,embedding_0471,17,52,0.33455175,0.21557894,0.29196414,0.23038583,0.45101193,0.16586842,0.260505
STATE_A,embedding_0472,17,52,0.0665537,-0.02846392,0.06453161,-0.02261382,0.75360934,0.00940053,0.02899441
STATE_A,embedding_0473,17,52,-1.68229961,-1.79694945,-1.68972431,-1.79476093,0.75746821,0.00523683,0.01952372
STATE_A,embedding_0474,17,52,1.45730722,1.35050327,1.44285876,1.36503692,0.51674983,0.06706727,0.12812852
STATE_A,embedding_0475,17,52,-0.07041831,-0.10870708,-0.0717897,-0.11075053,0.16615777,0.25640027,0.37436389
STATE_A,embedding_0476,17,52,-1.19671249,-1.20341629,-1.19084524,-1.18282663,-0.07387767,0.72251163,0.80535404
STATE_A,embedding_0477,17,52,-0.63584602,-0.60865608,-0.64854082,-0.59648796,-0.32968737,0.34013071,0.46315671
STATE_A,embedding_0478,17,52,-0.6891703,-0.61421901,-0.68042962,-0.60855796,-0.92776475,0.00109246,0.00590852
STATE_A,embedding_0479,17,52,-0.09131466,-0.06026434,-0.06247819,-0.04357542,-0.11277221,0.50831199,0.62965098
STATE_A,embedding_0480,17,52,-2.838e-05,-0.12389726,-0.03007556,-0.13198497,0.67418631,0.01692887,0.04422235
STATE_A,embedding_0481,17,52,0.18795832,0.23984738,0.20888223,0.25312584,-0.30411065,0.27432201,0.39379309
STATE_A,embedding_0482,17,52,-0.13253218,-0.08089595,-0.14265152,-0.04371826,-0.51295112,0.04419292,0.09375736
STATE_A,embedding_0483,17,52,-1.45416677,-1.45662916,-1.45560764,-1.42598464,-0.27548399,0.7966967,0.86177897
STATE_A,embedding_0484,17,52,0.06862215,0.15697,0.0608009,0.17224201,-0.64234219,0.0263414,0.06130362
STATE_A,embedding_0485,17,52,0.38766193,0.45955504,0.37396974,0.45908979,-0.60800829,0.03369845,0.07501568
STATE_A,embedding_0486,17,52,1.40167809,1.20018524,1.38323598,1.19377226,1.35627788,2.12e-06,0.00054272
STATE_A,embedding_0487,17,52,-0.84090489,-0.91792142,-0.86831555,-0.88674025,0.09011559,0.36170025,0.482267
STATE_A,embedding_0488,17,52,-0.44857728,-0.37233581,-0.45907414,-0.37765973,-0.9148884,0.00160961,0.00802715
STATE_A,embedding_0489,17,52,-1.2379353,-1.29067463,-1.22603754,-1.2911899,0.55739967,0.01292866,0.0359754
STATE_A,embedding_0490,17,52,0.43156737,0.47082891,0.38843703,0.45169242,-0.58942058,0.01758115,0.04515827
STATE_A,embedding_0491,17,52,1.20746195,1.25357544,1.26241601,1.245737,0.08183807,0.95003293,0.96639111
STATE_A,embedding_0492,17,52,-1.63873041,-1.70705718,-1.65354229,-1.68926295,0.18608592,0.16165477,0.25598116
STATE_A,embedding_0493,17,52,0.96646249,0.98264167,0.980834,0.9890631,-0.07900711,0.58227605,0.6922415
STATE_A,embedding_0494,17,52,-0.95562327,-0.87664518,-0.95091568,-0.8777284,-0.81181309,0.00704704,0.02363374
STATE_A,embedding_0495,17,52,-0.50340575,-0.58114111,-0.51004838,-0.57355556,0.63304206,0.00269114,0.01181026
STATE_A,embedding_0496,17,52,-0.63512856,-0.81743771,-0.64304685,-0.78633613,0.64075061,0.0106079,0.03121405
STATE_A,embedding_0497,17,52,0.66961968,0.54736772,0.65328531,0.55115759,0.78982975,0.00675802,0.0233791
STATE_A,embedding_0498,17,52,0.17707346,0.06155963,0.17060978,0.07366776,0.68054875,0.00081069,0.00494135
STATE_A,embedding_0499,17,52,0.85597289,0.8166995,0.84256408,0.81895271,0.24193839,0.28048171,0.39964741
STATE_A,embedding_0500,17,52,-0.20618628,-0.29298168,-0.20385803,-0.28715019,0.77936604,0.00704704,0.02363374
STATE_A,embedding_0501,17,52,-1.14894688,-1.18731624,-1.1560525,-1.18991034,0.30799539,0.19289989,0.29748417
STATE_A,embedding_0502,17,52,-0.25863907,-0.24673487,-0.26912547,-0.24652284,-0.21200372,0.64085101,0.74011064
STATE_A,embedding_0503,17,52,-0.30060014,-0.39466329,-0.30682618,-0.36676051,0.29908289,0.06501592,0.12451927
STATE_A,embedding_0504,17,52,-0.03900186,-0.06816459,-0.04142351,-0.03806574,-0.02072856,0.49942547,0.62165115
STATE_A,embedding_0505,17,52,0.94150442,0.92833611,0.95268982,0.92430857,0.47145646,0.11082702,0.18998918
STATE_A,embedding_0506,17,52,-0.39973751,-0.54887766,-0.41833768,-0.55323784,1.28603512,3.871e-05,0.00104719
STATE_A,embedding_0507,17,52,-3.49969959,-3.52370155,-3.51417091,-3.53163159,0.1543168,0.52633076,0.64366564
STATE_A,embedding_0508,17,52,-0.42598036,-0.5981707,-0.44573535,-0.61406038,1.19095431,2.856e-05,0.00104719
STATE_A,embedding_0509,17,52,0.53251296,0.52447617,0.51970553,0.51879524,0.00972727,0.95003293,0.96639111
STATE_A,embedding_0510,17,52,-0.51123983,-0.40439802,-0.4794716,-0.37675392,-0.77934735,0.00675802,0.0233791
STATE_A,embedding_0511,17,52,-0.51678312,-0.43099864,-0.53108405,-0.42807684,-0.67780392,0.02041561,0.04993372
STATE_A,embedding_0512,17,52,0.15499115,0.04951819,0.13474893,0.05727549,0.61343029,0.02541296,0.05986857
STATE_A,embedding_0513,17,52,0.82663631,0.88116449,0.8035827,0.8887951,-0.64665068,0.0282865,0.06484786
STATE_A,embedding_0514,17,52,-0.89315271,-0.94983506,-0.905325,-0.93963211,0.44305464,0.04878345,0.10017564
STATE_A,embedding_0515,17,52,-0.35488531,-0.36185718,-0.36440626,-0.33780384,-0.20345865,0.73296927,0.81229495
STATE_A,embedding_0516,17,52,1.04163349,1.04431164,1.01710905,1.05972496,-0.30960122,0.28673467,0.40480189
STATE_A,embedding_0517,17,52,0.26119402,0.25529133,0.23997522,0.24747812,-0.0582164,0.78596792,0.8549906
STATE_A,embedding_0518,17,52,-0.57075584,-0.77937987,-0.64804591,-0.77888273,0.56752644,0.0106079,0.03121405
STATE_A,embedding_0519,17,52,-0.4476316,-0.28336284,-0.41482179,-0.26760899,-0.74976173,0.00831729,0.02617901
STATE_A,embedding_0520,17,52,-0.55413824,-0.47091006,-0.56910311,-0.45807468,-0.67319898,0.01692887,0.04422235
STATE_A,embedding_0521,17,52,0.03304706,0.14295365,0.05489988,0.15146978,-0.43561924,0.07354302,0.13742345
STATE_A,embedding_0522,17,52,-0.02664047,0.15668143,0.00786197,0.18753562,-0.95215039,0.00030185,0.00251979
STATE_A,embedding_0523,17,52,0.0333764,-0.0296082,0.03619867,-0.02946865,0.6471352,0.02197675,0.05307592
STATE_A,embedding_0524,17,52,0.08818983,0.07768792,0.08204496,0.07787027,0.05103961,0.78596792,0.8549906
STATE_A,embedding_0525,17,52,1.6764822,1.58733374,1.67890793,1.57992828,0.88485426,0.00257061,0.0115452
STATE_A,embedding_0526,17,52,1.00787282,0.96347579,1.0182378,0.9581339,0.55611811,0.08546557,0.15407877
STATE_A,embedding_0527,17,52,0.43030706,0.68387544,0.45496198,0.69872059,-1.23702829,4.636e-05,0.00104719
STATE_A,embedding_0528,17,52,-0.20522135,-0.12714385,-0.1513783,-0.14773618,-0.02071112,0.44788371,0.56949452
STATE_A,embedding_0529,17,52,-0.46116939,-0.31525207,-0.44463011,-0.30280409,-1.00130236,0.00019523,0.00202617
STATE_A,embedding_0530,17,52,0.27368075,0.45132901,0.29916418,0.47412894,-1.23343947,7.015e-05,0.0011224
STATE_A,embedding_0531,17,52,-0.44116029,-0.39583331,-0.40814373,-0.40092244,-0.03290102,0.72251163,0.80535404
STATE_A,embedding_0532,17,52,0.12994574,0.03629904,0.12760279,0.03189055,0.93867026,0.00281682,0.01215347
STATE_A,embedding_0533,17,52,0.87467939,0.85708582,0.87242697,0.86263545,0.07321688,0.93894886,0.96276732
STATE_A,embedding_0534,17,52,-0.70034355,-0.66550493,-0.71420744,-0.67672479,-0.34147457,0.29308108,0.4099932
STATE_A,embedding_0535,17,52,-0.91345102,-0.80601555,-0.91149429,-0.79556249,-1.00454136,0.00114742,0.00607737
STATE_A,embedding_0536,17,52,0.82191652,1.0034909,0.87041597,1.00754439,-0.61662349,0.01292866,0.0359754
STATE_A,embedding_0537,17,52,-0.61384237,-0.60825795,-0.60243952,-0.57479172,-0.18493641,0.66090939,0.75871212
STATE_A,embedding_0538,17,52,-0.98470455,-0.857308,-0.96511048,-0.84196275,-1.03330339,0.00043773,0.00320168
STATE_A,embedding_0539,17,52,-1.64465153,-1.73192471,-1.66823594,-1.7141778,0.28868034,0.08546557,0.15407877
STATE_A,embedding_0540,17,52,-1.03772366,-1.07721502,-1.03297107,-1.08070318,0.52898241,0.02279556,0.05470934
STATE_A,embedding_0541,17,52,-1.524822,-1.5849039,-1.53040054,-1.61239683,0.75054733,0.00570553,0.02086594
STATE_A,embedding_0542,17,52,-1.07639515,-1.06976879,-1.08071364,-1.07424118,-0.05443095,0.99444451,0.99834429
STATE_A,embedding_0543,17,52,0.79875487,0.80952731,0.79619242,0.80344178,-0.06273161,0.80746405,0.8697509
STATE_A,embedding_0544,17,52,-0.49503645,-0.48030008,-0.49457251,-0.49331279,-0.01266214,0.60152282,0.71072235
STATE_A,embedding_0545,17,52,0.56846631,0.75411192,0.6008718,0.71494404,-0.85003363,0.00139378,0.00713615
STATE_A,embedding_0546,17,52,1.50430214,1.62538356,1.53180331,1.63416084,-0.69746718,0.01629793,0.04316141
STATE_A,embedding_0547,17,52,-0.53014696,-0.46164204,-0.52716223,-0.45346388,-0.55733935,0.02541296,0.05986857
STATE_A,embedding_0548,17,52,-1.07956684,-1.05540258,-1.06238937,-1.02989856,-0.18129118,0.71210557,0.79606562
STATE_A,embedding_0549,17,52,0.58783805,0.42703979,0.56879838,0.39097951,1.00133603,0.00094186,0.00531874
STATE_A,embedding_0550,17,52,-0.27071831,-0.30888693,-0.26832017,-0.27283918,0.02232208,0.47326861,0.59585294
STATE_A,embedding_0551,17,52,-0.54356164,-0.52053308,-0.52041103,-0.48713328,-0.18703756,0.53546097,0.65275242
STATE_A,embedding_0552,17,52,-0.93427145,-1.06477797,-0.94713702,-1.01444461,0.38806506,0.0472107,0.09772997
STATE_A,embedding_0553,17,52,0.55681533,0.55495501,0.55746398,0.57457511,-0.12364359,0.98333462,0.98977849
STATE_A,embedding_0554,17,52,0.83983397,0.8248848,0.83267021,0.81066107,0.21074386,0.43139941,0.55219124
STATE_A,embedding_0555,17,52,-0.67384654,-0.70273736,-0.67882602,-0.70829373,0.2209211,0.26825538,0.38798518
STATE_A,embedding_0556,17,52,0.29598495,0.20983946,0.28507575,0.1888725,0.49264843,0.03864388,0.08431392
STATE_A,embedding_0557,17,52,0.46125308,0.3780233,0.46254339,0.35788106,0.72052085,0.01568774,0.04212652
STATE_A,embedding_0558,17,52,0.61077011,0.61499602,0.61665033,0.59137792,0.1529837,0.87276687,0.9194581
STATE_A,embedding_0559,17,52,0.41693267,0.39810318,0.41335056,0.398338,0.16969132,0.61125263,0.7200031
STATE_A,embedding_0560,17,52,-0.51496547,-0.50262925,-0.49946543,-0.49780491,-0.02034131,0.9168183,0.94639308
STATE_A,embedding_0561,17,52,-0.70215601,-0.61733073,-0.70025409,-0.60252971,-0.65655466,0.02541296,0.05986857
STATE_A,embedding_0562,17,52,-0.18242303,-0.14299016,-0.18156613,-0.1402941,-0.32041061,0.12729436,0.21160621
STATE_A,embedding_0563,17,52,-0.7346766,-0.86849388,-0.73927902,-0.88139799,1.12460781,0.00013972,0.00170325
STATE_A,embedding_0564,17,52,0.82734698,0.78124055,0.80047659,0.75291843,0.3510227,0.23930832,0.35480461
STATE_A,embedding_0565,17,52,-0.24283279,-0.13008073,-0.22358835,-0.15558345,-0.44842007,0.04878345,0.10017564
STATE_A,embedding_0566,17,52,-0.41233769,-0.30502038,-0.39531417,-0.31137246,-0.54294888,0.01692887,0.04422235
STATE_A,embedding_0567,17,52,-0.34402236,-0.34622471,-0.37055012,-0.35223895,-0.14094836,0.59186351,0.70255205
STATE_A,embedding_0568,17,52,-0.14973341,-0.16886645,-0.14231111,-0.15243844,0.08069945,0.43959721,0.559885
STATE_A,embedding_0569,17,52,-0.09304702,-0.0783038,-0.10601413,-0.08986377,-0.09993866,0.39176138,0.51431238
STATE_A,embedding_0570,17,52,0.63988549,0.68189067,0.64939868,0.67520192,-0.27613242,0.28673467,0.40480189
STATE_A,embedding_0571,17,52,1.21704245,1.06105411,1.19356959,1.06379005,0.84989249,0.0048032,0.01853697
STATE_A,embedding_0572,17,52,-0.57766676,-0.5533177,-0.57787487,-0.52949619,-0.34955407,0.21779223,0.32796948
STATE_A,embedding_0573,17,52,-1.08379567,-1.15773112,-1.0870138,-1.14516706,0.30993728,0.13439134,0.22101188
STATE_A,embedding_0574,17,52,0.39100167,0.45288308,0.37482617,0.41989325,-0.28835561,0.05917034,0.11652005
STATE_A,embedding_0575,17,52,-1.32365239,-1.38812786,-1.32525,-1.38848953,0.57997867,0.00185584,0.00902079
STATE_A,embedding_0576,17,52,0.28147885,0.37147033,0.28833536,0.3811736,-1.06881327,3.871e-05,0.00104719
STATE_A,embedding_0577,17,52,0.22947319,0.20300437,0.23286396,0.21204527,0.20293408,0.31940372,0.43960942
STATE_A,embedding_0578,17,52,-0.27554584,-0.38244078,-0.26481341,-0.37740362,0.9037546,0.00098978,0.00554855
STATE_A,embedding_0579,17,52,-0.09138095,-0.09390199,-0.0855007,-0.09268669,0.0766752,0.75403215,0.83323265
STATE_A,embedding_0580,17,52,0.31815627,0.27955686,0.27013241,0.28078531,-0.07787776,0.6812143,0.77278077
STATE_A,embedding_0581,17,52,-0.97861218,-1.02269548,-0.99461799,-1.01318449,0.23196476,0.36170025,0.482267
STATE_A,embedding_0582,17,52,-0.70954871,-0.67341572,-0.72614447,-0.69735848,-0.23140312,0.19289989,0.29748417
STATE_A,embedding_0583,17,52,-0.25866154,-0.24459221,-0.26399088,-0.23568615,-0.17245674,0.70175286,0.78678277
STATE_A,embedding_0584,17,52,-0.4299579,-0.40720259,-0.42846357,-0.45147695,0.15523506,0.78596792,0.8549906
STATE_A,embedding_0585,17,52,-0.53424948,-0.44163948,-0.54691875,-0.41714857,-0.94881638,0.00109246,0.00590852
STATE_A,embedding_0586,17,52,-4.61838341,-4.51517296,-4.6152847,-4.49872878,-1.11820547,0.0002302,0.00215602
STATE_A,embedding_0587,17,52,0.39277604,0.24409883,0.3753782,0.251177,0.51460408,0.02041561,0.04993372
STATE_A,embedding_0588,17,52,-0.06457012,-0.10268701,-0.07567466,-0.11713629,0.54570722,0.09065237,0.16078758
STATE_A,embedding_0589,17,52,-0.85808849,-0.7833699,-0.88367008,-0.7601254,-1.03345118,0.00028603,0.00244079
STATE_A,embedding_0590,17,52,-0.09538318,-0.09989263,-0.1007401,-0.10146398,0.00672164,0.6812143,0.77278077
STATE_A,embedding_0591,17,52,-0.22538662,-0.38329302,-0.23361575,-0.39173031,1.16130061,2.374e-05,0.00104719
STATE_A,embedding_0592,17,52,-0.34347498,-0.23857117,-0.31534309,-0.25301115,-0.46031511,0.01967197,0.04889344
STATE_A,embedding_0593,17,52,0.50285059,0.52676943,0.51544583,0.5274437,-0.14461387,0.6914552,0.7786475
STATE_A,embedding_0594,17,52,0.31005388,0.24790003,0.29854158,0.23703904,0.55575299,0.02118366,0.05148434
STATE_A,embedding_0595,17,52,-0.42753232,-0.51808769,-0.41749207,-0.50515232,0.85194993,4.636e-05,0.00104719
STATE_A,embedding_0596,17,52,-0.35763842,-0.15269094,-0.33563177,-0.18278855,-0.96214216,0.00120492,0.00625256
STATE_A,embedding_0597,17,52,-0.02158383,-0.00031095,-0.0235904,0.00786574,-0.26965723,0.43139941,0.55219124
STATE_A,embedding_0598,17,52,0.09338837,0.20580539,0.10927093,0.20310022,-0.85178316,0.00153446,0.00775306
STATE_A,embedding_0599,17,52,-0.45963547,-0.45727742,-0.4529644,-0.45815101,0.06877273,0.6914552,0.7786475
STATE_A,embedding_0600,17,52,-1.31368804,-1.36397463,-1.33138631,-1.35707456,0.26143702,0.25061119,0.367308
STATE_A,embedding_0601,17,52,1.30558312,1.24244589,1.28067032,1.23060695,0.3821336,0.14179047,0.23022216
STATE_A,embedding_0602,17,52,-0.94667137,-0.94697985,-0.94337774,-0.92921698,-0.15917641,0.83997776,0.89349435
STATE_A,embedding_0603,17,52,0.93489748,0.84964883,0.93086923,0.8396852,1.00456483,0.00094186,0.00531874
STATE_A,embedding_0604,17,52,0.39092791,0.47515625,0.4124885,0.48920247,-0.80860944,0.00073289,0.00465173
STATE_A,embedding_0605,17,52,0.52058309,0.52540967,0.5011854,0.53576513,-0.27220791,0.41527239,0.53691784
STATE_A,embedding_0606,17,52,-2.861413,-2.80406547,-2.88505424,-2.79316868,-0.88424007,0.00194531,0.00922221
STATE_A,embedding_0607,17,52,0.65059656,0.48469239,0.63084089,0.47411915,0.93539605,0.00024311,0.00217103
STATE_A,embedding_0608,17,52,0.35528541,0.45657702,0.37140186,0.42854617,-0.5576503,0.0114876,0.03291969
STATE_A,embedding_0609,17,52,0.34008411,0.18307611,0.32973713,0.16558952,0.96528409,6.238e-05,0.00110458
STATE_A,embedding_0610,17,52,-0.28901169,-0.27604678,-0.29872669,-0.26348818,-0.35064478,0.21263752,0.32146775
STATE_A,embedding_0611,17,52,0.72160327,0.72865158,0.71142351,0.72306909,-0.08906851,0.71210557,0.79606562
STATE_A,embedding_0612,17,52,-0.29451531,-0.3167309,-0.28076912,-0.29187496,0.10971032,0.49062212,0.61367718
STATE_A,embedding_0613,17,52,1.12948132,0.988722,1.0834551,1.01091669,0.37220614,0.10178438,0.17645689
STATE_A,embedding_0614,17,52,-0.08971015,-0.07239222,-0.08040196,-0.09082368,0.15739918,0.89475201,0.9374755
STATE_A,embedding_0615,17,52,-0.47110772,-0.36802778,-0.48306392,-0.3623652,-0.83738491,0.00213625,0.0100039
STATE_A,embedding_0616,17,52,2.32230949,2.2843405,2.32059153,2.25233693,0.49661717,0.10774485,0.18553373
STATE_A,embedding_0617,17,52,-0.45108885,-0.58361062,-0.50722337,-0.57419534,0.46719082,0.08802817,0.15758889
STATE_A,embedding_0618,17,52,-1.39082837,-1.2605983,-1.34459387,-1.23637941,-0.74578411,0.00421348,0.01659463
STATE_A,embedding_0619,17,52,-0.04827642,0.00635338,-0.03323579,0.01278084,-0.46391568,0.0413396,0.08868383
STATE_A,embedding_0620,17,52,1.48536193,1.42575604,1.48018049,1.42540892,0.428852,0.08296362,0.15134456
STATE_A,embedding_0621,17,52,-0.38277727,-0.40108784,-0.37322441,-0.39317493,0.26801982,0.36907658,0.49124924
STATE_A,embedding_0622,17,52,0.89505571,0.83911398,0.89888026,0.81352377,0.6272381,0.01292866,0.0359754
STATE_A,embedding_0623,17,52,1.16738677,1.09205711,1.14881662,1.08577369,0.52213245,0.03864388,0.08431392
STATE_A,embedding_0624,17,52,0.045531,0.21406574,0.06258058,0.24408106,-1.18031145,0.00013972,0.00170325
STATE_A,embedding_0625,17,52,-1.14019835,-1.25422943,-1.15536455,-1.25207023,1.00684949,0.0006291,0.00431383
STATE_A,embedding_0626,17,52,-0.56097001,-0.60684213,-0.56351491,-0.61050065,0.35815393,0.22303617,0.3339021
STATE_A,embedding_0627,17,52,0.61483276,0.73739964,0.66095499,0.73635975,-0.69924264,0.01629793,0.04316141
STATE_A,embedding_0628,17,52,0.1223947,0.1531536,0.11431142,0.16656739,-0.46126182,0.09890418,0.17263275
STATE_A,embedding_0629,17,52,1.94881785,1.7410289,1.94703749,1.73102991,1.34216348,1.189e-05,0.0007485
STATE_A,embedding_0630,17,52,-0.51532722,-0.40874539,-0.48757449,-0.40999504,-0.67844218,0.01195127,0.03386928
STATE_A,embedding_0631,17,52,-1.71755362,-1.7489149,-1.72004602,-1.72290612,0.01658376,0.64085101,0.74011064
STATE_A,embedding_0632,17,52,-0.99644107,-0.95852357,-1.00645776,-0.95091306,-0.4011844,0.16165477,0.25598116
STATE_A,embedding_0633,17,52,-0.43004769,-0.2596423,-0.38962648,-0.24798572,-0.77400493,0.00440232,0.01724991
STATE_A,embedding_0634,17,52,-0.60359812,-0.57724786,-0.59499488,-0.54868372,-0.28607594,0.57276174,0.68624184
STATE_A,embedding_0635,17,52,-0.51701236,-0.57186824,-0.50873006,-0.56655577,0.60689613,0.0282865,0.06484786
STATE_A,embedding_0636,17,52,1.04256284,1.0418573,1.03918859,1.04095942,-0.01291974,0.82910656,0.88561035
STATE_A,embedding_0637,17,52,0.0798643,0.03962874,0.07205518,0.0211585,0.44183852,0.10178438,0.17645689
STATE_A,embedding_0638,17,52,0.1390295,0.02845603,0.12756368,0.00790424,0.89998784,0.00120492,0.00625256
STATE_A,embedding_0639,17,52,0.36674559,0.31334662,0.37741731,0.3055867,0.63957954,0.00213625,0.0100039
STATE_A,embedding_0640,17,52,-0.44685513,-0.5702762,-0.49427161,-0.58415427,0.62605877,0.03864388,0.08431392
STATE_A,embedding_0641,17,52,0.63953739,0.66390061,0.62699067,0.65576783,-0.27291454,0.56332187,0.67810532
STATE_A,embedding_0642,17,52,0.37888208,0.2879387,0.37469035,0.28501639,0.7036056,0.00352936,0.01457284
STATE_A,embedding_0643,17,52,0.21978994,0.17737042,0.1993802,0.17051676,0.31642054,0.26228156,0.38077928
STATE_A,embedding_0644,17,52,-1.04867148,-1.25642252,-1.05991292,-1.24196369,1.26328906,4.636e-05,0.00104719
STATE_A,embedding_0645,17,52,0.79451871,0.65722787,0.78721137,0.63819221,0.93622052,0.00035436,0.00272148
STATE_A,embedding_0646,17,52,0.24178265,0.16241657,0.20261035,0.15129009,0.47424705,0.09890418,0.17263275
STATE_A,embedding_0647,17,52,0.44950065,0.45091538,0.45100863,0.44717099,0.04322429,0.6914552,0.7786475
STATE_A,embedding_0648,17,52,0.72618097,0.59736615,0.69518121,0.58035256,0.67116973,0.0106079,0.03121405
STATE_A,embedding_0649,17,52,-0.24431406,-0.08422113,-0.23536293,-0.08435856,-1.15323126,0.00031849,0.00257474
STATE_A,embedding_0650,17,52,0.58797127,0.49614888,0.56797482,0.49049071,0.65109114,0.02451298,0.05828473
STATE_A,embedding_0651,17,52,0.92155838,0.69735581,0.8777951,0.67664843,0.98334343,0.00024311,0.00217103
STATE_A,embedding_0652,17,52,-0.02479974,-0.24284519,-0.05777422,-0.26064084,1.45254417,1.06e-06,0.00040704
STATE_A,embedding_0653,17,52,-0.21793467,-0.25755697,-0.19539934,-0.23393313,0.3181411,0.31268236,0.43113115
STATE_A,embedding_0654,17,52,0.60596591,0.62373418,0.59795518,0.65374031,-0.40842522,0.21263752,0.32146775
STATE_A,embedding_0655,17,52,-0.03721687,-0.17667346,-0.06654784,-0.19010763,0.76537745,0.00501578,0.0190699
STATE_A,embedding_0656,17,52,-0.43366233,-0.40090185,-0.42748078,-0.38750484,-0.25684633,0.34722712,0.46949019
STATE_A,embedding_0657,17,52,0.35500535,0.37188642,0.34046974,0.36315616,-0.25460069,0.46472014,0.58605101
STATE_A,embedding_0658,17,52,0.57928568,0.4868737,0.56822891,0.47395246,0.62762447,0.04419292,0.09375736
STATE_A,embedding_0659,17,52,-0.33355126,-0.24638955,-0.32994577,-0.22027319,-0.86319973,0.00269114,0.01181026
STATE_A,embedding_0660,17,52,-0.94698507,-0.67108303,-0.94278818,-0.66277383,-1.21259229,4.921e-05,0.00106426
STATE_A,embedding_0661,17,52,-0.0443328,0.0563952,-0.03303874,0.07135014,-0.54737972,0.0282865,0.06484786
STATE_A,embedding_0662,17,52,-0.1187647,-0.06294744,-0.09413393,-0.08428401,-0.08669461,0.66090939,0.75871212
STATE_A,embedding_0663,17,52,4.70428371,4.50036931,4.66414595,4.54933719,0.37014323,0.0610684,0.11843568
STATE_A,embedding_0664,17,52,-0.65971327,-0.62013152,-0.66100853,-0.61303135,-0.42443733,0.12729436,0.21160621
STATE_A,embedding_0665,17,52,-0.34068212,-0.223448,-0.34971548,-0.21424076,-0.74975075,0.00501578,0.0190699
STATE_A,embedding_0666,17,52,0.91050106,1.11348003,0.93516998,1.04605695,-0.42542053,0.00281682,0.01215347
STATE_A,embedding_0667,17,52,-0.26742789,-0.23812332,-0.26357024,-0.22487887,-0.21015776,0.34013071,0.46315671
STATE_A,embedding_0668,17,52,0.9916873,0.95296055,0.99987159,0.9565501,0.18522416,0.63091817,0.73415933
STATE_A,embedding_0669,17,52,0.67881787,0.64174002,0.67843454,0.64403533,0.316164,0.20259362,0.30994402
STATE_A,embedding_0670,17,52,-0.51288283,-0.45408387,-0.52211653,-0.44717388,-0.68043604,0.02197675,0.05307592
STATE_A,embedding_0671,17,52,-0.771281,-0.77335492,-0.76540774,-0.75413371,-0.08689699,0.99444451,0.99834429
STATE_A,embedding_0672,17,52,0.05438865,0.04156989,0.05905596,0.05157119,0.06193739,0.49942547,0.62165115
STATE_A,embedding_0673,17,52,1.55413258,1.76173687,1.58311685,1.72028345,-0.54236369,0.01758115,0.04515827
STATE_A,embedding_0674,17,52,0.63839191,0.55934852,0.63613169,0.55137497,0.69169641,0.01103997,0.03199508
STATE_A,embedding_0675,17,52,0.07020012,0.15771691,0.08762227,0.13599135,-0.37001366,0.0472107,0.09772997
STATE_A,embedding_0676,17,52,0.13899705,0.09265349,0.13576874,0.10334377,0.25180318,0.22836984,0.3405593
STATE_A,embedding_0677,17,52,-0.04647338,0.01285166,-0.05734239,0.01199771,-0.52506196,0.0781378,0.14356419
STATE_A,embedding_0678,17,52,0.54096293,0.47131245,0.52419052,0.44739766,0.61933929,0.01967197,0.04889344
STATE_A,embedding_0679,17,52,1.47949851,1.59256667,1.49198132,1.59245348,-0.51744028,0.00223803,0.01029226
STATE_A,embedding_0680,17,52,0.66515815,0.6577155,0.66324231,0.65430337,0.08616203,0.85087957,0.90134553
STATE_A,embedding_0681,17,52,0.31618661,0.23473685,0.30229952,0.25853042,0.25779967,0.15752244,0.25047046
STATE_A,embedding_0682,17,52,-0.27732819,-0.2635334,-0.25971184,-0.27332136,0.11422275,0.85087957,0.90134553
STATE_A,embedding_0683,17,52,-1.95071936,-1.9139061,-1.98138453,-1.9026687,-0.5443251,0.08802817,0.15758889
STATE_A,embedding_0684,17,52,-0.39511558,-0.24798196,-0.39870352,-0.23990788,-1.29293004,4.46e-06,0.00068506
STATE_A,embedding_0685,17,52,0.03157844,0.0357041,0.04162679,0.03399811,0.06012857,0.97222796,0.98246194
STATE_A,embedding_0686,17,52,-0.34190473,-0.22363917,-0.33820482,-0.26065838,-0.3768429,0.07132987,0.13393971
STATE_A,embedding_0687,17,52,-0.02765186,-0.07228519,-0.02155905,-0.04446534,0.23573058,0.30605484,0.42275201
STATE_A,embedding_0688,17,52,0.68282723,0.68061832,0.67852479,0.67255213,0.07225146,0.9168183,0.94639308
STATE_A,embedding_0689,17,52,0.14857851,0.16956769,0.17349445,0.17399856,-0.0037771,0.9278766,0.95396148
STATE_A,embedding_0690,17,52,0.03291842,0.09528178,0.02897394,0.08067852,-0.30716164,0.22836984,0.3405593
STATE_A,embedding_0691,17,52,-1.71927309,-1.78015202,-1.7096174,-1.76677355,0.36597403,0.12049244,0.20338065
STATE_A,embedding_0692,17,52,2.03745127,2.00476992,2.05886659,1.97681136,0.66218474,0.03997246,0.08623272
STATE_A,embedding_0693,17,52,0.08521352,0.11064646,0.05876137,0.10874372,-0.28355609,0.27432201,0.39379309
STATE_A,embedding_0694,17,52,-1.16812146,-1.17352951,-1.17248739,-1.1720623,-0.00659709,0.9168183,0.94639308
STATE_A,embedding_0695,17,52,-1.0999434,-1.12550443,-1.11452938,-1.14685691,0.27243636,0.10774485,0.18553373
STATE_A,embedding_0696,17,52,-0.37456557,-0.29434597,-0.37618984,-0.29848655,-0.80829126,0.00621173,0.02218888
STATE_A,embedding_0697,17,52,0.08985857,0.13948648,0.10573789,0.14771297,-0.37231549,0.17016416,0.26616309
STATE_A,embedding_0698,17,52,-1.13727963,-1.26456517,-1.18049324,-1.25591053,0.64522482,0.0114876,0.03291969
STATE_A,embedding_0699,17,52,-0.12247963,0.00055688,-0.10880636,0.0221112,-1.07345594,0.00020629,0.00205754
STATE_A,embedding_0700,17,52,-0.49213701,-0.4749154,-0.48977094,-0.4732401,-0.23882673,0.56332187,0.67810532
STATE_A,embedding_0701,17,52,-0.22681007,-0.35565221,-0.21702962,-0.36297737,0.99778588,0.0008524,0.00503572
STATE_A,embedding_0702,17,52,-0.89921761,-0.74657789,-0.89516762,-0.7416697,-1.09262811,0.0006291,0.00431383
STATE_A,embedding_0703,17,52,0.09037003,0.04429007,0.08577525,0.03050838,0.62869956,0.0139761,0.03819802
STATE_A,embedding_0704,17,52,-1.27837634,-1.27454394,-1.27714763,-1.25106297,-0.31142592,0.40734428,0.52934079
STATE_A,embedding_0705,17,52,0.02292903,0.00534963,0.01575334,-0.00656955,0.21649979,0.39950712,0.5209193
STATE_A,embedding_0706,17,52,-0.6982888,-0.63077062,-0.69969325,-0.63708512,-0.72056294,0.00595378,0.02167063
STATE_A,embedding_0707,17,52,1.24653125,1.23016936,1.25368167,1.23704946,0.15344553,0.53546097,0.65275242
STATE_A,embedding_0708,17,52,0.5269118,0.35971302,0.49479259,0.33228651,0.85869935,0.00269114,0.01181026
STATE_A,embedding_0709,17,52,0.71695828,0.53463858,0.66556119,0.5421151,0.73334835,0.0114876,0.03291969
STATE_A,embedding_0710,17,52,-0.74680567,-0.61785132,-0.72335882,-0.63064941,-0.71175158,0.0064797,0.02272333
STATE_A,embedding_0711,17,52,1.55723274,1.45374131,1.5364175,1.43919775,0.74523532,0.00902622,0.02806533
STATE_A,embedding_0712,17,52,-0.74680072,-0.71134219,-0.75100738,-0.70762429,-0.45650434,0.0610684,0.11843568
STATE_A,embedding_0713,17,52,-0.89918602,-1.00204191,-0.9044401,-1.01398724,0.71150871,0.00546665,0.02028206
STATE_A,embedding_0714,17,52,-0.07478451,-0.11665715,-0.09757871,-0.10223059,0.03428393,0.88374825,0.92721128
STATE_A,embedding_0715,17,52,-0.51305318,-0.46425176,-0.54115891,-0.45287841,-0.77193686,0.0139761,0.03819802
STATE_A,embedding_0716,17,52,0.08238851,0.0873369,0.0835775,0.0954617,-0.09217638,0.6812143,0.77278077
STATE_A,embedding_0717,17,52,-0.12428588,-0.14604188,-0.1233871,-0.14860461,0.38864491,0.20757151,0.31629944
STATE_A,embedding_0718,17,52,0.97960591,0.99383631,0.99329209,0.99943041,-0.05792843,0.82910656,0.88561035
STATE_A,embedding_0719,17,52,0.2263452,0.15483246,0.21140243,0.15929304,0.43452793,0.11719989,0.1986965
STATE_A,embedding_0720,17,52,0.44943687,0.34253441,0.44500313,0.31973689,1.10628715,0.00012479,0.00165239
STATE_A,embedding_0721,17,52,0.27273405,0.34482594,0.27242022,0.31805235,-0.33029003,0.07132987,0.13393971
STATE_A,embedding_0722,17,52,-0.07502884,-0.08089456,-0.08911783,-0.09816322,0.09910565,0.73296927,0.81229495
STATE_A,embedding_0723,17,52,-0.31431878,-0.39906856,-0.32681377,-0.40344656,0.88801845,0.00185584,0.00902079
STATE_A,embedding_0724,17,52,-0.5466311,-0.68639553,-0.55631146,-0.68957787,1.16352393,0.0001179,0.00164631
STATE_A,embedding_0725,17,52,-1.02417707,-1.01574725,-1.03791909,-1.01362548,-0.27760366,0.39176138,0.51431238
STATE_A,embedding_0726,17,52,-0.4736467,-0.59871885,-0.49651748,-0.5931664,0.77530295,0.01103997,0.03199508
STATE_A,embedding_0727,17,52,1.08883524,1.02664065,1.09119833,1.03976776,0.33925741,0.21779223,0.32796948
STATE_A,embedding_0728,17,52,0.02376775,-0.02283622,0.01100843,-0.01344406,0.21754083,0.35441703,0.47503016
STATE_A,embedding_0729,17,52,1.32757008,1.34995735,1.34567913,1.3408606,0.0454802,0.62105156,0.72930825
STATE_A,embedding_0730,17,52,-0.35797662,-0.44771099,-0.32984839,-0.44496342,1.2961191,4.636e-05,0.00104719
STATE_A,embedding_0731,17,52,0.22600174,0.12721822,0.20843054,0.08596184,0.66544839,0.00369019,0.01499506
STATE_A,embedding_0732,17,52,-0.31686062,-0.32465342,-0.31021388,-0.31726468,0.06550965,0.51728076,0.63767516
STATE_A,embedding_0733,17,52,-1.0756501,-1.1652714,-1.0798913,-1.16651699,0.90243291,0.00024311,0.00217103
STATE_A,embedding_0734,17,52,-0.0451718,-0.12561841,-0.04034503,-0.13255863,0.80042301,0.00704704,0.02363374
STATE_A,embedding_0735,17,52,-0.67191041,-0.7127738,-0.66867466,-0.71478026,0.26740432,0.2995211,0.41597144
STATE_A,embedding_0736,17,52,-0.6252712,-0.50111298,-0.60438312,-0.49536964,-0.62542922,0.01019094,0.03069271
STATE_A,embedding_0737,17,52,0.42409933,0.62265885,0.43826745,0.63461478,-1.14182919,6.616e-05,0.00110458
STATE_A,embedding_0738,17,52,0.00374312,0.08516501,-0.00857397,0.10080175,-0.89760456,0.00223803,0.01029226
STATE_A,embedding_0739,17,52,-0.95412838,-0.99963415,-0.97082095,-0.97378721,0.0139466,0.55395766,0.66998344
STATE_A,embedding_0740,17,52,-0.27276364,-0.26008005,-0.25229025,-0.25935428,0.07523994,0.9168183,0.94639308
STATE_A,embedding_0741,17,52,0.83583421,0.81368792,0.87011177,0.79781707,0.41468812,0.16586842,0.260505
STATE_A,embedding_0742,17,52,-0.6787343,-0.66263807,-0.68640542,-0.65355838,-0.30282666,0.35441703,0.47503016
STATE_A,embedding_0743,17,52,-0.75505304,-0.80173379,-0.75508033,-0.77722993,0.18925262,0.51728076,0.63767516
STATE_A,embedding_0744,17,52,0.58483946,0.72539946,0.6060851,0.70240925,-0.50603374,0.00940053,0.02899441
STATE_A,embedding_0745,17,52,-0.01442352,-0.09069853,-0.02054302,-0.08600641,0.74488033,0.00704704,0.02363374
STATE_A,embedding_0746,17,52,0.00851056,0.07448516,0.00589407,0.05998739,-0.35501943,0.1380527,0.22606498
STATE_A,embedding_0747,17,52,1.43542457,1.4790954,1.41405953,1.48721574,-0.63237614,0.0263414,0.06130362
STATE_A,embedding_0748,17,52,0.72200465,0.83985472,0.71730579,0.81588677,-0.86332858,0.00281682,0.01215347
STATE_A,embedding_0749,17,52,0.86459398,0.67864746,0.84558112,0.65867053,1.15677443,8.355e-05,0.00121069
STATE_A,embedding_0750,17,52,0.07526864,-0.00678979,0.07837071,-0.063351,0.82064786,0.0006291,0.00431383
STATE_A,embedding_0751,17,52,0.53490126,0.58134267,0.5769861,0.54858656,0.19965471,0.70175286,0.78678277
STATE_A,embedding_0752,17,52,1.14872313,1.21155542,1.13619812,1.21071598,-0.83070601,0.00308438,0.01301541
STATE_A,embedding_0753,17,52,0.30767122,0.24088468,0.32701634,0.25974493,0.48860593,0.0106079,0.03121405
STATE_A,embedding_0754,17,52,-0.29106736,-0.29307377,-0.29489571,-0.3077854,0.12381362,0.78596792,0.8549906
STATE_A,embedding_0755,17,52,-0.16280359,-0.03339055,-0.15087989,-0.0335902,-1.17674819,0.0001478,0.00171985
STATE_A,embedding_0756,17,52,0.46152288,0.5135836,0.4742808,0.51548368,-0.35085881,0.09065237,0.16078758
STATE_A,embedding_0757,17,52,0.51960874,0.4207343,0.43796031,0.41650411,0.10616745,0.43959721,0.559885
STATE_A,embedding_0758,17,52,-0.01422382,0.07036228,0.04646796,0.08988415,-0.27927448,0.15752244,0.25047046
STATE_A,embedding_0759,17,52,0.60964465,0.65149358,0.6147946,0.66834193,-0.64927571,0.03997246,0.08623272
STATE_A,embedding_0760,17,52,-0.28427181,-0.0279231,-0.22820088,0.02258561,-1.20779297,2.097e-05,0.00100656
STATE_A,embedding_0761,17,52,0.79437035,0.77801082,0.79448242,0.76971281,0.31037334,0.244914,0.36033324
STATE_A,embedding_0762,17,52,-0.44612408,-0.36664948,-0.43951838,-0.35543714,-0.83252526,0.00831729,0.02617901
STATE_A,embedding_0763,17,52,0.14531581,0.19332641,0.16753833,0.18286896,-0.0813519,0.52633076,0.64366564
STATE_A,embedding_0764,17,52,-0.37092245,-0.22220993,-0.370002,-0.22371913,-1.38554559,1.115e-05,0.0007485
STATE_A,embedding_0765,17,52,2.39677572,2.2145462,2.36984623,2.19853629,1.01242057,0.00039399,0.00296651
STATE_A,embedding_0766,17,52,-1.08493102,-1.03719461,-1.07687377,-1.01678474,-0.53278124,0.01103997,0.03199508
STATE_A,embedding_0767,17,52,-1.21690226,-1.18989819,-1.19845864,-1.17611078,-0.20904037,0.63091817,0.73415933
STATE_B,embedding_0000,14,55,-0.4409764,-0.48938006,-0.43677912,-0.47556856,0.4171425,0.44223265,0.83546426
STATE_B,embedding_0001,14,55,0.86783814,0.93486571,0.74775941,0.9029099,-0.76512062,0.09322886,0.77121956
STATE_B,embedding_0002,14,55,0.89411363,0.87447733,0.8748826,0.87321844,0.02088699,0.79400268,0.95131678
STATE_B,embedding_0003,14,55,-0.68957508,-0.72643751,-0.70649319,-0.72293053,0.10541638,0.72585684,0.94685641
STATE_B,embedding_0004,14,55,0.53267241,0.60485041,0.51172673,0.59344506,-0.8037047,0.0431983,0.74893513
STATE_B,embedding_0005,14,55,-0.35727793,-0.42580324,-0.31836086,-0.4101444,0.67200964,0.15853112,0.77325204
STATE_B,embedding_0006,14,55,1.21392071,1.17523921,1.16847787,1.18071515,-0.08958831,0.64904541,0.91127399
STATE_B,embedding_0007,14,55,0.39851302,0.42819592,0.40245639,0.41988338,-0.17356568,0.45114497,0.83546426
STATE_B,embedding_0008,14,55,-0.68839896,-0.66100216,-0.67338138,-0.6789004,0.0386149,0.97024393,0.99885702
STATE_B,embedding_0009,14,55,0.8920204,0.99653113,0.90585718,0.98811448,-0.87618679,0.03107772,0.74893513
STATE_B,embedding_0010,14,55,-0.19603454,-0.18614881,-0.11693295,-0.19740326,0.55386282,0.46015805,0.83546426
STATE_B,embedding_0011,14,55,0.37911727,0.44090059,0.39261344,0.42698839,-0.27087585,0.58601876,0.89832816
STATE_B,embedding_0012,14,55,-0.51593846,-0.52066529,-0.475155,-0.50512057,0.19276631,0.50670189,0.85526825
STATE_B,embedding_0013,14,55,-0.45373411,-0.49518064,-0.42187095,-0.50542732,0.61635541,0.1337298,0.77325204
STATE_B,embedding_0014,14,55,1.46975291,1.51610267,1.41579447,1.4794034,-0.28029548,0.37465047,0.81741921
STATE_B,embedding_0015,14,55,-0.46831939,-0.46767214,-0.45023914,-0.4721043,0.16615185,0.73708112,0.94685641
STATE_B,embedding_0016,14,55,-0.44757558,-0.47981951,-0.3668023,-0.47455835,0.59895641,0.12990526,0.77325204
STATE_B,embedding_0017,14,55,0.93642014,0.94814229,0.92827678,0.94110458,-0.13593673,0.99404746,1.0
STATE_B,embedding_0018,14,55,0.47694947,0.42124033,0.46642204,0.42606678,0.38742002,0.2239633,0.78461774
STATE_B,embedding_0019,14,55,0.84493294,0.85600257,0.7960787,0.866487,-0.67572365,0.15417167,0.77325204
STATE_B,embedding_0020,14,55,0.79779887,0.77701849,0.82118492,0.79386568,0.22620429,0.25368185,0.78461774
STATE_B,embedding_0021,14,55,-0.82828602,-0.78767794,-0.81027837,-0.77256584,-0.29001756,0.20204725,0.78461774
STATE_B,embedding_0022,14,55,-0.00456689,-0.06575722,0.02026499,-0.05258986,0.31507816,0.29973331,0.78788298
STATE_B,embedding_0023,14,55,1.62090886,1.71305144,1.6054021,1.69493824,-0.97062689,0.00844983,0.74893513
STATE_B,embedding_0024,14,55,-0.88037065,-0.85433966,-0.87451487,-0.84430779,-0.36854603,0.53577204,0.877341
STATE_B,embedding_0025,14,55,0.18810344,0.20578687,0.20629826,0.20696394,-0.00567776,0.78251932,0.95131678
STATE_B,embedding_0026,14,55,1.0045175,0.99699509,1.00057986,1.00041017,0.00214425,0.95835077,0.99461269
STATE_B,embedding_0027,14,55,-3.92609918,-3.79542518,-3.99385512,-3.82132976,-0.55940959,0.11204226,0.77121956
STATE_B,embedding_0028,14,55,0.06952931,0.1360219,0.15303835,0.12742262,0.23105503,0.93459488,0.99002602
STATE_B,embedding_0029,14,55,-0.4554452,-0.47289246,-0.41044321,-0.46409604,0.48067438,0.52598944,0.86873095
STATE_B,embedding_0030,14,55,1.1763795,1.17187667,1.17122827,1.17852952,-0.05819623,0.99404746,1.0
STATE_B,embedding_0031,14,55,0.79321185,0.85678428,0.74678211,0.84746801,-0.74819483,0.12990526,0.77325204
STATE_B,embedding_0032,14,55,1.15975279,1.23575056,1.12245855,1.22670267,-0.77407521,0.12251144,0.77121956
STATE_B,embedding_0033,14,55,0.40259302,0.38327229,0.41147719,0.37290209,0.39265263,0.21280161,0.78461774
STATE_B,embedding_0034,14,55,-1.40584588,-1.53770638,-1.39977924,-1.53839405,0.79267411,0.07457775,0.74893513
STATE_B,embedding_0035,14,55,4.52982473,4.5213666,4.58799556,4.5480767,0.22568824,0.62772557,0.91127399
STATE_B,embedding_0036,14,55,0.49297793,0.48777485,0.54613701,0.48742237,0.36962953,0.46015805,0.83546426
STATE_B,embedding_0037,14,55,-0.35987908,-0.44532263,-0.36726528,-0.43681493,0.53540308,0.25368185,0.78461774
STATE_B,embedding_0038,14,55,-0.2273112,-0.29193828,-0.16576804,-0.27126717,0.48517596,0.31385617,0.79551663
STATE_B,embedding_0039,14,55,-0.25806159,-0.28436953,-0.24985647,-0.293376,0.47658977,0.1337298,0.77325204
STATE_B,embedding_0040,14,55,-0.09522048,-0.08608676,-0.14883378,-0.07976874,-0.53508769,0.32107918,0.80839362
STATE_B,embedding_0041,14,55,1.11699295,1.15403283,1.12485485,1.16264121,-0.27027913,0.51629897,0.86012497
STATE_B,embedding_0042,14,55,0.71533886,0.67738497,0.7641126,0.69525438,0.2769284,0.3067409,0.78788298
STATE_B,embedding_0043,14,55,0.16910146,0.20732708,0.20662964,0.18996239,0.10963178,0.78251932,0.95131678
STATE_B,embedding_0044,14,55,-0.01565467,0.014617,0.01377618,0.00103254,0.09570819,0.71469113,0.94634963
STATE_B,embedding_0045,14,55,-0.5875234,-0.69666755,-0.59014089,-0.67974669,0.82132421,0.0632177,0.74893513
STATE_B,embedding_0046,14,55,-0.11432973,-0.06020056,-0.10611215,-0.08147821,-0.23657107,0.39091778,0.82417522
STATE_B,embedding_0047,14,55,0.36204126,0.40050226,0.41443736,0.4060718,0.07375289,0.77108316,0.95131678
STATE_B,embedding_0048,14,55,-0.09558041,-0.10400711,-0.1029535,-0.08367175,-0.14349671,0.82871209,0.9694361
STATE_B,embedding_0049,14,55,-0.13892852,-0.23906997,-0.15949128,-0.2272115,0.42104692,0.27277726,0.78461774
STATE_B,embedding_0050,14,55,0.06375376,0.08946489,0.05571321,0.11051363,-0.49347453,0.2663058,0.78461774
STATE_B,embedding_0051,14,55,-1.00183696,-1.01605201,-0.90003269,-1.01394696,0.70571457,0.24752862,0.78461774
STATE_B,embedding_0052,14,55,-0.21721109,-0.21692924,-0.20195721,-0.21448512,0.11271081,0.72585684,0.94685641
STATE_B,embedding_0053,14,55,-0.82012558,-0.87035972,-0.78211074,-0.85602135,0.63202445,0.16752904,0.77325204
STATE_B,embedding_0054,14,55,0.10502817,0.12457449,0.12264127,0.1135958,0.0645494,0.77108316,0.95131678
STATE_B,embedding_0055,14,55,-0.40465879,-0.34309384,-0.40276575,-0.34871206,-0.49628916,0.1457269,0.77325204
STATE_B,embedding_0056,14,55,-0.35966997,-0.41678125,-0.33643303,-0.42303613,0.56929678,0.34339434,0.80962371
STATE_B,embedding_0057,14,55,0.09933686,0.10714097,0.09695447,0.12797294,-0.19671969,0.75969654,0.95131678
STATE_B,embedding_0058,14,55,-0.86015531,-0.89399785,-0.87492393,-0.87742981,0.01796046,0.74836177,0.94685641
STATE_B,embedding_0059,14,55,1.25938058,1.26681423,1.16213076,1.25552376,-0.33900687,0.47848289,0.84476979
STATE_B,embedding_0060,14,55,0.97986165,1.04736161,0.96706615,1.04648615,-0.62476214,0.06112665,0.74893513
STATE_B,embedding_0061,14,55,-0.5977042,-0.59492421,-0.63787883,-0.57821899,-0.37565743,0.31385617,0.79551663
STATE_B,embedding_0062,14,55,-0.07551244,-0.09714982,-0.07049874,-0.09856126,0.15099736,0.49719941,0.85526825
STATE_B,embedding_0063,14,55,0.24312618,0.24473986,0.24902542,0.25019398,-0.01106196,0.86375922,0.97165875
STATE_B,embedding_0064,14,55,-1.75856578,-1.71783817,-1.75148295,-1.70929514,-0.3211203,0.3067409,0.78788298
STATE_B,embedding_0065,14,55,-0.68092433,-0.64567912,-0.64194282,-0.62279559,-0.1227237,0.77108316,0.95131678
STATE_B,embedding_0066,14,55,-0.021499,-0.00249156,0.00456008,-0.00583818,0.08721201,0.95835077,0.99461269
STATE_B,embedding_0067,14,55,1.15231931,1.14869785,1.09969992,1.19590621,-0.607754,0.25994078,0.78461774
STATE_B,embedding_0068,14,55,0.67837286,0.68127245,0.63879498,0.67404099,-0.26269729,0.54564544,0.87852348
STATE_B,embedding_0069,14,55,0.21897224,0.19592525,0.20865936,0.2063775,0.02482849,0.64904541,0.91127399
STATE_B,embedding_0070,14,55,-0.77111006,-0.81806946,-0.68580593,-0.81719963,0.74876268,0.20204725,0.78461774
STATE_B,embedding_0071,14,55,1.54703021,1.49341071,1.51421934,1.48907097,0.13640013,0.60671201,0.91127399
STATE_B,embedding_0072,14,55,-3.80702424,-3.88993239,-3.81109851,-3.85586725,0.28629076,0.25368185,0.78461774
STATE_B,embedding_0073,14,55,-0.28401759,-0.26482904,-0.32381555,-0.2557324,-0.40395581,0.37465047,0.81741921
STATE_B,embedding_0074,14,55,-0.01732844,-0.07841125,0.01769009,-0.06082249,0.43331769,0.63834811,0.91127399
STATE_B,embedding_0075,14,55,0.09978853,-0.00936301,0.04293418,-0.02900823,0.34133357,0.34339434,0.80962371
STATE_B,embedding_0076,14,55,-0.68915936,-0.65172237,-0.6670324,-0.67163456,0.03274822,0.56565909,0.8883971
STATE_B,embedding_0077,14,55,0.85484511,0.88923055,0.7473896,0.87393128,-0.66610233,0.20737385,0.78461774
STATE_B,embedding_0078,14,55,-0.10284227,0.00611703,-0.18558077,-0.00482145,-0.77896622,0.20204725,0.78461774
STATE_B,embedding_0079,14,55,-0.47291437,-0.49553758,-0.51940913,-0.49086531,-0.21847187,0.87550502,0.97165875
STATE_B,embedding_0080,14,55,1.05700988,1.07064271,1.03604201,1.0495125,-0.09636499,0.93459488,0.99002602
STATE_B,embedding_0081,14,55,0.47080477,0.45583963,0.43625643,0.45736894,-0.24095953,1.0,1.0
STATE_B,embedding_0082,14,55,0.59368423,0.5599457,0.54873142,0.50233436,0.19056787,0.51629897,0.86012497
STATE_B,embedding_0083,14,55,-0.34517699,-0.32721218,-0.3295356,-0.32009442,-0.09252466,0.74836177,0.94685641
STATE_B,embedding_0084,14,55,0.30404645,0.28328529,0.31965831,0.2904103,0.20494261,0.77108316,0.95131678
STATE_B,embedding_0085,14,55,-1.06428963,-1.06232536,-1.04466118,-1.06339995,0.15303354,0.87550502,0.97165875
STATE_B,embedding_0086,14,55,-0.52797186,-0.46980432,-0.55590027,-0.43465314,-0.54741663,0.17690527,0.78461774
STATE_B,embedding_0087,14,55,-0.51734415,-0.55227476,-0.56148699,-0.56300733,0.01192113,0.61717961,0.91127399
STATE_B,embedding_0088,14,55,0.24311174,0.18893559,0.26529395,0.18177232,0.5942316,0.12251144,0.77121956
STATE_B,embedding_0089,14,55,-1.02859253,-0.98643458,-1.04303025,-0.99086216,-0.44188238,0.32840991,0.80839362
STATE_B,embedding_0090,14,55,0.16933184,0.16061607,0.1360177,0.17324967,-0.19889868,0.65981559,0.91139995
STATE_B,embedding_0091,14,55,-0.4164082,-0.44889748,-0.38059302,-0.46154708,0.47747832,0.54564544,0.87852348
STATE_B,embedding_0092,14,55,0.10467399,0.08635832,0.07896552,0.07483098,0.02947156,0.73708112,0.94685641
STATE_B,embedding_0093,14,55,-1.04257071,-1.00397432,-1.00437928,-1.06398251,0.28167513,0.99404746,1.0
STATE_B,embedding_0094,14,55,0.73362678,0.74071205,0.75211044,0.7132927,0.30722425,0.44223265,0.83546426
STATE_B,embedding_0095,14,55,-0.93900883,-0.97936058,-0.94164394,-0.97429302,0.33420627,0.45114497,0.83546426
STATE_B,embedding_0096,14,55,0.73268035,0.7234444,0.71642949,0.74607434,-0.23851976,0.86375922,0.97165875
STATE_B,embedding_0097,14,55,0.143906,0.13229932,0.15792265,0.15194877,0.06089548,0.97024393,0.99885702
STATE_B,embedding_0098,14,55,0.19828214,0.20654222,0.19586584,0.1832171,0.08966962,0.84036024,0.9694361
STATE_B,embedding_0099,14,55,-2.60340357,-2.61431098,-2.59295845,-2.61954935,0.23411663,0.70358616,0.93811488
STATE_B,embedding_0100,14,55,-0.56663957,-0.6247738,-0.5922848,-0.61634431,0.18746304,0.47848289,0.84476979
STATE_B,embedding_0101,14,55,0.3601155,0.32999626,0.32868786,0.32371001,0.05155939,0.46015805,0.83546426
STATE_B,embedding_0102,14,55,1.67088246,1.78350496,1.6513907,1.80188784,-0.72677224,0.14163956,0.77325204
STATE_B,embedding_0103,14,55,0.32497309,0.26594061,0.29749446,0.25591098,0.22802614,0.25994078,0.78461774
STATE_B,embedding_0104,14,55,-0.66163552,-0.77982968,-0.65375586,-0.7501543,0.33985834,0.35104778,0.80962371
STATE_B,embedding_0105,14,55,-1.08220309,-1.06985807,-1.0636669,-1.08060013,0.22398968,0.63834811,0.91127399
STATE_B,embedding_0106,14,55,-0.85149404,-0.8110702,-0.83794144,-0.84741441,0.0563985,0.71469113,0.94634963
STATE_B,embedding_0107,14,55,0.36713061,0.3577891,0.37691949,0.34768973,0.27131117,0.43342193,0.83546426
STATE_B,embedding_0108,14,55,-0.35596649,-0.31762418,-0.38585375,-0.30714981,-0.54984776,0.18173751,0.78461774
STATE_B,embedding_0109,14,55,-0.65162808,-0.79445904,-0.68001561,-0.78824847,0.72942175,0.09035522,0.77121956
STATE_B,embedding_0110,14,55,-0.01028363,0.03781544,0.00249007,0.02773499,-0.27020224,0.58601876,0.89832816
STATE_B,embedding_0111,14,55,-0.57742304,-0.56794953,-0.5714293,-0.5647436,-0.05764119,0.80553087,0.95765899
STATE_B,embedding_0112,14,55,0.90813962,0.94148749,0.88857519,0.95170508,-0.49105713,0.22969852,0.78461774
STATE_B,embedding_0113,14,55,-1.75325108,-1.83622241,-1.75312023,-1.85217146,0.55480321,0.1916946,0.78461774
STATE_B,embedding_0114,14,55,-0.44395003,-0.42606667,-0.44768913,-0.40931602,-0.36130259,0.28604077,0.78634961
STATE_B,embedding_0115,14,55,-1.03373724,-0.99646211,-1.00672648,-1.00488171,-0.01298081,0.39920987,0.82417522
STATE_B,embedding_0116,14,55,-0.15275267,-0.21714102,-0.14120219,-0.19575841,0.46705003,0.14163956,0.77325204
STATE_B,embedding_0117,14,55,-0.07282895,-0.12402332,-0.12747755,-0.1292071,0.01047898,0.93459488,0.99002602
STATE_B,embedding_0118,14,55,-0.37490648,-0.42779955,-0.35429539,-0.43290815,0.5239449,0.25994078,0.78461774
STATE_B,embedding_0119,14,55,-0.00526589,-0.05055793,-0.04960561,-0.05392089,0.06185739,0.1337298,0.77325204
STATE_B,embedding_0120,14,55,1.16628635,1.24599171,1.19248742,1.23684533,-0.31678505,0.42471359,0.83546426
STATE_B,embedding_0121,14,55,-0.32520245,-0.34271309,-0.25217343,-0.3267552,0.58463514,0.32840991,0.80839362
STATE_B,embedding_0122,14,55,-0.32122515,-0.3123599,-0.24355069,-0.32563004,0.60044109,0.27277726,0.78461774
STATE_B,embedding_0123,14,55,-0.63659447,-0.56193089,-0.66000119,-0.57276595,-0.65429711,0.14990393,0.77325204
STATE_B,embedding_0124,14,55,0.10991748,0.08679451,0.08060886,0.11410481,-0.19243457,0.75969654,0.95131678
STATE_B,embedding_0125,14,55,1.13959026,1.17757118,1.02567545,1.16991163,-0.53029156,0.37465047,0.81741921
STATE_B,embedding_0126,14,55,0.13276206,0.10245585,0.10496853,0.08042285,0.14086283,0.63834811,0.91127399
STATE_B,embedding_0127,14,55,-0.33218265,-0.39566451,-0.33692853,-0.38937134,0.56590727,0.03348376,0.74893513
STATE_B,embedding_0128,14,55,0.20697986,0.24504618,0.22685587,0.22237977,0.0357441,0.61717961,0.91127399
STATE_B,embedding_0129,14,55,-0.74282804,-0.79474884,-0.67619892,-0.77657018,0.52954155,0.34339434,0.80962371
STATE_B,embedding_0130,14,55,0.77979031,0.7406671,0.79732979,0.72723665,0.40970275,0.15417167,0.77325204
STATE_B,embedding_0131,14,55,0.48071395,0.46359542,0.49656725,0.47106629,0.18548896,0.58601876,0.89832816
STATE_B,embedding_0132,14,55,0.59506685,0.6659075,0.58379614,0.65500735,-0.56113034,0.14990393,0.77325204
STATE_B,embedding_0133,14,55,-0.14091405,-0.10926541,-0.14514899,-0.12024664,-0.23065094,0.45114497,0.83546426
STATE_B,embedding_0134,14,55,9.44160986,9.44773769,9.52463797,9.4932514,0.11289657,0.97024393,0.99885702
STATE_B,embedding_0135,14,55,-0.27068312,-0.21920496,-0.27306813,-0.23098124,-0.22013164,0.60671201,0.91127399
STATE_B,embedding_0136,14,55,0.02081539,0.01669426,0.03183668,0.02581844,0.03907114,0.89907653,0.9766489
STATE_B,embedding_0137,14,55,-0.54230899,-0.5076713,-0.56389136,-0.50412081,-0.40222013,0.27277726,0.78461774
STATE_B,embedding_0138,14,55,2.45853853,2.43913102,2.44253152,2.3936679,0.3135512,0.34339434,0.80962371
STATE_B,embedding_0139,14,55,0.39973898,0.36668372,0.44734913,0.35828408,0.67204743,0.11204226,0.77121956
STATE_B,embedding_0140,14,55,-0.99565759,-0.97586322,-0.94655078,-0.99578663,0.27948493,0.82871209,0.9694361
STATE_B,embedding_0141,14,55,0.83430111,0.91896701,0.77978259,0.87691054,-0.3518577,0.40760692,0.82815374
STATE_B,embedding_0142,14,55,-1.80007714,-1.71973586,-1.86330439,-1.69836885,-0.93310248,0.04476386,0.74893513
STATE_B,embedding_0143,14,55,0.24634739,0.32343605,0.27679898,0.31492009,-0.30176168,0.50670189,0.85526825
STATE_B,embedding_0144,14,55,0.51696515,0.48527998,0.53276724,0.47864301,0.36135355,0.2663058,0.78461774
STATE_B,embedding_0145,14,55,-1.93759382,-1.9626689,-1.86463623,-1.95954491,0.67799768,0.23553745,0.78461774
STATE_B,embedding_0146,14,55,0.36597653,0.3844237,0.32772696,0.38106825,-0.41327649,0.55560826,0.88345164
STATE_B,embedding_0147,14,55,-0.39671452,-0.32463157,-0.41900917,-0.31914121,-0.68780976,0.05332718,0.74893513
STATE_B,embedding_0148,14,55,-1.38179654,-1.43424487,-1.37829876,-1.42875482,0.35590669,0.37465047,0.81741921
STATE_B,embedding_0149,14,55,-0.61998194,-0.70508111,-0.55091514,-0.6920037,0.55132774,0.22969852,0.78461774
STATE_B,embedding_0150,14,55,0.86186239,0.84030652,0.78683941,0.81968466,-0.18473182,0.95835077,0.99461269
STATE_B,embedding_0151,14,55,-0.68122631,-0.73366445,-0.68103591,-0.72419389,0.54670751,0.06757726,0.74893513
STATE_B,embedding_0152,14,55,-0.00145437,-0.03082191,-0.01765719,-0.02032869,0.02165846,0.87550502,0.97165875
STATE_B,embedding_0153,14,55,0.2843231,0.23919383,0.22737192,0.248285,-0.08963793,0.99404746,1.0
STATE_B,embedding_0154,14,55,1.19829959,1.23972702,1.14309543,1.24048285,-0.68550917,0.11893996,0.77121956
STATE_B,embedding_0155,14,55,0.63701937,0.57210809,0.59581544,0.57042242,0.14907594,0.34339434,0.80962371
STATE_B,embedding_0156,14,55,-0.70704356,-0.70355082,-0.80619356,-0.68160309,-0.54387927,0.40760692,0.82815374
STATE_B,embedding_0157,14,55,-1.65269858,-1.50500417,-1.61006625,-1.52719515,-0.40208208,0.14163956,0.77325204
STATE_B,embedding_0158,14,55,0.29382049,0.32229036,0.29235277,0.32028026,-0.31875125,0.23553745,0.78461774
STATE_B,embedding_0159,14,55,2.15040648,2.15972257,2.16557179,2.15030785,0.11943036,0.75969654,0.95131678
STATE_B,embedding_0160,14,55,0.61251441,0.58846349,0.58030346,0.59921962,-0.15975778,0.58601876,0.89832816
STATE_B,embedding_0161,14,55,1.45351654,1.46521711,1.38571045,1.44004285,-0.37201185,0.79400268,0.95131678
STATE_B,embedding_0162,14,55,0.74792343,0.74219781,0.62593498,0.73886279,-0.76228857,0.48779272,0.84948936
STATE_B,embedding_0163,14,55,0.33968344,0.36543018,0.29595431,0.33236104,-0.21978256,0.54564544,0.87852348
STATE_B,embedding_0164,14,55,1.42812979,1.44466901,1.46873186,1.44799971,0.10797419,0.88727831,0.97626038
STATE_B,embedding_0165,14,55,0.78837544,0.79263532,0.81331942,0.79308613,0.18381882,0.65981559,0.91139995
STATE_B,embedding_0166,14,55,-0.61482817,-0.65236545,-0.58332067,-0.66048936,0.60559329,0.16752904,0.77325204
STATE_B,embedding_0167,14,55,0.34223615,0.3528055,0.33251198,0.35987688,-0.32298182,0.37465047,0.81741921
STATE_B,embedding_0168,14,55,-0.28656375,-0.23586522,-0.27000105,-0.23423715,-0.31749625,0.24752862,0.78461774
STATE_B,embedding_0169,14,55,-0.21468873,-0.23272592,-0.27382076,-0.23378364,-0.2675741,0.94646688,0.99461269
STATE_B,embedding_0170,14,55,1.34648114,1.42380083,1.27575209,1.4176525,-1.0447518,0.02200019,0.74893513
STATE_B,embedding_0171,14,55,0.23503069,0.32555315,0.17625538,0.32166136,-0.89732413,0.15853112,0.77325204
STATE_B,embedding_0172,14,55,-0.1833776,-0.26597458,-0.19015279,-0.2162456,0.13697544,0.43342193,0.83546426
STATE_B,embedding_0173,14,55,0.02821272,0.08813088,0.02630259,0.0632123,-0.29935467,0.2239633,0.78461774
STATE_B,embedding_0174,14,55,-0.79464442,-0.79523885,-0.6973222,-0.79000306,0.37974647,0.63834811,0.91127399
STATE_B,embedding_0175,14,55,0.26308223,0.26903957,0.28813039,0.2639745,0.13250797,0.86375922,0.97165875
STATE_B,embedding_0176,14,55,0.47586046,0.48874971,0.47544114,0.49105918,-0.187001,0.71469113,0.94634963
STATE_B,embedding_0177,14,55,1.14632714,1.25452662,1.1218587,1.25594871,-0.79688969,0.07457775,0.74893513
STATE_B,embedding_0178,14,55,-1.03794467,-0.97104597,-1.04675055,-0.97021723,-0.6165555,0.12251144,0.77121956
STATE_B,embedding_0179,14,55,0.99807978,1.05379152,0.90445389,1.03396662,-0.52278449,0.64904541,0.91127399
STATE_B,embedding_0180,14,55,-0.5141671,-0.43359277,-0.49859743,-0.44727427,-0.32718237,0.39091778,0.82417522
STATE_B,embedding_0181,14,55,-0.17101562,-0.19236523,-0.16469648,-0.19671378,0.37487854,0.21280161,0.78461774
STATE_B,embedding_0182,14,55,-0.17546145,-0.10646395,-0.18415627,-0.07078968,-0.7818012,0.03739078,0.74893513
STATE_B,embedding_0183,14,55,0.74601766,0.71085185,0.67032212,0.71932261,-0.36655113,0.94646688,0.99461269
STATE_B,embedding_0184,14,55,2.57732773,2.61943817,2.48818932,2.57886548,-0.48626307,0.21280161,0.78461774
STATE_B,embedding_0185,14,55,0.65282029,0.70699227,0.63455275,0.70719639,-0.45843471,0.37465047,0.81741921
STATE_B,embedding_0186,14,55,-1.05832642,-0.99150485,-1.04781006,-1.00476584,-0.23675397,0.46015805,0.83546426
STATE_B,embedding_0187,14,55,0.66048932,0.58209282,0.65924499,0.57433624,0.76989819,0.00773581,0.74893513
STATE_B,embedding_0188,14,55,0.13112073,0.0716552,0.12254437,0.09926508,0.14489647,0.41610837,0.83438963
STATE_B,embedding_0189,14,55,0.97410598,1.06286108,1.04148298,1.06330879,-0.181169,0.2793555,0.78587921
STATE_B,embedding_0190,14,55,1.28766274,1.22644496,1.22476987,1.21912796,0.02770288,0.69254405,0.93311198
STATE_B,embedding_0191,14,55,0.13452673,0.11669222,0.1383848,0.10483188,0.23727709,0.54564544,0.87852348
STATE_B,embedding_0192,14,55,0.11738554,0.14284965,0.09899913,0.14228068,-0.48679385,0.0698481,0.74893513
STATE_B,embedding_0193,14,55,0.39646965,0.3797105,0.3463391,0.4023036,-0.38541558,0.85204345,0.9694361
STATE_B,embedding_0194,14,55,-0.0864154,-0.07830242,-0.10848589,-0.08792853,-0.16537915,0.87550502,0.97165875
STATE_B,embedding_0195,14,55,-0.08955286,0.02369236,-0.02527483,0.01824906,-0.25932617,0.33584833,0.80962371
STATE_B,embedding_0196,14,55,-0.6534459,-0.72215557,-0.58392189,-0.71932249,0.73481347,0.2183312,0.78461774
STATE_B,embedding_0197,14,55,-0.12936119,-0.09617738,-0.15796962,-0.08839894,-0.56282889,0.2793555,0.78587921
STATE_B,embedding_0198,14,55,-0.67578989,-0.67682999,-0.68058148,-0.66859524,-0.12515082,0.61717961,0.91127399
STATE_B,embedding_0199,14,55,-1.0009101,-0.9367426,-0.99645895,-0.95658733,-0.35917229,0.27277726,0.78461774
STATE_B,embedding_0200,14,55,0.14037452,0.11956922,0.1513707,0.12859948,0.1811144,0.5963245,0.91049148
STATE_B,embedding_0201,14,55,-1.68136793,-1.67285478,-1.64258321,-1.6602461,0.19193629,0.99404746,1.0
STATE_B,embedding_0202,14,55,0.53879181,0.56502789,0.54301113,0.5690819,-0.27686505,0.29973331,0.78788298
STATE_B,embedding_0203,14,55,-0.08609916,-0.05478805,-0.07537085,-0.06327037,-0.17097089,0.39091778,0.82417522
STATE_B,embedding_0204,14,55,0.28725551,0.2598398,0.26969128,0.26399324,0.07118061,0.67065674,0.91811832
STATE_B,embedding_0205,14,55,0.12035717,0.19526501,0.11557066,0.19936327,-0.68520469,0.02200019,0.74893513
STATE_B,embedding_0206,14,55,-0.56036481,-0.57918143,-0.55391988,-0.55336944,-0.00516853,0.87550502,0.97165875
STATE_B,embedding_0207,14,55,-0.9909046,-0.98737866,-0.92279108,-0.9844645,0.40860546,0.60671201,0.91127399
STATE_B,embedding_0208,14,55,-1.2710675,-1.30793858,-1.25674601,-1.29716495,0.2809304,0.37465047,0.81741921
STATE_B,embedding_0209,14,55,-0.25447927,-0.23316315,-0.23663864,-0.23569147,-0.00909072,0.89907653,0.9766489
STATE_B,embedding_0210,14,55,8.21526623,8.14984226,8.45014432,8.17765364,0.58519122,0.47848289,0.84476979
STATE_B,embedding_0211,14,55,-0.58517408,-0.62217617,-0.56877264,-0.59642562,0.18643426,0.62772557,0.91127399
STATE_B,embedding_0212,14,55,-0.51737767,-0.51452208,-0.50630417,-0.50052537,-0.07047058,0.75969654,0.95131678
STATE_B,embedding_0213,14,55,0.2391696,0.28411353,0.25506717,0.27913371,-0.27011118,0.25994078,0.78461774
STATE_B,embedding_0214,14,55,-0.47479394,-0.51205182,-0.48513518,-0.50532663,0.23815259,0.55560826,0.88345164
STATE_B,embedding_0215,14,55,-0.19558541,-0.22948967,-0.18680468,-0.21827241,0.35667451,0.25368185,0.78461774
STATE_B,embedding_0216,14,55,-0.90682149,-0.84268647,-0.86551613,-0.83187379,-0.39462346,0.25368185,0.78461774
STATE_B,embedding_0217,14,55,-0.85051695,-0.83955979,-0.82686374,-0.8448752,0.28114963,0.92273742,0.9869949
STATE_B,embedding_0218,14,55,0.35329576,0.310646,0.34234731,0.30702455,0.37489854,0.20737385,0.78461774
STATE_B,embedding_0219,14,55,-2.8263061,-2.78873825,-2.78512691,-2.77756918,-0.06575787,0.89907653,0.9766489
STATE_B,embedding_0220,14,55,-0.70079476,-0.69236964,-0.59739652,-0.6936445,0.49062138,0.56565909,0.8883971
STATE_B,embedding_0221,14,55,0.32214303,0.31576622,0.33998603,0.32790021,0.13184951,0.98214371,1.0
STATE_B,embedding_0222,14,55,-0.38864411,-0.38180009,-0.39211613,-0.38596312,-0.06580307,0.9108971,0.98392261
STATE_B,embedding_0223,14,55,-0.1978971,-0.21670797,-0.20808122,-0.21794257,0.09732182,0.70358616,0.93811488
STATE_B,embedding_0224,14,55,0.01860846,-0.03394204,0.03128124,-0.0384225,0.92994601,0.01095846,0.74893513
STATE_B,embedding_0225,14,55,0.13647035,0.16152321,0.14760163,0.17637775,-0.2803893,0.49719941,0.85526825
STATE_B,embedding_0226,14,55,-0.44644284,-0.46295294,-0.38870226,-0.45228232,0.48955223,0.44223265,0.83546426
STATE_B,embedding_0227,14,55,-0.17721993,-0.16072206,-0.19853501,-0.15805418,-0.29838713,0.55560826,0.88345164
STATE_B,embedding_0228,14,55,-1.46141601,-1.43653154,-1.62208895,-1.42304109,-0.76393087,0.15417167,0.77325204
STATE_B,embedding_0229,14,55,0.2001351,0.21885096,0.22482211,0.19091573,0.20018658,0.78251932,0.95131678
STATE_B,embedding_0230,14,55,1.28176332,1.32863724,1.25134124,1.33476615,-0.50992346,0.23553745,0.78461774
STATE_B,embedding_0231,14,55,-0.22885564,-0.28858122,-0.25627429,-0.29051643,0.37589787,0.2183312,0.78461774
STATE_B,embedding_0232,14,55,-0.10495028,-0.13104096,-0.08510363,-0.12916785,0.35390394,0.27277726,0.78461774
STATE_B,embedding_0233,14,55,0.13956732,0.196344,0.08123493,0.19927081,-0.67302095,0.28604077,0.78634961
STATE_B,embedding_0234,14,55,-0.14022804,-0.13143103,-0.16103076,-0.12327087,-0.31255437,0.74836177,0.94685641
STATE_B,embedding_0235,14,55,0.10218384,0.09030707,0.09517372,0.06234171,0.21559616,0.57579643,0.89335689
STATE_B,embedding_0236,14,55,-0.95792642,-1.03797793,-0.97319634,-1.0273217,0.49752781,0.19682109,0.78461774
STATE_B,embedding_0237,14,55,0.95544532,1.07494545,0.95880424,1.05170991,-0.63331407,0.08482185,0.77121956
STATE_B,embedding_0238,14,55,-0.74370253,-0.74736875,-0.76139422,-0.75682245,-0.05960441,0.99404746,1.0
STATE_B,embedding_0239,14,55,-0.79613516,-0.86292583,-0.82912317,-0.8730833,0.32508054,0.2239633,0.78461774
STATE_B,embedding_0240,14,55,-0.05460507,-0.11626284,-0.05221503,-0.13027478,0.51178401,0.09035522,0.77121956
STATE_B,embedding_0241,14,55,-1.50753152,-1.52489483,-1.49266452,-1.51986103,0.37905983,0.2183312,0.78461774
STATE_B,embedding_0242,14,55,0.62894985,0.61170071,0.62927889,0.61528108,0.13526686,0.65981559,0.91139995
STATE_B,embedding_0243,14,55,-0.74131346,-0.743779,-0.75596569,-0.73931055,-0.23828317,0.9108971,0.98392261
STATE_B,embedding_0244,14,55,0.36851948,0.4021728,0.33873701,0.41031671,-0.47861728,0.39091778,0.82417522
STATE_B,embedding_0245,14,55,0.24840495,0.19426122,0.345533,0.19447322,0.79735461,0.23553745,0.78461774
STATE_B,embedding_0246,14,55,-0.31924689,-0.36401993,-0.2741382,-0.36157781,0.62676593,0.2239633,0.78461774
STATE_B,embedding_0247,14,55,0.79074964,0.71549118,0.80046751,0.7249123,0.78414274,0.04476386,0.74893513
STATE_B,embedding_0248,14,55,-0.41732025,-0.37165168,-0.39036731,-0.41660354,0.14670373,0.85204345,0.9694361
STATE_B,embedding_0249,14,55,-0.5444577,-0.55332869,-0.50381275,-0.54261245,0.27093949,0.73708112,0.94685641
STATE_B,embedding_0250,14,55,0.245616,0.26317987,0.22544803,0.26284626,-0.45785342,0.38273116,0.82105456
STATE_B,embedding_0251,14,55,-0.96799776,-1.01579332,-0.95656561,-1.01394829,0.47954361,0.22969852,0.78461774
STATE_B,embedding_0252,14,55,-1.18026704,-1.15359235,-1.02805308,-1.17148662,0.81369693,0.57579643,0.89335689
STATE_B,embedding_0253,14,55,-1.14707661,-1.17422652,-1.09074129,-1.17248928,0.58530813,0.46015805,0.83546426
STATE_B,embedding_0254,14,55,0.68448538,0.70807642,0.61242299,0.70088089,-0.69320138,0.1457269,0.77325204
STATE_B,embedding_0255,14,55,0.31726635,0.3578544,0.32229322,0.36934354,-0.34127997,0.2663058,0.78461774
STATE_B,embedding_0256,14,55,1.14737052,1.12868214,1.16169866,1.12601477,0.21241334,0.45114497,0.83546426
STATE_B,embedding_0257,14,55,0.31529725,0.30533293,0.30254377,0.31834409,-0.13233859,1.0,1.0
STATE_B,embedding_0258,14,55,0.12790556,0.19099998,0.14868667,0.20736325,-0.49968781,0.10229179,0.77121956
STATE_B,embedding_0259,14,55,-0.37763572,-0.4086085,-0.40519993,-0.38688738,-0.1282334,0.97024393,0.99885702
STATE_B,embedding_0260,14,55,0.74363992,0.70745933,0.71007133,0.73982711,-0.18475575,0.95835077,0.99461269
STATE_B,embedding_0261,14,55,1.1345669,1.15546679,1.09471421,1.18057343,-0.55899855,0.38273116,0.82105456
STATE_B,embedding_0262,14,55,-0.40065743,-0.39850739,-0.36967806,-0.39567025,0.16934145,0.64904541,0.91127399
STATE_B,embedding_0263,14,55,0.72149029,0.64499927,0.71233947,0.67009178,0.20219535,0.46927101,0.84009356
STATE_B,embedding_0264,14,55,-0.8274897,-0.87154406,-0.8300367,-0.86965121,0.23916358,0.39920987,0.82417522
STATE_B,embedding_0265,14,55,0.57286587,0.57156181,0.61414481,0.5907695,0.14389645,0.92273742,0.9869949
STATE_B,embedding_0266,14,55,2.88347054,2.85184622,2.82779281,2.84609458,-0.09634542,0.87550502,0.97165875
STATE_B,embedding_0267,14,55,1.2111904,1.22818315,1.21567795,1.23693921,-0.22156839,0.70358616,0.93811488
STATE_B,embedding_0268,14,55,0.93990964,0.86721236,0.91980645,0.85251298,0.46373508,0.1457269,0.77325204
STATE_B,embedding_0269,14,55,1.01627544,1.02035415,1.0321232,1.03259966,-0.00256542,0.81710148,0.96841657
STATE_B,embedding_0270,14,55,0.0959521,0.13812217,0.08227649,0.14729847,-0.38282966,0.52598944,0.86873095
STATE_B,embedding_0271,14,55,0.47988012,0.51791555,0.50800246,0.54481617,-0.1777865,0.92273742,0.9869949
STATE_B,embedding_0272,14,55,0.13138543,0.15004215,0.08695094,0.1450727,-0.34633708,0.62772557,0.91127399
STATE_B,embedding_0273,14,55,-0.75876153,-0.82087636,-0.75730703,-0.8041576,0.31487824,0.35880845,0.81287578
STATE_B,embedding_0274,14,55,0.64474595,0.57663566,0.70070641,0.58608094,0.80854323,0.1721694,0.77325204
STATE_B,embedding_0275,14,55,-0.12743547,-0.10279144,-0.1481094,-0.0956431,-0.38850743,0.24752862,0.78461774
STATE_B,embedding_0276,14,55,-0.00895085,0.05295837,0.08175307,0.03738727,0.21307149,0.82871209,0.9694361
STATE_B,embedding_0277,14,55,1.01124382,0.98366123,1.00593693,0.99253386,0.08617995,0.56565909,0.8883971
STATE_B,embedding_0278,14,55,-0.66186237,-0.67066973,-0.64061064,-0.66053327,0.14061371,0.84036024,0.9694361
STATE_B,embedding_0279,14,55,0.06345226,-0.0079092,0.05279955,-0.01229516,0.46000524,0.12251144,0.77121956
STATE_B,embedding_0280,14,55,0.43355475,0.38351056,0.35986008,0.40228015,-0.2587663,0.85204345,0.9694361
STATE_B,embedding_0281,14,55,0.47844966,0.45462257,0.47142516,0.46710457,0.02920519,0.99404746,1.0
STATE_B,embedding_0282,14,55,0.67034867,0.74484038,0.54166971,0.73258852,-0.82039797,0.16752904,0.77325204
STATE_B,embedding_0283,14,55,0.26724414,0.26509884,0.29977545,0.24496995,0.46202157,0.40760692,0.82815374
STATE_B,embedding_0284,14,55,-0.99405286,-1.00476813,-0.92660366,-0.99561374,0.39292669,0.85204345,0.9694361
STATE_B,embedding_0285,14,55,0.07223488,0.0375255,0.05640752,0.05513581,0.0077864,0.69254405,0.93311198
STATE_B,embedding_0286,14,55,0.7465851,0.77807873,0.77466681,0.79950488,-0.20131127,0.46015805,0.83546426
STATE_B,embedding_0287,14,55,0.14461804,0.09209149,0.12688865,0.08799273,0.46965542,0.16298325,0.77325204
STATE_B,embedding_0288,14,55,-0.56633517,-0.64849669,-0.56936845,-0.63799015,0.71904625,0.02670795,0.74893513
STATE_B,embedding_0289,14,55,-4.46327567,-4.50797749,-4.54226977,-4.51837999,-0.13338393,0.78251932,0.95131678
STATE_B,embedding_0290,14,55,-2.04565072,-2.01562548,-2.03335681,-2.00678429,-0.09976184,0.60671201,0.91127399
STATE_B,embedding_0291,14,55,-0.19858885,-0.25472432,-0.17481305,-0.25376682,0.73000975,0.105464,0.77121956
STATE_B,embedding_0292,14,55,-0.80176961,-0.82136118,-0.77189051,-0.81668026,0.37496766,0.54564544,0.87852348
STATE_B,embedding_0293,14,55,0.37417902,0.37107846,0.34411985,0.39015318,-0.45657909,0.56565909,0.8883971
STATE_B,embedding_0294,14,55,0.8583121,0.87361836,0.89540113,0.85181491,0.33817073,0.48779272,0.84948936
STATE_B,embedding_0295,14,55,0.13704998,0.0606943,0.16167372,0.06371327,0.7314444,0.03348376,0.74893513
STATE_B,embedding_0296,14,55,0.95570871,0.9465332,0.99637651,0.94481329,0.30827194,0.25994078,0.78461774
STATE_B,embedding_0297,14,55,0.37333296,0.37430742,0.35191639,0.3768048,-0.22909164,0.89907653,0.9766489
STATE_B,embedding_0298,14,55,-0.84993163,-0.81652844,-0.76921734,-0.82652711,0.26549274,0.61717961,0.91127399
STATE_B,embedding_0299,14,55,-4.16920614,-4.12433958,-4.15996419,-4.115388,-0.18888505,0.51629897,0.86012497
STATE_B,embedding_0300,14,55,0.36413369,0.36832273,0.38371454,0.36046628,0.18559984,0.50670189,0.85526825
STATE_B,embedding_0301,14,55,0.65886945,0.69883126,0.67700144,0.69644492,-0.1705057,0.38273116,0.82105456
STATE_B,embedding_0302,14,55,-0.41192693,-0.31896207,-0.38858255,-0.33785912,-0.37763074,0.22969852,0.78461774
STATE_B,embedding_0303,14,55,0.37488046,0.39822733,0.36693225,0.41057593,-0.44352604,0.35104778,0.80962371
STATE_B,embedding_0304,14,55,0.08083986,-0.01057122,0.11747879,-0.01619823,0.91128513,0.0431983,0.74893513
STATE_B,embedding_0305,14,55,0.17027219,0.23832563,0.16481932,0.23351958,-0.76432598,0.0632177,0.74893513
STATE_B,embedding_0306,14,55,0.81768972,0.86893052,0.78838817,0.86423325,-0.54111558,0.40760692,0.82815374
STATE_B,embedding_0307,14,55,1.12446421,1.06317532,1.12088753,1.099186,0.19164993,0.24752862,0.78461774
STATE_B,embedding_0308,14,55,-0.9652077,-0.99548566,-0.95768473,-0.98805021,0.36558148,0.22969852,0.78461774
STATE_B,embedding_0309,14,55,0.12656876,0.12878802,0.16073125,0.11460672,0.36293571,0.3067409,0.78788298
STATE_B,embedding_0310,14,55,0.37595589,0.41694659,0.37273211,0.3858357,-0.07937734,0.67065674,0.91811832
STATE_B,embedding_0311,14,55,-0.5004707,-0.59831697,-0.50661755,-0.60370923,0.6420954,0.11893996,0.77121956
STATE_B,embedding_0312,14,55,0.30543846,0.27201134,0.31132049,0.3012026,0.06990255,0.35880845,0.81287578
STATE_B,embedding_0313,14,55,-1.0962038,-1.08944511,-1.09398319,-1.09110863,-0.01908053,0.82871209,0.9694361
STATE_B,embedding_0314,14,55,-0.66773528,-0.69049948,-0.72210922,-0.67203427,-0.32995695,0.73708112,0.94685641
STATE_B,embedding_0315,14,55,-0.60664316,-0.47496977,-0.68361619,-0.48608477,-0.93231249,0.03739078,0.74893513
STATE_B,embedding_0316,14,55,-0.8000375,-0.7820456,-0.81549697,-0.79149416,-0.19631612,0.69254405,0.93311198
STATE_B,embedding_0317,14,55,0.01593991,0.04525863,0.07632525,0.03126046,0.34087942,0.58601876,0.89832816
STATE_B,embedding_0318,14,55,0.81140533,0.85038954,0.81518208,0.85660467,-0.33491666,0.64904541,0.91127399
STATE_B,embedding_0319,14,55,-0.27814652,-0.35651523,-0.22939619,-0.36676033,0.55986545,0.25368185,0.78461774
STATE_B,embedding_0320,14,55,-0.10413261,-0.12661125,-0.08976058,-0.06090385,-0.13647704,0.88727831,0.97626038
STATE_B,embedding_0321,14,55,0.22132617,0.20300485,0.22015798,0.15021641,0.30973991,0.52598944,0.86873095
STATE_B,embedding_0322,14,55,-0.4763073,-0.40493891,-0.45846672,-0.43306284,-0.21142576,0.18173751,0.78461774
STATE_B,embedding_0323,14,55,0.245047,0.27077261,0.23853358,0.26018655,-0.15695908,0.64904541,0.91127399
STATE_B,embedding_0324,14,55,0.61368403,0.62554842,0.58467531,0.61762071,-0.44277726,0.50670189,0.85526825
STATE_B,embedding_0325,14,55,1.64406705,1.69320261,1.65615673,1.67993818,-0.20592849,0.65981559,0.91139995
STATE_B,embedding_0326,14,55,-0.75838584,-0.79378808,-0.67672447,-0.78525928,0.60668219,0.20737385,0.78461774
STATE_B,embedding_0327,14,55,-0.50822186,-0.55962551,-0.57025947,-0.54678071,-0.09868687,0.94646688,0.99461269
STATE_B,embedding_0328,14,55,-0.15436433,-0.13960035,-0.28256458,-0.10399049,-0.75142075,0.2239633,0.78461774
STATE_B,embedding_0329,14,55,-0.18034974,-0.16797575,-0.27600842,-0.19811342,-0.50261893,0.39920987,0.82417522
STATE_B,embedding_0330,14,55,-0.10164304,-0.11226099,-0.1481976,-0.1128771,-0.24617245,0.64904541,0.91127399
STATE_B,embedding_0331,14,55,0.80968687,0.73774296,0.82105101,0.75835033,0.27278391,0.51629897,0.86012497
STATE_B,embedding_0332,14,55,0.38795176,0.26109186,0.36509764,0.27661611,0.57681464,0.11545061,0.77121956
STATE_B,embedding_0333,14,55,-0.02268554,0.05473248,-0.02679606,0.03929999,-0.39218762,0.2239633,0.78461774
STATE_B,embedding_0334,14,55,1.42385203,1.42946303,1.42844823,1.42165396,0.08027155,0.87550502,0.97165875
STATE_B,embedding_0335,14,55,-0.98780102,-0.94773567,-0.95960838,-0.97752147,0.08844121,0.58601876,0.89832816
STATE_B,embedding_0336,14,55,-0.0895397,-0.06178926,-0.08405209,-0.05285421,-0.27611559,0.42471359,0.83546426
STATE_B,embedding_0337,14,55,0.1167107,0.02452703,0.10585097,0.00573279,0.53856398,0.21280161,0.78461774
STATE_B,embedding_0338,14,55,-0.79372722,-0.83273113,-0.7924915,-0.81265301,0.13895235,0.44223265,0.83546426
STATE_B,embedding_0339,14,55,0.95877185,0.98576188,0.92698301,0.98670577,-0.44271777,0.47848289,0.84476979
STATE_B,embedding_0340,14,55,0.68920907,0.71270931,0.68917023,0.71069263,-0.29379422,0.36667612,0.81741921
STATE_B,embedding_0341,14,55,-0.81165862,-0.80243295,-0.8246658,-0.83988066,0.11516385,0.84036024,0.9694361
STATE_B,embedding_0342,14,55,-1.10810232,-1.0994705,-1.06870587,-1.08544426,0.14062961,0.84036024,0.9694361
STATE_B,embedding_0343,14,55,1.08129579,1.11277461,1.05884485,1.11747324,-0.52490353,0.39920987,0.82417522
STATE_B,embedding_0344,14,55,-0.65820369,-0.69394475,-0.60833329,-0.70595562,0.62664686,0.35104778,0.80962371
STATE_B,embedding_0345,14,55,0.6311405,0.67674112,0.59862357,0.69053486,-0.98856636,0.01410826,0.74893513
STATE_B,embedding_0346,14,55,-0.94556883,-0.99748415,-0.88405727,-0.99111696,0.6717387,0.11545061,0.77121956
STATE_B,embedding_0347,14,55,0.61157742,0.66865003,0.61662008,0.65912222,-0.28640723,0.2663058,0.78461774
STATE_B,embedding_0348,14,55,1.14475816,1.09880674,1.10664504,1.10123492,0.0370938,0.54564544,0.87852348
STATE_B,embedding_0349,14,55,-2.38322294,-2.48393631,-2.28863291,-2.51294806,0.70884691,0.14163956,0.77325204
STATE_B,embedding_0350,14,55,-0.60613024,-0.66411316,-0.53418298,-0.66993027,0.9461558,0.04803883,0.74893513
STATE_B,embedding_0351,14,55,0.15239098,0.2273393,0.14621985,0.21529584,-0.78175736,0.01470459,0.74893513
STATE_B,embedding_0352,14,55,0.51465043,0.56154162,0.4819787,0.53955704,-0.42581849,0.35104778,0.80962371
STATE_B,embedding_0353,14,55,0.61620846,0.68810582,0.6066213,0.66905095,-0.44805146,0.3067409,0.78788298
STATE_B,embedding_0354,14,55,-0.68825305,-0.7112413,-0.67118081,-0.70725676,0.24494393,0.94646688,0.99461269
STATE_B,embedding_0355,14,55,0.89285365,0.87786609,0.91945463,0.89702954,0.19362357,0.46015805,0.83546426
STATE_B,embedding_0356,14,55,0.37088761,0.39800236,0.3694262,0.3848054,-0.09791699,0.74836177,0.94685641
STATE_B,embedding_0357,14,55,-0.22062641,-0.18207748,-0.24882203,-0.185063,-0.42834821,0.15853112,0.77325204
STATE_B,embedding_0358,14,55,0.59241989,0.58704823,0.56914637,0.60679832,-0.26540572,0.64904541,0.91127399
STATE_B,embedding_0359,14,55,0.50472504,0.47224671,0.45108267,0.49584155,-0.25715911,0.78251932,0.95131678
STATE_B,embedding_0360,14,55,0.44412307,0.43379459,0.44394177,0.42430939,0.16935462,0.67065674,0.91811832
STATE_B,embedding_0361,14,55,0.32391414,0.3364535,0.30707853,0.33281731,-0.23803512,0.69254405,0.93311198
STATE_B,embedding_0362,14,55,0.86795491,0.82635152,0.8577879,0.84180599,0.21794147,0.29283332,0.78634961
STATE_B,embedding_0363,14,55,-0.34616633,-0.41096237,-0.35140776,-0.40917135,0.49373813,0.09919598,0.77121956
STATE_B,embedding_0364,14,55,0.69783098,0.76878601,0.75151396,0.73232747,0.11409501,0.99404746,1.0
STATE_B,embedding_0365,14,55,1.16604489,1.2569257,1.15783959,1.2326939,-0.49633144,0.12990526,0.77325204
STATE_B,embedding_0366,14,55,-0.33180128,-0.32212484,-0.34358822,-0.29436837,-0.35048578,0.52598944,0.86873095
STATE_B,embedding_0367,14,55,0.15205333,0.10595216,0.14087005,0.11917206,0.24630902,0.32107918,0.80839362
STATE_B,embedding_0368,14,55,0.84504563,0.89735407,0.79972309,0.88917951,-0.63236647,0.51629897,0.86012497
STATE_B,embedding_0369,14,55,-0.11709143,-0.18122645,-0.09654451,-0.19335579,0.66033846,0.03348376,0.74893513
STATE_B,embedding_0370,14,55,0.90837014,0.80132335,0.89362355,0.77690964,0.67389219,0.11893996,0.77121956
STATE_B,embedding_0371,14,55,-0.70737872,-0.6825248,-0.69538644,-0.67641601,-0.2560553,0.62772557,0.91127399
STATE_B,embedding_0372,14,55,0.88781783,1.0080111,0.8687382,0.97676026,-0.81656641,0.11545061,0.77121956
STATE_B,embedding_0373,14,55,-0.08627012,-0.11977999,-0.0594913,-0.11023627,0.41058847,0.38273116,0.82105456
STATE_B,embedding_0374,14,55,2.08707535,2.08110142,2.05619207,2.07438831,-0.25838482,0.64904541,0.91127399
STATE_B,embedding_0375,14,55,0.53311804,0.54028136,0.50291494,0.56055762,-0.42252281,0.5963245,0.91049148
STATE_B,embedding_0376,14,55,-1.76542288,-1.88746858,-1.78740522,-1.88419646,0.55361889,0.2183312,0.78461774
STATE_B,embedding_0377,14,55,-1.03523004,-0.98244154,-0.95439089,-0.97429152,0.16830508,0.49719941,0.85526825
STATE_B,embedding_0378,14,55,0.16944935,0.14708754,0.18753953,0.14281831,0.43491335,0.3067409,0.78788298
STATE_B,embedding_0379,14,55,0.04556038,0.1675664,0.08400052,0.15678661,-0.40342537,0.08755327,0.77121956
STATE_B,embedding_0380,14,55,-0.76347905,-0.7926805,-0.67902011,-0.80071219,0.80007264,0.21280161,0.78461774
STATE_B,embedding_0381,14,55,0.10203739,0.12622483,0.08954184,0.1350016,-0.32952521,0.35880845,0.81287578
STATE_B,embedding_0382,14,55,-0.58273154,-0.54603624,-0.57597977,-0.55935921,-0.16595945,0.55560826,0.88345164
STATE_B,embedding_0383,14,55,-0.77169663,-0.77721953,-0.77545119,-0.77674293,0.01342159,0.99404746,1.0
STATE_B,embedding_0384,14,55,0.87009463,0.86417973,0.72244933,0.8768132,-0.67581226,0.34339434,0.80962371
STATE_B,embedding_0385,14,55,-0.17616469,-0.1701057,-0.19461018,-0.16948751,-0.42720812,0.2793555,0.78587921
STATE_B,embedding_0386,14,55,0.31790593,0.33554372,0.29471002,0.33688458,-0.43114762,0.46927101,0.84009356
STATE_B,embedding_0387,14,55,0.70024025,0.75752342,0.67427667,0.75597306,-0.72136368,0.20204725,0.78461774
STATE_B,embedding_0388,14,55,-0.70060506,-0.72502893,-0.71714117,-0.70733235,-0.05885672,0.79400268,0.95131678
STATE_B,embedding_0389,14,55,-0.56453383,-0.55734903,-0.55685348,-0.55600807,-0.00676136,0.95835077,0.99461269
STATE_B,embedding_0390,14,55,0.34249048,0.34790173,0.33179219,0.34362437,-0.14475496,0.60671201,0.91127399
STATE_B,embedding_0391,14,55,-0.17353215,-0.1442831,-0.1965334,-0.13458712,-0.31804384,0.46927101,0.84009356
STATE_B,embedding_0392,14,55,0.33015737,0.34013879,0.33195019,0.35097076,-0.18242223,0.73708112,0.94685641
STATE_B,embedding_0393,14,55,-0.07563003,-0.11458297,-0.06590181,-0.1095976,0.47231938,0.49719941,0.85526825
STATE_B,embedding_0394,14,55,-0.50718611,-0.5515278,-0.49181935,-0.5607943,0.57337003,0.12251144,0.77121956
STATE_B,embedding_0395,14,55,-0.60969406,-0.5208565,-0.53338811,-0.52141434,-0.04867803,0.75969654,0.95131678
STATE_B,embedding_0396,14,55,0.04256078,0.04103342,0.03659335,0.03299994,0.02876711,1.0,1.0
STATE_B,embedding_0397,14,55,0.07514007,0.18252061,0.1095023,0.17588162,-0.46798912,0.07956585,0.76383216
STATE_B,embedding_0398,14,55,0.0078786,0.03751008,-0.05024713,0.02824003,-0.60457195,0.29973331,0.78788298
STATE_B,embedding_0399,14,55,0.2776903,0.27946541,0.28915043,0.29055225,-0.01168902,0.86375922,0.97165875
STATE_B,embedding_0400,14,55,-0.59578583,-0.62028956,-0.6120443,-0.62258777,0.16154644,0.40760692,0.82815374
STATE_B,embedding_0401,14,55,-0.14115925,-0.0947392,-0.13596342,-0.11469533,-0.21189015,0.36667612,0.81741921
STATE_B,embedding_0402,14,55,0.06313989,0.05073825,0.06128487,0.05151595,0.10747489,0.68156689,0.92809108
STATE_B,embedding_0403,14,55,0.7968469,0.84295595,0.78240808,0.82669685,-0.55530898,0.10871378,0.77121956
STATE_B,embedding_0404,14,55,-0.13070597,-0.14413832,-0.15180992,-0.1380216,-0.16333626,0.88727831,0.97626038
STATE_B,embedding_0405,14,55,0.35459417,0.47104862,0.43321487,0.47200011,-0.25275567,0.45114497,0.83546426
STATE_B,embedding_0406,14,55,-0.38694996,-0.40415323,-0.38652836,-0.39938075,0.11968265,0.45114497,0.83546426
STATE_B,embedding_0407,14,55,0.42977756,0.4067429,0.42829506,0.43801006,-0.0952766,0.62772557,0.91127399
STATE_B,embedding_0408,14,55,-0.20925813,-0.19528738,-0.20632588,-0.19150249,-0.19708803,0.47848289,0.84476979
STATE_B,embedding_0409,14,55,0.14241397,0.18310206,0.14000247,0.1630359,-0.19939817,0.48779272,0.84948936
STATE_B,embedding_0410,14,55,-0.82118014,-0.93280053,-0.79674457,-0.93014522,0.97033182,0.03226153,0.74893513
STATE_B,embedding_0411,14,55,0.41109368,0.4358722,0.39568918,0.4459693,-0.43274701,0.32840991,0.80839362
STATE_B,embedding_0412,14,55,-0.5402661,-0.54392737,-0.53968248,-0.54226109,0.0211673,0.99404746,1.0
STATE_B,embedding_0413,14,55,-0.35294165,-0.40972769,-0.37495334,-0.42809279,0.49021287,0.04803883,0.74893513
STATE_B,embedding_0414,14,55,-1.15683782,-1.31763637,-1.14249454,-1.29903495,0.7920221,0.0632177,0.74893513
STATE_B,embedding_0415,14,55,0.2158191,0.20085701,0.13411585,0.20594635,-0.44597243,0.57579643,0.89335689
STATE_B,embedding_0416,14,55,1.14333779,1.3009541,1.13166636,1.2707174,-0.71576095,0.12251144,0.77121956
STATE_B,embedding_0417,14,55,-0.29429512,-0.24758551,-0.15840871,-0.26329657,0.43341428,0.86375922,0.97165875
STATE_B,embedding_0418,14,55,-0.33314002,-0.38505921,-0.32273619,-0.38469961,0.56496979,0.14990393,0.77325204
STATE_B,embedding_0419,14,55,0.18568029,0.26567131,0.17316538,0.24218277,-0.54872749,0.06757726,0.74893513
STATE_B,embedding_0420,14,55,0.35822693,0.35802576,0.3214025,0.35768586,-0.29336631,0.74836177,0.94685641
STATE_B,embedding_0421,14,55,0.80856183,0.87141091,0.80899678,0.87064734,-0.49543014,0.35104778,0.80962371
STATE_B,embedding_0422,14,55,-0.66247371,-0.60259718,-0.74724406,-0.58166293,-0.820573,0.11893996,0.77121956
STATE_B,embedding_0423,14,55,-0.04258736,-0.10788183,-0.02422585,-0.11254816,0.71844116,0.1721694,0.77325204
STATE_B,embedding_0424,14,55,-0.69957128,-0.75364184,-0.68699367,-0.74253474,0.82494151,0.00808577,0.74893513
STATE_B,embedding_0425,14,55,-0.04373728,0.04399439,-0.07015853,0.04235707,-0.98390545,0.01532302,0.74893513
STATE_B,embedding_0426,14,55,-0.90901208,-0.93280876,-0.88624807,-0.92782476,0.27612646,0.53577204,0.877341
STATE_B,embedding_0427,14,55,-0.20976996,-0.2499142,-0.24501391,-0.25874026,0.176585,0.16298325,0.77325204
STATE_B,embedding_0428,14,55,-0.00689877,-0.07804361,-0.02730985,-0.07581444,0.66560274,0.10229179,0.77121956
STATE_B,embedding_0429,14,55,-0.22966612,-0.1709999,-0.25652209,-0.19748857,-0.49196439,0.05909322,0.74893513
STATE_B,embedding_0430,14,55,0.1334773,0.17476411,0.13908645,0.17508986,-0.28256685,0.64904541,0.91127399
STATE_B,embedding_0431,14,55,0.74175403,0.80351239,0.74831628,0.76082035,-0.08192676,0.78251932,0.95131678
STATE_B,embedding_0432,14,55,0.07429226,0.04818749,0.09690733,0.04082,0.60952753,0.07218121,0.74893513
STATE_B,embedding_0433,14,55,-0.23177206,-0.2719149,-0.22850111,-0.26761603,0.21852287,0.35104778,0.80962371
STATE_B,embedding_0434,14,55,-0.66946524,-0.64201343,-0.64189507,-0.64647781,0.05312217,0.74836177,0.94685641
STATE_B,embedding_0435,14,55,-0.02972374,0.02218533,-0.01302372,0.02139804,-0.3292388,0.33584833,0.80962371
STATE_B,embedding_0436,14,55,-0.62748787,-0.56585449,-0.62094548,-0.55777471,-0.5022382,0.06536752,0.74893513
STATE_B,embedding_0437,14,55,-0.38502033,-0.35104361,-0.38743214,-0.36270497,-0.28804858,0.32840991,0.80839362
STATE_B,embedding_0438,14,55,-0.13238884,-0.13646461,-0.0342932,-0.16275282,0.60325816,0.35104778,0.80962371
STATE_B,embedding_0439,14,55,-0.08691112,-0.10962927,-0.10091764,-0.11540903,0.17396034,0.63834811,0.91127399
STATE_B,embedding_0440,14,55,1.74968994,1.72485757,1.76819334,1.69367127,0.43552474,0.38273116,0.82105456
STATE_B,embedding_0441,14,55,-0.50300978,-0.42116979,-0.56439518,-0.42223104,-0.71081611,0.1457269,0.77325204
STATE_B,embedding_0442,14,55,-0.4237459,-0.38034207,-0.38050669,-0.40809687,0.14728873,0.85204345,0.9694361
STATE_B,embedding_0443,14,55,0.58535028,0.62287462,0.62093253,0.63464542,-0.09696404,0.55560826,0.88345164
STATE_B,embedding_0444,14,55,1.2397449,1.1839633,1.24521697,1.19271991,0.54402827,0.07218121,0.74893513
STATE_B,embedding_0445,14,55,0.29498085,0.31906977,0.31414579,0.33757349,-0.21572498,0.57579643,0.89335689
STATE_B,embedding_0446,14,55,-0.43363802,-0.387151,-0.3948657,-0.40094737,0.06130152,0.92273742,0.9869949
STATE_B,embedding_0447,14,55,-0.01425804,-0.09543812,-0.03575114,-0.07414567,0.31642431,0.14163956,0.77325204
STATE_B,embedding_0448,14,55,-0.2373817,-0.16380082,-0.24195028,-0.16710491,-0.65470291,0.19682109,0.78461774
STATE_B,embedding_0449,14,55,-0.46302865,-0.49986792,-0.50012529,-0.48303378,-0.13241816,1.0,1.0
STATE_B,embedding_0450,14,55,-1.61775589,-1.66336453,-1.58450251,-1.65724478,0.65522159,0.18173751,0.78461774
STATE_B,embedding_0451,14,55,1.12825519,1.17328644,1.08060052,1.17311515,-1.00164453,0.02032971,0.74893513
STATE_B,embedding_0452,14,55,1.11146897,1.12055266,1.02873166,1.11332908,-0.49063594,0.44223265,0.83546426
STATE_B,embedding_0453,14,55,0.0142847,0.03034341,0.01883669,0.02718265,-0.07943229,0.77108316,0.95131678
STATE_B,embedding_0454,14,55,-0.06699352,-0.13553914,-0.08044285,-0.13680732,0.59269328,0.0770389,0.74893513
STATE_B,embedding_0455,14,55,-0.24190858,-0.2564618,-0.30550636,-0.25395914,-0.28041934,0.63834811,0.91127399
STATE_B,embedding_0456,14,55,-0.59038451,-0.64625418,-0.57229679,-0.62777326,0.30488577,0.43342193,0.83546426
STATE_B,embedding_0457,14,55,-0.51381212,-0.45067263,-0.47662831,-0.46202575,-0.08309233,0.61717961,0.91127399
STATE_B,embedding_0458,14,55,-0.13371649,-0.12139495,-0.14162146,-0.12367273,-0.11865552,0.87550502,0.97165875
STATE_B,embedding_0459,14,55,-0.61199909,-0.61665833,-0.63842431,-0.62025325,-0.15943881,0.61717961,0.91127399
STATE_B,embedding_0460,14,55,0.82713437,0.83548236,0.81696001,0.84221726,-0.15320826,0.93459488,0.99002602
STATE_B,embedding_0461,14,55,-1.59516901,-1.50890923,-1.60766729,-1.51500385,-0.58334501,0.20737385,0.78461774
STATE_B,embedding_0462,14,55,-0.0063649,0.04945937,0.04256041,0.04904188,-0.02636824,0.79400268,0.95131678
STATE_B,embedding_0463,14,55,-0.64012542,-0.60440707,-0.60029773,-0.61641473,0.14249236,0.79400268,0.95131678
STATE_B,embedding_0464,14,55,0.51450789,0.54296768,0.50450893,0.53533977,-0.25761625,0.49719941,0.85526825
STATE_B,embedding_0465,14,55,-0.44803868,-0.41955647,-0.45282071,-0.40178829,-0.40026187,0.38273116,0.82105456
STATE_B,embedding_0466,14,55,1.39173293,1.42047954,1.38286658,1.44022957,-0.39445337,0.45114497,0.83546426
STATE_B,embedding_0467,14,55,1.02840674,1.05530453,1.02986364,1.05654698,-0.17553936,0.98214371,1.0
STATE_B,embedding_0468,14,55,0.70005727,0.73238933,0.64735191,0.74394582,-0.52995454,0.28604077,0.78634961
STATE_B,embedding_0469,14,55,-0.76363564,-0.75461406,-0.76896833,-0.79071887,0.15334537,0.62772557,0.91127399
STATE_B,embedding_0470,14,55,1.30447203,1.2970469,1.31320948,1.27254061,0.28991718,0.48779272,0.84948936
STATE_B,embedding_0471,14,55,0.24592873,0.22268927,0.26983747,0.23937689,0.21976179,0.35880845,0.81287578
STATE_B,embedding_0472,14,55,0.01172139,-0.00497298,0.01893476,-0.00625396,0.20762246,0.57579643,0.89335689
STATE_B,embedding_0473,14,55,-1.75622749,-1.76951921,-1.74670849,-1.77452659,0.1910124,0.62772557,0.91127399
STATE_B,embedding_0474,14,55,1.39609259,1.38699865,1.38093615,1.38504386,-0.0266067,0.9108971,0.98392261
STATE_B,embedding_0475,14,55,-0.06448947,-0.11737544,0.06830346,-0.14428546,0.97292801,0.01410826,0.74893513
STATE_B,embedding_0476,14,55,-1.16454756,-1.20394981,-1.11839834,-1.20170504,0.80773414,0.2183312,0.78461774
STATE_B,embedding_0477,14,55,-0.58271024,-0.62492996,-0.50757567,-0.63520925,0.84652534,0.12251144,0.77121956
STATE_B,embedding_0478,14,55,-0.61512455,-0.63199079,-0.61674128,-0.62868981,0.14316867,0.48779272,0.84948936
STATE_B,embedding_0479,14,55,-0.03990184,-0.0673979,-0.08432228,-0.03904616,-0.27143563,0.93459488,0.99002602
STATE_B,embedding_0480,14,55,-0.04422734,-0.10700397,-0.05650051,-0.11969992,0.40651566,0.24148065,0.78461774
STATE_B,embedding_0481,14,55,0.2520982,0.209424,0.28612007,0.23105201,0.37968784,0.36667612,0.81741921
STATE_B,embedding_0482,14,55,0.04273148,-0.11067454,0.06714103,-0.10251637,0.91637697,0.01596424,0.74893513
STATE_B,embedding_0483,14,55,-1.4603622,-1.4557246,-1.39724319,-1.44245684,0.42364732,0.78251932,0.95131678
STATE_B,embedding_0484,14,55,-0.0050089,0.14169092,0.0764128,0.16218946,-0.4852363,0.0632177,0.74893513
STATE_B,embedding_0485,14,55,0.49459787,0.40554884,0.50953399,0.41993962,0.6391784,0.12251144,0.77121956
STATE_B,embedding_0486,14,55,1.24018133,1.26665652,1.20251774,1.25010765,-0.29513327,0.22969852,0.78461774
STATE_B,embedding_0487,14,55,-0.84930471,-0.91066402,-0.77995762,-0.90822637,0.64845988,0.19682109,0.78461774
STATE_B,embedding_0488,14,55,-0.35877442,-0.41149083,-0.36496482,-0.40605562,0.4354356,0.09322886,0.77121956
STATE_B,embedding_0489,14,55,-1.36349857,-1.26334,-1.34014054,-1.25859174,-0.70535828,0.0360474,0.74893513
STATE_B,embedding_0490,14,55,0.50728154,0.43955374,0.48269208,0.42424993,0.53998956,0.0698481,0.74893513
STATE_B,embedding_0491,14,55,1.2244516,1.2352066,1.18483127,1.26639561,-0.40538855,0.61717961,0.91127399
STATE_B,embedding_0492,14,55,-1.69507372,-1.70182002,-1.6287967,-1.69361343,0.339769,0.95835077,0.99461269
STATE_B,embedding_0493,14,55,1.06650209,0.96954525,1.05015527,0.97096883,0.7992067,0.0064678,0.74893513
STATE_B,embedding_0494,14,55,-0.90710369,-0.89355862,-0.91834561,-0.89001099,-0.29837399,0.35104778,0.80962371
STATE_B,embedding_0495,14,55,-0.55390909,-0.55433959,-0.53327928,-0.56417821,0.29904096,0.74836177,0.94685641
STATE_B,embedding_0496,14,55,-0.6582332,-0.79526383,-0.65410489,-0.77570558,0.53598065,0.10871378,0.77121956
STATE_B,embedding_0497,14,55,0.5315561,0.59895933,0.5194572,0.59079353,-0.53369681,0.12990526,0.77325204
STATE_B,embedding_0498,14,55,0.09859774,0.11678652,0.14391343,0.08575095,0.39643742,0.50670189,0.85526825
STATE_B,embedding_0499,14,55,0.79439867,0.82554227,0.81441854,0.82740492,-0.13252233,0.31385617,0.79551663
STATE_B,embedding_0500,14,55,-0.25902741,-0.26664129,-0.25797797,-0.268831,0.09619704,0.97024393,0.99885702
STATE_B,embedding_0501,14,55,-1.24121809,-1.17250991,-1.23186391,-1.16876609,-0.58482561,0.05711626,0.74893513
STATE_B,embedding_0502,14,55,-0.2591982,-0.25229651,-0.22779144,-0.2582771,0.28666441,0.85204345,0.9694361
STATE_B,embedding_0503,14,55,-0.35988565,-0.37323272,-0.2898201,-0.36782018,0.39082605,0.74836177,0.94685641
STATE_B,embedding_0504,14,55,-0.01649558,-0.06777601,0.03990205,-0.05894994,0.63007074,0.31385617,0.79551663
STATE_B,embedding_0505,14,55,0.92936805,0.93604809,0.92853046,0.93200629,-0.0565647,0.74836177,0.94685641
STATE_B,embedding_0506,14,55,-0.54718393,-0.52070755,-0.58681712,-0.50299398,-0.72649189,0.03877653,0.74893513
STATE_B,embedding_0507,14,55,-3.52370155,-3.5089283,-3.52819909,-3.52710838,-0.0096179,0.84036024,0.9694361
STATE_B,embedding_0508,14,55,-0.58447322,-0.55012429,-0.57860251,-0.57105829,-0.0473513,0.64904541,0.91127399
STATE_B,embedding_0509,14,55,0.49923174,0.52718794,0.50473938,0.52265446,-0.1920257,0.50670189,0.85526825
STATE_B,embedding_0510,14,55,-0.4366038,-0.45360407,-0.41621231,-0.39845907,-0.12767107,0.80553087,0.95765899
STATE_B,embedding_0511,14,55,-0.41994014,-0.47845587,-0.38708016,-0.47035095,0.53785272,0.2663058,0.78461774
STATE_B,embedding_0512,14,55,0.050883,0.07854804,0.07600397,0.07645458,-0.00344606,0.86375922,0.97165875
STATE_B,embedding_0513,14,55,0.86703095,0.86829895,0.87915289,0.8649111,0.10409245,0.89907653,0.9766489
STATE_B,embedding_0514,14,55,-0.94122329,-0.92859364,-0.93500968,-0.93020471,-0.06093925,0.99404746,1.0
STATE_B,embedding_0515,14,55,-0.28263913,-0.36403984,-0.28303263,-0.35996817,0.60361986,0.1457269,0.77325204
STATE_B,embedding_0516,14,55,1.12544709,1.04163349,1.14082254,1.02590975,0.87889421,0.01470459,0.74893513
STATE_B,embedding_0517,14,55,0.24943408,0.25538269,0.26295807,0.24121869,0.16902599,0.72585684,0.94685641
STATE_B,embedding_0518,14,55,-0.69260189,-0.77125961,-0.65100585,-0.77099273,0.51622905,0.32840991,0.80839362
STATE_B,embedding_0519,14,55,-0.24388863,-0.32653299,-0.25841795,-0.31545067,0.27778232,0.45114497,0.83546426
STATE_B,embedding_0520,14,55,-0.49843282,-0.50215936,-0.49424791,-0.48318483,-0.06437073,0.89907653,0.9766489
STATE_B,embedding_0521,14,55,0.10980171,0.13620146,0.01047807,0.1575097,-0.67586343,0.11545061,0.77121956
STATE_B,embedding_0522,14,55,0.14560656,0.12518747,0.10116861,0.15398446,-0.25983563,0.85204345,0.9694361
STATE_B,embedding_0523,14,55,-0.00268383,-0.01626148,0.01704213,-0.02101059,0.36480816,0.28604077,0.78634961
STATE_B,embedding_0524,14,55,0.08122113,0.08100478,0.08087424,0.07839599,0.03029385,0.89907653,0.9766489
STATE_B,embedding_0525,14,55,1.63985592,1.61599672,1.59903284,1.60565901,-0.05525898,0.88727831,0.97626038
STATE_B,embedding_0526,14,55,0.95674908,0.98215562,0.95109235,0.97850386,-0.24770179,0.43342193,0.83546426
STATE_B,embedding_0527,14,55,0.66190976,0.61995804,0.64488605,0.63708036,0.03484507,0.79400268,0.95131678
STATE_B,embedding_0528,14,55,-0.21013176,-0.11620755,-0.25476123,-0.12161918,-0.79603973,0.11204226,0.77121956
STATE_B,embedding_0529,14,55,-0.3305006,-0.36967537,-0.3316644,-0.33929497,0.0493592,0.69254405,0.93311198
STATE_B,embedding_0530,14,55,0.43137428,0.41782889,0.42086835,0.43360617,-0.07907511,0.79400268,0.95131678
STATE_B,embedding_0531,14,55,-0.4308867,-0.39923635,-0.45329262,-0.38982388,-0.29117501,0.45114497,0.83546426
STATE_B,embedding_0532,14,55,0.0043168,0.06375539,0.03645155,0.06031335,-0.2173399,0.34339434,0.80962371
STATE_B,embedding_0533,14,55,0.89155951,0.86551726,0.89594531,0.85718305,0.29174575,0.46015805,0.83546426
STATE_B,embedding_0534,14,55,-0.61327106,-0.70034355,-0.63607706,-0.69865703,0.57941534,0.05711626,0.74893513
STATE_B,embedding_0535,14,55,-0.80747706,-0.8477087,-0.78682013,-0.83362129,0.37562385,0.42471359,0.83546426
STATE_B,embedding_0536,14,55,0.97090209,0.96061343,0.93638108,0.98327354,-0.20429589,0.98214371,1.0
STATE_B,embedding_0537,14,55,-0.58502686,-0.61384237,-0.5580134,-0.58760825,0.19795903,0.65981559,0.91139995
STATE_B,embedding_0538,14,55,-0.8943302,-0.8880443,-0.87124162,-0.87257379,0.01018638,0.87550502,0.97165875
STATE_B,embedding_0539,14,55,-1.65968639,-1.73113966,-1.63064649,-1.7212401,0.58039977,0.1721694,0.77325204
STATE_B,embedding_0540,14,55,-1.0496285,-1.06149578,-1.03885985,-1.07660065,0.41325037,0.32840991,0.80839362
STATE_B,embedding_0541,14,55,-1.55647349,-1.56512046,-1.58927614,-1.59293779,0.03184801,0.63834811,0.91127399
STATE_B,embedding_0542,14,55,-1.02591807,-1.08560872,-1.03176965,-1.08705269,0.47337198,0.2793555,0.78587921
STATE_B,embedding_0543,14,55,0.8259365,0.80859482,0.82405517,0.79595402,0.24428429,0.60671201,0.91127399
STATE_B,embedding_0544,14,55,-0.49685656,-0.48137036,-0.50581044,-0.49052094,-0.15398422,0.95835077,0.99461269
STATE_B,embedding_0545,14,55,0.74103838,0.73450047,0.66366129,0.69273914,-0.20380403,0.9108971,0.98392261
STATE_B,embedding_0546,14,55,1.60861909,1.61258805,1.61037188,1.60857843,0.01168917,0.71469113,0.94634963
STATE_B,embedding_0547,14,55,-0.46855165,-0.47699618,-0.48392276,-0.4684902,-0.11351045,0.75969654,0.95131678
STATE_B,embedding_0548,14,55,-0.99842793,-1.08582425,-0.95106627,-1.06000757,0.62539206,0.20204725,0.78461774
STATE_B,embedding_0549,14,55,0.40580264,0.46993157,0.35613529,0.45481115,-0.52035889,0.105464,0.77121956
STATE_B,embedding_0550,14,55,-0.28605518,-0.3137854,-0.1631234,-0.29937005,0.69988591,0.33584833,0.80962371
STATE_B,embedding_0551,14,55,-0.48262098,-0.53258723,-0.3843252,-0.52358846,0.82294802,0.33584833,0.80962371
STATE_B,embedding_0552,14,55,-1.02767128,-1.02502191,-0.93031836,-1.0150544,0.49124856,0.54564544,0.87852348
STATE_B,embedding_0553,14,55,0.54839236,0.55593562,0.65907365,0.5477775,0.8499887,0.28604077,0.78634961
STATE_B,embedding_0554,14,55,0.78906816,0.8363716,0.74396047,0.83444223,-0.92175883,0.02115059,0.74893513
STATE_B,embedding_0555,14,55,-0.70406184,-0.69894946,-0.68356183,-0.70548092,0.1639329,0.73708112,0.94685641
STATE_B,embedding_0556,14,55,0.22316598,0.23929906,0.11192235,0.23819537,-0.6542788,0.29973331,0.78788298
STATE_B,embedding_0557,14,55,0.41986789,0.37345424,0.43476636,0.37066044,0.427274,0.15417167,0.77325204
STATE_B,embedding_0558,14,55,0.52610546,0.63725841,0.46802547,0.63058819,-1.07166212,0.00773581,0.74893513
STATE_B,embedding_0559,14,55,0.39465214,0.40875074,0.4235389,0.39656347,0.30644378,0.65981559,0.91139995
STATE_B,embedding_0560,14,55,-0.50790849,-0.50359988,-0.50968367,-0.49529448,-0.17671862,0.62772557,0.91127399
STATE_B,embedding_0561,14,55,-0.55577987,-0.63702297,-0.55578619,-0.64463378,0.59014482,0.0698481,0.74893513
STATE_B,embedding_0562,14,55,-0.1706351,-0.14797527,-0.18836785,-0.14081395,-0.36974703,0.39920987,0.82417522
STATE_B,embedding_0563,14,55,-0.85909873,-0.82199866,-0.84568979,-0.84655967,0.00617702,0.84036024,0.9694361
STATE_B,embedding_0564,14,55,0.76345196,0.8190726,0.72730221,0.77413872,-0.34506587,0.41610837,0.83438963
STATE_B,embedding_0565,14,55,-0.20509005,-0.17104681,-0.22220799,-0.15964417,-0.41047353,0.29973331,0.78788298
STATE_B,embedding_0566,14,55,-0.29012163,-0.33203477,-0.23655203,-0.35636328,0.79245074,0.05332718,0.74893513
STATE_B,embedding_0567,14,55,-0.40872099,-0.34402236,-0.40393124,-0.34474073,-0.46278992,0.29283332,0.78634961
STATE_B,embedding_0568,14,55,-0.07924375,-0.17471032,-0.06917622,-0.1705022,0.85458028,0.03877653,0.74893513
STATE_B,embedding_0569,14,55,-0.13295618,-0.07585309,-0.15176185,-0.07909983,-0.45694935,0.50670189,0.85526825
STATE_B,embedding_0570,14,55,0.67740881,0.66052037,0.64748365,0.67428194,-0.28665454,0.67065674,0.91811832
STATE_B,embedding_0571,14,55,1.07298052,1.08789217,1.06782776,1.10287595,-0.2159782,0.46015805,0.83546426
STATE_B,embedding_0572,14,55,-0.55628404,-0.56763202,-0.55882696,-0.53698358,-0.15633172,0.86375922,0.97165875
STATE_B,embedding_0573,14,55,-1.09037018,-1.15631878,-1.06921852,-1.14652477,0.41407231,0.37465047,0.81741921
STATE_B,embedding_0574,14,55,0.30097076,0.44293907,0.30924807,0.43412765,-0.83780768,0.07457775,0.74893513
STATE_B,embedding_0575,14,55,-1.36448139,-1.37947679,-1.34812672,-1.37921694,0.27815788,0.80553087,0.95765899
STATE_B,embedding_0576,14,55,0.4180468,0.33384791,0.40891973,0.34541549,0.68794116,0.01953677,0.74893513
STATE_B,embedding_0577,14,55,0.20767476,0.20700091,0.24549837,0.2099648,0.34848629,0.73708112,0.94685641
STATE_B,embedding_0578,14,55,-0.36059484,-0.343786,-0.36096524,-0.34678732,-0.10593878,0.77108316,0.95131678
STATE_B,embedding_0579,14,55,-0.10109947,-0.09374373,-0.09245584,-0.09052433,-0.02059857,0.92273742,0.9869949
STATE_B,embedding_0580,14,55,0.28893815,0.27601653,0.34234684,0.26182239,0.60606033,0.46927101,0.84009356
STATE_B,embedding_0581,14,55,-1.04172939,-0.99538213,-1.03366977,-1.00223131,-0.39584495,0.24752862,0.78461774
STATE_B,embedding_0582,14,55,-0.65602216,-0.69231969,-0.69635434,-0.70651156,0.08128111,0.74836177,0.94685641
STATE_B,embedding_0583,14,55,-0.23743284,-0.25629103,-0.17838005,-0.25902189,0.50004657,0.43342193,0.83546426
STATE_B,embedding_0584,14,55,-0.48317505,-0.4103274,-0.51925895,-0.42711013,-0.641027,0.27277726,0.78461774
STATE_B,embedding_0585,14,55,-0.42059109,-0.48173648,-0.39517937,-0.46285151,0.46517368,0.29283332,0.78634961
STATE_B,embedding_0586,14,55,-4.51839781,-4.52855206,-4.51906742,-4.52957804,0.09064842,0.65981559,0.91139995
STATE_B,embedding_0587,14,55,0.33098133,0.2617985,0.40768667,0.24972764,0.66135575,0.18173751,0.78461774
STATE_B,embedding_0588,14,55,-0.09806199,-0.09936175,-0.1106023,-0.10598408,-0.05914095,0.64904541,0.91127399
STATE_B,embedding_0589,14,55,-0.78993696,-0.80997425,-0.79187758,-0.79022957,-0.01256253,0.84036024,0.9694361
STATE_B,embedding_0590,14,55,-0.15311632,-0.09624475,-0.13345818,-0.09309626,-0.37924468,0.1721694,0.77325204
STATE_B,embedding_0591,14,55,-0.39071579,-0.33520818,-0.40539425,-0.33938044,-0.43919222,0.1721694,0.77325204
STATE_B,embedding_0592,14,55,-0.33745423,-0.25185442,-0.32807082,-0.25317128,-0.5560359,0.1916946,0.78461774
STATE_B,embedding_0593,14,55,0.52838984,0.51574767,0.52377632,0.52466879,-0.01073583,0.68156689,0.92809108
STATE_B,embedding_0594,14,55,0.26145785,0.25762257,0.24238537,0.25468803,-0.10813104,0.79400268,0.95131678
STATE_B,embedding_0595,14,55,-0.49912134,-0.46682289,-0.46609341,-0.4879996,0.20017092,0.77108316,0.95131678
STATE_B,embedding_0596,14,55,-0.12973999,-0.23981409,-0.17240609,-0.23267381,0.35330961,0.29283332,0.78634961
STATE_B,embedding_0597,14,55,-0.03701121,-0.0012669,-0.03304367,0.00855624,-0.35791925,0.41610837,0.83438963
STATE_B,embedding_0598,14,55,0.25740039,0.1684625,0.24045876,0.16458899,0.66905672,0.07457775,0.74893513
STATE_B,embedding_0599,14,55,-0.48535624,-0.45556101,-0.44856536,-0.45898786,0.13835634,0.93459488,0.99002602
STATE_B,embedding_0600,14,55,-1.35878021,-1.36234236,-1.30971181,-1.36119053,0.53268193,0.40760692,0.82815374
STATE_B,embedding_0601,14,55,1.16738093,1.27792227,1.16677536,1.26232913,-0.75255191,0.0770389,0.74893513
STATE_B,embedding_0602,14,55,-0.93179679,-0.95362389,-0.89036806,-0.94348276,0.61401985,0.29283332,0.78634961
STATE_B,embedding_0603,14,55,0.83765388,0.8809858,0.83885072,0.86808177,-0.29700002,0.39091778,0.82417522
STATE_B,embedding_0604,14,55,0.50584424,0.43655542,0.50884257,0.46049158,0.49000799,0.09035522,0.77121956
STATE_B,embedding_0605,14,55,0.51575759,0.52102411,0.46426407,0.54327712,-0.63822969,0.23553745,0.78461774
STATE_B,embedding_0606,14,55,-2.84162104,-2.83490205,-2.80784653,-2.81783349,0.08969965,0.85204345,0.9694361
STATE_B,embedding_0607,14,55,0.5278872,0.52471656,0.54519916,0.50446732,0.22596769,0.56565909,0.8883971
STATE_B,embedding_0608,14,55,0.37013403,0.44806582,0.3688495,0.4260789,-0.55639416,0.2663058,0.78461774
STATE_B,embedding_0609,14,55,0.11073139,0.25383255,0.10325197,0.2321938,-0.7288173,0.04167925,0.74893513
STATE_B,embedding_0610,14,55,-0.25842375,-0.28543597,-0.2703489,-0.27263372,0.02247363,0.69254405,0.93311198
STATE_B,embedding_0611,14,55,0.76631036,0.70638627,0.79411761,0.70138447,0.74035495,0.02032971,0.74893513
STATE_B,embedding_0612,14,55,-0.2994695,-0.30201533,-0.28176932,-0.29101459,0.09128884,0.95835077,0.99461269
STATE_B,embedding_0613,14,55,1.02049854,0.99777615,1.11445364,1.00698279,0.55823445,0.39091778,0.82417522
STATE_B,embedding_0614,14,55,-0.09186392,-0.0831142,-0.11586264,-0.08122887,-0.53409144,0.22969852,0.78461774
STATE_B,embedding_0615,14,55,-0.27026628,-0.41845757,-0.36636149,-0.39865484,0.21116382,0.36667612,0.81741921
STATE_B,embedding_0616,14,55,2.18671131,2.29738998,2.16957178,2.2945013,-0.95311123,0.02570228,0.74893513
STATE_B,embedding_0617,14,55,-0.56402752,-0.57889783,-0.51857668,-0.56765239,0.33860747,0.44223265,0.83546426
STATE_B,embedding_0618,14,55,-1.23755091,-1.29005516,-1.23513533,-1.27014419,0.23039341,0.19682109,0.78461774
STATE_B,embedding_0619,14,55,-0.0221469,-0.00068595,-0.02786016,0.0089025,-0.36728118,0.42471359,0.83546426
STATE_B,embedding_0620,14,55,1.46983469,1.43690801,1.43411686,1.44012175,-0.04621992,1.0,1.0
STATE_B,embedding_0621,14,55,-0.3602533,-0.40105212,-0.35788817,-0.39599049,0.51970524,0.18666701,0.78461774
STATE_B,embedding_0622,14,55,0.84686184,0.86111987,0.8317211,0.83527463,-0.02518418,0.73708112,0.94685641
STATE_B,embedding_0623,14,55,1.10950035,1.09912801,1.15125659,1.08859131,0.51712958,0.2239633,0.78461774
STATE_B,embedding_0624,14,55,0.2043846,0.18477564,0.21580843,0.19517758,0.11936213,0.67065674,0.91811832
STATE_B,embedding_0625,14,55,-1.20242256,-1.22410381,-1.21798295,-1.23085615,0.12282019,0.70358616,0.93811488
STATE_B,embedding_0626,14,55,-0.54938468,-0.60477239,-0.54209211,-0.61339086,0.55031269,0.10871378,0.77121956
STATE_B,embedding_0627,14,55,0.72775313,0.72677076,0.70151017,0.72192363,-0.18152067,0.89907653,0.9766489
STATE_B,embedding_0628,14,55,0.1521183,0.13808864,0.16456179,0.15092607,0.11812301,1.0,1.0
STATE_B,embedding_0629,14,55,1.71102309,1.81111252,1.71337656,1.80228947,-0.48573245,0.11893996,0.77121956
STATE_B,embedding_0630,14,55,-0.39038436,-0.45031765,-0.38875608,-0.43938042,0.43094634,0.12990526,0.77325204
STATE_B,embedding_0631,14,55,-1.64614409,-1.74397159,-1.60336005,-1.752452,0.92386586,0.02115059,0.74893513
STATE_B,embedding_0632,14,55,-0.94001397,-0.97655457,-0.96471034,-0.96456939,-0.00100275,0.92273742,0.9869949
STATE_B,embedding_0633,14,55,-0.37737642,-0.27741426,-0.3726528,-0.26003215,-0.60017043,0.07457775,0.74893513
STATE_B,embedding_0634,14,55,-0.54257992,-0.60359812,-0.49020383,-0.57788387,0.55084665,0.56565909,0.8883971
STATE_B,embedding_0635,14,55,-0.54617584,-0.55297899,-0.51379671,-0.56211195,0.50022446,0.16298325,0.77325204
STATE_B,embedding_0636,14,55,1.00749296,1.04615867,0.97418827,1.05740837,-0.62669594,0.14163956,0.77325204
STATE_B,embedding_0637,14,55,0.0498684,0.05494165,0.00637744,0.04065265,-0.29424211,0.46927101,0.84009356
STATE_B,embedding_0638,14,55,0.08798425,0.06190176,0.07063045,0.02892321,0.29399233,0.53577204,0.877341
STATE_B,embedding_0639,14,55,0.35632084,0.32501099,0.34531562,0.31767607,0.23812417,0.53577204,0.877341
STATE_B,embedding_0640,14,55,-0.54546186,-0.56772614,-0.58702419,-0.55564183,-0.21161417,0.50670189,0.85526825
STATE_B,embedding_0641,14,55,0.60584521,0.66579366,0.60467347,0.65987891,-0.53197507,0.06112665,0.74893513
STATE_B,embedding_0642,14,55,0.31630196,0.31741342,0.33706373,0.29948538,0.28369497,0.65981559,0.91139995
STATE_B,embedding_0643,14,55,0.15090375,0.19625595,0.12263636,0.19162593,-0.78685357,0.04975039,0.74893513
STATE_B,embedding_0644,14,55,-1.31042808,-1.16224015,-1.27286453,-1.17782779,-0.59397549,0.0360474,0.74893513
STATE_B,embedding_0645,14,55,0.66454193,0.68153828,0.69699392,0.66928497,0.16145413,0.84036024,0.9694361
STATE_B,embedding_0646,14,55,0.15100071,0.16903238,0.1270598,0.17332043,-0.42482999,0.1916946,0.78461774
STATE_B,embedding_0647,14,55,0.45719832,0.44857672,0.46218114,0.44453641,0.19935798,0.73708112,0.94685641
STATE_B,embedding_0648,14,55,0.64578816,0.61471474,0.65439134,0.59699882,0.32469448,0.54564544,0.87852348
STATE_B,embedding_0649,14,55,-0.07700177,-0.11861948,-0.08984613,-0.1296358,0.2730072,0.43342193,0.83546426
STATE_B,embedding_0650,14,55,0.53061,0.49805075,0.54074661,0.50164793,0.31864544,0.41610837,0.83438963
STATE_B,embedding_0651,14,55,0.66457745,0.74501431,0.66207319,0.7425311,-0.36533783,0.2793555,0.78587921
STATE_B,embedding_0652,14,55,-0.20246279,-0.18722737,-0.20988527,-0.21085621,0.00586834,0.79400268,0.95131678
STATE_B,embedding_0653,14,55,-0.26417956,-0.22714411,-0.25715193,-0.21611244,-0.33878923,0.39920987,0.82417522
STATE_B,embedding_0654,14,55,0.59990689,0.61657023,0.59753346,0.65080483,-0.3887478,0.27277726,0.78461774
STATE_B,embedding_0655,14,55,-0.13864484,-0.15503681,-0.09624163,-0.17580958,0.47613437,0.25368185,0.78461774
STATE_B,embedding_0656,14,55,-0.42769669,-0.40767819,-0.40484686,-0.39544671,-0.06003683,0.72585684,0.94685641
STATE_B,embedding_0657,14,55,0.36079395,0.36631072,0.37317416,0.35359396,0.2192642,0.74836177,0.94685641
STATE_B,embedding_0658,14,55,0.43502551,0.54535449,0.40137631,0.52156638,-0.81296739,0.03226153,0.74893513
STATE_B,embedding_0659,14,55,-0.29091802,-0.26020214,-0.24156091,-0.2487533,0.05297409,0.70358616,0.93811488
STATE_B,embedding_0660,14,55,-0.75424233,-0.75278008,-0.73222197,-0.73164602,-0.00220352,0.97024393,0.99885702
STATE_B,embedding_0661,14,55,0.00268329,0.0497168,-0.03964286,0.06733725,-0.5596034,0.1721694,0.77325204
STATE_B,embedding_0662,14,55,-0.05806202,-0.09639272,-0.10494306,-0.08206987,-0.20185678,0.88727831,0.97626038
STATE_B,embedding_0663,14,55,4.52076507,4.53712988,4.66536662,4.55528877,0.35396806,0.81710148,0.96841657
STATE_B,embedding_0664,14,55,-0.67205352,-0.6169256,-0.6778463,-0.61136231,-0.59509541,0.04803883,0.74893513
STATE_B,embedding_0665,14,55,-0.24537657,-0.25808546,-0.30767858,-0.2323306,-0.40152711,0.39920987,0.82417522
STATE_B,embedding_0666,14,55,1.07262933,1.07755685,0.88496662,1.0527876,-0.65523062,0.55560826,0.88345164
STATE_B,embedding_0667,14,55,-0.29809359,-0.23017439,-0.33147984,-0.20970323,-0.68384254,0.09322886,0.77121956
STATE_B,embedding_0668,14,55,0.88025278,0.97249967,0.84937777,0.99722061,-0.6519714,0.1457269,0.77325204
STATE_B,embedding_0669,14,55,0.64464194,0.65811932,0.64786796,0.65369223,-0.05303909,0.61717961,0.91127399
STATE_B,embedding_0670,14,55,-0.4321264,-0.49520153,-0.41338514,-0.47893874,0.58659115,0.04167925,0.74893513
STATE_B,embedding_0671,14,55,-0.66860479,-0.77375734,-0.66374473,-0.78062651,0.96793729,0.04476386,0.74893513
STATE_B,embedding_0672,14,55,0.07407312,0.03877594,0.09519844,0.04277954,0.44056688,0.3067409,0.78788298
STATE_B,embedding_0673,14,55,1.7601248,1.7419914,1.60816001,1.70642701,-0.38264761,0.85204345,0.9694361
STATE_B,embedding_0674,14,55,0.56169954,0.59782606,0.5558359,0.57643699,-0.16127271,0.46927101,0.84009356
STATE_B,embedding_0675,14,55,0.09769547,0.15423127,0.06368884,0.13944519,-0.58834077,0.29973331,0.78788298
STATE_B,embedding_0676,14,55,0.13306532,0.09940035,0.10914999,0.11188809,-0.02113639,0.70358616,0.93811488
STATE_B,embedding_0677,14,55,-0.02594647,-0.0222079,-0.01811528,-0.00176956,-0.12078177,0.57579643,0.89335689
STATE_B,embedding_0678,14,55,0.45419517,0.49802223,0.39472337,0.48454164,-0.72953412,0.18666701,0.78461774
STATE_B,embedding_0679,14,55,1.5839622,1.58896244,1.52965807,1.57738273,-0.24088163,0.64904541,0.91127399
STATE_B,embedding_0680,14,55,0.65033641,0.66515815,0.63977286,0.66076499,-0.20289083,0.64904541,0.91127399
STATE_B,embedding_0681,14,55,0.29093297,0.23862293,0.32577347,0.25494263,0.42063128,0.68156689,0.92809108
STATE_B,embedding_0682,14,55,-0.29422493,-0.26156527,-0.32034538,-0.25714503,-0.54260537,0.18666701,0.78461774
STATE_B,embedding_0683,14,55,-1.90746766,-1.92507935,-1.91437215,-1.92401998,0.06492499,0.89907653,0.9766489
STATE_B,embedding_0684,14,55,-0.19561365,-0.31544936,-0.22087647,-0.29383453,0.52902119,0.09919598,0.77121956
STATE_B,embedding_0685,14,55,0.09356323,0.03047635,0.05982102,0.02978297,0.23778743,0.27277726,0.78461774
STATE_B,embedding_0686,14,55,-0.28181159,-0.26783559,-0.31903489,-0.2697678,-0.23733683,0.94646688,0.99461269
STATE_B,embedding_0687,14,55,0.01350298,-0.06492629,0.02203533,-0.05431265,0.82463672,0.03877653,0.74893513
STATE_B,embedding_0688,14,55,0.69161221,0.68051785,0.6595105,0.67771791,-0.22103974,0.79400268,0.95131678
STATE_B,embedding_0689,14,55,0.19284294,0.16609889,0.16093759,0.17716735,-0.12175446,0.85204345,0.9694361
STATE_B,embedding_0690,14,55,-0.00743182,0.10137346,-0.02491639,0.09157581,-0.71444782,0.105464,0.77121956
STATE_B,embedding_0691,14,55,-1.65170562,-1.74543619,-1.66382188,-1.77531299,0.73603009,0.0770389,0.74893513
STATE_B,embedding_0692,14,55,2.00794876,2.01634979,2.00444024,1.99514108,0.07211418,0.93459488,0.99002602
STATE_B,embedding_0693,14,55,0.12370357,0.08521352,0.16701152,0.07846282,0.5091802,0.33584833,0.80962371
STATE_B,embedding_0694,14,55,-1.14036053,-1.17513621,-1.1428472,-1.17963026,0.58700065,0.16298325,0.77325204
STATE_B,embedding_0695,14,55,-1.11095911,-1.12389064,-1.09829565,-1.14922581,0.43279112,0.51629897,0.86012497
STATE_B,embedding_0696,14,55,-0.35056962,-0.31314859,-0.33831135,-0.31236671,-0.25583976,0.32840991,0.80839362
STATE_B,embedding_0697,14,55,0.1444483,0.12152962,0.14350282,0.13581053,0.06736868,0.78251932,0.95131678
STATE_B,embedding_0698,14,55,-1.31500888,-1.24285817,-1.25503351,-1.23282298,-0.18339151,0.29283332,0.78634961
STATE_B,embedding_0699,14,55,0.01489048,-0.02750291,0.03515934,-0.02167557,0.42824718,0.23553745,0.78461774
STATE_B,embedding_0700,14,55,-0.46292305,-0.4770866,-0.44249807,-0.48617487,0.64925858,0.18666701,0.78461774
STATE_B,embedding_0701,14,55,-0.37183328,-0.30713427,-0.37112035,-0.31579349,-0.35020775,0.2239633,0.78461774
STATE_B,embedding_0702,14,55,-0.72140732,-0.80576408,-0.7167885,-0.79544791,0.51630298,0.12251144,0.77121956
STATE_B,embedding_0703,14,55,0.0437455,0.05828605,0.04293916,0.04442666,-0.01631644,0.80553087,0.95765899
STATE_B,embedding_0704,14,55,-1.23451173,-1.27837634,-1.2353696,-1.26312018,0.33127199,0.29283332,0.78634961
STATE_B,embedding_0705,14,55,-0.01647008,0.01264032,-0.02984315,0.00625444,-0.35211645,0.24752862,0.78461774
STATE_B,embedding_0706,14,55,-0.60309881,-0.66273266,-0.62027477,-0.66071572,0.45139317,0.14990393,0.77325204
STATE_B,embedding_0707,14,55,1.20851213,1.24608064,1.18844424,1.25456256,-0.62831731,0.07457775,0.74893513
STATE_B,embedding_0708,14,55,0.26330718,0.42682454,0.318188,0.38610437,-0.33917594,0.18666701,0.78461774
STATE_B,embedding_0709,14,55,0.58493173,0.5508759,0.60100398,0.56528126,0.20277006,0.65981559,0.91139995
STATE_B,embedding_0710,14,55,-0.60579291,-0.66752696,-0.60430597,-0.66601065,0.46022903,0.39920987,0.82417522
STATE_B,embedding_0711,14,55,1.46742135,1.46511996,1.4325626,1.47093644,-0.28151751,0.45114497,0.83546426
STATE_B,embedding_0712,14,55,-0.72753632,-0.71524745,-0.75393602,-0.70924516,-0.46955817,0.35880845,0.81287578
STATE_B,embedding_0713,14,55,-1.03956255,-0.96405333,-1.05803326,-0.9689155,-0.5673068,0.16298325,0.77325204
STATE_B,embedding_0714,14,55,-0.10395269,-0.11377544,-0.08444658,-0.10531957,0.15411901,0.73708112,0.94685641
STATE_B,embedding_0715,14,55,-0.48118694,-0.48444149,-0.46347458,-0.4774679,0.11606267,0.92273742,0.9869949
STATE_B,embedding_0716,14,55,0.08188629,0.08611671,0.1128605,0.08735962,0.19827572,0.78251932,0.95131678
STATE_B,embedding_0717,14,55,-0.1385374,-0.13299891,-0.14750403,-0.14109026,-0.09752706,0.98214371,1.0
STATE_B,embedding_0718,14,55,0.97100115,0.99418241,1.00671818,0.99567805,0.10424854,0.82871209,0.9694361
STATE_B,embedding_0719,14,55,0.21779482,0.1658942,0.20070384,0.16485865,0.29578229,0.37465047,0.81741921
STATE_B,embedding_0720,14,55,0.35065509,0.38660011,0.3304446,0.35572995,-0.20170058,0.50670189,0.85526825
STATE_B,embedding_0721,14,55,0.27918246,0.33811647,0.25056458,0.32112658,-0.51660255,0.25994078,0.78461774
STATE_B,embedding_0722,14,55,-0.07571836,-0.08058438,-0.1026898,-0.09421515,-0.09283176,0.87550502,0.97165875
STATE_B,embedding_0723,14,55,-0.42612265,-0.37398908,-0.43937624,-0.37061432,-0.77945086,0.02287933,0.74893513
STATE_B,embedding_0724,14,55,-0.5952324,-0.67123979,-0.60754218,-0.66926825,0.48982604,0.14163956,0.77325204
STATE_B,embedding_0725,14,55,-1.01799089,-1.02111566,-1.02462011,-1.01833578,-0.071318,0.80553087,0.95765899
STATE_B,embedding_0726,14,55,-0.56491184,-0.57206327,-0.57699435,-0.56740962,-0.07284842,0.88727831,0.97626038
STATE_B,embedding_0727,14,55,1.02696374,1.06744611,1.02881346,1.05845285,-0.19400235,0.35880845,0.81287578
STATE_B,embedding_0728,14,55,0.04641987,-0.01621637,0.04223041,-0.0200577,0.56618999,0.11893996,0.77121956
STATE_B,embedding_0729,14,55,1.34972769,1.34517276,1.3042198,1.35167671,-0.45551117,0.95835077,0.99461269
STATE_B,embedding_0730,14,55,-0.48649772,-0.4068464,-0.45464776,-0.4069173,-0.47629121,0.13764088,0.77325204
STATE_B,embedding_0731,14,55,0.11078049,0.14209083,0.0311038,0.13777966,-0.57148885,0.3067409,0.78788298
STATE_B,embedding_0732,14,55,-0.29153904,-0.32188338,-0.24397095,-0.33374193,0.88663185,0.0698481,0.74893513
STATE_B,embedding_0733,14,55,-1.12338465,-1.1586051,-1.10836543,-1.15454399,0.45514248,0.27277726,0.78461774
STATE_B,embedding_0734,14,55,-0.16602482,-0.09008782,-0.13278569,-0.10399845,-0.23694678,0.29283332,0.78634961
STATE_B,embedding_0735,14,55,-0.74131447,-0.68285364,-0.76272384,-0.68832562,-0.43528653,0.45114497,0.83546426
STATE_B,embedding_0736,14,55,-0.53882167,-0.52150428,-0.56467407,-0.51142359,-0.29683971,0.78251932,0.95131678
STATE_B,embedding_0737,14,55,0.6079264,0.57427543,0.56388777,0.59192884,-0.14615301,0.95835077,0.99461269
STATE_B,embedding_0738,14,55,0.06118002,0.07043054,0.06628824,0.07577997,-0.07254126,0.77108316,0.95131678
STATE_B,embedding_0739,14,55,-0.93425253,-1.00741065,-0.8490244,-1.00462817,0.76656298,0.09322886,0.77121956
STATE_B,embedding_0740,14,55,-0.26008005,-0.26650405,-0.25323546,-0.25872837,0.0584907,0.84036024,0.9694361
STATE_B,embedding_0741,14,55,0.88164192,0.79868096,0.91602205,0.79007416,0.74279967,0.02882161,0.74893513
STATE_B,embedding_0742,14,55,-0.7207182,-0.66213638,-0.71325139,-0.64851652,-0.6096852,0.05519462,0.74893513
STATE_B,embedding_0743,14,55,-0.79782069,-0.79920322,-0.7654705,-0.773377,0.0673507,0.84036024,0.9694361
STATE_B,embedding_0744,14,55,0.71378005,0.69752121,0.59117412,0.70095073,-0.57856871,0.43342193,0.83546426
STATE_B,embedding_0745,14,55,-0.04447527,-0.0761331,-0.07403583,-0.06881933,-0.05645284,0.99404746,1.0
STATE_B,embedding_0746,14,55,0.05199272,0.07097758,0.00541467,0.05715888,-0.33877445,0.48779272,0.84948936
STATE_B,embedding_0747,14,55,1.50395805,1.44909978,1.5041934,1.46028224,0.36999365,0.24148065,0.78461774
STATE_B,embedding_0748,14,55,0.79356474,0.80576313,0.77412214,0.79604728,-0.18012061,0.74836177,0.94685641
STATE_B,embedding_0749,14,55,0.64681765,0.71655214,0.65714472,0.71683129,-0.33264734,0.2239633,0.78461774
STATE_B,embedding_0750,14,55,-0.08175953,0.03929687,-0.13128067,-0.00225492,-0.7341046,0.09919598,0.77121956
STATE_B,embedding_0751,14,55,0.543598,0.58106762,0.50578456,0.56825965,-0.44469617,0.44223265,0.83546426
STATE_B,embedding_0752,14,55,1.20082647,1.18399835,1.2103612,1.1877735,0.23778256,0.41610837,0.83438963
STATE_B,embedding_0753,14,55,0.29573628,0.25751296,0.3480998,0.25804758,0.66260519,0.16298325,0.77325204
STATE_B,embedding_0754,14,55,-0.35901125,-0.28425553,-0.34162607,-0.29518732,-0.45296846,0.25368185,0.78461774
STATE_B,embedding_0755,14,55,-0.03901726,-0.06655416,-0.03859039,-0.0685706,0.26906208,0.44223265,0.83546426
STATE_B,embedding_0756,14,55,0.48454584,0.50729477,0.44909476,0.51964724,-0.61208095,0.2793555,0.78587921
STATE_B,embedding_0757,14,55,0.50186154,0.42741242,0.51601525,0.39780592,0.60163748,0.20204725,0.78461774
STATE_B,embedding_0758,14,55,0.0492497,0.06568578,0.03278805,0.09099815,-0.37602614,0.60671201,0.91127399
STATE_B,embedding_0759,14,55,0.65690169,0.64369386,0.67219194,0.65081093,0.25069538,0.43342193,0.83546426
STATE_B,embedding_0760,14,55,-0.04240591,-0.08974657,-0.01638569,-0.04501024,0.12205058,0.47848289,0.84476979
STATE_B,embedding_0761,14,55,0.79554018,0.78332633,0.76267992,0.77915906,-0.20533159,0.82871209,0.9694361
STATE_B,embedding_0762,14,55,-0.38426545,-0.40217644,-0.35660724,-0.38112804,0.2291386,0.33584833,0.80962371
STATE_B,embedding_0763,14,55,0.1508211,0.17311347,0.08927742,0.2019537,-0.61613981,0.1721694,0.77325204
STATE_B,embedding_0764,14,55,-0.25602518,-0.26735619,-0.2659026,-0.25819622,-0.06244824,0.84036024,0.9694361
STATE_B,embedding_0765,14,55,2.22217131,2.2474761,2.24987338,2.23841901,0.06191889,0.73708112,0.94685641
STATE_B,embedding_0766,14,55,-1.02762151,-1.05304635,-0.95648653,-1.05070635,0.86255316,0.0698481,0.74893513
STATE_B,embedding_0767,14,55,-1.17162144,-1.20433593,-1.12151137,-1.19691633,0.73317483,0.07457775,0.74893513
STATE_C,embedding_0000,14,55,-0.44203596,-0.48223674,-0.46584362,-0.46817032,0.02466772,0.87550502,0.95781746
STATE_C,embedding_0001,14,55,0.96311355,0.88951474,0.92540278,0.85769158,0.32146959,0.2793555,0.7840097
STATE_C,embedding_0002,14,55,0.87274927,0.87447733,0.8636251,0.87608399,-0.15668657,0.69254405,0.89843552
STATE_C,embedding_0003,14,55,-0.68395096,-0.72849804,-0.66744361,-0.73287042,0.42548261,0.12251144,0.70945098
STATE_C,embedding_0004,14,55,0.63393658,0.58903927,0.61386262,0.56744684,0.44072497,0.11893996,0.70945098
STATE_C,embedding_0005,14,55,-0.43044165,-0.40080693,-0.43057036,-0.38158198,-0.34940318,0.35104778,0.7840097
STATE_C,embedding_0006,14,55,1.24304312,1.16046548,1.23443674,1.16392562,0.52768964,0.03739078,0.70945098
STATE_C,embedding_0007,14,55,0.38575035,0.42819592,0.38685737,0.42385403,-0.37175689,0.20737385,0.7840097
STATE_C,embedding_0008,14,55,-0.71970388,-0.65866327,-0.70529948,-0.67077579,-0.24270363,0.29973331,0.7840097
STATE_C,embedding_0009,14,55,0.96307397,0.99972242,0.96970004,0.97186357,-0.02170061,0.62772557,0.89111504
STATE_C,embedding_0010,14,55,-0.21800857,-0.17697653,-0.22561893,-0.16973774,-0.37963159,0.08215977,0.70945098
STATE_C,embedding_0011,14,55,0.44274652,0.41733372,0.45508065,0.41108765,0.3480256,0.3067409,0.7840097
STATE_C,embedding_0012,14,55,-0.51806793,-0.52277797,-0.46266703,-0.50829933,0.29475479,0.29973331,0.7840097
STATE_C,embedding_0013,14,55,-0.49892004,-0.49382851,-0.50619305,-0.48396351,-0.15935876,0.57579643,0.89092701
STATE_C,embedding_0014,14,55,1.52594167,1.48938203,1.46487645,1.46690981,-0.00890209,0.82871209,0.9401047
STATE_C,embedding_0015,14,55,-0.51815057,-0.44925919,-0.50729919,-0.45757992,-0.38148902,0.15417167,0.72197465
STATE_C,embedding_0016,14,55,-0.51634121,-0.44766286,-0.47928311,-0.44592687,-0.18059465,0.37465047,0.7840097
STATE_C,embedding_0017,14,55,0.95886973,0.94778764,0.93075492,0.94047378,-0.10292369,0.97024393,0.99088742
STATE_C,embedding_0018,14,55,0.39929771,0.43299243,0.42939156,0.43549271,-0.05786993,0.73708112,0.91519401
STATE_C,embedding_0019,14,55,0.85610756,0.85169864,0.86772555,0.84824963,0.18067759,0.69254405,0.89843552
STATE_C,embedding_0020,14,55,0.78121626,0.77689159,0.8181834,0.7946297,0.1948125,0.67065674,0.89843552
STATE_C,embedding_0021,14,55,-0.80558515,-0.78965122,-0.7425073,-0.78981666,0.36529025,0.29283332,0.7840097
STATE_C,embedding_0022,14,55,0.02429997,-0.06575722,0.01863219,-0.05217424,0.30607898,0.32107918,0.7840097
STATE_C,embedding_0023,14,55,1.70482969,1.70362282,1.70147341,1.67048373,0.31490328,0.36667612,0.7840097
STATE_C,embedding_0024,14,55,-0.85543874,-0.85472208,-0.83390775,-0.85464414,0.25149774,0.51629897,0.86955616
STATE_C,embedding_0025,14,55,0.21452248,0.2005893,0.18468674,0.21246505,-0.23804419,0.74836177,0.91519401
STATE_C,embedding_0026,14,55,1.00067303,0.99675429,1.02080489,0.99526197,0.32560452,0.24752862,0.7840097
STATE_C,embedding_0027,14,55,-3.74397123,-3.82115507,-3.8032334,-3.86985165,0.21137173,0.47848289,0.84283225
STATE_C,embedding_0028,14,55,0.09575783,0.14569148,0.1066507,0.13923039,-0.2946806,0.51629897,0.86955616
STATE_C,embedding_0029,14,55,-0.48961528,-0.46489897,-0.48750577,-0.44448011,-0.38284557,0.25368185,0.7840097
STATE_C,embedding_0030,14,55,1.20456427,1.1599319,1.20387127,1.17022039,0.26976667,0.34339434,0.7840097
STATE_C,embedding_0031,14,55,0.88721162,0.81716096,0.87536529,0.81473774,0.4377029,0.0632177,0.70945098
STATE_C,embedding_0032,14,55,1.2232579,1.2321229,1.22260119,1.20121182,0.15174132,0.87550502,0.95781746
STATE_C,embedding_0033,14,55,0.41231178,0.38327229,0.41093989,0.37303886,0.3856199,0.22969852,0.7840097
STATE_C,embedding_0034,14,55,-1.48714834,-1.53770638,-1.52916774,-1.5054588,-0.12917743,0.85204345,0.95389121
STATE_C,embedding_0035,14,55,4.51162934,4.52708054,4.51204603,4.56740931,-0.31423928,0.34339434,0.7840097
STATE_C,embedding_0036,14,55,0.4256465,0.49377236,0.45441361,0.51077015,-0.35446714,0.25368185,0.7840097
STATE_C,embedding_0037,14,55,-0.48482858,-0.42688251,-0.47155783,-0.41026774,-0.46932332,0.10871378,0.70945098
STATE_C,embedding_0038,14,55,-0.33881697,-0.25340334,-0.34314841,-0.2261158,-0.54066647,0.05332718,0.70945098
STATE_C,embedding_0039,14,55,-0.28410429,-0.2825906,-0.27689038,-0.28649464,0.10333481,0.95835077,0.98926531
STATE_C,embedding_0040,14,55,-0.1002682,-0.08608676,-0.08107709,-0.0970159,0.12079069,0.98214371,0.99248206
STATE_C,embedding_0041,14,55,1.18402576,1.13440788,1.18534653,1.14724333,0.27257334,0.1337298,0.70945098
STATE_C,embedding_0042,14,55,0.6256552,0.68920946,0.67583872,0.7177241,-0.1677775,0.57579643,0.89092701
STATE_C,embedding_0043,14,55,0.18047158,0.20907564,0.13454181,0.20831202,-0.49452599,0.1721694,0.72651703
STATE_C,embedding_0044,14,55,0.00210519,0.014617,-0.01242191,0.00770115,-0.1513021,0.77108316,0.92241724
STATE_C,embedding_0045,14,55,-0.66104871,-0.69666755,-0.66674713,-0.66024692,-0.05650665,0.85204345,0.95389121
STATE_C,embedding_0046,14,55,-0.08056826,-0.06482231,-0.08217819,-0.08757049,0.05155654,0.97024393,0.99088742
STATE_C,embedding_0047,14,55,0.3633353,0.40506038,0.36709527,0.41812251,-0.45743424,0.10229179,0.70945098
STATE_C,embedding_0048,14,55,-0.08931337,-0.11040443,-0.0820678,-0.08898811,0.0514249,0.63834811,0.89298971
STATE_C,embedding_0049,14,55,-0.19837631,-0.23906997,-0.19893987,-0.21717004,0.11182413,0.42471359,0.81341655
STATE_C,embedding_0050,14,55,0.0880658,0.08262337,0.12250351,0.09351246,0.25733161,0.47848289,0.84283225
STATE_C,embedding_0051,14,55,-1.05127329,-1.00515747,-1.04062338,-0.97816023,-0.37620959,0.25994078,0.7840097
STATE_C,embedding_0052,14,55,-0.20739967,-0.22291191,-0.18115769,-0.21977954,0.35064118,0.41610837,0.81341655
STATE_C,embedding_0053,14,55,-0.881542,-0.85663813,-0.85837268,-0.83660922,-0.18069472,0.77108316,0.92241724
STATE_C,embedding_0054,14,55,0.07982513,0.14020321,0.06851471,0.12737346,-0.42618012,0.22969852,0.7840097
STATE_C,embedding_0055,14,55,-0.40908642,-0.34309384,-0.37011492,-0.35702319,-0.11794479,0.60671201,0.89092701
STATE_C,embedding_0056,14,55,-0.44214961,-0.41192752,-0.44249907,-0.3960375,-0.29971433,0.32840991,0.7840097
STATE_C,embedding_0057,14,55,0.14074203,0.09631579,0.15398568,0.11345591,0.25762849,0.42471359,0.81341655
STATE_C,embedding_0058,14,55,-0.88949794,-0.89399785,-0.86838735,-0.87909366,0.07677144,0.71469113,0.90874634
STATE_C,embedding_0059,14,55,1.30055511,1.25435758,1.32631399,1.21373166,0.41044617,0.13764088,0.70945098
STATE_C,embedding_0060,14,55,1.01892728,1.03538775,1.01094636,1.03531664,-0.18630295,0.63834811,0.89298971
STATE_C,embedding_0061,14,55,-0.52679397,-0.60535675,-0.56445543,-0.59690859,0.2026761,0.1916946,0.76280545
STATE_C,embedding_0062,14,55,-0.08445122,-0.10052573,-0.06604354,-0.09969531,0.18122252,0.42471359,0.81341655
STATE_C,embedding_0063,14,55,0.24185736,0.24473986,0.25479252,0.24872599,0.05744273,0.74836177,0.91519401
STATE_C,embedding_0064,14,55,-1.73084283,-1.72794759,-1.73593491,-1.71325282,-0.17160442,0.62772557,0.89111504
STATE_C,embedding_0065,14,55,-0.6427781,-0.64723647,-0.64104048,-0.62302527,-0.11545138,0.74836177,0.91519401
STATE_C,embedding_0066,14,55,-0.02347805,0.00267842,-0.01537246,-0.00076444,-0.1225957,0.42471359,0.81341655
STATE_C,embedding_0067,14,55,1.11325592,1.17555225,1.1616415,1.18013926,-0.11353895,0.33584833,0.7840097
STATE_C,embedding_0068,14,55,0.67028698,0.68841076,0.65188715,0.67070844,-0.13970699,0.74836177,0.91519401
STATE_C,embedding_0069,14,55,0.22513688,0.19686651,0.21498464,0.20476742,0.1112804,0.55560826,0.88897322
STATE_C,embedding_0070,14,55,-0.82501203,-0.80208999,-0.86644759,-0.77121811,-0.53103404,0.06536752,0.70945098
STATE_C,embedding_0071,14,55,1.38540584,1.51965535,1.44726072,1.50611498,-0.32145213,0.2239633,0.7840097
STATE_C,embedding_0072,14,55,-3.85526776,-3.85311222,-3.84259496,-3.84784997,0.03338116,0.58601876,0.89092701
STATE_C,embedding_0073,14,55,-0.27035838,-0.27429,-0.28155013,-0.26649087,-0.08821771,0.74836177,0.91519401
STATE_C,embedding_0074,14,55,-0.06860849,-0.07841125,-0.07181469,-0.03803946,-0.18407748,0.69254405,0.89843552
STATE_C,embedding_0075,14,55,0.00936466,-0.0323722,-0.0468991,-0.00614157,-0.19211408,0.54564544,0.88595285
STATE_C,embedding_0076,14,55,-0.72659972,-0.64630914,-0.7105082,-0.66056799,-0.35913084,0.04803883,0.70945098
STATE_C,embedding_0077,14,55,0.88702706,0.87602335,0.90191556,0.8345974,0.34532515,0.41610837,0.81341655
STATE_C,embedding_0078,14,55,0.05942812,-0.00164918,0.04339761,-0.06310686,0.44454051,0.21280161,0.7840097
STATE_C,embedding_0079,14,55,-0.51232706,-0.49553758,-0.48193835,-0.50040333,0.14100378,0.97024393,0.99088742
STATE_C,embedding_0080,14,55,1.09441245,1.02954495,1.10719424,1.03140103,0.55553989,0.11204226,0.70945098
STATE_C,embedding_0081,14,55,0.44701095,0.46441287,0.46596599,0.4498065,0.18406191,0.80553087,0.93451315
STATE_C,embedding_0082,14,55,0.54365343,0.57289881,0.46079722,0.52471761,-0.26325786,0.29973331,0.7840097
STATE_C,embedding_0083,14,55,-0.30887052,-0.33574444,-0.30001067,-0.32760986,0.27194216,0.35880845,0.7840097
STATE_C,embedding_0084,14,55,0.26087722,0.29233858,0.27384813,0.30207108,-0.1977123,0.46927101,0.84205639
STATE_C,embedding_0085,14,55,-1.08108366,-1.05002356,-1.09428017,-1.05076966,-0.35841939,0.1721694,0.72651703
STATE_C,embedding_0086,14,55,-0.38245273,-0.51628125,-0.34051007,-0.48947973,0.68130029,0.00882849,0.59022272
STATE_C,embedding_0087,14,55,-0.53863773,-0.55227476,-0.55113348,-0.56564277,0.11389038,0.67065674,0.89843552
STATE_C,embedding_0088,14,55,0.18115814,0.19601637,0.17402605,0.20500415,-0.21501442,0.41610837,0.81341655
STATE_C,embedding_0089,14,55,-0.98177785,-0.9925741,-1.0006642,-1.00164625,0.00818624,0.95835077,0.98926531
STATE_C,embedding_0090,14,55,0.26227673,0.14791453,0.23312073,0.14853253,0.45820878,0.12990526,0.70945098
STATE_C,embedding_0091,14,55,-0.4998924,-0.41665626,-0.50507744,-0.42986014,-0.44249508,0.05519462,0.70945098
STATE_C,embedding_0092,14,55,0.08073423,0.09008263,0.06286534,0.07892921,-0.11462256,0.54564544,0.88595285
STATE_C,embedding_0093,14,55,-1.02621484,-1.00397432,-1.09779249,-1.0402046,-0.27203149,0.23553745,0.7840097
STATE_C,embedding_0094,14,55,0.68034896,0.75374711,0.66771753,0.73477453,-0.53920124,0.07956585,0.70945098
STATE_C,embedding_0095,14,55,-0.98461717,-0.96595615,-0.98821501,-0.96243857,-0.26293612,0.35880845,0.7840097
STATE_C,embedding_0096,14,55,0.7176739,0.72584206,0.75827773,0.73542206,0.18354229,0.75969654,0.91881408
STATE_C,embedding_0097,14,55,0.16783838,0.13129397,0.1544612,0.15282987,0.01662442,0.54564544,0.88595285
STATE_C,embedding_0098,14,55,0.19288146,0.20280018,0.17819478,0.18771519,-0.06747269,0.45114497,0.8308857
STATE_C,embedding_0099,14,55,-2.66963196,-2.60603285,-2.63921133,-2.60777589,-0.27727346,0.35880845,0.7840097
STATE_C,embedding_0100,14,55,-0.60328409,-0.62885052,-0.59465083,-0.61574205,0.16422396,0.46927101,0.84205639
STATE_C,embedding_0101,14,55,0.37695578,0.32465672,0.3657249,0.3142824,0.54576563,0.01877097,0.70945098
STATE_C,embedding_0102,14,55,1.82433486,1.7606107,1.83099331,1.75617081,0.34992644,0.2663058,0.7840097
STATE_C,embedding_0103,14,55,0.28040566,0.27957472,0.25086232,0.26778098,-0.0924413,0.71469113,0.90874634
STATE_C,embedding_0104,14,55,-0.7828635,-0.73270845,-0.74848986,-0.72604019,-0.07843725,0.58601876,0.89092701
STATE_C,embedding_0105,14,55,-1.06449002,-1.08084536,-1.07446243,-1.07785218,0.04466028,0.87550502,0.95781746
STATE_C,embedding_0106,14,55,-0.92222199,-0.79307032,-0.91256735,-0.82841872,-0.51166022,0.02472953,0.70945098
STATE_C,embedding_0107,14,55,0.38035879,0.3577891,0.35650653,0.35288576,0.0334071,0.81710148,0.93801784
STATE_C,embedding_0108,14,55,-0.28197016,-0.32782942,-0.28176502,-0.33364513,0.35739616,0.1457269,0.71742474
STATE_C,embedding_0109,14,55,-0.80071658,-0.78263474,-0.78536651,-0.76143188,-0.15490831,0.98214371,0.99248206
STATE_C,embedding_0110,14,55,0.0410693,0.02454835,0.04235405,0.0175878,0.26501836,0.48779272,0.85142002
STATE_C,embedding_0111,14,55,-0.567996,-0.57649195,-0.58140599,-0.56220408,-0.16588354,0.54564544,0.88595285
STATE_C,embedding_0112,14,55,0.92070022,0.93691617,0.9385553,0.93898287,-0.003261,0.88727831,0.96656701
STATE_C,embedding_0113,14,55,-1.84482187,-1.83327579,-1.86414379,-1.82391091,-0.22067732,0.61717961,0.89096605
STATE_C,embedding_0114,14,55,-0.39576778,-0.448062,-0.39383748,-0.42302371,0.27355275,0.15417167,0.72197465
STATE_C,embedding_0115,14,55,-1.0282619,-1.0084542,-1.03094404,-0.99871724,-0.22773885,0.39920987,0.80259995
STATE_C,embedding_0116,14,55,-0.21514694,-0.18102892,-0.18314449,-0.18508219,0.01629542,0.99404746,0.99664288
STATE_C,embedding_0117,14,55,-0.18913051,-0.10685699,-0.16356281,-0.12002176,-0.26534637,0.1721694,0.72651703
STATE_C,embedding_0118,14,55,-0.48064582,-0.40963888,-0.46019274,-0.40595246,-0.35725133,0.10229179,0.70945098
STATE_C,embedding_0119,14,55,-0.05356716,-0.03641867,-0.05285884,-0.0530928,0.00335254,0.71469113,0.90874634
STATE_C,embedding_0120,14,55,1.19073892,1.24599171,1.23863425,1.22509886,0.09593953,0.97024393,0.99088742
STATE_C,embedding_0121,14,55,-0.36459222,-0.3324461,-0.35452204,-0.30070283,-0.4162403,0.13764088,0.70945098
STATE_C,embedding_0122,14,55,-0.35085936,-0.32090732,-0.33008412,-0.30360335,-0.18870709,0.49719941,0.8609448
STATE_C,embedding_0123,14,55,-0.5294829,-0.58498341,-0.55544836,-0.5993794,0.32106632,0.37465047,0.7840097
STATE_C,embedding_0124,14,55,0.13004562,0.07947829,0.15159841,0.09603474,0.3209523,0.1337298,0.70945098
STATE_C,embedding_0125,14,55,1.2762695,1.13872743,1.24128886,1.11502822,0.46168347,0.12990526,0.70945098
STATE_C,embedding_0126,14,55,0.16912213,0.10245585,0.08862612,0.08458274,0.02316696,0.55560826,0.88897322
STATE_C,embedding_0127,14,55,-0.3529679,-0.3925513,-0.37888444,-0.37869166,-0.00202697,0.89907653,0.96843026
STATE_C,embedding_0128,14,55,0.221686,0.24982643,0.18603212,0.23277127,-0.37760306,0.10229179,0.70945098
STATE_C,embedding_0129,14,55,-0.77350485,-0.79474884,-0.77998551,-0.75015178,-0.15415009,0.75969654,0.91881408
STATE_C,embedding_0130,14,55,0.6181486,0.74888414,0.67632434,0.75803803,-0.48004182,0.09919598,0.70945098
STATE_C,embedding_0131,14,55,0.4365961,0.47865239,0.43828052,0.48590291,-0.34889149,0.33584833,0.7840097
STATE_C,embedding_0132,14,55,0.7042838,0.62908345,0.67425883,0.63198048,0.3276287,0.37465047,0.7840097
STATE_C,embedding_0133,14,55,-0.13336837,-0.12753455,-0.11877794,-0.12695927,0.07547954,0.94646688,0.98360834
STATE_C,embedding_0134,14,55,9.45662212,9.44773769,9.45778602,9.51026826,-0.18913801,0.64904541,0.89652316
STATE_C,embedding_0135,14,55,-0.20731791,-0.2201702,-0.22046924,-0.24437005,0.12467061,0.69254405,0.89843552
STATE_C,embedding_0136,14,55,-0.07280849,0.0423033,-0.02437372,0.04012654,-0.42494044,0.0632177,0.70945098
STATE_C,embedding_0137,14,55,-0.46249925,-0.52675056,-0.45578205,-0.53163955,0.51472866,0.14163956,0.71742474
STATE_C,embedding_0138,14,55,2.33507991,2.44852448,2.35648218,2.41557136,-0.38061071,0.12616617,0.70945098
STATE_C,embedding_0139,14,55,0.35016362,0.38285175,0.3606322,0.38035748,-0.14378459,0.70358616,0.90511586
STATE_C,embedding_0140,14,55,-1.02311671,-0.97456622,-1.03499259,-0.97327417,-0.35165095,0.12990526,0.70945098
STATE_C,embedding_0141,14,55,0.9493764,0.87147582,0.92579713,0.8397432,0.3110519,0.13764088,0.70945098
STATE_C,embedding_0142,14,55,-1.67265308,-1.73468816,-1.68265604,-1.74435206,0.32911564,0.35104778,0.7840097
STATE_C,embedding_0143,14,55,0.30147672,0.33698601,0.2975554,0.30963664,-0.09498773,0.35880845,0.7840097
STATE_C,embedding_0144,14,55,0.54106575,0.48527998,0.50392501,0.48598467,0.11863358,0.56565909,0.89092701
STATE_C,embedding_0145,14,55,-1.97982574,-1.94557405,-1.9749919,-1.93145437,-0.30202335,0.29283332,0.7840097
STATE_C,embedding_0146,14,55,0.42597292,0.37081558,0.42784204,0.35558441,0.56660629,0.11204226,0.70945098
STATE_C,embedding_0147,14,55,-0.31527342,-0.36480901,-0.30859952,-0.34724549,0.25767055,0.35880845,0.7840097
STATE_C,embedding_0148,14,55,-1.44766247,-1.41593421,-1.43618633,-1.4140198,-0.15504381,0.46927101,0.84205639
STATE_C,embedding_0149,14,55,-0.7206102,-0.68593889,-0.72857052,-0.64678233,-0.31436149,0.32840991,0.7840097
STATE_C,embedding_0150,14,55,0.86031836,0.83864743,0.85096467,0.80336186,0.26857424,0.3067409,0.7840097
STATE_C,embedding_0151,14,55,-0.76402393,-0.7074005,-0.75086602,-0.70641895,-0.56388886,0.04167925,0.70945098
STATE_C,embedding_0152,14,55,0.01485136,-0.038332,0.01259064,-0.02802814,0.33230652,0.27277726,0.7840097
STATE_C,embedding_0153,14,55,0.32087137,0.21224885,0.31095271,0.22700989,0.36349123,0.28604077,0.7840097
STATE_C,embedding_0154,14,55,1.30690926,1.22698021,1.28387803,1.20464728,0.55046821,0.08482185,0.70945098
STATE_C,embedding_0155,14,55,0.63509795,0.58568406,0.60323954,0.56853265,0.2040834,0.50670189,0.8609448
STATE_C,embedding_0156,14,55,-0.67188969,-0.71609712,-0.62999659,-0.72645323,0.41697053,0.1457269,0.71742474
STATE_C,embedding_0157,14,55,-1.53538221,-1.52110541,-1.55456551,-1.54132261,-0.06342646,0.51629897,0.86955616
STATE_C,embedding_0158,14,55,0.33951707,0.31467119,0.33483511,0.30946657,0.2891171,0.16752904,0.72651703
STATE_C,embedding_0159,14,55,2.12618148,2.16701794,2.12332804,2.16106081,-0.29704316,0.22969852,0.7840097
STATE_C,embedding_0160,14,55,0.59501481,0.58846349,0.61832198,0.58954218,0.24374389,0.46015805,0.83943321
STATE_C,embedding_0161,14,55,1.48934859,1.44318593,1.48624136,1.41445317,0.49581109,0.12616617,0.70945098
STATE_C,embedding_0162,14,55,0.76964432,0.73573321,0.77866847,0.69998517,0.51837985,0.11893996,0.70945098
STATE_C,embedding_0163,14,55,0.36767222,0.35068488,0.3231469,0.32543929,-0.01378372,0.97024393,0.99088742
STATE_C,embedding_0164,14,55,1.47288716,1.43884218,1.46914231,1.44789523,0.11066134,0.55560826,0.88897322
STATE_C,embedding_0165,14,55,0.80609733,0.79263532,0.79020506,0.79896979,-0.0794459,0.85204345,0.95389121
STATE_C,embedding_0166,14,55,-0.65048712,-0.6386534,-0.66174339,-0.64052721,-0.16198666,0.69254405,0.89843552
STATE_C,embedding_0167,14,55,0.35017866,0.3528055,0.34624338,0.35638162,-0.1187725,0.80553087,0.93451315
STATE_C,embedding_0168,14,55,-0.20250625,-0.26519254,-0.19967465,-0.25213841,0.47032067,0.07457775,0.70945098
STATE_C,embedding_0169,14,55,-0.21200959,-0.2442593,-0.17923108,-0.25786101,0.53468269,0.105464,0.70945098
STATE_C,embedding_0170,14,55,1.43892288,1.4031111,1.44145023,1.37547479,0.45444747,0.16752904,0.72651703
STATE_C,embedding_0171,14,55,0.37618217,0.31023934,0.36066851,0.27471983,0.50867549,0.10229179,0.70945098
STATE_C,embedding_0172,14,55,-0.18209586,-0.25363016,-0.1871671,-0.21700559,0.15671399,0.74836177,0.91519401
STATE_C,embedding_0173,14,55,0.0594382,0.06989186,0.03612996,0.06071079,-0.19853892,0.28604077,0.7840097
STATE_C,embedding_0174,14,55,-0.81762558,-0.76526248,-0.83850553,-0.75406548,-0.34527704,0.32107918,0.7840097
STATE_C,embedding_0175,14,55,0.19547597,0.30893892,0.2007577,0.28621482,-0.47687649,0.05711626,0.70945098
STATE_C,embedding_0176,14,55,0.51822904,0.47515935,0.51187258,0.48178572,0.36312025,0.21280161,0.7840097
STATE_C,embedding_0177,14,55,1.25684381,1.24864495,1.28135659,1.21534924,0.37744536,0.35880845,0.7840097
STATE_C,embedding_0178,14,55,-1.01133943,-0.98163074,-0.97356726,-0.9888457,0.11950487,0.93459488,0.97922083
STATE_C,embedding_0179,14,55,1.10858506,1.02396381,1.08635833,0.98766367,0.39463757,0.29283332,0.7840097
STATE_C,embedding_0180,14,55,-0.41002905,-0.46132463,-0.4094595,-0.46996392,0.38705973,0.25368185,0.7840097
STATE_C,embedding_0181,14,55,-0.22898543,-0.16862217,-0.23768147,-0.17813578,-0.71817129,0.00707634,0.59022272
STATE_C,embedding_0182,14,55,-0.06999653,-0.12594792,-0.05909176,-0.10262428,0.28797308,0.31385617,0.7840097
STATE_C,embedding_0183,14,55,0.77897024,0.69582343,0.77570242,0.69249853,0.6359572,0.02774743,0.70945098
STATE_C,embedding_0184,14,55,2.63960814,2.58453751,2.59381952,2.55197779,0.22098312,0.32107918,0.7840097
STATE_C,embedding_0185,14,55,0.7333152,0.68567395,0.73933815,0.68052374,0.36894423,0.19682109,0.77517229
STATE_C,embedding_0186,14,55,-0.96733519,-1.02434075,-0.99890595,-1.01721416,0.10031684,0.53577204,0.88595285
STATE_C,embedding_0187,14,55,0.59874809,0.60118377,0.58243875,0.59388692,-0.09911212,0.60671201,0.89092701
STATE_C,embedding_0188,14,55,0.06477656,0.09689394,0.0856855,0.10864734,-0.14291379,0.60671201,0.89092701
STATE_C,embedding_0189,14,55,1.0366168,1.06633973,1.04282167,1.06296804,-0.16716085,0.56565909,0.89092701
STATE_C,embedding_0190,14,55,1.23002195,1.22781801,1.20943633,1.22303105,-0.06677327,0.9108971,0.97297493
STATE_C,embedding_0191,14,55,0.10131789,0.13788712,0.10130492,0.1142704,-0.09132481,0.53577204,0.88595285
STATE_C,embedding_0192,14,55,0.17187265,0.13097282,0.14864793,0.1296428,0.21042777,0.07218121,0.70945098
STATE_C,embedding_0193,14,55,0.39356062,0.37733611,0.39107,0.39091756,0.00103708,0.74836177,0.91519401
STATE_C,embedding_0194,14,55,-0.05868215,-0.10313469,-0.03442244,-0.10678105,0.59782311,0.0698481,0.70945098
STATE_C,embedding_0195,14,55,0.11242148,-0.02658087,0.08386145,-0.00953108,0.56804066,0.07218121,0.70945098
STATE_C,embedding_0196,14,55,-0.7274642,-0.71237153,-0.72505674,-0.68339725,-0.2174069,0.78251932,0.92315643
STATE_C,embedding_0197,14,55,-0.09482696,-0.10473076,-0.09459477,-0.10453072,0.07838199,0.87550502,0.95781746
STATE_C,embedding_0198,14,55,-0.67917249,-0.67337185,-0.67745924,-0.66938999,-0.0841927,0.80553087,0.93451315
STATE_C,embedding_0199,14,55,-0.95012423,-0.9384861,-0.93871179,-0.97128661,0.29239846,0.50670189,0.8609448
STATE_C,embedding_0200,14,55,0.13971881,0.12120786,0.16133341,0.12606352,0.28160279,0.36667612,0.7840097
STATE_C,embedding_0201,14,55,-1.67956436,-1.67575765,-1.66852215,-1.65364346,-0.16153757,0.68156689,0.89843552
STATE_C,embedding_0202,14,55,0.54427308,0.56443518,0.52243182,0.57432026,-0.56176415,0.12251144,0.70945098
STATE_C,embedding_0203,14,55,-0.06009851,-0.06072669,-0.07195095,-0.06414089,-0.11019393,0.75969654,0.91881408
STATE_C,embedding_0204,14,55,0.24933708,0.27123892,0.25757045,0.26707854,-0.11886571,0.48779272,0.85142002
STATE_C,embedding_0205,14,55,0.1890095,0.18210118,0.15852417,0.18842965,-0.23660889,0.62772557,0.89111504
STATE_C,embedding_0206,14,55,-0.47421154,-0.58941805,-0.48354945,-0.57128191,0.87470346,0.00206186,0.39587712
STATE_C,embedding_0207,14,55,-1.00514495,-0.96913248,-1.0214147,-0.95936031,-0.41120037,0.10871378,0.70945098
STATE_C,embedding_0208,14,55,-1.28052938,-1.30793858,-1.2747078,-1.29259286,0.12365756,0.40760692,0.8130964
STATE_C,embedding_0209,14,55,-0.2089585,-0.2557565,-0.20484253,-0.24378502,0.37818403,0.18666701,0.75851991
STATE_C,embedding_0210,14,55,8.1263485,8.2559967,8.09081255,8.26911991,-0.37683068,0.21280161,0.7840097
STATE_C,embedding_0211,14,55,-0.62065035,-0.60982347,-0.57490967,-0.59486347,0.13434075,0.45114497,0.8308857
STATE_C,embedding_0212,14,55,-0.52501857,-0.50958121,-0.51395738,-0.49857728,-0.18802909,0.3067409,0.7840097
STATE_C,embedding_0213,14,55,0.24428618,0.28411353,0.23835329,0.28338815,-0.51331218,0.12616617,0.70945098
STATE_C,embedding_0214,14,55,-0.48172939,-0.50970542,-0.49299182,-0.50332676,0.12147507,0.60671201,0.89092701
STATE_C,embedding_0215,14,55,-0.18334148,-0.23228705,-0.18698059,-0.21822763,0.35412059,0.09919598,0.70945098
STATE_C,embedding_0216,14,55,-0.84116635,-0.84542114,-0.85426505,-0.8347377,-0.22711037,0.64904541,0.89652316
STATE_C,embedding_0217,14,55,-0.85128355,-0.83955979,-0.85565502,-0.83754651,-0.28268469,0.36667612,0.7840097
STATE_C,embedding_0218,14,55,0.33245587,0.30116636,0.33500116,0.30889448,0.27562354,0.33584833,0.7840097
STATE_C,embedding_0219,14,55,-2.79876328,-2.81260991,-2.77752135,-2.77950514,0.01725459,0.75969654,0.91881408
STATE_C,embedding_0220,14,55,-0.72644252,-0.68108207,-0.74323512,-0.65652194,-0.44035876,0.08482185,0.70945098
STATE_C,embedding_0221,14,55,0.35034879,0.30861485,0.33995642,0.32790775,0.13144304,0.37465047,0.7840097
STATE_C,embedding_0222,14,55,-0.35791956,-0.38271737,-0.36444288,-0.39300722,0.30776904,0.35880845,0.7840097
STATE_C,embedding_0223,14,55,-0.2376707,-0.20581314,-0.22982338,-0.21240821,-0.17215862,0.38273116,0.79228445
STATE_C,embedding_0224,14,55,-0.03664435,-0.01880564,-0.04115111,-0.01998518,-0.26555484,0.44223265,0.82837726
STATE_C,embedding_0225,14,55,0.17129073,0.15718742,0.1640915,0.17218033,-0.0783451,0.92273742,0.97611892
STATE_C,embedding_0226,14,55,-0.51306844,-0.44681939,-0.47704794,-0.42979432,-0.36063458,0.0698481,0.70945098
STATE_C,embedding_0227,14,55,-0.16496241,-0.16588952,-0.14637971,-0.17133007,0.18307113,0.57579643,0.89092701
STATE_C,embedding_0228,14,55,-1.35029519,-1.44892144,-1.36543575,-1.488371,0.4582417,0.09617539,0.70945098
STATE_C,embedding_0229,14,55,0.20310842,0.20138063,0.18199513,0.20181714,-0.11677487,0.52598944,0.88008691
STATE_C,embedding_0230,14,55,1.38446373,1.30256701,1.36844028,1.30495912,0.38453049,0.03877653,0.70945098
STATE_C,embedding_0231,14,55,-0.29862161,-0.28046647,-0.31266983,-0.2761612,-0.40142505,0.2793555,0.7840097
STATE_C,embedding_0232,14,55,-0.11345002,-0.13104096,-0.10186197,-0.12490209,0.18366118,0.55560826,0.88897322
STATE_C,embedding_0233,14,55,0.22830644,0.17780805,0.24380135,0.15789026,0.48138593,0.04975039,0.70945098
STATE_C,embedding_0234,14,55,-0.09394752,-0.13868405,-0.09692732,-0.13958811,0.35391799,0.29973331,0.7840097
STATE_C,embedding_0235,14,55,0.08754076,0.09141607,0.04696245,0.07461367,-0.18137172,0.67065674,0.89843552
STATE_C,embedding_0236,14,55,-1.03396201,-1.01285839,-1.01811029,-1.01588906,-0.02001019,0.81710148,0.93801784
STATE_C,embedding_0237,14,55,1.09756333,1.05984962,1.07069056,1.02322975,0.31582578,0.44223265,0.82837726
STATE_C,embedding_0238,14,55,-0.77084181,-0.74388194,-0.78679257,-0.75035742,-0.48405991,0.15417167,0.72197465
STATE_C,embedding_0239,14,55,-0.86593959,-0.85279357,-0.8792646,-0.86032003,-0.13909978,0.78251932,0.92315643
STATE_C,embedding_0240,14,55,-0.11751009,-0.07901434,-0.13971066,-0.10800316,-0.20419828,0.25994078,0.7840097
STATE_C,embedding_0241,14,55,-1.53194422,-1.51560068,-1.52480297,-1.51168034,-0.1812444,0.56565909,0.89092701
STATE_C,embedding_0242,14,55,0.64069733,0.61140907,0.6514252,0.60964384,0.40870695,0.21280161,0.7840097
STATE_C,embedding_0243,14,55,-0.75075093,-0.743779,-0.74194411,-0.74287968,0.01332245,0.97024393,0.99088742
STATE_C,embedding_0244,14,55,0.40468305,0.37871557,0.41253172,0.3915326,0.13802465,0.67065674,0.89843552
STATE_C,embedding_0245,14,55,0.1604141,0.24919274,0.14947185,0.24437969,-0.48564046,0.03107772,0.70945098
STATE_C,embedding_0246,14,55,-0.3702596,-0.36401993,-0.36238441,-0.33911514,-0.16194367,0.82871209,0.9401047
STATE_C,embedding_0247,14,55,0.71680319,0.71757805,0.71750621,0.74602972,-0.28382829,0.50670189,0.8609448
STATE_C,embedding_0248,14,55,-0.37481941,-0.40958631,-0.4286548,-0.40685764,-0.12181441,0.75969654,0.91881408
STATE_C,embedding_0249,14,55,-0.52588773,-0.55332869,-0.56670095,-0.52660454,-0.28011083,0.60671201,0.89092701
STATE_C,embedding_0250,14,55,0.25046919,0.26317987,0.24376884,0.25818278,-0.17389889,0.37465047,0.7840097
STATE_C,embedding_0251,14,55,-1.00583205,-1.01254952,-1.01102011,-1.00008715,-0.08972514,0.72585684,0.91519401
STATE_C,embedding_0252,14,55,-1.1572209,-1.15914869,-1.18119052,-1.13250618,-0.2636236,0.86375922,0.95781746
STATE_C,embedding_0253,14,55,-1.19188207,-1.15958762,-1.19292747,-1.14647825,-0.32632747,0.1337298,0.70945098
STATE_C,embedding_0254,14,55,0.78163806,0.67983204,0.7444727,0.66726824,0.59932652,0.00491431,0.53917001
STATE_C,embedding_0255,14,55,0.36612733,0.34680781,0.35442557,0.3611644,-0.04842224,0.95835077,0.98926531
STATE_C,embedding_0256,14,55,1.12418437,1.13118112,1.1025604,1.14106815,-0.22936455,0.67065674,0.89843552
STATE_C,embedding_0257,14,55,0.35942265,0.30273947,0.33532589,0.30999955,0.21261277,0.50670189,0.8609448
STATE_C,embedding_0258,14,55,0.19350309,0.17457116,0.19894411,0.19457044,0.03649893,0.69254405,0.89843552
STATE_C,embedding_0259,14,55,-0.40606926,-0.40856481,-0.37674014,-0.39413169,0.12176783,0.64904541,0.89652316
STATE_C,embedding_0260,14,55,0.75814897,0.70745933,0.75679893,0.72793281,0.17920174,0.37465047,0.7840097
STATE_C,embedding_0261,14,55,1.11134201,1.17222953,1.1278735,1.17213288,-0.2828038,0.09919598,0.70945098
STATE_C,embedding_0262,14,55,-0.39121106,-0.39850739,-0.40136984,-0.38760325,-0.08953686,0.88727831,0.96656701
STATE_C,embedding_0263,14,55,0.67447335,0.6391198,0.67461145,0.67969528,-0.02424971,0.80553087,0.93451315
STATE_C,embedding_0264,14,55,-0.90106168,-0.86503607,-0.87326967,-0.85864645,-0.08792333,0.67065674,0.89843552
STATE_C,embedding_0265,14,55,0.55053797,0.59367037,0.54904627,0.60734004,-0.36212545,0.28604077,0.7840097
STATE_C,embedding_0266,14,55,2.8388325,2.85962439,2.84180832,2.842527,-0.00378039,0.78251932,0.92315643
STATE_C,embedding_0267,14,55,1.23056799,1.22812307,1.23114003,1.23300341,-0.01934032,0.98214371,0.99248206
STATE_C,embedding_0268,14,55,0.8879219,0.84606469,0.90675828,0.85583433,0.34827357,0.28604077,0.7840097
STATE_C,embedding_0269,14,55,1.05840987,1.01028109,1.05884121,1.02579871,0.17838227,0.45114497,0.8308857
STATE_C,embedding_0270,14,55,0.14688205,0.11349728,0.16014994,0.12747614,0.19064199,0.36667612,0.7840097
STATE_C,embedding_0271,14,55,0.5468623,0.48985237,0.54537787,0.53530243,0.04853985,0.70358616,0.90511586
STATE_C,embedding_0272,14,55,0.17153931,0.14459071,0.14448597,0.13042742,0.0829954,0.62772557,0.89111504
STATE_C,embedding_0273,14,55,-0.77653331,-0.81954509,-0.78520449,-0.79705643,0.07904716,0.5963245,0.89092701
STATE_C,embedding_0274,14,55,0.57119927,0.59124702,0.56308058,0.62111297,-0.39371721,0.25994078,0.7840097
STATE_C,embedding_0275,14,55,-0.07157601,-0.11035204,-0.08787699,-0.11097499,0.16933092,0.35104778,0.7840097
STATE_C,embedding_0276,14,55,-0.08429688,0.08620993,-0.05922466,0.07327251,-0.65628464,0.03226153,0.70945098
STATE_C,embedding_0277,14,55,0.93342286,0.98997003,0.96313297,1.00342942,-0.26039882,0.25994078,0.7840097
STATE_C,embedding_0278,14,55,-0.674979,-0.67066973,-0.68416817,-0.6494459,-0.24589573,0.46015805,0.83943321
STATE_C,embedding_0279,14,55,-0.07452768,0.0275429,-0.05516692,0.01518722,-0.49865161,0.04637701,0.70945098
STATE_C,embedding_0280,14,55,0.38211417,0.39177686,0.40285565,0.39133582,0.0699118,0.99404746,0.99664288
STATE_C,embedding_0281,14,55,0.41421451,0.49294263,0.43734399,0.47577978,-0.26126195,0.42471359,0.81341655
STATE_C,embedding_0282,14,55,0.73654801,0.73048186,0.75086055,0.67933995,0.29351364,0.61717961,0.89096605
STATE_C,embedding_0283,14,55,0.21219895,0.27337223,0.21398796,0.26680676,-0.44471093,0.12251144,0.70945098
STATE_C,embedding_0284,14,55,-1.04937923,-0.97196043,-1.05821655,-0.96211227,-0.55392572,0.05151281,0.70945098
STATE_C,embedding_0285,14,55,0.11534184,0.03524219,0.10220304,0.04347877,0.36348921,0.15417167,0.72197465
STATE_C,embedding_0286,14,55,0.74351066,0.77575773,0.76560591,0.80181129,-0.29456303,0.20737385,0.7840097
STATE_C,embedding_0287,14,55,0.12405238,0.09055359,0.11603053,0.09075661,0.3019858,0.33584833,0.7840097
STATE_C,embedding_0288,14,55,-0.60142323,-0.64849669,-0.63338968,-0.62169383,-0.11773069,0.84036024,0.95051055
STATE_C,embedding_0289,14,55,-4.4666729,-4.52846193,-4.46825504,-4.53722011,0.3893063,0.20737385,0.7840097
STATE_C,embedding_0290,14,55,-2.06982732,-1.95538998,-2.11533492,-1.98591713,-0.49529275,0.07457775,0.70945098
STATE_C,embedding_0291,14,55,-0.24428982,-0.24188308,-0.2547305,-0.2334242,-0.18936102,0.62772557,0.89111504
STATE_C,embedding_0292,14,55,-0.80800292,-0.82023335,-0.84729685,-0.79748592,-0.41816461,0.31385617,0.7840097
STATE_C,embedding_0293,14,55,0.42055669,0.35614711,0.4163279,0.37177295,0.44143171,0.05151281,0.70945098
STATE_C,embedding_0294,14,55,0.89957556,0.8603093,0.88993442,0.85320644,0.28417639,0.39091778,0.79847036
STATE_C,embedding_0295,14,55,0.07335303,0.07742893,0.06554945,0.08818127,-0.16227975,0.67065674,0.89843552
STATE_C,embedding_0296,14,55,1.00139183,0.93277186,0.98756907,0.94705519,0.24148301,0.31385617,0.7840097
STATE_C,embedding_0297,14,55,0.41026334,0.35471418,0.39611245,0.36555489,0.28190061,0.08215977,0.70945098
STATE_C,embedding_0298,14,55,-0.83364311,-0.83124465,-0.87774977,-0.79890067,-0.36720549,0.34339434,0.7840097
STATE_C,embedding_0299,14,55,-4.10372496,-4.13347149,-4.16140492,-4.11502127,-0.19659224,0.62772557,0.89111504
STATE_C,embedding_0300,14,55,0.39309363,0.34959048,0.38437714,0.36029762,0.1922762,0.32107918,0.7840097
STATE_C,embedding_0301,14,55,0.70607549,0.687433,0.69713213,0.69132075,0.0508498,0.71469113,0.90874634
STATE_C,embedding_0302,14,55,-0.31685264,-0.36380118,-0.31543159,-0.35647936,0.30435156,0.61717961,0.89096605
STATE_C,embedding_0303,14,55,0.4355329,0.3797639,0.43485183,0.3932873,0.42175474,0.13764088,0.70945098
STATE_C,embedding_0304,14,55,-0.03111585,0.01500379,-0.03135645,0.0216871,-0.34221049,0.24148065,0.7840097
STATE_C,embedding_0305,14,55,0.28404476,0.21553989,0.27832306,0.20462772,0.82597697,0.00137169,0.39587712
STATE_C,embedding_0306,14,55,0.85400221,0.86893052,0.86395949,0.84499692,0.13229758,0.93459488,0.97922083
STATE_C,embedding_0307,14,55,1.19828212,1.06317532,1.16569037,1.08778164,0.71449758,0.01662893,0.70945098
STATE_C,embedding_0308,14,55,-1.02844042,-0.97559875,-1.01736298,-0.97285938,-0.54277554,0.0698481,0.70945098
STATE_C,embedding_0309,14,55,0.07619957,0.15237463,0.08763322,0.13321349,-0.35856075,0.1916946,0.76280545
STATE_C,embedding_0310,14,55,0.3965394,0.40798602,0.36114802,0.38878437,-0.16771589,0.57579643,0.89092701
STATE_C,embedding_0311,14,55,-0.63156179,-0.57233143,-0.63871809,-0.57008364,-0.44629807,0.17690527,0.73439593
STATE_C,embedding_0312,14,55,0.37826088,0.26999101,0.36581739,0.28733066,0.55579814,0.03739078,0.70945098
STATE_C,embedding_0313,14,55,-1.08924282,-1.08944511,-1.09990516,-1.08960122,-0.06841928,0.89907653,0.96843026
STATE_C,embedding_0314,14,55,-0.6768738,-0.68162614,-0.66896984,-0.68556065,0.10844934,0.81710148,0.93801784
STATE_C,embedding_0315,14,55,-0.44691324,-0.49621859,-0.45079063,-0.54534946,0.42330514,0.29283332,0.7840097
STATE_C,embedding_0316,14,55,-0.80286291,-0.78070903,-0.81604237,-0.79135533,-0.20194982,0.45114497,0.8308857
STATE_C,embedding_0317,14,55,0.08382554,0.02908678,0.02818352,0.04351472,-0.11498859,0.94646688,0.98360834
STATE_C,embedding_0318,14,55,0.84356388,0.84129864,0.86376998,0.84423685,0.15679759,0.93459488,0.97922083
STATE_C,embedding_0319,14,55,-0.3818403,-0.33574361,-0.38401104,-0.32740382,-0.22587535,0.31385617,0.7840097
STATE_C,embedding_0320,14,55,-0.05084088,-0.12661125,-0.02607734,-0.07711413,0.24217769,0.32840991,0.7840097
STATE_C,embedding_0321,14,55,0.14217822,0.23157617,0.11057569,0.17811009,-0.2989181,0.08215977,0.70945098
STATE_C,embedding_0322,14,55,-0.45255379,-0.43846852,-0.45944297,-0.43281434,-0.22170036,0.48779272,0.85142002
STATE_C,embedding_0323,14,55,0.26623641,0.27077261,0.2366644,0.26066234,-0.17403901,0.63834811,0.89298971
STATE_C,embedding_0324,14,55,0.6595073,0.6126169,0.65768532,0.59903635,0.81771697,0.0064678,0.59022272
STATE_C,embedding_0325,14,55,1.64807302,1.69712305,1.67812892,1.67434526,0.03265133,0.87550502,0.95781746
STATE_C,embedding_0326,14,55,-0.80730289,-0.78665817,-0.82563327,-0.74735523,-0.43125756,0.2663058,0.7840097
STATE_C,embedding_0327,14,55,-0.51694301,-0.57000297,-0.49304915,-0.56643424,0.31067267,0.35104778,0.7840097
STATE_C,embedding_0328,14,55,-0.138504,-0.14701806,-0.05615927,-0.16162093,0.43077631,0.09322886,0.70945098
STATE_C,embedding_0329,14,55,-0.16587305,-0.16797575,-0.18120333,-0.22224563,0.26089093,0.67065674,0.89843552
STATE_C,embedding_0330,14,55,-0.06382745,-0.11395298,-0.09211842,-0.1271518,0.2441514,0.2183312,0.7840097
STATE_C,embedding_0331,14,55,0.73291892,0.73774296,0.71048577,0.78649421,-0.33164665,0.46927101,0.84205639
STATE_C,embedding_0332,14,55,0.23121373,0.30607089,0.2550278,0.30463389,-0.31740976,0.24148065,0.7840097
STATE_C,embedding_0333,14,55,0.07328417,7.799e-05,0.07437247,0.013548,0.36020225,0.0698481,0.70945098
STATE_C,embedding_0334,14,55,1.38434964,1.44038236,1.39278149,1.43073276,-0.45582642,0.04975039,0.70945098
STATE_C,embedding_0335,14,55,-0.98331675,-0.92911726,-0.99970063,-0.96731617,-0.16012654,0.46927101,0.84205639
STATE_C,embedding_0336,14,55,-0.07414166,-0.06912804,-0.06180864,-0.05851618,-0.0289586,0.79400268,0.9309833
STATE_C,embedding_0337,14,55,-0.02926141,0.06772388,-0.0486012,0.04504789,-0.50224997,0.04020568,0.70945098
STATE_C,embedding_0338,14,55,-0.80161676,-0.82158589,-0.81930367,-0.80582809,-0.09279064,0.86375922,0.95781746
STATE_C,embedding_0339,14,55,0.98258555,0.97231925,1.00078519,0.96791976,0.2409016,0.61717961,0.89096605
STATE_C,embedding_0340,14,55,0.70354691,0.70986456,0.68937993,0.71063925,-0.29015248,0.56565909,0.89092701
STATE_C,embedding_0341,14,55,-0.79568383,-0.80441129,-0.8222494,-0.84049574,0.13817662,0.42471359,0.81341655
STATE_C,embedding_0342,14,55,-1.16407156,-1.07451105,-1.1305058,-1.06971337,-0.52132936,0.07218121,0.70945098
STATE_C,embedding_0343,14,55,1.13449842,1.1084038,1.13706887,1.09756168,0.34936115,0.35104778,0.7840097
STATE_C,embedding_0344,14,55,-0.73590282,-0.6801855,-0.74097537,-0.67219218,-0.43442956,0.09919598,0.70945098
STATE_C,embedding_0345,14,55,0.67776194,0.67089635,0.70270365,0.66404174,0.39049845,0.29973331,0.7840097
STATE_C,embedding_0346,14,55,-1.01369014,-0.97699702,-1.02379967,-0.95554616,-0.41900802,0.1457269,0.71742474
STATE_C,embedding_0347,14,55,0.62776107,0.66425723,0.6419223,0.65268165,-0.07204441,0.65981559,0.89843552
STATE_C,embedding_0348,14,55,1.17466378,1.1001426,1.14092477,1.09250917,0.33500511,0.11893996,0.70945098
STATE_C,embedding_0349,14,55,-2.51381004,-2.43840861,-2.53511747,-2.45020654,-0.25919181,0.25368185,0.7840097
STATE_C,embedding_0350,14,55,-0.66710651,-0.65447509,-0.67488015,-0.63411644,-0.26661284,0.64904541,0.89652316
STATE_C,embedding_0351,14,55,0.18331514,0.21537016,0.18943508,0.2042956,-0.16056822,0.58601876,0.89092701
STATE_C,embedding_0352,14,55,0.5160024,0.56016427,0.53050081,0.52720595,0.02400836,0.74836177,0.91519401
STATE_C,embedding_0353,14,55,0.73625749,0.67228168,0.68387775,0.64938567,0.24472013,0.29283332,0.7840097
STATE_C,embedding_0354,14,55,-0.76350042,-0.68635827,-0.76119568,-0.68434388,-0.53127511,0.0299314,0.70945098
STATE_C,embedding_0355,14,55,0.88220653,0.88325411,0.89695992,0.90275546,-0.04989493,0.89907653,0.96843026
STATE_C,embedding_0356,14,55,0.38673057,0.39800236,0.39276323,0.37886506,0.08847451,0.87550502,0.95781746
STATE_C,embedding_0357,14,55,-0.22798944,-0.18785997,-0.23685791,-0.18810841,-0.32545142,0.35880845,0.7840097
STATE_C,embedding_0358,14,55,0.56452572,0.59598953,0.5934031,0.60062388,-0.05061357,0.69254405,0.89843552
STATE_C,embedding_0359,14,55,0.5174877,0.46170336,0.51908766,0.47853119,0.2327851,0.24752862,0.7840097
STATE_C,embedding_0360,14,55,0.5041471,0.39566138,0.47916332,0.4153439,0.56355352,0.03107772,0.70945098
STATE_C,embedding_0361,14,55,0.32497454,0.3437022,0.30679672,0.33288904,-0.2413363,0.33584833,0.7840097
STATE_C,embedding_0362,14,55,0.82137614,0.84036499,0.84859109,0.844147,0.06038298,0.85204345,0.95389121
STATE_C,embedding_0363,14,55,-0.40992075,-0.39083251,-0.39073539,-0.39916068,0.07062604,0.94646688,0.98360834
STATE_C,embedding_0364,14,55,0.77258837,0.76802206,0.77135461,0.72727712,0.26333668,0.52598944,0.88008691
STATE_C,embedding_0365,14,55,1.2612102,1.23704886,1.24282023,1.21106246,0.20711865,0.48779272,0.85142002
STATE_C,embedding_0366,14,55,-0.31316969,-0.33308852,-0.29307944,-0.30722515,0.09979683,0.55560826,0.88897322
STATE_C,embedding_0367,14,55,0.15763247,0.11828904,0.13559865,0.12051387,0.17079258,0.43342193,0.8239308
STATE_C,embedding_0368,14,55,0.91733298,0.88398141,0.90495577,0.86239301,0.29341137,0.50670189,0.8609448
STATE_C,embedding_0369,14,55,-0.19758043,-0.16949274,-0.18424908,-0.17103099,-0.08710817,0.56565909,0.89092701
STATE_C,embedding_0370,14,55,0.77941567,0.82019073,0.74386351,0.81503037,-0.40148114,0.25994078,0.7840097
STATE_C,embedding_0371,14,55,-0.67207652,-0.68583077,-0.66687719,-0.68367291,0.22643501,0.47848289,0.84283225
STATE_C,embedding_0372,14,55,1.02443171,0.99514675,1.00051789,0.94321634,0.41684275,0.1721694,0.72651703
STATE_C,embedding_0373,14,55,-0.12556601,-0.10643858,-0.09585624,-0.10097974,0.040891,0.63834811,0.89298971
STATE_C,embedding_0374,14,55,2.08193433,2.08596039,2.06671978,2.07170853,-0.07047832,0.84036024,0.95051055
STATE_C,embedding_0375,14,55,0.59026909,0.5378933,0.59340658,0.53752339,0.40926007,0.14990393,0.72197465
STATE_C,embedding_0376,14,55,-1.87598127,-1.86112201,-1.88213597,-1.86008318,-0.12318989,0.68156689,0.89843552
STATE_C,embedding_0377,14,55,-1.03898549,-0.96496564,-1.01903664,-0.95783624,-0.5282351,0.01953677,0.70945098
STATE_C,embedding_0378,14,55,0.15817275,0.14708754,0.13100872,0.15720797,-0.25219157,0.5963245,0.89092701
STATE_C,embedding_0379,14,55,0.16775016,0.10860182,0.1581198,0.13791988,0.11058553,0.57579643,0.89092701
STATE_C,embedding_0380,14,55,-0.84062043,-0.77743083,-0.84133755,-0.75939502,-0.52369344,0.06757726,0.70945098
STATE_C,embedding_0381,14,55,0.1551204,0.11064377,0.17548705,0.11312464,0.45569657,0.10871378,0.70945098
STATE_C,embedding_0382,14,55,-0.60359141,-0.54105157,-0.59756843,-0.55386391,-0.44244138,0.14990393,0.72197465
STATE_C,embedding_0383,14,55,-0.77749905,-0.7734046,-0.80305786,-0.76971578,-0.34994327,0.34339434,0.7840097
STATE_C,embedding_0384,14,55,0.91651416,0.85973191,0.91023707,0.82901269,0.34620931,0.25368185,0.7840097
STATE_C,embedding_0385,14,55,-0.15653973,-0.17180084,-0.17081735,-0.17554387,0.07922073,0.64904541,0.89652316
STATE_C,embedding_0386,14,55,0.33692887,0.33554372,0.33747107,0.32599995,0.11562267,0.74836177,0.91519401
STATE_C,embedding_0387,14,55,0.70847562,0.75752342,0.72818455,0.74225106,-0.11928962,0.31385617,0.7840097
STATE_C,embedding_0388,14,55,-0.74122518,-0.70180744,-0.68740003,-0.71490282,0.16535488,0.73708112,0.91519401
STATE_C,embedding_0389,14,55,-0.55357522,-0.56746876,-0.53547669,-0.56144943,0.20847382,0.77108316,0.92241724
STATE_C,embedding_0390,14,55,0.33036251,0.34586713,0.32259689,0.34596499,-0.28734347,0.24752862,0.7840097
STATE_C,embedding_0391,14,55,-0.03150972,-0.15056509,-0.08398424,-0.163236,0.4090937,0.22969852,0.7840097
STATE_C,embedding_0392,14,55,0.34457125,0.33205479,0.34489817,0.34767491,-0.0265592,0.89907653,0.96843026
STATE_C,embedding_0393,14,55,-0.16103578,-0.08998276,-0.15856948,-0.08600947,-0.81125626,0.00206186,0.39587712
STATE_C,embedding_0394,14,55,-0.51870146,-0.53048873,-0.56124282,-0.54312287,-0.14692778,0.78251932,0.92315643
STATE_C,embedding_0395,14,55,-0.56467602,-0.5208565,-0.55352625,-0.51628827,-0.15164652,0.71469113,0.90874634
STATE_C,embedding_0396,14,55,0.05166378,0.03943293,0.0483785,0.03000008,0.14738466,0.67065674,0.89843552
STATE_C,embedding_0397,14,55,0.14557241,0.18252061,0.14856256,0.16593901,-0.12047808,0.78251932,0.92315643
STATE_C,embedding_0398,14,55,0.02193385,0.03394968,0.02805958,0.00830742,0.14798641,0.92273742,0.97611892
STATE_C,embedding_0399,14,55,0.39170532,0.26510978,0.37104548,0.26970623,0.90023047,0.00370643,0.47442304
STATE_C,embedding_0400,14,55,-0.62128073,-0.61930948,-0.62299928,-0.61979923,-0.04893453,0.67065674,0.89843552
STATE_C,embedding_0401,14,55,-0.13579004,-0.0947392,-0.15898556,-0.10883515,-0.50838314,0.08215977,0.70945098
STATE_C,embedding_0402,14,55,0.05188986,0.05577644,0.04555603,0.05551965,-0.10962126,0.58601876,0.89092701
STATE_C,embedding_0403,14,55,0.84528568,0.82780153,0.85276903,0.80878679,0.55127047,0.17690527,0.73439593
STATE_C,embedding_0404,14,55,-0.12507715,-0.14666431,-0.1316864,-0.14314396,0.13563288,0.46015805,0.83943321
STATE_C,embedding_0405,14,55,0.42519185,0.47104862,0.46953162,0.46275585,0.04393035,0.92273742,0.97611892
STATE_C,embedding_0406,14,55,-0.38937226,-0.40395713,-0.39470981,-0.3972982,0.02407574,0.73708112,0.91519401
STATE_C,embedding_0407,14,55,0.40775779,0.42092511,0.42268278,0.43943864,-0.16457337,0.49719941,0.8609448
STATE_C,embedding_0408,14,55,-0.21156998,-0.19528738,-0.18936793,-0.19581906,0.08554862,0.94646688,0.98360834
STATE_C,embedding_0409,14,55,0.12121446,0.17731272,0.13747995,0.163678,-0.22701475,0.32107918,0.7840097
STATE_C,embedding_0410,14,55,-0.95332775,-0.9130519,-0.94680363,-0.89194837,-0.37530371,0.1916946,0.76280545
STATE_C,embedding_0411,14,55,0.46355574,0.41998574,0.48223123,0.42394042,0.50440645,0.1721694,0.72651703
STATE_C,embedding_0412,14,55,-0.49951395,-0.56239355,-0.50786432,-0.55036026,0.3524171,0.1721694,0.72651703
STATE_C,embedding_0413,14,55,-0.40779258,-0.40457985,-0.43825707,-0.41197911,-0.23883097,0.64904541,0.89652316
STATE_C,embedding_0414,14,55,-1.33947438,-1.28217089,-1.31814763,-1.25432326,-0.30971333,0.3067409,0.7840097
STATE_C,embedding_0415,14,55,0.22960491,0.20085701,0.235834,0.18005446,0.34406219,0.44223265,0.82837726
STATE_C,embedding_0416,14,55,1.30637902,1.28126633,1.29539073,1.22904211,0.33080101,0.2663058,0.7840097
STATE_C,embedding_0417,14,55,-0.30107068,-0.23214844,-0.33628768,-0.21801829,-0.49079752,0.05151281,0.70945098
STATE_C,embedding_0418,14,55,-0.40304895,-0.36397997,-0.41741685,-0.36059908,-0.51587446,0.13764088,0.70945098
STATE_C,embedding_0419,14,55,0.23572542,0.25447151,0.20543893,0.23396769,-0.22224616,0.39091778,0.79847036
STATE_C,embedding_0420,14,55,0.3853844,0.34603176,0.37463225,0.34413647,0.24605407,0.37465047,0.7840097
STATE_C,embedding_0421,14,55,0.85174829,0.87463862,0.85072891,0.86002461,-0.0732522,0.58601876,0.89092701
STATE_C,embedding_0422,14,55,-0.56341946,-0.62955964,-0.54487255,-0.63317568,0.42103612,0.07457775,0.70945098
STATE_C,embedding_0423,14,55,-0.11030167,-0.10495463,-0.12964398,-0.08571445,-0.3463085,0.47848289,0.84283225
STATE_C,embedding_0424,14,55,-0.76885343,-0.72455001,-0.75818783,-0.72441259,-0.48464648,0.0698481,0.70945098
STATE_C,embedding_0425,14,55,0.05232931,0.02122868,0.06842524,0.0070812,0.50839894,0.11545061,0.70945098
STATE_C,embedding_0426,14,55,-0.94708931,-0.91282648,-0.97182636,-0.90604119,-0.44113595,0.11204226,0.70945098
STATE_C,embedding_0427,14,55,-0.24541935,-0.24930941,-0.24800128,-0.25797984,0.12821401,0.61717961,0.89096605
STATE_C,embedding_0428,14,55,-0.09055319,-0.05323916,-0.09082817,-0.05964614,-0.41892191,0.13764088,0.70945098
STATE_C,embedding_0429,14,55,-0.19365707,-0.20436689,-0.19873905,-0.21219698,0.11007008,0.5963245,0.89092701
STATE_C,embedding_0430,14,55,0.209101,0.14950697,0.22418457,0.15342852,0.56619777,0.07218121,0.70945098
STATE_C,embedding_0431,14,55,0.85183722,0.75701177,0.80693432,0.74589939,0.40510372,0.04803883,0.70945098
STATE_C,embedding_0432,14,55,0.02575131,0.07037076,0.0362406,0.05626244,-0.21194024,0.12616617,0.70945098
STATE_C,embedding_0433,14,55,-0.21679417,-0.2719149,-0.2212685,-0.26945706,0.26977054,0.32840991,0.7840097
STATE_C,embedding_0434,14,55,-0.64463988,-0.64533758,-0.6585976,-0.64222626,-0.1902998,0.67065674,0.89843552
STATE_C,embedding_0435,14,55,0.06714306,0.009604,0.07227637,-0.00031471,0.71699384,0.00844983,0.59022272
STATE_C,embedding_0436,14,55,-0.55953565,-0.60588717,-0.5509358,-0.57559535,0.192655,0.25994078,0.7840097
STATE_C,embedding_0437,14,55,-0.37957722,-0.35320106,-0.36539404,-0.36831467,0.03379307,0.97024393,0.99088742
STATE_C,embedding_0438,14,55,-0.18105453,-0.13203008,-0.1883813,-0.12353039,-0.29789277,0.16752904,0.72651703
STATE_C,embedding_0439,14,55,-0.12360308,-0.10107447,-0.13887389,-0.10574744,-0.40196667,0.18666701,0.75851991
STATE_C,embedding_0440,14,55,1.6635375,1.75188732,1.64990889,1.72378004,-0.431602,0.0632177,0.70945098
STATE_C,embedding_0441,14,55,-0.39073882,-0.43810499,-0.39394909,-0.46561732,0.34759588,0.25994078,0.7840097
STATE_C,embedding_0442,14,55,-0.4271999,-0.36772174,-0.44452135,-0.39180223,-0.2827961,0.34339434,0.7840097
STATE_C,embedding_0443,14,55,0.66145861,0.61761767,0.63910485,0.63001974,0.06421273,0.92273742,0.97611892
STATE_C,embedding_0444,14,55,1.22886288,1.19000947,1.22696874,1.19736492,0.30175457,0.35880845,0.7840097
STATE_C,embedding_0445,14,55,0.33596519,0.31012148,0.32055133,0.33594298,-0.14141693,0.78251932,0.92315643
STATE_C,embedding_0446,14,55,-0.4082005,-0.387151,-0.39720109,-0.40035291,0.03176219,0.82871209,0.9401047
STATE_C,embedding_0447,14,55,-0.10480883,-0.087043,-0.05388382,-0.06953008,0.12805952,0.79400268,0.9309833
STATE_C,embedding_0448,14,55,-0.14866149,-0.16937453,-0.15829921,-0.18839791,0.25574398,0.51629897,0.86955616
STATE_C,embedding_0449,14,55,-0.47427401,-0.50027639,-0.45702084,-0.49400582,0.28809812,0.25368185,0.7840097
STATE_C,embedding_0450,14,55,-1.63846773,-1.66533577,-1.63657354,-1.64399033,0.06456103,0.40760692,0.8130964
STATE_C,embedding_0451,14,55,1.17460155,1.16660106,1.16484496,1.15167111,0.13221839,0.68156689,0.89843552
STATE_C,embedding_0452,14,55,1.12979281,1.11007035,1.13604929,1.08601187,0.28648977,0.35104778,0.7840097
STATE_C,embedding_0453,14,55,0.06759776,0.01959059,0.07380388,0.013191,0.59323554,0.07218121,0.70945098
STATE_C,embedding_0454,14,55,-0.06268906,-0.14575903,-0.0765551,-0.13779693,0.64740915,0.0299314,0.70945098
STATE_C,embedding_0455,14,55,-0.22418535,-0.2564618,-0.22406792,-0.27468892,0.27531645,0.50670189,0.8609448
STATE_C,embedding_0456,14,55,-0.5604597,-0.64625418,-0.60701904,-0.61893487,0.06500833,0.5963245,0.89092701
STATE_C,embedding_0457,14,55,-0.49188834,-0.45067263,-0.46322453,-0.46543762,0.01258599,0.86375922,0.95781746
STATE_C,embedding_0458,14,55,-0.07015671,-0.13411333,-0.07787266,-0.1398997,0.41541282,0.18666701,0.75851991
STATE_C,embedding_0459,14,55,-0.6581645,-0.59974641,-0.6497981,-0.6173581,-0.28596633,0.2663058,0.7840097
STATE_C,embedding_0460,14,55,0.87042326,0.82498556,0.864342,0.83015639,0.20770494,0.60671201,0.89092701
STATE_C,embedding_0461,14,55,-1.5240193,-1.51814783,-1.52383363,-1.53634332,0.07664866,0.87550502,0.95781746
STATE_C,embedding_0462,14,55,0.03585345,0.04945937,0.01700149,0.05554779,-0.15712884,0.74836177,0.91519401
STATE_C,embedding_0463,14,55,-0.62886488,-0.59829748,-0.6457943,-0.60483379,-0.36552661,0.23553745,0.7840097
STATE_C,embedding_0464,14,55,0.54328692,0.54153067,0.53251947,0.52820981,0.03581708,0.98214371,0.99248206
STATE_C,embedding_0465,14,55,-0.41859482,-0.42210305,-0.39143311,-0.41741422,0.20179249,0.69254405,0.89843552
STATE_C,embedding_0466,14,55,1.49288952,1.40246654,1.46765909,1.41864602,0.33586293,0.37465047,0.7840097
STATE_C,embedding_0467,14,55,1.02986073,1.07261992,1.03400052,1.05549395,-0.14126969,0.38273116,0.79228445
STATE_C,embedding_0468,14,55,0.80952725,0.73170775,0.78311816,0.70938714,0.4006273,0.16752904,0.72651703
STATE_C,embedding_0469,14,55,-0.75429145,-0.75461406,-0.78525457,-0.78657328,0.00927906,0.95835077,0.98926531
STATE_C,embedding_0470,14,55,1.23206431,1.31150639,1.23505414,1.2924347,-0.4119167,0.0632177,0.70945098
STATE_C,embedding_0471,14,55,0.19682448,0.25587606,0.22198754,0.25155687,-0.21328228,0.47848289,0.84283225
STATE_C,embedding_0472,14,55,-0.00112357,-0.00497298,-0.00744985,0.00046212,-0.06500575,0.85204345,0.95389121
STATE_C,embedding_0473,14,55,-1.76450038,-1.76951921,-1.77301269,-1.76783098,-0.03547619,0.9108971,0.97297493
STATE_C,embedding_0474,14,55,1.48273945,1.37329447,1.41918365,1.37530813,0.28610647,0.2793555,0.7840097
STATE_C,embedding_0475,14,55,-0.15072333,-0.09399685,-0.17242952,-0.08300798,-0.38502394,0.10871378,0.70945098
STATE_C,embedding_0476,14,55,-1.21932876,-1.19671249,-1.21654946,-1.17672111,-0.37093715,0.25368185,0.7840097
STATE_C,embedding_0477,14,55,-0.61078191,-0.62492996,-0.61608027,-0.6075899,-0.05323778,0.73708112,0.91519401
STATE_C,embedding_0478,14,55,-0.63130623,-0.62363118,-0.60462932,-0.63177286,0.32757188,0.50670189,0.8609448
STATE_C,embedding_0479,14,55,-0.06160011,-0.06962326,-0.04972571,-0.04785256,-0.01116158,0.92273742,0.97611892
STATE_C,embedding_0480,14,55,-0.1242212,-0.08797761,-0.13321868,-0.10017166,-0.21047318,0.39920987,0.80259995
STATE_C,embedding_0481,14,55,0.17010534,0.23387322,0.19504602,0.25423449,-0.40886036,0.07218121,0.70945098
STATE_C,embedding_0482,14,55,-0.09409535,-0.10892338,-0.09462087,-0.06134061,-0.16876748,0.98214371,0.99248206
STATE_C,embedding_0483,14,55,-1.48694098,-1.44796646,-1.45955792,-1.42659491,-0.30671972,0.12990526,0.70945098
STATE_C,embedding_0484,14,55,0.11572483,0.14169092,0.15585103,0.14196882,0.07707334,0.99404746,0.99664288
STATE_C,embedding_0485,14,55,0.4532458,0.4066571,0.44891325,0.43537035,0.09355653,0.49719941,0.8609448
STATE_C,embedding_0486,14,55,1.26589531,1.26447105,1.2028689,1.25001827,-0.29236206,0.47848289,0.84283225
STATE_C,embedding_0487,14,55,-0.97511894,-0.86844653,-0.97120805,-0.85954445,-0.55978592,0.02378883,0.70945098
STATE_C,embedding_0488,14,55,-0.41574392,-0.38441432,-0.40596327,-0.39561965,-0.10802447,0.61717961,0.89096605
STATE_C,embedding_0489,14,55,-1.28165269,-1.26420307,-1.27408076,-1.27540695,0.01102337,0.82871209,0.9401047
STATE_C,embedding_0490,14,55,0.42337564,0.45005015,0.4269073,0.43844969,-0.10424367,0.77108316,0.92241724
STATE_C,embedding_0491,14,55,1.28955418,1.23095393,1.26828462,1.24515294,0.11354818,0.63834811,0.89298971
STATE_C,embedding_0492,14,55,-1.72687459,-1.69580579,-1.72292525,-1.66965344,-0.27838346,0.33584833,0.7840097
STATE_C,embedding_0493,14,55,0.97309572,0.97810507,0.97088593,0.99114648,-0.19501921,0.53577204,0.88595285
STATE_C,embedding_0494,14,55,-0.8730194,-0.89535284,-0.86882436,-0.9026164,0.35696208,0.22969852,0.7840097
STATE_C,embedding_0495,14,55,-0.61845756,-0.54697222,-0.59650312,-0.54808487,-0.47375671,0.08215977,0.70945098
STATE_C,embedding_0496,14,55,-0.85352984,-0.74978542,-0.84638722,-0.72676099,-0.52687194,0.07457775,0.70945098
STATE_C,embedding_0497,14,55,0.54736772,0.57861626,0.56015569,0.58043391,-0.14850638,0.41610837,0.81341655
STATE_C,embedding_0498,14,55,0.02061751,0.12522034,0.02185634,0.11682002,-0.66186699,0.02670795,0.70945098
STATE_C,embedding_0499,14,55,0.83602855,0.81987762,0.84610343,0.81933968,0.27442297,0.35104778,0.7840097
STATE_C,embedding_0500,14,55,-0.29159148,-0.2626563,-0.29335059,-0.25982706,-0.2991151,0.47848289,0.84283225
STATE_C,embedding_0501,14,55,-1.16096175,-1.18496943,-1.16357981,-1.1861475,0.20416007,0.43342193,0.8239308
STATE_C,embedding_0502,14,55,-0.24464419,-0.25229651,-0.2432279,-0.25434782,0.10394855,0.53577204,0.88595285
STATE_C,embedding_0503,14,55,-0.40452279,-0.35638699,-0.39776525,-0.34034323,-0.28605602,0.1916946,0.76280545
STATE_C,embedding_0504,14,55,-0.11839441,-0.04351704,-0.11854342,-0.01861837,-0.63737037,0.01470459,0.70945098
STATE_C,embedding_0505,14,55,0.93221188,0.9368484,0.93795978,0.9296061,0.13611885,0.87550502,0.95781746
STATE_C,embedding_0506,14,55,-0.52937645,-0.52165282,-0.52512634,-0.51869708,-0.05343613,0.94646688,0.98360834
STATE_C,embedding_0507,14,55,-3.5146507,-3.51697111,-3.52235384,-3.52859626,0.05505904,0.9108971,0.97297493
STATE_C,embedding_0508,14,55,-0.60821286,-0.55004758,-0.61476207,-0.56185404,-0.3351058,0.16752904,0.72651703
STATE_C,embedding_0509,14,55,0.52889666,0.52424729,0.52430109,0.51767511,0.0708341,0.68156689,0.89843552
STATE_C,embedding_0510,14,55,-0.38732421,-0.46393952,-0.37483619,-0.40899117,0.2465286,0.17690527,0.73439593
STATE_C,embedding_0511,14,55,-0.45638911,-0.46898565,-0.46105956,-0.45151983,-0.06020319,0.89907653,0.96843026
STATE_C,embedding_0512,14,55,0.0433072,0.07171689,0.05120452,0.08276717,-0.24255779,0.50670189,0.8609448
STATE_C,embedding_0513,14,55,0.98442954,0.86186171,0.92543608,0.85312993,0.54070862,0.08215977,0.70945098
STATE_C,embedding_0514,14,55,-0.92414403,-0.93174148,-0.92569059,-0.93257684,0.08736361,0.93459488,0.97922083
STATE_C,embedding_0515,14,55,-0.38755569,-0.35488531,-0.37187784,-0.33735303,-0.26453959,0.32840991,0.7840097
STATE_C,embedding_0516,14,55,1.02148098,1.04560435,1.03109032,1.05384159,-0.16415914,0.54564544,0.88595285
STATE_C,embedding_0517,14,55,0.1904987,0.2617307,0.23957919,0.24716968,-0.05889398,0.41610837,0.81341655
STATE_C,embedding_0518,14,55,-0.80222651,-0.74609923,-0.8018173,-0.73260436,-0.29346613,0.36667612,0.7840097
STATE_C,embedding_0519,14,55,-0.36194846,-0.32237372,-0.31560481,-0.30089401,-0.0712241,0.75969654,0.91881408
STATE_C,embedding_0520,14,55,-0.47091006,-0.52595478,-0.48506411,-0.48552252,0.00266636,0.60671201,0.89092701
STATE_C,embedding_0521,14,55,0.20822538,0.12412929,0.19004627,0.11180144,0.35024592,0.24752862,0.7840097
STATE_C,embedding_0522,14,55,0.16718446,0.12518747,0.19297612,0.13061528,0.30747579,0.29973331,0.7840097
STATE_C,embedding_0523,14,55,-0.04310079,-0.00118393,-0.04268683,-0.00580685,-0.35332757,0.14163956,0.71742474
STATE_C,embedding_0524,14,55,0.09133939,0.07868931,0.07112412,0.08087783,-0.11936034,0.82871209,0.9401047
STATE_C,embedding_0525,14,55,1.55939317,1.64600372,1.56650679,1.61393837,-0.40070891,0.11893996,0.70945098
STATE_C,embedding_0526,14,55,0.97380704,0.98215562,0.99437712,0.96748592,0.24295333,0.68156689,0.89843552
STATE_C,embedding_0527,14,55,0.60812894,0.64480138,0.67849484,0.62852539,0.22397393,0.60671201,0.89092701
STATE_C,embedding_0528,14,55,-0.11296359,-0.16644427,-0.12559032,-0.15449905,0.16475553,0.68156689,0.89843552
STATE_C,embedding_0529,14,55,-0.40952693,-0.33061394,-0.33670932,-0.33801081,0.00841714,0.62772557,0.89111504
STATE_C,embedding_0530,14,55,0.54728281,0.37410188,0.52267922,0.40769067,0.74578124,0.01353338,0.70945098
STATE_C,embedding_0531,14,55,-0.40026131,-0.39684016,-0.36663354,-0.41188256,0.20687158,0.77108316,0.92241724
STATE_C,embedding_0532,14,55,0.07414296,0.05133275,0.04739207,0.05752849,-0.09202913,1.0,1.0
STATE_C,embedding_0533,14,55,0.83369645,0.87467939,0.80483382,0.88037506,-0.58018739,0.11893996,0.70945098
STATE_C,embedding_0534,14,55,-0.66550493,-0.69293112,-0.67495614,-0.68876054,0.12454249,0.63834811,0.89298971
STATE_C,embedding_0535,14,55,-0.80144808,-0.83428109,-0.79217178,-0.83225905,0.32073639,0.21280161,0.7840097
STATE_C,embedding_0536,14,55,1.01304817,0.94047922,1.04855921,0.95471911,0.41317001,0.19682109,0.77517229
STATE_C,embedding_0537,14,55,-0.57688299,-0.60949892,-0.58535744,-0.58064795,-0.03140193,0.85204345,0.95389121
STATE_C,embedding_0538,14,55,-0.83877885,-0.89369285,-0.8484493,-0.87837547,0.2298325,0.41610837,0.81341655
STATE_C,embedding_0539,14,55,-1.73457855,-1.71544456,-1.74070212,-1.69322595,-0.29815556,0.44223265,0.82837726
STATE_C,embedding_0540,14,55,-1.10643619,-1.05392814,-1.12431123,-1.05484939,-0.78780574,0.03474539,0.70945098
STATE_C,embedding_0541,14,55,-1.53946263,-1.56512046,-1.57782607,-1.59585235,0.1570964,0.2793555,0.7840097
STATE_C,embedding_0542,14,55,-1.07692879,-1.06992221,-1.0820355,-1.07425775,-0.06541275,0.93459488,0.97922083
STATE_C,embedding_0543,14,55,0.83195379,0.8075043,0.82092396,0.79675105,0.20986492,0.40760692,0.8130964
STATE_C,embedding_0544,14,55,-0.50209603,-0.48137036,-0.50317948,-0.49119063,-0.12065086,0.39920987,0.80259995
STATE_C,embedding_0545,14,55,0.70532194,0.73450047,0.72631731,0.67679033,0.34943563,0.25994078,0.7840097
STATE_C,embedding_0546,14,55,1.62120682,1.61258805,1.61700339,1.60689041,0.06593656,0.80553087,0.93451315
STATE_C,embedding_0547,14,55,-0.46430117,-0.47699618,-0.45457036,-0.47596172,0.15749483,0.47848289,0.84283225
STATE_C,embedding_0548,14,55,-1.09499764,-1.04803872,-1.09560513,-1.02321586,-0.40820132,0.1721694,0.72651703
STATE_C,embedding_0549,14,55,0.47327809,0.45291123,0.46638669,0.42674715,0.20519146,0.39920987,0.80259995
STATE_C,embedding_0550,14,55,-0.37422243,-0.28719771,-0.34429288,-0.25325418,-0.45744203,0.12616617,0.70945098
STATE_C,embedding_0551,14,55,-0.56750232,-0.52403218,-0.56990126,-0.47635092,-0.53646269,0.0632177,0.70945098
STATE_C,embedding_0552,14,55,-1.08344907,-1.02268708,-1.05712077,-0.98277742,-0.42901732,0.16752904,0.72651703
STATE_C,embedding_0553,14,55,0.52759111,0.56178266,0.51217356,0.58517025,-0.53930531,0.08755327,0.70945098
STATE_C,embedding_0554,14,55,0.8285259,0.82978094,0.83371845,0.81159475,0.21173309,0.78251932,0.92315643
STATE_C,embedding_0555,14,55,-0.73717484,-0.68995422,-0.73748404,-0.69175527,-0.34460079,0.20737385,0.7840097
STATE_C,embedding_0556,14,55,0.27648339,0.22738832,0.27895022,0.19567918,0.42302723,0.2793555,0.7840097
STATE_C,embedding_0557,14,55,0.37186319,0.41357604,0.37494388,0.38588798,-0.07189037,0.87550502,0.95781746
STATE_C,embedding_0558,14,55,0.63406169,0.61077011,0.63005281,0.58934487,0.24711868,0.55560826,0.88897322
STATE_C,embedding_0559,14,55,0.4137371,0.40018505,0.4004373,0.40244388,-0.02261973,0.50670189,0.8609448
STATE_C,embedding_0560,14,55,-0.51957281,-0.50359988,-0.5215577,-0.492272,-0.36264366,0.29973331,0.7840097
STATE_C,embedding_0561,14,55,-0.63235325,-0.62378263,-0.62710349,-0.62648028,-0.00402444,0.92273742,0.97611892
STATE_C,embedding_0562,14,55,-0.06539394,-0.17069624,-0.09930346,-0.16348489,0.50376595,0.02115059,0.70945098
STATE_C,embedding_0563,14,55,-0.87191787,-0.83115458,-0.88503641,-0.83654417,-0.34779202,0.29973331,0.7840097
STATE_C,embedding_0564,14,55,0.82456419,0.80003917,0.79082201,0.75797004,0.24082534,0.68156689,0.89843552
STATE_C,embedding_0565,14,55,-0.19746193,-0.17104681,-0.16650246,-0.17382376,0.04738292,0.93459488,0.97922083
STATE_C,embedding_0566,14,55,-0.33822235,-0.32136616,-0.36261581,-0.32427432,-0.2424701,0.58601876,0.89092701
STATE_C,embedding_0567,14,55,-0.28950426,-0.35096017,-0.31505482,-0.36736382,0.40739745,0.23553745,0.7840097
STATE_C,embedding_0568,14,55,-0.15971081,-0.16402565,-0.15969612,-0.14746077,-0.0975137,0.9108971,0.97297493
STATE_C,embedding_0569,14,55,-0.05783808,-0.08380372,-0.04733523,-0.10568115,0.36467406,0.39091778,0.79847036
STATE_C,embedding_0570,14,55,0.70029899,0.67179453,0.69095229,0.66321719,0.29681994,0.38273116,0.79228445
STATE_C,embedding_0571,14,55,1.06380534,1.12554288,1.07402967,1.10129728,-0.16777475,0.54564544,0.88595285
STATE_C,embedding_0572,14,55,-0.5533177,-0.57005388,-0.52808832,-0.54480797,0.11956071,0.5963245,0.89092701
STATE_C,embedding_0573,14,55,-1.14870268,-1.14828491,-1.16770984,-1.12145425,-0.24551658,0.63834811,0.89298971
STATE_C,embedding_0574,14,55,0.44367233,0.4390893,0.45023603,0.39823981,0.33311336,0.44223265,0.82837726
STATE_C,embedding_0575,14,55,-1.38790494,-1.36409485,-1.4040783,-1.36497472,-0.3511711,0.20204725,0.7840097
STATE_C,embedding_0576,14,55,0.35668322,0.34345043,0.36663006,0.35618013,0.10909787,0.46927101,0.84205639
STATE_C,embedding_0577,14,55,0.19808524,0.22175154,0.19078185,0.22389264,-0.32429383,0.37465047,0.7840097
STATE_C,embedding_0578,14,55,-0.34400117,-0.343786,-0.33896352,-0.35238776,0.10029754,0.72585684,0.91519401
STATE_C,embedding_0579,14,55,-0.09043119,-0.09374373,-0.08038136,-0.09359783,0.1411755,0.58601876,0.89092701
STATE_C,embedding_0580,14,55,0.24821183,0.29005912,0.24066705,0.28770452,-0.34709801,0.27277726,0.7840097
STATE_C,embedding_0581,14,55,-0.96646097,-0.99816018,-0.99555928,-1.01193217,0.20421983,0.45114497,0.8308857
STATE_C,embedding_0582,14,55,-0.63295454,-0.69714415,-0.65529096,-0.71696406,0.50356381,0.13764088,0.70945098
STATE_C,embedding_0583,14,55,-0.25827417,-0.2389673,-0.29629396,-0.22900744,-0.41461781,0.2663058,0.7840097
STATE_C,embedding_0584,14,55,-0.42755273,-0.42139009,-0.42923166,-0.45002616,0.14017456,1.0,1.0
STATE_C,embedding_0585,14,55,-0.47831348,-0.47682109,-0.45175377,-0.44845075,-0.02230725,0.89907653,0.96843026
STATE_C,embedding_0586,14,55,-4.49254584,-4.55993843,-4.47507279,-4.54077668,0.58202932,0.04020568,0.70945098
STATE_C,embedding_0587,14,55,0.15791795,0.27647007,0.19360184,0.30422196,-0.45478876,0.11204226,0.70945098
STATE_C,embedding_0588,14,55,-0.09039778,-0.10195132,-0.09528087,-0.10988408,0.18750087,0.52598944,0.88008691
STATE_C,embedding_0589,14,55,-0.80628702,-0.8092891,-0.78126293,-0.79293148,0.08900517,0.74836177,0.91519401
STATE_C,embedding_0590,14,55,-0.10725385,-0.0982624,-0.10395438,-0.10060632,-0.03109111,0.46927101,0.84205639
STATE_C,embedding_0591,14,55,-0.3648665,-0.34000769,-0.36945202,-0.34852938,-0.1372302,0.5963245,0.89092701
STATE_C,embedding_0592,14,55,-0.21971449,-0.26273349,-0.23157009,-0.27773511,0.33737359,0.29283332,0.7840097
STATE_C,embedding_0593,14,55,0.54640001,0.50771719,0.53965526,0.52062687,0.22990278,0.3067409,0.7840097
STATE_C,embedding_0594,14,55,0.30163787,0.25362876,0.27355509,0.24675392,0.23642568,0.2663058,0.7840097
STATE_C,embedding_0595,14,55,-0.57386601,-0.45052525,-0.56831505,-0.46197955,-1.05426593,0.00055193,0.39587712
STATE_C,embedding_0596,14,55,-0.23809166,-0.23981409,-0.24225672,-0.21489365,-0.15910391,0.54564544,0.88595285
STATE_C,embedding_0597,14,55,0.01316459,-0.02063661,0.02340405,-0.00581227,0.25002469,0.31385617,0.7840097
STATE_C,embedding_0598,14,55,0.21292441,0.16803345,0.19253329,0.1767882,0.1341449,0.32107918,0.7840097
STATE_C,embedding_0599,14,55,-0.44003727,-0.47231385,-0.43763244,-0.46177079,0.32268356,0.25368185,0.7840097
STATE_C,embedding_0600,14,55,-1.36362565,-1.36107111,-1.36076422,-1.34819537,-0.12726042,0.86375922,0.95781746
STATE_C,embedding_0601,14,55,1.259175,1.27008891,1.26133593,1.23825916,0.17417444,0.77108316,0.92241724
STATE_C,embedding_0602,14,55,-0.95858955,-0.94558394,-0.94122913,-0.9305363,-0.12004821,0.75969654,0.91881408
STATE_C,embedding_0603,14,55,0.86743796,0.87638855,0.86351062,0.8618047,0.01720735,0.89907653,0.96843026
STATE_C,embedding_0604,14,55,0.49318713,0.44392225,0.47398606,0.46936415,0.0459389,0.54564544,0.88595285
STATE_C,embedding_0605,14,55,0.52674371,0.52102411,0.54956386,0.52156445,0.21974158,0.71469113,0.90874634
STATE_C,embedding_0606,14,55,-2.81485987,-2.840446,-2.80860598,-2.81764017,0.08113237,0.73708112,0.91519401
STATE_C,embedding_0607,14,55,0.46910377,0.52745229,0.46942596,0.52375504,-0.30240451,0.29283332,0.7840097
STATE_C,embedding_0608,14,55,0.45202023,0.43818352,0.44616537,0.4063985,0.38156648,0.33584833,0.7840097
STATE_C,embedding_0609,14,55,0.26644367,0.22526371,0.23221748,0.19936621,0.17845025,0.5963245,0.89092701
STATE_C,embedding_0610,14,55,-0.31985347,-0.28084955,-0.29306123,-0.2668524,-0.25921974,0.58601876,0.89092701
STATE_C,embedding_0611,14,55,0.67896119,0.73694628,0.69002323,0.72788122,-0.29136707,0.2793555,0.7840097
STATE_C,embedding_0612,14,55,-0.32555717,-0.29451531,-0.3020701,-0.28584712,-0.16041917,0.68156689,0.89843552
STATE_C,embedding_0613,14,55,0.97835958,0.99938339,0.97308486,1.04296757,-0.35767286,0.32840991,0.7840097
STATE_C,embedding_0614,14,55,-0.04882356,-0.09321675,-0.06302822,-0.09467763,0.48616832,0.04975039,0.70945098
STATE_C,embedding_0615,14,55,-0.3922098,-0.4291949,-0.38467508,-0.39399319,0.06072409,0.54564544,0.88595285
STATE_C,embedding_0616,14,55,2.32247579,2.28510475,2.30297762,2.26054345,0.30403018,0.24148065,0.7840097
STATE_C,embedding_0617,14,55,-0.54561839,-0.58068198,-0.54761741,-0.5602602,0.08646402,0.70358616,0.90511586
STATE_C,embedding_0618,14,55,-1.29834354,-1.28092074,-1.27126707,-1.26094702,-0.06764382,0.61717961,0.89096605
STATE_C,embedding_0619,14,55,-0.00432129,-0.00988704,0.01021344,-0.00078896,0.10881324,0.89907653,0.96843026
STATE_C,embedding_0620,14,55,1.45710862,1.43690801,1.44195646,1.43812621,0.02947848,0.69254405,0.89843552
STATE_C,embedding_0621,14,55,-0.39199799,-0.39854127,-0.38984399,-0.38785628,-0.02652339,0.99404746,0.99664288
STATE_C,embedding_0622,14,55,0.91867095,0.84899461,0.85025021,0.83055813,0.13977911,0.20737385,0.7840097
STATE_C,embedding_0623,14,55,1.0265249,1.10926497,1.05983944,1.11186113,-0.42635459,0.07218121,0.70945098
STATE_C,embedding_0624,14,55,0.23092922,0.17741019,0.22880935,0.19186826,0.21428854,0.62772557,0.89111504
STATE_C,embedding_0625,14,55,-1.27741033,-1.21568978,-1.26309681,-1.21937262,-0.42279609,0.1721694,0.72651703
STATE_C,embedding_0626,14,55,-0.61441734,-0.5722692,-0.61263089,-0.59543554,-0.12967618,0.60671201,0.89092701
STATE_C,embedding_0627,14,55,0.75099465,0.71905959,0.7565712,0.70790809,0.43839223,0.15417167,0.72197465
STATE_C,embedding_0628,14,55,0.11759508,0.14567046,0.13615294,0.15815741,-0.19097574,0.39091778,0.79847036
STATE_C,embedding_0629,14,55,1.80722809,1.79207408,1.78522408,1.78400101,0.00655411,0.9108971,0.97297493
STATE_C,embedding_0630,14,55,-0.45145594,-0.4158124,-0.44316171,-0.42553172,-0.1480787,0.60671201,0.89092701
STATE_C,embedding_0631,14,55,-1.76341963,-1.73014188,-1.75642452,-1.71349013,-0.2502356,0.5963245,0.89092701
STATE_C,embedding_0632,14,55,-0.98487702,-0.96879393,-0.97625844,-0.96162987,-0.10416293,0.65981559,0.89843552
STATE_C,embedding_0633,14,55,-0.257103,-0.31961232,-0.2356633,-0.29490221,0.30905738,0.22969852,0.7840097
STATE_C,embedding_0634,14,55,-0.64970443,-0.57981229,-0.63559067,-0.54087631,-0.59756491,0.03226153,0.70945098
STATE_C,embedding_0635,14,55,-0.57893723,-0.55086881,-0.56565665,-0.54891123,-0.17027716,0.56565909,0.89092701
STATE_C,embedding_0636,14,55,1.0582369,1.03485203,1.08549898,1.02907473,0.41759194,0.12616617,0.70945098
STATE_C,embedding_0637,14,55,-0.00462227,0.06920709,-0.0019516,0.04277277,-0.38590496,0.11893996,0.70945098
STATE_C,embedding_0638,14,55,0.00844654,0.09101248,0.01723493,0.0425148,-0.17739065,0.36667612,0.7840097
STATE_C,embedding_0639,14,55,0.30502619,0.33570182,0.2825823,0.33364456,-0.44501895,0.18173751,0.75040004
STATE_C,embedding_0640,14,55,-0.52633759,-0.56949472,-0.54152806,-0.56722266,0.17304848,0.42471359,0.81341655
STATE_C,embedding_0641,14,55,0.68046093,0.63882858,0.6889584,0.63842456,0.48510868,0.105464,0.70945098
STATE_C,embedding_0642,14,55,0.22356068,0.33149281,0.23003719,0.3267285,-0.75912204,0.00922223,0.59022272
STATE_C,embedding_0643,14,55,0.1823423,0.19319199,0.18127072,0.17670082,0.0496358,0.99404746,0.99664288
STATE_C,embedding_0644,14,55,-1.2347666,-1.19728684,-1.21271609,-1.1931383,-0.1190566,0.65981559,0.89843552
STATE_C,embedding_0645,14,55,0.66538975,0.69022578,0.6504523,0.68113192,-0.17885131,0.36667612,0.7840097
STATE_C,embedding_0646,14,55,0.17345442,0.16098909,0.17030751,0.16231192,0.07237893,0.69254405,0.89843552
STATE_C,embedding_0647,14,55,0.48644724,0.43913597,0.46844964,0.44294079,0.28925582,0.12990526,0.70945098
STATE_C,embedding_0648,14,55,0.56499347,0.6223017,0.55329578,0.62273223,-0.39444155,0.10871378,0.70945098
STATE_C,embedding_0649,14,55,-0.0685886,-0.1308742,-0.08772749,-0.13017509,0.29149385,0.29973331,0.7840097
STATE_C,embedding_0650,14,55,0.47113857,0.51838368,0.48930844,0.51474128,-0.20626822,0.23553745,0.7840097
STATE_C,embedding_0651,14,55,0.77213255,0.73647588,0.74455014,0.72153697,0.10344621,0.74836177,0.91519401
STATE_C,embedding_0652,14,55,-0.18547452,-0.21110243,-0.23849507,-0.20357372,-0.21185022,0.58601876,0.89092701
STATE_C,embedding_0653,14,55,-0.20432204,-0.25548291,-0.20664064,-0.22896986,0.18310426,0.44223265,0.82837726
STATE_C,embedding_0654,14,55,0.58582795,0.61657023,0.64168745,0.63956564,0.01529296,0.81710148,0.93801784
STATE_C,embedding_0655,14,55,-0.22199662,-0.13620502,-0.20041148,-0.14929362,-0.30255293,0.12616617,0.70945098
STATE_C,embedding_0656,14,55,-0.39963913,-0.41341066,-0.41551264,-0.39273178,-0.14570996,0.88727831,0.96656701
STATE_C,embedding_0657,14,55,0.34058264,0.37072006,0.34770358,0.36007738,-0.13823302,0.77108316,0.92241724
STATE_C,embedding_0658,14,55,0.49065799,0.52246833,0.49479331,0.49778751,-0.019223,0.67065674,0.89843552
STATE_C,embedding_0659,14,55,-0.26084189,-0.27685821,-0.24348428,-0.24826371,0.03519737,0.81710148,0.93801784
STATE_C,embedding_0660,14,55,-0.75480485,-0.75278008,-0.6931721,-0.74158598,0.18575763,0.72585684,0.91519401
STATE_C,embedding_0661,14,55,0.03609484,0.04175359,0.07214127,0.0388831,0.17001132,0.74836177,0.91519401
STATE_C,embedding_0662,14,55,-0.06883416,-0.09074874,-0.07939066,-0.08857411,0.0808146,0.98214371,0.99248206
STATE_C,embedding_0663,14,55,4.48626924,4.59703112,4.45421215,4.60903717,-0.50301877,0.08215977,0.70945098
STATE_C,embedding_0664,14,55,-0.62575373,-0.62962162,-0.6066863,-0.62947577,0.19887707,0.70358616,0.90511586
STATE_C,embedding_0665,14,55,-0.20658349,-0.25808546,-0.20035625,-0.25964901,0.31436626,0.34339434,0.7840097
STATE_C,embedding_0666,14,55,1.09664053,1.06725883,1.11571001,0.99405292,0.46713222,0.14990393,0.72197465
STATE_C,embedding_0667,14,55,-0.24291296,-0.24032016,-0.20113007,-0.24288317,0.22680171,0.45114497,0.8308857
STATE_C,embedding_0668,14,55,0.97247761,0.95669156,1.0213109,0.95345581,0.29120742,0.33584833,0.7840097
STATE_C,embedding_0669,14,55,0.67842117,0.6548155,0.68120563,0.64520628,0.33072552,0.29283332,0.7840097
STATE_C,embedding_0670,14,55,-0.43828066,-0.48447192,-0.44391216,-0.47116823,0.23831155,0.39920987,0.80259995
STATE_C,embedding_0671,14,55,-0.76889279,-0.77299547,-0.78174415,-0.7505903,-0.2411107,0.73708112,0.91519401
STATE_C,embedding_0672,14,55,0.02580848,0.05143132,0.02016029,0.06188016,-0.34858508,0.12990526,0.70945098
STATE_C,embedding_0673,14,55,1.79136819,1.72521281,1.75862757,1.66812618,0.35175814,0.29973331,0.7840097
STATE_C,embedding_0674,14,55,0.54972255,0.58827323,0.56584594,0.57388898,-0.06284853,0.62772557,0.89111504
STATE_C,embedding_0675,14,55,0.11603931,0.15423127,0.12426155,0.12402668,0.00177366,0.58601876,0.89092701
STATE_C,embedding_0676,14,55,0.10011106,0.10401607,0.13349068,0.10569228,0.21540526,0.39920987,0.80259995
STATE_C,embedding_0677,14,55,-0.04074103,-0.02013781,0.00210538,-0.00691664,0.06660921,0.9108971,0.97297493
STATE_C,embedding_0678,14,55,0.48556313,0.49441335,0.48083002,0.46262358,0.14196796,0.95835077,0.98926531
STATE_C,embedding_0679,14,55,1.62754619,1.53783369,1.64860584,1.54710512,0.521258,0.02670795,0.70945098
STATE_C,embedding_0680,14,55,0.68403697,0.65755397,0.68399645,0.64950808,0.33529206,0.3067409,0.7840097
STATE_C,embedding_0681,14,55,0.22446574,0.28925419,0.22601396,0.28033596,-0.32065313,0.16752904,0.72651703
STATE_C,embedding_0682,14,55,-0.24752606,-0.27077737,-0.26818796,-0.27042146,0.01872268,0.94646688,0.98360834
STATE_C,embedding_0683,14,55,-1.92085326,-1.92507935,-1.91726696,-1.92328312,0.04047696,0.68156689,0.89843552
STATE_C,embedding_0684,14,55,-0.27834956,-0.29894483,-0.24955566,-0.28653437,0.2636072,0.29283332,0.7840097
STATE_C,embedding_0685,14,55,0.03352511,0.03157844,0.05660055,0.03060272,0.2055615,0.55560826,0.88897322
STATE_C,embedding_0686,14,55,-0.22169682,-0.29982468,-0.21294466,-0.29677259,0.4074672,0.1457269,0.71742474
STATE_C,embedding_0687,14,55,-0.04773054,-0.06492629,-0.05561749,-0.03454648,-0.21654131,0.82871209,0.9401047
STATE_C,embedding_0688,14,55,0.71382812,0.6797694,0.69710751,0.66814776,0.35378331,0.15853112,0.72651703
STATE_C,embedding_0689,14,55,0.13156527,0.18207239,0.15811068,0.17788693,-0.14844879,0.43342193,0.8239308
STATE_C,embedding_0690,14,55,0.06822864,0.08172799,0.09377483,0.0613635,0.19141383,0.80553087,0.93451315
STATE_C,embedding_0691,14,55,-1.73603982,-1.74543619,-1.78849821,-1.74357719,-0.28594527,0.70358616,0.90511586
STATE_C,embedding_0692,14,55,2.0133487,2.01552653,1.99636676,1.99719615,-0.00642901,0.97024393,0.99088742
STATE_C,embedding_0693,14,55,0.07854871,0.10398795,0.0815526,0.100216,-0.10517185,0.67065674,0.89843552
STATE_C,embedding_0694,14,55,-1.19793612,-1.16812146,-1.19123183,-1.16731417,-0.37551973,0.29973331,0.7840097
STATE_C,embedding_0695,14,55,-1.16968167,-1.11144733,-1.185992,-1.12690311,-0.5048545,0.02032971,0.70945098
STATE_C,embedding_0696,14,55,-0.24764817,-0.32901981,-0.251835,-0.33437887,0.8577311,0.00291342,0.44750131
STATE_C,embedding_0697,14,55,0.15689799,0.11994229,0.1588115,0.13191378,0.23657514,0.45114497,0.8308857
STATE_C,embedding_0698,14,55,-1.23623395,-1.25867355,-1.25514521,-1.23279454,-0.18455516,0.81710148,0.93801784
STATE_C,embedding_0699,14,55,-0.08754475,-0.01149886,-0.02374649,-0.00668136,-0.12683415,0.53577204,0.88595285
STATE_C,embedding_0700,14,55,-0.46412551,-0.47730052,-0.47250485,-0.47853678,0.08672825,0.46015805,0.83943321
STATE_C,embedding_0701,14,55,-0.32841481,-0.32700789,-0.33268122,-0.325578,-0.04451697,0.78251932,0.92315643
STATE_C,embedding_0702,14,55,-0.84061217,-0.76353723,-0.81667969,-0.77002106,-0.30194324,0.31385617,0.7840097
STATE_C,embedding_0703,14,55,0.04226167,0.0728076,0.02309128,0.04947885,-0.29147904,0.05151281,0.70945098
STATE_C,embedding_0704,14,55,-1.2829743,-1.27515137,-1.26209531,-1.25631727,-0.06837993,0.78251932,0.92315643
STATE_C,embedding_0705,14,55,0.010946,0.00144757,-0.00420751,-0.00027099,-0.03801318,0.87550502,0.95781746
STATE_C,embedding_0706,14,55,-0.66295901,-0.64974374,-0.6533918,-0.65228593,-0.01213942,0.79400268,0.9309833
STATE_C,embedding_0707,14,55,1.2186538,1.24608064,1.23102318,1.24372429,-0.11704833,0.31385617,0.7840097
STATE_C,embedding_0708,14,55,0.41050063,0.4246569,0.39544685,0.36643848,0.14374695,0.92273742,0.97611892
STATE_C,embedding_0709,14,55,0.53463858,0.56984168,0.52093224,0.58566316,-0.37033402,0.35104778,0.7840097
STATE_C,embedding_0710,14,55,-0.69646046,-0.64706951,-0.68872375,-0.64452248,-0.32688315,0.29973331,0.7840097
STATE_C,embedding_0711,14,55,1.46872729,1.46511996,1.46491477,1.46270134,0.01613239,0.71469113,0.90874634
STATE_C,embedding_0712,14,55,-0.72596768,-0.71504104,-0.71707142,-0.71862888,0.01607186,0.79400268,0.9309833
STATE_C,embedding_0713,14,55,-0.9198758,-0.98085558,-0.93076305,-1.00131155,0.44467115,0.16298325,0.72651703
STATE_C,embedding_0714,14,55,-0.13914665,-0.11257433,-0.12824007,-0.09417214,-0.25237791,0.2793555,0.7840097
STATE_C,embedding_0715,14,55,-0.5219402,-0.47045374,-0.5014161,-0.46781006,-0.28023637,0.25994078,0.7840097
STATE_C,embedding_0716,14,55,0.08244044,0.08687956,0.08134052,0.09538289,-0.10893467,0.60671201,0.89092701
STATE_C,embedding_0717,14,55,-0.1410392,-0.12913775,-0.15576151,-0.13898836,-0.25623852,0.37465047,0.7840097
STATE_C,embedding_0718,14,55,1.05546367,0.97960591,1.02458018,0.99113135,0.31821135,0.13764088,0.70945098
STATE_C,embedding_0719,14,55,0.20640393,0.15787962,0.18867448,0.16792067,0.17042989,0.60671201,0.89092701
STATE_C,embedding_0720,14,55,0.41215393,0.36608523,0.37104536,0.34539521,0.20463072,0.38273116,0.79228445
STATE_C,embedding_0721,14,55,0.3487616,0.31299099,0.34741747,0.29647312,0.36907033,0.32107918,0.7840097
STATE_C,embedding_0722,14,55,-0.05537581,-0.08741713,-0.04949947,-0.10775451,0.66042777,0.0698481,0.70945098
STATE_C,embedding_0723,14,55,-0.43020311,-0.37988913,-0.40901167,-0.37834349,-0.33435167,0.11204226,0.70945098
STATE_C,embedding_0724,14,55,-0.72310108,-0.63037723,-0.70766675,-0.64378199,-0.5076787,0.09322886,0.70945098
STATE_C,embedding_0725,14,55,-1.0198099,-1.02111566,-1.01334399,-1.02120606,0.08924449,0.82871209,0.9401047
STATE_C,embedding_0726,14,55,-0.61339125,-0.55860889,-0.58860108,-0.56445519,-0.18395533,0.65981559,0.89843552
STATE_C,embedding_0727,14,55,1.05239004,1.05959952,1.07255087,1.04731969,0.16500646,0.74836177,0.91519401
STATE_C,embedding_0728,14,55,0.00735115,-0.0013936,-0.01058934,-0.00661267,-0.03522299,0.86375922,0.95781746
STATE_C,embedding_0729,14,55,1.34332681,1.34944224,1.35795039,1.33799983,0.18882636,0.80553087,0.93451315
STATE_C,embedding_0730,14,55,-0.41152643,-0.4214702,-0.41738322,-0.41640282,-0.00960346,0.86375922,0.95781746
STATE_C,embedding_0731,14,55,0.15325502,0.13662389,0.14897079,0.10777716,0.21574785,0.42471359,0.81341655
STATE_C,embedding_0732,14,55,-0.28929916,-0.32188338,-0.31358609,-0.31602172,0.02262132,0.27277726,0.7840097
STATE_C,embedding_0733,14,55,-1.1627723,-1.13105583,-1.17161077,-1.13844518,-0.32418807,0.20737385,0.7840097
STATE_C,embedding_0734,14,55,-0.04621288,-0.11792975,-0.10555017,-0.11093113,0.044092,0.64904541,0.89652316
STATE_C,embedding_0735,14,55,-0.64866528,-0.71440184,-0.64055044,-0.71942431,0.46237764,0.1457269,0.71742474
STATE_C,embedding_0736,14,55,-0.47202164,-0.53161383,-0.47498415,-0.53425375,0.33097332,0.09919598,0.70945098
STATE_C,embedding_0737,14,55,0.56715769,0.59130871,0.62334389,0.57679455,0.24338136,0.5963245,0.89092701
STATE_C,embedding_0738,14,55,0.08797308,0.06380069,0.07895696,0.0725552,0.04891417,0.98214371,0.99248206
STATE_C,embedding_0739,14,55,-1.03085786,-0.97678477,-1.02910665,-0.95878905,-0.33366092,0.05151281,0.70945098
STATE_C,embedding_0740,14,55,-0.25060204,-0.26997492,-0.26104108,-0.25674148,-0.04577883,0.93459488,0.97922083
STATE_C,embedding_0741,14,55,0.85413787,0.82448405,0.81059579,0.81690994,-0.03564105,0.82871209,0.9401047
STATE_C,embedding_0742,14,55,-0.65314075,-0.67271817,-0.63297412,-0.66895073,0.33180973,0.24148065,0.7840097
STATE_C,embedding_0743,14,55,-0.81643602,-0.77968079,-0.80668995,-0.76288478,-0.37740758,0.1721694,0.72651703
STATE_C,embedding_0744,14,55,0.73227584,0.68446344,0.74686121,0.66132129,0.44597397,0.11893996,0.70945098
STATE_C,embedding_0745,14,55,-0.09995348,-0.07343584,-0.08615297,-0.06573497,-0.22180785,0.39091778,0.79847036
STATE_C,embedding_0746,14,55,0.05140878,0.07273304,0.06988065,0.04074935,0.18949244,0.73708112,0.91519401
STATE_C,embedding_0747,14,55,1.43811494,1.46147692,1.44214917,1.47607531,-0.28455566,0.33584833,0.7840097
STATE_C,embedding_0748,14,55,0.80577096,0.80106044,0.80984523,0.78695413,0.18810191,0.63834811,0.89298971
STATE_C,embedding_0749,14,55,0.68961707,0.71655214,0.67944254,0.71115548,-0.17558623,0.31385617,0.7840097
STATE_C,embedding_0750,14,55,0.03902369,0.00821702,0.01723518,-0.04005896,0.3148343,0.58601876,0.89092701
STATE_C,embedding_0751,14,55,0.56898454,0.57460225,0.57423837,0.55083505,0.16427472,0.85204345,0.95389121
STATE_C,embedding_0752,14,55,1.22074062,1.1830343,1.18490973,1.19425205,-0.0979658,0.98214371,0.99248206
STATE_C,embedding_0753,14,55,0.22414888,0.28492829,0.21769793,0.29124078,-0.53465748,0.01532302,0.70945098
STATE_C,embedding_0754,14,55,-0.24745595,-0.31992245,-0.27952326,-0.31099531,0.30418411,0.25994078,0.7840097
STATE_C,embedding_0755,14,55,-0.03425703,-0.07044316,-0.04267522,-0.06753083,0.22265125,0.42471359,0.81341655
STATE_C,embedding_0756,14,55,0.53748137,0.48202235,0.52759968,0.49966417,0.23622064,0.37465047,0.7840097
STATE_C,embedding_0757,14,55,0.36916035,0.44244111,0.37292617,0.4342286,-0.30534795,0.27277726,0.7840097
STATE_C,embedding_0758,14,55,0.10308957,0.04284021,0.11780086,0.06935853,0.31180144,0.20204725,0.7840097
STATE_C,embedding_0759,14,55,0.63716403,0.65012109,0.64424962,0.65792352,-0.15983484,0.42471359,0.81341655
STATE_C,embedding_0760,14,55,-0.10006438,-0.07169712,-0.05478918,-0.03523481,-0.08332164,0.81710148,0.93801784
STATE_C,embedding_0761,14,55,0.76273119,0.79308528,0.75092802,0.78215045,-0.3926208,0.12251144,0.70945098
STATE_C,embedding_0762,14,55,-0.3532833,-0.39843029,-0.37310533,-0.37692853,0.03557506,0.99404746,0.99664288
STATE_C,embedding_0763,14,55,0.2279163,0.1544221,0.2264354,0.16704076,0.31761327,0.24752862,0.7840097
STATE_C,embedding_0764,14,55,-0.20914435,-0.28200579,-0.21699441,-0.27064558,0.44162127,0.04167925,0.70945098
STATE_C,embedding_0765,14,55,2.17053783,2.27522874,2.16102551,2.26103483,-0.55409393,0.0129793,0.70945098
STATE_C,embedding_0766,14,55,-1.04890168,-1.05150652,-1.0510805,-1.02662788,-0.21194347,0.61717961,0.89096605
STATE_C,embedding_0767,14,55,-1.21240485,-1.1900537,-1.1947675,-1.17826932,-0.15398531,0.61717961,0.89096605
STATE_D,embedding_0000,24,45,-0.46129082,-0.49485961,-0.4571078,-0.47334646,0.1727531,0.3104851,0.49574336
STATE_D,embedding_0001,24,45,0.80867639,0.95811838,0.83737598,0.88959228,-0.24755193,0.03376219,0.13434903
STATE_D,embedding_0002,24,45,0.89632487,0.86467493,0.88821589,0.86573754,0.28477814,0.32886221,0.5143914
STATE_D,embedding_0003,24,45,-0.73554161,-0.70687026,-0.71221396,-0.7235322,0.07256395,0.95478842,0.97640147
STATE_D,embedding_0004,24,45,0.59123546,0.60322481,0.58404047,0.57303736,0.10295336,1.0,1.0
STATE_D,embedding_0005,24,45,-0.42360775,-0.40080693,-0.40110191,-0.38641218,-0.10385396,0.71014224,0.82385082
STATE_D,embedding_0006,24,45,1.16001493,1.18550074,1.18934554,1.17230512,0.12489546,0.87486247,0.93189234
STATE_D,embedding_0007,24,45,0.4127688,0.42106947,0.39441771,0.42804333,-0.33850197,0.3812379,0.57185685
STATE_D,embedding_0008,24,45,-0.71121413,-0.65147287,-0.73921559,-0.64501527,-0.69521962,0.02078415,0.10785289
STATE_D,embedding_0009,24,45,1.00841975,0.95508397,0.99852446,0.95697133,0.42549279,0.16009029,0.3235509
STATE_D,embedding_0010,24,45,-0.17522691,-0.19892506,-0.19586954,-0.17318603,-0.15269879,0.74800594,0.84109599
STATE_D,embedding_0011,24,45,0.42735538,0.4354783,0.40111364,0.43009384,-0.22836066,0.40924532,0.59639546
STATE_D,embedding_0012,24,45,-0.43369952,-0.55041564,-0.43363257,-0.53392489,0.67671677,0.01035156,0.07361109
STATE_D,embedding_0013,24,45,-0.47792056,-0.52904713,-0.46650634,-0.50018986,0.24261187,0.07061739,0.19650056
STATE_D,embedding_0014,24,45,1.29907137,1.53578067,1.36301569,1.5216874,-0.73747454,0.00159947,0.03718976
STATE_D,embedding_0015,24,45,-0.45614976,-0.4767361,-0.47394385,-0.46432071,-0.0730034,0.87486247,0.93189234
STATE_D,embedding_0016,24,45,-0.41545367,-0.53220969,-0.38919842,-0.48655954,0.54353718,0.00146666,0.03718976
STATE_D,embedding_0017,24,45,0.94878098,0.94778764,0.9337582,0.94103178,-0.07701339,0.5411714,0.71046091
STATE_D,embedding_0018,24,45,0.45760427,0.41543922,0.45098968,0.42532953,0.2450212,0.34793011,0.53656692
STATE_D,embedding_0019,24,45,0.88400427,0.84979725,0.88323506,0.8356499,0.45056984,0.16009029,0.3235509
STATE_D,embedding_0020,24,45,0.80318603,0.75656694,0.83957312,0.77798769,0.52379008,0.03940749,0.14835761
STATE_D,embedding_0021,24,45,-0.72343278,-0.83628446,-0.71142969,-0.81690458,0.87450164,7.422e-05,0.02883413
STATE_D,embedding_0022,24,45,0.08472828,-0.07210456,0.06083243,-0.0904158,0.6832265,0.014267,0.08836335
STATE_D,embedding_0023,24,45,1.72078973,1.69143116,1.70034471,1.66419911,0.3700813,0.15637572,0.32025747
STATE_D,embedding_0024,24,45,-0.8684679,-0.84793359,-0.86805807,-0.84103873,-0.33011006,0.09016258,0.22482098
STATE_D,embedding_0025,24,45,0.19133446,0.2158004,0.20789129,0.20626225,0.01389484,0.82549791,0.90054317
STATE_D,embedding_0026,24,45,1.01703936,0.99145794,1.00533076,0.99783864,0.09477178,0.60107805,0.75183704
STATE_D,embedding_0027,24,45,-3.90980053,-3.73962045,-3.97132112,-3.79500892,-0.57874247,0.0035384,0.04852663
STATE_D,embedding_0028,24,45,0.1134299,0.1360219,0.11223902,0.14348988,-0.28325719,0.24899592,0.42213878
STATE_D,embedding_0029,24,45,-0.50528741,-0.44517586,-0.49242839,-0.43229346,-0.54682441,0.02221421,0.11150662
STATE_D,embedding_0030,24,45,1.20375127,1.14040923,1.21681231,1.15584053,0.49982971,0.04448296,0.15743278
STATE_D,embedding_0031,24,45,0.83793762,0.85678428,0.83645853,0.82201523,0.10277563,0.79619412,0.87478839
STATE_D,embedding_0032,24,45,1.20997202,1.23629987,1.19631754,1.21047657,-0.10037337,0.20544829,0.38112147
STATE_D,embedding_0033,24,45,0.39472781,0.3509624,0.40077698,0.37003663,0.31246531,0.20544829,0.38112147
STATE_D,embedding_0034,24,45,-1.45033735,-1.55916607,-1.48690858,-1.52272836,0.19576281,0.09016258,0.22482098
STATE_D,embedding_0035,24,45,4.50251865,4.53245497,4.52837735,4.57100222,-0.24160194,0.33514149,0.52314769
STATE_D,embedding_0036,24,45,0.45215763,0.50487673,0.44203798,0.52989416,-0.56706852,0.06312283,0.18293711
STATE_D,embedding_0037,24,45,-0.43610257,-0.44196996,-0.41335487,-0.4276893,0.10795154,0.60107805,0.75183704
STATE_D,embedding_0038,24,45,-0.34408835,-0.19407725,-0.34796667,-0.19753882,-0.71836366,0.02221421,0.11150662
STATE_D,embedding_0039,24,45,-0.27015364,-0.30076629,-0.27412104,-0.2901059,0.17242849,0.3226597,0.50571969
STATE_D,embedding_0040,24,45,-0.0381465,-0.10826363,-0.0543785,-0.1147971,0.46891993,0.05009922,0.16728783
STATE_D,embedding_0041,24,45,1.09504634,1.17373884,1.11931185,1.17399444,-0.39582799,0.0187896,0.10162263
STATE_D,embedding_0042,24,45,0.77786413,0.61434096,0.83237247,0.64354729,0.81042349,0.00117783,0.03718976
STATE_D,embedding_0043,24,45,0.15571457,0.21472073,0.14160414,0.22093882,-0.53869785,0.04188019,0.15389467
STATE_D,embedding_0044,24,45,-0.05651391,0.08016994,-0.0604103,0.03776675,-0.78846293,0.00098565,0.03598324
STATE_D,embedding_0045,24,45,-0.65727922,-0.7053594,-0.6414643,-0.6722866,0.27014222,0.12897475,0.28381836
STATE_D,embedding_0046,24,45,-0.08413916,-0.07115845,-0.11268498,-0.0724985,-0.3909407,0.20544829,0.38112147
STATE_D,embedding_0047,24,45,0.40654641,0.39140216,0.41813576,0.4022403,0.14039708,0.40924532,0.59639546
STATE_D,embedding_0048,24,45,-0.09549039,-0.10695805,-0.06035324,-0.10210706,0.31375123,0.25949142,0.43136236
STATE_D,embedding_0049,24,45,-0.27542758,-0.2027463,-0.25267176,-0.19256419,-0.37429622,0.09258011,0.22716142
STATE_D,embedding_0050,24,45,0.11862233,0.05565286,0.12155101,0.087578,0.30310465,0.22406656,0.39650488
STATE_D,embedding_0051,24,45,-1.01060474,-1.01847279,-1.01521533,-0.9778305,-0.22385625,0.79619412,0.87478839
STATE_D,embedding_0052,24,45,-0.15855806,-0.23950723,-0.16805345,-0.2353511,0.63244995,0.00962393,0.07106902
STATE_D,embedding_0053,24,45,-0.87908435,-0.83878744,-0.86560141,-0.82791758,-0.31563931,0.24899592,0.42213878
STATE_D,embedding_0054,24,45,0.06844584,0.14966702,0.07488784,0.13705419,-0.45402405,0.05469145,0.17356625
STATE_D,embedding_0055,24,45,-0.34021303,-0.35128853,-0.33949815,-0.37044286,0.28101863,0.28139148,0.45882942
STATE_D,embedding_0056,24,45,-0.42025252,-0.41174126,-0.42608899,-0.39446475,-0.20346931,0.58365861,0.74090878
STATE_D,embedding_0057,24,45,0.1204439,0.09631579,0.13658202,0.11373124,0.14480866,0.72899145,0.82697996
STATE_D,embedding_0058,24,45,-0.82958192,-0.92100251,-0.80523418,-0.91515454,0.85200069,0.00224901,0.04016836
STATE_D,embedding_0059,24,45,1.31122577,1.24058807,1.34703004,1.1776648,0.6372053,0.043165,0.15490991
STATE_D,embedding_0060,24,45,1.01935226,1.02820051,1.01836919,1.03677342,-0.14061315,0.39509158,0.58239987
STATE_D,embedding_0061,24,45,-0.57139653,-0.59492421,-0.57768056,-0.597067,0.12086561,1.0,1.0
STATE_D,embedding_0062,24,45,-0.01594094,-0.10871758,-0.02089503,-0.13125269,0.6186081,0.03705986,0.14374734
STATE_D,embedding_0063,24,45,0.2352017,0.25846726,0.22931069,0.26096819,-0.30287018,0.19657242,0.37554134
STATE_D,embedding_0064,24,45,-1.69891417,-1.73613369,-1.68930483,-1.73308174,0.33468578,0.45347786,0.64256641
STATE_D,embedding_0065,24,45,-0.58851558,-0.65916258,-0.5752305,-0.65412055,0.52076248,0.110992,0.253696
STATE_D,embedding_0066,24,45,0.02215147,-0.0140099,-0.004283,-0.00343259,-0.00712811,0.43103254,0.61416139
STATE_D,embedding_0067,24,45,1.16674334,1.14503455,1.22285617,1.15160205,0.44696679,0.24386098,0.41898262
STATE_D,embedding_0068,24,45,0.616826,0.70973277,0.62453019,0.68948133,-0.49491872,0.01639174,0.09325079
STATE_D,embedding_0069,24,45,0.21036845,0.19476834,0.22919951,0.19491567,0.37923129,0.2146119,0.38690596
STATE_D,embedding_0070,24,45,-0.80329698,-0.81806946,-0.80514032,-0.78275322,-0.12221888,0.79619412,0.87478839
STATE_D,embedding_0071,24,45,1.52442694,1.47001696,1.54293232,1.46816885,0.41285873,0.16387118,0.32859808
STATE_D,embedding_0072,24,45,-3.91706145,-3.84579968,-3.84562505,-3.8474017,0.01128484,0.55797973,0.72021585
STATE_D,embedding_0073,24,45,-0.36057459,-0.22618078,-0.33213053,-0.23616816,-0.58371827,0.01112775,0.07562931
STATE_D,embedding_0074,24,45,-0.01560544,-0.09346082,-0.00172453,-0.06791527,0.3652946,0.03940749,0.14835761
STATE_D,embedding_0075,24,45,-0.16275438,0.0910702,-0.14078845,0.05298997,-1.0140988,0.0003379,0.02883413
STATE_D,embedding_0076,24,45,-0.65406752,-0.66190881,-0.72244573,-0.64310349,-0.58680294,0.19657242,0.37554134
STATE_D,embedding_0077,24,45,0.92780861,0.86383379,0.90166258,0.81977273,0.42463428,0.10277503,0.24212032
STATE_D,embedding_0078,24,45,-0.00136385,0.00611703,-0.02063268,-0.05262503,0.13165424,0.90472971,0.94406578
STATE_D,embedding_0079,24,45,-0.51102304,-0.49123955,-0.47720973,-0.50702859,0.22871397,0.54954388,0.7177716
STATE_D,embedding_0080,24,45,0.99428144,1.08272731,1.00654383,1.06823831,-0.45138148,0.13544774,0.29220187
STATE_D,embedding_0081,24,45,0.46076337,0.45391029,0.45649339,0.45126756,0.05938108,0.964828,0.98144093
STATE_D,embedding_0082,24,45,0.37381038,0.63689065,0.38165045,0.58113375,-0.88911138,0.00027824,0.02883413
STATE_D,embedding_0083,24,45,-0.32530536,-0.32721218,-0.31099541,-0.32788448,0.16592813,0.65468882,0.78440096
STATE_D,embedding_0084,24,45,0.28960325,0.26482883,0.29390046,0.29764827,-0.02617183,0.71954553,0.82602536
STATE_D,embedding_0085,24,45,-1.09712297,-1.05002356,-1.09993295,-1.03808584,-0.51976756,0.0788267,0.21093695
STATE_D,embedding_0086,24,45,-0.4287601,-0.48711428,-0.40044263,-0.49062007,0.40488215,0.28139148,0.45882942
STATE_D,embedding_0087,24,45,-0.5647833,-0.53930122,-0.57611799,-0.55554199,-0.16182941,0.43103254,0.61416139
STATE_D,embedding_0088,24,45,0.19268619,0.19907467,0.17352864,0.21215346,-0.26931597,0.64561903,0.77839155
STATE_D,embedding_0089,24,45,-1.00169617,-0.9823069,-1.0007517,-1.00181781,0.00888713,0.74800594,0.84109599
STATE_D,embedding_0090,24,45,0.22136358,0.1363624,0.22147355,0.13594698,0.46684716,0.10014616,0.23738349
STATE_D,embedding_0091,24,45,-0.4407907,-0.43953598,-0.46659023,-0.43367169,-0.19138718,0.72899145,0.82697996
STATE_D,embedding_0092,24,45,0.13300262,0.08428774,0.07421246,0.07644716,-0.01592854,0.75757182,0.84812705
STATE_D,embedding_0093,24,45,-1.00352705,-1.00864136,-1.09713769,-1.02775652,-0.32985268,0.71014224,0.82385082
STATE_D,embedding_0094,24,45,0.67226249,0.75435364,0.67239425,0.74718184,-0.61250691,0.01639174,0.09325079
STATE_D,embedding_0095,24,45,-0.95449191,-0.97936058,-0.95842411,-0.97259895,0.14411533,0.38812709,0.5799253
STATE_D,embedding_0096,24,45,0.79721725,0.69829232,0.78868006,0.71412844,0.6235376,0.00326286,0.04728069
STATE_D,embedding_0097,24,45,0.10065152,0.17633203,0.113067,0.17454426,-0.65734297,0.00546881,0.05915558
STATE_D,embedding_0098,24,45,0.14322909,0.23063369,0.12719849,0.21702886,-0.66882764,0.02882332,0.12436129
STATE_D,embedding_0099,24,45,-2.63082957,-2.59817171,-2.64550826,-2.59743188,-0.43038438,0.08548001,0.21882883
STATE_D,embedding_0100,24,45,-0.63980842,-0.5996713,-0.62175311,-0.60597443,-0.12279933,0.61872848,0.76151198
STATE_D,embedding_0101,24,45,0.2835885,0.34982964,0.2977038,0.33912865,-0.43850296,0.03071876,0.12683875
STATE_D,embedding_0102,24,45,1.72100192,1.80286396,1.77015285,1.77199184,-0.00851418,0.59233895,0.74454388
STATE_D,embedding_0103,24,45,0.33003072,0.22535333,0.33310784,0.2276764,0.59931918,0.02975807,0.12626629
STATE_D,embedding_0104,24,45,-0.57456362,-0.81839031,-0.60136543,-0.79951774,0.73425816,0.00103077,0.03598324
STATE_D,embedding_0105,24,45,-1.09543544,-1.05959666,-1.10420498,-1.06274277,-0.56626456,0.03376219,0.13434903
STATE_D,embedding_0106,24,45,-0.84769082,-0.7997905,-0.88360578,-0.8251652,-0.3528641,0.25420598,0.4262668
STATE_D,embedding_0107,24,45,0.33867754,0.37475574,0.34448833,0.35849085,-0.12943469,0.55797973,0.72021585
STATE_D,embedding_0108,24,45,-0.30593228,-0.32673782,-0.29057225,-0.34047685,0.34488149,0.34149748,0.52983851
STATE_D,embedding_0109,24,45,-0.76571694,-0.81111908,-0.75717572,-0.77114816,0.09033735,0.50028802,0.68366761
STATE_D,embedding_0110,24,45,0.07079293,0.01563816,0.054259,0.00573488,0.533097,0.0472209,0.16190023
STATE_D,embedding_0111,24,45,-0.59177798,-0.56433874,-0.60464764,-0.54554144,-0.52563107,0.07670488,0.20742728
STATE_D,embedding_0112,24,45,0.91625747,0.93932641,0.94960115,0.93318676,0.12542022,0.86494407,0.92517694
STATE_D,embedding_0113,24,45,-1.7873776,-1.88557255,-1.80451997,-1.84676964,0.23225501,0.2146119,0.38690596
STATE_D,embedding_0114,24,45,-0.39026733,-0.448062,-0.37041723,-0.44200034,0.70436386,0.03705986,0.14374734
STATE_D,embedding_0115,24,45,-1.03558797,-1.0185734,-1.03748442,-0.98806752,-0.35273573,0.36768652,0.55696893
STATE_D,embedding_0116,24,45,-0.16376629,-0.23371439,-0.14617457,-0.20523008,0.5115836,0.01639174,0.09325079
STATE_D,embedding_0117,24,45,-0.09765554,-0.12836351,-0.1256352,-0.13057403,0.02992618,0.6098749,0.75790279
STATE_D,embedding_0118,24,45,-0.43122609,-0.41974559,-0.43622456,-0.40668209,-0.19338368,0.59233895,0.74454388
STATE_D,embedding_0119,24,45,-0.03649373,-0.05055793,-0.04873179,-0.05534588,0.09487906,0.9849223,0.99267759
STATE_D,embedding_0120,24,45,1.29735529,1.18719018,1.26007224,1.2106574,0.35510426,0.08321355,0.21590543
STATE_D,embedding_0121,24,45,-0.34484316,-0.33804387,-0.3457075,-0.29344409,-0.40610282,0.3104851,0.49574336
STATE_D,embedding_0122,24,45,-0.36497571,-0.3000285,-0.35550912,-0.28415873,-0.5228957,0.06493193,0.18607359
STATE_D,embedding_0123,24,45,-0.55629829,-0.59113461,-0.56000113,-0.60671371,0.34312496,0.2146119,0.38690596
STATE_D,embedding_0124,24,45,0.0772237,0.09447353,0.12384402,0.0984896,0.14557327,0.91471763,0.95061318
STATE_D,embedding_0125,24,45,1.21563148,1.09926462,1.24171676,1.08674208,0.57821895,0.06312283,0.18293711
STATE_D,embedding_0126,24,45,0.02945487,0.15559132,0.01296827,0.12403506,-0.66875681,0.0026574,0.0425184
STATE_D,embedding_0127,24,45,-0.35868941,-0.38406476,-0.34925959,-0.39444874,0.48817307,0.10014616,0.23738349
STATE_D,embedding_0128,24,45,0.23763735,0.24417713,0.1946614,0.23855546,-0.35562013,0.42369643,0.60708742
STATE_D,embedding_0129,24,45,-0.71854514,-0.83998507,-0.70502603,-0.78350045,0.41264545,0.00662668,0.06283074
STATE_D,embedding_0130,24,45,0.80540928,0.6898182,0.80651328,0.70676253,0.59866204,0.01195521,0.07847522
STATE_D,embedding_0131,24,45,0.42183332,0.50997937,0.42997248,0.50091662,-0.5312541,0.03821835,0.14675846
STATE_D,embedding_0132,24,45,0.62721714,0.65801865,0.63233496,0.64494469,-0.09696128,0.54954388,0.7177716
STATE_D,embedding_0133,24,45,-0.15409297,-0.09862552,-0.16855964,-0.10222711,-0.64030604,0.0187896,0.10162263
STATE_D,embedding_0134,24,45,9.4387908,9.50624275,9.47169419,9.51451329,-0.154283,0.53286313,0.70802575
STATE_D,embedding_0135,24,45,-0.25243113,-0.20412596,-0.26304928,-0.22697199,-0.18872234,0.39509158,0.58239987
STATE_D,embedding_0136,24,45,0.13444609,-0.04555063,0.09857529,-0.01111287,0.75834123,0.00159947,0.03718976
STATE_D,embedding_0137,24,45,-0.45593883,-0.54388171,-0.4686175,-0.54165119,0.49888241,0.043165,0.15490991
STATE_D,embedding_0138,24,45,2.40070832,2.44352555,2.35428041,2.42987657,-0.49473188,0.12897475,0.28381836
STATE_D,embedding_0139,24,45,0.35173814,0.38941485,0.34682014,0.39210731,-0.33380912,0.15637572,0.32025747
STATE_D,embedding_0140,24,45,-0.95676962,-1.00166941,-0.97107318,-0.99364932,0.12756859,0.24899592,0.42213878
STATE_D,embedding_0141,24,45,0.86793083,0.91509974,0.88403909,0.84289106,0.14792683,0.76717497,0.85513843
STATE_D,embedding_0142,24,45,-1.7155444,-1.75185204,-1.6800832,-1.75943447,0.42842998,0.26485248,0.43837652
STATE_D,embedding_0143,24,45,0.35033676,0.30347687,0.32857565,0.29577723,0.25970337,0.19224128,0.37002833
STATE_D,embedding_0144,24,45,0.52948782,0.45412874,0.54358581,0.4608455,0.56661845,0.02451958,0.11343998
STATE_D,embedding_0145,24,45,-1.94683069,-1.95788956,-1.96643246,-1.9263444,-0.27849453,0.55797973,0.72021585
STATE_D,embedding_0146,24,45,0.35203169,0.41150886,0.33817465,0.38734976,-0.38204293,0.05159266,0.1686092
STATE_D,embedding_0147,24,45,-0.31489898,-0.36480901,-0.30491781,-0.35779706,0.35578364,0.27028938,0.4435518
STATE_D,embedding_0148,24,45,-1.3825174,-1.47829187,-1.3721663,-1.44323792,0.51102801,0.00770686,0.06296669
STATE_D,embedding_0149,24,45,-0.76823923,-0.64149189,-0.78054005,-0.60089009,-0.72581166,0.0092775,0.07106902
STATE_D,embedding_0150,24,45,0.77400854,0.88507736,0.73762432,0.85323165,-0.68276411,0.00056942,0.02999424
STATE_D,embedding_0151,24,45,-0.70064846,-0.73366445,-0.71227386,-0.71712431,0.05999415,0.86494407,0.92517694
STATE_D,embedding_0152,24,45,-0.00829355,-0.038332,0.01479865,-0.03823214,0.43950825,0.11675223,0.26607036
STATE_D,embedding_0153,24,45,0.35437244,0.19323629,0.33799569,0.193933,0.64649483,0.00742296,0.06296669
STATE_D,embedding_0154,24,45,1.23807663,1.22630441,1.2401975,1.21033673,0.20339311,0.41643389,0.60116772
STATE_D,embedding_0155,24,45,0.64510801,0.57210809,0.63928607,0.54159519,0.59571703,0.04188019,0.15389467
STATE_D,embedding_0156,24,45,-0.68465853,-0.72645777,-0.6334242,-0.74605997,0.49347524,0.1527269,0.31530715
STATE_D,embedding_0157,24,45,-1.53869522,-1.4853164,-1.62441158,-1.5011285,-0.61585778,0.02372909,0.11319218
STATE_D,embedding_0158,24,45,0.33256914,0.31015983,0.33742117,0.30244989,0.40325911,0.16009029,0.3235509
STATE_D,embedding_0159,24,45,2.1707449,2.14201045,2.14025943,2.16041579,-0.15798194,0.64561903,0.77839155
STATE_D,embedding_0160,24,45,0.58719021,0.59335816,0.61015997,0.58749975,0.19179174,0.90472971,0.94406578
STATE_D,embedding_0161,24,45,1.50123131,1.44208324,1.45967406,1.41266946,0.32202348,0.21930265,0.39168473
STATE_D,embedding_0162,24,45,0.78207871,0.7205888,0.75907725,0.69294864,0.43557678,0.10819725,0.25104377
STATE_D,embedding_0163,24,45,0.23547663,0.38432893,0.25707659,0.36118621,-0.65676521,0.00313255,0.04626535
STATE_D,embedding_0164,24,45,1.45405829,1.43794119,1.47276454,1.4412418,0.16453077,0.34793011,0.53656692
STATE_D,embedding_0165,24,45,0.82397598,0.77644259,0.82535814,0.78216919,0.39846109,0.14216887,0.29913888
STATE_D,embedding_0166,24,45,-0.68192858,-0.6386534,-0.67910269,-0.62655421,-0.40804824,0.23381533,0.40811403
STATE_D,embedding_0167,24,45,0.38091995,0.33925325,0.37632151,0.34259289,0.4020607,0.10014616,0.23738349
STATE_D,embedding_0168,24,45,-0.2226157,-0.26524365,-0.2054225,-0.26073151,0.50101216,0.06678358,0.1885654
STATE_D,embedding_0169,24,45,-0.24293147,-0.22561872,-0.23906017,-0.24342548,0.02900449,0.86494407,0.92517694
STATE_D,embedding_0170,24,45,1.46440524,1.37564886,1.4589431,1.35148405,0.77746956,0.00098565,0.03598324
STATE_D,embedding_0171,24,45,0.32807179,0.31605405,0.32135018,0.27658991,0.26143992,0.49231248,0.67759137
STATE_D,embedding_0172,24,45,-0.10599721,-0.28153765,-0.12119273,-0.2588227,0.76966723,0.00368396,0.04963651
STATE_D,embedding_0173,24,45,0.00692336,0.06989186,0.01366472,0.07815465,-0.53634429,0.09757119,0.23638698
STATE_D,embedding_0174,24,45,-0.8527272,-0.76526248,-0.86284856,-0.72231808,-0.591833,0.04583471,0.16073542
STATE_D,embedding_0175,24,45,0.20847713,0.30877453,0.20389888,0.30352999,-0.56576905,0.05962953,0.18029716
STATE_D,embedding_0176,24,45,0.48856695,0.47656158,0.50540658,0.47854828,0.32457445,0.31653399,0.5033087
STATE_D,embedding_0177,24,45,1.2737003,1.20764124,1.27733775,1.20282432,0.4301222,0.08321355,0.21590543
STATE_D,embedding_0178,24,45,-0.93934408,-1.0150286,-0.9293341,-1.01583193,0.71497796,0.00637885,0.06123696
STATE_D,embedding_0179,24,45,1.03070772,1.05682433,1.03619984,0.99248272,0.1731855,0.72899145,0.82697996
STATE_D,embedding_0180,24,45,-0.43047318,-0.44897613,-0.44344201,-0.46528534,0.13833323,0.46110367,0.65096989
STATE_D,embedding_0181,24,45,-0.24024191,-0.17081623,-0.22045837,-0.17408906,-0.55569697,0.05159266,0.1686092
STATE_D,embedding_0182,24,45,-0.00424085,-0.14516012,-0.01584016,-0.13536569,0.84878564,0.00181955,0.03776796
STATE_D,embedding_0183,24,45,0.73877832,0.71199983,0.71917817,0.70415505,0.1113053,0.7384787,0.83527488
STATE_D,embedding_0184,24,45,2.4978236,2.65424347,2.50246351,2.59140284,-0.48026467,0.00198138,0.0380425
STATE_D,embedding_0185,24,45,0.72992328,0.67090297,0.7224647,0.67645305,0.28817012,0.28705701,0.46608834
STATE_D,embedding_0186,24,45,-1.09312183,-0.91139984,-1.10269854,-0.9659266,-0.80324476,0.00039029,0.02997427
STATE_D,embedding_0187,24,45,0.58634737,0.61331433,0.58383337,0.59568715,-0.10266607,0.78648753,0.87160523
STATE_D,embedding_0188,24,45,0.12535814,0.05533942,0.15166357,0.07856166,0.46557012,0.05469145,0.17356625
STATE_D,embedding_0189,24,45,1.1346705,1.00397182,1.11911154,1.02675708,0.82274905,0.00174327,0.03718976
STATE_D,embedding_0190,24,45,1.19166899,1.24648023,1.19785567,1.23222844,-0.16933067,0.3226597,0.50571969
STATE_D,embedding_0191,24,45,0.05584446,0.15057154,0.06184166,0.13819868,-0.55656949,0.10545849,0.24617666
STATE_D,embedding_0192,24,45,0.12327136,0.15154849,0.11529183,0.14320936,-0.31144332,0.05629815,0.17364249
STATE_D,embedding_0193,24,45,0.37461819,0.38200614,0.40122537,0.38546748,0.10734735,0.88480058,0.933416
STATE_D,embedding_0194,24,45,-0.05630467,-0.11910176,-0.06198611,-0.10816011,0.37670915,0.10014616,0.23738349
STATE_D,embedding_0195,24,45,0.07563955,-0.0818723,0.06308765,-0.01920562,0.50173342,0.02372909,0.11319218
STATE_D,embedding_0196,24,45,-0.68785188,-0.73277283,-0.68734607,-0.69425194,0.03590381,0.34793011,0.53656692
STATE_D,embedding_0197,24,45,-0.08990224,-0.10473076,-0.06653958,-0.12170147,0.44487604,0.24386098,0.41898262
STATE_D,embedding_0198,24,45,-0.63783869,-0.68365157,-0.65461275,-0.67978162,0.26458864,0.20544829,0.38112147
STATE_D,embedding_0199,24,45,-0.97910041,-0.9367426,-0.98230363,-0.95527648,-0.24254186,0.3226597,0.50571969
STATE_D,embedding_0200,24,45,0.17034078,0.09670137,0.17931663,0.10863471,0.58244257,0.01238904,0.08063375
STATE_D,embedding_0201,24,45,-1.67534077,-1.67575765,-1.66871163,-1.65023603,-0.20109782,0.56647806,0.72630242
STATE_D,embedding_0202,24,45,0.55497521,0.57413614,0.55177564,0.57020099,-0.19529967,0.34149748,0.52983851
STATE_D,embedding_0203,24,45,-0.05040212,-0.06540896,-0.0474954,-0.07544828,0.40134024,0.1527269,0.31530715
STATE_D,embedding_0204,24,45,0.28296781,0.25074494,0.28794426,0.25299208,0.44648984,0.07462987,0.20324731
STATE_D,embedding_0205,24,45,0.14589559,0.20598379,0.14104573,0.20439715,-0.51407941,0.03821835,0.14675846
STATE_D,embedding_0206,24,45,-0.54998755,-0.57146865,-0.54062739,-0.56033645,0.18580826,0.49231248,0.67759137
STATE_D,embedding_0207,24,45,-0.99026674,-0.98370373,-0.9921518,-0.96117732,-0.20339606,0.64561903,0.77839155
STATE_D,embedding_0208,24,45,-1.29263175,-1.31560004,-1.2527972,-1.30825297,0.38966724,0.25949142,0.43136236
STATE_D,embedding_0209,24,45,-0.22333656,-0.24195755,-0.22556973,-0.2413844,0.15219464,0.70078288,0.81669386
STATE_D,embedding_0210,24,45,8.18519354,8.14164448,8.1898822,8.25590662,-0.13822052,0.94475601,0.97392297
STATE_D,embedding_0211,24,45,-0.56217745,-0.63209933,-0.52896613,-0.62380087,0.67013366,0.02148882,0.11002276
STATE_D,embedding_0212,24,45,-0.49447772,-0.51637262,-0.48397795,-0.51114851,0.33552636,0.17163424,0.33885629
STATE_D,embedding_0213,24,45,0.26073062,0.28411353,0.25854169,0.28262875,-0.27100925,0.25420598,0.4262668
STATE_D,embedding_0214,24,45,-0.48249534,-0.51292062,-0.48627259,-0.509207,0.27154543,0.24899592,0.42213878
STATE_D,embedding_0215,24,45,-0.23157881,-0.21777838,-0.21444212,-0.21052527,-0.04394286,0.59233895,0.74454388
STATE_D,embedding_0216,24,45,-0.86965746,-0.80147421,-0.85049128,-0.83241097,-0.21046377,0.24386098,0.41898262
STATE_D,embedding_0217,24,45,-0.83746824,-0.84496403,-0.83822203,-0.84281999,0.07134644,0.575038,0.73238671
STATE_D,embedding_0218,24,45,0.31965692,0.27904657,0.33064371,0.30541698,0.26685675,0.23381533,0.40811403
STATE_D,embedding_0219,24,45,-2.7286588,-2.82971525,-2.71149616,-2.81515941,1.0017478,0.00030672,0.02883413
STATE_D,embedding_0220,24,45,-0.70037624,-0.68443936,-0.73859385,-0.6397277,-0.50888719,0.13544774,0.29220187
STATE_D,embedding_0221,24,45,0.32358645,0.31576622,0.34390125,0.32312635,0.22768133,0.42369643,0.60708742
STATE_D,embedding_0222,24,45,-0.41211566,-0.36913532,-0.40526772,-0.3775816,-0.29905693,0.110992,0.253696
STATE_D,embedding_0223,24,45,-0.17703281,-0.22478229,-0.19049668,-0.22951241,0.39157373,0.07061739,0.19650056
STATE_D,embedding_0224,24,45,-0.02093294,-0.03142381,-0.02012335,-0.02649644,0.07955222,0.71954553,0.82602536
STATE_D,embedding_0225,24,45,0.15681772,0.16052966,0.16220183,0.17498567,-0.12397789,0.49231248,0.67759137
STATE_D,embedding_0226,24,45,-0.45899349,-0.46484151,-0.43819055,-0.44001746,0.01379446,0.49231248,0.67759137
STATE_D,embedding_0227,24,45,-0.14153804,-0.17783232,-0.13863735,-0.18100385,0.3135359,0.20999392,0.38490532
STATE_D,embedding_0228,24,45,-1.40633178,-1.45015454,-1.36903831,-1.51376857,0.54861544,0.08548001,0.21882883
STATE_D,embedding_0229,24,45,0.12006717,0.24947155,0.11265016,0.24320602,-0.82741296,0.00962393,0.07106902
STATE_D,embedding_0230,24,45,1.29773742,1.32863724,1.32114578,1.31607593,0.03034202,0.4021311,0.59050991
STATE_D,embedding_0231,24,45,-0.30309357,-0.28046647,-0.28874384,-0.2808087,-0.08617654,0.50833157,0.68975026
STATE_D,embedding_0232,24,45,-0.08261355,-0.14233705,-0.09873816,-0.13168815,0.26404599,0.24386098,0.41898262
STATE_D,embedding_0233,24,45,0.18136547,0.20095487,0.19117782,0.16686479,0.13395787,0.86494407,0.92517694
STATE_D,embedding_0234,24,45,-0.12392713,-0.13643622,-0.11484636,-0.13951146,0.20349964,0.68220101,0.80728871
STATE_D,embedding_0235,24,45,-0.03766716,0.13409021,-0.00574618,0.10886965,-0.80442065,0.00159947,0.03718976
STATE_D,embedding_0236,24,45,-1.04402685,-1.00197804,-1.04290346,-1.00217243,-0.3728276,0.14216887,0.29913888
STATE_D,embedding_0237,24,45,0.99267599,1.06869304,1.01014707,1.04497277,-0.23127622,0.21930265,0.39168473
STATE_D,embedding_0238,24,45,-0.75180081,-0.74286324,-0.75426347,-0.75960957,0.06971856,0.91471763,0.95061318
STATE_D,embedding_0239,24,45,-0.93550441,-0.79882848,-0.9263755,-0.83098431,-0.74300601,0.0012864,0.03718976
STATE_D,embedding_0240,24,45,-0.12338658,-0.09746478,-0.14799012,-0.09654134,-0.33447578,0.3226597,0.50571969
STATE_D,embedding_0241,24,45,-1.51770139,-1.52320421,-1.51577716,-1.51357796,-0.03029496,0.85504689,0.92359495
STATE_D,embedding_0242,24,45,0.63705134,0.61861026,0.64022198,0.60633414,0.33113626,0.34149748,0.52983851
STATE_D,embedding_0243,24,45,-0.74351272,-0.743779,-0.73965782,-0.74430694,0.06623608,0.95478842,0.97640147
STATE_D,embedding_0244,24,45,0.41935299,0.37352002,0.42738006,0.37894701,0.32165887,0.42369643,0.60708742
STATE_D,embedding_0245,24,45,0.19982783,0.20504388,0.17718951,0.25068757,-0.37491944,0.36102477,0.54904361
STATE_D,embedding_0246,24,45,-0.33242032,-0.38348261,-0.33520025,-0.34844241,0.09204986,0.39509158,0.58239987
STATE_D,embedding_0247,24,45,0.73426351,0.71757805,0.75147883,0.73424955,0.17088411,0.40924532,0.59639546
STATE_D,embedding_0248,24,45,-0.5292114,-0.35643041,-0.49765511,-0.36521365,-0.79148925,0.00449677,0.05154507
STATE_D,embedding_0249,24,45,-0.56903252,-0.513161,-0.5807828,-0.51018391,-0.50435727,0.02372909,0.11319218
STATE_D,embedding_0250,24,45,0.23259591,0.27422464,0.24448338,0.26100479,-0.19974903,0.19224128,0.37002833
STATE_D,embedding_0251,24,45,-0.99519154,-1.01579332,-0.98215364,-1.01305305,0.25533949,0.05159266,0.1686092
STATE_D,embedding_0252,24,45,-1.14332801,-1.17998469,-1.14073366,-1.14326443,0.0136257,0.30451301,0.48823798
STATE_D,embedding_0253,24,45,-1.17728066,-1.15210998,-1.1959958,-1.13451976,-0.43758873,0.14216887,0.29913888
STATE_D,embedding_0254,24,45,0.66044593,0.7027384,0.67299438,0.68823346,-0.11508888,0.10545849,0.24617666
STATE_D,embedding_0255,24,45,0.3258756,0.35969001,0.33663201,0.37215181,-0.2571433,0.36102477,0.54904361
STATE_D,embedding_0256,24,45,1.07802022,1.14022923,1.08811324,1.15733057,-0.41881198,0.0788267,0.21093695
STATE_D,embedding_0257,24,45,0.34452187,0.30273947,0.3536971,0.2945735,0.50923825,0.0686785,0.19320545
STATE_D,embedding_0258,24,45,0.23046576,0.17457116,0.25025671,0.1662318,0.74521724,0.01755481,0.09769633
STATE_D,embedding_0259,24,45,-0.35146639,-0.42540142,-0.33143872,-0.42215724,0.66649148,0.02451958,0.11343998
STATE_D,embedding_0260,24,45,0.73054036,0.72676128,0.73863682,0.73120458,0.04602808,0.97487315,0.98773427
STATE_D,embedding_0261,24,45,1.24439979,1.13716948,1.21731404,1.13426668,0.54513902,0.05962953,0.18029716
STATE_D,embedding_0262,24,45,-0.39324351,-0.41511083,-0.37901419,-0.39646702,0.11360706,0.88480058,0.933416
STATE_D,embedding_0263,24,45,0.65806943,0.63578546,0.72213539,0.65547892,0.32175568,0.36102477,0.54904361
STATE_D,embedding_0264,24,45,-0.92445737,-0.85598654,-0.91297151,-0.83422254,-0.48606312,0.03272025,0.13225869
STATE_D,embedding_0265,24,45,0.59503019,0.54860395,0.61491708,0.58516311,0.18356616,0.36102477,0.54904361
STATE_D,embedding_0266,24,45,2.77318621,2.88149238,2.81824986,2.85525121,-0.1955017,0.24899592,0.42213878
STATE_D,embedding_0267,24,45,1.22398782,1.22818315,1.23189686,1.23301385,-0.01159324,0.88480058,0.933416
STATE_D,embedding_0268,24,45,0.92069706,0.85421723,0.89843208,0.84895853,0.33946641,0.13544774,0.29220187
STATE_D,embedding_0269,24,45,1.02578813,1.01028109,1.0544442,1.020801,0.18184411,0.66380986,0.79039686
STATE_D,embedding_0270,24,45,0.15845849,0.11245247,0.16148974,0.11950073,0.24597547,0.74800594,0.84109599
STATE_D,embedding_0271,24,45,0.56748435,0.49467564,0.59121425,0.50861737,0.40540973,0.36102477,0.54904361
STATE_D,embedding_0272,24,45,0.11803707,0.18127699,0.13720656,0.13118565,0.0355296,0.72899145,0.82697996
STATE_D,embedding_0273,24,45,-0.81385452,-0.79606456,-0.77523248,-0.8050086,0.19941002,0.48440563,0.67152261
STATE_D,embedding_0274,24,45,0.57089248,0.58177394,0.58232912,0.62374317,-0.27994057,0.53286313,0.70802575
STATE_D,embedding_0275,24,45,-0.11759356,-0.08687996,-0.11851638,-0.09976687,-0.1374274,0.30451301,0.48823798
STATE_D,embedding_0276,24,45,-0.06161043,0.06001369,-0.01284945,0.07798288,-0.44450908,0.09504941,0.23173951
STATE_D,embedding_0277,24,45,0.95525655,1.02089918,0.95472429,1.01686881,-0.40698704,0.07462987,0.20324731
STATE_D,embedding_0278,24,45,-0.69023195,-0.66427803,-0.66380932,-0.65258789,-0.07912837,0.76717497,0.85513843
STATE_D,embedding_0279,24,45,0.03172167,-0.00921068,0.04680936,-0.02356588,0.50302128,0.0472209,0.16190023
STATE_D,embedding_0280,24,45,0.39037336,0.3906934,0.39469498,0.39312822,0.00950458,0.93473236,0.96618365
STATE_D,embedding_0281,24,45,0.50247465,0.43329495,0.46409194,0.47005549,-0.04031553,1.0,1.0
STATE_D,embedding_0282,24,45,0.74872184,0.72825563,0.71837313,0.6807731,0.15363343,0.89475684,0.93748056
STATE_D,embedding_0283,24,45,0.24122138,0.26748073,0.22464536,0.27286033,-0.40708158,0.16771898,0.33283767
STATE_D,embedding_0284,24,45,-0.98234159,-1.01926064,-0.99080111,-0.97671067,-0.07927359,0.84517247,0.918094
STATE_D,embedding_0285,24,45,0.08842567,0.03533139,0.11248683,0.02494425,0.55494884,0.09757119,0.23638698
STATE_D,embedding_0286,24,45,0.84220028,0.7478897,0.85891168,0.76009385,0.8652105,0.00094237,0.03598324
STATE_D,embedding_0287,24,45,0.10112887,0.10164121,0.08237044,0.10309224,-0.24748736,0.575038,0.73238671
STATE_D,embedding_0288,24,45,-0.68638185,-0.60314101,-0.65556098,-0.60727007,-0.49948666,0.02882332,0.12436129
STATE_D,embedding_0289,24,45,-4.48145103,-4.52846193,-4.49262675,-4.53954743,0.26370137,0.3812379,0.57185685
STATE_D,embedding_0290,24,45,-2.05721891,-1.96931612,-2.10121435,-1.96468859,-0.52858773,0.06493193,0.18607359
STATE_D,embedding_0291,24,45,-0.22750138,-0.26171067,-0.23720743,-0.2380351,0.00733413,0.39509158,0.58239987
STATE_D,embedding_0292,24,45,-0.8686392,-0.77189744,-0.85703584,-0.78122269,-0.65838357,0.00383495,0.05025414
STATE_D,embedding_0293,24,45,0.41023809,0.3582502,0.42330048,0.35815314,0.66746469,0.02451958,0.11343998
STATE_D,embedding_0294,24,45,0.8300333,0.88104802,0.80992274,0.88771756,-0.62456596,0.043165,0.15490991
STATE_D,embedding_0295,24,45,0.07555656,0.07718351,0.08823377,0.08111226,0.05096812,0.86494407,0.92517694
STATE_D,embedding_0296,24,45,0.97187614,0.93622601,0.98994042,0.93678738,0.31901735,0.28705701,0.46608834
STATE_D,embedding_0297,24,45,0.38620757,0.36488897,0.40768553,0.35259202,0.52066293,0.23880088,0.41493004
STATE_D,embedding_0298,24,45,-0.89488611,-0.79688352,-0.8803596,-0.77998674,-0.47427117,0.05312318,0.1714227
STATE_D,embedding_0299,24,45,-4.24972582,-4.01717281,-4.23927825,-4.06318135,-0.79730981,0.00288606,0.04346067
STATE_D,embedding_0300,24,45,0.4040795,0.32230198,0.41975633,0.33607771,0.70359582,0.01639174,0.09325079
STATE_D,embedding_0301,24,45,0.64504293,0.69256234,0.67313731,0.70282657,-0.26179703,0.3812379,0.57185685
STATE_D,embedding_0302,24,45,-0.3989407,-0.31254217,-0.39061412,-0.32550374,-0.49246883,0.05629815,0.17364249
STATE_D,embedding_0303,24,45,0.38899562,0.3959938,0.41321669,0.39558948,0.17691421,0.62763775,0.76755699
STATE_D,embedding_0304,24,45,-0.00922403,0.00445494,-0.00046059,0.01699677,-0.11170606,0.89475684,0.93748056
STATE_D,embedding_0305,24,45,0.22407606,0.23832563,0.22712219,0.21555811,0.12303672,0.9849223,0.99267759
STATE_D,embedding_0306,24,45,0.83053023,0.86893052,0.84924894,0.84862864,0.00432144,0.61872848,0.76151198
STATE_D,embedding_0307,24,45,1.06156236,1.07794595,1.10243891,1.10420269,-0.01552928,0.74800594,0.84109599
STATE_D,embedding_0308,24,45,-0.9449268,-1.01488328,-0.94612376,-1.00096395,0.68819109,0.00288606,0.04346067
STATE_D,embedding_0309,24,45,0.14058132,0.12052967,0.10907748,0.1319055,-0.17834495,0.60107805,0.75183704
STATE_D,embedding_0310,24,45,0.33085383,0.42641002,0.31690838,0.41852026,-0.64435529,0.0229608,0.11303778
STATE_D,embedding_0311,24,45,-0.59600857,-0.57489359,-0.60413353,-0.57327663,-0.19830505,0.5411714,0.71046091
STATE_D,embedding_0312,24,45,0.29777096,0.28889579,0.3205415,0.29403631,0.18376531,0.64561903,0.77839155
STATE_D,embedding_0313,24,45,-1.1603772,-1.07917285,-1.1423252,-1.06468743,-0.53209124,0.05629815,0.17364249
STATE_D,embedding_0314,24,45,-0.69820815,-0.66666609,-0.68810576,-0.67904168,-0.05921559,0.50028802,0.68366761
STATE_D,embedding_0315,24,45,-0.58197796,-0.46068731,-0.54650303,-0.51531592,-0.1378805,0.20097461,0.38016872
STATE_D,embedding_0316,24,45,-0.79452342,-0.78996998,-0.81112124,-0.78849392,-0.18521274,0.26485248,0.43837652
STATE_D,embedding_0317,24,45,-0.03441059,0.10047834,-0.02989744,0.07789817,-0.87720135,0.00062488,0.02999424
STATE_D,embedding_0318,24,45,0.88804445,0.81780946,0.89152216,0.82509499,0.55066561,0.02451958,0.11343998
STATE_D,embedding_0319,24,45,-0.35884,-0.33574361,-0.39483061,-0.309054,-0.34554334,0.25420598,0.4262668
STATE_D,embedding_0320,24,45,-0.00919332,-0.16249885,0.03063264,-0.11870096,0.75008936,0.00568461,0.05980521
STATE_D,embedding_0321,24,45,0.21241851,0.1956331,0.0824085,0.20814023,-0.5732238,0.19224128,0.37002833
STATE_D,embedding_0322,24,45,-0.46017355,-0.42763504,-0.4625287,-0.42525114,-0.31260514,0.36768652,0.55696893
STATE_D,embedding_0323,24,45,0.19349491,0.31926996,0.20209314,0.28443322,-0.62198433,0.00637885,0.06123696
STATE_D,embedding_0324,24,45,0.61528862,0.62879366,0.61743452,0.60747033,0.13204983,0.95478842,0.97640147
STATE_D,embedding_0325,24,45,1.73809797,1.64642704,1.71680911,1.65287501,0.57239727,0.0200997,0.10572993
STATE_D,embedding_0326,24,45,-0.81394163,-0.78604257,-0.77689283,-0.755955,-0.11377835,0.61872848,0.76151198
STATE_D,embedding_0327,24,45,-0.44786741,-0.59701067,-0.43757319,-0.61232922,0.78499985,0.00613939,0.06123444
STATE_D,embedding_0328,24,45,-0.12583485,-0.14936456,-0.08181096,-0.17137595,0.36590937,0.25949142,0.43136236
STATE_D,embedding_0329,24,45,-0.16496103,-0.16797575,-0.20593533,-0.21817574,0.07742461,0.76717497,0.85513843
STATE_D,embedding_0330,24,45,-0.16936939,-0.05595227,-0.17495433,-0.09075784,-0.60862223,0.00062488,0.02999424
STATE_D,embedding_0331,24,45,0.69978517,0.86950314,0.69389206,0.81223495,-0.52810478,0.02702946,0.11930244
STATE_D,embedding_0332,24,45,0.31120926,0.26085186,0.29326001,0.29526695,-0.01273547,0.90472971,0.94406578
STATE_D,embedding_0333,24,45,0.08446455,7.799e-05,0.09566197,-0.01132295,0.65774107,0.07670488,0.20742728
STATE_D,embedding_0334,24,45,1.42829835,1.4271301,1.41403982,1.42782861,-0.16332798,0.70078288,0.81669386
STATE_D,embedding_0335,24,45,-0.93842646,-0.9557066,-1.01518401,-0.95186183,-0.31605767,0.46880062,0.65580852
STATE_D,embedding_0336,24,45,-0.03835606,-0.06978992,-0.0309338,-0.0742511,0.38759439,0.22406656,0.39650488
STATE_D,embedding_0337,24,45,0.047261,0.02818304,-0.00425293,0.04220638,-0.2458079,0.85504689,0.92359495
STATE_D,embedding_0338,24,45,-0.81392682,-0.81265444,-0.76646874,-0.83101215,0.45471691,0.3226597,0.50571969
STATE_D,embedding_0339,24,45,0.95944947,0.97940922,0.96813926,0.97802749,-0.07217624,0.50833157,0.68975026
STATE_D,embedding_0340,24,45,0.71248606,0.70384771,0.71092865,0.70387089,0.09576013,0.79619412,0.87478839
STATE_D,embedding_0341,24,45,-0.88344815,-0.7767024,-0.91060637,-0.79742677,-0.93989308,0.00032196,0.02883413
STATE_D,embedding_0342,24,45,-1.12403226,-1.05084825,-1.12532105,-1.05896914,-0.5778469,0.04864219,0.16456917
STATE_D,embedding_0343,24,45,1.10930717,1.11277461,1.10728867,1.10466507,0.02296949,0.85504689,0.92359495
STATE_D,embedding_0344,24,45,-0.69221982,-0.68654543,-0.68577636,-0.6863465,0.0035457,0.59233895,0.74454388
STATE_D,embedding_0345,24,45,0.71779081,0.66335893,0.70701262,0.65315209,0.55631212,0.0200997,0.10572993
STATE_D,embedding_0346,24,45,-1.01013005,-0.95632041,-1.02862703,-0.93780412,-0.57006397,0.02616924,0.11822339
STATE_D,embedding_0347,24,45,0.6690563,0.63230067,0.65234011,0.64951645,0.01889977,0.99497383,0.99887569
STATE_D,embedding_0348,24,45,1.04704964,1.13820779,1.06598903,1.12171587,-0.38872469,0.0472209,0.16190023
STATE_D,embedding_0349,24,45,-2.4917711,-2.45831752,-2.5534807,-2.42154372,-0.40822673,0.29279904,0.47340982
STATE_D,embedding_0350,24,45,-0.67151967,-0.64251888,-0.68190432,-0.62131162,-0.40132136,0.14216887,0.29913888
STATE_D,embedding_0351,24,45,0.22461759,0.19289459,0.20333377,0.2001853,0.0339511,0.964828,0.98144093
STATE_D,embedding_0352,24,45,0.53003436,0.56195706,0.50348793,0.54088063,-0.27484634,0.16771898,0.33283767
STATE_D,embedding_0353,24,45,0.64573824,0.71088761,0.62560042,0.67280201,-0.33764417,0.06678358,0.1885654
STATE_D,embedding_0354,24,45,-0.67589337,-0.72708285,-0.69048459,-0.70497829,0.09802927,0.1756175,0.34494691
STATE_D,embedding_0355,24,45,0.89745826,0.87707573,0.9455564,0.87812523,0.60468903,0.07061739,0.19650056
STATE_D,embedding_0356,24,45,0.44846267,0.31267092,0.46143194,0.33915327,0.83950921,0.00174327,0.03718976
STATE_D,embedding_0357,24,45,-0.22728992,-0.17256227,-0.23638155,-0.17752925,-0.39656721,0.13877697,0.29771149
STATE_D,embedding_0358,24,45,0.62907189,0.57303506,0.65948044,0.56698725,0.68254764,0.014267,0.08836335
STATE_D,embedding_0359,24,45,0.49049537,0.47224671,0.5485316,0.45381521,0.56073936,0.09258011,0.22716142
STATE_D,embedding_0360,24,45,0.44047311,0.42408982,0.42055219,0.43242108,-0.10226556,0.64561903,0.77839155
STATE_D,embedding_0361,24,45,0.35941923,0.3268351,0.35372521,0.31365881,0.37480518,0.20999392,0.38490532
STATE_D,embedding_0362,24,45,0.84523696,0.83364815,0.86229198,0.83585228,0.36467005,0.21930265,0.39168473
STATE_D,embedding_0363,24,45,-0.38000001,-0.41985664,-0.37271739,-0.41064257,0.32159688,0.13544774,0.29220187
STATE_D,embedding_0364,24,45,0.69863555,0.78828806,0.66074901,0.77647178,-0.72882018,0.02616924,0.11822339
STATE_D,embedding_0365,24,45,1.18870169,1.26485038,1.17041533,1.24262112,-0.4817953,0.00590805,0.06123444
STATE_D,embedding_0366,24,45,-0.22308854,-0.3333309,-0.23363325,-0.34207328,0.82260528,0.01195521,0.07847522
STATE_D,embedding_0367,24,45,0.13345786,0.11828904,0.1408099,0.11438236,0.30164895,0.3744243,0.56605878
STATE_D,embedding_0368,24,45,0.89360452,0.88611829,0.89541091,0.85802521,0.25787464,0.50833157,0.68975026
STATE_D,embedding_0369,24,45,-0.1368805,-0.18929166,-0.12720726,-0.19851594,0.48222044,0.02148882,0.11002276
STATE_D,embedding_0370,24,45,0.82347634,0.80132335,0.80843391,0.79640768,0.06698714,0.54954388,0.7177716
STATE_D,embedding_0371,24,45,-0.69520494,-0.66728967,-0.69256657,-0.67370429,-0.25513479,0.21930265,0.39168473
STATE_D,embedding_0372,24,45,0.92971036,1.01599848,0.9285872,0.9688457,-0.29156707,0.02882332,0.12436129
STATE_D,embedding_0373,24,45,-0.07965801,-0.1425678,-0.08739124,-0.10663296,0.15397267,0.48440563,0.67152261
STATE_D,embedding_0374,24,45,2.09194553,2.08110142,2.07326719,2.06932519,0.05568749,0.7384787,0.83527488
STATE_D,embedding_0375,24,45,0.57007378,0.51715326,0.59866438,0.52230074,0.57232303,0.03071876,0.12683875
STATE_D,embedding_0376,24,45,-1.85510105,-1.88698041,-1.85872297,-1.86766949,0.04992794,0.63660163,0.7760477
STATE_D,embedding_0377,24,45,-0.97473007,-0.99337244,-0.97131493,-0.96968772,-0.01372971,0.51644244,0.69583823
STATE_D,embedding_0378,24,45,0.12444443,0.16458149,0.11741305,0.17028105,-0.522098,0.03483238,0.13789313
STATE_D,embedding_0379,24,45,0.09541657,0.19008568,0.06612785,0.18249339,-0.66882834,0.01639174,0.09325079
STATE_D,embedding_0380,24,45,-0.83404157,-0.77540982,-0.80707297,-0.75946002,-0.30069953,0.2146119,0.38690596
STATE_D,embedding_0381,24,45,0.13114814,0.12471661,0.15763317,0.1087884,0.35606177,0.25420598,0.4262668
STATE_D,embedding_0382,24,45,-0.52932873,-0.58767253,-0.51648071,-0.58739858,0.75169535,0.00688314,0.06293157
STATE_D,embedding_0383,24,45,-0.79804987,-0.75289786,-0.79424649,-0.76700583,-0.28571984,0.110992,0.253696
STATE_D,embedding_0384,24,45,0.86195582,0.88330072,0.86297209,0.83617081,0.11328321,0.79619412,0.87478839
STATE_D,embedding_0385,24,45,-0.15674669,-0.17885077,-0.15319402,-0.18599332,0.56992534,0.03071876,0.12683875
STATE_D,embedding_0386,24,45,0.33864015,0.33541518,0.33384534,0.32538454,0.08525777,0.95478842,0.97640147
STATE_D,embedding_0387,24,45,0.75660732,0.75496298,0.75676275,0.73013524,0.22689708,0.59233895,0.74454388
STATE_D,embedding_0388,24,45,-0.64807189,-0.75988686,-0.63854425,-0.74707097,0.68585191,0.00399154,0.05025414
STATE_D,embedding_0389,24,45,-0.50065958,-0.5722087,-0.51966328,-0.57565498,0.45867998,0.043165,0.15490991
STATE_D,embedding_0390,24,45,0.34688443,0.34400663,0.33435888,0.34488484,-0.12879937,0.85504689,0.92359495
STATE_D,embedding_0391,24,45,-0.05021805,-0.19694778,-0.07145121,-0.18753178,0.61672011,0.0092775,0.07106902
STATE_D,embedding_0392,24,45,0.36758438,0.329557,0.38124703,0.3289059,0.51593812,0.11971909,0.26963126
STATE_D,embedding_0393,24,45,-0.08369153,-0.12307146,-0.08428254,-0.10950473,0.26997466,0.12897475,0.28381836
STATE_D,embedding_0394,24,45,-0.58426377,-0.51041836,-0.58705336,-0.5253306,-0.51482341,0.04448296,0.15743278
STATE_D,embedding_0395,24,45,-0.67252332,-0.43643013,-0.65030538,-0.45639762,-0.85242929,0.00166995,0.03718976
STATE_D,embedding_0396,24,45,0.02422568,0.06581342,-0.01839907,0.0615307,-0.67281807,0.03376219,0.13434903
STATE_D,embedding_0397,24,45,0.12760571,0.19690773,0.114145,0.18815647,-0.52902253,0.04188019,0.15389467
STATE_D,embedding_0398,24,45,0.04794999,0.02277192,0.02574239,0.00515388,0.15440008,0.69146871,0.81076026
STATE_D,embedding_0399,24,45,0.26242104,0.30202672,0.26089573,0.30593293,-0.38188075,0.17163424,0.33885629
STATE_D,embedding_0400,24,45,-0.64310572,-0.59849107,-0.6498214,-0.60478298,-0.73020877,0.00568461,0.05980521
STATE_D,embedding_0401,24,45,-0.10222467,-0.0947392,-0.13092544,-0.11265601,-0.18203892,0.40924532,0.59639546
STATE_D,embedding_0402,24,45,0.08573606,0.05073825,0.06373428,0.04803873,0.17311513,0.46880062,0.65580852
STATE_D,embedding_0403,24,45,0.84304249,0.83343816,0.80338097,0.82535326,-0.27097781,0.55797973,0.72021585
STATE_D,embedding_0404,24,45,-0.1434361,-0.14361998,-0.13850929,-0.1420512,0.04187316,0.91471763,0.95061318
STATE_D,embedding_0405,24,45,0.53450659,0.39500964,0.52304278,0.43271084,0.61053148,0.0092775,0.07106902
STATE_D,embedding_0406,24,45,-0.40197383,-0.40262067,-0.37514354,-0.40830874,0.31195661,0.62763775,0.76755699
STATE_D,embedding_0407,24,45,0.48364951,0.39770043,0.47684247,0.41427699,0.64196356,0.00962393,0.07106902
STATE_D,embedding_0408,24,45,-0.17260586,-0.20610759,-0.17795995,-0.2033369,0.34085292,0.13877697,0.29771149
STATE_D,embedding_0409,24,45,0.22202934,0.13062462,0.21334478,0.12903854,0.77703743,0.00153174,0.03718976
STATE_D,embedding_0410,24,45,-0.91045967,-0.92901671,-0.8969995,-0.90632051,0.06306577,0.41643389,0.60116772
STATE_D,embedding_0411,24,45,0.44548412,0.42496848,0.46458586,0.42039777,0.38080971,0.13218055,0.29004189
STATE_D,embedding_0412,24,45,-0.49571073,-0.56531465,-0.48113587,-0.57405897,0.8205582,0.00432226,0.05154507
STATE_D,embedding_0413,24,45,-0.46653259,-0.3813149,-0.45607737,-0.39663541,-0.55683217,0.00962393,0.07106902
STATE_D,embedding_0414,24,45,-1.2500096,-1.351336,-1.21288609,-1.29627955,0.40925901,0.00770686,0.06296669
STATE_D,embedding_0415,24,45,0.23836681,0.16421755,0.23642814,0.16734214,0.43106183,0.0613556,0.181235
STATE_D,embedding_0416,24,45,1.23019457,1.28804874,1.22764781,1.25042753,-0.11272101,0.3812379,0.57185685
STATE_D,embedding_0417,24,45,-0.23688674,-0.27139094,-0.2685214,-0.22787822,-0.1659081,0.88480058,0.933416
STATE_D,embedding_0418,24,45,-0.37029296,-0.37600562,-0.38028399,-0.3677771,-0.11128035,0.69146871,0.81076026
STATE_D,embedding_0419,24,45,0.21180994,0.2667402,0.19688471,0.24486966,-0.378464,0.10277503,0.24212032
STATE_D,embedding_0420,24,45,0.37802792,0.33518338,0.38577235,0.33141824,0.44640105,0.20999392,0.38490532
STATE_D,embedding_0421,24,45,0.82356024,0.9006961,0.83260108,0.8717585,-0.31191701,0.0788267,0.21093695
STATE_D,embedding_0422,24,45,-0.58755541,-0.60989082,-0.5516832,-0.64916625,0.46975225,0.11971909,0.26963126
STATE_D,embedding_0423,24,45,-0.13628504,-0.0837297,-0.13257501,-0.07438912,-0.46553721,0.0613556,0.181235
STATE_D,embedding_0424,24,45,-0.74513355,-0.72558099,-0.73377702,-0.72992608,-0.05422623,0.84517247,0.918094
STATE_D,embedding_0425,24,45,0.03741267,0.0263048,0.02986363,0.01401538,0.12885504,0.89475684,0.93748056
STATE_D,embedding_0426,24,45,-0.99135488,-0.90631336,-0.97873751,-0.88773633,-0.62759455,0.014267,0.08836335
STATE_D,embedding_0427,24,45,-0.27188033,-0.23933932,-0.275715,-0.24541665,-0.3958211,0.05629815,0.17364249
STATE_D,embedding_0428,24,45,-0.0531142,-0.08245537,-0.07110215,-0.06323735,-0.10428255,0.95478842,0.97640147
STATE_D,embedding_0429,24,45,-0.20478096,-0.20436689,-0.2319714,-0.19746371,-0.2846031,0.20544829,0.38112147
STATE_D,embedding_0430,24,45,0.17453407,0.17031103,0.17052449,0.16632366,0.03275651,0.9849223,0.99267759
STATE_D,embedding_0431,24,45,0.69826496,0.8292433,0.68792895,0.79580561,-0.75158053,0.00056942,0.02999424
STATE_D,embedding_0432,24,45,0.06176103,0.0576329,0.04768006,0.0546107,-0.07313671,0.99497383,0.99887569
STATE_D,embedding_0433,24,45,-0.19713269,-0.30036107,-0.18717761,-0.29834744,0.64827233,0.01583601,0.09325079
STATE_D,embedding_0434,24,45,-0.64889321,-0.64533758,-0.65750341,-0.63917175,-0.2135756,0.50028802,0.68366761
STATE_D,embedding_0435,24,45,0.01504627,0.02218533,0.00663129,0.01856465,-0.11329362,0.5411714,0.71046091
STATE_D,embedding_0436,24,45,-0.64156651,-0.55285257,-0.62469637,-0.54173628,-0.68015909,0.00526043,0.05771443
STATE_D,embedding_0437,24,45,-0.36841118,-0.3430818,-0.38438163,-0.35883698,-0.29859839,0.1756175,0.34494691
STATE_D,embedding_0438,24,45,-0.18715324,-0.11791718,-0.21895749,-0.09281178,-0.59882418,0.06312283,0.18293711
STATE_D,embedding_0439,24,45,-0.10415583,-0.10962927,-0.10509465,-0.1164016,0.13568312,0.69146871,0.81076026
STATE_D,embedding_0440,24,45,1.71356916,1.73742211,1.65415236,1.73793266,-0.49572056,0.19657242,0.37554134
STATE_D,embedding_0441,24,45,-0.38797878,-0.49456152,-0.37765085,-0.49023598,0.56009304,0.04583471,0.16073542
STATE_D,embedding_0442,24,45,-0.45479602,-0.31863159,-0.48893187,-0.35640125,-0.75136238,0.00688314,0.06293157
STATE_D,embedding_0443,24,45,0.66704282,0.5910092,0.66901277,0.61204993,0.41030822,0.05009922,0.16728783
STATE_D,embedding_0444,24,45,1.19212025,1.19857919,1.207983,1.20091202,0.0715776,0.65468882,0.78440096
STATE_D,embedding_0445,24,45,0.39501922,0.28991491,0.38422073,0.30540634,0.77157116,0.00399154,0.05025414
STATE_D,embedding_0446,24,45,-0.43227583,-0.37977692,-0.43120953,-0.38291548,-0.50068551,0.06493193,0.18607359
STATE_D,embedding_0447,24,45,-0.08075584,-0.09543812,-0.05108134,-0.07450168,0.19225121,0.29861767,0.48079323
STATE_D,embedding_0448,24,45,-0.15014029,-0.18030116,-0.15136877,-0.19878274,0.4084253,0.12582968,0.28092208
STATE_D,embedding_0449,24,45,-0.43781026,-0.51343447,-0.43497236,-0.51398389,0.63981879,0.03705986,0.14374734
STATE_D,embedding_0450,24,45,-1.64886695,-1.66417778,-1.63871293,-1.6444975,0.05035051,0.53286313,0.70802575
STATE_D,embedding_0451,24,45,1.16660708,1.1584332,1.16886255,1.14660088,0.22441166,0.86494407,0.92517694
STATE_D,embedding_0452,24,45,1.04459375,1.16092551,1.04321187,1.12440573,-0.47367751,0.00198138,0.0380425
STATE_D,embedding_0453,24,45,0.07163463,0.02574192,0.05856293,0.00784998,0.49607818,0.07260094,0.19913401
STATE_D,embedding_0454,24,45,-0.12034471,-0.12432037,-0.13014276,-0.12282614,-0.0748292,0.75757182,0.84812705
STATE_D,embedding_0455,24,45,-0.15423674,-0.30148512,-0.18125509,-0.30877154,0.73094373,0.00449677,0.05154507
STATE_D,embedding_0456,24,45,-0.60498753,-0.63724023,-0.60684012,-0.62167825,0.08098488,0.70078288,0.81669386
STATE_D,embedding_0457,24,45,-0.53341943,-0.44424343,-0.53945688,-0.42527216,-0.68392736,0.0229608,0.11303778
STATE_D,embedding_0458,24,45,-0.06070787,-0.13411333,-0.09055243,-0.14692093,0.37837809,0.08099601,0.2130306
STATE_D,embedding_0459,24,45,-0.65393123,-0.6013118,-0.64569547,-0.61233729,-0.29503264,0.27028938,0.4435518
STATE_D,embedding_0460,24,45,0.85581198,0.8200593,0.86685506,0.82121929,0.27877983,0.23381533,0.40811403
STATE_D,embedding_0461,24,45,-1.5032925,-1.52842748,-1.5172542,-1.54263229,0.15585952,0.48440563,0.67152261
STATE_D,embedding_0462,24,45,-0.08125088,0.10921145,-0.07229761,0.11173982,-0.80308884,0.00449677,0.05154507
STATE_D,embedding_0463,24,45,-0.61014226,-0.59829748,-0.62668513,-0.60592301,-0.18397392,0.71954553,0.82602536
STATE_D,embedding_0464,24,45,0.58245823,0.48657617,0.57934513,0.50227842,0.67350223,0.00613939,0.06123444
STATE_D,embedding_0465,24,45,-0.35067394,-0.43942907,-0.3591649,-0.44039751,0.6600168,0.00449677,0.05154507
STATE_D,embedding_0466,24,45,1.50496227,1.38099933,1.48007555,1.40113211,0.55489081,0.03272025,0.13225869
STATE_D,embedding_0467,24,45,1.07104594,1.0373683,1.0499593,1.05175892,-0.01180892,0.87486247,0.93189234
STATE_D,embedding_0468,24,45,0.72635141,0.75093228,0.71498791,0.7293386,-0.07700781,0.6098749,0.75790279
STATE_D,embedding_0469,24,45,-0.78992337,-0.74742645,-0.80282704,-0.77749435,-0.17891674,0.5411714,0.71046091
STATE_D,embedding_0470,24,45,1.2463963,1.31000602,1.22146355,1.31243425,-0.67767998,0.03940749,0.14835761
STATE_D,embedding_0471,24,45,0.20106773,0.26804364,0.21227137,0.26330979,-0.3726527,0.1527269,0.31530715
STATE_D,embedding_0472,24,45,-0.04896288,0.02634856,-0.05569615,0.0279517,-0.72834827,0.00770686,0.06296669
STATE_D,embedding_0473,24,45,-1.82711333,-1.72703946,-1.83547799,-1.73336466,-0.7427153,0.00234533,0.04082771
STATE_D,embedding_0474,24,45,1.32130557,1.44061995,1.32417677,1.41622836,-0.62261729,0.01329874,0.08511194
STATE_D,embedding_0475,24,45,-0.16761711,-0.09399685,-0.17921927,-0.05951533,-0.52532006,0.08099601,0.2130306
STATE_D,embedding_0476,24,45,-1.20176846,-1.20278287,-1.20073814,-1.17630307,-0.2263523,0.69146871,0.81076026
STATE_D,embedding_0477,24,45,-0.61316404,-0.61467963,-0.63692462,-0.59458616,-0.26762656,0.46880062,0.65580852
STATE_D,embedding_0478,24,45,-0.60424837,-0.63646156,-0.60607606,-0.63703316,0.37637756,0.07260094,0.19913401
STATE_D,embedding_0479,24,45,-0.04708144,-0.0751428,-0.01621875,-0.06530669,0.29546642,0.55797973,0.72021585
STATE_D,embedding_0480,24,45,-0.16059524,-0.06110682,-0.17529791,-0.07038563,-0.7031174,0.01477405,0.09005135
STATE_D,embedding_0481,24,45,0.26113498,0.19254296,0.26775909,0.22860718,0.26900965,0.08099601,0.2130306
STATE_D,embedding_0482,24,45,-0.11778524,-0.10323723,-0.078693,-0.06243986,-0.08229146,0.81570077,0.89239059
STATE_D,embedding_0483,24,45,-1.41882038,-1.4700371,-1.42316607,-1.43867879,0.14357202,0.20097461,0.38016872
STATE_D,embedding_0484,24,45,0.2311056,0.06862215,0.23770378,0.09522909,0.85555326,0.00032196,0.02883413
STATE_D,embedding_0485,24,45,0.40407297,0.41658378,0.43560032,0.43946104,-0.02665326,0.97487315,0.98773427
STATE_D,embedding_0486,24,45,1.18382186,1.28964543,1.18336436,1.27089833,-0.55822746,0.00770686,0.06296669
STATE_D,embedding_0487,24,45,-0.87999097,-0.91066402,-0.89975723,-0.87283742,-0.13183008,0.99497383,0.99887569
STATE_D,embedding_0488,24,45,-0.36202943,-0.4176223,-0.3685547,-0.4132723,0.47889418,0.06312283,0.18293711
STATE_D,embedding_0489,24,45,-1.28569973,-1.26334,-1.27261569,-1.27648303,0.0321491,0.776814,0.86337649
STATE_D,embedding_0490,24,45,0.46889436,0.43973187,0.44806727,0.42972935,0.1659986,0.38812709,0.5799253
STATE_D,embedding_0491,24,45,1.24351537,1.2352066,1.26811258,1.24010432,0.13764238,0.97487315,0.98773427
STATE_D,embedding_0492,24,45,-1.702586,-1.6943326,-1.70489859,-1.66742947,-0.19541731,0.61872848,0.76151198
STATE_D,embedding_0493,24,45,0.97109833,0.98608553,0.96402935,0.99930566,-0.3431068,0.20544829,0.38112147
STATE_D,embedding_0494,24,45,-0.86871761,-0.91618735,-0.85922904,-0.91524325,0.61048274,0.02702946,0.11930244
STATE_D,embedding_0495,24,45,-0.57759514,-0.54766327,-0.58366398,-0.5441728,-0.38592582,0.12897475,0.28381836
STATE_D,embedding_0496,24,45,-0.85095668,-0.72734088,-0.82844122,-0.70974857,-0.52742372,0.03071876,0.12683875
STATE_D,embedding_0497,24,45,0.58878779,0.56902075,0.56440059,0.58267624,-0.13387486,0.63660163,0.7760477
STATE_D,embedding_0498,24,45,0.07392975,0.12226685,0.06291446,0.1160254,-0.36281196,0.08548001,0.21882883
STATE_D,embedding_0499,24,45,0.81978676,0.82353848,0.80575972,0.83490882,-0.30013318,0.36102477,0.54904361
STATE_D,embedding_0500,24,45,-0.29845783,-0.23698077,-0.30055042,-0.24853747,-0.47252992,0.0613556,0.181235
STATE_D,embedding_0501,24,45,-1.2002449,-1.17250991,-1.18079689,-1.1819801,0.0106672,0.81570077,0.89239059
STATE_D,embedding_0502,24,45,-0.24673487,-0.25717676,-0.25937154,-0.24820897,-0.10438602,0.79619412,0.87478839
STATE_D,embedding_0503,24,45,-0.39165545,-0.37133417,-0.39355631,-0.32982755,-0.31905993,0.4021311,0.59050991
STATE_D,embedding_0504,24,45,-0.06423971,-0.06219119,-0.03660164,-0.04011508,0.02168987,0.55797973,0.72021585
STATE_D,embedding_0505,24,45,0.92497882,0.93938482,0.91388259,0.9405909,-0.44444077,0.19224128,0.37002833
STATE_D,embedding_0506,24,45,-0.55083197,-0.50729138,-0.55004831,-0.50397665,-0.3895557,0.05629815,0.17364249
STATE_D,embedding_0507,24,45,-3.52495384,-3.5089283,-3.5390459,-3.52108103,-0.15887894,0.51644244,0.69583823
STATE_D,embedding_0508,24,45,-0.63114423,-0.54177004,-0.63433483,-0.53965789,-0.62025299,0.02616924,0.11822339
STATE_D,embedding_0509,24,45,0.52571762,0.52470505,0.52378275,0.51647912,0.07810142,0.78648753,0.87160523
STATE_D,embedding_0510,24,45,-0.40867512,-0.45686254,-0.35485521,-0.42723769,0.53705571,0.12897475,0.28381836
STATE_D,embedding_0511,24,45,-0.41542637,-0.47845587,-0.43275164,-0.46449744,0.20122543,0.20544829,0.38112147
STATE_D,embedding_0512,24,45,0.04951819,0.10474918,0.04989195,0.09048112,-0.31396278,0.19224128,0.37002833
STATE_D,embedding_0513,24,45,0.88421273,0.84855896,0.87304582,0.86500336,0.05875262,0.69146871,0.81076026
STATE_D,embedding_0514,24,45,-0.95658451,-0.91921699,-0.95046107,-0.92089619,-0.38114926,0.0613556,0.181235
STATE_D,embedding_0515,24,45,-0.35964873,-0.37176844,-0.34987722,-0.34141451,-0.06450051,0.93473236,0.96618365
STATE_D,embedding_0516,24,45,1.04213679,1.05509198,1.02912159,1.05994742,-0.22321047,0.56647806,0.72630242
STATE_D,embedding_0517,24,45,0.26880769,0.22979824,0.24305586,0.24700223,-0.03061405,0.52461988,0.70193043
STATE_D,embedding_0518,24,45,-0.85998008,-0.68809229,-0.84009907,-0.69680677,-0.63065838,0.01755481,0.09769633
STATE_D,embedding_0519,24,45,-0.23000003,-0.39819598,-0.24497288,-0.33529531,0.44721786,0.04448296,0.15743278
STATE_D,embedding_0520,24,45,-0.47034431,-0.53860515,-0.4212298,-0.51966936,0.5958468,0.10819725,0.25104377
STATE_D,embedding_0521,24,45,0.18735801,0.06192966,0.21121201,0.0831253,0.5902274,0.04864219,0.16456917
STATE_D,embedding_0522,24,45,0.16241462,0.11181487,0.23474276,0.09448177,0.72735708,0.01073342,0.07426366
STATE_D,embedding_0523,24,45,-0.03555939,-0.00589511,-0.04888934,0.0056967,-0.53460695,0.08321355,0.21590543
STATE_D,embedding_0524,24,45,0.07160101,0.08686553,0.08005322,0.07828314,0.02163669,0.964828,0.98144093
STATE_D,embedding_0525,24,45,1.60209167,1.62590861,1.57661315,1.61908866,-0.35943958,0.20097461,0.38016872
STATE_D,embedding_0526,24,45,0.95436582,0.98281062,0.94109959,0.98992478,-0.44919412,0.2146119,0.38690596
STATE_D,embedding_0527,24,45,0.72145125,0.57006145,0.74192242,0.58359302,0.75194926,0.00254939,0.04165812
STATE_D,embedding_0528,24,45,-0.0760696,-0.15621313,-0.09822331,-0.17551895,0.44979475,0.09258011,0.22716142
STATE_D,embedding_0529,24,45,-0.26757191,-0.40757555,-0.26619087,-0.37590987,0.75540313,0.00056942,0.02999424
STATE_D,embedding_0530,24,45,0.43042411,0.39874357,0.47687662,0.40656571,0.4462901,0.08321355,0.21590543
STATE_D,embedding_0531,24,45,-0.39240758,-0.42267969,-0.39037503,-0.40927577,0.08617964,0.47656814,0.66546242
STATE_D,embedding_0532,24,45,0.0293294,0.0885369,0.02018741,0.07429018,-0.5052822,0.05794394,0.17729461
STATE_D,embedding_0533,24,45,0.90045774,0.85637432,0.87692231,0.85871481,0.13637362,0.5411714,0.71046091
STATE_D,embedding_0534,24,45,-0.72573009,-0.66575104,-0.70146769,-0.67768869,-0.21541427,0.29279904,0.47340982
STATE_D,embedding_0535,24,45,-0.81018421,-0.8212744,-0.80264013,-0.83558421,0.26346511,0.228904,0.40413396
STATE_D,embedding_0536,24,45,0.97926652,0.93480587,1.02513101,0.94636079,0.34676085,0.23880088,0.41493004
STATE_D,embedding_0537,24,45,-0.62805557,-0.58770984,-0.57841574,-0.58330363,0.03259283,0.89475684,0.93748056
STATE_D,embedding_0538,24,45,-0.84120029,-0.9142853,-0.82109958,-0.89961225,0.62733114,0.0187896,0.10162263
STATE_D,embedding_0539,24,45,-1.76717383,-1.70476544,-1.74743188,-1.67908648,-0.4354067,0.03940749,0.14835761
STATE_D,embedding_0540,24,45,-1.0795989,-1.05435359,-1.07967377,-1.06322007,-0.17831271,0.27028938,0.4435518
STATE_D,embedding_0541,24,45,-1.62028766,-1.54575443,-1.64605018,-1.563472,-0.76580032,0.00013144,0.02883413
STATE_D,embedding_0542,24,45,-1.09339797,-1.06824887,-1.09446955,-1.06589786,-0.24184469,0.39509158,0.58239987
STATE_D,embedding_0543,24,45,0.79891327,0.80859482,0.78121935,0.81255509,-0.27341559,0.36102477,0.54904361
STATE_D,embedding_0544,24,45,-0.46451034,-0.49503645,-0.48026692,-0.50074648,0.20687493,0.2146119,0.38690596
STATE_D,embedding_0545,24,45,0.75849864,0.65357226,0.73822456,0.6594338,0.57090467,0.04188019,0.15389467
STATE_D,embedding_0546,24,45,1.62972772,1.59692276,1.65804625,1.58275356,0.50514511,0.10014616,0.23738349
STATE_D,embedding_0547,24,45,-0.45214315,-0.47975799,-0.43505076,-0.49112581,0.42042512,0.24899592,0.42213878
STATE_D,embedding_0548,24,45,-1.0552637,-1.07956684,-1.03755522,-1.03808931,0.00297076,0.68220101,0.80728871
STATE_D,embedding_0549,24,45,0.37534559,0.47272861,0.36731779,0.47077512,-0.55236407,0.01943501,0.10437824
STATE_D,embedding_0550,24,45,-0.30478816,-0.31082255,-0.29515872,-0.25922824,-0.17813015,0.86494407,0.92517694
STATE_D,embedding_0551,24,45,-0.51916468,-0.53937656,-0.49882335,-0.49347018,-0.02999051,0.1879807,0.3673516
STATE_D,embedding_0552,24,45,-1.06967139,-0.9648512,-1.03862382,-0.97612171,-0.36063673,0.25420598,0.4262668
STATE_D,embedding_0553,24,45,0.56588119,0.5419156,0.56168521,0.57498553,-0.0960702,0.575038,0.73238671
STATE_D,embedding_0554,24,45,0.83661595,0.82847631,0.83611962,0.80539774,0.2959105,0.3226597,0.50571969
STATE_D,embedding_0555,24,45,-0.6908761,-0.71072382,-0.70569299,-0.69854855,-0.05333181,0.72899145,0.82697996
STATE_D,embedding_0556,24,45,0.17414271,0.27814135,0.18121476,0.22930008,-0.24236433,0.05629815,0.17364249
STATE_D,embedding_0557,24,45,0.26129206,0.43374094,0.303078,0.42664847,-0.88202362,0.00112678,0.03718976
STATE_D,embedding_0558,24,45,0.66039088,0.60092008,0.64077316,0.57458115,0.4074722,0.110992,0.253696
STATE_D,embedding_0559,24,45,0.38845913,0.40875074,0.38241288,0.41250281,-0.34383446,0.16009029,0.3235509
STATE_D,embedding_0560,24,45,-0.50205562,-0.51415837,-0.47701984,-0.50951759,0.40566177,0.16387118,0.32859808
STATE_D,embedding_0561,24,45,-0.62098908,-0.63369656,-0.61546205,-0.63255056,0.11050741,0.56647806,0.72630242
STATE_D,embedding_0562,24,45,-0.16308352,-0.15312228,-0.13616228,-0.15808939,0.16914431,0.88480058,0.933416
STATE_D,embedding_0563,24,45,-0.86986893,-0.79194009,-0.90010537,-0.81773134,-0.60981201,0.01696453,0.0957997
STATE_D,embedding_0564,24,45,0.78001758,0.8190726,0.7457508,0.77470758,-0.21236324,0.46880062,0.65580852
STATE_D,embedding_0565,24,45,-0.08837156,-0.20143509,-0.11034971,-0.20539885,0.64415538,0.00613939,0.06123444
STATE_D,embedding_0566,24,45,-0.30762728,-0.35902116,-0.32512575,-0.33574868,0.0668874,0.3226597,0.50571969
STATE_D,embedding_0567,24,45,-0.34731874,-0.34447306,-0.34377585,-0.36367015,0.15326308,0.71014224,0.82385082
STATE_D,embedding_0568,24,45,-0.21849788,-0.13669971,-0.19677443,-0.1249667,-0.59502203,0.01073342,0.07426366
STATE_D,embedding_0569,24,45,-0.06843564,-0.10186646,-0.07856488,-0.10199109,0.14517966,0.5411714,0.71046091
STATE_D,embedding_0570,24,45,0.67696258,0.67179453,0.6821832,0.66173068,0.21850191,0.55797973,0.72021585
STATE_D,embedding_0571,24,45,1.04137456,1.12554288,1.05546162,1.11725971,-0.38589089,0.16009029,0.3235509
STATE_D,embedding_0572,24,45,-0.54738292,-0.56763202,-0.51320782,-0.55645971,0.31242529,0.41643389,0.60116772
STATE_D,embedding_0573,24,45,-1.20109147,-1.11834145,-1.17632041,-1.10658293,-0.37428846,0.08779612,0.22253274
STATE_D,embedding_0574,24,45,0.4697433,0.39100167,0.46673632,0.37788494,0.58624308,0.01035156,0.07361109
STATE_D,embedding_0575,24,45,-1.40844327,-1.34716511,-1.40294105,-1.35689156,-0.41762256,0.05159266,0.1686092
STATE_D,embedding_0576,24,45,0.36388782,0.33607128,0.37347208,0.35020885,0.24431497,0.25949142,0.43136236
STATE_D,embedding_0577,24,45,0.21117759,0.20700091,0.20493463,0.22370245,-0.18293783,0.66380986,0.79039686
STATE_D,embedding_0578,24,45,-0.41719683,-0.29249859,-0.40941606,-0.31779624,-0.72469706,0.00244541,0.04082771
STATE_D,embedding_0579,24,45,-0.09390199,-0.09138095,-0.09999947,-0.08607184,-0.14890978,0.50833157,0.68975026
STATE_D,embedding_0580,24,45,0.28228627,0.28763229,0.26827675,0.28343212,-0.11088772,0.95478842,0.97640147
STATE_D,embedding_0581,24,45,-1.02269548,-0.98390204,-1.01151611,-1.00706028,-0.05540556,0.62763775,0.76755699
STATE_D,embedding_0582,24,45,-0.70153135,-0.69226116,-0.72248361,-0.69483312,-0.22242,0.72899145,0.82697996
STATE_D,embedding_0583,24,45,-0.2330736,-0.25629103,-0.23376014,-0.24740625,0.08297502,0.53286313,0.70802575
STATE_D,embedding_0584,24,45,-0.40215997,-0.45306846,-0.42491387,-0.45694998,0.21678136,0.50028802,0.68366761
STATE_D,embedding_0585,24,45,-0.42039524,-0.49354857,-0.40977756,-0.47010406,0.41553943,0.02975807,0.12626629
STATE_D,embedding_0586,24,45,-4.52659893,-4.5299716,-4.5006639,-4.54172895,0.35921664,0.22406656,0.39650488
STATE_D,embedding_0587,24,45,0.22767937,0.30107942,0.1934652,0.32887708,-0.56758981,0.05962953,0.18029716
STATE_D,embedding_0588,24,45,-0.12059443,-0.0901503,-0.13369678,-0.09264075,-0.54344017,0.09258011,0.22716142
STATE_D,embedding_0589,24,45,-0.74574581,-0.8241986,-0.72927308,-0.82325241,0.76361851,0.00467763,0.0528297
STATE_D,embedding_0590,24,45,-0.04744346,-0.10595863,-0.08134796,-0.11191906,0.28657934,0.16387118,0.32859808
STATE_D,embedding_0591,24,45,-0.38719201,-0.32025701,-0.39675535,-0.32931812,-0.45204232,0.02702946,0.11930244
STATE_D,embedding_0592,24,45,-0.23804101,-0.31656116,-0.22173362,-0.29324012,0.5346934,0.0200997,0.10572993
STATE_D,embedding_0593,24,45,0.5101192,0.51574767,0.5224596,0.52556936,-0.03741418,0.88480058,0.933416
STATE_D,embedding_0594,24,45,0.21367846,0.29176581,0.21261933,0.27329718,-0.55138991,0.00505926,0.05631176
STATE_D,embedding_0595,24,45,-0.49495703,-0.46944988,-0.49109176,-0.47953519,-0.1053856,0.6098749,0.75790279
STATE_D,embedding_0596,24,45,-0.14685456,-0.2856586,-0.15415521,-0.25580043,0.61530866,0.01073342,0.07426366
STATE_D,embedding_0597,24,45,-0.00557978,-0.02058925,0.02266555,-0.01191092,0.29739224,0.58365861,0.74090878
STATE_D,embedding_0598,24,45,0.17078424,0.18262573,0.18747177,0.17598877,0.09779564,0.6098749,0.75790279
STATE_D,embedding_0599,24,45,-0.47863479,-0.45289651,-0.47571182,-0.44682586,-0.38957216,0.20999392,0.38490532
STATE_D,embedding_0600,24,45,-1.37139577,-1.35286832,-1.38255053,-1.33378293,-0.50774253,0.110992,0.253696
STATE_D,embedding_0601,24,45,1.24244589,1.27269387,1.24991681,1.23922119,0.08058424,0.93473236,0.96618365
STATE_D,embedding_0602,24,45,-0.95813316,-0.94558394,-0.94487177,-0.92621738,-0.21025912,0.66380986,0.79039686
STATE_D,embedding_0603,24,45,0.82987538,0.88353354,0.82627382,0.88128523,-0.57597912,0.03170596,0.13021485
STATE_D,embedding_0604,24,45,0.45858032,0.45838168,0.48662198,0.4615979,0.25049613,0.27028938,0.4435518
STATE_D,embedding_0605,24,45,0.54102799,0.52058309,0.56942483,0.50474984,0.52134906,0.1527269,0.31530715
STATE_D,embedding_0606,24,45,-2.7917763,-2.85507345,-2.77560151,-2.83725016,0.57425659,0.00742296,0.06296669
STATE_D,embedding_0607,24,45,0.44690004,0.56448108,0.4353935,0.55397882,-0.69062881,0.0035384,0.04852663
STATE_D,embedding_0608,24,45,0.47109406,0.41693056,0.45309136,0.39386755,0.58338488,0.01583601,0.09325079
STATE_D,embedding_0609,24,45,0.18063149,0.29383564,0.16308679,0.22893563,-0.36217521,0.0187896,0.10162263
STATE_D,embedding_0610,24,45,-0.27517802,-0.28413045,-0.24223514,-0.28813546,0.46260771,0.20999392,0.38490532
STATE_D,embedding_0611,24,45,0.71964961,0.72860694,0.70090088,0.7304927,-0.22751807,0.48440563,0.67152261
STATE_D,embedding_0612,24,45,-0.29697071,-0.30664301,-0.29182275,-0.28770726,-0.04061643,0.82549791,0.90054317
STATE_D,embedding_0613,24,45,0.98611841,1.01039004,0.9725887,1.05876168,-0.44647048,0.16771898,0.33283767
STATE_D,embedding_0614,24,45,-0.10189471,-0.08280244,-0.09243164,-0.08602901,-0.09657572,0.44592373,0.63420264
STATE_D,embedding_0615,24,45,-0.36802778,-0.44624299,-0.34701992,-0.41614664,0.46140862,0.13544774,0.29220187
STATE_D,embedding_0616,24,45,2.26927245,2.31645417,2.27107619,2.26812773,0.02096532,0.575038,0.73238671
STATE_D,embedding_0617,24,45,-0.62243408,-0.54140657,-0.62214335,-0.52332254,-0.71456335,0.01153489,0.07770873
STATE_D,embedding_0618,24,45,-1.23189759,-1.28157604,-1.21675398,-1.28772732,0.47723551,0.05469145,0.17356625
STATE_D,embedding_0619,24,45,0.03323359,-0.02408971,0.03798575,-0.01804583,0.57455508,0.01583601,0.09325079
STATE_D,embedding_0620,24,45,1.41458249,1.47224224,1.41067655,1.45395766,-0.33747945,0.05629815,0.17364249
STATE_D,embedding_0621,24,45,-0.40992856,-0.37259784,-0.41570192,-0.37362367,-0.58333516,0.05159266,0.1686092
STATE_D,embedding_0622,24,45,0.81686828,0.88251942,0.78148489,0.86285695,-0.60045565,0.00244541,0.04082771
STATE_D,embedding_0623,24,45,1.09205711,1.10926497,1.06270364,1.12189393,-0.49121057,0.16771898,0.33283767
STATE_D,embedding_0624,24,45,0.21293282,0.10508597,0.26948192,0.16196709,0.65136615,0.00770686,0.06296669
STATE_D,embedding_0625,24,45,-1.25422943,-1.18548131,-1.26552231,-1.20836253,-0.5645793,0.02372909,0.11319218
STATE_D,embedding_0626,24,45,-0.67876944,-0.56097001,-0.64916298,-0.57213057,-0.60435999,0.043165,0.15490991
STATE_D,embedding_0627,24,45,0.73087153,0.7190367,0.74489866,0.70331942,0.37471942,0.28139148,0.45882942
STATE_D,embedding_0628,24,45,0.16719327,0.11892044,0.1854791,0.13674001,0.43076909,0.02616924,0.11822339
STATE_D,embedding_0629,24,45,1.74970531,1.85686862,1.70971444,1.82400103,-0.64116591,0.01112775,0.07562931
STATE_D,embedding_0630,24,45,-0.39265198,-0.44857594,-0.4030372,-0.44301368,0.33964712,0.1527269,0.31530715
STATE_D,embedding_0631,24,45,-1.76063359,-1.71710718,-1.77308893,-1.69506147,-0.46363676,0.05469145,0.17356625
STATE_D,embedding_0632,24,45,-0.93197027,-0.99178517,-0.92807984,-0.98407433,0.40594504,0.11971909,0.26963126
STATE_D,embedding_0633,24,45,-0.21544437,-0.33583385,-0.18245134,-0.33644612,0.86377461,0.00215632,0.04016836
STATE_D,embedding_0634,24,45,-0.56752589,-0.61501294,-0.53210128,-0.57502302,0.2652413,0.06678358,0.1885654
STATE_D,embedding_0635,24,45,-0.5778726,-0.53604281,-0.59785637,-0.52801684,-0.7540461,0.00742296,0.06296669
STATE_D,embedding_0636,24,45,1.04050535,1.04256284,1.05392786,1.03337395,0.15035134,0.88480058,0.933416
STATE_D,embedding_0637,24,45,0.05985689,0.048574,0.04326167,0.02859777,0.12521578,0.65468882,0.78440096
STATE_D,embedding_0638,24,45,0.0232209,0.10403285,-0.03412895,0.07552662,-0.8264107,0.00714847,0.06296669
STATE_D,embedding_0639,24,45,0.27937633,0.34021422,0.29583074,0.33792589,-0.36658597,0.02975807,0.12626629
STATE_D,embedding_0640,24,45,-0.63061124,-0.521429,-0.60734543,-0.53782998,-0.47938298,0.0472209,0.16190023
STATE_D,embedding_0641,24,45,0.66390061,0.6431154,0.6662117,0.63932639,0.25509339,0.46110367,0.65096989
STATE_D,embedding_0642,24,45,0.27708484,0.31924433,0.28672664,0.31798108,-0.23590608,0.41643389,0.60116772
STATE_D,embedding_0643,24,45,0.19576121,0.17564337,0.19217385,0.16987028,0.24387615,0.51644244,0.69583823
STATE_D,embedding_0644,24,45,-1.25272542,-1.16206992,-1.2409993,-1.1737033,-0.41697757,0.12582968,0.28092208
STATE_D,embedding_0645,24,45,0.5724009,0.69022578,0.59673948,0.71659645,-0.740116,0.02221421,0.11150662
STATE_D,embedding_0646,24,45,0.15930638,0.17152996,0.15433094,0.16905596,-0.13351519,0.46880062,0.65580852
STATE_D,embedding_0647,24,45,0.42066969,0.46262738,0.42600253,0.45991061,-0.38852122,0.05312318,0.1714227
STATE_D,embedding_0648,24,45,0.59736615,0.64686912,0.5529464,0.63834889,-0.49234736,0.14216887,0.29913888
STATE_D,embedding_0649,24,45,-0.08431863,-0.15084909,-0.07919227,-0.14416001,0.45353862,0.08779612,0.22253274
STATE_D,embedding_0650,24,45,0.48806839,0.52536869,0.46186442,0.53502984,-0.61703958,0.08548001,0.21882883
STATE_D,embedding_0651,24,45,0.67754316,0.83921331,0.64554133,0.76922763,-0.57665879,0.00742296,0.06296669
STATE_D,embedding_0652,24,45,-0.25769736,-0.13479394,-0.30316662,-0.16132192,-0.94197558,0.00019691,0.02883413
STATE_D,embedding_0653,24,45,-0.26874511,-0.22161414,-0.23630944,-0.21810855,-0.14922273,0.39509158,0.58239987
STATE_D,embedding_0654,24,45,0.68078029,0.59988207,0.69355847,0.61142957,0.61775489,0.02372909,0.11319218
STATE_D,embedding_0655,24,45,-0.19711337,-0.13620502,-0.23885222,-0.11743237,-0.75981078,0.02702946,0.11930244
STATE_D,embedding_0656,24,45,-0.40405606,-0.41341066,-0.36105077,-0.4167157,0.36077679,0.20097461,0.38016872
STATE_D,embedding_0657,24,45,0.37629671,0.35382986,0.36632633,0.35289498,0.15020348,0.52461988,0.70193043
STATE_D,embedding_0658,24,45,0.53997293,0.50439537,0.50413138,0.49347258,0.06846572,0.72899145,0.82697996
STATE_D,embedding_0659,24,45,-0.23084997,-0.30497783,-0.19431556,-0.27554913,0.62485542,0.02882332,0.12436129
STATE_D,embedding_0660,24,45,-0.5523943,-0.84442949,-0.6045301,-0.79962036,0.8002858,0.00086105,0.03598324
STATE_D,embedding_0661,24,45,0.10533369,-0.0212724,0.13563456,-0.00237069,0.74840121,0.00415392,0.05145501
STATE_D,embedding_0662,24,45,-0.07553555,-0.09074874,-0.07508736,-0.09290997,0.15720609,0.61872848,0.76151198
STATE_D,embedding_0663,24,45,4.50036931,4.58431053,4.53714295,4.59921297,-0.19844939,0.67298098,0.80007646
STATE_D,embedding_0664,24,45,-0.59140053,-0.65565252,-0.57892392,-0.6493467,0.6412956,0.00637885,0.06123696
STATE_D,embedding_0665,24,45,-0.17430289,-0.27367699,-0.16783467,-0.29017002,0.67689701,0.014267,0.08836335
STATE_D,embedding_0666,24,45,1.11348003,1.0472213,1.09939535,0.97571917,0.47881272,0.0472209,0.16190023
STATE_D,embedding_0667,24,45,-0.18460833,-0.26656458,-0.17654844,-0.26527184,0.49334639,0.10014616,0.23738349
STATE_D,embedding_0668,24,45,0.96926355,0.95902014,0.98129016,0.9597213,0.09200907,0.9849223,0.99267759
STATE_D,embedding_0669,24,45,0.63793483,0.67520881,0.62011695,0.66978705,-0.46342315,0.10545849,0.24617666
STATE_D,embedding_0670,24,45,-0.49496515,-0.47783619,-0.46878665,-0.46395874,-0.04202293,0.71954553,0.82602536
STATE_D,embedding_0671,24,45,-0.8124716,-0.75814283,-0.79075452,-0.73886169,-0.40736025,0.15637572,0.32025747
STATE_D,embedding_0672,24,45,0.03976642,0.05143132,0.04444498,0.05819941,-0.11395029,0.84517247,0.918094
STATE_D,embedding_0673,24,45,1.75312227,1.72940683,1.76332138,1.64551139,0.46453814,0.1527269,0.31530715
STATE_D,embedding_0674,24,45,0.55919459,0.58827323,0.54033136,0.5892841,-0.3890958,0.20544829,0.38112147
STATE_D,embedding_0675,24,45,0.19291645,0.09589351,0.18501021,0.0915752,0.75057907,0.00166995,0.03718976
STATE_D,embedding_0676,24,45,0.0664616,0.12020876,0.08237111,0.12677862,-0.34758829,0.03272025,0.13225869
STATE_D,embedding_0677,24,45,0.02828923,-0.04647338,0.03533414,-0.02664354,0.46901582,0.04864219,0.16456917
STATE_D,embedding_0678,24,45,0.4506516,0.49957478,0.45862212,0.47042191,-0.0919476,0.29861767,0.48079323
STATE_D,embedding_0679,24,45,1.59116477,1.58179295,1.59632858,1.5524306,0.2217673,0.61872848,0.76151198
STATE_D,embedding_0680,24,45,0.65287739,0.66515815,0.64545854,0.66239754,-0.16366835,0.51644244,0.69583823
STATE_D,embedding_0681,24,45,0.24903719,0.23862293,0.23827323,0.28586924,-0.28113565,0.64561903,0.77839155
STATE_D,embedding_0682,24,45,-0.24071736,-0.27732819,-0.24888516,-0.28121263,0.27333673,0.31653399,0.5033087
STATE_D,embedding_0683,24,45,-1.90201843,-1.9318192,-1.88732603,-1.94058855,0.36380065,0.19224128,0.37002833
STATE_D,embedding_0684,24,45,-0.24623308,-0.32985768,-0.24538167,-0.29697799,0.37155057,0.06312283,0.18293711
STATE_D,embedding_0685,24,45,0.02897143,0.04197465,0.00575,0.05194572,-0.36975193,0.14216887,0.29913888
STATE_D,embedding_0686,24,45,-0.2093661,-0.27775249,-0.25443842,-0.29327101,0.18695744,0.64561903,0.77839155
STATE_D,embedding_0687,24,45,-0.09383644,-0.02765186,-0.07675197,-0.01859231,-0.62166703,0.01283676,0.08284564
STATE_D,embedding_0688,24,45,0.67343119,0.69242316,0.66583577,0.67839052,-0.15220975,0.1879807,0.3673516
STATE_D,embedding_0689,24,45,0.20510043,0.16827281,0.19088538,0.16480181,0.19631367,0.68220101,0.80728871
STATE_D,embedding_0690,24,45,0.13101362,0.04249506,0.13463604,0.03236834,0.62937903,0.02451958,0.11343998
STATE_D,embedding_0691,24,45,-1.83030707,-1.72168899,-1.81415597,-1.7199106,-0.62224194,0.00998184,0.07232126
STATE_D,embedding_0692,24,45,1.93444252,2.02667618,1.94928719,2.02248956,-0.59005788,0.05794394,0.17729461
STATE_D,embedding_0693,24,45,0.15317067,0.08521352,0.09061565,0.0995298,-0.05020154,0.59233895,0.74454388
STATE_D,embedding_0694,24,45,-1.17058223,-1.1755712,-1.17792221,-1.1690976,-0.13725312,0.69146871,0.81076026
STATE_D,embedding_0695,24,45,-1.11984867,-1.12389064,-1.15235551,-1.1317117,-0.17335699,0.964828,0.98144093
STATE_D,embedding_0696,24,45,-0.30405249,-0.32058415,-0.30246882,-0.32571724,0.22941031,0.43103254,0.61416139
STATE_D,embedding_0697,24,45,0.13175747,0.12152962,0.14369476,0.13399877,0.08495651,0.71954553,0.82602536
STATE_D,embedding_0698,24,45,-1.26456517,-1.21952915,-1.25686857,-1.2269086,-0.24846083,0.23381533,0.40811403
STATE_D,embedding_0699,24,45,0.05505226,-0.09886677,0.0412501,-0.03755396,0.60979355,0.00399154,0.05025414
STATE_D,embedding_0700,24,45,-0.47632766,-0.47730052,-0.49160184,-0.46969216,-0.3185337,0.22406656,0.39650488
STATE_D,embedding_0701,24,45,-0.36437021,-0.30713427,-0.37590006,-0.30094946,-0.48223813,0.08099601,0.2130306
STATE_D,embedding_0702,24,45,-0.72390601,-0.82503355,-0.7124279,-0.81525343,0.69687923,0.00830402,0.06713145
STATE_D,embedding_0703,24,45,0.06484509,0.05506185,0.02758373,0.05294679,-0.2807504,0.71954553,0.82602536
STATE_D,embedding_0704,24,45,-1.27837741,-1.27393651,-1.25378191,-1.25946707,0.06729023,0.92471904,0.95970841
STATE_D,embedding_0705,24,45,0.01884281,-0.00016948,0.00562886,-0.00464228,0.09928591,0.94475601,0.97392297
STATE_D,embedding_0706,24,45,-0.62466937,-0.67628354,-0.63737892,-0.66058038,0.25663601,0.13544774,0.29220187
STATE_D,embedding_0707,24,45,1.26328802,1.22245252,1.26891783,1.22633627,0.3991971,0.07260094,0.19913401
STATE_D,embedding_0708,24,45,0.32683994,0.41546923,0.3036671,0.40894138,-0.53810215,0.09258011,0.22716142
STATE_D,embedding_0709,24,45,0.50895473,0.6039443,0.52011991,0.60048105,-0.46598109,0.0613556,0.181235
STATE_D,embedding_0710,24,45,-0.59483665,-0.70066035,-0.61213972,-0.6755448,0.47697556,0.00861785,0.0689428
STATE_D,embedding_0711,24,45,1.43666476,1.48296857,1.42806666,1.48186179,-0.39930713,0.04188019,0.15389467
STATE_D,embedding_0712,24,45,-0.69915807,-0.73238343,-0.67509828,-0.74136066,0.72447207,0.00688314,0.06293157
STATE_D,embedding_0713,24,45,-1.01395249,-0.94352573,-1.03684116,-0.960414,-0.4869331,0.01195521,0.07847522
STATE_D,embedding_0714,24,45,-0.12582847,-0.10259168,-0.09743239,-0.10303225,0.04127406,0.62763775,0.76755699
STATE_D,embedding_0715,24,45,-0.44228773,-0.51198298,-0.41838365,-0.50462602,0.76134807,0.00198138,0.0380425
STATE_D,embedding_0716,24,45,0.11923118,0.08238851,0.09354976,0.09199182,0.01207413,0.56647806,0.72630242
STATE_D,embedding_0717,24,45,-0.1481436,-0.12913775,-0.14507176,-0.14096218,-0.06246881,0.71954553,0.82602536
STATE_D,embedding_0718,24,45,0.98272961,1.00009286,0.98050852,1.00720317,-0.25372824,0.2146119,0.38690596
STATE_D,embedding_0719,24,45,0.10116814,0.22152691,0.11799757,0.20100306,-0.7199954,0.00894225,0.07080049
STATE_D,embedding_0720,24,45,0.26211017,0.40616098,0.2835608,0.38635361,-0.8895438,0.00026495,0.02883413
STATE_D,embedding_0721,24,45,0.36278579,0.30623695,0.34029056,0.28895316,0.37372101,0.08099601,0.2130306
STATE_D,embedding_0722,24,45,-0.13075678,-0.06741708,-0.1239099,-0.08101451,-0.48212158,0.08779612,0.22253274
STATE_D,embedding_0723,24,45,-0.38102937,-0.38760179,-0.37924126,-0.38740589,0.08827557,0.65468882,0.78440096
STATE_D,embedding_0724,24,45,-0.74703464,-0.59959906,-0.72688018,-0.61933822,-0.91503041,0.00094237,0.03598324
STATE_D,embedding_0725,24,45,-1.00825602,-1.02417707,-1.00737615,-1.02613604,0.21394228,0.42369643,0.60708742
STATE_D,embedding_0726,24,45,-0.6080488,-0.54988682,-0.60526321,-0.55020296,-0.4271197,0.07260094,0.19913401
STATE_D,embedding_0727,24,45,1.02257609,1.076424,1.02703429,1.06598827,-0.25611501,0.5411714,0.71046091
STATE_D,embedding_0728,24,45,-0.03900204,0.02788972,-0.04758608,0.01400263,-0.56546542,0.02078415,0.10785289
STATE_D,embedding_0729,24,45,1.35440195,1.34148085,1.35226535,1.3365984,0.14822388,0.776814,0.86337649
STATE_D,embedding_0730,24,45,-0.45369978,-0.39413351,-0.45540266,-0.39590792,-0.60736942,0.0229608,0.11303778
STATE_D,embedding_0731,24,45,0.07794789,0.16492,0.08120713,0.13476364,-0.28199975,0.01477405,0.09005135
STATE_D,embedding_0732,24,45,-0.36902671,-0.30165961,-0.36216521,-0.2906541,-0.70125616,0.00224901,0.04016836
STATE_D,embedding_0733,24,45,-1.18999398,-1.122069,-1.19746736,-1.11728487,-0.83836662,0.00146666,0.03718976
STATE_D,embedding_0734,24,45,-0.12561841,-0.07836419,-0.14818112,-0.08939039,-0.49526573,0.05312318,0.1714227
STATE_D,embedding_0735,24,45,-0.74648947,-0.67061657,-0.73011391,-0.68918465,-0.23732211,0.12582968,0.28092208
STATE_D,embedding_0736,24,45,-0.50111298,-0.54284537,-0.46683359,-0.55177173,0.48266422,0.24386098,0.41898262
STATE_D,embedding_0737,24,45,0.65138867,0.53459775,0.68244688,0.53492866,0.82649025,0.00134408,0.03718976
STATE_D,embedding_0738,24,45,0.13866246,0.03472613,0.13367744,0.04194834,0.74475672,0.00276958,0.04340893
STATE_D,embedding_0739,24,45,-0.99399343,-1.0011903,-1.01429584,-0.95106202,-0.30042216,0.75757182,0.84812705
STATE_D,embedding_0740,24,45,-0.27559611,-0.26374599,-0.26193962,-0.2553068,-0.07065004,0.72899145,0.82697996
STATE_D,embedding_0741,24,45,0.74826598,0.87793529,0.72140991,0.86587889,-0.88719309,0.0035384,0.04852663
STATE_D,embedding_0742,24,45,-0.64552009,-0.67342794,-0.63074494,-0.67813443,0.44293103,0.14216887,0.29913888
STATE_D,embedding_0743,24,45,-0.77805829,-0.80376989,-0.76690459,-0.77436915,0.06359209,0.70078288,0.81669386
STATE_D,embedding_0744,24,45,0.71874601,0.69402421,0.7413661,0.64524314,0.50767641,0.09016258,0.22482098
STATE_D,embedding_0745,24,45,-0.09639516,-0.05700493,-0.09290376,-0.05759721,-0.38866712,0.09016258,0.22482098
STATE_D,embedding_0746,24,45,0.10641572,0.03840947,0.08605041,0.02565186,0.39892403,0.10014616,0.23738349
STATE_D,embedding_0747,24,45,1.50076139,1.43993628,1.50360094,1.45084018,0.44984731,0.06678358,0.1885654
STATE_D,embedding_0748,24,45,0.87307972,0.79393011,0.84377371,0.76377204,0.69106298,0.00998184,0.07232126
STATE_D,embedding_0749,24,45,0.68609068,0.72018838,0.64744359,0.7352689,-0.49892553,0.09504941,0.23173951
STATE_D,embedding_0750,24,45,-0.04436683,0.04480705,-0.07073397,-0.0058741,-0.35877805,0.03071876,0.12683875
STATE_D,embedding_0751,24,45,0.59049159,0.537902,0.55859084,0.55397966,0.03229864,0.89475684,0.93748056
STATE_D,embedding_0752,24,45,1.20604891,1.17573833,1.22597659,1.1744258,0.55954712,0.05009922,0.16728783
STATE_D,embedding_0753,24,45,0.22441461,0.27546459,0.232732,0.29956546,-0.48772217,0.14914322,0.31295626
STATE_D,embedding_0754,24,45,-0.32227777,-0.28343347,-0.30453125,-0.30465151,0.00115347,0.81570077,0.89239059
STATE_D,embedding_0755,24,45,-0.02546685,-0.08669015,-0.02537383,-0.08228171,0.5236876,0.03593141,0.14151448
STATE_D,embedding_0756,24,45,0.53564465,0.48170739,0.54714289,0.48303324,0.55895031,0.09016258,0.22482098
STATE_D,embedding_0757,24,45,0.4207343,0.43266991,0.38387642,0.44201122,-0.29015951,0.39509158,0.58239987
STATE_D,embedding_0758,24,45,0.03934112,0.06568578,0.10690545,0.06440445,0.2737364,0.52461988,0.70193043
STATE_D,embedding_0759,24,45,0.67719451,0.6338551,0.68014994,0.64181534,0.45796788,0.0613556,0.181235
STATE_D,embedding_0760,24,45,0.06421453,-0.16158508,0.09045417,-0.10835251,0.92787415,0.00056942,0.02999424
STATE_D,embedding_0761,24,45,0.78519508,0.78432405,0.78477312,0.77103805,0.17112478,0.66380986,0.79039686
STATE_D,embedding_0762,24,45,-0.33454502,-0.40217644,-0.34444814,-0.39306197,0.46351854,0.11971909,0.26963126
STATE_D,embedding_0763,24,45,0.19058825,0.16151215,0.21205025,0.16151403,0.27027783,0.45347786,0.64256641
STATE_D,embedding_0764,24,45,-0.20061439,-0.28034198,-0.20303486,-0.29001316,0.74939154,0.01529692,0.09250421
STATE_D,embedding_0765,24,45,2.23469317,2.23375392,2.19047094,2.2675549,-0.42526851,0.41643389,0.60116772
STATE_D,embedding_0766,24,45,-1.0276475,-1.05575335,-1.03195283,-1.03139539,-0.00481368,0.23381533,0.40811403
STATE_D,embedding_0767,24,45,-1.1922065,-1.18974268,-1.19707736,-1.17337113,-0.22209451,0.52461988,0.70193043
