initial_k,repeat,round,partition_signature,review_status,set_a,set_b,action_a,action_b,fused_pair_silhouette,fused_boundary_separation,fused_left_boundary_separation,fused_right_boundary_separation,left_margin,right_margin,pair_metrics_available_in_raw_artifact,pair_mentioned_in_verifier_report,ct_pair_silhouette,ct_boundary_separation,ct_left_boundary_separation,ct_right_boundary_separation,wsi_pair_silhouette,wsi_boundary_separation,wsi_left_boundary_separation,wsi_right_boundary_separation,rna_pair_silhouette,rna_boundary_separation,rna_left_boundary_separation,rna_right_boundary_separation,genomic_pair_silhouette,genomic_boundary_separation,genomic_left_boundary_separation,genomic_right_boundary_separation
2,1,1,"[{""member_ids"":[""TCGA-B0-4712"",""TCGA-B0-4821"",""TCGA-B0-5081"",""TCGA-B0-5088"",""TCGA-B0-5106"",""TCGA-B0-5115"",""TCGA-B0-5702"",""TCGA-B0-5703"",""TCGA-B0-5706"",""TCGA-B0-5709"",""TCGA-B0-5712"",""TCGA-B8-4148"",""TCGA-B8-4151"",""TCGA-B8-4622"",""TCGA-B8-5158"",""TCGA-B8-5162"",""TCGA-B8-5549"",""TCGA-B8-5550"",""TCGA-B8-5551"",""TCGA-B8-A54D"",""TCGA-B8-A54E"",""TCGA-B8-A54F"",""TCGA-B8-A54G"",""TCGA-BP-4164"",""TCGA-BP-4167"",""TCGA-BP-4770"",""TCGA-BP-4782"",""TCGA-BP-4960"",""TCGA-BP-4962"",""TCGA-BP-4967"",""TCGA-BP-4971"",""TCGA-BP-4972"",""TCGA-BP-4977"",""TCGA-BP-4986"",""TCGA-BP-4988"",""TCGA-BP-4989"",""TCGA-BP-4992"",""TCGA-BP-5000"",""TCGA-BP-5009"",""TCGA-BP-5010"",""TCGA-BP-5175"",""TCGA-BP-5180"",""TCGA-BP-5191"",""TCGA-BP-5196"",""TCGA-BP-5199"",""TCGA-BP-5200"",""TCGA-CJ-4637"",""TCGA-CJ-4641"",""TCGA-CJ-4900"",""TCGA-CJ-4902"",""TCGA-CJ-4903"",""TCGA-CJ-4923"",""TCGA-CJ-6027"",""TCGA-CJ-6028"",""TCGA-CJ-6030"",""TCGA-CJ-6033"",""TCGA-CZ-4865"",""TCGA-CZ-5462"",""TCGA-CZ-5468"",""TCGA-CZ-5984"",""TCGA-CZ-5985"",""TCGA-CZ-5988"",""TCGA-G6-A5PC"",""TCGA-G6-A8L7""],""set_id"":""C0001""},{""member_ids"":[""TCGA-B0-5085"",""TCGA-B0-5117"",""TCGA-B0-5696"",""TCGA-B0-5697"",""TCGA-B0-5698"",""TCGA-B0-5812"",""TCGA-B8-4153"",""TCGA-B8-4619"",""TCGA-B8-5159"",""TCGA-B8-5164"",""TCGA-B8-5165"",""TCGA-B8-5546"",""TCGA-B8-5553"",""TCGA-BP-4965"",""TCGA-BP-4970"",""TCGA-BP-4976"",""TCGA-BP-4982"",""TCGA-BP-4994"",""TCGA-BP-4995"",""TCGA-BP-4999"",""TCGA-BP-5001"",""TCGA-BP-5004"",""TCGA-BP-5006"",""TCGA-BP-5007"",""TCGA-BP-5174"",""TCGA-BP-5181"",""TCGA-BP-5183"",""TCGA-BP-5184"",""TCGA-BP-5186"",""TCGA-BP-5187"",""TCGA-BP-5189"",""TCGA-BP-5190"",""TCGA-BP-5192"",""TCGA-BP-5194"",""TCGA-BP-5195"",""TCGA-CJ-4904"",""TCGA-CZ-4859"",""TCGA-CZ-4863"",""TCGA-CZ-5451""],""set_id"":""C0002""}]",review_complete,C0001,C0002,accept,accept,0.00038,0.018559,0.018559,0.031114,0.000328,0.000468,True,True,0.002921,0.048961,0.187248,0.048961,0.009325,0.127533,0.127533,0.28305,0.025771,0.224088,0.224088,0.347777,0.000142,0.005844,0.005844,0.010669
3,1,1,"[{""member_ids"":[""TCGA-B0-4712"",""TCGA-B0-4821"",""TCGA-B0-5088"",""TCGA-B0-5106"",""TCGA-B0-5702"",""TCGA-B0-5703"",""TCGA-B0-5706"",""TCGA-B8-4148"",""TCGA-B8-5162"",""TCGA-B8-5164"",""TCGA-B8-5549"",""TCGA-B8-5551"",""TCGA-B8-A54E"",""TCGA-B8-A54F"",""TCGA-BP-4167"",""TCGA-BP-4770"",""TCGA-BP-4960"",""TCGA-BP-4967"",""TCGA-BP-4971"",""TCGA-BP-4986"",""TCGA-BP-4988"",""TCGA-BP-4989"",""TCGA-BP-5175"",""TCGA-BP-5189"",""TCGA-BP-5191"",""TCGA-BP-5196"",""TCGA-BP-5199"",""TCGA-CJ-4637"",""TCGA-CJ-4641"",""TCGA-CJ-4900"",""TCGA-CJ-4902"",""TCGA-CJ-6028"",""TCGA-CZ-4863"",""TCGA-CZ-4865"",""TCGA-CZ-5468"",""TCGA-CZ-5984"",""TCGA-CZ-5985"",""TCGA-G6-A8L7""],""set_id"":""C0001""},{""member_ids"":[""TCGA-B0-5081"",""TCGA-B0-5709"",""TCGA-B0-5712"",""TCGA-B8-4151"",""TCGA-B8-4153"",""TCGA-B8-4622"",""TCGA-B8-5158"",""TCGA-B8-5550"",""TCGA-B8-A54D"",""TCGA-B8-A54G"",""TCGA-BP-4164"",""TCGA-BP-4962"",""TCGA-BP-4977"",""TCGA-BP-4992"",""TCGA-BP-5000"",""TCGA-BP-5001"",""TCGA-BP-5009"",""TCGA-BP-5010"",""TCGA-BP-5180"",""TCGA-BP-5183"",""TCGA-BP-5200"",""TCGA-CJ-4903"",""TCGA-CJ-4923"",""TCGA-CJ-6027"",""TCGA-CJ-6030"",""TCGA-CJ-6033"",""TCGA-CZ-4859"",""TCGA-CZ-5462"",""TCGA-CZ-5988"",""TCGA-G6-A5PC""],""set_id"":""C0002""},{""member_ids"":[""TCGA-B0-5085"",""TCGA-B0-5115"",""TCGA-B0-5117"",""TCGA-B0-5696"",""TCGA-B0-5697"",""TCGA-B0-5698"",""TCGA-B0-5812"",""TCGA-B8-4619"",""TCGA-B8-5159"",""TCGA-B8-5165"",""TCGA-B8-5546"",""TCGA-B8-5553"",""TCGA-BP-4782"",""TCGA-BP-4965"",""TCGA-BP-4970"",""TCGA-BP-4972"",""TCGA-BP-4976"",""TCGA-BP-4982"",""TCGA-BP-4994"",""TCGA-BP-4995"",""TCGA-BP-4999"",""TCGA-BP-5004"",""TCGA-BP-5006"",""TCGA-BP-5007"",""TCGA-BP-5174"",""TCGA-BP-5181"",""TCGA-BP-5184"",""TCGA-BP-5186"",""TCGA-BP-5187"",""TCGA-BP-5190"",""TCGA-BP-5192"",""TCGA-BP-5194"",""TCGA-BP-5195"",""TCGA-CJ-4904"",""TCGA-CZ-5451""],""set_id"":""C0003""}]",review_complete,C0001,C0002,drop,drop,0.000317,0.017698,0.017698,0.025538,0.000288,0.000371,True,True,0.008876,0.113634,0.409665,0.113634,0.018535,0.275555,0.275555,0.402914,0.009396,0.015955,0.084588,0.015955,7.3e-05,0.002718,0.002718,0.004683
3,1,1,"[{""member_ids"":[""TCGA-B0-4712"",""TCGA-B0-4821"",""TCGA-B0-5088"",""TCGA-B0-5106"",""TCGA-B0-5702"",""TCGA-B0-5703"",""TCGA-B0-5706"",""TCGA-B8-4148"",""TCGA-B8-5162"",""TCGA-B8-5164"",""TCGA-B8-5549"",""TCGA-B8-5551"",""TCGA-B8-A54E"",""TCGA-B8-A54F"",""TCGA-BP-4167"",""TCGA-BP-4770"",""TCGA-BP-4960"",""TCGA-BP-4967"",""TCGA-BP-4971"",""TCGA-BP-4986"",""TCGA-BP-4988"",""TCGA-BP-4989"",""TCGA-BP-5175"",""TCGA-BP-5189"",""TCGA-BP-5191"",""TCGA-BP-5196"",""TCGA-BP-5199"",""TCGA-CJ-4637"",""TCGA-CJ-4641"",""TCGA-CJ-4900"",""TCGA-CJ-4902"",""TCGA-CJ-6028"",""TCGA-CZ-4863"",""TCGA-CZ-4865"",""TCGA-CZ-5468"",""TCGA-CZ-5984"",""TCGA-CZ-5985"",""TCGA-G6-A8L7""],""set_id"":""C0001""},{""member_ids"":[""TCGA-B0-5081"",""TCGA-B0-5709"",""TCGA-B0-5712"",""TCGA-B8-4151"",""TCGA-B8-4153"",""TCGA-B8-4622"",""TCGA-B8-5158"",""TCGA-B8-5550"",""TCGA-B8-A54D"",""TCGA-B8-A54G"",""TCGA-BP-4164"",""TCGA-BP-4962"",""TCGA-BP-4977"",""TCGA-BP-4992"",""TCGA-BP-5000"",""TCGA-BP-5001"",""TCGA-BP-5009"",""TCGA-BP-5010"",""TCGA-BP-5180"",""TCGA-BP-5183"",""TCGA-BP-5200"",""TCGA-CJ-4903"",""TCGA-CJ-4923"",""TCGA-CJ-6027"",""TCGA-CJ-6030"",""TCGA-CJ-6033"",""TCGA-CZ-4859"",""TCGA-CZ-5462"",""TCGA-CZ-5988"",""TCGA-G6-A5PC""],""set_id"":""C0002""},{""member_ids"":[""TCGA-B0-5085"",""TCGA-B0-5115"",""TCGA-B0-5117"",""TCGA-B0-5696"",""TCGA-B0-5697"",""TCGA-B0-5698"",""TCGA-B0-5812"",""TCGA-B8-4619"",""TCGA-B8-5159"",""TCGA-B8-5165"",""TCGA-B8-5546"",""TCGA-B8-5553"",""TCGA-BP-4782"",""TCGA-BP-4965"",""TCGA-BP-4970"",""TCGA-BP-4972"",""TCGA-BP-4976"",""TCGA-BP-4982"",""TCGA-BP-4994"",""TCGA-BP-4995"",""TCGA-BP-4999"",""TCGA-BP-5004"",""TCGA-BP-5006"",""TCGA-BP-5007"",""TCGA-BP-5174"",""TCGA-BP-5181"",""TCGA-BP-5184"",""TCGA-BP-5186"",""TCGA-BP-5187"",""TCGA-BP-5190"",""TCGA-BP-5192"",""TCGA-BP-5194"",""TCGA-BP-5195"",""TCGA-CJ-4904"",""TCGA-CZ-5451""],""set_id"":""C0003""}]",review_complete,C0001,C0003,drop,accept,0.00053,0.024572,0.024572,0.032739,0.000445,0.00056,True,True,0.002716,0.028977,0.413832,0.028977,0.005291,0.110304,0.110304,0.216801,0.032949,0.304305,0.304305,0.408606,5.5e-05,0.003951,0.003951,0.008617
3,1,1,"[{""member_ids"":[""TCGA-B0-4712"",""TCGA-B0-4821"",""TCGA-B0-5088"",""TCGA-B0-5106"",""TCGA-B0-5702"",""TCGA-B0-5703"",""TCGA-B0-5706"",""TCGA-B8-4148"",""TCGA-B8-5162"",""TCGA-B8-5164"",""TCGA-B8-5549"",""TCGA-B8-5551"",""TCGA-B8-A54E"",""TCGA-B8-A54F"",""TCGA-BP-4167"",""TCGA-BP-4770"",""TCGA-BP-4960"",""TCGA-BP-4967"",""TCGA-BP-4971"",""TCGA-BP-4986"",""TCGA-BP-4988"",""TCGA-BP-4989"",""TCGA-BP-5175"",""TCGA-BP-5189"",""TCGA-BP-5191"",""TCGA-BP-5196"",""TCGA-BP-5199"",""TCGA-CJ-4637"",""TCGA-CJ-4641"",""TCGA-CJ-4900"",""TCGA-CJ-4902"",""TCGA-CJ-6028"",""TCGA-CZ-4863"",""TCGA-CZ-4865"",""TCGA-CZ-5468"",""TCGA-CZ-5984"",""TCGA-CZ-5985"",""TCGA-G6-A8L7""],""set_id"":""C0001""},{""member_ids"":[""TCGA-B0-5081"",""TCGA-B0-5709"",""TCGA-B0-5712"",""TCGA-B8-4151"",""TCGA-B8-4153"",""TCGA-B8-4622"",""TCGA-B8-5158"",""TCGA-B8-5550"",""TCGA-B8-A54D"",""TCGA-B8-A54G"",""TCGA-BP-4164"",""TCGA-BP-4962"",""TCGA-BP-4977"",""TCGA-BP-4992"",""TCGA-BP-5000"",""TCGA-BP-5001"",""TCGA-BP-5009"",""TCGA-BP-5010"",""TCGA-BP-5180"",""TCGA-BP-5183"",""TCGA-BP-5200"",""TCGA-CJ-4903"",""TCGA-CJ-4923"",""TCGA-CJ-6027"",""TCGA-CJ-6030"",""TCGA-CJ-6033"",""TCGA-CZ-4859"",""TCGA-CZ-5462"",""TCGA-CZ-5988"",""TCGA-G6-A5PC""],""set_id"":""C0002""},{""member_ids"":[""TCGA-B0-5085"",""TCGA-B0-5115"",""TCGA-B0-5117"",""TCGA-B0-5696"",""TCGA-B0-5697"",""TCGA-B0-5698"",""TCGA-B0-5812"",""TCGA-B8-4619"",""TCGA-B8-5159"",""TCGA-B8-5165"",""TCGA-B8-5546"",""TCGA-B8-5553"",""TCGA-BP-4782"",""TCGA-BP-4965"",""TCGA-BP-4970"",""TCGA-BP-4972"",""TCGA-BP-4976"",""TCGA-BP-4982"",""TCGA-BP-4994"",""TCGA-BP-4995"",""TCGA-BP-4999"",""TCGA-BP-5004"",""TCGA-BP-5006"",""TCGA-BP-5007"",""TCGA-BP-5174"",""TCGA-BP-5181"",""TCGA-BP-5184"",""TCGA-BP-5186"",""TCGA-BP-5187"",""TCGA-BP-5190"",""TCGA-BP-5192"",""TCGA-BP-5194"",""TCGA-BP-5195"",""TCGA-CJ-4904"",""TCGA-CZ-5451""],""set_id"":""C0003""}]",review_complete,C0002,C0003,drop,accept,0.000601,0.033333,0.033333,0.033663,0.000628,0.00059,True,True,0.006787,0.038382,0.127856,0.038382,0.024463,0.415766,0.444059,0.415766,0.021117,0.124449,0.124449,0.303718,0.000238,0.008968,0.008968,0.011669
4,1,1,"[{""member_ids"":[""TCGA-B0-4712"",""TCGA-B0-4821"",""TCGA-B0-5081"",""TCGA-B0-5088"",""TCGA-B0-5106"",""TCGA-B0-5703"",""TCGA-B0-5709"",""TCGA-B8-5550"",""TCGA-B8-5551"",""TCGA-BP-4770"",""TCGA-BP-4960"",""TCGA-BP-4962"",""TCGA-BP-4971"",""TCGA-BP-4986"",""TCGA-BP-4988"",""TCGA-BP-5010"",""TCGA-BP-5175"",""TCGA-BP-5191"",""TCGA-BP-5196"",""TCGA-BP-5199"",""TCGA-CJ-4637"",""TCGA-CJ-4641"",""TCGA-CJ-4900"",""TCGA-CJ-4902"",""TCGA-CJ-4923"",""TCGA-CJ-6028"",""TCGA-CJ-6033"",""TCGA-CZ-5468"",""TCGA-CZ-5985""],""set_id"":""C0001""},{""member_ids"":[""TCGA-B0-5085"",""TCGA-B0-5115"",""TCGA-B0-5117"",""TCGA-B0-5696"",""TCGA-B0-5697"",""TCGA-B0-5698"",""TCGA-B0-5812"",""TCGA-B8-4619"",""TCGA-B8-5165"",""TCGA-B8-5546"",""TCGA-BP-4782"",""TCGA-BP-4965"",""TCGA-BP-4970"",""TCGA-BP-4972"",""TCGA-BP-4976"",""TCGA-BP-4982"",""TCGA-BP-4994"",""TCGA-BP-4995"",""TCGA-BP-4999"",""TCGA-BP-5004"",""TCGA-BP-5006"",""TCGA-BP-5007"",""TCGA-BP-5174"",""TCGA-BP-5181"",""TCGA-BP-5184"",""TCGA-BP-5186"",""TCGA-BP-5187"",""TCGA-BP-5189"",""TCGA-BP-5190"",""TCGA-BP-5192"",""TCGA-BP-5194"",""TCGA-BP-5195"",""TCGA-CJ-4904""],""set_id"":""C0002""},{""member_ids"":[""TCGA-B0-5702"",""TCGA-B0-5706"",""TCGA-B8-4148"",""TCGA-B8-5159"",""TCGA-B8-5162"",""TCGA-B8-5164"",""TCGA-B8-5549"",""TCGA-B8-5553"",""TCGA-B8-A54E"",""TCGA-B8-A54F"",""TCGA-BP-4167"",""TCGA-BP-4967"",""TCGA-BP-4989"",""TCGA-CZ-4863"",""TCGA-CZ-4865"",""TCGA-CZ-5451"",""TCGA-CZ-5984"",""TCGA-G6-A8L7""],""set_id"":""C0003""},{""member_ids"":[""TCGA-B0-5712"",""TCGA-B8-4151"",""TCGA-B8-4153"",""TCGA-B8-4622"",""TCGA-B8-5158"",""TCGA-B8-A54D"",""TCGA-B8-A54G"",""TCGA-BP-4164"",""TCGA-BP-4977"",""TCGA-BP-4992"",""TCGA-BP-5000"",""TCGA-BP-5001"",""TCGA-BP-5009"",""TCGA-BP-5180"",""TCGA-BP-5183"",""TCGA-BP-5200"",""TCGA-CJ-4903"",""TCGA-CJ-6027"",""TCGA-CJ-6030"",""TCGA-CZ-4859"",""TCGA-CZ-5462"",""TCGA-CZ-5988"",""TCGA-G6-A5PC""],""set_id"":""C0004""}]",review_complete,C0001,C0002,accept,accept,0.000667,0.031474,0.031474,0.036702,0.000634,0.000678,True,True,0.003298,0.004874,0.004874,0.038586,0.009913,0.106123,0.106123,0.28565,0.043393,0.462631,0.462631,0.467952,0.000248,0.013477,0.013477,0.014715
4,1,1,"[{""member_ids"":[""TCGA-B0-4712"",""TCGA-B0-4821"",""TCGA-B0-5081"",""TCGA-B0-5088"",""TCGA-B0-5106"",""TCGA-B0-5703"",""TCGA-B0-5709"",""TCGA-B8-5550"",""TCGA-B8-5551"",""TCGA-BP-4770"",""TCGA-BP-4960"",""TCGA-BP-4962"",""TCGA-BP-4971"",""TCGA-BP-4986"",""TCGA-BP-4988"",""TCGA-BP-5010"",""TCGA-BP-5175"",""TCGA-BP-5191"",""TCGA-BP-5196"",""TCGA-BP-5199"",""TCGA-CJ-4637"",""TCGA-CJ-4641"",""TCGA-CJ-4900"",""TCGA-CJ-4902"",""TCGA-CJ-4923"",""TCGA-CJ-6028"",""TCGA-CJ-6033"",""TCGA-CZ-5468"",""TCGA-CZ-5985""],""set_id"":""C0001""},{""member_ids"":[""TCGA-B0-5085"",""TCGA-B0-5115"",""TCGA-B0-5117"",""TCGA-B0-5696"",""TCGA-B0-5697"",""TCGA-B0-5698"",""TCGA-B0-5812"",""TCGA-B8-4619"",""TCGA-B8-5165"",""TCGA-B8-5546"",""TCGA-BP-4782"",""TCGA-BP-4965"",""TCGA-BP-4970"",""TCGA-BP-4972"",""TCGA-BP-4976"",""TCGA-BP-4982"",""TCGA-BP-4994"",""TCGA-BP-4995"",""TCGA-BP-4999"",""TCGA-BP-5004"",""TCGA-BP-5006"",""TCGA-BP-5007"",""TCGA-BP-5174"",""TCGA-BP-5181"",""TCGA-BP-5184"",""TCGA-BP-5186"",""TCGA-BP-5187"",""TCGA-BP-5189"",""TCGA-BP-5190"",""TCGA-BP-5192"",""TCGA-BP-5194"",""TCGA-BP-5195"",""TCGA-CJ-4904""],""set_id"":""C0002""},{""member_ids"":[""TCGA-B0-5702"",""TCGA-B0-5706"",""TCGA-B8-4148"",""TCGA-B8-5159"",""TCGA-B8-5162"",""TCGA-B8-5164"",""TCGA-B8-5549"",""TCGA-B8-5553"",""TCGA-B8-A54E"",""TCGA-B8-A54F"",""TCGA-BP-4167"",""TCGA-BP-4967"",""TCGA-BP-4989"",""TCGA-CZ-4863"",""TCGA-CZ-4865"",""TCGA-CZ-5451"",""TCGA-CZ-5984"",""TCGA-G6-A8L7""],""set_id"":""C0003""},{""member_ids"":[""TCGA-B0-5712"",""TCGA-B8-4151"",""TCGA-B8-4153"",""TCGA-B8-4622"",""TCGA-B8-5158"",""TCGA-B8-A54D"",""TCGA-B8-A54G"",""TCGA-BP-4164"",""TCGA-BP-4977"",""TCGA-BP-4992"",""TCGA-BP-5000"",""TCGA-BP-5001"",""TCGA-BP-5009"",""TCGA-BP-5180"",""TCGA-BP-5183"",""TCGA-BP-5200"",""TCGA-CJ-4903"",""TCGA-CJ-6027"",""TCGA-CJ-6030"",""TCGA-CZ-4859"",""TCGA-CZ-5462"",""TCGA-CZ-5988"",""TCGA-G6-A5PC""],""set_id"":""C0004""}]",review_complete,C0001,C0003,accept,drop,0.000555,0.022829,0.022829,0.044665,0.000432,0.000805,True,False,0.010171,0.039419,0.039419,0.787958,0.010659,0.092625,0.092625,0.252232,0.021908,0.05512,0.225225,0.05512,-4.7e-05,-0.00192,0.005775,-0.00192
4,1,1,"[{""member_ids"":[""TCGA-B0-4712"",""TCGA-B0-4821"",""TCGA-B0-5081"",""TCGA-B0-5088"",""TCGA-B0-5106"",""TCGA-B0-5703"",""TCGA-B0-5709"",""TCGA-B8-5550"",""TCGA-B8-5551"",""TCGA-BP-4770"",""TCGA-BP-4960"",""TCGA-BP-4962"",""TCGA-BP-4971"",""TCGA-BP-4986"",""TCGA-BP-4988"",""TCGA-BP-5010"",""TCGA-BP-5175"",""TCGA-BP-5191"",""TCGA-BP-5196"",""TCGA-BP-5199"",""TCGA-CJ-4637"",""TCGA-CJ-4641"",""TCGA-CJ-4900"",""TCGA-CJ-4902"",""TCGA-CJ-4923"",""TCGA-CJ-6028"",""TCGA-CJ-6033"",""TCGA-CZ-5468"",""TCGA-CZ-5985""],""set_id"":""C0001""},{""member_ids"":[""TCGA-B0-5085"",""TCGA-B0-5115"",""TCGA-B0-5117"",""TCGA-B0-5696"",""TCGA-B0-5697"",""TCGA-B0-5698"",""TCGA-B0-5812"",""TCGA-B8-4619"",""TCGA-B8-5165"",""TCGA-B8-5546"",""TCGA-BP-4782"",""TCGA-BP-4965"",""TCGA-BP-4970"",""TCGA-BP-4972"",""TCGA-BP-4976"",""TCGA-BP-4982"",""TCGA-BP-4994"",""TCGA-BP-4995"",""TCGA-BP-4999"",""TCGA-BP-5004"",""TCGA-BP-5006"",""TCGA-BP-5007"",""TCGA-BP-5174"",""TCGA-BP-5181"",""TCGA-BP-5184"",""TCGA-BP-5186"",""TCGA-BP-5187"",""TCGA-BP-5189"",""TCGA-BP-5190"",""TCGA-BP-5192"",""TCGA-BP-5194"",""TCGA-BP-5195"",""TCGA-CJ-4904""],""set_id"":""C0002""},{""member_ids"":[""TCGA-B0-5702"",""TCGA-B0-5706"",""TCGA-B8-4148"",""TCGA-B8-5159"",""TCGA-B8-5162"",""TCGA-B8-5164"",""TCGA-B8-5549"",""TCGA-B8-5553"",""TCGA-B8-A54E"",""TCGA-B8-A54F"",""TCGA-BP-4167"",""TCGA-BP-4967"",""TCGA-BP-4989"",""TCGA-CZ-4863"",""TCGA-CZ-4865"",""TCGA-CZ-5451"",""TCGA-CZ-5984"",""TCGA-G6-A8L7""],""set_id"":""C0003""},{""member_ids"":[""TCGA-B0-5712"",""TCGA-B8-4151"",""TCGA-B8-4153"",""TCGA-B8-4622"",""TCGA-B8-5158"",""TCGA-B8-A54D"",""TCGA-B8-A54G"",""TCGA-BP-4164"",""TCGA-BP-4977"",""TCGA-BP-4992"",""TCGA-BP-5000"",""TCGA-BP-5001"",""TCGA-BP-5009"",""TCGA-BP-5180"",""TCGA-BP-5183"",""TCGA-BP-5200"",""TCGA-CJ-4903"",""TCGA-CJ-6027"",""TCGA-CJ-6030"",""TCGA-CZ-4859"",""TCGA-CZ-5462"",""TCGA-CZ-5988"",""TCGA-G6-A5PC""],""set_id"":""C0004""}]",review_complete,C0001,C0004,accept,drop,0.000492,0.022455,0.022455,0.032348,0.000375,0.000598,True,False,0.000999,-0.035019,-0.035019,0.13936,0.016688,0.206337,0.206337,0.401954,0.025205,0.198725,0.289969,0.198725,0.00013,0.004761,0.009362,0.004761
4,1,1,"[{""member_ids"":[""TCGA-B0-4712"",""TCGA-B0-4821"",""TCGA-B0-5081"",""TCGA-B0-5088"",""TCGA-B0-5106"",""TCGA-B0-5703"",""TCGA-B0-5709"",""TCGA-B8-5550"",""TCGA-B8-5551"",""TCGA-BP-4770"",""TCGA-BP-4960"",""TCGA-BP-4962"",""TCGA-BP-4971"",""TCGA-BP-4986"",""TCGA-BP-4988"",""TCGA-BP-5010"",""TCGA-BP-5175"",""TCGA-BP-5191"",""TCGA-BP-5196"",""TCGA-BP-5199"",""TCGA-CJ-4637"",""TCGA-CJ-4641"",""TCGA-CJ-4900"",""TCGA-CJ-4902"",""TCGA-CJ-4923"",""TCGA-CJ-6028"",""TCGA-CJ-6033"",""TCGA-CZ-5468"",""TCGA-CZ-5985""],""set_id"":""C0001""},{""member_ids"":[""TCGA-B0-5085"",""TCGA-B0-5115"",""TCGA-B0-5117"",""TCGA-B0-5696"",""TCGA-B0-5697"",""TCGA-B0-5698"",""TCGA-B0-5812"",""TCGA-B8-4619"",""TCGA-B8-5165"",""TCGA-B8-5546"",""TCGA-BP-4782"",""TCGA-BP-4965"",""TCGA-BP-4970"",""TCGA-BP-4972"",""TCGA-BP-4976"",""TCGA-BP-4982"",""TCGA-BP-4994"",""TCGA-BP-4995"",""TCGA-BP-4999"",""TCGA-BP-5004"",""TCGA-BP-5006"",""TCGA-BP-5007"",""TCGA-BP-5174"",""TCGA-BP-5181"",""TCGA-BP-5184"",""TCGA-BP-5186"",""TCGA-BP-5187"",""TCGA-BP-5189"",""TCGA-BP-5190"",""TCGA-BP-5192"",""TCGA-BP-5194"",""TCGA-BP-5195"",""TCGA-CJ-4904""],""set_id"":""C0002""},{""member_ids"":[""TCGA-B0-5702"",""TCGA-B0-5706"",""TCGA-B8-4148"",""TCGA-B8-5159"",""TCGA-B8-5162"",""TCGA-B8-5164"",""TCGA-B8-5549"",""TCGA-B8-5553"",""TCGA-B8-A54E"",""TCGA-B8-A54F"",""TCGA-BP-4167"",""TCGA-BP-4967"",""TCGA-BP-4989"",""TCGA-CZ-4863"",""TCGA-CZ-4865"",""TCGA-CZ-5451"",""TCGA-CZ-5984"",""TCGA-G6-A8L7""],""set_id"":""C0003""},{""member_ids"":[""TCGA-B0-5712"",""TCGA-B8-4151"",""TCGA-B8-4153"",""TCGA-B8-4622"",""TCGA-B8-5158"",""TCGA-B8-A54D"",""TCGA-B8-A54G"",""TCGA-BP-4164"",""TCGA-BP-4977"",""TCGA-BP-4992"",""TCGA-BP-5000"",""TCGA-BP-5001"",""TCGA-BP-5009"",""TCGA-BP-5180"",""TCGA-BP-5183"",""TCGA-BP-5200"",""TCGA-CJ-4903"",""TCGA-CJ-6027"",""TCGA-CJ-6030"",""TCGA-CZ-4859"",""TCGA-CZ-5462"",""TCGA-CZ-5988"",""TCGA-G6-A5PC""],""set_id"":""C0004""}]",review_complete,C0002,C0003,accept,drop,0.000715,0.035157,0.035157,0.051753,0.000665,0.00108,True,False,0.007561,0.032743,0.032743,0.77214,0.019151,0.365429,0.384673,0.365429,0.015576,0.074783,0.250262,0.074783,4e-05,0.000904,0.009837,0.000904
4,1,1,"[{""member_ids"":[""TCGA-B0-4712"",""TCGA-B0-4821"",""TCGA-B0-5081"",""TCGA-B0-5088"",""TCGA-B0-5106"",""TCGA-B0-5703"",""TCGA-B0-5709"",""TCGA-B8-5550"",""TCGA-B8-5551"",""TCGA-BP-4770"",""TCGA-BP-4960"",""TCGA-BP-4962"",""TCGA-BP-4971"",""TCGA-BP-4986"",""TCGA-BP-4988"",""TCGA-BP-5010"",""TCGA-BP-5175"",""TCGA-BP-5191"",""TCGA-BP-5196"",""TCGA-BP-5199"",""TCGA-CJ-4637"",""TCGA-CJ-4641"",""TCGA-CJ-4900"",""TCGA-CJ-4902"",""TCGA-CJ-4923"",""TCGA-CJ-6028"",""TCGA-CJ-6033"",""TCGA-CZ-5468"",""TCGA-CZ-5985""],""set_id"":""C0001""},{""member_ids"":[""TCGA-B0-5085"",""TCGA-B0-5115"",""TCGA-B0-5117"",""TCGA-B0-5696"",""TCGA-B0-5697"",""TCGA-B0-5698"",""TCGA-B0-5812"",""TCGA-B8-4619"",""TCGA-B8-5165"",""TCGA-B8-5546"",""TCGA-BP-4782"",""TCGA-BP-4965"",""TCGA-BP-4970"",""TCGA-BP-4972"",""TCGA-BP-4976"",""TCGA-BP-4982"",""TCGA-BP-4994"",""TCGA-BP-4995"",""TCGA-BP-4999"",""TCGA-BP-5004"",""TCGA-BP-5006"",""TCGA-BP-5007"",""TCGA-BP-5174"",""TCGA-BP-5181"",""TCGA-BP-5184"",""TCGA-BP-5186"",""TCGA-BP-5187"",""TCGA-BP-5189"",""TCGA-BP-5190"",""TCGA-BP-5192"",""TCGA-BP-5194"",""TCGA-BP-5195"",""TCGA-CJ-4904""],""set_id"":""C0002""},{""member_ids"":[""TCGA-B0-5702"",""TCGA-B0-5706"",""TCGA-B8-4148"",""TCGA-B8-5159"",""TCGA-B8-5162"",""TCGA-B8-5164"",""TCGA-B8-5549"",""TCGA-B8-5553"",""TCGA-B8-A54E"",""TCGA-B8-A54F"",""TCGA-BP-4167"",""TCGA-BP-4967"",""TCGA-BP-4989"",""TCGA-CZ-4863"",""TCGA-CZ-4865"",""TCGA-CZ-5451"",""TCGA-CZ-5984"",""TCGA-G6-A8L7""],""set_id"":""C0003""},{""member_ids"":[""TCGA-B0-5712"",""TCGA-B8-4151"",""TCGA-B8-4153"",""TCGA-B8-4622"",""TCGA-B8-5158"",""TCGA-B8-A54D"",""TCGA-B8-A54G"",""TCGA-BP-4164"",""TCGA-BP-4977"",""TCGA-BP-4992"",""TCGA-BP-5000"",""TCGA-BP-5001"",""TCGA-BP-5009"",""TCGA-BP-5180"",""TCGA-BP-5183"",""TCGA-BP-5200"",""TCGA-CJ-4903"",""TCGA-CJ-6027"",""TCGA-CJ-6030"",""TCGA-CZ-4859"",""TCGA-CZ-5462"",""TCGA-CZ-5988"",""TCGA-G6-A5PC""],""set_id"":""C0004""}]",review_complete,C0002,C0004,accept,drop,0.000677,0.033603,0.033603,0.038264,0.000585,0.000723,True,False,0.00679,0.013323,0.013323,0.153672,0.031342,0.474415,0.474415,0.496831,0.025288,0.169424,0.268264,0.169424,0.000131,0.004534,0.010375,0.004534
4,1,1,"[{""member_ids"":[""TCGA-B0-4712"",""TCGA-B0-4821"",""TCGA-B0-5081"",""TCGA-B0-5088"",""TCGA-B0-5106"",""TCGA-B0-5703"",""TCGA-B0-5709"",""TCGA-B8-5550"",""TCGA-B8-5551"",""TCGA-BP-4770"",""TCGA-BP-4960"",""TCGA-BP-4962"",""TCGA-BP-4971"",""TCGA-BP-4986"",""TCGA-BP-4988"",""TCGA-BP-5010"",""TCGA-BP-5175"",""TCGA-BP-5191"",""TCGA-BP-5196"",""TCGA-BP-5199"",""TCGA-CJ-4637"",""TCGA-CJ-4641"",""TCGA-CJ-4900"",""TCGA-CJ-4902"",""TCGA-CJ-4923"",""TCGA-CJ-6028"",""TCGA-CJ-6033"",""TCGA-CZ-5468"",""TCGA-CZ-5985""],""set_id"":""C0001""},{""member_ids"":[""TCGA-B0-5085"",""TCGA-B0-5115"",""TCGA-B0-5117"",""TCGA-B0-5696"",""TCGA-B0-5697"",""TCGA-B0-5698"",""TCGA-B0-5812"",""TCGA-B8-4619"",""TCGA-B8-5165"",""TCGA-B8-5546"",""TCGA-BP-4782"",""TCGA-BP-4965"",""TCGA-BP-4970"",""TCGA-BP-4972"",""TCGA-BP-4976"",""TCGA-BP-4982"",""TCGA-BP-4994"",""TCGA-BP-4995"",""TCGA-BP-4999"",""TCGA-BP-5004"",""TCGA-BP-5006"",""TCGA-BP-5007"",""TCGA-BP-5174"",""TCGA-BP-5181"",""TCGA-BP-5184"",""TCGA-BP-5186"",""TCGA-BP-5187"",""TCGA-BP-5189"",""TCGA-BP-5190"",""TCGA-BP-5192"",""TCGA-BP-5194"",""TCGA-BP-5195"",""TCGA-CJ-4904""],""set_id"":""C0002""},{""member_ids"":[""TCGA-B0-5702"",""TCGA-B0-5706"",""TCGA-B8-4148"",""TCGA-B8-5159"",""TCGA-B8-5162"",""TCGA-B8-5164"",""TCGA-B8-5549"",""TCGA-B8-5553"",""TCGA-B8-A54E"",""TCGA-B8-A54F"",""TCGA-BP-4167"",""TCGA-BP-4967"",""TCGA-BP-4989"",""TCGA-CZ-4863"",""TCGA-CZ-4865"",""TCGA-CZ-5451"",""TCGA-CZ-5984"",""TCGA-G6-A8L7""],""set_id"":""C0003""},{""member_ids"":[""TCGA-B0-5712"",""TCGA-B8-4151"",""TCGA-B8-4153"",""TCGA-B8-4622"",""TCGA-B8-5158"",""TCGA-B8-A54D"",""TCGA-B8-A54G"",""TCGA-BP-4164"",""TCGA-BP-4977"",""TCGA-BP-4992"",""TCGA-BP-5000"",""TCGA-BP-5001"",""TCGA-BP-5009"",""TCGA-BP-5180"",""TCGA-BP-5183"",""TCGA-BP-5200"",""TCGA-CJ-4903"",""TCGA-CJ-6027"",""TCGA-CJ-6030"",""TCGA-CZ-4859"",""TCGA-CZ-5462"",""TCGA-CZ-5988"",""TCGA-G6-A5PC""],""set_id"":""C0004""}]",review_complete,C0003,C0004,drop,drop,0.000665,0.033835,0.045777,0.033835,0.000874,0.000555,True,False,0.018059,0.103914,0.742293,0.103914,0.02596,0.350426,0.350426,0.394958,0.007317,0.027642,0.027642,0.10412,0.00013,0.001806,0.001806,0.004899
5,1,1,"[{""member_ids"":[""TCGA-B0-4712"",""TCGA-B0-4821"",""TCGA-B0-5081"",""TCGA-B0-5088"",""TCGA-B0-5106"",""TCGA-B0-5703"",""TCGA-B8-5550"",""TCGA-BP-4770"",""TCGA-BP-4960"",""TCGA-BP-4962"",""TCGA-BP-4971"",""TCGA-BP-4986"",""TCGA-BP-4988"",""TCGA-BP-5010"",""TCGA-BP-5175"",""TCGA-BP-5191"",""TCGA-BP-5196"",""TCGA-BP-5199"",""TCGA-CJ-4903"",""TCGA-CJ-6033"",""TCGA-CZ-5468""],""set_id"":""C0001""},{""member_ids"":[""TCGA-B0-5085"",""TCGA-B0-5115"",""TCGA-B0-5117"",""TCGA-B0-5696"",""TCGA-B0-5697"",""TCGA-B0-5698"",""TCGA-B0-5812"",""TCGA-B8-4619"",""TCGA-B8-5165"",""TCGA-B8-5546"",""TCGA-BP-4782"",""TCGA-BP-4965"",""TCGA-BP-4970"",""TCGA-BP-4972"",""TCGA-BP-4976"",""TCGA-BP-4982"",""TCGA-BP-4994"",""TCGA-BP-4995"",""TCGA-BP-4999"",""TCGA-BP-5004"",""TCGA-BP-5006"",""TCGA-BP-5007"",""TCGA-BP-5174"",""TCGA-BP-5181"",""TCGA-BP-5184"",""TCGA-BP-5186"",""TCGA-BP-5187"",""TCGA-BP-5190"",""TCGA-BP-5192"",""TCGA-BP-5194"",""TCGA-BP-5195"",""TCGA-CJ-4904""],""set_id"":""C0002""},{""member_ids"":[""TCGA-B0-5702"",""TCGA-B8-4148"",""TCGA-B8-5159"",""TCGA-B8-5162"",""TCGA-B8-5164"",""TCGA-B8-5549"",""TCGA-B8-5553"",""TCGA-B8-A54F"",""TCGA-BP-4167"",""TCGA-BP-4967"",""TCGA-BP-4989"",""TCGA-CZ-4863"",""TCGA-CZ-4865"",""TCGA-CZ-5451"",""TCGA-CZ-5984"",""TCGA-G6-A8L7""],""set_id"":""C0003""},{""member_ids"":[""TCGA-B0-5706"",""TCGA-B0-5712"",""TCGA-B8-4151"",""TCGA-B8-4153"",""TCGA-B8-4622"",""TCGA-B8-5158"",""TCGA-B8-A54D"",""TCGA-BP-4164"",""TCGA-BP-4977"",""TCGA-BP-4992"",""TCGA-BP-5000"",""TCGA-BP-5001"",""TCGA-BP-5009"",""TCGA-BP-5183"",""TCGA-BP-5189"",""TCGA-BP-5200"",""TCGA-CJ-6027"",""TCGA-CZ-4859"",""TCGA-CZ-5988"",""TCGA-G6-A5PC""],""set_id"":""C0004""},{""member_ids"":[""TCGA-B0-5709"",""TCGA-B8-5551"",""TCGA-B8-A54E"",""TCGA-B8-A54G"",""TCGA-BP-5180"",""TCGA-CJ-4637"",""TCGA-CJ-4641"",""TCGA-CJ-4900"",""TCGA-CJ-4902"",""TCGA-CJ-4923"",""TCGA-CJ-6028"",""TCGA-CJ-6030"",""TCGA-CZ-5462"",""TCGA-CZ-5985""],""set_id"":""C0005""}]",review_complete,C0001,C0002,drop,drop,0.000654,0.035548,0.035548,0.038351,0.000649,0.000647,True,True,0.003175,0.025367,0.025367,0.044457,0.011623,0.176881,0.176881,0.313757,0.045179,0.454875,0.454875,0.458702,0.000183,0.006178,0.006178,0.01454
5,1,1,"[{""member_ids"":[""TCGA-B0-4712"",""TCGA-B0-4821"",""TCGA-B0-5081"",""TCGA-B0-5088"",""TCGA-B0-5106"",""TCGA-B0-5703"",""TCGA-B8-5550"",""TCGA-BP-4770"",""TCGA-BP-4960"",""TCGA-BP-4962"",""TCGA-BP-4971"",""TCGA-BP-4986"",""TCGA-BP-4988"",""TCGA-BP-5010"",""TCGA-BP-5175"",""TCGA-BP-5191"",""TCGA-BP-5196"",""TCGA-BP-5199"",""TCGA-CJ-4903"",""TCGA-CJ-6033"",""TCGA-CZ-5468""],""set_id"":""C0001""},{""member_ids"":[""TCGA-B0-5085"",""TCGA-B0-5115"",""TCGA-B0-5117"",""TCGA-B0-5696"",""TCGA-B0-5697"",""TCGA-B0-5698"",""TCGA-B0-5812"",""TCGA-B8-4619"",""TCGA-B8-5165"",""TCGA-B8-5546"",""TCGA-BP-4782"",""TCGA-BP-4965"",""TCGA-BP-4970"",""TCGA-BP-4972"",""TCGA-BP-4976"",""TCGA-BP-4982"",""TCGA-BP-4994"",""TCGA-BP-4995"",""TCGA-BP-4999"",""TCGA-BP-5004"",""TCGA-BP-5006"",""TCGA-BP-5007"",""TCGA-BP-5174"",""TCGA-BP-5181"",""TCGA-BP-5184"",""TCGA-BP-5186"",""TCGA-BP-5187"",""TCGA-BP-5190"",""TCGA-BP-5192"",""TCGA-BP-5194"",""TCGA-BP-5195"",""TCGA-CJ-4904""],""set_id"":""C0002""},{""member_ids"":[""TCGA-B0-5702"",""TCGA-B8-4148"",""TCGA-B8-5159"",""TCGA-B8-5162"",""TCGA-B8-5164"",""TCGA-B8-5549"",""TCGA-B8-5553"",""TCGA-B8-A54F"",""TCGA-BP-4167"",""TCGA-BP-4967"",""TCGA-BP-4989"",""TCGA-CZ-4863"",""TCGA-CZ-4865"",""TCGA-CZ-5451"",""TCGA-CZ-5984"",""TCGA-G6-A8L7""],""set_id"":""C0003""},{""member_ids"":[""TCGA-B0-5706"",""TCGA-B0-5712"",""TCGA-B8-4151"",""TCGA-B8-4153"",""TCGA-B8-4622"",""TCGA-B8-5158"",""TCGA-B8-A54D"",""TCGA-BP-4164"",""TCGA-BP-4977"",""TCGA-BP-4992"",""TCGA-BP-5000"",""TCGA-BP-5001"",""TCGA-BP-5009"",""TCGA-BP-5183"",""TCGA-BP-5189"",""TCGA-BP-5200"",""TCGA-CJ-6027"",""TCGA-CZ-4859"",""TCGA-CZ-5988"",""TCGA-G6-A5PC""],""set_id"":""C0004""},{""member_ids"":[""TCGA-B0-5709"",""TCGA-B8-5551"",""TCGA-B8-A54E"",""TCGA-B8-A54G"",""TCGA-BP-5180"",""TCGA-CJ-4637"",""TCGA-CJ-4641"",""TCGA-CJ-4900"",""TCGA-CJ-4902"",""TCGA-CJ-4923"",""TCGA-CJ-6028"",""TCGA-CJ-6030"",""TCGA-CZ-5462"",""TCGA-CZ-5985""],""set_id"":""C0005""}]",review_complete,C0001,C0003,drop,drop,0.000738,0.026078,0.026078,0.050883,0.000413,0.000811,True,False,0.014078,0.117497,0.117497,0.841207,0.010923,0.083849,0.083849,0.24339,0.02576,0.069225,0.241279,0.069225,2e-06,-0.002675,-0.001312,-0.002675
5,1,1,"[{""member_ids"":[""TCGA-B0-4712"",""TCGA-B0-4821"",""TCGA-B0-5081"",""TCGA-B0-5088"",""TCGA-B0-5106"",""TCGA-B0-5703"",""TCGA-B8-5550"",""TCGA-BP-4770"",""TCGA-BP-4960"",""TCGA-BP-4962"",""TCGA-BP-4971"",""TCGA-BP-4986"",""TCGA-BP-4988"",""TCGA-BP-5010"",""TCGA-BP-5175"",""TCGA-BP-5191"",""TCGA-BP-5196"",""TCGA-BP-5199"",""TCGA-CJ-4903"",""TCGA-CJ-6033"",""TCGA-CZ-5468""],""set_id"":""C0001""},{""member_ids"":[""TCGA-B0-5085"",""TCGA-B0-5115"",""TCGA-B0-5117"",""TCGA-B0-5696"",""TCGA-B0-5697"",""TCGA-B0-5698"",""TCGA-B0-5812"",""TCGA-B8-4619"",""TCGA-B8-5165"",""TCGA-B8-5546"",""TCGA-BP-4782"",""TCGA-BP-4965"",""TCGA-BP-4970"",""TCGA-BP-4972"",""TCGA-BP-4976"",""TCGA-BP-4982"",""TCGA-BP-4994"",""TCGA-BP-4995"",""TCGA-BP-4999"",""TCGA-BP-5004"",""TCGA-BP-5006"",""TCGA-BP-5007"",""TCGA-BP-5174"",""TCGA-BP-5181"",""TCGA-BP-5184"",""TCGA-BP-5186"",""TCGA-BP-5187"",""TCGA-BP-5190"",""TCGA-BP-5192"",""TCGA-BP-5194"",""TCGA-BP-5195"",""TCGA-CJ-4904""],""set_id"":""C0002""},{""member_ids"":[""TCGA-B0-5702"",""TCGA-B8-4148"",""TCGA-B8-5159"",""TCGA-B8-5162"",""TCGA-B8-5164"",""TCGA-B8-5549"",""TCGA-B8-5553"",""TCGA-B8-A54F"",""TCGA-BP-4167"",""TCGA-BP-4967"",""TCGA-BP-4989"",""TCGA-CZ-4863"",""TCGA-CZ-4865"",""TCGA-CZ-5451"",""TCGA-CZ-5984"",""TCGA-G6-A8L7""],""set_id"":""C0003""},{""member_ids"":[""TCGA-B0-5706"",""TCGA-B0-5712"",""TCGA-B8-4151"",""TCGA-B8-4153"",""TCGA-B8-4622"",""TCGA-B8-5158"",""TCGA-B8-A54D"",""TCGA-BP-4164"",""TCGA-BP-4977"",""TCGA-BP-4992"",""TCGA-BP-5000"",""TCGA-BP-5001"",""TCGA-BP-5009"",""TCGA-BP-5183"",""TCGA-BP-5189"",""TCGA-BP-5200"",""TCGA-CJ-6027"",""TCGA-CZ-4859"",""TCGA-CZ-5988"",""TCGA-G6-A5PC""],""set_id"":""C0004""},{""member_ids"":[""TCGA-B0-5709"",""TCGA-B8-5551"",""TCGA-B8-A54E"",""TCGA-B8-A54G"",""TCGA-BP-5180"",""TCGA-CJ-4637"",""TCGA-CJ-4641"",""TCGA-CJ-4900"",""TCGA-CJ-4902"",""TCGA-CJ-4923"",""TCGA-CJ-6028"",""TCGA-CJ-6030"",""TCGA-CZ-5462"",""TCGA-CZ-5985""],""set_id"":""C0005""}]",review_complete,C0001,C0004,drop,drop,0.000446,0.023349,0.023349,0.029551,0.000433,0.000507,True,False,0.001334,-0.028754,-0.028754,0.130245,0.024669,0.216029,0.216029,0.432821,0.022662,0.123026,0.273579,0.123026,2.3e-05,-0.002572,-0.000707,-0.002572
5,1,1,"[{""member_ids"":[""TCGA-B0-4712"",""TCGA-B0-4821"",""TCGA-B0-5081"",""TCGA-B0-5088"",""TCGA-B0-5106"",""TCGA-B0-5703"",""TCGA-B8-5550"",""TCGA-BP-4770"",""TCGA-BP-4960"",""TCGA-BP-4962"",""TCGA-BP-4971"",""TCGA-BP-4986"",""TCGA-BP-4988"",""TCGA-BP-5010"",""TCGA-BP-5175"",""TCGA-BP-5191"",""TCGA-BP-5196"",""TCGA-BP-5199"",""TCGA-CJ-4903"",""TCGA-CJ-6033"",""TCGA-CZ-5468""],""set_id"":""C0001""},{""member_ids"":[""TCGA-B0-5085"",""TCGA-B0-5115"",""TCGA-B0-5117"",""TCGA-B0-5696"",""TCGA-B0-5697"",""TCGA-B0-5698"",""TCGA-B0-5812"",""TCGA-B8-4619"",""TCGA-B8-5165"",""TCGA-B8-5546"",""TCGA-BP-4782"",""TCGA-BP-4965"",""TCGA-BP-4970"",""TCGA-BP-4972"",""TCGA-BP-4976"",""TCGA-BP-4982"",""TCGA-BP-4994"",""TCGA-BP-4995"",""TCGA-BP-4999"",""TCGA-BP-5004"",""TCGA-BP-5006"",""TCGA-BP-5007"",""TCGA-BP-5174"",""TCGA-BP-5181"",""TCGA-BP-5184"",""TCGA-BP-5186"",""TCGA-BP-5187"",""TCGA-BP-5190"",""TCGA-BP-5192"",""TCGA-BP-5194"",""TCGA-BP-5195"",""TCGA-CJ-4904""],""set_id"":""C0002""},{""member_ids"":[""TCGA-B0-5702"",""TCGA-B8-4148"",""TCGA-B8-5159"",""TCGA-B8-5162"",""TCGA-B8-5164"",""TCGA-B8-5549"",""TCGA-B8-5553"",""TCGA-B8-A54F"",""TCGA-BP-4167"",""TCGA-BP-4967"",""TCGA-BP-4989"",""TCGA-CZ-4863"",""TCGA-CZ-4865"",""TCGA-CZ-5451"",""TCGA-CZ-5984"",""TCGA-G6-A8L7""],""set_id"":""C0003""},{""member_ids"":[""TCGA-B0-5706"",""TCGA-B0-5712"",""TCGA-B8-4151"",""TCGA-B8-4153"",""TCGA-B8-4622"",""TCGA-B8-5158"",""TCGA-B8-A54D"",""TCGA-BP-4164"",""TCGA-BP-4977"",""TCGA-BP-4992"",""TCGA-BP-5000"",""TCGA-BP-5001"",""TCGA-BP-5009"",""TCGA-BP-5183"",""TCGA-BP-5189"",""TCGA-BP-5200"",""TCGA-CJ-6027"",""TCGA-CZ-4859"",""TCGA-CZ-5988"",""TCGA-G6-A5PC""],""set_id"":""C0004""},{""member_ids"":[""TCGA-B0-5709"",""TCGA-B8-5551"",""TCGA-B8-A54E"",""TCGA-B8-A54G"",""TCGA-BP-5180"",""TCGA-CJ-4637"",""TCGA-CJ-4641"",""TCGA-CJ-4900"",""TCGA-CJ-4902"",""TCGA-CJ-4923"",""TCGA-CJ-6028"",""TCGA-CJ-6030"",""TCGA-CZ-5462"",""TCGA-CZ-5985""],""set_id"":""C0005""}]",review_complete,C0001,C0005,drop,accept,0.000548,0.021633,0.021633,0.038058,0.000434,0.000671,True,False,0.00778,0.065934,0.065934,0.249391,0.01422,0.111282,0.111282,0.234623,0.022729,0.18081,0.18081,0.183348,0.00011,-0.000455,-0.000455,0.02033
5,1,1,"[{""member_ids"":[""TCGA-B0-4712"",""TCGA-B0-4821"",""TCGA-B0-5081"",""TCGA-B0-5088"",""TCGA-B0-5106"",""TCGA-B0-5703"",""TCGA-B8-5550"",""TCGA-BP-4770"",""TCGA-BP-4960"",""TCGA-BP-4962"",""TCGA-BP-4971"",""TCGA-BP-4986"",""TCGA-BP-4988"",""TCGA-BP-5010"",""TCGA-BP-5175"",""TCGA-BP-5191"",""TCGA-BP-5196"",""TCGA-BP-5199"",""TCGA-CJ-4903"",""TCGA-CJ-6033"",""TCGA-CZ-5468""],""set_id"":""C0001""},{""member_ids"":[""TCGA-B0-5085"",""TCGA-B0-5115"",""TCGA-B0-5117"",""TCGA-B0-5696"",""TCGA-B0-5697"",""TCGA-B0-5698"",""TCGA-B0-5812"",""TCGA-B8-4619"",""TCGA-B8-5165"",""TCGA-B8-5546"",""TCGA-BP-4782"",""TCGA-BP-4965"",""TCGA-BP-4970"",""TCGA-BP-4972"",""TCGA-BP-4976"",""TCGA-BP-4982"",""TCGA-BP-4994"",""TCGA-BP-4995"",""TCGA-BP-4999"",""TCGA-BP-5004"",""TCGA-BP-5006"",""TCGA-BP-5007"",""TCGA-BP-5174"",""TCGA-BP-5181"",""TCGA-BP-5184"",""TCGA-BP-5186"",""TCGA-BP-5187"",""TCGA-BP-5190"",""TCGA-BP-5192"",""TCGA-BP-5194"",""TCGA-BP-5195"",""TCGA-CJ-4904""],""set_id"":""C0002""},{""member_ids"":[""TCGA-B0-5702"",""TCGA-B8-4148"",""TCGA-B8-5159"",""TCGA-B8-5162"",""TCGA-B8-5164"",""TCGA-B8-5549"",""TCGA-B8-5553"",""TCGA-B8-A54F"",""TCGA-BP-4167"",""TCGA-BP-4967"",""TCGA-BP-4989"",""TCGA-CZ-4863"",""TCGA-CZ-4865"",""TCGA-CZ-5451"",""TCGA-CZ-5984"",""TCGA-G6-A8L7""],""set_id"":""C0003""},{""member_ids"":[""TCGA-B0-5706"",""TCGA-B0-5712"",""TCGA-B8-4151"",""TCGA-B8-4153"",""TCGA-B8-4622"",""TCGA-B8-5158"",""TCGA-B8-A54D"",""TCGA-BP-4164"",""TCGA-BP-4977"",""TCGA-BP-4992"",""TCGA-BP-5000"",""TCGA-BP-5001"",""TCGA-BP-5009"",""TCGA-BP-5183"",""TCGA-BP-5189"",""TCGA-BP-5200"",""TCGA-CJ-6027"",""TCGA-CZ-4859"",""TCGA-CZ-5988"",""TCGA-G6-A5PC""],""set_id"":""C0004""},{""member_ids"":[""TCGA-B0-5709"",""TCGA-B8-5551"",""TCGA-B8-A54E"",""TCGA-B8-A54G"",""TCGA-BP-5180"",""TCGA-CJ-4637"",""TCGA-CJ-4641"",""TCGA-CJ-4900"",""TCGA-CJ-4902"",""TCGA-CJ-4923"",""TCGA-CJ-6028"",""TCGA-CJ-6030"",""TCGA-CZ-5462"",""TCGA-CZ-5985""],""set_id"":""C0005""}]",review_complete,C0002,C0003,drop,drop,0.000742,0.036666,0.036666,0.058651,0.000712,0.001172,True,False,0.008861,0.045544,0.045544,0.812284,0.018191,0.38785,0.38785,0.403356,0.017066,0.081404,0.257303,0.081404,4.6e-05,-0.000515,0.009212,-0.000515
5,1,1,"[{""member_ids"":[""TCGA-B0-4712"",""TCGA-B0-4821"",""TCGA-B0-5081"",""TCGA-B0-5088"",""TCGA-B0-5106"",""TCGA-B0-5703"",""TCGA-B8-5550"",""TCGA-BP-4770"",""TCGA-BP-4960"",""TCGA-BP-4962"",""TCGA-BP-4971"",""TCGA-BP-4986"",""TCGA-BP-4988"",""TCGA-BP-5010"",""TCGA-BP-5175"",""TCGA-BP-5191"",""TCGA-BP-5196"",""TCGA-BP-5199"",""TCGA-CJ-4903"",""TCGA-CJ-6033"",""TCGA-CZ-5468""],""set_id"":""C0001""},{""member_ids"":[""TCGA-B0-5085"",""TCGA-B0-5115"",""TCGA-B0-5117"",""TCGA-B0-5696"",""TCGA-B0-5697"",""TCGA-B0-5698"",""TCGA-B0-5812"",""TCGA-B8-4619"",""TCGA-B8-5165"",""TCGA-B8-5546"",""TCGA-BP-4782"",""TCGA-BP-4965"",""TCGA-BP-4970"",""TCGA-BP-4972"",""TCGA-BP-4976"",""TCGA-BP-4982"",""TCGA-BP-4994"",""TCGA-BP-4995"",""TCGA-BP-4999"",""TCGA-BP-5004"",""TCGA-BP-5006"",""TCGA-BP-5007"",""TCGA-BP-5174"",""TCGA-BP-5181"",""TCGA-BP-5184"",""TCGA-BP-5186"",""TCGA-BP-5187"",""TCGA-BP-5190"",""TCGA-BP-5192"",""TCGA-BP-5194"",""TCGA-BP-5195"",""TCGA-CJ-4904""],""set_id"":""C0002""},{""member_ids"":[""TCGA-B0-5702"",""TCGA-B8-4148"",""TCGA-B8-5159"",""TCGA-B8-5162"",""TCGA-B8-5164"",""TCGA-B8-5549"",""TCGA-B8-5553"",""TCGA-B8-A54F"",""TCGA-BP-4167"",""TCGA-BP-4967"",""TCGA-BP-4989"",""TCGA-CZ-4863"",""TCGA-CZ-4865"",""TCGA-CZ-5451"",""TCGA-CZ-5984"",""TCGA-G6-A8L7""],""set_id"":""C0003""},{""member_ids"":[""TCGA-B0-5706"",""TCGA-B0-5712"",""TCGA-B8-4151"",""TCGA-B8-4153"",""TCGA-B8-4622"",""TCGA-B8-5158"",""TCGA-B8-A54D"",""TCGA-BP-4164"",""TCGA-BP-4977"",""TCGA-BP-4992"",""TCGA-BP-5000"",""TCGA-BP-5001"",""TCGA-BP-5009"",""TCGA-BP-5183"",""TCGA-BP-5189"",""TCGA-BP-5200"",""TCGA-CJ-6027"",""TCGA-CZ-4859"",""TCGA-CZ-5988"",""TCGA-G6-A5PC""],""set_id"":""C0004""},{""member_ids"":[""TCGA-B0-5709"",""TCGA-B8-5551"",""TCGA-B8-A54E"",""TCGA-B8-A54G"",""TCGA-BP-5180"",""TCGA-CJ-4637"",""TCGA-CJ-4641"",""TCGA-CJ-4900"",""TCGA-CJ-4902"",""TCGA-CJ-4923"",""TCGA-CJ-6028"",""TCGA-CJ-6030"",""TCGA-CZ-5462"",""TCGA-CZ-5985""],""set_id"":""C0005""}]",review_complete,C0002,C0004,drop,drop,0.000652,0.033508,0.033508,0.036903,0.000627,0.000677,True,False,0.006995,0.016383,0.016383,0.155743,0.033755,0.450799,0.450799,0.5253,0.0193,0.098199,0.254697,0.098199,0.000175,0.001663,0.011891,0.001663
5,1,1,"[{""member_ids"":[""TCGA-B0-4712"",""TCGA-B0-4821"",""TCGA-B0-5081"",""TCGA-B0-5088"",""TCGA-B0-5106"",""TCGA-B0-5703"",""TCGA-B8-5550"",""TCGA-BP-4770"",""TCGA-BP-4960"",""TCGA-BP-4962"",""TCGA-BP-4971"",""TCGA-BP-4986"",""TCGA-BP-4988"",""TCGA-BP-5010"",""TCGA-BP-5175"",""TCGA-BP-5191"",""TCGA-BP-5196"",""TCGA-BP-5199"",""TCGA-CJ-4903"",""TCGA-CJ-6033"",""TCGA-CZ-5468""],""set_id"":""C0001""},{""member_ids"":[""TCGA-B0-5085"",""TCGA-B0-5115"",""TCGA-B0-5117"",""TCGA-B0-5696"",""TCGA-B0-5697"",""TCGA-B0-5698"",""TCGA-B0-5812"",""TCGA-B8-4619"",""TCGA-B8-5165"",""TCGA-B8-5546"",""TCGA-BP-4782"",""TCGA-BP-4965"",""TCGA-BP-4970"",""TCGA-BP-4972"",""TCGA-BP-4976"",""TCGA-BP-4982"",""TCGA-BP-4994"",""TCGA-BP-4995"",""TCGA-BP-4999"",""TCGA-BP-5004"",""TCGA-BP-5006"",""TCGA-BP-5007"",""TCGA-BP-5174"",""TCGA-BP-5181"",""TCGA-BP-5184"",""TCGA-BP-5186"",""TCGA-BP-5187"",""TCGA-BP-5190"",""TCGA-BP-5192"",""TCGA-BP-5194"",""TCGA-BP-5195"",""TCGA-CJ-4904""],""set_id"":""C0002""},{""member_ids"":[""TCGA-B0-5702"",""TCGA-B8-4148"",""TCGA-B8-5159"",""TCGA-B8-5162"",""TCGA-B8-5164"",""TCGA-B8-5549"",""TCGA-B8-5553"",""TCGA-B8-A54F"",""TCGA-BP-4167"",""TCGA-BP-4967"",""TCGA-BP-4989"",""TCGA-CZ-4863"",""TCGA-CZ-4865"",""TCGA-CZ-5451"",""TCGA-CZ-5984"",""TCGA-G6-A8L7""],""set_id"":""C0003""},{""member_ids"":[""TCGA-B0-5706"",""TCGA-B0-5712"",""TCGA-B8-4151"",""TCGA-B8-4153"",""TCGA-B8-4622"",""TCGA-B8-5158"",""TCGA-B8-A54D"",""TCGA-BP-4164"",""TCGA-BP-4977"",""TCGA-BP-4992"",""TCGA-BP-5000"",""TCGA-BP-5001"",""TCGA-BP-5009"",""TCGA-BP-5183"",""TCGA-BP-5189"",""TCGA-BP-5200"",""TCGA-CJ-6027"",""TCGA-CZ-4859"",""TCGA-CZ-5988"",""TCGA-G6-A5PC""],""set_id"":""C0004""},{""member_ids"":[""TCGA-B0-5709"",""TCGA-B8-5551"",""TCGA-B8-A54E"",""TCGA-B8-A54G"",""TCGA-BP-5180"",""TCGA-CJ-4637"",""TCGA-CJ-4641"",""TCGA-CJ-4900"",""TCGA-CJ-4902"",""TCGA-CJ-4923"",""TCGA-CJ-6028"",""TCGA-CJ-6030"",""TCGA-CZ-5462"",""TCGA-CZ-5985""],""set_id"":""C0005""}]",review_complete,C0002,C0005,drop,accept,0.000791,0.036434,0.036434,0.050041,0.000703,0.001078,True,True,0.002943,0.013774,0.013774,0.181365,0.021501,0.286608,0.3036,0.286608,0.044555,0.445245,0.447017,0.445245,0.000271,0.015501,0.015501,0.027919
5,1,1,"[{""member_ids"":[""TCGA-B0-4712"",""TCGA-B0-4821"",""TCGA-B0-5081"",""TCGA-B0-5088"",""TCGA-B0-5106"",""TCGA-B0-5703"",""TCGA-B8-5550"",""TCGA-BP-4770"",""TCGA-BP-4960"",""TCGA-BP-4962"",""TCGA-BP-4971"",""TCGA-BP-4986"",""TCGA-BP-4988"",""TCGA-BP-5010"",""TCGA-BP-5175"",""TCGA-BP-5191"",""TCGA-BP-5196"",""TCGA-BP-5199"",""TCGA-CJ-4903"",""TCGA-CJ-6033"",""TCGA-CZ-5468""],""set_id"":""C0001""},{""member_ids"":[""TCGA-B0-5085"",""TCGA-B0-5115"",""TCGA-B0-5117"",""TCGA-B0-5696"",""TCGA-B0-5697"",""TCGA-B0-5698"",""TCGA-B0-5812"",""TCGA-B8-4619"",""TCGA-B8-5165"",""TCGA-B8-5546"",""TCGA-BP-4782"",""TCGA-BP-4965"",""TCGA-BP-4970"",""TCGA-BP-4972"",""TCGA-BP-4976"",""TCGA-BP-4982"",""TCGA-BP-4994"",""TCGA-BP-4995"",""TCGA-BP-4999"",""TCGA-BP-5004"",""TCGA-BP-5006"",""TCGA-BP-5007"",""TCGA-BP-5174"",""TCGA-BP-5181"",""TCGA-BP-5184"",""TCGA-BP-5186"",""TCGA-BP-5187"",""TCGA-BP-5190"",""TCGA-BP-5192"",""TCGA-BP-5194"",""TCGA-BP-5195"",""TCGA-CJ-4904""],""set_id"":""C0002""},{""member_ids"":[""TCGA-B0-5702"",""TCGA-B8-4148"",""TCGA-B8-5159"",""TCGA-B8-5162"",""TCGA-B8-5164"",""TCGA-B8-5549"",""TCGA-B8-5553"",""TCGA-B8-A54F"",""TCGA-BP-4167"",""TCGA-BP-4967"",""TCGA-BP-4989"",""TCGA-CZ-4863"",""TCGA-CZ-4865"",""TCGA-CZ-5451"",""TCGA-CZ-5984"",""TCGA-G6-A8L7""],""set_id"":""C0003""},{""member_ids"":[""TCGA-B0-5706"",""TCGA-B0-5712"",""TCGA-B8-4151"",""TCGA-B8-4153"",""TCGA-B8-4622"",""TCGA-B8-5158"",""TCGA-B8-A54D"",""TCGA-BP-4164"",""TCGA-BP-4977"",""TCGA-BP-4992"",""TCGA-BP-5000"",""TCGA-BP-5001"",""TCGA-BP-5009"",""TCGA-BP-5183"",""TCGA-BP-5189"",""TCGA-BP-5200"",""TCGA-CJ-6027"",""TCGA-CZ-4859"",""TCGA-CZ-5988"",""TCGA-G6-A5PC""],""set_id"":""C0004""},{""member_ids"":[""TCGA-B0-5709"",""TCGA-B8-5551"",""TCGA-B8-A54E"",""TCGA-B8-A54G"",""TCGA-BP-5180"",""TCGA-CJ-4637"",""TCGA-CJ-4641"",""TCGA-CJ-4900"",""TCGA-CJ-4902"",""TCGA-CJ-4923"",""TCGA-CJ-6028"",""TCGA-CJ-6030"",""TCGA-CZ-5462"",""TCGA-CZ-5985""],""set_id"":""C0005""}]",review_complete,C0003,C0004,drop,drop,0.000783,0.032187,0.050791,0.032187,0.000973,0.000561,True,False,0.020928,0.107627,0.78395,0.107627,0.025584,0.326857,0.326857,0.395963,0.004955,0.050609,0.050609,0.070256,-3e-06,0.000584,0.001086,0.000584
5,1,1,"[{""member_ids"":[""TCGA-B0-4712"",""TCGA-B0-4821"",""TCGA-B0-5081"",""TCGA-B0-5088"",""TCGA-B0-5106"",""TCGA-B0-5703"",""TCGA-B8-5550"",""TCGA-BP-4770"",""TCGA-BP-4960"",""TCGA-BP-4962"",""TCGA-BP-4971"",""TCGA-BP-4986"",""TCGA-BP-4988"",""TCGA-BP-5010"",""TCGA-BP-5175"",""TCGA-BP-5191"",""TCGA-BP-5196"",""TCGA-BP-5199"",""TCGA-CJ-4903"",""TCGA-CJ-6033"",""TCGA-CZ-5468""],""set_id"":""C0001""},{""member_ids"":[""TCGA-B0-5085"",""TCGA-B0-5115"",""TCGA-B0-5117"",""TCGA-B0-5696"",""TCGA-B0-5697"",""TCGA-B0-5698"",""TCGA-B0-5812"",""TCGA-B8-4619"",""TCGA-B8-5165"",""TCGA-B8-5546"",""TCGA-BP-4782"",""TCGA-BP-4965"",""TCGA-BP-4970"",""TCGA-BP-4972"",""TCGA-BP-4976"",""TCGA-BP-4982"",""TCGA-BP-4994"",""TCGA-BP-4995"",""TCGA-BP-4999"",""TCGA-BP-5004"",""TCGA-BP-5006"",""TCGA-BP-5007"",""TCGA-BP-5174"",""TCGA-BP-5181"",""TCGA-BP-5184"",""TCGA-BP-5186"",""TCGA-BP-5187"",""TCGA-BP-5190"",""TCGA-BP-5192"",""TCGA-BP-5194"",""TCGA-BP-5195"",""TCGA-CJ-4904""],""set_id"":""C0002""},{""member_ids"":[""TCGA-B0-5702"",""TCGA-B8-4148"",""TCGA-B8-5159"",""TCGA-B8-5162"",""TCGA-B8-5164"",""TCGA-B8-5549"",""TCGA-B8-5553"",""TCGA-B8-A54F"",""TCGA-BP-4167"",""TCGA-BP-4967"",""TCGA-BP-4989"",""TCGA-CZ-4863"",""TCGA-CZ-4865"",""TCGA-CZ-5451"",""TCGA-CZ-5984"",""TCGA-G6-A8L7""],""set_id"":""C0003""},{""member_ids"":[""TCGA-B0-5706"",""TCGA-B0-5712"",""TCGA-B8-4151"",""TCGA-B8-4153"",""TCGA-B8-4622"",""TCGA-B8-5158"",""TCGA-B8-A54D"",""TCGA-BP-4164"",""TCGA-BP-4977"",""TCGA-BP-4992"",""TCGA-BP-5000"",""TCGA-BP-5001"",""TCGA-BP-5009"",""TCGA-BP-5183"",""TCGA-BP-5189"",""TCGA-BP-5200"",""TCGA-CJ-6027"",""TCGA-CZ-4859"",""TCGA-CZ-5988"",""TCGA-G6-A5PC""],""set_id"":""C0004""},{""member_ids"":[""TCGA-B0-5709"",""TCGA-B8-5551"",""TCGA-B8-A54E"",""TCGA-B8-A54G"",""TCGA-BP-5180"",""TCGA-CJ-4637"",""TCGA-CJ-4641"",""TCGA-CJ-4900"",""TCGA-CJ-4902"",""TCGA-CJ-4923"",""TCGA-CJ-6028"",""TCGA-CJ-6030"",""TCGA-CZ-5462"",""TCGA-CZ-5985""],""set_id"":""C0005""}]",review_complete,C0003,C0005,drop,accept,0.000945,0.044356,0.052739,0.044356,0.000964,0.000923,True,True,0.017392,0.071891,0.757586,0.071891,0.031422,0.491059,0.518621,0.491059,0.010386,0.030771,0.030771,0.207159,0.000108,0.002894,0.002894,0.02504
5,1,1,"[{""member_ids"":[""TCGA-B0-4712"",""TCGA-B0-4821"",""TCGA-B0-5081"",""TCGA-B0-5088"",""TCGA-B0-5106"",""TCGA-B0-5703"",""TCGA-B8-5550"",""TCGA-BP-4770"",""TCGA-BP-4960"",""TCGA-BP-4962"",""TCGA-BP-4971"",""TCGA-BP-4986"",""TCGA-BP-4988"",""TCGA-BP-5010"",""TCGA-BP-5175"",""TCGA-BP-5191"",""TCGA-BP-5196"",""TCGA-BP-5199"",""TCGA-CJ-4903"",""TCGA-CJ-6033"",""TCGA-CZ-5468""],""set_id"":""C0001""},{""member_ids"":[""TCGA-B0-5085"",""TCGA-B0-5115"",""TCGA-B0-5117"",""TCGA-B0-5696"",""TCGA-B0-5697"",""TCGA-B0-5698"",""TCGA-B0-5812"",""TCGA-B8-4619"",""TCGA-B8-5165"",""TCGA-B8-5546"",""TCGA-BP-4782"",""TCGA-BP-4965"",""TCGA-BP-4970"",""TCGA-BP-4972"",""TCGA-BP-4976"",""TCGA-BP-4982"",""TCGA-BP-4994"",""TCGA-BP-4995"",""TCGA-BP-4999"",""TCGA-BP-5004"",""TCGA-BP-5006"",""TCGA-BP-5007"",""TCGA-BP-5174"",""TCGA-BP-5181"",""TCGA-BP-5184"",""TCGA-BP-5186"",""TCGA-BP-5187"",""TCGA-BP-5190"",""TCGA-BP-5192"",""TCGA-BP-5194"",""TCGA-BP-5195"",""TCGA-CJ-4904""],""set_id"":""C0002""},{""member_ids"":[""TCGA-B0-5702"",""TCGA-B8-4148"",""TCGA-B8-5159"",""TCGA-B8-5162"",""TCGA-B8-5164"",""TCGA-B8-5549"",""TCGA-B8-5553"",""TCGA-B8-A54F"",""TCGA-BP-4167"",""TCGA-BP-4967"",""TCGA-BP-4989"",""TCGA-CZ-4863"",""TCGA-CZ-4865"",""TCGA-CZ-5451"",""TCGA-CZ-5984"",""TCGA-G6-A8L7""],""set_id"":""C0003""},{""member_ids"":[""TCGA-B0-5706"",""TCGA-B0-5712"",""TCGA-B8-4151"",""TCGA-B8-4153"",""TCGA-B8-4622"",""TCGA-B8-5158"",""TCGA-B8-A54D"",""TCGA-BP-4164"",""TCGA-BP-4977"",""TCGA-BP-4992"",""TCGA-BP-5000"",""TCGA-BP-5001"",""TCGA-BP-5009"",""TCGA-BP-5183"",""TCGA-BP-5189"",""TCGA-BP-5200"",""TCGA-CJ-6027"",""TCGA-CZ-4859"",""TCGA-CZ-5988"",""TCGA-G6-A5PC""],""set_id"":""C0004""},{""member_ids"":[""TCGA-B0-5709"",""TCGA-B8-5551"",""TCGA-B8-A54E"",""TCGA-B8-A54G"",""TCGA-BP-5180"",""TCGA-CJ-4637"",""TCGA-CJ-4641"",""TCGA-CJ-4900"",""TCGA-CJ-4902"",""TCGA-CJ-4923"",""TCGA-CJ-6028"",""TCGA-CJ-6030"",""TCGA-CZ-5462"",""TCGA-CZ-5985""],""set_id"":""C0005""}]",review_complete,C0004,C0005,drop,accept,0.000699,0.0318,0.0318,0.042019,0.000655,0.000789,True,True,0.005924,0.122057,0.122057,0.150498,0.034064,0.45562,0.542939,0.45562,0.012559,0.053779,0.053779,0.210345,0.000112,-0.001013,-0.001013,0.021636
6,1,1,"[{""member_ids"":[""TCGA-B0-4712"",""TCGA-B0-4821"",""TCGA-B0-5081"",""TCGA-B0-5088"",""TCGA-B0-5106"",""TCGA-B0-5703"",""TCGA-B8-5550"",""TCGA-BP-4770"",""TCGA-BP-4960"",""TCGA-BP-4962"",""TCGA-BP-4971"",""TCGA-BP-4986"",""TCGA-BP-4988"",""TCGA-BP-5010"",""TCGA-BP-5175"",""TCGA-BP-5191"",""TCGA-BP-5196"",""TCGA-BP-5199"",""TCGA-CJ-4902"",""TCGA-CJ-4923""],""set_id"":""C0001""},{""member_ids"":[""TCGA-B0-5085"",""TCGA-B0-5115"",""TCGA-B0-5697"",""TCGA-B0-5698"",""TCGA-B0-5812"",""TCGA-BP-4976"",""TCGA-BP-4982"",""TCGA-BP-4999"",""TCGA-BP-5004"",""TCGA-BP-5006"",""TCGA-BP-5007"",""TCGA-BP-5181"",""TCGA-BP-5184"",""TCGA-BP-5187"",""TCGA-BP-5190"",""TCGA-BP-5192"",""TCGA-BP-5194"",""TCGA-BP-5195"",""TCGA-CJ-4904""],""set_id"":""C0002""},{""member_ids"":[""TCGA-B0-5117"",""TCGA-B0-5706"",""TCGA-B8-4619"",""TCGA-B8-5165"",""TCGA-B8-5546"",""TCGA-BP-4782"",""TCGA-BP-4965"",""TCGA-BP-4970"",""TCGA-BP-4972"",""TCGA-BP-4994"",""TCGA-BP-4995"",""TCGA-BP-5174"",""TCGA-BP-5186"",""TCGA-BP-5189"",""TCGA-CZ-5468""],""set_id"":""C0003""},{""member_ids"":[""TCGA-B0-5696"",""TCGA-B0-5712"",""TCGA-B8-4151"",""TCGA-B8-4153"",""TCGA-B8-4622"",""TCGA-B8-5158"",""TCGA-B8-A54D"",""TCGA-BP-4164"",""TCGA-BP-4977"",""TCGA-BP-4992"",""TCGA-BP-5000"",""TCGA-BP-5001"",""TCGA-BP-5009"",""TCGA-BP-5183"",""TCGA-BP-5200"",""TCGA-CJ-4903"",""TCGA-CJ-6027"",""TCGA-CJ-6033"",""TCGA-CZ-4859"",""TCGA-CZ-5988"",""TCGA-G6-A5PC""],""set_id"":""C0004""},{""member_ids"":[""TCGA-B0-5702"",""TCGA-B8-4148"",""TCGA-B8-5159"",""TCGA-B8-5162"",""TCGA-B8-5164"",""TCGA-B8-5549"",""TCGA-B8-5553"",""TCGA-B8-A54F"",""TCGA-BP-4167"",""TCGA-BP-4967"",""TCGA-BP-4989"",""TCGA-CZ-4863"",""TCGA-CZ-4865"",""TCGA-CZ-5451"",""TCGA-CZ-5984"",""TCGA-G6-A8L7""],""set_id"":""C0005""},{""member_ids"":[""TCGA-B0-5709"",""TCGA-B8-5551"",""TCGA-B8-A54E"",""TCGA-B8-A54G"",""TCGA-BP-5180"",""TCGA-CJ-4637"",""TCGA-CJ-4641"",""TCGA-CJ-4900"",""TCGA-CJ-6028"",""TCGA-CJ-6030"",""TCGA-CZ-5462"",""TCGA-CZ-5985""],""set_id"":""C0006""}]",review_complete,C0001,C0002,drop,drop,0.000865,0.04142,0.04142,0.060064,0.000758,0.001078,True,False,0.001914,-0.002961,-0.002961,0.054718,0.018428,0.223457,0.223457,0.543108,0.057341,0.514006,0.53498,0.514006,0.000322,0.007739,0.007739,0.027268
6,1,1,"[{""member_ids"":[""TCGA-B0-4712"",""TCGA-B0-4821"",""TCGA-B0-5081"",""TCGA-B0-5088"",""TCGA-B0-5106"",""TCGA-B0-5703"",""TCGA-B8-5550"",""TCGA-BP-4770"",""TCGA-BP-4960"",""TCGA-BP-4962"",""TCGA-BP-4971"",""TCGA-BP-4986"",""TCGA-BP-4988"",""TCGA-BP-5010"",""TCGA-BP-5175"",""TCGA-BP-5191"",""TCGA-BP-5196"",""TCGA-BP-5199"",""TCGA-CJ-4902"",""TCGA-CJ-4923""],""set_id"":""C0001""},{""member_ids"":[""TCGA-B0-5085"",""TCGA-B0-5115"",""TCGA-B0-5697"",""TCGA-B0-5698"",""TCGA-B0-5812"",""TCGA-BP-4976"",""TCGA-BP-4982"",""TCGA-BP-4999"",""TCGA-BP-5004"",""TCGA-BP-5006"",""TCGA-BP-5007"",""TCGA-BP-5181"",""TCGA-BP-5184"",""TCGA-BP-5187"",""TCGA-BP-5190"",""TCGA-BP-5192"",""TCGA-BP-5194"",""TCGA-BP-5195"",""TCGA-CJ-4904""],""set_id"":""C0002""},{""member_ids"":[""TCGA-B0-5117"",""TCGA-B0-5706"",""TCGA-B8-4619"",""TCGA-B8-5165"",""TCGA-B8-5546"",""TCGA-BP-4782"",""TCGA-BP-4965"",""TCGA-BP-4970"",""TCGA-BP-4972"",""TCGA-BP-4994"",""TCGA-BP-4995"",""TCGA-BP-5174"",""TCGA-BP-5186"",""TCGA-BP-5189"",""TCGA-CZ-5468""],""set_id"":""C0003""},{""member_ids"":[""TCGA-B0-5696"",""TCGA-B0-5712"",""TCGA-B8-4151"",""TCGA-B8-4153"",""TCGA-B8-4622"",""TCGA-B8-5158"",""TCGA-B8-A54D"",""TCGA-BP-4164"",""TCGA-BP-4977"",""TCGA-BP-4992"",""TCGA-BP-5000"",""TCGA-BP-5001"",""TCGA-BP-5009"",""TCGA-BP-5183"",""TCGA-BP-5200"",""TCGA-CJ-4903"",""TCGA-CJ-6027"",""TCGA-CJ-6033"",""TCGA-CZ-4859"",""TCGA-CZ-5988"",""TCGA-G6-A5PC""],""set_id"":""C0004""},{""member_ids"":[""TCGA-B0-5702"",""TCGA-B8-4148"",""TCGA-B8-5159"",""TCGA-B8-5162"",""TCGA-B8-5164"",""TCGA-B8-5549"",""TCGA-B8-5553"",""TCGA-B8-A54F"",""TCGA-BP-4167"",""TCGA-BP-4967"",""TCGA-BP-4989"",""TCGA-CZ-4863"",""TCGA-CZ-4865"",""TCGA-CZ-5451"",""TCGA-CZ-5984"",""TCGA-G6-A8L7""],""set_id"":""C0005""},{""member_ids"":[""TCGA-B0-5709"",""TCGA-B8-5551"",""TCGA-B8-A54E"",""TCGA-B8-A54G"",""TCGA-BP-5180"",""TCGA-CJ-4637"",""TCGA-CJ-4641"",""TCGA-CJ-4900"",""TCGA-CJ-6028"",""TCGA-CJ-6030"",""TCGA-CZ-5462"",""TCGA-CZ-5985""],""set_id"":""C0006""}]",review_complete,C0001,C0003,drop,drop,0.000661,0.033051,0.033051,0.035796,0.000654,0.000675,True,False,0.004526,0.033017,0.033017,0.122642,0.002141,0.060909,0.060909,0.154672,0.034719,0.4213,0.4213,0.440407,6.7e-05,0.003946,0.003946,0.008898
6,1,1,"[{""member_ids"":[""TCGA-B0-4712"",""TCGA-B0-4821"",""TCGA-B0-5081"",""TCGA-B0-5088"",""TCGA-B0-5106"",""TCGA-B0-5703"",""TCGA-B8-5550"",""TCGA-BP-4770"",""TCGA-BP-4960"",""TCGA-BP-4962"",""TCGA-BP-4971"",""TCGA-BP-4986"",""TCGA-BP-4988"",""TCGA-BP-5010"",""TCGA-BP-5175"",""TCGA-BP-5191"",""TCGA-BP-5196"",""TCGA-BP-5199"",""TCGA-CJ-4902"",""TCGA-CJ-4923""],""set_id"":""C0001""},{""member_ids"":[""TCGA-B0-5085"",""TCGA-B0-5115"",""TCGA-B0-5697"",""TCGA-B0-5698"",""TCGA-B0-5812"",""TCGA-BP-4976"",""TCGA-BP-4982"",""TCGA-BP-4999"",""TCGA-BP-5004"",""TCGA-BP-5006"",""TCGA-BP-5007"",""TCGA-BP-5181"",""TCGA-BP-5184"",""TCGA-BP-5187"",""TCGA-BP-5190"",""TCGA-BP-5192"",""TCGA-BP-5194"",""TCGA-BP-5195"",""TCGA-CJ-4904""],""set_id"":""C0002""},{""member_ids"":[""TCGA-B0-5117"",""TCGA-B0-5706"",""TCGA-B8-4619"",""TCGA-B8-5165"",""TCGA-B8-5546"",""TCGA-BP-4782"",""TCGA-BP-4965"",""TCGA-BP-4970"",""TCGA-BP-4972"",""TCGA-BP-4994"",""TCGA-BP-4995"",""TCGA-BP-5174"",""TCGA-BP-5186"",""TCGA-BP-5189"",""TCGA-CZ-5468""],""set_id"":""C0003""},{""member_ids"":[""TCGA-B0-5696"",""TCGA-B0-5712"",""TCGA-B8-4151"",""TCGA-B8-4153"",""TCGA-B8-4622"",""TCGA-B8-5158"",""TCGA-B8-A54D"",""TCGA-BP-4164"",""TCGA-BP-4977"",""TCGA-BP-4992"",""TCGA-BP-5000"",""TCGA-BP-5001"",""TCGA-BP-5009"",""TCGA-BP-5183"",""TCGA-BP-5200"",""TCGA-CJ-4903"",""TCGA-CJ-6027"",""TCGA-CJ-6033"",""TCGA-CZ-4859"",""TCGA-CZ-5988"",""TCGA-G6-A5PC""],""set_id"":""C0004""},{""member_ids"":[""TCGA-B0-5702"",""TCGA-B8-4148"",""TCGA-B8-5159"",""TCGA-B8-5162"",""TCGA-B8-5164"",""TCGA-B8-5549"",""TCGA-B8-5553"",""TCGA-B8-A54F"",""TCGA-BP-4167"",""TCGA-BP-4967"",""TCGA-BP-4989"",""TCGA-CZ-4863"",""TCGA-CZ-4865"",""TCGA-CZ-5451"",""TCGA-CZ-5984"",""TCGA-G6-A8L7""],""set_id"":""C0005""},{""member_ids"":[""TCGA-B0-5709"",""TCGA-B8-5551"",""TCGA-B8-A54E"",""TCGA-B8-A54G"",""TCGA-BP-5180"",""TCGA-CJ-4637"",""TCGA-CJ-4641"",""TCGA-CJ-4900"",""TCGA-CJ-6028"",""TCGA-CJ-6030"",""TCGA-CZ-5462"",""TCGA-CZ-5985""],""set_id"":""C0006""}]",review_complete,C0001,C0004,drop,drop,0.000593,0.029491,0.029491,0.032498,0.000535,0.000635,True,False,0.000313,-0.058132,-0.058132,0.122116,0.024192,0.330527,0.330527,0.473918,0.031726,0.173705,0.366175,0.173705,0.000124,0.00446,0.00446,0.006172
6,1,1,"[{""member_ids"":[""TCGA-B0-4712"",""TCGA-B0-4821"",""TCGA-B0-5081"",""TCGA-B0-5088"",""TCGA-B0-5106"",""TCGA-B0-5703"",""TCGA-B8-5550"",""TCGA-BP-4770"",""TCGA-BP-4960"",""TCGA-BP-4962"",""TCGA-BP-4971"",""TCGA-BP-4986"",""TCGA-BP-4988"",""TCGA-BP-5010"",""TCGA-BP-5175"",""TCGA-BP-5191"",""TCGA-BP-5196"",""TCGA-BP-5199"",""TCGA-CJ-4902"",""TCGA-CJ-4923""],""set_id"":""C0001""},{""member_ids"":[""TCGA-B0-5085"",""TCGA-B0-5115"",""TCGA-B0-5697"",""TCGA-B0-5698"",""TCGA-B0-5812"",""TCGA-BP-4976"",""TCGA-BP-4982"",""TCGA-BP-4999"",""TCGA-BP-5004"",""TCGA-BP-5006"",""TCGA-BP-5007"",""TCGA-BP-5181"",""TCGA-BP-5184"",""TCGA-BP-5187"",""TCGA-BP-5190"",""TCGA-BP-5192"",""TCGA-BP-5194"",""TCGA-BP-5195"",""TCGA-CJ-4904""],""set_id"":""C0002""},{""member_ids"":[""TCGA-B0-5117"",""TCGA-B0-5706"",""TCGA-B8-4619"",""TCGA-B8-5165"",""TCGA-B8-5546"",""TCGA-BP-4782"",""TCGA-BP-4965"",""TCGA-BP-4970"",""TCGA-BP-4972"",""TCGA-BP-4994"",""TCGA-BP-4995"",""TCGA-BP-5174"",""TCGA-BP-5186"",""TCGA-BP-5189"",""TCGA-CZ-5468""],""set_id"":""C0003""},{""member_ids"":[""TCGA-B0-5696"",""TCGA-B0-5712"",""TCGA-B8-4151"",""TCGA-B8-4153"",""TCGA-B8-4622"",""TCGA-B8-5158"",""TCGA-B8-A54D"",""TCGA-BP-4164"",""TCGA-BP-4977"",""TCGA-BP-4992"",""TCGA-BP-5000"",""TCGA-BP-5001"",""TCGA-BP-5009"",""TCGA-BP-5183"",""TCGA-BP-5200"",""TCGA-CJ-4903"",""TCGA-CJ-6027"",""TCGA-CJ-6033"",""TCGA-CZ-4859"",""TCGA-CZ-5988"",""TCGA-G6-A5PC""],""set_id"":""C0004""},{""member_ids"":[""TCGA-B0-5702"",""TCGA-B8-4148"",""TCGA-B8-5159"",""TCGA-B8-5162"",""TCGA-B8-5164"",""TCGA-B8-5549"",""TCGA-B8-5553"",""TCGA-B8-A54F"",""TCGA-BP-4167"",""TCGA-BP-4967"",""TCGA-BP-4989"",""TCGA-CZ-4863"",""TCGA-CZ-4865"",""TCGA-CZ-5451"",""TCGA-CZ-5984"",""TCGA-G6-A8L7""],""set_id"":""C0005""},{""member_ids"":[""TCGA-B0-5709"",""TCGA-B8-5551"",""TCGA-B8-A54E"",""TCGA-B8-A54G"",""TCGA-BP-5180"",""TCGA-CJ-4637"",""TCGA-CJ-4641"",""TCGA-CJ-4900"",""TCGA-CJ-6028"",""TCGA-CJ-6030"",""TCGA-CZ-5462"",""TCGA-CZ-5985""],""set_id"":""C0006""}]",review_complete,C0001,C0005,drop,drop,0.000741,0.02973,0.02973,0.05045,0.000574,0.000859,True,False,0.013233,0.087821,0.087821,0.838836,0.008504,0.086353,0.086353,0.215756,0.029173,0.080307,0.312529,0.080307,-2.7e-05,-0.00286,8e-06,-0.00286
6,1,1,"[{""member_ids"":[""TCGA-B0-4712"",""TCGA-B0-4821"",""TCGA-B0-5081"",""TCGA-B0-5088"",""TCGA-B0-5106"",""TCGA-B0-5703"",""TCGA-B8-5550"",""TCGA-BP-4770"",""TCGA-BP-4960"",""TCGA-BP-4962"",""TCGA-BP-4971"",""TCGA-BP-4986"",""TCGA-BP-4988"",""TCGA-BP-5010"",""TCGA-BP-5175"",""TCGA-BP-5191"",""TCGA-BP-5196"",""TCGA-BP-5199"",""TCGA-CJ-4902"",""TCGA-CJ-4923""],""set_id"":""C0001""},{""member_ids"":[""TCGA-B0-5085"",""TCGA-B0-5115"",""TCGA-B0-5697"",""TCGA-B0-5698"",""TCGA-B0-5812"",""TCGA-BP-4976"",""TCGA-BP-4982"",""TCGA-BP-4999"",""TCGA-BP-5004"",""TCGA-BP-5006"",""TCGA-BP-5007"",""TCGA-BP-5181"",""TCGA-BP-5184"",""TCGA-BP-5187"",""TCGA-BP-5190"",""TCGA-BP-5192"",""TCGA-BP-5194"",""TCGA-BP-5195"",""TCGA-CJ-4904""],""set_id"":""C0002""},{""member_ids"":[""TCGA-B0-5117"",""TCGA-B0-5706"",""TCGA-B8-4619"",""TCGA-B8-5165"",""TCGA-B8-5546"",""TCGA-BP-4782"",""TCGA-BP-4965"",""TCGA-BP-4970"",""TCGA-BP-4972"",""TCGA-BP-4994"",""TCGA-BP-4995"",""TCGA-BP-5174"",""TCGA-BP-5186"",""TCGA-BP-5189"",""TCGA-CZ-5468""],""set_id"":""C0003""},{""member_ids"":[""TCGA-B0-5696"",""TCGA-B0-5712"",""TCGA-B8-4151"",""TCGA-B8-4153"",""TCGA-B8-4622"",""TCGA-B8-5158"",""TCGA-B8-A54D"",""TCGA-BP-4164"",""TCGA-BP-4977"",""TCGA-BP-4992"",""TCGA-BP-5000"",""TCGA-BP-5001"",""TCGA-BP-5009"",""TCGA-BP-5183"",""TCGA-BP-5200"",""TCGA-CJ-4903"",""TCGA-CJ-6027"",""TCGA-CJ-6033"",""TCGA-CZ-4859"",""TCGA-CZ-5988"",""TCGA-G6-A5PC""],""set_id"":""C0004""},{""member_ids"":[""TCGA-B0-5702"",""TCGA-B8-4148"",""TCGA-B8-5159"",""TCGA-B8-5162"",""TCGA-B8-5164"",""TCGA-B8-5549"",""TCGA-B8-5553"",""TCGA-B8-A54F"",""TCGA-BP-4167"",""TCGA-BP-4967"",""TCGA-BP-4989"",""TCGA-CZ-4863"",""TCGA-CZ-4865"",""TCGA-CZ-5451"",""TCGA-CZ-5984"",""TCGA-G6-A8L7""],""set_id"":""C0005""},{""member_ids"":[""TCGA-B0-5709"",""TCGA-B8-5551"",""TCGA-B8-A54E"",""TCGA-B8-A54G"",""TCGA-BP-5180"",""TCGA-CJ-4637"",""TCGA-CJ-4641"",""TCGA-CJ-4900"",""TCGA-CJ-6028"",""TCGA-CJ-6030"",""TCGA-CZ-5462"",""TCGA-CZ-5985""],""set_id"":""C0006""}]",review_complete,C0001,C0006,drop,accept,0.000677,0.03022,0.03022,0.046953,0.000537,0.00081,True,False,0.006918,-0.011984,-0.011984,0.134449,0.018033,0.194113,0.194113,0.319923,0.037832,0.336059,0.336059,0.358957,0.000202,-0.001502,-0.001502,0.023938
6,1,1,"[{""member_ids"":[""TCGA-B0-4712"",""TCGA-B0-4821"",""TCGA-B0-5081"",""TCGA-B0-5088"",""TCGA-B0-5106"",""TCGA-B0-5703"",""TCGA-B8-5550"",""TCGA-BP-4770"",""TCGA-BP-4960"",""TCGA-BP-4962"",""TCGA-BP-4971"",""TCGA-BP-4986"",""TCGA-BP-4988"",""TCGA-BP-5010"",""TCGA-BP-5175"",""TCGA-BP-5191"",""TCGA-BP-5196"",""TCGA-BP-5199"",""TCGA-CJ-4902"",""TCGA-CJ-4923""],""set_id"":""C0001""},{""member_ids"":[""TCGA-B0-5085"",""TCGA-B0-5115"",""TCGA-B0-5697"",""TCGA-B0-5698"",""TCGA-B0-5812"",""TCGA-BP-4976"",""TCGA-BP-4982"",""TCGA-BP-4999"",""TCGA-BP-5004"",""TCGA-BP-5006"",""TCGA-BP-5007"",""TCGA-BP-5181"",""TCGA-BP-5184"",""TCGA-BP-5187"",""TCGA-BP-5190"",""TCGA-BP-5192"",""TCGA-BP-5194"",""TCGA-BP-5195"",""TCGA-CJ-4904""],""set_id"":""C0002""},{""member_ids"":[""TCGA-B0-5117"",""TCGA-B0-5706"",""TCGA-B8-4619"",""TCGA-B8-5165"",""TCGA-B8-5546"",""TCGA-BP-4782"",""TCGA-BP-4965"",""TCGA-BP-4970"",""TCGA-BP-4972"",""TCGA-BP-4994"",""TCGA-BP-4995"",""TCGA-BP-5174"",""TCGA-BP-5186"",""TCGA-BP-5189"",""TCGA-CZ-5468""],""set_id"":""C0003""},{""member_ids"":[""TCGA-B0-5696"",""TCGA-B0-5712"",""TCGA-B8-4151"",""TCGA-B8-4153"",""TCGA-B8-4622"",""TCGA-B8-5158"",""TCGA-B8-A54D"",""TCGA-BP-4164"",""TCGA-BP-4977"",""TCGA-BP-4992"",""TCGA-BP-5000"",""TCGA-BP-5001"",""TCGA-BP-5009"",""TCGA-BP-5183"",""TCGA-BP-5200"",""TCGA-CJ-4903"",""TCGA-CJ-6027"",""TCGA-CJ-6033"",""TCGA-CZ-4859"",""TCGA-CZ-5988"",""TCGA-G6-A5PC""],""set_id"":""C0004""},{""member_ids"":[""TCGA-B0-5702"",""TCGA-B8-4148"",""TCGA-B8-5159"",""TCGA-B8-5162"",""TCGA-B8-5164"",""TCGA-B8-5549"",""TCGA-B8-5553"",""TCGA-B8-A54F"",""TCGA-BP-4167"",""TCGA-BP-4967"",""TCGA-BP-4989"",""TCGA-CZ-4863"",""TCGA-CZ-4865"",""TCGA-CZ-5451"",""TCGA-CZ-5984"",""TCGA-G6-A8L7""],""set_id"":""C0005""},{""member_ids"":[""TCGA-B0-5709"",""TCGA-B8-5551"",""TCGA-B8-A54E"",""TCGA-B8-A54G"",""TCGA-BP-5180"",""TCGA-CJ-4637"",""TCGA-CJ-4641"",""TCGA-CJ-4900"",""TCGA-CJ-6028"",""TCGA-CJ-6030"",""TCGA-CZ-5462"",""TCGA-CZ-5985""],""set_id"":""C0006""}]",review_complete,C0002,C0003,drop,drop,0.000563,0.026572,0.042499,0.026572,0.000782,0.000448,True,False,0.002734,0.022003,0.022003,0.054453,0.037631,0.327668,0.555662,0.327668,0.014495,0.184146,0.184146,0.23424,0.000418,0.008392,0.022972,0.008392
6,1,1,"[{""member_ids"":[""TCGA-B0-4712"",""TCGA-B0-4821"",""TCGA-B0-5081"",""TCGA-B0-5088"",""TCGA-B0-5106"",""TCGA-B0-5703"",""TCGA-B8-5550"",""TCGA-BP-4770"",""TCGA-BP-4960"",""TCGA-BP-4962"",""TCGA-BP-4971"",""TCGA-BP-4986"",""TCGA-BP-4988"",""TCGA-BP-5010"",""TCGA-BP-5175"",""TCGA-BP-5191"",""TCGA-BP-5196"",""TCGA-BP-5199"",""TCGA-CJ-4902"",""TCGA-CJ-4923""],""set_id"":""C0001""},{""member_ids"":[""TCGA-B0-5085"",""TCGA-B0-5115"",""TCGA-B0-5697"",""TCGA-B0-5698"",""TCGA-B0-5812"",""TCGA-BP-4976"",""TCGA-BP-4982"",""TCGA-BP-4999"",""TCGA-BP-5004"",""TCGA-BP-5006"",""TCGA-BP-5007"",""TCGA-BP-5181"",""TCGA-BP-5184"",""TCGA-BP-5187"",""TCGA-BP-5190"",""TCGA-BP-5192"",""TCGA-BP-5194"",""TCGA-BP-5195"",""TCGA-CJ-4904""],""set_id"":""C0002""},{""member_ids"":[""TCGA-B0-5117"",""TCGA-B0-5706"",""TCGA-B8-4619"",""TCGA-B8-5165"",""TCGA-B8-5546"",""TCGA-BP-4782"",""TCGA-BP-4965"",""TCGA-BP-4970"",""TCGA-BP-4972"",""TCGA-BP-4994"",""TCGA-BP-4995"",""TCGA-BP-5174"",""TCGA-BP-5186"",""TCGA-BP-5189"",""TCGA-CZ-5468""],""set_id"":""C0003""},{""member_ids"":[""TCGA-B0-5696"",""TCGA-B0-5712"",""TCGA-B8-4151"",""TCGA-B8-4153"",""TCGA-B8-4622"",""TCGA-B8-5158"",""TCGA-B8-A54D"",""TCGA-BP-4164"",""TCGA-BP-4977"",""TCGA-BP-4992"",""TCGA-BP-5000"",""TCGA-BP-5001"",""TCGA-BP-5009"",""TCGA-BP-5183"",""TCGA-BP-5200"",""TCGA-CJ-4903"",""TCGA-CJ-6027"",""TCGA-CJ-6033"",""TCGA-CZ-4859"",""TCGA-CZ-5988"",""TCGA-G6-A5PC""],""set_id"":""C0004""},{""member_ids"":[""TCGA-B0-5702"",""TCGA-B8-4148"",""TCGA-B8-5159"",""TCGA-B8-5162"",""TCGA-B8-5164"",""TCGA-B8-5549"",""TCGA-B8-5553"",""TCGA-B8-A54F"",""TCGA-BP-4167"",""TCGA-BP-4967"",""TCGA-BP-4989"",""TCGA-CZ-4863"",""TCGA-CZ-4865"",""TCGA-CZ-5451"",""TCGA-CZ-5984"",""TCGA-G6-A8L7""],""set_id"":""C0005""},{""member_ids"":[""TCGA-B0-5709"",""TCGA-B8-5551"",""TCGA-B8-A54E"",""TCGA-B8-A54G"",""TCGA-BP-5180"",""TCGA-CJ-4637"",""TCGA-CJ-4641"",""TCGA-CJ-4900"",""TCGA-CJ-6028"",""TCGA-CJ-6030"",""TCGA-CZ-5462"",""TCGA-CZ-5985""],""set_id"":""C0006""}]",review_complete,C0002,C0004,drop,drop,0.00071,0.033357,0.049014,0.033357,0.000846,0.000664,True,False,0.007662,0.029092,0.029092,0.151127,0.050042,0.482085,0.626277,0.482085,0.016859,0.074007,0.248413,0.074007,0.000262,0.006396,0.024215,0.006396
6,1,1,"[{""member_ids"":[""TCGA-B0-4712"",""TCGA-B0-4821"",""TCGA-B0-5081"",""TCGA-B0-5088"",""TCGA-B0-5106"",""TCGA-B0-5703"",""TCGA-B8-5550"",""TCGA-BP-4770"",""TCGA-BP-4960"",""TCGA-BP-4962"",""TCGA-BP-4971"",""TCGA-BP-4986"",""TCGA-BP-4988"",""TCGA-BP-5010"",""TCGA-BP-5175"",""TCGA-BP-5191"",""TCGA-BP-5196"",""TCGA-BP-5199"",""TCGA-CJ-4902"",""TCGA-CJ-4923""],""set_id"":""C0001""},{""member_ids"":[""TCGA-B0-5085"",""TCGA-B0-5115"",""TCGA-B0-5697"",""TCGA-B0-5698"",""TCGA-B0-5812"",""TCGA-BP-4976"",""TCGA-BP-4982"",""TCGA-BP-4999"",""TCGA-BP-5004"",""TCGA-BP-5006"",""TCGA-BP-5007"",""TCGA-BP-5181"",""TCGA-BP-5184"",""TCGA-BP-5187"",""TCGA-BP-5190"",""TCGA-BP-5192"",""TCGA-BP-5194"",""TCGA-BP-5195"",""TCGA-CJ-4904""],""set_id"":""C0002""},{""member_ids"":[""TCGA-B0-5117"",""TCGA-B0-5706"",""TCGA-B8-4619"",""TCGA-B8-5165"",""TCGA-B8-5546"",""TCGA-BP-4782"",""TCGA-BP-4965"",""TCGA-BP-4970"",""TCGA-BP-4972"",""TCGA-BP-4994"",""TCGA-BP-4995"",""TCGA-BP-5174"",""TCGA-BP-5186"",""TCGA-BP-5189"",""TCGA-CZ-5468""],""set_id"":""C0003""},{""member_ids"":[""TCGA-B0-5696"",""TCGA-B0-5712"",""TCGA-B8-4151"",""TCGA-B8-4153"",""TCGA-B8-4622"",""TCGA-B8-5158"",""TCGA-B8-A54D"",""TCGA-BP-4164"",""TCGA-BP-4977"",""TCGA-BP-4992"",""TCGA-BP-5000"",""TCGA-BP-5001"",""TCGA-BP-5009"",""TCGA-BP-5183"",""TCGA-BP-5200"",""TCGA-CJ-4903"",""TCGA-CJ-6027"",""TCGA-CJ-6033"",""TCGA-CZ-4859"",""TCGA-CZ-5988"",""TCGA-G6-A5PC""],""set_id"":""C0004""},{""member_ids"":[""TCGA-B0-5702"",""TCGA-B8-4148"",""TCGA-B8-5159"",""TCGA-B8-5162"",""TCGA-B8-5164"",""TCGA-B8-5549"",""TCGA-B8-5553"",""TCGA-B8-A54F"",""TCGA-BP-4167"",""TCGA-BP-4967"",""TCGA-BP-4989"",""TCGA-CZ-4863"",""TCGA-CZ-4865"",""TCGA-CZ-5451"",""TCGA-CZ-5984"",""TCGA-G6-A8L7""],""set_id"":""C0005""},{""member_ids"":[""TCGA-B0-5709"",""TCGA-B8-5551"",""TCGA-B8-A54E"",""TCGA-B8-A54G"",""TCGA-BP-5180"",""TCGA-CJ-4637"",""TCGA-CJ-4641"",""TCGA-CJ-4900"",""TCGA-CJ-6028"",""TCGA-CJ-6030"",""TCGA-CZ-5462"",""TCGA-CZ-5985""],""set_id"":""C0006""}]",review_complete,C0002,C0005,drop,drop,0.001278,0.061061,0.061061,0.063114,0.001009,0.001378,True,False,0.010578,0.052821,0.052821,0.809067,0.047933,0.499844,0.662765,0.499844,0.016686,0.09849,0.302927,0.09849,0.000363,0.005049,0.027446,0.005049
6,1,1,"[{""member_ids"":[""TCGA-B0-4712"",""TCGA-B0-4821"",""TCGA-B0-5081"",""TCGA-B0-5088"",""TCGA-B0-5106"",""TCGA-B0-5703"",""TCGA-B8-5550"",""TCGA-BP-4770"",""TCGA-BP-4960"",""TCGA-BP-4962"",""TCGA-BP-4971"",""TCGA-BP-4986"",""TCGA-BP-4988"",""TCGA-BP-5010"",""TCGA-BP-5175"",""TCGA-BP-5191"",""TCGA-BP-5196"",""TCGA-BP-5199"",""TCGA-CJ-4902"",""TCGA-CJ-4923""],""set_id"":""C0001""},{""member_ids"":[""TCGA-B0-5085"",""TCGA-B0-5115"",""TCGA-B0-5697"",""TCGA-B0-5698"",""TCGA-B0-5812"",""TCGA-BP-4976"",""TCGA-BP-4982"",""TCGA-BP-4999"",""TCGA-BP-5004"",""TCGA-BP-5006"",""TCGA-BP-5007"",""TCGA-BP-5181"",""TCGA-BP-5184"",""TCGA-BP-5187"",""TCGA-BP-5190"",""TCGA-BP-5192"",""TCGA-BP-5194"",""TCGA-BP-5195"",""TCGA-CJ-4904""],""set_id"":""C0002""},{""member_ids"":[""TCGA-B0-5117"",""TCGA-B0-5706"",""TCGA-B8-4619"",""TCGA-B8-5165"",""TCGA-B8-5546"",""TCGA-BP-4782"",""TCGA-BP-4965"",""TCGA-BP-4970"",""TCGA-BP-4972"",""TCGA-BP-4994"",""TCGA-BP-4995"",""TCGA-BP-5174"",""TCGA-BP-5186"",""TCGA-BP-5189"",""TCGA-CZ-5468""],""set_id"":""C0003""},{""member_ids"":[""TCGA-B0-5696"",""TCGA-B0-5712"",""TCGA-B8-4151"",""TCGA-B8-4153"",""TCGA-B8-4622"",""TCGA-B8-5158"",""TCGA-B8-A54D"",""TCGA-BP-4164"",""TCGA-BP-4977"",""TCGA-BP-4992"",""TCGA-BP-5000"",""TCGA-BP-5001"",""TCGA-BP-5009"",""TCGA-BP-5183"",""TCGA-BP-5200"",""TCGA-CJ-4903"",""TCGA-CJ-6027"",""TCGA-CJ-6033"",""TCGA-CZ-4859"",""TCGA-CZ-5988"",""TCGA-G6-A5PC""],""set_id"":""C0004""},{""member_ids"":[""TCGA-B0-5702"",""TCGA-B8-4148"",""TCGA-B8-5159"",""TCGA-B8-5162"",""TCGA-B8-5164"",""TCGA-B8-5549"",""TCGA-B8-5553"",""TCGA-B8-A54F"",""TCGA-BP-4167"",""TCGA-BP-4967"",""TCGA-BP-4989"",""TCGA-CZ-4863"",""TCGA-CZ-4865"",""TCGA-CZ-5451"",""TCGA-CZ-5984"",""TCGA-G6-A8L7""],""set_id"":""C0005""},{""member_ids"":[""TCGA-B0-5709"",""TCGA-B8-5551"",""TCGA-B8-A54E"",""TCGA-B8-A54G"",""TCGA-BP-5180"",""TCGA-CJ-4637"",""TCGA-CJ-4641"",""TCGA-CJ-4900"",""TCGA-CJ-6028"",""TCGA-CJ-6030"",""TCGA-CZ-5462"",""TCGA-CZ-5985""],""set_id"":""C0006""}]",review_complete,C0002,C0006,drop,accept,0.001164,0.052581,0.054511,0.052581,0.001154,0.001079,True,False,0.002342,0.004308,0.004308,0.093553,0.046678,0.276416,0.485462,0.276416,0.055539,0.516389,0.516389,0.555557,0.000594,0.027021,0.027021,0.032925
6,1,1,"[{""member_ids"":[""TCGA-B0-4712"",""TCGA-B0-4821"",""TCGA-B0-5081"",""TCGA-B0-5088"",""TCGA-B0-5106"",""TCGA-B0-5703"",""TCGA-B8-5550"",""TCGA-BP-4770"",""TCGA-BP-4960"",""TCGA-BP-4962"",""TCGA-BP-4971"",""TCGA-BP-4986"",""TCGA-BP-4988"",""TCGA-BP-5010"",""TCGA-BP-5175"",""TCGA-BP-5191"",""TCGA-BP-5196"",""TCGA-BP-5199"",""TCGA-CJ-4902"",""TCGA-CJ-4923""],""set_id"":""C0001""},{""member_ids"":[""TCGA-B0-5085"",""TCGA-B0-5115"",""TCGA-B0-5697"",""TCGA-B0-5698"",""TCGA-B0-5812"",""TCGA-BP-4976"",""TCGA-BP-4982"",""TCGA-BP-4999"",""TCGA-BP-5004"",""TCGA-BP-5006"",""TCGA-BP-5007"",""TCGA-BP-5181"",""TCGA-BP-5184"",""TCGA-BP-5187"",""TCGA-BP-5190"",""TCGA-BP-5192"",""TCGA-BP-5194"",""TCGA-BP-5195"",""TCGA-CJ-4904""],""set_id"":""C0002""},{""member_ids"":[""TCGA-B0-5117"",""TCGA-B0-5706"",""TCGA-B8-4619"",""TCGA-B8-5165"",""TCGA-B8-5546"",""TCGA-BP-4782"",""TCGA-BP-4965"",""TCGA-BP-4970"",""TCGA-BP-4972"",""TCGA-BP-4994"",""TCGA-BP-4995"",""TCGA-BP-5174"",""TCGA-BP-5186"",""TCGA-BP-5189"",""TCGA-CZ-5468""],""set_id"":""C0003""},{""member_ids"":[""TCGA-B0-5696"",""TCGA-B0-5712"",""TCGA-B8-4151"",""TCGA-B8-4153"",""TCGA-B8-4622"",""TCGA-B8-5158"",""TCGA-B8-A54D"",""TCGA-BP-4164"",""TCGA-BP-4977"",""TCGA-BP-4992"",""TCGA-BP-5000"",""TCGA-BP-5001"",""TCGA-BP-5009"",""TCGA-BP-5183"",""TCGA-BP-5200"",""TCGA-CJ-4903"",""TCGA-CJ-6027"",""TCGA-CJ-6033"",""TCGA-CZ-4859"",""TCGA-CZ-5988"",""TCGA-G6-A5PC""],""set_id"":""C0004""},{""member_ids"":[""TCGA-B0-5702"",""TCGA-B8-4148"",""TCGA-B8-5159"",""TCGA-B8-5162"",""TCGA-B8-5164"",""TCGA-B8-5549"",""TCGA-B8-5553"",""TCGA-B8-A54F"",""TCGA-BP-4167"",""TCGA-BP-4967"",""TCGA-BP-4989"",""TCGA-CZ-4863"",""TCGA-CZ-4865"",""TCGA-CZ-5451"",""TCGA-CZ-5984"",""TCGA-G6-A8L7""],""set_id"":""C0005""},{""member_ids"":[""TCGA-B0-5709"",""TCGA-B8-5551"",""TCGA-B8-A54E"",""TCGA-B8-A54G"",""TCGA-BP-5180"",""TCGA-CJ-4637"",""TCGA-CJ-4641"",""TCGA-CJ-4900"",""TCGA-CJ-6028"",""TCGA-CJ-6030"",""TCGA-CZ-5462"",""TCGA-CZ-5985""],""set_id"":""C0006""}]",review_complete,C0003,C0004,drop,drop,0.000759,0.044493,0.044493,0.044755,0.000758,0.000749,True,False,0.013824,0.095727,0.095727,0.184575,0.030867,0.531516,0.531516,0.584327,0.018646,0.157792,0.372309,0.157792,0.00025,0.00862,0.01186,0.00862
6,1,1,"[{""member_ids"":[""TCGA-B0-4712"",""TCGA-B0-4821"",""TCGA-B0-5081"",""TCGA-B0-5088"",""TCGA-B0-5106"",""TCGA-B0-5703"",""TCGA-B8-5550"",""TCGA-BP-4770"",""TCGA-BP-4960"",""TCGA-BP-4962"",""TCGA-BP-4971"",""TCGA-BP-4986"",""TCGA-BP-4988"",""TCGA-BP-5010"",""TCGA-BP-5175"",""TCGA-BP-5191"",""TCGA-BP-5196"",""TCGA-BP-5199"",""TCGA-CJ-4902"",""TCGA-CJ-4923""],""set_id"":""C0001""},{""member_ids"":[""TCGA-B0-5085"",""TCGA-B0-5115"",""TCGA-B0-5697"",""TCGA-B0-5698"",""TCGA-B0-5812"",""TCGA-BP-4976"",""TCGA-BP-4982"",""TCGA-BP-4999"",""TCGA-BP-5004"",""TCGA-BP-5006"",""TCGA-BP-5007"",""TCGA-BP-5181"",""TCGA-BP-5184"",""TCGA-BP-5187"",""TCGA-BP-5190"",""TCGA-BP-5192"",""TCGA-BP-5194"",""TCGA-BP-5195"",""TCGA-CJ-4904""],""set_id"":""C0002""},{""member_ids"":[""TCGA-B0-5117"",""TCGA-B0-5706"",""TCGA-B8-4619"",""TCGA-B8-5165"",""TCGA-B8-5546"",""TCGA-BP-4782"",""TCGA-BP-4965"",""TCGA-BP-4970"",""TCGA-BP-4972"",""TCGA-BP-4994"",""TCGA-BP-4995"",""TCGA-BP-5174"",""TCGA-BP-5186"",""TCGA-BP-5189"",""TCGA-CZ-5468""],""set_id"":""C0003""},{""member_ids"":[""TCGA-B0-5696"",""TCGA-B0-5712"",""TCGA-B8-4151"",""TCGA-B8-4153"",""TCGA-B8-4622"",""TCGA-B8-5158"",""TCGA-B8-A54D"",""TCGA-BP-4164"",""TCGA-BP-4977"",""TCGA-BP-4992"",""TCGA-BP-5000"",""TCGA-BP-5001"",""TCGA-BP-5009"",""TCGA-BP-5183"",""TCGA-BP-5200"",""TCGA-CJ-4903"",""TCGA-CJ-6027"",""TCGA-CJ-6033"",""TCGA-CZ-4859"",""TCGA-CZ-5988"",""TCGA-G6-A5PC""],""set_id"":""C0004""},{""member_ids"":[""TCGA-B0-5702"",""TCGA-B8-4148"",""TCGA-B8-5159"",""TCGA-B8-5162"",""TCGA-B8-5164"",""TCGA-B8-5549"",""TCGA-B8-5553"",""TCGA-B8-A54F"",""TCGA-BP-4167"",""TCGA-BP-4967"",""TCGA-BP-4989"",""TCGA-CZ-4863"",""TCGA-CZ-4865"",""TCGA-CZ-5451"",""TCGA-CZ-5984"",""TCGA-G6-A8L7""],""set_id"":""C0005""},{""member_ids"":[""TCGA-B0-5709"",""TCGA-B8-5551"",""TCGA-B8-A54E"",""TCGA-B8-A54G"",""TCGA-BP-5180"",""TCGA-CJ-4637"",""TCGA-CJ-4641"",""TCGA-CJ-4900"",""TCGA-CJ-6028"",""TCGA-CJ-6030"",""TCGA-CZ-5462"",""TCGA-CZ-5985""],""set_id"":""C0006""}]",review_complete,C0003,C0005,drop,drop,0.000803,0.033487,0.033487,0.051461,0.000505,0.000872,True,False,0.017185,0.115658,0.115658,0.819446,0.015034,0.236886,0.236886,0.272132,0.006426,0.049126,0.305428,0.049126,-5.4e-05,-0.007353,0.000467,-0.007353
6,1,1,"[{""member_ids"":[""TCGA-B0-4712"",""TCGA-B0-4821"",""TCGA-B0-5081"",""TCGA-B0-5088"",""TCGA-B0-5106"",""TCGA-B0-5703"",""TCGA-B8-5550"",""TCGA-BP-4770"",""TCGA-BP-4960"",""TCGA-BP-4962"",""TCGA-BP-4971"",""TCGA-BP-4986"",""TCGA-BP-4988"",""TCGA-BP-5010"",""TCGA-BP-5175"",""TCGA-BP-5191"",""TCGA-BP-5196"",""TCGA-BP-5199"",""TCGA-CJ-4902"",""TCGA-CJ-4923""],""set_id"":""C0001""},{""member_ids"":[""TCGA-B0-5085"",""TCGA-B0-5115"",""TCGA-B0-5697"",""TCGA-B0-5698"",""TCGA-B0-5812"",""TCGA-BP-4976"",""TCGA-BP-4982"",""TCGA-BP-4999"",""TCGA-BP-5004"",""TCGA-BP-5006"",""TCGA-BP-5007"",""TCGA-BP-5181"",""TCGA-BP-5184"",""TCGA-BP-5187"",""TCGA-BP-5190"",""TCGA-BP-5192"",""TCGA-BP-5194"",""TCGA-BP-5195"",""TCGA-CJ-4904""],""set_id"":""C0002""},{""member_ids"":[""TCGA-B0-5117"",""TCGA-B0-5706"",""TCGA-B8-4619"",""TCGA-B8-5165"",""TCGA-B8-5546"",""TCGA-BP-4782"",""TCGA-BP-4965"",""TCGA-BP-4970"",""TCGA-BP-4972"",""TCGA-BP-4994"",""TCGA-BP-4995"",""TCGA-BP-5174"",""TCGA-BP-5186"",""TCGA-BP-5189"",""TCGA-CZ-5468""],""set_id"":""C0003""},{""member_ids"":[""TCGA-B0-5696"",""TCGA-B0-5712"",""TCGA-B8-4151"",""TCGA-B8-4153"",""TCGA-B8-4622"",""TCGA-B8-5158"",""TCGA-B8-A54D"",""TCGA-BP-4164"",""TCGA-BP-4977"",""TCGA-BP-4992"",""TCGA-BP-5000"",""TCGA-BP-5001"",""TCGA-BP-5009"",""TCGA-BP-5183"",""TCGA-BP-5200"",""TCGA-CJ-4903"",""TCGA-CJ-6027"",""TCGA-CJ-6033"",""TCGA-CZ-4859"",""TCGA-CZ-5988"",""TCGA-G6-A5PC""],""set_id"":""C0004""},{""member_ids"":[""TCGA-B0-5702"",""TCGA-B8-4148"",""TCGA-B8-5159"",""TCGA-B8-5162"",""TCGA-B8-5164"",""TCGA-B8-5549"",""TCGA-B8-5553"",""TCGA-B8-A54F"",""TCGA-BP-4167"",""TCGA-BP-4967"",""TCGA-BP-4989"",""TCGA-CZ-4863"",""TCGA-CZ-4865"",""TCGA-CZ-5451"",""TCGA-CZ-5984"",""TCGA-G6-A8L7""],""set_id"":""C0005""},{""member_ids"":[""TCGA-B0-5709"",""TCGA-B8-5551"",""TCGA-B8-A54E"",""TCGA-B8-A54G"",""TCGA-BP-5180"",""TCGA-CJ-4637"",""TCGA-CJ-4641"",""TCGA-CJ-4900"",""TCGA-CJ-6028"",""TCGA-CJ-6030"",""TCGA-CZ-5462"",""TCGA-CZ-5985""],""set_id"":""C0006""}]",review_complete,C0003,C0006,drop,accept,0.00094,0.036393,0.036393,0.050377,0.000635,0.000994,True,False,0.007511,0.095207,0.095207,0.151344,0.020583,0.243603,0.243603,0.280859,0.033873,0.376584,0.376584,0.378797,0.000456,0.017159,0.017159,0.037636
6,1,1,"[{""member_ids"":[""TCGA-B0-4712"",""TCGA-B0-4821"",""TCGA-B0-5081"",""TCGA-B0-5088"",""TCGA-B0-5106"",""TCGA-B0-5703"",""TCGA-B8-5550"",""TCGA-BP-4770"",""TCGA-BP-4960"",""TCGA-BP-4962"",""TCGA-BP-4971"",""TCGA-BP-4986"",""TCGA-BP-4988"",""TCGA-BP-5010"",""TCGA-BP-5175"",""TCGA-BP-5191"",""TCGA-BP-5196"",""TCGA-BP-5199"",""TCGA-CJ-4902"",""TCGA-CJ-4923""],""set_id"":""C0001""},{""member_ids"":[""TCGA-B0-5085"",""TCGA-B0-5115"",""TCGA-B0-5697"",""TCGA-B0-5698"",""TCGA-B0-5812"",""TCGA-BP-4976"",""TCGA-BP-4982"",""TCGA-BP-4999"",""TCGA-BP-5004"",""TCGA-BP-5006"",""TCGA-BP-5007"",""TCGA-BP-5181"",""TCGA-BP-5184"",""TCGA-BP-5187"",""TCGA-BP-5190"",""TCGA-BP-5192"",""TCGA-BP-5194"",""TCGA-BP-5195"",""TCGA-CJ-4904""],""set_id"":""C0002""},{""member_ids"":[""TCGA-B0-5117"",""TCGA-B0-5706"",""TCGA-B8-4619"",""TCGA-B8-5165"",""TCGA-B8-5546"",""TCGA-BP-4782"",""TCGA-BP-4965"",""TCGA-BP-4970"",""TCGA-BP-4972"",""TCGA-BP-4994"",""TCGA-BP-4995"",""TCGA-BP-5174"",""TCGA-BP-5186"",""TCGA-BP-5189"",""TCGA-CZ-5468""],""set_id"":""C0003""},{""member_ids"":[""TCGA-B0-5696"",""TCGA-B0-5712"",""TCGA-B8-4151"",""TCGA-B8-4153"",""TCGA-B8-4622"",""TCGA-B8-5158"",""TCGA-B8-A54D"",""TCGA-BP-4164"",""TCGA-BP-4977"",""TCGA-BP-4992"",""TCGA-BP-5000"",""TCGA-BP-5001"",""TCGA-BP-5009"",""TCGA-BP-5183"",""TCGA-BP-5200"",""TCGA-CJ-4903"",""TCGA-CJ-6027"",""TCGA-CJ-6033"",""TCGA-CZ-4859"",""TCGA-CZ-5988"",""TCGA-G6-A5PC""],""set_id"":""C0004""},{""member_ids"":[""TCGA-B0-5702"",""TCGA-B8-4148"",""TCGA-B8-5159"",""TCGA-B8-5162"",""TCGA-B8-5164"",""TCGA-B8-5549"",""TCGA-B8-5553"",""TCGA-B8-A54F"",""TCGA-BP-4167"",""TCGA-BP-4967"",""TCGA-BP-4989"",""TCGA-CZ-4863"",""TCGA-CZ-4865"",""TCGA-CZ-5451"",""TCGA-CZ-5984"",""TCGA-G6-A8L7""],""set_id"":""C0005""},{""member_ids"":[""TCGA-B0-5709"",""TCGA-B8-5551"",""TCGA-B8-A54E"",""TCGA-B8-A54G"",""TCGA-BP-5180"",""TCGA-CJ-4637"",""TCGA-CJ-4641"",""TCGA-CJ-4900"",""TCGA-CJ-6028"",""TCGA-CJ-6030"",""TCGA-CZ-5462"",""TCGA-CZ-5985""],""set_id"":""C0006""}]",review_complete,C0004,C0005,drop,drop,0.00079,0.035096,0.035096,0.052807,0.000613,0.001049,True,False,0.021042,0.115698,0.115698,0.787372,0.026454,0.39093,0.423507,0.39093,0.006116,0.056842,0.091002,0.056842,8.1e-05,0.0007,0.00528,0.0007
6,1,1,"[{""member_ids"":[""TCGA-B0-4712"",""TCGA-B0-4821"",""TCGA-B0-5081"",""TCGA-B0-5088"",""TCGA-B0-5106"",""TCGA-B0-5703"",""TCGA-B8-5550"",""TCGA-BP-4770"",""TCGA-BP-4960"",""TCGA-BP-4962"",""TCGA-BP-4971"",""TCGA-BP-4986"",""TCGA-BP-4988"",""TCGA-BP-5010"",""TCGA-BP-5175"",""TCGA-BP-5191"",""TCGA-BP-5196"",""TCGA-BP-5199"",""TCGA-CJ-4902"",""TCGA-CJ-4923""],""set_id"":""C0001""},{""member_ids"":[""TCGA-B0-5085"",""TCGA-B0-5115"",""TCGA-B0-5697"",""TCGA-B0-5698"",""TCGA-B0-5812"",""TCGA-BP-4976"",""TCGA-BP-4982"",""TCGA-BP-4999"",""TCGA-BP-5004"",""TCGA-BP-5006"",""TCGA-BP-5007"",""TCGA-BP-5181"",""TCGA-BP-5184"",""TCGA-BP-5187"",""TCGA-BP-5190"",""TCGA-BP-5192"",""TCGA-BP-5194"",""TCGA-BP-5195"",""TCGA-CJ-4904""],""set_id"":""C0002""},{""member_ids"":[""TCGA-B0-5117"",""TCGA-B0-5706"",""TCGA-B8-4619"",""TCGA-B8-5165"",""TCGA-B8-5546"",""TCGA-BP-4782"",""TCGA-BP-4965"",""TCGA-BP-4970"",""TCGA-BP-4972"",""TCGA-BP-4994"",""TCGA-BP-4995"",""TCGA-BP-5174"",""TCGA-BP-5186"",""TCGA-BP-5189"",""TCGA-CZ-5468""],""set_id"":""C0003""},{""member_ids"":[""TCGA-B0-5696"",""TCGA-B0-5712"",""TCGA-B8-4151"",""TCGA-B8-4153"",""TCGA-B8-4622"",""TCGA-B8-5158"",""TCGA-B8-A54D"",""TCGA-BP-4164"",""TCGA-BP-4977"",""TCGA-BP-4992"",""TCGA-BP-5000"",""TCGA-BP-5001"",""TCGA-BP-5009"",""TCGA-BP-5183"",""TCGA-BP-5200"",""TCGA-CJ-4903"",""TCGA-CJ-6027"",""TCGA-CJ-6033"",""TCGA-CZ-4859"",""TCGA-CZ-5988"",""TCGA-G6-A5PC""],""set_id"":""C0004""},{""member_ids"":[""TCGA-B0-5702"",""TCGA-B8-4148"",""TCGA-B8-5159"",""TCGA-B8-5162"",""TCGA-B8-5164"",""TCGA-B8-5549"",""TCGA-B8-5553"",""TCGA-B8-A54F"",""TCGA-BP-4167"",""TCGA-BP-4967"",""TCGA-BP-4989"",""TCGA-CZ-4863"",""TCGA-CZ-4865"",""TCGA-CZ-5451"",""TCGA-CZ-5984"",""TCGA-G6-A8L7""],""set_id"":""C0005""},{""member_ids"":[""TCGA-B0-5709"",""TCGA-B8-5551"",""TCGA-B8-A54E"",""TCGA-B8-A54G"",""TCGA-BP-5180"",""TCGA-CJ-4637"",""TCGA-CJ-4641"",""TCGA-CJ-4900"",""TCGA-CJ-6028"",""TCGA-CJ-6030"",""TCGA-CZ-5462"",""TCGA-CZ-5985""],""set_id"":""C0006""}]",review_complete,C0004,C0006,drop,accept,0.000715,0.030658,0.030658,0.044387,0.00056,0.000846,True,False,0.007108,0.091874,0.125147,0.091874,0.034846,0.423382,0.453061,0.423382,0.020534,0.068619,0.068619,0.294317,0.000177,0.004708,0.004708,0.028433
6,1,1,"[{""member_ids"":[""TCGA-B0-4712"",""TCGA-B0-4821"",""TCGA-B0-5081"",""TCGA-B0-5088"",""TCGA-B0-5106"",""TCGA-B0-5703"",""TCGA-B8-5550"",""TCGA-BP-4770"",""TCGA-BP-4960"",""TCGA-BP-4962"",""TCGA-BP-4971"",""TCGA-BP-4986"",""TCGA-BP-4988"",""TCGA-BP-5010"",""TCGA-BP-5175"",""TCGA-BP-5191"",""TCGA-BP-5196"",""TCGA-BP-5199"",""TCGA-CJ-4902"",""TCGA-CJ-4923""],""set_id"":""C0001""},{""member_ids"":[""TCGA-B0-5085"",""TCGA-B0-5115"",""TCGA-B0-5697"",""TCGA-B0-5698"",""TCGA-B0-5812"",""TCGA-BP-4976"",""TCGA-BP-4982"",""TCGA-BP-4999"",""TCGA-BP-5004"",""TCGA-BP-5006"",""TCGA-BP-5007"",""TCGA-BP-5181"",""TCGA-BP-5184"",""TCGA-BP-5187"",""TCGA-BP-5190"",""TCGA-BP-5192"",""TCGA-BP-5194"",""TCGA-BP-5195"",""TCGA-CJ-4904""],""set_id"":""C0002""},{""member_ids"":[""TCGA-B0-5117"",""TCGA-B0-5706"",""TCGA-B8-4619"",""TCGA-B8-5165"",""TCGA-B8-5546"",""TCGA-BP-4782"",""TCGA-BP-4965"",""TCGA-BP-4970"",""TCGA-BP-4972"",""TCGA-BP-4994"",""TCGA-BP-4995"",""TCGA-BP-5174"",""TCGA-BP-5186"",""TCGA-BP-5189"",""TCGA-CZ-5468""],""set_id"":""C0003""},{""member_ids"":[""TCGA-B0-5696"",""TCGA-B0-5712"",""TCGA-B8-4151"",""TCGA-B8-4153"",""TCGA-B8-4622"",""TCGA-B8-5158"",""TCGA-B8-A54D"",""TCGA-BP-4164"",""TCGA-BP-4977"",""TCGA-BP-4992"",""TCGA-BP-5000"",""TCGA-BP-5001"",""TCGA-BP-5009"",""TCGA-BP-5183"",""TCGA-BP-5200"",""TCGA-CJ-4903"",""TCGA-CJ-6027"",""TCGA-CJ-6033"",""TCGA-CZ-4859"",""TCGA-CZ-5988"",""TCGA-G6-A5PC""],""set_id"":""C0004""},{""member_ids"":[""TCGA-B0-5702"",""TCGA-B8-4148"",""TCGA-B8-5159"",""TCGA-B8-5162"",""TCGA-B8-5164"",""TCGA-B8-5549"",""TCGA-B8-5553"",""TCGA-B8-A54F"",""TCGA-BP-4167"",""TCGA-BP-4967"",""TCGA-BP-4989"",""TCGA-CZ-4863"",""TCGA-CZ-4865"",""TCGA-CZ-5451"",""TCGA-CZ-5984"",""TCGA-G6-A8L7""],""set_id"":""C0005""},{""member_ids"":[""TCGA-B0-5709"",""TCGA-B8-5551"",""TCGA-B8-A54E"",""TCGA-B8-A54G"",""TCGA-BP-5180"",""TCGA-CJ-4637"",""TCGA-CJ-4641"",""TCGA-CJ-4900"",""TCGA-CJ-6028"",""TCGA-CJ-6030"",""TCGA-CZ-5462"",""TCGA-CZ-5985""],""set_id"":""C0006""}]",review_complete,C0005,C0006,drop,accept,0.000942,0.046963,0.05095,0.046963,0.000933,0.000904,True,False,0.014628,-0.014653,0.747506,-0.014653,0.029183,0.504476,0.504476,0.506204,0.015736,0.010752,0.010752,0.272593,0.000159,0.003985,0.003985,0.032286
7,1,1,"[{""member_ids"":[""TCGA-B0-4712"",""TCGA-B0-4821"",""TCGA-B0-5088"",""TCGA-B0-5106"",""TCGA-B0-5703"",""TCGA-BP-4960"",""TCGA-BP-4971"",""TCGA-BP-4986"",""TCGA-BP-4988"",""TCGA-BP-5010"",""TCGA-BP-5175"",""TCGA-BP-5191"",""TCGA-BP-5199"",""TCGA-CZ-5468""],""set_id"":""C0001""},{""member_ids"":[""TCGA-B0-5081"",""TCGA-B8-5550"",""TCGA-BP-4167"",""TCGA-BP-4770"",""TCGA-BP-4962"",""TCGA-BP-5196"",""TCGA-CJ-4902"",""TCGA-CJ-4923"",""TCGA-CJ-6033""],""set_id"":""C0002""},{""member_ids"":[""TCGA-B0-5085"",""TCGA-B0-5712"",""TCGA-B8-4151"",""TCGA-B8-4153"",""TCGA-B8-4622"",""TCGA-B8-A54D"",""TCGA-BP-4977"",""TCGA-BP-4992"",""TCGA-BP-5000"",""TCGA-BP-5001"",""TCGA-BP-5009"",""TCGA-BP-5200"",""TCGA-CJ-6027"",""TCGA-CZ-5988"",""TCGA-G6-A5PC""],""set_id"":""C0003""},{""member_ids"":[""TCGA-B0-5115"",""TCGA-B0-5696"",""TCGA-B0-5697"",""TCGA-B0-5698"",""TCGA-B0-5812"",""TCGA-BP-4976"",""TCGA-BP-4982"",""TCGA-BP-4999"",""TCGA-BP-5004"",""TCGA-BP-5006"",""TCGA-BP-5007"",""TCGA-BP-5181"",""TCGA-BP-5184"",""TCGA-BP-5187"",""TCGA-BP-5190"",""TCGA-BP-5192"",""TCGA-BP-5194"",""TCGA-BP-5195"",""TCGA-CJ-4904""],""set_id"":""C0004""},{""member_ids"":[""TCGA-B0-5117"",""TCGA-B8-4619"",""TCGA-B8-5546"",""TCGA-BP-4782"",""TCGA-BP-4965"",""TCGA-BP-4970"",""TCGA-BP-4972"",""TCGA-BP-4994"",""TCGA-BP-4995"",""TCGA-BP-5174"",""TCGA-BP-5186"",""TCGA-BP-5189""],""set_id"":""C0005""},{""member_ids"":[""TCGA-B0-5702"",""TCGA-B0-5709"",""TCGA-B8-5551"",""TCGA-B8-A54E"",""TCGA-B8-A54G"",""TCGA-BP-4989"",""TCGA-BP-5180"",""TCGA-CJ-4637"",""TCGA-CJ-4641"",""TCGA-CJ-4900"",""TCGA-CJ-4903"",""TCGA-CJ-6028"",""TCGA-CJ-6030"",""TCGA-CZ-5462"",""TCGA-CZ-5985""],""set_id"":""C0006""},{""member_ids"":[""TCGA-B0-5706"",""TCGA-B8-4148"",""TCGA-B8-5158"",""TCGA-B8-5159"",""TCGA-B8-5162"",""TCGA-B8-5164"",""TCGA-B8-5165"",""TCGA-B8-5549"",""TCGA-B8-5553"",""TCGA-B8-A54F"",""TCGA-BP-4164"",""TCGA-BP-4967"",""TCGA-BP-5183"",""TCGA-CZ-4859"",""TCGA-CZ-4863"",""TCGA-CZ-4865"",""TCGA-CZ-5451"",""TCGA-CZ-5984"",""TCGA-G6-A8L7""],""set_id"":""C0007""}]",review_complete,C0001,C0002,drop,drop,0.000315,0.01376,0.01376,0.022111,0.000297,0.000385,True,False,0.002567,0.013489,0.053286,0.013489,0.012149,0.072547,0.376084,0.072547,0.015023,0.030817,0.030817,0.103053,4e-06,-0.002939,-0.002738,-0.002939
7,1,1,"[{""member_ids"":[""TCGA-B0-4712"",""TCGA-B0-4821"",""TCGA-B0-5088"",""TCGA-B0-5106"",""TCGA-B0-5703"",""TCGA-BP-4960"",""TCGA-BP-4971"",""TCGA-BP-4986"",""TCGA-BP-4988"",""TCGA-BP-5010"",""TCGA-BP-5175"",""TCGA-BP-5191"",""TCGA-BP-5199"",""TCGA-CZ-5468""],""set_id"":""C0001""},{""member_ids"":[""TCGA-B0-5081"",""TCGA-B8-5550"",""TCGA-BP-4167"",""TCGA-BP-4770"",""TCGA-BP-4962"",""TCGA-BP-5196"",""TCGA-CJ-4902"",""TCGA-CJ-4923"",""TCGA-CJ-6033""],""set_id"":""C0002""},{""member_ids"":[""TCGA-B0-5085"",""TCGA-B0-5712"",""TCGA-B8-4151"",""TCGA-B8-4153"",""TCGA-B8-4622"",""TCGA-B8-A54D"",""TCGA-BP-4977"",""TCGA-BP-4992"",""TCGA-BP-5000"",""TCGA-BP-5001"",""TCGA-BP-5009"",""TCGA-BP-5200"",""TCGA-CJ-6027"",""TCGA-CZ-5988"",""TCGA-G6-A5PC""],""set_id"":""C0003""},{""member_ids"":[""TCGA-B0-5115"",""TCGA-B0-5696"",""TCGA-B0-5697"",""TCGA-B0-5698"",""TCGA-B0-5812"",""TCGA-BP-4976"",""TCGA-BP-4982"",""TCGA-BP-4999"",""TCGA-BP-5004"",""TCGA-BP-5006"",""TCGA-BP-5007"",""TCGA-BP-5181"",""TCGA-BP-5184"",""TCGA-BP-5187"",""TCGA-BP-5190"",""TCGA-BP-5192"",""TCGA-BP-5194"",""TCGA-BP-5195"",""TCGA-CJ-4904""],""set_id"":""C0004""},{""member_ids"":[""TCGA-B0-5117"",""TCGA-B8-4619"",""TCGA-B8-5546"",""TCGA-BP-4782"",""TCGA-BP-4965"",""TCGA-BP-4970"",""TCGA-BP-4972"",""TCGA-BP-4994"",""TCGA-BP-4995"",""TCGA-BP-5174"",""TCGA-BP-5186"",""TCGA-BP-5189""],""set_id"":""C0005""},{""member_ids"":[""TCGA-B0-5702"",""TCGA-B0-5709"",""TCGA-B8-5551"",""TCGA-B8-A54E"",""TCGA-B8-A54G"",""TCGA-BP-4989"",""TCGA-BP-5180"",""TCGA-CJ-4637"",""TCGA-CJ-4641"",""TCGA-CJ-4900"",""TCGA-CJ-4903"",""TCGA-CJ-6028"",""TCGA-CJ-6030"",""TCGA-CZ-5462"",""TCGA-CZ-5985""],""set_id"":""C0006""},{""member_ids"":[""TCGA-B0-5706"",""TCGA-B8-4148"",""TCGA-B8-5158"",""TCGA-B8-5159"",""TCGA-B8-5162"",""TCGA-B8-5164"",""TCGA-B8-5165"",""TCGA-B8-5549"",""TCGA-B8-5553"",""TCGA-B8-A54F"",""TCGA-BP-4164"",""TCGA-BP-4967"",""TCGA-BP-5183"",""TCGA-CZ-4859"",""TCGA-CZ-4863"",""TCGA-CZ-4865"",""TCGA-CZ-5451"",""TCGA-CZ-5984"",""TCGA-G6-A8L7""],""set_id"":""C0007""}]",review_complete,C0001,C0003,drop,drop,0.000722,0.035093,0.035093,0.044817,0.000675,0.000777,True,True,0.005176,0.040433,0.040433,0.181344,0.038995,0.410167,0.410167,0.575398,0.027127,0.125205,0.284756,0.125205,8.3e-05,0.001676,0.003111,0.001676
7,1,1,"[{""member_ids"":[""TCGA-B0-4712"",""TCGA-B0-4821"",""TCGA-B0-5088"",""TCGA-B0-5106"",""TCGA-B0-5703"",""TCGA-BP-4960"",""TCGA-BP-4971"",""TCGA-BP-4986"",""TCGA-BP-4988"",""TCGA-BP-5010"",""TCGA-BP-5175"",""TCGA-BP-5191"",""TCGA-BP-5199"",""TCGA-CZ-5468""],""set_id"":""C0001""},{""member_ids"":[""TCGA-B0-5081"",""TCGA-B8-5550"",""TCGA-BP-4167"",""TCGA-BP-4770"",""TCGA-BP-4962"",""TCGA-BP-5196"",""TCGA-CJ-4902"",""TCGA-CJ-4923"",""TCGA-CJ-6033""],""set_id"":""C0002""},{""member_ids"":[""TCGA-B0-5085"",""TCGA-B0-5712"",""TCGA-B8-4151"",""TCGA-B8-4153"",""TCGA-B8-4622"",""TCGA-B8-A54D"",""TCGA-BP-4977"",""TCGA-BP-4992"",""TCGA-BP-5000"",""TCGA-BP-5001"",""TCGA-BP-5009"",""TCGA-BP-5200"",""TCGA-CJ-6027"",""TCGA-CZ-5988"",""TCGA-G6-A5PC""],""set_id"":""C0003""},{""member_ids"":[""TCGA-B0-5115"",""TCGA-B0-5696"",""TCGA-B0-5697"",""TCGA-B0-5698"",""TCGA-B0-5812"",""TCGA-BP-4976"",""TCGA-BP-4982"",""TCGA-BP-4999"",""TCGA-BP-5004"",""TCGA-BP-5006"",""TCGA-BP-5007"",""TCGA-BP-5181"",""TCGA-BP-5184"",""TCGA-BP-5187"",""TCGA-BP-5190"",""TCGA-BP-5192"",""TCGA-BP-5194"",""TCGA-BP-5195"",""TCGA-CJ-4904""],""set_id"":""C0004""},{""member_ids"":[""TCGA-B0-5117"",""TCGA-B8-4619"",""TCGA-B8-5546"",""TCGA-BP-4782"",""TCGA-BP-4965"",""TCGA-BP-4970"",""TCGA-BP-4972"",""TCGA-BP-4994"",""TCGA-BP-4995"",""TCGA-BP-5174"",""TCGA-BP-5186"",""TCGA-BP-5189""],""set_id"":""C0005""},{""member_ids"":[""TCGA-B0-5702"",""TCGA-B0-5709"",""TCGA-B8-5551"",""TCGA-B8-A54E"",""TCGA-B8-A54G"",""TCGA-BP-4989"",""TCGA-BP-5180"",""TCGA-CJ-4637"",""TCGA-CJ-4641"",""TCGA-CJ-4900"",""TCGA-CJ-4903"",""TCGA-CJ-6028"",""TCGA-CJ-6030"",""TCGA-CZ-5462"",""TCGA-CZ-5985""],""set_id"":""C0006""},{""member_ids"":[""TCGA-B0-5706"",""TCGA-B8-4148"",""TCGA-B8-5158"",""TCGA-B8-5159"",""TCGA-B8-5162"",""TCGA-B8-5164"",""TCGA-B8-5165"",""TCGA-B8-5549"",""TCGA-B8-5553"",""TCGA-B8-A54F"",""TCGA-BP-4164"",""TCGA-BP-4967"",""TCGA-BP-5183"",""TCGA-CZ-4859"",""TCGA-CZ-4863"",""TCGA-CZ-4865"",""TCGA-CZ-5451"",""TCGA-CZ-5984"",""TCGA-G6-A8L7""],""set_id"":""C0007""}]",review_complete,C0001,C0004,drop,accept,0.000865,0.04447,0.04447,0.058655,0.000804,0.000941,True,True,-0.001011,0.006718,0.006718,0.029876,0.027228,0.325243,0.325243,0.513982,0.059668,0.548163,0.563645,0.548163,0.000144,0.001384,0.001384,0.017463
7,1,1,"[{""member_ids"":[""TCGA-B0-4712"",""TCGA-B0-4821"",""TCGA-B0-5088"",""TCGA-B0-5106"",""TCGA-B0-5703"",""TCGA-BP-4960"",""TCGA-BP-4971"",""TCGA-BP-4986"",""TCGA-BP-4988"",""TCGA-BP-5010"",""TCGA-BP-5175"",""TCGA-BP-5191"",""TCGA-BP-5199"",""TCGA-CZ-5468""],""set_id"":""C0001""},{""member_ids"":[""TCGA-B0-5081"",""TCGA-B8-5550"",""TCGA-BP-4167"",""TCGA-BP-4770"",""TCGA-BP-4962"",""TCGA-BP-5196"",""TCGA-CJ-4902"",""TCGA-CJ-4923"",""TCGA-CJ-6033""],""set_id"":""C0002""},{""member_ids"":[""TCGA-B0-5085"",""TCGA-B0-5712"",""TCGA-B8-4151"",""TCGA-B8-4153"",""TCGA-B8-4622"",""TCGA-B8-A54D"",""TCGA-BP-4977"",""TCGA-BP-4992"",""TCGA-BP-5000"",""TCGA-BP-5001"",""TCGA-BP-5009"",""TCGA-BP-5200"",""TCGA-CJ-6027"",""TCGA-CZ-5988"",""TCGA-G6-A5PC""],""set_id"":""C0003""},{""member_ids"":[""TCGA-B0-5115"",""TCGA-B0-5696"",""TCGA-B0-5697"",""TCGA-B0-5698"",""TCGA-B0-5812"",""TCGA-BP-4976"",""TCGA-BP-4982"",""TCGA-BP-4999"",""TCGA-BP-5004"",""TCGA-BP-5006"",""TCGA-BP-5007"",""TCGA-BP-5181"",""TCGA-BP-5184"",""TCGA-BP-5187"",""TCGA-BP-5190"",""TCGA-BP-5192"",""TCGA-BP-5194"",""TCGA-BP-5195"",""TCGA-CJ-4904""],""set_id"":""C0004""},{""member_ids"":[""TCGA-B0-5117"",""TCGA-B8-4619"",""TCGA-B8-5546"",""TCGA-BP-4782"",""TCGA-BP-4965"",""TCGA-BP-4970"",""TCGA-BP-4972"",""TCGA-BP-4994"",""TCGA-BP-4995"",""TCGA-BP-5174"",""TCGA-BP-5186"",""TCGA-BP-5189""],""set_id"":""C0005""},{""member_ids"":[""TCGA-B0-5702"",""TCGA-B0-5709"",""TCGA-B8-5551"",""TCGA-B8-A54E"",""TCGA-B8-A54G"",""TCGA-BP-4989"",""TCGA-BP-5180"",""TCGA-CJ-4637"",""TCGA-CJ-4641"",""TCGA-CJ-4900"",""TCGA-CJ-4903"",""TCGA-CJ-6028"",""TCGA-CJ-6030"",""TCGA-CZ-5462"",""TCGA-CZ-5985""],""set_id"":""C0006""},{""member_ids"":[""TCGA-B0-5706"",""TCGA-B8-4148"",""TCGA-B8-5158"",""TCGA-B8-5159"",""TCGA-B8-5162"",""TCGA-B8-5164"",""TCGA-B8-5165"",""TCGA-B8-5549"",""TCGA-B8-5553"",""TCGA-B8-A54F"",""TCGA-BP-4164"",""TCGA-BP-4967"",""TCGA-BP-5183"",""TCGA-CZ-4859"",""TCGA-CZ-4863"",""TCGA-CZ-4865"",""TCGA-CZ-5451"",""TCGA-CZ-5984"",""TCGA-G6-A8L7""],""set_id"":""C0007""}]",review_complete,C0001,C0005,drop,drop,0.000775,0.034394,0.034394,0.046841,0.000514,0.000931,True,True,0.001028,0.02015,0.02015,0.05499,0.016011,0.086013,0.086013,0.1911,0.051571,0.521313,0.521313,0.604458,0.000117,0.004481,0.004481,0.012183
7,1,1,"[{""member_ids"":[""TCGA-B0-4712"",""TCGA-B0-4821"",""TCGA-B0-5088"",""TCGA-B0-5106"",""TCGA-B0-5703"",""TCGA-BP-4960"",""TCGA-BP-4971"",""TCGA-BP-4986"",""TCGA-BP-4988"",""TCGA-BP-5010"",""TCGA-BP-5175"",""TCGA-BP-5191"",""TCGA-BP-5199"",""TCGA-CZ-5468""],""set_id"":""C0001""},{""member_ids"":[""TCGA-B0-5081"",""TCGA-B8-5550"",""TCGA-BP-4167"",""TCGA-BP-4770"",""TCGA-BP-4962"",""TCGA-BP-5196"",""TCGA-CJ-4902"",""TCGA-CJ-4923"",""TCGA-CJ-6033""],""set_id"":""C0002""},{""member_ids"":[""TCGA-B0-5085"",""TCGA-B0-5712"",""TCGA-B8-4151"",""TCGA-B8-4153"",""TCGA-B8-4622"",""TCGA-B8-A54D"",""TCGA-BP-4977"",""TCGA-BP-4992"",""TCGA-BP-5000"",""TCGA-BP-5001"",""TCGA-BP-5009"",""TCGA-BP-5200"",""TCGA-CJ-6027"",""TCGA-CZ-5988"",""TCGA-G6-A5PC""],""set_id"":""C0003""},{""member_ids"":[""TCGA-B0-5115"",""TCGA-B0-5696"",""TCGA-B0-5697"",""TCGA-B0-5698"",""TCGA-B0-5812"",""TCGA-BP-4976"",""TCGA-BP-4982"",""TCGA-BP-4999"",""TCGA-BP-5004"",""TCGA-BP-5006"",""TCGA-BP-5007"",""TCGA-BP-5181"",""TCGA-BP-5184"",""TCGA-BP-5187"",""TCGA-BP-5190"",""TCGA-BP-5192"",""TCGA-BP-5194"",""TCGA-BP-5195"",""TCGA-CJ-4904""],""set_id"":""C0004""},{""member_ids"":[""TCGA-B0-5117"",""TCGA-B8-4619"",""TCGA-B8-5546"",""TCGA-BP-4782"",""TCGA-BP-4965"",""TCGA-BP-4970"",""TCGA-BP-4972"",""TCGA-BP-4994"",""TCGA-BP-4995"",""TCGA-BP-5174"",""TCGA-BP-5186"",""TCGA-BP-5189""],""set_id"":""C0005""},{""member_ids"":[""TCGA-B0-5702"",""TCGA-B0-5709"",""TCGA-B8-5551"",""TCGA-B8-A54E"",""TCGA-B8-A54G"",""TCGA-BP-4989"",""TCGA-BP-5180"",""TCGA-CJ-4637"",""TCGA-CJ-4641"",""TCGA-CJ-4900"",""TCGA-CJ-4903"",""TCGA-CJ-6028"",""TCGA-CJ-6030"",""TCGA-CZ-5462"",""TCGA-CZ-5985""],""set_id"":""C0006""},{""member_ids"":[""TCGA-B0-5706"",""TCGA-B8-4148"",""TCGA-B8-5158"",""TCGA-B8-5159"",""TCGA-B8-5162"",""TCGA-B8-5164"",""TCGA-B8-5165"",""TCGA-B8-5549"",""TCGA-B8-5553"",""TCGA-B8-A54F"",""TCGA-BP-4164"",""TCGA-BP-4967"",""TCGA-BP-5183"",""TCGA-CZ-4859"",""TCGA-CZ-4863"",""TCGA-CZ-4865"",""TCGA-CZ-5451"",""TCGA-CZ-5984"",""TCGA-G6-A8L7""],""set_id"":""C0007""}]",review_complete,C0001,C0006,drop,drop,0.000602,0.035784,0.035784,0.035977,0.000621,0.000569,True,True,0.008421,0.110042,0.110042,0.306554,0.021116,0.142292,0.167251,0.142292,0.036053,0.275963,0.344053,0.275963,0.000185,0.00176,0.00176,0.019383
7,1,1,"[{""member_ids"":[""TCGA-B0-4712"",""TCGA-B0-4821"",""TCGA-B0-5088"",""TCGA-B0-5106"",""TCGA-B0-5703"",""TCGA-BP-4960"",""TCGA-BP-4971"",""TCGA-BP-4986"",""TCGA-BP-4988"",""TCGA-BP-5010"",""TCGA-BP-5175"",""TCGA-BP-5191"",""TCGA-BP-5199"",""TCGA-CZ-5468""],""set_id"":""C0001""},{""member_ids"":[""TCGA-B0-5081"",""TCGA-B8-5550"",""TCGA-BP-4167"",""TCGA-BP-4770"",""TCGA-BP-4962"",""TCGA-BP-5196"",""TCGA-CJ-4902"",""TCGA-CJ-4923"",""TCGA-CJ-6033""],""set_id"":""C0002""},{""member_ids"":[""TCGA-B0-5085"",""TCGA-B0-5712"",""TCGA-B8-4151"",""TCGA-B8-4153"",""TCGA-B8-4622"",""TCGA-B8-A54D"",""TCGA-BP-4977"",""TCGA-BP-4992"",""TCGA-BP-5000"",""TCGA-BP-5001"",""TCGA-BP-5009"",""TCGA-BP-5200"",""TCGA-CJ-6027"",""TCGA-CZ-5988"",""TCGA-G6-A5PC""],""set_id"":""C0003""},{""member_ids"":[""TCGA-B0-5115"",""TCGA-B0-5696"",""TCGA-B0-5697"",""TCGA-B0-5698"",""TCGA-B0-5812"",""TCGA-BP-4976"",""TCGA-BP-4982"",""TCGA-BP-4999"",""TCGA-BP-5004"",""TCGA-BP-5006"",""TCGA-BP-5007"",""TCGA-BP-5181"",""TCGA-BP-5184"",""TCGA-BP-5187"",""TCGA-BP-5190"",""TCGA-BP-5192"",""TCGA-BP-5194"",""TCGA-BP-5195"",""TCGA-CJ-4904""],""set_id"":""C0004""},{""member_ids"":[""TCGA-B0-5117"",""TCGA-B8-4619"",""TCGA-B8-5546"",""TCGA-BP-4782"",""TCGA-BP-4965"",""TCGA-BP-4970"",""TCGA-BP-4972"",""TCGA-BP-4994"",""TCGA-BP-4995"",""TCGA-BP-5174"",""TCGA-BP-5186"",""TCGA-BP-5189""],""set_id"":""C0005""},{""member_ids"":[""TCGA-B0-5702"",""TCGA-B0-5709"",""TCGA-B8-5551"",""TCGA-B8-A54E"",""TCGA-B8-A54G"",""TCGA-BP-4989"",""TCGA-BP-5180"",""TCGA-CJ-4637"",""TCGA-CJ-4641"",""TCGA-CJ-4900"",""TCGA-CJ-4903"",""TCGA-CJ-6028"",""TCGA-CJ-6030"",""TCGA-CZ-5462"",""TCGA-CZ-5985""],""set_id"":""C0006""},{""member_ids"":[""TCGA-B0-5706"",""TCGA-B8-4148"",""TCGA-B8-5158"",""TCGA-B8-5159"",""TCGA-B8-5162"",""TCGA-B8-5164"",""TCGA-B8-5165"",""TCGA-B8-5549"",""TCGA-B8-5553"",""TCGA-B8-A54F"",""TCGA-BP-4164"",""TCGA-BP-4967"",""TCGA-BP-5183"",""TCGA-CZ-4859"",""TCGA-CZ-4863"",""TCGA-CZ-4865"",""TCGA-CZ-5451"",""TCGA-CZ-5984"",""TCGA-G6-A8L7""],""set_id"":""C0007""}]",review_complete,C0001,C0007,drop,drop,0.000761,0.040521,0.040521,0.044907,0.000698,0.00089,True,True,0.012166,0.058435,0.058435,0.652254,0.036016,0.31518,0.31518,0.395248,0.036161,0.256786,0.443623,0.256786,5.6e-05,-0.00031,-0.00031,0.000758
7,1,1,"[{""member_ids"":[""TCGA-B0-4712"",""TCGA-B0-4821"",""TCGA-B0-5088"",""TCGA-B0-5106"",""TCGA-B0-5703"",""TCGA-BP-4960"",""TCGA-BP-4971"",""TCGA-BP-4986"",""TCGA-BP-4988"",""TCGA-BP-5010"",""TCGA-BP-5175"",""TCGA-BP-5191"",""TCGA-BP-5199"",""TCGA-CZ-5468""],""set_id"":""C0001""},{""member_ids"":[""TCGA-B0-5081"",""TCGA-B8-5550"",""TCGA-BP-4167"",""TCGA-BP-4770"",""TCGA-BP-4962"",""TCGA-BP-5196"",""TCGA-CJ-4902"",""TCGA-CJ-4923"",""TCGA-CJ-6033""],""set_id"":""C0002""},{""member_ids"":[""TCGA-B0-5085"",""TCGA-B0-5712"",""TCGA-B8-4151"",""TCGA-B8-4153"",""TCGA-B8-4622"",""TCGA-B8-A54D"",""TCGA-BP-4977"",""TCGA-BP-4992"",""TCGA-BP-5000"",""TCGA-BP-5001"",""TCGA-BP-5009"",""TCGA-BP-5200"",""TCGA-CJ-6027"",""TCGA-CZ-5988"",""TCGA-G6-A5PC""],""set_id"":""C0003""},{""member_ids"":[""TCGA-B0-5115"",""TCGA-B0-5696"",""TCGA-B0-5697"",""TCGA-B0-5698"",""TCGA-B0-5812"",""TCGA-BP-4976"",""TCGA-BP-4982"",""TCGA-BP-4999"",""TCGA-BP-5004"",""TCGA-BP-5006"",""TCGA-BP-5007"",""TCGA-BP-5181"",""TCGA-BP-5184"",""TCGA-BP-5187"",""TCGA-BP-5190"",""TCGA-BP-5192"",""TCGA-BP-5194"",""TCGA-BP-5195"",""TCGA-CJ-4904""],""set_id"":""C0004""},{""member_ids"":[""TCGA-B0-5117"",""TCGA-B8-4619"",""TCGA-B8-5546"",""TCGA-BP-4782"",""TCGA-BP-4965"",""TCGA-BP-4970"",""TCGA-BP-4972"",""TCGA-BP-4994"",""TCGA-BP-4995"",""TCGA-BP-5174"",""TCGA-BP-5186"",""TCGA-BP-5189""],""set_id"":""C0005""},{""member_ids"":[""TCGA-B0-5702"",""TCGA-B0-5709"",""TCGA-B8-5551"",""TCGA-B8-A54E"",""TCGA-B8-A54G"",""TCGA-BP-4989"",""TCGA-BP-5180"",""TCGA-CJ-4637"",""TCGA-CJ-4641"",""TCGA-CJ-4900"",""TCGA-CJ-4903"",""TCGA-CJ-6028"",""TCGA-CJ-6030"",""TCGA-CZ-5462"",""TCGA-CZ-5985""],""set_id"":""C0006""},{""member_ids"":[""TCGA-B0-5706"",""TCGA-B8-4148"",""TCGA-B8-5158"",""TCGA-B8-5159"",""TCGA-B8-5162"",""TCGA-B8-5164"",""TCGA-B8-5165"",""TCGA-B8-5549"",""TCGA-B8-5553"",""TCGA-B8-A54F"",""TCGA-BP-4164"",""TCGA-BP-4967"",""TCGA-BP-5183"",""TCGA-CZ-4859"",""TCGA-CZ-4863"",""TCGA-CZ-4865"",""TCGA-CZ-5451"",""TCGA-CZ-5984"",""TCGA-G6-A8L7""],""set_id"":""C0007""}]",review_complete,C0002,C0003,drop,drop,0.000795,0.04452,0.04452,0.045904,0.000828,0.00078,True,True,0.001376,-0.050668,-0.050668,0.131291,0.023055,0.161864,0.161864,0.608074,0.041979,0.294376,0.495201,0.294376,5.4e-05,0.001619,0.002853,0.001619
7,1,1,"[{""member_ids"":[""TCGA-B0-4712"",""TCGA-B0-4821"",""TCGA-B0-5088"",""TCGA-B0-5106"",""TCGA-B0-5703"",""TCGA-BP-4960"",""TCGA-BP-4971"",""TCGA-BP-4986"",""TCGA-BP-4988"",""TCGA-BP-5010"",""TCGA-BP-5175"",""TCGA-BP-5191"",""TCGA-BP-5199"",""TCGA-CZ-5468""],""set_id"":""C0001""},{""member_ids"":[""TCGA-B0-5081"",""TCGA-B8-5550"",""TCGA-BP-4167"",""TCGA-BP-4770"",""TCGA-BP-4962"",""TCGA-BP-5196"",""TCGA-CJ-4902"",""TCGA-CJ-4923"",""TCGA-CJ-6033""],""set_id"":""C0002""},{""member_ids"":[""TCGA-B0-5085"",""TCGA-B0-5712"",""TCGA-B8-4151"",""TCGA-B8-4153"",""TCGA-B8-4622"",""TCGA-B8-A54D"",""TCGA-BP-4977"",""TCGA-BP-4992"",""TCGA-BP-5000"",""TCGA-BP-5001"",""TCGA-BP-5009"",""TCGA-BP-5200"",""TCGA-CJ-6027"",""TCGA-CZ-5988"",""TCGA-G6-A5PC""],""set_id"":""C0003""},{""member_ids"":[""TCGA-B0-5115"",""TCGA-B0-5696"",""TCGA-B0-5697"",""TCGA-B0-5698"",""TCGA-B0-5812"",""TCGA-BP-4976"",""TCGA-BP-4982"",""TCGA-BP-4999"",""TCGA-BP-5004"",""TCGA-BP-5006"",""TCGA-BP-5007"",""TCGA-BP-5181"",""TCGA-BP-5184"",""TCGA-BP-5187"",""TCGA-BP-5190"",""TCGA-BP-5192"",""TCGA-BP-5194"",""TCGA-BP-5195"",""TCGA-CJ-4904""],""set_id"":""C0004""},{""member_ids"":[""TCGA-B0-5117"",""TCGA-B8-4619"",""TCGA-B8-5546"",""TCGA-BP-4782"",""TCGA-BP-4965"",""TCGA-BP-4970"",""TCGA-BP-4972"",""TCGA-BP-4994"",""TCGA-BP-4995"",""TCGA-BP-5174"",""TCGA-BP-5186"",""TCGA-BP-5189""],""set_id"":""C0005""},{""member_ids"":[""TCGA-B0-5702"",""TCGA-B0-5709"",""TCGA-B8-5551"",""TCGA-B8-A54E"",""TCGA-B8-A54G"",""TCGA-BP-4989"",""TCGA-BP-5180"",""TCGA-CJ-4637"",""TCGA-CJ-4641"",""TCGA-CJ-4900"",""TCGA-CJ-4903"",""TCGA-CJ-6028"",""TCGA-CJ-6030"",""TCGA-CZ-5462"",""TCGA-CZ-5985""],""set_id"":""C0006""},{""member_ids"":[""TCGA-B0-5706"",""TCGA-B8-4148"",""TCGA-B8-5158"",""TCGA-B8-5159"",""TCGA-B8-5162"",""TCGA-B8-5164"",""TCGA-B8-5165"",""TCGA-B8-5549"",""TCGA-B8-5553"",""TCGA-B8-A54F"",""TCGA-BP-4164"",""TCGA-BP-4967"",""TCGA-BP-5183"",""TCGA-CZ-4859"",""TCGA-CZ-4863"",""TCGA-CZ-4865"",""TCGA-CZ-5451"",""TCGA-CZ-5984"",""TCGA-G6-A8L7""],""set_id"":""C0007""}]",review_complete,C0002,C0004,drop,accept,0.001051,0.059946,0.059946,0.065793,0.000981,0.00132,True,True,0.00573,-0.007396,-0.007396,0.05556,0.019384,0.311314,0.311314,0.704129,0.060867,0.545287,0.608572,0.545287,0.000448,0.013339,0.013339,0.029613
7,1,1,"[{""member_ids"":[""TCGA-B0-4712"",""TCGA-B0-4821"",""TCGA-B0-5088"",""TCGA-B0-5106"",""TCGA-B0-5703"",""TCGA-BP-4960"",""TCGA-BP-4971"",""TCGA-BP-4986"",""TCGA-BP-4988"",""TCGA-BP-5010"",""TCGA-BP-5175"",""TCGA-BP-5191"",""TCGA-BP-5199"",""TCGA-CZ-5468""],""set_id"":""C0001""},{""member_ids"":[""TCGA-B0-5081"",""TCGA-B8-5550"",""TCGA-BP-4167"",""TCGA-BP-4770"",""TCGA-BP-4962"",""TCGA-BP-5196"",""TCGA-CJ-4902"",""TCGA-CJ-4923"",""TCGA-CJ-6033""],""set_id"":""C0002""},{""member_ids"":[""TCGA-B0-5085"",""TCGA-B0-5712"",""TCGA-B8-4151"",""TCGA-B8-4153"",""TCGA-B8-4622"",""TCGA-B8-A54D"",""TCGA-BP-4977"",""TCGA-BP-4992"",""TCGA-BP-5000"",""TCGA-BP-5001"",""TCGA-BP-5009"",""TCGA-BP-5200"",""TCGA-CJ-6027"",""TCGA-CZ-5988"",""TCGA-G6-A5PC""],""set_id"":""C0003""},{""member_ids"":[""TCGA-B0-5115"",""TCGA-B0-5696"",""TCGA-B0-5697"",""TCGA-B0-5698"",""TCGA-B0-5812"",""TCGA-BP-4976"",""TCGA-BP-4982"",""TCGA-BP-4999"",""TCGA-BP-5004"",""TCGA-BP-5006"",""TCGA-BP-5007"",""TCGA-BP-5181"",""TCGA-BP-5184"",""TCGA-BP-5187"",""TCGA-BP-5190"",""TCGA-BP-5192"",""TCGA-BP-5194"",""TCGA-BP-5195"",""TCGA-CJ-4904""],""set_id"":""C0004""},{""member_ids"":[""TCGA-B0-5117"",""TCGA-B8-4619"",""TCGA-B8-5546"",""TCGA-BP-4782"",""TCGA-BP-4965"",""TCGA-BP-4970"",""TCGA-BP-4972"",""TCGA-BP-4994"",""TCGA-BP-4995"",""TCGA-BP-5174"",""TCGA-BP-5186"",""TCGA-BP-5189""],""set_id"":""C0005""},{""member_ids"":[""TCGA-B0-5702"",""TCGA-B0-5709"",""TCGA-B8-5551"",""TCGA-B8-A54E"",""TCGA-B8-A54G"",""TCGA-BP-4989"",""TCGA-BP-5180"",""TCGA-CJ-4637"",""TCGA-CJ-4641"",""TCGA-CJ-4900"",""TCGA-CJ-4903"",""TCGA-CJ-6028"",""TCGA-CJ-6030"",""TCGA-CZ-5462"",""TCGA-CZ-5985""],""set_id"":""C0006""},{""member_ids"":[""TCGA-B0-5706"",""TCGA-B8-4148"",""TCGA-B8-5158"",""TCGA-B8-5159"",""TCGA-B8-5162"",""TCGA-B8-5164"",""TCGA-B8-5165"",""TCGA-B8-5549"",""TCGA-B8-5553"",""TCGA-B8-A54F"",""TCGA-BP-4164"",""TCGA-BP-4967"",""TCGA-BP-5183"",""TCGA-CZ-4859"",""TCGA-CZ-4863"",""TCGA-CZ-4865"",""TCGA-CZ-5451"",""TCGA-CZ-5984"",""TCGA-G6-A8L7""],""set_id"":""C0007""}]",review_complete,C0002,C0005,drop,drop,0.001049,0.059215,0.059215,0.063314,0.001039,0.001098,True,False,0.008959,0.093354,0.093354,0.166794,0.025358,0.260592,0.260592,0.602341,0.049735,0.512773,0.512773,0.548262,2.4e-05,0.002939,0.002939,0.010844
7,1,1,"[{""member_ids"":[""TCGA-B0-4712"",""TCGA-B0-4821"",""TCGA-B0-5088"",""TCGA-B0-5106"",""TCGA-B0-5703"",""TCGA-BP-4960"",""TCGA-BP-4971"",""TCGA-BP-4986"",""TCGA-BP-4988"",""TCGA-BP-5010"",""TCGA-BP-5175"",""TCGA-BP-5191"",""TCGA-BP-5199"",""TCGA-CZ-5468""],""set_id"":""C0001""},{""member_ids"":[""TCGA-B0-5081"",""TCGA-B8-5550"",""TCGA-BP-4167"",""TCGA-BP-4770"",""TCGA-BP-4962"",""TCGA-BP-5196"",""TCGA-CJ-4902"",""TCGA-CJ-4923"",""TCGA-CJ-6033""],""set_id"":""C0002""},{""member_ids"":[""TCGA-B0-5085"",""TCGA-B0-5712"",""TCGA-B8-4151"",""TCGA-B8-4153"",""TCGA-B8-4622"",""TCGA-B8-A54D"",""TCGA-BP-4977"",""TCGA-BP-4992"",""TCGA-BP-5000"",""TCGA-BP-5001"",""TCGA-BP-5009"",""TCGA-BP-5200"",""TCGA-CJ-6027"",""TCGA-CZ-5988"",""TCGA-G6-A5PC""],""set_id"":""C0003""},{""member_ids"":[""TCGA-B0-5115"",""TCGA-B0-5696"",""TCGA-B0-5697"",""TCGA-B0-5698"",""TCGA-B0-5812"",""TCGA-BP-4976"",""TCGA-BP-4982"",""TCGA-BP-4999"",""TCGA-BP-5004"",""TCGA-BP-5006"",""TCGA-BP-5007"",""TCGA-BP-5181"",""TCGA-BP-5184"",""TCGA-BP-5187"",""TCGA-BP-5190"",""TCGA-BP-5192"",""TCGA-BP-5194"",""TCGA-BP-5195"",""TCGA-CJ-4904""],""set_id"":""C0004""},{""member_ids"":[""TCGA-B0-5117"",""TCGA-B8-4619"",""TCGA-B8-5546"",""TCGA-BP-4782"",""TCGA-BP-4965"",""TCGA-BP-4970"",""TCGA-BP-4972"",""TCGA-BP-4994"",""TCGA-BP-4995"",""TCGA-BP-5174"",""TCGA-BP-5186"",""TCGA-BP-5189""],""set_id"":""C0005""},{""member_ids"":[""TCGA-B0-5702"",""TCGA-B0-5709"",""TCGA-B8-5551"",""TCGA-B8-A54E"",""TCGA-B8-A54G"",""TCGA-BP-4989"",""TCGA-BP-5180"",""TCGA-CJ-4637"",""TCGA-CJ-4641"",""TCGA-CJ-4900"",""TCGA-CJ-4903"",""TCGA-CJ-6028"",""TCGA-CJ-6030"",""TCGA-CZ-5462"",""TCGA-CZ-5985""],""set_id"":""C0006""},{""member_ids"":[""TCGA-B0-5706"",""TCGA-B8-4148"",""TCGA-B8-5158"",""TCGA-B8-5159"",""TCGA-B8-5162"",""TCGA-B8-5164"",""TCGA-B8-5165"",""TCGA-B8-5549"",""TCGA-B8-5553"",""TCGA-B8-A54F"",""TCGA-BP-4164"",""TCGA-BP-4967"",""TCGA-BP-5183"",""TCGA-CZ-4859"",""TCGA-CZ-4863"",""TCGA-CZ-4865"",""TCGA-CZ-5451"",""TCGA-CZ-5984"",""TCGA-G6-A8L7""],""set_id"":""C0007""}]",review_complete,C0002,C0006,drop,drop,0.000566,0.026368,0.034521,0.026368,0.000442,0.000595,True,False,0.004967,-0.064504,-0.064504,0.179535,0.02131,0.044551,0.044551,0.329104,0.03721,0.210171,0.346374,0.210171,3.8e-05,-0.008384,-0.008384,0.009443
7,1,1,"[{""member_ids"":[""TCGA-B0-4712"",""TCGA-B0-4821"",""TCGA-B0-5088"",""TCGA-B0-5106"",""TCGA-B0-5703"",""TCGA-BP-4960"",""TCGA-BP-4971"",""TCGA-BP-4986"",""TCGA-BP-4988"",""TCGA-BP-5010"",""TCGA-BP-5175"",""TCGA-BP-5191"",""TCGA-BP-5199"",""TCGA-CZ-5468""],""set_id"":""C0001""},{""member_ids"":[""TCGA-B0-5081"",""TCGA-B8-5550"",""TCGA-BP-4167"",""TCGA-BP-4770"",""TCGA-BP-4962"",""TCGA-BP-5196"",""TCGA-CJ-4902"",""TCGA-CJ-4923"",""TCGA-CJ-6033""],""set_id"":""C0002""},{""member_ids"":[""TCGA-B0-5085"",""TCGA-B0-5712"",""TCGA-B8-4151"",""TCGA-B8-4153"",""TCGA-B8-4622"",""TCGA-B8-A54D"",""TCGA-BP-4977"",""TCGA-BP-4992"",""TCGA-BP-5000"",""TCGA-BP-5001"",""TCGA-BP-5009"",""TCGA-BP-5200"",""TCGA-CJ-6027"",""TCGA-CZ-5988"",""TCGA-G6-A5PC""],""set_id"":""C0003""},{""member_ids"":[""TCGA-B0-5115"",""TCGA-B0-5696"",""TCGA-B0-5697"",""TCGA-B0-5698"",""TCGA-B0-5812"",""TCGA-BP-4976"",""TCGA-BP-4982"",""TCGA-BP-4999"",""TCGA-BP-5004"",""TCGA-BP-5006"",""TCGA-BP-5007"",""TCGA-BP-5181"",""TCGA-BP-5184"",""TCGA-BP-5187"",""TCGA-BP-5190"",""TCGA-BP-5192"",""TCGA-BP-5194"",""TCGA-BP-5195"",""TCGA-CJ-4904""],""set_id"":""C0004""},{""member_ids"":[""TCGA-B0-5117"",""TCGA-B8-4619"",""TCGA-B8-5546"",""TCGA-BP-4782"",""TCGA-BP-4965"",""TCGA-BP-4970"",""TCGA-BP-4972"",""TCGA-BP-4994"",""TCGA-BP-4995"",""TCGA-BP-5174"",""TCGA-BP-5186"",""TCGA-BP-5189""],""set_id"":""C0005""},{""member_ids"":[""TCGA-B0-5702"",""TCGA-B0-5709"",""TCGA-B8-5551"",""TCGA-B8-A54E"",""TCGA-B8-A54G"",""TCGA-BP-4989"",""TCGA-BP-5180"",""TCGA-CJ-4637"",""TCGA-CJ-4641"",""TCGA-CJ-4900"",""TCGA-CJ-4903"",""TCGA-CJ-6028"",""TCGA-CJ-6030"",""TCGA-CZ-5462"",""TCGA-CZ-5985""],""set_id"":""C0006""},{""member_ids"":[""TCGA-B0-5706"",""TCGA-B8-4148"",""TCGA-B8-5158"",""TCGA-B8-5159"",""TCGA-B8-5162"",""TCGA-B8-5164"",""TCGA-B8-5165"",""TCGA-B8-5549"",""TCGA-B8-5553"",""TCGA-B8-A54F"",""TCGA-BP-4164"",""TCGA-BP-4967"",""TCGA-BP-5183"",""TCGA-CZ-4859"",""TCGA-CZ-4863"",""TCGA-CZ-4865"",""TCGA-CZ-5451"",""TCGA-CZ-5984"",""TCGA-G6-A8L7""],""set_id"":""C0007""}]",review_complete,C0002,C0007,drop,drop,0.000759,0.040267,0.044219,0.040267,0.000766,0.000738,True,False,0.015819,0.052299,0.052299,0.671189,0.012328,-0.09365,-0.09365,0.310058,0.040413,0.268469,0.509366,0.268469,-8.9e-05,-0.006771,-0.006771,-0.005501
7,1,1,"[{""member_ids"":[""TCGA-B0-4712"",""TCGA-B0-4821"",""TCGA-B0-5088"",""TCGA-B0-5106"",""TCGA-B0-5703"",""TCGA-BP-4960"",""TCGA-BP-4971"",""TCGA-BP-4986"",""TCGA-BP-4988"",""TCGA-BP-5010"",""TCGA-BP-5175"",""TCGA-BP-5191"",""TCGA-BP-5199"",""TCGA-CZ-5468""],""set_id"":""C0001""},{""member_ids"":[""TCGA-B0-5081"",""TCGA-B8-5550"",""TCGA-BP-4167"",""TCGA-BP-4770"",""TCGA-BP-4962"",""TCGA-BP-5196"",""TCGA-CJ-4902"",""TCGA-CJ-4923"",""TCGA-CJ-6033""],""set_id"":""C0002""},{""member_ids"":[""TCGA-B0-5085"",""TCGA-B0-5712"",""TCGA-B8-4151"",""TCGA-B8-4153"",""TCGA-B8-4622"",""TCGA-B8-A54D"",""TCGA-BP-4977"",""TCGA-BP-4992"",""TCGA-BP-5000"",""TCGA-BP-5001"",""TCGA-BP-5009"",""TCGA-BP-5200"",""TCGA-CJ-6027"",""TCGA-CZ-5988"",""TCGA-G6-A5PC""],""set_id"":""C0003""},{""member_ids"":[""TCGA-B0-5115"",""TCGA-B0-5696"",""TCGA-B0-5697"",""TCGA-B0-5698"",""TCGA-B0-5812"",""TCGA-BP-4976"",""TCGA-BP-4982"",""TCGA-BP-4999"",""TCGA-BP-5004"",""TCGA-BP-5006"",""TCGA-BP-5007"",""TCGA-BP-5181"",""TCGA-BP-5184"",""TCGA-BP-5187"",""TCGA-BP-5190"",""TCGA-BP-5192"",""TCGA-BP-5194"",""TCGA-BP-5195"",""TCGA-CJ-4904""],""set_id"":""C0004""},{""member_ids"":[""TCGA-B0-5117"",""TCGA-B8-4619"",""TCGA-B8-5546"",""TCGA-BP-4782"",""TCGA-BP-4965"",""TCGA-BP-4970"",""TCGA-BP-4972"",""TCGA-BP-4994"",""TCGA-BP-4995"",""TCGA-BP-5174"",""TCGA-BP-5186"",""TCGA-BP-5189""],""set_id"":""C0005""},{""member_ids"":[""TCGA-B0-5702"",""TCGA-B0-5709"",""TCGA-B8-5551"",""TCGA-B8-A54E"",""TCGA-B8-A54G"",""TCGA-BP-4989"",""TCGA-BP-5180"",""TCGA-CJ-4637"",""TCGA-CJ-4641"",""TCGA-CJ-4900"",""TCGA-CJ-4903"",""TCGA-CJ-6028"",""TCGA-CJ-6030"",""TCGA-CZ-5462"",""TCGA-CZ-5985""],""set_id"":""C0006""},{""member_ids"":[""TCGA-B0-5706"",""TCGA-B8-4148"",""TCGA-B8-5158"",""TCGA-B8-5159"",""TCGA-B8-5162"",""TCGA-B8-5164"",""TCGA-B8-5165"",""TCGA-B8-5549"",""TCGA-B8-5553"",""TCGA-B8-A54F"",""TCGA-BP-4164"",""TCGA-BP-4967"",""TCGA-BP-5183"",""TCGA-CZ-4859"",""TCGA-CZ-4863"",""TCGA-CZ-4865"",""TCGA-CZ-5451"",""TCGA-CZ-5984"",""TCGA-G6-A8L7""],""set_id"":""C0007""}]",review_complete,C0003,C0004,drop,accept,0.000859,0.046182,0.046182,0.050654,0.000874,0.000829,True,True,0.004888,0.03733,0.155819,0.03733,0.055403,0.582139,0.582139,0.589288,0.030729,0.193923,0.193923,0.328358,3e-05,-0.004557,-0.004557,0.012957
7,1,1,"[{""member_ids"":[""TCGA-B0-4712"",""TCGA-B0-4821"",""TCGA-B0-5088"",""TCGA-B0-5106"",""TCGA-B0-5703"",""TCGA-BP-4960"",""TCGA-BP-4971"",""TCGA-BP-4986"",""TCGA-BP-4988"",""TCGA-BP-5010"",""TCGA-BP-5175"",""TCGA-BP-5191"",""TCGA-BP-5199"",""TCGA-CZ-5468""],""set_id"":""C0001""},{""member_ids"":[""TCGA-B0-5081"",""TCGA-B8-5550"",""TCGA-BP-4167"",""TCGA-BP-4770"",""TCGA-BP-4962"",""TCGA-BP-5196"",""TCGA-CJ-4902"",""TCGA-CJ-4923"",""TCGA-CJ-6033""],""set_id"":""C0002""},{""member_ids"":[""TCGA-B0-5085"",""TCGA-B0-5712"",""TCGA-B8-4151"",""TCGA-B8-4153"",""TCGA-B8-4622"",""TCGA-B8-A54D"",""TCGA-BP-4977"",""TCGA-BP-4992"",""TCGA-BP-5000"",""TCGA-BP-5001"",""TCGA-BP-5009"",""TCGA-BP-5200"",""TCGA-CJ-6027"",""TCGA-CZ-5988"",""TCGA-G6-A5PC""],""set_id"":""C0003""},{""member_ids"":[""TCGA-B0-5115"",""TCGA-B0-5696"",""TCGA-B0-5697"",""TCGA-B0-5698"",""TCGA-B0-5812"",""TCGA-BP-4976"",""TCGA-BP-4982"",""TCGA-BP-4999"",""TCGA-BP-5004"",""TCGA-BP-5006"",""TCGA-BP-5007"",""TCGA-BP-5181"",""TCGA-BP-5184"",""TCGA-BP-5187"",""TCGA-BP-5190"",""TCGA-BP-5192"",""TCGA-BP-5194"",""TCGA-BP-5195"",""TCGA-CJ-4904""],""set_id"":""C0004""},{""member_ids"":[""TCGA-B0-5117"",""TCGA-B8-4619"",""TCGA-B8-5546"",""TCGA-BP-4782"",""TCGA-BP-4965"",""TCGA-BP-4970"",""TCGA-BP-4972"",""TCGA-BP-4994"",""TCGA-BP-4995"",""TCGA-BP-5174"",""TCGA-BP-5186"",""TCGA-BP-5189""],""set_id"":""C0005""},{""member_ids"":[""TCGA-B0-5702"",""TCGA-B0-5709"",""TCGA-B8-5551"",""TCGA-B8-A54E"",""TCGA-B8-A54G"",""TCGA-BP-4989"",""TCGA-BP-5180"",""TCGA-CJ-4637"",""TCGA-CJ-4641"",""TCGA-CJ-4900"",""TCGA-CJ-4903"",""TCGA-CJ-6028"",""TCGA-CJ-6030"",""TCGA-CZ-5462"",""TCGA-CZ-5985""],""set_id"":""C0006""},{""member_ids"":[""TCGA-B0-5706"",""TCGA-B8-4148"",""TCGA-B8-5158"",""TCGA-B8-5159"",""TCGA-B8-5162"",""TCGA-B8-5164"",""TCGA-B8-5165"",""TCGA-B8-5549"",""TCGA-B8-5553"",""TCGA-B8-A54F"",""TCGA-BP-4164"",""TCGA-BP-4967"",""TCGA-BP-5183"",""TCGA-CZ-4859"",""TCGA-CZ-4863"",""TCGA-CZ-4865"",""TCGA-CZ-5451"",""TCGA-CZ-5984"",""TCGA-G6-A8L7""],""set_id"":""C0007""}]",review_complete,C0003,C0005,drop,drop,0.001115,0.057433,0.057433,0.060152,0.001106,0.001047,True,True,0.012869,0.072468,0.178681,0.072468,0.052702,0.709983,0.761443,0.709983,0.023421,0.217327,0.217327,0.469816,1.1e-05,-0.003878,-0.003878,0.00526
7,1,1,"[{""member_ids"":[""TCGA-B0-4712"",""TCGA-B0-4821"",""TCGA-B0-5088"",""TCGA-B0-5106"",""TCGA-B0-5703"",""TCGA-BP-4960"",""TCGA-BP-4971"",""TCGA-BP-4986"",""TCGA-BP-4988"",""TCGA-BP-5010"",""TCGA-BP-5175"",""TCGA-BP-5191"",""TCGA-BP-5199"",""TCGA-CZ-5468""],""set_id"":""C0001""},{""member_ids"":[""TCGA-B0-5081"",""TCGA-B8-5550"",""TCGA-BP-4167"",""TCGA-BP-4770"",""TCGA-BP-4962"",""TCGA-BP-5196"",""TCGA-CJ-4902"",""TCGA-CJ-4923"",""TCGA-CJ-6033""],""set_id"":""C0002""},{""member_ids"":[""TCGA-B0-5085"",""TCGA-B0-5712"",""TCGA-B8-4151"",""TCGA-B8-4153"",""TCGA-B8-4622"",""TCGA-B8-A54D"",""TCGA-BP-4977"",""TCGA-BP-4992"",""TCGA-BP-5000"",""TCGA-BP-5001"",""TCGA-BP-5009"",""TCGA-BP-5200"",""TCGA-CJ-6027"",""TCGA-CZ-5988"",""TCGA-G6-A5PC""],""set_id"":""C0003""},{""member_ids"":[""TCGA-B0-5115"",""TCGA-B0-5696"",""TCGA-B0-5697"",""TCGA-B0-5698"",""TCGA-B0-5812"",""TCGA-BP-4976"",""TCGA-BP-4982"",""TCGA-BP-4999"",""TCGA-BP-5004"",""TCGA-BP-5006"",""TCGA-BP-5007"",""TCGA-BP-5181"",""TCGA-BP-5184"",""TCGA-BP-5187"",""TCGA-BP-5190"",""TCGA-BP-5192"",""TCGA-BP-5194"",""TCGA-BP-5195"",""TCGA-CJ-4904""],""set_id"":""C0004""},{""member_ids"":[""TCGA-B0-5117"",""TCGA-B8-4619"",""TCGA-B8-5546"",""TCGA-BP-4782"",""TCGA-BP-4965"",""TCGA-BP-4970"",""TCGA-BP-4972"",""TCGA-BP-4994"",""TCGA-BP-4995"",""TCGA-BP-5174"",""TCGA-BP-5186"",""TCGA-BP-5189""],""set_id"":""C0005""},{""member_ids"":[""TCGA-B0-5702"",""TCGA-B0-5709"",""TCGA-B8-5551"",""TCGA-B8-A54E"",""TCGA-B8-A54G"",""TCGA-BP-4989"",""TCGA-BP-5180"",""TCGA-CJ-4637"",""TCGA-CJ-4641"",""TCGA-CJ-4900"",""TCGA-CJ-4903"",""TCGA-CJ-6028"",""TCGA-CJ-6030"",""TCGA-CZ-5462"",""TCGA-CZ-5985""],""set_id"":""C0006""},{""member_ids"":[""TCGA-B0-5706"",""TCGA-B8-4148"",""TCGA-B8-5158"",""TCGA-B8-5159"",""TCGA-B8-5162"",""TCGA-B8-5164"",""TCGA-B8-5165"",""TCGA-B8-5549"",""TCGA-B8-5553"",""TCGA-B8-A54F"",""TCGA-BP-4164"",""TCGA-BP-4967"",""TCGA-BP-5183"",""TCGA-CZ-4859"",""TCGA-CZ-4863"",""TCGA-CZ-4865"",""TCGA-CZ-5451"",""TCGA-CZ-5984"",""TCGA-G6-A8L7""],""set_id"":""C0007""}]",review_complete,C0003,C0006,drop,drop,0.000716,0.033117,0.042651,0.033117,0.000785,0.000678,True,False,0.008088,0.139753,0.139753,0.20122,0.039512,0.394159,0.579713,0.394159,0.015794,0.104448,0.104448,0.193951,0.00014,-0.00055,-0.00055,0.018509
7,1,1,"[{""member_ids"":[""TCGA-B0-4712"",""TCGA-B0-4821"",""TCGA-B0-5088"",""TCGA-B0-5106"",""TCGA-B0-5703"",""TCGA-BP-4960"",""TCGA-BP-4971"",""TCGA-BP-4986"",""TCGA-BP-4988"",""TCGA-BP-5010"",""TCGA-BP-5175"",""TCGA-BP-5191"",""TCGA-BP-5199"",""TCGA-CZ-5468""],""set_id"":""C0001""},{""member_ids"":[""TCGA-B0-5081"",""TCGA-B8-5550"",""TCGA-BP-4167"",""TCGA-BP-4770"",""TCGA-BP-4962"",""TCGA-BP-5196"",""TCGA-CJ-4902"",""TCGA-CJ-4923"",""TCGA-CJ-6033""],""set_id"":""C0002""},{""member_ids"":[""TCGA-B0-5085"",""TCGA-B0-5712"",""TCGA-B8-4151"",""TCGA-B8-4153"",""TCGA-B8-4622"",""TCGA-B8-A54D"",""TCGA-BP-4977"",""TCGA-BP-4992"",""TCGA-BP-5000"",""TCGA-BP-5001"",""TCGA-BP-5009"",""TCGA-BP-5200"",""TCGA-CJ-6027"",""TCGA-CZ-5988"",""TCGA-G6-A5PC""],""set_id"":""C0003""},{""member_ids"":[""TCGA-B0-5115"",""TCGA-B0-5696"",""TCGA-B0-5697"",""TCGA-B0-5698"",""TCGA-B0-5812"",""TCGA-BP-4976"",""TCGA-BP-4982"",""TCGA-BP-4999"",""TCGA-BP-5004"",""TCGA-BP-5006"",""TCGA-BP-5007"",""TCGA-BP-5181"",""TCGA-BP-5184"",""TCGA-BP-5187"",""TCGA-BP-5190"",""TCGA-BP-5192"",""TCGA-BP-5194"",""TCGA-BP-5195"",""TCGA-CJ-4904""],""set_id"":""C0004""},{""member_ids"":[""TCGA-B0-5117"",""TCGA-B8-4619"",""TCGA-B8-5546"",""TCGA-BP-4782"",""TCGA-BP-4965"",""TCGA-BP-4970"",""TCGA-BP-4972"",""TCGA-BP-4994"",""TCGA-BP-4995"",""TCGA-BP-5174"",""TCGA-BP-5186"",""TCGA-BP-5189""],""set_id"":""C0005""},{""member_ids"":[""TCGA-B0-5702"",""TCGA-B0-5709"",""TCGA-B8-5551"",""TCGA-B8-A54E"",""TCGA-B8-A54G"",""TCGA-BP-4989"",""TCGA-BP-5180"",""TCGA-CJ-4637"",""TCGA-CJ-4641"",""TCGA-CJ-4900"",""TCGA-CJ-4903"",""TCGA-CJ-6028"",""TCGA-CJ-6030"",""TCGA-CZ-5462"",""TCGA-CZ-5985""],""set_id"":""C0006""},{""member_ids"":[""TCGA-B0-5706"",""TCGA-B8-4148"",""TCGA-B8-5158"",""TCGA-B8-5159"",""TCGA-B8-5162"",""TCGA-B8-5164"",""TCGA-B8-5165"",""TCGA-B8-5549"",""TCGA-B8-5553"",""TCGA-B8-A54F"",""TCGA-BP-4164"",""TCGA-BP-4967"",""TCGA-BP-5183"",""TCGA-CZ-4859"",""TCGA-CZ-4863"",""TCGA-CZ-4865"",""TCGA-CZ-5451"",""TCGA-CZ-5984"",""TCGA-G6-A8L7""],""set_id"":""C0007""}]",review_complete,C0003,C0007,drop,drop,0.000821,0.039035,0.044372,0.039035,0.000822,0.000804,True,False,0.0176,0.11883,0.11883,0.602579,0.041022,0.431759,0.529955,0.431759,0.004023,0.101684,0.148024,0.101684,8.6e-05,0.002719,0.002719,0.005222
7,1,1,"[{""member_ids"":[""TCGA-B0-4712"",""TCGA-B0-4821"",""TCGA-B0-5088"",""TCGA-B0-5106"",""TCGA-B0-5703"",""TCGA-BP-4960"",""TCGA-BP-4971"",""TCGA-BP-4986"",""TCGA-BP-4988"",""TCGA-BP-5010"",""TCGA-BP-5175"",""TCGA-BP-5191"",""TCGA-BP-5199"",""TCGA-CZ-5468""],""set_id"":""C0001""},{""member_ids"":[""TCGA-B0-5081"",""TCGA-B8-5550"",""TCGA-BP-4167"",""TCGA-BP-4770"",""TCGA-BP-4962"",""TCGA-BP-5196"",""TCGA-CJ-4902"",""TCGA-CJ-4923"",""TCGA-CJ-6033""],""set_id"":""C0002""},{""member_ids"":[""TCGA-B0-5085"",""TCGA-B0-5712"",""TCGA-B8-4151"",""TCGA-B8-4153"",""TCGA-B8-4622"",""TCGA-B8-A54D"",""TCGA-BP-4977"",""TCGA-BP-4992"",""TCGA-BP-5000"",""TCGA-BP-5001"",""TCGA-BP-5009"",""TCGA-BP-5200"",""TCGA-CJ-6027"",""TCGA-CZ-5988"",""TCGA-G6-A5PC""],""set_id"":""C0003""},{""member_ids"":[""TCGA-B0-5115"",""TCGA-B0-5696"",""TCGA-B0-5697"",""TCGA-B0-5698"",""TCGA-B0-5812"",""TCGA-BP-4976"",""TCGA-BP-4982"",""TCGA-BP-4999"",""TCGA-BP-5004"",""TCGA-BP-5006"",""TCGA-BP-5007"",""TCGA-BP-5181"",""TCGA-BP-5184"",""TCGA-BP-5187"",""TCGA-BP-5190"",""TCGA-BP-5192"",""TCGA-BP-5194"",""TCGA-BP-5195"",""TCGA-CJ-4904""],""set_id"":""C0004""},{""member_ids"":[""TCGA-B0-5117"",""TCGA-B8-4619"",""TCGA-B8-5546"",""TCGA-BP-4782"",""TCGA-BP-4965"",""TCGA-BP-4970"",""TCGA-BP-4972"",""TCGA-BP-4994"",""TCGA-BP-4995"",""TCGA-BP-5174"",""TCGA-BP-5186"",""TCGA-BP-5189""],""set_id"":""C0005""},{""member_ids"":[""TCGA-B0-5702"",""TCGA-B0-5709"",""TCGA-B8-5551"",""TCGA-B8-A54E"",""TCGA-B8-A54G"",""TCGA-BP-4989"",""TCGA-BP-5180"",""TCGA-CJ-4637"",""TCGA-CJ-4641"",""TCGA-CJ-4900"",""TCGA-CJ-4903"",""TCGA-CJ-6028"",""TCGA-CJ-6030"",""TCGA-CZ-5462"",""TCGA-CZ-5985""],""set_id"":""C0006""},{""member_ids"":[""TCGA-B0-5706"",""TCGA-B8-4148"",""TCGA-B8-5158"",""TCGA-B8-5159"",""TCGA-B8-5162"",""TCGA-B8-5164"",""TCGA-B8-5165"",""TCGA-B8-5549"",""TCGA-B8-5553"",""TCGA-B8-A54F"",""TCGA-BP-4164"",""TCGA-BP-4967"",""TCGA-BP-5183"",""TCGA-CZ-4859"",""TCGA-CZ-4863"",""TCGA-CZ-4865"",""TCGA-CZ-5451"",""TCGA-CZ-5984"",""TCGA-G6-A8L7""],""set_id"":""C0007""}]",review_complete,C0004,C0005,accept,drop,0.000765,0.041396,0.043148,0.041396,0.000758,0.000744,True,False,0.003478,0.054681,0.054681,0.066364,0.045081,0.452613,0.545081,0.452613,0.020468,0.175689,0.175689,0.31126,0.000286,0.009438,0.017814,0.009438
7,1,1,"[{""member_ids"":[""TCGA-B0-4712"",""TCGA-B0-4821"",""TCGA-B0-5088"",""TCGA-B0-5106"",""TCGA-B0-5703"",""TCGA-BP-4960"",""TCGA-BP-4971"",""TCGA-BP-4986"",""TCGA-BP-4988"",""TCGA-BP-5010"",""TCGA-BP-5175"",""TCGA-BP-5191"",""TCGA-BP-5199"",""TCGA-CZ-5468""],""set_id"":""C0001""},{""member_ids"":[""TCGA-B0-5081"",""TCGA-B8-5550"",""TCGA-BP-4167"",""TCGA-BP-4770"",""TCGA-BP-4962"",""TCGA-BP-5196"",""TCGA-CJ-4902"",""TCGA-CJ-4923"",""TCGA-CJ-6033""],""set_id"":""C0002""},{""member_ids"":[""TCGA-B0-5085"",""TCGA-B0-5712"",""TCGA-B8-4151"",""TCGA-B8-4153"",""TCGA-B8-4622"",""TCGA-B8-A54D"",""TCGA-BP-4977"",""TCGA-BP-4992"",""TCGA-BP-5000"",""TCGA-BP-5001"",""TCGA-BP-5009"",""TCGA-BP-5200"",""TCGA-CJ-6027"",""TCGA-CZ-5988"",""TCGA-G6-A5PC""],""set_id"":""C0003""},{""member_ids"":[""TCGA-B0-5115"",""TCGA-B0-5696"",""TCGA-B0-5697"",""TCGA-B0-5698"",""TCGA-B0-5812"",""TCGA-BP-4976"",""TCGA-BP-4982"",""TCGA-BP-4999"",""TCGA-BP-5004"",""TCGA-BP-5006"",""TCGA-BP-5007"",""TCGA-BP-5181"",""TCGA-BP-5184"",""TCGA-BP-5187"",""TCGA-BP-5190"",""TCGA-BP-5192"",""TCGA-BP-5194"",""TCGA-BP-5195"",""TCGA-CJ-4904""],""set_id"":""C0004""},{""member_ids"":[""TCGA-B0-5117"",""TCGA-B8-4619"",""TCGA-B8-5546"",""TCGA-BP-4782"",""TCGA-BP-4965"",""TCGA-BP-4970"",""TCGA-BP-4972"",""TCGA-BP-4994"",""TCGA-BP-4995"",""TCGA-BP-5174"",""TCGA-BP-5186"",""TCGA-BP-5189""],""set_id"":""C0005""},{""member_ids"":[""TCGA-B0-5702"",""TCGA-B0-5709"",""TCGA-B8-5551"",""TCGA-B8-A54E"",""TCGA-B8-A54G"",""TCGA-BP-4989"",""TCGA-BP-5180"",""TCGA-CJ-4637"",""TCGA-CJ-4641"",""TCGA-CJ-4900"",""TCGA-CJ-4903"",""TCGA-CJ-6028"",""TCGA-CJ-6030"",""TCGA-CZ-5462"",""TCGA-CZ-5985""],""set_id"":""C0006""},{""member_ids"":[""TCGA-B0-5706"",""TCGA-B8-4148"",""TCGA-B8-5158"",""TCGA-B8-5159"",""TCGA-B8-5162"",""TCGA-B8-5164"",""TCGA-B8-5165"",""TCGA-B8-5549"",""TCGA-B8-5553"",""TCGA-B8-A54F"",""TCGA-BP-4164"",""TCGA-BP-4967"",""TCGA-BP-5183"",""TCGA-CZ-4859"",""TCGA-CZ-4863"",""TCGA-CZ-4865"",""TCGA-CZ-5451"",""TCGA-CZ-5984"",""TCGA-G6-A8L7""],""set_id"":""C0007""}]",review_complete,C0004,C0006,accept,drop,0.001026,0.043766,0.05776,0.043766,0.001108,0.00089,True,False,0.003464,0.019386,0.019386,0.199748,0.039113,0.32718,0.534102,0.32718,0.046801,0.471216,0.511382,0.471216,0.000432,0.018927,0.018927,0.020473
7,1,1,"[{""member_ids"":[""TCGA-B0-4712"",""TCGA-B0-4821"",""TCGA-B0-5088"",""TCGA-B0-5106"",""TCGA-B0-5703"",""TCGA-BP-4960"",""TCGA-BP-4971"",""TCGA-BP-4986"",""TCGA-BP-4988"",""TCGA-BP-5010"",""TCGA-BP-5175"",""TCGA-BP-5191"",""TCGA-BP-5199"",""TCGA-CZ-5468""],""set_id"":""C0001""},{""member_ids"":[""TCGA-B0-5081"",""TCGA-B8-5550"",""TCGA-BP-4167"",""TCGA-BP-4770"",""TCGA-BP-4962"",""TCGA-BP-5196"",""TCGA-CJ-4902"",""TCGA-CJ-4923"",""TCGA-CJ-6033""],""set_id"":""C0002""},{""member_ids"":[""TCGA-B0-5085"",""TCGA-B0-5712"",""TCGA-B8-4151"",""TCGA-B8-4153"",""TCGA-B8-4622"",""TCGA-B8-A54D"",""TCGA-BP-4977"",""TCGA-BP-4992"",""TCGA-BP-5000"",""TCGA-BP-5001"",""TCGA-BP-5009"",""TCGA-BP-5200"",""TCGA-CJ-6027"",""TCGA-CZ-5988"",""TCGA-G6-A5PC""],""set_id"":""C0003""},{""member_ids"":[""TCGA-B0-5115"",""TCGA-B0-5696"",""TCGA-B0-5697"",""TCGA-B0-5698"",""TCGA-B0-5812"",""TCGA-BP-4976"",""TCGA-BP-4982"",""TCGA-BP-4999"",""TCGA-BP-5004"",""TCGA-BP-5006"",""TCGA-BP-5007"",""TCGA-BP-5181"",""TCGA-BP-5184"",""TCGA-BP-5187"",""TCGA-BP-5190"",""TCGA-BP-5192"",""TCGA-BP-5194"",""TCGA-BP-5195"",""TCGA-CJ-4904""],""set_id"":""C0004""},{""member_ids"":[""TCGA-B0-5117"",""TCGA-B8-4619"",""TCGA-B8-5546"",""TCGA-BP-4782"",""TCGA-BP-4965"",""TCGA-BP-4970"",""TCGA-BP-4972"",""TCGA-BP-4994"",""TCGA-BP-4995"",""TCGA-BP-5174"",""TCGA-BP-5186"",""TCGA-BP-5189""],""set_id"":""C0005""},{""member_ids"":[""TCGA-B0-5702"",""TCGA-B0-5709"",""TCGA-B8-5551"",""TCGA-B8-A54E"",""TCGA-B8-A54G"",""TCGA-BP-4989"",""TCGA-BP-5180"",""TCGA-CJ-4637"",""TCGA-CJ-4641"",""TCGA-CJ-4900"",""TCGA-CJ-4903"",""TCGA-CJ-6028"",""TCGA-CJ-6030"",""TCGA-CZ-5462"",""TCGA-CZ-5985""],""set_id"":""C0006""},{""member_ids"":[""TCGA-B0-5706"",""TCGA-B8-4148"",""TCGA-B8-5158"",""TCGA-B8-5159"",""TCGA-B8-5162"",""TCGA-B8-5164"",""TCGA-B8-5165"",""TCGA-B8-5549"",""TCGA-B8-5553"",""TCGA-B8-A54F"",""TCGA-BP-4164"",""TCGA-BP-4967"",""TCGA-BP-5183"",""TCGA-CZ-4859"",""TCGA-CZ-4863"",""TCGA-CZ-4865"",""TCGA-CZ-5451"",""TCGA-CZ-5984"",""TCGA-G6-A8L7""],""set_id"":""C0007""}]",review_complete,C0004,C0007,accept,drop,0.000864,0.043239,0.053045,0.043239,0.000828,0.000904,True,False,0.006515,0.007351,0.007351,0.607465,0.045512,0.543464,0.633935,0.543464,0.014913,0.042934,0.230408,0.042934,0.000236,0.007042,0.022051,0.007042
7,1,1,"[{""member_ids"":[""TCGA-B0-4712"",""TCGA-B0-4821"",""TCGA-B0-5088"",""TCGA-B0-5106"",""TCGA-B0-5703"",""TCGA-BP-4960"",""TCGA-BP-4971"",""TCGA-BP-4986"",""TCGA-BP-4988"",""TCGA-BP-5010"",""TCGA-BP-5175"",""TCGA-BP-5191"",""TCGA-BP-5199"",""TCGA-CZ-5468""],""set_id"":""C0001""},{""member_ids"":[""TCGA-B0-5081"",""TCGA-B8-5550"",""TCGA-BP-4167"",""TCGA-BP-4770"",""TCGA-BP-4962"",""TCGA-BP-5196"",""TCGA-CJ-4902"",""TCGA-CJ-4923"",""TCGA-CJ-6033""],""set_id"":""C0002""},{""member_ids"":[""TCGA-B0-5085"",""TCGA-B0-5712"",""TCGA-B8-4151"",""TCGA-B8-4153"",""TCGA-B8-4622"",""TCGA-B8-A54D"",""TCGA-BP-4977"",""TCGA-BP-4992"",""TCGA-BP-5000"",""TCGA-BP-5001"",""TCGA-BP-5009"",""TCGA-BP-5200"",""TCGA-CJ-6027"",""TCGA-CZ-5988"",""TCGA-G6-A5PC""],""set_id"":""C0003""},{""member_ids"":[""TCGA-B0-5115"",""TCGA-B0-5696"",""TCGA-B0-5697"",""TCGA-B0-5698"",""TCGA-B0-5812"",""TCGA-BP-4976"",""TCGA-BP-4982"",""TCGA-BP-4999"",""TCGA-BP-5004"",""TCGA-BP-5006"",""TCGA-BP-5007"",""TCGA-BP-5181"",""TCGA-BP-5184"",""TCGA-BP-5187"",""TCGA-BP-5190"",""TCGA-BP-5192"",""TCGA-BP-5194"",""TCGA-BP-5195"",""TCGA-CJ-4904""],""set_id"":""C0004""},{""member_ids"":[""TCGA-B0-5117"",""TCGA-B8-4619"",""TCGA-B8-5546"",""TCGA-BP-4782"",""TCGA-BP-4965"",""TCGA-BP-4970"",""TCGA-BP-4972"",""TCGA-BP-4994"",""TCGA-BP-4995"",""TCGA-BP-5174"",""TCGA-BP-5186"",""TCGA-BP-5189""],""set_id"":""C0005""},{""member_ids"":[""TCGA-B0-5702"",""TCGA-B0-5709"",""TCGA-B8-5551"",""TCGA-B8-A54E"",""TCGA-B8-A54G"",""TCGA-BP-4989"",""TCGA-BP-5180"",""TCGA-CJ-4637"",""TCGA-CJ-4641"",""TCGA-CJ-4900"",""TCGA-CJ-4903"",""TCGA-CJ-6028"",""TCGA-CJ-6030"",""TCGA-CZ-5462"",""TCGA-CZ-5985""],""set_id"":""C0006""},{""member_ids"":[""TCGA-B0-5706"",""TCGA-B8-4148"",""TCGA-B8-5158"",""TCGA-B8-5159"",""TCGA-B8-5162"",""TCGA-B8-5164"",""TCGA-B8-5165"",""TCGA-B8-5549"",""TCGA-B8-5553"",""TCGA-B8-A54F"",""TCGA-BP-4164"",""TCGA-BP-4967"",""TCGA-BP-5183"",""TCGA-CZ-4859"",""TCGA-CZ-4863"",""TCGA-CZ-4865"",""TCGA-CZ-5451"",""TCGA-CZ-5984"",""TCGA-G6-A8L7""],""set_id"":""C0007""}]",review_complete,C0005,C0006,drop,drop,0.000871,0.040346,0.052594,0.040346,0.000958,0.000864,True,False,0.010551,0.11491,0.11491,0.279164,0.018913,0.13104,0.258615,0.13104,0.031019,0.324279,0.488279,0.324279,0.000344,0.015914,0.015914,0.025833
7,1,1,"[{""member_ids"":[""TCGA-B0-4712"",""TCGA-B0-4821"",""TCGA-B0-5088"",""TCGA-B0-5106"",""TCGA-B0-5703"",""TCGA-BP-4960"",""TCGA-BP-4971"",""TCGA-BP-4986"",""TCGA-BP-4988"",""TCGA-BP-5010"",""TCGA-BP-5175"",""TCGA-BP-5191"",""TCGA-BP-5199"",""TCGA-CZ-5468""],""set_id"":""C0001""},{""member_ids"":[""TCGA-B0-5081"",""TCGA-B8-5550"",""TCGA-BP-4167"",""TCGA-BP-4770"",""TCGA-BP-4962"",""TCGA-BP-5196"",""TCGA-CJ-4902"",""TCGA-CJ-4923"",""TCGA-CJ-6033""],""set_id"":""C0002""},{""member_ids"":[""TCGA-B0-5085"",""TCGA-B0-5712"",""TCGA-B8-4151"",""TCGA-B8-4153"",""TCGA-B8-4622"",""TCGA-B8-A54D"",""TCGA-BP-4977"",""TCGA-BP-4992"",""TCGA-BP-5000"",""TCGA-BP-5001"",""TCGA-BP-5009"",""TCGA-BP-5200"",""TCGA-CJ-6027"",""TCGA-CZ-5988"",""TCGA-G6-A5PC""],""set_id"":""C0003""},{""member_ids"":[""TCGA-B0-5115"",""TCGA-B0-5696"",""TCGA-B0-5697"",""TCGA-B0-5698"",""TCGA-B0-5812"",""TCGA-BP-4976"",""TCGA-BP-4982"",""TCGA-BP-4999"",""TCGA-BP-5004"",""TCGA-BP-5006"",""TCGA-BP-5007"",""TCGA-BP-5181"",""TCGA-BP-5184"",""TCGA-BP-5187"",""TCGA-BP-5190"",""TCGA-BP-5192"",""TCGA-BP-5194"",""TCGA-BP-5195"",""TCGA-CJ-4904""],""set_id"":""C0004""},{""member_ids"":[""TCGA-B0-5117"",""TCGA-B8-4619"",""TCGA-B8-5546"",""TCGA-BP-4782"",""TCGA-BP-4965"",""TCGA-BP-4970"",""TCGA-BP-4972"",""TCGA-BP-4994"",""TCGA-BP-4995"",""TCGA-BP-5174"",""TCGA-BP-5186"",""TCGA-BP-5189""],""set_id"":""C0005""},{""member_ids"":[""TCGA-B0-5702"",""TCGA-B0-5709"",""TCGA-B8-5551"",""TCGA-B8-A54E"",""TCGA-B8-A54G"",""TCGA-BP-4989"",""TCGA-BP-5180"",""TCGA-CJ-4637"",""TCGA-CJ-4641"",""TCGA-CJ-4900"",""TCGA-CJ-4903"",""TCGA-CJ-6028"",""TCGA-CJ-6030"",""TCGA-CZ-5462"",""TCGA-CZ-5985""],""set_id"":""C0006""},{""member_ids"":[""TCGA-B0-5706"",""TCGA-B8-4148"",""TCGA-B8-5158"",""TCGA-B8-5159"",""TCGA-B8-5162"",""TCGA-B8-5164"",""TCGA-B8-5165"",""TCGA-B8-5549"",""TCGA-B8-5553"",""TCGA-B8-A54F"",""TCGA-BP-4164"",""TCGA-BP-4967"",""TCGA-BP-5183"",""TCGA-CZ-4859"",""TCGA-CZ-4863"",""TCGA-CZ-4865"",""TCGA-CZ-5451"",""TCGA-CZ-5984"",""TCGA-G6-A8L7""],""set_id"":""C0007""}]",review_complete,C0005,C0007,drop,drop,0.000848,0.046088,0.054142,0.046088,0.001043,0.000813,True,False,0.012832,0.116904,0.116904,0.665854,0.04325,0.636092,0.64525,0.636092,0.010053,0.04383,0.362644,0.04383,0.000107,-0.001285,0.005351,-0.001285
7,1,1,"[{""member_ids"":[""TCGA-B0-4712"",""TCGA-B0-4821"",""TCGA-B0-5088"",""TCGA-B0-5106"",""TCGA-B0-5703"",""TCGA-BP-4960"",""TCGA-BP-4971"",""TCGA-BP-4986"",""TCGA-BP-4988"",""TCGA-BP-5010"",""TCGA-BP-5175"",""TCGA-BP-5191"",""TCGA-BP-5199"",""TCGA-CZ-5468""],""set_id"":""C0001""},{""member_ids"":[""TCGA-B0-5081"",""TCGA-B8-5550"",""TCGA-BP-4167"",""TCGA-BP-4770"",""TCGA-BP-4962"",""TCGA-BP-5196"",""TCGA-CJ-4902"",""TCGA-CJ-4923"",""TCGA-CJ-6033""],""set_id"":""C0002""},{""member_ids"":[""TCGA-B0-5085"",""TCGA-B0-5712"",""TCGA-B8-4151"",""TCGA-B8-4153"",""TCGA-B8-4622"",""TCGA-B8-A54D"",""TCGA-BP-4977"",""TCGA-BP-4992"",""TCGA-BP-5000"",""TCGA-BP-5001"",""TCGA-BP-5009"",""TCGA-BP-5200"",""TCGA-CJ-6027"",""TCGA-CZ-5988"",""TCGA-G6-A5PC""],""set_id"":""C0003""},{""member_ids"":[""TCGA-B0-5115"",""TCGA-B0-5696"",""TCGA-B0-5697"",""TCGA-B0-5698"",""TCGA-B0-5812"",""TCGA-BP-4976"",""TCGA-BP-4982"",""TCGA-BP-4999"",""TCGA-BP-5004"",""TCGA-BP-5006"",""TCGA-BP-5007"",""TCGA-BP-5181"",""TCGA-BP-5184"",""TCGA-BP-5187"",""TCGA-BP-5190"",""TCGA-BP-5192"",""TCGA-BP-5194"",""TCGA-BP-5195"",""TCGA-CJ-4904""],""set_id"":""C0004""},{""member_ids"":[""TCGA-B0-5117"",""TCGA-B8-4619"",""TCGA-B8-5546"",""TCGA-BP-4782"",""TCGA-BP-4965"",""TCGA-BP-4970"",""TCGA-BP-4972"",""TCGA-BP-4994"",""TCGA-BP-4995"",""TCGA-BP-5174"",""TCGA-BP-5186"",""TCGA-BP-5189""],""set_id"":""C0005""},{""member_ids"":[""TCGA-B0-5702"",""TCGA-B0-5709"",""TCGA-B8-5551"",""TCGA-B8-A54E"",""TCGA-B8-A54G"",""TCGA-BP-4989"",""TCGA-BP-5180"",""TCGA-CJ-4637"",""TCGA-CJ-4641"",""TCGA-CJ-4900"",""TCGA-CJ-4903"",""TCGA-CJ-6028"",""TCGA-CJ-6030"",""TCGA-CZ-5462"",""TCGA-CZ-5985""],""set_id"":""C0006""},{""member_ids"":[""TCGA-B0-5706"",""TCGA-B8-4148"",""TCGA-B8-5158"",""TCGA-B8-5159"",""TCGA-B8-5162"",""TCGA-B8-5164"",""TCGA-B8-5165"",""TCGA-B8-5549"",""TCGA-B8-5553"",""TCGA-B8-A54F"",""TCGA-BP-4164"",""TCGA-BP-4967"",""TCGA-BP-5183"",""TCGA-CZ-4859"",""TCGA-CZ-4863"",""TCGA-CZ-4865"",""TCGA-CZ-5451"",""TCGA-CZ-5984"",""TCGA-G6-A8L7""],""set_id"":""C0007""}]",review_complete,C0006,C0007,drop,drop,0.000687,0.033943,0.033943,0.038139,0.000675,0.000688,True,True,0.005956,-0.256948,-0.256948,0.246445,0.04417,0.645685,0.645685,0.708992,0.014351,0.075741,0.211345,0.075741,0.000237,0.006751,0.023305,0.006751
8,1,1,"[{""member_ids"":[""TCGA-B0-4712"",""TCGA-B0-4821"",""TCGA-B0-5081"",""TCGA-B0-5088"",""TCGA-B0-5106"",""TCGA-B0-5703"",""TCGA-BP-4960"",""TCGA-BP-4971"",""TCGA-BP-4986"",""TCGA-BP-5010"",""TCGA-BP-5175"",""TCGA-BP-5191"",""TCGA-BP-5199"",""TCGA-CZ-5468""],""set_id"":""C0001""},{""member_ids"":[""TCGA-B0-5085"",""TCGA-B0-5712"",""TCGA-B8-4151"",""TCGA-B8-4153"",""TCGA-B8-4622"",""TCGA-B8-A54D"",""TCGA-BP-4164"",""TCGA-BP-4977"",""TCGA-BP-4992"",""TCGA-BP-5000"",""TCGA-BP-5001"",""TCGA-BP-5009"",""TCGA-BP-5200"",""TCGA-CJ-6027"",""TCGA-CZ-5988"",""TCGA-G6-A5PC""],""set_id"":""C0002""},{""member_ids"":[""TCGA-B0-5115"",""TCGA-B0-5696"",""TCGA-B0-5697"",""TCGA-B0-5698"",""TCGA-B0-5812"",""TCGA-BP-4976"",""TCGA-BP-4982"",""TCGA-BP-4999"",""TCGA-BP-5004"",""TCGA-BP-5006"",""TCGA-BP-5007"",""TCGA-BP-5181"",""TCGA-BP-5183"",""TCGA-BP-5184"",""TCGA-BP-5187"",""TCGA-BP-5192"",""TCGA-BP-5194"",""TCGA-BP-5195"",""TCGA-CJ-4904"",""TCGA-CZ-5451""],""set_id"":""C0003""},{""member_ids"":[""TCGA-B0-5117"",""TCGA-B8-4619"",""TCGA-B8-5546"",""TCGA-BP-4782"",""TCGA-BP-4965"",""TCGA-BP-4970"",""TCGA-BP-4972"",""TCGA-BP-4994"",""TCGA-BP-4995"",""TCGA-BP-5174"",""TCGA-BP-5186"",""TCGA-BP-5189"",""TCGA-BP-5190""],""set_id"":""C0004""},{""member_ids"":[""TCGA-B0-5702"",""TCGA-B0-5706"",""TCGA-B8-4148"",""TCGA-B8-5158"",""TCGA-B8-5159"",""TCGA-B8-5162"",""TCGA-B8-5164"",""TCGA-B8-5165"",""TCGA-B8-5549"",""TCGA-B8-5553"",""TCGA-B8-A54F"",""TCGA-BP-4967"",""TCGA-BP-4989"",""TCGA-CZ-4859"",""TCGA-CZ-4863"",""TCGA-CZ-4865"",""TCGA-CZ-5984"",""TCGA-G6-A8L7""],""set_id"":""C0005""},{""member_ids"":[""TCGA-B0-5709"",""TCGA-B8-5550"",""TCGA-BP-4167"",""TCGA-BP-4770"",""TCGA-BP-4962"",""TCGA-BP-5196"",""TCGA-CJ-4903"",""TCGA-CJ-4923"",""TCGA-CJ-6033""],""set_id"":""C0006""},{""member_ids"":[""TCGA-B8-5551"",""TCGA-B8-A54E"",""TCGA-B8-A54G"",""TCGA-BP-5180"",""TCGA-CJ-4637"",""TCGA-CJ-4641"",""TCGA-CJ-4900"",""TCGA-CJ-6028"",""TCGA-CJ-6030"",""TCGA-CZ-5462"",""TCGA-CZ-5985""],""set_id"":""C0007""},{""member_ids"":[""TCGA-BP-4988"",""TCGA-CJ-4902""],""set_id"":""C0008""}]",review_complete,C0001,C0002,drop,drop,0.000693,0.031841,0.031841,0.040311,0.000605,0.00071,True,True,0.00226,-0.017839,-0.017839,0.154778,0.035676,0.38339,0.38339,0.486226,0.028964,0.153797,0.295419,0.153797,4.8e-05,0.002687,0.004603,0.002687
8,1,1,"[{""member_ids"":[""TCGA-B0-4712"",""TCGA-B0-4821"",""TCGA-B0-5081"",""TCGA-B0-5088"",""TCGA-B0-5106"",""TCGA-B0-5703"",""TCGA-BP-4960"",""TCGA-BP-4971"",""TCGA-BP-4986"",""TCGA-BP-5010"",""TCGA-BP-5175"",""TCGA-BP-5191"",""TCGA-BP-5199"",""TCGA-CZ-5468""],""set_id"":""C0001""},{""member_ids"":[""TCGA-B0-5085"",""TCGA-B0-5712"",""TCGA-B8-4151"",""TCGA-B8-4153"",""TCGA-B8-4622"",""TCGA-B8-A54D"",""TCGA-BP-4164"",""TCGA-BP-4977"",""TCGA-BP-4992"",""TCGA-BP-5000"",""TCGA-BP-5001"",""TCGA-BP-5009"",""TCGA-BP-5200"",""TCGA-CJ-6027"",""TCGA-CZ-5988"",""TCGA-G6-A5PC""],""set_id"":""C0002""},{""member_ids"":[""TCGA-B0-5115"",""TCGA-B0-5696"",""TCGA-B0-5697"",""TCGA-B0-5698"",""TCGA-B0-5812"",""TCGA-BP-4976"",""TCGA-BP-4982"",""TCGA-BP-4999"",""TCGA-BP-5004"",""TCGA-BP-5006"",""TCGA-BP-5007"",""TCGA-BP-5181"",""TCGA-BP-5183"",""TCGA-BP-5184"",""TCGA-BP-5187"",""TCGA-BP-5192"",""TCGA-BP-5194"",""TCGA-BP-5195"",""TCGA-CJ-4904"",""TCGA-CZ-5451""],""set_id"":""C0003""},{""member_ids"":[""TCGA-B0-5117"",""TCGA-B8-4619"",""TCGA-B8-5546"",""TCGA-BP-4782"",""TCGA-BP-4965"",""TCGA-BP-4970"",""TCGA-BP-4972"",""TCGA-BP-4994"",""TCGA-BP-4995"",""TCGA-BP-5174"",""TCGA-BP-5186"",""TCGA-BP-5189"",""TCGA-BP-5190""],""set_id"":""C0004""},{""member_ids"":[""TCGA-B0-5702"",""TCGA-B0-5706"",""TCGA-B8-4148"",""TCGA-B8-5158"",""TCGA-B8-5159"",""TCGA-B8-5162"",""TCGA-B8-5164"",""TCGA-B8-5165"",""TCGA-B8-5549"",""TCGA-B8-5553"",""TCGA-B8-A54F"",""TCGA-BP-4967"",""TCGA-BP-4989"",""TCGA-CZ-4859"",""TCGA-CZ-4863"",""TCGA-CZ-4865"",""TCGA-CZ-5984"",""TCGA-G6-A8L7""],""set_id"":""C0005""},{""member_ids"":[""TCGA-B0-5709"",""TCGA-B8-5550"",""TCGA-BP-4167"",""TCGA-BP-4770"",""TCGA-BP-4962"",""TCGA-BP-5196"",""TCGA-CJ-4903"",""TCGA-CJ-4923"",""TCGA-CJ-6033""],""set_id"":""C0006""},{""member_ids"":[""TCGA-B8-5551"",""TCGA-B8-A54E"",""TCGA-B8-A54G"",""TCGA-BP-5180"",""TCGA-CJ-4637"",""TCGA-CJ-4641"",""TCGA-CJ-4900"",""TCGA-CJ-6028"",""TCGA-CJ-6030"",""TCGA-CZ-5462"",""TCGA-CZ-5985""],""set_id"":""C0007""},{""member_ids"":[""TCGA-BP-4988"",""TCGA-CJ-4902""],""set_id"":""C0008""}]",review_complete,C0001,C0003,drop,accept,0.000823,0.045503,0.045503,0.058484,0.000788,0.000925,True,True,-0.000957,-0.024469,-0.024469,0.004565,0.03614,0.406271,0.406271,0.53749,0.06224,0.582473,0.584466,0.582473,0.000304,0.004725,0.004725,0.021987
8,1,1,"[{""member_ids"":[""TCGA-B0-4712"",""TCGA-B0-4821"",""TCGA-B0-5081"",""TCGA-B0-5088"",""TCGA-B0-5106"",""TCGA-B0-5703"",""TCGA-BP-4960"",""TCGA-BP-4971"",""TCGA-BP-4986"",""TCGA-BP-5010"",""TCGA-BP-5175"",""TCGA-BP-5191"",""TCGA-BP-5199"",""TCGA-CZ-5468""],""set_id"":""C0001""},{""member_ids"":[""TCGA-B0-5085"",""TCGA-B0-5712"",""TCGA-B8-4151"",""TCGA-B8-4153"",""TCGA-B8-4622"",""TCGA-B8-A54D"",""TCGA-BP-4164"",""TCGA-BP-4977"",""TCGA-BP-4992"",""TCGA-BP-5000"",""TCGA-BP-5001"",""TCGA-BP-5009"",""TCGA-BP-5200"",""TCGA-CJ-6027"",""TCGA-CZ-5988"",""TCGA-G6-A5PC""],""set_id"":""C0002""},{""member_ids"":[""TCGA-B0-5115"",""TCGA-B0-5696"",""TCGA-B0-5697"",""TCGA-B0-5698"",""TCGA-B0-5812"",""TCGA-BP-4976"",""TCGA-BP-4982"",""TCGA-BP-4999"",""TCGA-BP-5004"",""TCGA-BP-5006"",""TCGA-BP-5007"",""TCGA-BP-5181"",""TCGA-BP-5183"",""TCGA-BP-5184"",""TCGA-BP-5187"",""TCGA-BP-5192"",""TCGA-BP-5194"",""TCGA-BP-5195"",""TCGA-CJ-4904"",""TCGA-CZ-5451""],""set_id"":""C0003""},{""member_ids"":[""TCGA-B0-5117"",""TCGA-B8-4619"",""TCGA-B8-5546"",""TCGA-BP-4782"",""TCGA-BP-4965"",""TCGA-BP-4970"",""TCGA-BP-4972"",""TCGA-BP-4994"",""TCGA-BP-4995"",""TCGA-BP-5174"",""TCGA-BP-5186"",""TCGA-BP-5189"",""TCGA-BP-5190""],""set_id"":""C0004""},{""member_ids"":[""TCGA-B0-5702"",""TCGA-B0-5706"",""TCGA-B8-4148"",""TCGA-B8-5158"",""TCGA-B8-5159"",""TCGA-B8-5162"",""TCGA-B8-5164"",""TCGA-B8-5165"",""TCGA-B8-5549"",""TCGA-B8-5553"",""TCGA-B8-A54F"",""TCGA-BP-4967"",""TCGA-BP-4989"",""TCGA-CZ-4859"",""TCGA-CZ-4863"",""TCGA-CZ-4865"",""TCGA-CZ-5984"",""TCGA-G6-A8L7""],""set_id"":""C0005""},{""member_ids"":[""TCGA-B0-5709"",""TCGA-B8-5550"",""TCGA-BP-4167"",""TCGA-BP-4770"",""TCGA-BP-4962"",""TCGA-BP-5196"",""TCGA-CJ-4903"",""TCGA-CJ-4923"",""TCGA-CJ-6033""],""set_id"":""C0006""},{""member_ids"":[""TCGA-B8-5551"",""TCGA-B8-A54E"",""TCGA-B8-A54G"",""TCGA-BP-5180"",""TCGA-CJ-4637"",""TCGA-CJ-4641"",""TCGA-CJ-4900"",""TCGA-CJ-6028"",""TCGA-CJ-6030"",""TCGA-CZ-5462"",""TCGA-CZ-5985""],""set_id"":""C0007""},{""member_ids"":[""TCGA-BP-4988"",""TCGA-CJ-4902""],""set_id"":""C0008""}]",review_complete,C0001,C0004,drop,drop,0.000769,0.036194,0.036194,0.044236,0.000708,0.000762,True,True,0.001115,-0.002441,-0.002441,0.036629,0.018317,0.180571,0.180571,0.220786,0.047032,0.514406,0.514406,0.576442,0.000171,0.006413,0.006413,0.013446
8,1,1,"[{""member_ids"":[""TCGA-B0-4712"",""TCGA-B0-4821"",""TCGA-B0-5081"",""TCGA-B0-5088"",""TCGA-B0-5106"",""TCGA-B0-5703"",""TCGA-BP-4960"",""TCGA-BP-4971"",""TCGA-BP-4986"",""TCGA-BP-5010"",""TCGA-BP-5175"",""TCGA-BP-5191"",""TCGA-BP-5199"",""TCGA-CZ-5468""],""set_id"":""C0001""},{""member_ids"":[""TCGA-B0-5085"",""TCGA-B0-5712"",""TCGA-B8-4151"",""TCGA-B8-4153"",""TCGA-B8-4622"",""TCGA-B8-A54D"",""TCGA-BP-4164"",""TCGA-BP-4977"",""TCGA-BP-4992"",""TCGA-BP-5000"",""TCGA-BP-5001"",""TCGA-BP-5009"",""TCGA-BP-5200"",""TCGA-CJ-6027"",""TCGA-CZ-5988"",""TCGA-G6-A5PC""],""set_id"":""C0002""},{""member_ids"":[""TCGA-B0-5115"",""TCGA-B0-5696"",""TCGA-B0-5697"",""TCGA-B0-5698"",""TCGA-B0-5812"",""TCGA-BP-4976"",""TCGA-BP-4982"",""TCGA-BP-4999"",""TCGA-BP-5004"",""TCGA-BP-5006"",""TCGA-BP-5007"",""TCGA-BP-5181"",""TCGA-BP-5183"",""TCGA-BP-5184"",""TCGA-BP-5187"",""TCGA-BP-5192"",""TCGA-BP-5194"",""TCGA-BP-5195"",""TCGA-CJ-4904"",""TCGA-CZ-5451""],""set_id"":""C0003""},{""member_ids"":[""TCGA-B0-5117"",""TCGA-B8-4619"",""TCGA-B8-5546"",""TCGA-BP-4782"",""TCGA-BP-4965"",""TCGA-BP-4970"",""TCGA-BP-4972"",""TCGA-BP-4994"",""TCGA-BP-4995"",""TCGA-BP-5174"",""TCGA-BP-5186"",""TCGA-BP-5189"",""TCGA-BP-5190""],""set_id"":""C0004""},{""member_ids"":[""TCGA-B0-5702"",""TCGA-B0-5706"",""TCGA-B8-4148"",""TCGA-B8-5158"",""TCGA-B8-5159"",""TCGA-B8-5162"",""TCGA-B8-5164"",""TCGA-B8-5165"",""TCGA-B8-5549"",""TCGA-B8-5553"",""TCGA-B8-A54F"",""TCGA-BP-4967"",""TCGA-BP-4989"",""TCGA-CZ-4859"",""TCGA-CZ-4863"",""TCGA-CZ-4865"",""TCGA-CZ-5984"",""TCGA-G6-A8L7""],""set_id"":""C0005""},{""member_ids"":[""TCGA-B0-5709"",""TCGA-B8-5550"",""TCGA-BP-4167"",""TCGA-BP-4770"",""TCGA-BP-4962"",""TCGA-BP-5196"",""TCGA-CJ-4903"",""TCGA-CJ-4923"",""TCGA-CJ-6033""],""set_id"":""C0006""},{""member_ids"":[""TCGA-B8-5551"",""TCGA-B8-A54E"",""TCGA-B8-A54G"",""TCGA-BP-5180"",""TCGA-CJ-4637"",""TCGA-CJ-4641"",""TCGA-CJ-4900"",""TCGA-CJ-6028"",""TCGA-CJ-6030"",""TCGA-CZ-5462"",""TCGA-CZ-5985""],""set_id"":""C0007""},{""member_ids"":[""TCGA-BP-4988"",""TCGA-CJ-4902""],""set_id"":""C0008""}]",review_complete,C0001,C0005,drop,drop,0.000709,0.033998,0.033998,0.044693,0.000563,0.000844,True,True,0.010855,0.056241,0.056241,0.788765,0.016206,0.217261,0.21881,0.217261,0.024856,0.1185,0.35749,0.1185,2e-06,-0.003205,-0.003205,-0.000403
8,1,1,"[{""member_ids"":[""TCGA-B0-4712"",""TCGA-B0-4821"",""TCGA-B0-5081"",""TCGA-B0-5088"",""TCGA-B0-5106"",""TCGA-B0-5703"",""TCGA-BP-4960"",""TCGA-BP-4971"",""TCGA-BP-4986"",""TCGA-BP-5010"",""TCGA-BP-5175"",""TCGA-BP-5191"",""TCGA-BP-5199"",""TCGA-CZ-5468""],""set_id"":""C0001""},{""member_ids"":[""TCGA-B0-5085"",""TCGA-B0-5712"",""TCGA-B8-4151"",""TCGA-B8-4153"",""TCGA-B8-4622"",""TCGA-B8-A54D"",""TCGA-BP-4164"",""TCGA-BP-4977"",""TCGA-BP-4992"",""TCGA-BP-5000"",""TCGA-BP-5001"",""TCGA-BP-5009"",""TCGA-BP-5200"",""TCGA-CJ-6027"",""TCGA-CZ-5988"",""TCGA-G6-A5PC""],""set_id"":""C0002""},{""member_ids"":[""TCGA-B0-5115"",""TCGA-B0-5696"",""TCGA-B0-5697"",""TCGA-B0-5698"",""TCGA-B0-5812"",""TCGA-BP-4976"",""TCGA-BP-4982"",""TCGA-BP-4999"",""TCGA-BP-5004"",""TCGA-BP-5006"",""TCGA-BP-5007"",""TCGA-BP-5181"",""TCGA-BP-5183"",""TCGA-BP-5184"",""TCGA-BP-5187"",""TCGA-BP-5192"",""TCGA-BP-5194"",""TCGA-BP-5195"",""TCGA-CJ-4904"",""TCGA-CZ-5451""],""set_id"":""C0003""},{""member_ids"":[""TCGA-B0-5117"",""TCGA-B8-4619"",""TCGA-B8-5546"",""TCGA-BP-4782"",""TCGA-BP-4965"",""TCGA-BP-4970"",""TCGA-BP-4972"",""TCGA-BP-4994"",""TCGA-BP-4995"",""TCGA-BP-5174"",""TCGA-BP-5186"",""TCGA-BP-5189"",""TCGA-BP-5190""],""set_id"":""C0004""},{""member_ids"":[""TCGA-B0-5702"",""TCGA-B0-5706"",""TCGA-B8-4148"",""TCGA-B8-5158"",""TCGA-B8-5159"",""TCGA-B8-5162"",""TCGA-B8-5164"",""TCGA-B8-5165"",""TCGA-B8-5549"",""TCGA-B8-5553"",""TCGA-B8-A54F"",""TCGA-BP-4967"",""TCGA-BP-4989"",""TCGA-CZ-4859"",""TCGA-CZ-4863"",""TCGA-CZ-4865"",""TCGA-CZ-5984"",""TCGA-G6-A8L7""],""set_id"":""C0005""},{""member_ids"":[""TCGA-B0-5709"",""TCGA-B8-5550"",""TCGA-BP-4167"",""TCGA-BP-4770"",""TCGA-BP-4962"",""TCGA-BP-5196"",""TCGA-CJ-4903"",""TCGA-CJ-4923"",""TCGA-CJ-6033""],""set_id"":""C0006""},{""member_ids"":[""TCGA-B8-5551"",""TCGA-B8-A54E"",""TCGA-B8-A54G"",""TCGA-BP-5180"",""TCGA-CJ-4637"",""TCGA-CJ-4641"",""TCGA-CJ-4900"",""TCGA-CJ-6028"",""TCGA-CJ-6030"",""TCGA-CZ-5462"",""TCGA-CZ-5985""],""set_id"":""C0007""},{""member_ids"":[""TCGA-BP-4988"",""TCGA-CJ-4902""],""set_id"":""C0008""}]",review_complete,C0001,C0006,drop,drop,0.000538,0.020346,0.020346,0.031986,0.000343,0.000708,True,True,0.000878,0.011055,0.011055,0.031108,0.03545,0.423353,0.530163,0.423353,0.015951,0.093705,0.10476,0.093705,-7.9e-05,-0.0042,-0.003889,-0.0042
8,1,1,"[{""member_ids"":[""TCGA-B0-4712"",""TCGA-B0-4821"",""TCGA-B0-5081"",""TCGA-B0-5088"",""TCGA-B0-5106"",""TCGA-B0-5703"",""TCGA-BP-4960"",""TCGA-BP-4971"",""TCGA-BP-4986"",""TCGA-BP-5010"",""TCGA-BP-5175"",""TCGA-BP-5191"",""TCGA-BP-5199"",""TCGA-CZ-5468""],""set_id"":""C0001""},{""member_ids"":[""TCGA-B0-5085"",""TCGA-B0-5712"",""TCGA-B8-4151"",""TCGA-B8-4153"",""TCGA-B8-4622"",""TCGA-B8-A54D"",""TCGA-BP-4164"",""TCGA-BP-4977"",""TCGA-BP-4992"",""TCGA-BP-5000"",""TCGA-BP-5001"",""TCGA-BP-5009"",""TCGA-BP-5200"",""TCGA-CJ-6027"",""TCGA-CZ-5988"",""TCGA-G6-A5PC""],""set_id"":""C0002""},{""member_ids"":[""TCGA-B0-5115"",""TCGA-B0-5696"",""TCGA-B0-5697"",""TCGA-B0-5698"",""TCGA-B0-5812"",""TCGA-BP-4976"",""TCGA-BP-4982"",""TCGA-BP-4999"",""TCGA-BP-5004"",""TCGA-BP-5006"",""TCGA-BP-5007"",""TCGA-BP-5181"",""TCGA-BP-5183"",""TCGA-BP-5184"",""TCGA-BP-5187"",""TCGA-BP-5192"",""TCGA-BP-5194"",""TCGA-BP-5195"",""TCGA-CJ-4904"",""TCGA-CZ-5451""],""set_id"":""C0003""},{""member_ids"":[""TCGA-B0-5117"",""TCGA-B8-4619"",""TCGA-B8-5546"",""TCGA-BP-4782"",""TCGA-BP-4965"",""TCGA-BP-4970"",""TCGA-BP-4972"",""TCGA-BP-4994"",""TCGA-BP-4995"",""TCGA-BP-5174"",""TCGA-BP-5186"",""TCGA-BP-5189"",""TCGA-BP-5190""],""set_id"":""C0004""},{""member_ids"":[""TCGA-B0-5702"",""TCGA-B0-5706"",""TCGA-B8-4148"",""TCGA-B8-5158"",""TCGA-B8-5159"",""TCGA-B8-5162"",""TCGA-B8-5164"",""TCGA-B8-5165"",""TCGA-B8-5549"",""TCGA-B8-5553"",""TCGA-B8-A54F"",""TCGA-BP-4967"",""TCGA-BP-4989"",""TCGA-CZ-4859"",""TCGA-CZ-4863"",""TCGA-CZ-4865"",""TCGA-CZ-5984"",""TCGA-G6-A8L7""],""set_id"":""C0005""},{""member_ids"":[""TCGA-B0-5709"",""TCGA-B8-5550"",""TCGA-BP-4167"",""TCGA-BP-4770"",""TCGA-BP-4962"",""TCGA-BP-5196"",""TCGA-CJ-4903"",""TCGA-CJ-4923"",""TCGA-CJ-6033""],""set_id"":""C0006""},{""member_ids"":[""TCGA-B8-5551"",""TCGA-B8-A54E"",""TCGA-B8-A54G"",""TCGA-BP-5180"",""TCGA-CJ-4637"",""TCGA-CJ-4641"",""TCGA-CJ-4900"",""TCGA-CJ-6028"",""TCGA-CJ-6030"",""TCGA-CZ-5462"",""TCGA-CZ-5985""],""set_id"":""C0007""},{""member_ids"":[""TCGA-BP-4988"",""TCGA-CJ-4902""],""set_id"":""C0008""}]",review_complete,C0001,C0007,drop,accept,0.000809,0.038126,0.038126,0.055563,0.00063,0.000862,True,True,0.007831,0.041168,0.041168,0.212854,0.02767,0.288129,0.315445,0.288129,0.035828,0.346766,0.346766,0.401047,0.000246,0.002472,0.002472,0.026756
8,1,1,"[{""member_ids"":[""TCGA-B0-4712"",""TCGA-B0-4821"",""TCGA-B0-5081"",""TCGA-B0-5088"",""TCGA-B0-5106"",""TCGA-B0-5703"",""TCGA-BP-4960"",""TCGA-BP-4971"",""TCGA-BP-4986"",""TCGA-BP-5010"",""TCGA-BP-5175"",""TCGA-BP-5191"",""TCGA-BP-5199"",""TCGA-CZ-5468""],""set_id"":""C0001""},{""member_ids"":[""TCGA-B0-5085"",""TCGA-B0-5712"",""TCGA-B8-4151"",""TCGA-B8-4153"",""TCGA-B8-4622"",""TCGA-B8-A54D"",""TCGA-BP-4164"",""TCGA-BP-4977"",""TCGA-BP-4992"",""TCGA-BP-5000"",""TCGA-BP-5001"",""TCGA-BP-5009"",""TCGA-BP-5200"",""TCGA-CJ-6027"",""TCGA-CZ-5988"",""TCGA-G6-A5PC""],""set_id"":""C0002""},{""member_ids"":[""TCGA-B0-5115"",""TCGA-B0-5696"",""TCGA-B0-5697"",""TCGA-B0-5698"",""TCGA-B0-5812"",""TCGA-BP-4976"",""TCGA-BP-4982"",""TCGA-BP-4999"",""TCGA-BP-5004"",""TCGA-BP-5006"",""TCGA-BP-5007"",""TCGA-BP-5181"",""TCGA-BP-5183"",""TCGA-BP-5184"",""TCGA-BP-5187"",""TCGA-BP-5192"",""TCGA-BP-5194"",""TCGA-BP-5195"",""TCGA-CJ-4904"",""TCGA-CZ-5451""],""set_id"":""C0003""},{""member_ids"":[""TCGA-B0-5117"",""TCGA-B8-4619"",""TCGA-B8-5546"",""TCGA-BP-4782"",""TCGA-BP-4965"",""TCGA-BP-4970"",""TCGA-BP-4972"",""TCGA-BP-4994"",""TCGA-BP-4995"",""TCGA-BP-5174"",""TCGA-BP-5186"",""TCGA-BP-5189"",""TCGA-BP-5190""],""set_id"":""C0004""},{""member_ids"":[""TCGA-B0-5702"",""TCGA-B0-5706"",""TCGA-B8-4148"",""TCGA-B8-5158"",""TCGA-B8-5159"",""TCGA-B8-5162"",""TCGA-B8-5164"",""TCGA-B8-5165"",""TCGA-B8-5549"",""TCGA-B8-5553"",""TCGA-B8-A54F"",""TCGA-BP-4967"",""TCGA-BP-4989"",""TCGA-CZ-4859"",""TCGA-CZ-4863"",""TCGA-CZ-4865"",""TCGA-CZ-5984"",""TCGA-G6-A8L7""],""set_id"":""C0005""},{""member_ids"":[""TCGA-B0-5709"",""TCGA-B8-5550"",""TCGA-BP-4167"",""TCGA-BP-4770"",""TCGA-BP-4962"",""TCGA-BP-5196"",""TCGA-CJ-4903"",""TCGA-CJ-4923"",""TCGA-CJ-6033""],""set_id"":""C0006""},{""member_ids"":[""TCGA-B8-5551"",""TCGA-B8-A54E"",""TCGA-B8-A54G"",""TCGA-BP-5180"",""TCGA-CJ-4637"",""TCGA-CJ-4641"",""TCGA-CJ-4900"",""TCGA-CJ-6028"",""TCGA-CJ-6030"",""TCGA-CZ-5462"",""TCGA-CZ-5985""],""set_id"":""C0007""},{""member_ids"":[""TCGA-BP-4988"",""TCGA-CJ-4902""],""set_id"":""C0008""}]",review_complete,C0001,C0008,drop,drop,0.000149,0.004351,0.004351,0.025617,2e-05,0.000502,True,True,0.01308,-0.272494,0.145773,-0.272494,0.023019,-0.016315,0.296494,-0.016315,-0.008417,-0.111077,-0.111077,0.217333,0.000179,0.005495,0.005495,0.009711
8,1,1,"[{""member_ids"":[""TCGA-B0-4712"",""TCGA-B0-4821"",""TCGA-B0-5081"",""TCGA-B0-5088"",""TCGA-B0-5106"",""TCGA-B0-5703"",""TCGA-BP-4960"",""TCGA-BP-4971"",""TCGA-BP-4986"",""TCGA-BP-5010"",""TCGA-BP-5175"",""TCGA-BP-5191"",""TCGA-BP-5199"",""TCGA-CZ-5468""],""set_id"":""C0001""},{""member_ids"":[""TCGA-B0-5085"",""TCGA-B0-5712"",""TCGA-B8-4151"",""TCGA-B8-4153"",""TCGA-B8-4622"",""TCGA-B8-A54D"",""TCGA-BP-4164"",""TCGA-BP-4977"",""TCGA-BP-4992"",""TCGA-BP-5000"",""TCGA-BP-5001"",""TCGA-BP-5009"",""TCGA-BP-5200"",""TCGA-CJ-6027"",""TCGA-CZ-5988"",""TCGA-G6-A5PC""],""set_id"":""C0002""},{""member_ids"":[""TCGA-B0-5115"",""TCGA-B0-5696"",""TCGA-B0-5697"",""TCGA-B0-5698"",""TCGA-B0-5812"",""TCGA-BP-4976"",""TCGA-BP-4982"",""TCGA-BP-4999"",""TCGA-BP-5004"",""TCGA-BP-5006"",""TCGA-BP-5007"",""TCGA-BP-5181"",""TCGA-BP-5183"",""TCGA-BP-5184"",""TCGA-BP-5187"",""TCGA-BP-5192"",""TCGA-BP-5194"",""TCGA-BP-5195"",""TCGA-CJ-4904"",""TCGA-CZ-5451""],""set_id"":""C0003""},{""member_ids"":[""TCGA-B0-5117"",""TCGA-B8-4619"",""TCGA-B8-5546"",""TCGA-BP-4782"",""TCGA-BP-4965"",""TCGA-BP-4970"",""TCGA-BP-4972"",""TCGA-BP-4994"",""TCGA-BP-4995"",""TCGA-BP-5174"",""TCGA-BP-5186"",""TCGA-BP-5189"",""TCGA-BP-5190""],""set_id"":""C0004""},{""member_ids"":[""TCGA-B0-5702"",""TCGA-B0-5706"",""TCGA-B8-4148"",""TCGA-B8-5158"",""TCGA-B8-5159"",""TCGA-B8-5162"",""TCGA-B8-5164"",""TCGA-B8-5165"",""TCGA-B8-5549"",""TCGA-B8-5553"",""TCGA-B8-A54F"",""TCGA-BP-4967"",""TCGA-BP-4989"",""TCGA-CZ-4859"",""TCGA-CZ-4863"",""TCGA-CZ-4865"",""TCGA-CZ-5984"",""TCGA-G6-A8L7""],""set_id"":""C0005""},{""member_ids"":[""TCGA-B0-5709"",""TCGA-B8-5550"",""TCGA-BP-4167"",""TCGA-BP-4770"",""TCGA-BP-4962"",""TCGA-BP-5196"",""TCGA-CJ-4903"",""TCGA-CJ-4923"",""TCGA-CJ-6033""],""set_id"":""C0006""},{""member_ids"":[""TCGA-B8-5551"",""TCGA-B8-A54E"",""TCGA-B8-A54G"",""TCGA-BP-5180"",""TCGA-CJ-4637"",""TCGA-CJ-4641"",""TCGA-CJ-4900"",""TCGA-CJ-6028"",""TCGA-CJ-6030"",""TCGA-CZ-5462"",""TCGA-CZ-5985""],""set_id"":""C0007""},{""member_ids"":[""TCGA-BP-4988"",""TCGA-CJ-4902""],""set_id"":""C0008""}]",review_complete,C0002,C0003,drop,accept,0.000836,0.042807,0.042807,0.047333,0.000844,0.000802,True,True,0.003295,-0.005603,0.138336,-0.005603,0.049252,0.553466,0.553466,0.58219,0.029897,0.18459,0.18459,0.32137,0.000109,-0.001568,-0.001568,0.017612
8,1,1,"[{""member_ids"":[""TCGA-B0-4712"",""TCGA-B0-4821"",""TCGA-B0-5081"",""TCGA-B0-5088"",""TCGA-B0-5106"",""TCGA-B0-5703"",""TCGA-BP-4960"",""TCGA-BP-4971"",""TCGA-BP-4986"",""TCGA-BP-5010"",""TCGA-BP-5175"",""TCGA-BP-5191"",""TCGA-BP-5199"",""TCGA-CZ-5468""],""set_id"":""C0001""},{""member_ids"":[""TCGA-B0-5085"",""TCGA-B0-5712"",""TCGA-B8-4151"",""TCGA-B8-4153"",""TCGA-B8-4622"",""TCGA-B8-A54D"",""TCGA-BP-4164"",""TCGA-BP-4977"",""TCGA-BP-4992"",""TCGA-BP-5000"",""TCGA-BP-5001"",""TCGA-BP-5009"",""TCGA-BP-5200"",""TCGA-CJ-6027"",""TCGA-CZ-5988"",""TCGA-G6-A5PC""],""set_id"":""C0002""},{""member_ids"":[""TCGA-B0-5115"",""TCGA-B0-5696"",""TCGA-B0-5697"",""TCGA-B0-5698"",""TCGA-B0-5812"",""TCGA-BP-4976"",""TCGA-BP-4982"",""TCGA-BP-4999"",""TCGA-BP-5004"",""TCGA-BP-5006"",""TCGA-BP-5007"",""TCGA-BP-5181"",""TCGA-BP-5183"",""TCGA-BP-5184"",""TCGA-BP-5187"",""TCGA-BP-5192"",""TCGA-BP-5194"",""TCGA-BP-5195"",""TCGA-CJ-4904"",""TCGA-CZ-5451""],""set_id"":""C0003""},{""member_ids"":[""TCGA-B0-5117"",""TCGA-B8-4619"",""TCGA-B8-5546"",""TCGA-BP-4782"",""TCGA-BP-4965"",""TCGA-BP-4970"",""TCGA-BP-4972"",""TCGA-BP-4994"",""TCGA-BP-4995"",""TCGA-BP-5174"",""TCGA-BP-5186"",""TCGA-BP-5189"",""TCGA-BP-5190""],""set_id"":""C0004""},{""member_ids"":[""TCGA-B0-5702"",""TCGA-B0-5706"",""TCGA-B8-4148"",""TCGA-B8-5158"",""TCGA-B8-5159"",""TCGA-B8-5162"",""TCGA-B8-5164"",""TCGA-B8-5165"",""TCGA-B8-5549"",""TCGA-B8-5553"",""TCGA-B8-A54F"",""TCGA-BP-4967"",""TCGA-BP-4989"",""TCGA-CZ-4859"",""TCGA-CZ-4863"",""TCGA-CZ-4865"",""TCGA-CZ-5984"",""TCGA-G6-A8L7""],""set_id"":""C0005""},{""member_ids"":[""TCGA-B0-5709"",""TCGA-B8-5550"",""TCGA-BP-4167"",""TCGA-BP-4770"",""TCGA-BP-4962"",""TCGA-BP-5196"",""TCGA-CJ-4903"",""TCGA-CJ-4923"",""TCGA-CJ-6033""],""set_id"":""C0006""},{""member_ids"":[""TCGA-B8-5551"",""TCGA-B8-A54E"",""TCGA-B8-A54G"",""TCGA-BP-5180"",""TCGA-CJ-4637"",""TCGA-CJ-4641"",""TCGA-CJ-4900"",""TCGA-CJ-6028"",""TCGA-CJ-6030"",""TCGA-CZ-5462"",""TCGA-CZ-5985""],""set_id"":""C0007""},{""member_ids"":[""TCGA-BP-4988"",""TCGA-CJ-4902""],""set_id"":""C0008""}]",review_complete,C0002,C0004,drop,drop,0.000891,0.053798,0.054224,0.053798,0.00095,0.000883,True,True,0.013052,0.070594,0.202653,0.070594,0.047323,0.681013,0.724081,0.681013,0.020862,0.191388,0.191388,0.406706,6e-05,-0.003194,-0.003194,0.005756
8,1,1,"[{""member_ids"":[""TCGA-B0-4712"",""TCGA-B0-4821"",""TCGA-B0-5081"",""TCGA-B0-5088"",""TCGA-B0-5106"",""TCGA-B0-5703"",""TCGA-BP-4960"",""TCGA-BP-4971"",""TCGA-BP-4986"",""TCGA-BP-5010"",""TCGA-BP-5175"",""TCGA-BP-5191"",""TCGA-BP-5199"",""TCGA-CZ-5468""],""set_id"":""C0001""},{""member_ids"":[""TCGA-B0-5085"",""TCGA-B0-5712"",""TCGA-B8-4151"",""TCGA-B8-4153"",""TCGA-B8-4622"",""TCGA-B8-A54D"",""TCGA-BP-4164"",""TCGA-BP-4977"",""TCGA-BP-4992"",""TCGA-BP-5000"",""TCGA-BP-5001"",""TCGA-BP-5009"",""TCGA-BP-5200"",""TCGA-CJ-6027"",""TCGA-CZ-5988"",""TCGA-G6-A5PC""],""set_id"":""C0002""},{""member_ids"":[""TCGA-B0-5115"",""TCGA-B0-5696"",""TCGA-B0-5697"",""TCGA-B0-5698"",""TCGA-B0-5812"",""TCGA-BP-4976"",""TCGA-BP-4982"",""TCGA-BP-4999"",""TCGA-BP-5004"",""TCGA-BP-5006"",""TCGA-BP-5007"",""TCGA-BP-5181"",""TCGA-BP-5183"",""TCGA-BP-5184"",""TCGA-BP-5187"",""TCGA-BP-5192"",""TCGA-BP-5194"",""TCGA-BP-5195"",""TCGA-CJ-4904"",""TCGA-CZ-5451""],""set_id"":""C0003""},{""member_ids"":[""TCGA-B0-5117"",""TCGA-B8-4619"",""TCGA-B8-5546"",""TCGA-BP-4782"",""TCGA-BP-4965"",""TCGA-BP-4970"",""TCGA-BP-4972"",""TCGA-BP-4994"",""TCGA-BP-4995"",""TCGA-BP-5174"",""TCGA-BP-5186"",""TCGA-BP-5189"",""TCGA-BP-5190""],""set_id"":""C0004""},{""member_ids"":[""TCGA-B0-5702"",""TCGA-B0-5706"",""TCGA-B8-4148"",""TCGA-B8-5158"",""TCGA-B8-5159"",""TCGA-B8-5162"",""TCGA-B8-5164"",""TCGA-B8-5165"",""TCGA-B8-5549"",""TCGA-B8-5553"",""TCGA-B8-A54F"",""TCGA-BP-4967"",""TCGA-BP-4989"",""TCGA-CZ-4859"",""TCGA-CZ-4863"",""TCGA-CZ-4865"",""TCGA-CZ-5984"",""TCGA-G6-A8L7""],""set_id"":""C0005""},{""member_ids"":[""TCGA-B0-5709"",""TCGA-B8-5550"",""TCGA-BP-4167"",""TCGA-BP-4770"",""TCGA-BP-4962"",""TCGA-BP-5196"",""TCGA-CJ-4903"",""TCGA-CJ-4923"",""TCGA-CJ-6033""],""set_id"":""C0006""},{""member_ids"":[""TCGA-B8-5551"",""TCGA-B8-A54E"",""TCGA-B8-A54G"",""TCGA-BP-5180"",""TCGA-CJ-4637"",""TCGA-CJ-4641"",""TCGA-CJ-4900"",""TCGA-CJ-6028"",""TCGA-CJ-6030"",""TCGA-CZ-5462"",""TCGA-CZ-5985""],""set_id"":""C0007""},{""member_ids"":[""TCGA-BP-4988"",""TCGA-CJ-4902""],""set_id"":""C0008""}]",review_complete,C0002,C0005,drop,drop,0.000873,0.045526,0.045526,0.047751,0.000767,0.000903,True,True,0.022184,0.161704,0.161704,0.762063,0.029401,0.351533,0.458884,0.351533,0.009831,0.064623,0.168569,0.064623,0.000146,0.004303,0.004303,0.009021
8,1,1,"[{""member_ids"":[""TCGA-B0-4712"",""TCGA-B0-4821"",""TCGA-B0-5081"",""TCGA-B0-5088"",""TCGA-B0-5106"",""TCGA-B0-5703"",""TCGA-BP-4960"",""TCGA-BP-4971"",""TCGA-BP-4986"",""TCGA-BP-5010"",""TCGA-BP-5175"",""TCGA-BP-5191"",""TCGA-BP-5199"",""TCGA-CZ-5468""],""set_id"":""C0001""},{""member_ids"":[""TCGA-B0-5085"",""TCGA-B0-5712"",""TCGA-B8-4151"",""TCGA-B8-4153"",""TCGA-B8-4622"",""TCGA-B8-A54D"",""TCGA-BP-4164"",""TCGA-BP-4977"",""TCGA-BP-4992"",""TCGA-BP-5000"",""TCGA-BP-5001"",""TCGA-BP-5009"",""TCGA-BP-5200"",""TCGA-CJ-6027"",""TCGA-CZ-5988"",""TCGA-G6-A5PC""],""set_id"":""C0002""},{""member_ids"":[""TCGA-B0-5115"",""TCGA-B0-5696"",""TCGA-B0-5697"",""TCGA-B0-5698"",""TCGA-B0-5812"",""TCGA-BP-4976"",""TCGA-BP-4982"",""TCGA-BP-4999"",""TCGA-BP-5004"",""TCGA-BP-5006"",""TCGA-BP-5007"",""TCGA-BP-5181"",""TCGA-BP-5183"",""TCGA-BP-5184"",""TCGA-BP-5187"",""TCGA-BP-5192"",""TCGA-BP-5194"",""TCGA-BP-5195"",""TCGA-CJ-4904"",""TCGA-CZ-5451""],""set_id"":""C0003""},{""member_ids"":[""TCGA-B0-5117"",""TCGA-B8-4619"",""TCGA-B8-5546"",""TCGA-BP-4782"",""TCGA-BP-4965"",""TCGA-BP-4970"",""TCGA-BP-4972"",""TCGA-BP-4994"",""TCGA-BP-4995"",""TCGA-BP-5174"",""TCGA-BP-5186"",""TCGA-BP-5189"",""TCGA-BP-5190""],""set_id"":""C0004""},{""member_ids"":[""TCGA-B0-5702"",""TCGA-B0-5706"",""TCGA-B8-4148"",""TCGA-B8-5158"",""TCGA-B8-5159"",""TCGA-B8-5162"",""TCGA-B8-5164"",""TCGA-B8-5165"",""TCGA-B8-5549"",""TCGA-B8-5553"",""TCGA-B8-A54F"",""TCGA-BP-4967"",""TCGA-BP-4989"",""TCGA-CZ-4859"",""TCGA-CZ-4863"",""TCGA-CZ-4865"",""TCGA-CZ-5984"",""TCGA-G6-A8L7""],""set_id"":""C0005""},{""member_ids"":[""TCGA-B0-5709"",""TCGA-B8-5550"",""TCGA-BP-4167"",""TCGA-BP-4770"",""TCGA-BP-4962"",""TCGA-BP-5196"",""TCGA-CJ-4903"",""TCGA-CJ-4923"",""TCGA-CJ-6033""],""set_id"":""C0006""},{""member_ids"":[""TCGA-B8-5551"",""TCGA-B8-A54E"",""TCGA-B8-A54G"",""TCGA-BP-5180"",""TCGA-CJ-4637"",""TCGA-CJ-4641"",""TCGA-CJ-4900"",""TCGA-CJ-6028"",""TCGA-CJ-6030"",""TCGA-CZ-5462"",""TCGA-CZ-5985""],""set_id"":""C0007""},{""member_ids"":[""TCGA-BP-4988"",""TCGA-CJ-4902""],""set_id"":""C0008""}]",review_complete,C0002,C0006,drop,drop,0.000683,0.040082,0.040082,0.043243,0.000665,0.000818,True,True,0.003867,0.003372,0.1559,0.003372,0.026835,0.313849,0.530247,0.313849,0.034755,0.277563,0.277563,0.399742,-2.7e-05,-0.002771,-0.002771,-0.001166
8,1,1,"[{""member_ids"":[""TCGA-B0-4712"",""TCGA-B0-4821"",""TCGA-B0-5081"",""TCGA-B0-5088"",""TCGA-B0-5106"",""TCGA-B0-5703"",""TCGA-BP-4960"",""TCGA-BP-4971"",""TCGA-BP-4986"",""TCGA-BP-5010"",""TCGA-BP-5175"",""TCGA-BP-5191"",""TCGA-BP-5199"",""TCGA-CZ-5468""],""set_id"":""C0001""},{""member_ids"":[""TCGA-B0-5085"",""TCGA-B0-5712"",""TCGA-B8-4151"",""TCGA-B8-4153"",""TCGA-B8-4622"",""TCGA-B8-A54D"",""TCGA-BP-4164"",""TCGA-BP-4977"",""TCGA-BP-4992"",""TCGA-BP-5000"",""TCGA-BP-5001"",""TCGA-BP-5009"",""TCGA-BP-5200"",""TCGA-CJ-6027"",""TCGA-CZ-5988"",""TCGA-G6-A5PC""],""set_id"":""C0002""},{""member_ids"":[""TCGA-B0-5115"",""TCGA-B0-5696"",""TCGA-B0-5697"",""TCGA-B0-5698"",""TCGA-B0-5812"",""TCGA-BP-4976"",""TCGA-BP-4982"",""TCGA-BP-4999"",""TCGA-BP-5004"",""TCGA-BP-5006"",""TCGA-BP-5007"",""TCGA-BP-5181"",""TCGA-BP-5183"",""TCGA-BP-5184"",""TCGA-BP-5187"",""TCGA-BP-5192"",""TCGA-BP-5194"",""TCGA-BP-5195"",""TCGA-CJ-4904"",""TCGA-CZ-5451""],""set_id"":""C0003""},{""member_ids"":[""TCGA-B0-5117"",""TCGA-B8-4619"",""TCGA-B8-5546"",""TCGA-BP-4782"",""TCGA-BP-4965"",""TCGA-BP-4970"",""TCGA-BP-4972"",""TCGA-BP-4994"",""TCGA-BP-4995"",""TCGA-BP-5174"",""TCGA-BP-5186"",""TCGA-BP-5189"",""TCGA-BP-5190""],""set_id"":""C0004""},{""member_ids"":[""TCGA-B0-5702"",""TCGA-B0-5706"",""TCGA-B8-4148"",""TCGA-B8-5158"",""TCGA-B8-5159"",""TCGA-B8-5162"",""TCGA-B8-5164"",""TCGA-B8-5165"",""TCGA-B8-5549"",""TCGA-B8-5553"",""TCGA-B8-A54F"",""TCGA-BP-4967"",""TCGA-BP-4989"",""TCGA-CZ-4859"",""TCGA-CZ-4863"",""TCGA-CZ-4865"",""TCGA-CZ-5984"",""TCGA-G6-A8L7""],""set_id"":""C0005""},{""member_ids"":[""TCGA-B0-5709"",""TCGA-B8-5550"",""TCGA-BP-4167"",""TCGA-BP-4770"",""TCGA-BP-4962"",""TCGA-BP-5196"",""TCGA-CJ-4903"",""TCGA-CJ-4923"",""TCGA-CJ-6033""],""set_id"":""C0006""},{""member_ids"":[""TCGA-B8-5551"",""TCGA-B8-A54E"",""TCGA-B8-A54G"",""TCGA-BP-5180"",""TCGA-CJ-4637"",""TCGA-CJ-4641"",""TCGA-CJ-4900"",""TCGA-CJ-6028"",""TCGA-CJ-6030"",""TCGA-CZ-5462"",""TCGA-CZ-5985""],""set_id"":""C0007""},{""member_ids"":[""TCGA-BP-4988"",""TCGA-CJ-4902""],""set_id"":""C0008""}]",review_complete,C0002,C0007,drop,accept,0.000931,0.042068,0.042068,0.051043,0.000766,0.001023,True,True,0.009744,0.137803,0.137803,0.138876,0.039733,0.427653,0.547045,0.427653,0.026266,0.11765,0.11765,0.319237,0.000148,-0.000368,-0.000368,0.025833
8,1,1,"[{""member_ids"":[""TCGA-B0-4712"",""TCGA-B0-4821"",""TCGA-B0-5081"",""TCGA-B0-5088"",""TCGA-B0-5106"",""TCGA-B0-5703"",""TCGA-BP-4960"",""TCGA-BP-4971"",""TCGA-BP-4986"",""TCGA-BP-5010"",""TCGA-BP-5175"",""TCGA-BP-5191"",""TCGA-BP-5199"",""TCGA-CZ-5468""],""set_id"":""C0001""},{""member_ids"":[""TCGA-B0-5085"",""TCGA-B0-5712"",""TCGA-B8-4151"",""TCGA-B8-4153"",""TCGA-B8-4622"",""TCGA-B8-A54D"",""TCGA-BP-4164"",""TCGA-BP-4977"",""TCGA-BP-4992"",""TCGA-BP-5000"",""TCGA-BP-5001"",""TCGA-BP-5009"",""TCGA-BP-5200"",""TCGA-CJ-6027"",""TCGA-CZ-5988"",""TCGA-G6-A5PC""],""set_id"":""C0002""},{""member_ids"":[""TCGA-B0-5115"",""TCGA-B0-5696"",""TCGA-B0-5697"",""TCGA-B0-5698"",""TCGA-B0-5812"",""TCGA-BP-4976"",""TCGA-BP-4982"",""TCGA-BP-4999"",""TCGA-BP-5004"",""TCGA-BP-5006"",""TCGA-BP-5007"",""TCGA-BP-5181"",""TCGA-BP-5183"",""TCGA-BP-5184"",""TCGA-BP-5187"",""TCGA-BP-5192"",""TCGA-BP-5194"",""TCGA-BP-5195"",""TCGA-CJ-4904"",""TCGA-CZ-5451""],""set_id"":""C0003""},{""member_ids"":[""TCGA-B0-5117"",""TCGA-B8-4619"",""TCGA-B8-5546"",""TCGA-BP-4782"",""TCGA-BP-4965"",""TCGA-BP-4970"",""TCGA-BP-4972"",""TCGA-BP-4994"",""TCGA-BP-4995"",""TCGA-BP-5174"",""TCGA-BP-5186"",""TCGA-BP-5189"",""TCGA-BP-5190""],""set_id"":""C0004""},{""member_ids"":[""TCGA-B0-5702"",""TCGA-B0-5706"",""TCGA-B8-4148"",""TCGA-B8-5158"",""TCGA-B8-5159"",""TCGA-B8-5162"",""TCGA-B8-5164"",""TCGA-B8-5165"",""TCGA-B8-5549"",""TCGA-B8-5553"",""TCGA-B8-A54F"",""TCGA-BP-4967"",""TCGA-BP-4989"",""TCGA-CZ-4859"",""TCGA-CZ-4863"",""TCGA-CZ-4865"",""TCGA-CZ-5984"",""TCGA-G6-A8L7""],""set_id"":""C0005""},{""member_ids"":[""TCGA-B0-5709"",""TCGA-B8-5550"",""TCGA-BP-4167"",""TCGA-BP-4770"",""TCGA-BP-4962"",""TCGA-BP-5196"",""TCGA-CJ-4903"",""TCGA-CJ-4923"",""TCGA-CJ-6033""],""set_id"":""C0006""},{""member_ids"":[""TCGA-B8-5551"",""TCGA-B8-A54E"",""TCGA-B8-A54G"",""TCGA-BP-5180"",""TCGA-CJ-4637"",""TCGA-CJ-4641"",""TCGA-CJ-4900"",""TCGA-CJ-6028"",""TCGA-CJ-6030"",""TCGA-CZ-5462"",""TCGA-CZ-5985""],""set_id"":""C0007""},{""member_ids"":[""TCGA-BP-4988"",""TCGA-CJ-4902""],""set_id"":""C0008""}]",review_complete,C0002,C0008,drop,drop,0.001212,0.061926,0.061926,0.074657,0.001169,0.001397,True,True,0.011088,-0.221769,0.358123,-0.221769,0.052034,0.471633,0.744827,0.471633,0.037407,0.295877,0.295877,0.656623,0.00042,0.002582,0.002582,0.008714
8,1,1,"[{""member_ids"":[""TCGA-B0-4712"",""TCGA-B0-4821"",""TCGA-B0-5081"",""TCGA-B0-5088"",""TCGA-B0-5106"",""TCGA-B0-5703"",""TCGA-BP-4960"",""TCGA-BP-4971"",""TCGA-BP-4986"",""TCGA-BP-5010"",""TCGA-BP-5175"",""TCGA-BP-5191"",""TCGA-BP-5199"",""TCGA-CZ-5468""],""set_id"":""C0001""},{""member_ids"":[""TCGA-B0-5085"",""TCGA-B0-5712"",""TCGA-B8-4151"",""TCGA-B8-4153"",""TCGA-B8-4622"",""TCGA-B8-A54D"",""TCGA-BP-4164"",""TCGA-BP-4977"",""TCGA-BP-4992"",""TCGA-BP-5000"",""TCGA-BP-5001"",""TCGA-BP-5009"",""TCGA-BP-5200"",""TCGA-CJ-6027"",""TCGA-CZ-5988"",""TCGA-G6-A5PC""],""set_id"":""C0002""},{""member_ids"":[""TCGA-B0-5115"",""TCGA-B0-5696"",""TCGA-B0-5697"",""TCGA-B0-5698"",""TCGA-B0-5812"",""TCGA-BP-4976"",""TCGA-BP-4982"",""TCGA-BP-4999"",""TCGA-BP-5004"",""TCGA-BP-5006"",""TCGA-BP-5007"",""TCGA-BP-5181"",""TCGA-BP-5183"",""TCGA-BP-5184"",""TCGA-BP-5187"",""TCGA-BP-5192"",""TCGA-BP-5194"",""TCGA-BP-5195"",""TCGA-CJ-4904"",""TCGA-CZ-5451""],""set_id"":""C0003""},{""member_ids"":[""TCGA-B0-5117"",""TCGA-B8-4619"",""TCGA-B8-5546"",""TCGA-BP-4782"",""TCGA-BP-4965"",""TCGA-BP-4970"",""TCGA-BP-4972"",""TCGA-BP-4994"",""TCGA-BP-4995"",""TCGA-BP-5174"",""TCGA-BP-5186"",""TCGA-BP-5189"",""TCGA-BP-5190""],""set_id"":""C0004""},{""member_ids"":[""TCGA-B0-5702"",""TCGA-B0-5706"",""TCGA-B8-4148"",""TCGA-B8-5158"",""TCGA-B8-5159"",""TCGA-B8-5162"",""TCGA-B8-5164"",""TCGA-B8-5165"",""TCGA-B8-5549"",""TCGA-B8-5553"",""TCGA-B8-A54F"",""TCGA-BP-4967"",""TCGA-BP-4989"",""TCGA-CZ-4859"",""TCGA-CZ-4863"",""TCGA-CZ-4865"",""TCGA-CZ-5984"",""TCGA-G6-A8L7""],""set_id"":""C0005""},{""member_ids"":[""TCGA-B0-5709"",""TCGA-B8-5550"",""TCGA-BP-4167"",""TCGA-BP-4770"",""TCGA-BP-4962"",""TCGA-BP-5196"",""TCGA-CJ-4903"",""TCGA-CJ-4923"",""TCGA-CJ-6033""],""set_id"":""C0006""},{""member_ids"":[""TCGA-B8-5551"",""TCGA-B8-A54E"",""TCGA-B8-A54G"",""TCGA-BP-5180"",""TCGA-CJ-4637"",""TCGA-CJ-4641"",""TCGA-CJ-4900"",""TCGA-CJ-6028"",""TCGA-CJ-6030"",""TCGA-CZ-5462"",""TCGA-CZ-5985""],""set_id"":""C0007""},{""member_ids"":[""TCGA-BP-4988"",""TCGA-CJ-4902""],""set_id"":""C0008""}]",review_complete,C0003,C0004,accept,drop,0.000685,0.038149,0.043103,0.038149,0.000693,0.000661,True,True,0.001732,0.021987,0.021987,0.032026,0.04346,0.507908,0.59636,0.507908,0.017423,0.20447,0.20447,0.290241,0.000244,0.009395,0.019625,0.009395
8,1,1,"[{""member_ids"":[""TCGA-B0-4712"",""TCGA-B0-4821"",""TCGA-B0-5081"",""TCGA-B0-5088"",""TCGA-B0-5106"",""TCGA-B0-5703"",""TCGA-BP-4960"",""TCGA-BP-4971"",""TCGA-BP-4986"",""TCGA-BP-5010"",""TCGA-BP-5175"",""TCGA-BP-5191"",""TCGA-BP-5199"",""TCGA-CZ-5468""],""set_id"":""C0001""},{""member_ids"":[""TCGA-B0-5085"",""TCGA-B0-5712"",""TCGA-B8-4151"",""TCGA-B8-4153"",""TCGA-B8-4622"",""TCGA-B8-A54D"",""TCGA-BP-4164"",""TCGA-BP-4977"",""TCGA-BP-4992"",""TCGA-BP-5000"",""TCGA-BP-5001"",""TCGA-BP-5009"",""TCGA-BP-5200"",""TCGA-CJ-6027"",""TCGA-CZ-5988"",""TCGA-G6-A5PC""],""set_id"":""C0002""},{""member_ids"":[""TCGA-B0-5115"",""TCGA-B0-5696"",""TCGA-B0-5697"",""TCGA-B0-5698"",""TCGA-B0-5812"",""TCGA-BP-4976"",""TCGA-BP-4982"",""TCGA-BP-4999"",""TCGA-BP-5004"",""TCGA-BP-5006"",""TCGA-BP-5007"",""TCGA-BP-5181"",""TCGA-BP-5183"",""TCGA-BP-5184"",""TCGA-BP-5187"",""TCGA-BP-5192"",""TCGA-BP-5194"",""TCGA-BP-5195"",""TCGA-CJ-4904"",""TCGA-CZ-5451""],""set_id"":""C0003""},{""member_ids"":[""TCGA-B0-5117"",""TCGA-B8-4619"",""TCGA-B8-5546"",""TCGA-BP-4782"",""TCGA-BP-4965"",""TCGA-BP-4970"",""TCGA-BP-4972"",""TCGA-BP-4994"",""TCGA-BP-4995"",""TCGA-BP-5174"",""TCGA-BP-5186"",""TCGA-BP-5189"",""TCGA-BP-5190""],""set_id"":""C0004""},{""member_ids"":[""TCGA-B0-5702"",""TCGA-B0-5706"",""TCGA-B8-4148"",""TCGA-B8-5158"",""TCGA-B8-5159"",""TCGA-B8-5162"",""TCGA-B8-5164"",""TCGA-B8-5165"",""TCGA-B8-5549"",""TCGA-B8-5553"",""TCGA-B8-A54F"",""TCGA-BP-4967"",""TCGA-BP-4989"",""TCGA-CZ-4859"",""TCGA-CZ-4863"",""TCGA-CZ-4865"",""TCGA-CZ-5984"",""TCGA-G6-A8L7""],""set_id"":""C0005""},{""member_ids"":[""TCGA-B0-5709"",""TCGA-B8-5550"",""TCGA-BP-4167"",""TCGA-BP-4770"",""TCGA-BP-4962"",""TCGA-BP-5196"",""TCGA-CJ-4903"",""TCGA-CJ-4923"",""TCGA-CJ-6033""],""set_id"":""C0006""},{""member_ids"":[""TCGA-B8-5551"",""TCGA-B8-A54E"",""TCGA-B8-A54G"",""TCGA-BP-5180"",""TCGA-CJ-4637"",""TCGA-CJ-4641"",""TCGA-CJ-4900"",""TCGA-CJ-6028"",""TCGA-CJ-6030"",""TCGA-CZ-5462"",""TCGA-CZ-5985""],""set_id"":""C0007""},{""member_ids"":[""TCGA-BP-4988"",""TCGA-CJ-4902""],""set_id"":""C0008""}]",review_complete,C0003,C0005,accept,drop,0.000969,0.052454,0.054752,0.052454,0.000913,0.001111,True,False,0.005521,-0.01813,-0.01813,0.746358,0.044228,0.530905,0.642555,0.530905,0.016977,0.040523,0.284406,0.040523,0.000317,0.010751,0.02521,0.010751
8,1,1,"[{""member_ids"":[""TCGA-B0-4712"",""TCGA-B0-4821"",""TCGA-B0-5081"",""TCGA-B0-5088"",""TCGA-B0-5106"",""TCGA-B0-5703"",""TCGA-BP-4960"",""TCGA-BP-4971"",""TCGA-BP-4986"",""TCGA-BP-5010"",""TCGA-BP-5175"",""TCGA-BP-5191"",""TCGA-BP-5199"",""TCGA-CZ-5468""],""set_id"":""C0001""},{""member_ids"":[""TCGA-B0-5085"",""TCGA-B0-5712"",""TCGA-B8-4151"",""TCGA-B8-4153"",""TCGA-B8-4622"",""TCGA-B8-A54D"",""TCGA-BP-4164"",""TCGA-BP-4977"",""TCGA-BP-4992"",""TCGA-BP-5000"",""TCGA-BP-5001"",""TCGA-BP-5009"",""TCGA-BP-5200"",""TCGA-CJ-6027"",""TCGA-CZ-5988"",""TCGA-G6-A5PC""],""set_id"":""C0002""},{""member_ids"":[""TCGA-B0-5115"",""TCGA-B0-5696"",""TCGA-B0-5697"",""TCGA-B0-5698"",""TCGA-B0-5812"",""TCGA-BP-4976"",""TCGA-BP-4982"",""TCGA-BP-4999"",""TCGA-BP-5004"",""TCGA-BP-5006"",""TCGA-BP-5007"",""TCGA-BP-5181"",""TCGA-BP-5183"",""TCGA-BP-5184"",""TCGA-BP-5187"",""TCGA-BP-5192"",""TCGA-BP-5194"",""TCGA-BP-5195"",""TCGA-CJ-4904"",""TCGA-CZ-5451""],""set_id"":""C0003""},{""member_ids"":[""TCGA-B0-5117"",""TCGA-B8-4619"",""TCGA-B8-5546"",""TCGA-BP-4782"",""TCGA-BP-4965"",""TCGA-BP-4970"",""TCGA-BP-4972"",""TCGA-BP-4994"",""TCGA-BP-4995"",""TCGA-BP-5174"",""TCGA-BP-5186"",""TCGA-BP-5189"",""TCGA-BP-5190""],""set_id"":""C0004""},{""member_ids"":[""TCGA-B0-5702"",""TCGA-B0-5706"",""TCGA-B8-4148"",""TCGA-B8-5158"",""TCGA-B8-5159"",""TCGA-B8-5162"",""TCGA-B8-5164"",""TCGA-B8-5165"",""TCGA-B8-5549"",""TCGA-B8-5553"",""TCGA-B8-A54F"",""TCGA-BP-4967"",""TCGA-BP-4989"",""TCGA-CZ-4859"",""TCGA-CZ-4863"",""TCGA-CZ-4865"",""TCGA-CZ-5984"",""TCGA-G6-A8L7""],""set_id"":""C0005""},{""member_ids"":[""TCGA-B0-5709"",""TCGA-B8-5550"",""TCGA-BP-4167"",""TCGA-BP-4770"",""TCGA-BP-4962"",""TCGA-BP-5196"",""TCGA-CJ-4903"",""TCGA-CJ-4923"",""TCGA-CJ-6033""],""set_id"":""C0006""},{""member_ids"":[""TCGA-B8-5551"",""TCGA-B8-A54E"",""TCGA-B8-A54G"",""TCGA-BP-5180"",""TCGA-CJ-4637"",""TCGA-CJ-4641"",""TCGA-CJ-4900"",""TCGA-CJ-6028"",""TCGA-CJ-6030"",""TCGA-CZ-5462"",""TCGA-CZ-5985""],""set_id"":""C0007""},{""member_ids"":[""TCGA-BP-4988"",""TCGA-CJ-4902""],""set_id"":""C0008""}]",review_complete,C0003,C0006,accept,drop,0.001143,0.058562,0.059926,0.058562,0.00122,0.0009,True,False,0.004686,0.041812,0.05077,0.041812,0.053696,0.416922,0.636367,0.416922,0.05599,0.4779,0.484158,0.4779,0.000639,0.015911,0.033477,0.015911
8,1,1,"[{""member_ids"":[""TCGA-B0-4712"",""TCGA-B0-4821"",""TCGA-B0-5081"",""TCGA-B0-5088"",""TCGA-B0-5106"",""TCGA-B0-5703"",""TCGA-BP-4960"",""TCGA-BP-4971"",""TCGA-BP-4986"",""TCGA-BP-5010"",""TCGA-BP-5175"",""TCGA-BP-5191"",""TCGA-BP-5199"",""TCGA-CZ-5468""],""set_id"":""C0001""},{""member_ids"":[""TCGA-B0-5085"",""TCGA-B0-5712"",""TCGA-B8-4151"",""TCGA-B8-4153"",""TCGA-B8-4622"",""TCGA-B8-A54D"",""TCGA-BP-4164"",""TCGA-BP-4977"",""TCGA-BP-4992"",""TCGA-BP-5000"",""TCGA-BP-5001"",""TCGA-BP-5009"",""TCGA-BP-5200"",""TCGA-CJ-6027"",""TCGA-CZ-5988"",""TCGA-G6-A5PC""],""set_id"":""C0002""},{""member_ids"":[""TCGA-B0-5115"",""TCGA-B0-5696"",""TCGA-B0-5697"",""TCGA-B0-5698"",""TCGA-B0-5812"",""TCGA-BP-4976"",""TCGA-BP-4982"",""TCGA-BP-4999"",""TCGA-BP-5004"",""TCGA-BP-5006"",""TCGA-BP-5007"",""TCGA-BP-5181"",""TCGA-BP-5183"",""TCGA-BP-5184"",""TCGA-BP-5187"",""TCGA-BP-5192"",""TCGA-BP-5194"",""TCGA-BP-5195"",""TCGA-CJ-4904"",""TCGA-CZ-5451""],""set_id"":""C0003""},{""member_ids"":[""TCGA-B0-5117"",""TCGA-B8-4619"",""TCGA-B8-5546"",""TCGA-BP-4782"",""TCGA-BP-4965"",""TCGA-BP-4970"",""TCGA-BP-4972"",""TCGA-BP-4994"",""TCGA-BP-4995"",""TCGA-BP-5174"",""TCGA-BP-5186"",""TCGA-BP-5189"",""TCGA-BP-5190""],""set_id"":""C0004""},{""member_ids"":[""TCGA-B0-5702"",""TCGA-B0-5706"",""TCGA-B8-4148"",""TCGA-B8-5158"",""TCGA-B8-5159"",""TCGA-B8-5162"",""TCGA-B8-5164"",""TCGA-B8-5165"",""TCGA-B8-5549"",""TCGA-B8-5553"",""TCGA-B8-A54F"",""TCGA-BP-4967"",""TCGA-BP-4989"",""TCGA-CZ-4859"",""TCGA-CZ-4863"",""TCGA-CZ-4865"",""TCGA-CZ-5984"",""TCGA-G6-A8L7""],""set_id"":""C0005""},{""member_ids"":[""TCGA-B0-5709"",""TCGA-B8-5550"",""TCGA-BP-4167"",""TCGA-BP-4770"",""TCGA-BP-4962"",""TCGA-BP-5196"",""TCGA-CJ-4903"",""TCGA-CJ-4923"",""TCGA-CJ-6033""],""set_id"":""C0006""},{""member_ids"":[""TCGA-B8-5551"",""TCGA-B8-A54E"",""TCGA-B8-A54G"",""TCGA-BP-5180"",""TCGA-CJ-4637"",""TCGA-CJ-4641"",""TCGA-CJ-4900"",""TCGA-CJ-6028"",""TCGA-CJ-6030"",""TCGA-CZ-5462"",""TCGA-CZ-5985""],""set_id"":""C0007""},{""member_ids"":[""TCGA-BP-4988"",""TCGA-CJ-4902""],""set_id"":""C0008""}]",review_complete,C0003,C0007,accept,accept,0.001212,0.053994,0.053994,0.05844,0.001093,0.001202,True,False,0.001413,-0.035466,-0.035466,0.11,0.043783,0.348598,0.510485,0.348598,0.061945,0.542953,0.542953,0.587925,0.00045,0.022246,0.022246,0.029267
8,1,1,"[{""member_ids"":[""TCGA-B0-4712"",""TCGA-B0-4821"",""TCGA-B0-5081"",""TCGA-B0-5088"",""TCGA-B0-5106"",""TCGA-B0-5703"",""TCGA-BP-4960"",""TCGA-BP-4971"",""TCGA-BP-4986"",""TCGA-BP-5010"",""TCGA-BP-5175"",""TCGA-BP-5191"",""TCGA-BP-5199"",""TCGA-CZ-5468""],""set_id"":""C0001""},{""member_ids"":[""TCGA-B0-5085"",""TCGA-B0-5712"",""TCGA-B8-4151"",""TCGA-B8-4153"",""TCGA-B8-4622"",""TCGA-B8-A54D"",""TCGA-BP-4164"",""TCGA-BP-4977"",""TCGA-BP-4992"",""TCGA-BP-5000"",""TCGA-BP-5001"",""TCGA-BP-5009"",""TCGA-BP-5200"",""TCGA-CJ-6027"",""TCGA-CZ-5988"",""TCGA-G6-A5PC""],""set_id"":""C0002""},{""member_ids"":[""TCGA-B0-5115"",""TCGA-B0-5696"",""TCGA-B0-5697"",""TCGA-B0-5698"",""TCGA-B0-5812"",""TCGA-BP-4976"",""TCGA-BP-4982"",""TCGA-BP-4999"",""TCGA-BP-5004"",""TCGA-BP-5006"",""TCGA-BP-5007"",""TCGA-BP-5181"",""TCGA-BP-5183"",""TCGA-BP-5184"",""TCGA-BP-5187"",""TCGA-BP-5192"",""TCGA-BP-5194"",""TCGA-BP-5195"",""TCGA-CJ-4904"",""TCGA-CZ-5451""],""set_id"":""C0003""},{""member_ids"":[""TCGA-B0-5117"",""TCGA-B8-4619"",""TCGA-B8-5546"",""TCGA-BP-4782"",""TCGA-BP-4965"",""TCGA-BP-4970"",""TCGA-BP-4972"",""TCGA-BP-4994"",""TCGA-BP-4995"",""TCGA-BP-5174"",""TCGA-BP-5186"",""TCGA-BP-5189"",""TCGA-BP-5190""],""set_id"":""C0004""},{""member_ids"":[""TCGA-B0-5702"",""TCGA-B0-5706"",""TCGA-B8-4148"",""TCGA-B8-5158"",""TCGA-B8-5159"",""TCGA-B8-5162"",""TCGA-B8-5164"",""TCGA-B8-5165"",""TCGA-B8-5549"",""TCGA-B8-5553"",""TCGA-B8-A54F"",""TCGA-BP-4967"",""TCGA-BP-4989"",""TCGA-CZ-4859"",""TCGA-CZ-4863"",""TCGA-CZ-4865"",""TCGA-CZ-5984"",""TCGA-G6-A8L7""],""set_id"":""C0005""},{""member_ids"":[""TCGA-B0-5709"",""TCGA-B8-5550"",""TCGA-BP-4167"",""TCGA-BP-4770"",""TCGA-BP-4962"",""TCGA-BP-5196"",""TCGA-CJ-4903"",""TCGA-CJ-4923"",""TCGA-CJ-6033""],""set_id"":""C0006""},{""member_ids"":[""TCGA-B8-5551"",""TCGA-B8-A54E"",""TCGA-B8-A54G"",""TCGA-BP-5180"",""TCGA-CJ-4637"",""TCGA-CJ-4641"",""TCGA-CJ-4900"",""TCGA-CJ-6028"",""TCGA-CJ-6030"",""TCGA-CZ-5462"",""TCGA-CZ-5985""],""set_id"":""C0007""},{""member_ids"":[""TCGA-BP-4988"",""TCGA-CJ-4902""],""set_id"":""C0008""}]",review_complete,C0003,C0008,accept,drop,0.001241,0.060603,0.060603,0.068823,0.001208,0.001295,True,True,0.009805,-0.332641,0.109181,-0.332641,0.0607,0.209883,0.607228,0.209883,0.06255,0.524781,0.524781,0.725107,0.000244,-0.008544,0.004506,-0.008544
8,1,1,"[{""member_ids"":[""TCGA-B0-4712"",""TCGA-B0-4821"",""TCGA-B0-5081"",""TCGA-B0-5088"",""TCGA-B0-5106"",""TCGA-B0-5703"",""TCGA-BP-4960"",""TCGA-BP-4971"",""TCGA-BP-4986"",""TCGA-BP-5010"",""TCGA-BP-5175"",""TCGA-BP-5191"",""TCGA-BP-5199"",""TCGA-CZ-5468""],""set_id"":""C0001""},{""member_ids"":[""TCGA-B0-5085"",""TCGA-B0-5712"",""TCGA-B8-4151"",""TCGA-B8-4153"",""TCGA-B8-4622"",""TCGA-B8-A54D"",""TCGA-BP-4164"",""TCGA-BP-4977"",""TCGA-BP-4992"",""TCGA-BP-5000"",""TCGA-BP-5001"",""TCGA-BP-5009"",""TCGA-BP-5200"",""TCGA-CJ-6027"",""TCGA-CZ-5988"",""TCGA-G6-A5PC""],""set_id"":""C0002""},{""member_ids"":[""TCGA-B0-5115"",""TCGA-B0-5696"",""TCGA-B0-5697"",""TCGA-B0-5698"",""TCGA-B0-5812"",""TCGA-BP-4976"",""TCGA-BP-4982"",""TCGA-BP-4999"",""TCGA-BP-5004"",""TCGA-BP-5006"",""TCGA-BP-5007"",""TCGA-BP-5181"",""TCGA-BP-5183"",""TCGA-BP-5184"",""TCGA-BP-5187"",""TCGA-BP-5192"",""TCGA-BP-5194"",""TCGA-BP-5195"",""TCGA-CJ-4904"",""TCGA-CZ-5451""],""set_id"":""C0003""},{""member_ids"":[""TCGA-B0-5117"",""TCGA-B8-4619"",""TCGA-B8-5546"",""TCGA-BP-4782"",""TCGA-BP-4965"",""TCGA-BP-4970"",""TCGA-BP-4972"",""TCGA-BP-4994"",""TCGA-BP-4995"",""TCGA-BP-5174"",""TCGA-BP-5186"",""TCGA-BP-5189"",""TCGA-BP-5190""],""set_id"":""C0004""},{""member_ids"":[""TCGA-B0-5702"",""TCGA-B0-5706"",""TCGA-B8-4148"",""TCGA-B8-5158"",""TCGA-B8-5159"",""TCGA-B8-5162"",""TCGA-B8-5164"",""TCGA-B8-5165"",""TCGA-B8-5549"",""TCGA-B8-5553"",""TCGA-B8-A54F"",""TCGA-BP-4967"",""TCGA-BP-4989"",""TCGA-CZ-4859"",""TCGA-CZ-4863"",""TCGA-CZ-4865"",""TCGA-CZ-5984"",""TCGA-G6-A8L7""],""set_id"":""C0005""},{""member_ids"":[""TCGA-B0-5709"",""TCGA-B8-5550"",""TCGA-BP-4167"",""TCGA-BP-4770"",""TCGA-BP-4962"",""TCGA-BP-5196"",""TCGA-CJ-4903"",""TCGA-CJ-4923"",""TCGA-CJ-6033""],""set_id"":""C0006""},{""member_ids"":[""TCGA-B8-5551"",""TCGA-B8-A54E"",""TCGA-B8-A54G"",""TCGA-BP-5180"",""TCGA-CJ-4637"",""TCGA-CJ-4641"",""TCGA-CJ-4900"",""TCGA-CJ-6028"",""TCGA-CJ-6030"",""TCGA-CZ-5462"",""TCGA-CZ-5985""],""set_id"":""C0007""},{""member_ids"":[""TCGA-BP-4988"",""TCGA-CJ-4902""],""set_id"":""C0008""}]",review_complete,C0004,C0005,drop,drop,0.00093,0.046409,0.046409,0.04906,0.000865,0.000972,True,False,0.015988,0.129582,0.129582,0.801603,0.031562,0.374475,0.411283,0.374475,0.00541,0.004465,0.334445,0.004465,8.2e-05,0.000123,0.004354,0.000123
8,1,1,"[{""member_ids"":[""TCGA-B0-4712"",""TCGA-B0-4821"",""TCGA-B0-5081"",""TCGA-B0-5088"",""TCGA-B0-5106"",""TCGA-B0-5703"",""TCGA-BP-4960"",""TCGA-BP-4971"",""TCGA-BP-4986"",""TCGA-BP-5010"",""TCGA-BP-5175"",""TCGA-BP-5191"",""TCGA-BP-5199"",""TCGA-CZ-5468""],""set_id"":""C0001""},{""member_ids"":[""TCGA-B0-5085"",""TCGA-B0-5712"",""TCGA-B8-4151"",""TCGA-B8-4153"",""TCGA-B8-4622"",""TCGA-B8-A54D"",""TCGA-BP-4164"",""TCGA-BP-4977"",""TCGA-BP-4992"",""TCGA-BP-5000"",""TCGA-BP-5001"",""TCGA-BP-5009"",""TCGA-BP-5200"",""TCGA-CJ-6027"",""TCGA-CZ-5988"",""TCGA-G6-A5PC""],""set_id"":""C0002""},{""member_ids"":[""TCGA-B0-5115"",""TCGA-B0-5696"",""TCGA-B0-5697"",""TCGA-B0-5698"",""TCGA-B0-5812"",""TCGA-BP-4976"",""TCGA-BP-4982"",""TCGA-BP-4999"",""TCGA-BP-5004"",""TCGA-BP-5006"",""TCGA-BP-5007"",""TCGA-BP-5181"",""TCGA-BP-5183"",""TCGA-BP-5184"",""TCGA-BP-5187"",""TCGA-BP-5192"",""TCGA-BP-5194"",""TCGA-BP-5195"",""TCGA-CJ-4904"",""TCGA-CZ-5451""],""set_id"":""C0003""},{""member_ids"":[""TCGA-B0-5117"",""TCGA-B8-4619"",""TCGA-B8-5546"",""TCGA-BP-4782"",""TCGA-BP-4965"",""TCGA-BP-4970"",""TCGA-BP-4972"",""TCGA-BP-4994"",""TCGA-BP-4995"",""TCGA-BP-5174"",""TCGA-BP-5186"",""TCGA-BP-5189"",""TCGA-BP-5190""],""set_id"":""C0004""},{""member_ids"":[""TCGA-B0-5702"",""TCGA-B0-5706"",""TCGA-B8-4148"",""TCGA-B8-5158"",""TCGA-B8-5159"",""TCGA-B8-5162"",""TCGA-B8-5164"",""TCGA-B8-5165"",""TCGA-B8-5549"",""TCGA-B8-5553"",""TCGA-B8-A54F"",""TCGA-BP-4967"",""TCGA-BP-4989"",""TCGA-CZ-4859"",""TCGA-CZ-4863"",""TCGA-CZ-4865"",""TCGA-CZ-5984"",""TCGA-G6-A8L7""],""set_id"":""C0005""},{""member_ids"":[""TCGA-B0-5709"",""TCGA-B8-5550"",""TCGA-BP-4167"",""TCGA-BP-4770"",""TCGA-BP-4962"",""TCGA-BP-5196"",""TCGA-CJ-4903"",""TCGA-CJ-4923"",""TCGA-CJ-6033""],""set_id"":""C0006""},{""member_ids"":[""TCGA-B8-5551"",""TCGA-B8-A54E"",""TCGA-B8-A54G"",""TCGA-BP-5180"",""TCGA-CJ-4637"",""TCGA-CJ-4641"",""TCGA-CJ-4900"",""TCGA-CJ-6028"",""TCGA-CJ-6030"",""TCGA-CZ-5462"",""TCGA-CZ-5985""],""set_id"":""C0007""},{""member_ids"":[""TCGA-BP-4988"",""TCGA-CJ-4902""],""set_id"":""C0008""}]",review_complete,C0004,C0006,drop,drop,0.001007,0.059437,0.059437,0.063017,0.000974,0.001318,True,True,0.009338,0.139996,0.158595,0.139996,0.035564,0.584324,0.690816,0.584324,0.034929,0.376655,0.458756,0.376655,0.000139,0.005862,0.013206,0.005862
8,1,1,"[{""member_ids"":[""TCGA-B0-4712"",""TCGA-B0-4821"",""TCGA-B0-5081"",""TCGA-B0-5088"",""TCGA-B0-5106"",""TCGA-B0-5703"",""TCGA-BP-4960"",""TCGA-BP-4971"",""TCGA-BP-4986"",""TCGA-BP-5010"",""TCGA-BP-5175"",""TCGA-BP-5191"",""TCGA-BP-5199"",""TCGA-CZ-5468""],""set_id"":""C0001""},{""member_ids"":[""TCGA-B0-5085"",""TCGA-B0-5712"",""TCGA-B8-4151"",""TCGA-B8-4153"",""TCGA-B8-4622"",""TCGA-B8-A54D"",""TCGA-BP-4164"",""TCGA-BP-4977"",""TCGA-BP-4992"",""TCGA-BP-5000"",""TCGA-BP-5001"",""TCGA-BP-5009"",""TCGA-BP-5200"",""TCGA-CJ-6027"",""TCGA-CZ-5988"",""TCGA-G6-A5PC""],""set_id"":""C0002""},{""member_ids"":[""TCGA-B0-5115"",""TCGA-B0-5696"",""TCGA-B0-5697"",""TCGA-B0-5698"",""TCGA-B0-5812"",""TCGA-BP-4976"",""TCGA-BP-4982"",""TCGA-BP-4999"",""TCGA-BP-5004"",""TCGA-BP-5006"",""TCGA-BP-5007"",""TCGA-BP-5181"",""TCGA-BP-5183"",""TCGA-BP-5184"",""TCGA-BP-5187"",""TCGA-BP-5192"",""TCGA-BP-5194"",""TCGA-BP-5195"",""TCGA-CJ-4904"",""TCGA-CZ-5451""],""set_id"":""C0003""},{""member_ids"":[""TCGA-B0-5117"",""TCGA-B8-4619"",""TCGA-B8-5546"",""TCGA-BP-4782"",""TCGA-BP-4965"",""TCGA-BP-4970"",""TCGA-BP-4972"",""TCGA-BP-4994"",""TCGA-BP-4995"",""TCGA-BP-5174"",""TCGA-BP-5186"",""TCGA-BP-5189"",""TCGA-BP-5190""],""set_id"":""C0004""},{""member_ids"":[""TCGA-B0-5702"",""TCGA-B0-5706"",""TCGA-B8-4148"",""TCGA-B8-5158"",""TCGA-B8-5159"",""TCGA-B8-5162"",""TCGA-B8-5164"",""TCGA-B8-5165"",""TCGA-B8-5549"",""TCGA-B8-5553"",""TCGA-B8-A54F"",""TCGA-BP-4967"",""TCGA-BP-4989"",""TCGA-CZ-4859"",""TCGA-CZ-4863"",""TCGA-CZ-4865"",""TCGA-CZ-5984"",""TCGA-G6-A8L7""],""set_id"":""C0005""},{""member_ids"":[""TCGA-B0-5709"",""TCGA-B8-5550"",""TCGA-BP-4167"",""TCGA-BP-4770"",""TCGA-BP-4962"",""TCGA-BP-5196"",""TCGA-CJ-4903"",""TCGA-CJ-4923"",""TCGA-CJ-6033""],""set_id"":""C0006""},{""member_ids"":[""TCGA-B8-5551"",""TCGA-B8-A54E"",""TCGA-B8-A54G"",""TCGA-BP-5180"",""TCGA-CJ-4637"",""TCGA-CJ-4641"",""TCGA-CJ-4900"",""TCGA-CJ-6028"",""TCGA-CJ-6030"",""TCGA-CZ-5462"",""TCGA-CZ-5985""],""set_id"":""C0007""},{""member_ids"":[""TCGA-BP-4988"",""TCGA-CJ-4902""],""set_id"":""C0008""}]",review_complete,C0004,C0007,drop,accept,0.001048,0.047643,0.047643,0.057038,0.00091,0.001074,True,False,0.009557,0.058748,0.058748,0.192273,0.029292,0.311054,0.374526,0.311054,0.037597,0.425007,0.445497,0.425007,0.000257,0.015975,0.015975,0.033222
8,1,1,"[{""member_ids"":[""TCGA-B0-4712"",""TCGA-B0-4821"",""TCGA-B0-5081"",""TCGA-B0-5088"",""TCGA-B0-5106"",""TCGA-B0-5703"",""TCGA-BP-4960"",""TCGA-BP-4971"",""TCGA-BP-4986"",""TCGA-BP-5010"",""TCGA-BP-5175"",""TCGA-BP-5191"",""TCGA-BP-5199"",""TCGA-CZ-5468""],""set_id"":""C0001""},{""member_ids"":[""TCGA-B0-5085"",""TCGA-B0-5712"",""TCGA-B8-4151"",""TCGA-B8-4153"",""TCGA-B8-4622"",""TCGA-B8-A54D"",""TCGA-BP-4164"",""TCGA-BP-4977"",""TCGA-BP-4992"",""TCGA-BP-5000"",""TCGA-BP-5001"",""TCGA-BP-5009"",""TCGA-BP-5200"",""TCGA-CJ-6027"",""TCGA-CZ-5988"",""TCGA-G6-A5PC""],""set_id"":""C0002""},{""member_ids"":[""TCGA-B0-5115"",""TCGA-B0-5696"",""TCGA-B0-5697"",""TCGA-B0-5698"",""TCGA-B0-5812"",""TCGA-BP-4976"",""TCGA-BP-4982"",""TCGA-BP-4999"",""TCGA-BP-5004"",""TCGA-BP-5006"",""TCGA-BP-5007"",""TCGA-BP-5181"",""TCGA-BP-5183"",""TCGA-BP-5184"",""TCGA-BP-5187"",""TCGA-BP-5192"",""TCGA-BP-5194"",""TCGA-BP-5195"",""TCGA-CJ-4904"",""TCGA-CZ-5451""],""set_id"":""C0003""},{""member_ids"":[""TCGA-B0-5117"",""TCGA-B8-4619"",""TCGA-B8-5546"",""TCGA-BP-4782"",""TCGA-BP-4965"",""TCGA-BP-4970"",""TCGA-BP-4972"",""TCGA-BP-4994"",""TCGA-BP-4995"",""TCGA-BP-5174"",""TCGA-BP-5186"",""TCGA-BP-5189"",""TCGA-BP-5190""],""set_id"":""C0004""},{""member_ids"":[""TCGA-B0-5702"",""TCGA-B0-5706"",""TCGA-B8-4148"",""TCGA-B8-5158"",""TCGA-B8-5159"",""TCGA-B8-5162"",""TCGA-B8-5164"",""TCGA-B8-5165"",""TCGA-B8-5549"",""TCGA-B8-5553"",""TCGA-B8-A54F"",""TCGA-BP-4967"",""TCGA-BP-4989"",""TCGA-CZ-4859"",""TCGA-CZ-4863"",""TCGA-CZ-4865"",""TCGA-CZ-5984"",""TCGA-G6-A8L7""],""set_id"":""C0005""},{""member_ids"":[""TCGA-B0-5709"",""TCGA-B8-5550"",""TCGA-BP-4167"",""TCGA-BP-4770"",""TCGA-BP-4962"",""TCGA-BP-5196"",""TCGA-CJ-4903"",""TCGA-CJ-4923"",""TCGA-CJ-6033""],""set_id"":""C0006""},{""member_ids"":[""TCGA-B8-5551"",""TCGA-B8-A54E"",""TCGA-B8-A54G"",""TCGA-BP-5180"",""TCGA-CJ-4637"",""TCGA-CJ-4641"",""TCGA-CJ-4900"",""TCGA-CJ-6028"",""TCGA-CJ-6030"",""TCGA-CZ-5462"",""TCGA-CZ-5985""],""set_id"":""C0007""},{""member_ids"":[""TCGA-BP-4988"",""TCGA-CJ-4902""],""set_id"":""C0008""}]",review_complete,C0004,C0008,drop,drop,0.000637,0.03518,0.03518,0.048374,0.000542,0.000928,True,False,0.01363,-0.260745,0.195984,-0.260745,3.3e-05,-0.335504,0.014878,-0.335504,0.038259,0.607893,0.607893,0.73958,0.000201,0.005157,0.007975,0.005157
8,1,1,"[{""member_ids"":[""TCGA-B0-4712"",""TCGA-B0-4821"",""TCGA-B0-5081"",""TCGA-B0-5088"",""TCGA-B0-5106"",""TCGA-B0-5703"",""TCGA-BP-4960"",""TCGA-BP-4971"",""TCGA-BP-4986"",""TCGA-BP-5010"",""TCGA-BP-5175"",""TCGA-BP-5191"",""TCGA-BP-5199"",""TCGA-CZ-5468""],""set_id"":""C0001""},{""member_ids"":[""TCGA-B0-5085"",""TCGA-B0-5712"",""TCGA-B8-4151"",""TCGA-B8-4153"",""TCGA-B8-4622"",""TCGA-B8-A54D"",""TCGA-BP-4164"",""TCGA-BP-4977"",""TCGA-BP-4992"",""TCGA-BP-5000"",""TCGA-BP-5001"",""TCGA-BP-5009"",""TCGA-BP-5200"",""TCGA-CJ-6027"",""TCGA-CZ-5988"",""TCGA-G6-A5PC""],""set_id"":""C0002""},{""member_ids"":[""TCGA-B0-5115"",""TCGA-B0-5696"",""TCGA-B0-5697"",""TCGA-B0-5698"",""TCGA-B0-5812"",""TCGA-BP-4976"",""TCGA-BP-4982"",""TCGA-BP-4999"",""TCGA-BP-5004"",""TCGA-BP-5006"",""TCGA-BP-5007"",""TCGA-BP-5181"",""TCGA-BP-5183"",""TCGA-BP-5184"",""TCGA-BP-5187"",""TCGA-BP-5192"",""TCGA-BP-5194"",""TCGA-BP-5195"",""TCGA-CJ-4904"",""TCGA-CZ-5451""],""set_id"":""C0003""},{""member_ids"":[""TCGA-B0-5117"",""TCGA-B8-4619"",""TCGA-B8-5546"",""TCGA-BP-4782"",""TCGA-BP-4965"",""TCGA-BP-4970"",""TCGA-BP-4972"",""TCGA-BP-4994"",""TCGA-BP-4995"",""TCGA-BP-5174"",""TCGA-BP-5186"",""TCGA-BP-5189"",""TCGA-BP-5190""],""set_id"":""C0004""},{""member_ids"":[""TCGA-B0-5702"",""TCGA-B0-5706"",""TCGA-B8-4148"",""TCGA-B8-5158"",""TCGA-B8-5159"",""TCGA-B8-5162"",""TCGA-B8-5164"",""TCGA-B8-5165"",""TCGA-B8-5549"",""TCGA-B8-5553"",""TCGA-B8-A54F"",""TCGA-BP-4967"",""TCGA-BP-4989"",""TCGA-CZ-4859"",""TCGA-CZ-4863"",""TCGA-CZ-4865"",""TCGA-CZ-5984"",""TCGA-G6-A8L7""],""set_id"":""C0005""},{""member_ids"":[""TCGA-B0-5709"",""TCGA-B8-5550"",""TCGA-BP-4167"",""TCGA-BP-4770"",""TCGA-BP-4962"",""TCGA-BP-5196"",""TCGA-CJ-4903"",""TCGA-CJ-4923"",""TCGA-CJ-6033""],""set_id"":""C0006""},{""member_ids"":[""TCGA-B8-5551"",""TCGA-B8-A54E"",""TCGA-B8-A54G"",""TCGA-BP-5180"",""TCGA-CJ-4637"",""TCGA-CJ-4641"",""TCGA-CJ-4900"",""TCGA-CJ-6028"",""TCGA-CJ-6030"",""TCGA-CZ-5462"",""TCGA-CZ-5985""],""set_id"":""C0007""},{""member_ids"":[""TCGA-BP-4988"",""TCGA-CJ-4902""],""set_id"":""C0008""}]",review_complete,C0005,C0006,drop,drop,0.000962,0.049742,0.049742,0.050676,0.000995,0.000894,True,True,0.024975,0.125704,0.806929,0.125704,0.031123,0.403701,0.511705,0.403701,0.018712,0.072793,0.072793,0.306523,-4e-05,-0.004319,-0.001206,-0.004319
8,1,1,"[{""member_ids"":[""TCGA-B0-4712"",""TCGA-B0-4821"",""TCGA-B0-5081"",""TCGA-B0-5088"",""TCGA-B0-5106"",""TCGA-B0-5703"",""TCGA-BP-4960"",""TCGA-BP-4971"",""TCGA-BP-4986"",""TCGA-BP-5010"",""TCGA-BP-5175"",""TCGA-BP-5191"",""TCGA-BP-5199"",""TCGA-CZ-5468""],""set_id"":""C0001""},{""member_ids"":[""TCGA-B0-5085"",""TCGA-B0-5712"",""TCGA-B8-4151"",""TCGA-B8-4153"",""TCGA-B8-4622"",""TCGA-B8-A54D"",""TCGA-BP-4164"",""TCGA-BP-4977"",""TCGA-BP-4992"",""TCGA-BP-5000"",""TCGA-BP-5001"",""TCGA-BP-5009"",""TCGA-BP-5200"",""TCGA-CJ-6027"",""TCGA-CZ-5988"",""TCGA-G6-A5PC""],""set_id"":""C0002""},{""member_ids"":[""TCGA-B0-5115"",""TCGA-B0-5696"",""TCGA-B0-5697"",""TCGA-B0-5698"",""TCGA-B0-5812"",""TCGA-BP-4976"",""TCGA-BP-4982"",""TCGA-BP-4999"",""TCGA-BP-5004"",""TCGA-BP-5006"",""TCGA-BP-5007"",""TCGA-BP-5181"",""TCGA-BP-5183"",""TCGA-BP-5184"",""TCGA-BP-5187"",""TCGA-BP-5192"",""TCGA-BP-5194"",""TCGA-BP-5195"",""TCGA-CJ-4904"",""TCGA-CZ-5451""],""set_id"":""C0003""},{""member_ids"":[""TCGA-B0-5117"",""TCGA-B8-4619"",""TCGA-B8-5546"",""TCGA-BP-4782"",""TCGA-BP-4965"",""TCGA-BP-4970"",""TCGA-BP-4972"",""TCGA-BP-4994"",""TCGA-BP-4995"",""TCGA-BP-5174"",""TCGA-BP-5186"",""TCGA-BP-5189"",""TCGA-BP-5190""],""set_id"":""C0004""},{""member_ids"":[""TCGA-B0-5702"",""TCGA-B0-5706"",""TCGA-B8-4148"",""TCGA-B8-5158"",""TCGA-B8-5159"",""TCGA-B8-5162"",""TCGA-B8-5164"",""TCGA-B8-5165"",""TCGA-B8-5549"",""TCGA-B8-5553"",""TCGA-B8-A54F"",""TCGA-BP-4967"",""TCGA-BP-4989"",""TCGA-CZ-4859"",""TCGA-CZ-4863"",""TCGA-CZ-4865"",""TCGA-CZ-5984"",""TCGA-G6-A8L7""],""set_id"":""C0005""},{""member_ids"":[""TCGA-B0-5709"",""TCGA-B8-5550"",""TCGA-BP-4167"",""TCGA-BP-4770"",""TCGA-BP-4962"",""TCGA-BP-5196"",""TCGA-CJ-4903"",""TCGA-CJ-4923"",""TCGA-CJ-6033""],""set_id"":""C0006""},{""member_ids"":[""TCGA-B8-5551"",""TCGA-B8-A54E"",""TCGA-B8-A54G"",""TCGA-BP-5180"",""TCGA-CJ-4637"",""TCGA-CJ-4641"",""TCGA-CJ-4900"",""TCGA-CJ-6028"",""TCGA-CJ-6030"",""TCGA-CZ-5462"",""TCGA-CZ-5985""],""set_id"":""C0007""},{""member_ids"":[""TCGA-BP-4988"",""TCGA-CJ-4902""],""set_id"":""C0008""}]",review_complete,C0005,C0007,drop,accept,0.000916,0.043809,0.043809,0.050559,0.00074,0.001092,True,False,0.013987,0.003598,0.686066,0.003598,0.03641,0.522886,0.543235,0.522886,0.015217,-0.011533,-0.011533,0.297291,0.000276,0.010957,0.010957,0.032434
8,1,1,"[{""member_ids"":[""TCGA-B0-4712"",""TCGA-B0-4821"",""TCGA-B0-5081"",""TCGA-B0-5088"",""TCGA-B0-5106"",""TCGA-B0-5703"",""TCGA-BP-4960"",""TCGA-BP-4971"",""TCGA-BP-4986"",""TCGA-BP-5010"",""TCGA-BP-5175"",""TCGA-BP-5191"",""TCGA-BP-5199"",""TCGA-CZ-5468""],""set_id"":""C0001""},{""member_ids"":[""TCGA-B0-5085"",""TCGA-B0-5712"",""TCGA-B8-4151"",""TCGA-B8-4153"",""TCGA-B8-4622"",""TCGA-B8-A54D"",""TCGA-BP-4164"",""TCGA-BP-4977"",""TCGA-BP-4992"",""TCGA-BP-5000"",""TCGA-BP-5001"",""TCGA-BP-5009"",""TCGA-BP-5200"",""TCGA-CJ-6027"",""TCGA-CZ-5988"",""TCGA-G6-A5PC""],""set_id"":""C0002""},{""member_ids"":[""TCGA-B0-5115"",""TCGA-B0-5696"",""TCGA-B0-5697"",""TCGA-B0-5698"",""TCGA-B0-5812"",""TCGA-BP-4976"",""TCGA-BP-4982"",""TCGA-BP-4999"",""TCGA-BP-5004"",""TCGA-BP-5006"",""TCGA-BP-5007"",""TCGA-BP-5181"",""TCGA-BP-5183"",""TCGA-BP-5184"",""TCGA-BP-5187"",""TCGA-BP-5192"",""TCGA-BP-5194"",""TCGA-BP-5195"",""TCGA-CJ-4904"",""TCGA-CZ-5451""],""set_id"":""C0003""},{""member_ids"":[""TCGA-B0-5117"",""TCGA-B8-4619"",""TCGA-B8-5546"",""TCGA-BP-4782"",""TCGA-BP-4965"",""TCGA-BP-4970"",""TCGA-BP-4972"",""TCGA-BP-4994"",""TCGA-BP-4995"",""TCGA-BP-5174"",""TCGA-BP-5186"",""TCGA-BP-5189"",""TCGA-BP-5190""],""set_id"":""C0004""},{""member_ids"":[""TCGA-B0-5702"",""TCGA-B0-5706"",""TCGA-B8-4148"",""TCGA-B8-5158"",""TCGA-B8-5159"",""TCGA-B8-5162"",""TCGA-B8-5164"",""TCGA-B8-5165"",""TCGA-B8-5549"",""TCGA-B8-5553"",""TCGA-B8-A54F"",""TCGA-BP-4967"",""TCGA-BP-4989"",""TCGA-CZ-4859"",""TCGA-CZ-4863"",""TCGA-CZ-4865"",""TCGA-CZ-5984"",""TCGA-G6-A8L7""],""set_id"":""C0005""},{""member_ids"":[""TCGA-B0-5709"",""TCGA-B8-5550"",""TCGA-BP-4167"",""TCGA-BP-4770"",""TCGA-BP-4962"",""TCGA-BP-5196"",""TCGA-CJ-4903"",""TCGA-CJ-4923"",""TCGA-CJ-6033""],""set_id"":""C0006""},{""member_ids"":[""TCGA-B8-5551"",""TCGA-B8-A54E"",""TCGA-B8-A54G"",""TCGA-BP-5180"",""TCGA-CJ-4637"",""TCGA-CJ-4641"",""TCGA-CJ-4900"",""TCGA-CJ-6028"",""TCGA-CJ-6030"",""TCGA-CZ-5462"",""TCGA-CZ-5985""],""set_id"":""C0007""},{""member_ids"":[""TCGA-BP-4988"",""TCGA-CJ-4902""],""set_id"":""C0008""}]",review_complete,C0005,C0008,drop,drop,0.001273,0.056557,0.056557,0.067077,0.001258,0.001264,True,False,0.038367,-0.16881,0.853197,-0.16881,0.031771,0.087517,0.38686,0.087517,0.022701,0.160125,0.160125,0.634465,0.00018,-0.002925,-0.002925,-0.001512
8,1,1,"[{""member_ids"":[""TCGA-B0-4712"",""TCGA-B0-4821"",""TCGA-B0-5081"",""TCGA-B0-5088"",""TCGA-B0-5106"",""TCGA-B0-5703"",""TCGA-BP-4960"",""TCGA-BP-4971"",""TCGA-BP-4986"",""TCGA-BP-5010"",""TCGA-BP-5175"",""TCGA-BP-5191"",""TCGA-BP-5199"",""TCGA-CZ-5468""],""set_id"":""C0001""},{""member_ids"":[""TCGA-B0-5085"",""TCGA-B0-5712"",""TCGA-B8-4151"",""TCGA-B8-4153"",""TCGA-B8-4622"",""TCGA-B8-A54D"",""TCGA-BP-4164"",""TCGA-BP-4977"",""TCGA-BP-4992"",""TCGA-BP-5000"",""TCGA-BP-5001"",""TCGA-BP-5009"",""TCGA-BP-5200"",""TCGA-CJ-6027"",""TCGA-CZ-5988"",""TCGA-G6-A5PC""],""set_id"":""C0002""},{""member_ids"":[""TCGA-B0-5115"",""TCGA-B0-5696"",""TCGA-B0-5697"",""TCGA-B0-5698"",""TCGA-B0-5812"",""TCGA-BP-4976"",""TCGA-BP-4982"",""TCGA-BP-4999"",""TCGA-BP-5004"",""TCGA-BP-5006"",""TCGA-BP-5007"",""TCGA-BP-5181"",""TCGA-BP-5183"",""TCGA-BP-5184"",""TCGA-BP-5187"",""TCGA-BP-5192"",""TCGA-BP-5194"",""TCGA-BP-5195"",""TCGA-CJ-4904"",""TCGA-CZ-5451""],""set_id"":""C0003""},{""member_ids"":[""TCGA-B0-5117"",""TCGA-B8-4619"",""TCGA-B8-5546"",""TCGA-BP-4782"",""TCGA-BP-4965"",""TCGA-BP-4970"",""TCGA-BP-4972"",""TCGA-BP-4994"",""TCGA-BP-4995"",""TCGA-BP-5174"",""TCGA-BP-5186"",""TCGA-BP-5189"",""TCGA-BP-5190""],""set_id"":""C0004""},{""member_ids"":[""TCGA-B0-5702"",""TCGA-B0-5706"",""TCGA-B8-4148"",""TCGA-B8-5158"",""TCGA-B8-5159"",""TCGA-B8-5162"",""TCGA-B8-5164"",""TCGA-B8-5165"",""TCGA-B8-5549"",""TCGA-B8-5553"",""TCGA-B8-A54F"",""TCGA-BP-4967"",""TCGA-BP-4989"",""TCGA-CZ-4859"",""TCGA-CZ-4863"",""TCGA-CZ-4865"",""TCGA-CZ-5984"",""TCGA-G6-A8L7""],""set_id"":""C0005""},{""member_ids"":[""TCGA-B0-5709"",""TCGA-B8-5550"",""TCGA-BP-4167"",""TCGA-BP-4770"",""TCGA-BP-4962"",""TCGA-BP-5196"",""TCGA-CJ-4903"",""TCGA-CJ-4923"",""TCGA-CJ-6033""],""set_id"":""C0006""},{""member_ids"":[""TCGA-B8-5551"",""TCGA-B8-A54E"",""TCGA-B8-A54G"",""TCGA-BP-5180"",""TCGA-CJ-4637"",""TCGA-CJ-4641"",""TCGA-CJ-4900"",""TCGA-CJ-6028"",""TCGA-CJ-6030"",""TCGA-CZ-5462"",""TCGA-CZ-5985""],""set_id"":""C0007""},{""member_ids"":[""TCGA-BP-4988"",""TCGA-CJ-4902""],""set_id"":""C0008""}]",review_complete,C0006,C0007,drop,accept,0.000755,0.039495,0.039495,0.045313,0.000685,0.000823,True,False,0.007478,0.029209,0.029209,0.182069,0.020606,0.258124,0.258124,0.356301,0.035814,0.285073,0.285073,0.351797,-3.3e-05,-0.013781,-0.013781,0.01082
8,1,1,"[{""member_ids"":[""TCGA-B0-4712"",""TCGA-B0-4821"",""TCGA-B0-5081"",""TCGA-B0-5088"",""TCGA-B0-5106"",""TCGA-B0-5703"",""TCGA-BP-4960"",""TCGA-BP-4971"",""TCGA-BP-4986"",""TCGA-BP-5010"",""TCGA-BP-5175"",""TCGA-BP-5191"",""TCGA-BP-5199"",""TCGA-CZ-5468""],""set_id"":""C0001""},{""member_ids"":[""TCGA-B0-5085"",""TCGA-B0-5712"",""TCGA-B8-4151"",""TCGA-B8-4153"",""TCGA-B8-4622"",""TCGA-B8-A54D"",""TCGA-BP-4164"",""TCGA-BP-4977"",""TCGA-BP-4992"",""TCGA-BP-5000"",""TCGA-BP-5001"",""TCGA-BP-5009"",""TCGA-BP-5200"",""TCGA-CJ-6027"",""TCGA-CZ-5988"",""TCGA-G6-A5PC""],""set_id"":""C0002""},{""member_ids"":[""TCGA-B0-5115"",""TCGA-B0-5696"",""TCGA-B0-5697"",""TCGA-B0-5698"",""TCGA-B0-5812"",""TCGA-BP-4976"",""TCGA-BP-4982"",""TCGA-BP-4999"",""TCGA-BP-5004"",""TCGA-BP-5006"",""TCGA-BP-5007"",""TCGA-BP-5181"",""TCGA-BP-5183"",""TCGA-BP-5184"",""TCGA-BP-5187"",""TCGA-BP-5192"",""TCGA-BP-5194"",""TCGA-BP-5195"",""TCGA-CJ-4904"",""TCGA-CZ-5451""],""set_id"":""C0003""},{""member_ids"":[""TCGA-B0-5117"",""TCGA-B8-4619"",""TCGA-B8-5546"",""TCGA-BP-4782"",""TCGA-BP-4965"",""TCGA-BP-4970"",""TCGA-BP-4972"",""TCGA-BP-4994"",""TCGA-BP-4995"",""TCGA-BP-5174"",""TCGA-BP-5186"",""TCGA-BP-5189"",""TCGA-BP-5190""],""set_id"":""C0004""},{""member_ids"":[""TCGA-B0-5702"",""TCGA-B0-5706"",""TCGA-B8-4148"",""TCGA-B8-5158"",""TCGA-B8-5159"",""TCGA-B8-5162"",""TCGA-B8-5164"",""TCGA-B8-5165"",""TCGA-B8-5549"",""TCGA-B8-5553"",""TCGA-B8-A54F"",""TCGA-BP-4967"",""TCGA-BP-4989"",""TCGA-CZ-4859"",""TCGA-CZ-4863"",""TCGA-CZ-4865"",""TCGA-CZ-5984"",""TCGA-G6-A8L7""],""set_id"":""C0005""},{""member_ids"":[""TCGA-B0-5709"",""TCGA-B8-5550"",""TCGA-BP-4167"",""TCGA-BP-4770"",""TCGA-BP-4962"",""TCGA-BP-5196"",""TCGA-CJ-4903"",""TCGA-CJ-4923"",""TCGA-CJ-6033""],""set_id"":""C0006""},{""member_ids"":[""TCGA-B8-5551"",""TCGA-B8-A54E"",""TCGA-B8-A54G"",""TCGA-BP-5180"",""TCGA-CJ-4637"",""TCGA-CJ-4641"",""TCGA-CJ-4900"",""TCGA-CJ-6028"",""TCGA-CJ-6030"",""TCGA-CZ-5462"",""TCGA-CZ-5985""],""set_id"":""C0007""},{""member_ids"":[""TCGA-BP-4988"",""TCGA-CJ-4902""],""set_id"":""C0008""}]",review_complete,C0006,C0008,drop,drop,0.000782,0.031252,0.031252,0.040864,0.000775,0.000789,True,False,0.001302,-0.340568,0.091446,-0.340568,0.017399,0.229059,0.394047,0.229059,0.018762,0.131159,0.131159,0.442614,0.000358,0.015833,0.015833,0.020359
8,1,1,"[{""member_ids"":[""TCGA-B0-4712"",""TCGA-B0-4821"",""TCGA-B0-5081"",""TCGA-B0-5088"",""TCGA-B0-5106"",""TCGA-B0-5703"",""TCGA-BP-4960"",""TCGA-BP-4971"",""TCGA-BP-4986"",""TCGA-BP-5010"",""TCGA-BP-5175"",""TCGA-BP-5191"",""TCGA-BP-5199"",""TCGA-CZ-5468""],""set_id"":""C0001""},{""member_ids"":[""TCGA-B0-5085"",""TCGA-B0-5712"",""TCGA-B8-4151"",""TCGA-B8-4153"",""TCGA-B8-4622"",""TCGA-B8-A54D"",""TCGA-BP-4164"",""TCGA-BP-4977"",""TCGA-BP-4992"",""TCGA-BP-5000"",""TCGA-BP-5001"",""TCGA-BP-5009"",""TCGA-BP-5200"",""TCGA-CJ-6027"",""TCGA-CZ-5988"",""TCGA-G6-A5PC""],""set_id"":""C0002""},{""member_ids"":[""TCGA-B0-5115"",""TCGA-B0-5696"",""TCGA-B0-5697"",""TCGA-B0-5698"",""TCGA-B0-5812"",""TCGA-BP-4976"",""TCGA-BP-4982"",""TCGA-BP-4999"",""TCGA-BP-5004"",""TCGA-BP-5006"",""TCGA-BP-5007"",""TCGA-BP-5181"",""TCGA-BP-5183"",""TCGA-BP-5184"",""TCGA-BP-5187"",""TCGA-BP-5192"",""TCGA-BP-5194"",""TCGA-BP-5195"",""TCGA-CJ-4904"",""TCGA-CZ-5451""],""set_id"":""C0003""},{""member_ids"":[""TCGA-B0-5117"",""TCGA-B8-4619"",""TCGA-B8-5546"",""TCGA-BP-4782"",""TCGA-BP-4965"",""TCGA-BP-4970"",""TCGA-BP-4972"",""TCGA-BP-4994"",""TCGA-BP-4995"",""TCGA-BP-5174"",""TCGA-BP-5186"",""TCGA-BP-5189"",""TCGA-BP-5190""],""set_id"":""C0004""},{""member_ids"":[""TCGA-B0-5702"",""TCGA-B0-5706"",""TCGA-B8-4148"",""TCGA-B8-5158"",""TCGA-B8-5159"",""TCGA-B8-5162"",""TCGA-B8-5164"",""TCGA-B8-5165"",""TCGA-B8-5549"",""TCGA-B8-5553"",""TCGA-B8-A54F"",""TCGA-BP-4967"",""TCGA-BP-4989"",""TCGA-CZ-4859"",""TCGA-CZ-4863"",""TCGA-CZ-4865"",""TCGA-CZ-5984"",""TCGA-G6-A8L7""],""set_id"":""C0005""},{""member_ids"":[""TCGA-B0-5709"",""TCGA-B8-5550"",""TCGA-BP-4167"",""TCGA-BP-4770"",""TCGA-BP-4962"",""TCGA-BP-5196"",""TCGA-CJ-4903"",""TCGA-CJ-4923"",""TCGA-CJ-6033""],""set_id"":""C0006""},{""member_ids"":[""TCGA-B8-5551"",""TCGA-B8-A54E"",""TCGA-B8-A54G"",""TCGA-BP-5180"",""TCGA-CJ-4637"",""TCGA-CJ-4641"",""TCGA-CJ-4900"",""TCGA-CJ-6028"",""TCGA-CJ-6030"",""TCGA-CZ-5462"",""TCGA-CZ-5985""],""set_id"":""C0007""},{""member_ids"":[""TCGA-BP-4988"",""TCGA-CJ-4902""],""set_id"":""C0008""}]",review_complete,C0007,C0008,accept,drop,0.000706,0.034482,0.034482,0.038273,0.0007,0.000741,True,True,0.012559,-0.569705,-0.045713,-0.569705,-0.000405,-0.244294,0.04257,-0.244294,0.073098,0.569699,0.569699,0.72416,0.00033,0.018791,0.038849,0.018791
