gene,driver_panel_member,set_mutated_n,set_n,rest_mutated_n,rest_n,odds_ratio,zero_cell_correction_applied,effect_status,p_value,q_global,q_driver,odds_ratio_ci95_lower,odds_ratio_ci95_upper
VHL,True,0,16,56,87,0.016894609814963796,True,estimated,6.694281314100361e-07,0.0023985609948421593,1.0041421971150543e-05,0.0009800963701642774,0.29122426068370133
TP53,True,3,16,0,87,45.370370370370374,True,estimated,0.0031665073988838065,1.0,0.023748805491628548,2.2182154868038584,927.9849139050746
CHD9,False,2,16,0,87,30.17241379310345,True,estimated,0.02284408909194746,1.0,,1.37722656010016,661.0201839529233
GPR15,False,2,16,0,87,30.17241379310345,True,estimated,0.02284408909194746,1.0,,1.37722656010016,661.0201839529233
GRIN2B,False,2,16,0,87,30.17241379310345,True,estimated,0.02284408909194746,1.0,,1.37722656010016,661.0201839529233
NR2F2,False,2,16,0,87,30.17241379310345,True,estimated,0.02284408909194746,1.0,,1.37722656010016,661.0201839529233
OPTC,False,2,16,0,87,30.17241379310345,True,estimated,0.02284408909194746,1.0,,1.37722656010016,661.0201839529233
RELN,False,2,16,0,87,30.17241379310345,True,estimated,0.02284408909194746,1.0,,1.37722656010016,661.0201839529233
TRPM6,False,2,16,0,87,30.17241379310345,True,estimated,0.02284408909194746,1.0,,1.37722656010016,661.0201839529233
ULK3,False,2,16,0,87,30.17241379310345,True,estimated,0.02284408909194746,1.0,,1.37722656010016,661.0201839529233
PBRM1,True,2,16,37,87,0.19305019305019305,False,estimated,0.025742163056478255,1.0,0.12871081528239126,0.041329149167542545,0.9017455666855386
PCLO,False,3,16,2,87,9.807692307692308,False,estimated,0.025789763442363656,1.0,,1.4935221161633863,64.40535922525564
KDM5C,True,3,16,3,87,6.461538461538462,False,estimated,0.04654634672898636,1.0,0.17454880023369884,1.1761558635626466,35.498253746296086
LYST,False,3,16,3,87,6.461538461538462,False,estimated,0.04654634672898636,1.0,,1.1761558635626466,35.498253746296086
AKAP9,False,2,16,1,87,12.285714285714286,False,estimated,0.062199252478074764,1.0,,1.0432841031756894,144.67657951535563
CHD6,False,2,16,1,87,12.285714285714286,False,estimated,0.062199252478074764,1.0,,1.0432841031756894,144.67657951535563
DIP2C,False,2,16,1,87,12.285714285714286,False,estimated,0.062199252478074764,1.0,,1.0432841031756894,144.67657951535563
DNAH8,False,2,16,1,87,12.285714285714286,False,estimated,0.062199252478074764,1.0,,1.0432841031756894,144.67657951535563
GLB1,False,2,16,1,87,12.285714285714286,False,estimated,0.062199252478074764,1.0,,1.0432841031756894,144.67657951535563
LIPI,False,2,16,1,87,12.285714285714286,False,estimated,0.062199252478074764,1.0,,1.0432841031756894,144.67657951535563
PCDHA10,False,2,16,1,87,12.285714285714286,False,estimated,0.062199252478074764,1.0,,1.0432841031756894,144.67657951535563
MAN2C1,False,2,16,2,87,6.071428571428571,False,estimated,0.11296741324617898,1.0,,0.7895383447287522,46.688352939493136
MYH4,False,2,16,2,87,6.071428571428571,False,estimated,0.11296741324617898,1.0,,0.7895383447287522,46.688352939493136
PKHD1,False,2,16,2,87,6.071428571428571,False,estimated,0.11296741324617898,1.0,,0.7895383447287522,46.688352939493136
TLN2,False,2,16,2,87,6.071428571428571,False,estimated,0.11296741324617898,1.0,,0.7895383447287522,46.688352939493136
USP34,False,2,16,2,87,6.071428571428571,False,estimated,0.11296741324617898,1.0,,0.7895383447287522,46.688352939493136
AAAS,False,1,16,0,87,16.93548387096774,True,estimated,0.15533980582524273,1.0,,0.6593426688060268,434.9947720859328
AAGAB,False,1,16,0,87,16.93548387096774,True,estimated,0.15533980582524273,1.0,,0.6593426688060268,434.9947720859328
AASDHPPT,False,1,16,0,87,16.93548387096774,True,estimated,0.15533980582524273,1.0,,0.6593426688060268,434.9947720859328
ABCA12,False,1,16,0,87,16.93548387096774,True,estimated,0.15533980582524273,1.0,,0.6593426688060268,434.9947720859328
ABCA6,False,1,16,0,87,16.93548387096774,True,estimated,0.15533980582524273,1.0,,0.6593426688060268,434.9947720859328
ABCC3,False,1,16,0,87,16.93548387096774,True,estimated,0.15533980582524273,1.0,,0.6593426688060268,434.9947720859328
ABHD12,False,1,16,0,87,16.93548387096774,True,estimated,0.15533980582524273,1.0,,0.6593426688060268,434.9947720859328
ABHD18,False,1,16,0,87,16.93548387096774,True,estimated,0.15533980582524273,1.0,,0.6593426688060268,434.9947720859328
AC098582.1,False,1,16,0,87,16.93548387096774,True,estimated,0.15533980582524273,1.0,,0.6593426688060268,434.9947720859328
ACAD10,False,1,16,0,87,16.93548387096774,True,estimated,0.15533980582524273,1.0,,0.6593426688060268,434.9947720859328
ACTR8,False,1,16,0,87,16.93548387096774,True,estimated,0.15533980582524273,1.0,,0.6593426688060268,434.9947720859328
ACTRT3,False,1,16,0,87,16.93548387096774,True,estimated,0.15533980582524273,1.0,,0.6593426688060268,434.9947720859328
ACVR1B,False,1,16,0,87,16.93548387096774,True,estimated,0.15533980582524273,1.0,,0.6593426688060268,434.9947720859328
ADAM15,False,1,16,0,87,16.93548387096774,True,estimated,0.15533980582524273,1.0,,0.6593426688060268,434.9947720859328
ADAM33,False,1,16,0,87,16.93548387096774,True,estimated,0.15533980582524273,1.0,,0.6593426688060268,434.9947720859328
ADGRB1,False,1,16,0,87,16.93548387096774,True,estimated,0.15533980582524273,1.0,,0.6593426688060268,434.9947720859328
ADTRP,False,1,16,0,87,16.93548387096774,True,estimated,0.15533980582524273,1.0,,0.6593426688060268,434.9947720859328
AGO2,False,1,16,0,87,16.93548387096774,True,estimated,0.15533980582524273,1.0,,0.6593426688060268,434.9947720859328
AGPAT5,False,1,16,0,87,16.93548387096774,True,estimated,0.15533980582524273,1.0,,0.6593426688060268,434.9947720859328
AHSG,False,1,16,0,87,16.93548387096774,True,estimated,0.15533980582524273,1.0,,0.6593426688060268,434.9947720859328
AKAP12,False,1,16,0,87,16.93548387096774,True,estimated,0.15533980582524273,1.0,,0.6593426688060268,434.9947720859328
ALG13,False,1,16,0,87,16.93548387096774,True,estimated,0.15533980582524273,1.0,,0.6593426688060268,434.9947720859328
AMPD1,False,1,16,0,87,16.93548387096774,True,estimated,0.15533980582524273,1.0,,0.6593426688060268,434.9947720859328
ANGPTL1,False,1,16,0,87,16.93548387096774,True,estimated,0.15533980582524273,1.0,,0.6593426688060268,434.9947720859328
ANKRD2,False,1,16,0,87,16.93548387096774,True,estimated,0.15533980582524273,1.0,,0.6593426688060268,434.9947720859328
ANKRD44,False,1,16,0,87,16.93548387096774,True,estimated,0.15533980582524273,1.0,,0.6593426688060268,434.9947720859328
ANKRD55,False,1,16,0,87,16.93548387096774,True,estimated,0.15533980582524273,1.0,,0.6593426688060268,434.9947720859328
ARFGEF3,False,1,16,0,87,16.93548387096774,True,estimated,0.15533980582524273,1.0,,0.6593426688060268,434.9947720859328
ARHGAP12,False,1,16,0,87,16.93548387096774,True,estimated,0.15533980582524273,1.0,,0.6593426688060268,434.9947720859328
ARMH4,False,1,16,0,87,16.93548387096774,True,estimated,0.15533980582524273,1.0,,0.6593426688060268,434.9947720859328
ARMT1,False,1,16,0,87,16.93548387096774,True,estimated,0.15533980582524273,1.0,,0.6593426688060268,434.9947720859328
ASB15,False,1,16,0,87,16.93548387096774,True,estimated,0.15533980582524273,1.0,,0.6593426688060268,434.9947720859328
ASH2L,False,1,16,0,87,16.93548387096774,True,estimated,0.15533980582524273,1.0,,0.6593426688060268,434.9947720859328
ASXL1,False,1,16,0,87,16.93548387096774,True,estimated,0.15533980582524273,1.0,,0.6593426688060268,434.9947720859328
ATAD2B,False,1,16,0,87,16.93548387096774,True,estimated,0.15533980582524273,1.0,,0.6593426688060268,434.9947720859328
ATF2,False,1,16,0,87,16.93548387096774,True,estimated,0.15533980582524273,1.0,,0.6593426688060268,434.9947720859328
ATG2A,False,1,16,0,87,16.93548387096774,True,estimated,0.15533980582524273,1.0,,0.6593426688060268,434.9947720859328
ATP10B,False,1,16,0,87,16.93548387096774,True,estimated,0.15533980582524273,1.0,,0.6593426688060268,434.9947720859328
ATP1A2,False,1,16,0,87,16.93548387096774,True,estimated,0.15533980582524273,1.0,,0.6593426688060268,434.9947720859328
ATP6V0B,False,1,16,0,87,16.93548387096774,True,estimated,0.15533980582524273,1.0,,0.6593426688060268,434.9947720859328
BCAR3,False,1,16,0,87,16.93548387096774,True,estimated,0.15533980582524273,1.0,,0.6593426688060268,434.9947720859328
BCHE,False,1,16,0,87,16.93548387096774,True,estimated,0.15533980582524273,1.0,,0.6593426688060268,434.9947720859328
BCL6,False,1,16,0,87,16.93548387096774,True,estimated,0.15533980582524273,1.0,,0.6593426688060268,434.9947720859328
BCORL1,False,1,16,0,87,16.93548387096774,True,estimated,0.15533980582524273,1.0,,0.6593426688060268,434.9947720859328
C10orf71,False,1,16,0,87,16.93548387096774,True,estimated,0.15533980582524273,1.0,,0.6593426688060268,434.9947720859328
C2CD3,False,1,16,0,87,16.93548387096774,True,estimated,0.15533980582524273,1.0,,0.6593426688060268,434.9947720859328
C5,False,1,16,0,87,16.93548387096774,True,estimated,0.15533980582524273,1.0,,0.6593426688060268,434.9947720859328
C7orf57,False,1,16,0,87,16.93548387096774,True,estimated,0.15533980582524273,1.0,,0.6593426688060268,434.9947720859328
C8orf34,False,1,16,0,87,16.93548387096774,True,estimated,0.15533980582524273,1.0,,0.6593426688060268,434.9947720859328
CAND2,False,1,16,0,87,16.93548387096774,True,estimated,0.15533980582524273,1.0,,0.6593426688060268,434.9947720859328
CAPN1,False,1,16,0,87,16.93548387096774,True,estimated,0.15533980582524273,1.0,,0.6593426688060268,434.9947720859328
CARNMT1,False,1,16,0,87,16.93548387096774,True,estimated,0.15533980582524273,1.0,,0.6593426688060268,434.9947720859328
CAST,False,1,16,0,87,16.93548387096774,True,estimated,0.15533980582524273,1.0,,0.6593426688060268,434.9947720859328
CBL,False,1,16,0,87,16.93548387096774,True,estimated,0.15533980582524273,1.0,,0.6593426688060268,434.9947720859328
CCDC146,False,1,16,0,87,16.93548387096774,True,estimated,0.15533980582524273,1.0,,0.6593426688060268,434.9947720859328
CCDC173,False,1,16,0,87,16.93548387096774,True,estimated,0.15533980582524273,1.0,,0.6593426688060268,434.9947720859328
CCDC54,False,1,16,0,87,16.93548387096774,True,estimated,0.15533980582524273,1.0,,0.6593426688060268,434.9947720859328
CCDC89,False,1,16,0,87,16.93548387096774,True,estimated,0.15533980582524273,1.0,,0.6593426688060268,434.9947720859328
CCDC96,False,1,16,0,87,16.93548387096774,True,estimated,0.15533980582524273,1.0,,0.6593426688060268,434.9947720859328
CCHCR1,False,1,16,0,87,16.93548387096774,True,estimated,0.15533980582524273,1.0,,0.6593426688060268,434.9947720859328
CCNK,False,1,16,0,87,16.93548387096774,True,estimated,0.15533980582524273,1.0,,0.6593426688060268,434.9947720859328
CCNY,False,1,16,0,87,16.93548387096774,True,estimated,0.15533980582524273,1.0,,0.6593426688060268,434.9947720859328
CD200R1,False,1,16,0,87,16.93548387096774,True,estimated,0.15533980582524273,1.0,,0.6593426688060268,434.9947720859328
CD33,False,1,16,0,87,16.93548387096774,True,estimated,0.15533980582524273,1.0,,0.6593426688060268,434.9947720859328
CD6,False,1,16,0,87,16.93548387096774,True,estimated,0.15533980582524273,1.0,,0.6593426688060268,434.9947720859328
CDAN1,False,1,16,0,87,16.93548387096774,True,estimated,0.15533980582524273,1.0,,0.6593426688060268,434.9947720859328
CDCP2,False,1,16,0,87,16.93548387096774,True,estimated,0.15533980582524273,1.0,,0.6593426688060268,434.9947720859328
CDH7,False,1,16,0,87,16.93548387096774,True,estimated,0.15533980582524273,1.0,,0.6593426688060268,434.9947720859328
CDH8,False,1,16,0,87,16.93548387096774,True,estimated,0.15533980582524273,1.0,,0.6593426688060268,434.9947720859328
CDK2,False,1,16,0,87,16.93548387096774,True,estimated,0.15533980582524273,1.0,,0.6593426688060268,434.9947720859328
CDKL5,False,1,16,0,87,16.93548387096774,True,estimated,0.15533980582524273,1.0,,0.6593426688060268,434.9947720859328
CELA3A,False,1,16,0,87,16.93548387096774,True,estimated,0.15533980582524273,1.0,,0.6593426688060268,434.9947720859328
CEP164,False,1,16,0,87,16.93548387096774,True,estimated,0.15533980582524273,1.0,,0.6593426688060268,434.9947720859328
CEP290,False,1,16,0,87,16.93548387096774,True,estimated,0.15533980582524273,1.0,,0.6593426688060268,434.9947720859328
CFAP298-TCP10L,False,1,16,0,87,16.93548387096774,True,estimated,0.15533980582524273,1.0,,0.6593426688060268,434.9947720859328
CFAP58,False,1,16,0,87,16.93548387096774,True,estimated,0.15533980582524273,1.0,,0.6593426688060268,434.9947720859328
CLCN7,False,1,16,0,87,16.93548387096774,True,estimated,0.15533980582524273,1.0,,0.6593426688060268,434.9947720859328
CLEC18B,False,1,16,0,87,16.93548387096774,True,estimated,0.15533980582524273,1.0,,0.6593426688060268,434.9947720859328
CLIP1,False,1,16,0,87,16.93548387096774,True,estimated,0.15533980582524273,1.0,,0.6593426688060268,434.9947720859328
CLYBL,False,1,16,0,87,16.93548387096774,True,estimated,0.15533980582524273,1.0,,0.6593426688060268,434.9947720859328
CNNM3,False,1,16,0,87,16.93548387096774,True,estimated,0.15533980582524273,1.0,,0.6593426688060268,434.9947720859328
CNPY4,False,1,16,0,87,16.93548387096774,True,estimated,0.15533980582524273,1.0,,0.6593426688060268,434.9947720859328
CNTN3,False,1,16,0,87,16.93548387096774,True,estimated,0.15533980582524273,1.0,,0.6593426688060268,434.9947720859328
CNTNAP4,False,1,16,0,87,16.93548387096774,True,estimated,0.15533980582524273,1.0,,0.6593426688060268,434.9947720859328
COL14A1,False,1,16,0,87,16.93548387096774,True,estimated,0.15533980582524273,1.0,,0.6593426688060268,434.9947720859328
COL6A2,False,1,16,0,87,16.93548387096774,True,estimated,0.15533980582524273,1.0,,0.6593426688060268,434.9947720859328
COPS5,False,1,16,0,87,16.93548387096774,True,estimated,0.15533980582524273,1.0,,0.6593426688060268,434.9947720859328
CPS1,False,1,16,0,87,16.93548387096774,True,estimated,0.15533980582524273,1.0,,0.6593426688060268,434.9947720859328
CPZ,False,1,16,0,87,16.93548387096774,True,estimated,0.15533980582524273,1.0,,0.6593426688060268,434.9947720859328
CTBP1,False,1,16,0,87,16.93548387096774,True,estimated,0.15533980582524273,1.0,,0.6593426688060268,434.9947720859328
CTNNA2,False,1,16,0,87,16.93548387096774,True,estimated,0.15533980582524273,1.0,,0.6593426688060268,434.9947720859328
CUL4B,False,1,16,0,87,16.93548387096774,True,estimated,0.15533980582524273,1.0,,0.6593426688060268,434.9947720859328
CYP11B2,False,1,16,0,87,16.93548387096774,True,estimated,0.15533980582524273,1.0,,0.6593426688060268,434.9947720859328
CYP4F2,False,1,16,0,87,16.93548387096774,True,estimated,0.15533980582524273,1.0,,0.6593426688060268,434.9947720859328
CYTH3,False,1,16,0,87,16.93548387096774,True,estimated,0.15533980582524273,1.0,,0.6593426688060268,434.9947720859328
DDX60,False,1,16,0,87,16.93548387096774,True,estimated,0.15533980582524273,1.0,,0.6593426688060268,434.9947720859328
DENND4B,False,1,16,0,87,16.93548387096774,True,estimated,0.15533980582524273,1.0,,0.6593426688060268,434.9947720859328
DERL2,False,1,16,0,87,16.93548387096774,True,estimated,0.15533980582524273,1.0,,0.6593426688060268,434.9947720859328
DGKQ,False,1,16,0,87,16.93548387096774,True,estimated,0.15533980582524273,1.0,,0.6593426688060268,434.9947720859328
DHRS7C,False,1,16,0,87,16.93548387096774,True,estimated,0.15533980582524273,1.0,,0.6593426688060268,434.9947720859328
DIPK2B,False,1,16,0,87,16.93548387096774,True,estimated,0.15533980582524273,1.0,,0.6593426688060268,434.9947720859328
DKK1,False,1,16,0,87,16.93548387096774,True,estimated,0.15533980582524273,1.0,,0.6593426688060268,434.9947720859328
DMRT2,False,1,16,0,87,16.93548387096774,True,estimated,0.15533980582524273,1.0,,0.6593426688060268,434.9947720859328
DOP1A,False,1,16,0,87,16.93548387096774,True,estimated,0.15533980582524273,1.0,,0.6593426688060268,434.9947720859328
DRD1,False,1,16,0,87,16.93548387096774,True,estimated,0.15533980582524273,1.0,,0.6593426688060268,434.9947720859328
DYSF,False,1,16,0,87,16.93548387096774,True,estimated,0.15533980582524273,1.0,,0.6593426688060268,434.9947720859328
ECT2,False,1,16,0,87,16.93548387096774,True,estimated,0.15533980582524273,1.0,,0.6593426688060268,434.9947720859328
EIF2B2,False,1,16,0,87,16.93548387096774,True,estimated,0.15533980582524273,1.0,,0.6593426688060268,434.9947720859328
EIF4A2,False,1,16,0,87,16.93548387096774,True,estimated,0.15533980582524273,1.0,,0.6593426688060268,434.9947720859328
EIF4A3,False,1,16,0,87,16.93548387096774,True,estimated,0.15533980582524273,1.0,,0.6593426688060268,434.9947720859328
ELOC,True,1,16,0,87,16.93548387096774,True,estimated,0.15533980582524273,1.0,0.4660194174757282,0.6593426688060268,434.9947720859328
EMILIN1,False,1,16,0,87,16.93548387096774,True,estimated,0.15533980582524273,1.0,,0.6593426688060268,434.9947720859328
EPAS1,False,1,16,0,87,16.93548387096774,True,estimated,0.15533980582524273,1.0,,0.6593426688060268,434.9947720859328
ERMARD,False,1,16,0,87,16.93548387096774,True,estimated,0.15533980582524273,1.0,,0.6593426688060268,434.9947720859328
FAM110C,False,1,16,0,87,16.93548387096774,True,estimated,0.15533980582524273,1.0,,0.6593426688060268,434.9947720859328
FAM162B,False,1,16,0,87,16.93548387096774,True,estimated,0.15533980582524273,1.0,,0.6593426688060268,434.9947720859328
FAM171A1,False,1,16,0,87,16.93548387096774,True,estimated,0.15533980582524273,1.0,,0.6593426688060268,434.9947720859328
FAM221A,False,1,16,0,87,16.93548387096774,True,estimated,0.15533980582524273,1.0,,0.6593426688060268,434.9947720859328
FAM222A,False,1,16,0,87,16.93548387096774,True,estimated,0.15533980582524273,1.0,,0.6593426688060268,434.9947720859328
FANCB,False,1,16,0,87,16.93548387096774,True,estimated,0.15533980582524273,1.0,,0.6593426688060268,434.9947720859328
FANCG,False,1,16,0,87,16.93548387096774,True,estimated,0.15533980582524273,1.0,,0.6593426688060268,434.9947720859328
FARP1,False,1,16,0,87,16.93548387096774,True,estimated,0.15533980582524273,1.0,,0.6593426688060268,434.9947720859328
FBXL19,False,1,16,0,87,16.93548387096774,True,estimated,0.15533980582524273,1.0,,0.6593426688060268,434.9947720859328
FCN1,False,1,16,0,87,16.93548387096774,True,estimated,0.15533980582524273,1.0,,0.6593426688060268,434.9947720859328
FCRL4,False,1,16,0,87,16.93548387096774,True,estimated,0.15533980582524273,1.0,,0.6593426688060268,434.9947720859328
FGD5,False,1,16,0,87,16.93548387096774,True,estimated,0.15533980582524273,1.0,,0.6593426688060268,434.9947720859328
FHL2,False,1,16,0,87,16.93548387096774,True,estimated,0.15533980582524273,1.0,,0.6593426688060268,434.9947720859328
FMOD,False,1,16,0,87,16.93548387096774,True,estimated,0.15533980582524273,1.0,,0.6593426688060268,434.9947720859328
FOLH1,False,1,16,0,87,16.93548387096774,True,estimated,0.15533980582524273,1.0,,0.6593426688060268,434.9947720859328
FUT11,False,1,16,0,87,16.93548387096774,True,estimated,0.15533980582524273,1.0,,0.6593426688060268,434.9947720859328
G3BP2,False,1,16,0,87,16.93548387096774,True,estimated,0.15533980582524273,1.0,,0.6593426688060268,434.9947720859328
GAB2,False,1,16,0,87,16.93548387096774,True,estimated,0.15533980582524273,1.0,,0.6593426688060268,434.9947720859328
GAN,False,1,16,0,87,16.93548387096774,True,estimated,0.15533980582524273,1.0,,0.6593426688060268,434.9947720859328
GAS6,False,1,16,0,87,16.93548387096774,True,estimated,0.15533980582524273,1.0,,0.6593426688060268,434.9947720859328
GBA3,False,1,16,0,87,16.93548387096774,True,estimated,0.15533980582524273,1.0,,0.6593426688060268,434.9947720859328
GCC2,False,1,16,0,87,16.93548387096774,True,estimated,0.15533980582524273,1.0,,0.6593426688060268,434.9947720859328
GET1-SH3BGR,False,1,16,0,87,16.93548387096774,True,estimated,0.15533980582524273,1.0,,0.6593426688060268,434.9947720859328
GGT1,False,1,16,0,87,16.93548387096774,True,estimated,0.15533980582524273,1.0,,0.6593426688060268,434.9947720859328
GRHL3,False,1,16,0,87,16.93548387096774,True,estimated,0.15533980582524273,1.0,,0.6593426688060268,434.9947720859328
GRIK5,False,1,16,0,87,16.93548387096774,True,estimated,0.15533980582524273,1.0,,0.6593426688060268,434.9947720859328
GUCY1A2,False,1,16,0,87,16.93548387096774,True,estimated,0.15533980582524273,1.0,,0.6593426688060268,434.9947720859328
GZMK,False,1,16,0,87,16.93548387096774,True,estimated,0.15533980582524273,1.0,,0.6593426688060268,434.9947720859328
HCFC2,False,1,16,0,87,16.93548387096774,True,estimated,0.15533980582524273,1.0,,0.6593426688060268,434.9947720859328
HEATR5A,False,1,16,0,87,16.93548387096774,True,estimated,0.15533980582524273,1.0,,0.6593426688060268,434.9947720859328
HECTD4,False,1,16,0,87,16.93548387096774,True,estimated,0.15533980582524273,1.0,,0.6593426688060268,434.9947720859328
HECW1,False,1,16,0,87,16.93548387096774,True,estimated,0.15533980582524273,1.0,,0.6593426688060268,434.9947720859328
HLF,False,1,16,0,87,16.93548387096774,True,estimated,0.15533980582524273,1.0,,0.6593426688060268,434.9947720859328
HSH2D,False,1,16,0,87,16.93548387096774,True,estimated,0.15533980582524273,1.0,,0.6593426688060268,434.9947720859328
HSP90AA1,False,1,16,0,87,16.93548387096774,True,estimated,0.15533980582524273,1.0,,0.6593426688060268,434.9947720859328
HTR2A,False,1,16,0,87,16.93548387096774,True,estimated,0.15533980582524273,1.0,,0.6593426688060268,434.9947720859328
IFNL3,False,1,16,0,87,16.93548387096774,True,estimated,0.15533980582524273,1.0,,0.6593426688060268,434.9947720859328
IGFLR1,False,1,16,0,87,16.93548387096774,True,estimated,0.15533980582524273,1.0,,0.6593426688060268,434.9947720859328
IGSF8,False,1,16,0,87,16.93548387096774,True,estimated,0.15533980582524273,1.0,,0.6593426688060268,434.9947720859328
IL23A,False,1,16,0,87,16.93548387096774,True,estimated,0.15533980582524273,1.0,,0.6593426688060268,434.9947720859328
IL4R,False,1,16,0,87,16.93548387096774,True,estimated,0.15533980582524273,1.0,,0.6593426688060268,434.9947720859328
ILDR2,False,1,16,0,87,16.93548387096774,True,estimated,0.15533980582524273,1.0,,0.6593426688060268,434.9947720859328
IPO9,False,1,16,0,87,16.93548387096774,True,estimated,0.15533980582524273,1.0,,0.6593426688060268,434.9947720859328
IREB2,False,1,16,0,87,16.93548387096774,True,estimated,0.15533980582524273,1.0,,0.6593426688060268,434.9947720859328
ITIH5,False,1,16,0,87,16.93548387096774,True,estimated,0.15533980582524273,1.0,,0.6593426688060268,434.9947720859328
ITPR2,False,1,16,0,87,16.93548387096774,True,estimated,0.15533980582524273,1.0,,0.6593426688060268,434.9947720859328
IZUMO1,False,1,16,0,87,16.93548387096774,True,estimated,0.15533980582524273,1.0,,0.6593426688060268,434.9947720859328
KAT14,False,1,16,0,87,16.93548387096774,True,estimated,0.15533980582524273,1.0,,0.6593426688060268,434.9947720859328
KAT2B,False,1,16,0,87,16.93548387096774,True,estimated,0.15533980582524273,1.0,,0.6593426688060268,434.9947720859328
KCNA6,False,1,16,0,87,16.93548387096774,True,estimated,0.15533980582524273,1.0,,0.6593426688060268,434.9947720859328
KCNG4,False,1,16,0,87,16.93548387096774,True,estimated,0.15533980582524273,1.0,,0.6593426688060268,434.9947720859328
KCTD14,False,1,16,0,87,16.93548387096774,True,estimated,0.15533980582524273,1.0,,0.6593426688060268,434.9947720859328
KCTD18,False,1,16,0,87,16.93548387096774,True,estimated,0.15533980582524273,1.0,,0.6593426688060268,434.9947720859328
KDM5B,False,1,16,0,87,16.93548387096774,True,estimated,0.15533980582524273,1.0,,0.6593426688060268,434.9947720859328
KIF11,False,1,16,0,87,16.93548387096774,True,estimated,0.15533980582524273,1.0,,0.6593426688060268,434.9947720859328
KIF21A,False,1,16,0,87,16.93548387096774,True,estimated,0.15533980582524273,1.0,,0.6593426688060268,434.9947720859328
KLHL2,False,1,16,0,87,16.93548387096774,True,estimated,0.15533980582524273,1.0,,0.6593426688060268,434.9947720859328
KLHL7,False,1,16,0,87,16.93548387096774,True,estimated,0.15533980582524273,1.0,,0.6593426688060268,434.9947720859328
KMT2A,False,1,16,0,87,16.93548387096774,True,estimated,0.15533980582524273,1.0,,0.6593426688060268,434.9947720859328
KRT4,False,1,16,0,87,16.93548387096774,True,estimated,0.15533980582524273,1.0,,0.6593426688060268,434.9947720859328
LAMP3,False,1,16,0,87,16.93548387096774,True,estimated,0.15533980582524273,1.0,,0.6593426688060268,434.9947720859328
LARP4,False,1,16,0,87,16.93548387096774,True,estimated,0.15533980582524273,1.0,,0.6593426688060268,434.9947720859328
LCN1,False,1,16,0,87,16.93548387096774,True,estimated,0.15533980582524273,1.0,,0.6593426688060268,434.9947720859328
LGALS9C,False,1,16,0,87,16.93548387096774,True,estimated,0.15533980582524273,1.0,,0.6593426688060268,434.9947720859328
LHX8,False,1,16,0,87,16.93548387096774,True,estimated,0.15533980582524273,1.0,,0.6593426688060268,434.9947720859328
LILRA1,False,1,16,0,87,16.93548387096774,True,estimated,0.15533980582524273,1.0,,0.6593426688060268,434.9947720859328
LILRB2,False,1,16,0,87,16.93548387096774,True,estimated,0.15533980582524273,1.0,,0.6593426688060268,434.9947720859328
LINS1,False,1,16,0,87,16.93548387096774,True,estimated,0.15533980582524273,1.0,,0.6593426688060268,434.9947720859328
LIPF,False,1,16,0,87,16.93548387096774,True,estimated,0.15533980582524273,1.0,,0.6593426688060268,434.9947720859328
LMBRD2,False,1,16,0,87,16.93548387096774,True,estimated,0.15533980582524273,1.0,,0.6593426688060268,434.9947720859328
LNPK,False,1,16,0,87,16.93548387096774,True,estimated,0.15533980582524273,1.0,,0.6593426688060268,434.9947720859328
LRRTM1,False,1,16,0,87,16.93548387096774,True,estimated,0.15533980582524273,1.0,,0.6593426688060268,434.9947720859328
LSM11,False,1,16,0,87,16.93548387096774,True,estimated,0.15533980582524273,1.0,,0.6593426688060268,434.9947720859328
LSM14B,False,1,16,0,87,16.93548387096774,True,estimated,0.15533980582524273,1.0,,0.6593426688060268,434.9947720859328
LXN,False,1,16,0,87,16.93548387096774,True,estimated,0.15533980582524273,1.0,,0.6593426688060268,434.9947720859328
M1AP,False,1,16,0,87,16.93548387096774,True,estimated,0.15533980582524273,1.0,,0.6593426688060268,434.9947720859328
MAB21L1,False,1,16,0,87,16.93548387096774,True,estimated,0.15533980582524273,1.0,,0.6593426688060268,434.9947720859328
MAGEE2,False,1,16,0,87,16.93548387096774,True,estimated,0.15533980582524273,1.0,,0.6593426688060268,434.9947720859328
MAP1B,False,1,16,0,87,16.93548387096774,True,estimated,0.15533980582524273,1.0,,0.6593426688060268,434.9947720859328
MAP3K12,False,1,16,0,87,16.93548387096774,True,estimated,0.15533980582524273,1.0,,0.6593426688060268,434.9947720859328
MARS1,False,1,16,0,87,16.93548387096774,True,estimated,0.15533980582524273,1.0,,0.6593426688060268,434.9947720859328
MCOLN2,False,1,16,0,87,16.93548387096774,True,estimated,0.15533980582524273,1.0,,0.6593426688060268,434.9947720859328
MED12,False,1,16,0,87,16.93548387096774,True,estimated,0.15533980582524273,1.0,,0.6593426688060268,434.9947720859328
MED12L,False,1,16,0,87,16.93548387096774,True,estimated,0.15533980582524273,1.0,,0.6593426688060268,434.9947720859328
MED25,False,1,16,0,87,16.93548387096774,True,estimated,0.15533980582524273,1.0,,0.6593426688060268,434.9947720859328
MINK1,False,1,16,0,87,16.93548387096774,True,estimated,0.15533980582524273,1.0,,0.6593426688060268,434.9947720859328
MPO,False,1,16,0,87,16.93548387096774,True,estimated,0.15533980582524273,1.0,,0.6593426688060268,434.9947720859328
MPP5,False,1,16,0,87,16.93548387096774,True,estimated,0.15533980582524273,1.0,,0.6593426688060268,434.9947720859328
MRPS17,False,1,16,0,87,16.93548387096774,True,estimated,0.15533980582524273,1.0,,0.6593426688060268,434.9947720859328
MRPS21,False,1,16,0,87,16.93548387096774,True,estimated,0.15533980582524273,1.0,,0.6593426688060268,434.9947720859328
MSS51,False,1,16,0,87,16.93548387096774,True,estimated,0.15533980582524273,1.0,,0.6593426688060268,434.9947720859328
MTMR2,False,1,16,0,87,16.93548387096774,True,estimated,0.15533980582524273,1.0,,0.6593426688060268,434.9947720859328
MTMR7,False,1,16,0,87,16.93548387096774,True,estimated,0.15533980582524273,1.0,,0.6593426688060268,434.9947720859328
MTMR8,False,1,16,0,87,16.93548387096774,True,estimated,0.15533980582524273,1.0,,0.6593426688060268,434.9947720859328
MTUS1,False,1,16,0,87,16.93548387096774,True,estimated,0.15533980582524273,1.0,,0.6593426688060268,434.9947720859328
MUTYH,False,1,16,0,87,16.93548387096774,True,estimated,0.15533980582524273,1.0,,0.6593426688060268,434.9947720859328
MYO9B,False,1,16,0,87,16.93548387096774,True,estimated,0.15533980582524273,1.0,,0.6593426688060268,434.9947720859328
NAA20,False,1,16,0,87,16.93548387096774,True,estimated,0.15533980582524273,1.0,,0.6593426688060268,434.9947720859328
NCF1,False,1,16,0,87,16.93548387096774,True,estimated,0.15533980582524273,1.0,,0.6593426688060268,434.9947720859328
NCOR2,False,1,16,0,87,16.93548387096774,True,estimated,0.15533980582524273,1.0,,0.6593426688060268,434.9947720859328
NDC80,False,1,16,0,87,16.93548387096774,True,estimated,0.15533980582524273,1.0,,0.6593426688060268,434.9947720859328
NECTIN2,False,1,16,0,87,16.93548387096774,True,estimated,0.15533980582524273,1.0,,0.6593426688060268,434.9947720859328
NEIL1,False,1,16,0,87,16.93548387096774,True,estimated,0.15533980582524273,1.0,,0.6593426688060268,434.9947720859328
NEUROD2,False,1,16,0,87,16.93548387096774,True,estimated,0.15533980582524273,1.0,,0.6593426688060268,434.9947720859328
NHSL2,False,1,16,0,87,16.93548387096774,True,estimated,0.15533980582524273,1.0,,0.6593426688060268,434.9947720859328
NKAP,False,1,16,0,87,16.93548387096774,True,estimated,0.15533980582524273,1.0,,0.6593426688060268,434.9947720859328
NKG7,False,1,16,0,87,16.93548387096774,True,estimated,0.15533980582524273,1.0,,0.6593426688060268,434.9947720859328
NLRP6,False,1,16,0,87,16.93548387096774,True,estimated,0.15533980582524273,1.0,,0.6593426688060268,434.9947720859328
NOL4L,False,1,16,0,87,16.93548387096774,True,estimated,0.15533980582524273,1.0,,0.6593426688060268,434.9947720859328
NOL6,False,1,16,0,87,16.93548387096774,True,estimated,0.15533980582524273,1.0,,0.6593426688060268,434.9947720859328
NT5M,False,1,16,0,87,16.93548387096774,True,estimated,0.15533980582524273,1.0,,0.6593426688060268,434.9947720859328
NUTM2G,False,1,16,0,87,16.93548387096774,True,estimated,0.15533980582524273,1.0,,0.6593426688060268,434.9947720859328
OR1S1,False,1,16,0,87,16.93548387096774,True,estimated,0.15533980582524273,1.0,,0.6593426688060268,434.9947720859328
OR2AG1,False,1,16,0,87,16.93548387096774,True,estimated,0.15533980582524273,1.0,,0.6593426688060268,434.9947720859328
OR2AG2,False,1,16,0,87,16.93548387096774,True,estimated,0.15533980582524273,1.0,,0.6593426688060268,434.9947720859328
OR5B12,False,1,16,0,87,16.93548387096774,True,estimated,0.15533980582524273,1.0,,0.6593426688060268,434.9947720859328
OR6N1,False,1,16,0,87,16.93548387096774,True,estimated,0.15533980582524273,1.0,,0.6593426688060268,434.9947720859328
PAPOLG,False,1,16,0,87,16.93548387096774,True,estimated,0.15533980582524273,1.0,,0.6593426688060268,434.9947720859328
PARP16,False,1,16,0,87,16.93548387096774,True,estimated,0.15533980582524273,1.0,,0.6593426688060268,434.9947720859328
PCDHGB7,False,1,16,0,87,16.93548387096774,True,estimated,0.15533980582524273,1.0,,0.6593426688060268,434.9947720859328
PDE8A,False,1,16,0,87,16.93548387096774,True,estimated,0.15533980582524273,1.0,,0.6593426688060268,434.9947720859328
PEPD,False,1,16,0,87,16.93548387096774,True,estimated,0.15533980582524273,1.0,,0.6593426688060268,434.9947720859328
PHB,False,1,16,0,87,16.93548387096774,True,estimated,0.15533980582524273,1.0,,0.6593426688060268,434.9947720859328
PHF1,False,1,16,0,87,16.93548387096774,True,estimated,0.15533980582524273,1.0,,0.6593426688060268,434.9947720859328
PHF20,False,1,16,0,87,16.93548387096774,True,estimated,0.15533980582524273,1.0,,0.6593426688060268,434.9947720859328
PHLDB1,False,1,16,0,87,16.93548387096774,True,estimated,0.15533980582524273,1.0,,0.6593426688060268,434.9947720859328
PIK3R6,False,1,16,0,87,16.93548387096774,True,estimated,0.15533980582524273,1.0,,0.6593426688060268,434.9947720859328
PLA2G4F,False,1,16,0,87,16.93548387096774,True,estimated,0.15533980582524273,1.0,,0.6593426688060268,434.9947720859328
PLAAT2,False,1,16,0,87,16.93548387096774,True,estimated,0.15533980582524273,1.0,,0.6593426688060268,434.9947720859328
PLCL1,False,1,16,0,87,16.93548387096774,True,estimated,0.15533980582524273,1.0,,0.6593426688060268,434.9947720859328
PLD1,False,1,16,0,87,16.93548387096774,True,estimated,0.15533980582524273,1.0,,0.6593426688060268,434.9947720859328
PLEKHF2,False,1,16,0,87,16.93548387096774,True,estimated,0.15533980582524273,1.0,,0.6593426688060268,434.9947720859328
PLP2,False,1,16,0,87,16.93548387096774,True,estimated,0.15533980582524273,1.0,,0.6593426688060268,434.9947720859328
PLXND1,False,1,16,0,87,16.93548387096774,True,estimated,0.15533980582524273,1.0,,0.6593426688060268,434.9947720859328
POLD2,False,1,16,0,87,16.93548387096774,True,estimated,0.15533980582524273,1.0,,0.6593426688060268,434.9947720859328
POLH,False,1,16,0,87,16.93548387096774,True,estimated,0.15533980582524273,1.0,,0.6593426688060268,434.9947720859328
PON3,False,1,16,0,87,16.93548387096774,True,estimated,0.15533980582524273,1.0,,0.6593426688060268,434.9947720859328
POSTN,False,1,16,0,87,16.93548387096774,True,estimated,0.15533980582524273,1.0,,0.6593426688060268,434.9947720859328
PPP1R3A,False,1,16,0,87,16.93548387096774,True,estimated,0.15533980582524273,1.0,,0.6593426688060268,434.9947720859328
PRAME,False,1,16,0,87,16.93548387096774,True,estimated,0.15533980582524273,1.0,,0.6593426688060268,434.9947720859328
PRAMEF8,False,1,16,0,87,16.93548387096774,True,estimated,0.15533980582524273,1.0,,0.6593426688060268,434.9947720859328
PRELP,False,1,16,0,87,16.93548387096774,True,estimated,0.15533980582524273,1.0,,0.6593426688060268,434.9947720859328
PRICKLE1,False,1,16,0,87,16.93548387096774,True,estimated,0.15533980582524273,1.0,,0.6593426688060268,434.9947720859328
PRSS12,False,1,16,0,87,16.93548387096774,True,estimated,0.15533980582524273,1.0,,0.6593426688060268,434.9947720859328
PSENEN,False,1,16,0,87,16.93548387096774,True,estimated,0.15533980582524273,1.0,,0.6593426688060268,434.9947720859328
PSG8,False,1,16,0,87,16.93548387096774,True,estimated,0.15533980582524273,1.0,,0.6593426688060268,434.9947720859328
PSMD4,False,1,16,0,87,16.93548387096774,True,estimated,0.15533980582524273,1.0,,0.6593426688060268,434.9947720859328
PTK2,False,1,16,0,87,16.93548387096774,True,estimated,0.15533980582524273,1.0,,0.6593426688060268,434.9947720859328
PTPN21,False,1,16,0,87,16.93548387096774,True,estimated,0.15533980582524273,1.0,,0.6593426688060268,434.9947720859328
PTPRH,False,1,16,0,87,16.93548387096774,True,estimated,0.15533980582524273,1.0,,0.6593426688060268,434.9947720859328
PXDN,False,1,16,0,87,16.93548387096774,True,estimated,0.15533980582524273,1.0,,0.6593426688060268,434.9947720859328
PXDNL,False,1,16,0,87,16.93548387096774,True,estimated,0.15533980582524273,1.0,,0.6593426688060268,434.9947720859328
PYGO1,False,1,16,0,87,16.93548387096774,True,estimated,0.15533980582524273,1.0,,0.6593426688060268,434.9947720859328
QRICH2,False,1,16,0,87,16.93548387096774,True,estimated,0.15533980582524273,1.0,,0.6593426688060268,434.9947720859328
RAB26,False,1,16,0,87,16.93548387096774,True,estimated,0.15533980582524273,1.0,,0.6593426688060268,434.9947720859328
RAB6B,False,1,16,0,87,16.93548387096774,True,estimated,0.15533980582524273,1.0,,0.6593426688060268,434.9947720859328
RABGEF1,False,1,16,0,87,16.93548387096774,True,estimated,0.15533980582524273,1.0,,0.6593426688060268,434.9947720859328
RALGAPA1,False,1,16,0,87,16.93548387096774,True,estimated,0.15533980582524273,1.0,,0.6593426688060268,434.9947720859328
RAMP1,False,1,16,0,87,16.93548387096774,True,estimated,0.15533980582524273,1.0,,0.6593426688060268,434.9947720859328
RAP1GAP2,False,1,16,0,87,16.93548387096774,True,estimated,0.15533980582524273,1.0,,0.6593426688060268,434.9947720859328
RB1,False,1,16,0,87,16.93548387096774,True,estimated,0.15533980582524273,1.0,,0.6593426688060268,434.9947720859328
RBM27,False,1,16,0,87,16.93548387096774,True,estimated,0.15533980582524273,1.0,,0.6593426688060268,434.9947720859328
RFX7,False,1,16,0,87,16.93548387096774,True,estimated,0.15533980582524273,1.0,,0.6593426688060268,434.9947720859328
RGPD1,False,1,16,0,87,16.93548387096774,True,estimated,0.15533980582524273,1.0,,0.6593426688060268,434.9947720859328
RHBDF1,False,1,16,0,87,16.93548387096774,True,estimated,0.15533980582524273,1.0,,0.6593426688060268,434.9947720859328
RIMS1,False,1,16,0,87,16.93548387096774,True,estimated,0.15533980582524273,1.0,,0.6593426688060268,434.9947720859328
RIPK4,False,1,16,0,87,16.93548387096774,True,estimated,0.15533980582524273,1.0,,0.6593426688060268,434.9947720859328
RIPOR1,False,1,16,0,87,16.93548387096774,True,estimated,0.15533980582524273,1.0,,0.6593426688060268,434.9947720859328
RIPOR2,False,1,16,0,87,16.93548387096774,True,estimated,0.15533980582524273,1.0,,0.6593426688060268,434.9947720859328
RLIM,False,1,16,0,87,16.93548387096774,True,estimated,0.15533980582524273,1.0,,0.6593426688060268,434.9947720859328
RNF123,False,1,16,0,87,16.93548387096774,True,estimated,0.15533980582524273,1.0,,0.6593426688060268,434.9947720859328
RNF25,False,1,16,0,87,16.93548387096774,True,estimated,0.15533980582524273,1.0,,0.6593426688060268,434.9947720859328
RNF26,False,1,16,0,87,16.93548387096774,True,estimated,0.15533980582524273,1.0,,0.6593426688060268,434.9947720859328
RNPEP,False,1,16,0,87,16.93548387096774,True,estimated,0.15533980582524273,1.0,,0.6593426688060268,434.9947720859328
ROCK2,False,1,16,0,87,16.93548387096774,True,estimated,0.15533980582524273,1.0,,0.6593426688060268,434.9947720859328
RP1L1,False,1,16,0,87,16.93548387096774,True,estimated,0.15533980582524273,1.0,,0.6593426688060268,434.9947720859328
RPA3,False,1,16,0,87,16.93548387096774,True,estimated,0.15533980582524273,1.0,,0.6593426688060268,434.9947720859328
RPH3A,False,1,16,0,87,16.93548387096774,True,estimated,0.15533980582524273,1.0,,0.6593426688060268,434.9947720859328
RPL10L,False,1,16,0,87,16.93548387096774,True,estimated,0.15533980582524273,1.0,,0.6593426688060268,434.9947720859328
RPL31,False,1,16,0,87,16.93548387096774,True,estimated,0.15533980582524273,1.0,,0.6593426688060268,434.9947720859328
RPL4,False,1,16,0,87,16.93548387096774,True,estimated,0.15533980582524273,1.0,,0.6593426688060268,434.9947720859328
RPL7,False,1,16,0,87,16.93548387096774,True,estimated,0.15533980582524273,1.0,,0.6593426688060268,434.9947720859328
RUFY3,False,1,16,0,87,16.93548387096774,True,estimated,0.15533980582524273,1.0,,0.6593426688060268,434.9947720859328
SAMD11,False,1,16,0,87,16.93548387096774,True,estimated,0.15533980582524273,1.0,,0.6593426688060268,434.9947720859328
SASH1,False,1,16,0,87,16.93548387096774,True,estimated,0.15533980582524273,1.0,,0.6593426688060268,434.9947720859328
SCAMP2,False,1,16,0,87,16.93548387096774,True,estimated,0.15533980582524273,1.0,,0.6593426688060268,434.9947720859328
SCD5,False,1,16,0,87,16.93548387096774,True,estimated,0.15533980582524273,1.0,,0.6593426688060268,434.9947720859328
SCN5A,False,1,16,0,87,16.93548387096774,True,estimated,0.15533980582524273,1.0,,0.6593426688060268,434.9947720859328
SEC14L1,False,1,16,0,87,16.93548387096774,True,estimated,0.15533980582524273,1.0,,0.6593426688060268,434.9947720859328
SERPINB13,False,1,16,0,87,16.93548387096774,True,estimated,0.15533980582524273,1.0,,0.6593426688060268,434.9947720859328
SFRP4,False,1,16,0,87,16.93548387096774,True,estimated,0.15533980582524273,1.0,,0.6593426688060268,434.9947720859328
SGPP1,False,1,16,0,87,16.93548387096774,True,estimated,0.15533980582524273,1.0,,0.6593426688060268,434.9947720859328
SHROOM2,False,1,16,0,87,16.93548387096774,True,estimated,0.15533980582524273,1.0,,0.6593426688060268,434.9947720859328
SHROOM4,False,1,16,0,87,16.93548387096774,True,estimated,0.15533980582524273,1.0,,0.6593426688060268,434.9947720859328
SIPA1L1,False,1,16,0,87,16.93548387096774,True,estimated,0.15533980582524273,1.0,,0.6593426688060268,434.9947720859328
SLC12A9,False,1,16,0,87,16.93548387096774,True,estimated,0.15533980582524273,1.0,,0.6593426688060268,434.9947720859328
SLC22A18,False,1,16,0,87,16.93548387096774,True,estimated,0.15533980582524273,1.0,,0.6593426688060268,434.9947720859328
SLC35B2,False,1,16,0,87,16.93548387096774,True,estimated,0.15533980582524273,1.0,,0.6593426688060268,434.9947720859328
SLC52A1,False,1,16,0,87,16.93548387096774,True,estimated,0.15533980582524273,1.0,,0.6593426688060268,434.9947720859328
SLC5A12,False,1,16,0,87,16.93548387096774,True,estimated,0.15533980582524273,1.0,,0.6593426688060268,434.9947720859328
SMARCAL1,False,1,16,0,87,16.93548387096774,True,estimated,0.15533980582524273,1.0,,0.6593426688060268,434.9947720859328
SMTNL2,False,1,16,0,87,16.93548387096774,True,estimated,0.15533980582524273,1.0,,0.6593426688060268,434.9947720859328
SNRNP40,False,1,16,0,87,16.93548387096774,True,estimated,0.15533980582524273,1.0,,0.6593426688060268,434.9947720859328
SNX1,False,1,16,0,87,16.93548387096774,True,estimated,0.15533980582524273,1.0,,0.6593426688060268,434.9947720859328
SON,False,1,16,0,87,16.93548387096774,True,estimated,0.15533980582524273,1.0,,0.6593426688060268,434.9947720859328
SORT1,False,1,16,0,87,16.93548387096774,True,estimated,0.15533980582524273,1.0,,0.6593426688060268,434.9947720859328
SPEM1,False,1,16,0,87,16.93548387096774,True,estimated,0.15533980582524273,1.0,,0.6593426688060268,434.9947720859328
SPTB,False,1,16,0,87,16.93548387096774,True,estimated,0.15533980582524273,1.0,,0.6593426688060268,434.9947720859328
SRBD1,False,1,16,0,87,16.93548387096774,True,estimated,0.15533980582524273,1.0,,0.6593426688060268,434.9947720859328
ST6GALNAC2,False,1,16,0,87,16.93548387096774,True,estimated,0.15533980582524273,1.0,,0.6593426688060268,434.9947720859328
STAR,False,1,16,0,87,16.93548387096774,True,estimated,0.15533980582524273,1.0,,0.6593426688060268,434.9947720859328
STAT2,False,1,16,0,87,16.93548387096774,True,estimated,0.15533980582524273,1.0,,0.6593426688060268,434.9947720859328
STAT4,False,1,16,0,87,16.93548387096774,True,estimated,0.15533980582524273,1.0,,0.6593426688060268,434.9947720859328
STEAP3,False,1,16,0,87,16.93548387096774,True,estimated,0.15533980582524273,1.0,,0.6593426688060268,434.9947720859328
SULT1C3,False,1,16,0,87,16.93548387096774,True,estimated,0.15533980582524273,1.0,,0.6593426688060268,434.9947720859328
SUSD1,False,1,16,0,87,16.93548387096774,True,estimated,0.15533980582524273,1.0,,0.6593426688060268,434.9947720859328
TASOR2,False,1,16,0,87,16.93548387096774,True,estimated,0.15533980582524273,1.0,,0.6593426688060268,434.9947720859328
TEKT5,False,1,16,0,87,16.93548387096774,True,estimated,0.15533980582524273,1.0,,0.6593426688060268,434.9947720859328
TENT5D,False,1,16,0,87,16.93548387096774,True,estimated,0.15533980582524273,1.0,,0.6593426688060268,434.9947720859328
TEX15,False,1,16,0,87,16.93548387096774,True,estimated,0.15533980582524273,1.0,,0.6593426688060268,434.9947720859328
TICAM1,False,1,16,0,87,16.93548387096774,True,estimated,0.15533980582524273,1.0,,0.6593426688060268,434.9947720859328
TIMM17B,False,1,16,0,87,16.93548387096774,True,estimated,0.15533980582524273,1.0,,0.6593426688060268,434.9947720859328
TMC2,False,1,16,0,87,16.93548387096774,True,estimated,0.15533980582524273,1.0,,0.6593426688060268,434.9947720859328
TMC5,False,1,16,0,87,16.93548387096774,True,estimated,0.15533980582524273,1.0,,0.6593426688060268,434.9947720859328
TMEM106A,False,1,16,0,87,16.93548387096774,True,estimated,0.15533980582524273,1.0,,0.6593426688060268,434.9947720859328
TMEM17,False,1,16,0,87,16.93548387096774,True,estimated,0.15533980582524273,1.0,,0.6593426688060268,434.9947720859328
TMEM185A,False,1,16,0,87,16.93548387096774,True,estimated,0.15533980582524273,1.0,,0.6593426688060268,434.9947720859328
TMEM19,False,1,16,0,87,16.93548387096774,True,estimated,0.15533980582524273,1.0,,0.6593426688060268,434.9947720859328
TMEM222,False,1,16,0,87,16.93548387096774,True,estimated,0.15533980582524273,1.0,,0.6593426688060268,434.9947720859328
TMEM80,False,1,16,0,87,16.93548387096774,True,estimated,0.15533980582524273,1.0,,0.6593426688060268,434.9947720859328
TMOD4,False,1,16,0,87,16.93548387096774,True,estimated,0.15533980582524273,1.0,,0.6593426688060268,434.9947720859328
TMX4,False,1,16,0,87,16.93548387096774,True,estimated,0.15533980582524273,1.0,,0.6593426688060268,434.9947720859328
TOE1,False,1,16,0,87,16.93548387096774,True,estimated,0.15533980582524273,1.0,,0.6593426688060268,434.9947720859328
TRAF4,False,1,16,0,87,16.93548387096774,True,estimated,0.15533980582524273,1.0,,0.6593426688060268,434.9947720859328
TRAPPC9,False,1,16,0,87,16.93548387096774,True,estimated,0.15533980582524273,1.0,,0.6593426688060268,434.9947720859328
TRAV21,False,1,16,0,87,16.93548387096774,True,estimated,0.15533980582524273,1.0,,0.6593426688060268,434.9947720859328
TRAV7,False,1,16,0,87,16.93548387096774,True,estimated,0.15533980582524273,1.0,,0.6593426688060268,434.9947720859328
TRBV4-2,False,1,16,0,87,16.93548387096774,True,estimated,0.15533980582524273,1.0,,0.6593426688060268,434.9947720859328
TRPC7,False,1,16,0,87,16.93548387096774,True,estimated,0.15533980582524273,1.0,,0.6593426688060268,434.9947720859328
TSHZ2,False,1,16,0,87,16.93548387096774,True,estimated,0.15533980582524273,1.0,,0.6593426688060268,434.9947720859328
TTC8,False,1,16,0,87,16.93548387096774,True,estimated,0.15533980582524273,1.0,,0.6593426688060268,434.9947720859328
TTK,False,1,16,0,87,16.93548387096774,True,estimated,0.15533980582524273,1.0,,0.6593426688060268,434.9947720859328
TYRP1,False,1,16,0,87,16.93548387096774,True,estimated,0.15533980582524273,1.0,,0.6593426688060268,434.9947720859328
UBA5,False,1,16,0,87,16.93548387096774,True,estimated,0.15533980582524273,1.0,,0.6593426688060268,434.9947720859328
UBLCP1,False,1,16,0,87,16.93548387096774,True,estimated,0.15533980582524273,1.0,,0.6593426688060268,434.9947720859328
UBN2,False,1,16,0,87,16.93548387096774,True,estimated,0.15533980582524273,1.0,,0.6593426688060268,434.9947720859328
UCK2,False,1,16,0,87,16.93548387096774,True,estimated,0.15533980582524273,1.0,,0.6593426688060268,434.9947720859328
UGT1A6,False,1,16,0,87,16.93548387096774,True,estimated,0.15533980582524273,1.0,,0.6593426688060268,434.9947720859328
ULK1,False,1,16,0,87,16.93548387096774,True,estimated,0.15533980582524273,1.0,,0.6593426688060268,434.9947720859328
UNC13D,False,1,16,0,87,16.93548387096774,True,estimated,0.15533980582524273,1.0,,0.6593426688060268,434.9947720859328
UNK,False,1,16,0,87,16.93548387096774,True,estimated,0.15533980582524273,1.0,,0.6593426688060268,434.9947720859328
UPP2,False,1,16,0,87,16.93548387096774,True,estimated,0.15533980582524273,1.0,,0.6593426688060268,434.9947720859328
VEGFD,False,1,16,0,87,16.93548387096774,True,estimated,0.15533980582524273,1.0,,0.6593426688060268,434.9947720859328
VN1R4,False,1,16,0,87,16.93548387096774,True,estimated,0.15533980582524273,1.0,,0.6593426688060268,434.9947720859328
XPO6,False,1,16,0,87,16.93548387096774,True,estimated,0.15533980582524273,1.0,,0.6593426688060268,434.9947720859328
YEATS4,False,1,16,0,87,16.93548387096774,True,estimated,0.15533980582524273,1.0,,0.6593426688060268,434.9947720859328
YY1AP1,False,1,16,0,87,16.93548387096774,True,estimated,0.15533980582524273,1.0,,0.6593426688060268,434.9947720859328
ZBBX,False,1,16,0,87,16.93548387096774,True,estimated,0.15533980582524273,1.0,,0.6593426688060268,434.9947720859328
ZBED6CL,False,1,16,0,87,16.93548387096774,True,estimated,0.15533980582524273,1.0,,0.6593426688060268,434.9947720859328
ZBTB14,False,1,16,0,87,16.93548387096774,True,estimated,0.15533980582524273,1.0,,0.6593426688060268,434.9947720859328
ZC3HC1,False,1,16,0,87,16.93548387096774,True,estimated,0.15533980582524273,1.0,,0.6593426688060268,434.9947720859328
ZHX1,False,1,16,0,87,16.93548387096774,True,estimated,0.15533980582524273,1.0,,0.6593426688060268,434.9947720859328
ZKSCAN2,False,1,16,0,87,16.93548387096774,True,estimated,0.15533980582524273,1.0,,0.6593426688060268,434.9947720859328
ZNF17,False,1,16,0,87,16.93548387096774,True,estimated,0.15533980582524273,1.0,,0.6593426688060268,434.9947720859328
ZNF212,False,1,16,0,87,16.93548387096774,True,estimated,0.15533980582524273,1.0,,0.6593426688060268,434.9947720859328
ZNF214,False,1,16,0,87,16.93548387096774,True,estimated,0.15533980582524273,1.0,,0.6593426688060268,434.9947720859328
ZNF223,False,1,16,0,87,16.93548387096774,True,estimated,0.15533980582524273,1.0,,0.6593426688060268,434.9947720859328
ZNF454,False,1,16,0,87,16.93548387096774,True,estimated,0.15533980582524273,1.0,,0.6593426688060268,434.9947720859328
ZNF600,False,1,16,0,87,16.93548387096774,True,estimated,0.15533980582524273,1.0,,0.6593426688060268,434.9947720859328
ZNF766,False,1,16,0,87,16.93548387096774,True,estimated,0.15533980582524273,1.0,,0.6593426688060268,434.9947720859328
ZNF79,False,1,16,0,87,16.93548387096774,True,estimated,0.15533980582524273,1.0,,0.6593426688060268,434.9947720859328
ZNF93,False,1,16,0,87,16.93548387096774,True,estimated,0.15533980582524273,1.0,,0.6593426688060268,434.9947720859328
ZNF99,False,1,16,0,87,16.93548387096774,True,estimated,0.15533980582524273,1.0,,0.6593426688060268,434.9947720859328
ZPLD1,False,1,16,0,87,16.93548387096774,True,estimated,0.15533980582524273,1.0,,0.6593426688060268,434.9947720859328
BAP1,True,0,16,13,87,0.16722783389450055,True,estimated,0.21161123885593747,1.0,0.5290280971398437,0.009456489167406467,2.9572442725820167
ABCA1,False,1,16,1,87,5.733333333333333,False,estimated,0.287835522558538,1.0,,0.33983467937192263,96.72677071057902
ABCA4,False,1,16,1,87,5.733333333333333,False,estimated,0.287835522558538,1.0,,0.33983467937192263,96.72677071057902
ABTB2,False,1,16,1,87,5.733333333333333,False,estimated,0.287835522558538,1.0,,0.33983467937192263,96.72677071057902
AC109583.1,False,1,16,1,87,5.733333333333333,False,estimated,0.287835522558538,1.0,,0.33983467937192263,96.72677071057902
ADAMTS14,False,1,16,1,87,5.733333333333333,False,estimated,0.287835522558538,1.0,,0.33983467937192263,96.72677071057902
ALDH16A1,False,1,16,1,87,5.733333333333333,False,estimated,0.287835522558538,1.0,,0.33983467937192263,96.72677071057902
ANKRD34B,False,1,16,1,87,5.733333333333333,False,estimated,0.287835522558538,1.0,,0.33983467937192263,96.72677071057902
ANKS4B,False,1,16,1,87,5.733333333333333,False,estimated,0.287835522558538,1.0,,0.33983467937192263,96.72677071057902
ANPEP,False,1,16,1,87,5.733333333333333,False,estimated,0.287835522558538,1.0,,0.33983467937192263,96.72677071057902
APC,False,1,16,1,87,5.733333333333333,False,estimated,0.287835522558538,1.0,,0.33983467937192263,96.72677071057902
APC2,False,1,16,1,87,5.733333333333333,False,estimated,0.287835522558538,1.0,,0.33983467937192263,96.72677071057902
ASB3,False,1,16,1,87,5.733333333333333,False,estimated,0.287835522558538,1.0,,0.33983467937192263,96.72677071057902
ATXN1,False,1,16,1,87,5.733333333333333,False,estimated,0.287835522558538,1.0,,0.33983467937192263,96.72677071057902
B3GNT2,False,1,16,1,87,5.733333333333333,False,estimated,0.287835522558538,1.0,,0.33983467937192263,96.72677071057902
BRPF1,False,1,16,1,87,5.733333333333333,False,estimated,0.287835522558538,1.0,,0.33983467937192263,96.72677071057902
CACNA1G,False,1,16,1,87,5.733333333333333,False,estimated,0.287835522558538,1.0,,0.33983467937192263,96.72677071057902
CADPS,False,1,16,1,87,5.733333333333333,False,estimated,0.287835522558538,1.0,,0.33983467937192263,96.72677071057902
CARD11,False,1,16,1,87,5.733333333333333,False,estimated,0.287835522558538,1.0,,0.33983467937192263,96.72677071057902
CCDC150,False,1,16,1,87,5.733333333333333,False,estimated,0.287835522558538,1.0,,0.33983467937192263,96.72677071057902
CDC23,False,1,16,1,87,5.733333333333333,False,estimated,0.287835522558538,1.0,,0.33983467937192263,96.72677071057902
CDK12,False,1,16,1,87,5.733333333333333,False,estimated,0.287835522558538,1.0,,0.33983467937192263,96.72677071057902
CDK13,False,1,16,1,87,5.733333333333333,False,estimated,0.287835522558538,1.0,,0.33983467937192263,96.72677071057902
CFAP57,False,1,16,1,87,5.733333333333333,False,estimated,0.287835522558538,1.0,,0.33983467937192263,96.72677071057902
CLK1,False,1,16,1,87,5.733333333333333,False,estimated,0.287835522558538,1.0,,0.33983467937192263,96.72677071057902
CTNNA1,False,1,16,1,87,5.733333333333333,False,estimated,0.287835522558538,1.0,,0.33983467937192263,96.72677071057902
DDX5,False,1,16,1,87,5.733333333333333,False,estimated,0.287835522558538,1.0,,0.33983467937192263,96.72677071057902
DHX9,False,1,16,1,87,5.733333333333333,False,estimated,0.287835522558538,1.0,,0.33983467937192263,96.72677071057902
DNAH1,False,1,16,1,87,5.733333333333333,False,estimated,0.287835522558538,1.0,,0.33983467937192263,96.72677071057902
DSCAM,False,1,16,1,87,5.733333333333333,False,estimated,0.287835522558538,1.0,,0.33983467937192263,96.72677071057902
ENTHD1,False,1,16,1,87,5.733333333333333,False,estimated,0.287835522558538,1.0,,0.33983467937192263,96.72677071057902
FHOD1,False,1,16,1,87,5.733333333333333,False,estimated,0.287835522558538,1.0,,0.33983467937192263,96.72677071057902
FREM1,False,1,16,1,87,5.733333333333333,False,estimated,0.287835522558538,1.0,,0.33983467937192263,96.72677071057902
FREM2,False,1,16,1,87,5.733333333333333,False,estimated,0.287835522558538,1.0,,0.33983467937192263,96.72677071057902
FRY,False,1,16,1,87,5.733333333333333,False,estimated,0.287835522558538,1.0,,0.33983467937192263,96.72677071057902
GALNT17,False,1,16,1,87,5.733333333333333,False,estimated,0.287835522558538,1.0,,0.33983467937192263,96.72677071057902
GBA2,False,1,16,1,87,5.733333333333333,False,estimated,0.287835522558538,1.0,,0.33983467937192263,96.72677071057902
INPP4A,False,1,16,1,87,5.733333333333333,False,estimated,0.287835522558538,1.0,,0.33983467937192263,96.72677071057902
INPPL1,False,1,16,1,87,5.733333333333333,False,estimated,0.287835522558538,1.0,,0.33983467937192263,96.72677071057902
ITPRID1,False,1,16,1,87,5.733333333333333,False,estimated,0.287835522558538,1.0,,0.33983467937192263,96.72677071057902
KCNN1,False,1,16,1,87,5.733333333333333,False,estimated,0.287835522558538,1.0,,0.33983467937192263,96.72677071057902
KIF20B,False,1,16,1,87,5.733333333333333,False,estimated,0.287835522558538,1.0,,0.33983467937192263,96.72677071057902
KIF2B,False,1,16,1,87,5.733333333333333,False,estimated,0.287835522558538,1.0,,0.33983467937192263,96.72677071057902
KLHL17,False,1,16,1,87,5.733333333333333,False,estimated,0.287835522558538,1.0,,0.33983467937192263,96.72677071057902
KMT2B,False,1,16,1,87,5.733333333333333,False,estimated,0.287835522558538,1.0,,0.33983467937192263,96.72677071057902
KNL1,False,1,16,1,87,5.733333333333333,False,estimated,0.287835522558538,1.0,,0.33983467937192263,96.72677071057902
KSR2,False,1,16,1,87,5.733333333333333,False,estimated,0.287835522558538,1.0,,0.33983467937192263,96.72677071057902
LRRC4,False,1,16,1,87,5.733333333333333,False,estimated,0.287835522558538,1.0,,0.33983467937192263,96.72677071057902
MADD,False,1,16,1,87,5.733333333333333,False,estimated,0.287835522558538,1.0,,0.33983467937192263,96.72677071057902
MAGEE1,False,1,16,1,87,5.733333333333333,False,estimated,0.287835522558538,1.0,,0.33983467937192263,96.72677071057902
MARCHF10,False,1,16,1,87,5.733333333333333,False,estimated,0.287835522558538,1.0,,0.33983467937192263,96.72677071057902
MAST4,False,1,16,1,87,5.733333333333333,False,estimated,0.287835522558538,1.0,,0.33983467937192263,96.72677071057902
MRGPRX3,False,1,16,1,87,5.733333333333333,False,estimated,0.287835522558538,1.0,,0.33983467937192263,96.72677071057902
MTUS2,False,1,16,1,87,5.733333333333333,False,estimated,0.287835522558538,1.0,,0.33983467937192263,96.72677071057902
MUC17,False,1,16,1,87,5.733333333333333,False,estimated,0.287835522558538,1.0,,0.33983467937192263,96.72677071057902
MXRA5,False,1,16,1,87,5.733333333333333,False,estimated,0.287835522558538,1.0,,0.33983467937192263,96.72677071057902
MYH11,False,1,16,1,87,5.733333333333333,False,estimated,0.287835522558538,1.0,,0.33983467937192263,96.72677071057902
MYO5B,False,1,16,1,87,5.733333333333333,False,estimated,0.287835522558538,1.0,,0.33983467937192263,96.72677071057902
NAT8,False,1,16,1,87,5.733333333333333,False,estimated,0.287835522558538,1.0,,0.33983467937192263,96.72677071057902
NCAPG2,False,1,16,1,87,5.733333333333333,False,estimated,0.287835522558538,1.0,,0.33983467937192263,96.72677071057902
NLE1,False,1,16,1,87,5.733333333333333,False,estimated,0.287835522558538,1.0,,0.33983467937192263,96.72677071057902
NOM1,False,1,16,1,87,5.733333333333333,False,estimated,0.287835522558538,1.0,,0.33983467937192263,96.72677071057902
NPHS1,False,1,16,1,87,5.733333333333333,False,estimated,0.287835522558538,1.0,,0.33983467937192263,96.72677071057902
NRDC,False,1,16,1,87,5.733333333333333,False,estimated,0.287835522558538,1.0,,0.33983467937192263,96.72677071057902
NRXN1,False,1,16,1,87,5.733333333333333,False,estimated,0.287835522558538,1.0,,0.33983467937192263,96.72677071057902
NYAP2,False,1,16,1,87,5.733333333333333,False,estimated,0.287835522558538,1.0,,0.33983467937192263,96.72677071057902
OGA,False,1,16,1,87,5.733333333333333,False,estimated,0.287835522558538,1.0,,0.33983467937192263,96.72677071057902
OR10G7,False,1,16,1,87,5.733333333333333,False,estimated,0.287835522558538,1.0,,0.33983467937192263,96.72677071057902
PCDHB7,False,1,16,1,87,5.733333333333333,False,estimated,0.287835522558538,1.0,,0.33983467937192263,96.72677071057902
PHF3,False,1,16,1,87,5.733333333333333,False,estimated,0.287835522558538,1.0,,0.33983467937192263,96.72677071057902
PKN3,False,1,16,1,87,5.733333333333333,False,estimated,0.287835522558538,1.0,,0.33983467937192263,96.72677071057902
PLCE1,False,1,16,1,87,5.733333333333333,False,estimated,0.287835522558538,1.0,,0.33983467937192263,96.72677071057902
PLEC,False,1,16,1,87,5.733333333333333,False,estimated,0.287835522558538,1.0,,0.33983467937192263,96.72677071057902
PLEKHA7,False,1,16,1,87,5.733333333333333,False,estimated,0.287835522558538,1.0,,0.33983467937192263,96.72677071057902
PLG,False,1,16,1,87,5.733333333333333,False,estimated,0.287835522558538,1.0,,0.33983467937192263,96.72677071057902
POLR2B,False,1,16,1,87,5.733333333333333,False,estimated,0.287835522558538,1.0,,0.33983467937192263,96.72677071057902
PRRC2B,False,1,16,1,87,5.733333333333333,False,estimated,0.287835522558538,1.0,,0.33983467937192263,96.72677071057902
PTCHD4,False,1,16,1,87,5.733333333333333,False,estimated,0.287835522558538,1.0,,0.33983467937192263,96.72677071057902
PTPRZ1,False,1,16,1,87,5.733333333333333,False,estimated,0.287835522558538,1.0,,0.33983467937192263,96.72677071057902
PYCARD,False,1,16,1,87,5.733333333333333,False,estimated,0.287835522558538,1.0,,0.33983467937192263,96.72677071057902
RAB8A,False,1,16,1,87,5.733333333333333,False,estimated,0.287835522558538,1.0,,0.33983467937192263,96.72677071057902
REPS2,False,1,16,1,87,5.733333333333333,False,estimated,0.287835522558538,1.0,,0.33983467937192263,96.72677071057902
REV3L,False,1,16,1,87,5.733333333333333,False,estimated,0.287835522558538,1.0,,0.33983467937192263,96.72677071057902
RGS6,False,1,16,1,87,5.733333333333333,False,estimated,0.287835522558538,1.0,,0.33983467937192263,96.72677071057902
RPGRIP1,False,1,16,1,87,5.733333333333333,False,estimated,0.287835522558538,1.0,,0.33983467937192263,96.72677071057902
RRBP1,False,1,16,1,87,5.733333333333333,False,estimated,0.287835522558538,1.0,,0.33983467937192263,96.72677071057902
SALL4,False,1,16,1,87,5.733333333333333,False,estimated,0.287835522558538,1.0,,0.33983467937192263,96.72677071057902
SCAF11,False,1,16,1,87,5.733333333333333,False,estimated,0.287835522558538,1.0,,0.33983467937192263,96.72677071057902
SEC24A,False,1,16,1,87,5.733333333333333,False,estimated,0.287835522558538,1.0,,0.33983467937192263,96.72677071057902
SLC26A11,False,1,16,1,87,5.733333333333333,False,estimated,0.287835522558538,1.0,,0.33983467937192263,96.72677071057902
SLC26A5,False,1,16,1,87,5.733333333333333,False,estimated,0.287835522558538,1.0,,0.33983467937192263,96.72677071057902
SLC28A3,False,1,16,1,87,5.733333333333333,False,estimated,0.287835522558538,1.0,,0.33983467937192263,96.72677071057902
SLC44A3,False,1,16,1,87,5.733333333333333,False,estimated,0.287835522558538,1.0,,0.33983467937192263,96.72677071057902
SLITRK4,False,1,16,1,87,5.733333333333333,False,estimated,0.287835522558538,1.0,,0.33983467937192263,96.72677071057902
SLK,False,1,16,1,87,5.733333333333333,False,estimated,0.287835522558538,1.0,,0.33983467937192263,96.72677071057902
SMC3,False,1,16,1,87,5.733333333333333,False,estimated,0.287835522558538,1.0,,0.33983467937192263,96.72677071057902
SPSB3,False,1,16,1,87,5.733333333333333,False,estimated,0.287835522558538,1.0,,0.33983467937192263,96.72677071057902
STK31,False,1,16,1,87,5.733333333333333,False,estimated,0.287835522558538,1.0,,0.33983467937192263,96.72677071057902
SYNE2,False,1,16,1,87,5.733333333333333,False,estimated,0.287835522558538,1.0,,0.33983467937192263,96.72677071057902
TACC2,False,1,16,1,87,5.733333333333333,False,estimated,0.287835522558538,1.0,,0.33983467937192263,96.72677071057902
TATDN1,False,1,16,1,87,5.733333333333333,False,estimated,0.287835522558538,1.0,,0.33983467937192263,96.72677071057902
TRMT9B,False,1,16,1,87,5.733333333333333,False,estimated,0.287835522558538,1.0,,0.33983467937192263,96.72677071057902
UBIAD1,False,1,16,1,87,5.733333333333333,False,estimated,0.287835522558538,1.0,,0.33983467937192263,96.72677071057902
UBN1,False,1,16,1,87,5.733333333333333,False,estimated,0.287835522558538,1.0,,0.33983467937192263,96.72677071057902
UBOX5,False,1,16,1,87,5.733333333333333,False,estimated,0.287835522558538,1.0,,0.33983467937192263,96.72677071057902
UGT1A8,False,1,16,1,87,5.733333333333333,False,estimated,0.287835522558538,1.0,,0.33983467937192263,96.72677071057902
UNC79,False,1,16,1,87,5.733333333333333,False,estimated,0.287835522558538,1.0,,0.33983467937192263,96.72677071057902
URB2,False,1,16,1,87,5.733333333333333,False,estimated,0.287835522558538,1.0,,0.33983467937192263,96.72677071057902
VPS41,False,1,16,1,87,5.733333333333333,False,estimated,0.287835522558538,1.0,,0.33983467937192263,96.72677071057902
XPOT,False,1,16,1,87,5.733333333333333,False,estimated,0.287835522558538,1.0,,0.33983467937192263,96.72677071057902
ZFAT,False,1,16,1,87,5.733333333333333,False,estimated,0.287835522558538,1.0,,0.33983467937192263,96.72677071057902
ZFX,False,1,16,1,87,5.733333333333333,False,estimated,0.287835522558538,1.0,,0.33983467937192263,96.72677071057902
ZNF320,False,1,16,1,87,5.733333333333333,False,estimated,0.287835522558538,1.0,,0.33983467937192263,96.72677071057902
ZNF782,False,1,16,1,87,5.733333333333333,False,estimated,0.287835522558538,1.0,,0.33983467937192263,96.72677071057902
ZNF804B,False,1,16,1,87,5.733333333333333,False,estimated,0.287835522558538,1.0,,0.33983467937192263,96.72677071057902
ZSWIM4,False,1,16,1,87,5.733333333333333,False,estimated,0.287835522558538,1.0,,0.33983467937192263,96.72677071057902
ZSWIM8,False,1,16,1,87,5.733333333333333,False,estimated,0.287835522558538,1.0,,0.33983467937192263,96.72677071057902
AASDH,False,1,16,2,87,2.8333333333333335,False,estimated,0.4006536575987696,1.0,,0.24147130211351178,33.24526644579922
ADAR,False,1,16,2,87,2.8333333333333335,False,estimated,0.4006536575987696,1.0,,0.24147130211351178,33.24526644579922
ADGRG4,False,1,16,2,87,2.8333333333333335,False,estimated,0.4006536575987696,1.0,,0.24147130211351178,33.24526644579922
AFDN,False,1,16,2,87,2.8333333333333335,False,estimated,0.4006536575987696,1.0,,0.24147130211351178,33.24526644579922
AHNAK,False,1,16,2,87,2.8333333333333335,False,estimated,0.4006536575987696,1.0,,0.24147130211351178,33.24526644579922
ARFGEF2,False,1,16,2,87,2.8333333333333335,False,estimated,0.4006536575987696,1.0,,0.24147130211351178,33.24526644579922
ASCC3,False,1,16,2,87,2.8333333333333335,False,estimated,0.4006536575987696,1.0,,0.24147130211351178,33.24526644579922
CD180,False,1,16,2,87,2.8333333333333335,False,estimated,0.4006536575987696,1.0,,0.24147130211351178,33.24526644579922
CEP250,False,1,16,2,87,2.8333333333333335,False,estimated,0.4006536575987696,1.0,,0.24147130211351178,33.24526644579922
CLCC1,False,1,16,2,87,2.8333333333333335,False,estimated,0.4006536575987696,1.0,,0.24147130211351178,33.24526644579922
CPAMD8,False,1,16,2,87,2.8333333333333335,False,estimated,0.4006536575987696,1.0,,0.24147130211351178,33.24526644579922
DNAH11,False,1,16,2,87,2.8333333333333335,False,estimated,0.4006536575987696,1.0,,0.24147130211351178,33.24526644579922
DOCK10,False,1,16,2,87,2.8333333333333335,False,estimated,0.4006536575987696,1.0,,0.24147130211351178,33.24526644579922
EPHA5,False,1,16,2,87,2.8333333333333335,False,estimated,0.4006536575987696,1.0,,0.24147130211351178,33.24526644579922
IST1,False,1,16,2,87,2.8333333333333335,False,estimated,0.4006536575987696,1.0,,0.24147130211351178,33.24526644579922
KLF3,False,1,16,2,87,2.8333333333333335,False,estimated,0.4006536575987696,1.0,,0.24147130211351178,33.24526644579922
LRP1,False,1,16,2,87,2.8333333333333335,False,estimated,0.4006536575987696,1.0,,0.24147130211351178,33.24526644579922
MAGI3,False,1,16,2,87,2.8333333333333335,False,estimated,0.4006536575987696,1.0,,0.24147130211351178,33.24526644579922
MEGF10,False,1,16,2,87,2.8333333333333335,False,estimated,0.4006536575987696,1.0,,0.24147130211351178,33.24526644579922
MYH2,False,1,16,2,87,2.8333333333333335,False,estimated,0.4006536575987696,1.0,,0.24147130211351178,33.24526644579922
NAP1L2,False,1,16,2,87,2.8333333333333335,False,estimated,0.4006536575987696,1.0,,0.24147130211351178,33.24526644579922
NCKAP5,False,1,16,2,87,2.8333333333333335,False,estimated,0.4006536575987696,1.0,,0.24147130211351178,33.24526644579922
PCNX1,False,1,16,2,87,2.8333333333333335,False,estimated,0.4006536575987696,1.0,,0.24147130211351178,33.24526644579922
PYGM,False,1,16,2,87,2.8333333333333335,False,estimated,0.4006536575987696,1.0,,0.24147130211351178,33.24526644579922
RPRD2,False,1,16,2,87,2.8333333333333335,False,estimated,0.4006536575987696,1.0,,0.24147130211351178,33.24526644579922
SAG,False,1,16,2,87,2.8333333333333335,False,estimated,0.4006536575987696,1.0,,0.24147130211351178,33.24526644579922
SPAG17,False,1,16,2,87,2.8333333333333335,False,estimated,0.4006536575987696,1.0,,0.24147130211351178,33.24526644579922
TNR,False,1,16,2,87,2.8333333333333335,False,estimated,0.4006536575987696,1.0,,0.24147130211351178,33.24526644579922
TRIOBP,False,1,16,2,87,2.8333333333333335,False,estimated,0.4006536575987696,1.0,,0.24147130211351178,33.24526644579922
TTC7B,False,1,16,2,87,2.8333333333333335,False,estimated,0.4006536575987696,1.0,,0.24147130211351178,33.24526644579922
TUBGCP3,False,1,16,2,87,2.8333333333333335,False,estimated,0.4006536575987696,1.0,,0.24147130211351178,33.24526644579922
UPF2,False,1,16,2,87,2.8333333333333335,False,estimated,0.4006536575987696,1.0,,0.24147130211351178,33.24526644579922
ZBTB40,False,1,16,2,87,2.8333333333333335,False,estimated,0.4006536575987696,1.0,,0.24147130211351178,33.24526644579922
ZNF257,False,1,16,2,87,2.8333333333333335,False,estimated,0.4006536575987696,1.0,,0.24147130211351178,33.24526644579922
COL24A1,False,1,16,3,87,1.8666666666666667,False,estimated,0.49654907238296636,1.0,,0.18181088485221186,19.165213607957714
COL6A6,False,1,16,3,87,1.8666666666666667,False,estimated,0.49654907238296636,1.0,,0.18181088485221186,19.165213607957714
CPEB4,False,1,16,3,87,1.8666666666666667,False,estimated,0.49654907238296636,1.0,,0.18181088485221186,19.165213607957714
FAT4,False,1,16,3,87,1.8666666666666667,False,estimated,0.49654907238296636,1.0,,0.18181088485221186,19.165213607957714
PIK3CA,True,1,16,3,87,1.8666666666666667,False,estimated,0.49654907238296636,1.0,1.0,0.18181088485221186,19.165213607957714
PLXNA4,False,1,16,3,87,1.8666666666666667,False,estimated,0.49654907238296636,1.0,,0.18181088485221186,19.165213607957714
RP1,False,1,16,3,87,1.8666666666666667,False,estimated,0.49654907238296636,1.0,,0.18181088485221186,19.165213607957714
SPEN,False,1,16,3,87,1.8666666666666667,False,estimated,0.49654907238296636,1.0,,0.18181088485221186,19.165213607957714
SYNE1,False,1,16,3,87,1.8666666666666667,False,estimated,0.49654907238296636,1.0,,0.18181088485221186,19.165213607957714
DNAH9,False,1,16,4,87,1.3833333333333333,False,estimated,0.5779148788665275,1.0,,0.1444540394642975,13.247196950723344
STAG2,False,1,16,4,87,1.3833333333333333,False,estimated,0.5779148788665275,1.0,,0.1444540394642975,13.247196950723344
ATM,False,0,16,6,87,0.37995337995337997,True,estimated,0.586528860930476,1.0,,0.020395132997962924,7.078383404139444
DST,False,0,16,6,87,0.37995337995337997,True,estimated,0.586528860930476,1.0,,0.020395132997962924,7.078383404139444
FLG,False,0,16,6,87,0.37995337995337997,True,estimated,0.586528860930476,1.0,,0.020395132997962924,7.078383404139444
MTOR,True,0,16,6,87,0.37995337995337997,True,estimated,0.586528860930476,1.0,1.0,0.020395132997962924,7.078383404139444
SPTA1,False,0,16,6,87,0.37995337995337997,True,estimated,0.586528860930476,1.0,,0.020395132997962924,7.078383404139444
MUC16,False,2,16,6,87,1.9285714285714286,False,estimated,0.606776158977695,1.0,,0.35305581217717735,10.534843576617018
TTN,False,2,16,8,87,1.4107142857142858,False,estimated,0.6521312044707491,1.0,,0.2708021610848166,7.348962016942892
A2M,False,0,16,1,87,1.7474747474747474,True,estimated,1.0,1.0,,0.0681860820104282,44.78432992520252
AADAC,False,0,16,1,87,1.7474747474747474,True,estimated,1.0,1.0,,0.0681860820104282,44.78432992520252
AADACL3,False,0,16,1,87,1.7474747474747474,True,estimated,1.0,1.0,,0.0681860820104282,44.78432992520252
AAMDC,False,0,16,1,87,1.7474747474747474,True,estimated,1.0,1.0,,0.0681860820104282,44.78432992520252
AAR2,False,0,16,1,87,1.7474747474747474,True,estimated,1.0,1.0,,0.0681860820104282,44.78432992520252
AARS2,False,0,16,1,87,1.7474747474747474,True,estimated,1.0,1.0,,0.0681860820104282,44.78432992520252
AASS,False,0,16,1,87,1.7474747474747474,True,estimated,1.0,1.0,,0.0681860820104282,44.78432992520252
ABCA10,False,0,16,1,87,1.7474747474747474,True,estimated,1.0,1.0,,0.0681860820104282,44.78432992520252
ABCA13,False,0,16,3,87,0.7316017316017316,True,estimated,1.0,1.0,,0.03606794664834318,14.839799418058604
ABCA7,False,0,16,1,87,1.7474747474747474,True,estimated,1.0,1.0,,0.0681860820104282,44.78432992520252
ABCB1,False,0,16,2,87,1.0363636363636364,True,estimated,1.0,1.0,,0.0475440423553343,22.590624052318386
ABCB11,False,0,16,1,87,1.7474747474747474,True,estimated,1.0,1.0,,0.0681860820104282,44.78432992520252
ABCB4,False,0,16,1,87,1.7474747474747474,True,estimated,1.0,1.0,,0.0681860820104282,44.78432992520252
ABCC12,False,0,16,1,87,1.7474747474747474,True,estimated,1.0,1.0,,0.0681860820104282,44.78432992520252
ABCC4,False,0,16,3,87,0.7316017316017316,True,estimated,1.0,1.0,,0.03606794664834318,14.839799418058604
ABCC6,False,0,16,1,87,1.7474747474747474,True,estimated,1.0,1.0,,0.0681860820104282,44.78432992520252
ABCC9,False,0,16,1,87,1.7474747474747474,True,estimated,1.0,1.0,,0.0681860820104282,44.78432992520252
ABCD3,False,0,16,1,87,1.7474747474747474,True,estimated,1.0,1.0,,0.0681860820104282,44.78432992520252
ABCD4,False,0,16,1,87,1.7474747474747474,True,estimated,1.0,1.0,,0.0681860820104282,44.78432992520252
ABCG1,False,0,16,1,87,1.7474747474747474,True,estimated,1.0,1.0,,0.0681860820104282,44.78432992520252
ABCG8,False,0,16,1,87,1.7474747474747474,True,estimated,1.0,1.0,,0.0681860820104282,44.78432992520252
ABI2,False,0,16,1,87,1.7474747474747474,True,estimated,1.0,1.0,,0.0681860820104282,44.78432992520252
ABL1,False,0,16,1,87,1.7474747474747474,True,estimated,1.0,1.0,,0.0681860820104282,44.78432992520252
ABL2,False,0,16,1,87,1.7474747474747474,True,estimated,1.0,1.0,,0.0681860820104282,44.78432992520252
AC013489.1,False,0,16,1,87,1.7474747474747474,True,estimated,1.0,1.0,,0.0681860820104282,44.78432992520252
AC090517.4,False,0,16,2,87,1.0363636363636364,True,estimated,1.0,1.0,,0.0475440423553343,22.590624052318386
AC245033.1,False,0,16,1,87,1.7474747474747474,True,estimated,1.0,1.0,,0.0681860820104282,44.78432992520252
ACACA,False,0,16,1,87,1.7474747474747474,True,estimated,1.0,1.0,,0.0681860820104282,44.78432992520252
ACADM,False,0,16,1,87,1.7474747474747474,True,estimated,1.0,1.0,,0.0681860820104282,44.78432992520252
ACADS,False,0,16,2,87,1.0363636363636364,True,estimated,1.0,1.0,,0.0475440423553343,22.590624052318386
ACAN,False,0,16,2,87,1.0363636363636364,True,estimated,1.0,1.0,,0.0475440423553343,22.590624052318386
ACAP1,False,0,16,1,87,1.7474747474747474,True,estimated,1.0,1.0,,0.0681860820104282,44.78432992520252
ACD,False,0,16,1,87,1.7474747474747474,True,estimated,1.0,1.0,,0.0681860820104282,44.78432992520252
ACE,False,0,16,2,87,1.0363636363636364,True,estimated,1.0,1.0,,0.0475440423553343,22.590624052318386
ACE2,False,0,16,1,87,1.7474747474747474,True,estimated,1.0,1.0,,0.0681860820104282,44.78432992520252
ACIN1,False,0,16,2,87,1.0363636363636364,True,estimated,1.0,1.0,,0.0475440423553343,22.590624052318386
ACKR3,False,0,16,1,87,1.7474747474747474,True,estimated,1.0,1.0,,0.0681860820104282,44.78432992520252
ACLY,False,0,16,1,87,1.7474747474747474,True,estimated,1.0,1.0,,0.0681860820104282,44.78432992520252
ACOT8,False,0,16,1,87,1.7474747474747474,True,estimated,1.0,1.0,,0.0681860820104282,44.78432992520252
ACP5,False,0,16,1,87,1.7474747474747474,True,estimated,1.0,1.0,,0.0681860820104282,44.78432992520252
ACSF2,False,0,16,1,87,1.7474747474747474,True,estimated,1.0,1.0,,0.0681860820104282,44.78432992520252
ACSL6,False,0,16,1,87,1.7474747474747474,True,estimated,1.0,1.0,,0.0681860820104282,44.78432992520252
ACSM2A,False,0,16,1,87,1.7474747474747474,True,estimated,1.0,1.0,,0.0681860820104282,44.78432992520252
ACSM5,False,0,16,1,87,1.7474747474747474,True,estimated,1.0,1.0,,0.0681860820104282,44.78432992520252
ACSS1,False,0,16,1,87,1.7474747474747474,True,estimated,1.0,1.0,,0.0681860820104282,44.78432992520252
ACSS3,False,0,16,1,87,1.7474747474747474,True,estimated,1.0,1.0,,0.0681860820104282,44.78432992520252
ACTG2,False,0,16,1,87,1.7474747474747474,True,estimated,1.0,1.0,,0.0681860820104282,44.78432992520252
ACTL7B,False,0,16,1,87,1.7474747474747474,True,estimated,1.0,1.0,,0.0681860820104282,44.78432992520252
ACTL9,False,0,16,1,87,1.7474747474747474,True,estimated,1.0,1.0,,0.0681860820104282,44.78432992520252
ACTN2,False,0,16,1,87,1.7474747474747474,True,estimated,1.0,1.0,,0.0681860820104282,44.78432992520252
ACTN4,False,0,16,1,87,1.7474747474747474,True,estimated,1.0,1.0,,0.0681860820104282,44.78432992520252
ACTR6,False,0,16,1,87,1.7474747474747474,True,estimated,1.0,1.0,,0.0681860820104282,44.78432992520252
ACVR2A,False,0,16,1,87,1.7474747474747474,True,estimated,1.0,1.0,,0.0681860820104282,44.78432992520252
ADA2,False,0,16,1,87,1.7474747474747474,True,estimated,1.0,1.0,,0.0681860820104282,44.78432992520252
ADAM10,False,0,16,2,87,1.0363636363636364,True,estimated,1.0,1.0,,0.0475440423553343,22.590624052318386
ADAM12,False,0,16,1,87,1.7474747474747474,True,estimated,1.0,1.0,,0.0681860820104282,44.78432992520252
ADAM30,False,0,16,2,87,1.0363636363636364,True,estimated,1.0,1.0,,0.0475440423553343,22.590624052318386
ADAMTS12,False,0,16,3,87,0.7316017316017316,True,estimated,1.0,1.0,,0.03606794664834318,14.839799418058604
ADAMTS13,False,0,16,1,87,1.7474747474747474,True,estimated,1.0,1.0,,0.0681860820104282,44.78432992520252
ADAMTS16,False,0,16,1,87,1.7474747474747474,True,estimated,1.0,1.0,,0.0681860820104282,44.78432992520252
ADAMTS19,False,0,16,1,87,1.7474747474747474,True,estimated,1.0,1.0,,0.0681860820104282,44.78432992520252
ADAMTS20,False,0,16,1,87,1.7474747474747474,True,estimated,1.0,1.0,,0.0681860820104282,44.78432992520252
ADAMTS5,False,0,16,2,87,1.0363636363636364,True,estimated,1.0,1.0,,0.0475440423553343,22.590624052318386
ADAMTS9,False,0,16,3,87,0.7316017316017316,True,estimated,1.0,1.0,,0.03606794664834318,14.839799418058604
ADAMTSL5,False,0,16,1,87,1.7474747474747474,True,estimated,1.0,1.0,,0.0681860820104282,44.78432992520252
ADCY1,False,0,16,1,87,1.7474747474747474,True,estimated,1.0,1.0,,0.0681860820104282,44.78432992520252
ADCY7,False,0,16,1,87,1.7474747474747474,True,estimated,1.0,1.0,,0.0681860820104282,44.78432992520252
ADCY8,False,0,16,1,87,1.7474747474747474,True,estimated,1.0,1.0,,0.0681860820104282,44.78432992520252
ADCY9,False,0,16,1,87,1.7474747474747474,True,estimated,1.0,1.0,,0.0681860820104282,44.78432992520252
ADD1,False,0,16,1,87,1.7474747474747474,True,estimated,1.0,1.0,,0.0681860820104282,44.78432992520252
ADGRA1,False,0,16,1,87,1.7474747474747474,True,estimated,1.0,1.0,,0.0681860820104282,44.78432992520252
ADGRA2,False,0,16,1,87,1.7474747474747474,True,estimated,1.0,1.0,,0.0681860820104282,44.78432992520252
ADGRE3,False,0,16,1,87,1.7474747474747474,True,estimated,1.0,1.0,,0.0681860820104282,44.78432992520252
ADGRF1,False,0,16,1,87,1.7474747474747474,True,estimated,1.0,1.0,,0.0681860820104282,44.78432992520252
ADGRG6,False,0,16,1,87,1.7474747474747474,True,estimated,1.0,1.0,,0.0681860820104282,44.78432992520252
ADGRV1,False,0,16,5,87,0.45454545454545453,True,estimated,1.0,1.0,,0.023958657001405627,8.623670777365033
ADH4,False,0,16,1,87,1.7474747474747474,True,estimated,1.0,1.0,,0.0681860820104282,44.78432992520252
ADHFE1,False,0,16,1,87,1.7474747474747474,True,estimated,1.0,1.0,,0.0681860820104282,44.78432992520252
ADIG,False,0,16,1,87,1.7474747474747474,True,estimated,1.0,1.0,,0.0681860820104282,44.78432992520252
ADO,False,0,16,1,87,1.7474747474747474,True,estimated,1.0,1.0,,0.0681860820104282,44.78432992520252
ADRB2,False,0,16,1,87,1.7474747474747474,True,estimated,1.0,1.0,,0.0681860820104282,44.78432992520252
AFAP1L1,False,0,16,1,87,1.7474747474747474,True,estimated,1.0,1.0,,0.0681860820104282,44.78432992520252
AFF3,False,0,16,1,87,1.7474747474747474,True,estimated,1.0,1.0,,0.0681860820104282,44.78432992520252
AFTPH,False,0,16,1,87,1.7474747474747474,True,estimated,1.0,1.0,,0.0681860820104282,44.78432992520252
AGA,False,0,16,1,87,1.7474747474747474,True,estimated,1.0,1.0,,0.0681860820104282,44.78432992520252
AGAP3,False,0,16,2,87,1.0363636363636364,True,estimated,1.0,1.0,,0.0475440423553343,22.590624052318386
AGGF1,False,0,16,1,87,1.7474747474747474,True,estimated,1.0,1.0,,0.0681860820104282,44.78432992520252
AGK,False,0,16,1,87,1.7474747474747474,True,estimated,1.0,1.0,,0.0681860820104282,44.78432992520252
AGO3,False,0,16,1,87,1.7474747474747474,True,estimated,1.0,1.0,,0.0681860820104282,44.78432992520252
AGRN,False,0,16,2,87,1.0363636363636364,True,estimated,1.0,1.0,,0.0475440423553343,22.590624052318386
AGT,False,0,16,1,87,1.7474747474747474,True,estimated,1.0,1.0,,0.0681860820104282,44.78432992520252
AGTR1,False,0,16,1,87,1.7474747474747474,True,estimated,1.0,1.0,,0.0681860820104282,44.78432992520252
AHNAK2,False,0,16,3,87,0.7316017316017316,True,estimated,1.0,1.0,,0.03606794664834318,14.839799418058604
AIDA,False,0,16,1,87,1.7474747474747474,True,estimated,1.0,1.0,,0.0681860820104282,44.78432992520252
AIFM3,False,0,16,1,87,1.7474747474747474,True,estimated,1.0,1.0,,0.0681860820104282,44.78432992520252
AIMP1,False,0,16,1,87,1.7474747474747474,True,estimated,1.0,1.0,,0.0681860820104282,44.78432992520252
AK8,False,0,16,1,87,1.7474747474747474,True,estimated,1.0,1.0,,0.0681860820104282,44.78432992520252
AKAP13,False,0,16,1,87,1.7474747474747474,True,estimated,1.0,1.0,,0.0681860820104282,44.78432992520252
AKAP17A,False,0,16,1,87,1.7474747474747474,True,estimated,1.0,1.0,,0.0681860820104282,44.78432992520252
AKAP6,False,0,16,1,87,1.7474747474747474,True,estimated,1.0,1.0,,0.0681860820104282,44.78432992520252
AKAP8L,False,0,16,1,87,1.7474747474747474,True,estimated,1.0,1.0,,0.0681860820104282,44.78432992520252
AKNA,False,0,16,1,87,1.7474747474747474,True,estimated,1.0,1.0,,0.0681860820104282,44.78432992520252
AKNAD1,False,0,16,3,87,0.7316017316017316,True,estimated,1.0,1.0,,0.03606794664834318,14.839799418058604
AKR1B10,False,0,16,1,87,1.7474747474747474,True,estimated,1.0,1.0,,0.0681860820104282,44.78432992520252
AKR1B15,False,0,16,2,87,1.0363636363636364,True,estimated,1.0,1.0,,0.0475440423553343,22.590624052318386
AKT3,False,0,16,1,87,1.7474747474747474,True,estimated,1.0,1.0,,0.0681860820104282,44.78432992520252
AL121899.2,False,0,16,1,87,1.7474747474747474,True,estimated,1.0,1.0,,0.0681860820104282,44.78432992520252
ALB,False,0,16,1,87,1.7474747474747474,True,estimated,1.0,1.0,,0.0681860820104282,44.78432992520252
ALDH1A1,False,0,16,1,87,1.7474747474747474,True,estimated,1.0,1.0,,0.0681860820104282,44.78432992520252
ALDH1A2,False,0,16,1,87,1.7474747474747474,True,estimated,1.0,1.0,,0.0681860820104282,44.78432992520252
ALDH3B2,False,0,16,1,87,1.7474747474747474,True,estimated,1.0,1.0,,0.0681860820104282,44.78432992520252
ALDOA,False,0,16,1,87,1.7474747474747474,True,estimated,1.0,1.0,,0.0681860820104282,44.78432992520252
ALG8,False,0,16,1,87,1.7474747474747474,True,estimated,1.0,1.0,,0.0681860820104282,44.78432992520252
ALK,False,0,16,1,87,1.7474747474747474,True,estimated,1.0,1.0,,0.0681860820104282,44.78432992520252
ALKBH6,False,0,16,1,87,1.7474747474747474,True,estimated,1.0,1.0,,0.0681860820104282,44.78432992520252
ALMS1,False,0,16,3,87,0.7316017316017316,True,estimated,1.0,1.0,,0.03606794664834318,14.839799418058604
ALOXE3,False,0,16,1,87,1.7474747474747474,True,estimated,1.0,1.0,,0.0681860820104282,44.78432992520252
ALPI,False,0,16,1,87,1.7474747474747474,True,estimated,1.0,1.0,,0.0681860820104282,44.78432992520252
ALPK1,False,0,16,1,87,1.7474747474747474,True,estimated,1.0,1.0,,0.0681860820104282,44.78432992520252
ALPK2,False,0,16,1,87,1.7474747474747474,True,estimated,1.0,1.0,,0.0681860820104282,44.78432992520252
ALPK3,False,0,16,1,87,1.7474747474747474,True,estimated,1.0,1.0,,0.0681860820104282,44.78432992520252
ALPL,False,0,16,1,87,1.7474747474747474,True,estimated,1.0,1.0,,0.0681860820104282,44.78432992520252
ALYREF,False,0,16,1,87,1.7474747474747474,True,estimated,1.0,1.0,,0.0681860820104282,44.78432992520252
AMBN,False,0,16,2,87,1.0363636363636364,True,estimated,1.0,1.0,,0.0475440423553343,22.590624052318386
AMBRA1,False,0,16,1,87,1.7474747474747474,True,estimated,1.0,1.0,,0.0681860820104282,44.78432992520252
AMDHD1,False,0,16,2,87,1.0363636363636364,True,estimated,1.0,1.0,,0.0475440423553343,22.590624052318386
AMDHD2,False,0,16,1,87,1.7474747474747474,True,estimated,1.0,1.0,,0.0681860820104282,44.78432992520252
AMER2,False,0,16,2,87,1.0363636363636364,True,estimated,1.0,1.0,,0.0475440423553343,22.590624052318386
AMN,False,0,16,1,87,1.7474747474747474,True,estimated,1.0,1.0,,0.0681860820104282,44.78432992520252
AMN1,False,0,16,1,87,1.7474747474747474,True,estimated,1.0,1.0,,0.0681860820104282,44.78432992520252
AMPH,False,0,16,1,87,1.7474747474747474,True,estimated,1.0,1.0,,0.0681860820104282,44.78432992520252
AMY1C,False,0,16,1,87,1.7474747474747474,True,estimated,1.0,1.0,,0.0681860820104282,44.78432992520252
ANAPC7,False,0,16,1,87,1.7474747474747474,True,estimated,1.0,1.0,,0.0681860820104282,44.78432992520252
ANGPTL7,False,0,16,1,87,1.7474747474747474,True,estimated,1.0,1.0,,0.0681860820104282,44.78432992520252
ANK2,False,0,16,4,87,0.5622895622895623,True,estimated,1.0,1.0,,0.028872485452665183,10.950548485967024
ANK3,False,0,16,3,87,0.7316017316017316,True,estimated,1.0,1.0,,0.03606794664834318,14.839799418058604
ANKH,False,0,16,2,87,1.0363636363636364,True,estimated,1.0,1.0,,0.0475440423553343,22.590624052318386
ANKHD1-EIF4EBP3,False,0,16,1,87,1.7474747474747474,True,estimated,1.0,1.0,,0.0681860820104282,44.78432992520252
ANKLE2,False,0,16,2,87,1.0363636363636364,True,estimated,1.0,1.0,,0.0475440423553343,22.590624052318386
ANKRA2,False,0,16,1,87,1.7474747474747474,True,estimated,1.0,1.0,,0.0681860820104282,44.78432992520252
ANKRD11,False,0,16,1,87,1.7474747474747474,True,estimated,1.0,1.0,,0.0681860820104282,44.78432992520252
ANKRD12,False,0,16,1,87,1.7474747474747474,True,estimated,1.0,1.0,,0.0681860820104282,44.78432992520252
ANKRD13A,False,0,16,1,87,1.7474747474747474,True,estimated,1.0,1.0,,0.0681860820104282,44.78432992520252
ANKRD17,False,0,16,2,87,1.0363636363636364,True,estimated,1.0,1.0,,0.0475440423553343,22.590624052318386
ANKRD20A2P,False,0,16,1,87,1.7474747474747474,True,estimated,1.0,1.0,,0.0681860820104282,44.78432992520252
ANKRD27,False,0,16,1,87,1.7474747474747474,True,estimated,1.0,1.0,,0.0681860820104282,44.78432992520252
ANKRD30A,False,0,16,1,87,1.7474747474747474,True,estimated,1.0,1.0,,0.0681860820104282,44.78432992520252
ANKRD39,False,0,16,1,87,1.7474747474747474,True,estimated,1.0,1.0,,0.0681860820104282,44.78432992520252
ANKRD6,False,0,16,1,87,1.7474747474747474,True,estimated,1.0,1.0,,0.0681860820104282,44.78432992520252
ANKS3,False,0,16,1,87,1.7474747474747474,True,estimated,1.0,1.0,,0.0681860820104282,44.78432992520252
ANO3,False,0,16,3,87,0.7316017316017316,True,estimated,1.0,1.0,,0.03606794664834318,14.839799418058604
ANO8,False,0,16,1,87,1.7474747474747474,True,estimated,1.0,1.0,,0.0681860820104282,44.78432992520252
ANTXR1,False,0,16,1,87,1.7474747474747474,True,estimated,1.0,1.0,,0.0681860820104282,44.78432992520252
ANXA7,False,0,16,1,87,1.7474747474747474,True,estimated,1.0,1.0,,0.0681860820104282,44.78432992520252
AP001781.2,False,0,16,1,87,1.7474747474747474,True,estimated,1.0,1.0,,0.0681860820104282,44.78432992520252
AP002748.5,False,0,16,1,87,1.7474747474747474,True,estimated,1.0,1.0,,0.0681860820104282,44.78432992520252
AP2B1,False,0,16,1,87,1.7474747474747474,True,estimated,1.0,1.0,,0.0681860820104282,44.78432992520252
AP3M1,False,0,16,1,87,1.7474747474747474,True,estimated,1.0,1.0,,0.0681860820104282,44.78432992520252
AP3S2,False,0,16,1,87,1.7474747474747474,True,estimated,1.0,1.0,,0.0681860820104282,44.78432992520252
AP4B1,False,0,16,1,87,1.7474747474747474,True,estimated,1.0,1.0,,0.0681860820104282,44.78432992520252
AP4E1,False,0,16,1,87,1.7474747474747474,True,estimated,1.0,1.0,,0.0681860820104282,44.78432992520252
APBB2,False,0,16,1,87,1.7474747474747474,True,estimated,1.0,1.0,,0.0681860820104282,44.78432992520252
APLP2,False,0,16,1,87,1.7474747474747474,True,estimated,1.0,1.0,,0.0681860820104282,44.78432992520252
APMAP,False,0,16,1,87,1.7474747474747474,True,estimated,1.0,1.0,,0.0681860820104282,44.78432992520252
APOB,False,0,16,1,87,1.7474747474747474,True,estimated,1.0,1.0,,0.0681860820104282,44.78432992520252
APOH,False,0,16,2,87,1.0363636363636364,True,estimated,1.0,1.0,,0.0475440423553343,22.590624052318386
APOL5,False,0,16,1,87,1.7474747474747474,True,estimated,1.0,1.0,,0.0681860820104282,44.78432992520252
APPL2,False,0,16,3,87,0.7316017316017316,True,estimated,1.0,1.0,,0.03606794664834318,14.839799418058604
AQR,False,0,16,1,87,1.7474747474747474,True,estimated,1.0,1.0,,0.0681860820104282,44.78432992520252
AR,False,0,16,1,87,1.7474747474747474,True,estimated,1.0,1.0,,0.0681860820104282,44.78432992520252
ARAP2,False,0,16,2,87,1.0363636363636364,True,estimated,1.0,1.0,,0.0475440423553343,22.590624052318386
ARF1,False,0,16,1,87,1.7474747474747474,True,estimated,1.0,1.0,,0.0681860820104282,44.78432992520252
ARFGAP2,False,0,16,1,87,1.7474747474747474,True,estimated,1.0,1.0,,0.0681860820104282,44.78432992520252
ARGFX,False,0,16,1,87,1.7474747474747474,True,estimated,1.0,1.0,,0.0681860820104282,44.78432992520252
ARHGAP10,False,0,16,1,87,1.7474747474747474,True,estimated,1.0,1.0,,0.0681860820104282,44.78432992520252
ARHGAP11A,False,0,16,1,87,1.7474747474747474,True,estimated,1.0,1.0,,0.0681860820104282,44.78432992520252
ARHGAP26,False,0,16,3,87,0.7316017316017316,True,estimated,1.0,1.0,,0.03606794664834318,14.839799418058604
ARHGAP28,False,0,16,1,87,1.7474747474747474,True,estimated,1.0,1.0,,0.0681860820104282,44.78432992520252
ARHGAP31,False,0,16,1,87,1.7474747474747474,True,estimated,1.0,1.0,,0.0681860820104282,44.78432992520252
ARHGAP35,False,0,16,3,87,0.7316017316017316,True,estimated,1.0,1.0,,0.03606794664834318,14.839799418058604
ARHGAP45,False,0,16,2,87,1.0363636363636364,True,estimated,1.0,1.0,,0.0475440423553343,22.590624052318386
ARHGAP9,False,0,16,1,87,1.7474747474747474,True,estimated,1.0,1.0,,0.0681860820104282,44.78432992520252
ARHGDIA,False,0,16,1,87,1.7474747474747474,True,estimated,1.0,1.0,,0.0681860820104282,44.78432992520252
ARHGEF1,False,0,16,1,87,1.7474747474747474,True,estimated,1.0,1.0,,0.0681860820104282,44.78432992520252
ARHGEF11,False,0,16,2,87,1.0363636363636364,True,estimated,1.0,1.0,,0.0475440423553343,22.590624052318386
ARHGEF15,False,0,16,1,87,1.7474747474747474,True,estimated,1.0,1.0,,0.0681860820104282,44.78432992520252
ARHGEF28,False,0,16,1,87,1.7474747474747474,True,estimated,1.0,1.0,,0.0681860820104282,44.78432992520252
ARHGEF5,False,0,16,1,87,1.7474747474747474,True,estimated,1.0,1.0,,0.0681860820104282,44.78432992520252
ARHGEF6,False,0,16,1,87,1.7474747474747474,True,estimated,1.0,1.0,,0.0681860820104282,44.78432992520252
ARHGEF7,False,0,16,1,87,1.7474747474747474,True,estimated,1.0,1.0,,0.0681860820104282,44.78432992520252
ARID1A,True,0,16,3,87,0.7316017316017316,True,estimated,1.0,1.0,1.0,0.03606794664834318,14.839799418058604
ARID1B,False,0,16,1,87,1.7474747474747474,True,estimated,1.0,1.0,,0.0681860820104282,44.78432992520252
ARID2,False,0,16,1,87,1.7474747474747474,True,estimated,1.0,1.0,,0.0681860820104282,44.78432992520252
ARID5B,False,0,16,1,87,1.7474747474747474,True,estimated,1.0,1.0,,0.0681860820104282,44.78432992520252
ARL6IP6,False,0,16,1,87,1.7474747474747474,True,estimated,1.0,1.0,,0.0681860820104282,44.78432992520252
ARMC4,False,0,16,1,87,1.7474747474747474,True,estimated,1.0,1.0,,0.0681860820104282,44.78432992520252
ARMC8,False,0,16,1,87,1.7474747474747474,True,estimated,1.0,1.0,,0.0681860820104282,44.78432992520252
ARSD,False,0,16,1,87,1.7474747474747474,True,estimated,1.0,1.0,,0.0681860820104282,44.78432992520252
ARSF,False,0,16,1,87,1.7474747474747474,True,estimated,1.0,1.0,,0.0681860820104282,44.78432992520252
ARSG,False,0,16,1,87,1.7474747474747474,True,estimated,1.0,1.0,,0.0681860820104282,44.78432992520252
ASAH2,False,0,16,1,87,1.7474747474747474,True,estimated,1.0,1.0,,0.0681860820104282,44.78432992520252
ASAP1,False,0,16,1,87,1.7474747474747474,True,estimated,1.0,1.0,,0.0681860820104282,44.78432992520252
ASAP2,False,0,16,1,87,1.7474747474747474,True,estimated,1.0,1.0,,0.0681860820104282,44.78432992520252
ASB16,False,0,16,1,87,1.7474747474747474,True,estimated,1.0,1.0,,0.0681860820104282,44.78432992520252
ASH1L,False,0,16,1,87,1.7474747474747474,True,estimated,1.0,1.0,,0.0681860820104282,44.78432992520252
ASIC2,False,0,16,1,87,1.7474747474747474,True,estimated,1.0,1.0,,0.0681860820104282,44.78432992520252
ASL,False,0,16,1,87,1.7474747474747474,True,estimated,1.0,1.0,,0.0681860820104282,44.78432992520252
ASPM,False,0,16,1,87,1.7474747474747474,True,estimated,1.0,1.0,,0.0681860820104282,44.78432992520252
ASS1,False,0,16,1,87,1.7474747474747474,True,estimated,1.0,1.0,,0.0681860820104282,44.78432992520252
ASTN2,False,0,16,1,87,1.7474747474747474,True,estimated,1.0,1.0,,0.0681860820104282,44.78432992520252
ASXL3,False,0,16,1,87,1.7474747474747474,True,estimated,1.0,1.0,,0.0681860820104282,44.78432992520252
ASZ1,False,0,16,1,87,1.7474747474747474,True,estimated,1.0,1.0,,0.0681860820104282,44.78432992520252
ATAD1,False,0,16,1,87,1.7474747474747474,True,estimated,1.0,1.0,,0.0681860820104282,44.78432992520252
ATAD2,False,0,16,1,87,1.7474747474747474,True,estimated,1.0,1.0,,0.0681860820104282,44.78432992520252
ATAD3A,False,0,16,1,87,1.7474747474747474,True,estimated,1.0,1.0,,0.0681860820104282,44.78432992520252
ATCAY,False,0,16,1,87,1.7474747474747474,True,estimated,1.0,1.0,,0.0681860820104282,44.78432992520252
ATF7IP,False,0,16,3,87,0.7316017316017316,True,estimated,1.0,1.0,,0.03606794664834318,14.839799418058604
ATF7IP2,False,0,16,1,87,1.7474747474747474,True,estimated,1.0,1.0,,0.0681860820104282,44.78432992520252
ATG4D,False,0,16,1,87,1.7474747474747474,True,estimated,1.0,1.0,,0.0681860820104282,44.78432992520252
ATG7,False,0,16,1,87,1.7474747474747474,True,estimated,1.0,1.0,,0.0681860820104282,44.78432992520252
ATP11A,False,0,16,1,87,1.7474747474747474,True,estimated,1.0,1.0,,0.0681860820104282,44.78432992520252
ATP11B,False,0,16,1,87,1.7474747474747474,True,estimated,1.0,1.0,,0.0681860820104282,44.78432992520252
ATP13A4,False,0,16,2,87,1.0363636363636364,True,estimated,1.0,1.0,,0.0475440423553343,22.590624052318386
ATP1A1,False,0,16,1,87,1.7474747474747474,True,estimated,1.0,1.0,,0.0681860820104282,44.78432992520252
ATP1A3,False,0,16,1,87,1.7474747474747474,True,estimated,1.0,1.0,,0.0681860820104282,44.78432992520252
ATP1A4,False,0,16,1,87,1.7474747474747474,True,estimated,1.0,1.0,,0.0681860820104282,44.78432992520252
ATP2A2,False,0,16,1,87,1.7474747474747474,True,estimated,1.0,1.0,,0.0681860820104282,44.78432992520252
ATP2C1,False,0,16,1,87,1.7474747474747474,True,estimated,1.0,1.0,,0.0681860820104282,44.78432992520252
ATP4A,False,0,16,2,87,1.0363636363636364,True,estimated,1.0,1.0,,0.0475440423553343,22.590624052318386
ATP5F1B,False,0,16,1,87,1.7474747474747474,True,estimated,1.0,1.0,,0.0681860820104282,44.78432992520252
ATP5MC2,False,0,16,1,87,1.7474747474747474,True,estimated,1.0,1.0,,0.0681860820104282,44.78432992520252
ATP6V0A1,False,0,16,1,87,1.7474747474747474,True,estimated,1.0,1.0,,0.0681860820104282,44.78432992520252
ATP6V0A2,False,0,16,1,87,1.7474747474747474,True,estimated,1.0,1.0,,0.0681860820104282,44.78432992520252
ATP6V0A4,False,0,16,1,87,1.7474747474747474,True,estimated,1.0,1.0,,0.0681860820104282,44.78432992520252
ATP6V1B1,False,0,16,1,87,1.7474747474747474,True,estimated,1.0,1.0,,0.0681860820104282,44.78432992520252
ATP7B,False,0,16,1,87,1.7474747474747474,True,estimated,1.0,1.0,,0.0681860820104282,44.78432992520252
ATP8A2,False,0,16,2,87,1.0363636363636364,True,estimated,1.0,1.0,,0.0475440423553343,22.590624052318386
ATP8B3,False,0,16,2,87,1.0363636363636364,True,estimated,1.0,1.0,,0.0475440423553343,22.590624052318386
ATP9B,False,0,16,1,87,1.7474747474747474,True,estimated,1.0,1.0,,0.0681860820104282,44.78432992520252
ATR,False,0,16,1,87,1.7474747474747474,True,estimated,1.0,1.0,,0.0681860820104282,44.78432992520252
ATRNL1,False,0,16,1,87,1.7474747474747474,True,estimated,1.0,1.0,,0.0681860820104282,44.78432992520252
ATRX,False,0,16,3,87,0.7316017316017316,True,estimated,1.0,1.0,,0.03606794664834318,14.839799418058604
ATXN7,False,0,16,1,87,1.7474747474747474,True,estimated,1.0,1.0,,0.0681860820104282,44.78432992520252
AVL9,False,0,16,1,87,1.7474747474747474,True,estimated,1.0,1.0,,0.0681860820104282,44.78432992520252
AXIN1,False,0,16,1,87,1.7474747474747474,True,estimated,1.0,1.0,,0.0681860820104282,44.78432992520252
AXIN2,False,0,16,1,87,1.7474747474747474,True,estimated,1.0,1.0,,0.0681860820104282,44.78432992520252
AXL,False,0,16,1,87,1.7474747474747474,True,estimated,1.0,1.0,,0.0681860820104282,44.78432992520252
AZU1,False,0,16,1,87,1.7474747474747474,True,estimated,1.0,1.0,,0.0681860820104282,44.78432992520252
B3GALT2,False,0,16,1,87,1.7474747474747474,True,estimated,1.0,1.0,,0.0681860820104282,44.78432992520252
B3GALT4,False,0,16,1,87,1.7474747474747474,True,estimated,1.0,1.0,,0.0681860820104282,44.78432992520252
B3GAT3,False,0,16,1,87,1.7474747474747474,True,estimated,1.0,1.0,,0.0681860820104282,44.78432992520252
B4GALNT4,False,0,16,1,87,1.7474747474747474,True,estimated,1.0,1.0,,0.0681860820104282,44.78432992520252
BACH1,False,0,16,1,87,1.7474747474747474,True,estimated,1.0,1.0,,0.0681860820104282,44.78432992520252
BAHD1,False,0,16,1,87,1.7474747474747474,True,estimated,1.0,1.0,,0.0681860820104282,44.78432992520252
BANF2,False,0,16,1,87,1.7474747474747474,True,estimated,1.0,1.0,,0.0681860820104282,44.78432992520252
BARD1,False,0,16,2,87,1.0363636363636364,True,estimated,1.0,1.0,,0.0475440423553343,22.590624052318386
BBOF1,False,0,16,1,87,1.7474747474747474,True,estimated,1.0,1.0,,0.0681860820104282,44.78432992520252
BCAN,False,0,16,1,87,1.7474747474747474,True,estimated,1.0,1.0,,0.0681860820104282,44.78432992520252
BCAT1,False,0,16,1,87,1.7474747474747474,True,estimated,1.0,1.0,,0.0681860820104282,44.78432992520252
BCL2A1,False,0,16,1,87,1.7474747474747474,True,estimated,1.0,1.0,,0.0681860820104282,44.78432992520252
BCL2L10,False,0,16,1,87,1.7474747474747474,True,estimated,1.0,1.0,,0.0681860820104282,44.78432992520252
BCOR,False,0,16,1,87,1.7474747474747474,True,estimated,1.0,1.0,,0.0681860820104282,44.78432992520252
BDH2,False,0,16,1,87,1.7474747474747474,True,estimated,1.0,1.0,,0.0681860820104282,44.78432992520252
BDKRB2,False,0,16,1,87,1.7474747474747474,True,estimated,1.0,1.0,,0.0681860820104282,44.78432992520252
BDP1,False,0,16,2,87,1.0363636363636364,True,estimated,1.0,1.0,,0.0475440423553343,22.590624052318386
BEND7,False,0,16,1,87,1.7474747474747474,True,estimated,1.0,1.0,,0.0681860820104282,44.78432992520252
BEST1,False,0,16,1,87,1.7474747474747474,True,estimated,1.0,1.0,,0.0681860820104282,44.78432992520252
BHLHE40,False,0,16,1,87,1.7474747474747474,True,estimated,1.0,1.0,,0.0681860820104282,44.78432992520252
BICC1,False,0,16,1,87,1.7474747474747474,True,estimated,1.0,1.0,,0.0681860820104282,44.78432992520252
BICD1,False,0,16,2,87,1.0363636363636364,True,estimated,1.0,1.0,,0.0475440423553343,22.590624052318386
BICD2,False,0,16,1,87,1.7474747474747474,True,estimated,1.0,1.0,,0.0681860820104282,44.78432992520252
BICRA,False,0,16,1,87,1.7474747474747474,True,estimated,1.0,1.0,,0.0681860820104282,44.78432992520252
BICRAL,False,0,16,1,87,1.7474747474747474,True,estimated,1.0,1.0,,0.0681860820104282,44.78432992520252
BIRC3,False,0,16,1,87,1.7474747474747474,True,estimated,1.0,1.0,,0.0681860820104282,44.78432992520252
BIRC6,False,0,16,2,87,1.0363636363636364,True,estimated,1.0,1.0,,0.0475440423553343,22.590624052318386
BIVM-ERCC5,False,0,16,1,87,1.7474747474747474,True,estimated,1.0,1.0,,0.0681860820104282,44.78432992520252
BLM,False,0,16,2,87,1.0363636363636364,True,estimated,1.0,1.0,,0.0475440423553343,22.590624052318386
BMP5,False,0,16,1,87,1.7474747474747474,True,estimated,1.0,1.0,,0.0681860820104282,44.78432992520252
BMPER,False,0,16,1,87,1.7474747474747474,True,estimated,1.0,1.0,,0.0681860820104282,44.78432992520252
BMT2,False,0,16,1,87,1.7474747474747474,True,estimated,1.0,1.0,,0.0681860820104282,44.78432992520252
BNC1,False,0,16,2,87,1.0363636363636364,True,estimated,1.0,1.0,,0.0475440423553343,22.590624052318386
BOD1L1,False,0,16,2,87,1.0363636363636364,True,estimated,1.0,1.0,,0.0475440423553343,22.590624052318386
BPI,False,0,16,1,87,1.7474747474747474,True,estimated,1.0,1.0,,0.0681860820104282,44.78432992520252
BPIFB1,False,0,16,1,87,1.7474747474747474,True,estimated,1.0,1.0,,0.0681860820104282,44.78432992520252
BPIFB3,False,0,16,1,87,1.7474747474747474,True,estimated,1.0,1.0,,0.0681860820104282,44.78432992520252
BRCA2,False,0,16,1,87,1.7474747474747474,True,estimated,1.0,1.0,,0.0681860820104282,44.78432992520252
BRD1,False,0,16,1,87,1.7474747474747474,True,estimated,1.0,1.0,,0.0681860820104282,44.78432992520252
BRD2,False,0,16,1,87,1.7474747474747474,True,estimated,1.0,1.0,,0.0681860820104282,44.78432992520252
BRDT,False,0,16,1,87,1.7474747474747474,True,estimated,1.0,1.0,,0.0681860820104282,44.78432992520252
BRINP2,False,0,16,2,87,1.0363636363636364,True,estimated,1.0,1.0,,0.0475440423553343,22.590624052318386
BRINP3,False,0,16,1,87,1.7474747474747474,True,estimated,1.0,1.0,,0.0681860820104282,44.78432992520252
BRPF3,False,0,16,3,87,0.7316017316017316,True,estimated,1.0,1.0,,0.03606794664834318,14.839799418058604
BRS3,False,0,16,1,87,1.7474747474747474,True,estimated,1.0,1.0,,0.0681860820104282,44.78432992520252
BRWD1,False,0,16,1,87,1.7474747474747474,True,estimated,1.0,1.0,,0.0681860820104282,44.78432992520252
BRWD3,False,0,16,2,87,1.0363636363636364,True,estimated,1.0,1.0,,0.0475440423553343,22.590624052318386
BSDC1,False,0,16,1,87,1.7474747474747474,True,estimated,1.0,1.0,,0.0681860820104282,44.78432992520252
BSND,False,0,16,1,87,1.7474747474747474,True,estimated,1.0,1.0,,0.0681860820104282,44.78432992520252
BSX,False,0,16,1,87,1.7474747474747474,True,estimated,1.0,1.0,,0.0681860820104282,44.78432992520252
BTBD7,False,0,16,1,87,1.7474747474747474,True,estimated,1.0,1.0,,0.0681860820104282,44.78432992520252
BTG1,False,0,16,1,87,1.7474747474747474,True,estimated,1.0,1.0,,0.0681860820104282,44.78432992520252
BTN1A1,False,0,16,1,87,1.7474747474747474,True,estimated,1.0,1.0,,0.0681860820104282,44.78432992520252
BTN3A1,False,0,16,1,87,1.7474747474747474,True,estimated,1.0,1.0,,0.0681860820104282,44.78432992520252
BTNL3,False,0,16,1,87,1.7474747474747474,True,estimated,1.0,1.0,,0.0681860820104282,44.78432992520252
BTNL8,False,0,16,1,87,1.7474747474747474,True,estimated,1.0,1.0,,0.0681860820104282,44.78432992520252
C11orf24,False,0,16,1,87,1.7474747474747474,True,estimated,1.0,1.0,,0.0681860820104282,44.78432992520252
C11orf94,False,0,16,1,87,1.7474747474747474,True,estimated,1.0,1.0,,0.0681860820104282,44.78432992520252
C12orf40,False,0,16,1,87,1.7474747474747474,True,estimated,1.0,1.0,,0.0681860820104282,44.78432992520252
C12orf60,False,0,16,1,87,1.7474747474747474,True,estimated,1.0,1.0,,0.0681860820104282,44.78432992520252
C16orf78,False,0,16,1,87,1.7474747474747474,True,estimated,1.0,1.0,,0.0681860820104282,44.78432992520252
C17orf75,False,0,16,1,87,1.7474747474747474,True,estimated,1.0,1.0,,0.0681860820104282,44.78432992520252
C1QTNF9,False,0,16,1,87,1.7474747474747474,True,estimated,1.0,1.0,,0.0681860820104282,44.78432992520252
C20orf194,False,0,16,2,87,1.0363636363636364,True,estimated,1.0,1.0,,0.0475440423553343,22.590624052318386
C2CD2L,False,0,16,1,87,1.7474747474747474,True,estimated,1.0,1.0,,0.0681860820104282,44.78432992520252
C2CD6,False,0,16,1,87,1.7474747474747474,True,estimated,1.0,1.0,,0.0681860820104282,44.78432992520252
C2orf49,False,0,16,1,87,1.7474747474747474,True,estimated,1.0,1.0,,0.0681860820104282,44.78432992520252
C2orf69,False,0,16,1,87,1.7474747474747474,True,estimated,1.0,1.0,,0.0681860820104282,44.78432992520252
C3,False,0,16,1,87,1.7474747474747474,True,estimated,1.0,1.0,,0.0681860820104282,44.78432992520252
C3orf33,False,0,16,1,87,1.7474747474747474,True,estimated,1.0,1.0,,0.0681860820104282,44.78432992520252
C3orf62,False,0,16,1,87,1.7474747474747474,True,estimated,1.0,1.0,,0.0681860820104282,44.78432992520252
C3orf70,False,0,16,1,87,1.7474747474747474,True,estimated,1.0,1.0,,0.0681860820104282,44.78432992520252
C5orf22,False,0,16,1,87,1.7474747474747474,True,estimated,1.0,1.0,,0.0681860820104282,44.78432992520252
C6,False,0,16,1,87,1.7474747474747474,True,estimated,1.0,1.0,,0.0681860820104282,44.78432992520252
C6orf47,False,0,16,1,87,1.7474747474747474,True,estimated,1.0,1.0,,0.0681860820104282,44.78432992520252
C6orf62,False,0,16,2,87,1.0363636363636364,True,estimated,1.0,1.0,,0.0475440423553343,22.590624052318386
C6orf89,False,0,16,1,87,1.7474747474747474,True,estimated,1.0,1.0,,0.0681860820104282,44.78432992520252
C8orf37,False,0,16,1,87,1.7474747474747474,True,estimated,1.0,1.0,,0.0681860820104282,44.78432992520252
CA10,False,0,16,1,87,1.7474747474747474,True,estimated,1.0,1.0,,0.0681860820104282,44.78432992520252
CA5B,False,0,16,1,87,1.7474747474747474,True,estimated,1.0,1.0,,0.0681860820104282,44.78432992520252
CABCOCO1,False,0,16,1,87,1.7474747474747474,True,estimated,1.0,1.0,,0.0681860820104282,44.78432992520252
CABIN1,False,0,16,1,87,1.7474747474747474,True,estimated,1.0,1.0,,0.0681860820104282,44.78432992520252
CACNA1A,False,0,16,1,87,1.7474747474747474,True,estimated,1.0,1.0,,0.0681860820104282,44.78432992520252
CACNA1F,False,0,16,1,87,1.7474747474747474,True,estimated,1.0,1.0,,0.0681860820104282,44.78432992520252
CACNA1I,False,0,16,1,87,1.7474747474747474,True,estimated,1.0,1.0,,0.0681860820104282,44.78432992520252
CACNA1S,False,0,16,3,87,0.7316017316017316,True,estimated,1.0,1.0,,0.03606794664834318,14.839799418058604
CACNA2D1,False,0,16,1,87,1.7474747474747474,True,estimated,1.0,1.0,,0.0681860820104282,44.78432992520252
CACNA2D4,False,0,16,1,87,1.7474747474747474,True,estimated,1.0,1.0,,0.0681860820104282,44.78432992520252
CACNG5,False,0,16,1,87,1.7474747474747474,True,estimated,1.0,1.0,,0.0681860820104282,44.78432992520252
CACYBP,False,0,16,1,87,1.7474747474747474,True,estimated,1.0,1.0,,0.0681860820104282,44.78432992520252
CAD,False,0,16,1,87,1.7474747474747474,True,estimated,1.0,1.0,,0.0681860820104282,44.78432992520252
CALB1,False,0,16,1,87,1.7474747474747474,True,estimated,1.0,1.0,,0.0681860820104282,44.78432992520252
CALCOCO2,False,0,16,1,87,1.7474747474747474,True,estimated,1.0,1.0,,0.0681860820104282,44.78432992520252
CALD1,False,0,16,1,87,1.7474747474747474,True,estimated,1.0,1.0,,0.0681860820104282,44.78432992520252
CALHM1,False,0,16,1,87,1.7474747474747474,True,estimated,1.0,1.0,,0.0681860820104282,44.78432992520252
CALM2,False,0,16,1,87,1.7474747474747474,True,estimated,1.0,1.0,,0.0681860820104282,44.78432992520252
CALU,False,0,16,1,87,1.7474747474747474,True,estimated,1.0,1.0,,0.0681860820104282,44.78432992520252
CAMKK2,False,0,16,1,87,1.7474747474747474,True,estimated,1.0,1.0,,0.0681860820104282,44.78432992520252
CAMSAP1,False,0,16,1,87,1.7474747474747474,True,estimated,1.0,1.0,,0.0681860820104282,44.78432992520252
CAMSAP2,False,0,16,2,87,1.0363636363636364,True,estimated,1.0,1.0,,0.0475440423553343,22.590624052318386
CAMTA2,False,0,16,1,87,1.7474747474747474,True,estimated,1.0,1.0,,0.0681860820104282,44.78432992520252
CANT1,False,0,16,1,87,1.7474747474747474,True,estimated,1.0,1.0,,0.0681860820104282,44.78432992520252
CAPN12,False,0,16,1,87,1.7474747474747474,True,estimated,1.0,1.0,,0.0681860820104282,44.78432992520252
CAPN3,False,0,16,1,87,1.7474747474747474,True,estimated,1.0,1.0,,0.0681860820104282,44.78432992520252
CAPN9,False,0,16,1,87,1.7474747474747474,True,estimated,1.0,1.0,,0.0681860820104282,44.78432992520252
CAPRIN2,False,0,16,1,87,1.7474747474747474,True,estimated,1.0,1.0,,0.0681860820104282,44.78432992520252
CARMIL2,False,0,16,1,87,1.7474747474747474,True,estimated,1.0,1.0,,0.0681860820104282,44.78432992520252
CASK,False,0,16,1,87,1.7474747474747474,True,estimated,1.0,1.0,,0.0681860820104282,44.78432992520252
CASP10,False,0,16,1,87,1.7474747474747474,True,estimated,1.0,1.0,,0.0681860820104282,44.78432992520252
CASP8AP2,False,0,16,2,87,1.0363636363636364,True,estimated,1.0,1.0,,0.0475440423553343,22.590624052318386
CATIP,False,0,16,1,87,1.7474747474747474,True,estimated,1.0,1.0,,0.0681860820104282,44.78432992520252
CATSPER3,False,0,16,1,87,1.7474747474747474,True,estimated,1.0,1.0,,0.0681860820104282,44.78432992520252
CATSPERB,False,0,16,1,87,1.7474747474747474,True,estimated,1.0,1.0,,0.0681860820104282,44.78432992520252
CBR4,False,0,16,1,87,1.7474747474747474,True,estimated,1.0,1.0,,0.0681860820104282,44.78432992520252
CCDC102A,False,0,16,1,87,1.7474747474747474,True,estimated,1.0,1.0,,0.0681860820104282,44.78432992520252
CCDC116,False,0,16,1,87,1.7474747474747474,True,estimated,1.0,1.0,,0.0681860820104282,44.78432992520252
CCDC125,False,0,16,1,87,1.7474747474747474,True,estimated,1.0,1.0,,0.0681860820104282,44.78432992520252
CCDC138,False,0,16,1,87,1.7474747474747474,True,estimated,1.0,1.0,,0.0681860820104282,44.78432992520252
CCDC142,False,0,16,1,87,1.7474747474747474,True,estimated,1.0,1.0,,0.0681860820104282,44.78432992520252
CCDC171,False,0,16,1,87,1.7474747474747474,True,estimated,1.0,1.0,,0.0681860820104282,44.78432992520252
CCDC174,False,0,16,1,87,1.7474747474747474,True,estimated,1.0,1.0,,0.0681860820104282,44.78432992520252
CCDC178,False,0,16,1,87,1.7474747474747474,True,estimated,1.0,1.0,,0.0681860820104282,44.78432992520252
CCDC180,False,0,16,2,87,1.0363636363636364,True,estimated,1.0,1.0,,0.0475440423553343,22.590624052318386
CCDC30,False,0,16,1,87,1.7474747474747474,True,estimated,1.0,1.0,,0.0681860820104282,44.78432992520252
CCDC33,False,0,16,1,87,1.7474747474747474,True,estimated,1.0,1.0,,0.0681860820104282,44.78432992520252
CCDC40,False,0,16,1,87,1.7474747474747474,True,estimated,1.0,1.0,,0.0681860820104282,44.78432992520252
CCDC59,False,0,16,1,87,1.7474747474747474,True,estimated,1.0,1.0,,0.0681860820104282,44.78432992520252
CCDC61,False,0,16,1,87,1.7474747474747474,True,estimated,1.0,1.0,,0.0681860820104282,44.78432992520252
CCDC68,False,0,16,1,87,1.7474747474747474,True,estimated,1.0,1.0,,0.0681860820104282,44.78432992520252
CCDC80,False,0,16,2,87,1.0363636363636364,True,estimated,1.0,1.0,,0.0475440423553343,22.590624052318386
CCDC88B,False,0,16,1,87,1.7474747474747474,True,estimated,1.0,1.0,,0.0681860820104282,44.78432992520252
CCKAR,False,0,16,1,87,1.7474747474747474,True,estimated,1.0,1.0,,0.0681860820104282,44.78432992520252
CCKBR,False,0,16,1,87,1.7474747474747474,True,estimated,1.0,1.0,,0.0681860820104282,44.78432992520252
CCN3,False,0,16,1,87,1.7474747474747474,True,estimated,1.0,1.0,,0.0681860820104282,44.78432992520252
CCNB2,False,0,16,1,87,1.7474747474747474,True,estimated,1.0,1.0,,0.0681860820104282,44.78432992520252
CCR6,False,0,16,1,87,1.7474747474747474,True,estimated,1.0,1.0,,0.0681860820104282,44.78432992520252
CCT6B,False,0,16,1,87,1.7474747474747474,True,estimated,1.0,1.0,,0.0681860820104282,44.78432992520252
CD163,False,0,16,1,87,1.7474747474747474,True,estimated,1.0,1.0,,0.0681860820104282,44.78432992520252
CD163L1,False,0,16,1,87,1.7474747474747474,True,estimated,1.0,1.0,,0.0681860820104282,44.78432992520252
CD27,False,0,16,1,87,1.7474747474747474,True,estimated,1.0,1.0,,0.0681860820104282,44.78432992520252
CD28,False,0,16,1,87,1.7474747474747474,True,estimated,1.0,1.0,,0.0681860820104282,44.78432992520252
CD300LG,False,0,16,1,87,1.7474747474747474,True,estimated,1.0,1.0,,0.0681860820104282,44.78432992520252
CD34,False,0,16,1,87,1.7474747474747474,True,estimated,1.0,1.0,,0.0681860820104282,44.78432992520252
CD44,False,0,16,1,87,1.7474747474747474,True,estimated,1.0,1.0,,0.0681860820104282,44.78432992520252
CD53,False,0,16,1,87,1.7474747474747474,True,estimated,1.0,1.0,,0.0681860820104282,44.78432992520252
CDC14A,False,0,16,1,87,1.7474747474747474,True,estimated,1.0,1.0,,0.0681860820104282,44.78432992520252
CDC16,False,0,16,1,87,1.7474747474747474,True,estimated,1.0,1.0,,0.0681860820104282,44.78432992520252
CDC25C,False,0,16,1,87,1.7474747474747474,True,estimated,1.0,1.0,,0.0681860820104282,44.78432992520252
CDC42BPA,False,0,16,2,87,1.0363636363636364,True,estimated,1.0,1.0,,0.0475440423553343,22.590624052318386
CDC42BPB,False,0,16,1,87,1.7474747474747474,True,estimated,1.0,1.0,,0.0681860820104282,44.78432992520252
CDCA2,False,0,16,2,87,1.0363636363636364,True,estimated,1.0,1.0,,0.0475440423553343,22.590624052318386
CDCA7,False,0,16,1,87,1.7474747474747474,True,estimated,1.0,1.0,,0.0681860820104282,44.78432992520252
CDH11,False,0,16,1,87,1.7474747474747474,True,estimated,1.0,1.0,,0.0681860820104282,44.78432992520252
CDH18,False,0,16,2,87,1.0363636363636364,True,estimated,1.0,1.0,,0.0475440423553343,22.590624052318386
CDH20,False,0,16,1,87,1.7474747474747474,True,estimated,1.0,1.0,,0.0681860820104282,44.78432992520252
CDH23,False,0,16,1,87,1.7474747474747474,True,estimated,1.0,1.0,,0.0681860820104282,44.78432992520252
CDH4,False,0,16,1,87,1.7474747474747474,True,estimated,1.0,1.0,,0.0681860820104282,44.78432992520252
CDK3,False,0,16,1,87,1.7474747474747474,True,estimated,1.0,1.0,,0.0681860820104282,44.78432992520252
CDK5RAP2,False,0,16,2,87,1.0363636363636364,True,estimated,1.0,1.0,,0.0475440423553343,22.590624052318386
CDK8,False,0,16,1,87,1.7474747474747474,True,estimated,1.0,1.0,,0.0681860820104282,44.78432992520252
CDKN2A,True,0,16,0,87,,False,not_estimable_no_events,1.0,1.0,1.0,,
CDKN2AIP,False,0,16,1,87,1.7474747474747474,True,estimated,1.0,1.0,,0.0681860820104282,44.78432992520252
CDKN2C,False,0,16,1,87,1.7474747474747474,True,estimated,1.0,1.0,,0.0681860820104282,44.78432992520252
CDR1,False,0,16,1,87,1.7474747474747474,True,estimated,1.0,1.0,,0.0681860820104282,44.78432992520252
CDX4,False,0,16,1,87,1.7474747474747474,True,estimated,1.0,1.0,,0.0681860820104282,44.78432992520252
CDYL,False,0,16,1,87,1.7474747474747474,True,estimated,1.0,1.0,,0.0681860820104282,44.78432992520252
CEACAM3,False,0,16,1,87,1.7474747474747474,True,estimated,1.0,1.0,,0.0681860820104282,44.78432992520252
CEACAM4,False,0,16,1,87,1.7474747474747474,True,estimated,1.0,1.0,,0.0681860820104282,44.78432992520252
CELF3,False,0,16,1,87,1.7474747474747474,True,estimated,1.0,1.0,,0.0681860820104282,44.78432992520252
CELSR1,False,0,16,1,87,1.7474747474747474,True,estimated,1.0,1.0,,0.0681860820104282,44.78432992520252
CELSR2,False,0,16,1,87,1.7474747474747474,True,estimated,1.0,1.0,,0.0681860820104282,44.78432992520252
CEMIP2,False,0,16,1,87,1.7474747474747474,True,estimated,1.0,1.0,,0.0681860820104282,44.78432992520252
CENPE,False,0,16,2,87,1.0363636363636364,True,estimated,1.0,1.0,,0.0475440423553343,22.590624052318386
CENPF,False,0,16,2,87,1.0363636363636364,True,estimated,1.0,1.0,,0.0475440423553343,22.590624052318386
CENPW,False,0,16,1,87,1.7474747474747474,True,estimated,1.0,1.0,,0.0681860820104282,44.78432992520252
CEP120,False,0,16,1,87,1.7474747474747474,True,estimated,1.0,1.0,,0.0681860820104282,44.78432992520252
CEP135,False,0,16,1,87,1.7474747474747474,True,estimated,1.0,1.0,,0.0681860820104282,44.78432992520252
CEP152,False,0,16,1,87,1.7474747474747474,True,estimated,1.0,1.0,,0.0681860820104282,44.78432992520252
CEP162,False,0,16,1,87,1.7474747474747474,True,estimated,1.0,1.0,,0.0681860820104282,44.78432992520252
CEP192,False,0,16,1,87,1.7474747474747474,True,estimated,1.0,1.0,,0.0681860820104282,44.78432992520252
CEP41,False,0,16,1,87,1.7474747474747474,True,estimated,1.0,1.0,,0.0681860820104282,44.78432992520252
CEP57L1,False,0,16,1,87,1.7474747474747474,True,estimated,1.0,1.0,,0.0681860820104282,44.78432992520252
CEP63,False,0,16,1,87,1.7474747474747474,True,estimated,1.0,1.0,,0.0681860820104282,44.78432992520252
CERS3,False,0,16,1,87,1.7474747474747474,True,estimated,1.0,1.0,,0.0681860820104282,44.78432992520252
CERS4,False,0,16,1,87,1.7474747474747474,True,estimated,1.0,1.0,,0.0681860820104282,44.78432992520252
CES1,False,0,16,2,87,1.0363636363636364,True,estimated,1.0,1.0,,0.0475440423553343,22.590624052318386
CFAP43,False,0,16,1,87,1.7474747474747474,True,estimated,1.0,1.0,,0.0681860820104282,44.78432992520252
CFAP44,False,0,16,1,87,1.7474747474747474,True,estimated,1.0,1.0,,0.0681860820104282,44.78432992520252
CFAP61,False,0,16,1,87,1.7474747474747474,True,estimated,1.0,1.0,,0.0681860820104282,44.78432992520252
CFAP74,False,0,16,2,87,1.0363636363636364,True,estimated,1.0,1.0,,0.0475440423553343,22.590624052318386
CFHR4,False,0,16,1,87,1.7474747474747474,True,estimated,1.0,1.0,,0.0681860820104282,44.78432992520252
CFLAR,False,0,16,1,87,1.7474747474747474,True,estimated,1.0,1.0,,0.0681860820104282,44.78432992520252
CFTR,False,0,16,1,87,1.7474747474747474,True,estimated,1.0,1.0,,0.0681860820104282,44.78432992520252
CHAD,False,0,16,1,87,1.7474747474747474,True,estimated,1.0,1.0,,0.0681860820104282,44.78432992520252
CHAF1A,False,0,16,1,87,1.7474747474747474,True,estimated,1.0,1.0,,0.0681860820104282,44.78432992520252
CHAF1B,False,0,16,2,87,1.0363636363636364,True,estimated,1.0,1.0,,0.0475440423553343,22.590624052318386
CHAT,False,0,16,1,87,1.7474747474747474,True,estimated,1.0,1.0,,0.0681860820104282,44.78432992520252
CHD1,False,0,16,1,87,1.7474747474747474,True,estimated,1.0,1.0,,0.0681860820104282,44.78432992520252
CHD2,False,0,16,1,87,1.7474747474747474,True,estimated,1.0,1.0,,0.0681860820104282,44.78432992520252
CHD3,False,0,16,1,87,1.7474747474747474,True,estimated,1.0,1.0,,0.0681860820104282,44.78432992520252
CHD4,False,0,16,4,87,0.5622895622895623,True,estimated,1.0,1.0,,0.028872485452665183,10.950548485967024
CHD7,False,0,16,1,87,1.7474747474747474,True,estimated,1.0,1.0,,0.0681860820104282,44.78432992520252
CHIA,False,0,16,2,87,1.0363636363636364,True,estimated,1.0,1.0,,0.0475440423553343,22.590624052318386
CHID1,False,0,16,2,87,1.0363636363636364,True,estimated,1.0,1.0,,0.0475440423553343,22.590624052318386
CHIT1,False,0,16,1,87,1.7474747474747474,True,estimated,1.0,1.0,,0.0681860820104282,44.78432992520252
CHL1,False,0,16,1,87,1.7474747474747474,True,estimated,1.0,1.0,,0.0681860820104282,44.78432992520252
CHM,False,0,16,1,87,1.7474747474747474,True,estimated,1.0,1.0,,0.0681860820104282,44.78432992520252
CHML,False,0,16,1,87,1.7474747474747474,True,estimated,1.0,1.0,,0.0681860820104282,44.78432992520252
CHMP7,False,0,16,1,87,1.7474747474747474,True,estimated,1.0,1.0,,0.0681860820104282,44.78432992520252
CHPT1,False,0,16,1,87,1.7474747474747474,True,estimated,1.0,1.0,,0.0681860820104282,44.78432992520252
CHRD,False,0,16,1,87,1.7474747474747474,True,estimated,1.0,1.0,,0.0681860820104282,44.78432992520252
CHRM2,False,0,16,1,87,1.7474747474747474,True,estimated,1.0,1.0,,0.0681860820104282,44.78432992520252
CHRNA1,False,0,16,1,87,1.7474747474747474,True,estimated,1.0,1.0,,0.0681860820104282,44.78432992520252
CHRNA4,False,0,16,1,87,1.7474747474747474,True,estimated,1.0,1.0,,0.0681860820104282,44.78432992520252
CHRNB1,False,0,16,1,87,1.7474747474747474,True,estimated,1.0,1.0,,0.0681860820104282,44.78432992520252
CHSY3,False,0,16,2,87,1.0363636363636364,True,estimated,1.0,1.0,,0.0475440423553343,22.590624052318386
CHUK,False,0,16,1,87,1.7474747474747474,True,estimated,1.0,1.0,,0.0681860820104282,44.78432992520252
CIC,False,0,16,1,87,1.7474747474747474,True,estimated,1.0,1.0,,0.0681860820104282,44.78432992520252
CIITA,False,0,16,1,87,1.7474747474747474,True,estimated,1.0,1.0,,0.0681860820104282,44.78432992520252
CISD2,False,0,16,1,87,1.7474747474747474,True,estimated,1.0,1.0,,0.0681860820104282,44.78432992520252
CIZ1,False,0,16,1,87,1.7474747474747474,True,estimated,1.0,1.0,,0.0681860820104282,44.78432992520252
CKAP5,False,0,16,1,87,1.7474747474747474,True,estimated,1.0,1.0,,0.0681860820104282,44.78432992520252
CLASP1,False,0,16,1,87,1.7474747474747474,True,estimated,1.0,1.0,,0.0681860820104282,44.78432992520252
CLASRP,False,0,16,1,87,1.7474747474747474,True,estimated,1.0,1.0,,0.0681860820104282,44.78432992520252
CLCA2,False,0,16,1,87,1.7474747474747474,True,estimated,1.0,1.0,,0.0681860820104282,44.78432992520252
CLCN6,False,0,16,1,87,1.7474747474747474,True,estimated,1.0,1.0,,0.0681860820104282,44.78432992520252
CLDN10,False,0,16,1,87,1.7474747474747474,True,estimated,1.0,1.0,,0.0681860820104282,44.78432992520252
CLDND2,False,0,16,1,87,1.7474747474747474,True,estimated,1.0,1.0,,0.0681860820104282,44.78432992520252
CLEC2D,False,0,16,1,87,1.7474747474747474,True,estimated,1.0,1.0,,0.0681860820104282,44.78432992520252
CLEC4E,False,0,16,1,87,1.7474747474747474,True,estimated,1.0,1.0,,0.0681860820104282,44.78432992520252
CLEC4M,False,0,16,1,87,1.7474747474747474,True,estimated,1.0,1.0,,0.0681860820104282,44.78432992520252
CLIC6,False,0,16,1,87,1.7474747474747474,True,estimated,1.0,1.0,,0.0681860820104282,44.78432992520252
CLK2,False,0,16,1,87,1.7474747474747474,True,estimated,1.0,1.0,,0.0681860820104282,44.78432992520252
CLK4,False,0,16,1,87,1.7474747474747474,True,estimated,1.0,1.0,,0.0681860820104282,44.78432992520252
CLMN,False,0,16,1,87,1.7474747474747474,True,estimated,1.0,1.0,,0.0681860820104282,44.78432992520252
CLN8,False,0,16,1,87,1.7474747474747474,True,estimated,1.0,1.0,,0.0681860820104282,44.78432992520252
CLPTM1,False,0,16,1,87,1.7474747474747474,True,estimated,1.0,1.0,,0.0681860820104282,44.78432992520252
CLPTM1L,False,0,16,2,87,1.0363636363636364,True,estimated,1.0,1.0,,0.0475440423553343,22.590624052318386
CLTC,False,0,16,1,87,1.7474747474747474,True,estimated,1.0,1.0,,0.0681860820104282,44.78432992520252
CLUH,False,0,16,2,87,1.0363636363636364,True,estimated,1.0,1.0,,0.0475440423553343,22.590624052318386
CLVS1,False,0,16,1,87,1.7474747474747474,True,estimated,1.0,1.0,,0.0681860820104282,44.78432992520252
CMA1,False,0,16,1,87,1.7474747474747474,True,estimated,1.0,1.0,,0.0681860820104282,44.78432992520252
CMTM2,False,0,16,1,87,1.7474747474747474,True,estimated,1.0,1.0,,0.0681860820104282,44.78432992520252
CMTM4,False,0,16,1,87,1.7474747474747474,True,estimated,1.0,1.0,,0.0681860820104282,44.78432992520252
CMTR2,False,0,16,2,87,1.0363636363636364,True,estimated,1.0,1.0,,0.0475440423553343,22.590624052318386
CNDP1,False,0,16,1,87,1.7474747474747474,True,estimated,1.0,1.0,,0.0681860820104282,44.78432992520252
CNDP2,False,0,16,1,87,1.7474747474747474,True,estimated,1.0,1.0,,0.0681860820104282,44.78432992520252
CNKSR2,False,0,16,1,87,1.7474747474747474,True,estimated,1.0,1.0,,0.0681860820104282,44.78432992520252
CNN3,False,0,16,1,87,1.7474747474747474,True,estimated,1.0,1.0,,0.0681860820104282,44.78432992520252
CNOT1,False,0,16,2,87,1.0363636363636364,True,estimated,1.0,1.0,,0.0475440423553343,22.590624052318386
CNOT11,False,0,16,2,87,1.0363636363636364,True,estimated,1.0,1.0,,0.0475440423553343,22.590624052318386
CNOT6,False,0,16,1,87,1.7474747474747474,True,estimated,1.0,1.0,,0.0681860820104282,44.78432992520252
CNOT6L,False,0,16,1,87,1.7474747474747474,True,estimated,1.0,1.0,,0.0681860820104282,44.78432992520252
CNOT9,False,0,16,1,87,1.7474747474747474,True,estimated,1.0,1.0,,0.0681860820104282,44.78432992520252
CNTN2,False,0,16,1,87,1.7474747474747474,True,estimated,1.0,1.0,,0.0681860820104282,44.78432992520252
CNTN5,False,0,16,1,87,1.7474747474747474,True,estimated,1.0,1.0,,0.0681860820104282,44.78432992520252
CNTN6,False,0,16,1,87,1.7474747474747474,True,estimated,1.0,1.0,,0.0681860820104282,44.78432992520252
CNTNAP1,False,0,16,1,87,1.7474747474747474,True,estimated,1.0,1.0,,0.0681860820104282,44.78432992520252
CNTNAP2,False,0,16,1,87,1.7474747474747474,True,estimated,1.0,1.0,,0.0681860820104282,44.78432992520252
CNTNAP3,False,0,16,1,87,1.7474747474747474,True,estimated,1.0,1.0,,0.0681860820104282,44.78432992520252
CNTNAP5,False,0,16,1,87,1.7474747474747474,True,estimated,1.0,1.0,,0.0681860820104282,44.78432992520252
CNTRL,False,0,16,1,87,1.7474747474747474,True,estimated,1.0,1.0,,0.0681860820104282,44.78432992520252
COBL,False,0,16,1,87,1.7474747474747474,True,estimated,1.0,1.0,,0.0681860820104282,44.78432992520252
COBLL1,False,0,16,2,87,1.0363636363636364,True,estimated,1.0,1.0,,0.0475440423553343,22.590624052318386
COG1,False,0,16,1,87,1.7474747474747474,True,estimated,1.0,1.0,,0.0681860820104282,44.78432992520252
COG5,False,0,16,1,87,1.7474747474747474,True,estimated,1.0,1.0,,0.0681860820104282,44.78432992520252
COG8,False,0,16,1,87,1.7474747474747474,True,estimated,1.0,1.0,,0.0681860820104282,44.78432992520252
COL11A1,False,0,16,4,87,0.5622895622895623,True,estimated,1.0,1.0,,0.028872485452665183,10.950548485967024
COL11A2,False,0,16,1,87,1.7474747474747474,True,estimated,1.0,1.0,,0.0681860820104282,44.78432992520252
COL12A1,False,0,16,1,87,1.7474747474747474,True,estimated,1.0,1.0,,0.0681860820104282,44.78432992520252
COL13A1,False,0,16,1,87,1.7474747474747474,True,estimated,1.0,1.0,,0.0681860820104282,44.78432992520252
COL15A1,False,0,16,1,87,1.7474747474747474,True,estimated,1.0,1.0,,0.0681860820104282,44.78432992520252
COL16A1,False,0,16,1,87,1.7474747474747474,True,estimated,1.0,1.0,,0.0681860820104282,44.78432992520252
COL17A1,False,0,16,1,87,1.7474747474747474,True,estimated,1.0,1.0,,0.0681860820104282,44.78432992520252
COL19A1,False,0,16,1,87,1.7474747474747474,True,estimated,1.0,1.0,,0.0681860820104282,44.78432992520252
COL1A1,False,0,16,1,87,1.7474747474747474,True,estimated,1.0,1.0,,0.0681860820104282,44.78432992520252
COL1A2,False,0,16,1,87,1.7474747474747474,True,estimated,1.0,1.0,,0.0681860820104282,44.78432992520252
COL22A1,False,0,16,1,87,1.7474747474747474,True,estimated,1.0,1.0,,0.0681860820104282,44.78432992520252
COL26A1,False,0,16,1,87,1.7474747474747474,True,estimated,1.0,1.0,,0.0681860820104282,44.78432992520252
COL27A1,False,0,16,1,87,1.7474747474747474,True,estimated,1.0,1.0,,0.0681860820104282,44.78432992520252
COL4A5,False,0,16,2,87,1.0363636363636364,True,estimated,1.0,1.0,,0.0475440423553343,22.590624052318386
COL4A6,False,0,16,1,87,1.7474747474747474,True,estimated,1.0,1.0,,0.0681860820104282,44.78432992520252
COL5A1,False,0,16,1,87,1.7474747474747474,True,estimated,1.0,1.0,,0.0681860820104282,44.78432992520252
COL5A2,False,0,16,2,87,1.0363636363636364,True,estimated,1.0,1.0,,0.0475440423553343,22.590624052318386
COL5A3,False,0,16,3,87,0.7316017316017316,True,estimated,1.0,1.0,,0.03606794664834318,14.839799418058604
COL6A3,False,0,16,1,87,1.7474747474747474,True,estimated,1.0,1.0,,0.0681860820104282,44.78432992520252
COLGALT2,False,0,16,1,87,1.7474747474747474,True,estimated,1.0,1.0,,0.0681860820104282,44.78432992520252
COMMD10,False,0,16,1,87,1.7474747474747474,True,estimated,1.0,1.0,,0.0681860820104282,44.78432992520252
COP1,False,0,16,1,87,1.7474747474747474,True,estimated,1.0,1.0,,0.0681860820104282,44.78432992520252
COPA,False,0,16,1,87,1.7474747474747474,True,estimated,1.0,1.0,,0.0681860820104282,44.78432992520252
COPB2,False,0,16,1,87,1.7474747474747474,True,estimated,1.0,1.0,,0.0681860820104282,44.78432992520252
COPS2,False,0,16,1,87,1.7474747474747474,True,estimated,1.0,1.0,,0.0681860820104282,44.78432992520252
COQ10A,False,0,16,2,87,1.0363636363636364,True,estimated,1.0,1.0,,0.0475440423553343,22.590624052318386
COQ6,False,0,16,1,87,1.7474747474747474,True,estimated,1.0,1.0,,0.0681860820104282,44.78432992520252
COX11,False,0,16,1,87,1.7474747474747474,True,estimated,1.0,1.0,,0.0681860820104282,44.78432992520252
COX19,False,0,16,2,87,1.0363636363636364,True,estimated,1.0,1.0,,0.0475440423553343,22.590624052318386
COX6B2,False,0,16,2,87,1.0363636363636364,True,estimated,1.0,1.0,,0.0475440423553343,22.590624052318386
COX7A2,False,0,16,1,87,1.7474747474747474,True,estimated,1.0,1.0,,0.0681860820104282,44.78432992520252
CPA6,False,0,16,1,87,1.7474747474747474,True,estimated,1.0,1.0,,0.0681860820104282,44.78432992520252
CPLANE1,False,0,16,1,87,1.7474747474747474,True,estimated,1.0,1.0,,0.0681860820104282,44.78432992520252
CPNE5,False,0,16,1,87,1.7474747474747474,True,estimated,1.0,1.0,,0.0681860820104282,44.78432992520252
CPNE7,False,0,16,1,87,1.7474747474747474,True,estimated,1.0,1.0,,0.0681860820104282,44.78432992520252
CPSF7,False,0,16,1,87,1.7474747474747474,True,estimated,1.0,1.0,,0.0681860820104282,44.78432992520252
CPXM2,False,0,16,2,87,1.0363636363636364,True,estimated,1.0,1.0,,0.0475440423553343,22.590624052318386
CR1,False,0,16,2,87,1.0363636363636364,True,estimated,1.0,1.0,,0.0475440423553343,22.590624052318386
CRB1,False,0,16,2,87,1.0363636363636364,True,estimated,1.0,1.0,,0.0475440423553343,22.590624052318386
CREBBP,False,0,16,1,87,1.7474747474747474,True,estimated,1.0,1.0,,0.0681860820104282,44.78432992520252
CREBRF,False,0,16,1,87,1.7474747474747474,True,estimated,1.0,1.0,,0.0681860820104282,44.78432992520252
CRELD1,False,0,16,1,87,1.7474747474747474,True,estimated,1.0,1.0,,0.0681860820104282,44.78432992520252
CRHR1,False,0,16,1,87,1.7474747474747474,True,estimated,1.0,1.0,,0.0681860820104282,44.78432992520252
CRISP3,False,0,16,1,87,1.7474747474747474,True,estimated,1.0,1.0,,0.0681860820104282,44.78432992520252
CRTC1,False,0,16,1,87,1.7474747474747474,True,estimated,1.0,1.0,,0.0681860820104282,44.78432992520252
CRYBB2,False,0,16,1,87,1.7474747474747474,True,estimated,1.0,1.0,,0.0681860820104282,44.78432992520252
CRYBG1,False,0,16,2,87,1.0363636363636364,True,estimated,1.0,1.0,,0.0475440423553343,22.590624052318386
CRYBG2,False,0,16,1,87,1.7474747474747474,True,estimated,1.0,1.0,,0.0681860820104282,44.78432992520252
CRYGA,False,0,16,1,87,1.7474747474747474,True,estimated,1.0,1.0,,0.0681860820104282,44.78432992520252
CSAG1,False,0,16,1,87,1.7474747474747474,True,estimated,1.0,1.0,,0.0681860820104282,44.78432992520252
CSF1R,False,0,16,1,87,1.7474747474747474,True,estimated,1.0,1.0,,0.0681860820104282,44.78432992520252
CSGALNACT2,False,0,16,1,87,1.7474747474747474,True,estimated,1.0,1.0,,0.0681860820104282,44.78432992520252
CSK,False,0,16,1,87,1.7474747474747474,True,estimated,1.0,1.0,,0.0681860820104282,44.78432992520252
CSMD1,False,0,16,3,87,0.7316017316017316,True,estimated,1.0,1.0,,0.03606794664834318,14.839799418058604
CSMD3,False,0,16,4,87,0.5622895622895623,True,estimated,1.0,1.0,,0.028872485452665183,10.950548485967024
CSPP1,False,0,16,1,87,1.7474747474747474,True,estimated,1.0,1.0,,0.0681860820104282,44.78432992520252
CSRNP1,False,0,16,1,87,1.7474747474747474,True,estimated,1.0,1.0,,0.0681860820104282,44.78432992520252
CSRNP2,False,0,16,1,87,1.7474747474747474,True,estimated,1.0,1.0,,0.0681860820104282,44.78432992520252
CST11,False,0,16,1,87,1.7474747474747474,True,estimated,1.0,1.0,,0.0681860820104282,44.78432992520252
CSTF2T,False,0,16,1,87,1.7474747474747474,True,estimated,1.0,1.0,,0.0681860820104282,44.78432992520252
CTCF,False,0,16,1,87,1.7474747474747474,True,estimated,1.0,1.0,,0.0681860820104282,44.78432992520252
CTCFL,False,0,16,1,87,1.7474747474747474,True,estimated,1.0,1.0,,0.0681860820104282,44.78432992520252
CTDP1,False,0,16,1,87,1.7474747474747474,True,estimated,1.0,1.0,,0.0681860820104282,44.78432992520252
CTDSP2,False,0,16,1,87,1.7474747474747474,True,estimated,1.0,1.0,,0.0681860820104282,44.78432992520252
CTNNA3,False,0,16,1,87,1.7474747474747474,True,estimated,1.0,1.0,,0.0681860820104282,44.78432992520252
CTNND1,False,0,16,2,87,1.0363636363636364,True,estimated,1.0,1.0,,0.0475440423553343,22.590624052318386
CTNND2,False,0,16,2,87,1.0363636363636364,True,estimated,1.0,1.0,,0.0475440423553343,22.590624052318386
CTNS,False,0,16,1,87,1.7474747474747474,True,estimated,1.0,1.0,,0.0681860820104282,44.78432992520252
CTSA,False,0,16,2,87,1.0363636363636364,True,estimated,1.0,1.0,,0.0475440423553343,22.590624052318386
CTSB,False,0,16,1,87,1.7474747474747474,True,estimated,1.0,1.0,,0.0681860820104282,44.78432992520252
CTSE,False,0,16,1,87,1.7474747474747474,True,estimated,1.0,1.0,,0.0681860820104282,44.78432992520252
CTSH,False,0,16,1,87,1.7474747474747474,True,estimated,1.0,1.0,,0.0681860820104282,44.78432992520252
CUBN,False,0,16,1,87,1.7474747474747474,True,estimated,1.0,1.0,,0.0681860820104282,44.78432992520252
CUL3,False,0,16,2,87,1.0363636363636364,True,estimated,1.0,1.0,,0.0475440423553343,22.590624052318386
CUL9,False,0,16,1,87,1.7474747474747474,True,estimated,1.0,1.0,,0.0681860820104282,44.78432992520252
CUX1,False,0,16,1,87,1.7474747474747474,True,estimated,1.0,1.0,,0.0681860820104282,44.78432992520252
CWC15,False,0,16,1,87,1.7474747474747474,True,estimated,1.0,1.0,,0.0681860820104282,44.78432992520252
CWC25,False,0,16,1,87,1.7474747474747474,True,estimated,1.0,1.0,,0.0681860820104282,44.78432992520252
CXCR6,False,0,16,1,87,1.7474747474747474,True,estimated,1.0,1.0,,0.0681860820104282,44.78432992520252
CYB5R3,False,0,16,1,87,1.7474747474747474,True,estimated,1.0,1.0,,0.0681860820104282,44.78432992520252
CYB5RL,False,0,16,1,87,1.7474747474747474,True,estimated,1.0,1.0,,0.0681860820104282,44.78432992520252
CYFIP2,False,0,16,2,87,1.0363636363636364,True,estimated,1.0,1.0,,0.0475440423553343,22.590624052318386
CYP1A2,False,0,16,1,87,1.7474747474747474,True,estimated,1.0,1.0,,0.0681860820104282,44.78432992520252
CYP1B1,False,0,16,1,87,1.7474747474747474,True,estimated,1.0,1.0,,0.0681860820104282,44.78432992520252
CYP26B1,False,0,16,1,87,1.7474747474747474,True,estimated,1.0,1.0,,0.0681860820104282,44.78432992520252
CYP27C1,False,0,16,1,87,1.7474747474747474,True,estimated,1.0,1.0,,0.0681860820104282,44.78432992520252
CYP2A13,False,0,16,2,87,1.0363636363636364,True,estimated,1.0,1.0,,0.0475440423553343,22.590624052318386
CYP3A7,False,0,16,1,87,1.7474747474747474,True,estimated,1.0,1.0,,0.0681860820104282,44.78432992520252
CYP46A1,False,0,16,3,87,0.7316017316017316,True,estimated,1.0,1.0,,0.03606794664834318,14.839799418058604
CYP4A11,False,0,16,1,87,1.7474747474747474,True,estimated,1.0,1.0,,0.0681860820104282,44.78432992520252
CYP4F12,False,0,16,1,87,1.7474747474747474,True,estimated,1.0,1.0,,0.0681860820104282,44.78432992520252
CZIB,False,0,16,1,87,1.7474747474747474,True,estimated,1.0,1.0,,0.0681860820104282,44.78432992520252
DACT1,False,0,16,1,87,1.7474747474747474,True,estimated,1.0,1.0,,0.0681860820104282,44.78432992520252
DAGLA,False,0,16,1,87,1.7474747474747474,True,estimated,1.0,1.0,,0.0681860820104282,44.78432992520252
DAPK2,False,0,16,1,87,1.7474747474747474,True,estimated,1.0,1.0,,0.0681860820104282,44.78432992520252
DAXX,False,0,16,1,87,1.7474747474747474,True,estimated,1.0,1.0,,0.0681860820104282,44.78432992520252
DBH,False,0,16,1,87,1.7474747474747474,True,estimated,1.0,1.0,,0.0681860820104282,44.78432992520252
DCAF11,False,0,16,1,87,1.7474747474747474,True,estimated,1.0,1.0,,0.0681860820104282,44.78432992520252
DCAF8L1,False,0,16,1,87,1.7474747474747474,True,estimated,1.0,1.0,,0.0681860820104282,44.78432992520252
DCC,False,0,16,1,87,1.7474747474747474,True,estimated,1.0,1.0,,0.0681860820104282,44.78432992520252
DCDC1,False,0,16,1,87,1.7474747474747474,True,estimated,1.0,1.0,,0.0681860820104282,44.78432992520252
DCDC2,False,0,16,1,87,1.7474747474747474,True,estimated,1.0,1.0,,0.0681860820104282,44.78432992520252
DCLRE1B,False,0,16,1,87,1.7474747474747474,True,estimated,1.0,1.0,,0.0681860820104282,44.78432992520252
DCSTAMP,False,0,16,1,87,1.7474747474747474,True,estimated,1.0,1.0,,0.0681860820104282,44.78432992520252
DCTN1,False,0,16,1,87,1.7474747474747474,True,estimated,1.0,1.0,,0.0681860820104282,44.78432992520252
DDB1,False,0,16,1,87,1.7474747474747474,True,estimated,1.0,1.0,,0.0681860820104282,44.78432992520252
DDHD1,False,0,16,1,87,1.7474747474747474,True,estimated,1.0,1.0,,0.0681860820104282,44.78432992520252
DDI1,False,0,16,1,87,1.7474747474747474,True,estimated,1.0,1.0,,0.0681860820104282,44.78432992520252
DDO,False,0,16,1,87,1.7474747474747474,True,estimated,1.0,1.0,,0.0681860820104282,44.78432992520252
DDX1,False,0,16,1,87,1.7474747474747474,True,estimated,1.0,1.0,,0.0681860820104282,44.78432992520252
DDX11,False,0,16,1,87,1.7474747474747474,True,estimated,1.0,1.0,,0.0681860820104282,44.78432992520252
DDX21,False,0,16,1,87,1.7474747474747474,True,estimated,1.0,1.0,,0.0681860820104282,44.78432992520252
DDX39B,False,0,16,1,87,1.7474747474747474,True,estimated,1.0,1.0,,0.0681860820104282,44.78432992520252
DDX3X,False,0,16,2,87,1.0363636363636364,True,estimated,1.0,1.0,,0.0475440423553343,22.590624052318386
DDX46,False,0,16,1,87,1.7474747474747474,True,estimated,1.0,1.0,,0.0681860820104282,44.78432992520252
DDX50,False,0,16,2,87,1.0363636363636364,True,estimated,1.0,1.0,,0.0475440423553343,22.590624052318386
DDX55,False,0,16,1,87,1.7474747474747474,True,estimated,1.0,1.0,,0.0681860820104282,44.78432992520252
DDX58,False,0,16,1,87,1.7474747474747474,True,estimated,1.0,1.0,,0.0681860820104282,44.78432992520252
DEDD,False,0,16,1,87,1.7474747474747474,True,estimated,1.0,1.0,,0.0681860820104282,44.78432992520252
DEFB108B,False,0,16,1,87,1.7474747474747474,True,estimated,1.0,1.0,,0.0681860820104282,44.78432992520252
DEFB115,False,0,16,1,87,1.7474747474747474,True,estimated,1.0,1.0,,0.0681860820104282,44.78432992520252
DEGS1,False,0,16,1,87,1.7474747474747474,True,estimated,1.0,1.0,,0.0681860820104282,44.78432992520252
DENND11,False,0,16,1,87,1.7474747474747474,True,estimated,1.0,1.0,,0.0681860820104282,44.78432992520252
DENND2C,False,0,16,2,87,1.0363636363636364,True,estimated,1.0,1.0,,0.0475440423553343,22.590624052318386
DENND2D,False,0,16,2,87,1.0363636363636364,True,estimated,1.0,1.0,,0.0475440423553343,22.590624052318386
DENND4A,False,0,16,1,87,1.7474747474747474,True,estimated,1.0,1.0,,0.0681860820104282,44.78432992520252
DENND5A,False,0,16,1,87,1.7474747474747474,True,estimated,1.0,1.0,,0.0681860820104282,44.78432992520252
DEPDC5,False,0,16,2,87,1.0363636363636364,True,estimated,1.0,1.0,,0.0475440423553343,22.590624052318386
DGKB,False,0,16,1,87,1.7474747474747474,True,estimated,1.0,1.0,,0.0681860820104282,44.78432992520252
DGKG,False,0,16,1,87,1.7474747474747474,True,estimated,1.0,1.0,,0.0681860820104282,44.78432992520252
DGKZ,False,0,16,1,87,1.7474747474747474,True,estimated,1.0,1.0,,0.0681860820104282,44.78432992520252
DGLUCY,False,0,16,1,87,1.7474747474747474,True,estimated,1.0,1.0,,0.0681860820104282,44.78432992520252
DHCR7,False,0,16,1,87,1.7474747474747474,True,estimated,1.0,1.0,,0.0681860820104282,44.78432992520252
DHDH,False,0,16,1,87,1.7474747474747474,True,estimated,1.0,1.0,,0.0681860820104282,44.78432992520252
DHPS,False,0,16,1,87,1.7474747474747474,True,estimated,1.0,1.0,,0.0681860820104282,44.78432992520252
DHRS7B,False,0,16,1,87,1.7474747474747474,True,estimated,1.0,1.0,,0.0681860820104282,44.78432992520252
DHX15,False,0,16,1,87,1.7474747474747474,True,estimated,1.0,1.0,,0.0681860820104282,44.78432992520252
DHX29,False,0,16,1,87,1.7474747474747474,True,estimated,1.0,1.0,,0.0681860820104282,44.78432992520252
DHX30,False,0,16,1,87,1.7474747474747474,True,estimated,1.0,1.0,,0.0681860820104282,44.78432992520252
DHX34,False,0,16,1,87,1.7474747474747474,True,estimated,1.0,1.0,,0.0681860820104282,44.78432992520252
DHX35,False,0,16,2,87,1.0363636363636364,True,estimated,1.0,1.0,,0.0475440423553343,22.590624052318386
DHX36,False,0,16,1,87,1.7474747474747474,True,estimated,1.0,1.0,,0.0681860820104282,44.78432992520252
DHX57,False,0,16,1,87,1.7474747474747474,True,estimated,1.0,1.0,,0.0681860820104282,44.78432992520252
DIP2A,False,0,16,1,87,1.7474747474747474,True,estimated,1.0,1.0,,0.0681860820104282,44.78432992520252
DIP2B,False,0,16,1,87,1.7474747474747474,True,estimated,1.0,1.0,,0.0681860820104282,44.78432992520252
DIS3,False,0,16,1,87,1.7474747474747474,True,estimated,1.0,1.0,,0.0681860820104282,44.78432992520252
DISC1,False,0,16,1,87,1.7474747474747474,True,estimated,1.0,1.0,,0.0681860820104282,44.78432992520252
DISP1,False,0,16,1,87,1.7474747474747474,True,estimated,1.0,1.0,,0.0681860820104282,44.78432992520252
DLC1,False,0,16,1,87,1.7474747474747474,True,estimated,1.0,1.0,,0.0681860820104282,44.78432992520252
DLD,False,0,16,2,87,1.0363636363636364,True,estimated,1.0,1.0,,0.0475440423553343,22.590624052318386
DLG2,False,0,16,1,87,1.7474747474747474,True,estimated,1.0,1.0,,0.0681860820104282,44.78432992520252
DLG5,False,0,16,1,87,1.7474747474747474,True,estimated,1.0,1.0,,0.0681860820104282,44.78432992520252
DLL4,False,0,16,1,87,1.7474747474747474,True,estimated,1.0,1.0,,0.0681860820104282,44.78432992520252
DMKN,False,0,16,2,87,1.0363636363636364,True,estimated,1.0,1.0,,0.0475440423553343,22.590624052318386
DMRT3,False,0,16,1,87,1.7474747474747474,True,estimated,1.0,1.0,,0.0681860820104282,44.78432992520252
DNA2,False,0,16,1,87,1.7474747474747474,True,estimated,1.0,1.0,,0.0681860820104282,44.78432992520252
DNAAF1,False,0,16,1,87,1.7474747474747474,True,estimated,1.0,1.0,,0.0681860820104282,44.78432992520252
DNAAF2,False,0,16,1,87,1.7474747474747474,True,estimated,1.0,1.0,,0.0681860820104282,44.78432992520252
DNAH17,False,0,16,1,87,1.7474747474747474,True,estimated,1.0,1.0,,0.0681860820104282,44.78432992520252
DNAH2,False,0,16,3,87,0.7316017316017316,True,estimated,1.0,1.0,,0.03606794664834318,14.839799418058604
DNAH3,False,0,16,2,87,1.0363636363636364,True,estimated,1.0,1.0,,0.0475440423553343,22.590624052318386
DNAH5,False,0,16,1,87,1.7474747474747474,True,estimated,1.0,1.0,,0.0681860820104282,44.78432992520252
DNAH6,False,0,16,1,87,1.7474747474747474,True,estimated,1.0,1.0,,0.0681860820104282,44.78432992520252
DNAH7,False,0,16,1,87,1.7474747474747474,True,estimated,1.0,1.0,,0.0681860820104282,44.78432992520252
DNAI4,False,0,16,1,87,1.7474747474747474,True,estimated,1.0,1.0,,0.0681860820104282,44.78432992520252
DNAJB11,False,0,16,1,87,1.7474747474747474,True,estimated,1.0,1.0,,0.0681860820104282,44.78432992520252
DNAJB5,False,0,16,1,87,1.7474747474747474,True,estimated,1.0,1.0,,0.0681860820104282,44.78432992520252
DNAJC1,False,0,16,1,87,1.7474747474747474,True,estimated,1.0,1.0,,0.0681860820104282,44.78432992520252
DNAJC10,False,0,16,1,87,1.7474747474747474,True,estimated,1.0,1.0,,0.0681860820104282,44.78432992520252
DNAJC16,False,0,16,1,87,1.7474747474747474,True,estimated,1.0,1.0,,0.0681860820104282,44.78432992520252
DNAJC21,False,0,16,1,87,1.7474747474747474,True,estimated,1.0,1.0,,0.0681860820104282,44.78432992520252
DNAJC25,False,0,16,1,87,1.7474747474747474,True,estimated,1.0,1.0,,0.0681860820104282,44.78432992520252
DNAJC3,False,0,16,1,87,1.7474747474747474,True,estimated,1.0,1.0,,0.0681860820104282,44.78432992520252
DNMT3A,False,0,16,3,87,0.7316017316017316,True,estimated,1.0,1.0,,0.03606794664834318,14.839799418058604
DNMT3B,False,0,16,1,87,1.7474747474747474,True,estimated,1.0,1.0,,0.0681860820104282,44.78432992520252
DNTT,False,0,16,1,87,1.7474747474747474,True,estimated,1.0,1.0,,0.0681860820104282,44.78432992520252
DNTTIP2,False,0,16,1,87,1.7474747474747474,True,estimated,1.0,1.0,,0.0681860820104282,44.78432992520252
DOCK11,False,0,16,1,87,1.7474747474747474,True,estimated,1.0,1.0,,0.0681860820104282,44.78432992520252
DOCK2,False,0,16,1,87,1.7474747474747474,True,estimated,1.0,1.0,,0.0681860820104282,44.78432992520252
DOCK3,False,0,16,1,87,1.7474747474747474,True,estimated,1.0,1.0,,0.0681860820104282,44.78432992520252
DOCK4,False,0,16,2,87,1.0363636363636364,True,estimated,1.0,1.0,,0.0475440423553343,22.590624052318386
DOCK6,False,0,16,1,87,1.7474747474747474,True,estimated,1.0,1.0,,0.0681860820104282,44.78432992520252
DOCK8,False,0,16,1,87,1.7474747474747474,True,estimated,1.0,1.0,,0.0681860820104282,44.78432992520252
DOCK9,False,0,16,1,87,1.7474747474747474,True,estimated,1.0,1.0,,0.0681860820104282,44.78432992520252
DOK7,False,0,16,1,87,1.7474747474747474,True,estimated,1.0,1.0,,0.0681860820104282,44.78432992520252
DOLPP1,False,0,16,1,87,1.7474747474747474,True,estimated,1.0,1.0,,0.0681860820104282,44.78432992520252
DOT1L,False,0,16,1,87,1.7474747474747474,True,estimated,1.0,1.0,,0.0681860820104282,44.78432992520252
DPEP1,False,0,16,1,87,1.7474747474747474,True,estimated,1.0,1.0,,0.0681860820104282,44.78432992520252
DPEP3,False,0,16,1,87,1.7474747474747474,True,estimated,1.0,1.0,,0.0681860820104282,44.78432992520252
DPP10,False,0,16,2,87,1.0363636363636364,True,estimated,1.0,1.0,,0.0475440423553343,22.590624052318386
DPP4,False,0,16,1,87,1.7474747474747474,True,estimated,1.0,1.0,,0.0681860820104282,44.78432992520252
DPP6,False,0,16,1,87,1.7474747474747474,True,estimated,1.0,1.0,,0.0681860820104282,44.78432992520252
DPPA3,False,0,16,1,87,1.7474747474747474,True,estimated,1.0,1.0,,0.0681860820104282,44.78432992520252
DPY19L1,False,0,16,1,87,1.7474747474747474,True,estimated,1.0,1.0,,0.0681860820104282,44.78432992520252
DPYS,False,0,16,1,87,1.7474747474747474,True,estimated,1.0,1.0,,0.0681860820104282,44.78432992520252
DRD5,False,0,16,1,87,1.7474747474747474,True,estimated,1.0,1.0,,0.0681860820104282,44.78432992520252
DROSHA,False,0,16,1,87,1.7474747474747474,True,estimated,1.0,1.0,,0.0681860820104282,44.78432992520252
DSC3,False,0,16,1,87,1.7474747474747474,True,estimated,1.0,1.0,,0.0681860820104282,44.78432992520252
DSCAML1,False,0,16,1,87,1.7474747474747474,True,estimated,1.0,1.0,,0.0681860820104282,44.78432992520252
DSE,False,0,16,1,87,1.7474747474747474,True,estimated,1.0,1.0,,0.0681860820104282,44.78432992520252
DUOX1,False,0,16,1,87,1.7474747474747474,True,estimated,1.0,1.0,,0.0681860820104282,44.78432992520252
DUSP12,False,0,16,1,87,1.7474747474747474,True,estimated,1.0,1.0,,0.0681860820104282,44.78432992520252
DUSP21,False,0,16,1,87,1.7474747474747474,True,estimated,1.0,1.0,,0.0681860820104282,44.78432992520252
DUSP26,False,0,16,1,87,1.7474747474747474,True,estimated,1.0,1.0,,0.0681860820104282,44.78432992520252
DUSP5,False,0,16,1,87,1.7474747474747474,True,estimated,1.0,1.0,,0.0681860820104282,44.78432992520252
DYM,False,0,16,1,87,1.7474747474747474,True,estimated,1.0,1.0,,0.0681860820104282,44.78432992520252
DYNC1H1,False,0,16,1,87,1.7474747474747474,True,estimated,1.0,1.0,,0.0681860820104282,44.78432992520252
DYNC2H1,False,0,16,2,87,1.0363636363636364,True,estimated,1.0,1.0,,0.0475440423553343,22.590624052318386
DYNC2I1,False,0,16,1,87,1.7474747474747474,True,estimated,1.0,1.0,,0.0681860820104282,44.78432992520252
DZIP1L,False,0,16,1,87,1.7474747474747474,True,estimated,1.0,1.0,,0.0681860820104282,44.78432992520252
ECE2,False,0,16,1,87,1.7474747474747474,True,estimated,1.0,1.0,,0.0681860820104282,44.78432992520252
ECSIT,False,0,16,1,87,1.7474747474747474,True,estimated,1.0,1.0,,0.0681860820104282,44.78432992520252
EDC3,False,0,16,1,87,1.7474747474747474,True,estimated,1.0,1.0,,0.0681860820104282,44.78432992520252
EDIL3,False,0,16,1,87,1.7474747474747474,True,estimated,1.0,1.0,,0.0681860820104282,44.78432992520252
EDNRB,False,0,16,1,87,1.7474747474747474,True,estimated,1.0,1.0,,0.0681860820104282,44.78432992520252
EEA1,False,0,16,2,87,1.0363636363636364,True,estimated,1.0,1.0,,0.0475440423553343,22.590624052318386
EEF1A2,False,0,16,1,87,1.7474747474747474,True,estimated,1.0,1.0,,0.0681860820104282,44.78432992520252
EEF1AKNMT,False,0,16,1,87,1.7474747474747474,True,estimated,1.0,1.0,,0.0681860820104282,44.78432992520252
EEFSEC,False,0,16,1,87,1.7474747474747474,True,estimated,1.0,1.0,,0.0681860820104282,44.78432992520252
EFCAB13,False,0,16,1,87,1.7474747474747474,True,estimated,1.0,1.0,,0.0681860820104282,44.78432992520252
EFCC1,False,0,16,1,87,1.7474747474747474,True,estimated,1.0,1.0,,0.0681860820104282,44.78432992520252
EFHC2,False,0,16,1,87,1.7474747474747474,True,estimated,1.0,1.0,,0.0681860820104282,44.78432992520252
EFNB1,False,0,16,1,87,1.7474747474747474,True,estimated,1.0,1.0,,0.0681860820104282,44.78432992520252
EGR1,False,0,16,1,87,1.7474747474747474,True,estimated,1.0,1.0,,0.0681860820104282,44.78432992520252
EHBP1L1,False,0,16,1,87,1.7474747474747474,True,estimated,1.0,1.0,,0.0681860820104282,44.78432992520252
EIF2AK1,False,0,16,1,87,1.7474747474747474,True,estimated,1.0,1.0,,0.0681860820104282,44.78432992520252
EIF2AK4,False,0,16,1,87,1.7474747474747474,True,estimated,1.0,1.0,,0.0681860820104282,44.78432992520252
EIF2B5,False,0,16,1,87,1.7474747474747474,True,estimated,1.0,1.0,,0.0681860820104282,44.78432992520252
EIF2S2,False,0,16,1,87,1.7474747474747474,True,estimated,1.0,1.0,,0.0681860820104282,44.78432992520252
EIF4G2,False,0,16,1,87,1.7474747474747474,True,estimated,1.0,1.0,,0.0681860820104282,44.78432992520252
EIF4G3,False,0,16,1,87,1.7474747474747474,True,estimated,1.0,1.0,,0.0681860820104282,44.78432992520252
EIF5,False,0,16,1,87,1.7474747474747474,True,estimated,1.0,1.0,,0.0681860820104282,44.78432992520252
EIF5AL1,False,0,16,1,87,1.7474747474747474,True,estimated,1.0,1.0,,0.0681860820104282,44.78432992520252
ELF1,False,0,16,1,87,1.7474747474747474,True,estimated,1.0,1.0,,0.0681860820104282,44.78432992520252
ELF2,False,0,16,1,87,1.7474747474747474,True,estimated,1.0,1.0,,0.0681860820104282,44.78432992520252
ELFN2,False,0,16,1,87,1.7474747474747474,True,estimated,1.0,1.0,,0.0681860820104282,44.78432992520252
ELK3,False,0,16,1,87,1.7474747474747474,True,estimated,1.0,1.0,,0.0681860820104282,44.78432992520252
ELP1,False,0,16,1,87,1.7474747474747474,True,estimated,1.0,1.0,,0.0681860820104282,44.78432992520252
EMC9,False,0,16,1,87,1.7474747474747474,True,estimated,1.0,1.0,,0.0681860820104282,44.78432992520252
EME2,False,0,16,1,87,1.7474747474747474,True,estimated,1.0,1.0,,0.0681860820104282,44.78432992520252
EMILIN2,False,0,16,1,87,1.7474747474747474,True,estimated,1.0,1.0,,0.0681860820104282,44.78432992520252
EML1,False,0,16,1,87,1.7474747474747474,True,estimated,1.0,1.0,,0.0681860820104282,44.78432992520252
EML2,False,0,16,1,87,1.7474747474747474,True,estimated,1.0,1.0,,0.0681860820104282,44.78432992520252
EML5,False,0,16,2,87,1.0363636363636364,True,estimated,1.0,1.0,,0.0475440423553343,22.590624052318386
EMSY,False,0,16,1,87,1.7474747474747474,True,estimated,1.0,1.0,,0.0681860820104282,44.78432992520252
ENC1,False,0,16,1,87,1.7474747474747474,True,estimated,1.0,1.0,,0.0681860820104282,44.78432992520252
ENKD1,False,0,16,1,87,1.7474747474747474,True,estimated,1.0,1.0,,0.0681860820104282,44.78432992520252
ENPP2,False,0,16,1,87,1.7474747474747474,True,estimated,1.0,1.0,,0.0681860820104282,44.78432992520252
ENPP7,False,0,16,1,87,1.7474747474747474,True,estimated,1.0,1.0,,0.0681860820104282,44.78432992520252
EP300,False,0,16,4,87,0.5622895622895623,True,estimated,1.0,1.0,,0.028872485452665183,10.950548485967024
EP400,False,0,16,1,87,1.7474747474747474,True,estimated,1.0,1.0,,0.0681860820104282,44.78432992520252
EPHA8,False,0,16,1,87,1.7474747474747474,True,estimated,1.0,1.0,,0.0681860820104282,44.78432992520252
EPN1,False,0,16,1,87,1.7474747474747474,True,estimated,1.0,1.0,,0.0681860820104282,44.78432992520252
EPN2,False,0,16,1,87,1.7474747474747474,True,estimated,1.0,1.0,,0.0681860820104282,44.78432992520252
EPS15,False,0,16,1,87,1.7474747474747474,True,estimated,1.0,1.0,,0.0681860820104282,44.78432992520252
EPS15L1,False,0,16,1,87,1.7474747474747474,True,estimated,1.0,1.0,,0.0681860820104282,44.78432992520252
ERAP1,False,0,16,1,87,1.7474747474747474,True,estimated,1.0,1.0,,0.0681860820104282,44.78432992520252
ERBB2,False,0,16,1,87,1.7474747474747474,True,estimated,1.0,1.0,,0.0681860820104282,44.78432992520252
ERBB3,False,0,16,1,87,1.7474747474747474,True,estimated,1.0,1.0,,0.0681860820104282,44.78432992520252
ERBB4,False,0,16,1,87,1.7474747474747474,True,estimated,1.0,1.0,,0.0681860820104282,44.78432992520252
ERCC1,False,0,16,1,87,1.7474747474747474,True,estimated,1.0,1.0,,0.0681860820104282,44.78432992520252
ERMAP,False,0,16,1,87,1.7474747474747474,True,estimated,1.0,1.0,,0.0681860820104282,44.78432992520252
ERP27,False,0,16,1,87,1.7474747474747474,True,estimated,1.0,1.0,,0.0681860820104282,44.78432992520252
ESCO1,False,0,16,1,87,1.7474747474747474,True,estimated,1.0,1.0,,0.0681860820104282,44.78432992520252
ESPL1,False,0,16,1,87,1.7474747474747474,True,estimated,1.0,1.0,,0.0681860820104282,44.78432992520252
ESR2,False,0,16,1,87,1.7474747474747474,True,estimated,1.0,1.0,,0.0681860820104282,44.78432992520252
ESYT2,False,0,16,1,87,1.7474747474747474,True,estimated,1.0,1.0,,0.0681860820104282,44.78432992520252
ETFB,False,0,16,1,87,1.7474747474747474,True,estimated,1.0,1.0,,0.0681860820104282,44.78432992520252
ETFDH,False,0,16,1,87,1.7474747474747474,True,estimated,1.0,1.0,,0.0681860820104282,44.78432992520252
ETV1,False,0,16,1,87,1.7474747474747474,True,estimated,1.0,1.0,,0.0681860820104282,44.78432992520252
EVI2B,False,0,16,1,87,1.7474747474747474,True,estimated,1.0,1.0,,0.0681860820104282,44.78432992520252
EVX1,False,0,16,1,87,1.7474747474747474,True,estimated,1.0,1.0,,0.0681860820104282,44.78432992520252
EXOC3L1,False,0,16,1,87,1.7474747474747474,True,estimated,1.0,1.0,,0.0681860820104282,44.78432992520252
EXOC4,False,0,16,1,87,1.7474747474747474,True,estimated,1.0,1.0,,0.0681860820104282,44.78432992520252
EXOC6B,False,0,16,1,87,1.7474747474747474,True,estimated,1.0,1.0,,0.0681860820104282,44.78432992520252
EXOSC9,False,0,16,1,87,1.7474747474747474,True,estimated,1.0,1.0,,0.0681860820104282,44.78432992520252
EXPH5,False,0,16,2,87,1.0363636363636364,True,estimated,1.0,1.0,,0.0475440423553343,22.590624052318386
EYS,False,0,16,2,87,1.0363636363636364,True,estimated,1.0,1.0,,0.0475440423553343,22.590624052318386
EZHIP,False,0,16,1,87,1.7474747474747474,True,estimated,1.0,1.0,,0.0681860820104282,44.78432992520252
F11R,False,0,16,1,87,1.7474747474747474,True,estimated,1.0,1.0,,0.0681860820104282,44.78432992520252
F13A1,False,0,16,1,87,1.7474747474747474,True,estimated,1.0,1.0,,0.0681860820104282,44.78432992520252
F2,False,0,16,2,87,1.0363636363636364,True,estimated,1.0,1.0,,0.0475440423553343,22.590624052318386
F5,False,0,16,1,87,1.7474747474747474,True,estimated,1.0,1.0,,0.0681860820104282,44.78432992520252
FAAH,False,0,16,1,87,1.7474747474747474,True,estimated,1.0,1.0,,0.0681860820104282,44.78432992520252
FABP1,False,0,16,1,87,1.7474747474747474,True,estimated,1.0,1.0,,0.0681860820104282,44.78432992520252
FADS2,False,0,16,1,87,1.7474747474747474,True,estimated,1.0,1.0,,0.0681860820104282,44.78432992520252
FADS6,False,0,16,1,87,1.7474747474747474,True,estimated,1.0,1.0,,0.0681860820104282,44.78432992520252
FAM104A,False,0,16,1,87,1.7474747474747474,True,estimated,1.0,1.0,,0.0681860820104282,44.78432992520252
FAM107B,False,0,16,1,87,1.7474747474747474,True,estimated,1.0,1.0,,0.0681860820104282,44.78432992520252
FAM126A,False,0,16,1,87,1.7474747474747474,True,estimated,1.0,1.0,,0.0681860820104282,44.78432992520252
FAM135A,False,0,16,1,87,1.7474747474747474,True,estimated,1.0,1.0,,0.0681860820104282,44.78432992520252
FAM13A,False,0,16,1,87,1.7474747474747474,True,estimated,1.0,1.0,,0.0681860820104282,44.78432992520252
FAM151A,False,0,16,1,87,1.7474747474747474,True,estimated,1.0,1.0,,0.0681860820104282,44.78432992520252
FAM153A,False,0,16,1,87,1.7474747474747474,True,estimated,1.0,1.0,,0.0681860820104282,44.78432992520252
FAM155A,False,0,16,1,87,1.7474747474747474,True,estimated,1.0,1.0,,0.0681860820104282,44.78432992520252
FAM160A2,False,0,16,1,87,1.7474747474747474,True,estimated,1.0,1.0,,0.0681860820104282,44.78432992520252
FAM180A,False,0,16,1,87,1.7474747474747474,True,estimated,1.0,1.0,,0.0681860820104282,44.78432992520252
FAM193A,False,0,16,1,87,1.7474747474747474,True,estimated,1.0,1.0,,0.0681860820104282,44.78432992520252
FAM20B,False,0,16,1,87,1.7474747474747474,True,estimated,1.0,1.0,,0.0681860820104282,44.78432992520252
FAM214A,False,0,16,1,87,1.7474747474747474,True,estimated,1.0,1.0,,0.0681860820104282,44.78432992520252
FAM219A,False,0,16,1,87,1.7474747474747474,True,estimated,1.0,1.0,,0.0681860820104282,44.78432992520252
FAM222B,False,0,16,1,87,1.7474747474747474,True,estimated,1.0,1.0,,0.0681860820104282,44.78432992520252
FAM227B,False,0,16,1,87,1.7474747474747474,True,estimated,1.0,1.0,,0.0681860820104282,44.78432992520252
FAM83B,False,0,16,1,87,1.7474747474747474,True,estimated,1.0,1.0,,0.0681860820104282,44.78432992520252
FAM83C,False,0,16,1,87,1.7474747474747474,True,estimated,1.0,1.0,,0.0681860820104282,44.78432992520252
FAM83D,False,0,16,1,87,1.7474747474747474,True,estimated,1.0,1.0,,0.0681860820104282,44.78432992520252
FAM83G,False,0,16,1,87,1.7474747474747474,True,estimated,1.0,1.0,,0.0681860820104282,44.78432992520252
FAM86B1,False,0,16,1,87,1.7474747474747474,True,estimated,1.0,1.0,,0.0681860820104282,44.78432992520252
FAM8A1,False,0,16,1,87,1.7474747474747474,True,estimated,1.0,1.0,,0.0681860820104282,44.78432992520252
FAM91A1,False,0,16,1,87,1.7474747474747474,True,estimated,1.0,1.0,,0.0681860820104282,44.78432992520252
FANCM,False,0,16,1,87,1.7474747474747474,True,estimated,1.0,1.0,,0.0681860820104282,44.78432992520252
FARP2,False,0,16,1,87,1.7474747474747474,True,estimated,1.0,1.0,,0.0681860820104282,44.78432992520252
FASN,False,0,16,2,87,1.0363636363636364,True,estimated,1.0,1.0,,0.0475440423553343,22.590624052318386
FAT1,False,0,16,3,87,0.7316017316017316,True,estimated,1.0,1.0,,0.03606794664834318,14.839799418058604
FAT2,False,0,16,1,87,1.7474747474747474,True,estimated,1.0,1.0,,0.0681860820104282,44.78432992520252
FAT3,False,0,16,3,87,0.7316017316017316,True,estimated,1.0,1.0,,0.03606794664834318,14.839799418058604
FAXDC2,False,0,16,1,87,1.7474747474747474,True,estimated,1.0,1.0,,0.0681860820104282,44.78432992520252
FBH1,False,0,16,2,87,1.0363636363636364,True,estimated,1.0,1.0,,0.0475440423553343,22.590624052318386
FBLN1,False,0,16,1,87,1.7474747474747474,True,estimated,1.0,1.0,,0.0681860820104282,44.78432992520252
FBLN2,False,0,16,1,87,1.7474747474747474,True,estimated,1.0,1.0,,0.0681860820104282,44.78432992520252
FBN2,False,0,16,3,87,0.7316017316017316,True,estimated,1.0,1.0,,0.03606794664834318,14.839799418058604
FBN3,False,0,16,1,87,1.7474747474747474,True,estimated,1.0,1.0,,0.0681860820104282,44.78432992520252
FBXL13,False,0,16,1,87,1.7474747474747474,True,estimated,1.0,1.0,,0.0681860820104282,44.78432992520252
FBXL3,False,0,16,1,87,1.7474747474747474,True,estimated,1.0,1.0,,0.0681860820104282,44.78432992520252
FBXO28,False,0,16,1,87,1.7474747474747474,True,estimated,1.0,1.0,,0.0681860820104282,44.78432992520252
FBXO34,False,0,16,1,87,1.7474747474747474,True,estimated,1.0,1.0,,0.0681860820104282,44.78432992520252
FBXO39,False,0,16,1,87,1.7474747474747474,True,estimated,1.0,1.0,,0.0681860820104282,44.78432992520252
FBXO40,False,0,16,1,87,1.7474747474747474,True,estimated,1.0,1.0,,0.0681860820104282,44.78432992520252
FBXW10,False,0,16,1,87,1.7474747474747474,True,estimated,1.0,1.0,,0.0681860820104282,44.78432992520252
FCN3,False,0,16,1,87,1.7474747474747474,True,estimated,1.0,1.0,,0.0681860820104282,44.78432992520252
FCRL5,False,0,16,1,87,1.7474747474747474,True,estimated,1.0,1.0,,0.0681860820104282,44.78432992520252
FECH,False,0,16,1,87,1.7474747474747474,True,estimated,1.0,1.0,,0.0681860820104282,44.78432992520252
FEM1B,False,0,16,1,87,1.7474747474747474,True,estimated,1.0,1.0,,0.0681860820104282,44.78432992520252
FES,False,0,16,1,87,1.7474747474747474,True,estimated,1.0,1.0,,0.0681860820104282,44.78432992520252
FGD6,False,0,16,1,87,1.7474747474747474,True,estimated,1.0,1.0,,0.0681860820104282,44.78432992520252
FGF9,False,0,16,1,87,1.7474747474747474,True,estimated,1.0,1.0,,0.0681860820104282,44.78432992520252
FGFR4,False,0,16,1,87,1.7474747474747474,True,estimated,1.0,1.0,,0.0681860820104282,44.78432992520252
FGGY,False,0,16,1,87,1.7474747474747474,True,estimated,1.0,1.0,,0.0681860820104282,44.78432992520252
FHL5,False,0,16,1,87,1.7474747474747474,True,estimated,1.0,1.0,,0.0681860820104282,44.78432992520252
FHOD3,False,0,16,1,87,1.7474747474747474,True,estimated,1.0,1.0,,0.0681860820104282,44.78432992520252
FIGN,False,0,16,1,87,1.7474747474747474,True,estimated,1.0,1.0,,0.0681860820104282,44.78432992520252
FILIP1,False,0,16,1,87,1.7474747474747474,True,estimated,1.0,1.0,,0.0681860820104282,44.78432992520252
FIP1L1,False,0,16,1,87,1.7474747474747474,True,estimated,1.0,1.0,,0.0681860820104282,44.78432992520252
FKBPL,False,0,16,1,87,1.7474747474747474,True,estimated,1.0,1.0,,0.0681860820104282,44.78432992520252
FLACC1,False,0,16,1,87,1.7474747474747474,True,estimated,1.0,1.0,,0.0681860820104282,44.78432992520252
FLG2,False,0,16,1,87,1.7474747474747474,True,estimated,1.0,1.0,,0.0681860820104282,44.78432992520252
FLNA,False,0,16,1,87,1.7474747474747474,True,estimated,1.0,1.0,,0.0681860820104282,44.78432992520252
FLNB,False,0,16,1,87,1.7474747474747474,True,estimated,1.0,1.0,,0.0681860820104282,44.78432992520252
FLNC,False,0,16,1,87,1.7474747474747474,True,estimated,1.0,1.0,,0.0681860820104282,44.78432992520252
FLT4,False,0,16,2,87,1.0363636363636364,True,estimated,1.0,1.0,,0.0475440423553343,22.590624052318386
FMO2,False,0,16,1,87,1.7474747474747474,True,estimated,1.0,1.0,,0.0681860820104282,44.78432992520252
FN1,False,0,16,2,87,1.0363636363636364,True,estimated,1.0,1.0,,0.0475440423553343,22.590624052318386
FNDC3A,False,0,16,1,87,1.7474747474747474,True,estimated,1.0,1.0,,0.0681860820104282,44.78432992520252
FNDC3B,False,0,16,1,87,1.7474747474747474,True,estimated,1.0,1.0,,0.0681860820104282,44.78432992520252
FNIP1,False,0,16,1,87,1.7474747474747474,True,estimated,1.0,1.0,,0.0681860820104282,44.78432992520252
FNIP2,False,0,16,2,87,1.0363636363636364,True,estimated,1.0,1.0,,0.0475440423553343,22.590624052318386
FOCAD,False,0,16,1,87,1.7474747474747474,True,estimated,1.0,1.0,,0.0681860820104282,44.78432992520252
FOXA2,False,0,16,1,87,1.7474747474747474,True,estimated,1.0,1.0,,0.0681860820104282,44.78432992520252
FOXD4L1,False,0,16,1,87,1.7474747474747474,True,estimated,1.0,1.0,,0.0681860820104282,44.78432992520252
FOXD4L4,False,0,16,1,87,1.7474747474747474,True,estimated,1.0,1.0,,0.0681860820104282,44.78432992520252
FOXI1,False,0,16,1,87,1.7474747474747474,True,estimated,1.0,1.0,,0.0681860820104282,44.78432992520252
FOXRED1,False,0,16,1,87,1.7474747474747474,True,estimated,1.0,1.0,,0.0681860820104282,44.78432992520252
FRAS1,False,0,16,2,87,1.0363636363636364,True,estimated,1.0,1.0,,0.0475440423553343,22.590624052318386
FRMD7,False,0,16,1,87,1.7474747474747474,True,estimated,1.0,1.0,,0.0681860820104282,44.78432992520252
FRMPD2,False,0,16,1,87,1.7474747474747474,True,estimated,1.0,1.0,,0.0681860820104282,44.78432992520252
FRMPD4,False,0,16,1,87,1.7474747474747474,True,estimated,1.0,1.0,,0.0681860820104282,44.78432992520252
FRYL,False,0,16,1,87,1.7474747474747474,True,estimated,1.0,1.0,,0.0681860820104282,44.78432992520252
FRZB,False,0,16,1,87,1.7474747474747474,True,estimated,1.0,1.0,,0.0681860820104282,44.78432992520252
FSCB,False,0,16,3,87,0.7316017316017316,True,estimated,1.0,1.0,,0.03606794664834318,14.839799418058604
FSCN1,False,0,16,1,87,1.7474747474747474,True,estimated,1.0,1.0,,0.0681860820104282,44.78432992520252
FTO,False,0,16,1,87,1.7474747474747474,True,estimated,1.0,1.0,,0.0681860820104282,44.78432992520252
FUS,False,0,16,1,87,1.7474747474747474,True,estimated,1.0,1.0,,0.0681860820104282,44.78432992520252
FXYD1,False,0,16,1,87,1.7474747474747474,True,estimated,1.0,1.0,,0.0681860820104282,44.78432992520252
FXYD5,False,0,16,1,87,1.7474747474747474,True,estimated,1.0,1.0,,0.0681860820104282,44.78432992520252
FZD1,False,0,16,1,87,1.7474747474747474,True,estimated,1.0,1.0,,0.0681860820104282,44.78432992520252
G3BP1,False,0,16,1,87,1.7474747474747474,True,estimated,1.0,1.0,,0.0681860820104282,44.78432992520252
GAA,False,0,16,1,87,1.7474747474747474,True,estimated,1.0,1.0,,0.0681860820104282,44.78432992520252
GAB1,False,0,16,1,87,1.7474747474747474,True,estimated,1.0,1.0,,0.0681860820104282,44.78432992520252
GABBR1,False,0,16,1,87,1.7474747474747474,True,estimated,1.0,1.0,,0.0681860820104282,44.78432992520252
GABPB1,False,0,16,2,87,1.0363636363636364,True,estimated,1.0,1.0,,0.0475440423553343,22.590624052318386
GABRA5,False,0,16,1,87,1.7474747474747474,True,estimated,1.0,1.0,,0.0681860820104282,44.78432992520252
GABRB1,False,0,16,2,87,1.0363636363636364,True,estimated,1.0,1.0,,0.0475440423553343,22.590624052318386
GABRG2,False,0,16,1,87,1.7474747474747474,True,estimated,1.0,1.0,,0.0681860820104282,44.78432992520252
GABRR1,False,0,16,1,87,1.7474747474747474,True,estimated,1.0,1.0,,0.0681860820104282,44.78432992520252
GAGE12J,False,0,16,1,87,1.7474747474747474,True,estimated,1.0,1.0,,0.0681860820104282,44.78432992520252
GALM,False,0,16,1,87,1.7474747474747474,True,estimated,1.0,1.0,,0.0681860820104282,44.78432992520252
GALNT13,False,0,16,2,87,1.0363636363636364,True,estimated,1.0,1.0,,0.0475440423553343,22.590624052318386
GALNT14,False,0,16,1,87,1.7474747474747474,True,estimated,1.0,1.0,,0.0681860820104282,44.78432992520252
GALNT5,False,0,16,2,87,1.0363636363636364,True,estimated,1.0,1.0,,0.0475440423553343,22.590624052318386
GALNT6,False,0,16,1,87,1.7474747474747474,True,estimated,1.0,1.0,,0.0681860820104282,44.78432992520252
GALT,False,0,16,1,87,1.7474747474747474,True,estimated,1.0,1.0,,0.0681860820104282,44.78432992520252
GAPVD1,False,0,16,1,87,1.7474747474747474,True,estimated,1.0,1.0,,0.0681860820104282,44.78432992520252
GAREM1,False,0,16,1,87,1.7474747474747474,True,estimated,1.0,1.0,,0.0681860820104282,44.78432992520252
GAS2,False,0,16,2,87,1.0363636363636364,True,estimated,1.0,1.0,,0.0475440423553343,22.590624052318386
GAS2L3,False,0,16,1,87,1.7474747474747474,True,estimated,1.0,1.0,,0.0681860820104282,44.78432992520252
GATA2,False,0,16,1,87,1.7474747474747474,True,estimated,1.0,1.0,,0.0681860820104282,44.78432992520252
GATAD2B,False,0,16,1,87,1.7474747474747474,True,estimated,1.0,1.0,,0.0681860820104282,44.78432992520252
GATM,False,0,16,1,87,1.7474747474747474,True,estimated,1.0,1.0,,0.0681860820104282,44.78432992520252
GBF1,False,0,16,1,87,1.7474747474747474,True,estimated,1.0,1.0,,0.0681860820104282,44.78432992520252
GCC1,False,0,16,2,87,1.0363636363636364,True,estimated,1.0,1.0,,0.0475440423553343,22.590624052318386
GCFC2,False,0,16,1,87,1.7474747474747474,True,estimated,1.0,1.0,,0.0681860820104282,44.78432992520252
GCKR,False,0,16,2,87,1.0363636363636364,True,estimated,1.0,1.0,,0.0475440423553343,22.590624052318386
GCM1,False,0,16,1,87,1.7474747474747474,True,estimated,1.0,1.0,,0.0681860820104282,44.78432992520252
GCN1,False,0,16,2,87,1.0363636363636364,True,estimated,1.0,1.0,,0.0475440423553343,22.590624052318386
GCNA,False,0,16,1,87,1.7474747474747474,True,estimated,1.0,1.0,,0.0681860820104282,44.78432992520252
GCNT1,False,0,16,1,87,1.7474747474747474,True,estimated,1.0,1.0,,0.0681860820104282,44.78432992520252
GDA,False,0,16,1,87,1.7474747474747474,True,estimated,1.0,1.0,,0.0681860820104282,44.78432992520252
GDF11,False,0,16,1,87,1.7474747474747474,True,estimated,1.0,1.0,,0.0681860820104282,44.78432992520252
GDF3,False,0,16,1,87,1.7474747474747474,True,estimated,1.0,1.0,,0.0681860820104282,44.78432992520252
GDF5,False,0,16,1,87,1.7474747474747474,True,estimated,1.0,1.0,,0.0681860820104282,44.78432992520252
GET4,False,0,16,1,87,1.7474747474747474,True,estimated,1.0,1.0,,0.0681860820104282,44.78432992520252
GFPT2,False,0,16,1,87,1.7474747474747474,True,estimated,1.0,1.0,,0.0681860820104282,44.78432992520252
GFRAL,False,0,16,1,87,1.7474747474747474,True,estimated,1.0,1.0,,0.0681860820104282,44.78432992520252
GGA2,False,0,16,1,87,1.7474747474747474,True,estimated,1.0,1.0,,0.0681860820104282,44.78432992520252
GGNBP2,False,0,16,1,87,1.7474747474747474,True,estimated,1.0,1.0,,0.0681860820104282,44.78432992520252
GID8,False,0,16,1,87,1.7474747474747474,True,estimated,1.0,1.0,,0.0681860820104282,44.78432992520252
GIMAP6,False,0,16,1,87,1.7474747474747474,True,estimated,1.0,1.0,,0.0681860820104282,44.78432992520252
GIMAP8,False,0,16,1,87,1.7474747474747474,True,estimated,1.0,1.0,,0.0681860820104282,44.78432992520252
GIPC1,False,0,16,1,87,1.7474747474747474,True,estimated,1.0,1.0,,0.0681860820104282,44.78432992520252
GJA3,False,0,16,1,87,1.7474747474747474,True,estimated,1.0,1.0,,0.0681860820104282,44.78432992520252
GJA8,False,0,16,1,87,1.7474747474747474,True,estimated,1.0,1.0,,0.0681860820104282,44.78432992520252
GJC1,False,0,16,1,87,1.7474747474747474,True,estimated,1.0,1.0,,0.0681860820104282,44.78432992520252
GJD2,False,0,16,1,87,1.7474747474747474,True,estimated,1.0,1.0,,0.0681860820104282,44.78432992520252
GLB1L,False,0,16,1,87,1.7474747474747474,True,estimated,1.0,1.0,,0.0681860820104282,44.78432992520252
GLDN,False,0,16,1,87,1.7474747474747474,True,estimated,1.0,1.0,,0.0681860820104282,44.78432992520252
GLG1,False,0,16,4,87,0.5622895622895623,True,estimated,1.0,1.0,,0.028872485452665183,10.950548485967024
GLI3,False,0,16,1,87,1.7474747474747474,True,estimated,1.0,1.0,,0.0681860820104282,44.78432992520252
GLOD5,False,0,16,1,87,1.7474747474747474,True,estimated,1.0,1.0,,0.0681860820104282,44.78432992520252
GLS,False,0,16,1,87,1.7474747474747474,True,estimated,1.0,1.0,,0.0681860820104282,44.78432992520252
GLS2,False,0,16,1,87,1.7474747474747474,True,estimated,1.0,1.0,,0.0681860820104282,44.78432992520252
GLT8D2,False,0,16,1,87,1.7474747474747474,True,estimated,1.0,1.0,,0.0681860820104282,44.78432992520252
GLYAT,False,0,16,1,87,1.7474747474747474,True,estimated,1.0,1.0,,0.0681860820104282,44.78432992520252
GMFB,False,0,16,1,87,1.7474747474747474,True,estimated,1.0,1.0,,0.0681860820104282,44.78432992520252
GNA13,False,0,16,1,87,1.7474747474747474,True,estimated,1.0,1.0,,0.0681860820104282,44.78432992520252
GNA14,False,0,16,1,87,1.7474747474747474,True,estimated,1.0,1.0,,0.0681860820104282,44.78432992520252
GNAI1,False,0,16,1,87,1.7474747474747474,True,estimated,1.0,1.0,,0.0681860820104282,44.78432992520252
GNAI2,False,0,16,1,87,1.7474747474747474,True,estimated,1.0,1.0,,0.0681860820104282,44.78432992520252
GNAS,False,0,16,1,87,1.7474747474747474,True,estimated,1.0,1.0,,0.0681860820104282,44.78432992520252
GNAT1,False,0,16,1,87,1.7474747474747474,True,estimated,1.0,1.0,,0.0681860820104282,44.78432992520252
GNB5,False,0,16,1,87,1.7474747474747474,True,estimated,1.0,1.0,,0.0681860820104282,44.78432992520252
GNG11,False,0,16,1,87,1.7474747474747474,True,estimated,1.0,1.0,,0.0681860820104282,44.78432992520252
GNL3L,False,0,16,1,87,1.7474747474747474,True,estimated,1.0,1.0,,0.0681860820104282,44.78432992520252
GOLGA1,False,0,16,1,87,1.7474747474747474,True,estimated,1.0,1.0,,0.0681860820104282,44.78432992520252
GOLGA5,False,0,16,1,87,1.7474747474747474,True,estimated,1.0,1.0,,0.0681860820104282,44.78432992520252
GON4L,False,0,16,1,87,1.7474747474747474,True,estimated,1.0,1.0,,0.0681860820104282,44.78432992520252
GP2,False,0,16,1,87,1.7474747474747474,True,estimated,1.0,1.0,,0.0681860820104282,44.78432992520252
GPATCH4,False,0,16,1,87,1.7474747474747474,True,estimated,1.0,1.0,,0.0681860820104282,44.78432992520252
GPATCH8,False,0,16,1,87,1.7474747474747474,True,estimated,1.0,1.0,,0.0681860820104282,44.78432992520252
GPBP1,False,0,16,1,87,1.7474747474747474,True,estimated,1.0,1.0,,0.0681860820104282,44.78432992520252
GPC4,False,0,16,1,87,1.7474747474747474,True,estimated,1.0,1.0,,0.0681860820104282,44.78432992520252
GPC5,False,0,16,1,87,1.7474747474747474,True,estimated,1.0,1.0,,0.0681860820104282,44.78432992520252
GPHN,False,0,16,1,87,1.7474747474747474,True,estimated,1.0,1.0,,0.0681860820104282,44.78432992520252
GPLD1,False,0,16,1,87,1.7474747474747474,True,estimated,1.0,1.0,,0.0681860820104282,44.78432992520252
GPM6A,False,0,16,1,87,1.7474747474747474,True,estimated,1.0,1.0,,0.0681860820104282,44.78432992520252
GPM6B,False,0,16,1,87,1.7474747474747474,True,estimated,1.0,1.0,,0.0681860820104282,44.78432992520252
GPN2,False,0,16,1,87,1.7474747474747474,True,estimated,1.0,1.0,,0.0681860820104282,44.78432992520252
GPNMB,False,0,16,1,87,1.7474747474747474,True,estimated,1.0,1.0,,0.0681860820104282,44.78432992520252
GPR101,False,0,16,1,87,1.7474747474747474,True,estimated,1.0,1.0,,0.0681860820104282,44.78432992520252
GPR119,False,0,16,1,87,1.7474747474747474,True,estimated,1.0,1.0,,0.0681860820104282,44.78432992520252
GPR150,False,0,16,1,87,1.7474747474747474,True,estimated,1.0,1.0,,0.0681860820104282,44.78432992520252
GPR158,False,0,16,1,87,1.7474747474747474,True,estimated,1.0,1.0,,0.0681860820104282,44.78432992520252
GPR174,False,0,16,1,87,1.7474747474747474,True,estimated,1.0,1.0,,0.0681860820104282,44.78432992520252
GPR179,False,0,16,1,87,1.7474747474747474,True,estimated,1.0,1.0,,0.0681860820104282,44.78432992520252
GPR183,False,0,16,1,87,1.7474747474747474,True,estimated,1.0,1.0,,0.0681860820104282,44.78432992520252
GPR45,False,0,16,1,87,1.7474747474747474,True,estimated,1.0,1.0,,0.0681860820104282,44.78432992520252
GPR61,False,0,16,1,87,1.7474747474747474,True,estimated,1.0,1.0,,0.0681860820104282,44.78432992520252
GPR75,False,0,16,1,87,1.7474747474747474,True,estimated,1.0,1.0,,0.0681860820104282,44.78432992520252
GPR78,False,0,16,2,87,1.0363636363636364,True,estimated,1.0,1.0,,0.0475440423553343,22.590624052318386
GPR89B,False,0,16,1,87,1.7474747474747474,True,estimated,1.0,1.0,,0.0681860820104282,44.78432992520252
GPRASP1,False,0,16,3,87,0.7316017316017316,True,estimated,1.0,1.0,,0.03606794664834318,14.839799418058604
GPRC5C,False,0,16,1,87,1.7474747474747474,True,estimated,1.0,1.0,,0.0681860820104282,44.78432992520252
GPRC5D,False,0,16,1,87,1.7474747474747474,True,estimated,1.0,1.0,,0.0681860820104282,44.78432992520252
GPRIN3,False,0,16,2,87,1.0363636363636364,True,estimated,1.0,1.0,,0.0475440423553343,22.590624052318386
GPX8,False,0,16,1,87,1.7474747474747474,True,estimated,1.0,1.0,,0.0681860820104282,44.78432992520252
GRAP2,False,0,16,1,87,1.7474747474747474,True,estimated,1.0,1.0,,0.0681860820104282,44.78432992520252
GRIA2,False,0,16,1,87,1.7474747474747474,True,estimated,1.0,1.0,,0.0681860820104282,44.78432992520252
GRIA4,False,0,16,1,87,1.7474747474747474,True,estimated,1.0,1.0,,0.0681860820104282,44.78432992520252
GRID1,False,0,16,3,87,0.7316017316017316,True,estimated,1.0,1.0,,0.03606794664834318,14.839799418058604
GRID2,False,0,16,2,87,1.0363636363636364,True,estimated,1.0,1.0,,0.0475440423553343,22.590624052318386
GRIK1,False,0,16,1,87,1.7474747474747474,True,estimated,1.0,1.0,,0.0681860820104282,44.78432992520252
GRIN1,False,0,16,1,87,1.7474747474747474,True,estimated,1.0,1.0,,0.0681860820104282,44.78432992520252
GRIN2A,False,0,16,1,87,1.7474747474747474,True,estimated,1.0,1.0,,0.0681860820104282,44.78432992520252
GRIP1,False,0,16,1,87,1.7474747474747474,True,estimated,1.0,1.0,,0.0681860820104282,44.78432992520252
GRK6,False,0,16,1,87,1.7474747474747474,True,estimated,1.0,1.0,,0.0681860820104282,44.78432992520252
GRM1,False,0,16,1,87,1.7474747474747474,True,estimated,1.0,1.0,,0.0681860820104282,44.78432992520252
GRM4,False,0,16,1,87,1.7474747474747474,True,estimated,1.0,1.0,,0.0681860820104282,44.78432992520252
GRM5,False,0,16,1,87,1.7474747474747474,True,estimated,1.0,1.0,,0.0681860820104282,44.78432992520252
GRM6,False,0,16,1,87,1.7474747474747474,True,estimated,1.0,1.0,,0.0681860820104282,44.78432992520252
GRTP1,False,0,16,1,87,1.7474747474747474,True,estimated,1.0,1.0,,0.0681860820104282,44.78432992520252
GRWD1,False,0,16,1,87,1.7474747474747474,True,estimated,1.0,1.0,,0.0681860820104282,44.78432992520252
GSAP,False,0,16,1,87,1.7474747474747474,True,estimated,1.0,1.0,,0.0681860820104282,44.78432992520252
GSTA4,False,0,16,1,87,1.7474747474747474,True,estimated,1.0,1.0,,0.0681860820104282,44.78432992520252
GTF2I,False,0,16,1,87,1.7474747474747474,True,estimated,1.0,1.0,,0.0681860820104282,44.78432992520252
GTF2IRD2B,False,0,16,1,87,1.7474747474747474,True,estimated,1.0,1.0,,0.0681860820104282,44.78432992520252
GTF3C1,False,0,16,1,87,1.7474747474747474,True,estimated,1.0,1.0,,0.0681860820104282,44.78432992520252
GTF3C2,False,0,16,1,87,1.7474747474747474,True,estimated,1.0,1.0,,0.0681860820104282,44.78432992520252
GTF3C5,False,0,16,1,87,1.7474747474747474,True,estimated,1.0,1.0,,0.0681860820104282,44.78432992520252
GTPBP10,False,0,16,1,87,1.7474747474747474,True,estimated,1.0,1.0,,0.0681860820104282,44.78432992520252
GTPBP2,False,0,16,1,87,1.7474747474747474,True,estimated,1.0,1.0,,0.0681860820104282,44.78432992520252
GTPBP6,False,0,16,1,87,1.7474747474747474,True,estimated,1.0,1.0,,0.0681860820104282,44.78432992520252
GUCY1B1,False,0,16,1,87,1.7474747474747474,True,estimated,1.0,1.0,,0.0681860820104282,44.78432992520252
GUSB,False,0,16,1,87,1.7474747474747474,True,estimated,1.0,1.0,,0.0681860820104282,44.78432992520252
GXYLT1,False,0,16,1,87,1.7474747474747474,True,estimated,1.0,1.0,,0.0681860820104282,44.78432992520252
GYPC,False,0,16,1,87,1.7474747474747474,True,estimated,1.0,1.0,,0.0681860820104282,44.78432992520252
H1-1,False,0,16,1,87,1.7474747474747474,True,estimated,1.0,1.0,,0.0681860820104282,44.78432992520252
H3C13,False,0,16,1,87,1.7474747474747474,True,estimated,1.0,1.0,,0.0681860820104282,44.78432992520252
HACE1,False,0,16,1,87,1.7474747474747474,True,estimated,1.0,1.0,,0.0681860820104282,44.78432992520252
HADHA,False,0,16,1,87,1.7474747474747474,True,estimated,1.0,1.0,,0.0681860820104282,44.78432992520252
HAP1,False,0,16,1,87,1.7474747474747474,True,estimated,1.0,1.0,,0.0681860820104282,44.78432992520252
HAUS1,False,0,16,1,87,1.7474747474747474,True,estimated,1.0,1.0,,0.0681860820104282,44.78432992520252
HBB,False,0,16,1,87,1.7474747474747474,True,estimated,1.0,1.0,,0.0681860820104282,44.78432992520252
HCFC1,False,0,16,1,87,1.7474747474747474,True,estimated,1.0,1.0,,0.0681860820104282,44.78432992520252
HCK,False,0,16,1,87,1.7474747474747474,True,estimated,1.0,1.0,,0.0681860820104282,44.78432992520252
HCRTR1,False,0,16,1,87,1.7474747474747474,True,estimated,1.0,1.0,,0.0681860820104282,44.78432992520252
HCRTR2,False,0,16,1,87,1.7474747474747474,True,estimated,1.0,1.0,,0.0681860820104282,44.78432992520252
HDAC6,False,0,16,1,87,1.7474747474747474,True,estimated,1.0,1.0,,0.0681860820104282,44.78432992520252
HDC,False,0,16,1,87,1.7474747474747474,True,estimated,1.0,1.0,,0.0681860820104282,44.78432992520252
HDGFL1,False,0,16,1,87,1.7474747474747474,True,estimated,1.0,1.0,,0.0681860820104282,44.78432992520252
HEATR5B,False,0,16,2,87,1.0363636363636364,True,estimated,1.0,1.0,,0.0475440423553343,22.590624052318386
HEBP2,False,0,16,1,87,1.7474747474747474,True,estimated,1.0,1.0,,0.0681860820104282,44.78432992520252
HECTD2,False,0,16,1,87,1.7474747474747474,True,estimated,1.0,1.0,,0.0681860820104282,44.78432992520252
HECW2,False,0,16,1,87,1.7474747474747474,True,estimated,1.0,1.0,,0.0681860820104282,44.78432992520252
HELLS,False,0,16,2,87,1.0363636363636364,True,estimated,1.0,1.0,,0.0475440423553343,22.590624052318386
HEPACAM,False,0,16,1,87,1.7474747474747474,True,estimated,1.0,1.0,,0.0681860820104282,44.78432992520252
HERC1,False,0,16,2,87,1.0363636363636364,True,estimated,1.0,1.0,,0.0475440423553343,22.590624052318386
HERC4,False,0,16,1,87,1.7474747474747474,True,estimated,1.0,1.0,,0.0681860820104282,44.78432992520252
HERC5,False,0,16,1,87,1.7474747474747474,True,estimated,1.0,1.0,,0.0681860820104282,44.78432992520252
HEXA,False,0,16,1,87,1.7474747474747474,True,estimated,1.0,1.0,,0.0681860820104282,44.78432992520252
HEY1,False,0,16,1,87,1.7474747474747474,True,estimated,1.0,1.0,,0.0681860820104282,44.78432992520252
HFM1,False,0,16,1,87,1.7474747474747474,True,estimated,1.0,1.0,,0.0681860820104282,44.78432992520252
HGS,False,0,16,1,87,1.7474747474747474,True,estimated,1.0,1.0,,0.0681860820104282,44.78432992520252
HGSNAT,False,0,16,1,87,1.7474747474747474,True,estimated,1.0,1.0,,0.0681860820104282,44.78432992520252
HHATL,False,0,16,1,87,1.7474747474747474,True,estimated,1.0,1.0,,0.0681860820104282,44.78432992520252
HHEX,False,0,16,1,87,1.7474747474747474,True,estimated,1.0,1.0,,0.0681860820104282,44.78432992520252
HHIPL2,False,0,16,1,87,1.7474747474747474,True,estimated,1.0,1.0,,0.0681860820104282,44.78432992520252
HIF1A,False,0,16,2,87,1.0363636363636364,True,estimated,1.0,1.0,,0.0475440423553343,22.590624052318386
HIKESHI,False,0,16,1,87,1.7474747474747474,True,estimated,1.0,1.0,,0.0681860820104282,44.78432992520252
HIP1,False,0,16,1,87,1.7474747474747474,True,estimated,1.0,1.0,,0.0681860820104282,44.78432992520252
HIP1R,False,0,16,2,87,1.0363636363636364,True,estimated,1.0,1.0,,0.0475440423553343,22.590624052318386
HIRIP3,False,0,16,1,87,1.7474747474747474,True,estimated,1.0,1.0,,0.0681860820104282,44.78432992520252
HLA-DPA1,False,0,16,2,87,1.0363636363636364,True,estimated,1.0,1.0,,0.0475440423553343,22.590624052318386
HLA-DRA,False,0,16,1,87,1.7474747474747474,True,estimated,1.0,1.0,,0.0681860820104282,44.78432992520252
HLA-E,False,0,16,1,87,1.7474747474747474,True,estimated,1.0,1.0,,0.0681860820104282,44.78432992520252
HMCES,False,0,16,1,87,1.7474747474747474,True,estimated,1.0,1.0,,0.0681860820104282,44.78432992520252
HMCN1,False,0,16,4,87,0.5622895622895623,True,estimated,1.0,1.0,,0.028872485452665183,10.950548485967024
HMGCR,False,0,16,1,87,1.7474747474747474,True,estimated,1.0,1.0,,0.0681860820104282,44.78432992520252
HMGCS2,False,0,16,1,87,1.7474747474747474,True,estimated,1.0,1.0,,0.0681860820104282,44.78432992520252
HMGN5,False,0,16,1,87,1.7474747474747474,True,estimated,1.0,1.0,,0.0681860820104282,44.78432992520252
HNRNPM,False,0,16,1,87,1.7474747474747474,True,estimated,1.0,1.0,,0.0681860820104282,44.78432992520252
HNRNPU,False,0,16,1,87,1.7474747474747474,True,estimated,1.0,1.0,,0.0681860820104282,44.78432992520252
HOOK1,False,0,16,1,87,1.7474747474747474,True,estimated,1.0,1.0,,0.0681860820104282,44.78432992520252
HOOK3,False,0,16,1,87,1.7474747474747474,True,estimated,1.0,1.0,,0.0681860820104282,44.78432992520252
HORMAD2,False,0,16,1,87,1.7474747474747474,True,estimated,1.0,1.0,,0.0681860820104282,44.78432992520252
HOXB1,False,0,16,1,87,1.7474747474747474,True,estimated,1.0,1.0,,0.0681860820104282,44.78432992520252
HOXB13,False,0,16,1,87,1.7474747474747474,True,estimated,1.0,1.0,,0.0681860820104282,44.78432992520252
HOXC8,False,0,16,1,87,1.7474747474747474,True,estimated,1.0,1.0,,0.0681860820104282,44.78432992520252
HOXD11,False,0,16,1,87,1.7474747474747474,True,estimated,1.0,1.0,,0.0681860820104282,44.78432992520252
HPGD,False,0,16,1,87,1.7474747474747474,True,estimated,1.0,1.0,,0.0681860820104282,44.78432992520252
HPSE,False,0,16,1,87,1.7474747474747474,True,estimated,1.0,1.0,,0.0681860820104282,44.78432992520252
HRC,False,0,16,2,87,1.0363636363636364,True,estimated,1.0,1.0,,0.0475440423553343,22.590624052318386
HSD17B2,False,0,16,1,87,1.7474747474747474,True,estimated,1.0,1.0,,0.0681860820104282,44.78432992520252
HSD17B4,False,0,16,1,87,1.7474747474747474,True,estimated,1.0,1.0,,0.0681860820104282,44.78432992520252
HSD17B8,False,0,16,1,87,1.7474747474747474,True,estimated,1.0,1.0,,0.0681860820104282,44.78432992520252
HSPA14,False,0,16,1,87,1.7474747474747474,True,estimated,1.0,1.0,,0.0681860820104282,44.78432992520252
HSPA8,False,0,16,2,87,1.0363636363636364,True,estimated,1.0,1.0,,0.0475440423553343,22.590624052318386
HSPB11,False,0,16,1,87,1.7474747474747474,True,estimated,1.0,1.0,,0.0681860820104282,44.78432992520252
HSPB2,False,0,16,1,87,1.7474747474747474,True,estimated,1.0,1.0,,0.0681860820104282,44.78432992520252
HSPD1,False,0,16,1,87,1.7474747474747474,True,estimated,1.0,1.0,,0.0681860820104282,44.78432992520252
HSPH1,False,0,16,1,87,1.7474747474747474,True,estimated,1.0,1.0,,0.0681860820104282,44.78432992520252
HTR1E,False,0,16,1,87,1.7474747474747474,True,estimated,1.0,1.0,,0.0681860820104282,44.78432992520252
HTR3A,False,0,16,1,87,1.7474747474747474,True,estimated,1.0,1.0,,0.0681860820104282,44.78432992520252
HTRA3,False,0,16,1,87,1.7474747474747474,True,estimated,1.0,1.0,,0.0681860820104282,44.78432992520252
HUWE1,False,0,16,4,87,0.5622895622895623,True,estimated,1.0,1.0,,0.028872485452665183,10.950548485967024
HYOU1,False,0,16,1,87,1.7474747474747474,True,estimated,1.0,1.0,,0.0681860820104282,44.78432992520252
IARS1,False,0,16,1,87,1.7474747474747474,True,estimated,1.0,1.0,,0.0681860820104282,44.78432992520252
ICE1,False,0,16,2,87,1.0363636363636364,True,estimated,1.0,1.0,,0.0475440423553343,22.590624052318386
IDNK,False,0,16,1,87,1.7474747474747474,True,estimated,1.0,1.0,,0.0681860820104282,44.78432992520252
IFIT2,False,0,16,1,87,1.7474747474747474,True,estimated,1.0,1.0,,0.0681860820104282,44.78432992520252
IFIT3,False,0,16,1,87,1.7474747474747474,True,estimated,1.0,1.0,,0.0681860820104282,44.78432992520252
IFNA14,False,0,16,1,87,1.7474747474747474,True,estimated,1.0,1.0,,0.0681860820104282,44.78432992520252
IFNA16,False,0,16,1,87,1.7474747474747474,True,estimated,1.0,1.0,,0.0681860820104282,44.78432992520252
IFRD1,False,0,16,1,87,1.7474747474747474,True,estimated,1.0,1.0,,0.0681860820104282,44.78432992520252
IFT140,False,0,16,1,87,1.7474747474747474,True,estimated,1.0,1.0,,0.0681860820104282,44.78432992520252
IFT172,False,0,16,1,87,1.7474747474747474,True,estimated,1.0,1.0,,0.0681860820104282,44.78432992520252
IFT81,False,0,16,1,87,1.7474747474747474,True,estimated,1.0,1.0,,0.0681860820104282,44.78432992520252
IGDCC3,False,0,16,2,87,1.0363636363636364,True,estimated,1.0,1.0,,0.0475440423553343,22.590624052318386
IGF1R,False,0,16,2,87,1.0363636363636364,True,estimated,1.0,1.0,,0.0475440423553343,22.590624052318386
IGF2BP2,False,0,16,1,87,1.7474747474747474,True,estimated,1.0,1.0,,0.0681860820104282,44.78432992520252
IGF2R,False,0,16,2,87,1.0363636363636364,True,estimated,1.0,1.0,,0.0475440423553343,22.590624052318386
IGHA2,False,0,16,1,87,1.7474747474747474,True,estimated,1.0,1.0,,0.0681860820104282,44.78432992520252
IGHV1-45,False,0,16,1,87,1.7474747474747474,True,estimated,1.0,1.0,,0.0681860820104282,44.78432992520252
IGHV3-49,False,0,16,1,87,1.7474747474747474,True,estimated,1.0,1.0,,0.0681860820104282,44.78432992520252
IGHV4-34,False,0,16,1,87,1.7474747474747474,True,estimated,1.0,1.0,,0.0681860820104282,44.78432992520252
IGKV1-16,False,0,16,1,87,1.7474747474747474,True,estimated,1.0,1.0,,0.0681860820104282,44.78432992520252
IGKV1D-16,False,0,16,1,87,1.7474747474747474,True,estimated,1.0,1.0,,0.0681860820104282,44.78432992520252
IGKV2D-24,False,0,16,1,87,1.7474747474747474,True,estimated,1.0,1.0,,0.0681860820104282,44.78432992520252
IGKV3-7,False,0,16,1,87,1.7474747474747474,True,estimated,1.0,1.0,,0.0681860820104282,44.78432992520252
IGLC2,False,0,16,1,87,1.7474747474747474,True,estimated,1.0,1.0,,0.0681860820104282,44.78432992520252
IGLV3-25,False,0,16,1,87,1.7474747474747474,True,estimated,1.0,1.0,,0.0681860820104282,44.78432992520252
IGSF1,False,0,16,1,87,1.7474747474747474,True,estimated,1.0,1.0,,0.0681860820104282,44.78432992520252
IK,False,0,16,1,87,1.7474747474747474,True,estimated,1.0,1.0,,0.0681860820104282,44.78432992520252
IL16,False,0,16,1,87,1.7474747474747474,True,estimated,1.0,1.0,,0.0681860820104282,44.78432992520252
IL1R1,False,0,16,1,87,1.7474747474747474,True,estimated,1.0,1.0,,0.0681860820104282,44.78432992520252
IL1RAP,False,0,16,1,87,1.7474747474747474,True,estimated,1.0,1.0,,0.0681860820104282,44.78432992520252
IL1RL1,False,0,16,1,87,1.7474747474747474,True,estimated,1.0,1.0,,0.0681860820104282,44.78432992520252
IL1RL2,False,0,16,1,87,1.7474747474747474,True,estimated,1.0,1.0,,0.0681860820104282,44.78432992520252
IL20RA,False,0,16,1,87,1.7474747474747474,True,estimated,1.0,1.0,,0.0681860820104282,44.78432992520252
IL20RB,False,0,16,1,87,1.7474747474747474,True,estimated,1.0,1.0,,0.0681860820104282,44.78432992520252
IL21R,False,0,16,1,87,1.7474747474747474,True,estimated,1.0,1.0,,0.0681860820104282,44.78432992520252
IL23R,False,0,16,1,87,1.7474747474747474,True,estimated,1.0,1.0,,0.0681860820104282,44.78432992520252
IL27RA,False,0,16,1,87,1.7474747474747474,True,estimated,1.0,1.0,,0.0681860820104282,44.78432992520252
IL31RA,False,0,16,1,87,1.7474747474747474,True,estimated,1.0,1.0,,0.0681860820104282,44.78432992520252
IL33,False,0,16,1,87,1.7474747474747474,True,estimated,1.0,1.0,,0.0681860820104282,44.78432992520252
IL6ST,False,0,16,2,87,1.0363636363636364,True,estimated,1.0,1.0,,0.0475440423553343,22.590624052318386
IMPG1,False,0,16,1,87,1.7474747474747474,True,estimated,1.0,1.0,,0.0681860820104282,44.78432992520252
INPP5A,False,0,16,1,87,1.7474747474747474,True,estimated,1.0,1.0,,0.0681860820104282,44.78432992520252
INPP5B,False,0,16,1,87,1.7474747474747474,True,estimated,1.0,1.0,,0.0681860820104282,44.78432992520252
INSYN2A,False,0,16,1,87,1.7474747474747474,True,estimated,1.0,1.0,,0.0681860820104282,44.78432992520252
INTS1,False,0,16,1,87,1.7474747474747474,True,estimated,1.0,1.0,,0.0681860820104282,44.78432992520252
INTS4,False,0,16,1,87,1.7474747474747474,True,estimated,1.0,1.0,,0.0681860820104282,44.78432992520252
INTU,False,0,16,1,87,1.7474747474747474,True,estimated,1.0,1.0,,0.0681860820104282,44.78432992520252
IP6K3,False,0,16,1,87,1.7474747474747474,True,estimated,1.0,1.0,,0.0681860820104282,44.78432992520252
IPO4,False,0,16,1,87,1.7474747474747474,True,estimated,1.0,1.0,,0.0681860820104282,44.78432992520252
IPO5,False,0,16,2,87,1.0363636363636364,True,estimated,1.0,1.0,,0.0475440423553343,22.590624052318386
IPP,False,0,16,1,87,1.7474747474747474,True,estimated,1.0,1.0,,0.0681860820104282,44.78432992520252
IQCE,False,0,16,1,87,1.7474747474747474,True,estimated,1.0,1.0,,0.0681860820104282,44.78432992520252
IQCF2,False,0,16,1,87,1.7474747474747474,True,estimated,1.0,1.0,,0.0681860820104282,44.78432992520252
IQCK,False,0,16,1,87,1.7474747474747474,True,estimated,1.0,1.0,,0.0681860820104282,44.78432992520252
IQGAP3,False,0,16,1,87,1.7474747474747474,True,estimated,1.0,1.0,,0.0681860820104282,44.78432992520252
IQSEC2,False,0,16,1,87,1.7474747474747474,True,estimated,1.0,1.0,,0.0681860820104282,44.78432992520252
IQUB,False,0,16,1,87,1.7474747474747474,True,estimated,1.0,1.0,,0.0681860820104282,44.78432992520252
IRF3,False,0,16,1,87,1.7474747474747474,True,estimated,1.0,1.0,,0.0681860820104282,44.78432992520252
IRF7,False,0,16,1,87,1.7474747474747474,True,estimated,1.0,1.0,,0.0681860820104282,44.78432992520252
IRX1,False,0,16,2,87,1.0363636363636364,True,estimated,1.0,1.0,,0.0475440423553343,22.590624052318386
IRX2,False,0,16,1,87,1.7474747474747474,True,estimated,1.0,1.0,,0.0681860820104282,44.78432992520252
IRX3,False,0,16,1,87,1.7474747474747474,True,estimated,1.0,1.0,,0.0681860820104282,44.78432992520252
ISL1,False,0,16,1,87,1.7474747474747474,True,estimated,1.0,1.0,,0.0681860820104282,44.78432992520252
ISL2,False,0,16,1,87,1.7474747474747474,True,estimated,1.0,1.0,,0.0681860820104282,44.78432992520252
ISOC1,False,0,16,2,87,1.0363636363636364,True,estimated,1.0,1.0,,0.0475440423553343,22.590624052318386
ITFG1,False,0,16,1,87,1.7474747474747474,True,estimated,1.0,1.0,,0.0681860820104282,44.78432992520252
ITGA1,False,0,16,2,87,1.0363636363636364,True,estimated,1.0,1.0,,0.0475440423553343,22.590624052318386
ITGA11,False,0,16,1,87,1.7474747474747474,True,estimated,1.0,1.0,,0.0681860820104282,44.78432992520252
ITGA2,False,0,16,1,87,1.7474747474747474,True,estimated,1.0,1.0,,0.0681860820104282,44.78432992520252
ITGA9,False,0,16,1,87,1.7474747474747474,True,estimated,1.0,1.0,,0.0681860820104282,44.78432992520252
ITGAD,False,0,16,1,87,1.7474747474747474,True,estimated,1.0,1.0,,0.0681860820104282,44.78432992520252
ITGAL,False,0,16,1,87,1.7474747474747474,True,estimated,1.0,1.0,,0.0681860820104282,44.78432992520252
ITIH2,False,0,16,2,87,1.0363636363636364,True,estimated,1.0,1.0,,0.0475440423553343,22.590624052318386
ITM2B,False,0,16,1,87,1.7474747474747474,True,estimated,1.0,1.0,,0.0681860820104282,44.78432992520252
ITPK1,False,0,16,1,87,1.7474747474747474,True,estimated,1.0,1.0,,0.0681860820104282,44.78432992520252
ITPR3,False,0,16,1,87,1.7474747474747474,True,estimated,1.0,1.0,,0.0681860820104282,44.78432992520252
ITSN1,False,0,16,1,87,1.7474747474747474,True,estimated,1.0,1.0,,0.0681860820104282,44.78432992520252
ITSN2,False,0,16,1,87,1.7474747474747474,True,estimated,1.0,1.0,,0.0681860820104282,44.78432992520252
IVL,False,0,16,1,87,1.7474747474747474,True,estimated,1.0,1.0,,0.0681860820104282,44.78432992520252
IWS1,False,0,16,1,87,1.7474747474747474,True,estimated,1.0,1.0,,0.0681860820104282,44.78432992520252
JADE2,False,0,16,1,87,1.7474747474747474,True,estimated,1.0,1.0,,0.0681860820104282,44.78432992520252
JADE3,False,0,16,2,87,1.0363636363636364,True,estimated,1.0,1.0,,0.0475440423553343,22.590624052318386
JAK1,False,0,16,1,87,1.7474747474747474,True,estimated,1.0,1.0,,0.0681860820104282,44.78432992520252
JAK2,False,0,16,1,87,1.7474747474747474,True,estimated,1.0,1.0,,0.0681860820104282,44.78432992520252
JAKMIP2,False,0,16,1,87,1.7474747474747474,True,estimated,1.0,1.0,,0.0681860820104282,44.78432992520252
JAKMIP3,False,0,16,1,87,1.7474747474747474,True,estimated,1.0,1.0,,0.0681860820104282,44.78432992520252
JAML,False,0,16,1,87,1.7474747474747474,True,estimated,1.0,1.0,,0.0681860820104282,44.78432992520252
JARID2,False,0,16,1,87,1.7474747474747474,True,estimated,1.0,1.0,,0.0681860820104282,44.78432992520252
JCAD,False,0,16,1,87,1.7474747474747474,True,estimated,1.0,1.0,,0.0681860820104282,44.78432992520252
JHY,False,0,16,1,87,1.7474747474747474,True,estimated,1.0,1.0,,0.0681860820104282,44.78432992520252
JPH1,False,0,16,1,87,1.7474747474747474,True,estimated,1.0,1.0,,0.0681860820104282,44.78432992520252
JRK,False,0,16,1,87,1.7474747474747474,True,estimated,1.0,1.0,,0.0681860820104282,44.78432992520252
KALRN,False,0,16,2,87,1.0363636363636364,True,estimated,1.0,1.0,,0.0475440423553343,22.590624052318386
KANSL1,False,0,16,1,87,1.7474747474747474,True,estimated,1.0,1.0,,0.0681860820104282,44.78432992520252
KANSL2,False,0,16,1,87,1.7474747474747474,True,estimated,1.0,1.0,,0.0681860820104282,44.78432992520252
KAT6A,False,0,16,2,87,1.0363636363636364,True,estimated,1.0,1.0,,0.0475440423553343,22.590624052318386
KBTBD3,False,0,16,1,87,1.7474747474747474,True,estimated,1.0,1.0,,0.0681860820104282,44.78432992520252
KBTBD4,False,0,16,1,87,1.7474747474747474,True,estimated,1.0,1.0,,0.0681860820104282,44.78432992520252
KBTBD6,False,0,16,1,87,1.7474747474747474,True,estimated,1.0,1.0,,0.0681860820104282,44.78432992520252
KBTBD8,False,0,16,1,87,1.7474747474747474,True,estimated,1.0,1.0,,0.0681860820104282,44.78432992520252
KCNB2,False,0,16,1,87,1.7474747474747474,True,estimated,1.0,1.0,,0.0681860820104282,44.78432992520252
KCNC4,False,0,16,1,87,1.7474747474747474,True,estimated,1.0,1.0,,0.0681860820104282,44.78432992520252
KCND2,False,0,16,1,87,1.7474747474747474,True,estimated,1.0,1.0,,0.0681860820104282,44.78432992520252
KCND3,False,0,16,2,87,1.0363636363636364,True,estimated,1.0,1.0,,0.0475440423553343,22.590624052318386
KCNH2,False,0,16,1,87,1.7474747474747474,True,estimated,1.0,1.0,,0.0681860820104282,44.78432992520252
KCNH5,False,0,16,2,87,1.0363636363636364,True,estimated,1.0,1.0,,0.0475440423553343,22.590624052318386
KCNH6,False,0,16,1,87,1.7474747474747474,True,estimated,1.0,1.0,,0.0681860820104282,44.78432992520252
KCNH7,False,0,16,2,87,1.0363636363636364,True,estimated,1.0,1.0,,0.0475440423553343,22.590624052318386
KCNJ3,False,0,16,2,87,1.0363636363636364,True,estimated,1.0,1.0,,0.0475440423553343,22.590624052318386
KCNN4,False,0,16,1,87,1.7474747474747474,True,estimated,1.0,1.0,,0.0681860820104282,44.78432992520252
KCNQ5,False,0,16,1,87,1.7474747474747474,True,estimated,1.0,1.0,,0.0681860820104282,44.78432992520252
KCNS2,False,0,16,1,87,1.7474747474747474,True,estimated,1.0,1.0,,0.0681860820104282,44.78432992520252
KCNS3,False,0,16,1,87,1.7474747474747474,True,estimated,1.0,1.0,,0.0681860820104282,44.78432992520252
KCNV2,False,0,16,2,87,1.0363636363636364,True,estimated,1.0,1.0,,0.0475440423553343,22.590624052318386
KDELR3,False,0,16,1,87,1.7474747474747474,True,estimated,1.0,1.0,,0.0681860820104282,44.78432992520252
KDM2A,False,0,16,1,87,1.7474747474747474,True,estimated,1.0,1.0,,0.0681860820104282,44.78432992520252
KDM4B,False,0,16,1,87,1.7474747474747474,True,estimated,1.0,1.0,,0.0681860820104282,44.78432992520252
KDM5D,False,0,16,1,87,1.7474747474747474,True,estimated,1.0,1.0,,0.0681860820104282,44.78432992520252
KDM7A,False,0,16,1,87,1.7474747474747474,True,estimated,1.0,1.0,,0.0681860820104282,44.78432992520252
KDR,False,0,16,3,87,0.7316017316017316,True,estimated,1.0,1.0,,0.03606794664834318,14.839799418058604
KEAP1,False,0,16,1,87,1.7474747474747474,True,estimated,1.0,1.0,,0.0681860820104282,44.78432992520252
KEL,False,0,16,2,87,1.0363636363636364,True,estimated,1.0,1.0,,0.0475440423553343,22.590624052318386
KHK,False,0,16,3,87,0.7316017316017316,True,estimated,1.0,1.0,,0.03606794664834318,14.839799418058604
KHNYN,False,0,16,1,87,1.7474747474747474,True,estimated,1.0,1.0,,0.0681860820104282,44.78432992520252
KIAA0100,False,0,16,1,87,1.7474747474747474,True,estimated,1.0,1.0,,0.0681860820104282,44.78432992520252
KIAA0586,False,0,16,2,87,1.0363636363636364,True,estimated,1.0,1.0,,0.0475440423553343,22.590624052318386
KIAA0930,False,0,16,2,87,1.0363636363636364,True,estimated,1.0,1.0,,0.0475440423553343,22.590624052318386
KIAA1210,False,0,16,1,87,1.7474747474747474,True,estimated,1.0,1.0,,0.0681860820104282,44.78432992520252
KIAA1549L,False,0,16,2,87,1.0363636363636364,True,estimated,1.0,1.0,,0.0475440423553343,22.590624052318386
KIAA1841,False,0,16,1,87,1.7474747474747474,True,estimated,1.0,1.0,,0.0681860820104282,44.78432992520252
KIF13A,False,0,16,1,87,1.7474747474747474,True,estimated,1.0,1.0,,0.0681860820104282,44.78432992520252
KIF13B,False,0,16,1,87,1.7474747474747474,True,estimated,1.0,1.0,,0.0681860820104282,44.78432992520252
KIF17,False,0,16,1,87,1.7474747474747474,True,estimated,1.0,1.0,,0.0681860820104282,44.78432992520252
KIF18A,False,0,16,2,87,1.0363636363636364,True,estimated,1.0,1.0,,0.0475440423553343,22.590624052318386
KIF1A,False,0,16,3,87,0.7316017316017316,True,estimated,1.0,1.0,,0.03606794664834318,14.839799418058604
KIF1B,False,0,16,3,87,0.7316017316017316,True,estimated,1.0,1.0,,0.03606794664834318,14.839799418058604
KIF20A,False,0,16,2,87,1.0363636363636364,True,estimated,1.0,1.0,,0.0475440423553343,22.590624052318386
KIF26B,False,0,16,1,87,1.7474747474747474,True,estimated,1.0,1.0,,0.0681860820104282,44.78432992520252
KIF2A,False,0,16,2,87,1.0363636363636364,True,estimated,1.0,1.0,,0.0475440423553343,22.590624052318386
KIF5B,False,0,16,1,87,1.7474747474747474,True,estimated,1.0,1.0,,0.0681860820104282,44.78432992520252
KIF5C,False,0,16,2,87,1.0363636363636364,True,estimated,1.0,1.0,,0.0475440423553343,22.590624052318386
KIR3DL2,False,0,16,1,87,1.7474747474747474,True,estimated,1.0,1.0,,0.0681860820104282,44.78432992520252
KL,False,0,16,1,87,1.7474747474747474,True,estimated,1.0,1.0,,0.0681860820104282,44.78432992520252
KLC1,False,0,16,1,87,1.7474747474747474,True,estimated,1.0,1.0,,0.0681860820104282,44.78432992520252
KLF10,False,0,16,1,87,1.7474747474747474,True,estimated,1.0,1.0,,0.0681860820104282,44.78432992520252
KLF11,False,0,16,1,87,1.7474747474747474,True,estimated,1.0,1.0,,0.0681860820104282,44.78432992520252
KLF9,False,0,16,1,87,1.7474747474747474,True,estimated,1.0,1.0,,0.0681860820104282,44.78432992520252
KLHDC1,False,0,16,1,87,1.7474747474747474,True,estimated,1.0,1.0,,0.0681860820104282,44.78432992520252
KLHDC10,False,0,16,1,87,1.7474747474747474,True,estimated,1.0,1.0,,0.0681860820104282,44.78432992520252
KLHL1,False,0,16,1,87,1.7474747474747474,True,estimated,1.0,1.0,,0.0681860820104282,44.78432992520252
KLHL13,False,0,16,1,87,1.7474747474747474,True,estimated,1.0,1.0,,0.0681860820104282,44.78432992520252
KLHL26,False,0,16,1,87,1.7474747474747474,True,estimated,1.0,1.0,,0.0681860820104282,44.78432992520252
KLHL32,False,0,16,1,87,1.7474747474747474,True,estimated,1.0,1.0,,0.0681860820104282,44.78432992520252
KLHL4,False,0,16,1,87,1.7474747474747474,True,estimated,1.0,1.0,,0.0681860820104282,44.78432992520252
KLHL5,False,0,16,1,87,1.7474747474747474,True,estimated,1.0,1.0,,0.0681860820104282,44.78432992520252
KLHL9,False,0,16,1,87,1.7474747474747474,True,estimated,1.0,1.0,,0.0681860820104282,44.78432992520252
KLK12,False,0,16,1,87,1.7474747474747474,True,estimated,1.0,1.0,,0.0681860820104282,44.78432992520252
KLK13,False,0,16,1,87,1.7474747474747474,True,estimated,1.0,1.0,,0.0681860820104282,44.78432992520252
KLK14,False,0,16,1,87,1.7474747474747474,True,estimated,1.0,1.0,,0.0681860820104282,44.78432992520252
KLK5,False,0,16,1,87,1.7474747474747474,True,estimated,1.0,1.0,,0.0681860820104282,44.78432992520252
KLRC1,False,0,16,1,87,1.7474747474747474,True,estimated,1.0,1.0,,0.0681860820104282,44.78432992520252
KLRD1,False,0,16,1,87,1.7474747474747474,True,estimated,1.0,1.0,,0.0681860820104282,44.78432992520252
KMT2C,True,0,16,1,87,1.7474747474747474,True,estimated,1.0,1.0,1.0,0.0681860820104282,44.78432992520252
KMT2D,False,0,16,1,87,1.7474747474747474,True,estimated,1.0,1.0,,0.0681860820104282,44.78432992520252
KMT2E,False,0,16,2,87,1.0363636363636364,True,estimated,1.0,1.0,,0.0475440423553343,22.590624052318386
KNOP1,False,0,16,1,87,1.7474747474747474,True,estimated,1.0,1.0,,0.0681860820104282,44.78432992520252
KNTC1,False,0,16,2,87,1.0363636363636364,True,estimated,1.0,1.0,,0.0475440423553343,22.590624052318386
KPRP,False,0,16,1,87,1.7474747474747474,True,estimated,1.0,1.0,,0.0681860820104282,44.78432992520252
KRBA2,False,0,16,1,87,1.7474747474747474,True,estimated,1.0,1.0,,0.0681860820104282,44.78432992520252
KRT1,False,0,16,1,87,1.7474747474747474,True,estimated,1.0,1.0,,0.0681860820104282,44.78432992520252
KRT12,False,0,16,1,87,1.7474747474747474,True,estimated,1.0,1.0,,0.0681860820104282,44.78432992520252
KRT13,False,0,16,1,87,1.7474747474747474,True,estimated,1.0,1.0,,0.0681860820104282,44.78432992520252
KRT16,False,0,16,1,87,1.7474747474747474,True,estimated,1.0,1.0,,0.0681860820104282,44.78432992520252
KRT19,False,0,16,1,87,1.7474747474747474,True,estimated,1.0,1.0,,0.0681860820104282,44.78432992520252
KRT2,False,0,16,1,87,1.7474747474747474,True,estimated,1.0,1.0,,0.0681860820104282,44.78432992520252
KRT24,False,0,16,1,87,1.7474747474747474,True,estimated,1.0,1.0,,0.0681860820104282,44.78432992520252
KRT26,False,0,16,1,87,1.7474747474747474,True,estimated,1.0,1.0,,0.0681860820104282,44.78432992520252
KRT34,False,0,16,1,87,1.7474747474747474,True,estimated,1.0,1.0,,0.0681860820104282,44.78432992520252
KRT36,False,0,16,1,87,1.7474747474747474,True,estimated,1.0,1.0,,0.0681860820104282,44.78432992520252
KRT5,False,0,16,1,87,1.7474747474747474,True,estimated,1.0,1.0,,0.0681860820104282,44.78432992520252
KRT6C,False,0,16,1,87,1.7474747474747474,True,estimated,1.0,1.0,,0.0681860820104282,44.78432992520252
KRT7,False,0,16,1,87,1.7474747474747474,True,estimated,1.0,1.0,,0.0681860820104282,44.78432992520252
KRT72,False,0,16,1,87,1.7474747474747474,True,estimated,1.0,1.0,,0.0681860820104282,44.78432992520252
KRT75,False,0,16,1,87,1.7474747474747474,True,estimated,1.0,1.0,,0.0681860820104282,44.78432992520252
KRT84,False,0,16,1,87,1.7474747474747474,True,estimated,1.0,1.0,,0.0681860820104282,44.78432992520252
KRT85,False,0,16,1,87,1.7474747474747474,True,estimated,1.0,1.0,,0.0681860820104282,44.78432992520252
KRTAP10-3,False,0,16,1,87,1.7474747474747474,True,estimated,1.0,1.0,,0.0681860820104282,44.78432992520252
KRTAP13-2,False,0,16,1,87,1.7474747474747474,True,estimated,1.0,1.0,,0.0681860820104282,44.78432992520252
KTN1,False,0,16,1,87,1.7474747474747474,True,estimated,1.0,1.0,,0.0681860820104282,44.78432992520252
L1CAM,False,0,16,1,87,1.7474747474747474,True,estimated,1.0,1.0,,0.0681860820104282,44.78432992520252
L1TD1,False,0,16,1,87,1.7474747474747474,True,estimated,1.0,1.0,,0.0681860820104282,44.78432992520252
L2HGDH,False,0,16,1,87,1.7474747474747474,True,estimated,1.0,1.0,,0.0681860820104282,44.78432992520252
L3MBTL2,False,0,16,1,87,1.7474747474747474,True,estimated,1.0,1.0,,0.0681860820104282,44.78432992520252
LACC1,False,0,16,1,87,1.7474747474747474,True,estimated,1.0,1.0,,0.0681860820104282,44.78432992520252
LACRT,False,0,16,1,87,1.7474747474747474,True,estimated,1.0,1.0,,0.0681860820104282,44.78432992520252
LAMA1,False,0,16,2,87,1.0363636363636364,True,estimated,1.0,1.0,,0.0475440423553343,22.590624052318386
LAMA2,False,0,16,1,87,1.7474747474747474,True,estimated,1.0,1.0,,0.0681860820104282,44.78432992520252
LAMA3,False,0,16,1,87,1.7474747474747474,True,estimated,1.0,1.0,,0.0681860820104282,44.78432992520252
LAMA4,False,0,16,4,87,0.5622895622895623,True,estimated,1.0,1.0,,0.028872485452665183,10.950548485967024
LAMB1,False,0,16,1,87,1.7474747474747474,True,estimated,1.0,1.0,,0.0681860820104282,44.78432992520252
LAMB2,False,0,16,1,87,1.7474747474747474,True,estimated,1.0,1.0,,0.0681860820104282,44.78432992520252
LAMC1,False,0,16,2,87,1.0363636363636364,True,estimated,1.0,1.0,,0.0475440423553343,22.590624052318386
LAMC2,False,0,16,3,87,0.7316017316017316,True,estimated,1.0,1.0,,0.03606794664834318,14.839799418058604
LAMP5,False,0,16,1,87,1.7474747474747474,True,estimated,1.0,1.0,,0.0681860820104282,44.78432992520252
LAMTOR5,False,0,16,1,87,1.7474747474747474,True,estimated,1.0,1.0,,0.0681860820104282,44.78432992520252
LATS1,False,0,16,1,87,1.7474747474747474,True,estimated,1.0,1.0,,0.0681860820104282,44.78432992520252
LBP,False,0,16,1,87,1.7474747474747474,True,estimated,1.0,1.0,,0.0681860820104282,44.78432992520252
LCAT,False,0,16,1,87,1.7474747474747474,True,estimated,1.0,1.0,,0.0681860820104282,44.78432992520252
LCE1A,False,0,16,1,87,1.7474747474747474,True,estimated,1.0,1.0,,0.0681860820104282,44.78432992520252
LCMT1,False,0,16,1,87,1.7474747474747474,True,estimated,1.0,1.0,,0.0681860820104282,44.78432992520252
LCMT2,False,0,16,1,87,1.7474747474747474,True,estimated,1.0,1.0,,0.0681860820104282,44.78432992520252
LCT,False,0,16,1,87,1.7474747474747474,True,estimated,1.0,1.0,,0.0681860820104282,44.78432992520252
LDLRAD1,False,0,16,1,87,1.7474747474747474,True,estimated,1.0,1.0,,0.0681860820104282,44.78432992520252
LETMD1,False,0,16,1,87,1.7474747474747474,True,estimated,1.0,1.0,,0.0681860820104282,44.78432992520252
LGALS3BP,False,0,16,1,87,1.7474747474747474,True,estimated,1.0,1.0,,0.0681860820104282,44.78432992520252
LGR5,False,0,16,1,87,1.7474747474747474,True,estimated,1.0,1.0,,0.0681860820104282,44.78432992520252
LGR6,False,0,16,1,87,1.7474747474747474,True,estimated,1.0,1.0,,0.0681860820104282,44.78432992520252
LHFPL4,False,0,16,1,87,1.7474747474747474,True,estimated,1.0,1.0,,0.0681860820104282,44.78432992520252
LHX1,False,0,16,1,87,1.7474747474747474,True,estimated,1.0,1.0,,0.0681860820104282,44.78432992520252
LHX6,False,0,16,1,87,1.7474747474747474,True,estimated,1.0,1.0,,0.0681860820104282,44.78432992520252
LILRA6,False,0,16,1,87,1.7474747474747474,True,estimated,1.0,1.0,,0.0681860820104282,44.78432992520252
LILRB3,False,0,16,1,87,1.7474747474747474,True,estimated,1.0,1.0,,0.0681860820104282,44.78432992520252
LILRB4,False,0,16,2,87,1.0363636363636364,True,estimated,1.0,1.0,,0.0475440423553343,22.590624052318386
LIMA1,False,0,16,1,87,1.7474747474747474,True,estimated,1.0,1.0,,0.0681860820104282,44.78432992520252
LIMD1,False,0,16,1,87,1.7474747474747474,True,estimated,1.0,1.0,,0.0681860820104282,44.78432992520252
LIME1,False,0,16,1,87,1.7474747474747474,True,estimated,1.0,1.0,,0.0681860820104282,44.78432992520252
LIMS1,False,0,16,1,87,1.7474747474747474,True,estimated,1.0,1.0,,0.0681860820104282,44.78432992520252
LIN9,False,0,16,1,87,1.7474747474747474,True,estimated,1.0,1.0,,0.0681860820104282,44.78432992520252
LINGO1,False,0,16,1,87,1.7474747474747474,True,estimated,1.0,1.0,,0.0681860820104282,44.78432992520252
LINGO2,False,0,16,1,87,1.7474747474747474,True,estimated,1.0,1.0,,0.0681860820104282,44.78432992520252
LMAN1L,False,0,16,1,87,1.7474747474747474,True,estimated,1.0,1.0,,0.0681860820104282,44.78432992520252
LMOD1,False,0,16,1,87,1.7474747474747474,True,estimated,1.0,1.0,,0.0681860820104282,44.78432992520252
LMTK2,False,0,16,1,87,1.7474747474747474,True,estimated,1.0,1.0,,0.0681860820104282,44.78432992520252
LONRF3,False,0,16,1,87,1.7474747474747474,True,estimated,1.0,1.0,,0.0681860820104282,44.78432992520252
LPA,False,0,16,1,87,1.7474747474747474,True,estimated,1.0,1.0,,0.0681860820104282,44.78432992520252
LPAR4,False,0,16,1,87,1.7474747474747474,True,estimated,1.0,1.0,,0.0681860820104282,44.78432992520252
LPO,False,0,16,1,87,1.7474747474747474,True,estimated,1.0,1.0,,0.0681860820104282,44.78432992520252
LRBA,False,0,16,1,87,1.7474747474747474,True,estimated,1.0,1.0,,0.0681860820104282,44.78432992520252
LRCH2,False,0,16,1,87,1.7474747474747474,True,estimated,1.0,1.0,,0.0681860820104282,44.78432992520252
LRFN2,False,0,16,1,87,1.7474747474747474,True,estimated,1.0,1.0,,0.0681860820104282,44.78432992520252
LRG1,False,0,16,1,87,1.7474747474747474,True,estimated,1.0,1.0,,0.0681860820104282,44.78432992520252
LRIF1,False,0,16,1,87,1.7474747474747474,True,estimated,1.0,1.0,,0.0681860820104282,44.78432992520252
LRIG1,False,0,16,1,87,1.7474747474747474,True,estimated,1.0,1.0,,0.0681860820104282,44.78432992520252
LRIG2,False,0,16,2,87,1.0363636363636364,True,estimated,1.0,1.0,,0.0475440423553343,22.590624052318386
LRP1B,False,0,16,3,87,0.7316017316017316,True,estimated,1.0,1.0,,0.03606794664834318,14.839799418058604
LRP2,False,0,16,3,87,0.7316017316017316,True,estimated,1.0,1.0,,0.03606794664834318,14.839799418058604
LRP6,False,0,16,1,87,1.7474747474747474,True,estimated,1.0,1.0,,0.0681860820104282,44.78432992520252
LRP8,False,0,16,1,87,1.7474747474747474,True,estimated,1.0,1.0,,0.0681860820104282,44.78432992520252
LRRC15,False,0,16,1,87,1.7474747474747474,True,estimated,1.0,1.0,,0.0681860820104282,44.78432992520252
LRRC19,False,0,16,1,87,1.7474747474747474,True,estimated,1.0,1.0,,0.0681860820104282,44.78432992520252
LRRC24,False,0,16,1,87,1.7474747474747474,True,estimated,1.0,1.0,,0.0681860820104282,44.78432992520252
LRRC3,False,0,16,1,87,1.7474747474747474,True,estimated,1.0,1.0,,0.0681860820104282,44.78432992520252
LRRC37A,False,0,16,1,87,1.7474747474747474,True,estimated,1.0,1.0,,0.0681860820104282,44.78432992520252
LRRC37B,False,0,16,1,87,1.7474747474747474,True,estimated,1.0,1.0,,0.0681860820104282,44.78432992520252
LRRC3B,False,0,16,1,87,1.7474747474747474,True,estimated,1.0,1.0,,0.0681860820104282,44.78432992520252
LRRC57,False,0,16,1,87,1.7474747474747474,True,estimated,1.0,1.0,,0.0681860820104282,44.78432992520252
LRRC59,False,0,16,1,87,1.7474747474747474,True,estimated,1.0,1.0,,0.0681860820104282,44.78432992520252
LRRIQ1,False,0,16,2,87,1.0363636363636364,True,estimated,1.0,1.0,,0.0475440423553343,22.590624052318386
LRRK1,False,0,16,1,87,1.7474747474747474,True,estimated,1.0,1.0,,0.0681860820104282,44.78432992520252
LRRK2,False,0,16,1,87,1.7474747474747474,True,estimated,1.0,1.0,,0.0681860820104282,44.78432992520252
LRRTM3,False,0,16,1,87,1.7474747474747474,True,estimated,1.0,1.0,,0.0681860820104282,44.78432992520252
LRWD1,False,0,16,1,87,1.7474747474747474,True,estimated,1.0,1.0,,0.0681860820104282,44.78432992520252
LSM12,False,0,16,1,87,1.7474747474747474,True,estimated,1.0,1.0,,0.0681860820104282,44.78432992520252
LSMEM2,False,0,16,1,87,1.7474747474747474,True,estimated,1.0,1.0,,0.0681860820104282,44.78432992520252
LTA4H,False,0,16,2,87,1.0363636363636364,True,estimated,1.0,1.0,,0.0475440423553343,22.590624052318386
LTBP1,False,0,16,1,87,1.7474747474747474,True,estimated,1.0,1.0,,0.0681860820104282,44.78432992520252
LTBP2,False,0,16,1,87,1.7474747474747474,True,estimated,1.0,1.0,,0.0681860820104282,44.78432992520252
LTBP3,False,0,16,1,87,1.7474747474747474,True,estimated,1.0,1.0,,0.0681860820104282,44.78432992520252
LTBP4,False,0,16,2,87,1.0363636363636364,True,estimated,1.0,1.0,,0.0475440423553343,22.590624052318386
LTBR,False,0,16,1,87,1.7474747474747474,True,estimated,1.0,1.0,,0.0681860820104282,44.78432992520252
LUC7L2,False,0,16,1,87,1.7474747474747474,True,estimated,1.0,1.0,,0.0681860820104282,44.78432992520252
LUC7L3,False,0,16,1,87,1.7474747474747474,True,estimated,1.0,1.0,,0.0681860820104282,44.78432992520252
LVRN,False,0,16,2,87,1.0363636363636364,True,estimated,1.0,1.0,,0.0475440423553343,22.590624052318386
LY75,False,0,16,1,87,1.7474747474747474,True,estimated,1.0,1.0,,0.0681860820104282,44.78432992520252
LY9,False,0,16,1,87,1.7474747474747474,True,estimated,1.0,1.0,,0.0681860820104282,44.78432992520252
LY96,False,0,16,1,87,1.7474747474747474,True,estimated,1.0,1.0,,0.0681860820104282,44.78432992520252
LYPD3,False,0,16,1,87,1.7474747474747474,True,estimated,1.0,1.0,,0.0681860820104282,44.78432992520252
LZTR1,False,0,16,1,87,1.7474747474747474,True,estimated,1.0,1.0,,0.0681860820104282,44.78432992520252
LZTS3,False,0,16,1,87,1.7474747474747474,True,estimated,1.0,1.0,,0.0681860820104282,44.78432992520252
MACF1,False,0,16,3,87,0.7316017316017316,True,estimated,1.0,1.0,,0.03606794664834318,14.839799418058604
MACIR,False,0,16,1,87,1.7474747474747474,True,estimated,1.0,1.0,,0.0681860820104282,44.78432992520252
MACROD2,False,0,16,2,87,1.0363636363636364,True,estimated,1.0,1.0,,0.0475440423553343,22.590624052318386
MAGEA4,False,0,16,1,87,1.7474747474747474,True,estimated,1.0,1.0,,0.0681860820104282,44.78432992520252
MAGI2,False,0,16,1,87,1.7474747474747474,True,estimated,1.0,1.0,,0.0681860820104282,44.78432992520252
MAGT1,False,0,16,1,87,1.7474747474747474,True,estimated,1.0,1.0,,0.0681860820104282,44.78432992520252
MAML1,False,0,16,1,87,1.7474747474747474,True,estimated,1.0,1.0,,0.0681860820104282,44.78432992520252
MAML2,False,0,16,1,87,1.7474747474747474,True,estimated,1.0,1.0,,0.0681860820104282,44.78432992520252
MAML3,False,0,16,1,87,1.7474747474747474,True,estimated,1.0,1.0,,0.0681860820104282,44.78432992520252
MAMLD1,False,0,16,1,87,1.7474747474747474,True,estimated,1.0,1.0,,0.0681860820104282,44.78432992520252
MAN2A1,False,0,16,1,87,1.7474747474747474,True,estimated,1.0,1.0,,0.0681860820104282,44.78432992520252
MANEA,False,0,16,2,87,1.0363636363636364,True,estimated,1.0,1.0,,0.0475440423553343,22.590624052318386
MANSC1,False,0,16,1,87,1.7474747474747474,True,estimated,1.0,1.0,,0.0681860820104282,44.78432992520252
MAP10,False,0,16,1,87,1.7474747474747474,True,estimated,1.0,1.0,,0.0681860820104282,44.78432992520252
MAP1A,False,0,16,1,87,1.7474747474747474,True,estimated,1.0,1.0,,0.0681860820104282,44.78432992520252
MAP3K1,False,0,16,1,87,1.7474747474747474,True,estimated,1.0,1.0,,0.0681860820104282,44.78432992520252
MAP3K10,False,0,16,1,87,1.7474747474747474,True,estimated,1.0,1.0,,0.0681860820104282,44.78432992520252
MAP3K11,False,0,16,2,87,1.0363636363636364,True,estimated,1.0,1.0,,0.0475440423553343,22.590624052318386
MAP3K13,False,0,16,1,87,1.7474747474747474,True,estimated,1.0,1.0,,0.0681860820104282,44.78432992520252
MAP3K15,False,0,16,1,87,1.7474747474747474,True,estimated,1.0,1.0,,0.0681860820104282,44.78432992520252
MAP3K2,False,0,16,1,87,1.7474747474747474,True,estimated,1.0,1.0,,0.0681860820104282,44.78432992520252
MAP3K4,False,0,16,1,87,1.7474747474747474,True,estimated,1.0,1.0,,0.0681860820104282,44.78432992520252
MAP3K6,False,0,16,2,87,1.0363636363636364,True,estimated,1.0,1.0,,0.0475440423553343,22.590624052318386
MAP4K3,False,0,16,1,87,1.7474747474747474,True,estimated,1.0,1.0,,0.0681860820104282,44.78432992520252
MAP9,False,0,16,1,87,1.7474747474747474,True,estimated,1.0,1.0,,0.0681860820104282,44.78432992520252
MAPK12,False,0,16,1,87,1.7474747474747474,True,estimated,1.0,1.0,,0.0681860820104282,44.78432992520252
MAPK14,False,0,16,1,87,1.7474747474747474,True,estimated,1.0,1.0,,0.0681860820104282,44.78432992520252
MAPK15,False,0,16,1,87,1.7474747474747474,True,estimated,1.0,1.0,,0.0681860820104282,44.78432992520252
MAPK4,False,0,16,1,87,1.7474747474747474,True,estimated,1.0,1.0,,0.0681860820104282,44.78432992520252
MAPK6,False,0,16,1,87,1.7474747474747474,True,estimated,1.0,1.0,,0.0681860820104282,44.78432992520252
MAPK8,False,0,16,1,87,1.7474747474747474,True,estimated,1.0,1.0,,0.0681860820104282,44.78432992520252
MAPK8IP1,False,0,16,1,87,1.7474747474747474,True,estimated,1.0,1.0,,0.0681860820104282,44.78432992520252
MAPKAPK2,False,0,16,1,87,1.7474747474747474,True,estimated,1.0,1.0,,0.0681860820104282,44.78432992520252
MAPT,False,0,16,2,87,1.0363636363636364,True,estimated,1.0,1.0,,0.0475440423553343,22.590624052318386
MARF1,False,0,16,3,87,0.7316017316017316,True,estimated,1.0,1.0,,0.03606794664834318,14.839799418058604
MARK1,False,0,16,1,87,1.7474747474747474,True,estimated,1.0,1.0,,0.0681860820104282,44.78432992520252
MARK3,False,0,16,1,87,1.7474747474747474,True,estimated,1.0,1.0,,0.0681860820104282,44.78432992520252
MARK4,False,0,16,1,87,1.7474747474747474,True,estimated,1.0,1.0,,0.0681860820104282,44.78432992520252
MAS1,False,0,16,1,87,1.7474747474747474,True,estimated,1.0,1.0,,0.0681860820104282,44.78432992520252
MAST2,False,0,16,2,87,1.0363636363636364,True,estimated,1.0,1.0,,0.0475440423553343,22.590624052318386
MAST3,False,0,16,1,87,1.7474747474747474,True,estimated,1.0,1.0,,0.0681860820104282,44.78432992520252
MAU2,False,0,16,1,87,1.7474747474747474,True,estimated,1.0,1.0,,0.0681860820104282,44.78432992520252
MAX,False,0,16,1,87,1.7474747474747474,True,estimated,1.0,1.0,,0.0681860820104282,44.78432992520252
MBD4,False,0,16,1,87,1.7474747474747474,True,estimated,1.0,1.0,,0.0681860820104282,44.78432992520252
MBNL1,False,0,16,1,87,1.7474747474747474,True,estimated,1.0,1.0,,0.0681860820104282,44.78432992520252
MC3R,False,0,16,1,87,1.7474747474747474,True,estimated,1.0,1.0,,0.0681860820104282,44.78432992520252
MC4R,False,0,16,1,87,1.7474747474747474,True,estimated,1.0,1.0,,0.0681860820104282,44.78432992520252
MCEE,False,0,16,1,87,1.7474747474747474,True,estimated,1.0,1.0,,0.0681860820104282,44.78432992520252
MCHR2,False,0,16,1,87,1.7474747474747474,True,estimated,1.0,1.0,,0.0681860820104282,44.78432992520252
MCM5,False,0,16,1,87,1.7474747474747474,True,estimated,1.0,1.0,,0.0681860820104282,44.78432992520252
MCM7,False,0,16,1,87,1.7474747474747474,True,estimated,1.0,1.0,,0.0681860820104282,44.78432992520252
MCPH1,False,0,16,1,87,1.7474747474747474,True,estimated,1.0,1.0,,0.0681860820104282,44.78432992520252
MCTP1,False,0,16,1,87,1.7474747474747474,True,estimated,1.0,1.0,,0.0681860820104282,44.78432992520252
MCTP2,False,0,16,1,87,1.7474747474747474,True,estimated,1.0,1.0,,0.0681860820104282,44.78432992520252
MDN1,False,0,16,1,87,1.7474747474747474,True,estimated,1.0,1.0,,0.0681860820104282,44.78432992520252
MECOM,False,0,16,1,87,1.7474747474747474,True,estimated,1.0,1.0,,0.0681860820104282,44.78432992520252
MECP2,False,0,16,1,87,1.7474747474747474,True,estimated,1.0,1.0,,0.0681860820104282,44.78432992520252
MED13,False,0,16,1,87,1.7474747474747474,True,estimated,1.0,1.0,,0.0681860820104282,44.78432992520252
MED18,False,0,16,1,87,1.7474747474747474,True,estimated,1.0,1.0,,0.0681860820104282,44.78432992520252
MED30,False,0,16,1,87,1.7474747474747474,True,estimated,1.0,1.0,,0.0681860820104282,44.78432992520252
MED7,False,0,16,1,87,1.7474747474747474,True,estimated,1.0,1.0,,0.0681860820104282,44.78432992520252
MEF2D,False,0,16,1,87,1.7474747474747474,True,estimated,1.0,1.0,,0.0681860820104282,44.78432992520252
MEGF6,False,0,16,1,87,1.7474747474747474,True,estimated,1.0,1.0,,0.0681860820104282,44.78432992520252
MEGF8,False,0,16,2,87,1.0363636363636364,True,estimated,1.0,1.0,,0.0475440423553343,22.590624052318386
MEGF9,False,0,16,1,87,1.7474747474747474,True,estimated,1.0,1.0,,0.0681860820104282,44.78432992520252
MEIOC,False,0,16,1,87,1.7474747474747474,True,estimated,1.0,1.0,,0.0681860820104282,44.78432992520252
MEIS1,False,0,16,1,87,1.7474747474747474,True,estimated,1.0,1.0,,0.0681860820104282,44.78432992520252
MEMO1,False,0,16,2,87,1.0363636363636364,True,estimated,1.0,1.0,,0.0475440423553343,22.590624052318386
MEP1B,False,0,16,1,87,1.7474747474747474,True,estimated,1.0,1.0,,0.0681860820104282,44.78432992520252
MERTK,False,0,16,2,87,1.0363636363636364,True,estimated,1.0,1.0,,0.0475440423553343,22.590624052318386
METTL4,False,0,16,1,87,1.7474747474747474,True,estimated,1.0,1.0,,0.0681860820104282,44.78432992520252
METTL9,False,0,16,1,87,1.7474747474747474,True,estimated,1.0,1.0,,0.0681860820104282,44.78432992520252
MFAP2,False,0,16,1,87,1.7474747474747474,True,estimated,1.0,1.0,,0.0681860820104282,44.78432992520252
MFAP4,False,0,16,1,87,1.7474747474747474,True,estimated,1.0,1.0,,0.0681860820104282,44.78432992520252
MFHAS1,False,0,16,1,87,1.7474747474747474,True,estimated,1.0,1.0,,0.0681860820104282,44.78432992520252
MFSD6L,False,0,16,1,87,1.7474747474747474,True,estimated,1.0,1.0,,0.0681860820104282,44.78432992520252
MFSD8,False,0,16,1,87,1.7474747474747474,True,estimated,1.0,1.0,,0.0681860820104282,44.78432992520252
MGA,False,0,16,3,87,0.7316017316017316,True,estimated,1.0,1.0,,0.03606794664834318,14.839799418058604
MGAM,False,0,16,2,87,1.0363636363636364,True,estimated,1.0,1.0,,0.0475440423553343,22.590624052318386
MGARP,False,0,16,1,87,1.7474747474747474,True,estimated,1.0,1.0,,0.0681860820104282,44.78432992520252
MGAT4A,False,0,16,1,87,1.7474747474747474,True,estimated,1.0,1.0,,0.0681860820104282,44.78432992520252
MGAT5,False,0,16,1,87,1.7474747474747474,True,estimated,1.0,1.0,,0.0681860820104282,44.78432992520252
MIA2,False,0,16,1,87,1.7474747474747474,True,estimated,1.0,1.0,,0.0681860820104282,44.78432992520252
MICAL1,False,0,16,1,87,1.7474747474747474,True,estimated,1.0,1.0,,0.0681860820104282,44.78432992520252
MICAL2,False,0,16,2,87,1.0363636363636364,True,estimated,1.0,1.0,,0.0475440423553343,22.590624052318386
MICALL2,False,0,16,1,87,1.7474747474747474,True,estimated,1.0,1.0,,0.0681860820104282,44.78432992520252
MICB,False,0,16,1,87,1.7474747474747474,True,estimated,1.0,1.0,,0.0681860820104282,44.78432992520252
MICU1,False,0,16,1,87,1.7474747474747474,True,estimated,1.0,1.0,,0.0681860820104282,44.78432992520252
MIDEAS,False,0,16,1,87,1.7474747474747474,True,estimated,1.0,1.0,,0.0681860820104282,44.78432992520252
MIGA1,False,0,16,1,87,1.7474747474747474,True,estimated,1.0,1.0,,0.0681860820104282,44.78432992520252
MINDY3,False,0,16,1,87,1.7474747474747474,True,estimated,1.0,1.0,,0.0681860820104282,44.78432992520252
MIS18A,False,0,16,1,87,1.7474747474747474,True,estimated,1.0,1.0,,0.0681860820104282,44.78432992520252
MKI67,False,0,16,4,87,0.5622895622895623,True,estimated,1.0,1.0,,0.028872485452665183,10.950548485967024
MKKS,False,0,16,1,87,1.7474747474747474,True,estimated,1.0,1.0,,0.0681860820104282,44.78432992520252
MKNK2,False,0,16,1,87,1.7474747474747474,True,estimated,1.0,1.0,,0.0681860820104282,44.78432992520252
MKRN3,False,0,16,1,87,1.7474747474747474,True,estimated,1.0,1.0,,0.0681860820104282,44.78432992520252
MKS1,False,0,16,1,87,1.7474747474747474,True,estimated,1.0,1.0,,0.0681860820104282,44.78432992520252
MLEC,False,0,16,1,87,1.7474747474747474,True,estimated,1.0,1.0,,0.0681860820104282,44.78432992520252
MLIP,False,0,16,1,87,1.7474747474747474,True,estimated,1.0,1.0,,0.0681860820104282,44.78432992520252
MMAB,False,0,16,1,87,1.7474747474747474,True,estimated,1.0,1.0,,0.0681860820104282,44.78432992520252
MMGT1,False,0,16,1,87,1.7474747474747474,True,estimated,1.0,1.0,,0.0681860820104282,44.78432992520252
MMP20,False,0,16,1,87,1.7474747474747474,True,estimated,1.0,1.0,,0.0681860820104282,44.78432992520252
MMP21,False,0,16,1,87,1.7474747474747474,True,estimated,1.0,1.0,,0.0681860820104282,44.78432992520252
MMP25,False,0,16,1,87,1.7474747474747474,True,estimated,1.0,1.0,,0.0681860820104282,44.78432992520252
MMUT,False,0,16,1,87,1.7474747474747474,True,estimated,1.0,1.0,,0.0681860820104282,44.78432992520252
MN1,False,0,16,1,87,1.7474747474747474,True,estimated,1.0,1.0,,0.0681860820104282,44.78432992520252
MOB2,False,0,16,1,87,1.7474747474747474,True,estimated,1.0,1.0,,0.0681860820104282,44.78432992520252
MON2,False,0,16,1,87,1.7474747474747474,True,estimated,1.0,1.0,,0.0681860820104282,44.78432992520252
MORC3,False,0,16,1,87,1.7474747474747474,True,estimated,1.0,1.0,,0.0681860820104282,44.78432992520252
MORC4,False,0,16,2,87,1.0363636363636364,True,estimated,1.0,1.0,,0.0475440423553343,22.590624052318386
MORF4L1,False,0,16,1,87,1.7474747474747474,True,estimated,1.0,1.0,,0.0681860820104282,44.78432992520252
MOSPD3,False,0,16,1,87,1.7474747474747474,True,estimated,1.0,1.0,,0.0681860820104282,44.78432992520252
MOV10L1,False,0,16,1,87,1.7474747474747474,True,estimated,1.0,1.0,,0.0681860820104282,44.78432992520252
MPC2,False,0,16,1,87,1.7474747474747474,True,estimated,1.0,1.0,,0.0681860820104282,44.78432992520252
MPDZ,False,0,16,1,87,1.7474747474747474,True,estimated,1.0,1.0,,0.0681860820104282,44.78432992520252
MPST,False,0,16,1,87,1.7474747474747474,True,estimated,1.0,1.0,,0.0681860820104282,44.78432992520252
MPV17L,False,0,16,1,87,1.7474747474747474,True,estimated,1.0,1.0,,0.0681860820104282,44.78432992520252
MRGPRX4,False,0,16,1,87,1.7474747474747474,True,estimated,1.0,1.0,,0.0681860820104282,44.78432992520252
MRPL14,False,0,16,1,87,1.7474747474747474,True,estimated,1.0,1.0,,0.0681860820104282,44.78432992520252
MRPL22,False,0,16,1,87,1.7474747474747474,True,estimated,1.0,1.0,,0.0681860820104282,44.78432992520252
MRPL32,False,0,16,1,87,1.7474747474747474,True,estimated,1.0,1.0,,0.0681860820104282,44.78432992520252
MRPS15,False,0,16,1,87,1.7474747474747474,True,estimated,1.0,1.0,,0.0681860820104282,44.78432992520252
MS4A10,False,0,16,1,87,1.7474747474747474,True,estimated,1.0,1.0,,0.0681860820104282,44.78432992520252
MS4A12,False,0,16,1,87,1.7474747474747474,True,estimated,1.0,1.0,,0.0681860820104282,44.78432992520252
MS4A14,False,0,16,1,87,1.7474747474747474,True,estimated,1.0,1.0,,0.0681860820104282,44.78432992520252
MS4A6E,False,0,16,1,87,1.7474747474747474,True,estimated,1.0,1.0,,0.0681860820104282,44.78432992520252
MSH4,False,0,16,1,87,1.7474747474747474,True,estimated,1.0,1.0,,0.0681860820104282,44.78432992520252
MSH6,False,0,16,1,87,1.7474747474747474,True,estimated,1.0,1.0,,0.0681860820104282,44.78432992520252
MSL3,False,0,16,1,87,1.7474747474747474,True,estimated,1.0,1.0,,0.0681860820104282,44.78432992520252
MSLN,False,0,16,1,87,1.7474747474747474,True,estimated,1.0,1.0,,0.0681860820104282,44.78432992520252
MSLNL,False,0,16,1,87,1.7474747474747474,True,estimated,1.0,1.0,,0.0681860820104282,44.78432992520252
MSR1,False,0,16,1,87,1.7474747474747474,True,estimated,1.0,1.0,,0.0681860820104282,44.78432992520252
MSRB1,False,0,16,1,87,1.7474747474747474,True,estimated,1.0,1.0,,0.0681860820104282,44.78432992520252
MT1G,False,0,16,1,87,1.7474747474747474,True,estimated,1.0,1.0,,0.0681860820104282,44.78432992520252
MT1H,False,0,16,1,87,1.7474747474747474,True,estimated,1.0,1.0,,0.0681860820104282,44.78432992520252
MTA2,False,0,16,1,87,1.7474747474747474,True,estimated,1.0,1.0,,0.0681860820104282,44.78432992520252
MTA3,False,0,16,1,87,1.7474747474747474,True,estimated,1.0,1.0,,0.0681860820104282,44.78432992520252
MTAP,False,0,16,2,87,1.0363636363636364,True,estimated,1.0,1.0,,0.0475440423553343,22.590624052318386
MTDH,False,0,16,1,87,1.7474747474747474,True,estimated,1.0,1.0,,0.0681860820104282,44.78432992520252
MTERF1,False,0,16,1,87,1.7474747474747474,True,estimated,1.0,1.0,,0.0681860820104282,44.78432992520252
MTERF3,False,0,16,1,87,1.7474747474747474,True,estimated,1.0,1.0,,0.0681860820104282,44.78432992520252
MTHFD1,False,0,16,1,87,1.7474747474747474,True,estimated,1.0,1.0,,0.0681860820104282,44.78432992520252
MTMR10,False,0,16,1,87,1.7474747474747474,True,estimated,1.0,1.0,,0.0681860820104282,44.78432992520252
MTMR11,False,0,16,1,87,1.7474747474747474,True,estimated,1.0,1.0,,0.0681860820104282,44.78432992520252
MTMR4,False,0,16,1,87,1.7474747474747474,True,estimated,1.0,1.0,,0.0681860820104282,44.78432992520252
MTSS1,False,0,16,1,87,1.7474747474747474,True,estimated,1.0,1.0,,0.0681860820104282,44.78432992520252
MUC2,False,0,16,1,87,1.7474747474747474,True,estimated,1.0,1.0,,0.0681860820104282,44.78432992520252
MUC21,False,0,16,1,87,1.7474747474747474,True,estimated,1.0,1.0,,0.0681860820104282,44.78432992520252
MUC5B,False,0,16,2,87,1.0363636363636364,True,estimated,1.0,1.0,,0.0475440423553343,22.590624052318386
MUSK,False,0,16,1,87,1.7474747474747474,True,estimated,1.0,1.0,,0.0681860820104282,44.78432992520252
MXRA8,False,0,16,1,87,1.7474747474747474,True,estimated,1.0,1.0,,0.0681860820104282,44.78432992520252
MYBBP1A,False,0,16,1,87,1.7474747474747474,True,estimated,1.0,1.0,,0.0681860820104282,44.78432992520252
MYBL2,False,0,16,2,87,1.0363636363636364,True,estimated,1.0,1.0,,0.0475440423553343,22.590624052318386
MYBPC1,False,0,16,1,87,1.7474747474747474,True,estimated,1.0,1.0,,0.0681860820104282,44.78432992520252
MYCBP2,False,0,16,2,87,1.0363636363636364,True,estimated,1.0,1.0,,0.0475440423553343,22.590624052318386
MYH1,False,0,16,1,87,1.7474747474747474,True,estimated,1.0,1.0,,0.0681860820104282,44.78432992520252
MYH14,False,0,16,1,87,1.7474747474747474,True,estimated,1.0,1.0,,0.0681860820104282,44.78432992520252
MYH7,False,0,16,3,87,0.7316017316017316,True,estimated,1.0,1.0,,0.03606794664834318,14.839799418058604
MYH7B,False,0,16,2,87,1.0363636363636364,True,estimated,1.0,1.0,,0.0475440423553343,22.590624052318386
MYLK,False,0,16,4,87,0.5622895622895623,True,estimated,1.0,1.0,,0.028872485452665183,10.950548485967024
MYLK2,False,0,16,1,87,1.7474747474747474,True,estimated,1.0,1.0,,0.0681860820104282,44.78432992520252
MYNN,False,0,16,1,87,1.7474747474747474,True,estimated,1.0,1.0,,0.0681860820104282,44.78432992520252
MYO15A,False,0,16,1,87,1.7474747474747474,True,estimated,1.0,1.0,,0.0681860820104282,44.78432992520252
MYO16,False,0,16,1,87,1.7474747474747474,True,estimated,1.0,1.0,,0.0681860820104282,44.78432992520252
MYO18A,False,0,16,1,87,1.7474747474747474,True,estimated,1.0,1.0,,0.0681860820104282,44.78432992520252
MYO18B,False,0,16,1,87,1.7474747474747474,True,estimated,1.0,1.0,,0.0681860820104282,44.78432992520252
MYO1B,False,0,16,1,87,1.7474747474747474,True,estimated,1.0,1.0,,0.0681860820104282,44.78432992520252
MYO1C,False,0,16,1,87,1.7474747474747474,True,estimated,1.0,1.0,,0.0681860820104282,44.78432992520252
MYO1E,False,0,16,2,87,1.0363636363636364,True,estimated,1.0,1.0,,0.0475440423553343,22.590624052318386
MYO1F,False,0,16,1,87,1.7474747474747474,True,estimated,1.0,1.0,,0.0681860820104282,44.78432992520252
MYO3A,False,0,16,1,87,1.7474747474747474,True,estimated,1.0,1.0,,0.0681860820104282,44.78432992520252
MYO3B,False,0,16,1,87,1.7474747474747474,True,estimated,1.0,1.0,,0.0681860820104282,44.78432992520252
MYO6,False,0,16,2,87,1.0363636363636364,True,estimated,1.0,1.0,,0.0475440423553343,22.590624052318386
MYO7A,False,0,16,1,87,1.7474747474747474,True,estimated,1.0,1.0,,0.0681860820104282,44.78432992520252
MYOC,False,0,16,1,87,1.7474747474747474,True,estimated,1.0,1.0,,0.0681860820104282,44.78432992520252
MYOM1,False,0,16,2,87,1.0363636363636364,True,estimated,1.0,1.0,,0.0475440423553343,22.590624052318386
MYOM3,False,0,16,2,87,1.0363636363636364,True,estimated,1.0,1.0,,0.0475440423553343,22.590624052318386
MYRF,False,0,16,1,87,1.7474747474747474,True,estimated,1.0,1.0,,0.0681860820104282,44.78432992520252
MYSM1,False,0,16,1,87,1.7474747474747474,True,estimated,1.0,1.0,,0.0681860820104282,44.78432992520252
MZF1,False,0,16,1,87,1.7474747474747474,True,estimated,1.0,1.0,,0.0681860820104282,44.78432992520252
N4BP1,False,0,16,1,87,1.7474747474747474,True,estimated,1.0,1.0,,0.0681860820104282,44.78432992520252
N4BP2L2,False,0,16,2,87,1.0363636363636364,True,estimated,1.0,1.0,,0.0475440423553343,22.590624052318386
N6AMT1,False,0,16,1,87,1.7474747474747474,True,estimated,1.0,1.0,,0.0681860820104282,44.78432992520252
NAA10,False,0,16,1,87,1.7474747474747474,True,estimated,1.0,1.0,,0.0681860820104282,44.78432992520252
NAA40,False,0,16,1,87,1.7474747474747474,True,estimated,1.0,1.0,,0.0681860820104282,44.78432992520252
NAALAD2,False,0,16,1,87,1.7474747474747474,True,estimated,1.0,1.0,,0.0681860820104282,44.78432992520252
NAGK,False,0,16,1,87,1.7474747474747474,True,estimated,1.0,1.0,,0.0681860820104282,44.78432992520252
NALCN,False,0,16,2,87,1.0363636363636364,True,estimated,1.0,1.0,,0.0475440423553343,22.590624052318386
NAMPT,False,0,16,1,87,1.7474747474747474,True,estimated,1.0,1.0,,0.0681860820104282,44.78432992520252
NANS,False,0,16,1,87,1.7474747474747474,True,estimated,1.0,1.0,,0.0681860820104282,44.78432992520252
NARF,False,0,16,1,87,1.7474747474747474,True,estimated,1.0,1.0,,0.0681860820104282,44.78432992520252
NAT9,False,0,16,1,87,1.7474747474747474,True,estimated,1.0,1.0,,0.0681860820104282,44.78432992520252
NATD1,False,0,16,1,87,1.7474747474747474,True,estimated,1.0,1.0,,0.0681860820104282,44.78432992520252
NAV1,False,0,16,2,87,1.0363636363636364,True,estimated,1.0,1.0,,0.0475440423553343,22.590624052318386
NAV3,False,0,16,3,87,0.7316017316017316,True,estimated,1.0,1.0,,0.03606794664834318,14.839799418058604
NBEAL1,False,0,16,1,87,1.7474747474747474,True,estimated,1.0,1.0,,0.0681860820104282,44.78432992520252
NBPF11,False,0,16,1,87,1.7474747474747474,True,estimated,1.0,1.0,,0.0681860820104282,44.78432992520252
NBPF15,False,0,16,2,87,1.0363636363636364,True,estimated,1.0,1.0,,0.0475440423553343,22.590624052318386
NBR1,False,0,16,2,87,1.0363636363636364,True,estimated,1.0,1.0,,0.0475440423553343,22.590624052318386
NCAM2,False,0,16,1,87,1.7474747474747474,True,estimated,1.0,1.0,,0.0681860820104282,44.78432992520252
NCAN,False,0,16,1,87,1.7474747474747474,True,estimated,1.0,1.0,,0.0681860820104282,44.78432992520252
NCAPD3,False,0,16,1,87,1.7474747474747474,True,estimated,1.0,1.0,,0.0681860820104282,44.78432992520252
NCAPH2,False,0,16,1,87,1.7474747474747474,True,estimated,1.0,1.0,,0.0681860820104282,44.78432992520252
NCDN,False,0,16,1,87,1.7474747474747474,True,estimated,1.0,1.0,,0.0681860820104282,44.78432992520252
NCEH1,False,0,16,1,87,1.7474747474747474,True,estimated,1.0,1.0,,0.0681860820104282,44.78432992520252
NCF2,False,0,16,1,87,1.7474747474747474,True,estimated,1.0,1.0,,0.0681860820104282,44.78432992520252
NCL,False,0,16,3,87,0.7316017316017316,True,estimated,1.0,1.0,,0.03606794664834318,14.839799418058604
NCOA3,False,0,16,1,87,1.7474747474747474,True,estimated,1.0,1.0,,0.0681860820104282,44.78432992520252
NCOA4,False,0,16,3,87,0.7316017316017316,True,estimated,1.0,1.0,,0.03606794664834318,14.839799418058604
NCOA6,False,0,16,1,87,1.7474747474747474,True,estimated,1.0,1.0,,0.0681860820104282,44.78432992520252
NDE1,False,0,16,1,87,1.7474747474747474,True,estimated,1.0,1.0,,0.0681860820104282,44.78432992520252
NDST1,False,0,16,1,87,1.7474747474747474,True,estimated,1.0,1.0,,0.0681860820104282,44.78432992520252
NDST4,False,0,16,3,87,0.7316017316017316,True,estimated,1.0,1.0,,0.03606794664834318,14.839799418058604
NDUFA10,False,0,16,1,87,1.7474747474747474,True,estimated,1.0,1.0,,0.0681860820104282,44.78432992520252
NDUFAF2,False,0,16,1,87,1.7474747474747474,True,estimated,1.0,1.0,,0.0681860820104282,44.78432992520252
NDUFAF3,False,0,16,1,87,1.7474747474747474,True,estimated,1.0,1.0,,0.0681860820104282,44.78432992520252
NDUFC1,False,0,16,1,87,1.7474747474747474,True,estimated,1.0,1.0,,0.0681860820104282,44.78432992520252
NEB,False,0,16,1,87,1.7474747474747474,True,estimated,1.0,1.0,,0.0681860820104282,44.78432992520252
NEBL,False,0,16,1,87,1.7474747474747474,True,estimated,1.0,1.0,,0.0681860820104282,44.78432992520252
NEDD1,False,0,16,1,87,1.7474747474747474,True,estimated,1.0,1.0,,0.0681860820104282,44.78432992520252
NEDD9,False,0,16,1,87,1.7474747474747474,True,estimated,1.0,1.0,,0.0681860820104282,44.78432992520252
NEFH,False,0,16,1,87,1.7474747474747474,True,estimated,1.0,1.0,,0.0681860820104282,44.78432992520252
NEK11,False,0,16,1,87,1.7474747474747474,True,estimated,1.0,1.0,,0.0681860820104282,44.78432992520252
NEK3,False,0,16,1,87,1.7474747474747474,True,estimated,1.0,1.0,,0.0681860820104282,44.78432992520252
NELFCD,False,0,16,1,87,1.7474747474747474,True,estimated,1.0,1.0,,0.0681860820104282,44.78432992520252
NEO1,False,0,16,1,87,1.7474747474747474,True,estimated,1.0,1.0,,0.0681860820104282,44.78432992520252
NEU1,False,0,16,1,87,1.7474747474747474,True,estimated,1.0,1.0,,0.0681860820104282,44.78432992520252
NEURL4,False,0,16,1,87,1.7474747474747474,True,estimated,1.0,1.0,,0.0681860820104282,44.78432992520252
NEXMIF,False,0,16,2,87,1.0363636363636364,True,estimated,1.0,1.0,,0.0475440423553343,22.590624052318386
NF1,False,0,16,1,87,1.7474747474747474,True,estimated,1.0,1.0,,0.0681860820104282,44.78432992520252
NF2,False,0,16,2,87,1.0363636363636364,True,estimated,1.0,1.0,,0.0475440423553343,22.590624052318386
NFASC,False,0,16,1,87,1.7474747474747474,True,estimated,1.0,1.0,,0.0681860820104282,44.78432992520252
NFAT5,False,0,16,1,87,1.7474747474747474,True,estimated,1.0,1.0,,0.0681860820104282,44.78432992520252
NFATC2,False,0,16,1,87,1.7474747474747474,True,estimated,1.0,1.0,,0.0681860820104282,44.78432992520252
NFATC3,False,0,16,1,87,1.7474747474747474,True,estimated,1.0,1.0,,0.0681860820104282,44.78432992520252
NFE2L1,False,0,16,1,87,1.7474747474747474,True,estimated,1.0,1.0,,0.0681860820104282,44.78432992520252
NFE2L3,False,0,16,1,87,1.7474747474747474,True,estimated,1.0,1.0,,0.0681860820104282,44.78432992520252
NGB,False,0,16,1,87,1.7474747474747474,True,estimated,1.0,1.0,,0.0681860820104282,44.78432992520252
NGLY1,False,0,16,1,87,1.7474747474747474,True,estimated,1.0,1.0,,0.0681860820104282,44.78432992520252
NGRN,False,0,16,1,87,1.7474747474747474,True,estimated,1.0,1.0,,0.0681860820104282,44.78432992520252
NHLRC2,False,0,16,1,87,1.7474747474747474,True,estimated,1.0,1.0,,0.0681860820104282,44.78432992520252
NHS,False,0,16,1,87,1.7474747474747474,True,estimated,1.0,1.0,,0.0681860820104282,44.78432992520252
NID1,False,0,16,1,87,1.7474747474747474,True,estimated,1.0,1.0,,0.0681860820104282,44.78432992520252
NID2,False,0,16,1,87,1.7474747474747474,True,estimated,1.0,1.0,,0.0681860820104282,44.78432992520252
NIPAL3,False,0,16,1,87,1.7474747474747474,True,estimated,1.0,1.0,,0.0681860820104282,44.78432992520252
NIPAL4,False,0,16,1,87,1.7474747474747474,True,estimated,1.0,1.0,,0.0681860820104282,44.78432992520252
NIPBL,False,0,16,3,87,0.7316017316017316,True,estimated,1.0,1.0,,0.03606794664834318,14.839799418058604
NIPSNAP3B,False,0,16,1,87,1.7474747474747474,True,estimated,1.0,1.0,,0.0681860820104282,44.78432992520252
NISCH,False,0,16,1,87,1.7474747474747474,True,estimated,1.0,1.0,,0.0681860820104282,44.78432992520252
NIT2,False,0,16,2,87,1.0363636363636364,True,estimated,1.0,1.0,,0.0475440423553343,22.590624052318386
NKAPL,False,0,16,1,87,1.7474747474747474,True,estimated,1.0,1.0,,0.0681860820104282,44.78432992520252
NKRF,False,0,16,1,87,1.7474747474747474,True,estimated,1.0,1.0,,0.0681860820104282,44.78432992520252
NLGN1,False,0,16,1,87,1.7474747474747474,True,estimated,1.0,1.0,,0.0681860820104282,44.78432992520252
NLRC4,False,0,16,1,87,1.7474747474747474,True,estimated,1.0,1.0,,0.0681860820104282,44.78432992520252
NLRC5,False,0,16,1,87,1.7474747474747474,True,estimated,1.0,1.0,,0.0681860820104282,44.78432992520252
NLRP4,False,0,16,1,87,1.7474747474747474,True,estimated,1.0,1.0,,0.0681860820104282,44.78432992520252
NLRX1,False,0,16,1,87,1.7474747474747474,True,estimated,1.0,1.0,,0.0681860820104282,44.78432992520252
NMD3,False,0,16,1,87,1.7474747474747474,True,estimated,1.0,1.0,,0.0681860820104282,44.78432992520252
NMNAT3,False,0,16,1,87,1.7474747474747474,True,estimated,1.0,1.0,,0.0681860820104282,44.78432992520252
NMT2,False,0,16,2,87,1.0363636363636364,True,estimated,1.0,1.0,,0.0475440423553343,22.590624052318386
NNT,False,0,16,2,87,1.0363636363636364,True,estimated,1.0,1.0,,0.0475440423553343,22.590624052318386
NOD2,False,0,16,1,87,1.7474747474747474,True,estimated,1.0,1.0,,0.0681860820104282,44.78432992520252
NOL11,False,0,16,1,87,1.7474747474747474,True,estimated,1.0,1.0,,0.0681860820104282,44.78432992520252
NONO,False,0,16,1,87,1.7474747474747474,True,estimated,1.0,1.0,,0.0681860820104282,44.78432992520252
NOP2,False,0,16,1,87,1.7474747474747474,True,estimated,1.0,1.0,,0.0681860820104282,44.78432992520252
NOS1,False,0,16,1,87,1.7474747474747474,True,estimated,1.0,1.0,,0.0681860820104282,44.78432992520252
NOS1AP,False,0,16,2,87,1.0363636363636364,True,estimated,1.0,1.0,,0.0475440423553343,22.590624052318386
NOS2,False,0,16,2,87,1.0363636363636364,True,estimated,1.0,1.0,,0.0475440423553343,22.590624052318386
NOTCH2,False,0,16,1,87,1.7474747474747474,True,estimated,1.0,1.0,,0.0681860820104282,44.78432992520252
NOTCH3,False,0,16,1,87,1.7474747474747474,True,estimated,1.0,1.0,,0.0681860820104282,44.78432992520252
NOTCH4,False,0,16,1,87,1.7474747474747474,True,estimated,1.0,1.0,,0.0681860820104282,44.78432992520252
NOX1,False,0,16,2,87,1.0363636363636364,True,estimated,1.0,1.0,,0.0475440423553343,22.590624052318386
NOX4,False,0,16,1,87,1.7474747474747474,True,estimated,1.0,1.0,,0.0681860820104282,44.78432992520252
NPAS4,False,0,16,1,87,1.7474747474747474,True,estimated,1.0,1.0,,0.0681860820104282,44.78432992520252
NPAT,False,0,16,1,87,1.7474747474747474,True,estimated,1.0,1.0,,0.0681860820104282,44.78432992520252
NPEPPS,False,0,16,1,87,1.7474747474747474,True,estimated,1.0,1.0,,0.0681860820104282,44.78432992520252
NPFFR2,False,0,16,2,87,1.0363636363636364,True,estimated,1.0,1.0,,0.0475440423553343,22.590624052318386
NPHP3,False,0,16,1,87,1.7474747474747474,True,estimated,1.0,1.0,,0.0681860820104282,44.78432992520252
NPHP4,False,0,16,2,87,1.0363636363636364,True,estimated,1.0,1.0,,0.0475440423553343,22.590624052318386
NPNT,False,0,16,1,87,1.7474747474747474,True,estimated,1.0,1.0,,0.0681860820104282,44.78432992520252
NPPA,False,0,16,1,87,1.7474747474747474,True,estimated,1.0,1.0,,0.0681860820104282,44.78432992520252
NPR1,False,0,16,1,87,1.7474747474747474,True,estimated,1.0,1.0,,0.0681860820104282,44.78432992520252
NPR2,False,0,16,1,87,1.7474747474747474,True,estimated,1.0,1.0,,0.0681860820104282,44.78432992520252
NPTX1,False,0,16,1,87,1.7474747474747474,True,estimated,1.0,1.0,,0.0681860820104282,44.78432992520252
NR1D2,False,0,16,1,87,1.7474747474747474,True,estimated,1.0,1.0,,0.0681860820104282,44.78432992520252
NR1I3,False,0,16,1,87,1.7474747474747474,True,estimated,1.0,1.0,,0.0681860820104282,44.78432992520252
NR4A3,False,0,16,1,87,1.7474747474747474,True,estimated,1.0,1.0,,0.0681860820104282,44.78432992520252
NRBF2,False,0,16,1,87,1.7474747474747474,True,estimated,1.0,1.0,,0.0681860820104282,44.78432992520252
NRBP2,False,0,16,1,87,1.7474747474747474,True,estimated,1.0,1.0,,0.0681860820104282,44.78432992520252
NRG3,False,0,16,1,87,1.7474747474747474,True,estimated,1.0,1.0,,0.0681860820104282,44.78432992520252
NRIP1,False,0,16,1,87,1.7474747474747474,True,estimated,1.0,1.0,,0.0681860820104282,44.78432992520252
NRP1,False,0,16,1,87,1.7474747474747474,True,estimated,1.0,1.0,,0.0681860820104282,44.78432992520252
NRROS,False,0,16,1,87,1.7474747474747474,True,estimated,1.0,1.0,,0.0681860820104282,44.78432992520252
NRXN2,False,0,16,1,87,1.7474747474747474,True,estimated,1.0,1.0,,0.0681860820104282,44.78432992520252
NRXN3,False,0,16,1,87,1.7474747474747474,True,estimated,1.0,1.0,,0.0681860820104282,44.78432992520252
NSD3,False,0,16,2,87,1.0363636363636364,True,estimated,1.0,1.0,,0.0475440423553343,22.590624052318386
NSG1,False,0,16,1,87,1.7474747474747474,True,estimated,1.0,1.0,,0.0681860820104282,44.78432992520252
NSMAF,False,0,16,1,87,1.7474747474747474,True,estimated,1.0,1.0,,0.0681860820104282,44.78432992520252
NSMCE4A,False,0,16,1,87,1.7474747474747474,True,estimated,1.0,1.0,,0.0681860820104282,44.78432992520252
NSUN2,False,0,16,1,87,1.7474747474747474,True,estimated,1.0,1.0,,0.0681860820104282,44.78432992520252
NT5C1B,False,0,16,1,87,1.7474747474747474,True,estimated,1.0,1.0,,0.0681860820104282,44.78432992520252
NT5C2,False,0,16,1,87,1.7474747474747474,True,estimated,1.0,1.0,,0.0681860820104282,44.78432992520252
NT5DC3,False,0,16,2,87,1.0363636363636364,True,estimated,1.0,1.0,,0.0475440423553343,22.590624052318386
NTHL1,False,0,16,1,87,1.7474747474747474,True,estimated,1.0,1.0,,0.0681860820104282,44.78432992520252
NTRK2,False,0,16,1,87,1.7474747474747474,True,estimated,1.0,1.0,,0.0681860820104282,44.78432992520252
NTRK3,False,0,16,1,87,1.7474747474747474,True,estimated,1.0,1.0,,0.0681860820104282,44.78432992520252
NUDT21,False,0,16,1,87,1.7474747474747474,True,estimated,1.0,1.0,,0.0681860820104282,44.78432992520252
NUMB,False,0,16,1,87,1.7474747474747474,True,estimated,1.0,1.0,,0.0681860820104282,44.78432992520252
NUP107,False,0,16,1,87,1.7474747474747474,True,estimated,1.0,1.0,,0.0681860820104282,44.78432992520252
NUP133,False,0,16,1,87,1.7474747474747474,True,estimated,1.0,1.0,,0.0681860820104282,44.78432992520252
NUP160,False,0,16,1,87,1.7474747474747474,True,estimated,1.0,1.0,,0.0681860820104282,44.78432992520252
NUP205,False,0,16,3,87,0.7316017316017316,True,estimated,1.0,1.0,,0.03606794664834318,14.839799418058604
NUP210,False,0,16,1,87,1.7474747474747474,True,estimated,1.0,1.0,,0.0681860820104282,44.78432992520252
NUP210L,False,0,16,1,87,1.7474747474747474,True,estimated,1.0,1.0,,0.0681860820104282,44.78432992520252
NUP214,False,0,16,1,87,1.7474747474747474,True,estimated,1.0,1.0,,0.0681860820104282,44.78432992520252
NUP37,False,0,16,1,87,1.7474747474747474,True,estimated,1.0,1.0,,0.0681860820104282,44.78432992520252
NUP42,False,0,16,1,87,1.7474747474747474,True,estimated,1.0,1.0,,0.0681860820104282,44.78432992520252
NUP50,False,0,16,1,87,1.7474747474747474,True,estimated,1.0,1.0,,0.0681860820104282,44.78432992520252
NUTM1,False,0,16,2,87,1.0363636363636364,True,estimated,1.0,1.0,,0.0475440423553343,22.590624052318386
NYAP1,False,0,16,1,87,1.7474747474747474,True,estimated,1.0,1.0,,0.0681860820104282,44.78432992520252
NYNRIN,False,0,16,3,87,0.7316017316017316,True,estimated,1.0,1.0,,0.03606794664834318,14.839799418058604
OAZ3,False,0,16,1,87,1.7474747474747474,True,estimated,1.0,1.0,,0.0681860820104282,44.78432992520252
OBI1,False,0,16,1,87,1.7474747474747474,True,estimated,1.0,1.0,,0.0681860820104282,44.78432992520252
OBSCN,False,0,16,1,87,1.7474747474747474,True,estimated,1.0,1.0,,0.0681860820104282,44.78432992520252
OCRL,False,0,16,1,87,1.7474747474747474,True,estimated,1.0,1.0,,0.0681860820104282,44.78432992520252
ODF2,False,0,16,1,87,1.7474747474747474,True,estimated,1.0,1.0,,0.0681860820104282,44.78432992520252
OGDH,False,0,16,1,87,1.7474747474747474,True,estimated,1.0,1.0,,0.0681860820104282,44.78432992520252
OGG1,False,0,16,1,87,1.7474747474747474,True,estimated,1.0,1.0,,0.0681860820104282,44.78432992520252
OGT,False,0,16,1,87,1.7474747474747474,True,estimated,1.0,1.0,,0.0681860820104282,44.78432992520252
OIP5,False,0,16,1,87,1.7474747474747474,True,estimated,1.0,1.0,,0.0681860820104282,44.78432992520252
OIT3,False,0,16,1,87,1.7474747474747474,True,estimated,1.0,1.0,,0.0681860820104282,44.78432992520252
OLFM2,False,0,16,1,87,1.7474747474747474,True,estimated,1.0,1.0,,0.0681860820104282,44.78432992520252
OLFM4,False,0,16,1,87,1.7474747474747474,True,estimated,1.0,1.0,,0.0681860820104282,44.78432992520252
OMD,False,0,16,1,87,1.7474747474747474,True,estimated,1.0,1.0,,0.0681860820104282,44.78432992520252
ONECUT2,False,0,16,1,87,1.7474747474747474,True,estimated,1.0,1.0,,0.0681860820104282,44.78432992520252
OPCML,False,0,16,1,87,1.7474747474747474,True,estimated,1.0,1.0,,0.0681860820104282,44.78432992520252
OPRL1,False,0,16,1,87,1.7474747474747474,True,estimated,1.0,1.0,,0.0681860820104282,44.78432992520252
OR10G3,False,0,16,1,87,1.7474747474747474,True,estimated,1.0,1.0,,0.0681860820104282,44.78432992520252
OR10H1,False,0,16,1,87,1.7474747474747474,True,estimated,1.0,1.0,,0.0681860820104282,44.78432992520252
OR10H4,False,0,16,1,87,1.7474747474747474,True,estimated,1.0,1.0,,0.0681860820104282,44.78432992520252
OR10J3,False,0,16,2,87,1.0363636363636364,True,estimated,1.0,1.0,,0.0475440423553343,22.590624052318386
OR10K2,False,0,16,1,87,1.7474747474747474,True,estimated,1.0,1.0,,0.0681860820104282,44.78432992520252
OR13G1,False,0,16,1,87,1.7474747474747474,True,estimated,1.0,1.0,,0.0681860820104282,44.78432992520252
OR1C1,False,0,16,1,87,1.7474747474747474,True,estimated,1.0,1.0,,0.0681860820104282,44.78432992520252
OR1D2,False,0,16,1,87,1.7474747474747474,True,estimated,1.0,1.0,,0.0681860820104282,44.78432992520252
OR1L3,False,0,16,1,87,1.7474747474747474,True,estimated,1.0,1.0,,0.0681860820104282,44.78432992520252
OR2B3,False,0,16,1,87,1.7474747474747474,True,estimated,1.0,1.0,,0.0681860820104282,44.78432992520252
OR2H2,False,0,16,2,87,1.0363636363636364,True,estimated,1.0,1.0,,0.0475440423553343,22.590624052318386
OR2J2,False,0,16,1,87,1.7474747474747474,True,estimated,1.0,1.0,,0.0681860820104282,44.78432992520252
OR2T10,False,0,16,1,87,1.7474747474747474,True,estimated,1.0,1.0,,0.0681860820104282,44.78432992520252
OR2T2,False,0,16,1,87,1.7474747474747474,True,estimated,1.0,1.0,,0.0681860820104282,44.78432992520252
OR3A1,False,0,16,1,87,1.7474747474747474,True,estimated,1.0,1.0,,0.0681860820104282,44.78432992520252
OR3A2,False,0,16,1,87,1.7474747474747474,True,estimated,1.0,1.0,,0.0681860820104282,44.78432992520252
OR3A3,False,0,16,1,87,1.7474747474747474,True,estimated,1.0,1.0,,0.0681860820104282,44.78432992520252
OR4A15,False,0,16,1,87,1.7474747474747474,True,estimated,1.0,1.0,,0.0681860820104282,44.78432992520252
OR4B1,False,0,16,1,87,1.7474747474747474,True,estimated,1.0,1.0,,0.0681860820104282,44.78432992520252
OR4C16,False,0,16,1,87,1.7474747474747474,True,estimated,1.0,1.0,,0.0681860820104282,44.78432992520252
OR4D1,False,0,16,1,87,1.7474747474747474,True,estimated,1.0,1.0,,0.0681860820104282,44.78432992520252
OR4D11,False,0,16,1,87,1.7474747474747474,True,estimated,1.0,1.0,,0.0681860820104282,44.78432992520252
OR4K15,False,0,16,1,87,1.7474747474747474,True,estimated,1.0,1.0,,0.0681860820104282,44.78432992520252
OR4K2,False,0,16,1,87,1.7474747474747474,True,estimated,1.0,1.0,,0.0681860820104282,44.78432992520252
OR4K5,False,0,16,1,87,1.7474747474747474,True,estimated,1.0,1.0,,0.0681860820104282,44.78432992520252
OR4N2,False,0,16,1,87,1.7474747474747474,True,estimated,1.0,1.0,,0.0681860820104282,44.78432992520252
OR51D1,False,0,16,1,87,1.7474747474747474,True,estimated,1.0,1.0,,0.0681860820104282,44.78432992520252
OR52B4,False,0,16,1,87,1.7474747474747474,True,estimated,1.0,1.0,,0.0681860820104282,44.78432992520252
OR52E4,False,0,16,1,87,1.7474747474747474,True,estimated,1.0,1.0,,0.0681860820104282,44.78432992520252
OR52I1,False,0,16,1,87,1.7474747474747474,True,estimated,1.0,1.0,,0.0681860820104282,44.78432992520252
OR52I2,False,0,16,1,87,1.7474747474747474,True,estimated,1.0,1.0,,0.0681860820104282,44.78432992520252
OR52J3,False,0,16,2,87,1.0363636363636364,True,estimated,1.0,1.0,,0.0475440423553343,22.590624052318386
OR5AU1,False,0,16,1,87,1.7474747474747474,True,estimated,1.0,1.0,,0.0681860820104282,44.78432992520252
OR5J2,False,0,16,1,87,1.7474747474747474,True,estimated,1.0,1.0,,0.0681860820104282,44.78432992520252
OR5K2,False,0,16,1,87,1.7474747474747474,True,estimated,1.0,1.0,,0.0681860820104282,44.78432992520252
OR5L1,False,0,16,1,87,1.7474747474747474,True,estimated,1.0,1.0,,0.0681860820104282,44.78432992520252
OR5W2,False,0,16,1,87,1.7474747474747474,True,estimated,1.0,1.0,,0.0681860820104282,44.78432992520252
OR6C4,False,0,16,1,87,1.7474747474747474,True,estimated,1.0,1.0,,0.0681860820104282,44.78432992520252
OR6C68,False,0,16,1,87,1.7474747474747474,True,estimated,1.0,1.0,,0.0681860820104282,44.78432992520252
OR6K2,False,0,16,2,87,1.0363636363636364,True,estimated,1.0,1.0,,0.0475440423553343,22.590624052318386
OR7A17,False,0,16,1,87,1.7474747474747474,True,estimated,1.0,1.0,,0.0681860820104282,44.78432992520252
OR8B8,False,0,16,1,87,1.7474747474747474,True,estimated,1.0,1.0,,0.0681860820104282,44.78432992520252
OR8D2,False,0,16,1,87,1.7474747474747474,True,estimated,1.0,1.0,,0.0681860820104282,44.78432992520252
OR8I2,False,0,16,1,87,1.7474747474747474,True,estimated,1.0,1.0,,0.0681860820104282,44.78432992520252
OR8S1,False,0,16,1,87,1.7474747474747474,True,estimated,1.0,1.0,,0.0681860820104282,44.78432992520252
ORC1,False,0,16,1,87,1.7474747474747474,True,estimated,1.0,1.0,,0.0681860820104282,44.78432992520252
ORC4,False,0,16,1,87,1.7474747474747474,True,estimated,1.0,1.0,,0.0681860820104282,44.78432992520252
ORMDL3,False,0,16,1,87,1.7474747474747474,True,estimated,1.0,1.0,,0.0681860820104282,44.78432992520252
OSBP2,False,0,16,1,87,1.7474747474747474,True,estimated,1.0,1.0,,0.0681860820104282,44.78432992520252
OSBPL11,False,0,16,1,87,1.7474747474747474,True,estimated,1.0,1.0,,0.0681860820104282,44.78432992520252
OSBPL3,False,0,16,1,87,1.7474747474747474,True,estimated,1.0,1.0,,0.0681860820104282,44.78432992520252
OSGIN2,False,0,16,1,87,1.7474747474747474,True,estimated,1.0,1.0,,0.0681860820104282,44.78432992520252
OTOL1,False,0,16,1,87,1.7474747474747474,True,estimated,1.0,1.0,,0.0681860820104282,44.78432992520252
OTOP1,False,0,16,1,87,1.7474747474747474,True,estimated,1.0,1.0,,0.0681860820104282,44.78432992520252
OTOP2,False,0,16,1,87,1.7474747474747474,True,estimated,1.0,1.0,,0.0681860820104282,44.78432992520252
OTULINL,False,0,16,1,87,1.7474747474747474,True,estimated,1.0,1.0,,0.0681860820104282,44.78432992520252
OVCH2,False,0,16,1,87,1.7474747474747474,True,estimated,1.0,1.0,,0.0681860820104282,44.78432992520252
OXCT1,False,0,16,1,87,1.7474747474747474,True,estimated,1.0,1.0,,0.0681860820104282,44.78432992520252
P2RX2,False,0,16,1,87,1.7474747474747474,True,estimated,1.0,1.0,,0.0681860820104282,44.78432992520252
P2RX6,False,0,16,1,87,1.7474747474747474,True,estimated,1.0,1.0,,0.0681860820104282,44.78432992520252
P2RX7,False,0,16,1,87,1.7474747474747474,True,estimated,1.0,1.0,,0.0681860820104282,44.78432992520252
P2RY12,False,0,16,1,87,1.7474747474747474,True,estimated,1.0,1.0,,0.0681860820104282,44.78432992520252
P2RY14,False,0,16,1,87,1.7474747474747474,True,estimated,1.0,1.0,,0.0681860820104282,44.78432992520252
P2RY8,False,0,16,1,87,1.7474747474747474,True,estimated,1.0,1.0,,0.0681860820104282,44.78432992520252
PAAF1,False,0,16,1,87,1.7474747474747474,True,estimated,1.0,1.0,,0.0681860820104282,44.78432992520252
PACSIN1,False,0,16,1,87,1.7474747474747474,True,estimated,1.0,1.0,,0.0681860820104282,44.78432992520252
PADI2,False,0,16,1,87,1.7474747474747474,True,estimated,1.0,1.0,,0.0681860820104282,44.78432992520252
PAFAH2,False,0,16,1,87,1.7474747474747474,True,estimated,1.0,1.0,,0.0681860820104282,44.78432992520252
PAH,False,0,16,1,87,1.7474747474747474,True,estimated,1.0,1.0,,0.0681860820104282,44.78432992520252
PAIP1,False,0,16,3,87,0.7316017316017316,True,estimated,1.0,1.0,,0.03606794664834318,14.839799418058604
PAK4,False,0,16,1,87,1.7474747474747474,True,estimated,1.0,1.0,,0.0681860820104282,44.78432992520252
PALLD,False,0,16,1,87,1.7474747474747474,True,estimated,1.0,1.0,,0.0681860820104282,44.78432992520252
PAN3,False,0,16,3,87,0.7316017316017316,True,estimated,1.0,1.0,,0.03606794664834318,14.839799418058604
PANK1,False,0,16,1,87,1.7474747474747474,True,estimated,1.0,1.0,,0.0681860820104282,44.78432992520252
PANK2,False,0,16,2,87,1.0363636363636364,True,estimated,1.0,1.0,,0.0475440423553343,22.590624052318386
PAPOLA,False,0,16,1,87,1.7474747474747474,True,estimated,1.0,1.0,,0.0681860820104282,44.78432992520252
PAPSS2,False,0,16,1,87,1.7474747474747474,True,estimated,1.0,1.0,,0.0681860820104282,44.78432992520252
PARD3,False,0,16,1,87,1.7474747474747474,True,estimated,1.0,1.0,,0.0681860820104282,44.78432992520252
PARD6B,False,0,16,2,87,1.0363636363636364,True,estimated,1.0,1.0,,0.0475440423553343,22.590624052318386
PARP11,False,0,16,1,87,1.7474747474747474,True,estimated,1.0,1.0,,0.0681860820104282,44.78432992520252
PARP12,False,0,16,1,87,1.7474747474747474,True,estimated,1.0,1.0,,0.0681860820104282,44.78432992520252
PASK,False,0,16,1,87,1.7474747474747474,True,estimated,1.0,1.0,,0.0681860820104282,44.78432992520252
PAX4,False,0,16,1,87,1.7474747474747474,True,estimated,1.0,1.0,,0.0681860820104282,44.78432992520252
PBLD,False,0,16,1,87,1.7474747474747474,True,estimated,1.0,1.0,,0.0681860820104282,44.78432992520252
PCBP2,False,0,16,1,87,1.7474747474747474,True,estimated,1.0,1.0,,0.0681860820104282,44.78432992520252
PCDH1,False,0,16,1,87,1.7474747474747474,True,estimated,1.0,1.0,,0.0681860820104282,44.78432992520252
PCDH10,False,0,16,4,87,0.5622895622895623,True,estimated,1.0,1.0,,0.028872485452665183,10.950548485967024
PCDH15,False,0,16,1,87,1.7474747474747474,True,estimated,1.0,1.0,,0.0681860820104282,44.78432992520252
PCDH18,False,0,16,1,87,1.7474747474747474,True,estimated,1.0,1.0,,0.0681860820104282,44.78432992520252
PCDH7,False,0,16,2,87,1.0363636363636364,True,estimated,1.0,1.0,,0.0475440423553343,22.590624052318386
PCDH9,False,0,16,1,87,1.7474747474747474,True,estimated,1.0,1.0,,0.0681860820104282,44.78432992520252
PCDHA12,False,0,16,2,87,1.0363636363636364,True,estimated,1.0,1.0,,0.0475440423553343,22.590624052318386
PCDHA2,False,0,16,1,87,1.7474747474747474,True,estimated,1.0,1.0,,0.0681860820104282,44.78432992520252
PCDHA5,False,0,16,2,87,1.0363636363636364,True,estimated,1.0,1.0,,0.0475440423553343,22.590624052318386
PCDHA6,False,0,16,1,87,1.7474747474747474,True,estimated,1.0,1.0,,0.0681860820104282,44.78432992520252
PCDHA7,False,0,16,1,87,1.7474747474747474,True,estimated,1.0,1.0,,0.0681860820104282,44.78432992520252
PCDHA9,False,0,16,1,87,1.7474747474747474,True,estimated,1.0,1.0,,0.0681860820104282,44.78432992520252
PCDHAC2,False,0,16,1,87,1.7474747474747474,True,estimated,1.0,1.0,,0.0681860820104282,44.78432992520252
PCDHB11,False,0,16,1,87,1.7474747474747474,True,estimated,1.0,1.0,,0.0681860820104282,44.78432992520252
PCDHB13,False,0,16,1,87,1.7474747474747474,True,estimated,1.0,1.0,,0.0681860820104282,44.78432992520252
PCDHB15,False,0,16,1,87,1.7474747474747474,True,estimated,1.0,1.0,,0.0681860820104282,44.78432992520252
PCDHB2,False,0,16,1,87,1.7474747474747474,True,estimated,1.0,1.0,,0.0681860820104282,44.78432992520252
PCDHB4,False,0,16,1,87,1.7474747474747474,True,estimated,1.0,1.0,,0.0681860820104282,44.78432992520252
PCDHGA2,False,0,16,1,87,1.7474747474747474,True,estimated,1.0,1.0,,0.0681860820104282,44.78432992520252
PCDHGB1,False,0,16,1,87,1.7474747474747474,True,estimated,1.0,1.0,,0.0681860820104282,44.78432992520252
PCDHGB3,False,0,16,1,87,1.7474747474747474,True,estimated,1.0,1.0,,0.0681860820104282,44.78432992520252
PCDHGB5,False,0,16,1,87,1.7474747474747474,True,estimated,1.0,1.0,,0.0681860820104282,44.78432992520252
PCDHGC4,False,0,16,1,87,1.7474747474747474,True,estimated,1.0,1.0,,0.0681860820104282,44.78432992520252
PCED1A,False,0,16,1,87,1.7474747474747474,True,estimated,1.0,1.0,,0.0681860820104282,44.78432992520252
PCF11,False,0,16,2,87,1.0363636363636364,True,estimated,1.0,1.0,,0.0475440423553343,22.590624052318386
PCK1,False,0,16,1,87,1.7474747474747474,True,estimated,1.0,1.0,,0.0681860820104282,44.78432992520252
PCK2,False,0,16,1,87,1.7474747474747474,True,estimated,1.0,1.0,,0.0681860820104282,44.78432992520252
PCMTD1,False,0,16,1,87,1.7474747474747474,True,estimated,1.0,1.0,,0.0681860820104282,44.78432992520252
PCNA,False,0,16,1,87,1.7474747474747474,True,estimated,1.0,1.0,,0.0681860820104282,44.78432992520252
PCNT,False,0,16,1,87,1.7474747474747474,True,estimated,1.0,1.0,,0.0681860820104282,44.78432992520252
PCNX2,False,0,16,1,87,1.7474747474747474,True,estimated,1.0,1.0,,0.0681860820104282,44.78432992520252
PCNX3,False,0,16,2,87,1.0363636363636364,True,estimated,1.0,1.0,,0.0475440423553343,22.590624052318386
PCNX4,False,0,16,1,87,1.7474747474747474,True,estimated,1.0,1.0,,0.0681860820104282,44.78432992520252
PCP4L1,False,0,16,1,87,1.7474747474747474,True,estimated,1.0,1.0,,0.0681860820104282,44.78432992520252
PCSK1,False,0,16,1,87,1.7474747474747474,True,estimated,1.0,1.0,,0.0681860820104282,44.78432992520252
PCSK2,False,0,16,1,87,1.7474747474747474,True,estimated,1.0,1.0,,0.0681860820104282,44.78432992520252
PCSK9,False,0,16,1,87,1.7474747474747474,True,estimated,1.0,1.0,,0.0681860820104282,44.78432992520252
PCTP,False,0,16,1,87,1.7474747474747474,True,estimated,1.0,1.0,,0.0681860820104282,44.78432992520252
PCYOX1,False,0,16,1,87,1.7474747474747474,True,estimated,1.0,1.0,,0.0681860820104282,44.78432992520252
PDCD11,False,0,16,1,87,1.7474747474747474,True,estimated,1.0,1.0,,0.0681860820104282,44.78432992520252
PDE1C,False,0,16,1,87,1.7474747474747474,True,estimated,1.0,1.0,,0.0681860820104282,44.78432992520252
PDE3A,False,0,16,1,87,1.7474747474747474,True,estimated,1.0,1.0,,0.0681860820104282,44.78432992520252
PDE4B,False,0,16,1,87,1.7474747474747474,True,estimated,1.0,1.0,,0.0681860820104282,44.78432992520252
PDE6A,False,0,16,1,87,1.7474747474747474,True,estimated,1.0,1.0,,0.0681860820104282,44.78432992520252
PDE6B,False,0,16,1,87,1.7474747474747474,True,estimated,1.0,1.0,,0.0681860820104282,44.78432992520252
PDGFD,False,0,16,1,87,1.7474747474747474,True,estimated,1.0,1.0,,0.0681860820104282,44.78432992520252
PDIA6,False,0,16,1,87,1.7474747474747474,True,estimated,1.0,1.0,,0.0681860820104282,44.78432992520252
PDK4,False,0,16,1,87,1.7474747474747474,True,estimated,1.0,1.0,,0.0681860820104282,44.78432992520252
PDS5B,False,0,16,2,87,1.0363636363636364,True,estimated,1.0,1.0,,0.0475440423553343,22.590624052318386
PDSS2,False,0,16,1,87,1.7474747474747474,True,estimated,1.0,1.0,,0.0681860820104282,44.78432992520252
PDXDC1,False,0,16,1,87,1.7474747474747474,True,estimated,1.0,1.0,,0.0681860820104282,44.78432992520252
PDZD2,False,0,16,2,87,1.0363636363636364,True,estimated,1.0,1.0,,0.0475440423553343,22.590624052318386
PDZD3,False,0,16,1,87,1.7474747474747474,True,estimated,1.0,1.0,,0.0681860820104282,44.78432992520252
PDZRN4,False,0,16,1,87,1.7474747474747474,True,estimated,1.0,1.0,,0.0681860820104282,44.78432992520252
PEAK1,False,0,16,1,87,1.7474747474747474,True,estimated,1.0,1.0,,0.0681860820104282,44.78432992520252
PELO,False,0,16,1,87,1.7474747474747474,True,estimated,1.0,1.0,,0.0681860820104282,44.78432992520252
PELP1,False,0,16,1,87,1.7474747474747474,True,estimated,1.0,1.0,,0.0681860820104282,44.78432992520252
PER1,False,0,16,1,87,1.7474747474747474,True,estimated,1.0,1.0,,0.0681860820104282,44.78432992520252
PEX6,False,0,16,1,87,1.7474747474747474,True,estimated,1.0,1.0,,0.0681860820104282,44.78432992520252
PFKFB3,False,0,16,1,87,1.7474747474747474,True,estimated,1.0,1.0,,0.0681860820104282,44.78432992520252
PFN4,False,0,16,1,87,1.7474747474747474,True,estimated,1.0,1.0,,0.0681860820104282,44.78432992520252
PGAM2,False,0,16,1,87,1.7474747474747474,True,estimated,1.0,1.0,,0.0681860820104282,44.78432992520252
PGAP1,False,0,16,1,87,1.7474747474747474,True,estimated,1.0,1.0,,0.0681860820104282,44.78432992520252
PGBD2,False,0,16,1,87,1.7474747474747474,True,estimated,1.0,1.0,,0.0681860820104282,44.78432992520252
PGBD4,False,0,16,1,87,1.7474747474747474,True,estimated,1.0,1.0,,0.0681860820104282,44.78432992520252
PGC,False,0,16,1,87,1.7474747474747474,True,estimated,1.0,1.0,,0.0681860820104282,44.78432992520252
PGGT1B,False,0,16,1,87,1.7474747474747474,True,estimated,1.0,1.0,,0.0681860820104282,44.78432992520252
PGK1,False,0,16,1,87,1.7474747474747474,True,estimated,1.0,1.0,,0.0681860820104282,44.78432992520252
PGLYRP2,False,0,16,1,87,1.7474747474747474,True,estimated,1.0,1.0,,0.0681860820104282,44.78432992520252
PGM2,False,0,16,1,87,1.7474747474747474,True,estimated,1.0,1.0,,0.0681860820104282,44.78432992520252
PGR,False,0,16,1,87,1.7474747474747474,True,estimated,1.0,1.0,,0.0681860820104282,44.78432992520252
PHACTR1,False,0,16,1,87,1.7474747474747474,True,estimated,1.0,1.0,,0.0681860820104282,44.78432992520252
PHF10,False,0,16,1,87,1.7474747474747474,True,estimated,1.0,1.0,,0.0681860820104282,44.78432992520252
PHGDH,False,0,16,1,87,1.7474747474747474,True,estimated,1.0,1.0,,0.0681860820104282,44.78432992520252
PHKA1,False,0,16,1,87,1.7474747474747474,True,estimated,1.0,1.0,,0.0681860820104282,44.78432992520252
PHKB,False,0,16,1,87,1.7474747474747474,True,estimated,1.0,1.0,,0.0681860820104282,44.78432992520252
PHLDB3,False,0,16,1,87,1.7474747474747474,True,estimated,1.0,1.0,,0.0681860820104282,44.78432992520252
PHTF1,False,0,16,1,87,1.7474747474747474,True,estimated,1.0,1.0,,0.0681860820104282,44.78432992520252
PI4K2A,False,0,16,1,87,1.7474747474747474,True,estimated,1.0,1.0,,0.0681860820104282,44.78432992520252
PI4KA,False,0,16,1,87,1.7474747474747474,True,estimated,1.0,1.0,,0.0681860820104282,44.78432992520252
PIAS1,False,0,16,1,87,1.7474747474747474,True,estimated,1.0,1.0,,0.0681860820104282,44.78432992520252
PIAS2,False,0,16,1,87,1.7474747474747474,True,estimated,1.0,1.0,,0.0681860820104282,44.78432992520252
PIGC,False,0,16,1,87,1.7474747474747474,True,estimated,1.0,1.0,,0.0681860820104282,44.78432992520252
PIGK,False,0,16,1,87,1.7474747474747474,True,estimated,1.0,1.0,,0.0681860820104282,44.78432992520252
PIGO,False,0,16,1,87,1.7474747474747474,True,estimated,1.0,1.0,,0.0681860820104282,44.78432992520252
PIGR,False,0,16,1,87,1.7474747474747474,True,estimated,1.0,1.0,,0.0681860820104282,44.78432992520252
PIK3CG,False,0,16,1,87,1.7474747474747474,True,estimated,1.0,1.0,,0.0681860820104282,44.78432992520252
PIK3R2,False,0,16,1,87,1.7474747474747474,True,estimated,1.0,1.0,,0.0681860820104282,44.78432992520252
PIKFYVE,False,0,16,2,87,1.0363636363636364,True,estimated,1.0,1.0,,0.0475440423553343,22.590624052318386
PIM3,False,0,16,1,87,1.7474747474747474,True,estimated,1.0,1.0,,0.0681860820104282,44.78432992520252
PIMREG,False,0,16,1,87,1.7474747474747474,True,estimated,1.0,1.0,,0.0681860820104282,44.78432992520252
PIP5K1C,False,0,16,1,87,1.7474747474747474,True,estimated,1.0,1.0,,0.0681860820104282,44.78432992520252
PISD,False,0,16,1,87,1.7474747474747474,True,estimated,1.0,1.0,,0.0681860820104282,44.78432992520252
PITPNB,False,0,16,1,87,1.7474747474747474,True,estimated,1.0,1.0,,0.0681860820104282,44.78432992520252
PITPNM2,False,0,16,1,87,1.7474747474747474,True,estimated,1.0,1.0,,0.0681860820104282,44.78432992520252
PITRM1,False,0,16,2,87,1.0363636363636364,True,estimated,1.0,1.0,,0.0475440423553343,22.590624052318386
PIWIL2,False,0,16,2,87,1.0363636363636364,True,estimated,1.0,1.0,,0.0475440423553343,22.590624052318386
PIWIL4,False,0,16,1,87,1.7474747474747474,True,estimated,1.0,1.0,,0.0681860820104282,44.78432992520252
PJA1,False,0,16,1,87,1.7474747474747474,True,estimated,1.0,1.0,,0.0681860820104282,44.78432992520252
PKD1,False,0,16,1,87,1.7474747474747474,True,estimated,1.0,1.0,,0.0681860820104282,44.78432992520252
PKD1L1,False,0,16,2,87,1.0363636363636364,True,estimated,1.0,1.0,,0.0475440423553343,22.590624052318386
PKHD1L1,False,0,16,3,87,0.7316017316017316,True,estimated,1.0,1.0,,0.03606794664834318,14.839799418058604
PKN2,False,0,16,2,87,1.0363636363636364,True,estimated,1.0,1.0,,0.0475440423553343,22.590624052318386
PLA2G4C,False,0,16,1,87,1.7474747474747474,True,estimated,1.0,1.0,,0.0681860820104282,44.78432992520252
PLA2G4D,False,0,16,1,87,1.7474747474747474,True,estimated,1.0,1.0,,0.0681860820104282,44.78432992520252
PLA2G4E,False,0,16,1,87,1.7474747474747474,True,estimated,1.0,1.0,,0.0681860820104282,44.78432992520252
PLAG1,False,0,16,1,87,1.7474747474747474,True,estimated,1.0,1.0,,0.0681860820104282,44.78432992520252
PLAU,False,0,16,1,87,1.7474747474747474,True,estimated,1.0,1.0,,0.0681860820104282,44.78432992520252
PLAUR,False,0,16,1,87,1.7474747474747474,True,estimated,1.0,1.0,,0.0681860820104282,44.78432992520252
PLB1,False,0,16,1,87,1.7474747474747474,True,estimated,1.0,1.0,,0.0681860820104282,44.78432992520252
PLCB4,False,0,16,1,87,1.7474747474747474,True,estimated,1.0,1.0,,0.0681860820104282,44.78432992520252
PLCD4,False,0,16,1,87,1.7474747474747474,True,estimated,1.0,1.0,,0.0681860820104282,44.78432992520252
PLCH1,False,0,16,2,87,1.0363636363636364,True,estimated,1.0,1.0,,0.0475440423553343,22.590624052318386
PLD3,False,0,16,1,87,1.7474747474747474,True,estimated,1.0,1.0,,0.0681860820104282,44.78432992520252
PLEKHA2,False,0,16,1,87,1.7474747474747474,True,estimated,1.0,1.0,,0.0681860820104282,44.78432992520252
PLEKHA4,False,0,16,1,87,1.7474747474747474,True,estimated,1.0,1.0,,0.0681860820104282,44.78432992520252
PLEKHA6,False,0,16,2,87,1.0363636363636364,True,estimated,1.0,1.0,,0.0475440423553343,22.590624052318386
PLEKHG2,False,0,16,1,87,1.7474747474747474,True,estimated,1.0,1.0,,0.0681860820104282,44.78432992520252
PLEKHG3,False,0,16,1,87,1.7474747474747474,True,estimated,1.0,1.0,,0.0681860820104282,44.78432992520252
PLEKHG4,False,0,16,1,87,1.7474747474747474,True,estimated,1.0,1.0,,0.0681860820104282,44.78432992520252
PLEKHG7,False,0,16,1,87,1.7474747474747474,True,estimated,1.0,1.0,,0.0681860820104282,44.78432992520252
PLEKHH2,False,0,16,1,87,1.7474747474747474,True,estimated,1.0,1.0,,0.0681860820104282,44.78432992520252
PLEKHH3,False,0,16,1,87,1.7474747474747474,True,estimated,1.0,1.0,,0.0681860820104282,44.78432992520252
PLEKHM1,False,0,16,1,87,1.7474747474747474,True,estimated,1.0,1.0,,0.0681860820104282,44.78432992520252
PLEKHM3,False,0,16,1,87,1.7474747474747474,True,estimated,1.0,1.0,,0.0681860820104282,44.78432992520252
PLEKHO2,False,0,16,1,87,1.7474747474747474,True,estimated,1.0,1.0,,0.0681860820104282,44.78432992520252
PLEKHS1,False,0,16,1,87,1.7474747474747474,True,estimated,1.0,1.0,,0.0681860820104282,44.78432992520252
PLIN4,False,0,16,1,87,1.7474747474747474,True,estimated,1.0,1.0,,0.0681860820104282,44.78432992520252
PLOD2,False,0,16,1,87,1.7474747474747474,True,estimated,1.0,1.0,,0.0681860820104282,44.78432992520252
PLPPR4,False,0,16,1,87,1.7474747474747474,True,estimated,1.0,1.0,,0.0681860820104282,44.78432992520252
PLXNA1,False,0,16,2,87,1.0363636363636364,True,estimated,1.0,1.0,,0.0475440423553343,22.590624052318386
PLXNA3,False,0,16,1,87,1.7474747474747474,True,estimated,1.0,1.0,,0.0681860820104282,44.78432992520252
PLXNB1,False,0,16,1,87,1.7474747474747474,True,estimated,1.0,1.0,,0.0681860820104282,44.78432992520252
PLXNB2,False,0,16,2,87,1.0363636363636364,True,estimated,1.0,1.0,,0.0475440423553343,22.590624052318386
PMEPA1,False,0,16,1,87,1.7474747474747474,True,estimated,1.0,1.0,,0.0681860820104282,44.78432992520252
PMVK,False,0,16,1,87,1.7474747474747474,True,estimated,1.0,1.0,,0.0681860820104282,44.78432992520252
PNKP,False,0,16,1,87,1.7474747474747474,True,estimated,1.0,1.0,,0.0681860820104282,44.78432992520252
PNLIP,False,0,16,3,87,0.7316017316017316,True,estimated,1.0,1.0,,0.03606794664834318,14.839799418058604
PNPLA6,False,0,16,1,87,1.7474747474747474,True,estimated,1.0,1.0,,0.0681860820104282,44.78432992520252
PNPLA7,False,0,16,1,87,1.7474747474747474,True,estimated,1.0,1.0,,0.0681860820104282,44.78432992520252
PNPLA8,False,0,16,2,87,1.0363636363636364,True,estimated,1.0,1.0,,0.0475440423553343,22.590624052318386
PNRC2,False,0,16,1,87,1.7474747474747474,True,estimated,1.0,1.0,,0.0681860820104282,44.78432992520252
POC1B,False,0,16,1,87,1.7474747474747474,True,estimated,1.0,1.0,,0.0681860820104282,44.78432992520252
POC5,False,0,16,2,87,1.0363636363636364,True,estimated,1.0,1.0,,0.0475440423553343,22.590624052318386
PODN,False,0,16,1,87,1.7474747474747474,True,estimated,1.0,1.0,,0.0681860820104282,44.78432992520252
POGZ,False,0,16,1,87,1.7474747474747474,True,estimated,1.0,1.0,,0.0681860820104282,44.78432992520252
POLD1,False,0,16,1,87,1.7474747474747474,True,estimated,1.0,1.0,,0.0681860820104282,44.78432992520252
POLG,False,0,16,1,87,1.7474747474747474,True,estimated,1.0,1.0,,0.0681860820104282,44.78432992520252
POLG2,False,0,16,1,87,1.7474747474747474,True,estimated,1.0,1.0,,0.0681860820104282,44.78432992520252
POLK,False,0,16,1,87,1.7474747474747474,True,estimated,1.0,1.0,,0.0681860820104282,44.78432992520252
POLN,False,0,16,1,87,1.7474747474747474,True,estimated,1.0,1.0,,0.0681860820104282,44.78432992520252
POLR1A,False,0,16,2,87,1.0363636363636364,True,estimated,1.0,1.0,,0.0475440423553343,22.590624052318386
POLR1B,False,0,16,2,87,1.0363636363636364,True,estimated,1.0,1.0,,0.0475440423553343,22.590624052318386
POLR1F,False,0,16,1,87,1.7474747474747474,True,estimated,1.0,1.0,,0.0681860820104282,44.78432992520252
POLR2A,False,0,16,3,87,0.7316017316017316,True,estimated,1.0,1.0,,0.03606794664834318,14.839799418058604
POLR3A,False,0,16,1,87,1.7474747474747474,True,estimated,1.0,1.0,,0.0681860820104282,44.78432992520252
POM121,False,0,16,2,87,1.0363636363636364,True,estimated,1.0,1.0,,0.0475440423553343,22.590624052318386
POP7,False,0,16,1,87,1.7474747474747474,True,estimated,1.0,1.0,,0.0681860820104282,44.78432992520252
POR,False,0,16,1,87,1.7474747474747474,True,estimated,1.0,1.0,,0.0681860820104282,44.78432992520252
POTEA,False,0,16,1,87,1.7474747474747474,True,estimated,1.0,1.0,,0.0681860820104282,44.78432992520252
POTEE,False,0,16,2,87,1.0363636363636364,True,estimated,1.0,1.0,,0.0475440423553343,22.590624052318386
POTEF,False,0,16,1,87,1.7474747474747474,True,estimated,1.0,1.0,,0.0681860820104282,44.78432992520252
POU2F1,False,0,16,1,87,1.7474747474747474,True,estimated,1.0,1.0,,0.0681860820104282,44.78432992520252
POU5F1,False,0,16,1,87,1.7474747474747474,True,estimated,1.0,1.0,,0.0681860820104282,44.78432992520252
PPARG,False,0,16,1,87,1.7474747474747474,True,estimated,1.0,1.0,,0.0681860820104282,44.78432992520252
PPARGC1B,False,0,16,1,87,1.7474747474747474,True,estimated,1.0,1.0,,0.0681860820104282,44.78432992520252
PPFIA1,False,0,16,2,87,1.0363636363636364,True,estimated,1.0,1.0,,0.0475440423553343,22.590624052318386
PPFIA4,False,0,16,1,87,1.7474747474747474,True,estimated,1.0,1.0,,0.0681860820104282,44.78432992520252
PPHLN1,False,0,16,1,87,1.7474747474747474,True,estimated,1.0,1.0,,0.0681860820104282,44.78432992520252
PPIC,False,0,16,1,87,1.7474747474747474,True,estimated,1.0,1.0,,0.0681860820104282,44.78432992520252
PPIE,False,0,16,1,87,1.7474747474747474,True,estimated,1.0,1.0,,0.0681860820104282,44.78432992520252
PPIL4,False,0,16,2,87,1.0363636363636364,True,estimated,1.0,1.0,,0.0475440423553343,22.590624052318386
PPIP5K2,False,0,16,2,87,1.0363636363636364,True,estimated,1.0,1.0,,0.0475440423553343,22.590624052318386
PPL,False,0,16,1,87,1.7474747474747474,True,estimated,1.0,1.0,,0.0681860820104282,44.78432992520252
PPM1J,False,0,16,1,87,1.7474747474747474,True,estimated,1.0,1.0,,0.0681860820104282,44.78432992520252
PPM1L,False,0,16,1,87,1.7474747474747474,True,estimated,1.0,1.0,,0.0681860820104282,44.78432992520252
PPP1R14B,False,0,16,1,87,1.7474747474747474,True,estimated,1.0,1.0,,0.0681860820104282,44.78432992520252
PPP1R16B,False,0,16,1,87,1.7474747474747474,True,estimated,1.0,1.0,,0.0681860820104282,44.78432992520252
PPP1R18,False,0,16,1,87,1.7474747474747474,True,estimated,1.0,1.0,,0.0681860820104282,44.78432992520252
PPP1R2,False,0,16,1,87,1.7474747474747474,True,estimated,1.0,1.0,,0.0681860820104282,44.78432992520252
PPP1R21,False,0,16,1,87,1.7474747474747474,True,estimated,1.0,1.0,,0.0681860820104282,44.78432992520252
PPP1R26,False,0,16,1,87,1.7474747474747474,True,estimated,1.0,1.0,,0.0681860820104282,44.78432992520252
PPP1R7,False,0,16,1,87,1.7474747474747474,True,estimated,1.0,1.0,,0.0681860820104282,44.78432992520252
PPP1R9A,False,0,16,1,87,1.7474747474747474,True,estimated,1.0,1.0,,0.0681860820104282,44.78432992520252
PPP1R9B,False,0,16,1,87,1.7474747474747474,True,estimated,1.0,1.0,,0.0681860820104282,44.78432992520252
PPP2R1B,False,0,16,1,87,1.7474747474747474,True,estimated,1.0,1.0,,0.0681860820104282,44.78432992520252
PPP2R3A,False,0,16,1,87,1.7474747474747474,True,estimated,1.0,1.0,,0.0681860820104282,44.78432992520252
PPP3CC,False,0,16,2,87,1.0363636363636364,True,estimated,1.0,1.0,,0.0475440423553343,22.590624052318386
PRAMEF20,False,0,16,1,87,1.7474747474747474,True,estimated,1.0,1.0,,0.0681860820104282,44.78432992520252
PRAMEF6,False,0,16,1,87,1.7474747474747474,True,estimated,1.0,1.0,,0.0681860820104282,44.78432992520252
PRB2,False,0,16,1,87,1.7474747474747474,True,estimated,1.0,1.0,,0.0681860820104282,44.78432992520252
PRCC,False,0,16,1,87,1.7474747474747474,True,estimated,1.0,1.0,,0.0681860820104282,44.78432992520252
PRDM9,False,0,16,1,87,1.7474747474747474,True,estimated,1.0,1.0,,0.0681860820104282,44.78432992520252
PREX1,False,0,16,1,87,1.7474747474747474,True,estimated,1.0,1.0,,0.0681860820104282,44.78432992520252
PREX2,False,0,16,1,87,1.7474747474747474,True,estimated,1.0,1.0,,0.0681860820104282,44.78432992520252
PRG4,False,0,16,1,87,1.7474747474747474,True,estimated,1.0,1.0,,0.0681860820104282,44.78432992520252
PRIM1,False,0,16,1,87,1.7474747474747474,True,estimated,1.0,1.0,,0.0681860820104282,44.78432992520252
PRIM2,False,0,16,1,87,1.7474747474747474,True,estimated,1.0,1.0,,0.0681860820104282,44.78432992520252
PRKACG,False,0,16,1,87,1.7474747474747474,True,estimated,1.0,1.0,,0.0681860820104282,44.78432992520252
PRKAG1,False,0,16,3,87,0.7316017316017316,True,estimated,1.0,1.0,,0.03606794664834318,14.839799418058604
PRKAG2,False,0,16,1,87,1.7474747474747474,True,estimated,1.0,1.0,,0.0681860820104282,44.78432992520252
PRKAR2B,False,0,16,1,87,1.7474747474747474,True,estimated,1.0,1.0,,0.0681860820104282,44.78432992520252
PRKCB,False,0,16,2,87,1.0363636363636364,True,estimated,1.0,1.0,,0.0475440423553343,22.590624052318386
PRKCD,False,0,16,1,87,1.7474747474747474,True,estimated,1.0,1.0,,0.0681860820104282,44.78432992520252
PRKCE,False,0,16,2,87,1.0363636363636364,True,estimated,1.0,1.0,,0.0475440423553343,22.590624052318386
PRKCH,False,0,16,1,87,1.7474747474747474,True,estimated,1.0,1.0,,0.0681860820104282,44.78432992520252
PRKCQ,False,0,16,1,87,1.7474747474747474,True,estimated,1.0,1.0,,0.0681860820104282,44.78432992520252
PRKCSH,False,0,16,1,87,1.7474747474747474,True,estimated,1.0,1.0,,0.0681860820104282,44.78432992520252
PRKD1,False,0,16,1,87,1.7474747474747474,True,estimated,1.0,1.0,,0.0681860820104282,44.78432992520252
PRKD2,False,0,16,1,87,1.7474747474747474,True,estimated,1.0,1.0,,0.0681860820104282,44.78432992520252
PRKD3,False,0,16,1,87,1.7474747474747474,True,estimated,1.0,1.0,,0.0681860820104282,44.78432992520252
PRKDC,False,0,16,3,87,0.7316017316017316,True,estimated,1.0,1.0,,0.03606794664834318,14.839799418058604
PRKG1,False,0,16,1,87,1.7474747474747474,True,estimated,1.0,1.0,,0.0681860820104282,44.78432992520252
PRLR,False,0,16,1,87,1.7474747474747474,True,estimated,1.0,1.0,,0.0681860820104282,44.78432992520252
PROC,False,0,16,1,87,1.7474747474747474,True,estimated,1.0,1.0,,0.0681860820104282,44.78432992520252
PROCR,False,0,16,1,87,1.7474747474747474,True,estimated,1.0,1.0,,0.0681860820104282,44.78432992520252
PRODH2,False,0,16,1,87,1.7474747474747474,True,estimated,1.0,1.0,,0.0681860820104282,44.78432992520252
PROS1,False,0,16,2,87,1.0363636363636364,True,estimated,1.0,1.0,,0.0475440423553343,22.590624052318386
PROSER3,False,0,16,1,87,1.7474747474747474,True,estimated,1.0,1.0,,0.0681860820104282,44.78432992520252
PRPF40B,False,0,16,1,87,1.7474747474747474,True,estimated,1.0,1.0,,0.0681860820104282,44.78432992520252
PRPF4B,False,0,16,1,87,1.7474747474747474,True,estimated,1.0,1.0,,0.0681860820104282,44.78432992520252
PRPF6,False,0,16,1,87,1.7474747474747474,True,estimated,1.0,1.0,,0.0681860820104282,44.78432992520252
PRPF8,False,0,16,3,87,0.7316017316017316,True,estimated,1.0,1.0,,0.03606794664834318,14.839799418058604
PRPH2,False,0,16,1,87,1.7474747474747474,True,estimated,1.0,1.0,,0.0681860820104282,44.78432992520252
PRPS2,False,0,16,1,87,1.7474747474747474,True,estimated,1.0,1.0,,0.0681860820104282,44.78432992520252
PRRC2A,False,0,16,1,87,1.7474747474747474,True,estimated,1.0,1.0,,0.0681860820104282,44.78432992520252
PRRC2C,False,0,16,2,87,1.0363636363636364,True,estimated,1.0,1.0,,0.0475440423553343,22.590624052318386
PRRT1,False,0,16,1,87,1.7474747474747474,True,estimated,1.0,1.0,,0.0681860820104282,44.78432992520252
PRSS21,False,0,16,2,87,1.0363636363636364,True,estimated,1.0,1.0,,0.0475440423553343,22.590624052318386
PRSS36,False,0,16,1,87,1.7474747474747474,True,estimated,1.0,1.0,,0.0681860820104282,44.78432992520252
PRSS37,False,0,16,1,87,1.7474747474747474,True,estimated,1.0,1.0,,0.0681860820104282,44.78432992520252
PRSS38,False,0,16,1,87,1.7474747474747474,True,estimated,1.0,1.0,,0.0681860820104282,44.78432992520252
PRUNE2,False,0,16,1,87,1.7474747474747474,True,estimated,1.0,1.0,,0.0681860820104282,44.78432992520252
PSD2,False,0,16,1,87,1.7474747474747474,True,estimated,1.0,1.0,,0.0681860820104282,44.78432992520252
PSD3,False,0,16,2,87,1.0363636363636364,True,estimated,1.0,1.0,,0.0475440423553343,22.590624052318386
PSG5,False,0,16,1,87,1.7474747474747474,True,estimated,1.0,1.0,,0.0681860820104282,44.78432992520252
PSG7,False,0,16,1,87,1.7474747474747474,True,estimated,1.0,1.0,,0.0681860820104282,44.78432992520252
PSMB4,False,0,16,1,87,1.7474747474747474,True,estimated,1.0,1.0,,0.0681860820104282,44.78432992520252
PSMB7,False,0,16,1,87,1.7474747474747474,True,estimated,1.0,1.0,,0.0681860820104282,44.78432992520252
PSMC5,False,0,16,1,87,1.7474747474747474,True,estimated,1.0,1.0,,0.0681860820104282,44.78432992520252
PSMC6,False,0,16,1,87,1.7474747474747474,True,estimated,1.0,1.0,,0.0681860820104282,44.78432992520252
PSTK,False,0,16,1,87,1.7474747474747474,True,estimated,1.0,1.0,,0.0681860820104282,44.78432992520252
PTAR1,False,0,16,1,87,1.7474747474747474,True,estimated,1.0,1.0,,0.0681860820104282,44.78432992520252
PTBP1,False,0,16,1,87,1.7474747474747474,True,estimated,1.0,1.0,,0.0681860820104282,44.78432992520252
PTCD3,False,0,16,1,87,1.7474747474747474,True,estimated,1.0,1.0,,0.0681860820104282,44.78432992520252
PTCH1,False,0,16,1,87,1.7474747474747474,True,estimated,1.0,1.0,,0.0681860820104282,44.78432992520252
PTCHD1,False,0,16,1,87,1.7474747474747474,True,estimated,1.0,1.0,,0.0681860820104282,44.78432992520252
PTEN,True,0,16,5,87,0.45454545454545453,True,estimated,1.0,1.0,1.0,0.023958657001405627,8.623670777365033
PTGER2,False,0,16,1,87,1.7474747474747474,True,estimated,1.0,1.0,,0.0681860820104282,44.78432992520252
PTGES3L-AARSD1,False,0,16,1,87,1.7474747474747474,True,estimated,1.0,1.0,,0.0681860820104282,44.78432992520252
PTGFR,False,0,16,1,87,1.7474747474747474,True,estimated,1.0,1.0,,0.0681860820104282,44.78432992520252
PTPA,False,0,16,1,87,1.7474747474747474,True,estimated,1.0,1.0,,0.0681860820104282,44.78432992520252
PTPDC1,False,0,16,2,87,1.0363636363636364,True,estimated,1.0,1.0,,0.0475440423553343,22.590624052318386
PTPN1,False,0,16,1,87,1.7474747474747474,True,estimated,1.0,1.0,,0.0681860820104282,44.78432992520252
PTPN11,False,0,16,1,87,1.7474747474747474,True,estimated,1.0,1.0,,0.0681860820104282,44.78432992520252
PTPN13,False,0,16,1,87,1.7474747474747474,True,estimated,1.0,1.0,,0.0681860820104282,44.78432992520252
PTPN9,False,0,16,1,87,1.7474747474747474,True,estimated,1.0,1.0,,0.0681860820104282,44.78432992520252
PTPRB,False,0,16,1,87,1.7474747474747474,True,estimated,1.0,1.0,,0.0681860820104282,44.78432992520252
PTPRC,False,0,16,3,87,0.7316017316017316,True,estimated,1.0,1.0,,0.03606794664834318,14.839799418058604
PTPRF,False,0,16,1,87,1.7474747474747474,True,estimated,1.0,1.0,,0.0681860820104282,44.78432992520252
PTPRJ,False,0,16,1,87,1.7474747474747474,True,estimated,1.0,1.0,,0.0681860820104282,44.78432992520252
PTPRM,False,0,16,1,87,1.7474747474747474,True,estimated,1.0,1.0,,0.0681860820104282,44.78432992520252
PTPRN2,False,0,16,1,87,1.7474747474747474,True,estimated,1.0,1.0,,0.0681860820104282,44.78432992520252
PTPRS,False,0,16,1,87,1.7474747474747474,True,estimated,1.0,1.0,,0.0681860820104282,44.78432992520252
PTPRT,False,0,16,2,87,1.0363636363636364,True,estimated,1.0,1.0,,0.0475440423553343,22.590624052318386
PTPRU,False,0,16,1,87,1.7474747474747474,True,estimated,1.0,1.0,,0.0681860820104282,44.78432992520252
PUM2,False,0,16,1,87,1.7474747474747474,True,estimated,1.0,1.0,,0.0681860820104282,44.78432992520252
PWP1,False,0,16,1,87,1.7474747474747474,True,estimated,1.0,1.0,,0.0681860820104282,44.78432992520252
PXYLP1,False,0,16,1,87,1.7474747474747474,True,estimated,1.0,1.0,,0.0681860820104282,44.78432992520252
PYDC2,False,0,16,1,87,1.7474747474747474,True,estimated,1.0,1.0,,0.0681860820104282,44.78432992520252
PYGB,False,0,16,1,87,1.7474747474747474,True,estimated,1.0,1.0,,0.0681860820104282,44.78432992520252
QPCTL,False,0,16,1,87,1.7474747474747474,True,estimated,1.0,1.0,,0.0681860820104282,44.78432992520252
QSER1,False,0,16,1,87,1.7474747474747474,True,estimated,1.0,1.0,,0.0681860820104282,44.78432992520252
RAB21,False,0,16,1,87,1.7474747474747474,True,estimated,1.0,1.0,,0.0681860820104282,44.78432992520252
RAB2A,False,0,16,1,87,1.7474747474747474,True,estimated,1.0,1.0,,0.0681860820104282,44.78432992520252
RAB32,False,0,16,1,87,1.7474747474747474,True,estimated,1.0,1.0,,0.0681860820104282,44.78432992520252
RAB36,False,0,16,1,87,1.7474747474747474,True,estimated,1.0,1.0,,0.0681860820104282,44.78432992520252
RAB37,False,0,16,1,87,1.7474747474747474,True,estimated,1.0,1.0,,0.0681860820104282,44.78432992520252
RAB39B,False,0,16,1,87,1.7474747474747474,True,estimated,1.0,1.0,,0.0681860820104282,44.78432992520252
RAB3GAP2,False,0,16,1,87,1.7474747474747474,True,estimated,1.0,1.0,,0.0681860820104282,44.78432992520252
RAB5IF,False,0,16,1,87,1.7474747474747474,True,estimated,1.0,1.0,,0.0681860820104282,44.78432992520252
RAB7A,False,0,16,1,87,1.7474747474747474,True,estimated,1.0,1.0,,0.0681860820104282,44.78432992520252
RABAC1,False,0,16,1,87,1.7474747474747474,True,estimated,1.0,1.0,,0.0681860820104282,44.78432992520252
RABEP1,False,0,16,1,87,1.7474747474747474,True,estimated,1.0,1.0,,0.0681860820104282,44.78432992520252
RABGAP1L,False,0,16,1,87,1.7474747474747474,True,estimated,1.0,1.0,,0.0681860820104282,44.78432992520252
RABGGTB,False,0,16,1,87,1.7474747474747474,True,estimated,1.0,1.0,,0.0681860820104282,44.78432992520252
RAC2,False,0,16,1,87,1.7474747474747474,True,estimated,1.0,1.0,,0.0681860820104282,44.78432992520252
RACGAP1,False,0,16,1,87,1.7474747474747474,True,estimated,1.0,1.0,,0.0681860820104282,44.78432992520252
RAD17,False,0,16,1,87,1.7474747474747474,True,estimated,1.0,1.0,,0.0681860820104282,44.78432992520252
RAD23A,False,0,16,1,87,1.7474747474747474,True,estimated,1.0,1.0,,0.0681860820104282,44.78432992520252
RAD51AP1,False,0,16,1,87,1.7474747474747474,True,estimated,1.0,1.0,,0.0681860820104282,44.78432992520252
RAET1L,False,0,16,1,87,1.7474747474747474,True,estimated,1.0,1.0,,0.0681860820104282,44.78432992520252
RAI1,False,0,16,1,87,1.7474747474747474,True,estimated,1.0,1.0,,0.0681860820104282,44.78432992520252
RAI14,False,0,16,1,87,1.7474747474747474,True,estimated,1.0,1.0,,0.0681860820104282,44.78432992520252
RAI2,False,0,16,1,87,1.7474747474747474,True,estimated,1.0,1.0,,0.0681860820104282,44.78432992520252
RALGAPB,False,0,16,1,87,1.7474747474747474,True,estimated,1.0,1.0,,0.0681860820104282,44.78432992520252
RALGPS1,False,0,16,1,87,1.7474747474747474,True,estimated,1.0,1.0,,0.0681860820104282,44.78432992520252
RALGPS2,False,0,16,1,87,1.7474747474747474,True,estimated,1.0,1.0,,0.0681860820104282,44.78432992520252
RALY,False,0,16,1,87,1.7474747474747474,True,estimated,1.0,1.0,,0.0681860820104282,44.78432992520252
RAN,False,0,16,1,87,1.7474747474747474,True,estimated,1.0,1.0,,0.0681860820104282,44.78432992520252
RANBP2,False,0,16,1,87,1.7474747474747474,True,estimated,1.0,1.0,,0.0681860820104282,44.78432992520252
RAP1GDS1,False,0,16,1,87,1.7474747474747474,True,estimated,1.0,1.0,,0.0681860820104282,44.78432992520252
RAPGEF2,False,0,16,1,87,1.7474747474747474,True,estimated,1.0,1.0,,0.0681860820104282,44.78432992520252
RARA,False,0,16,1,87,1.7474747474747474,True,estimated,1.0,1.0,,0.0681860820104282,44.78432992520252
RARS1,False,0,16,1,87,1.7474747474747474,True,estimated,1.0,1.0,,0.0681860820104282,44.78432992520252
RASA1,False,0,16,2,87,1.0363636363636364,True,estimated,1.0,1.0,,0.0475440423553343,22.590624052318386
RASGEF1C,False,0,16,1,87,1.7474747474747474,True,estimated,1.0,1.0,,0.0681860820104282,44.78432992520252
RASGRF1,False,0,16,1,87,1.7474747474747474,True,estimated,1.0,1.0,,0.0681860820104282,44.78432992520252
RASGRF2,False,0,16,3,87,0.7316017316017316,True,estimated,1.0,1.0,,0.03606794664834318,14.839799418058604
RASGRP2,False,0,16,1,87,1.7474747474747474,True,estimated,1.0,1.0,,0.0681860820104282,44.78432992520252
RASSF9,False,0,16,1,87,1.7474747474747474,True,estimated,1.0,1.0,,0.0681860820104282,44.78432992520252
RAVER2,False,0,16,1,87,1.7474747474747474,True,estimated,1.0,1.0,,0.0681860820104282,44.78432992520252
RBCK1,False,0,16,1,87,1.7474747474747474,True,estimated,1.0,1.0,,0.0681860820104282,44.78432992520252
RBM17,False,0,16,1,87,1.7474747474747474,True,estimated,1.0,1.0,,0.0681860820104282,44.78432992520252
RBM22,False,0,16,1,87,1.7474747474747474,True,estimated,1.0,1.0,,0.0681860820104282,44.78432992520252
RBM28,False,0,16,1,87,1.7474747474747474,True,estimated,1.0,1.0,,0.0681860820104282,44.78432992520252
RBM34,False,0,16,1,87,1.7474747474747474,True,estimated,1.0,1.0,,0.0681860820104282,44.78432992520252
RBM39,False,0,16,1,87,1.7474747474747474,True,estimated,1.0,1.0,,0.0681860820104282,44.78432992520252
RBM46,False,0,16,1,87,1.7474747474747474,True,estimated,1.0,1.0,,0.0681860820104282,44.78432992520252
RBM7,False,0,16,1,87,1.7474747474747474,True,estimated,1.0,1.0,,0.0681860820104282,44.78432992520252
RCC1L,False,0,16,1,87,1.7474747474747474,True,estimated,1.0,1.0,,0.0681860820104282,44.78432992520252
RCC2,False,0,16,1,87,1.7474747474747474,True,estimated,1.0,1.0,,0.0681860820104282,44.78432992520252
RDH11,False,0,16,1,87,1.7474747474747474,True,estimated,1.0,1.0,,0.0681860820104282,44.78432992520252
RDH16,False,0,16,1,87,1.7474747474747474,True,estimated,1.0,1.0,,0.0681860820104282,44.78432992520252
REC8,False,0,16,1,87,1.7474747474747474,True,estimated,1.0,1.0,,0.0681860820104282,44.78432992520252
REEP4,False,0,16,1,87,1.7474747474747474,True,estimated,1.0,1.0,,0.0681860820104282,44.78432992520252
REG4,False,0,16,1,87,1.7474747474747474,True,estimated,1.0,1.0,,0.0681860820104282,44.78432992520252
RELA,False,0,16,1,87,1.7474747474747474,True,estimated,1.0,1.0,,0.0681860820104282,44.78432992520252
RENBP,False,0,16,1,87,1.7474747474747474,True,estimated,1.0,1.0,,0.0681860820104282,44.78432992520252
REST,False,0,16,1,87,1.7474747474747474,True,estimated,1.0,1.0,,0.0681860820104282,44.78432992520252
RETREG1,False,0,16,2,87,1.0363636363636364,True,estimated,1.0,1.0,,0.0475440423553343,22.590624052318386
REXO4,False,0,16,1,87,1.7474747474747474,True,estimated,1.0,1.0,,0.0681860820104282,44.78432992520252
REXO5,False,0,16,1,87,1.7474747474747474,True,estimated,1.0,1.0,,0.0681860820104282,44.78432992520252
RFC1,False,0,16,1,87,1.7474747474747474,True,estimated,1.0,1.0,,0.0681860820104282,44.78432992520252
RFX1,False,0,16,1,87,1.7474747474747474,True,estimated,1.0,1.0,,0.0681860820104282,44.78432992520252
RGL1,False,0,16,1,87,1.7474747474747474,True,estimated,1.0,1.0,,0.0681860820104282,44.78432992520252
RGL2,False,0,16,1,87,1.7474747474747474,True,estimated,1.0,1.0,,0.0681860820104282,44.78432992520252
RGS18,False,0,16,1,87,1.7474747474747474,True,estimated,1.0,1.0,,0.0681860820104282,44.78432992520252
RGS3,False,0,16,2,87,1.0363636363636364,True,estimated,1.0,1.0,,0.0475440423553343,22.590624052318386
RHBDL1,False,0,16,1,87,1.7474747474747474,True,estimated,1.0,1.0,,0.0681860820104282,44.78432992520252
RHEB,False,0,16,1,87,1.7474747474747474,True,estimated,1.0,1.0,,0.0681860820104282,44.78432992520252
RIF1,False,0,16,1,87,1.7474747474747474,True,estimated,1.0,1.0,,0.0681860820104282,44.78432992520252
RILP,False,0,16,1,87,1.7474747474747474,True,estimated,1.0,1.0,,0.0681860820104282,44.78432992520252
RIMBP2,False,0,16,1,87,1.7474747474747474,True,estimated,1.0,1.0,,0.0681860820104282,44.78432992520252
RIMKLA,False,0,16,1,87,1.7474747474747474,True,estimated,1.0,1.0,,0.0681860820104282,44.78432992520252
RIMKLB,False,0,16,1,87,1.7474747474747474,True,estimated,1.0,1.0,,0.0681860820104282,44.78432992520252
RIMS2,False,0,16,1,87,1.7474747474747474,True,estimated,1.0,1.0,,0.0681860820104282,44.78432992520252
RIN2,False,0,16,2,87,1.0363636363636364,True,estimated,1.0,1.0,,0.0475440423553343,22.590624052318386
RINL,False,0,16,2,87,1.0363636363636364,True,estimated,1.0,1.0,,0.0475440423553343,22.590624052318386
RIOK3,False,0,16,1,87,1.7474747474747474,True,estimated,1.0,1.0,,0.0681860820104282,44.78432992520252
RIPK1,False,0,16,1,87,1.7474747474747474,True,estimated,1.0,1.0,,0.0681860820104282,44.78432992520252
RIPPLY3,False,0,16,1,87,1.7474747474747474,True,estimated,1.0,1.0,,0.0681860820104282,44.78432992520252
RLBP1,False,0,16,1,87,1.7474747474747474,True,estimated,1.0,1.0,,0.0681860820104282,44.78432992520252
RLF,False,0,16,2,87,1.0363636363636364,True,estimated,1.0,1.0,,0.0475440423553343,22.590624052318386
RNASE3,False,0,16,1,87,1.7474747474747474,True,estimated,1.0,1.0,,0.0681860820104282,44.78432992520252
RNASE8,False,0,16,1,87,1.7474747474747474,True,estimated,1.0,1.0,,0.0681860820104282,44.78432992520252
RND1,False,0,16,1,87,1.7474747474747474,True,estimated,1.0,1.0,,0.0681860820104282,44.78432992520252
RND3,False,0,16,1,87,1.7474747474747474,True,estimated,1.0,1.0,,0.0681860820104282,44.78432992520252
RNF10,False,0,16,1,87,1.7474747474747474,True,estimated,1.0,1.0,,0.0681860820104282,44.78432992520252
RNF103,False,0,16,1,87,1.7474747474747474,True,estimated,1.0,1.0,,0.0681860820104282,44.78432992520252
RNF113B,False,0,16,1,87,1.7474747474747474,True,estimated,1.0,1.0,,0.0681860820104282,44.78432992520252
RNF115,False,0,16,1,87,1.7474747474747474,True,estimated,1.0,1.0,,0.0681860820104282,44.78432992520252
RNF139,False,0,16,1,87,1.7474747474747474,True,estimated,1.0,1.0,,0.0681860820104282,44.78432992520252
RNF213,False,0,16,1,87,1.7474747474747474,True,estimated,1.0,1.0,,0.0681860820104282,44.78432992520252
ROBO1,False,0,16,1,87,1.7474747474747474,True,estimated,1.0,1.0,,0.0681860820104282,44.78432992520252
ROBO2,False,0,16,1,87,1.7474747474747474,True,estimated,1.0,1.0,,0.0681860820104282,44.78432992520252
ROCK1,False,0,16,2,87,1.0363636363636364,True,estimated,1.0,1.0,,0.0475440423553343,22.590624052318386
ROS1,False,0,16,2,87,1.0363636363636364,True,estimated,1.0,1.0,,0.0475440423553343,22.590624052318386
RPA1,False,0,16,1,87,1.7474747474747474,True,estimated,1.0,1.0,,0.0681860820104282,44.78432992520252
RPAIN,False,0,16,1,87,1.7474747474747474,True,estimated,1.0,1.0,,0.0681860820104282,44.78432992520252
RPF1,False,0,16,1,87,1.7474747474747474,True,estimated,1.0,1.0,,0.0681860820104282,44.78432992520252
RPL18A,False,0,16,1,87,1.7474747474747474,True,estimated,1.0,1.0,,0.0681860820104282,44.78432992520252
RPL27,False,0,16,1,87,1.7474747474747474,True,estimated,1.0,1.0,,0.0681860820104282,44.78432992520252
RPL30,False,0,16,1,87,1.7474747474747474,True,estimated,1.0,1.0,,0.0681860820104282,44.78432992520252
RPL5,False,0,16,1,87,1.7474747474747474,True,estimated,1.0,1.0,,0.0681860820104282,44.78432992520252
RPL7A,False,0,16,1,87,1.7474747474747474,True,estimated,1.0,1.0,,0.0681860820104282,44.78432992520252
RPS13,False,0,16,1,87,1.7474747474747474,True,estimated,1.0,1.0,,0.0681860820104282,44.78432992520252
RPS21,False,0,16,1,87,1.7474747474747474,True,estimated,1.0,1.0,,0.0681860820104282,44.78432992520252
RPS27,False,0,16,1,87,1.7474747474747474,True,estimated,1.0,1.0,,0.0681860820104282,44.78432992520252
RPS3,False,0,16,1,87,1.7474747474747474,True,estimated,1.0,1.0,,0.0681860820104282,44.78432992520252
RPS6KA1,False,0,16,1,87,1.7474747474747474,True,estimated,1.0,1.0,,0.0681860820104282,44.78432992520252
RPS6KC1,False,0,16,1,87,1.7474747474747474,True,estimated,1.0,1.0,,0.0681860820104282,44.78432992520252
RPS8,False,0,16,1,87,1.7474747474747474,True,estimated,1.0,1.0,,0.0681860820104282,44.78432992520252
RPTOR,False,0,16,1,87,1.7474747474747474,True,estimated,1.0,1.0,,0.0681860820104282,44.78432992520252
RRAGC,False,0,16,1,87,1.7474747474747474,True,estimated,1.0,1.0,,0.0681860820104282,44.78432992520252
RREB1,False,0,16,1,87,1.7474747474747474,True,estimated,1.0,1.0,,0.0681860820104282,44.78432992520252
RRM1,False,0,16,1,87,1.7474747474747474,True,estimated,1.0,1.0,,0.0681860820104282,44.78432992520252
RRP12,False,0,16,1,87,1.7474747474747474,True,estimated,1.0,1.0,,0.0681860820104282,44.78432992520252
RRS1,False,0,16,1,87,1.7474747474747474,True,estimated,1.0,1.0,,0.0681860820104282,44.78432992520252
RSAD2,False,0,16,1,87,1.7474747474747474,True,estimated,1.0,1.0,,0.0681860820104282,44.78432992520252
RSBN1L,False,0,16,1,87,1.7474747474747474,True,estimated,1.0,1.0,,0.0681860820104282,44.78432992520252
RSKR,False,0,16,1,87,1.7474747474747474,True,estimated,1.0,1.0,,0.0681860820104282,44.78432992520252
RSPH6A,False,0,16,2,87,1.0363636363636364,True,estimated,1.0,1.0,,0.0475440423553343,22.590624052318386
RSPH9,False,0,16,1,87,1.7474747474747474,True,estimated,1.0,1.0,,0.0681860820104282,44.78432992520252
RSRC2,False,0,16,1,87,1.7474747474747474,True,estimated,1.0,1.0,,0.0681860820104282,44.78432992520252
RTL1,False,0,16,1,87,1.7474747474747474,True,estimated,1.0,1.0,,0.0681860820104282,44.78432992520252
RTN1,False,0,16,1,87,1.7474747474747474,True,estimated,1.0,1.0,,0.0681860820104282,44.78432992520252
RTN4RL1,False,0,16,1,87,1.7474747474747474,True,estimated,1.0,1.0,,0.0681860820104282,44.78432992520252
RTTN,False,0,16,2,87,1.0363636363636364,True,estimated,1.0,1.0,,0.0475440423553343,22.590624052318386
RUFY2,False,0,16,1,87,1.7474747474747474,True,estimated,1.0,1.0,,0.0681860820104282,44.78432992520252
RUFY4,False,0,16,1,87,1.7474747474747474,True,estimated,1.0,1.0,,0.0681860820104282,44.78432992520252
RUNDC3B,False,0,16,2,87,1.0363636363636364,True,estimated,1.0,1.0,,0.0475440423553343,22.590624052318386
RUNX3,False,0,16,1,87,1.7474747474747474,True,estimated,1.0,1.0,,0.0681860820104282,44.78432992520252
RUSC1,False,0,16,1,87,1.7474747474747474,True,estimated,1.0,1.0,,0.0681860820104282,44.78432992520252
RUVBL2,False,0,16,1,87,1.7474747474747474,True,estimated,1.0,1.0,,0.0681860820104282,44.78432992520252
RXRB,False,0,16,1,87,1.7474747474747474,True,estimated,1.0,1.0,,0.0681860820104282,44.78432992520252
RXRG,False,0,16,1,87,1.7474747474747474,True,estimated,1.0,1.0,,0.0681860820104282,44.78432992520252
RYR1,False,0,16,2,87,1.0363636363636364,True,estimated,1.0,1.0,,0.0475440423553343,22.590624052318386
RYR2,False,0,16,2,87,1.0363636363636364,True,estimated,1.0,1.0,,0.0475440423553343,22.590624052318386
RYR3,False,0,16,3,87,0.7316017316017316,True,estimated,1.0,1.0,,0.03606794664834318,14.839799418058604
S100A10,False,0,16,1,87,1.7474747474747474,True,estimated,1.0,1.0,,0.0681860820104282,44.78432992520252
S100PBP,False,0,16,1,87,1.7474747474747474,True,estimated,1.0,1.0,,0.0681860820104282,44.78432992520252
S1PR2,False,0,16,1,87,1.7474747474747474,True,estimated,1.0,1.0,,0.0681860820104282,44.78432992520252
S1PR3,False,0,16,2,87,1.0363636363636364,True,estimated,1.0,1.0,,0.0475440423553343,22.590624052318386
S1PR4,False,0,16,1,87,1.7474747474747474,True,estimated,1.0,1.0,,0.0681860820104282,44.78432992520252
SACS,False,0,16,2,87,1.0363636363636364,True,estimated,1.0,1.0,,0.0475440423553343,22.590624052318386
SALL1,False,0,16,3,87,0.7316017316017316,True,estimated,1.0,1.0,,0.03606794664834318,14.839799418058604
SAMD3,False,0,16,1,87,1.7474747474747474,True,estimated,1.0,1.0,,0.0681860820104282,44.78432992520252
SAMD8,False,0,16,1,87,1.7474747474747474,True,estimated,1.0,1.0,,0.0681860820104282,44.78432992520252
SAMD9,False,0,16,2,87,1.0363636363636364,True,estimated,1.0,1.0,,0.0475440423553343,22.590624052318386
SAMHD1,False,0,16,1,87,1.7474747474747474,True,estimated,1.0,1.0,,0.0681860820104282,44.78432992520252
SAR1B,False,0,16,1,87,1.7474747474747474,True,estimated,1.0,1.0,,0.0681860820104282,44.78432992520252
SART3,False,0,16,1,87,1.7474747474747474,True,estimated,1.0,1.0,,0.0681860820104282,44.78432992520252
SASS6,False,0,16,1,87,1.7474747474747474,True,estimated,1.0,1.0,,0.0681860820104282,44.78432992520252
SBNO1,False,0,16,2,87,1.0363636363636364,True,estimated,1.0,1.0,,0.0475440423553343,22.590624052318386
SCAF4,False,0,16,3,87,0.7316017316017316,True,estimated,1.0,1.0,,0.03606794664834318,14.839799418058604
SCAP,False,0,16,1,87,1.7474747474747474,True,estimated,1.0,1.0,,0.0681860820104282,44.78432992520252
SCAPER,False,0,16,1,87,1.7474747474747474,True,estimated,1.0,1.0,,0.0681860820104282,44.78432992520252
SCARB2,False,0,16,2,87,1.0363636363636364,True,estimated,1.0,1.0,,0.0475440423553343,22.590624052318386
SCCPDH,False,0,16,1,87,1.7474747474747474,True,estimated,1.0,1.0,,0.0681860820104282,44.78432992520252
SCG2,False,0,16,1,87,1.7474747474747474,True,estimated,1.0,1.0,,0.0681860820104282,44.78432992520252
SCGB3A2,False,0,16,1,87,1.7474747474747474,True,estimated,1.0,1.0,,0.0681860820104282,44.78432992520252
SCLT1,False,0,16,1,87,1.7474747474747474,True,estimated,1.0,1.0,,0.0681860820104282,44.78432992520252
SCMH1,False,0,16,2,87,1.0363636363636364,True,estimated,1.0,1.0,,0.0475440423553343,22.590624052318386
SCML1,False,0,16,1,87,1.7474747474747474,True,estimated,1.0,1.0,,0.0681860820104282,44.78432992520252
SCN1A,False,0,16,2,87,1.0363636363636364,True,estimated,1.0,1.0,,0.0475440423553343,22.590624052318386
SCN2A,False,0,16,1,87,1.7474747474747474,True,estimated,1.0,1.0,,0.0681860820104282,44.78432992520252
SCN9A,False,0,16,1,87,1.7474747474747474,True,estimated,1.0,1.0,,0.0681860820104282,44.78432992520252
SCNN1B,False,0,16,1,87,1.7474747474747474,True,estimated,1.0,1.0,,0.0681860820104282,44.78432992520252
SCNN1G,False,0,16,1,87,1.7474747474747474,True,estimated,1.0,1.0,,0.0681860820104282,44.78432992520252
SCP2,False,0,16,1,87,1.7474747474747474,True,estimated,1.0,1.0,,0.0681860820104282,44.78432992520252
SDK1,False,0,16,1,87,1.7474747474747474,True,estimated,1.0,1.0,,0.0681860820104282,44.78432992520252
SDR16C5,False,0,16,1,87,1.7474747474747474,True,estimated,1.0,1.0,,0.0681860820104282,44.78432992520252
SDR39U1,False,0,16,1,87,1.7474747474747474,True,estimated,1.0,1.0,,0.0681860820104282,44.78432992520252
SEC14L5,False,0,16,1,87,1.7474747474747474,True,estimated,1.0,1.0,,0.0681860820104282,44.78432992520252
SEC16B,False,0,16,2,87,1.0363636363636364,True,estimated,1.0,1.0,,0.0475440423553343,22.590624052318386
SEC23A,False,0,16,1,87,1.7474747474747474,True,estimated,1.0,1.0,,0.0681860820104282,44.78432992520252
SEC24B,False,0,16,1,87,1.7474747474747474,True,estimated,1.0,1.0,,0.0681860820104282,44.78432992520252
SEC31A,False,0,16,1,87,1.7474747474747474,True,estimated,1.0,1.0,,0.0681860820104282,44.78432992520252
SEC61A2,False,0,16,1,87,1.7474747474747474,True,estimated,1.0,1.0,,0.0681860820104282,44.78432992520252
SEC63,False,0,16,1,87,1.7474747474747474,True,estimated,1.0,1.0,,0.0681860820104282,44.78432992520252
SECISBP2,False,0,16,1,87,1.7474747474747474,True,estimated,1.0,1.0,,0.0681860820104282,44.78432992520252
SECISBP2L,False,0,16,1,87,1.7474747474747474,True,estimated,1.0,1.0,,0.0681860820104282,44.78432992520252
SEL1L2,False,0,16,1,87,1.7474747474747474,True,estimated,1.0,1.0,,0.0681860820104282,44.78432992520252
SELENOI,False,0,16,1,87,1.7474747474747474,True,estimated,1.0,1.0,,0.0681860820104282,44.78432992520252
SELENON,False,0,16,1,87,1.7474747474747474,True,estimated,1.0,1.0,,0.0681860820104282,44.78432992520252
SELL,False,0,16,1,87,1.7474747474747474,True,estimated,1.0,1.0,,0.0681860820104282,44.78432992520252
SEMA3A,False,0,16,1,87,1.7474747474747474,True,estimated,1.0,1.0,,0.0681860820104282,44.78432992520252
SEMA3E,False,0,16,1,87,1.7474747474747474,True,estimated,1.0,1.0,,0.0681860820104282,44.78432992520252
SEMA4A,False,0,16,1,87,1.7474747474747474,True,estimated,1.0,1.0,,0.0681860820104282,44.78432992520252
SEMA6C,False,0,16,1,87,1.7474747474747474,True,estimated,1.0,1.0,,0.0681860820104282,44.78432992520252
SEMA6D,False,0,16,1,87,1.7474747474747474,True,estimated,1.0,1.0,,0.0681860820104282,44.78432992520252
SENP6,False,0,16,1,87,1.7474747474747474,True,estimated,1.0,1.0,,0.0681860820104282,44.78432992520252
SEPHS1,False,0,16,1,87,1.7474747474747474,True,estimated,1.0,1.0,,0.0681860820104282,44.78432992520252
SEPTIN10,False,0,16,1,87,1.7474747474747474,True,estimated,1.0,1.0,,0.0681860820104282,44.78432992520252
SEPTIN11,False,0,16,1,87,1.7474747474747474,True,estimated,1.0,1.0,,0.0681860820104282,44.78432992520252
SEPTIN3,False,0,16,1,87,1.7474747474747474,True,estimated,1.0,1.0,,0.0681860820104282,44.78432992520252
SERINC4,False,0,16,1,87,1.7474747474747474,True,estimated,1.0,1.0,,0.0681860820104282,44.78432992520252
SERPINA10,False,0,16,1,87,1.7474747474747474,True,estimated,1.0,1.0,,0.0681860820104282,44.78432992520252
SERPINA3,False,0,16,1,87,1.7474747474747474,True,estimated,1.0,1.0,,0.0681860820104282,44.78432992520252
SERPINB5,False,0,16,1,87,1.7474747474747474,True,estimated,1.0,1.0,,0.0681860820104282,44.78432992520252
SERPINB6,False,0,16,1,87,1.7474747474747474,True,estimated,1.0,1.0,,0.0681860820104282,44.78432992520252
SERPINB8,False,0,16,1,87,1.7474747474747474,True,estimated,1.0,1.0,,0.0681860820104282,44.78432992520252
SERPINF2,False,0,16,1,87,1.7474747474747474,True,estimated,1.0,1.0,,0.0681860820104282,44.78432992520252
SERPING1,False,0,16,1,87,1.7474747474747474,True,estimated,1.0,1.0,,0.0681860820104282,44.78432992520252
SESN2,False,0,16,1,87,1.7474747474747474,True,estimated,1.0,1.0,,0.0681860820104282,44.78432992520252
SESTD1,False,0,16,2,87,1.0363636363636364,True,estimated,1.0,1.0,,0.0475440423553343,22.590624052318386
SETBP1,False,0,16,1,87,1.7474747474747474,True,estimated,1.0,1.0,,0.0681860820104282,44.78432992520252
SETD2,True,1,16,5,87,1.0933333333333333,False,estimated,1.0,1.0,1.0,0.11916221206485453,10.03151718203409
SEZ6,False,0,16,1,87,1.7474747474747474,True,estimated,1.0,1.0,,0.0681860820104282,44.78432992520252
SEZ6L,False,0,16,1,87,1.7474747474747474,True,estimated,1.0,1.0,,0.0681860820104282,44.78432992520252
SF3A3,False,0,16,1,87,1.7474747474747474,True,estimated,1.0,1.0,,0.0681860820104282,44.78432992520252
SF3B1,False,0,16,1,87,1.7474747474747474,True,estimated,1.0,1.0,,0.0681860820104282,44.78432992520252
SF3B2,False,0,16,1,87,1.7474747474747474,True,estimated,1.0,1.0,,0.0681860820104282,44.78432992520252
SFMBT1,False,0,16,1,87,1.7474747474747474,True,estimated,1.0,1.0,,0.0681860820104282,44.78432992520252
SFSWAP,False,0,16,1,87,1.7474747474747474,True,estimated,1.0,1.0,,0.0681860820104282,44.78432992520252
SGCZ,False,0,16,1,87,1.7474747474747474,True,estimated,1.0,1.0,,0.0681860820104282,44.78432992520252
SGPL1,False,0,16,1,87,1.7474747474747474,True,estimated,1.0,1.0,,0.0681860820104282,44.78432992520252
SGPP2,False,0,16,1,87,1.7474747474747474,True,estimated,1.0,1.0,,0.0681860820104282,44.78432992520252
SH2B2,False,0,16,1,87,1.7474747474747474,True,estimated,1.0,1.0,,0.0681860820104282,44.78432992520252
SH2D3A,False,0,16,1,87,1.7474747474747474,True,estimated,1.0,1.0,,0.0681860820104282,44.78432992520252
SH2D3C,False,0,16,1,87,1.7474747474747474,True,estimated,1.0,1.0,,0.0681860820104282,44.78432992520252
SH3BGR,False,0,16,1,87,1.7474747474747474,True,estimated,1.0,1.0,,0.0681860820104282,44.78432992520252
SH3BP2,False,0,16,1,87,1.7474747474747474,True,estimated,1.0,1.0,,0.0681860820104282,44.78432992520252
SH3BP4,False,0,16,2,87,1.0363636363636364,True,estimated,1.0,1.0,,0.0475440423553343,22.590624052318386
SH3GLB1,False,0,16,1,87,1.7474747474747474,True,estimated,1.0,1.0,,0.0681860820104282,44.78432992520252
SH3TC1,False,0,16,1,87,1.7474747474747474,True,estimated,1.0,1.0,,0.0681860820104282,44.78432992520252
SHANK3,False,0,16,1,87,1.7474747474747474,True,estimated,1.0,1.0,,0.0681860820104282,44.78432992520252
SHH,False,0,16,1,87,1.7474747474747474,True,estimated,1.0,1.0,,0.0681860820104282,44.78432992520252
SHISA4,False,0,16,1,87,1.7474747474747474,True,estimated,1.0,1.0,,0.0681860820104282,44.78432992520252
SHKBP1,False,0,16,1,87,1.7474747474747474,True,estimated,1.0,1.0,,0.0681860820104282,44.78432992520252
SHMT2,False,0,16,1,87,1.7474747474747474,True,estimated,1.0,1.0,,0.0681860820104282,44.78432992520252
SHOC1,False,0,16,2,87,1.0363636363636364,True,estimated,1.0,1.0,,0.0475440423553343,22.590624052318386
SHPRH,False,0,16,1,87,1.7474747474747474,True,estimated,1.0,1.0,,0.0681860820104282,44.78432992520252
SHROOM3,False,0,16,1,87,1.7474747474747474,True,estimated,1.0,1.0,,0.0681860820104282,44.78432992520252
SI,False,0,16,1,87,1.7474747474747474,True,estimated,1.0,1.0,,0.0681860820104282,44.78432992520252
SIDT2,False,0,16,1,87,1.7474747474747474,True,estimated,1.0,1.0,,0.0681860820104282,44.78432992520252
SIGLEC1,False,0,16,1,87,1.7474747474747474,True,estimated,1.0,1.0,,0.0681860820104282,44.78432992520252
SIGLEC12,False,0,16,1,87,1.7474747474747474,True,estimated,1.0,1.0,,0.0681860820104282,44.78432992520252
SIGLEC9,False,0,16,1,87,1.7474747474747474,True,estimated,1.0,1.0,,0.0681860820104282,44.78432992520252
SIL1,False,0,16,1,87,1.7474747474747474,True,estimated,1.0,1.0,,0.0681860820104282,44.78432992520252
SIN3A,False,0,16,1,87,1.7474747474747474,True,estimated,1.0,1.0,,0.0681860820104282,44.78432992520252
SIN3B,False,0,16,1,87,1.7474747474747474,True,estimated,1.0,1.0,,0.0681860820104282,44.78432992520252
SIPA1L2,False,0,16,1,87,1.7474747474747474,True,estimated,1.0,1.0,,0.0681860820104282,44.78432992520252
SIPA1L3,False,0,16,2,87,1.0363636363636364,True,estimated,1.0,1.0,,0.0475440423553343,22.590624052318386
SIRPB1,False,0,16,1,87,1.7474747474747474,True,estimated,1.0,1.0,,0.0681860820104282,44.78432992520252
SIRT1,False,0,16,1,87,1.7474747474747474,True,estimated,1.0,1.0,,0.0681860820104282,44.78432992520252
SIRT7,False,0,16,1,87,1.7474747474747474,True,estimated,1.0,1.0,,0.0681860820104282,44.78432992520252
SKA3,False,0,16,1,87,1.7474747474747474,True,estimated,1.0,1.0,,0.0681860820104282,44.78432992520252
SKIDA1,False,0,16,1,87,1.7474747474747474,True,estimated,1.0,1.0,,0.0681860820104282,44.78432992520252
SKP2,False,0,16,1,87,1.7474747474747474,True,estimated,1.0,1.0,,0.0681860820104282,44.78432992520252
SLC10A3,False,0,16,1,87,1.7474747474747474,True,estimated,1.0,1.0,,0.0681860820104282,44.78432992520252
SLC10A5,False,0,16,1,87,1.7474747474747474,True,estimated,1.0,1.0,,0.0681860820104282,44.78432992520252
SLC12A6,False,0,16,1,87,1.7474747474747474,True,estimated,1.0,1.0,,0.0681860820104282,44.78432992520252
SLC13A3,False,0,16,1,87,1.7474747474747474,True,estimated,1.0,1.0,,0.0681860820104282,44.78432992520252
SLC14A2,False,0,16,1,87,1.7474747474747474,True,estimated,1.0,1.0,,0.0681860820104282,44.78432992520252
SLC15A2,False,0,16,1,87,1.7474747474747474,True,estimated,1.0,1.0,,0.0681860820104282,44.78432992520252
SLC15A3,False,0,16,1,87,1.7474747474747474,True,estimated,1.0,1.0,,0.0681860820104282,44.78432992520252
SLC17A1,False,0,16,1,87,1.7474747474747474,True,estimated,1.0,1.0,,0.0681860820104282,44.78432992520252
SLC17A4,False,0,16,1,87,1.7474747474747474,True,estimated,1.0,1.0,,0.0681860820104282,44.78432992520252
SLC17A6,False,0,16,2,87,1.0363636363636364,True,estimated,1.0,1.0,,0.0475440423553343,22.590624052318386
SLC17A8,False,0,16,1,87,1.7474747474747474,True,estimated,1.0,1.0,,0.0681860820104282,44.78432992520252
SLC17A9,False,0,16,1,87,1.7474747474747474,True,estimated,1.0,1.0,,0.0681860820104282,44.78432992520252
SLC19A2,False,0,16,1,87,1.7474747474747474,True,estimated,1.0,1.0,,0.0681860820104282,44.78432992520252
SLC19A3,False,0,16,1,87,1.7474747474747474,True,estimated,1.0,1.0,,0.0681860820104282,44.78432992520252
SLC1A1,False,0,16,1,87,1.7474747474747474,True,estimated,1.0,1.0,,0.0681860820104282,44.78432992520252
SLC1A5,False,0,16,1,87,1.7474747474747474,True,estimated,1.0,1.0,,0.0681860820104282,44.78432992520252
SLC22A11,False,0,16,1,87,1.7474747474747474,True,estimated,1.0,1.0,,0.0681860820104282,44.78432992520252
SLC22A12,False,0,16,1,87,1.7474747474747474,True,estimated,1.0,1.0,,0.0681860820104282,44.78432992520252
SLC22A16,False,0,16,2,87,1.0363636363636364,True,estimated,1.0,1.0,,0.0475440423553343,22.590624052318386
SLC22A4,False,0,16,1,87,1.7474747474747474,True,estimated,1.0,1.0,,0.0681860820104282,44.78432992520252
SLC22A5,False,0,16,1,87,1.7474747474747474,True,estimated,1.0,1.0,,0.0681860820104282,44.78432992520252
SLC22A6,False,0,16,1,87,1.7474747474747474,True,estimated,1.0,1.0,,0.0681860820104282,44.78432992520252
SLC22A8,False,0,16,2,87,1.0363636363636364,True,estimated,1.0,1.0,,0.0475440423553343,22.590624052318386
SLC22A9,False,0,16,1,87,1.7474747474747474,True,estimated,1.0,1.0,,0.0681860820104282,44.78432992520252
SLC23A1,False,0,16,1,87,1.7474747474747474,True,estimated,1.0,1.0,,0.0681860820104282,44.78432992520252
SLC25A24,False,0,16,1,87,1.7474747474747474,True,estimated,1.0,1.0,,0.0681860820104282,44.78432992520252
SLC25A28,False,0,16,1,87,1.7474747474747474,True,estimated,1.0,1.0,,0.0681860820104282,44.78432992520252
SLC25A39,False,0,16,1,87,1.7474747474747474,True,estimated,1.0,1.0,,0.0681860820104282,44.78432992520252
SLC25A53,False,0,16,1,87,1.7474747474747474,True,estimated,1.0,1.0,,0.0681860820104282,44.78432992520252
SLC26A1,False,0,16,1,87,1.7474747474747474,True,estimated,1.0,1.0,,0.0681860820104282,44.78432992520252
SLC26A8,False,0,16,1,87,1.7474747474747474,True,estimated,1.0,1.0,,0.0681860820104282,44.78432992520252
SLC2A14,False,0,16,1,87,1.7474747474747474,True,estimated,1.0,1.0,,0.0681860820104282,44.78432992520252
SLC2A3,False,0,16,1,87,1.7474747474747474,True,estimated,1.0,1.0,,0.0681860820104282,44.78432992520252
SLC30A3,False,0,16,1,87,1.7474747474747474,True,estimated,1.0,1.0,,0.0681860820104282,44.78432992520252
SLC34A1,False,0,16,1,87,1.7474747474747474,True,estimated,1.0,1.0,,0.0681860820104282,44.78432992520252
SLC34A3,False,0,16,1,87,1.7474747474747474,True,estimated,1.0,1.0,,0.0681860820104282,44.78432992520252
SLC35A1,False,0,16,1,87,1.7474747474747474,True,estimated,1.0,1.0,,0.0681860820104282,44.78432992520252
SLC35A2,False,0,16,1,87,1.7474747474747474,True,estimated,1.0,1.0,,0.0681860820104282,44.78432992520252
SLC35A4,False,0,16,1,87,1.7474747474747474,True,estimated,1.0,1.0,,0.0681860820104282,44.78432992520252
SLC35D2,False,0,16,1,87,1.7474747474747474,True,estimated,1.0,1.0,,0.0681860820104282,44.78432992520252
SLC36A1,False,0,16,1,87,1.7474747474747474,True,estimated,1.0,1.0,,0.0681860820104282,44.78432992520252
SLC37A4,False,0,16,1,87,1.7474747474747474,True,estimated,1.0,1.0,,0.0681860820104282,44.78432992520252
SLC38A10,False,0,16,1,87,1.7474747474747474,True,estimated,1.0,1.0,,0.0681860820104282,44.78432992520252
SLC39A10,False,0,16,1,87,1.7474747474747474,True,estimated,1.0,1.0,,0.0681860820104282,44.78432992520252
SLC39A6,False,0,16,2,87,1.0363636363636364,True,estimated,1.0,1.0,,0.0475440423553343,22.590624052318386
SLC3A1,False,0,16,2,87,1.0363636363636364,True,estimated,1.0,1.0,,0.0475440423553343,22.590624052318386
SLC3A2,False,0,16,1,87,1.7474747474747474,True,estimated,1.0,1.0,,0.0681860820104282,44.78432992520252
SLC41A2,False,0,16,1,87,1.7474747474747474,True,estimated,1.0,1.0,,0.0681860820104282,44.78432992520252
SLC44A1,False,0,16,1,87,1.7474747474747474,True,estimated,1.0,1.0,,0.0681860820104282,44.78432992520252
SLC44A4,False,0,16,1,87,1.7474747474747474,True,estimated,1.0,1.0,,0.0681860820104282,44.78432992520252
SLC45A2,False,0,16,1,87,1.7474747474747474,True,estimated,1.0,1.0,,0.0681860820104282,44.78432992520252
SLC45A3,False,0,16,1,87,1.7474747474747474,True,estimated,1.0,1.0,,0.0681860820104282,44.78432992520252
SLC47A1,False,0,16,1,87,1.7474747474747474,True,estimated,1.0,1.0,,0.0681860820104282,44.78432992520252
SLC47A2,False,0,16,1,87,1.7474747474747474,True,estimated,1.0,1.0,,0.0681860820104282,44.78432992520252
SLC4A1,False,0,16,1,87,1.7474747474747474,True,estimated,1.0,1.0,,0.0681860820104282,44.78432992520252
SLC4A10,False,0,16,1,87,1.7474747474747474,True,estimated,1.0,1.0,,0.0681860820104282,44.78432992520252
SLC4A2,False,0,16,1,87,1.7474747474747474,True,estimated,1.0,1.0,,0.0681860820104282,44.78432992520252
SLC4A5,False,0,16,1,87,1.7474747474747474,True,estimated,1.0,1.0,,0.0681860820104282,44.78432992520252
SLC52A2,False,0,16,1,87,1.7474747474747474,True,estimated,1.0,1.0,,0.0681860820104282,44.78432992520252
SLC5A10,False,0,16,1,87,1.7474747474747474,True,estimated,1.0,1.0,,0.0681860820104282,44.78432992520252
SLC66A3,False,0,16,1,87,1.7474747474747474,True,estimated,1.0,1.0,,0.0681860820104282,44.78432992520252
SLC6A1,False,0,16,1,87,1.7474747474747474,True,estimated,1.0,1.0,,0.0681860820104282,44.78432992520252
SLC6A12,False,0,16,1,87,1.7474747474747474,True,estimated,1.0,1.0,,0.0681860820104282,44.78432992520252
SLC6A19,False,0,16,1,87,1.7474747474747474,True,estimated,1.0,1.0,,0.0681860820104282,44.78432992520252
SLC6A7,False,0,16,1,87,1.7474747474747474,True,estimated,1.0,1.0,,0.0681860820104282,44.78432992520252
SLC6A8,False,0,16,1,87,1.7474747474747474,True,estimated,1.0,1.0,,0.0681860820104282,44.78432992520252
SLC7A1,False,0,16,1,87,1.7474747474747474,True,estimated,1.0,1.0,,0.0681860820104282,44.78432992520252
SLC7A14,False,0,16,1,87,1.7474747474747474,True,estimated,1.0,1.0,,0.0681860820104282,44.78432992520252
SLC7A2,False,0,16,2,87,1.0363636363636364,True,estimated,1.0,1.0,,0.0475440423553343,22.590624052318386
SLC8A3,False,0,16,1,87,1.7474747474747474,True,estimated,1.0,1.0,,0.0681860820104282,44.78432992520252
SLC9A1,False,0,16,1,87,1.7474747474747474,True,estimated,1.0,1.0,,0.0681860820104282,44.78432992520252
SLC9A4,False,0,16,1,87,1.7474747474747474,True,estimated,1.0,1.0,,0.0681860820104282,44.78432992520252
SLC9A7,False,0,16,1,87,1.7474747474747474,True,estimated,1.0,1.0,,0.0681860820104282,44.78432992520252
SLIT2,False,0,16,2,87,1.0363636363636364,True,estimated,1.0,1.0,,0.0475440423553343,22.590624052318386
SLIT3,False,0,16,2,87,1.0363636363636364,True,estimated,1.0,1.0,,0.0475440423553343,22.590624052318386
SLITRK2,False,0,16,1,87,1.7474747474747474,True,estimated,1.0,1.0,,0.0681860820104282,44.78432992520252
SLITRK3,False,0,16,1,87,1.7474747474747474,True,estimated,1.0,1.0,,0.0681860820104282,44.78432992520252
SLITRK5,False,0,16,1,87,1.7474747474747474,True,estimated,1.0,1.0,,0.0681860820104282,44.78432992520252
SLITRK6,False,0,16,4,87,0.5622895622895623,True,estimated,1.0,1.0,,0.028872485452665183,10.950548485967024
SLU7,False,0,16,1,87,1.7474747474747474,True,estimated,1.0,1.0,,0.0681860820104282,44.78432992520252
SLX4IP,False,0,16,1,87,1.7474747474747474,True,estimated,1.0,1.0,,0.0681860820104282,44.78432992520252
SMAD2,False,0,16,1,87,1.7474747474747474,True,estimated,1.0,1.0,,0.0681860820104282,44.78432992520252
SMARCA2,False,0,16,1,87,1.7474747474747474,True,estimated,1.0,1.0,,0.0681860820104282,44.78432992520252
SMARCA4,False,0,16,2,87,1.0363636363636364,True,estimated,1.0,1.0,,0.0475440423553343,22.590624052318386
SMARCA5,False,0,16,1,87,1.7474747474747474,True,estimated,1.0,1.0,,0.0681860820104282,44.78432992520252
SMARCAD1,False,0,16,1,87,1.7474747474747474,True,estimated,1.0,1.0,,0.0681860820104282,44.78432992520252
SMARCD2,False,0,16,1,87,1.7474747474747474,True,estimated,1.0,1.0,,0.0681860820104282,44.78432992520252
SMC2,False,0,16,1,87,1.7474747474747474,True,estimated,1.0,1.0,,0.0681860820104282,44.78432992520252
SMC5,False,0,16,1,87,1.7474747474747474,True,estimated,1.0,1.0,,0.0681860820104282,44.78432992520252
SMCO4,False,0,16,1,87,1.7474747474747474,True,estimated,1.0,1.0,,0.0681860820104282,44.78432992520252
SMCR8,False,0,16,1,87,1.7474747474747474,True,estimated,1.0,1.0,,0.0681860820104282,44.78432992520252
SMG8,False,0,16,1,87,1.7474747474747474,True,estimated,1.0,1.0,,0.0681860820104282,44.78432992520252
SMS,False,0,16,2,87,1.0363636363636364,True,estimated,1.0,1.0,,0.0475440423553343,22.590624052318386
SMU1,False,0,16,1,87,1.7474747474747474,True,estimated,1.0,1.0,,0.0681860820104282,44.78432992520252
SMUG1,False,0,16,1,87,1.7474747474747474,True,estimated,1.0,1.0,,0.0681860820104282,44.78432992520252
SNRNP48,False,0,16,1,87,1.7474747474747474,True,estimated,1.0,1.0,,0.0681860820104282,44.78432992520252
SNX10,False,0,16,1,87,1.7474747474747474,True,estimated,1.0,1.0,,0.0681860820104282,44.78432992520252
SNX14,False,0,16,2,87,1.0363636363636364,True,estimated,1.0,1.0,,0.0475440423553343,22.590624052318386
SNX17,False,0,16,1,87,1.7474747474747474,True,estimated,1.0,1.0,,0.0681860820104282,44.78432992520252
SNX19,False,0,16,1,87,1.7474747474747474,True,estimated,1.0,1.0,,0.0681860820104282,44.78432992520252
SNX25,False,0,16,1,87,1.7474747474747474,True,estimated,1.0,1.0,,0.0681860820104282,44.78432992520252
SNX33,False,0,16,1,87,1.7474747474747474,True,estimated,1.0,1.0,,0.0681860820104282,44.78432992520252
SOAT2,False,0,16,1,87,1.7474747474747474,True,estimated,1.0,1.0,,0.0681860820104282,44.78432992520252
SOHLH2,False,0,16,1,87,1.7474747474747474,True,estimated,1.0,1.0,,0.0681860820104282,44.78432992520252
SORBS3,False,0,16,1,87,1.7474747474747474,True,estimated,1.0,1.0,,0.0681860820104282,44.78432992520252
SORL1,False,0,16,1,87,1.7474747474747474,True,estimated,1.0,1.0,,0.0681860820104282,44.78432992520252
SOS1,False,0,16,1,87,1.7474747474747474,True,estimated,1.0,1.0,,0.0681860820104282,44.78432992520252
SOS2,False,0,16,1,87,1.7474747474747474,True,estimated,1.0,1.0,,0.0681860820104282,44.78432992520252
SOWAHD,False,0,16,1,87,1.7474747474747474,True,estimated,1.0,1.0,,0.0681860820104282,44.78432992520252
SOX4,False,0,16,1,87,1.7474747474747474,True,estimated,1.0,1.0,,0.0681860820104282,44.78432992520252
SOX5,False,0,16,3,87,0.7316017316017316,True,estimated,1.0,1.0,,0.03606794664834318,14.839799418058604
SP140,False,0,16,1,87,1.7474747474747474,True,estimated,1.0,1.0,,0.0681860820104282,44.78432992520252
SPAG4,False,0,16,1,87,1.7474747474747474,True,estimated,1.0,1.0,,0.0681860820104282,44.78432992520252
SPAG8,False,0,16,1,87,1.7474747474747474,True,estimated,1.0,1.0,,0.0681860820104282,44.78432992520252
SPAG9,False,0,16,1,87,1.7474747474747474,True,estimated,1.0,1.0,,0.0681860820104282,44.78432992520252
SPAM1,False,0,16,2,87,1.0363636363636364,True,estimated,1.0,1.0,,0.0475440423553343,22.590624052318386
SPANXD,False,0,16,1,87,1.7474747474747474,True,estimated,1.0,1.0,,0.0681860820104282,44.78432992520252
SPARC,False,0,16,1,87,1.7474747474747474,True,estimated,1.0,1.0,,0.0681860820104282,44.78432992520252
SPARCL1,False,0,16,1,87,1.7474747474747474,True,estimated,1.0,1.0,,0.0681860820104282,44.78432992520252
SPATA25,False,0,16,1,87,1.7474747474747474,True,estimated,1.0,1.0,,0.0681860820104282,44.78432992520252
SPATA31D1,False,0,16,1,87,1.7474747474747474,True,estimated,1.0,1.0,,0.0681860820104282,44.78432992520252
SPATA4,False,0,16,1,87,1.7474747474747474,True,estimated,1.0,1.0,,0.0681860820104282,44.78432992520252
SPATA5,False,0,16,1,87,1.7474747474747474,True,estimated,1.0,1.0,,0.0681860820104282,44.78432992520252
SPDEF,False,0,16,1,87,1.7474747474747474,True,estimated,1.0,1.0,,0.0681860820104282,44.78432992520252
SPEF2,False,0,16,1,87,1.7474747474747474,True,estimated,1.0,1.0,,0.0681860820104282,44.78432992520252
SPG11,False,0,16,1,87,1.7474747474747474,True,estimated,1.0,1.0,,0.0681860820104282,44.78432992520252
SPG21,False,0,16,1,87,1.7474747474747474,True,estimated,1.0,1.0,,0.0681860820104282,44.78432992520252
SPG7,False,0,16,1,87,1.7474747474747474,True,estimated,1.0,1.0,,0.0681860820104282,44.78432992520252
SPHKAP,False,0,16,1,87,1.7474747474747474,True,estimated,1.0,1.0,,0.0681860820104282,44.78432992520252
SPIN3,False,0,16,2,87,1.0363636363636364,True,estimated,1.0,1.0,,0.0475440423553343,22.590624052318386
SPINK5,False,0,16,3,87,0.7316017316017316,True,estimated,1.0,1.0,,0.03606794664834318,14.839799418058604
SPOCD1,False,0,16,1,87,1.7474747474747474,True,estimated,1.0,1.0,,0.0681860820104282,44.78432992520252
SPON1,False,0,16,1,87,1.7474747474747474,True,estimated,1.0,1.0,,0.0681860820104282,44.78432992520252
SPOUT1,False,0,16,1,87,1.7474747474747474,True,estimated,1.0,1.0,,0.0681860820104282,44.78432992520252
SPP1,False,0,16,1,87,1.7474747474747474,True,estimated,1.0,1.0,,0.0681860820104282,44.78432992520252
SPRED1,False,0,16,3,87,0.7316017316017316,True,estimated,1.0,1.0,,0.03606794664834318,14.839799418058604
SPTBN1,False,0,16,1,87,1.7474747474747474,True,estimated,1.0,1.0,,0.0681860820104282,44.78432992520252
SPTBN4,False,0,16,1,87,1.7474747474747474,True,estimated,1.0,1.0,,0.0681860820104282,44.78432992520252
SPTBN5,False,0,16,2,87,1.0363636363636364,True,estimated,1.0,1.0,,0.0475440423553343,22.590624052318386
SRC,False,0,16,1,87,1.7474747474747474,True,estimated,1.0,1.0,,0.0681860820104282,44.78432992520252
SRCAP,False,0,16,1,87,1.7474747474747474,True,estimated,1.0,1.0,,0.0681860820104282,44.78432992520252
SREBF2,False,0,16,2,87,1.0363636363636364,True,estimated,1.0,1.0,,0.0475440423553343,22.590624052318386
SRGAP1,False,0,16,1,87,1.7474747474747474,True,estimated,1.0,1.0,,0.0681860820104282,44.78432992520252
SRGAP3,False,0,16,1,87,1.7474747474747474,True,estimated,1.0,1.0,,0.0681860820104282,44.78432992520252
SRRM2,False,0,16,1,87,1.7474747474747474,True,estimated,1.0,1.0,,0.0681860820104282,44.78432992520252
SRSF4,False,0,16,1,87,1.7474747474747474,True,estimated,1.0,1.0,,0.0681860820104282,44.78432992520252
SS18,False,0,16,1,87,1.7474747474747474,True,estimated,1.0,1.0,,0.0681860820104282,44.78432992520252
SSBP4,False,0,16,1,87,1.7474747474747474,True,estimated,1.0,1.0,,0.0681860820104282,44.78432992520252
SSH1,False,0,16,1,87,1.7474747474747474,True,estimated,1.0,1.0,,0.0681860820104282,44.78432992520252
SSH2,False,0,16,2,87,1.0363636363636364,True,estimated,1.0,1.0,,0.0475440423553343,22.590624052318386
SSR4,False,0,16,1,87,1.7474747474747474,True,estimated,1.0,1.0,,0.0681860820104282,44.78432992520252
SSRP1,False,0,16,1,87,1.7474747474747474,True,estimated,1.0,1.0,,0.0681860820104282,44.78432992520252
SSTR3,False,0,16,1,87,1.7474747474747474,True,estimated,1.0,1.0,,0.0681860820104282,44.78432992520252
ST14,False,0,16,1,87,1.7474747474747474,True,estimated,1.0,1.0,,0.0681860820104282,44.78432992520252
ST18,False,0,16,1,87,1.7474747474747474,True,estimated,1.0,1.0,,0.0681860820104282,44.78432992520252
ST3GAL3,False,0,16,1,87,1.7474747474747474,True,estimated,1.0,1.0,,0.0681860820104282,44.78432992520252
ST6GALNAC5,False,0,16,1,87,1.7474747474747474,True,estimated,1.0,1.0,,0.0681860820104282,44.78432992520252
ST7L,False,0,16,1,87,1.7474747474747474,True,estimated,1.0,1.0,,0.0681860820104282,44.78432992520252
ST8SIA1,False,0,16,1,87,1.7474747474747474,True,estimated,1.0,1.0,,0.0681860820104282,44.78432992520252
ST8SIA4,False,0,16,1,87,1.7474747474747474,True,estimated,1.0,1.0,,0.0681860820104282,44.78432992520252
ST8SIA5,False,0,16,1,87,1.7474747474747474,True,estimated,1.0,1.0,,0.0681860820104282,44.78432992520252
STAB2,False,0,16,1,87,1.7474747474747474,True,estimated,1.0,1.0,,0.0681860820104282,44.78432992520252
STAC2,False,0,16,1,87,1.7474747474747474,True,estimated,1.0,1.0,,0.0681860820104282,44.78432992520252
STAG1,False,0,16,1,87,1.7474747474747474,True,estimated,1.0,1.0,,0.0681860820104282,44.78432992520252
STAG3,False,0,16,1,87,1.7474747474747474,True,estimated,1.0,1.0,,0.0681860820104282,44.78432992520252
STAM,False,0,16,1,87,1.7474747474747474,True,estimated,1.0,1.0,,0.0681860820104282,44.78432992520252
STARD13,False,0,16,1,87,1.7474747474747474,True,estimated,1.0,1.0,,0.0681860820104282,44.78432992520252
STARD6,False,0,16,1,87,1.7474747474747474,True,estimated,1.0,1.0,,0.0681860820104282,44.78432992520252
STIL,False,0,16,1,87,1.7474747474747474,True,estimated,1.0,1.0,,0.0681860820104282,44.78432992520252
STK17B,False,0,16,1,87,1.7474747474747474,True,estimated,1.0,1.0,,0.0681860820104282,44.78432992520252
STK32B,False,0,16,1,87,1.7474747474747474,True,estimated,1.0,1.0,,0.0681860820104282,44.78432992520252
STMN4,False,0,16,1,87,1.7474747474747474,True,estimated,1.0,1.0,,0.0681860820104282,44.78432992520252
STPG2,False,0,16,2,87,1.0363636363636364,True,estimated,1.0,1.0,,0.0475440423553343,22.590624052318386
STPG4,False,0,16,1,87,1.7474747474747474,True,estimated,1.0,1.0,,0.0681860820104282,44.78432992520252
STRN,False,0,16,1,87,1.7474747474747474,True,estimated,1.0,1.0,,0.0681860820104282,44.78432992520252
STRN3,False,0,16,1,87,1.7474747474747474,True,estimated,1.0,1.0,,0.0681860820104282,44.78432992520252
STS,False,0,16,1,87,1.7474747474747474,True,estimated,1.0,1.0,,0.0681860820104282,44.78432992520252
STT3A,False,0,16,1,87,1.7474747474747474,True,estimated,1.0,1.0,,0.0681860820104282,44.78432992520252
STX7,False,0,16,1,87,1.7474747474747474,True,estimated,1.0,1.0,,0.0681860820104282,44.78432992520252
STX8,False,0,16,1,87,1.7474747474747474,True,estimated,1.0,1.0,,0.0681860820104282,44.78432992520252
STXBP5L,False,0,16,1,87,1.7474747474747474,True,estimated,1.0,1.0,,0.0681860820104282,44.78432992520252
STYX,False,0,16,1,87,1.7474747474747474,True,estimated,1.0,1.0,,0.0681860820104282,44.78432992520252
SUCLG1,False,0,16,1,87,1.7474747474747474,True,estimated,1.0,1.0,,0.0681860820104282,44.78432992520252
SUDS3,False,0,16,1,87,1.7474747474747474,True,estimated,1.0,1.0,,0.0681860820104282,44.78432992520252
SUGCT,False,0,16,1,87,1.7474747474747474,True,estimated,1.0,1.0,,0.0681860820104282,44.78432992520252
SUGT1,False,0,16,1,87,1.7474747474747474,True,estimated,1.0,1.0,,0.0681860820104282,44.78432992520252
SULF1,False,0,16,1,87,1.7474747474747474,True,estimated,1.0,1.0,,0.0681860820104282,44.78432992520252
SUPT20HL1,False,0,16,2,87,1.0363636363636364,True,estimated,1.0,1.0,,0.0475440423553343,22.590624052318386
SUPT3H,False,0,16,1,87,1.7474747474747474,True,estimated,1.0,1.0,,0.0681860820104282,44.78432992520252
SUPT5H,False,0,16,1,87,1.7474747474747474,True,estimated,1.0,1.0,,0.0681860820104282,44.78432992520252
SUPT6H,False,0,16,1,87,1.7474747474747474,True,estimated,1.0,1.0,,0.0681860820104282,44.78432992520252
SUPT7L,False,0,16,1,87,1.7474747474747474,True,estimated,1.0,1.0,,0.0681860820104282,44.78432992520252
SURF4,False,0,16,1,87,1.7474747474747474,True,estimated,1.0,1.0,,0.0681860820104282,44.78432992520252
SUZ12,False,0,16,1,87,1.7474747474747474,True,estimated,1.0,1.0,,0.0681860820104282,44.78432992520252
SV2C,False,0,16,1,87,1.7474747474747474,True,estimated,1.0,1.0,,0.0681860820104282,44.78432992520252
SVEP1,False,0,16,2,87,1.0363636363636364,True,estimated,1.0,1.0,,0.0475440423553343,22.590624052318386
SYCP2L,False,0,16,2,87,1.0363636363636364,True,estimated,1.0,1.0,,0.0475440423553343,22.590624052318386
SYF2,False,0,16,1,87,1.7474747474747474,True,estimated,1.0,1.0,,0.0681860820104282,44.78432992520252
SYNJ1,False,0,16,1,87,1.7474747474747474,True,estimated,1.0,1.0,,0.0681860820104282,44.78432992520252
SYNM,False,0,16,1,87,1.7474747474747474,True,estimated,1.0,1.0,,0.0681860820104282,44.78432992520252
SYNRG,False,0,16,1,87,1.7474747474747474,True,estimated,1.0,1.0,,0.0681860820104282,44.78432992520252
SYPL2,False,0,16,1,87,1.7474747474747474,True,estimated,1.0,1.0,,0.0681860820104282,44.78432992520252
SYT11,False,0,16,1,87,1.7474747474747474,True,estimated,1.0,1.0,,0.0681860820104282,44.78432992520252
SYT15,False,0,16,1,87,1.7474747474747474,True,estimated,1.0,1.0,,0.0681860820104282,44.78432992520252
SYT3,False,0,16,1,87,1.7474747474747474,True,estimated,1.0,1.0,,0.0681860820104282,44.78432992520252
SYT6,False,0,16,1,87,1.7474747474747474,True,estimated,1.0,1.0,,0.0681860820104282,44.78432992520252
SYTL2,False,0,16,2,87,1.0363636363636364,True,estimated,1.0,1.0,,0.0475440423553343,22.590624052318386
TAAR9,False,0,16,1,87,1.7474747474747474,True,estimated,1.0,1.0,,0.0681860820104282,44.78432992520252
TACC1,False,0,16,1,87,1.7474747474747474,True,estimated,1.0,1.0,,0.0681860820104282,44.78432992520252
TACR3,False,0,16,2,87,1.0363636363636364,True,estimated,1.0,1.0,,0.0475440423553343,22.590624052318386
TADA1,False,0,16,2,87,1.0363636363636364,True,estimated,1.0,1.0,,0.0475440423553343,22.590624052318386
TADA2A,False,0,16,1,87,1.7474747474747474,True,estimated,1.0,1.0,,0.0681860820104282,44.78432992520252
TAF1C,False,0,16,1,87,1.7474747474747474,True,estimated,1.0,1.0,,0.0681860820104282,44.78432992520252
TAF1L,False,0,16,1,87,1.7474747474747474,True,estimated,1.0,1.0,,0.0681860820104282,44.78432992520252
TAF2,False,0,16,1,87,1.7474747474747474,True,estimated,1.0,1.0,,0.0681860820104282,44.78432992520252
TAF7L,False,0,16,1,87,1.7474747474747474,True,estimated,1.0,1.0,,0.0681860820104282,44.78432992520252
TAFA2,False,0,16,1,87,1.7474747474747474,True,estimated,1.0,1.0,,0.0681860820104282,44.78432992520252
TANC1,False,0,16,2,87,1.0363636363636364,True,estimated,1.0,1.0,,0.0475440423553343,22.590624052318386
TAOK3,False,0,16,1,87,1.7474747474747474,True,estimated,1.0,1.0,,0.0681860820104282,44.78432992520252
TARBP1,False,0,16,1,87,1.7474747474747474,True,estimated,1.0,1.0,,0.0681860820104282,44.78432992520252
TARS2,False,0,16,1,87,1.7474747474747474,True,estimated,1.0,1.0,,0.0681860820104282,44.78432992520252
TARS3,False,0,16,1,87,1.7474747474747474,True,estimated,1.0,1.0,,0.0681860820104282,44.78432992520252
TAS1R2,False,0,16,1,87,1.7474747474747474,True,estimated,1.0,1.0,,0.0681860820104282,44.78432992520252
TAS2R31,False,0,16,1,87,1.7474747474747474,True,estimated,1.0,1.0,,0.0681860820104282,44.78432992520252
TAS2R39,False,0,16,1,87,1.7474747474747474,True,estimated,1.0,1.0,,0.0681860820104282,44.78432992520252
TAZ,False,0,16,2,87,1.0363636363636364,True,estimated,1.0,1.0,,0.0475440423553343,22.590624052318386
TBC1D14,False,0,16,1,87,1.7474747474747474,True,estimated,1.0,1.0,,0.0681860820104282,44.78432992520252
TBC1D15,False,0,16,1,87,1.7474747474747474,True,estimated,1.0,1.0,,0.0681860820104282,44.78432992520252
TBC1D16,False,0,16,1,87,1.7474747474747474,True,estimated,1.0,1.0,,0.0681860820104282,44.78432992520252
TBC1D8B,False,0,16,1,87,1.7474747474747474,True,estimated,1.0,1.0,,0.0681860820104282,44.78432992520252
TBC1D9B,False,0,16,2,87,1.0363636363636364,True,estimated,1.0,1.0,,0.0475440423553343,22.590624052318386
TBL1Y,False,0,16,1,87,1.7474747474747474,True,estimated,1.0,1.0,,0.0681860820104282,44.78432992520252
TBX19,False,0,16,1,87,1.7474747474747474,True,estimated,1.0,1.0,,0.0681860820104282,44.78432992520252
TBXAS1,False,0,16,2,87,1.0363636363636364,True,estimated,1.0,1.0,,0.0475440423553343,22.590624052318386
TCEAL3,False,0,16,1,87,1.7474747474747474,True,estimated,1.0,1.0,,0.0681860820104282,44.78432992520252
TCEAL4,False,0,16,1,87,1.7474747474747474,True,estimated,1.0,1.0,,0.0681860820104282,44.78432992520252
TCEAL8,False,0,16,1,87,1.7474747474747474,True,estimated,1.0,1.0,,0.0681860820104282,44.78432992520252
TCERG1,False,0,16,1,87,1.7474747474747474,True,estimated,1.0,1.0,,0.0681860820104282,44.78432992520252
TCERG1L,False,0,16,1,87,1.7474747474747474,True,estimated,1.0,1.0,,0.0681860820104282,44.78432992520252
TCF12,False,0,16,1,87,1.7474747474747474,True,estimated,1.0,1.0,,0.0681860820104282,44.78432992520252
TCF20,False,0,16,1,87,1.7474747474747474,True,estimated,1.0,1.0,,0.0681860820104282,44.78432992520252
TCHH,False,0,16,1,87,1.7474747474747474,True,estimated,1.0,1.0,,0.0681860820104282,44.78432992520252
TCN2,False,0,16,1,87,1.7474747474747474,True,estimated,1.0,1.0,,0.0681860820104282,44.78432992520252
TCP11,False,0,16,1,87,1.7474747474747474,True,estimated,1.0,1.0,,0.0681860820104282,44.78432992520252
TCP11L1,False,0,16,1,87,1.7474747474747474,True,estimated,1.0,1.0,,0.0681860820104282,44.78432992520252
TEC,False,0,16,1,87,1.7474747474747474,True,estimated,1.0,1.0,,0.0681860820104282,44.78432992520252
TECRL,False,0,16,1,87,1.7474747474747474,True,estimated,1.0,1.0,,0.0681860820104282,44.78432992520252
TECTA,False,0,16,2,87,1.0363636363636364,True,estimated,1.0,1.0,,0.0475440423553343,22.590624052318386
TECTB,False,0,16,1,87,1.7474747474747474,True,estimated,1.0,1.0,,0.0681860820104282,44.78432992520252
TEK,False,0,16,1,87,1.7474747474747474,True,estimated,1.0,1.0,,0.0681860820104282,44.78432992520252
TEKT1,False,0,16,1,87,1.7474747474747474,True,estimated,1.0,1.0,,0.0681860820104282,44.78432992520252
TEKT2,False,0,16,1,87,1.7474747474747474,True,estimated,1.0,1.0,,0.0681860820104282,44.78432992520252
TEKT3,False,0,16,2,87,1.0363636363636364,True,estimated,1.0,1.0,,0.0475440423553343,22.590624052318386
TEKT4,False,0,16,1,87,1.7474747474747474,True,estimated,1.0,1.0,,0.0681860820104282,44.78432992520252
TENM1,False,0,16,3,87,0.7316017316017316,True,estimated,1.0,1.0,,0.03606794664834318,14.839799418058604
TENM3,False,0,16,1,87,1.7474747474747474,True,estimated,1.0,1.0,,0.0681860820104282,44.78432992520252
TENM4,False,0,16,1,87,1.7474747474747474,True,estimated,1.0,1.0,,0.0681860820104282,44.78432992520252
TENT4B,False,0,16,1,87,1.7474747474747474,True,estimated,1.0,1.0,,0.0681860820104282,44.78432992520252
TERT,False,0,16,2,87,1.0363636363636364,True,estimated,1.0,1.0,,0.0475440423553343,22.590624052318386
TET2,False,0,16,3,87,0.7316017316017316,True,estimated,1.0,1.0,,0.03606794664834318,14.839799418058604
TEX13A,False,0,16,1,87,1.7474747474747474,True,estimated,1.0,1.0,,0.0681860820104282,44.78432992520252
TEX26,False,0,16,1,87,1.7474747474747474,True,estimated,1.0,1.0,,0.0681860820104282,44.78432992520252
TEX45,False,0,16,1,87,1.7474747474747474,True,estimated,1.0,1.0,,0.0681860820104282,44.78432992520252
TFAP2C,False,0,16,1,87,1.7474747474747474,True,estimated,1.0,1.0,,0.0681860820104282,44.78432992520252
TFR2,False,0,16,1,87,1.7474747474747474,True,estimated,1.0,1.0,,0.0681860820104282,44.78432992520252
TFRC,False,0,16,1,87,1.7474747474747474,True,estimated,1.0,1.0,,0.0681860820104282,44.78432992520252
TG,False,0,16,1,87,1.7474747474747474,True,estimated,1.0,1.0,,0.0681860820104282,44.78432992520252
TGFBI,False,0,16,1,87,1.7474747474747474,True,estimated,1.0,1.0,,0.0681860820104282,44.78432992520252
TGIF2LX,False,0,16,1,87,1.7474747474747474,True,estimated,1.0,1.0,,0.0681860820104282,44.78432992520252
TGM5,False,0,16,3,87,0.7316017316017316,True,estimated,1.0,1.0,,0.03606794664834318,14.839799418058604
TGM6,False,0,16,1,87,1.7474747474747474,True,estimated,1.0,1.0,,0.0681860820104282,44.78432992520252
TH,False,0,16,1,87,1.7474747474747474,True,estimated,1.0,1.0,,0.0681860820104282,44.78432992520252
THAP9,False,0,16,1,87,1.7474747474747474,True,estimated,1.0,1.0,,0.0681860820104282,44.78432992520252
THBS1,False,0,16,2,87,1.0363636363636364,True,estimated,1.0,1.0,,0.0475440423553343,22.590624052318386
THEM5,False,0,16,1,87,1.7474747474747474,True,estimated,1.0,1.0,,0.0681860820104282,44.78432992520252
THOC1,False,0,16,1,87,1.7474747474747474,True,estimated,1.0,1.0,,0.0681860820104282,44.78432992520252
THOC2,False,0,16,1,87,1.7474747474747474,True,estimated,1.0,1.0,,0.0681860820104282,44.78432992520252
THOP1,False,0,16,1,87,1.7474747474747474,True,estimated,1.0,1.0,,0.0681860820104282,44.78432992520252
THRA,False,0,16,1,87,1.7474747474747474,True,estimated,1.0,1.0,,0.0681860820104282,44.78432992520252
THRSP,False,0,16,1,87,1.7474747474747474,True,estimated,1.0,1.0,,0.0681860820104282,44.78432992520252
THSD1,False,0,16,1,87,1.7474747474747474,True,estimated,1.0,1.0,,0.0681860820104282,44.78432992520252
THSD7A,False,0,16,1,87,1.7474747474747474,True,estimated,1.0,1.0,,0.0681860820104282,44.78432992520252
THSD7B,False,0,16,1,87,1.7474747474747474,True,estimated,1.0,1.0,,0.0681860820104282,44.78432992520252
TIAF1,False,0,16,1,87,1.7474747474747474,True,estimated,1.0,1.0,,0.0681860820104282,44.78432992520252
TIE1,False,0,16,1,87,1.7474747474747474,True,estimated,1.0,1.0,,0.0681860820104282,44.78432992520252
TINAG,False,0,16,1,87,1.7474747474747474,True,estimated,1.0,1.0,,0.0681860820104282,44.78432992520252
TIPARP,False,0,16,1,87,1.7474747474747474,True,estimated,1.0,1.0,,0.0681860820104282,44.78432992520252
TIPIN,False,0,16,1,87,1.7474747474747474,True,estimated,1.0,1.0,,0.0681860820104282,44.78432992520252
TIPRL,False,0,16,1,87,1.7474747474747474,True,estimated,1.0,1.0,,0.0681860820104282,44.78432992520252
TJP2,False,0,16,1,87,1.7474747474747474,True,estimated,1.0,1.0,,0.0681860820104282,44.78432992520252
TKFC,False,0,16,1,87,1.7474747474747474,True,estimated,1.0,1.0,,0.0681860820104282,44.78432992520252
TKTL2,False,0,16,1,87,1.7474747474747474,True,estimated,1.0,1.0,,0.0681860820104282,44.78432992520252
TLE3,False,0,16,2,87,1.0363636363636364,True,estimated,1.0,1.0,,0.0475440423553343,22.590624052318386
TLE6,False,0,16,1,87,1.7474747474747474,True,estimated,1.0,1.0,,0.0681860820104282,44.78432992520252
TLR2,False,0,16,2,87,1.0363636363636364,True,estimated,1.0,1.0,,0.0475440423553343,22.590624052318386
TM4SF18,False,0,16,1,87,1.7474747474747474,True,estimated,1.0,1.0,,0.0681860820104282,44.78432992520252
TM6SF1,False,0,16,1,87,1.7474747474747474,True,estimated,1.0,1.0,,0.0681860820104282,44.78432992520252
TM9SF3,False,0,16,1,87,1.7474747474747474,True,estimated,1.0,1.0,,0.0681860820104282,44.78432992520252
TMBIM1,False,0,16,1,87,1.7474747474747474,True,estimated,1.0,1.0,,0.0681860820104282,44.78432992520252
TMC1,False,0,16,1,87,1.7474747474747474,True,estimated,1.0,1.0,,0.0681860820104282,44.78432992520252
TMCO2,False,0,16,1,87,1.7474747474747474,True,estimated,1.0,1.0,,0.0681860820104282,44.78432992520252
TMCO3,False,0,16,1,87,1.7474747474747474,True,estimated,1.0,1.0,,0.0681860820104282,44.78432992520252
TMCO6,False,0,16,1,87,1.7474747474747474,True,estimated,1.0,1.0,,0.0681860820104282,44.78432992520252
TMED2,False,0,16,1,87,1.7474747474747474,True,estimated,1.0,1.0,,0.0681860820104282,44.78432992520252
TMEFF2,False,0,16,1,87,1.7474747474747474,True,estimated,1.0,1.0,,0.0681860820104282,44.78432992520252
TMEM132D,False,0,16,1,87,1.7474747474747474,True,estimated,1.0,1.0,,0.0681860820104282,44.78432992520252
TMEM132E,False,0,16,1,87,1.7474747474747474,True,estimated,1.0,1.0,,0.0681860820104282,44.78432992520252
TMEM165,False,0,16,1,87,1.7474747474747474,True,estimated,1.0,1.0,,0.0681860820104282,44.78432992520252
TMEM168,False,0,16,1,87,1.7474747474747474,True,estimated,1.0,1.0,,0.0681860820104282,44.78432992520252
TMEM169,False,0,16,1,87,1.7474747474747474,True,estimated,1.0,1.0,,0.0681860820104282,44.78432992520252
TMEM171,False,0,16,1,87,1.7474747474747474,True,estimated,1.0,1.0,,0.0681860820104282,44.78432992520252
TMEM198,False,0,16,1,87,1.7474747474747474,True,estimated,1.0,1.0,,0.0681860820104282,44.78432992520252
TMEM200A,False,0,16,1,87,1.7474747474747474,True,estimated,1.0,1.0,,0.0681860820104282,44.78432992520252
TMEM200C,False,0,16,1,87,1.7474747474747474,True,estimated,1.0,1.0,,0.0681860820104282,44.78432992520252
TMEM225,False,0,16,1,87,1.7474747474747474,True,estimated,1.0,1.0,,0.0681860820104282,44.78432992520252
TMEM254,False,0,16,1,87,1.7474747474747474,True,estimated,1.0,1.0,,0.0681860820104282,44.78432992520252
TMEM255B,False,0,16,2,87,1.0363636363636364,True,estimated,1.0,1.0,,0.0475440423553343,22.590624052318386
TMEM38B,False,0,16,1,87,1.7474747474747474,True,estimated,1.0,1.0,,0.0681860820104282,44.78432992520252
TMEM45B,False,0,16,1,87,1.7474747474747474,True,estimated,1.0,1.0,,0.0681860820104282,44.78432992520252
TMEM59L,False,0,16,1,87,1.7474747474747474,True,estimated,1.0,1.0,,0.0681860820104282,44.78432992520252
TMEM63B,False,0,16,2,87,1.0363636363636364,True,estimated,1.0,1.0,,0.0475440423553343,22.590624052318386
TMEM71,False,0,16,1,87,1.7474747474747474,True,estimated,1.0,1.0,,0.0681860820104282,44.78432992520252
TMEM74B,False,0,16,1,87,1.7474747474747474,True,estimated,1.0,1.0,,0.0681860820104282,44.78432992520252
TMEM81,False,0,16,1,87,1.7474747474747474,True,estimated,1.0,1.0,,0.0681860820104282,44.78432992520252
TMEM87A,False,0,16,1,87,1.7474747474747474,True,estimated,1.0,1.0,,0.0681860820104282,44.78432992520252
TMF1,False,0,16,1,87,1.7474747474747474,True,estimated,1.0,1.0,,0.0681860820104282,44.78432992520252
TMIGD1,False,0,16,1,87,1.7474747474747474,True,estimated,1.0,1.0,,0.0681860820104282,44.78432992520252
TMPRSS11A,False,0,16,1,87,1.7474747474747474,True,estimated,1.0,1.0,,0.0681860820104282,44.78432992520252
TMPRSS11D,False,0,16,1,87,1.7474747474747474,True,estimated,1.0,1.0,,0.0681860820104282,44.78432992520252
TMPRSS15,False,0,16,1,87,1.7474747474747474,True,estimated,1.0,1.0,,0.0681860820104282,44.78432992520252
TMTC3,False,0,16,1,87,1.7474747474747474,True,estimated,1.0,1.0,,0.0681860820104282,44.78432992520252
TMX3,False,0,16,1,87,1.7474747474747474,True,estimated,1.0,1.0,,0.0681860820104282,44.78432992520252
TNC,False,0,16,1,87,1.7474747474747474,True,estimated,1.0,1.0,,0.0681860820104282,44.78432992520252
TNIK,False,0,16,1,87,1.7474747474747474,True,estimated,1.0,1.0,,0.0681860820104282,44.78432992520252
TNKS,False,0,16,1,87,1.7474747474747474,True,estimated,1.0,1.0,,0.0681860820104282,44.78432992520252
TNKS1BP1,False,0,16,1,87,1.7474747474747474,True,estimated,1.0,1.0,,0.0681860820104282,44.78432992520252
TNN,False,0,16,1,87,1.7474747474747474,True,estimated,1.0,1.0,,0.0681860820104282,44.78432992520252
TNNT1,False,0,16,1,87,1.7474747474747474,True,estimated,1.0,1.0,,0.0681860820104282,44.78432992520252
TNNT3,False,0,16,1,87,1.7474747474747474,True,estimated,1.0,1.0,,0.0681860820104282,44.78432992520252
TNPO3,False,0,16,1,87,1.7474747474747474,True,estimated,1.0,1.0,,0.0681860820104282,44.78432992520252
TNS1,False,0,16,1,87,1.7474747474747474,True,estimated,1.0,1.0,,0.0681860820104282,44.78432992520252
TNS2,False,0,16,2,87,1.0363636363636364,True,estimated,1.0,1.0,,0.0475440423553343,22.590624052318386
TNXB,False,0,16,1,87,1.7474747474747474,True,estimated,1.0,1.0,,0.0681860820104282,44.78432992520252
TOB2,False,0,16,1,87,1.7474747474747474,True,estimated,1.0,1.0,,0.0681860820104282,44.78432992520252
TOM1L1,False,0,16,1,87,1.7474747474747474,True,estimated,1.0,1.0,,0.0681860820104282,44.78432992520252
TOP1,False,0,16,1,87,1.7474747474747474,True,estimated,1.0,1.0,,0.0681860820104282,44.78432992520252
TOP3B,False,0,16,1,87,1.7474747474747474,True,estimated,1.0,1.0,,0.0681860820104282,44.78432992520252
TP53BP1,False,0,16,1,87,1.7474747474747474,True,estimated,1.0,1.0,,0.0681860820104282,44.78432992520252
TP53BP2,False,0,16,1,87,1.7474747474747474,True,estimated,1.0,1.0,,0.0681860820104282,44.78432992520252
TP53I3,False,0,16,1,87,1.7474747474747474,True,estimated,1.0,1.0,,0.0681860820104282,44.78432992520252
TPO,False,0,16,1,87,1.7474747474747474,True,estimated,1.0,1.0,,0.0681860820104282,44.78432992520252
TPR,False,0,16,1,87,1.7474747474747474,True,estimated,1.0,1.0,,0.0681860820104282,44.78432992520252
TPRG1,False,0,16,1,87,1.7474747474747474,True,estimated,1.0,1.0,,0.0681860820104282,44.78432992520252
TPSD1,False,0,16,1,87,1.7474747474747474,True,estimated,1.0,1.0,,0.0681860820104282,44.78432992520252
TPTE2,False,0,16,1,87,1.7474747474747474,True,estimated,1.0,1.0,,0.0681860820104282,44.78432992520252
TRAC,False,0,16,1,87,1.7474747474747474,True,estimated,1.0,1.0,,0.0681860820104282,44.78432992520252
TRADD,False,0,16,1,87,1.7474747474747474,True,estimated,1.0,1.0,,0.0681860820104282,44.78432992520252
TRAF5,False,0,16,1,87,1.7474747474747474,True,estimated,1.0,1.0,,0.0681860820104282,44.78432992520252
TRAFD1,False,0,16,1,87,1.7474747474747474,True,estimated,1.0,1.0,,0.0681860820104282,44.78432992520252
TRANK1,False,0,16,1,87,1.7474747474747474,True,estimated,1.0,1.0,,0.0681860820104282,44.78432992520252
TRAPPC10,False,0,16,1,87,1.7474747474747474,True,estimated,1.0,1.0,,0.0681860820104282,44.78432992520252
TRAPPC11,False,0,16,3,87,0.7316017316017316,True,estimated,1.0,1.0,,0.03606794664834318,14.839799418058604
TRAPPC13,False,0,16,1,87,1.7474747474747474,True,estimated,1.0,1.0,,0.0681860820104282,44.78432992520252
TRAPPC2,False,0,16,1,87,1.7474747474747474,True,estimated,1.0,1.0,,0.0681860820104282,44.78432992520252
TRARG1,False,0,16,1,87,1.7474747474747474,True,estimated,1.0,1.0,,0.0681860820104282,44.78432992520252
TRAT1,False,0,16,2,87,1.0363636363636364,True,estimated,1.0,1.0,,0.0475440423553343,22.590624052318386
TRAV27,False,0,16,1,87,1.7474747474747474,True,estimated,1.0,1.0,,0.0681860820104282,44.78432992520252
TREH,False,0,16,1,87,1.7474747474747474,True,estimated,1.0,1.0,,0.0681860820104282,44.78432992520252
TREM2,False,0,16,1,87,1.7474747474747474,True,estimated,1.0,1.0,,0.0681860820104282,44.78432992520252
TRHR,False,0,16,1,87,1.7474747474747474,True,estimated,1.0,1.0,,0.0681860820104282,44.78432992520252
TRIM23,False,0,16,1,87,1.7474747474747474,True,estimated,1.0,1.0,,0.0681860820104282,44.78432992520252
TRIM24,False,0,16,1,87,1.7474747474747474,True,estimated,1.0,1.0,,0.0681860820104282,44.78432992520252
TRIM28,False,0,16,1,87,1.7474747474747474,True,estimated,1.0,1.0,,0.0681860820104282,44.78432992520252
TRIM36,False,0,16,1,87,1.7474747474747474,True,estimated,1.0,1.0,,0.0681860820104282,44.78432992520252
TRIM39,False,0,16,1,87,1.7474747474747474,True,estimated,1.0,1.0,,0.0681860820104282,44.78432992520252
TRIM6,False,0,16,1,87,1.7474747474747474,True,estimated,1.0,1.0,,0.0681860820104282,44.78432992520252
TRIM62,False,0,16,1,87,1.7474747474747474,True,estimated,1.0,1.0,,0.0681860820104282,44.78432992520252
TRIM65,False,0,16,1,87,1.7474747474747474,True,estimated,1.0,1.0,,0.0681860820104282,44.78432992520252
TRIM67,False,0,16,1,87,1.7474747474747474,True,estimated,1.0,1.0,,0.0681860820104282,44.78432992520252
TRIM71,False,0,16,1,87,1.7474747474747474,True,estimated,1.0,1.0,,0.0681860820104282,44.78432992520252
TRIM73,False,0,16,1,87,1.7474747474747474,True,estimated,1.0,1.0,,0.0681860820104282,44.78432992520252
TRIM8,False,0,16,1,87,1.7474747474747474,True,estimated,1.0,1.0,,0.0681860820104282,44.78432992520252
TRIP12,False,0,16,1,87,1.7474747474747474,True,estimated,1.0,1.0,,0.0681860820104282,44.78432992520252
TRIP13,False,0,16,1,87,1.7474747474747474,True,estimated,1.0,1.0,,0.0681860820104282,44.78432992520252
TRMT13,False,0,16,2,87,1.0363636363636364,True,estimated,1.0,1.0,,0.0475440423553343,22.590624052318386
TRMT6,False,0,16,1,87,1.7474747474747474,True,estimated,1.0,1.0,,0.0681860820104282,44.78432992520252
TRPM2,False,0,16,1,87,1.7474747474747474,True,estimated,1.0,1.0,,0.0681860820104282,44.78432992520252
TRPM3,False,0,16,1,87,1.7474747474747474,True,estimated,1.0,1.0,,0.0681860820104282,44.78432992520252
TRPM5,False,0,16,1,87,1.7474747474747474,True,estimated,1.0,1.0,,0.0681860820104282,44.78432992520252
TRPV1,False,0,16,1,87,1.7474747474747474,True,estimated,1.0,1.0,,0.0681860820104282,44.78432992520252
TRRAP,False,0,16,1,87,1.7474747474747474,True,estimated,1.0,1.0,,0.0681860820104282,44.78432992520252
TRUB2,False,0,16,1,87,1.7474747474747474,True,estimated,1.0,1.0,,0.0681860820104282,44.78432992520252
TSC1,True,0,16,2,87,1.0363636363636364,True,estimated,1.0,1.0,1.0,0.0475440423553343,22.590624052318386
TSC2,True,0,16,2,87,1.0363636363636364,True,estimated,1.0,1.0,1.0,0.0475440423553343,22.590624052318386
TSEN34,False,0,16,1,87,1.7474747474747474,True,estimated,1.0,1.0,,0.0681860820104282,44.78432992520252
TSNAX,False,0,16,1,87,1.7474747474747474,True,estimated,1.0,1.0,,0.0681860820104282,44.78432992520252
TSPAN11,False,0,16,1,87,1.7474747474747474,True,estimated,1.0,1.0,,0.0681860820104282,44.78432992520252
TSPAN3,False,0,16,1,87,1.7474747474747474,True,estimated,1.0,1.0,,0.0681860820104282,44.78432992520252
TSPAN31,False,0,16,1,87,1.7474747474747474,True,estimated,1.0,1.0,,0.0681860820104282,44.78432992520252
TSPYL1,False,0,16,1,87,1.7474747474747474,True,estimated,1.0,1.0,,0.0681860820104282,44.78432992520252
TTBK1,False,0,16,1,87,1.7474747474747474,True,estimated,1.0,1.0,,0.0681860820104282,44.78432992520252
TTBK2,False,0,16,1,87,1.7474747474747474,True,estimated,1.0,1.0,,0.0681860820104282,44.78432992520252
TTC14,False,0,16,1,87,1.7474747474747474,True,estimated,1.0,1.0,,0.0681860820104282,44.78432992520252
TTC21B,False,0,16,1,87,1.7474747474747474,True,estimated,1.0,1.0,,0.0681860820104282,44.78432992520252
TTC30A,False,0,16,1,87,1.7474747474747474,True,estimated,1.0,1.0,,0.0681860820104282,44.78432992520252
TTC30B,False,0,16,1,87,1.7474747474747474,True,estimated,1.0,1.0,,0.0681860820104282,44.78432992520252
TTC32,False,0,16,1,87,1.7474747474747474,True,estimated,1.0,1.0,,0.0681860820104282,44.78432992520252
TTLL1,False,0,16,1,87,1.7474747474747474,True,estimated,1.0,1.0,,0.0681860820104282,44.78432992520252
TTLL4,False,0,16,1,87,1.7474747474747474,True,estimated,1.0,1.0,,0.0681860820104282,44.78432992520252
TTLL5,False,0,16,1,87,1.7474747474747474,True,estimated,1.0,1.0,,0.0681860820104282,44.78432992520252
TUBB,False,0,16,1,87,1.7474747474747474,True,estimated,1.0,1.0,,0.0681860820104282,44.78432992520252
TUBB2B,False,0,16,1,87,1.7474747474747474,True,estimated,1.0,1.0,,0.0681860820104282,44.78432992520252
TUBD1,False,0,16,1,87,1.7474747474747474,True,estimated,1.0,1.0,,0.0681860820104282,44.78432992520252
TUBGCP5,False,0,16,1,87,1.7474747474747474,True,estimated,1.0,1.0,,0.0681860820104282,44.78432992520252
TUBGCP6,False,0,16,2,87,1.0363636363636364,True,estimated,1.0,1.0,,0.0475440423553343,22.590624052318386
TULP3,False,0,16,1,87,1.7474747474747474,True,estimated,1.0,1.0,,0.0681860820104282,44.78432992520252
TUT1,False,0,16,1,87,1.7474747474747474,True,estimated,1.0,1.0,,0.0681860820104282,44.78432992520252
TUT7,False,0,16,2,87,1.0363636363636364,True,estimated,1.0,1.0,,0.0475440423553343,22.590624052318386
TXLNA,False,0,16,2,87,1.0363636363636364,True,estimated,1.0,1.0,,0.0475440423553343,22.590624052318386
TXLNB,False,0,16,1,87,1.7474747474747474,True,estimated,1.0,1.0,,0.0681860820104282,44.78432992520252
TXNDC5,False,0,16,1,87,1.7474747474747474,True,estimated,1.0,1.0,,0.0681860820104282,44.78432992520252
TYR,False,0,16,1,87,1.7474747474747474,True,estimated,1.0,1.0,,0.0681860820104282,44.78432992520252
TYW1,False,0,16,1,87,1.7474747474747474,True,estimated,1.0,1.0,,0.0681860820104282,44.78432992520252
UACA,False,0,16,1,87,1.7474747474747474,True,estimated,1.0,1.0,,0.0681860820104282,44.78432992520252
UBA6,False,0,16,1,87,1.7474747474747474,True,estimated,1.0,1.0,,0.0681860820104282,44.78432992520252
UBC,False,0,16,1,87,1.7474747474747474,True,estimated,1.0,1.0,,0.0681860820104282,44.78432992520252
UBE2A,False,0,16,1,87,1.7474747474747474,True,estimated,1.0,1.0,,0.0681860820104282,44.78432992520252
UBE2H,False,0,16,1,87,1.7474747474747474,True,estimated,1.0,1.0,,0.0681860820104282,44.78432992520252
UBE2Q1,False,0,16,2,87,1.0363636363636364,True,estimated,1.0,1.0,,0.0475440423553343,22.590624052318386
UBE3C,False,0,16,1,87,1.7474747474747474,True,estimated,1.0,1.0,,0.0681860820104282,44.78432992520252
UBE4B,False,0,16,1,87,1.7474747474747474,True,estimated,1.0,1.0,,0.0681860820104282,44.78432992520252
UBL4B,False,0,16,1,87,1.7474747474747474,True,estimated,1.0,1.0,,0.0681860820104282,44.78432992520252
UBQLN1,False,0,16,1,87,1.7474747474747474,True,estimated,1.0,1.0,,0.0681860820104282,44.78432992520252
UBR2,False,0,16,1,87,1.7474747474747474,True,estimated,1.0,1.0,,0.0681860820104282,44.78432992520252
UBR3,False,0,16,1,87,1.7474747474747474,True,estimated,1.0,1.0,,0.0681860820104282,44.78432992520252
UBR4,False,0,16,4,87,0.5622895622895623,True,estimated,1.0,1.0,,0.028872485452665183,10.950548485967024
UBTD2,False,0,16,1,87,1.7474747474747474,True,estimated,1.0,1.0,,0.0681860820104282,44.78432992520252
UCHL3,False,0,16,1,87,1.7474747474747474,True,estimated,1.0,1.0,,0.0681860820104282,44.78432992520252
UCP2,False,0,16,1,87,1.7474747474747474,True,estimated,1.0,1.0,,0.0681860820104282,44.78432992520252
UGGT2,False,0,16,1,87,1.7474747474747474,True,estimated,1.0,1.0,,0.0681860820104282,44.78432992520252
UGT1A3,False,0,16,1,87,1.7474747474747474,True,estimated,1.0,1.0,,0.0681860820104282,44.78432992520252
UGT2A3,False,0,16,1,87,1.7474747474747474,True,estimated,1.0,1.0,,0.0681860820104282,44.78432992520252
UHRF1,False,0,16,1,87,1.7474747474747474,True,estimated,1.0,1.0,,0.0681860820104282,44.78432992520252
UHRF1BP1L,False,0,16,1,87,1.7474747474747474,True,estimated,1.0,1.0,,0.0681860820104282,44.78432992520252
UNC119B,False,0,16,1,87,1.7474747474747474,True,estimated,1.0,1.0,,0.0681860820104282,44.78432992520252
UNC13B,False,0,16,1,87,1.7474747474747474,True,estimated,1.0,1.0,,0.0681860820104282,44.78432992520252
UNC5A,False,0,16,1,87,1.7474747474747474,True,estimated,1.0,1.0,,0.0681860820104282,44.78432992520252
UNC5B,False,0,16,1,87,1.7474747474747474,True,estimated,1.0,1.0,,0.0681860820104282,44.78432992520252
UNC5CL,False,0,16,1,87,1.7474747474747474,True,estimated,1.0,1.0,,0.0681860820104282,44.78432992520252
UNC80,False,0,16,2,87,1.0363636363636364,True,estimated,1.0,1.0,,0.0475440423553343,22.590624052318386
UNC93A,False,0,16,1,87,1.7474747474747474,True,estimated,1.0,1.0,,0.0681860820104282,44.78432992520252
UQCRC2,False,0,16,1,87,1.7474747474747474,True,estimated,1.0,1.0,,0.0681860820104282,44.78432992520252
USF3,False,0,16,1,87,1.7474747474747474,True,estimated,1.0,1.0,,0.0681860820104282,44.78432992520252
USH2A,False,0,16,1,87,1.7474747474747474,True,estimated,1.0,1.0,,0.0681860820104282,44.78432992520252
USHBP1,False,0,16,1,87,1.7474747474747474,True,estimated,1.0,1.0,,0.0681860820104282,44.78432992520252
USP1,False,0,16,1,87,1.7474747474747474,True,estimated,1.0,1.0,,0.0681860820104282,44.78432992520252
USP15,False,0,16,1,87,1.7474747474747474,True,estimated,1.0,1.0,,0.0681860820104282,44.78432992520252
USP17L2,False,0,16,1,87,1.7474747474747474,True,estimated,1.0,1.0,,0.0681860820104282,44.78432992520252
USP24,False,0,16,1,87,1.7474747474747474,True,estimated,1.0,1.0,,0.0681860820104282,44.78432992520252
USP28,False,0,16,1,87,1.7474747474747474,True,estimated,1.0,1.0,,0.0681860820104282,44.78432992520252
USP29,False,0,16,1,87,1.7474747474747474,True,estimated,1.0,1.0,,0.0681860820104282,44.78432992520252
USP33,False,0,16,1,87,1.7474747474747474,True,estimated,1.0,1.0,,0.0681860820104282,44.78432992520252
USP35,False,0,16,2,87,1.0363636363636364,True,estimated,1.0,1.0,,0.0475440423553343,22.590624052318386
USP40,False,0,16,1,87,1.7474747474747474,True,estimated,1.0,1.0,,0.0681860820104282,44.78432992520252
USP47,False,0,16,1,87,1.7474747474747474,True,estimated,1.0,1.0,,0.0681860820104282,44.78432992520252
USP51,False,0,16,1,87,1.7474747474747474,True,estimated,1.0,1.0,,0.0681860820104282,44.78432992520252
USP7,False,0,16,1,87,1.7474747474747474,True,estimated,1.0,1.0,,0.0681860820104282,44.78432992520252
UTP15,False,0,16,1,87,1.7474747474747474,True,estimated,1.0,1.0,,0.0681860820104282,44.78432992520252
UTP23,False,0,16,1,87,1.7474747474747474,True,estimated,1.0,1.0,,0.0681860820104282,44.78432992520252
UTRN,False,0,16,2,87,1.0363636363636364,True,estimated,1.0,1.0,,0.0475440423553343,22.590624052318386
UXT,False,0,16,1,87,1.7474747474747474,True,estimated,1.0,1.0,,0.0681860820104282,44.78432992520252
VAC14,False,0,16,2,87,1.0363636363636364,True,estimated,1.0,1.0,,0.0475440423553343,22.590624052318386
VANGL2,False,0,16,1,87,1.7474747474747474,True,estimated,1.0,1.0,,0.0681860820104282,44.78432992520252
VARS1,False,0,16,1,87,1.7474747474747474,True,estimated,1.0,1.0,,0.0681860820104282,44.78432992520252
VARS2,False,0,16,1,87,1.7474747474747474,True,estimated,1.0,1.0,,0.0681860820104282,44.78432992520252
VCAN,False,0,16,2,87,1.0363636363636364,True,estimated,1.0,1.0,,0.0475440423553343,22.590624052318386
VCL,False,0,16,1,87,1.7474747474747474,True,estimated,1.0,1.0,,0.0681860820104282,44.78432992520252
VCP,False,0,16,1,87,1.7474747474747474,True,estimated,1.0,1.0,,0.0681860820104282,44.78432992520252
VEGFC,False,0,16,1,87,1.7474747474747474,True,estimated,1.0,1.0,,0.0681860820104282,44.78432992520252
VEZT,False,0,16,2,87,1.0363636363636364,True,estimated,1.0,1.0,,0.0475440423553343,22.590624052318386
VGLL2,False,0,16,1,87,1.7474747474747474,True,estimated,1.0,1.0,,0.0681860820104282,44.78432992520252
VIL1,False,0,16,1,87,1.7474747474747474,True,estimated,1.0,1.0,,0.0681860820104282,44.78432992520252
VIPR1,False,0,16,1,87,1.7474747474747474,True,estimated,1.0,1.0,,0.0681860820104282,44.78432992520252
VKORC1,False,0,16,1,87,1.7474747474747474,True,estimated,1.0,1.0,,0.0681860820104282,44.78432992520252
VPS13B,False,0,16,1,87,1.7474747474747474,True,estimated,1.0,1.0,,0.0681860820104282,44.78432992520252
VPS13C,False,0,16,1,87,1.7474747474747474,True,estimated,1.0,1.0,,0.0681860820104282,44.78432992520252
VPS25,False,0,16,1,87,1.7474747474747474,True,estimated,1.0,1.0,,0.0681860820104282,44.78432992520252
VPS35,False,0,16,1,87,1.7474747474747474,True,estimated,1.0,1.0,,0.0681860820104282,44.78432992520252
VPS37A,False,0,16,1,87,1.7474747474747474,True,estimated,1.0,1.0,,0.0681860820104282,44.78432992520252
VPS37B,False,0,16,1,87,1.7474747474747474,True,estimated,1.0,1.0,,0.0681860820104282,44.78432992520252
VPS39,False,0,16,2,87,1.0363636363636364,True,estimated,1.0,1.0,,0.0475440423553343,22.590624052318386
VPS54,False,0,16,2,87,1.0363636363636364,True,estimated,1.0,1.0,,0.0475440423553343,22.590624052318386
VSIG2,False,0,16,1,87,1.7474747474747474,True,estimated,1.0,1.0,,0.0681860820104282,44.78432992520252
VTN,False,0,16,1,87,1.7474747474747474,True,estimated,1.0,1.0,,0.0681860820104282,44.78432992520252
VWA2,False,0,16,2,87,1.0363636363636364,True,estimated,1.0,1.0,,0.0475440423553343,22.590624052318386
VWA3B,False,0,16,2,87,1.0363636363636364,True,estimated,1.0,1.0,,0.0475440423553343,22.590624052318386
VWA8,False,0,16,3,87,0.7316017316017316,True,estimated,1.0,1.0,,0.03606794664834318,14.839799418058604
VWF,False,0,16,3,87,0.7316017316017316,True,estimated,1.0,1.0,,0.03606794664834318,14.839799418058604
WAC,False,0,16,3,87,0.7316017316017316,True,estimated,1.0,1.0,,0.03606794664834318,14.839799418058604
WAPL,False,0,16,1,87,1.7474747474747474,True,estimated,1.0,1.0,,0.0681860820104282,44.78432992520252
WASF2,False,0,16,1,87,1.7474747474747474,True,estimated,1.0,1.0,,0.0681860820104282,44.78432992520252
WASF3,False,0,16,1,87,1.7474747474747474,True,estimated,1.0,1.0,,0.0681860820104282,44.78432992520252
WASHC4,False,0,16,3,87,0.7316017316017316,True,estimated,1.0,1.0,,0.03606794664834318,14.839799418058604
WASHC5,False,0,16,1,87,1.7474747474747474,True,estimated,1.0,1.0,,0.0681860820104282,44.78432992520252
WASL,False,0,16,2,87,1.0363636363636364,True,estimated,1.0,1.0,,0.0475440423553343,22.590624052318386
WBP11,False,0,16,1,87,1.7474747474747474,True,estimated,1.0,1.0,,0.0681860820104282,44.78432992520252
WDFY3,False,0,16,1,87,1.7474747474747474,True,estimated,1.0,1.0,,0.0681860820104282,44.78432992520252
WDR19,False,0,16,1,87,1.7474747474747474,True,estimated,1.0,1.0,,0.0681860820104282,44.78432992520252
WDR25,False,0,16,1,87,1.7474747474747474,True,estimated,1.0,1.0,,0.0681860820104282,44.78432992520252
WDR5,False,0,16,1,87,1.7474747474747474,True,estimated,1.0,1.0,,0.0681860820104282,44.78432992520252
WDR5B,False,0,16,1,87,1.7474747474747474,True,estimated,1.0,1.0,,0.0681860820104282,44.78432992520252
WDR62,False,0,16,1,87,1.7474747474747474,True,estimated,1.0,1.0,,0.0681860820104282,44.78432992520252
WDR70,False,0,16,1,87,1.7474747474747474,True,estimated,1.0,1.0,,0.0681860820104282,44.78432992520252
WDR72,False,0,16,2,87,1.0363636363636364,True,estimated,1.0,1.0,,0.0475440423553343,22.590624052318386
WDR74,False,0,16,1,87,1.7474747474747474,True,estimated,1.0,1.0,,0.0681860820104282,44.78432992520252
WDR81,False,0,16,1,87,1.7474747474747474,True,estimated,1.0,1.0,,0.0681860820104282,44.78432992520252
WDR90,False,0,16,1,87,1.7474747474747474,True,estimated,1.0,1.0,,0.0681860820104282,44.78432992520252
WDR92,False,0,16,2,87,1.0363636363636364,True,estimated,1.0,1.0,,0.0475440423553343,22.590624052318386
WFIKKN1,False,0,16,1,87,1.7474747474747474,True,estimated,1.0,1.0,,0.0681860820104282,44.78432992520252
WFIKKN2,False,0,16,1,87,1.7474747474747474,True,estimated,1.0,1.0,,0.0681860820104282,44.78432992520252
WIPF1,False,0,16,1,87,1.7474747474747474,True,estimated,1.0,1.0,,0.0681860820104282,44.78432992520252
WIPF3,False,0,16,1,87,1.7474747474747474,True,estimated,1.0,1.0,,0.0681860820104282,44.78432992520252
WNK1,False,0,16,1,87,1.7474747474747474,True,estimated,1.0,1.0,,0.0681860820104282,44.78432992520252
WNK2,False,0,16,1,87,1.7474747474747474,True,estimated,1.0,1.0,,0.0681860820104282,44.78432992520252
WNK3,False,0,16,1,87,1.7474747474747474,True,estimated,1.0,1.0,,0.0681860820104282,44.78432992520252
WNT9A,False,0,16,1,87,1.7474747474747474,True,estimated,1.0,1.0,,0.0681860820104282,44.78432992520252
WRAP73,False,0,16,1,87,1.7474747474747474,True,estimated,1.0,1.0,,0.0681860820104282,44.78432992520252
WRN,False,0,16,1,87,1.7474747474747474,True,estimated,1.0,1.0,,0.0681860820104282,44.78432992520252
WT1,False,0,16,1,87,1.7474747474747474,True,estimated,1.0,1.0,,0.0681860820104282,44.78432992520252
WWC2,False,0,16,1,87,1.7474747474747474,True,estimated,1.0,1.0,,0.0681860820104282,44.78432992520252
XCR1,False,0,16,1,87,1.7474747474747474,True,estimated,1.0,1.0,,0.0681860820104282,44.78432992520252
XIRP1,False,0,16,2,87,1.0363636363636364,True,estimated,1.0,1.0,,0.0475440423553343,22.590624052318386
XIRP2,False,0,16,2,87,1.0363636363636364,True,estimated,1.0,1.0,,0.0475440423553343,22.590624052318386
XPC,False,0,16,1,87,1.7474747474747474,True,estimated,1.0,1.0,,0.0681860820104282,44.78432992520252
XPNPEP3,False,0,16,1,87,1.7474747474747474,True,estimated,1.0,1.0,,0.0681860820104282,44.78432992520252
XPO1,False,0,16,3,87,0.7316017316017316,True,estimated,1.0,1.0,,0.03606794664834318,14.839799418058604
XPO7,False,0,16,2,87,1.0363636363636364,True,estimated,1.0,1.0,,0.0475440423553343,22.590624052318386
XRCC5,False,0,16,1,87,1.7474747474747474,True,estimated,1.0,1.0,,0.0681860820104282,44.78432992520252
XRN1,False,0,16,1,87,1.7474747474747474,True,estimated,1.0,1.0,,0.0681860820104282,44.78432992520252
XRN2,False,0,16,1,87,1.7474747474747474,True,estimated,1.0,1.0,,0.0681860820104282,44.78432992520252
XYLB,False,0,16,1,87,1.7474747474747474,True,estimated,1.0,1.0,,0.0681860820104282,44.78432992520252
XYLT2,False,0,16,1,87,1.7474747474747474,True,estimated,1.0,1.0,,0.0681860820104282,44.78432992520252
YES1,False,0,16,1,87,1.7474747474747474,True,estimated,1.0,1.0,,0.0681860820104282,44.78432992520252
YIF1A,False,0,16,1,87,1.7474747474747474,True,estimated,1.0,1.0,,0.0681860820104282,44.78432992520252
YIF1B,False,0,16,1,87,1.7474747474747474,True,estimated,1.0,1.0,,0.0681860820104282,44.78432992520252
YLPM1,False,0,16,2,87,1.0363636363636364,True,estimated,1.0,1.0,,0.0475440423553343,22.590624052318386
YME1L1,False,0,16,1,87,1.7474747474747474,True,estimated,1.0,1.0,,0.0681860820104282,44.78432992520252
YTHDC2,False,0,16,2,87,1.0363636363636364,True,estimated,1.0,1.0,,0.0475440423553343,22.590624052318386
YTHDF2,False,0,16,1,87,1.7474747474747474,True,estimated,1.0,1.0,,0.0681860820104282,44.78432992520252
ZAN,False,0,16,2,87,1.0363636363636364,True,estimated,1.0,1.0,,0.0475440423553343,22.590624052318386
ZAP70,False,0,16,1,87,1.7474747474747474,True,estimated,1.0,1.0,,0.0681860820104282,44.78432992520252
ZBED9,False,0,16,1,87,1.7474747474747474,True,estimated,1.0,1.0,,0.0681860820104282,44.78432992520252
ZBTB20,False,0,16,1,87,1.7474747474747474,True,estimated,1.0,1.0,,0.0681860820104282,44.78432992520252
ZBTB22,False,0,16,1,87,1.7474747474747474,True,estimated,1.0,1.0,,0.0681860820104282,44.78432992520252
ZBTB3,False,0,16,1,87,1.7474747474747474,True,estimated,1.0,1.0,,0.0681860820104282,44.78432992520252
ZBTB38,False,0,16,2,87,1.0363636363636364,True,estimated,1.0,1.0,,0.0475440423553343,22.590624052318386
ZBTB39,False,0,16,1,87,1.7474747474747474,True,estimated,1.0,1.0,,0.0681860820104282,44.78432992520252
ZBTB41,False,0,16,2,87,1.0363636363636364,True,estimated,1.0,1.0,,0.0475440423553343,22.590624052318386
ZBTB48,False,0,16,1,87,1.7474747474747474,True,estimated,1.0,1.0,,0.0681860820104282,44.78432992520252
ZBTB5,False,0,16,2,87,1.0363636363636364,True,estimated,1.0,1.0,,0.0475440423553343,22.590624052318386
ZBTB6,False,0,16,1,87,1.7474747474747474,True,estimated,1.0,1.0,,0.0681860820104282,44.78432992520252
ZC3H12B,False,0,16,1,87,1.7474747474747474,True,estimated,1.0,1.0,,0.0681860820104282,44.78432992520252
ZC3H12D,False,0,16,1,87,1.7474747474747474,True,estimated,1.0,1.0,,0.0681860820104282,44.78432992520252
ZC3H7A,False,0,16,1,87,1.7474747474747474,True,estimated,1.0,1.0,,0.0681860820104282,44.78432992520252
ZC3HAV1,False,0,16,1,87,1.7474747474747474,True,estimated,1.0,1.0,,0.0681860820104282,44.78432992520252
ZCCHC17,False,0,16,1,87,1.7474747474747474,True,estimated,1.0,1.0,,0.0681860820104282,44.78432992520252
ZCCHC8,False,0,16,1,87,1.7474747474747474,True,estimated,1.0,1.0,,0.0681860820104282,44.78432992520252
ZDBF2,False,0,16,1,87,1.7474747474747474,True,estimated,1.0,1.0,,0.0681860820104282,44.78432992520252
ZDHHC16,False,0,16,1,87,1.7474747474747474,True,estimated,1.0,1.0,,0.0681860820104282,44.78432992520252
ZDHHC22,False,0,16,1,87,1.7474747474747474,True,estimated,1.0,1.0,,0.0681860820104282,44.78432992520252
ZDHHC8,False,0,16,1,87,1.7474747474747474,True,estimated,1.0,1.0,,0.0681860820104282,44.78432992520252
ZDHHC9,False,0,16,1,87,1.7474747474747474,True,estimated,1.0,1.0,,0.0681860820104282,44.78432992520252
ZEB1,False,0,16,2,87,1.0363636363636364,True,estimated,1.0,1.0,,0.0475440423553343,22.590624052318386
ZEB2,False,0,16,2,87,1.0363636363636364,True,estimated,1.0,1.0,,0.0475440423553343,22.590624052318386
ZFAND5,False,0,16,1,87,1.7474747474747474,True,estimated,1.0,1.0,,0.0681860820104282,44.78432992520252
ZFHX4,False,0,16,2,87,1.0363636363636364,True,estimated,1.0,1.0,,0.0475440423553343,22.590624052318386
ZFP28,False,0,16,1,87,1.7474747474747474,True,estimated,1.0,1.0,,0.0681860820104282,44.78432992520252
ZFP37,False,0,16,1,87,1.7474747474747474,True,estimated,1.0,1.0,,0.0681860820104282,44.78432992520252
ZFP64,False,0,16,1,87,1.7474747474747474,True,estimated,1.0,1.0,,0.0681860820104282,44.78432992520252
ZFP91,False,0,16,1,87,1.7474747474747474,True,estimated,1.0,1.0,,0.0681860820104282,44.78432992520252
ZFR,False,0,16,3,87,0.7316017316017316,True,estimated,1.0,1.0,,0.03606794664834318,14.839799418058604
ZFYVE16,False,0,16,1,87,1.7474747474747474,True,estimated,1.0,1.0,,0.0681860820104282,44.78432992520252
ZFYVE19,False,0,16,1,87,1.7474747474747474,True,estimated,1.0,1.0,,0.0681860820104282,44.78432992520252
ZFYVE26,False,0,16,1,87,1.7474747474747474,True,estimated,1.0,1.0,,0.0681860820104282,44.78432992520252
ZFYVE9,False,0,16,1,87,1.7474747474747474,True,estimated,1.0,1.0,,0.0681860820104282,44.78432992520252
ZGRF1,False,0,16,1,87,1.7474747474747474,True,estimated,1.0,1.0,,0.0681860820104282,44.78432992520252
ZHX2,False,0,16,1,87,1.7474747474747474,True,estimated,1.0,1.0,,0.0681860820104282,44.78432992520252
ZIC4,False,0,16,1,87,1.7474747474747474,True,estimated,1.0,1.0,,0.0681860820104282,44.78432992520252
ZIC5,False,0,16,1,87,1.7474747474747474,True,estimated,1.0,1.0,,0.0681860820104282,44.78432992520252
ZMAT1,False,0,16,1,87,1.7474747474747474,True,estimated,1.0,1.0,,0.0681860820104282,44.78432992520252
ZMIZ2,False,0,16,1,87,1.7474747474747474,True,estimated,1.0,1.0,,0.0681860820104282,44.78432992520252
ZMYM2,False,0,16,1,87,1.7474747474747474,True,estimated,1.0,1.0,,0.0681860820104282,44.78432992520252
ZMYM5,False,0,16,2,87,1.0363636363636364,True,estimated,1.0,1.0,,0.0475440423553343,22.590624052318386
ZMYND8,False,0,16,1,87,1.7474747474747474,True,estimated,1.0,1.0,,0.0681860820104282,44.78432992520252
ZNF100,False,0,16,1,87,1.7474747474747474,True,estimated,1.0,1.0,,0.0681860820104282,44.78432992520252
ZNF12,False,0,16,1,87,1.7474747474747474,True,estimated,1.0,1.0,,0.0681860820104282,44.78432992520252
ZNF121,False,0,16,1,87,1.7474747474747474,True,estimated,1.0,1.0,,0.0681860820104282,44.78432992520252
ZNF136,False,0,16,1,87,1.7474747474747474,True,estimated,1.0,1.0,,0.0681860820104282,44.78432992520252
ZNF148,False,0,16,1,87,1.7474747474747474,True,estimated,1.0,1.0,,0.0681860820104282,44.78432992520252
ZNF155,False,0,16,2,87,1.0363636363636364,True,estimated,1.0,1.0,,0.0475440423553343,22.590624052318386
ZNF16,False,0,16,1,87,1.7474747474747474,True,estimated,1.0,1.0,,0.0681860820104282,44.78432992520252
ZNF184,False,0,16,1,87,1.7474747474747474,True,estimated,1.0,1.0,,0.0681860820104282,44.78432992520252
ZNF185,False,0,16,1,87,1.7474747474747474,True,estimated,1.0,1.0,,0.0681860820104282,44.78432992520252
ZNF189,False,0,16,1,87,1.7474747474747474,True,estimated,1.0,1.0,,0.0681860820104282,44.78432992520252
ZNF20,False,0,16,1,87,1.7474747474747474,True,estimated,1.0,1.0,,0.0681860820104282,44.78432992520252
ZNF200,False,0,16,1,87,1.7474747474747474,True,estimated,1.0,1.0,,0.0681860820104282,44.78432992520252
ZNF208,False,0,16,2,87,1.0363636363636364,True,estimated,1.0,1.0,,0.0475440423553343,22.590624052318386
ZNF22,False,0,16,1,87,1.7474747474747474,True,estimated,1.0,1.0,,0.0681860820104282,44.78432992520252
ZNF234,False,0,16,1,87,1.7474747474747474,True,estimated,1.0,1.0,,0.0681860820104282,44.78432992520252
ZNF236,False,0,16,1,87,1.7474747474747474,True,estimated,1.0,1.0,,0.0681860820104282,44.78432992520252
ZNF24,False,0,16,1,87,1.7474747474747474,True,estimated,1.0,1.0,,0.0681860820104282,44.78432992520252
ZNF256,False,0,16,1,87,1.7474747474747474,True,estimated,1.0,1.0,,0.0681860820104282,44.78432992520252
ZNF266,False,0,16,1,87,1.7474747474747474,True,estimated,1.0,1.0,,0.0681860820104282,44.78432992520252
ZNF274,False,0,16,1,87,1.7474747474747474,True,estimated,1.0,1.0,,0.0681860820104282,44.78432992520252
ZNF280B,False,0,16,1,87,1.7474747474747474,True,estimated,1.0,1.0,,0.0681860820104282,44.78432992520252
ZNF280C,False,0,16,1,87,1.7474747474747474,True,estimated,1.0,1.0,,0.0681860820104282,44.78432992520252
ZNF281,False,0,16,1,87,1.7474747474747474,True,estimated,1.0,1.0,,0.0681860820104282,44.78432992520252
ZNF283,False,0,16,1,87,1.7474747474747474,True,estimated,1.0,1.0,,0.0681860820104282,44.78432992520252
ZNF285,False,0,16,1,87,1.7474747474747474,True,estimated,1.0,1.0,,0.0681860820104282,44.78432992520252
ZNF3,False,0,16,1,87,1.7474747474747474,True,estimated,1.0,1.0,,0.0681860820104282,44.78432992520252
ZNF300,False,0,16,1,87,1.7474747474747474,True,estimated,1.0,1.0,,0.0681860820104282,44.78432992520252
ZNF311,False,0,16,1,87,1.7474747474747474,True,estimated,1.0,1.0,,0.0681860820104282,44.78432992520252
ZNF324B,False,0,16,1,87,1.7474747474747474,True,estimated,1.0,1.0,,0.0681860820104282,44.78432992520252
ZNF335,False,0,16,1,87,1.7474747474747474,True,estimated,1.0,1.0,,0.0681860820104282,44.78432992520252
ZNF337,False,0,16,1,87,1.7474747474747474,True,estimated,1.0,1.0,,0.0681860820104282,44.78432992520252
ZNF33B,False,0,16,1,87,1.7474747474747474,True,estimated,1.0,1.0,,0.0681860820104282,44.78432992520252
ZNF341,False,0,16,1,87,1.7474747474747474,True,estimated,1.0,1.0,,0.0681860820104282,44.78432992520252
ZNF343,False,0,16,1,87,1.7474747474747474,True,estimated,1.0,1.0,,0.0681860820104282,44.78432992520252
ZNF347,False,0,16,1,87,1.7474747474747474,True,estimated,1.0,1.0,,0.0681860820104282,44.78432992520252
ZNF383,False,0,16,1,87,1.7474747474747474,True,estimated,1.0,1.0,,0.0681860820104282,44.78432992520252
ZNF398,False,0,16,2,87,1.0363636363636364,True,estimated,1.0,1.0,,0.0475440423553343,22.590624052318386
ZNF404,False,0,16,1,87,1.7474747474747474,True,estimated,1.0,1.0,,0.0681860820104282,44.78432992520252
ZNF407,False,0,16,4,87,0.5622895622895623,True,estimated,1.0,1.0,,0.028872485452665183,10.950548485967024
ZNF415,False,0,16,2,87,1.0363636363636364,True,estimated,1.0,1.0,,0.0475440423553343,22.590624052318386
ZNF423,False,0,16,1,87,1.7474747474747474,True,estimated,1.0,1.0,,0.0681860820104282,44.78432992520252
ZNF432,False,0,16,1,87,1.7474747474747474,True,estimated,1.0,1.0,,0.0681860820104282,44.78432992520252
ZNF438,False,0,16,1,87,1.7474747474747474,True,estimated,1.0,1.0,,0.0681860820104282,44.78432992520252
ZNF44,False,0,16,1,87,1.7474747474747474,True,estimated,1.0,1.0,,0.0681860820104282,44.78432992520252
ZNF45,False,0,16,1,87,1.7474747474747474,True,estimated,1.0,1.0,,0.0681860820104282,44.78432992520252
ZNF473,False,0,16,2,87,1.0363636363636364,True,estimated,1.0,1.0,,0.0475440423553343,22.590624052318386
ZNF480,False,0,16,1,87,1.7474747474747474,True,estimated,1.0,1.0,,0.0681860820104282,44.78432992520252
ZNF491,False,0,16,1,87,1.7474747474747474,True,estimated,1.0,1.0,,0.0681860820104282,44.78432992520252
ZNF492,False,0,16,1,87,1.7474747474747474,True,estimated,1.0,1.0,,0.0681860820104282,44.78432992520252
ZNF496,False,0,16,1,87,1.7474747474747474,True,estimated,1.0,1.0,,0.0681860820104282,44.78432992520252
ZNF512B,False,0,16,1,87,1.7474747474747474,True,estimated,1.0,1.0,,0.0681860820104282,44.78432992520252
ZNF513,False,0,16,1,87,1.7474747474747474,True,estimated,1.0,1.0,,0.0681860820104282,44.78432992520252
ZNF521,False,0,16,2,87,1.0363636363636364,True,estimated,1.0,1.0,,0.0475440423553343,22.590624052318386
ZNF556,False,0,16,1,87,1.7474747474747474,True,estimated,1.0,1.0,,0.0681860820104282,44.78432992520252
ZNF564,False,0,16,1,87,1.7474747474747474,True,estimated,1.0,1.0,,0.0681860820104282,44.78432992520252
ZNF568,False,0,16,1,87,1.7474747474747474,True,estimated,1.0,1.0,,0.0681860820104282,44.78432992520252
ZNF592,False,0,16,2,87,1.0363636363636364,True,estimated,1.0,1.0,,0.0475440423553343,22.590624052318386
ZNF594,False,0,16,1,87,1.7474747474747474,True,estimated,1.0,1.0,,0.0681860820104282,44.78432992520252
ZNF607,False,0,16,1,87,1.7474747474747474,True,estimated,1.0,1.0,,0.0681860820104282,44.78432992520252
ZNF609,False,0,16,2,87,1.0363636363636364,True,estimated,1.0,1.0,,0.0475440423553343,22.590624052318386
ZNF615,False,0,16,1,87,1.7474747474747474,True,estimated,1.0,1.0,,0.0681860820104282,44.78432992520252
ZNF621,False,0,16,1,87,1.7474747474747474,True,estimated,1.0,1.0,,0.0681860820104282,44.78432992520252
ZNF623,False,0,16,2,87,1.0363636363636364,True,estimated,1.0,1.0,,0.0475440423553343,22.590624052318386
ZNF638,False,0,16,1,87,1.7474747474747474,True,estimated,1.0,1.0,,0.0681860820104282,44.78432992520252
ZNF641,False,0,16,1,87,1.7474747474747474,True,estimated,1.0,1.0,,0.0681860820104282,44.78432992520252
ZNF646,False,0,16,1,87,1.7474747474747474,True,estimated,1.0,1.0,,0.0681860820104282,44.78432992520252
ZNF653,False,0,16,1,87,1.7474747474747474,True,estimated,1.0,1.0,,0.0681860820104282,44.78432992520252
ZNF658,False,0,16,1,87,1.7474747474747474,True,estimated,1.0,1.0,,0.0681860820104282,44.78432992520252
ZNF668,False,0,16,1,87,1.7474747474747474,True,estimated,1.0,1.0,,0.0681860820104282,44.78432992520252
ZNF675,False,0,16,1,87,1.7474747474747474,True,estimated,1.0,1.0,,0.0681860820104282,44.78432992520252
ZNF692,False,0,16,1,87,1.7474747474747474,True,estimated,1.0,1.0,,0.0681860820104282,44.78432992520252
ZNF705A,False,0,16,1,87,1.7474747474747474,True,estimated,1.0,1.0,,0.0681860820104282,44.78432992520252
ZNF711,False,0,16,1,87,1.7474747474747474,True,estimated,1.0,1.0,,0.0681860820104282,44.78432992520252
ZNF714,False,0,16,1,87,1.7474747474747474,True,estimated,1.0,1.0,,0.0681860820104282,44.78432992520252
ZNF764,False,0,16,1,87,1.7474747474747474,True,estimated,1.0,1.0,,0.0681860820104282,44.78432992520252
ZNF765,False,0,16,1,87,1.7474747474747474,True,estimated,1.0,1.0,,0.0681860820104282,44.78432992520252
ZNF77,False,0,16,1,87,1.7474747474747474,True,estimated,1.0,1.0,,0.0681860820104282,44.78432992520252
ZNF780A,False,0,16,1,87,1.7474747474747474,True,estimated,1.0,1.0,,0.0681860820104282,44.78432992520252
ZNF790,False,0,16,1,87,1.7474747474747474,True,estimated,1.0,1.0,,0.0681860820104282,44.78432992520252
ZNF800,False,0,16,1,87,1.7474747474747474,True,estimated,1.0,1.0,,0.0681860820104282,44.78432992520252
ZNF827,False,0,16,1,87,1.7474747474747474,True,estimated,1.0,1.0,,0.0681860820104282,44.78432992520252
ZNF883,False,0,16,1,87,1.7474747474747474,True,estimated,1.0,1.0,,0.0681860820104282,44.78432992520252
ZNF91,False,0,16,1,87,1.7474747474747474,True,estimated,1.0,1.0,,0.0681860820104282,44.78432992520252
ZNF98,False,0,16,1,87,1.7474747474747474,True,estimated,1.0,1.0,,0.0681860820104282,44.78432992520252
ZNFX1,False,0,16,2,87,1.0363636363636364,True,estimated,1.0,1.0,,0.0475440423553343,22.590624052318386
ZNRD2,False,0,16,1,87,1.7474747474747474,True,estimated,1.0,1.0,,0.0681860820104282,44.78432992520252
ZPBP2,False,0,16,1,87,1.7474747474747474,True,estimated,1.0,1.0,,0.0681860820104282,44.78432992520252
ZSCAN1,False,0,16,1,87,1.7474747474747474,True,estimated,1.0,1.0,,0.0681860820104282,44.78432992520252
ZSCAN16,False,0,16,1,87,1.7474747474747474,True,estimated,1.0,1.0,,0.0681860820104282,44.78432992520252
ZSCAN20,False,0,16,1,87,1.7474747474747474,True,estimated,1.0,1.0,,0.0681860820104282,44.78432992520252
ZSCAN26,False,0,16,1,87,1.7474747474747474,True,estimated,1.0,1.0,,0.0681860820104282,44.78432992520252
ZSCAN31,False,0,16,1,87,1.7474747474747474,True,estimated,1.0,1.0,,0.0681860820104282,44.78432992520252
ZSWIM5,False,0,16,1,87,1.7474747474747474,True,estimated,1.0,1.0,,0.0681860820104282,44.78432992520252
ZYG11B,False,0,16,2,87,1.0363636363636364,True,estimated,1.0,1.0,,0.0475440423553343,22.590624052318386
ZZEF1,False,0,16,1,87,1.7474747474747474,True,estimated,1.0,1.0,,0.0681860820104282,44.78432992520252
