gene,driver_panel_member,set_mutated_n,set_n,rest_mutated_n,rest_n,odds_ratio,zero_cell_correction_applied,effect_status,p_value,q_global,q_driver,odds_ratio_ci95_lower,odds_ratio_ci95_upper
ATM,False,6,15,0,88,121.10526315789474,True,estimated,3.5003908320994457e-06,0.012541900351412312,,6.3177080748464896,2321.488202808313
PBRM1,True,12,15,27,88,9.037037037037036,False,estimated,0.0008323275720877268,1.0,0.012484913581315902,2.357222917687254,34.64586984794218
ACIN1,False,2,15,0,88,32.77777777777778,True,estimated,0.019988577955454025,1.0,,1.4915227287826818,720.3260770462742
CENPF,False,2,15,0,88,32.77777777777778,True,estimated,0.019988577955454025,1.0,,1.4915227287826818,720.3260770462742
CLPTM1L,False,2,15,0,88,32.77777777777778,True,estimated,0.019988577955454025,1.0,,1.4915227287826818,720.3260770462742
DLD,False,2,15,0,88,32.77777777777778,True,estimated,0.019988577955454025,1.0,,1.4915227287826818,720.3260770462742
DNAH3,False,2,15,0,88,32.77777777777778,True,estimated,0.019988577955454025,1.0,,1.4915227287826818,720.3260770462742
GCC1,False,2,15,0,88,32.77777777777778,True,estimated,0.019988577955454025,1.0,,1.4915227287826818,720.3260770462742
GCKR,False,2,15,0,88,32.77777777777778,True,estimated,0.019988577955454025,1.0,,1.4915227287826818,720.3260770462742
KNTC1,False,2,15,0,88,32.77777777777778,True,estimated,0.019988577955454025,1.0,,1.4915227287826818,720.3260770462742
NNT,False,2,15,0,88,32.77777777777778,True,estimated,0.019988577955454025,1.0,,1.4915227287826818,720.3260770462742
PDS5B,False,2,15,0,88,32.77777777777778,True,estimated,0.019988577955454025,1.0,,1.4915227287826818,720.3260770462742
PDZD2,False,2,15,0,88,32.77777777777778,True,estimated,0.019988577955454025,1.0,,1.4915227287826818,720.3260770462742
TLE3,False,2,15,0,88,32.77777777777778,True,estimated,0.019988577955454025,1.0,,1.4915227287826818,720.3260770462742
TSC1,True,2,15,0,88,32.77777777777778,True,estimated,0.019988577955454025,1.0,0.1499143346659052,1.4915227287826818,720.3260770462742
DST,False,3,15,3,88,7.083333333333333,False,estimated,0.038762627996502846,1.0,,1.2802733370745005,39.18976491829529
AHNAK2,False,2,15,1,88,13.384615384615385,False,estimated,0.054820159343175884,1.0,,1.1318690836386258,158.27619252411685
NYNRIN,False,2,15,1,88,13.384615384615385,False,estimated,0.054820159343175884,1.0,,1.1318690836386258,158.27619252411685
PKHD1L1,False,2,15,1,88,13.384615384615385,False,estimated,0.054820159343175884,1.0,,1.1318690836386258,158.27619252411685
PRKDC,False,2,15,1,88,13.384615384615385,False,estimated,0.054820159343175884,1.0,,1.1318690836386258,158.27619252411685
MUC16,False,3,15,5,88,4.15,False,estimated,0.08982623021728513,1.0,,0.8772126126671242,19.633210639363465
COL11A1,False,2,15,2,88,6.615384615384615,False,estimated,0.1002753730541529,1.0,,0.8559515225117866,51.12826189156621
MKI67,False,2,15,2,88,6.615384615384615,False,estimated,0.1002753730541529,1.0,,0.8559515225117866,51.12826189156621
PLXNA4,False,2,15,2,88,6.615384615384615,False,estimated,0.1002753730541529,1.0,,0.8559515225117866,51.12826189156621
RP1,False,2,15,2,88,6.615384615384615,False,estimated,0.1002753730541529,1.0,,0.8559515225117866,51.12826189156621
A2M,False,1,15,0,88,18.310344827586206,True,estimated,0.14563106796116507,1.0,,0.7110501623279653,471.51206126927696
AADAC,False,1,15,0,88,18.310344827586206,True,estimated,0.14563106796116507,1.0,,0.7110501623279653,471.51206126927696
ABCA10,False,1,15,0,88,18.310344827586206,True,estimated,0.14563106796116507,1.0,,0.7110501623279653,471.51206126927696
ABCC12,False,1,15,0,88,18.310344827586206,True,estimated,0.14563106796116507,1.0,,0.7110501623279653,471.51206126927696
ACADM,False,1,15,0,88,18.310344827586206,True,estimated,0.14563106796116507,1.0,,0.7110501623279653,471.51206126927696
ACSS3,False,1,15,0,88,18.310344827586206,True,estimated,0.14563106796116507,1.0,,0.7110501623279653,471.51206126927696
ACTL7B,False,1,15,0,88,18.310344827586206,True,estimated,0.14563106796116507,1.0,,0.7110501623279653,471.51206126927696
ADD1,False,1,15,0,88,18.310344827586206,True,estimated,0.14563106796116507,1.0,,0.7110501623279653,471.51206126927696
ADGRA2,False,1,15,0,88,18.310344827586206,True,estimated,0.14563106796116507,1.0,,0.7110501623279653,471.51206126927696
ADH4,False,1,15,0,88,18.310344827586206,True,estimated,0.14563106796116507,1.0,,0.7110501623279653,471.51206126927696
AFF3,False,1,15,0,88,18.310344827586206,True,estimated,0.14563106796116507,1.0,,0.7110501623279653,471.51206126927696
AGA,False,1,15,0,88,18.310344827586206,True,estimated,0.14563106796116507,1.0,,0.7110501623279653,471.51206126927696
AGT,False,1,15,0,88,18.310344827586206,True,estimated,0.14563106796116507,1.0,,0.7110501623279653,471.51206126927696
AGTR1,False,1,15,0,88,18.310344827586206,True,estimated,0.14563106796116507,1.0,,0.7110501623279653,471.51206126927696
AK8,False,1,15,0,88,18.310344827586206,True,estimated,0.14563106796116507,1.0,,0.7110501623279653,471.51206126927696
AKAP6,False,1,15,0,88,18.310344827586206,True,estimated,0.14563106796116507,1.0,,0.7110501623279653,471.51206126927696
AKT3,False,1,15,0,88,18.310344827586206,True,estimated,0.14563106796116507,1.0,,0.7110501623279653,471.51206126927696
ALYREF,False,1,15,0,88,18.310344827586206,True,estimated,0.14563106796116507,1.0,,0.7110501623279653,471.51206126927696
AMBRA1,False,1,15,0,88,18.310344827586206,True,estimated,0.14563106796116507,1.0,,0.7110501623279653,471.51206126927696
AMN,False,1,15,0,88,18.310344827586206,True,estimated,0.14563106796116507,1.0,,0.7110501623279653,471.51206126927696
AP4B1,False,1,15,0,88,18.310344827586206,True,estimated,0.14563106796116507,1.0,,0.7110501623279653,471.51206126927696
APBB2,False,1,15,0,88,18.310344827586206,True,estimated,0.14563106796116507,1.0,,0.7110501623279653,471.51206126927696
APMAP,False,1,15,0,88,18.310344827586206,True,estimated,0.14563106796116507,1.0,,0.7110501623279653,471.51206126927696
APOL5,False,1,15,0,88,18.310344827586206,True,estimated,0.14563106796116507,1.0,,0.7110501623279653,471.51206126927696
ARSG,False,1,15,0,88,18.310344827586206,True,estimated,0.14563106796116507,1.0,,0.7110501623279653,471.51206126927696
ASAP2,False,1,15,0,88,18.310344827586206,True,estimated,0.14563106796116507,1.0,,0.7110501623279653,471.51206126927696
ASL,False,1,15,0,88,18.310344827586206,True,estimated,0.14563106796116507,1.0,,0.7110501623279653,471.51206126927696
ATP2A2,False,1,15,0,88,18.310344827586206,True,estimated,0.14563106796116507,1.0,,0.7110501623279653,471.51206126927696
ATR,False,1,15,0,88,18.310344827586206,True,estimated,0.14563106796116507,1.0,,0.7110501623279653,471.51206126927696
AZU1,False,1,15,0,88,18.310344827586206,True,estimated,0.14563106796116507,1.0,,0.7110501623279653,471.51206126927696
BCL2L10,False,1,15,0,88,18.310344827586206,True,estimated,0.14563106796116507,1.0,,0.7110501623279653,471.51206126927696
BMP5,False,1,15,0,88,18.310344827586206,True,estimated,0.14563106796116507,1.0,,0.7110501623279653,471.51206126927696
BPI,False,1,15,0,88,18.310344827586206,True,estimated,0.14563106796116507,1.0,,0.7110501623279653,471.51206126927696
BRCA2,False,1,15,0,88,18.310344827586206,True,estimated,0.14563106796116507,1.0,,0.7110501623279653,471.51206126927696
C11orf24,False,1,15,0,88,18.310344827586206,True,estimated,0.14563106796116507,1.0,,0.7110501623279653,471.51206126927696
C1QTNF9,False,1,15,0,88,18.310344827586206,True,estimated,0.14563106796116507,1.0,,0.7110501623279653,471.51206126927696
C2CD2L,False,1,15,0,88,18.310344827586206,True,estimated,0.14563106796116507,1.0,,0.7110501623279653,471.51206126927696
C3orf70,False,1,15,0,88,18.310344827586206,True,estimated,0.14563106796116507,1.0,,0.7110501623279653,471.51206126927696
CACNA1F,False,1,15,0,88,18.310344827586206,True,estimated,0.14563106796116507,1.0,,0.7110501623279653,471.51206126927696
CACNA2D1,False,1,15,0,88,18.310344827586206,True,estimated,0.14563106796116507,1.0,,0.7110501623279653,471.51206126927696
CACYBP,False,1,15,0,88,18.310344827586206,True,estimated,0.14563106796116507,1.0,,0.7110501623279653,471.51206126927696
CALCOCO2,False,1,15,0,88,18.310344827586206,True,estimated,0.14563106796116507,1.0,,0.7110501623279653,471.51206126927696
CAMTA2,False,1,15,0,88,18.310344827586206,True,estimated,0.14563106796116507,1.0,,0.7110501623279653,471.51206126927696
CCDC142,False,1,15,0,88,18.310344827586206,True,estimated,0.14563106796116507,1.0,,0.7110501623279653,471.51206126927696
CCDC174,False,1,15,0,88,18.310344827586206,True,estimated,0.14563106796116507,1.0,,0.7110501623279653,471.51206126927696
CCDC178,False,1,15,0,88,18.310344827586206,True,estimated,0.14563106796116507,1.0,,0.7110501623279653,471.51206126927696
CCDC59,False,1,15,0,88,18.310344827586206,True,estimated,0.14563106796116507,1.0,,0.7110501623279653,471.51206126927696
CCT6B,False,1,15,0,88,18.310344827586206,True,estimated,0.14563106796116507,1.0,,0.7110501623279653,471.51206126927696
CD28,False,1,15,0,88,18.310344827586206,True,estimated,0.14563106796116507,1.0,,0.7110501623279653,471.51206126927696
CDKN2C,False,1,15,0,88,18.310344827586206,True,estimated,0.14563106796116507,1.0,,0.7110501623279653,471.51206126927696
CEACAM3,False,1,15,0,88,18.310344827586206,True,estimated,0.14563106796116507,1.0,,0.7110501623279653,471.51206126927696
CENPW,False,1,15,0,88,18.310344827586206,True,estimated,0.14563106796116507,1.0,,0.7110501623279653,471.51206126927696
CERS3,False,1,15,0,88,18.310344827586206,True,estimated,0.14563106796116507,1.0,,0.7110501623279653,471.51206126927696
CHM,False,1,15,0,88,18.310344827586206,True,estimated,0.14563106796116507,1.0,,0.7110501623279653,471.51206126927696
CLMN,False,1,15,0,88,18.310344827586206,True,estimated,0.14563106796116507,1.0,,0.7110501623279653,471.51206126927696
CNN3,False,1,15,0,88,18.310344827586206,True,estimated,0.14563106796116507,1.0,,0.7110501623279653,471.51206126927696
CNOT6,False,1,15,0,88,18.310344827586206,True,estimated,0.14563106796116507,1.0,,0.7110501623279653,471.51206126927696
CNOT9,False,1,15,0,88,18.310344827586206,True,estimated,0.14563106796116507,1.0,,0.7110501623279653,471.51206126927696
CNTN6,False,1,15,0,88,18.310344827586206,True,estimated,0.14563106796116507,1.0,,0.7110501623279653,471.51206126927696
CNTNAP2,False,1,15,0,88,18.310344827586206,True,estimated,0.14563106796116507,1.0,,0.7110501623279653,471.51206126927696
CNTNAP5,False,1,15,0,88,18.310344827586206,True,estimated,0.14563106796116507,1.0,,0.7110501623279653,471.51206126927696
COG1,False,1,15,0,88,18.310344827586206,True,estimated,0.14563106796116507,1.0,,0.7110501623279653,471.51206126927696
COG5,False,1,15,0,88,18.310344827586206,True,estimated,0.14563106796116507,1.0,,0.7110501623279653,471.51206126927696
COL13A1,False,1,15,0,88,18.310344827586206,True,estimated,0.14563106796116507,1.0,,0.7110501623279653,471.51206126927696
COMMD10,False,1,15,0,88,18.310344827586206,True,estimated,0.14563106796116507,1.0,,0.7110501623279653,471.51206126927696
COPB2,False,1,15,0,88,18.310344827586206,True,estimated,0.14563106796116507,1.0,,0.7110501623279653,471.51206126927696
COX7A2,False,1,15,0,88,18.310344827586206,True,estimated,0.14563106796116507,1.0,,0.7110501623279653,471.51206126927696
CPSF7,False,1,15,0,88,18.310344827586206,True,estimated,0.14563106796116507,1.0,,0.7110501623279653,471.51206126927696
CREBRF,False,1,15,0,88,18.310344827586206,True,estimated,0.14563106796116507,1.0,,0.7110501623279653,471.51206126927696
CRELD1,False,1,15,0,88,18.310344827586206,True,estimated,0.14563106796116507,1.0,,0.7110501623279653,471.51206126927696
CRYBB2,False,1,15,0,88,18.310344827586206,True,estimated,0.14563106796116507,1.0,,0.7110501623279653,471.51206126927696
CRYGA,False,1,15,0,88,18.310344827586206,True,estimated,0.14563106796116507,1.0,,0.7110501623279653,471.51206126927696
CSK,False,1,15,0,88,18.310344827586206,True,estimated,0.14563106796116507,1.0,,0.7110501623279653,471.51206126927696
CTDP1,False,1,15,0,88,18.310344827586206,True,estimated,0.14563106796116507,1.0,,0.7110501623279653,471.51206126927696
CUX1,False,1,15,0,88,18.310344827586206,True,estimated,0.14563106796116507,1.0,,0.7110501623279653,471.51206126927696
CWC15,False,1,15,0,88,18.310344827586206,True,estimated,0.14563106796116507,1.0,,0.7110501623279653,471.51206126927696
CYP1B1,False,1,15,0,88,18.310344827586206,True,estimated,0.14563106796116507,1.0,,0.7110501623279653,471.51206126927696
CYP26B1,False,1,15,0,88,18.310344827586206,True,estimated,0.14563106796116507,1.0,,0.7110501623279653,471.51206126927696
DCC,False,1,15,0,88,18.310344827586206,True,estimated,0.14563106796116507,1.0,,0.7110501623279653,471.51206126927696
DCDC1,False,1,15,0,88,18.310344827586206,True,estimated,0.14563106796116507,1.0,,0.7110501623279653,471.51206126927696
DCSTAMP,False,1,15,0,88,18.310344827586206,True,estimated,0.14563106796116507,1.0,,0.7110501623279653,471.51206126927696
DCTN1,False,1,15,0,88,18.310344827586206,True,estimated,0.14563106796116507,1.0,,0.7110501623279653,471.51206126927696
DDHD1,False,1,15,0,88,18.310344827586206,True,estimated,0.14563106796116507,1.0,,0.7110501623279653,471.51206126927696
DDI1,False,1,15,0,88,18.310344827586206,True,estimated,0.14563106796116507,1.0,,0.7110501623279653,471.51206126927696
DEFB115,False,1,15,0,88,18.310344827586206,True,estimated,0.14563106796116507,1.0,,0.7110501623279653,471.51206126927696
DHDH,False,1,15,0,88,18.310344827586206,True,estimated,0.14563106796116507,1.0,,0.7110501623279653,471.51206126927696
DHPS,False,1,15,0,88,18.310344827586206,True,estimated,0.14563106796116507,1.0,,0.7110501623279653,471.51206126927696
DHX30,False,1,15,0,88,18.310344827586206,True,estimated,0.14563106796116507,1.0,,0.7110501623279653,471.51206126927696
DIP2A,False,1,15,0,88,18.310344827586206,True,estimated,0.14563106796116507,1.0,,0.7110501623279653,471.51206126927696
DNAAF2,False,1,15,0,88,18.310344827586206,True,estimated,0.14563106796116507,1.0,,0.7110501623279653,471.51206126927696
DNAH17,False,1,15,0,88,18.310344827586206,True,estimated,0.14563106796116507,1.0,,0.7110501623279653,471.51206126927696
DNAJC1,False,1,15,0,88,18.310344827586206,True,estimated,0.14563106796116507,1.0,,0.7110501623279653,471.51206126927696
DNAJC25,False,1,15,0,88,18.310344827586206,True,estimated,0.14563106796116507,1.0,,0.7110501623279653,471.51206126927696
DNTTIP2,False,1,15,0,88,18.310344827586206,True,estimated,0.14563106796116507,1.0,,0.7110501623279653,471.51206126927696
DOCK11,False,1,15,0,88,18.310344827586206,True,estimated,0.14563106796116507,1.0,,0.7110501623279653,471.51206126927696
DOCK3,False,1,15,0,88,18.310344827586206,True,estimated,0.14563106796116507,1.0,,0.7110501623279653,471.51206126927696
DOK7,False,1,15,0,88,18.310344827586206,True,estimated,0.14563106796116507,1.0,,0.7110501623279653,471.51206126927696
DPP4,False,1,15,0,88,18.310344827586206,True,estimated,0.14563106796116507,1.0,,0.7110501623279653,471.51206126927696
DUSP21,False,1,15,0,88,18.310344827586206,True,estimated,0.14563106796116507,1.0,,0.7110501623279653,471.51206126927696
DYM,False,1,15,0,88,18.310344827586206,True,estimated,0.14563106796116507,1.0,,0.7110501623279653,471.51206126927696
DYNC1H1,False,1,15,0,88,18.310344827586206,True,estimated,0.14563106796116507,1.0,,0.7110501623279653,471.51206126927696
ECE2,False,1,15,0,88,18.310344827586206,True,estimated,0.14563106796116507,1.0,,0.7110501623279653,471.51206126927696
EDC3,False,1,15,0,88,18.310344827586206,True,estimated,0.14563106796116507,1.0,,0.7110501623279653,471.51206126927696
EIF4G2,False,1,15,0,88,18.310344827586206,True,estimated,0.14563106796116507,1.0,,0.7110501623279653,471.51206126927696
EIF5,False,1,15,0,88,18.310344827586206,True,estimated,0.14563106796116507,1.0,,0.7110501623279653,471.51206126927696
ELFN2,False,1,15,0,88,18.310344827586206,True,estimated,0.14563106796116507,1.0,,0.7110501623279653,471.51206126927696
EML2,False,1,15,0,88,18.310344827586206,True,estimated,0.14563106796116507,1.0,,0.7110501623279653,471.51206126927696
EPS15,False,1,15,0,88,18.310344827586206,True,estimated,0.14563106796116507,1.0,,0.7110501623279653,471.51206126927696
ERAP1,False,1,15,0,88,18.310344827586206,True,estimated,0.14563106796116507,1.0,,0.7110501623279653,471.51206126927696
ERMAP,False,1,15,0,88,18.310344827586206,True,estimated,0.14563106796116507,1.0,,0.7110501623279653,471.51206126927696
ESCO1,False,1,15,0,88,18.310344827586206,True,estimated,0.14563106796116507,1.0,,0.7110501623279653,471.51206126927696
ESYT2,False,1,15,0,88,18.310344827586206,True,estimated,0.14563106796116507,1.0,,0.7110501623279653,471.51206126927696
EXOC3L1,False,1,15,0,88,18.310344827586206,True,estimated,0.14563106796116507,1.0,,0.7110501623279653,471.51206126927696
EXOSC9,False,1,15,0,88,18.310344827586206,True,estimated,0.14563106796116507,1.0,,0.7110501623279653,471.51206126927696
F11R,False,1,15,0,88,18.310344827586206,True,estimated,0.14563106796116507,1.0,,0.7110501623279653,471.51206126927696
F5,False,1,15,0,88,18.310344827586206,True,estimated,0.14563106796116507,1.0,,0.7110501623279653,471.51206126927696
FAAH,False,1,15,0,88,18.310344827586206,True,estimated,0.14563106796116507,1.0,,0.7110501623279653,471.51206126927696
FAM13A,False,1,15,0,88,18.310344827586206,True,estimated,0.14563106796116507,1.0,,0.7110501623279653,471.51206126927696
FAM151A,False,1,15,0,88,18.310344827586206,True,estimated,0.14563106796116507,1.0,,0.7110501623279653,471.51206126927696
FAM155A,False,1,15,0,88,18.310344827586206,True,estimated,0.14563106796116507,1.0,,0.7110501623279653,471.51206126927696
FAM160A2,False,1,15,0,88,18.310344827586206,True,estimated,0.14563106796116507,1.0,,0.7110501623279653,471.51206126927696
FBXW10,False,1,15,0,88,18.310344827586206,True,estimated,0.14563106796116507,1.0,,0.7110501623279653,471.51206126927696
FGFR4,False,1,15,0,88,18.310344827586206,True,estimated,0.14563106796116507,1.0,,0.7110501623279653,471.51206126927696
FNDC3B,False,1,15,0,88,18.310344827586206,True,estimated,0.14563106796116507,1.0,,0.7110501623279653,471.51206126927696
FOCAD,False,1,15,0,88,18.310344827586206,True,estimated,0.14563106796116507,1.0,,0.7110501623279653,471.51206126927696
FRMPD2,False,1,15,0,88,18.310344827586206,True,estimated,0.14563106796116507,1.0,,0.7110501623279653,471.51206126927696
GAB1,False,1,15,0,88,18.310344827586206,True,estimated,0.14563106796116507,1.0,,0.7110501623279653,471.51206126927696
GABBR1,False,1,15,0,88,18.310344827586206,True,estimated,0.14563106796116507,1.0,,0.7110501623279653,471.51206126927696
GALNT14,False,1,15,0,88,18.310344827586206,True,estimated,0.14563106796116507,1.0,,0.7110501623279653,471.51206126927696
GALT,False,1,15,0,88,18.310344827586206,True,estimated,0.14563106796116507,1.0,,0.7110501623279653,471.51206126927696
GDF11,False,1,15,0,88,18.310344827586206,True,estimated,0.14563106796116507,1.0,,0.7110501623279653,471.51206126927696
GDF5,False,1,15,0,88,18.310344827586206,True,estimated,0.14563106796116507,1.0,,0.7110501623279653,471.51206126927696
GGA2,False,1,15,0,88,18.310344827586206,True,estimated,0.14563106796116507,1.0,,0.7110501623279653,471.51206126927696
GLDN,False,1,15,0,88,18.310344827586206,True,estimated,0.14563106796116507,1.0,,0.7110501623279653,471.51206126927696
GLS2,False,1,15,0,88,18.310344827586206,True,estimated,0.14563106796116507,1.0,,0.7110501623279653,471.51206126927696
GLT8D2,False,1,15,0,88,18.310344827586206,True,estimated,0.14563106796116507,1.0,,0.7110501623279653,471.51206126927696
GMFB,False,1,15,0,88,18.310344827586206,True,estimated,0.14563106796116507,1.0,,0.7110501623279653,471.51206126927696
GPM6A,False,1,15,0,88,18.310344827586206,True,estimated,0.14563106796116507,1.0,,0.7110501623279653,471.51206126927696
GPNMB,False,1,15,0,88,18.310344827586206,True,estimated,0.14563106796116507,1.0,,0.7110501623279653,471.51206126927696
GPR174,False,1,15,0,88,18.310344827586206,True,estimated,0.14563106796116507,1.0,,0.7110501623279653,471.51206126927696
GPRC5D,False,1,15,0,88,18.310344827586206,True,estimated,0.14563106796116507,1.0,,0.7110501623279653,471.51206126927696
GRIN2A,False,1,15,0,88,18.310344827586206,True,estimated,0.14563106796116507,1.0,,0.7110501623279653,471.51206126927696
GRM1,False,1,15,0,88,18.310344827586206,True,estimated,0.14563106796116507,1.0,,0.7110501623279653,471.51206126927696
GTF2IRD2B,False,1,15,0,88,18.310344827586206,True,estimated,0.14563106796116507,1.0,,0.7110501623279653,471.51206126927696
H1-1,False,1,15,0,88,18.310344827586206,True,estimated,0.14563106796116507,1.0,,0.7110501623279653,471.51206126927696
HADHA,False,1,15,0,88,18.310344827586206,True,estimated,0.14563106796116507,1.0,,0.7110501623279653,471.51206126927696
HCRTR2,False,1,15,0,88,18.310344827586206,True,estimated,0.14563106796116507,1.0,,0.7110501623279653,471.51206126927696
HERC5,False,1,15,0,88,18.310344827586206,True,estimated,0.14563106796116507,1.0,,0.7110501623279653,471.51206126927696
HFM1,False,1,15,0,88,18.310344827586206,True,estimated,0.14563106796116507,1.0,,0.7110501623279653,471.51206126927696
HHEX,False,1,15,0,88,18.310344827586206,True,estimated,0.14563106796116507,1.0,,0.7110501623279653,471.51206126927696
HHIPL2,False,1,15,0,88,18.310344827586206,True,estimated,0.14563106796116507,1.0,,0.7110501623279653,471.51206126927696
HMGCS2,False,1,15,0,88,18.310344827586206,True,estimated,0.14563106796116507,1.0,,0.7110501623279653,471.51206126927696
HOXB1,False,1,15,0,88,18.310344827586206,True,estimated,0.14563106796116507,1.0,,0.7110501623279653,471.51206126927696
HSD17B4,False,1,15,0,88,18.310344827586206,True,estimated,0.14563106796116507,1.0,,0.7110501623279653,471.51206126927696
IFIT2,False,1,15,0,88,18.310344827586206,True,estimated,0.14563106796116507,1.0,,0.7110501623279653,471.51206126927696
IFNA14,False,1,15,0,88,18.310344827586206,True,estimated,0.14563106796116507,1.0,,0.7110501623279653,471.51206126927696
IGHA2,False,1,15,0,88,18.310344827586206,True,estimated,0.14563106796116507,1.0,,0.7110501623279653,471.51206126927696
IGLV3-25,False,1,15,0,88,18.310344827586206,True,estimated,0.14563106796116507,1.0,,0.7110501623279653,471.51206126927696
IL1RL2,False,1,15,0,88,18.310344827586206,True,estimated,0.14563106796116507,1.0,,0.7110501623279653,471.51206126927696
IL27RA,False,1,15,0,88,18.310344827586206,True,estimated,0.14563106796116507,1.0,,0.7110501623279653,471.51206126927696
IP6K3,False,1,15,0,88,18.310344827586206,True,estimated,0.14563106796116507,1.0,,0.7110501623279653,471.51206126927696
IQCK,False,1,15,0,88,18.310344827586206,True,estimated,0.14563106796116507,1.0,,0.7110501623279653,471.51206126927696
ITGA11,False,1,15,0,88,18.310344827586206,True,estimated,0.14563106796116507,1.0,,0.7110501623279653,471.51206126927696
IVL,False,1,15,0,88,18.310344827586206,True,estimated,0.14563106796116507,1.0,,0.7110501623279653,471.51206126927696
KCNH2,False,1,15,0,88,18.310344827586206,True,estimated,0.14563106796116507,1.0,,0.7110501623279653,471.51206126927696
KDM2A,False,1,15,0,88,18.310344827586206,True,estimated,0.14563106796116507,1.0,,0.7110501623279653,471.51206126927696
KDM7A,False,1,15,0,88,18.310344827586206,True,estimated,0.14563106796116507,1.0,,0.7110501623279653,471.51206126927696
KLHL32,False,1,15,0,88,18.310344827586206,True,estimated,0.14563106796116507,1.0,,0.7110501623279653,471.51206126927696
KLK12,False,1,15,0,88,18.310344827586206,True,estimated,0.14563106796116507,1.0,,0.7110501623279653,471.51206126927696
KLRD1,False,1,15,0,88,18.310344827586206,True,estimated,0.14563106796116507,1.0,,0.7110501623279653,471.51206126927696
KMT2C,True,1,15,0,88,18.310344827586206,True,estimated,0.14563106796116507,1.0,0.7281553398058253,0.7110501623279653,471.51206126927696
KRT2,False,1,15,0,88,18.310344827586206,True,estimated,0.14563106796116507,1.0,,0.7110501623279653,471.51206126927696
KRT24,False,1,15,0,88,18.310344827586206,True,estimated,0.14563106796116507,1.0,,0.7110501623279653,471.51206126927696
KRT34,False,1,15,0,88,18.310344827586206,True,estimated,0.14563106796116507,1.0,,0.7110501623279653,471.51206126927696
KRTAP10-3,False,1,15,0,88,18.310344827586206,True,estimated,0.14563106796116507,1.0,,0.7110501623279653,471.51206126927696
LBP,False,1,15,0,88,18.310344827586206,True,estimated,0.14563106796116507,1.0,,0.7110501623279653,471.51206126927696
LCT,False,1,15,0,88,18.310344827586206,True,estimated,0.14563106796116507,1.0,,0.7110501623279653,471.51206126927696
LPO,False,1,15,0,88,18.310344827586206,True,estimated,0.14563106796116507,1.0,,0.7110501623279653,471.51206126927696
LUC7L3,False,1,15,0,88,18.310344827586206,True,estimated,0.14563106796116507,1.0,,0.7110501623279653,471.51206126927696
MAGEA4,False,1,15,0,88,18.310344827586206,True,estimated,0.14563106796116507,1.0,,0.7110501623279653,471.51206126927696
MAML2,False,1,15,0,88,18.310344827586206,True,estimated,0.14563106796116507,1.0,,0.7110501623279653,471.51206126927696
MAML3,False,1,15,0,88,18.310344827586206,True,estimated,0.14563106796116507,1.0,,0.7110501623279653,471.51206126927696
MAP3K2,False,1,15,0,88,18.310344827586206,True,estimated,0.14563106796116507,1.0,,0.7110501623279653,471.51206126927696
MAP4K3,False,1,15,0,88,18.310344827586206,True,estimated,0.14563106796116507,1.0,,0.7110501623279653,471.51206126927696
MAPK14,False,1,15,0,88,18.310344827586206,True,estimated,0.14563106796116507,1.0,,0.7110501623279653,471.51206126927696
MAPK8,False,1,15,0,88,18.310344827586206,True,estimated,0.14563106796116507,1.0,,0.7110501623279653,471.51206126927696
MCHR2,False,1,15,0,88,18.310344827586206,True,estimated,0.14563106796116507,1.0,,0.7110501623279653,471.51206126927696
MECOM,False,1,15,0,88,18.310344827586206,True,estimated,0.14563106796116507,1.0,,0.7110501623279653,471.51206126927696
MED18,False,1,15,0,88,18.310344827586206,True,estimated,0.14563106796116507,1.0,,0.7110501623279653,471.51206126927696
MEGF6,False,1,15,0,88,18.310344827586206,True,estimated,0.14563106796116507,1.0,,0.7110501623279653,471.51206126927696
MFAP4,False,1,15,0,88,18.310344827586206,True,estimated,0.14563106796116507,1.0,,0.7110501623279653,471.51206126927696
MFSD6L,False,1,15,0,88,18.310344827586206,True,estimated,0.14563106796116507,1.0,,0.7110501623279653,471.51206126927696
MFSD8,False,1,15,0,88,18.310344827586206,True,estimated,0.14563106796116507,1.0,,0.7110501623279653,471.51206126927696
MGAT4A,False,1,15,0,88,18.310344827586206,True,estimated,0.14563106796116507,1.0,,0.7110501623279653,471.51206126927696
MICALL2,False,1,15,0,88,18.310344827586206,True,estimated,0.14563106796116507,1.0,,0.7110501623279653,471.51206126927696
MKNK2,False,1,15,0,88,18.310344827586206,True,estimated,0.14563106796116507,1.0,,0.7110501623279653,471.51206126927696
MMGT1,False,1,15,0,88,18.310344827586206,True,estimated,0.14563106796116507,1.0,,0.7110501623279653,471.51206126927696
MMP20,False,1,15,0,88,18.310344827586206,True,estimated,0.14563106796116507,1.0,,0.7110501623279653,471.51206126927696
MMP21,False,1,15,0,88,18.310344827586206,True,estimated,0.14563106796116507,1.0,,0.7110501623279653,471.51206126927696
MORF4L1,False,1,15,0,88,18.310344827586206,True,estimated,0.14563106796116507,1.0,,0.7110501623279653,471.51206126927696
MOSPD3,False,1,15,0,88,18.310344827586206,True,estimated,0.14563106796116507,1.0,,0.7110501623279653,471.51206126927696
MSH4,False,1,15,0,88,18.310344827586206,True,estimated,0.14563106796116507,1.0,,0.7110501623279653,471.51206126927696
MT1H,False,1,15,0,88,18.310344827586206,True,estimated,0.14563106796116507,1.0,,0.7110501623279653,471.51206126927696
MUSK,False,1,15,0,88,18.310344827586206,True,estimated,0.14563106796116507,1.0,,0.7110501623279653,471.51206126927696
MXRA8,False,1,15,0,88,18.310344827586206,True,estimated,0.14563106796116507,1.0,,0.7110501623279653,471.51206126927696
MYH1,False,1,15,0,88,18.310344827586206,True,estimated,0.14563106796116507,1.0,,0.7110501623279653,471.51206126927696
MYLK2,False,1,15,0,88,18.310344827586206,True,estimated,0.14563106796116507,1.0,,0.7110501623279653,471.51206126927696
MYO1C,False,1,15,0,88,18.310344827586206,True,estimated,0.14563106796116507,1.0,,0.7110501623279653,471.51206126927696
MZF1,False,1,15,0,88,18.310344827586206,True,estimated,0.14563106796116507,1.0,,0.7110501623279653,471.51206126927696
NAA40,False,1,15,0,88,18.310344827586206,True,estimated,0.14563106796116507,1.0,,0.7110501623279653,471.51206126927696
NCAM2,False,1,15,0,88,18.310344827586206,True,estimated,0.14563106796116507,1.0,,0.7110501623279653,471.51206126927696
NCAN,False,1,15,0,88,18.310344827586206,True,estimated,0.14563106796116507,1.0,,0.7110501623279653,471.51206126927696
NDE1,False,1,15,0,88,18.310344827586206,True,estimated,0.14563106796116507,1.0,,0.7110501623279653,471.51206126927696
NDST1,False,1,15,0,88,18.310344827586206,True,estimated,0.14563106796116507,1.0,,0.7110501623279653,471.51206126927696
NDUFAF2,False,1,15,0,88,18.310344827586206,True,estimated,0.14563106796116507,1.0,,0.7110501623279653,471.51206126927696
NDUFAF3,False,1,15,0,88,18.310344827586206,True,estimated,0.14563106796116507,1.0,,0.7110501623279653,471.51206126927696
NEFH,False,1,15,0,88,18.310344827586206,True,estimated,0.14563106796116507,1.0,,0.7110501623279653,471.51206126927696
NEU1,False,1,15,0,88,18.310344827586206,True,estimated,0.14563106796116507,1.0,,0.7110501623279653,471.51206126927696
NFATC3,False,1,15,0,88,18.310344827586206,True,estimated,0.14563106796116507,1.0,,0.7110501623279653,471.51206126927696
NGB,False,1,15,0,88,18.310344827586206,True,estimated,0.14563106796116507,1.0,,0.7110501623279653,471.51206126927696
NHLRC2,False,1,15,0,88,18.310344827586206,True,estimated,0.14563106796116507,1.0,,0.7110501623279653,471.51206126927696
NLRC4,False,1,15,0,88,18.310344827586206,True,estimated,0.14563106796116507,1.0,,0.7110501623279653,471.51206126927696
NPAT,False,1,15,0,88,18.310344827586206,True,estimated,0.14563106796116507,1.0,,0.7110501623279653,471.51206126927696
NRG3,False,1,15,0,88,18.310344827586206,True,estimated,0.14563106796116507,1.0,,0.7110501623279653,471.51206126927696
NRXN3,False,1,15,0,88,18.310344827586206,True,estimated,0.14563106796116507,1.0,,0.7110501623279653,471.51206126927696
NSG1,False,1,15,0,88,18.310344827586206,True,estimated,0.14563106796116507,1.0,,0.7110501623279653,471.51206126927696
NSUN2,False,1,15,0,88,18.310344827586206,True,estimated,0.14563106796116507,1.0,,0.7110501623279653,471.51206126927696
NUP107,False,1,15,0,88,18.310344827586206,True,estimated,0.14563106796116507,1.0,,0.7110501623279653,471.51206126927696
NUP214,False,1,15,0,88,18.310344827586206,True,estimated,0.14563106796116507,1.0,,0.7110501623279653,471.51206126927696
NUP42,False,1,15,0,88,18.310344827586206,True,estimated,0.14563106796116507,1.0,,0.7110501623279653,471.51206126927696
OBI1,False,1,15,0,88,18.310344827586206,True,estimated,0.14563106796116507,1.0,,0.7110501623279653,471.51206126927696
ODF2,False,1,15,0,88,18.310344827586206,True,estimated,0.14563106796116507,1.0,,0.7110501623279653,471.51206126927696
OIP5,False,1,15,0,88,18.310344827586206,True,estimated,0.14563106796116507,1.0,,0.7110501623279653,471.51206126927696
ONECUT2,False,1,15,0,88,18.310344827586206,True,estimated,0.14563106796116507,1.0,,0.7110501623279653,471.51206126927696
OR10G3,False,1,15,0,88,18.310344827586206,True,estimated,0.14563106796116507,1.0,,0.7110501623279653,471.51206126927696
OR2B3,False,1,15,0,88,18.310344827586206,True,estimated,0.14563106796116507,1.0,,0.7110501623279653,471.51206126927696
OR4D1,False,1,15,0,88,18.310344827586206,True,estimated,0.14563106796116507,1.0,,0.7110501623279653,471.51206126927696
OR52B4,False,1,15,0,88,18.310344827586206,True,estimated,0.14563106796116507,1.0,,0.7110501623279653,471.51206126927696
OR52I2,False,1,15,0,88,18.310344827586206,True,estimated,0.14563106796116507,1.0,,0.7110501623279653,471.51206126927696
OR6C4,False,1,15,0,88,18.310344827586206,True,estimated,0.14563106796116507,1.0,,0.7110501623279653,471.51206126927696
OR6C68,False,1,15,0,88,18.310344827586206,True,estimated,0.14563106796116507,1.0,,0.7110501623279653,471.51206126927696
OSGIN2,False,1,15,0,88,18.310344827586206,True,estimated,0.14563106796116507,1.0,,0.7110501623279653,471.51206126927696
OTOP2,False,1,15,0,88,18.310344827586206,True,estimated,0.14563106796116507,1.0,,0.7110501623279653,471.51206126927696
P2RX7,False,1,15,0,88,18.310344827586206,True,estimated,0.14563106796116507,1.0,,0.7110501623279653,471.51206126927696
PCNX2,False,1,15,0,88,18.310344827586206,True,estimated,0.14563106796116507,1.0,,0.7110501623279653,471.51206126927696
PCSK1,False,1,15,0,88,18.310344827586206,True,estimated,0.14563106796116507,1.0,,0.7110501623279653,471.51206126927696
PCSK2,False,1,15,0,88,18.310344827586206,True,estimated,0.14563106796116507,1.0,,0.7110501623279653,471.51206126927696
PCYOX1,False,1,15,0,88,18.310344827586206,True,estimated,0.14563106796116507,1.0,,0.7110501623279653,471.51206126927696
PDE1C,False,1,15,0,88,18.310344827586206,True,estimated,0.14563106796116507,1.0,,0.7110501623279653,471.51206126927696
PDE4B,False,1,15,0,88,18.310344827586206,True,estimated,0.14563106796116507,1.0,,0.7110501623279653,471.51206126927696
PDGFD,False,1,15,0,88,18.310344827586206,True,estimated,0.14563106796116507,1.0,,0.7110501623279653,471.51206126927696
PDSS2,False,1,15,0,88,18.310344827586206,True,estimated,0.14563106796116507,1.0,,0.7110501623279653,471.51206126927696
PGAP1,False,1,15,0,88,18.310344827586206,True,estimated,0.14563106796116507,1.0,,0.7110501623279653,471.51206126927696
PGGT1B,False,1,15,0,88,18.310344827586206,True,estimated,0.14563106796116507,1.0,,0.7110501623279653,471.51206126927696
PGK1,False,1,15,0,88,18.310344827586206,True,estimated,0.14563106796116507,1.0,,0.7110501623279653,471.51206126927696
PHTF1,False,1,15,0,88,18.310344827586206,True,estimated,0.14563106796116507,1.0,,0.7110501623279653,471.51206126927696
PIM3,False,1,15,0,88,18.310344827586206,True,estimated,0.14563106796116507,1.0,,0.7110501623279653,471.51206126927696
PISD,False,1,15,0,88,18.310344827586206,True,estimated,0.14563106796116507,1.0,,0.7110501623279653,471.51206126927696
PIWIL4,False,1,15,0,88,18.310344827586206,True,estimated,0.14563106796116507,1.0,,0.7110501623279653,471.51206126927696
PLEKHH3,False,1,15,0,88,18.310344827586206,True,estimated,0.14563106796116507,1.0,,0.7110501623279653,471.51206126927696
PLEKHO2,False,1,15,0,88,18.310344827586206,True,estimated,0.14563106796116507,1.0,,0.7110501623279653,471.51206126927696
PLIN4,False,1,15,0,88,18.310344827586206,True,estimated,0.14563106796116507,1.0,,0.7110501623279653,471.51206126927696
PLOD2,False,1,15,0,88,18.310344827586206,True,estimated,0.14563106796116507,1.0,,0.7110501623279653,471.51206126927696
PMEPA1,False,1,15,0,88,18.310344827586206,True,estimated,0.14563106796116507,1.0,,0.7110501623279653,471.51206126927696
POLG2,False,1,15,0,88,18.310344827586206,True,estimated,0.14563106796116507,1.0,,0.7110501623279653,471.51206126927696
POP7,False,1,15,0,88,18.310344827586206,True,estimated,0.14563106796116507,1.0,,0.7110501623279653,471.51206126927696
PPP1R14B,False,1,15,0,88,18.310344827586206,True,estimated,0.14563106796116507,1.0,,0.7110501623279653,471.51206126927696
PPP1R9B,False,1,15,0,88,18.310344827586206,True,estimated,0.14563106796116507,1.0,,0.7110501623279653,471.51206126927696
PREX2,False,1,15,0,88,18.310344827586206,True,estimated,0.14563106796116507,1.0,,0.7110501623279653,471.51206126927696
PRKCD,False,1,15,0,88,18.310344827586206,True,estimated,0.14563106796116507,1.0,,0.7110501623279653,471.51206126927696
PRKCH,False,1,15,0,88,18.310344827586206,True,estimated,0.14563106796116507,1.0,,0.7110501623279653,471.51206126927696
PRSS36,False,1,15,0,88,18.310344827586206,True,estimated,0.14563106796116507,1.0,,0.7110501623279653,471.51206126927696
PSG7,False,1,15,0,88,18.310344827586206,True,estimated,0.14563106796116507,1.0,,0.7110501623279653,471.51206126927696
PTPA,False,1,15,0,88,18.310344827586206,True,estimated,0.14563106796116507,1.0,,0.7110501623279653,471.51206126927696
PTPN13,False,1,15,0,88,18.310344827586206,True,estimated,0.14563106796116507,1.0,,0.7110501623279653,471.51206126927696
PTPRF,False,1,15,0,88,18.310344827586206,True,estimated,0.14563106796116507,1.0,,0.7110501623279653,471.51206126927696
PUM2,False,1,15,0,88,18.310344827586206,True,estimated,0.14563106796116507,1.0,,0.7110501623279653,471.51206126927696
PWP1,False,1,15,0,88,18.310344827586206,True,estimated,0.14563106796116507,1.0,,0.7110501623279653,471.51206126927696
PYGB,False,1,15,0,88,18.310344827586206,True,estimated,0.14563106796116507,1.0,,0.7110501623279653,471.51206126927696
QPCTL,False,1,15,0,88,18.310344827586206,True,estimated,0.14563106796116507,1.0,,0.7110501623279653,471.51206126927696
RAB21,False,1,15,0,88,18.310344827586206,True,estimated,0.14563106796116507,1.0,,0.7110501623279653,471.51206126927696
RAB37,False,1,15,0,88,18.310344827586206,True,estimated,0.14563106796116507,1.0,,0.7110501623279653,471.51206126927696
RAI1,False,1,15,0,88,18.310344827586206,True,estimated,0.14563106796116507,1.0,,0.7110501623279653,471.51206126927696
RALGPS1,False,1,15,0,88,18.310344827586206,True,estimated,0.14563106796116507,1.0,,0.7110501623279653,471.51206126927696
RALGPS2,False,1,15,0,88,18.310344827586206,True,estimated,0.14563106796116507,1.0,,0.7110501623279653,471.51206126927696
RAN,False,1,15,0,88,18.310344827586206,True,estimated,0.14563106796116507,1.0,,0.7110501623279653,471.51206126927696
RARA,False,1,15,0,88,18.310344827586206,True,estimated,0.14563106796116507,1.0,,0.7110501623279653,471.51206126927696
RASGEF1C,False,1,15,0,88,18.310344827586206,True,estimated,0.14563106796116507,1.0,,0.7110501623279653,471.51206126927696
RAVER2,False,1,15,0,88,18.310344827586206,True,estimated,0.14563106796116507,1.0,,0.7110501623279653,471.51206126927696
RBM46,False,1,15,0,88,18.310344827586206,True,estimated,0.14563106796116507,1.0,,0.7110501623279653,471.51206126927696
RCC2,False,1,15,0,88,18.310344827586206,True,estimated,0.14563106796116507,1.0,,0.7110501623279653,471.51206126927696
RDH11,False,1,15,0,88,18.310344827586206,True,estimated,0.14563106796116507,1.0,,0.7110501623279653,471.51206126927696
REC8,False,1,15,0,88,18.310344827586206,True,estimated,0.14563106796116507,1.0,,0.7110501623279653,471.51206126927696
RGL2,False,1,15,0,88,18.310344827586206,True,estimated,0.14563106796116507,1.0,,0.7110501623279653,471.51206126927696
RLBP1,False,1,15,0,88,18.310344827586206,True,estimated,0.14563106796116507,1.0,,0.7110501623279653,471.51206126927696
RNF10,False,1,15,0,88,18.310344827586206,True,estimated,0.14563106796116507,1.0,,0.7110501623279653,471.51206126927696
RNF139,False,1,15,0,88,18.310344827586206,True,estimated,0.14563106796116507,1.0,,0.7110501623279653,471.51206126927696
RNF213,False,1,15,0,88,18.310344827586206,True,estimated,0.14563106796116507,1.0,,0.7110501623279653,471.51206126927696
RPF1,False,1,15,0,88,18.310344827586206,True,estimated,0.14563106796116507,1.0,,0.7110501623279653,471.51206126927696
RPS21,False,1,15,0,88,18.310344827586206,True,estimated,0.14563106796116507,1.0,,0.7110501623279653,471.51206126927696
RPS3,False,1,15,0,88,18.310344827586206,True,estimated,0.14563106796116507,1.0,,0.7110501623279653,471.51206126927696
RRAGC,False,1,15,0,88,18.310344827586206,True,estimated,0.14563106796116507,1.0,,0.7110501623279653,471.51206126927696
RTN4RL1,False,1,15,0,88,18.310344827586206,True,estimated,0.14563106796116507,1.0,,0.7110501623279653,471.51206126927696
S100PBP,False,1,15,0,88,18.310344827586206,True,estimated,0.14563106796116507,1.0,,0.7110501623279653,471.51206126927696
S1PR4,False,1,15,0,88,18.310344827586206,True,estimated,0.14563106796116507,1.0,,0.7110501623279653,471.51206126927696
SCAP,False,1,15,0,88,18.310344827586206,True,estimated,0.14563106796116507,1.0,,0.7110501623279653,471.51206126927696
SCCPDH,False,1,15,0,88,18.310344827586206,True,estimated,0.14563106796116507,1.0,,0.7110501623279653,471.51206126927696
SCG2,False,1,15,0,88,18.310344827586206,True,estimated,0.14563106796116507,1.0,,0.7110501623279653,471.51206126927696
SDR16C5,False,1,15,0,88,18.310344827586206,True,estimated,0.14563106796116507,1.0,,0.7110501623279653,471.51206126927696
SEMA6D,False,1,15,0,88,18.310344827586206,True,estimated,0.14563106796116507,1.0,,0.7110501623279653,471.51206126927696
SEPTIN11,False,1,15,0,88,18.310344827586206,True,estimated,0.14563106796116507,1.0,,0.7110501623279653,471.51206126927696
SERPINB8,False,1,15,0,88,18.310344827586206,True,estimated,0.14563106796116507,1.0,,0.7110501623279653,471.51206126927696
SETBP1,False,1,15,0,88,18.310344827586206,True,estimated,0.14563106796116507,1.0,,0.7110501623279653,471.51206126927696
SF3A3,False,1,15,0,88,18.310344827586206,True,estimated,0.14563106796116507,1.0,,0.7110501623279653,471.51206126927696
SGCZ,False,1,15,0,88,18.310344827586206,True,estimated,0.14563106796116507,1.0,,0.7110501623279653,471.51206126927696
SH2B2,False,1,15,0,88,18.310344827586206,True,estimated,0.14563106796116507,1.0,,0.7110501623279653,471.51206126927696
SI,False,1,15,0,88,18.310344827586206,True,estimated,0.14563106796116507,1.0,,0.7110501623279653,471.51206126927696
SIRPB1,False,1,15,0,88,18.310344827586206,True,estimated,0.14563106796116507,1.0,,0.7110501623279653,471.51206126927696
SIRT1,False,1,15,0,88,18.310344827586206,True,estimated,0.14563106796116507,1.0,,0.7110501623279653,471.51206126927696
SLC12A6,False,1,15,0,88,18.310344827586206,True,estimated,0.14563106796116507,1.0,,0.7110501623279653,471.51206126927696
SLC14A2,False,1,15,0,88,18.310344827586206,True,estimated,0.14563106796116507,1.0,,0.7110501623279653,471.51206126927696
SLC19A3,False,1,15,0,88,18.310344827586206,True,estimated,0.14563106796116507,1.0,,0.7110501623279653,471.51206126927696
SLC22A11,False,1,15,0,88,18.310344827586206,True,estimated,0.14563106796116507,1.0,,0.7110501623279653,471.51206126927696
SLC26A1,False,1,15,0,88,18.310344827586206,True,estimated,0.14563106796116507,1.0,,0.7110501623279653,471.51206126927696
SLC47A1,False,1,15,0,88,18.310344827586206,True,estimated,0.14563106796116507,1.0,,0.7110501623279653,471.51206126927696
SLC47A2,False,1,15,0,88,18.310344827586206,True,estimated,0.14563106796116507,1.0,,0.7110501623279653,471.51206126927696
SLC4A1,False,1,15,0,88,18.310344827586206,True,estimated,0.14563106796116507,1.0,,0.7110501623279653,471.51206126927696
SLC5A10,False,1,15,0,88,18.310344827586206,True,estimated,0.14563106796116507,1.0,,0.7110501623279653,471.51206126927696
SLC6A19,False,1,15,0,88,18.310344827586206,True,estimated,0.14563106796116507,1.0,,0.7110501623279653,471.51206126927696
SLX4IP,False,1,15,0,88,18.310344827586206,True,estimated,0.14563106796116507,1.0,,0.7110501623279653,471.51206126927696
SMARCA5,False,1,15,0,88,18.310344827586206,True,estimated,0.14563106796116507,1.0,,0.7110501623279653,471.51206126927696
SMCR8,False,1,15,0,88,18.310344827586206,True,estimated,0.14563106796116507,1.0,,0.7110501623279653,471.51206126927696
SOS2,False,1,15,0,88,18.310344827586206,True,estimated,0.14563106796116507,1.0,,0.7110501623279653,471.51206126927696
SOX4,False,1,15,0,88,18.310344827586206,True,estimated,0.14563106796116507,1.0,,0.7110501623279653,471.51206126927696
SPAG8,False,1,15,0,88,18.310344827586206,True,estimated,0.14563106796116507,1.0,,0.7110501623279653,471.51206126927696
SPATA31D1,False,1,15,0,88,18.310344827586206,True,estimated,0.14563106796116507,1.0,,0.7110501623279653,471.51206126927696
SPG11,False,1,15,0,88,18.310344827586206,True,estimated,0.14563106796116507,1.0,,0.7110501623279653,471.51206126927696
SPHKAP,False,1,15,0,88,18.310344827586206,True,estimated,0.14563106796116507,1.0,,0.7110501623279653,471.51206126927696
SRCAP,False,1,15,0,88,18.310344827586206,True,estimated,0.14563106796116507,1.0,,0.7110501623279653,471.51206126927696
SRGAP3,False,1,15,0,88,18.310344827586206,True,estimated,0.14563106796116507,1.0,,0.7110501623279653,471.51206126927696
SS18,False,1,15,0,88,18.310344827586206,True,estimated,0.14563106796116507,1.0,,0.7110501623279653,471.51206126927696
ST8SIA4,False,1,15,0,88,18.310344827586206,True,estimated,0.14563106796116507,1.0,,0.7110501623279653,471.51206126927696
STAM,False,1,15,0,88,18.310344827586206,True,estimated,0.14563106796116507,1.0,,0.7110501623279653,471.51206126927696
STPG4,False,1,15,0,88,18.310344827586206,True,estimated,0.14563106796116507,1.0,,0.7110501623279653,471.51206126927696
STRN,False,1,15,0,88,18.310344827586206,True,estimated,0.14563106796116507,1.0,,0.7110501623279653,471.51206126927696
SUCLG1,False,1,15,0,88,18.310344827586206,True,estimated,0.14563106796116507,1.0,,0.7110501623279653,471.51206126927696
SUPT3H,False,1,15,0,88,18.310344827586206,True,estimated,0.14563106796116507,1.0,,0.7110501623279653,471.51206126927696
SUPT5H,False,1,15,0,88,18.310344827586206,True,estimated,0.14563106796116507,1.0,,0.7110501623279653,471.51206126927696
TADA2A,False,1,15,0,88,18.310344827586206,True,estimated,0.14563106796116507,1.0,,0.7110501623279653,471.51206126927696
TAFA2,False,1,15,0,88,18.310344827586206,True,estimated,0.14563106796116507,1.0,,0.7110501623279653,471.51206126927696
TAOK3,False,1,15,0,88,18.310344827586206,True,estimated,0.14563106796116507,1.0,,0.7110501623279653,471.51206126927696
TAS2R39,False,1,15,0,88,18.310344827586206,True,estimated,0.14563106796116507,1.0,,0.7110501623279653,471.51206126927696
TBC1D8B,False,1,15,0,88,18.310344827586206,True,estimated,0.14563106796116507,1.0,,0.7110501623279653,471.51206126927696
TCHH,False,1,15,0,88,18.310344827586206,True,estimated,0.14563106796116507,1.0,,0.7110501623279653,471.51206126927696
TCP11,False,1,15,0,88,18.310344827586206,True,estimated,0.14563106796116507,1.0,,0.7110501623279653,471.51206126927696
TEKT2,False,1,15,0,88,18.310344827586206,True,estimated,0.14563106796116507,1.0,,0.7110501623279653,471.51206126927696
TENM3,False,1,15,0,88,18.310344827586206,True,estimated,0.14563106796116507,1.0,,0.7110501623279653,471.51206126927696
TFAP2C,False,1,15,0,88,18.310344827586206,True,estimated,0.14563106796116507,1.0,,0.7110501623279653,471.51206126927696
TGIF2LX,False,1,15,0,88,18.310344827586206,True,estimated,0.14563106796116507,1.0,,0.7110501623279653,471.51206126927696
TH,False,1,15,0,88,18.310344827586206,True,estimated,0.14563106796116507,1.0,,0.7110501623279653,471.51206126927696
THSD1,False,1,15,0,88,18.310344827586206,True,estimated,0.14563106796116507,1.0,,0.7110501623279653,471.51206126927696
THSD7A,False,1,15,0,88,18.310344827586206,True,estimated,0.14563106796116507,1.0,,0.7110501623279653,471.51206126927696
THSD7B,False,1,15,0,88,18.310344827586206,True,estimated,0.14563106796116507,1.0,,0.7110501623279653,471.51206126927696
TIE1,False,1,15,0,88,18.310344827586206,True,estimated,0.14563106796116507,1.0,,0.7110501623279653,471.51206126927696
TIPIN,False,1,15,0,88,18.310344827586206,True,estimated,0.14563106796116507,1.0,,0.7110501623279653,471.51206126927696
TKTL2,False,1,15,0,88,18.310344827586206,True,estimated,0.14563106796116507,1.0,,0.7110501623279653,471.51206126927696
TMBIM1,False,1,15,0,88,18.310344827586206,True,estimated,0.14563106796116507,1.0,,0.7110501623279653,471.51206126927696
TMC1,False,1,15,0,88,18.310344827586206,True,estimated,0.14563106796116507,1.0,,0.7110501623279653,471.51206126927696
TMCO6,False,1,15,0,88,18.310344827586206,True,estimated,0.14563106796116507,1.0,,0.7110501623279653,471.51206126927696
TMEM132E,False,1,15,0,88,18.310344827586206,True,estimated,0.14563106796116507,1.0,,0.7110501623279653,471.51206126927696
TMEM59L,False,1,15,0,88,18.310344827586206,True,estimated,0.14563106796116507,1.0,,0.7110501623279653,471.51206126927696
TOP1,False,1,15,0,88,18.310344827586206,True,estimated,0.14563106796116507,1.0,,0.7110501623279653,471.51206126927696
TP53BP2,False,1,15,0,88,18.310344827586206,True,estimated,0.14563106796116507,1.0,,0.7110501623279653,471.51206126927696
TPO,False,1,15,0,88,18.310344827586206,True,estimated,0.14563106796116507,1.0,,0.7110501623279653,471.51206126927696
TPR,False,1,15,0,88,18.310344827586206,True,estimated,0.14563106796116507,1.0,,0.7110501623279653,471.51206126927696
TPSD1,False,1,15,0,88,18.310344827586206,True,estimated,0.14563106796116507,1.0,,0.7110501623279653,471.51206126927696
TPTE2,False,1,15,0,88,18.310344827586206,True,estimated,0.14563106796116507,1.0,,0.7110501623279653,471.51206126927696
TRAC,False,1,15,0,88,18.310344827586206,True,estimated,0.14563106796116507,1.0,,0.7110501623279653,471.51206126927696
TRANK1,False,1,15,0,88,18.310344827586206,True,estimated,0.14563106796116507,1.0,,0.7110501623279653,471.51206126927696
TRAPPC2,False,1,15,0,88,18.310344827586206,True,estimated,0.14563106796116507,1.0,,0.7110501623279653,471.51206126927696
TRARG1,False,1,15,0,88,18.310344827586206,True,estimated,0.14563106796116507,1.0,,0.7110501623279653,471.51206126927696
TRIM28,False,1,15,0,88,18.310344827586206,True,estimated,0.14563106796116507,1.0,,0.7110501623279653,471.51206126927696
TRIM6,False,1,15,0,88,18.310344827586206,True,estimated,0.14563106796116507,1.0,,0.7110501623279653,471.51206126927696
TRPM5,False,1,15,0,88,18.310344827586206,True,estimated,0.14563106796116507,1.0,,0.7110501623279653,471.51206126927696
UBE2H,False,1,15,0,88,18.310344827586206,True,estimated,0.14563106796116507,1.0,,0.7110501623279653,471.51206126927696
UBL4B,False,1,15,0,88,18.310344827586206,True,estimated,0.14563106796116507,1.0,,0.7110501623279653,471.51206126927696
UBTD2,False,1,15,0,88,18.310344827586206,True,estimated,0.14563106796116507,1.0,,0.7110501623279653,471.51206126927696
UGT2A3,False,1,15,0,88,18.310344827586206,True,estimated,0.14563106796116507,1.0,,0.7110501623279653,471.51206126927696
UNC13B,False,1,15,0,88,18.310344827586206,True,estimated,0.14563106796116507,1.0,,0.7110501623279653,471.51206126927696
UQCRC2,False,1,15,0,88,18.310344827586206,True,estimated,0.14563106796116507,1.0,,0.7110501623279653,471.51206126927696
USP24,False,1,15,0,88,18.310344827586206,True,estimated,0.14563106796116507,1.0,,0.7110501623279653,471.51206126927696
USP33,False,1,15,0,88,18.310344827586206,True,estimated,0.14563106796116507,1.0,,0.7110501623279653,471.51206126927696
USP40,False,1,15,0,88,18.310344827586206,True,estimated,0.14563106796116507,1.0,,0.7110501623279653,471.51206126927696
USP7,False,1,15,0,88,18.310344827586206,True,estimated,0.14563106796116507,1.0,,0.7110501623279653,471.51206126927696
UTP23,False,1,15,0,88,18.310344827586206,True,estimated,0.14563106796116507,1.0,,0.7110501623279653,471.51206126927696
VPS13C,False,1,15,0,88,18.310344827586206,True,estimated,0.14563106796116507,1.0,,0.7110501623279653,471.51206126927696
VPS25,False,1,15,0,88,18.310344827586206,True,estimated,0.14563106796116507,1.0,,0.7110501623279653,471.51206126927696
VPS35,False,1,15,0,88,18.310344827586206,True,estimated,0.14563106796116507,1.0,,0.7110501623279653,471.51206126927696
WDFY3,False,1,15,0,88,18.310344827586206,True,estimated,0.14563106796116507,1.0,,0.7110501623279653,471.51206126927696
WDR25,False,1,15,0,88,18.310344827586206,True,estimated,0.14563106796116507,1.0,,0.7110501623279653,471.51206126927696
WDR81,False,1,15,0,88,18.310344827586206,True,estimated,0.14563106796116507,1.0,,0.7110501623279653,471.51206126927696
WFIKKN2,False,1,15,0,88,18.310344827586206,True,estimated,0.14563106796116507,1.0,,0.7110501623279653,471.51206126927696
WIPF3,False,1,15,0,88,18.310344827586206,True,estimated,0.14563106796116507,1.0,,0.7110501623279653,471.51206126927696
XPC,False,1,15,0,88,18.310344827586206,True,estimated,0.14563106796116507,1.0,,0.7110501623279653,471.51206126927696
XYLT2,False,1,15,0,88,18.310344827586206,True,estimated,0.14563106796116507,1.0,,0.7110501623279653,471.51206126927696
YTHDF2,False,1,15,0,88,18.310344827586206,True,estimated,0.14563106796116507,1.0,,0.7110501623279653,471.51206126927696
ZBTB3,False,1,15,0,88,18.310344827586206,True,estimated,0.14563106796116507,1.0,,0.7110501623279653,471.51206126927696
ZFYVE16,False,1,15,0,88,18.310344827586206,True,estimated,0.14563106796116507,1.0,,0.7110501623279653,471.51206126927696
ZFYVE19,False,1,15,0,88,18.310344827586206,True,estimated,0.14563106796116507,1.0,,0.7110501623279653,471.51206126927696
ZFYVE26,False,1,15,0,88,18.310344827586206,True,estimated,0.14563106796116507,1.0,,0.7110501623279653,471.51206126927696
ZNF136,False,1,15,0,88,18.310344827586206,True,estimated,0.14563106796116507,1.0,,0.7110501623279653,471.51206126927696
ZNF236,False,1,15,0,88,18.310344827586206,True,estimated,0.14563106796116507,1.0,,0.7110501623279653,471.51206126927696
ZNF283,False,1,15,0,88,18.310344827586206,True,estimated,0.14563106796116507,1.0,,0.7110501623279653,471.51206126927696
ZNF423,False,1,15,0,88,18.310344827586206,True,estimated,0.14563106796116507,1.0,,0.7110501623279653,471.51206126927696
ZNF44,False,1,15,0,88,18.310344827586206,True,estimated,0.14563106796116507,1.0,,0.7110501623279653,471.51206126927696
ZNF564,False,1,15,0,88,18.310344827586206,True,estimated,0.14563106796116507,1.0,,0.7110501623279653,471.51206126927696
ZNF607,False,1,15,0,88,18.310344827586206,True,estimated,0.14563106796116507,1.0,,0.7110501623279653,471.51206126927696
ZNF658,False,1,15,0,88,18.310344827586206,True,estimated,0.14563106796116507,1.0,,0.7110501623279653,471.51206126927696
ZNF675,False,1,15,0,88,18.310344827586206,True,estimated,0.14563106796116507,1.0,,0.7110501623279653,471.51206126927696
ZNF800,False,1,15,0,88,18.310344827586206,True,estimated,0.14563106796116507,1.0,,0.7110501623279653,471.51206126927696
ZNF883,False,1,15,0,88,18.310344827586206,True,estimated,0.14563106796116507,1.0,,0.7110501623279653,471.51206126927696
ZSCAN26,False,1,15,0,88,18.310344827586206,True,estimated,0.14563106796116507,1.0,,0.7110501623279653,471.51206126927696
DNAH9,False,2,15,3,88,4.358974358974359,False,estimated,0.15292383607292767,1.0,,0.6637876071837274,28.624604100113604
BAP1,True,0,15,13,88,0.18040621266427717,True,estimated,0.2063785700872821,1.0,0.7739196378273079,0.010176290686927655,3.1982578494615046
ABTB2,False,1,15,1,88,6.214285714285714,False,estimated,0.271273557966876,1.0,,0.3671859823330282,105.17108167748785
ACAN,False,1,15,1,88,6.214285714285714,False,estimated,0.271273557966876,1.0,,0.3671859823330282,105.17108167748785
ACE,False,1,15,1,88,6.214285714285714,False,estimated,0.271273557966876,1.0,,0.3671859823330282,105.17108167748785
AGRN,False,1,15,1,88,6.214285714285714,False,estimated,0.271273557966876,1.0,,0.3671859823330282,105.17108167748785
ANKLE2,False,1,15,1,88,6.214285714285714,False,estimated,0.271273557966876,1.0,,0.3671859823330282,105.17108167748785
ANKS4B,False,1,15,1,88,6.214285714285714,False,estimated,0.271273557966876,1.0,,0.3671859823330282,105.17108167748785
APOH,False,1,15,1,88,6.214285714285714,False,estimated,0.271273557966876,1.0,,0.3671859823330282,105.17108167748785
ATP13A4,False,1,15,1,88,6.214285714285714,False,estimated,0.271273557966876,1.0,,0.3671859823330282,105.17108167748785
ATXN1,False,1,15,1,88,6.214285714285714,False,estimated,0.271273557966876,1.0,,0.3671859823330282,105.17108167748785
BARD1,False,1,15,1,88,6.214285714285714,False,estimated,0.271273557966876,1.0,,0.3671859823330282,105.17108167748785
BIRC6,False,1,15,1,88,6.214285714285714,False,estimated,0.271273557966876,1.0,,0.3671859823330282,105.17108167748785
BLM,False,1,15,1,88,6.214285714285714,False,estimated,0.271273557966876,1.0,,0.3671859823330282,105.17108167748785
BNC1,False,1,15,1,88,6.214285714285714,False,estimated,0.271273557966876,1.0,,0.3671859823330282,105.17108167748785
BOD1L1,False,1,15,1,88,6.214285714285714,False,estimated,0.271273557966876,1.0,,0.3671859823330282,105.17108167748785
BRWD3,False,1,15,1,88,6.214285714285714,False,estimated,0.271273557966876,1.0,,0.3671859823330282,105.17108167748785
CADPS,False,1,15,1,88,6.214285714285714,False,estimated,0.271273557966876,1.0,,0.3671859823330282,105.17108167748785
CDC42BPA,False,1,15,1,88,6.214285714285714,False,estimated,0.271273557966876,1.0,,0.3671859823330282,105.17108167748785
CDH18,False,1,15,1,88,6.214285714285714,False,estimated,0.271273557966876,1.0,,0.3671859823330282,105.17108167748785
CES1,False,1,15,1,88,6.214285714285714,False,estimated,0.271273557966876,1.0,,0.3671859823330282,105.17108167748785
CFAP74,False,1,15,1,88,6.214285714285714,False,estimated,0.271273557966876,1.0,,0.3671859823330282,105.17108167748785
CHSY3,False,1,15,1,88,6.214285714285714,False,estimated,0.271273557966876,1.0,,0.3671859823330282,105.17108167748785
CNOT1,False,1,15,1,88,6.214285714285714,False,estimated,0.271273557966876,1.0,,0.3671859823330282,105.17108167748785
CRB1,False,1,15,1,88,6.214285714285714,False,estimated,0.271273557966876,1.0,,0.3671859823330282,105.17108167748785
CTSA,False,1,15,1,88,6.214285714285714,False,estimated,0.271273557966876,1.0,,0.3671859823330282,105.17108167748785
CUL3,False,1,15,1,88,6.214285714285714,False,estimated,0.271273557966876,1.0,,0.3671859823330282,105.17108167748785
DENND2D,False,1,15,1,88,6.214285714285714,False,estimated,0.271273557966876,1.0,,0.3671859823330282,105.17108167748785
DOCK4,False,1,15,1,88,6.214285714285714,False,estimated,0.271273557966876,1.0,,0.3671859823330282,105.17108167748785
EML5,False,1,15,1,88,6.214285714285714,False,estimated,0.271273557966876,1.0,,0.3671859823330282,105.17108167748785
EXPH5,False,1,15,1,88,6.214285714285714,False,estimated,0.271273557966876,1.0,,0.3671859823330282,105.17108167748785
F2,False,1,15,1,88,6.214285714285714,False,estimated,0.271273557966876,1.0,,0.3671859823330282,105.17108167748785
FN1,False,1,15,1,88,6.214285714285714,False,estimated,0.271273557966876,1.0,,0.3671859823330282,105.17108167748785
FNIP2,False,1,15,1,88,6.214285714285714,False,estimated,0.271273557966876,1.0,,0.3671859823330282,105.17108167748785
GABRB1,False,1,15,1,88,6.214285714285714,False,estimated,0.271273557966876,1.0,,0.3671859823330282,105.17108167748785
GALNT13,False,1,15,1,88,6.214285714285714,False,estimated,0.271273557966876,1.0,,0.3671859823330282,105.17108167748785
GAS2,False,1,15,1,88,6.214285714285714,False,estimated,0.271273557966876,1.0,,0.3671859823330282,105.17108167748785
GCN1,False,1,15,1,88,6.214285714285714,False,estimated,0.271273557966876,1.0,,0.3671859823330282,105.17108167748785
HEATR5B,False,1,15,1,88,6.214285714285714,False,estimated,0.271273557966876,1.0,,0.3671859823330282,105.17108167748785
HIF1A,False,1,15,1,88,6.214285714285714,False,estimated,0.271273557966876,1.0,,0.3671859823330282,105.17108167748785
HLA-DPA1,False,1,15,1,88,6.214285714285714,False,estimated,0.271273557966876,1.0,,0.3671859823330282,105.17108167748785
IGDCC3,False,1,15,1,88,6.214285714285714,False,estimated,0.271273557966876,1.0,,0.3671859823330282,105.17108167748785
INPPL1,False,1,15,1,88,6.214285714285714,False,estimated,0.271273557966876,1.0,,0.3671859823330282,105.17108167748785
JADE3,False,1,15,1,88,6.214285714285714,False,estimated,0.271273557966876,1.0,,0.3671859823330282,105.17108167748785
KALRN,False,1,15,1,88,6.214285714285714,False,estimated,0.271273557966876,1.0,,0.3671859823330282,105.17108167748785
KCND3,False,1,15,1,88,6.214285714285714,False,estimated,0.271273557966876,1.0,,0.3671859823330282,105.17108167748785
KEL,False,1,15,1,88,6.214285714285714,False,estimated,0.271273557966876,1.0,,0.3671859823330282,105.17108167748785
KIF5C,False,1,15,1,88,6.214285714285714,False,estimated,0.271273557966876,1.0,,0.3671859823330282,105.17108167748785
KMT2B,False,1,15,1,88,6.214285714285714,False,estimated,0.271273557966876,1.0,,0.3671859823330282,105.17108167748785
KSR2,False,1,15,1,88,6.214285714285714,False,estimated,0.271273557966876,1.0,,0.3671859823330282,105.17108167748785
LILRB4,False,1,15,1,88,6.214285714285714,False,estimated,0.271273557966876,1.0,,0.3671859823330282,105.17108167748785
LTA4H,False,1,15,1,88,6.214285714285714,False,estimated,0.271273557966876,1.0,,0.3671859823330282,105.17108167748785
LTBP4,False,1,15,1,88,6.214285714285714,False,estimated,0.271273557966876,1.0,,0.3671859823330282,105.17108167748785
MANEA,False,1,15,1,88,6.214285714285714,False,estimated,0.271273557966876,1.0,,0.3671859823330282,105.17108167748785
MAP3K11,False,1,15,1,88,6.214285714285714,False,estimated,0.271273557966876,1.0,,0.3671859823330282,105.17108167748785
MEGF8,False,1,15,1,88,6.214285714285714,False,estimated,0.271273557966876,1.0,,0.3671859823330282,105.17108167748785
MUC17,False,1,15,1,88,6.214285714285714,False,estimated,0.271273557966876,1.0,,0.3671859823330282,105.17108167748785
MYBL2,False,1,15,1,88,6.214285714285714,False,estimated,0.271273557966876,1.0,,0.3671859823330282,105.17108167748785
MYO6,False,1,15,1,88,6.214285714285714,False,estimated,0.271273557966876,1.0,,0.3671859823330282,105.17108167748785
NAT8,False,1,15,1,88,6.214285714285714,False,estimated,0.271273557966876,1.0,,0.3671859823330282,105.17108167748785
NAV1,False,1,15,1,88,6.214285714285714,False,estimated,0.271273557966876,1.0,,0.3671859823330282,105.17108167748785
NCAPG2,False,1,15,1,88,6.214285714285714,False,estimated,0.271273557966876,1.0,,0.3671859823330282,105.17108167748785
NEXMIF,False,1,15,1,88,6.214285714285714,False,estimated,0.271273557966876,1.0,,0.3671859823330282,105.17108167748785
NIT2,False,1,15,1,88,6.214285714285714,False,estimated,0.271273557966876,1.0,,0.3671859823330282,105.17108167748785
NOS1AP,False,1,15,1,88,6.214285714285714,False,estimated,0.271273557966876,1.0,,0.3671859823330282,105.17108167748785
NOS2,False,1,15,1,88,6.214285714285714,False,estimated,0.271273557966876,1.0,,0.3671859823330282,105.17108167748785
NSD3,False,1,15,1,88,6.214285714285714,False,estimated,0.271273557966876,1.0,,0.3671859823330282,105.17108167748785
NYAP2,False,1,15,1,88,6.214285714285714,False,estimated,0.271273557966876,1.0,,0.3671859823330282,105.17108167748785
OR10J3,False,1,15,1,88,6.214285714285714,False,estimated,0.271273557966876,1.0,,0.3671859823330282,105.17108167748785
OR2H2,False,1,15,1,88,6.214285714285714,False,estimated,0.271273557966876,1.0,,0.3671859823330282,105.17108167748785
OR52J3,False,1,15,1,88,6.214285714285714,False,estimated,0.271273557966876,1.0,,0.3671859823330282,105.17108167748785
PLXNA1,False,1,15,1,88,6.214285714285714,False,estimated,0.271273557966876,1.0,,0.3671859823330282,105.17108167748785
PNPLA8,False,1,15,1,88,6.214285714285714,False,estimated,0.271273557966876,1.0,,0.3671859823330282,105.17108167748785
PRKCB,False,1,15,1,88,6.214285714285714,False,estimated,0.271273557966876,1.0,,0.3671859823330282,105.17108167748785
PROS1,False,1,15,1,88,6.214285714285714,False,estimated,0.271273557966876,1.0,,0.3671859823330282,105.17108167748785
PTPDC1,False,1,15,1,88,6.214285714285714,False,estimated,0.271273557966876,1.0,,0.3671859823330282,105.17108167748785
PTPRZ1,False,1,15,1,88,6.214285714285714,False,estimated,0.271273557966876,1.0,,0.3671859823330282,105.17108167748785
RGS3,False,1,15,1,88,6.214285714285714,False,estimated,0.271273557966876,1.0,,0.3671859823330282,105.17108167748785
RGS6,False,1,15,1,88,6.214285714285714,False,estimated,0.271273557966876,1.0,,0.3671859823330282,105.17108167748785
ROCK1,False,1,15,1,88,6.214285714285714,False,estimated,0.271273557966876,1.0,,0.3671859823330282,105.17108167748785
ROS1,False,1,15,1,88,6.214285714285714,False,estimated,0.271273557966876,1.0,,0.3671859823330282,105.17108167748785
SACS,False,1,15,1,88,6.214285714285714,False,estimated,0.271273557966876,1.0,,0.3671859823330282,105.17108167748785
SAMD9,False,1,15,1,88,6.214285714285714,False,estimated,0.271273557966876,1.0,,0.3671859823330282,105.17108167748785
SCARB2,False,1,15,1,88,6.214285714285714,False,estimated,0.271273557966876,1.0,,0.3671859823330282,105.17108167748785
SLC17A6,False,1,15,1,88,6.214285714285714,False,estimated,0.271273557966876,1.0,,0.3671859823330282,105.17108167748785
SLC7A2,False,1,15,1,88,6.214285714285714,False,estimated,0.271273557966876,1.0,,0.3671859823330282,105.17108167748785
SLIT2,False,1,15,1,88,6.214285714285714,False,estimated,0.271273557966876,1.0,,0.3671859823330282,105.17108167748785
SLK,False,1,15,1,88,6.214285714285714,False,estimated,0.271273557966876,1.0,,0.3671859823330282,105.17108167748785
SPIN3,False,1,15,1,88,6.214285714285714,False,estimated,0.271273557966876,1.0,,0.3671859823330282,105.17108167748785
SPTBN5,False,1,15,1,88,6.214285714285714,False,estimated,0.271273557966876,1.0,,0.3671859823330282,105.17108167748785
TAZ,False,1,15,1,88,6.214285714285714,False,estimated,0.271273557966876,1.0,,0.3671859823330282,105.17108167748785
TEKT3,False,1,15,1,88,6.214285714285714,False,estimated,0.271273557966876,1.0,,0.3671859823330282,105.17108167748785
TERT,False,1,15,1,88,6.214285714285714,False,estimated,0.271273557966876,1.0,,0.3671859823330282,105.17108167748785
TLR2,False,1,15,1,88,6.214285714285714,False,estimated,0.271273557966876,1.0,,0.3671859823330282,105.17108167748785
TRMT13,False,1,15,1,88,6.214285714285714,False,estimated,0.271273557966876,1.0,,0.3671859823330282,105.17108167748785
UNC80,False,1,15,1,88,6.214285714285714,False,estimated,0.271273557966876,1.0,,0.3671859823330282,105.17108167748785
URB2,False,1,15,1,88,6.214285714285714,False,estimated,0.271273557966876,1.0,,0.3671859823330282,105.17108167748785
VAC14,False,1,15,1,88,6.214285714285714,False,estimated,0.271273557966876,1.0,,0.3671859823330282,105.17108167748785
WDR92,False,1,15,1,88,6.214285714285714,False,estimated,0.271273557966876,1.0,,0.3671859823330282,105.17108167748785
XIRP1,False,1,15,1,88,6.214285714285714,False,estimated,0.271273557966876,1.0,,0.3671859823330282,105.17108167748785
XIRP2,False,1,15,1,88,6.214285714285714,False,estimated,0.271273557966876,1.0,,0.3671859823330282,105.17108167748785
YTHDC2,False,1,15,1,88,6.214285714285714,False,estimated,0.271273557966876,1.0,,0.3671859823330282,105.17108167748785
ZFHX4,False,1,15,1,88,6.214285714285714,False,estimated,0.271273557966876,1.0,,0.3671859823330282,105.17108167748785
ZMYM5,False,1,15,1,88,6.214285714285714,False,estimated,0.271273557966876,1.0,,0.3671859823330282,105.17108167748785
ZNF521,False,1,15,1,88,6.214285714285714,False,estimated,0.271273557966876,1.0,,0.3671859823330282,105.17108167748785
TTN,False,0,15,10,88,0.2411674347158218,True,estimated,0.35063574125690855,1.0,,0.01341767760637829,4.334709274857087
ADAMTS12,False,1,15,2,88,3.0714285714285716,False,estimated,0.3795002572787261,1.0,,0.2608210257939224,36.1691448788389
ADAR,False,1,15,2,88,3.0714285714285716,False,estimated,0.3795002572787261,1.0,,0.2608210257939224,36.1691448788389
ALMS1,False,1,15,2,88,3.0714285714285716,False,estimated,0.3795002572787261,1.0,,0.2608210257939224,36.1691448788389
ARFGEF2,False,1,15,2,88,3.0714285714285716,False,estimated,0.3795002572787261,1.0,,0.2608210257939224,36.1691448788389
ARHGAP26,False,1,15,2,88,3.0714285714285716,False,estimated,0.3795002572787261,1.0,,0.2608210257939224,36.1691448788389
ATRX,False,1,15,2,88,3.0714285714285716,False,estimated,0.3795002572787261,1.0,,0.2608210257939224,36.1691448788389
BRPF3,False,1,15,2,88,3.0714285714285716,False,estimated,0.3795002572787261,1.0,,0.2608210257939224,36.1691448788389
CACNA1S,False,1,15,2,88,3.0714285714285716,False,estimated,0.3795002572787261,1.0,,0.2608210257939224,36.1691448788389
CLCC1,False,1,15,2,88,3.0714285714285716,False,estimated,0.3795002572787261,1.0,,0.2608210257939224,36.1691448788389
CPAMD8,False,1,15,2,88,3.0714285714285716,False,estimated,0.3795002572787261,1.0,,0.2608210257939224,36.1691448788389
CSMD1,False,1,15,2,88,3.0714285714285716,False,estimated,0.3795002572787261,1.0,,0.2608210257939224,36.1691448788389
CYP46A1,False,1,15,2,88,3.0714285714285716,False,estimated,0.3795002572787261,1.0,,0.2608210257939224,36.1691448788389
DNAH11,False,1,15,2,88,3.0714285714285716,False,estimated,0.3795002572787261,1.0,,0.2608210257939224,36.1691448788389
DNAH2,False,1,15,2,88,3.0714285714285716,False,estimated,0.3795002572787261,1.0,,0.2608210257939224,36.1691448788389
DNMT3A,False,1,15,2,88,3.0714285714285716,False,estimated,0.3795002572787261,1.0,,0.2608210257939224,36.1691448788389
FAT3,False,1,15,2,88,3.0714285714285716,False,estimated,0.3795002572787261,1.0,,0.2608210257939224,36.1691448788389
FSCB,False,1,15,2,88,3.0714285714285716,False,estimated,0.3795002572787261,1.0,,0.2608210257939224,36.1691448788389
KIF1A,False,1,15,2,88,3.0714285714285716,False,estimated,0.3795002572787261,1.0,,0.2608210257939224,36.1691448788389
KIF1B,False,1,15,2,88,3.0714285714285716,False,estimated,0.3795002572787261,1.0,,0.2608210257939224,36.1691448788389
LRP2,False,1,15,2,88,3.0714285714285716,False,estimated,0.3795002572787261,1.0,,0.2608210257939224,36.1691448788389
MACF1,False,1,15,2,88,3.0714285714285716,False,estimated,0.3795002572787261,1.0,,0.2608210257939224,36.1691448788389
MYH2,False,1,15,2,88,3.0714285714285716,False,estimated,0.3795002572787261,1.0,,0.2608210257939224,36.1691448788389
MYH7,False,1,15,2,88,3.0714285714285716,False,estimated,0.3795002572787261,1.0,,0.2608210257939224,36.1691448788389
NCKAP5,False,1,15,2,88,3.0714285714285716,False,estimated,0.3795002572787261,1.0,,0.2608210257939224,36.1691448788389
PAN3,False,1,15,2,88,3.0714285714285716,False,estimated,0.3795002572787261,1.0,,0.2608210257939224,36.1691448788389
PNLIP,False,1,15,2,88,3.0714285714285716,False,estimated,0.3795002572787261,1.0,,0.2608210257939224,36.1691448788389
PRKAG1,False,1,15,2,88,3.0714285714285716,False,estimated,0.3795002572787261,1.0,,0.2608210257939224,36.1691448788389
PTPRC,False,1,15,2,88,3.0714285714285716,False,estimated,0.3795002572787261,1.0,,0.2608210257939224,36.1691448788389
PYGM,False,1,15,2,88,3.0714285714285716,False,estimated,0.3795002572787261,1.0,,0.2608210257939224,36.1691448788389
SPAG17,False,1,15,2,88,3.0714285714285716,False,estimated,0.3795002572787261,1.0,,0.2608210257939224,36.1691448788389
TGM5,False,1,15,2,88,3.0714285714285716,False,estimated,0.3795002572787261,1.0,,0.2608210257939224,36.1691448788389
WAC,False,1,15,2,88,3.0714285714285716,False,estimated,0.3795002572787261,1.0,,0.2608210257939224,36.1691448788389
ZBTB40,False,1,15,2,88,3.0714285714285716,False,estimated,0.3795002572787261,1.0,,0.2608210257939224,36.1691448788389
ANK2,False,1,15,3,88,2.0238095238095237,False,estimated,0.47257521868691726,1.0,,0.19636705102977045,20.857903437380557
COL24A1,False,1,15,3,88,2.0238095238095237,False,estimated,0.47257521868691726,1.0,,0.19636705102977045,20.857903437380557
HUWE1,False,1,15,3,88,2.0238095238095237,False,estimated,0.47257521868691726,1.0,,0.19636705102977045,20.857903437380557
LAMA4,False,1,15,3,88,2.0238095238095237,False,estimated,0.47257521868691726,1.0,,0.19636705102977045,20.857903437380557
MYLK,False,1,15,3,88,2.0238095238095237,False,estimated,0.47257521868691726,1.0,,0.19636705102977045,20.857903437380557
PCDH10,False,1,15,3,88,2.0238095238095237,False,estimated,0.47257521868691726,1.0,,0.19636705102977045,20.857903437380557
PIK3CA,True,1,15,3,88,2.0238095238095237,False,estimated,0.47257521868691726,1.0,1.0,0.19636705102977045,20.857903437380557
PKHD1,False,1,15,3,88,2.0238095238095237,False,estimated,0.47257521868691726,1.0,,0.19636705102977045,20.857903437380557
USP34,False,1,15,3,88,2.0238095238095237,False,estimated,0.47257521868691726,1.0,,0.19636705102977045,20.857903437380557
ZNF407,False,1,15,3,88,2.0238095238095237,False,estimated,0.47257521868691726,1.0,,0.19636705102977045,20.857903437380557
PCLO,False,1,15,4,88,1.5,False,estimated,0.5524880643404146,1.0,,0.1560236084265423,14.420894521609055
FLG,False,0,15,6,88,0.4094292803970223,True,estimated,0.5890196509248706,1.0,,0.021923140983474282,7.646364896927189
KDM5C,True,0,15,6,88,0.4094292803970223,True,estimated,0.5890196509248706,1.0,1.0,0.021923140983474282,7.646364896927189
LYST,False,0,15,6,88,0.4094292803970223,True,estimated,0.5890196509248706,1.0,,0.021923140983474282,7.646364896927189
MTOR,True,0,15,6,88,0.4094292803970223,True,estimated,0.5890196509248706,1.0,1.0,0.021923140983474282,7.646364896927189
SPTA1,False,0,15,6,88,0.4094292803970223,True,estimated,0.5890196509248706,1.0,,0.021923140983474282,7.646364896927189
VHL,True,9,15,47,88,1.3085106382978724,False,estimated,0.7811876487873597,1.0,1.0,0.4292115398446916,3.989175340342103
AAAS,False,0,15,1,88,1.881720430107527,True,estimated,1.0,1.0,,0.07326029653400298,48.33275245399257
AADACL3,False,0,15,1,88,1.881720430107527,True,estimated,1.0,1.0,,0.07326029653400298,48.33275245399257
AAGAB,False,0,15,1,88,1.881720430107527,True,estimated,1.0,1.0,,0.07326029653400298,48.33275245399257
AAMDC,False,0,15,1,88,1.881720430107527,True,estimated,1.0,1.0,,0.07326029653400298,48.33275245399257
AAR2,False,0,15,1,88,1.881720430107527,True,estimated,1.0,1.0,,0.07326029653400298,48.33275245399257
AARS2,False,0,15,1,88,1.881720430107527,True,estimated,1.0,1.0,,0.07326029653400298,48.33275245399257
AASDH,False,0,15,3,88,0.7880184331797235,True,estimated,1.0,1.0,,0.03875592896792058,16.02265943734762
AASDHPPT,False,0,15,1,88,1.881720430107527,True,estimated,1.0,1.0,,0.07326029653400298,48.33275245399257
AASS,False,0,15,1,88,1.881720430107527,True,estimated,1.0,1.0,,0.07326029653400298,48.33275245399257
ABCA1,False,0,15,2,88,1.1161290322580646,True,estimated,1.0,1.0,,0.05108306493110792,24.386634167886562
ABCA12,False,0,15,1,88,1.881720430107527,True,estimated,1.0,1.0,,0.07326029653400298,48.33275245399257
ABCA13,False,0,15,3,88,0.7880184331797235,True,estimated,1.0,1.0,,0.03875592896792058,16.02265943734762
ABCA4,False,0,15,2,88,1.1161290322580646,True,estimated,1.0,1.0,,0.05108306493110792,24.386634167886562
ABCA6,False,0,15,1,88,1.881720430107527,True,estimated,1.0,1.0,,0.07326029653400298,48.33275245399257
ABCA7,False,0,15,1,88,1.881720430107527,True,estimated,1.0,1.0,,0.07326029653400298,48.33275245399257
ABCB1,False,0,15,2,88,1.1161290322580646,True,estimated,1.0,1.0,,0.05108306493110792,24.386634167886562
ABCB11,False,0,15,1,88,1.881720430107527,True,estimated,1.0,1.0,,0.07326029653400298,48.33275245399257
ABCB4,False,0,15,1,88,1.881720430107527,True,estimated,1.0,1.0,,0.07326029653400298,48.33275245399257
ABCC3,False,0,15,1,88,1.881720430107527,True,estimated,1.0,1.0,,0.07326029653400298,48.33275245399257
ABCC4,False,0,15,3,88,0.7880184331797235,True,estimated,1.0,1.0,,0.03875592896792058,16.02265943734762
ABCC6,False,0,15,1,88,1.881720430107527,True,estimated,1.0,1.0,,0.07326029653400298,48.33275245399257
ABCC9,False,0,15,1,88,1.881720430107527,True,estimated,1.0,1.0,,0.07326029653400298,48.33275245399257
ABCD3,False,0,15,1,88,1.881720430107527,True,estimated,1.0,1.0,,0.07326029653400298,48.33275245399257
ABCD4,False,0,15,1,88,1.881720430107527,True,estimated,1.0,1.0,,0.07326029653400298,48.33275245399257
ABCG1,False,0,15,1,88,1.881720430107527,True,estimated,1.0,1.0,,0.07326029653400298,48.33275245399257
ABCG8,False,0,15,1,88,1.881720430107527,True,estimated,1.0,1.0,,0.07326029653400298,48.33275245399257
ABHD12,False,0,15,1,88,1.881720430107527,True,estimated,1.0,1.0,,0.07326029653400298,48.33275245399257
ABHD18,False,0,15,1,88,1.881720430107527,True,estimated,1.0,1.0,,0.07326029653400298,48.33275245399257
ABI2,False,0,15,1,88,1.881720430107527,True,estimated,1.0,1.0,,0.07326029653400298,48.33275245399257
ABL1,False,0,15,1,88,1.881720430107527,True,estimated,1.0,1.0,,0.07326029653400298,48.33275245399257
ABL2,False,0,15,1,88,1.881720430107527,True,estimated,1.0,1.0,,0.07326029653400298,48.33275245399257
AC013489.1,False,0,15,1,88,1.881720430107527,True,estimated,1.0,1.0,,0.07326029653400298,48.33275245399257
AC090517.4,False,0,15,2,88,1.1161290322580646,True,estimated,1.0,1.0,,0.05108306493110792,24.386634167886562
AC098582.1,False,0,15,1,88,1.881720430107527,True,estimated,1.0,1.0,,0.07326029653400298,48.33275245399257
AC109583.1,False,0,15,2,88,1.1161290322580646,True,estimated,1.0,1.0,,0.05108306493110792,24.386634167886562
AC245033.1,False,0,15,1,88,1.881720430107527,True,estimated,1.0,1.0,,0.07326029653400298,48.33275245399257
ACACA,False,0,15,1,88,1.881720430107527,True,estimated,1.0,1.0,,0.07326029653400298,48.33275245399257
ACAD10,False,0,15,1,88,1.881720430107527,True,estimated,1.0,1.0,,0.07326029653400298,48.33275245399257
ACADS,False,0,15,2,88,1.1161290322580646,True,estimated,1.0,1.0,,0.05108306493110792,24.386634167886562
ACAP1,False,0,15,1,88,1.881720430107527,True,estimated,1.0,1.0,,0.07326029653400298,48.33275245399257
ACD,False,0,15,1,88,1.881720430107527,True,estimated,1.0,1.0,,0.07326029653400298,48.33275245399257
ACE2,False,0,15,1,88,1.881720430107527,True,estimated,1.0,1.0,,0.07326029653400298,48.33275245399257
ACKR3,False,0,15,1,88,1.881720430107527,True,estimated,1.0,1.0,,0.07326029653400298,48.33275245399257
ACLY,False,0,15,1,88,1.881720430107527,True,estimated,1.0,1.0,,0.07326029653400298,48.33275245399257
ACOT8,False,0,15,1,88,1.881720430107527,True,estimated,1.0,1.0,,0.07326029653400298,48.33275245399257
ACP5,False,0,15,1,88,1.881720430107527,True,estimated,1.0,1.0,,0.07326029653400298,48.33275245399257
ACSF2,False,0,15,1,88,1.881720430107527,True,estimated,1.0,1.0,,0.07326029653400298,48.33275245399257
ACSL6,False,0,15,1,88,1.881720430107527,True,estimated,1.0,1.0,,0.07326029653400298,48.33275245399257
ACSM2A,False,0,15,1,88,1.881720430107527,True,estimated,1.0,1.0,,0.07326029653400298,48.33275245399257
ACSM5,False,0,15,1,88,1.881720430107527,True,estimated,1.0,1.0,,0.07326029653400298,48.33275245399257
ACSS1,False,0,15,1,88,1.881720430107527,True,estimated,1.0,1.0,,0.07326029653400298,48.33275245399257
ACTG2,False,0,15,1,88,1.881720430107527,True,estimated,1.0,1.0,,0.07326029653400298,48.33275245399257
ACTL9,False,0,15,1,88,1.881720430107527,True,estimated,1.0,1.0,,0.07326029653400298,48.33275245399257
ACTN2,False,0,15,1,88,1.881720430107527,True,estimated,1.0,1.0,,0.07326029653400298,48.33275245399257
ACTN4,False,0,15,1,88,1.881720430107527,True,estimated,1.0,1.0,,0.07326029653400298,48.33275245399257
ACTR6,False,0,15,1,88,1.881720430107527,True,estimated,1.0,1.0,,0.07326029653400298,48.33275245399257
ACTR8,False,0,15,1,88,1.881720430107527,True,estimated,1.0,1.0,,0.07326029653400298,48.33275245399257
ACTRT3,False,0,15,1,88,1.881720430107527,True,estimated,1.0,1.0,,0.07326029653400298,48.33275245399257
ACVR1B,False,0,15,1,88,1.881720430107527,True,estimated,1.0,1.0,,0.07326029653400298,48.33275245399257
ACVR2A,False,0,15,1,88,1.881720430107527,True,estimated,1.0,1.0,,0.07326029653400298,48.33275245399257
ADA2,False,0,15,1,88,1.881720430107527,True,estimated,1.0,1.0,,0.07326029653400298,48.33275245399257
ADAM10,False,0,15,2,88,1.1161290322580646,True,estimated,1.0,1.0,,0.05108306493110792,24.386634167886562
ADAM12,False,0,15,1,88,1.881720430107527,True,estimated,1.0,1.0,,0.07326029653400298,48.33275245399257
ADAM15,False,0,15,1,88,1.881720430107527,True,estimated,1.0,1.0,,0.07326029653400298,48.33275245399257
ADAM30,False,0,15,2,88,1.1161290322580646,True,estimated,1.0,1.0,,0.05108306493110792,24.386634167886562
ADAM33,False,0,15,1,88,1.881720430107527,True,estimated,1.0,1.0,,0.07326029653400298,48.33275245399257
ADAMTS13,False,0,15,1,88,1.881720430107527,True,estimated,1.0,1.0,,0.07326029653400298,48.33275245399257
ADAMTS14,False,0,15,2,88,1.1161290322580646,True,estimated,1.0,1.0,,0.05108306493110792,24.386634167886562
ADAMTS16,False,0,15,1,88,1.881720430107527,True,estimated,1.0,1.0,,0.07326029653400298,48.33275245399257
ADAMTS19,False,0,15,1,88,1.881720430107527,True,estimated,1.0,1.0,,0.07326029653400298,48.33275245399257
ADAMTS20,False,0,15,1,88,1.881720430107527,True,estimated,1.0,1.0,,0.07326029653400298,48.33275245399257
ADAMTS5,False,0,15,2,88,1.1161290322580646,True,estimated,1.0,1.0,,0.05108306493110792,24.386634167886562
ADAMTS9,False,0,15,3,88,0.7880184331797235,True,estimated,1.0,1.0,,0.03875592896792058,16.02265943734762
ADAMTSL5,False,0,15,1,88,1.881720430107527,True,estimated,1.0,1.0,,0.07326029653400298,48.33275245399257
ADCY1,False,0,15,1,88,1.881720430107527,True,estimated,1.0,1.0,,0.07326029653400298,48.33275245399257
ADCY7,False,0,15,1,88,1.881720430107527,True,estimated,1.0,1.0,,0.07326029653400298,48.33275245399257
ADCY8,False,0,15,1,88,1.881720430107527,True,estimated,1.0,1.0,,0.07326029653400298,48.33275245399257
ADCY9,False,0,15,1,88,1.881720430107527,True,estimated,1.0,1.0,,0.07326029653400298,48.33275245399257
ADGRA1,False,0,15,1,88,1.881720430107527,True,estimated,1.0,1.0,,0.07326029653400298,48.33275245399257
ADGRB1,False,0,15,1,88,1.881720430107527,True,estimated,1.0,1.0,,0.07326029653400298,48.33275245399257
ADGRE3,False,0,15,1,88,1.881720430107527,True,estimated,1.0,1.0,,0.07326029653400298,48.33275245399257
ADGRF1,False,0,15,1,88,1.881720430107527,True,estimated,1.0,1.0,,0.07326029653400298,48.33275245399257
ADGRG4,False,0,15,3,88,0.7880184331797235,True,estimated,1.0,1.0,,0.03875592896792058,16.02265943734762
ADGRG6,False,0,15,1,88,1.881720430107527,True,estimated,1.0,1.0,,0.07326029653400298,48.33275245399257
ADGRV1,False,0,15,5,88,0.4897360703812317,True,estimated,1.0,1.0,,0.025750194587724894,9.314159464518497
ADHFE1,False,0,15,1,88,1.881720430107527,True,estimated,1.0,1.0,,0.07326029653400298,48.33275245399257
ADIG,False,0,15,1,88,1.881720430107527,True,estimated,1.0,1.0,,0.07326029653400298,48.33275245399257
ADO,False,0,15,1,88,1.881720430107527,True,estimated,1.0,1.0,,0.07326029653400298,48.33275245399257
ADRB2,False,0,15,1,88,1.881720430107527,True,estimated,1.0,1.0,,0.07326029653400298,48.33275245399257
ADTRP,False,0,15,1,88,1.881720430107527,True,estimated,1.0,1.0,,0.07326029653400298,48.33275245399257
AFAP1L1,False,0,15,1,88,1.881720430107527,True,estimated,1.0,1.0,,0.07326029653400298,48.33275245399257
AFDN,False,0,15,3,88,0.7880184331797235,True,estimated,1.0,1.0,,0.03875592896792058,16.02265943734762
AFTPH,False,0,15,1,88,1.881720430107527,True,estimated,1.0,1.0,,0.07326029653400298,48.33275245399257
AGAP3,False,0,15,2,88,1.1161290322580646,True,estimated,1.0,1.0,,0.05108306493110792,24.386634167886562
AGGF1,False,0,15,1,88,1.881720430107527,True,estimated,1.0,1.0,,0.07326029653400298,48.33275245399257
AGK,False,0,15,1,88,1.881720430107527,True,estimated,1.0,1.0,,0.07326029653400298,48.33275245399257
AGO2,False,0,15,1,88,1.881720430107527,True,estimated,1.0,1.0,,0.07326029653400298,48.33275245399257
AGO3,False,0,15,1,88,1.881720430107527,True,estimated,1.0,1.0,,0.07326029653400298,48.33275245399257
AGPAT5,False,0,15,1,88,1.881720430107527,True,estimated,1.0,1.0,,0.07326029653400298,48.33275245399257
AHNAK,False,0,15,3,88,0.7880184331797235,True,estimated,1.0,1.0,,0.03875592896792058,16.02265943734762
AHSG,False,0,15,1,88,1.881720430107527,True,estimated,1.0,1.0,,0.07326029653400298,48.33275245399257
AIDA,False,0,15,1,88,1.881720430107527,True,estimated,1.0,1.0,,0.07326029653400298,48.33275245399257
AIFM3,False,0,15,1,88,1.881720430107527,True,estimated,1.0,1.0,,0.07326029653400298,48.33275245399257
AIMP1,False,0,15,1,88,1.881720430107527,True,estimated,1.0,1.0,,0.07326029653400298,48.33275245399257
AKAP12,False,0,15,1,88,1.881720430107527,True,estimated,1.0,1.0,,0.07326029653400298,48.33275245399257
AKAP13,False,0,15,1,88,1.881720430107527,True,estimated,1.0,1.0,,0.07326029653400298,48.33275245399257
AKAP17A,False,0,15,1,88,1.881720430107527,True,estimated,1.0,1.0,,0.07326029653400298,48.33275245399257
AKAP8L,False,0,15,1,88,1.881720430107527,True,estimated,1.0,1.0,,0.07326029653400298,48.33275245399257
AKAP9,False,0,15,3,88,0.7880184331797235,True,estimated,1.0,1.0,,0.03875592896792058,16.02265943734762
AKNA,False,0,15,1,88,1.881720430107527,True,estimated,1.0,1.0,,0.07326029653400298,48.33275245399257
AKNAD1,False,0,15,3,88,0.7880184331797235,True,estimated,1.0,1.0,,0.03875592896792058,16.02265943734762
AKR1B10,False,0,15,1,88,1.881720430107527,True,estimated,1.0,1.0,,0.07326029653400298,48.33275245399257
AKR1B15,False,0,15,2,88,1.1161290322580646,True,estimated,1.0,1.0,,0.05108306493110792,24.386634167886562
AL121899.2,False,0,15,1,88,1.881720430107527,True,estimated,1.0,1.0,,0.07326029653400298,48.33275245399257
ALB,False,0,15,1,88,1.881720430107527,True,estimated,1.0,1.0,,0.07326029653400298,48.33275245399257
ALDH16A1,False,0,15,2,88,1.1161290322580646,True,estimated,1.0,1.0,,0.05108306493110792,24.386634167886562
ALDH1A1,False,0,15,1,88,1.881720430107527,True,estimated,1.0,1.0,,0.07326029653400298,48.33275245399257
ALDH1A2,False,0,15,1,88,1.881720430107527,True,estimated,1.0,1.0,,0.07326029653400298,48.33275245399257
ALDH3B2,False,0,15,1,88,1.881720430107527,True,estimated,1.0,1.0,,0.07326029653400298,48.33275245399257
ALDOA,False,0,15,1,88,1.881720430107527,True,estimated,1.0,1.0,,0.07326029653400298,48.33275245399257
ALG13,False,0,15,1,88,1.881720430107527,True,estimated,1.0,1.0,,0.07326029653400298,48.33275245399257
ALG8,False,0,15,1,88,1.881720430107527,True,estimated,1.0,1.0,,0.07326029653400298,48.33275245399257
ALK,False,0,15,1,88,1.881720430107527,True,estimated,1.0,1.0,,0.07326029653400298,48.33275245399257
ALKBH6,False,0,15,1,88,1.881720430107527,True,estimated,1.0,1.0,,0.07326029653400298,48.33275245399257
ALOXE3,False,0,15,1,88,1.881720430107527,True,estimated,1.0,1.0,,0.07326029653400298,48.33275245399257
ALPI,False,0,15,1,88,1.881720430107527,True,estimated,1.0,1.0,,0.07326029653400298,48.33275245399257
ALPK1,False,0,15,1,88,1.881720430107527,True,estimated,1.0,1.0,,0.07326029653400298,48.33275245399257
ALPK2,False,0,15,1,88,1.881720430107527,True,estimated,1.0,1.0,,0.07326029653400298,48.33275245399257
ALPK3,False,0,15,1,88,1.881720430107527,True,estimated,1.0,1.0,,0.07326029653400298,48.33275245399257
ALPL,False,0,15,1,88,1.881720430107527,True,estimated,1.0,1.0,,0.07326029653400298,48.33275245399257
AMBN,False,0,15,2,88,1.1161290322580646,True,estimated,1.0,1.0,,0.05108306493110792,24.386634167886562
AMDHD1,False,0,15,2,88,1.1161290322580646,True,estimated,1.0,1.0,,0.05108306493110792,24.386634167886562
AMDHD2,False,0,15,1,88,1.881720430107527,True,estimated,1.0,1.0,,0.07326029653400298,48.33275245399257
AMER2,False,0,15,2,88,1.1161290322580646,True,estimated,1.0,1.0,,0.05108306493110792,24.386634167886562
AMN1,False,0,15,1,88,1.881720430107527,True,estimated,1.0,1.0,,0.07326029653400298,48.33275245399257
AMPD1,False,0,15,1,88,1.881720430107527,True,estimated,1.0,1.0,,0.07326029653400298,48.33275245399257
AMPH,False,0,15,1,88,1.881720430107527,True,estimated,1.0,1.0,,0.07326029653400298,48.33275245399257
AMY1C,False,0,15,1,88,1.881720430107527,True,estimated,1.0,1.0,,0.07326029653400298,48.33275245399257
ANAPC7,False,0,15,1,88,1.881720430107527,True,estimated,1.0,1.0,,0.07326029653400298,48.33275245399257
ANGPTL1,False,0,15,1,88,1.881720430107527,True,estimated,1.0,1.0,,0.07326029653400298,48.33275245399257
ANGPTL7,False,0,15,1,88,1.881720430107527,True,estimated,1.0,1.0,,0.07326029653400298,48.33275245399257
ANK3,False,0,15,3,88,0.7880184331797235,True,estimated,1.0,1.0,,0.03875592896792058,16.02265943734762
ANKH,False,0,15,2,88,1.1161290322580646,True,estimated,1.0,1.0,,0.05108306493110792,24.386634167886562
ANKHD1-EIF4EBP3,False,0,15,1,88,1.881720430107527,True,estimated,1.0,1.0,,0.07326029653400298,48.33275245399257
ANKRA2,False,0,15,1,88,1.881720430107527,True,estimated,1.0,1.0,,0.07326029653400298,48.33275245399257
ANKRD11,False,0,15,1,88,1.881720430107527,True,estimated,1.0,1.0,,0.07326029653400298,48.33275245399257
ANKRD12,False,0,15,1,88,1.881720430107527,True,estimated,1.0,1.0,,0.07326029653400298,48.33275245399257
ANKRD13A,False,0,15,1,88,1.881720430107527,True,estimated,1.0,1.0,,0.07326029653400298,48.33275245399257
ANKRD17,False,0,15,2,88,1.1161290322580646,True,estimated,1.0,1.0,,0.05108306493110792,24.386634167886562
ANKRD2,False,0,15,1,88,1.881720430107527,True,estimated,1.0,1.0,,0.07326029653400298,48.33275245399257
ANKRD20A2P,False,0,15,1,88,1.881720430107527,True,estimated,1.0,1.0,,0.07326029653400298,48.33275245399257
ANKRD27,False,0,15,1,88,1.881720430107527,True,estimated,1.0,1.0,,0.07326029653400298,48.33275245399257
ANKRD30A,False,0,15,1,88,1.881720430107527,True,estimated,1.0,1.0,,0.07326029653400298,48.33275245399257
ANKRD34B,False,0,15,2,88,1.1161290322580646,True,estimated,1.0,1.0,,0.05108306493110792,24.386634167886562
ANKRD39,False,0,15,1,88,1.881720430107527,True,estimated,1.0,1.0,,0.07326029653400298,48.33275245399257
ANKRD44,False,0,15,1,88,1.881720430107527,True,estimated,1.0,1.0,,0.07326029653400298,48.33275245399257
ANKRD55,False,0,15,1,88,1.881720430107527,True,estimated,1.0,1.0,,0.07326029653400298,48.33275245399257
ANKRD6,False,0,15,1,88,1.881720430107527,True,estimated,1.0,1.0,,0.07326029653400298,48.33275245399257
ANKS3,False,0,15,1,88,1.881720430107527,True,estimated,1.0,1.0,,0.07326029653400298,48.33275245399257
ANO3,False,0,15,3,88,0.7880184331797235,True,estimated,1.0,1.0,,0.03875592896792058,16.02265943734762
ANO8,False,0,15,1,88,1.881720430107527,True,estimated,1.0,1.0,,0.07326029653400298,48.33275245399257
ANPEP,False,0,15,2,88,1.1161290322580646,True,estimated,1.0,1.0,,0.05108306493110792,24.386634167886562
ANTXR1,False,0,15,1,88,1.881720430107527,True,estimated,1.0,1.0,,0.07326029653400298,48.33275245399257
ANXA7,False,0,15,1,88,1.881720430107527,True,estimated,1.0,1.0,,0.07326029653400298,48.33275245399257
AP001781.2,False,0,15,1,88,1.881720430107527,True,estimated,1.0,1.0,,0.07326029653400298,48.33275245399257
AP002748.5,False,0,15,1,88,1.881720430107527,True,estimated,1.0,1.0,,0.07326029653400298,48.33275245399257
AP2B1,False,0,15,1,88,1.881720430107527,True,estimated,1.0,1.0,,0.07326029653400298,48.33275245399257
AP3M1,False,0,15,1,88,1.881720430107527,True,estimated,1.0,1.0,,0.07326029653400298,48.33275245399257
AP3S2,False,0,15,1,88,1.881720430107527,True,estimated,1.0,1.0,,0.07326029653400298,48.33275245399257
AP4E1,False,0,15,1,88,1.881720430107527,True,estimated,1.0,1.0,,0.07326029653400298,48.33275245399257
APC,False,0,15,2,88,1.1161290322580646,True,estimated,1.0,1.0,,0.05108306493110792,24.386634167886562
APC2,False,0,15,2,88,1.1161290322580646,True,estimated,1.0,1.0,,0.05108306493110792,24.386634167886562
APLP2,False,0,15,1,88,1.881720430107527,True,estimated,1.0,1.0,,0.07326029653400298,48.33275245399257
APOB,False,0,15,1,88,1.881720430107527,True,estimated,1.0,1.0,,0.07326029653400298,48.33275245399257
APPL2,False,0,15,3,88,0.7880184331797235,True,estimated,1.0,1.0,,0.03875592896792058,16.02265943734762
AQR,False,0,15,1,88,1.881720430107527,True,estimated,1.0,1.0,,0.07326029653400298,48.33275245399257
AR,False,0,15,1,88,1.881720430107527,True,estimated,1.0,1.0,,0.07326029653400298,48.33275245399257
ARAP2,False,0,15,2,88,1.1161290322580646,True,estimated,1.0,1.0,,0.05108306493110792,24.386634167886562
ARF1,False,0,15,1,88,1.881720430107527,True,estimated,1.0,1.0,,0.07326029653400298,48.33275245399257
ARFGAP2,False,0,15,1,88,1.881720430107527,True,estimated,1.0,1.0,,0.07326029653400298,48.33275245399257
ARFGEF3,False,0,15,1,88,1.881720430107527,True,estimated,1.0,1.0,,0.07326029653400298,48.33275245399257
ARGFX,False,0,15,1,88,1.881720430107527,True,estimated,1.0,1.0,,0.07326029653400298,48.33275245399257
ARHGAP10,False,0,15,1,88,1.881720430107527,True,estimated,1.0,1.0,,0.07326029653400298,48.33275245399257
ARHGAP11A,False,0,15,1,88,1.881720430107527,True,estimated,1.0,1.0,,0.07326029653400298,48.33275245399257
ARHGAP12,False,0,15,1,88,1.881720430107527,True,estimated,1.0,1.0,,0.07326029653400298,48.33275245399257
ARHGAP28,False,0,15,1,88,1.881720430107527,True,estimated,1.0,1.0,,0.07326029653400298,48.33275245399257
ARHGAP31,False,0,15,1,88,1.881720430107527,True,estimated,1.0,1.0,,0.07326029653400298,48.33275245399257
ARHGAP35,False,0,15,3,88,0.7880184331797235,True,estimated,1.0,1.0,,0.03875592896792058,16.02265943734762
ARHGAP45,False,0,15,2,88,1.1161290322580646,True,estimated,1.0,1.0,,0.05108306493110792,24.386634167886562
ARHGAP9,False,0,15,1,88,1.881720430107527,True,estimated,1.0,1.0,,0.07326029653400298,48.33275245399257
ARHGDIA,False,0,15,1,88,1.881720430107527,True,estimated,1.0,1.0,,0.07326029653400298,48.33275245399257
ARHGEF1,False,0,15,1,88,1.881720430107527,True,estimated,1.0,1.0,,0.07326029653400298,48.33275245399257
ARHGEF11,False,0,15,2,88,1.1161290322580646,True,estimated,1.0,1.0,,0.05108306493110792,24.386634167886562
ARHGEF15,False,0,15,1,88,1.881720430107527,True,estimated,1.0,1.0,,0.07326029653400298,48.33275245399257
ARHGEF28,False,0,15,1,88,1.881720430107527,True,estimated,1.0,1.0,,0.07326029653400298,48.33275245399257
ARHGEF5,False,0,15,1,88,1.881720430107527,True,estimated,1.0,1.0,,0.07326029653400298,48.33275245399257
ARHGEF6,False,0,15,1,88,1.881720430107527,True,estimated,1.0,1.0,,0.07326029653400298,48.33275245399257
ARHGEF7,False,0,15,1,88,1.881720430107527,True,estimated,1.0,1.0,,0.07326029653400298,48.33275245399257
ARID1A,True,0,15,3,88,0.7880184331797235,True,estimated,1.0,1.0,1.0,0.03875592896792058,16.02265943734762
ARID1B,False,0,15,1,88,1.881720430107527,True,estimated,1.0,1.0,,0.07326029653400298,48.33275245399257
ARID2,False,0,15,1,88,1.881720430107527,True,estimated,1.0,1.0,,0.07326029653400298,48.33275245399257
ARID5B,False,0,15,1,88,1.881720430107527,True,estimated,1.0,1.0,,0.07326029653400298,48.33275245399257
ARL6IP6,False,0,15,1,88,1.881720430107527,True,estimated,1.0,1.0,,0.07326029653400298,48.33275245399257
ARMC4,False,0,15,1,88,1.881720430107527,True,estimated,1.0,1.0,,0.07326029653400298,48.33275245399257
ARMC8,False,0,15,1,88,1.881720430107527,True,estimated,1.0,1.0,,0.07326029653400298,48.33275245399257
ARMH4,False,0,15,1,88,1.881720430107527,True,estimated,1.0,1.0,,0.07326029653400298,48.33275245399257
ARMT1,False,0,15,1,88,1.881720430107527,True,estimated,1.0,1.0,,0.07326029653400298,48.33275245399257
ARSD,False,0,15,1,88,1.881720430107527,True,estimated,1.0,1.0,,0.07326029653400298,48.33275245399257
ARSF,False,0,15,1,88,1.881720430107527,True,estimated,1.0,1.0,,0.07326029653400298,48.33275245399257
ASAH2,False,0,15,1,88,1.881720430107527,True,estimated,1.0,1.0,,0.07326029653400298,48.33275245399257
ASAP1,False,0,15,1,88,1.881720430107527,True,estimated,1.0,1.0,,0.07326029653400298,48.33275245399257
ASB15,False,0,15,1,88,1.881720430107527,True,estimated,1.0,1.0,,0.07326029653400298,48.33275245399257
ASB16,False,0,15,1,88,1.881720430107527,True,estimated,1.0,1.0,,0.07326029653400298,48.33275245399257
ASB3,False,0,15,2,88,1.1161290322580646,True,estimated,1.0,1.0,,0.05108306493110792,24.386634167886562
ASCC3,False,0,15,3,88,0.7880184331797235,True,estimated,1.0,1.0,,0.03875592896792058,16.02265943734762
ASH1L,False,0,15,1,88,1.881720430107527,True,estimated,1.0,1.0,,0.07326029653400298,48.33275245399257
ASH2L,False,0,15,1,88,1.881720430107527,True,estimated,1.0,1.0,,0.07326029653400298,48.33275245399257
ASIC2,False,0,15,1,88,1.881720430107527,True,estimated,1.0,1.0,,0.07326029653400298,48.33275245399257
ASPM,False,0,15,1,88,1.881720430107527,True,estimated,1.0,1.0,,0.07326029653400298,48.33275245399257
ASS1,False,0,15,1,88,1.881720430107527,True,estimated,1.0,1.0,,0.07326029653400298,48.33275245399257
ASTN2,False,0,15,1,88,1.881720430107527,True,estimated,1.0,1.0,,0.07326029653400298,48.33275245399257
ASXL1,False,0,15,1,88,1.881720430107527,True,estimated,1.0,1.0,,0.07326029653400298,48.33275245399257
ASXL3,False,0,15,1,88,1.881720430107527,True,estimated,1.0,1.0,,0.07326029653400298,48.33275245399257
ASZ1,False,0,15,1,88,1.881720430107527,True,estimated,1.0,1.0,,0.07326029653400298,48.33275245399257
ATAD1,False,0,15,1,88,1.881720430107527,True,estimated,1.0,1.0,,0.07326029653400298,48.33275245399257
ATAD2,False,0,15,1,88,1.881720430107527,True,estimated,1.0,1.0,,0.07326029653400298,48.33275245399257
ATAD2B,False,0,15,1,88,1.881720430107527,True,estimated,1.0,1.0,,0.07326029653400298,48.33275245399257
ATAD3A,False,0,15,1,88,1.881720430107527,True,estimated,1.0,1.0,,0.07326029653400298,48.33275245399257
ATCAY,False,0,15,1,88,1.881720430107527,True,estimated,1.0,1.0,,0.07326029653400298,48.33275245399257
ATF2,False,0,15,1,88,1.881720430107527,True,estimated,1.0,1.0,,0.07326029653400298,48.33275245399257
ATF7IP,False,0,15,3,88,0.7880184331797235,True,estimated,1.0,1.0,,0.03875592896792058,16.02265943734762
ATF7IP2,False,0,15,1,88,1.881720430107527,True,estimated,1.0,1.0,,0.07326029653400298,48.33275245399257
ATG2A,False,0,15,1,88,1.881720430107527,True,estimated,1.0,1.0,,0.07326029653400298,48.33275245399257
ATG4D,False,0,15,1,88,1.881720430107527,True,estimated,1.0,1.0,,0.07326029653400298,48.33275245399257
ATG7,False,0,15,1,88,1.881720430107527,True,estimated,1.0,1.0,,0.07326029653400298,48.33275245399257
ATP10B,False,0,15,1,88,1.881720430107527,True,estimated,1.0,1.0,,0.07326029653400298,48.33275245399257
ATP11A,False,0,15,1,88,1.881720430107527,True,estimated,1.0,1.0,,0.07326029653400298,48.33275245399257
ATP11B,False,0,15,1,88,1.881720430107527,True,estimated,1.0,1.0,,0.07326029653400298,48.33275245399257
ATP1A1,False,0,15,1,88,1.881720430107527,True,estimated,1.0,1.0,,0.07326029653400298,48.33275245399257
ATP1A2,False,0,15,1,88,1.881720430107527,True,estimated,1.0,1.0,,0.07326029653400298,48.33275245399257
ATP1A3,False,0,15,1,88,1.881720430107527,True,estimated,1.0,1.0,,0.07326029653400298,48.33275245399257
ATP1A4,False,0,15,1,88,1.881720430107527,True,estimated,1.0,1.0,,0.07326029653400298,48.33275245399257
ATP2C1,False,0,15,1,88,1.881720430107527,True,estimated,1.0,1.0,,0.07326029653400298,48.33275245399257
ATP4A,False,0,15,2,88,1.1161290322580646,True,estimated,1.0,1.0,,0.05108306493110792,24.386634167886562
ATP5F1B,False,0,15,1,88,1.881720430107527,True,estimated,1.0,1.0,,0.07326029653400298,48.33275245399257
ATP5MC2,False,0,15,1,88,1.881720430107527,True,estimated,1.0,1.0,,0.07326029653400298,48.33275245399257
ATP6V0A1,False,0,15,1,88,1.881720430107527,True,estimated,1.0,1.0,,0.07326029653400298,48.33275245399257
ATP6V0A2,False,0,15,1,88,1.881720430107527,True,estimated,1.0,1.0,,0.07326029653400298,48.33275245399257
ATP6V0A4,False,0,15,1,88,1.881720430107527,True,estimated,1.0,1.0,,0.07326029653400298,48.33275245399257
ATP6V0B,False,0,15,1,88,1.881720430107527,True,estimated,1.0,1.0,,0.07326029653400298,48.33275245399257
ATP6V1B1,False,0,15,1,88,1.881720430107527,True,estimated,1.0,1.0,,0.07326029653400298,48.33275245399257
ATP7B,False,0,15,1,88,1.881720430107527,True,estimated,1.0,1.0,,0.07326029653400298,48.33275245399257
ATP8A2,False,0,15,2,88,1.1161290322580646,True,estimated,1.0,1.0,,0.05108306493110792,24.386634167886562
ATP8B3,False,0,15,2,88,1.1161290322580646,True,estimated,1.0,1.0,,0.05108306493110792,24.386634167886562
ATP9B,False,0,15,1,88,1.881720430107527,True,estimated,1.0,1.0,,0.07326029653400298,48.33275245399257
ATRNL1,False,0,15,1,88,1.881720430107527,True,estimated,1.0,1.0,,0.07326029653400298,48.33275245399257
ATXN7,False,0,15,1,88,1.881720430107527,True,estimated,1.0,1.0,,0.07326029653400298,48.33275245399257
AVL9,False,0,15,1,88,1.881720430107527,True,estimated,1.0,1.0,,0.07326029653400298,48.33275245399257
AXIN1,False,0,15,1,88,1.881720430107527,True,estimated,1.0,1.0,,0.07326029653400298,48.33275245399257
AXIN2,False,0,15,1,88,1.881720430107527,True,estimated,1.0,1.0,,0.07326029653400298,48.33275245399257
AXL,False,0,15,1,88,1.881720430107527,True,estimated,1.0,1.0,,0.07326029653400298,48.33275245399257
B3GALT2,False,0,15,1,88,1.881720430107527,True,estimated,1.0,1.0,,0.07326029653400298,48.33275245399257
B3GALT4,False,0,15,1,88,1.881720430107527,True,estimated,1.0,1.0,,0.07326029653400298,48.33275245399257
B3GAT3,False,0,15,1,88,1.881720430107527,True,estimated,1.0,1.0,,0.07326029653400298,48.33275245399257
B3GNT2,False,0,15,2,88,1.1161290322580646,True,estimated,1.0,1.0,,0.05108306493110792,24.386634167886562
B4GALNT4,False,0,15,1,88,1.881720430107527,True,estimated,1.0,1.0,,0.07326029653400298,48.33275245399257
BACH1,False,0,15,1,88,1.881720430107527,True,estimated,1.0,1.0,,0.07326029653400298,48.33275245399257
BAHD1,False,0,15,1,88,1.881720430107527,True,estimated,1.0,1.0,,0.07326029653400298,48.33275245399257
BANF2,False,0,15,1,88,1.881720430107527,True,estimated,1.0,1.0,,0.07326029653400298,48.33275245399257
BBOF1,False,0,15,1,88,1.881720430107527,True,estimated,1.0,1.0,,0.07326029653400298,48.33275245399257
BCAN,False,0,15,1,88,1.881720430107527,True,estimated,1.0,1.0,,0.07326029653400298,48.33275245399257
BCAR3,False,0,15,1,88,1.881720430107527,True,estimated,1.0,1.0,,0.07326029653400298,48.33275245399257
BCAT1,False,0,15,1,88,1.881720430107527,True,estimated,1.0,1.0,,0.07326029653400298,48.33275245399257
BCHE,False,0,15,1,88,1.881720430107527,True,estimated,1.0,1.0,,0.07326029653400298,48.33275245399257
BCL2A1,False,0,15,1,88,1.881720430107527,True,estimated,1.0,1.0,,0.07326029653400298,48.33275245399257
BCL6,False,0,15,1,88,1.881720430107527,True,estimated,1.0,1.0,,0.07326029653400298,48.33275245399257
BCOR,False,0,15,1,88,1.881720430107527,True,estimated,1.0,1.0,,0.07326029653400298,48.33275245399257
BCORL1,False,0,15,1,88,1.881720430107527,True,estimated,1.0,1.0,,0.07326029653400298,48.33275245399257
BDH2,False,0,15,1,88,1.881720430107527,True,estimated,1.0,1.0,,0.07326029653400298,48.33275245399257
BDKRB2,False,0,15,1,88,1.881720430107527,True,estimated,1.0,1.0,,0.07326029653400298,48.33275245399257
BDP1,False,0,15,2,88,1.1161290322580646,True,estimated,1.0,1.0,,0.05108306493110792,24.386634167886562
BEND7,False,0,15,1,88,1.881720430107527,True,estimated,1.0,1.0,,0.07326029653400298,48.33275245399257
BEST1,False,0,15,1,88,1.881720430107527,True,estimated,1.0,1.0,,0.07326029653400298,48.33275245399257
BHLHE40,False,0,15,1,88,1.881720430107527,True,estimated,1.0,1.0,,0.07326029653400298,48.33275245399257
BICC1,False,0,15,1,88,1.881720430107527,True,estimated,1.0,1.0,,0.07326029653400298,48.33275245399257
BICD1,False,0,15,2,88,1.1161290322580646,True,estimated,1.0,1.0,,0.05108306493110792,24.386634167886562
BICD2,False,0,15,1,88,1.881720430107527,True,estimated,1.0,1.0,,0.07326029653400298,48.33275245399257
BICRA,False,0,15,1,88,1.881720430107527,True,estimated,1.0,1.0,,0.07326029653400298,48.33275245399257
BICRAL,False,0,15,1,88,1.881720430107527,True,estimated,1.0,1.0,,0.07326029653400298,48.33275245399257
BIRC3,False,0,15,1,88,1.881720430107527,True,estimated,1.0,1.0,,0.07326029653400298,48.33275245399257
BIVM-ERCC5,False,0,15,1,88,1.881720430107527,True,estimated,1.0,1.0,,0.07326029653400298,48.33275245399257
BMPER,False,0,15,1,88,1.881720430107527,True,estimated,1.0,1.0,,0.07326029653400298,48.33275245399257
BMT2,False,0,15,1,88,1.881720430107527,True,estimated,1.0,1.0,,0.07326029653400298,48.33275245399257
BPIFB1,False,0,15,1,88,1.881720430107527,True,estimated,1.0,1.0,,0.07326029653400298,48.33275245399257
BPIFB3,False,0,15,1,88,1.881720430107527,True,estimated,1.0,1.0,,0.07326029653400298,48.33275245399257
BRD1,False,0,15,1,88,1.881720430107527,True,estimated,1.0,1.0,,0.07326029653400298,48.33275245399257
BRD2,False,0,15,1,88,1.881720430107527,True,estimated,1.0,1.0,,0.07326029653400298,48.33275245399257
BRDT,False,0,15,1,88,1.881720430107527,True,estimated,1.0,1.0,,0.07326029653400298,48.33275245399257
BRINP2,False,0,15,2,88,1.1161290322580646,True,estimated,1.0,1.0,,0.05108306493110792,24.386634167886562
BRINP3,False,0,15,1,88,1.881720430107527,True,estimated,1.0,1.0,,0.07326029653400298,48.33275245399257
BRPF1,False,0,15,2,88,1.1161290322580646,True,estimated,1.0,1.0,,0.05108306493110792,24.386634167886562
BRS3,False,0,15,1,88,1.881720430107527,True,estimated,1.0,1.0,,0.07326029653400298,48.33275245399257
BRWD1,False,0,15,1,88,1.881720430107527,True,estimated,1.0,1.0,,0.07326029653400298,48.33275245399257
BSDC1,False,0,15,1,88,1.881720430107527,True,estimated,1.0,1.0,,0.07326029653400298,48.33275245399257
BSND,False,0,15,1,88,1.881720430107527,True,estimated,1.0,1.0,,0.07326029653400298,48.33275245399257
BSX,False,0,15,1,88,1.881720430107527,True,estimated,1.0,1.0,,0.07326029653400298,48.33275245399257
BTBD7,False,0,15,1,88,1.881720430107527,True,estimated,1.0,1.0,,0.07326029653400298,48.33275245399257
BTG1,False,0,15,1,88,1.881720430107527,True,estimated,1.0,1.0,,0.07326029653400298,48.33275245399257
BTN1A1,False,0,15,1,88,1.881720430107527,True,estimated,1.0,1.0,,0.07326029653400298,48.33275245399257
BTN3A1,False,0,15,1,88,1.881720430107527,True,estimated,1.0,1.0,,0.07326029653400298,48.33275245399257
BTNL3,False,0,15,1,88,1.881720430107527,True,estimated,1.0,1.0,,0.07326029653400298,48.33275245399257
BTNL8,False,0,15,1,88,1.881720430107527,True,estimated,1.0,1.0,,0.07326029653400298,48.33275245399257
C10orf71,False,0,15,1,88,1.881720430107527,True,estimated,1.0,1.0,,0.07326029653400298,48.33275245399257
C11orf94,False,0,15,1,88,1.881720430107527,True,estimated,1.0,1.0,,0.07326029653400298,48.33275245399257
C12orf40,False,0,15,1,88,1.881720430107527,True,estimated,1.0,1.0,,0.07326029653400298,48.33275245399257
C12orf60,False,0,15,1,88,1.881720430107527,True,estimated,1.0,1.0,,0.07326029653400298,48.33275245399257
C16orf78,False,0,15,1,88,1.881720430107527,True,estimated,1.0,1.0,,0.07326029653400298,48.33275245399257
C17orf75,False,0,15,1,88,1.881720430107527,True,estimated,1.0,1.0,,0.07326029653400298,48.33275245399257
C20orf194,False,0,15,2,88,1.1161290322580646,True,estimated,1.0,1.0,,0.05108306493110792,24.386634167886562
C2CD3,False,0,15,1,88,1.881720430107527,True,estimated,1.0,1.0,,0.07326029653400298,48.33275245399257
C2CD6,False,0,15,1,88,1.881720430107527,True,estimated,1.0,1.0,,0.07326029653400298,48.33275245399257
C2orf49,False,0,15,1,88,1.881720430107527,True,estimated,1.0,1.0,,0.07326029653400298,48.33275245399257
C2orf69,False,0,15,1,88,1.881720430107527,True,estimated,1.0,1.0,,0.07326029653400298,48.33275245399257
C3,False,0,15,1,88,1.881720430107527,True,estimated,1.0,1.0,,0.07326029653400298,48.33275245399257
C3orf33,False,0,15,1,88,1.881720430107527,True,estimated,1.0,1.0,,0.07326029653400298,48.33275245399257
C3orf62,False,0,15,1,88,1.881720430107527,True,estimated,1.0,1.0,,0.07326029653400298,48.33275245399257
C5,False,0,15,1,88,1.881720430107527,True,estimated,1.0,1.0,,0.07326029653400298,48.33275245399257
C5orf22,False,0,15,1,88,1.881720430107527,True,estimated,1.0,1.0,,0.07326029653400298,48.33275245399257
C6,False,0,15,1,88,1.881720430107527,True,estimated,1.0,1.0,,0.07326029653400298,48.33275245399257
C6orf47,False,0,15,1,88,1.881720430107527,True,estimated,1.0,1.0,,0.07326029653400298,48.33275245399257
C6orf62,False,0,15,2,88,1.1161290322580646,True,estimated,1.0,1.0,,0.05108306493110792,24.386634167886562
C6orf89,False,0,15,1,88,1.881720430107527,True,estimated,1.0,1.0,,0.07326029653400298,48.33275245399257
C7orf57,False,0,15,1,88,1.881720430107527,True,estimated,1.0,1.0,,0.07326029653400298,48.33275245399257
C8orf34,False,0,15,1,88,1.881720430107527,True,estimated,1.0,1.0,,0.07326029653400298,48.33275245399257
C8orf37,False,0,15,1,88,1.881720430107527,True,estimated,1.0,1.0,,0.07326029653400298,48.33275245399257
CA10,False,0,15,1,88,1.881720430107527,True,estimated,1.0,1.0,,0.07326029653400298,48.33275245399257
CA5B,False,0,15,1,88,1.881720430107527,True,estimated,1.0,1.0,,0.07326029653400298,48.33275245399257
CABCOCO1,False,0,15,1,88,1.881720430107527,True,estimated,1.0,1.0,,0.07326029653400298,48.33275245399257
CABIN1,False,0,15,1,88,1.881720430107527,True,estimated,1.0,1.0,,0.07326029653400298,48.33275245399257
CACNA1A,False,0,15,1,88,1.881720430107527,True,estimated,1.0,1.0,,0.07326029653400298,48.33275245399257
CACNA1G,False,0,15,2,88,1.1161290322580646,True,estimated,1.0,1.0,,0.05108306493110792,24.386634167886562
CACNA1I,False,0,15,1,88,1.881720430107527,True,estimated,1.0,1.0,,0.07326029653400298,48.33275245399257
CACNA2D4,False,0,15,1,88,1.881720430107527,True,estimated,1.0,1.0,,0.07326029653400298,48.33275245399257
CACNG5,False,0,15,1,88,1.881720430107527,True,estimated,1.0,1.0,,0.07326029653400298,48.33275245399257
CAD,False,0,15,1,88,1.881720430107527,True,estimated,1.0,1.0,,0.07326029653400298,48.33275245399257
CALB1,False,0,15,1,88,1.881720430107527,True,estimated,1.0,1.0,,0.07326029653400298,48.33275245399257
CALD1,False,0,15,1,88,1.881720430107527,True,estimated,1.0,1.0,,0.07326029653400298,48.33275245399257
CALHM1,False,0,15,1,88,1.881720430107527,True,estimated,1.0,1.0,,0.07326029653400298,48.33275245399257
CALM2,False,0,15,1,88,1.881720430107527,True,estimated,1.0,1.0,,0.07326029653400298,48.33275245399257
CALU,False,0,15,1,88,1.881720430107527,True,estimated,1.0,1.0,,0.07326029653400298,48.33275245399257
CAMKK2,False,0,15,1,88,1.881720430107527,True,estimated,1.0,1.0,,0.07326029653400298,48.33275245399257
CAMSAP1,False,0,15,1,88,1.881720430107527,True,estimated,1.0,1.0,,0.07326029653400298,48.33275245399257
CAMSAP2,False,0,15,2,88,1.1161290322580646,True,estimated,1.0,1.0,,0.05108306493110792,24.386634167886562
CAND2,False,0,15,1,88,1.881720430107527,True,estimated,1.0,1.0,,0.07326029653400298,48.33275245399257
CANT1,False,0,15,1,88,1.881720430107527,True,estimated,1.0,1.0,,0.07326029653400298,48.33275245399257
CAPN1,False,0,15,1,88,1.881720430107527,True,estimated,1.0,1.0,,0.07326029653400298,48.33275245399257
CAPN12,False,0,15,1,88,1.881720430107527,True,estimated,1.0,1.0,,0.07326029653400298,48.33275245399257
CAPN3,False,0,15,1,88,1.881720430107527,True,estimated,1.0,1.0,,0.07326029653400298,48.33275245399257
CAPN9,False,0,15,1,88,1.881720430107527,True,estimated,1.0,1.0,,0.07326029653400298,48.33275245399257
CAPRIN2,False,0,15,1,88,1.881720430107527,True,estimated,1.0,1.0,,0.07326029653400298,48.33275245399257
CARD11,False,0,15,2,88,1.1161290322580646,True,estimated,1.0,1.0,,0.05108306493110792,24.386634167886562
CARMIL2,False,0,15,1,88,1.881720430107527,True,estimated,1.0,1.0,,0.07326029653400298,48.33275245399257
CARNMT1,False,0,15,1,88,1.881720430107527,True,estimated,1.0,1.0,,0.07326029653400298,48.33275245399257
CASK,False,0,15,1,88,1.881720430107527,True,estimated,1.0,1.0,,0.07326029653400298,48.33275245399257
CASP10,False,0,15,1,88,1.881720430107527,True,estimated,1.0,1.0,,0.07326029653400298,48.33275245399257
CASP8AP2,False,0,15,2,88,1.1161290322580646,True,estimated,1.0,1.0,,0.05108306493110792,24.386634167886562
CAST,False,0,15,1,88,1.881720430107527,True,estimated,1.0,1.0,,0.07326029653400298,48.33275245399257
CATIP,False,0,15,1,88,1.881720430107527,True,estimated,1.0,1.0,,0.07326029653400298,48.33275245399257
CATSPER3,False,0,15,1,88,1.881720430107527,True,estimated,1.0,1.0,,0.07326029653400298,48.33275245399257
CATSPERB,False,0,15,1,88,1.881720430107527,True,estimated,1.0,1.0,,0.07326029653400298,48.33275245399257
CBL,False,0,15,1,88,1.881720430107527,True,estimated,1.0,1.0,,0.07326029653400298,48.33275245399257
CBR4,False,0,15,1,88,1.881720430107527,True,estimated,1.0,1.0,,0.07326029653400298,48.33275245399257
CCDC102A,False,0,15,1,88,1.881720430107527,True,estimated,1.0,1.0,,0.07326029653400298,48.33275245399257
CCDC116,False,0,15,1,88,1.881720430107527,True,estimated,1.0,1.0,,0.07326029653400298,48.33275245399257
CCDC125,False,0,15,1,88,1.881720430107527,True,estimated,1.0,1.0,,0.07326029653400298,48.33275245399257
CCDC138,False,0,15,1,88,1.881720430107527,True,estimated,1.0,1.0,,0.07326029653400298,48.33275245399257
CCDC146,False,0,15,1,88,1.881720430107527,True,estimated,1.0,1.0,,0.07326029653400298,48.33275245399257
CCDC150,False,0,15,2,88,1.1161290322580646,True,estimated,1.0,1.0,,0.05108306493110792,24.386634167886562
CCDC171,False,0,15,1,88,1.881720430107527,True,estimated,1.0,1.0,,0.07326029653400298,48.33275245399257
CCDC173,False,0,15,1,88,1.881720430107527,True,estimated,1.0,1.0,,0.07326029653400298,48.33275245399257
CCDC180,False,0,15,2,88,1.1161290322580646,True,estimated,1.0,1.0,,0.05108306493110792,24.386634167886562
CCDC30,False,0,15,1,88,1.881720430107527,True,estimated,1.0,1.0,,0.07326029653400298,48.33275245399257
CCDC33,False,0,15,1,88,1.881720430107527,True,estimated,1.0,1.0,,0.07326029653400298,48.33275245399257
CCDC40,False,0,15,1,88,1.881720430107527,True,estimated,1.0,1.0,,0.07326029653400298,48.33275245399257
CCDC54,False,0,15,1,88,1.881720430107527,True,estimated,1.0,1.0,,0.07326029653400298,48.33275245399257
CCDC61,False,0,15,1,88,1.881720430107527,True,estimated,1.0,1.0,,0.07326029653400298,48.33275245399257
CCDC68,False,0,15,1,88,1.881720430107527,True,estimated,1.0,1.0,,0.07326029653400298,48.33275245399257
CCDC80,False,0,15,2,88,1.1161290322580646,True,estimated,1.0,1.0,,0.05108306493110792,24.386634167886562
CCDC88B,False,0,15,1,88,1.881720430107527,True,estimated,1.0,1.0,,0.07326029653400298,48.33275245399257
CCDC89,False,0,15,1,88,1.881720430107527,True,estimated,1.0,1.0,,0.07326029653400298,48.33275245399257
CCDC96,False,0,15,1,88,1.881720430107527,True,estimated,1.0,1.0,,0.07326029653400298,48.33275245399257
CCHCR1,False,0,15,1,88,1.881720430107527,True,estimated,1.0,1.0,,0.07326029653400298,48.33275245399257
CCKAR,False,0,15,1,88,1.881720430107527,True,estimated,1.0,1.0,,0.07326029653400298,48.33275245399257
CCKBR,False,0,15,1,88,1.881720430107527,True,estimated,1.0,1.0,,0.07326029653400298,48.33275245399257
CCN3,False,0,15,1,88,1.881720430107527,True,estimated,1.0,1.0,,0.07326029653400298,48.33275245399257
CCNB2,False,0,15,1,88,1.881720430107527,True,estimated,1.0,1.0,,0.07326029653400298,48.33275245399257
CCNK,False,0,15,1,88,1.881720430107527,True,estimated,1.0,1.0,,0.07326029653400298,48.33275245399257
CCNY,False,0,15,1,88,1.881720430107527,True,estimated,1.0,1.0,,0.07326029653400298,48.33275245399257
CCR6,False,0,15,1,88,1.881720430107527,True,estimated,1.0,1.0,,0.07326029653400298,48.33275245399257
CD163,False,0,15,1,88,1.881720430107527,True,estimated,1.0,1.0,,0.07326029653400298,48.33275245399257
CD163L1,False,0,15,1,88,1.881720430107527,True,estimated,1.0,1.0,,0.07326029653400298,48.33275245399257
CD180,False,0,15,3,88,0.7880184331797235,True,estimated,1.0,1.0,,0.03875592896792058,16.02265943734762
CD200R1,False,0,15,1,88,1.881720430107527,True,estimated,1.0,1.0,,0.07326029653400298,48.33275245399257
CD27,False,0,15,1,88,1.881720430107527,True,estimated,1.0,1.0,,0.07326029653400298,48.33275245399257
CD300LG,False,0,15,1,88,1.881720430107527,True,estimated,1.0,1.0,,0.07326029653400298,48.33275245399257
CD33,False,0,15,1,88,1.881720430107527,True,estimated,1.0,1.0,,0.07326029653400298,48.33275245399257
CD34,False,0,15,1,88,1.881720430107527,True,estimated,1.0,1.0,,0.07326029653400298,48.33275245399257
CD44,False,0,15,1,88,1.881720430107527,True,estimated,1.0,1.0,,0.07326029653400298,48.33275245399257
CD53,False,0,15,1,88,1.881720430107527,True,estimated,1.0,1.0,,0.07326029653400298,48.33275245399257
CD6,False,0,15,1,88,1.881720430107527,True,estimated,1.0,1.0,,0.07326029653400298,48.33275245399257
CDAN1,False,0,15,1,88,1.881720430107527,True,estimated,1.0,1.0,,0.07326029653400298,48.33275245399257
CDC14A,False,0,15,1,88,1.881720430107527,True,estimated,1.0,1.0,,0.07326029653400298,48.33275245399257
CDC16,False,0,15,1,88,1.881720430107527,True,estimated,1.0,1.0,,0.07326029653400298,48.33275245399257
CDC23,False,0,15,2,88,1.1161290322580646,True,estimated,1.0,1.0,,0.05108306493110792,24.386634167886562
CDC25C,False,0,15,1,88,1.881720430107527,True,estimated,1.0,1.0,,0.07326029653400298,48.33275245399257
CDC42BPB,False,0,15,1,88,1.881720430107527,True,estimated,1.0,1.0,,0.07326029653400298,48.33275245399257
CDCA2,False,0,15,2,88,1.1161290322580646,True,estimated,1.0,1.0,,0.05108306493110792,24.386634167886562
CDCA7,False,0,15,1,88,1.881720430107527,True,estimated,1.0,1.0,,0.07326029653400298,48.33275245399257
CDCP2,False,0,15,1,88,1.881720430107527,True,estimated,1.0,1.0,,0.07326029653400298,48.33275245399257
CDH11,False,0,15,1,88,1.881720430107527,True,estimated,1.0,1.0,,0.07326029653400298,48.33275245399257
CDH20,False,0,15,1,88,1.881720430107527,True,estimated,1.0,1.0,,0.07326029653400298,48.33275245399257
CDH23,False,0,15,1,88,1.881720430107527,True,estimated,1.0,1.0,,0.07326029653400298,48.33275245399257
CDH4,False,0,15,1,88,1.881720430107527,True,estimated,1.0,1.0,,0.07326029653400298,48.33275245399257
CDH7,False,0,15,1,88,1.881720430107527,True,estimated,1.0,1.0,,0.07326029653400298,48.33275245399257
CDH8,False,0,15,1,88,1.881720430107527,True,estimated,1.0,1.0,,0.07326029653400298,48.33275245399257
CDK12,False,0,15,2,88,1.1161290322580646,True,estimated,1.0,1.0,,0.05108306493110792,24.386634167886562
CDK13,False,0,15,2,88,1.1161290322580646,True,estimated,1.0,1.0,,0.05108306493110792,24.386634167886562
CDK2,False,0,15,1,88,1.881720430107527,True,estimated,1.0,1.0,,0.07326029653400298,48.33275245399257
CDK3,False,0,15,1,88,1.881720430107527,True,estimated,1.0,1.0,,0.07326029653400298,48.33275245399257
CDK5RAP2,False,0,15,2,88,1.1161290322580646,True,estimated,1.0,1.0,,0.05108306493110792,24.386634167886562
CDK8,False,0,15,1,88,1.881720430107527,True,estimated,1.0,1.0,,0.07326029653400298,48.33275245399257
CDKL5,False,0,15,1,88,1.881720430107527,True,estimated,1.0,1.0,,0.07326029653400298,48.33275245399257
CDKN2A,True,0,15,0,88,,False,not_estimable_no_events,1.0,1.0,1.0,,
CDKN2AIP,False,0,15,1,88,1.881720430107527,True,estimated,1.0,1.0,,0.07326029653400298,48.33275245399257
CDR1,False,0,15,1,88,1.881720430107527,True,estimated,1.0,1.0,,0.07326029653400298,48.33275245399257
CDX4,False,0,15,1,88,1.881720430107527,True,estimated,1.0,1.0,,0.07326029653400298,48.33275245399257
CDYL,False,0,15,1,88,1.881720430107527,True,estimated,1.0,1.0,,0.07326029653400298,48.33275245399257
CEACAM4,False,0,15,1,88,1.881720430107527,True,estimated,1.0,1.0,,0.07326029653400298,48.33275245399257
CELA3A,False,0,15,1,88,1.881720430107527,True,estimated,1.0,1.0,,0.07326029653400298,48.33275245399257
CELF3,False,0,15,1,88,1.881720430107527,True,estimated,1.0,1.0,,0.07326029653400298,48.33275245399257
CELSR1,False,0,15,1,88,1.881720430107527,True,estimated,1.0,1.0,,0.07326029653400298,48.33275245399257
CELSR2,False,0,15,1,88,1.881720430107527,True,estimated,1.0,1.0,,0.07326029653400298,48.33275245399257
CEMIP2,False,0,15,1,88,1.881720430107527,True,estimated,1.0,1.0,,0.07326029653400298,48.33275245399257
CENPE,False,0,15,2,88,1.1161290322580646,True,estimated,1.0,1.0,,0.05108306493110792,24.386634167886562
CEP120,False,0,15,1,88,1.881720430107527,True,estimated,1.0,1.0,,0.07326029653400298,48.33275245399257
CEP135,False,0,15,1,88,1.881720430107527,True,estimated,1.0,1.0,,0.07326029653400298,48.33275245399257
CEP152,False,0,15,1,88,1.881720430107527,True,estimated,1.0,1.0,,0.07326029653400298,48.33275245399257
CEP162,False,0,15,1,88,1.881720430107527,True,estimated,1.0,1.0,,0.07326029653400298,48.33275245399257
CEP164,False,0,15,1,88,1.881720430107527,True,estimated,1.0,1.0,,0.07326029653400298,48.33275245399257
CEP192,False,0,15,1,88,1.881720430107527,True,estimated,1.0,1.0,,0.07326029653400298,48.33275245399257
CEP250,False,0,15,3,88,0.7880184331797235,True,estimated,1.0,1.0,,0.03875592896792058,16.02265943734762
CEP290,False,0,15,1,88,1.881720430107527,True,estimated,1.0,1.0,,0.07326029653400298,48.33275245399257
CEP41,False,0,15,1,88,1.881720430107527,True,estimated,1.0,1.0,,0.07326029653400298,48.33275245399257
CEP57L1,False,0,15,1,88,1.881720430107527,True,estimated,1.0,1.0,,0.07326029653400298,48.33275245399257
CEP63,False,0,15,1,88,1.881720430107527,True,estimated,1.0,1.0,,0.07326029653400298,48.33275245399257
CERS4,False,0,15,1,88,1.881720430107527,True,estimated,1.0,1.0,,0.07326029653400298,48.33275245399257
CFAP298-TCP10L,False,0,15,1,88,1.881720430107527,True,estimated,1.0,1.0,,0.07326029653400298,48.33275245399257
CFAP43,False,0,15,1,88,1.881720430107527,True,estimated,1.0,1.0,,0.07326029653400298,48.33275245399257
CFAP44,False,0,15,1,88,1.881720430107527,True,estimated,1.0,1.0,,0.07326029653400298,48.33275245399257
CFAP57,False,0,15,2,88,1.1161290322580646,True,estimated,1.0,1.0,,0.05108306493110792,24.386634167886562
CFAP58,False,0,15,1,88,1.881720430107527,True,estimated,1.0,1.0,,0.07326029653400298,48.33275245399257
CFAP61,False,0,15,1,88,1.881720430107527,True,estimated,1.0,1.0,,0.07326029653400298,48.33275245399257
CFHR4,False,0,15,1,88,1.881720430107527,True,estimated,1.0,1.0,,0.07326029653400298,48.33275245399257
CFLAR,False,0,15,1,88,1.881720430107527,True,estimated,1.0,1.0,,0.07326029653400298,48.33275245399257
CFTR,False,0,15,1,88,1.881720430107527,True,estimated,1.0,1.0,,0.07326029653400298,48.33275245399257
CHAD,False,0,15,1,88,1.881720430107527,True,estimated,1.0,1.0,,0.07326029653400298,48.33275245399257
CHAF1A,False,0,15,1,88,1.881720430107527,True,estimated,1.0,1.0,,0.07326029653400298,48.33275245399257
CHAF1B,False,0,15,2,88,1.1161290322580646,True,estimated,1.0,1.0,,0.05108306493110792,24.386634167886562
CHAT,False,0,15,1,88,1.881720430107527,True,estimated,1.0,1.0,,0.07326029653400298,48.33275245399257
CHD1,False,0,15,1,88,1.881720430107527,True,estimated,1.0,1.0,,0.07326029653400298,48.33275245399257
CHD2,False,0,15,1,88,1.881720430107527,True,estimated,1.0,1.0,,0.07326029653400298,48.33275245399257
CHD3,False,0,15,1,88,1.881720430107527,True,estimated,1.0,1.0,,0.07326029653400298,48.33275245399257
CHD4,False,0,15,4,88,0.6057347670250897,True,estimated,1.0,1.0,,0.03102761179503423,11.825422156456852
CHD6,False,0,15,3,88,0.7880184331797235,True,estimated,1.0,1.0,,0.03875592896792058,16.02265943734762
CHD7,False,0,15,1,88,1.881720430107527,True,estimated,1.0,1.0,,0.07326029653400298,48.33275245399257
CHD9,False,0,15,2,88,1.1161290322580646,True,estimated,1.0,1.0,,0.05108306493110792,24.386634167886562
CHIA,False,0,15,2,88,1.1161290322580646,True,estimated,1.0,1.0,,0.05108306493110792,24.386634167886562
CHID1,False,0,15,2,88,1.1161290322580646,True,estimated,1.0,1.0,,0.05108306493110792,24.386634167886562
CHIT1,False,0,15,1,88,1.881720430107527,True,estimated,1.0,1.0,,0.07326029653400298,48.33275245399257
CHL1,False,0,15,1,88,1.881720430107527,True,estimated,1.0,1.0,,0.07326029653400298,48.33275245399257
CHML,False,0,15,1,88,1.881720430107527,True,estimated,1.0,1.0,,0.07326029653400298,48.33275245399257
CHMP7,False,0,15,1,88,1.881720430107527,True,estimated,1.0,1.0,,0.07326029653400298,48.33275245399257
CHPT1,False,0,15,1,88,1.881720430107527,True,estimated,1.0,1.0,,0.07326029653400298,48.33275245399257
CHRD,False,0,15,1,88,1.881720430107527,True,estimated,1.0,1.0,,0.07326029653400298,48.33275245399257
CHRM2,False,0,15,1,88,1.881720430107527,True,estimated,1.0,1.0,,0.07326029653400298,48.33275245399257
CHRNA1,False,0,15,1,88,1.881720430107527,True,estimated,1.0,1.0,,0.07326029653400298,48.33275245399257
CHRNA4,False,0,15,1,88,1.881720430107527,True,estimated,1.0,1.0,,0.07326029653400298,48.33275245399257
CHRNB1,False,0,15,1,88,1.881720430107527,True,estimated,1.0,1.0,,0.07326029653400298,48.33275245399257
CHUK,False,0,15,1,88,1.881720430107527,True,estimated,1.0,1.0,,0.07326029653400298,48.33275245399257
CIC,False,0,15,1,88,1.881720430107527,True,estimated,1.0,1.0,,0.07326029653400298,48.33275245399257
CIITA,False,0,15,1,88,1.881720430107527,True,estimated,1.0,1.0,,0.07326029653400298,48.33275245399257
CISD2,False,0,15,1,88,1.881720430107527,True,estimated,1.0,1.0,,0.07326029653400298,48.33275245399257
CIZ1,False,0,15,1,88,1.881720430107527,True,estimated,1.0,1.0,,0.07326029653400298,48.33275245399257
CKAP5,False,0,15,1,88,1.881720430107527,True,estimated,1.0,1.0,,0.07326029653400298,48.33275245399257
CLASP1,False,0,15,1,88,1.881720430107527,True,estimated,1.0,1.0,,0.07326029653400298,48.33275245399257
CLASRP,False,0,15,1,88,1.881720430107527,True,estimated,1.0,1.0,,0.07326029653400298,48.33275245399257
CLCA2,False,0,15,1,88,1.881720430107527,True,estimated,1.0,1.0,,0.07326029653400298,48.33275245399257
CLCN6,False,0,15,1,88,1.881720430107527,True,estimated,1.0,1.0,,0.07326029653400298,48.33275245399257
CLCN7,False,0,15,1,88,1.881720430107527,True,estimated,1.0,1.0,,0.07326029653400298,48.33275245399257
CLDN10,False,0,15,1,88,1.881720430107527,True,estimated,1.0,1.0,,0.07326029653400298,48.33275245399257
CLDND2,False,0,15,1,88,1.881720430107527,True,estimated,1.0,1.0,,0.07326029653400298,48.33275245399257
CLEC18B,False,0,15,1,88,1.881720430107527,True,estimated,1.0,1.0,,0.07326029653400298,48.33275245399257
CLEC2D,False,0,15,1,88,1.881720430107527,True,estimated,1.0,1.0,,0.07326029653400298,48.33275245399257
CLEC4E,False,0,15,1,88,1.881720430107527,True,estimated,1.0,1.0,,0.07326029653400298,48.33275245399257
CLEC4M,False,0,15,1,88,1.881720430107527,True,estimated,1.0,1.0,,0.07326029653400298,48.33275245399257
CLIC6,False,0,15,1,88,1.881720430107527,True,estimated,1.0,1.0,,0.07326029653400298,48.33275245399257
CLIP1,False,0,15,1,88,1.881720430107527,True,estimated,1.0,1.0,,0.07326029653400298,48.33275245399257
CLK1,False,0,15,2,88,1.1161290322580646,True,estimated,1.0,1.0,,0.05108306493110792,24.386634167886562
CLK2,False,0,15,1,88,1.881720430107527,True,estimated,1.0,1.0,,0.07326029653400298,48.33275245399257
CLK4,False,0,15,1,88,1.881720430107527,True,estimated,1.0,1.0,,0.07326029653400298,48.33275245399257
CLN8,False,0,15,1,88,1.881720430107527,True,estimated,1.0,1.0,,0.07326029653400298,48.33275245399257
CLPTM1,False,0,15,1,88,1.881720430107527,True,estimated,1.0,1.0,,0.07326029653400298,48.33275245399257
CLTC,False,0,15,1,88,1.881720430107527,True,estimated,1.0,1.0,,0.07326029653400298,48.33275245399257
CLUH,False,0,15,2,88,1.1161290322580646,True,estimated,1.0,1.0,,0.05108306493110792,24.386634167886562
CLVS1,False,0,15,1,88,1.881720430107527,True,estimated,1.0,1.0,,0.07326029653400298,48.33275245399257
CLYBL,False,0,15,1,88,1.881720430107527,True,estimated,1.0,1.0,,0.07326029653400298,48.33275245399257
CMA1,False,0,15,1,88,1.881720430107527,True,estimated,1.0,1.0,,0.07326029653400298,48.33275245399257
CMTM2,False,0,15,1,88,1.881720430107527,True,estimated,1.0,1.0,,0.07326029653400298,48.33275245399257
CMTM4,False,0,15,1,88,1.881720430107527,True,estimated,1.0,1.0,,0.07326029653400298,48.33275245399257
CMTR2,False,0,15,2,88,1.1161290322580646,True,estimated,1.0,1.0,,0.05108306493110792,24.386634167886562
CNDP1,False,0,15,1,88,1.881720430107527,True,estimated,1.0,1.0,,0.07326029653400298,48.33275245399257
CNDP2,False,0,15,1,88,1.881720430107527,True,estimated,1.0,1.0,,0.07326029653400298,48.33275245399257
CNKSR2,False,0,15,1,88,1.881720430107527,True,estimated,1.0,1.0,,0.07326029653400298,48.33275245399257
CNNM3,False,0,15,1,88,1.881720430107527,True,estimated,1.0,1.0,,0.07326029653400298,48.33275245399257
CNOT11,False,0,15,2,88,1.1161290322580646,True,estimated,1.0,1.0,,0.05108306493110792,24.386634167886562
CNOT6L,False,0,15,1,88,1.881720430107527,True,estimated,1.0,1.0,,0.07326029653400298,48.33275245399257
CNPY4,False,0,15,1,88,1.881720430107527,True,estimated,1.0,1.0,,0.07326029653400298,48.33275245399257
CNTN2,False,0,15,1,88,1.881720430107527,True,estimated,1.0,1.0,,0.07326029653400298,48.33275245399257
CNTN3,False,0,15,1,88,1.881720430107527,True,estimated,1.0,1.0,,0.07326029653400298,48.33275245399257
CNTN5,False,0,15,1,88,1.881720430107527,True,estimated,1.0,1.0,,0.07326029653400298,48.33275245399257
CNTNAP1,False,0,15,1,88,1.881720430107527,True,estimated,1.0,1.0,,0.07326029653400298,48.33275245399257
CNTNAP3,False,0,15,1,88,1.881720430107527,True,estimated,1.0,1.0,,0.07326029653400298,48.33275245399257
CNTNAP4,False,0,15,1,88,1.881720430107527,True,estimated,1.0,1.0,,0.07326029653400298,48.33275245399257
CNTRL,False,0,15,1,88,1.881720430107527,True,estimated,1.0,1.0,,0.07326029653400298,48.33275245399257
COBL,False,0,15,1,88,1.881720430107527,True,estimated,1.0,1.0,,0.07326029653400298,48.33275245399257
COBLL1,False,0,15,2,88,1.1161290322580646,True,estimated,1.0,1.0,,0.05108306493110792,24.386634167886562
COG8,False,0,15,1,88,1.881720430107527,True,estimated,1.0,1.0,,0.07326029653400298,48.33275245399257
COL11A2,False,0,15,1,88,1.881720430107527,True,estimated,1.0,1.0,,0.07326029653400298,48.33275245399257
COL12A1,False,0,15,1,88,1.881720430107527,True,estimated,1.0,1.0,,0.07326029653400298,48.33275245399257
COL14A1,False,0,15,1,88,1.881720430107527,True,estimated,1.0,1.0,,0.07326029653400298,48.33275245399257
COL15A1,False,0,15,1,88,1.881720430107527,True,estimated,1.0,1.0,,0.07326029653400298,48.33275245399257
COL16A1,False,0,15,1,88,1.881720430107527,True,estimated,1.0,1.0,,0.07326029653400298,48.33275245399257
COL17A1,False,0,15,1,88,1.881720430107527,True,estimated,1.0,1.0,,0.07326029653400298,48.33275245399257
COL19A1,False,0,15,1,88,1.881720430107527,True,estimated,1.0,1.0,,0.07326029653400298,48.33275245399257
COL1A1,False,0,15,1,88,1.881720430107527,True,estimated,1.0,1.0,,0.07326029653400298,48.33275245399257
COL1A2,False,0,15,1,88,1.881720430107527,True,estimated,1.0,1.0,,0.07326029653400298,48.33275245399257
COL22A1,False,0,15,1,88,1.881720430107527,True,estimated,1.0,1.0,,0.07326029653400298,48.33275245399257
COL26A1,False,0,15,1,88,1.881720430107527,True,estimated,1.0,1.0,,0.07326029653400298,48.33275245399257
COL27A1,False,0,15,1,88,1.881720430107527,True,estimated,1.0,1.0,,0.07326029653400298,48.33275245399257
COL4A5,False,0,15,2,88,1.1161290322580646,True,estimated,1.0,1.0,,0.05108306493110792,24.386634167886562
COL4A6,False,0,15,1,88,1.881720430107527,True,estimated,1.0,1.0,,0.07326029653400298,48.33275245399257
COL5A1,False,0,15,1,88,1.881720430107527,True,estimated,1.0,1.0,,0.07326029653400298,48.33275245399257
COL5A2,False,0,15,2,88,1.1161290322580646,True,estimated,1.0,1.0,,0.05108306493110792,24.386634167886562
COL5A3,False,0,15,3,88,0.7880184331797235,True,estimated,1.0,1.0,,0.03875592896792058,16.02265943734762
COL6A2,False,0,15,1,88,1.881720430107527,True,estimated,1.0,1.0,,0.07326029653400298,48.33275245399257
COL6A3,False,0,15,1,88,1.881720430107527,True,estimated,1.0,1.0,,0.07326029653400298,48.33275245399257
COL6A6,False,0,15,4,88,0.6057347670250897,True,estimated,1.0,1.0,,0.03102761179503423,11.825422156456852
COLGALT2,False,0,15,1,88,1.881720430107527,True,estimated,1.0,1.0,,0.07326029653400298,48.33275245399257
COP1,False,0,15,1,88,1.881720430107527,True,estimated,1.0,1.0,,0.07326029653400298,48.33275245399257
COPA,False,0,15,1,88,1.881720430107527,True,estimated,1.0,1.0,,0.07326029653400298,48.33275245399257
COPS2,False,0,15,1,88,1.881720430107527,True,estimated,1.0,1.0,,0.07326029653400298,48.33275245399257
COPS5,False,0,15,1,88,1.881720430107527,True,estimated,1.0,1.0,,0.07326029653400298,48.33275245399257
COQ10A,False,0,15,2,88,1.1161290322580646,True,estimated,1.0,1.0,,0.05108306493110792,24.386634167886562
COQ6,False,0,15,1,88,1.881720430107527,True,estimated,1.0,1.0,,0.07326029653400298,48.33275245399257
COX11,False,0,15,1,88,1.881720430107527,True,estimated,1.0,1.0,,0.07326029653400298,48.33275245399257
COX19,False,0,15,2,88,1.1161290322580646,True,estimated,1.0,1.0,,0.05108306493110792,24.386634167886562
COX6B2,False,0,15,2,88,1.1161290322580646,True,estimated,1.0,1.0,,0.05108306493110792,24.386634167886562
CPA6,False,0,15,1,88,1.881720430107527,True,estimated,1.0,1.0,,0.07326029653400298,48.33275245399257
CPEB4,False,0,15,4,88,0.6057347670250897,True,estimated,1.0,1.0,,0.03102761179503423,11.825422156456852
CPLANE1,False,0,15,1,88,1.881720430107527,True,estimated,1.0,1.0,,0.07326029653400298,48.33275245399257
CPNE5,False,0,15,1,88,1.881720430107527,True,estimated,1.0,1.0,,0.07326029653400298,48.33275245399257
CPNE7,False,0,15,1,88,1.881720430107527,True,estimated,1.0,1.0,,0.07326029653400298,48.33275245399257
CPS1,False,0,15,1,88,1.881720430107527,True,estimated,1.0,1.0,,0.07326029653400298,48.33275245399257
CPXM2,False,0,15,2,88,1.1161290322580646,True,estimated,1.0,1.0,,0.05108306493110792,24.386634167886562
CPZ,False,0,15,1,88,1.881720430107527,True,estimated,1.0,1.0,,0.07326029653400298,48.33275245399257
CR1,False,0,15,2,88,1.1161290322580646,True,estimated,1.0,1.0,,0.05108306493110792,24.386634167886562
CREBBP,False,0,15,1,88,1.881720430107527,True,estimated,1.0,1.0,,0.07326029653400298,48.33275245399257
CRHR1,False,0,15,1,88,1.881720430107527,True,estimated,1.0,1.0,,0.07326029653400298,48.33275245399257
CRISP3,False,0,15,1,88,1.881720430107527,True,estimated,1.0,1.0,,0.07326029653400298,48.33275245399257
CRTC1,False,0,15,1,88,1.881720430107527,True,estimated,1.0,1.0,,0.07326029653400298,48.33275245399257
CRYBG1,False,0,15,2,88,1.1161290322580646,True,estimated,1.0,1.0,,0.05108306493110792,24.386634167886562
CRYBG2,False,0,15,1,88,1.881720430107527,True,estimated,1.0,1.0,,0.07326029653400298,48.33275245399257
CSAG1,False,0,15,1,88,1.881720430107527,True,estimated,1.0,1.0,,0.07326029653400298,48.33275245399257
CSF1R,False,0,15,1,88,1.881720430107527,True,estimated,1.0,1.0,,0.07326029653400298,48.33275245399257
CSGALNACT2,False,0,15,1,88,1.881720430107527,True,estimated,1.0,1.0,,0.07326029653400298,48.33275245399257
CSMD3,False,0,15,4,88,0.6057347670250897,True,estimated,1.0,1.0,,0.03102761179503423,11.825422156456852
CSPP1,False,0,15,1,88,1.881720430107527,True,estimated,1.0,1.0,,0.07326029653400298,48.33275245399257
CSRNP1,False,0,15,1,88,1.881720430107527,True,estimated,1.0,1.0,,0.07326029653400298,48.33275245399257
CSRNP2,False,0,15,1,88,1.881720430107527,True,estimated,1.0,1.0,,0.07326029653400298,48.33275245399257
CST11,False,0,15,1,88,1.881720430107527,True,estimated,1.0,1.0,,0.07326029653400298,48.33275245399257
CSTF2T,False,0,15,1,88,1.881720430107527,True,estimated,1.0,1.0,,0.07326029653400298,48.33275245399257
CTBP1,False,0,15,1,88,1.881720430107527,True,estimated,1.0,1.0,,0.07326029653400298,48.33275245399257
CTCF,False,0,15,1,88,1.881720430107527,True,estimated,1.0,1.0,,0.07326029653400298,48.33275245399257
CTCFL,False,0,15,1,88,1.881720430107527,True,estimated,1.0,1.0,,0.07326029653400298,48.33275245399257
CTDSP2,False,0,15,1,88,1.881720430107527,True,estimated,1.0,1.0,,0.07326029653400298,48.33275245399257
CTNNA1,False,0,15,2,88,1.1161290322580646,True,estimated,1.0,1.0,,0.05108306493110792,24.386634167886562
CTNNA2,False,0,15,1,88,1.881720430107527,True,estimated,1.0,1.0,,0.07326029653400298,48.33275245399257
CTNNA3,False,0,15,1,88,1.881720430107527,True,estimated,1.0,1.0,,0.07326029653400298,48.33275245399257
CTNND1,False,0,15,2,88,1.1161290322580646,True,estimated,1.0,1.0,,0.05108306493110792,24.386634167886562
CTNND2,False,0,15,2,88,1.1161290322580646,True,estimated,1.0,1.0,,0.05108306493110792,24.386634167886562
CTNS,False,0,15,1,88,1.881720430107527,True,estimated,1.0,1.0,,0.07326029653400298,48.33275245399257
CTSB,False,0,15,1,88,1.881720430107527,True,estimated,1.0,1.0,,0.07326029653400298,48.33275245399257
CTSE,False,0,15,1,88,1.881720430107527,True,estimated,1.0,1.0,,0.07326029653400298,48.33275245399257
CTSH,False,0,15,1,88,1.881720430107527,True,estimated,1.0,1.0,,0.07326029653400298,48.33275245399257
CUBN,False,0,15,1,88,1.881720430107527,True,estimated,1.0,1.0,,0.07326029653400298,48.33275245399257
CUL4B,False,0,15,1,88,1.881720430107527,True,estimated,1.0,1.0,,0.07326029653400298,48.33275245399257
CUL9,False,0,15,1,88,1.881720430107527,True,estimated,1.0,1.0,,0.07326029653400298,48.33275245399257
CWC25,False,0,15,1,88,1.881720430107527,True,estimated,1.0,1.0,,0.07326029653400298,48.33275245399257
CXCR6,False,0,15,1,88,1.881720430107527,True,estimated,1.0,1.0,,0.07326029653400298,48.33275245399257
CYB5R3,False,0,15,1,88,1.881720430107527,True,estimated,1.0,1.0,,0.07326029653400298,48.33275245399257
CYB5RL,False,0,15,1,88,1.881720430107527,True,estimated,1.0,1.0,,0.07326029653400298,48.33275245399257
CYFIP2,False,0,15,2,88,1.1161290322580646,True,estimated,1.0,1.0,,0.05108306493110792,24.386634167886562
CYP11B2,False,0,15,1,88,1.881720430107527,True,estimated,1.0,1.0,,0.07326029653400298,48.33275245399257
CYP1A2,False,0,15,1,88,1.881720430107527,True,estimated,1.0,1.0,,0.07326029653400298,48.33275245399257
CYP27C1,False,0,15,1,88,1.881720430107527,True,estimated,1.0,1.0,,0.07326029653400298,48.33275245399257
CYP2A13,False,0,15,2,88,1.1161290322580646,True,estimated,1.0,1.0,,0.05108306493110792,24.386634167886562
CYP3A7,False,0,15,1,88,1.881720430107527,True,estimated,1.0,1.0,,0.07326029653400298,48.33275245399257
CYP4A11,False,0,15,1,88,1.881720430107527,True,estimated,1.0,1.0,,0.07326029653400298,48.33275245399257
CYP4F12,False,0,15,1,88,1.881720430107527,True,estimated,1.0,1.0,,0.07326029653400298,48.33275245399257
CYP4F2,False,0,15,1,88,1.881720430107527,True,estimated,1.0,1.0,,0.07326029653400298,48.33275245399257
CYTH3,False,0,15,1,88,1.881720430107527,True,estimated,1.0,1.0,,0.07326029653400298,48.33275245399257
CZIB,False,0,15,1,88,1.881720430107527,True,estimated,1.0,1.0,,0.07326029653400298,48.33275245399257
DACT1,False,0,15,1,88,1.881720430107527,True,estimated,1.0,1.0,,0.07326029653400298,48.33275245399257
DAGLA,False,0,15,1,88,1.881720430107527,True,estimated,1.0,1.0,,0.07326029653400298,48.33275245399257
DAPK2,False,0,15,1,88,1.881720430107527,True,estimated,1.0,1.0,,0.07326029653400298,48.33275245399257
DAXX,False,0,15,1,88,1.881720430107527,True,estimated,1.0,1.0,,0.07326029653400298,48.33275245399257
DBH,False,0,15,1,88,1.881720430107527,True,estimated,1.0,1.0,,0.07326029653400298,48.33275245399257
DCAF11,False,0,15,1,88,1.881720430107527,True,estimated,1.0,1.0,,0.07326029653400298,48.33275245399257
DCAF8L1,False,0,15,1,88,1.881720430107527,True,estimated,1.0,1.0,,0.07326029653400298,48.33275245399257
DCDC2,False,0,15,1,88,1.881720430107527,True,estimated,1.0,1.0,,0.07326029653400298,48.33275245399257
DCLRE1B,False,0,15,1,88,1.881720430107527,True,estimated,1.0,1.0,,0.07326029653400298,48.33275245399257
DDB1,False,0,15,1,88,1.881720430107527,True,estimated,1.0,1.0,,0.07326029653400298,48.33275245399257
DDO,False,0,15,1,88,1.881720430107527,True,estimated,1.0,1.0,,0.07326029653400298,48.33275245399257
DDX1,False,0,15,1,88,1.881720430107527,True,estimated,1.0,1.0,,0.07326029653400298,48.33275245399257
DDX11,False,0,15,1,88,1.881720430107527,True,estimated,1.0,1.0,,0.07326029653400298,48.33275245399257
DDX21,False,0,15,1,88,1.881720430107527,True,estimated,1.0,1.0,,0.07326029653400298,48.33275245399257
DDX39B,False,0,15,1,88,1.881720430107527,True,estimated,1.0,1.0,,0.07326029653400298,48.33275245399257
DDX3X,False,0,15,2,88,1.1161290322580646,True,estimated,1.0,1.0,,0.05108306493110792,24.386634167886562
DDX46,False,0,15,1,88,1.881720430107527,True,estimated,1.0,1.0,,0.07326029653400298,48.33275245399257
DDX5,False,0,15,2,88,1.1161290322580646,True,estimated,1.0,1.0,,0.05108306493110792,24.386634167886562
DDX50,False,0,15,2,88,1.1161290322580646,True,estimated,1.0,1.0,,0.05108306493110792,24.386634167886562
DDX55,False,0,15,1,88,1.881720430107527,True,estimated,1.0,1.0,,0.07326029653400298,48.33275245399257
DDX58,False,0,15,1,88,1.881720430107527,True,estimated,1.0,1.0,,0.07326029653400298,48.33275245399257
DDX60,False,0,15,1,88,1.881720430107527,True,estimated,1.0,1.0,,0.07326029653400298,48.33275245399257
DEDD,False,0,15,1,88,1.881720430107527,True,estimated,1.0,1.0,,0.07326029653400298,48.33275245399257
DEFB108B,False,0,15,1,88,1.881720430107527,True,estimated,1.0,1.0,,0.07326029653400298,48.33275245399257
DEGS1,False,0,15,1,88,1.881720430107527,True,estimated,1.0,1.0,,0.07326029653400298,48.33275245399257
DENND11,False,0,15,1,88,1.881720430107527,True,estimated,1.0,1.0,,0.07326029653400298,48.33275245399257
DENND2C,False,0,15,2,88,1.1161290322580646,True,estimated,1.0,1.0,,0.05108306493110792,24.386634167886562
DENND4A,False,0,15,1,88,1.881720430107527,True,estimated,1.0,1.0,,0.07326029653400298,48.33275245399257
DENND4B,False,0,15,1,88,1.881720430107527,True,estimated,1.0,1.0,,0.07326029653400298,48.33275245399257
DENND5A,False,0,15,1,88,1.881720430107527,True,estimated,1.0,1.0,,0.07326029653400298,48.33275245399257
DEPDC5,False,0,15,2,88,1.1161290322580646,True,estimated,1.0,1.0,,0.05108306493110792,24.386634167886562
DERL2,False,0,15,1,88,1.881720430107527,True,estimated,1.0,1.0,,0.07326029653400298,48.33275245399257
DGKB,False,0,15,1,88,1.881720430107527,True,estimated,1.0,1.0,,0.07326029653400298,48.33275245399257
DGKG,False,0,15,1,88,1.881720430107527,True,estimated,1.0,1.0,,0.07326029653400298,48.33275245399257
DGKQ,False,0,15,1,88,1.881720430107527,True,estimated,1.0,1.0,,0.07326029653400298,48.33275245399257
DGKZ,False,0,15,1,88,1.881720430107527,True,estimated,1.0,1.0,,0.07326029653400298,48.33275245399257
DGLUCY,False,0,15,1,88,1.881720430107527,True,estimated,1.0,1.0,,0.07326029653400298,48.33275245399257
DHCR7,False,0,15,1,88,1.881720430107527,True,estimated,1.0,1.0,,0.07326029653400298,48.33275245399257
DHRS7B,False,0,15,1,88,1.881720430107527,True,estimated,1.0,1.0,,0.07326029653400298,48.33275245399257
DHRS7C,False,0,15,1,88,1.881720430107527,True,estimated,1.0,1.0,,0.07326029653400298,48.33275245399257
DHX15,False,0,15,1,88,1.881720430107527,True,estimated,1.0,1.0,,0.07326029653400298,48.33275245399257
DHX29,False,0,15,1,88,1.881720430107527,True,estimated,1.0,1.0,,0.07326029653400298,48.33275245399257
DHX34,False,0,15,1,88,1.881720430107527,True,estimated,1.0,1.0,,0.07326029653400298,48.33275245399257
DHX35,False,0,15,2,88,1.1161290322580646,True,estimated,1.0,1.0,,0.05108306493110792,24.386634167886562
DHX36,False,0,15,1,88,1.881720430107527,True,estimated,1.0,1.0,,0.07326029653400298,48.33275245399257
DHX57,False,0,15,1,88,1.881720430107527,True,estimated,1.0,1.0,,0.07326029653400298,48.33275245399257
DHX9,False,0,15,2,88,1.1161290322580646,True,estimated,1.0,1.0,,0.05108306493110792,24.386634167886562
DIP2B,False,0,15,1,88,1.881720430107527,True,estimated,1.0,1.0,,0.07326029653400298,48.33275245399257
DIP2C,False,0,15,3,88,0.7880184331797235,True,estimated,1.0,1.0,,0.03875592896792058,16.02265943734762
DIPK2B,False,0,15,1,88,1.881720430107527,True,estimated,1.0,1.0,,0.07326029653400298,48.33275245399257
DIS3,False,0,15,1,88,1.881720430107527,True,estimated,1.0,1.0,,0.07326029653400298,48.33275245399257
DISC1,False,0,15,1,88,1.881720430107527,True,estimated,1.0,1.0,,0.07326029653400298,48.33275245399257
DISP1,False,0,15,1,88,1.881720430107527,True,estimated,1.0,1.0,,0.07326029653400298,48.33275245399257
DKK1,False,0,15,1,88,1.881720430107527,True,estimated,1.0,1.0,,0.07326029653400298,48.33275245399257
DLC1,False,0,15,1,88,1.881720430107527,True,estimated,1.0,1.0,,0.07326029653400298,48.33275245399257
DLG2,False,0,15,1,88,1.881720430107527,True,estimated,1.0,1.0,,0.07326029653400298,48.33275245399257
DLG5,False,0,15,1,88,1.881720430107527,True,estimated,1.0,1.0,,0.07326029653400298,48.33275245399257
DLL4,False,0,15,1,88,1.881720430107527,True,estimated,1.0,1.0,,0.07326029653400298,48.33275245399257
DMKN,False,0,15,2,88,1.1161290322580646,True,estimated,1.0,1.0,,0.05108306493110792,24.386634167886562
DMRT2,False,0,15,1,88,1.881720430107527,True,estimated,1.0,1.0,,0.07326029653400298,48.33275245399257
DMRT3,False,0,15,1,88,1.881720430107527,True,estimated,1.0,1.0,,0.07326029653400298,48.33275245399257
DNA2,False,0,15,1,88,1.881720430107527,True,estimated,1.0,1.0,,0.07326029653400298,48.33275245399257
DNAAF1,False,0,15,1,88,1.881720430107527,True,estimated,1.0,1.0,,0.07326029653400298,48.33275245399257
DNAH1,False,0,15,2,88,1.1161290322580646,True,estimated,1.0,1.0,,0.05108306493110792,24.386634167886562
DNAH5,False,0,15,1,88,1.881720430107527,True,estimated,1.0,1.0,,0.07326029653400298,48.33275245399257
DNAH6,False,0,15,1,88,1.881720430107527,True,estimated,1.0,1.0,,0.07326029653400298,48.33275245399257
DNAH7,False,0,15,1,88,1.881720430107527,True,estimated,1.0,1.0,,0.07326029653400298,48.33275245399257
DNAH8,False,0,15,3,88,0.7880184331797235,True,estimated,1.0,1.0,,0.03875592896792058,16.02265943734762
DNAI4,False,0,15,1,88,1.881720430107527,True,estimated,1.0,1.0,,0.07326029653400298,48.33275245399257
DNAJB11,False,0,15,1,88,1.881720430107527,True,estimated,1.0,1.0,,0.07326029653400298,48.33275245399257
DNAJB5,False,0,15,1,88,1.881720430107527,True,estimated,1.0,1.0,,0.07326029653400298,48.33275245399257
DNAJC10,False,0,15,1,88,1.881720430107527,True,estimated,1.0,1.0,,0.07326029653400298,48.33275245399257
DNAJC16,False,0,15,1,88,1.881720430107527,True,estimated,1.0,1.0,,0.07326029653400298,48.33275245399257
DNAJC21,False,0,15,1,88,1.881720430107527,True,estimated,1.0,1.0,,0.07326029653400298,48.33275245399257
DNAJC3,False,0,15,1,88,1.881720430107527,True,estimated,1.0,1.0,,0.07326029653400298,48.33275245399257
DNMT3B,False,0,15,1,88,1.881720430107527,True,estimated,1.0,1.0,,0.07326029653400298,48.33275245399257
DNTT,False,0,15,1,88,1.881720430107527,True,estimated,1.0,1.0,,0.07326029653400298,48.33275245399257
DOCK10,False,0,15,3,88,0.7880184331797235,True,estimated,1.0,1.0,,0.03875592896792058,16.02265943734762
DOCK2,False,0,15,1,88,1.881720430107527,True,estimated,1.0,1.0,,0.07326029653400298,48.33275245399257
DOCK6,False,0,15,1,88,1.881720430107527,True,estimated,1.0,1.0,,0.07326029653400298,48.33275245399257
DOCK8,False,0,15,1,88,1.881720430107527,True,estimated,1.0,1.0,,0.07326029653400298,48.33275245399257
DOCK9,False,0,15,1,88,1.881720430107527,True,estimated,1.0,1.0,,0.07326029653400298,48.33275245399257
DOLPP1,False,0,15,1,88,1.881720430107527,True,estimated,1.0,1.0,,0.07326029653400298,48.33275245399257
DOP1A,False,0,15,1,88,1.881720430107527,True,estimated,1.0,1.0,,0.07326029653400298,48.33275245399257
DOT1L,False,0,15,1,88,1.881720430107527,True,estimated,1.0,1.0,,0.07326029653400298,48.33275245399257
DPEP1,False,0,15,1,88,1.881720430107527,True,estimated,1.0,1.0,,0.07326029653400298,48.33275245399257
DPEP3,False,0,15,1,88,1.881720430107527,True,estimated,1.0,1.0,,0.07326029653400298,48.33275245399257
DPP10,False,0,15,2,88,1.1161290322580646,True,estimated,1.0,1.0,,0.05108306493110792,24.386634167886562
DPP6,False,0,15,1,88,1.881720430107527,True,estimated,1.0,1.0,,0.07326029653400298,48.33275245399257
DPPA3,False,0,15,1,88,1.881720430107527,True,estimated,1.0,1.0,,0.07326029653400298,48.33275245399257
DPY19L1,False,0,15,1,88,1.881720430107527,True,estimated,1.0,1.0,,0.07326029653400298,48.33275245399257
DPYS,False,0,15,1,88,1.881720430107527,True,estimated,1.0,1.0,,0.07326029653400298,48.33275245399257
DRD1,False,0,15,1,88,1.881720430107527,True,estimated,1.0,1.0,,0.07326029653400298,48.33275245399257
DRD5,False,0,15,1,88,1.881720430107527,True,estimated,1.0,1.0,,0.07326029653400298,48.33275245399257
DROSHA,False,0,15,1,88,1.881720430107527,True,estimated,1.0,1.0,,0.07326029653400298,48.33275245399257
DSC3,False,0,15,1,88,1.881720430107527,True,estimated,1.0,1.0,,0.07326029653400298,48.33275245399257
DSCAM,False,0,15,2,88,1.1161290322580646,True,estimated,1.0,1.0,,0.05108306493110792,24.386634167886562
DSCAML1,False,0,15,1,88,1.881720430107527,True,estimated,1.0,1.0,,0.07326029653400298,48.33275245399257
DSE,False,0,15,1,88,1.881720430107527,True,estimated,1.0,1.0,,0.07326029653400298,48.33275245399257
DUOX1,False,0,15,1,88,1.881720430107527,True,estimated,1.0,1.0,,0.07326029653400298,48.33275245399257
DUSP12,False,0,15,1,88,1.881720430107527,True,estimated,1.0,1.0,,0.07326029653400298,48.33275245399257
DUSP26,False,0,15,1,88,1.881720430107527,True,estimated,1.0,1.0,,0.07326029653400298,48.33275245399257
DUSP5,False,0,15,1,88,1.881720430107527,True,estimated,1.0,1.0,,0.07326029653400298,48.33275245399257
DYNC2H1,False,0,15,2,88,1.1161290322580646,True,estimated,1.0,1.0,,0.05108306493110792,24.386634167886562
DYNC2I1,False,0,15,1,88,1.881720430107527,True,estimated,1.0,1.0,,0.07326029653400298,48.33275245399257
DYSF,False,0,15,1,88,1.881720430107527,True,estimated,1.0,1.0,,0.07326029653400298,48.33275245399257
DZIP1L,False,0,15,1,88,1.881720430107527,True,estimated,1.0,1.0,,0.07326029653400298,48.33275245399257
ECSIT,False,0,15,1,88,1.881720430107527,True,estimated,1.0,1.0,,0.07326029653400298,48.33275245399257
ECT2,False,0,15,1,88,1.881720430107527,True,estimated,1.0,1.0,,0.07326029653400298,48.33275245399257
EDIL3,False,0,15,1,88,1.881720430107527,True,estimated,1.0,1.0,,0.07326029653400298,48.33275245399257
EDNRB,False,0,15,1,88,1.881720430107527,True,estimated,1.0,1.0,,0.07326029653400298,48.33275245399257
EEA1,False,0,15,2,88,1.1161290322580646,True,estimated,1.0,1.0,,0.05108306493110792,24.386634167886562
EEF1A2,False,0,15,1,88,1.881720430107527,True,estimated,1.0,1.0,,0.07326029653400298,48.33275245399257
EEF1AKNMT,False,0,15,1,88,1.881720430107527,True,estimated,1.0,1.0,,0.07326029653400298,48.33275245399257
EEFSEC,False,0,15,1,88,1.881720430107527,True,estimated,1.0,1.0,,0.07326029653400298,48.33275245399257
EFCAB13,False,0,15,1,88,1.881720430107527,True,estimated,1.0,1.0,,0.07326029653400298,48.33275245399257
EFCC1,False,0,15,1,88,1.881720430107527,True,estimated,1.0,1.0,,0.07326029653400298,48.33275245399257
EFHC2,False,0,15,1,88,1.881720430107527,True,estimated,1.0,1.0,,0.07326029653400298,48.33275245399257
EFNB1,False,0,15,1,88,1.881720430107527,True,estimated,1.0,1.0,,0.07326029653400298,48.33275245399257
EGR1,False,0,15,1,88,1.881720430107527,True,estimated,1.0,1.0,,0.07326029653400298,48.33275245399257
EHBP1L1,False,0,15,1,88,1.881720430107527,True,estimated,1.0,1.0,,0.07326029653400298,48.33275245399257
EIF2AK1,False,0,15,1,88,1.881720430107527,True,estimated,1.0,1.0,,0.07326029653400298,48.33275245399257
EIF2AK4,False,0,15,1,88,1.881720430107527,True,estimated,1.0,1.0,,0.07326029653400298,48.33275245399257
EIF2B2,False,0,15,1,88,1.881720430107527,True,estimated,1.0,1.0,,0.07326029653400298,48.33275245399257
EIF2B5,False,0,15,1,88,1.881720430107527,True,estimated,1.0,1.0,,0.07326029653400298,48.33275245399257
EIF2S2,False,0,15,1,88,1.881720430107527,True,estimated,1.0,1.0,,0.07326029653400298,48.33275245399257
EIF4A2,False,0,15,1,88,1.881720430107527,True,estimated,1.0,1.0,,0.07326029653400298,48.33275245399257
EIF4A3,False,0,15,1,88,1.881720430107527,True,estimated,1.0,1.0,,0.07326029653400298,48.33275245399257
EIF4G3,False,0,15,1,88,1.881720430107527,True,estimated,1.0,1.0,,0.07326029653400298,48.33275245399257
EIF5AL1,False,0,15,1,88,1.881720430107527,True,estimated,1.0,1.0,,0.07326029653400298,48.33275245399257
ELF1,False,0,15,1,88,1.881720430107527,True,estimated,1.0,1.0,,0.07326029653400298,48.33275245399257
ELF2,False,0,15,1,88,1.881720430107527,True,estimated,1.0,1.0,,0.07326029653400298,48.33275245399257
ELK3,False,0,15,1,88,1.881720430107527,True,estimated,1.0,1.0,,0.07326029653400298,48.33275245399257
ELOC,True,0,15,1,88,1.881720430107527,True,estimated,1.0,1.0,1.0,0.07326029653400298,48.33275245399257
ELP1,False,0,15,1,88,1.881720430107527,True,estimated,1.0,1.0,,0.07326029653400298,48.33275245399257
EMC9,False,0,15,1,88,1.881720430107527,True,estimated,1.0,1.0,,0.07326029653400298,48.33275245399257
EME2,False,0,15,1,88,1.881720430107527,True,estimated,1.0,1.0,,0.07326029653400298,48.33275245399257
EMILIN1,False,0,15,1,88,1.881720430107527,True,estimated,1.0,1.0,,0.07326029653400298,48.33275245399257
EMILIN2,False,0,15,1,88,1.881720430107527,True,estimated,1.0,1.0,,0.07326029653400298,48.33275245399257
EML1,False,0,15,1,88,1.881720430107527,True,estimated,1.0,1.0,,0.07326029653400298,48.33275245399257
EMSY,False,0,15,1,88,1.881720430107527,True,estimated,1.0,1.0,,0.07326029653400298,48.33275245399257
ENC1,False,0,15,1,88,1.881720430107527,True,estimated,1.0,1.0,,0.07326029653400298,48.33275245399257
ENKD1,False,0,15,1,88,1.881720430107527,True,estimated,1.0,1.0,,0.07326029653400298,48.33275245399257
ENPP2,False,0,15,1,88,1.881720430107527,True,estimated,1.0,1.0,,0.07326029653400298,48.33275245399257
ENPP7,False,0,15,1,88,1.881720430107527,True,estimated,1.0,1.0,,0.07326029653400298,48.33275245399257
ENTHD1,False,0,15,2,88,1.1161290322580646,True,estimated,1.0,1.0,,0.05108306493110792,24.386634167886562
EP300,False,0,15,4,88,0.6057347670250897,True,estimated,1.0,1.0,,0.03102761179503423,11.825422156456852
EP400,False,0,15,1,88,1.881720430107527,True,estimated,1.0,1.0,,0.07326029653400298,48.33275245399257
EPAS1,False,0,15,1,88,1.881720430107527,True,estimated,1.0,1.0,,0.07326029653400298,48.33275245399257
EPHA5,False,0,15,3,88,0.7880184331797235,True,estimated,1.0,1.0,,0.03875592896792058,16.02265943734762
EPHA8,False,0,15,1,88,1.881720430107527,True,estimated,1.0,1.0,,0.07326029653400298,48.33275245399257
EPN1,False,0,15,1,88,1.881720430107527,True,estimated,1.0,1.0,,0.07326029653400298,48.33275245399257
EPN2,False,0,15,1,88,1.881720430107527,True,estimated,1.0,1.0,,0.07326029653400298,48.33275245399257
EPS15L1,False,0,15,1,88,1.881720430107527,True,estimated,1.0,1.0,,0.07326029653400298,48.33275245399257
ERBB2,False,0,15,1,88,1.881720430107527,True,estimated,1.0,1.0,,0.07326029653400298,48.33275245399257
ERBB3,False,0,15,1,88,1.881720430107527,True,estimated,1.0,1.0,,0.07326029653400298,48.33275245399257
ERBB4,False,0,15,1,88,1.881720430107527,True,estimated,1.0,1.0,,0.07326029653400298,48.33275245399257
ERCC1,False,0,15,1,88,1.881720430107527,True,estimated,1.0,1.0,,0.07326029653400298,48.33275245399257
ERMARD,False,0,15,1,88,1.881720430107527,True,estimated,1.0,1.0,,0.07326029653400298,48.33275245399257
ERP27,False,0,15,1,88,1.881720430107527,True,estimated,1.0,1.0,,0.07326029653400298,48.33275245399257
ESPL1,False,0,15,1,88,1.881720430107527,True,estimated,1.0,1.0,,0.07326029653400298,48.33275245399257
ESR2,False,0,15,1,88,1.881720430107527,True,estimated,1.0,1.0,,0.07326029653400298,48.33275245399257
ETFB,False,0,15,1,88,1.881720430107527,True,estimated,1.0,1.0,,0.07326029653400298,48.33275245399257
ETFDH,False,0,15,1,88,1.881720430107527,True,estimated,1.0,1.0,,0.07326029653400298,48.33275245399257
ETV1,False,0,15,1,88,1.881720430107527,True,estimated,1.0,1.0,,0.07326029653400298,48.33275245399257
EVI2B,False,0,15,1,88,1.881720430107527,True,estimated,1.0,1.0,,0.07326029653400298,48.33275245399257
EVX1,False,0,15,1,88,1.881720430107527,True,estimated,1.0,1.0,,0.07326029653400298,48.33275245399257
EXOC4,False,0,15,1,88,1.881720430107527,True,estimated,1.0,1.0,,0.07326029653400298,48.33275245399257
EXOC6B,False,0,15,1,88,1.881720430107527,True,estimated,1.0,1.0,,0.07326029653400298,48.33275245399257
EYS,False,0,15,2,88,1.1161290322580646,True,estimated,1.0,1.0,,0.05108306493110792,24.386634167886562
EZHIP,False,0,15,1,88,1.881720430107527,True,estimated,1.0,1.0,,0.07326029653400298,48.33275245399257
F13A1,False,0,15,1,88,1.881720430107527,True,estimated,1.0,1.0,,0.07326029653400298,48.33275245399257
FABP1,False,0,15,1,88,1.881720430107527,True,estimated,1.0,1.0,,0.07326029653400298,48.33275245399257
FADS2,False,0,15,1,88,1.881720430107527,True,estimated,1.0,1.0,,0.07326029653400298,48.33275245399257
FADS6,False,0,15,1,88,1.881720430107527,True,estimated,1.0,1.0,,0.07326029653400298,48.33275245399257
FAM104A,False,0,15,1,88,1.881720430107527,True,estimated,1.0,1.0,,0.07326029653400298,48.33275245399257
FAM107B,False,0,15,1,88,1.881720430107527,True,estimated,1.0,1.0,,0.07326029653400298,48.33275245399257
FAM110C,False,0,15,1,88,1.881720430107527,True,estimated,1.0,1.0,,0.07326029653400298,48.33275245399257
FAM126A,False,0,15,1,88,1.881720430107527,True,estimated,1.0,1.0,,0.07326029653400298,48.33275245399257
FAM135A,False,0,15,1,88,1.881720430107527,True,estimated,1.0,1.0,,0.07326029653400298,48.33275245399257
FAM153A,False,0,15,1,88,1.881720430107527,True,estimated,1.0,1.0,,0.07326029653400298,48.33275245399257
FAM162B,False,0,15,1,88,1.881720430107527,True,estimated,1.0,1.0,,0.07326029653400298,48.33275245399257
FAM171A1,False,0,15,1,88,1.881720430107527,True,estimated,1.0,1.0,,0.07326029653400298,48.33275245399257
FAM180A,False,0,15,1,88,1.881720430107527,True,estimated,1.0,1.0,,0.07326029653400298,48.33275245399257
FAM193A,False,0,15,1,88,1.881720430107527,True,estimated,1.0,1.0,,0.07326029653400298,48.33275245399257
FAM20B,False,0,15,1,88,1.881720430107527,True,estimated,1.0,1.0,,0.07326029653400298,48.33275245399257
FAM214A,False,0,15,1,88,1.881720430107527,True,estimated,1.0,1.0,,0.07326029653400298,48.33275245399257
FAM219A,False,0,15,1,88,1.881720430107527,True,estimated,1.0,1.0,,0.07326029653400298,48.33275245399257
FAM221A,False,0,15,1,88,1.881720430107527,True,estimated,1.0,1.0,,0.07326029653400298,48.33275245399257
FAM222A,False,0,15,1,88,1.881720430107527,True,estimated,1.0,1.0,,0.07326029653400298,48.33275245399257
FAM222B,False,0,15,1,88,1.881720430107527,True,estimated,1.0,1.0,,0.07326029653400298,48.33275245399257
FAM227B,False,0,15,1,88,1.881720430107527,True,estimated,1.0,1.0,,0.07326029653400298,48.33275245399257
FAM83B,False,0,15,1,88,1.881720430107527,True,estimated,1.0,1.0,,0.07326029653400298,48.33275245399257
FAM83C,False,0,15,1,88,1.881720430107527,True,estimated,1.0,1.0,,0.07326029653400298,48.33275245399257
FAM83D,False,0,15,1,88,1.881720430107527,True,estimated,1.0,1.0,,0.07326029653400298,48.33275245399257
FAM83G,False,0,15,1,88,1.881720430107527,True,estimated,1.0,1.0,,0.07326029653400298,48.33275245399257
FAM86B1,False,0,15,1,88,1.881720430107527,True,estimated,1.0,1.0,,0.07326029653400298,48.33275245399257
FAM8A1,False,0,15,1,88,1.881720430107527,True,estimated,1.0,1.0,,0.07326029653400298,48.33275245399257
FAM91A1,False,0,15,1,88,1.881720430107527,True,estimated,1.0,1.0,,0.07326029653400298,48.33275245399257
FANCB,False,0,15,1,88,1.881720430107527,True,estimated,1.0,1.0,,0.07326029653400298,48.33275245399257
FANCG,False,0,15,1,88,1.881720430107527,True,estimated,1.0,1.0,,0.07326029653400298,48.33275245399257
FANCM,False,0,15,1,88,1.881720430107527,True,estimated,1.0,1.0,,0.07326029653400298,48.33275245399257
FARP1,False,0,15,1,88,1.881720430107527,True,estimated,1.0,1.0,,0.07326029653400298,48.33275245399257
FARP2,False,0,15,1,88,1.881720430107527,True,estimated,1.0,1.0,,0.07326029653400298,48.33275245399257
FASN,False,0,15,2,88,1.1161290322580646,True,estimated,1.0,1.0,,0.05108306493110792,24.386634167886562
FAT1,False,0,15,3,88,0.7880184331797235,True,estimated,1.0,1.0,,0.03875592896792058,16.02265943734762
FAT2,False,0,15,1,88,1.881720430107527,True,estimated,1.0,1.0,,0.07326029653400298,48.33275245399257
FAT4,False,0,15,4,88,0.6057347670250897,True,estimated,1.0,1.0,,0.03102761179503423,11.825422156456852
FAXDC2,False,0,15,1,88,1.881720430107527,True,estimated,1.0,1.0,,0.07326029653400298,48.33275245399257
FBH1,False,0,15,2,88,1.1161290322580646,True,estimated,1.0,1.0,,0.05108306493110792,24.386634167886562
FBLN1,False,0,15,1,88,1.881720430107527,True,estimated,1.0,1.0,,0.07326029653400298,48.33275245399257
FBLN2,False,0,15,1,88,1.881720430107527,True,estimated,1.0,1.0,,0.07326029653400298,48.33275245399257
FBN2,False,0,15,3,88,0.7880184331797235,True,estimated,1.0,1.0,,0.03875592896792058,16.02265943734762
FBN3,False,0,15,1,88,1.881720430107527,True,estimated,1.0,1.0,,0.07326029653400298,48.33275245399257
FBXL13,False,0,15,1,88,1.881720430107527,True,estimated,1.0,1.0,,0.07326029653400298,48.33275245399257
FBXL19,False,0,15,1,88,1.881720430107527,True,estimated,1.0,1.0,,0.07326029653400298,48.33275245399257
FBXL3,False,0,15,1,88,1.881720430107527,True,estimated,1.0,1.0,,0.07326029653400298,48.33275245399257
FBXO28,False,0,15,1,88,1.881720430107527,True,estimated,1.0,1.0,,0.07326029653400298,48.33275245399257
FBXO34,False,0,15,1,88,1.881720430107527,True,estimated,1.0,1.0,,0.07326029653400298,48.33275245399257
FBXO39,False,0,15,1,88,1.881720430107527,True,estimated,1.0,1.0,,0.07326029653400298,48.33275245399257
FBXO40,False,0,15,1,88,1.881720430107527,True,estimated,1.0,1.0,,0.07326029653400298,48.33275245399257
FCN1,False,0,15,1,88,1.881720430107527,True,estimated,1.0,1.0,,0.07326029653400298,48.33275245399257
FCN3,False,0,15,1,88,1.881720430107527,True,estimated,1.0,1.0,,0.07326029653400298,48.33275245399257
FCRL4,False,0,15,1,88,1.881720430107527,True,estimated,1.0,1.0,,0.07326029653400298,48.33275245399257
FCRL5,False,0,15,1,88,1.881720430107527,True,estimated,1.0,1.0,,0.07326029653400298,48.33275245399257
FECH,False,0,15,1,88,1.881720430107527,True,estimated,1.0,1.0,,0.07326029653400298,48.33275245399257
FEM1B,False,0,15,1,88,1.881720430107527,True,estimated,1.0,1.0,,0.07326029653400298,48.33275245399257
FES,False,0,15,1,88,1.881720430107527,True,estimated,1.0,1.0,,0.07326029653400298,48.33275245399257
FGD5,False,0,15,1,88,1.881720430107527,True,estimated,1.0,1.0,,0.07326029653400298,48.33275245399257
FGD6,False,0,15,1,88,1.881720430107527,True,estimated,1.0,1.0,,0.07326029653400298,48.33275245399257
FGF9,False,0,15,1,88,1.881720430107527,True,estimated,1.0,1.0,,0.07326029653400298,48.33275245399257
FGGY,False,0,15,1,88,1.881720430107527,True,estimated,1.0,1.0,,0.07326029653400298,48.33275245399257
FHL2,False,0,15,1,88,1.881720430107527,True,estimated,1.0,1.0,,0.07326029653400298,48.33275245399257
FHL5,False,0,15,1,88,1.881720430107527,True,estimated,1.0,1.0,,0.07326029653400298,48.33275245399257
FHOD1,False,0,15,2,88,1.1161290322580646,True,estimated,1.0,1.0,,0.05108306493110792,24.386634167886562
FHOD3,False,0,15,1,88,1.881720430107527,True,estimated,1.0,1.0,,0.07326029653400298,48.33275245399257
FIGN,False,0,15,1,88,1.881720430107527,True,estimated,1.0,1.0,,0.07326029653400298,48.33275245399257
FILIP1,False,0,15,1,88,1.881720430107527,True,estimated,1.0,1.0,,0.07326029653400298,48.33275245399257
FIP1L1,False,0,15,1,88,1.881720430107527,True,estimated,1.0,1.0,,0.07326029653400298,48.33275245399257
FKBPL,False,0,15,1,88,1.881720430107527,True,estimated,1.0,1.0,,0.07326029653400298,48.33275245399257
FLACC1,False,0,15,1,88,1.881720430107527,True,estimated,1.0,1.0,,0.07326029653400298,48.33275245399257
FLG2,False,0,15,1,88,1.881720430107527,True,estimated,1.0,1.0,,0.07326029653400298,48.33275245399257
FLNA,False,0,15,1,88,1.881720430107527,True,estimated,1.0,1.0,,0.07326029653400298,48.33275245399257
FLNB,False,0,15,1,88,1.881720430107527,True,estimated,1.0,1.0,,0.07326029653400298,48.33275245399257
FLNC,False,0,15,1,88,1.881720430107527,True,estimated,1.0,1.0,,0.07326029653400298,48.33275245399257
FLT4,False,0,15,2,88,1.1161290322580646,True,estimated,1.0,1.0,,0.05108306493110792,24.386634167886562
FMO2,False,0,15,1,88,1.881720430107527,True,estimated,1.0,1.0,,0.07326029653400298,48.33275245399257
FMOD,False,0,15,1,88,1.881720430107527,True,estimated,1.0,1.0,,0.07326029653400298,48.33275245399257
FNDC3A,False,0,15,1,88,1.881720430107527,True,estimated,1.0,1.0,,0.07326029653400298,48.33275245399257
FNIP1,False,0,15,1,88,1.881720430107527,True,estimated,1.0,1.0,,0.07326029653400298,48.33275245399257
FOLH1,False,0,15,1,88,1.881720430107527,True,estimated,1.0,1.0,,0.07326029653400298,48.33275245399257
FOXA2,False,0,15,1,88,1.881720430107527,True,estimated,1.0,1.0,,0.07326029653400298,48.33275245399257
FOXD4L1,False,0,15,1,88,1.881720430107527,True,estimated,1.0,1.0,,0.07326029653400298,48.33275245399257
FOXD4L4,False,0,15,1,88,1.881720430107527,True,estimated,1.0,1.0,,0.07326029653400298,48.33275245399257
FOXI1,False,0,15,1,88,1.881720430107527,True,estimated,1.0,1.0,,0.07326029653400298,48.33275245399257
FOXRED1,False,0,15,1,88,1.881720430107527,True,estimated,1.0,1.0,,0.07326029653400298,48.33275245399257
FRAS1,False,0,15,2,88,1.1161290322580646,True,estimated,1.0,1.0,,0.05108306493110792,24.386634167886562
FREM1,False,0,15,2,88,1.1161290322580646,True,estimated,1.0,1.0,,0.05108306493110792,24.386634167886562
FREM2,False,0,15,2,88,1.1161290322580646,True,estimated,1.0,1.0,,0.05108306493110792,24.386634167886562
FRMD7,False,0,15,1,88,1.881720430107527,True,estimated,1.0,1.0,,0.07326029653400298,48.33275245399257
FRMPD4,False,0,15,1,88,1.881720430107527,True,estimated,1.0,1.0,,0.07326029653400298,48.33275245399257
FRY,False,0,15,2,88,1.1161290322580646,True,estimated,1.0,1.0,,0.05108306493110792,24.386634167886562
FRYL,False,0,15,1,88,1.881720430107527,True,estimated,1.0,1.0,,0.07326029653400298,48.33275245399257
FRZB,False,0,15,1,88,1.881720430107527,True,estimated,1.0,1.0,,0.07326029653400298,48.33275245399257
FSCN1,False,0,15,1,88,1.881720430107527,True,estimated,1.0,1.0,,0.07326029653400298,48.33275245399257
FTO,False,0,15,1,88,1.881720430107527,True,estimated,1.0,1.0,,0.07326029653400298,48.33275245399257
FUS,False,0,15,1,88,1.881720430107527,True,estimated,1.0,1.0,,0.07326029653400298,48.33275245399257
FUT11,False,0,15,1,88,1.881720430107527,True,estimated,1.0,1.0,,0.07326029653400298,48.33275245399257
FXYD1,False,0,15,1,88,1.881720430107527,True,estimated,1.0,1.0,,0.07326029653400298,48.33275245399257
FXYD5,False,0,15,1,88,1.881720430107527,True,estimated,1.0,1.0,,0.07326029653400298,48.33275245399257
FZD1,False,0,15,1,88,1.881720430107527,True,estimated,1.0,1.0,,0.07326029653400298,48.33275245399257
G3BP1,False,0,15,1,88,1.881720430107527,True,estimated,1.0,1.0,,0.07326029653400298,48.33275245399257
G3BP2,False,0,15,1,88,1.881720430107527,True,estimated,1.0,1.0,,0.07326029653400298,48.33275245399257
GAA,False,0,15,1,88,1.881720430107527,True,estimated,1.0,1.0,,0.07326029653400298,48.33275245399257
GAB2,False,0,15,1,88,1.881720430107527,True,estimated,1.0,1.0,,0.07326029653400298,48.33275245399257
GABPB1,False,0,15,2,88,1.1161290322580646,True,estimated,1.0,1.0,,0.05108306493110792,24.386634167886562
GABRA5,False,0,15,1,88,1.881720430107527,True,estimated,1.0,1.0,,0.07326029653400298,48.33275245399257
GABRG2,False,0,15,1,88,1.881720430107527,True,estimated,1.0,1.0,,0.07326029653400298,48.33275245399257
GABRR1,False,0,15,1,88,1.881720430107527,True,estimated,1.0,1.0,,0.07326029653400298,48.33275245399257
GAGE12J,False,0,15,1,88,1.881720430107527,True,estimated,1.0,1.0,,0.07326029653400298,48.33275245399257
GALM,False,0,15,1,88,1.881720430107527,True,estimated,1.0,1.0,,0.07326029653400298,48.33275245399257
GALNT17,False,0,15,2,88,1.1161290322580646,True,estimated,1.0,1.0,,0.05108306493110792,24.386634167886562
GALNT5,False,0,15,2,88,1.1161290322580646,True,estimated,1.0,1.0,,0.05108306493110792,24.386634167886562
GALNT6,False,0,15,1,88,1.881720430107527,True,estimated,1.0,1.0,,0.07326029653400298,48.33275245399257
GAN,False,0,15,1,88,1.881720430107527,True,estimated,1.0,1.0,,0.07326029653400298,48.33275245399257
GAPVD1,False,0,15,1,88,1.881720430107527,True,estimated,1.0,1.0,,0.07326029653400298,48.33275245399257
GAREM1,False,0,15,1,88,1.881720430107527,True,estimated,1.0,1.0,,0.07326029653400298,48.33275245399257
GAS2L3,False,0,15,1,88,1.881720430107527,True,estimated,1.0,1.0,,0.07326029653400298,48.33275245399257
GAS6,False,0,15,1,88,1.881720430107527,True,estimated,1.0,1.0,,0.07326029653400298,48.33275245399257
GATA2,False,0,15,1,88,1.881720430107527,True,estimated,1.0,1.0,,0.07326029653400298,48.33275245399257
GATAD2B,False,0,15,1,88,1.881720430107527,True,estimated,1.0,1.0,,0.07326029653400298,48.33275245399257
GATM,False,0,15,1,88,1.881720430107527,True,estimated,1.0,1.0,,0.07326029653400298,48.33275245399257
GBA2,False,0,15,2,88,1.1161290322580646,True,estimated,1.0,1.0,,0.05108306493110792,24.386634167886562
GBA3,False,0,15,1,88,1.881720430107527,True,estimated,1.0,1.0,,0.07326029653400298,48.33275245399257
GBF1,False,0,15,1,88,1.881720430107527,True,estimated,1.0,1.0,,0.07326029653400298,48.33275245399257
GCC2,False,0,15,1,88,1.881720430107527,True,estimated,1.0,1.0,,0.07326029653400298,48.33275245399257
GCFC2,False,0,15,1,88,1.881720430107527,True,estimated,1.0,1.0,,0.07326029653400298,48.33275245399257
GCM1,False,0,15,1,88,1.881720430107527,True,estimated,1.0,1.0,,0.07326029653400298,48.33275245399257
GCNA,False,0,15,1,88,1.881720430107527,True,estimated,1.0,1.0,,0.07326029653400298,48.33275245399257
GCNT1,False,0,15,1,88,1.881720430107527,True,estimated,1.0,1.0,,0.07326029653400298,48.33275245399257
GDA,False,0,15,1,88,1.881720430107527,True,estimated,1.0,1.0,,0.07326029653400298,48.33275245399257
GDF3,False,0,15,1,88,1.881720430107527,True,estimated,1.0,1.0,,0.07326029653400298,48.33275245399257
GET1-SH3BGR,False,0,15,1,88,1.881720430107527,True,estimated,1.0,1.0,,0.07326029653400298,48.33275245399257
GET4,False,0,15,1,88,1.881720430107527,True,estimated,1.0,1.0,,0.07326029653400298,48.33275245399257
GFPT2,False,0,15,1,88,1.881720430107527,True,estimated,1.0,1.0,,0.07326029653400298,48.33275245399257
GFRAL,False,0,15,1,88,1.881720430107527,True,estimated,1.0,1.0,,0.07326029653400298,48.33275245399257
GGNBP2,False,0,15,1,88,1.881720430107527,True,estimated,1.0,1.0,,0.07326029653400298,48.33275245399257
GGT1,False,0,15,1,88,1.881720430107527,True,estimated,1.0,1.0,,0.07326029653400298,48.33275245399257
GID8,False,0,15,1,88,1.881720430107527,True,estimated,1.0,1.0,,0.07326029653400298,48.33275245399257
GIMAP6,False,0,15,1,88,1.881720430107527,True,estimated,1.0,1.0,,0.07326029653400298,48.33275245399257
GIMAP8,False,0,15,1,88,1.881720430107527,True,estimated,1.0,1.0,,0.07326029653400298,48.33275245399257
GIPC1,False,0,15,1,88,1.881720430107527,True,estimated,1.0,1.0,,0.07326029653400298,48.33275245399257
GJA3,False,0,15,1,88,1.881720430107527,True,estimated,1.0,1.0,,0.07326029653400298,48.33275245399257
GJA8,False,0,15,1,88,1.881720430107527,True,estimated,1.0,1.0,,0.07326029653400298,48.33275245399257
GJC1,False,0,15,1,88,1.881720430107527,True,estimated,1.0,1.0,,0.07326029653400298,48.33275245399257
GJD2,False,0,15,1,88,1.881720430107527,True,estimated,1.0,1.0,,0.07326029653400298,48.33275245399257
GLB1,False,0,15,3,88,0.7880184331797235,True,estimated,1.0,1.0,,0.03875592896792058,16.02265943734762
GLB1L,False,0,15,1,88,1.881720430107527,True,estimated,1.0,1.0,,0.07326029653400298,48.33275245399257
GLG1,False,0,15,4,88,0.6057347670250897,True,estimated,1.0,1.0,,0.03102761179503423,11.825422156456852
GLI3,False,0,15,1,88,1.881720430107527,True,estimated,1.0,1.0,,0.07326029653400298,48.33275245399257
GLOD5,False,0,15,1,88,1.881720430107527,True,estimated,1.0,1.0,,0.07326029653400298,48.33275245399257
GLS,False,0,15,1,88,1.881720430107527,True,estimated,1.0,1.0,,0.07326029653400298,48.33275245399257
GLYAT,False,0,15,1,88,1.881720430107527,True,estimated,1.0,1.0,,0.07326029653400298,48.33275245399257
GNA13,False,0,15,1,88,1.881720430107527,True,estimated,1.0,1.0,,0.07326029653400298,48.33275245399257
GNA14,False,0,15,1,88,1.881720430107527,True,estimated,1.0,1.0,,0.07326029653400298,48.33275245399257
GNAI1,False,0,15,1,88,1.881720430107527,True,estimated,1.0,1.0,,0.07326029653400298,48.33275245399257
GNAI2,False,0,15,1,88,1.881720430107527,True,estimated,1.0,1.0,,0.07326029653400298,48.33275245399257
GNAS,False,0,15,1,88,1.881720430107527,True,estimated,1.0,1.0,,0.07326029653400298,48.33275245399257
GNAT1,False,0,15,1,88,1.881720430107527,True,estimated,1.0,1.0,,0.07326029653400298,48.33275245399257
GNB5,False,0,15,1,88,1.881720430107527,True,estimated,1.0,1.0,,0.07326029653400298,48.33275245399257
GNG11,False,0,15,1,88,1.881720430107527,True,estimated,1.0,1.0,,0.07326029653400298,48.33275245399257
GNL3L,False,0,15,1,88,1.881720430107527,True,estimated,1.0,1.0,,0.07326029653400298,48.33275245399257
GOLGA1,False,0,15,1,88,1.881720430107527,True,estimated,1.0,1.0,,0.07326029653400298,48.33275245399257
GOLGA5,False,0,15,1,88,1.881720430107527,True,estimated,1.0,1.0,,0.07326029653400298,48.33275245399257
GON4L,False,0,15,1,88,1.881720430107527,True,estimated,1.0,1.0,,0.07326029653400298,48.33275245399257
GP2,False,0,15,1,88,1.881720430107527,True,estimated,1.0,1.0,,0.07326029653400298,48.33275245399257
GPATCH4,False,0,15,1,88,1.881720430107527,True,estimated,1.0,1.0,,0.07326029653400298,48.33275245399257
GPATCH8,False,0,15,1,88,1.881720430107527,True,estimated,1.0,1.0,,0.07326029653400298,48.33275245399257
GPBP1,False,0,15,1,88,1.881720430107527,True,estimated,1.0,1.0,,0.07326029653400298,48.33275245399257
GPC4,False,0,15,1,88,1.881720430107527,True,estimated,1.0,1.0,,0.07326029653400298,48.33275245399257
GPC5,False,0,15,1,88,1.881720430107527,True,estimated,1.0,1.0,,0.07326029653400298,48.33275245399257
GPHN,False,0,15,1,88,1.881720430107527,True,estimated,1.0,1.0,,0.07326029653400298,48.33275245399257
GPLD1,False,0,15,1,88,1.881720430107527,True,estimated,1.0,1.0,,0.07326029653400298,48.33275245399257
GPM6B,False,0,15,1,88,1.881720430107527,True,estimated,1.0,1.0,,0.07326029653400298,48.33275245399257
GPN2,False,0,15,1,88,1.881720430107527,True,estimated,1.0,1.0,,0.07326029653400298,48.33275245399257
GPR101,False,0,15,1,88,1.881720430107527,True,estimated,1.0,1.0,,0.07326029653400298,48.33275245399257
GPR119,False,0,15,1,88,1.881720430107527,True,estimated,1.0,1.0,,0.07326029653400298,48.33275245399257
GPR15,False,0,15,2,88,1.1161290322580646,True,estimated,1.0,1.0,,0.05108306493110792,24.386634167886562
GPR150,False,0,15,1,88,1.881720430107527,True,estimated,1.0,1.0,,0.07326029653400298,48.33275245399257
GPR158,False,0,15,1,88,1.881720430107527,True,estimated,1.0,1.0,,0.07326029653400298,48.33275245399257
GPR179,False,0,15,1,88,1.881720430107527,True,estimated,1.0,1.0,,0.07326029653400298,48.33275245399257
GPR183,False,0,15,1,88,1.881720430107527,True,estimated,1.0,1.0,,0.07326029653400298,48.33275245399257
GPR45,False,0,15,1,88,1.881720430107527,True,estimated,1.0,1.0,,0.07326029653400298,48.33275245399257
GPR61,False,0,15,1,88,1.881720430107527,True,estimated,1.0,1.0,,0.07326029653400298,48.33275245399257
GPR75,False,0,15,1,88,1.881720430107527,True,estimated,1.0,1.0,,0.07326029653400298,48.33275245399257
GPR78,False,0,15,2,88,1.1161290322580646,True,estimated,1.0,1.0,,0.05108306493110792,24.386634167886562
GPR89B,False,0,15,1,88,1.881720430107527,True,estimated,1.0,1.0,,0.07326029653400298,48.33275245399257
GPRASP1,False,0,15,3,88,0.7880184331797235,True,estimated,1.0,1.0,,0.03875592896792058,16.02265943734762
GPRC5C,False,0,15,1,88,1.881720430107527,True,estimated,1.0,1.0,,0.07326029653400298,48.33275245399257
GPRIN3,False,0,15,2,88,1.1161290322580646,True,estimated,1.0,1.0,,0.05108306493110792,24.386634167886562
GPX8,False,0,15,1,88,1.881720430107527,True,estimated,1.0,1.0,,0.07326029653400298,48.33275245399257
GRAP2,False,0,15,1,88,1.881720430107527,True,estimated,1.0,1.0,,0.07326029653400298,48.33275245399257
GRHL3,False,0,15,1,88,1.881720430107527,True,estimated,1.0,1.0,,0.07326029653400298,48.33275245399257
GRIA2,False,0,15,1,88,1.881720430107527,True,estimated,1.0,1.0,,0.07326029653400298,48.33275245399257
GRIA4,False,0,15,1,88,1.881720430107527,True,estimated,1.0,1.0,,0.07326029653400298,48.33275245399257
GRID1,False,0,15,3,88,0.7880184331797235,True,estimated,1.0,1.0,,0.03875592896792058,16.02265943734762
GRID2,False,0,15,2,88,1.1161290322580646,True,estimated,1.0,1.0,,0.05108306493110792,24.386634167886562
GRIK1,False,0,15,1,88,1.881720430107527,True,estimated,1.0,1.0,,0.07326029653400298,48.33275245399257
GRIK5,False,0,15,1,88,1.881720430107527,True,estimated,1.0,1.0,,0.07326029653400298,48.33275245399257
GRIN1,False,0,15,1,88,1.881720430107527,True,estimated,1.0,1.0,,0.07326029653400298,48.33275245399257
GRIN2B,False,0,15,2,88,1.1161290322580646,True,estimated,1.0,1.0,,0.05108306493110792,24.386634167886562
GRIP1,False,0,15,1,88,1.881720430107527,True,estimated,1.0,1.0,,0.07326029653400298,48.33275245399257
GRK6,False,0,15,1,88,1.881720430107527,True,estimated,1.0,1.0,,0.07326029653400298,48.33275245399257
GRM4,False,0,15,1,88,1.881720430107527,True,estimated,1.0,1.0,,0.07326029653400298,48.33275245399257
GRM5,False,0,15,1,88,1.881720430107527,True,estimated,1.0,1.0,,0.07326029653400298,48.33275245399257
GRM6,False,0,15,1,88,1.881720430107527,True,estimated,1.0,1.0,,0.07326029653400298,48.33275245399257
GRTP1,False,0,15,1,88,1.881720430107527,True,estimated,1.0,1.0,,0.07326029653400298,48.33275245399257
GRWD1,False,0,15,1,88,1.881720430107527,True,estimated,1.0,1.0,,0.07326029653400298,48.33275245399257
GSAP,False,0,15,1,88,1.881720430107527,True,estimated,1.0,1.0,,0.07326029653400298,48.33275245399257
GSTA4,False,0,15,1,88,1.881720430107527,True,estimated,1.0,1.0,,0.07326029653400298,48.33275245399257
GTF2I,False,0,15,1,88,1.881720430107527,True,estimated,1.0,1.0,,0.07326029653400298,48.33275245399257
GTF3C1,False,0,15,1,88,1.881720430107527,True,estimated,1.0,1.0,,0.07326029653400298,48.33275245399257
GTF3C2,False,0,15,1,88,1.881720430107527,True,estimated,1.0,1.0,,0.07326029653400298,48.33275245399257
GTF3C5,False,0,15,1,88,1.881720430107527,True,estimated,1.0,1.0,,0.07326029653400298,48.33275245399257
GTPBP10,False,0,15,1,88,1.881720430107527,True,estimated,1.0,1.0,,0.07326029653400298,48.33275245399257
GTPBP2,False,0,15,1,88,1.881720430107527,True,estimated,1.0,1.0,,0.07326029653400298,48.33275245399257
GTPBP6,False,0,15,1,88,1.881720430107527,True,estimated,1.0,1.0,,0.07326029653400298,48.33275245399257
GUCY1A2,False,0,15,1,88,1.881720430107527,True,estimated,1.0,1.0,,0.07326029653400298,48.33275245399257
GUCY1B1,False,0,15,1,88,1.881720430107527,True,estimated,1.0,1.0,,0.07326029653400298,48.33275245399257
GUSB,False,0,15,1,88,1.881720430107527,True,estimated,1.0,1.0,,0.07326029653400298,48.33275245399257
GXYLT1,False,0,15,1,88,1.881720430107527,True,estimated,1.0,1.0,,0.07326029653400298,48.33275245399257
GYPC,False,0,15,1,88,1.881720430107527,True,estimated,1.0,1.0,,0.07326029653400298,48.33275245399257
GZMK,False,0,15,1,88,1.881720430107527,True,estimated,1.0,1.0,,0.07326029653400298,48.33275245399257
H3C13,False,0,15,1,88,1.881720430107527,True,estimated,1.0,1.0,,0.07326029653400298,48.33275245399257
HACE1,False,0,15,1,88,1.881720430107527,True,estimated,1.0,1.0,,0.07326029653400298,48.33275245399257
HAP1,False,0,15,1,88,1.881720430107527,True,estimated,1.0,1.0,,0.07326029653400298,48.33275245399257
HAUS1,False,0,15,1,88,1.881720430107527,True,estimated,1.0,1.0,,0.07326029653400298,48.33275245399257
HBB,False,0,15,1,88,1.881720430107527,True,estimated,1.0,1.0,,0.07326029653400298,48.33275245399257
HCFC1,False,0,15,1,88,1.881720430107527,True,estimated,1.0,1.0,,0.07326029653400298,48.33275245399257
HCFC2,False,0,15,1,88,1.881720430107527,True,estimated,1.0,1.0,,0.07326029653400298,48.33275245399257
HCK,False,0,15,1,88,1.881720430107527,True,estimated,1.0,1.0,,0.07326029653400298,48.33275245399257
HCRTR1,False,0,15,1,88,1.881720430107527,True,estimated,1.0,1.0,,0.07326029653400298,48.33275245399257
HDAC6,False,0,15,1,88,1.881720430107527,True,estimated,1.0,1.0,,0.07326029653400298,48.33275245399257
HDC,False,0,15,1,88,1.881720430107527,True,estimated,1.0,1.0,,0.07326029653400298,48.33275245399257
HDGFL1,False,0,15,1,88,1.881720430107527,True,estimated,1.0,1.0,,0.07326029653400298,48.33275245399257
HEATR5A,False,0,15,1,88,1.881720430107527,True,estimated,1.0,1.0,,0.07326029653400298,48.33275245399257
HEBP2,False,0,15,1,88,1.881720430107527,True,estimated,1.0,1.0,,0.07326029653400298,48.33275245399257
HECTD2,False,0,15,1,88,1.881720430107527,True,estimated,1.0,1.0,,0.07326029653400298,48.33275245399257
HECTD4,False,0,15,1,88,1.881720430107527,True,estimated,1.0,1.0,,0.07326029653400298,48.33275245399257
HECW1,False,0,15,1,88,1.881720430107527,True,estimated,1.0,1.0,,0.07326029653400298,48.33275245399257
HECW2,False,0,15,1,88,1.881720430107527,True,estimated,1.0,1.0,,0.07326029653400298,48.33275245399257
HELLS,False,0,15,2,88,1.1161290322580646,True,estimated,1.0,1.0,,0.05108306493110792,24.386634167886562
HEPACAM,False,0,15,1,88,1.881720430107527,True,estimated,1.0,1.0,,0.07326029653400298,48.33275245399257
HERC1,False,0,15,2,88,1.1161290322580646,True,estimated,1.0,1.0,,0.05108306493110792,24.386634167886562
HERC4,False,0,15,1,88,1.881720430107527,True,estimated,1.0,1.0,,0.07326029653400298,48.33275245399257
HEXA,False,0,15,1,88,1.881720430107527,True,estimated,1.0,1.0,,0.07326029653400298,48.33275245399257
HEY1,False,0,15,1,88,1.881720430107527,True,estimated,1.0,1.0,,0.07326029653400298,48.33275245399257
HGS,False,0,15,1,88,1.881720430107527,True,estimated,1.0,1.0,,0.07326029653400298,48.33275245399257
HGSNAT,False,0,15,1,88,1.881720430107527,True,estimated,1.0,1.0,,0.07326029653400298,48.33275245399257
HHATL,False,0,15,1,88,1.881720430107527,True,estimated,1.0,1.0,,0.07326029653400298,48.33275245399257
HIKESHI,False,0,15,1,88,1.881720430107527,True,estimated,1.0,1.0,,0.07326029653400298,48.33275245399257
HIP1,False,0,15,1,88,1.881720430107527,True,estimated,1.0,1.0,,0.07326029653400298,48.33275245399257
HIP1R,False,0,15,2,88,1.1161290322580646,True,estimated,1.0,1.0,,0.05108306493110792,24.386634167886562
HIRIP3,False,0,15,1,88,1.881720430107527,True,estimated,1.0,1.0,,0.07326029653400298,48.33275245399257
HLA-DRA,False,0,15,1,88,1.881720430107527,True,estimated,1.0,1.0,,0.07326029653400298,48.33275245399257
HLA-E,False,0,15,1,88,1.881720430107527,True,estimated,1.0,1.0,,0.07326029653400298,48.33275245399257
HLF,False,0,15,1,88,1.881720430107527,True,estimated,1.0,1.0,,0.07326029653400298,48.33275245399257
HMCES,False,0,15,1,88,1.881720430107527,True,estimated,1.0,1.0,,0.07326029653400298,48.33275245399257
HMCN1,False,0,15,4,88,0.6057347670250897,True,estimated,1.0,1.0,,0.03102761179503423,11.825422156456852
HMGCR,False,0,15,1,88,1.881720430107527,True,estimated,1.0,1.0,,0.07326029653400298,48.33275245399257
HMGN5,False,0,15,1,88,1.881720430107527,True,estimated,1.0,1.0,,0.07326029653400298,48.33275245399257
HNRNPM,False,0,15,1,88,1.881720430107527,True,estimated,1.0,1.0,,0.07326029653400298,48.33275245399257
HNRNPU,False,0,15,1,88,1.881720430107527,True,estimated,1.0,1.0,,0.07326029653400298,48.33275245399257
HOOK1,False,0,15,1,88,1.881720430107527,True,estimated,1.0,1.0,,0.07326029653400298,48.33275245399257
HOOK3,False,0,15,1,88,1.881720430107527,True,estimated,1.0,1.0,,0.07326029653400298,48.33275245399257
HORMAD2,False,0,15,1,88,1.881720430107527,True,estimated,1.0,1.0,,0.07326029653400298,48.33275245399257
HOXB13,False,0,15,1,88,1.881720430107527,True,estimated,1.0,1.0,,0.07326029653400298,48.33275245399257
HOXC8,False,0,15,1,88,1.881720430107527,True,estimated,1.0,1.0,,0.07326029653400298,48.33275245399257
HOXD11,False,0,15,1,88,1.881720430107527,True,estimated,1.0,1.0,,0.07326029653400298,48.33275245399257
HPGD,False,0,15,1,88,1.881720430107527,True,estimated,1.0,1.0,,0.07326029653400298,48.33275245399257
HPSE,False,0,15,1,88,1.881720430107527,True,estimated,1.0,1.0,,0.07326029653400298,48.33275245399257
HRC,False,0,15,2,88,1.1161290322580646,True,estimated,1.0,1.0,,0.05108306493110792,24.386634167886562
HSD17B2,False,0,15,1,88,1.881720430107527,True,estimated,1.0,1.0,,0.07326029653400298,48.33275245399257
HSD17B8,False,0,15,1,88,1.881720430107527,True,estimated,1.0,1.0,,0.07326029653400298,48.33275245399257
HSH2D,False,0,15,1,88,1.881720430107527,True,estimated,1.0,1.0,,0.07326029653400298,48.33275245399257
HSP90AA1,False,0,15,1,88,1.881720430107527,True,estimated,1.0,1.0,,0.07326029653400298,48.33275245399257
HSPA14,False,0,15,1,88,1.881720430107527,True,estimated,1.0,1.0,,0.07326029653400298,48.33275245399257
HSPA8,False,0,15,2,88,1.1161290322580646,True,estimated,1.0,1.0,,0.05108306493110792,24.386634167886562
HSPB11,False,0,15,1,88,1.881720430107527,True,estimated,1.0,1.0,,0.07326029653400298,48.33275245399257
HSPB2,False,0,15,1,88,1.881720430107527,True,estimated,1.0,1.0,,0.07326029653400298,48.33275245399257
HSPD1,False,0,15,1,88,1.881720430107527,True,estimated,1.0,1.0,,0.07326029653400298,48.33275245399257
HSPH1,False,0,15,1,88,1.881720430107527,True,estimated,1.0,1.0,,0.07326029653400298,48.33275245399257
HTR1E,False,0,15,1,88,1.881720430107527,True,estimated,1.0,1.0,,0.07326029653400298,48.33275245399257
HTR2A,False,0,15,1,88,1.881720430107527,True,estimated,1.0,1.0,,0.07326029653400298,48.33275245399257
HTR3A,False,0,15,1,88,1.881720430107527,True,estimated,1.0,1.0,,0.07326029653400298,48.33275245399257
HTRA3,False,0,15,1,88,1.881720430107527,True,estimated,1.0,1.0,,0.07326029653400298,48.33275245399257
HYOU1,False,0,15,1,88,1.881720430107527,True,estimated,1.0,1.0,,0.07326029653400298,48.33275245399257
IARS1,False,0,15,1,88,1.881720430107527,True,estimated,1.0,1.0,,0.07326029653400298,48.33275245399257
ICE1,False,0,15,2,88,1.1161290322580646,True,estimated,1.0,1.0,,0.05108306493110792,24.386634167886562
IDNK,False,0,15,1,88,1.881720430107527,True,estimated,1.0,1.0,,0.07326029653400298,48.33275245399257
IFIT3,False,0,15,1,88,1.881720430107527,True,estimated,1.0,1.0,,0.07326029653400298,48.33275245399257
IFNA16,False,0,15,1,88,1.881720430107527,True,estimated,1.0,1.0,,0.07326029653400298,48.33275245399257
IFNL3,False,0,15,1,88,1.881720430107527,True,estimated,1.0,1.0,,0.07326029653400298,48.33275245399257
IFRD1,False,0,15,1,88,1.881720430107527,True,estimated,1.0,1.0,,0.07326029653400298,48.33275245399257
IFT140,False,0,15,1,88,1.881720430107527,True,estimated,1.0,1.0,,0.07326029653400298,48.33275245399257
IFT172,False,0,15,1,88,1.881720430107527,True,estimated,1.0,1.0,,0.07326029653400298,48.33275245399257
IFT81,False,0,15,1,88,1.881720430107527,True,estimated,1.0,1.0,,0.07326029653400298,48.33275245399257
IGF1R,False,0,15,2,88,1.1161290322580646,True,estimated,1.0,1.0,,0.05108306493110792,24.386634167886562
IGF2BP2,False,0,15,1,88,1.881720430107527,True,estimated,1.0,1.0,,0.07326029653400298,48.33275245399257
IGF2R,False,0,15,2,88,1.1161290322580646,True,estimated,1.0,1.0,,0.05108306493110792,24.386634167886562
IGFLR1,False,0,15,1,88,1.881720430107527,True,estimated,1.0,1.0,,0.07326029653400298,48.33275245399257
IGHV1-45,False,0,15,1,88,1.881720430107527,True,estimated,1.0,1.0,,0.07326029653400298,48.33275245399257
IGHV3-49,False,0,15,1,88,1.881720430107527,True,estimated,1.0,1.0,,0.07326029653400298,48.33275245399257
IGHV4-34,False,0,15,1,88,1.881720430107527,True,estimated,1.0,1.0,,0.07326029653400298,48.33275245399257
IGKV1-16,False,0,15,1,88,1.881720430107527,True,estimated,1.0,1.0,,0.07326029653400298,48.33275245399257
IGKV1D-16,False,0,15,1,88,1.881720430107527,True,estimated,1.0,1.0,,0.07326029653400298,48.33275245399257
IGKV2D-24,False,0,15,1,88,1.881720430107527,True,estimated,1.0,1.0,,0.07326029653400298,48.33275245399257
IGKV3-7,False,0,15,1,88,1.881720430107527,True,estimated,1.0,1.0,,0.07326029653400298,48.33275245399257
IGLC2,False,0,15,1,88,1.881720430107527,True,estimated,1.0,1.0,,0.07326029653400298,48.33275245399257
IGSF1,False,0,15,1,88,1.881720430107527,True,estimated,1.0,1.0,,0.07326029653400298,48.33275245399257
IGSF8,False,0,15,1,88,1.881720430107527,True,estimated,1.0,1.0,,0.07326029653400298,48.33275245399257
IK,False,0,15,1,88,1.881720430107527,True,estimated,1.0,1.0,,0.07326029653400298,48.33275245399257
IL16,False,0,15,1,88,1.881720430107527,True,estimated,1.0,1.0,,0.07326029653400298,48.33275245399257
IL1R1,False,0,15,1,88,1.881720430107527,True,estimated,1.0,1.0,,0.07326029653400298,48.33275245399257
IL1RAP,False,0,15,1,88,1.881720430107527,True,estimated,1.0,1.0,,0.07326029653400298,48.33275245399257
IL1RL1,False,0,15,1,88,1.881720430107527,True,estimated,1.0,1.0,,0.07326029653400298,48.33275245399257
IL20RA,False,0,15,1,88,1.881720430107527,True,estimated,1.0,1.0,,0.07326029653400298,48.33275245399257
IL20RB,False,0,15,1,88,1.881720430107527,True,estimated,1.0,1.0,,0.07326029653400298,48.33275245399257
IL21R,False,0,15,1,88,1.881720430107527,True,estimated,1.0,1.0,,0.07326029653400298,48.33275245399257
IL23A,False,0,15,1,88,1.881720430107527,True,estimated,1.0,1.0,,0.07326029653400298,48.33275245399257
IL23R,False,0,15,1,88,1.881720430107527,True,estimated,1.0,1.0,,0.07326029653400298,48.33275245399257
IL31RA,False,0,15,1,88,1.881720430107527,True,estimated,1.0,1.0,,0.07326029653400298,48.33275245399257
IL33,False,0,15,1,88,1.881720430107527,True,estimated,1.0,1.0,,0.07326029653400298,48.33275245399257
IL4R,False,0,15,1,88,1.881720430107527,True,estimated,1.0,1.0,,0.07326029653400298,48.33275245399257
IL6ST,False,0,15,2,88,1.1161290322580646,True,estimated,1.0,1.0,,0.05108306493110792,24.386634167886562
ILDR2,False,0,15,1,88,1.881720430107527,True,estimated,1.0,1.0,,0.07326029653400298,48.33275245399257
IMPG1,False,0,15,1,88,1.881720430107527,True,estimated,1.0,1.0,,0.07326029653400298,48.33275245399257
INPP4A,False,0,15,2,88,1.1161290322580646,True,estimated,1.0,1.0,,0.05108306493110792,24.386634167886562
INPP5A,False,0,15,1,88,1.881720430107527,True,estimated,1.0,1.0,,0.07326029653400298,48.33275245399257
INPP5B,False,0,15,1,88,1.881720430107527,True,estimated,1.0,1.0,,0.07326029653400298,48.33275245399257
INSYN2A,False,0,15,1,88,1.881720430107527,True,estimated,1.0,1.0,,0.07326029653400298,48.33275245399257
INTS1,False,0,15,1,88,1.881720430107527,True,estimated,1.0,1.0,,0.07326029653400298,48.33275245399257
INTS4,False,0,15,1,88,1.881720430107527,True,estimated,1.0,1.0,,0.07326029653400298,48.33275245399257
INTU,False,0,15,1,88,1.881720430107527,True,estimated,1.0,1.0,,0.07326029653400298,48.33275245399257
IPO4,False,0,15,1,88,1.881720430107527,True,estimated,1.0,1.0,,0.07326029653400298,48.33275245399257
IPO5,False,0,15,2,88,1.1161290322580646,True,estimated,1.0,1.0,,0.05108306493110792,24.386634167886562
IPO9,False,0,15,1,88,1.881720430107527,True,estimated,1.0,1.0,,0.07326029653400298,48.33275245399257
IPP,False,0,15,1,88,1.881720430107527,True,estimated,1.0,1.0,,0.07326029653400298,48.33275245399257
IQCE,False,0,15,1,88,1.881720430107527,True,estimated,1.0,1.0,,0.07326029653400298,48.33275245399257
IQCF2,False,0,15,1,88,1.881720430107527,True,estimated,1.0,1.0,,0.07326029653400298,48.33275245399257
IQGAP3,False,0,15,1,88,1.881720430107527,True,estimated,1.0,1.0,,0.07326029653400298,48.33275245399257
IQSEC2,False,0,15,1,88,1.881720430107527,True,estimated,1.0,1.0,,0.07326029653400298,48.33275245399257
IQUB,False,0,15,1,88,1.881720430107527,True,estimated,1.0,1.0,,0.07326029653400298,48.33275245399257
IREB2,False,0,15,1,88,1.881720430107527,True,estimated,1.0,1.0,,0.07326029653400298,48.33275245399257
IRF3,False,0,15,1,88,1.881720430107527,True,estimated,1.0,1.0,,0.07326029653400298,48.33275245399257
IRF7,False,0,15,1,88,1.881720430107527,True,estimated,1.0,1.0,,0.07326029653400298,48.33275245399257
IRX1,False,0,15,2,88,1.1161290322580646,True,estimated,1.0,1.0,,0.05108306493110792,24.386634167886562
IRX2,False,0,15,1,88,1.881720430107527,True,estimated,1.0,1.0,,0.07326029653400298,48.33275245399257
IRX3,False,0,15,1,88,1.881720430107527,True,estimated,1.0,1.0,,0.07326029653400298,48.33275245399257
ISL1,False,0,15,1,88,1.881720430107527,True,estimated,1.0,1.0,,0.07326029653400298,48.33275245399257
ISL2,False,0,15,1,88,1.881720430107527,True,estimated,1.0,1.0,,0.07326029653400298,48.33275245399257
ISOC1,False,0,15,2,88,1.1161290322580646,True,estimated,1.0,1.0,,0.05108306493110792,24.386634167886562
IST1,False,0,15,3,88,0.7880184331797235,True,estimated,1.0,1.0,,0.03875592896792058,16.02265943734762
ITFG1,False,0,15,1,88,1.881720430107527,True,estimated,1.0,1.0,,0.07326029653400298,48.33275245399257
ITGA1,False,0,15,2,88,1.1161290322580646,True,estimated,1.0,1.0,,0.05108306493110792,24.386634167886562
ITGA2,False,0,15,1,88,1.881720430107527,True,estimated,1.0,1.0,,0.07326029653400298,48.33275245399257
ITGA9,False,0,15,1,88,1.881720430107527,True,estimated,1.0,1.0,,0.07326029653400298,48.33275245399257
ITGAD,False,0,15,1,88,1.881720430107527,True,estimated,1.0,1.0,,0.07326029653400298,48.33275245399257
ITGAL,False,0,15,1,88,1.881720430107527,True,estimated,1.0,1.0,,0.07326029653400298,48.33275245399257
ITIH2,False,0,15,2,88,1.1161290322580646,True,estimated,1.0,1.0,,0.05108306493110792,24.386634167886562
ITIH5,False,0,15,1,88,1.881720430107527,True,estimated,1.0,1.0,,0.07326029653400298,48.33275245399257
ITM2B,False,0,15,1,88,1.881720430107527,True,estimated,1.0,1.0,,0.07326029653400298,48.33275245399257
ITPK1,False,0,15,1,88,1.881720430107527,True,estimated,1.0,1.0,,0.07326029653400298,48.33275245399257
ITPR2,False,0,15,1,88,1.881720430107527,True,estimated,1.0,1.0,,0.07326029653400298,48.33275245399257
ITPR3,False,0,15,1,88,1.881720430107527,True,estimated,1.0,1.0,,0.07326029653400298,48.33275245399257
ITPRID1,False,0,15,2,88,1.1161290322580646,True,estimated,1.0,1.0,,0.05108306493110792,24.386634167886562
ITSN1,False,0,15,1,88,1.881720430107527,True,estimated,1.0,1.0,,0.07326029653400298,48.33275245399257
ITSN2,False,0,15,1,88,1.881720430107527,True,estimated,1.0,1.0,,0.07326029653400298,48.33275245399257
IWS1,False,0,15,1,88,1.881720430107527,True,estimated,1.0,1.0,,0.07326029653400298,48.33275245399257
IZUMO1,False,0,15,1,88,1.881720430107527,True,estimated,1.0,1.0,,0.07326029653400298,48.33275245399257
JADE2,False,0,15,1,88,1.881720430107527,True,estimated,1.0,1.0,,0.07326029653400298,48.33275245399257
JAK1,False,0,15,1,88,1.881720430107527,True,estimated,1.0,1.0,,0.07326029653400298,48.33275245399257
JAK2,False,0,15,1,88,1.881720430107527,True,estimated,1.0,1.0,,0.07326029653400298,48.33275245399257
JAKMIP2,False,0,15,1,88,1.881720430107527,True,estimated,1.0,1.0,,0.07326029653400298,48.33275245399257
JAKMIP3,False,0,15,1,88,1.881720430107527,True,estimated,1.0,1.0,,0.07326029653400298,48.33275245399257
JAML,False,0,15,1,88,1.881720430107527,True,estimated,1.0,1.0,,0.07326029653400298,48.33275245399257
JARID2,False,0,15,1,88,1.881720430107527,True,estimated,1.0,1.0,,0.07326029653400298,48.33275245399257
JCAD,False,0,15,1,88,1.881720430107527,True,estimated,1.0,1.0,,0.07326029653400298,48.33275245399257
JHY,False,0,15,1,88,1.881720430107527,True,estimated,1.0,1.0,,0.07326029653400298,48.33275245399257
JPH1,False,0,15,1,88,1.881720430107527,True,estimated,1.0,1.0,,0.07326029653400298,48.33275245399257
JRK,False,0,15,1,88,1.881720430107527,True,estimated,1.0,1.0,,0.07326029653400298,48.33275245399257
KANSL1,False,0,15,1,88,1.881720430107527,True,estimated,1.0,1.0,,0.07326029653400298,48.33275245399257
KANSL2,False,0,15,1,88,1.881720430107527,True,estimated,1.0,1.0,,0.07326029653400298,48.33275245399257
KAT14,False,0,15,1,88,1.881720430107527,True,estimated,1.0,1.0,,0.07326029653400298,48.33275245399257
KAT2B,False,0,15,1,88,1.881720430107527,True,estimated,1.0,1.0,,0.07326029653400298,48.33275245399257
KAT6A,False,0,15,2,88,1.1161290322580646,True,estimated,1.0,1.0,,0.05108306493110792,24.386634167886562
KBTBD3,False,0,15,1,88,1.881720430107527,True,estimated,1.0,1.0,,0.07326029653400298,48.33275245399257
KBTBD4,False,0,15,1,88,1.881720430107527,True,estimated,1.0,1.0,,0.07326029653400298,48.33275245399257
KBTBD6,False,0,15,1,88,1.881720430107527,True,estimated,1.0,1.0,,0.07326029653400298,48.33275245399257
KBTBD8,False,0,15,1,88,1.881720430107527,True,estimated,1.0,1.0,,0.07326029653400298,48.33275245399257
KCNA6,False,0,15,1,88,1.881720430107527,True,estimated,1.0,1.0,,0.07326029653400298,48.33275245399257
KCNB2,False,0,15,1,88,1.881720430107527,True,estimated,1.0,1.0,,0.07326029653400298,48.33275245399257
KCNC4,False,0,15,1,88,1.881720430107527,True,estimated,1.0,1.0,,0.07326029653400298,48.33275245399257
KCND2,False,0,15,1,88,1.881720430107527,True,estimated,1.0,1.0,,0.07326029653400298,48.33275245399257
KCNG4,False,0,15,1,88,1.881720430107527,True,estimated,1.0,1.0,,0.07326029653400298,48.33275245399257
KCNH5,False,0,15,2,88,1.1161290322580646,True,estimated,1.0,1.0,,0.05108306493110792,24.386634167886562
KCNH6,False,0,15,1,88,1.881720430107527,True,estimated,1.0,1.0,,0.07326029653400298,48.33275245399257
KCNH7,False,0,15,2,88,1.1161290322580646,True,estimated,1.0,1.0,,0.05108306493110792,24.386634167886562
KCNJ3,False,0,15,2,88,1.1161290322580646,True,estimated,1.0,1.0,,0.05108306493110792,24.386634167886562
KCNN1,False,0,15,2,88,1.1161290322580646,True,estimated,1.0,1.0,,0.05108306493110792,24.386634167886562
KCNN4,False,0,15,1,88,1.881720430107527,True,estimated,1.0,1.0,,0.07326029653400298,48.33275245399257
KCNQ5,False,0,15,1,88,1.881720430107527,True,estimated,1.0,1.0,,0.07326029653400298,48.33275245399257
KCNS2,False,0,15,1,88,1.881720430107527,True,estimated,1.0,1.0,,0.07326029653400298,48.33275245399257
KCNS3,False,0,15,1,88,1.881720430107527,True,estimated,1.0,1.0,,0.07326029653400298,48.33275245399257
KCNV2,False,0,15,2,88,1.1161290322580646,True,estimated,1.0,1.0,,0.05108306493110792,24.386634167886562
KCTD14,False,0,15,1,88,1.881720430107527,True,estimated,1.0,1.0,,0.07326029653400298,48.33275245399257
KCTD18,False,0,15,1,88,1.881720430107527,True,estimated,1.0,1.0,,0.07326029653400298,48.33275245399257
KDELR3,False,0,15,1,88,1.881720430107527,True,estimated,1.0,1.0,,0.07326029653400298,48.33275245399257
KDM4B,False,0,15,1,88,1.881720430107527,True,estimated,1.0,1.0,,0.07326029653400298,48.33275245399257
KDM5B,False,0,15,1,88,1.881720430107527,True,estimated,1.0,1.0,,0.07326029653400298,48.33275245399257
KDM5D,False,0,15,1,88,1.881720430107527,True,estimated,1.0,1.0,,0.07326029653400298,48.33275245399257
KDR,False,0,15,3,88,0.7880184331797235,True,estimated,1.0,1.0,,0.03875592896792058,16.02265943734762
KEAP1,False,0,15,1,88,1.881720430107527,True,estimated,1.0,1.0,,0.07326029653400298,48.33275245399257
KHK,False,0,15,3,88,0.7880184331797235,True,estimated,1.0,1.0,,0.03875592896792058,16.02265943734762
KHNYN,False,0,15,1,88,1.881720430107527,True,estimated,1.0,1.0,,0.07326029653400298,48.33275245399257
KIAA0100,False,0,15,1,88,1.881720430107527,True,estimated,1.0,1.0,,0.07326029653400298,48.33275245399257
KIAA0586,False,0,15,2,88,1.1161290322580646,True,estimated,1.0,1.0,,0.05108306493110792,24.386634167886562
KIAA0930,False,0,15,2,88,1.1161290322580646,True,estimated,1.0,1.0,,0.05108306493110792,24.386634167886562
KIAA1210,False,0,15,1,88,1.881720430107527,True,estimated,1.0,1.0,,0.07326029653400298,48.33275245399257
KIAA1549L,False,0,15,2,88,1.1161290322580646,True,estimated,1.0,1.0,,0.05108306493110792,24.386634167886562
KIAA1841,False,0,15,1,88,1.881720430107527,True,estimated,1.0,1.0,,0.07326029653400298,48.33275245399257
KIF11,False,0,15,1,88,1.881720430107527,True,estimated,1.0,1.0,,0.07326029653400298,48.33275245399257
KIF13A,False,0,15,1,88,1.881720430107527,True,estimated,1.0,1.0,,0.07326029653400298,48.33275245399257
KIF13B,False,0,15,1,88,1.881720430107527,True,estimated,1.0,1.0,,0.07326029653400298,48.33275245399257
KIF17,False,0,15,1,88,1.881720430107527,True,estimated,1.0,1.0,,0.07326029653400298,48.33275245399257
KIF18A,False,0,15,2,88,1.1161290322580646,True,estimated,1.0,1.0,,0.05108306493110792,24.386634167886562
KIF20A,False,0,15,2,88,1.1161290322580646,True,estimated,1.0,1.0,,0.05108306493110792,24.386634167886562
KIF20B,False,0,15,2,88,1.1161290322580646,True,estimated,1.0,1.0,,0.05108306493110792,24.386634167886562
KIF21A,False,0,15,1,88,1.881720430107527,True,estimated,1.0,1.0,,0.07326029653400298,48.33275245399257
KIF26B,False,0,15,1,88,1.881720430107527,True,estimated,1.0,1.0,,0.07326029653400298,48.33275245399257
KIF2A,False,0,15,2,88,1.1161290322580646,True,estimated,1.0,1.0,,0.05108306493110792,24.386634167886562
KIF2B,False,0,15,2,88,1.1161290322580646,True,estimated,1.0,1.0,,0.05108306493110792,24.386634167886562
KIF5B,False,0,15,1,88,1.881720430107527,True,estimated,1.0,1.0,,0.07326029653400298,48.33275245399257
KIR3DL2,False,0,15,1,88,1.881720430107527,True,estimated,1.0,1.0,,0.07326029653400298,48.33275245399257
KL,False,0,15,1,88,1.881720430107527,True,estimated,1.0,1.0,,0.07326029653400298,48.33275245399257
KLC1,False,0,15,1,88,1.881720430107527,True,estimated,1.0,1.0,,0.07326029653400298,48.33275245399257
KLF10,False,0,15,1,88,1.881720430107527,True,estimated,1.0,1.0,,0.07326029653400298,48.33275245399257
KLF11,False,0,15,1,88,1.881720430107527,True,estimated,1.0,1.0,,0.07326029653400298,48.33275245399257
KLF3,False,0,15,3,88,0.7880184331797235,True,estimated,1.0,1.0,,0.03875592896792058,16.02265943734762
KLF9,False,0,15,1,88,1.881720430107527,True,estimated,1.0,1.0,,0.07326029653400298,48.33275245399257
KLHDC1,False,0,15,1,88,1.881720430107527,True,estimated,1.0,1.0,,0.07326029653400298,48.33275245399257
KLHDC10,False,0,15,1,88,1.881720430107527,True,estimated,1.0,1.0,,0.07326029653400298,48.33275245399257
KLHL1,False,0,15,1,88,1.881720430107527,True,estimated,1.0,1.0,,0.07326029653400298,48.33275245399257
KLHL13,False,0,15,1,88,1.881720430107527,True,estimated,1.0,1.0,,0.07326029653400298,48.33275245399257
KLHL17,False,0,15,2,88,1.1161290322580646,True,estimated,1.0,1.0,,0.05108306493110792,24.386634167886562
KLHL2,False,0,15,1,88,1.881720430107527,True,estimated,1.0,1.0,,0.07326029653400298,48.33275245399257
KLHL26,False,0,15,1,88,1.881720430107527,True,estimated,1.0,1.0,,0.07326029653400298,48.33275245399257
KLHL4,False,0,15,1,88,1.881720430107527,True,estimated,1.0,1.0,,0.07326029653400298,48.33275245399257
KLHL5,False,0,15,1,88,1.881720430107527,True,estimated,1.0,1.0,,0.07326029653400298,48.33275245399257
KLHL7,False,0,15,1,88,1.881720430107527,True,estimated,1.0,1.0,,0.07326029653400298,48.33275245399257
KLHL9,False,0,15,1,88,1.881720430107527,True,estimated,1.0,1.0,,0.07326029653400298,48.33275245399257
KLK13,False,0,15,1,88,1.881720430107527,True,estimated,1.0,1.0,,0.07326029653400298,48.33275245399257
KLK14,False,0,15,1,88,1.881720430107527,True,estimated,1.0,1.0,,0.07326029653400298,48.33275245399257
KLK5,False,0,15,1,88,1.881720430107527,True,estimated,1.0,1.0,,0.07326029653400298,48.33275245399257
KLRC1,False,0,15,1,88,1.881720430107527,True,estimated,1.0,1.0,,0.07326029653400298,48.33275245399257
KMT2A,False,0,15,1,88,1.881720430107527,True,estimated,1.0,1.0,,0.07326029653400298,48.33275245399257
KMT2D,False,0,15,1,88,1.881720430107527,True,estimated,1.0,1.0,,0.07326029653400298,48.33275245399257
KMT2E,False,0,15,2,88,1.1161290322580646,True,estimated,1.0,1.0,,0.05108306493110792,24.386634167886562
KNL1,False,0,15,2,88,1.1161290322580646,True,estimated,1.0,1.0,,0.05108306493110792,24.386634167886562
KNOP1,False,0,15,1,88,1.881720430107527,True,estimated,1.0,1.0,,0.07326029653400298,48.33275245399257
KPRP,False,0,15,1,88,1.881720430107527,True,estimated,1.0,1.0,,0.07326029653400298,48.33275245399257
KRBA2,False,0,15,1,88,1.881720430107527,True,estimated,1.0,1.0,,0.07326029653400298,48.33275245399257
KRT1,False,0,15,1,88,1.881720430107527,True,estimated,1.0,1.0,,0.07326029653400298,48.33275245399257
KRT12,False,0,15,1,88,1.881720430107527,True,estimated,1.0,1.0,,0.07326029653400298,48.33275245399257
KRT13,False,0,15,1,88,1.881720430107527,True,estimated,1.0,1.0,,0.07326029653400298,48.33275245399257
KRT16,False,0,15,1,88,1.881720430107527,True,estimated,1.0,1.0,,0.07326029653400298,48.33275245399257
KRT19,False,0,15,1,88,1.881720430107527,True,estimated,1.0,1.0,,0.07326029653400298,48.33275245399257
KRT26,False,0,15,1,88,1.881720430107527,True,estimated,1.0,1.0,,0.07326029653400298,48.33275245399257
KRT36,False,0,15,1,88,1.881720430107527,True,estimated,1.0,1.0,,0.07326029653400298,48.33275245399257
KRT4,False,0,15,1,88,1.881720430107527,True,estimated,1.0,1.0,,0.07326029653400298,48.33275245399257
KRT5,False,0,15,1,88,1.881720430107527,True,estimated,1.0,1.0,,0.07326029653400298,48.33275245399257
KRT6C,False,0,15,1,88,1.881720430107527,True,estimated,1.0,1.0,,0.07326029653400298,48.33275245399257
KRT7,False,0,15,1,88,1.881720430107527,True,estimated,1.0,1.0,,0.07326029653400298,48.33275245399257
KRT72,False,0,15,1,88,1.881720430107527,True,estimated,1.0,1.0,,0.07326029653400298,48.33275245399257
KRT75,False,0,15,1,88,1.881720430107527,True,estimated,1.0,1.0,,0.07326029653400298,48.33275245399257
KRT84,False,0,15,1,88,1.881720430107527,True,estimated,1.0,1.0,,0.07326029653400298,48.33275245399257
KRT85,False,0,15,1,88,1.881720430107527,True,estimated,1.0,1.0,,0.07326029653400298,48.33275245399257
KRTAP13-2,False,0,15,1,88,1.881720430107527,True,estimated,1.0,1.0,,0.07326029653400298,48.33275245399257
KTN1,False,0,15,1,88,1.881720430107527,True,estimated,1.0,1.0,,0.07326029653400298,48.33275245399257
L1CAM,False,0,15,1,88,1.881720430107527,True,estimated,1.0,1.0,,0.07326029653400298,48.33275245399257
L1TD1,False,0,15,1,88,1.881720430107527,True,estimated,1.0,1.0,,0.07326029653400298,48.33275245399257
L2HGDH,False,0,15,1,88,1.881720430107527,True,estimated,1.0,1.0,,0.07326029653400298,48.33275245399257
L3MBTL2,False,0,15,1,88,1.881720430107527,True,estimated,1.0,1.0,,0.07326029653400298,48.33275245399257
LACC1,False,0,15,1,88,1.881720430107527,True,estimated,1.0,1.0,,0.07326029653400298,48.33275245399257
LACRT,False,0,15,1,88,1.881720430107527,True,estimated,1.0,1.0,,0.07326029653400298,48.33275245399257
LAMA1,False,0,15,2,88,1.1161290322580646,True,estimated,1.0,1.0,,0.05108306493110792,24.386634167886562
LAMA2,False,0,15,1,88,1.881720430107527,True,estimated,1.0,1.0,,0.07326029653400298,48.33275245399257
LAMA3,False,0,15,1,88,1.881720430107527,True,estimated,1.0,1.0,,0.07326029653400298,48.33275245399257
LAMB1,False,0,15,1,88,1.881720430107527,True,estimated,1.0,1.0,,0.07326029653400298,48.33275245399257
LAMB2,False,0,15,1,88,1.881720430107527,True,estimated,1.0,1.0,,0.07326029653400298,48.33275245399257
LAMC1,False,0,15,2,88,1.1161290322580646,True,estimated,1.0,1.0,,0.05108306493110792,24.386634167886562
LAMC2,False,0,15,3,88,0.7880184331797235,True,estimated,1.0,1.0,,0.03875592896792058,16.02265943734762
LAMP3,False,0,15,1,88,1.881720430107527,True,estimated,1.0,1.0,,0.07326029653400298,48.33275245399257
LAMP5,False,0,15,1,88,1.881720430107527,True,estimated,1.0,1.0,,0.07326029653400298,48.33275245399257
LAMTOR5,False,0,15,1,88,1.881720430107527,True,estimated,1.0,1.0,,0.07326029653400298,48.33275245399257
LARP4,False,0,15,1,88,1.881720430107527,True,estimated,1.0,1.0,,0.07326029653400298,48.33275245399257
LATS1,False,0,15,1,88,1.881720430107527,True,estimated,1.0,1.0,,0.07326029653400298,48.33275245399257
LCAT,False,0,15,1,88,1.881720430107527,True,estimated,1.0,1.0,,0.07326029653400298,48.33275245399257
LCE1A,False,0,15,1,88,1.881720430107527,True,estimated,1.0,1.0,,0.07326029653400298,48.33275245399257
LCMT1,False,0,15,1,88,1.881720430107527,True,estimated,1.0,1.0,,0.07326029653400298,48.33275245399257
LCMT2,False,0,15,1,88,1.881720430107527,True,estimated,1.0,1.0,,0.07326029653400298,48.33275245399257
LCN1,False,0,15,1,88,1.881720430107527,True,estimated,1.0,1.0,,0.07326029653400298,48.33275245399257
LDLRAD1,False,0,15,1,88,1.881720430107527,True,estimated,1.0,1.0,,0.07326029653400298,48.33275245399257
LETMD1,False,0,15,1,88,1.881720430107527,True,estimated,1.0,1.0,,0.07326029653400298,48.33275245399257
LGALS3BP,False,0,15,1,88,1.881720430107527,True,estimated,1.0,1.0,,0.07326029653400298,48.33275245399257
LGALS9C,False,0,15,1,88,1.881720430107527,True,estimated,1.0,1.0,,0.07326029653400298,48.33275245399257
LGR5,False,0,15,1,88,1.881720430107527,True,estimated,1.0,1.0,,0.07326029653400298,48.33275245399257
LGR6,False,0,15,1,88,1.881720430107527,True,estimated,1.0,1.0,,0.07326029653400298,48.33275245399257
LHFPL4,False,0,15,1,88,1.881720430107527,True,estimated,1.0,1.0,,0.07326029653400298,48.33275245399257
LHX1,False,0,15,1,88,1.881720430107527,True,estimated,1.0,1.0,,0.07326029653400298,48.33275245399257
LHX6,False,0,15,1,88,1.881720430107527,True,estimated,1.0,1.0,,0.07326029653400298,48.33275245399257
LHX8,False,0,15,1,88,1.881720430107527,True,estimated,1.0,1.0,,0.07326029653400298,48.33275245399257
LILRA1,False,0,15,1,88,1.881720430107527,True,estimated,1.0,1.0,,0.07326029653400298,48.33275245399257
LILRA6,False,0,15,1,88,1.881720430107527,True,estimated,1.0,1.0,,0.07326029653400298,48.33275245399257
LILRB2,False,0,15,1,88,1.881720430107527,True,estimated,1.0,1.0,,0.07326029653400298,48.33275245399257
LILRB3,False,0,15,1,88,1.881720430107527,True,estimated,1.0,1.0,,0.07326029653400298,48.33275245399257
LIMA1,False,0,15,1,88,1.881720430107527,True,estimated,1.0,1.0,,0.07326029653400298,48.33275245399257
LIMD1,False,0,15,1,88,1.881720430107527,True,estimated,1.0,1.0,,0.07326029653400298,48.33275245399257
LIME1,False,0,15,1,88,1.881720430107527,True,estimated,1.0,1.0,,0.07326029653400298,48.33275245399257
LIMS1,False,0,15,1,88,1.881720430107527,True,estimated,1.0,1.0,,0.07326029653400298,48.33275245399257
LIN9,False,0,15,1,88,1.881720430107527,True,estimated,1.0,1.0,,0.07326029653400298,48.33275245399257
LINGO1,False,0,15,1,88,1.881720430107527,True,estimated,1.0,1.0,,0.07326029653400298,48.33275245399257
LINGO2,False,0,15,1,88,1.881720430107527,True,estimated,1.0,1.0,,0.07326029653400298,48.33275245399257
LINS1,False,0,15,1,88,1.881720430107527,True,estimated,1.0,1.0,,0.07326029653400298,48.33275245399257
LIPF,False,0,15,1,88,1.881720430107527,True,estimated,1.0,1.0,,0.07326029653400298,48.33275245399257
LIPI,False,0,15,3,88,0.7880184331797235,True,estimated,1.0,1.0,,0.03875592896792058,16.02265943734762
LMAN1L,False,0,15,1,88,1.881720430107527,True,estimated,1.0,1.0,,0.07326029653400298,48.33275245399257
LMBRD2,False,0,15,1,88,1.881720430107527,True,estimated,1.0,1.0,,0.07326029653400298,48.33275245399257
LMOD1,False,0,15,1,88,1.881720430107527,True,estimated,1.0,1.0,,0.07326029653400298,48.33275245399257
LMTK2,False,0,15,1,88,1.881720430107527,True,estimated,1.0,1.0,,0.07326029653400298,48.33275245399257
LNPK,False,0,15,1,88,1.881720430107527,True,estimated,1.0,1.0,,0.07326029653400298,48.33275245399257
LONRF3,False,0,15,1,88,1.881720430107527,True,estimated,1.0,1.0,,0.07326029653400298,48.33275245399257
LPA,False,0,15,1,88,1.881720430107527,True,estimated,1.0,1.0,,0.07326029653400298,48.33275245399257
LPAR4,False,0,15,1,88,1.881720430107527,True,estimated,1.0,1.0,,0.07326029653400298,48.33275245399257
LRBA,False,0,15,1,88,1.881720430107527,True,estimated,1.0,1.0,,0.07326029653400298,48.33275245399257
LRCH2,False,0,15,1,88,1.881720430107527,True,estimated,1.0,1.0,,0.07326029653400298,48.33275245399257
LRFN2,False,0,15,1,88,1.881720430107527,True,estimated,1.0,1.0,,0.07326029653400298,48.33275245399257
LRG1,False,0,15,1,88,1.881720430107527,True,estimated,1.0,1.0,,0.07326029653400298,48.33275245399257
LRIF1,False,0,15,1,88,1.881720430107527,True,estimated,1.0,1.0,,0.07326029653400298,48.33275245399257
LRIG1,False,0,15,1,88,1.881720430107527,True,estimated,1.0,1.0,,0.07326029653400298,48.33275245399257
LRIG2,False,0,15,2,88,1.1161290322580646,True,estimated,1.0,1.0,,0.05108306493110792,24.386634167886562
LRP1,False,0,15,3,88,0.7880184331797235,True,estimated,1.0,1.0,,0.03875592896792058,16.02265943734762
LRP1B,False,0,15,3,88,0.7880184331797235,True,estimated,1.0,1.0,,0.03875592896792058,16.02265943734762
LRP6,False,0,15,1,88,1.881720430107527,True,estimated,1.0,1.0,,0.07326029653400298,48.33275245399257
LRP8,False,0,15,1,88,1.881720430107527,True,estimated,1.0,1.0,,0.07326029653400298,48.33275245399257
LRRC15,False,0,15,1,88,1.881720430107527,True,estimated,1.0,1.0,,0.07326029653400298,48.33275245399257
LRRC19,False,0,15,1,88,1.881720430107527,True,estimated,1.0,1.0,,0.07326029653400298,48.33275245399257
LRRC24,False,0,15,1,88,1.881720430107527,True,estimated,1.0,1.0,,0.07326029653400298,48.33275245399257
LRRC3,False,0,15,1,88,1.881720430107527,True,estimated,1.0,1.0,,0.07326029653400298,48.33275245399257
LRRC37A,False,0,15,1,88,1.881720430107527,True,estimated,1.0,1.0,,0.07326029653400298,48.33275245399257
LRRC37B,False,0,15,1,88,1.881720430107527,True,estimated,1.0,1.0,,0.07326029653400298,48.33275245399257
LRRC3B,False,0,15,1,88,1.881720430107527,True,estimated,1.0,1.0,,0.07326029653400298,48.33275245399257
LRRC4,False,0,15,2,88,1.1161290322580646,True,estimated,1.0,1.0,,0.05108306493110792,24.386634167886562
LRRC57,False,0,15,1,88,1.881720430107527,True,estimated,1.0,1.0,,0.07326029653400298,48.33275245399257
LRRC59,False,0,15,1,88,1.881720430107527,True,estimated,1.0,1.0,,0.07326029653400298,48.33275245399257
LRRIQ1,False,0,15,2,88,1.1161290322580646,True,estimated,1.0,1.0,,0.05108306493110792,24.386634167886562
LRRK1,False,0,15,1,88,1.881720430107527,True,estimated,1.0,1.0,,0.07326029653400298,48.33275245399257
LRRK2,False,0,15,1,88,1.881720430107527,True,estimated,1.0,1.0,,0.07326029653400298,48.33275245399257
LRRTM1,False,0,15,1,88,1.881720430107527,True,estimated,1.0,1.0,,0.07326029653400298,48.33275245399257
LRRTM3,False,0,15,1,88,1.881720430107527,True,estimated,1.0,1.0,,0.07326029653400298,48.33275245399257
LRWD1,False,0,15,1,88,1.881720430107527,True,estimated,1.0,1.0,,0.07326029653400298,48.33275245399257
LSM11,False,0,15,1,88,1.881720430107527,True,estimated,1.0,1.0,,0.07326029653400298,48.33275245399257
LSM12,False,0,15,1,88,1.881720430107527,True,estimated,1.0,1.0,,0.07326029653400298,48.33275245399257
LSM14B,False,0,15,1,88,1.881720430107527,True,estimated,1.0,1.0,,0.07326029653400298,48.33275245399257
LSMEM2,False,0,15,1,88,1.881720430107527,True,estimated,1.0,1.0,,0.07326029653400298,48.33275245399257
LTBP1,False,0,15,1,88,1.881720430107527,True,estimated,1.0,1.0,,0.07326029653400298,48.33275245399257
LTBP2,False,0,15,1,88,1.881720430107527,True,estimated,1.0,1.0,,0.07326029653400298,48.33275245399257
LTBP3,False,0,15,1,88,1.881720430107527,True,estimated,1.0,1.0,,0.07326029653400298,48.33275245399257
LTBR,False,0,15,1,88,1.881720430107527,True,estimated,1.0,1.0,,0.07326029653400298,48.33275245399257
LUC7L2,False,0,15,1,88,1.881720430107527,True,estimated,1.0,1.0,,0.07326029653400298,48.33275245399257
LVRN,False,0,15,2,88,1.1161290322580646,True,estimated,1.0,1.0,,0.05108306493110792,24.386634167886562
LXN,False,0,15,1,88,1.881720430107527,True,estimated,1.0,1.0,,0.07326029653400298,48.33275245399257
LY75,False,0,15,1,88,1.881720430107527,True,estimated,1.0,1.0,,0.07326029653400298,48.33275245399257
LY9,False,0,15,1,88,1.881720430107527,True,estimated,1.0,1.0,,0.07326029653400298,48.33275245399257
LY96,False,0,15,1,88,1.881720430107527,True,estimated,1.0,1.0,,0.07326029653400298,48.33275245399257
LYPD3,False,0,15,1,88,1.881720430107527,True,estimated,1.0,1.0,,0.07326029653400298,48.33275245399257
LZTR1,False,0,15,1,88,1.881720430107527,True,estimated,1.0,1.0,,0.07326029653400298,48.33275245399257
LZTS3,False,0,15,1,88,1.881720430107527,True,estimated,1.0,1.0,,0.07326029653400298,48.33275245399257
M1AP,False,0,15,1,88,1.881720430107527,True,estimated,1.0,1.0,,0.07326029653400298,48.33275245399257
MAB21L1,False,0,15,1,88,1.881720430107527,True,estimated,1.0,1.0,,0.07326029653400298,48.33275245399257
MACIR,False,0,15,1,88,1.881720430107527,True,estimated,1.0,1.0,,0.07326029653400298,48.33275245399257
MACROD2,False,0,15,2,88,1.1161290322580646,True,estimated,1.0,1.0,,0.05108306493110792,24.386634167886562
MADD,False,0,15,2,88,1.1161290322580646,True,estimated,1.0,1.0,,0.05108306493110792,24.386634167886562
MAGEE1,False,0,15,2,88,1.1161290322580646,True,estimated,1.0,1.0,,0.05108306493110792,24.386634167886562
MAGEE2,False,0,15,1,88,1.881720430107527,True,estimated,1.0,1.0,,0.07326029653400298,48.33275245399257
MAGI2,False,0,15,1,88,1.881720430107527,True,estimated,1.0,1.0,,0.07326029653400298,48.33275245399257
MAGI3,False,0,15,3,88,0.7880184331797235,True,estimated,1.0,1.0,,0.03875592896792058,16.02265943734762
MAGT1,False,0,15,1,88,1.881720430107527,True,estimated,1.0,1.0,,0.07326029653400298,48.33275245399257
MAML1,False,0,15,1,88,1.881720430107527,True,estimated,1.0,1.0,,0.07326029653400298,48.33275245399257
MAMLD1,False,0,15,1,88,1.881720430107527,True,estimated,1.0,1.0,,0.07326029653400298,48.33275245399257
MAN2A1,False,0,15,1,88,1.881720430107527,True,estimated,1.0,1.0,,0.07326029653400298,48.33275245399257
MAN2C1,False,0,15,4,88,0.6057347670250897,True,estimated,1.0,1.0,,0.03102761179503423,11.825422156456852
MANSC1,False,0,15,1,88,1.881720430107527,True,estimated,1.0,1.0,,0.07326029653400298,48.33275245399257
MAP10,False,0,15,1,88,1.881720430107527,True,estimated,1.0,1.0,,0.07326029653400298,48.33275245399257
MAP1A,False,0,15,1,88,1.881720430107527,True,estimated,1.0,1.0,,0.07326029653400298,48.33275245399257
MAP1B,False,0,15,1,88,1.881720430107527,True,estimated,1.0,1.0,,0.07326029653400298,48.33275245399257
MAP3K1,False,0,15,1,88,1.881720430107527,True,estimated,1.0,1.0,,0.07326029653400298,48.33275245399257
MAP3K10,False,0,15,1,88,1.881720430107527,True,estimated,1.0,1.0,,0.07326029653400298,48.33275245399257
MAP3K12,False,0,15,1,88,1.881720430107527,True,estimated,1.0,1.0,,0.07326029653400298,48.33275245399257
MAP3K13,False,0,15,1,88,1.881720430107527,True,estimated,1.0,1.0,,0.07326029653400298,48.33275245399257
MAP3K15,False,0,15,1,88,1.881720430107527,True,estimated,1.0,1.0,,0.07326029653400298,48.33275245399257
MAP3K4,False,0,15,1,88,1.881720430107527,True,estimated,1.0,1.0,,0.07326029653400298,48.33275245399257
MAP3K6,False,0,15,2,88,1.1161290322580646,True,estimated,1.0,1.0,,0.05108306493110792,24.386634167886562
MAP9,False,0,15,1,88,1.881720430107527,True,estimated,1.0,1.0,,0.07326029653400298,48.33275245399257
MAPK12,False,0,15,1,88,1.881720430107527,True,estimated,1.0,1.0,,0.07326029653400298,48.33275245399257
MAPK15,False,0,15,1,88,1.881720430107527,True,estimated,1.0,1.0,,0.07326029653400298,48.33275245399257
MAPK4,False,0,15,1,88,1.881720430107527,True,estimated,1.0,1.0,,0.07326029653400298,48.33275245399257
MAPK6,False,0,15,1,88,1.881720430107527,True,estimated,1.0,1.0,,0.07326029653400298,48.33275245399257
MAPK8IP1,False,0,15,1,88,1.881720430107527,True,estimated,1.0,1.0,,0.07326029653400298,48.33275245399257
MAPKAPK2,False,0,15,1,88,1.881720430107527,True,estimated,1.0,1.0,,0.07326029653400298,48.33275245399257
MAPT,False,0,15,2,88,1.1161290322580646,True,estimated,1.0,1.0,,0.05108306493110792,24.386634167886562
MARCHF10,False,0,15,2,88,1.1161290322580646,True,estimated,1.0,1.0,,0.05108306493110792,24.386634167886562
MARF1,False,0,15,3,88,0.7880184331797235,True,estimated,1.0,1.0,,0.03875592896792058,16.02265943734762
MARK1,False,0,15,1,88,1.881720430107527,True,estimated,1.0,1.0,,0.07326029653400298,48.33275245399257
MARK3,False,0,15,1,88,1.881720430107527,True,estimated,1.0,1.0,,0.07326029653400298,48.33275245399257
MARK4,False,0,15,1,88,1.881720430107527,True,estimated,1.0,1.0,,0.07326029653400298,48.33275245399257
MARS1,False,0,15,1,88,1.881720430107527,True,estimated,1.0,1.0,,0.07326029653400298,48.33275245399257
MAS1,False,0,15,1,88,1.881720430107527,True,estimated,1.0,1.0,,0.07326029653400298,48.33275245399257
MAST2,False,0,15,2,88,1.1161290322580646,True,estimated,1.0,1.0,,0.05108306493110792,24.386634167886562
MAST3,False,0,15,1,88,1.881720430107527,True,estimated,1.0,1.0,,0.07326029653400298,48.33275245399257
MAST4,False,0,15,2,88,1.1161290322580646,True,estimated,1.0,1.0,,0.05108306493110792,24.386634167886562
MAU2,False,0,15,1,88,1.881720430107527,True,estimated,1.0,1.0,,0.07326029653400298,48.33275245399257
MAX,False,0,15,1,88,1.881720430107527,True,estimated,1.0,1.0,,0.07326029653400298,48.33275245399257
MBD4,False,0,15,1,88,1.881720430107527,True,estimated,1.0,1.0,,0.07326029653400298,48.33275245399257
MBNL1,False,0,15,1,88,1.881720430107527,True,estimated,1.0,1.0,,0.07326029653400298,48.33275245399257
MC3R,False,0,15,1,88,1.881720430107527,True,estimated,1.0,1.0,,0.07326029653400298,48.33275245399257
MC4R,False,0,15,1,88,1.881720430107527,True,estimated,1.0,1.0,,0.07326029653400298,48.33275245399257
MCEE,False,0,15,1,88,1.881720430107527,True,estimated,1.0,1.0,,0.07326029653400298,48.33275245399257
MCM5,False,0,15,1,88,1.881720430107527,True,estimated,1.0,1.0,,0.07326029653400298,48.33275245399257
MCM7,False,0,15,1,88,1.881720430107527,True,estimated,1.0,1.0,,0.07326029653400298,48.33275245399257
MCOLN2,False,0,15,1,88,1.881720430107527,True,estimated,1.0,1.0,,0.07326029653400298,48.33275245399257
MCPH1,False,0,15,1,88,1.881720430107527,True,estimated,1.0,1.0,,0.07326029653400298,48.33275245399257
MCTP1,False,0,15,1,88,1.881720430107527,True,estimated,1.0,1.0,,0.07326029653400298,48.33275245399257
MCTP2,False,0,15,1,88,1.881720430107527,True,estimated,1.0,1.0,,0.07326029653400298,48.33275245399257
MDN1,False,0,15,1,88,1.881720430107527,True,estimated,1.0,1.0,,0.07326029653400298,48.33275245399257
MECP2,False,0,15,1,88,1.881720430107527,True,estimated,1.0,1.0,,0.07326029653400298,48.33275245399257
MED12,False,0,15,1,88,1.881720430107527,True,estimated,1.0,1.0,,0.07326029653400298,48.33275245399257
MED12L,False,0,15,1,88,1.881720430107527,True,estimated,1.0,1.0,,0.07326029653400298,48.33275245399257
MED13,False,0,15,1,88,1.881720430107527,True,estimated,1.0,1.0,,0.07326029653400298,48.33275245399257
MED25,False,0,15,1,88,1.881720430107527,True,estimated,1.0,1.0,,0.07326029653400298,48.33275245399257
MED30,False,0,15,1,88,1.881720430107527,True,estimated,1.0,1.0,,0.07326029653400298,48.33275245399257
MED7,False,0,15,1,88,1.881720430107527,True,estimated,1.0,1.0,,0.07326029653400298,48.33275245399257
MEF2D,False,0,15,1,88,1.881720430107527,True,estimated,1.0,1.0,,0.07326029653400298,48.33275245399257
MEGF10,False,0,15,3,88,0.7880184331797235,True,estimated,1.0,1.0,,0.03875592896792058,16.02265943734762
MEGF9,False,0,15,1,88,1.881720430107527,True,estimated,1.0,1.0,,0.07326029653400298,48.33275245399257
MEIOC,False,0,15,1,88,1.881720430107527,True,estimated,1.0,1.0,,0.07326029653400298,48.33275245399257
MEIS1,False,0,15,1,88,1.881720430107527,True,estimated,1.0,1.0,,0.07326029653400298,48.33275245399257
MEMO1,False,0,15,2,88,1.1161290322580646,True,estimated,1.0,1.0,,0.05108306493110792,24.386634167886562
MEP1B,False,0,15,1,88,1.881720430107527,True,estimated,1.0,1.0,,0.07326029653400298,48.33275245399257
MERTK,False,0,15,2,88,1.1161290322580646,True,estimated,1.0,1.0,,0.05108306493110792,24.386634167886562
METTL4,False,0,15,1,88,1.881720430107527,True,estimated,1.0,1.0,,0.07326029653400298,48.33275245399257
METTL9,False,0,15,1,88,1.881720430107527,True,estimated,1.0,1.0,,0.07326029653400298,48.33275245399257
MFAP2,False,0,15,1,88,1.881720430107527,True,estimated,1.0,1.0,,0.07326029653400298,48.33275245399257
MFHAS1,False,0,15,1,88,1.881720430107527,True,estimated,1.0,1.0,,0.07326029653400298,48.33275245399257
MGA,False,0,15,3,88,0.7880184331797235,True,estimated,1.0,1.0,,0.03875592896792058,16.02265943734762
MGAM,False,0,15,2,88,1.1161290322580646,True,estimated,1.0,1.0,,0.05108306493110792,24.386634167886562
MGARP,False,0,15,1,88,1.881720430107527,True,estimated,1.0,1.0,,0.07326029653400298,48.33275245399257
MGAT5,False,0,15,1,88,1.881720430107527,True,estimated,1.0,1.0,,0.07326029653400298,48.33275245399257
MIA2,False,0,15,1,88,1.881720430107527,True,estimated,1.0,1.0,,0.07326029653400298,48.33275245399257
MICAL1,False,0,15,1,88,1.881720430107527,True,estimated,1.0,1.0,,0.07326029653400298,48.33275245399257
MICAL2,False,0,15,2,88,1.1161290322580646,True,estimated,1.0,1.0,,0.05108306493110792,24.386634167886562
MICB,False,0,15,1,88,1.881720430107527,True,estimated,1.0,1.0,,0.07326029653400298,48.33275245399257
MICU1,False,0,15,1,88,1.881720430107527,True,estimated,1.0,1.0,,0.07326029653400298,48.33275245399257
MIDEAS,False,0,15,1,88,1.881720430107527,True,estimated,1.0,1.0,,0.07326029653400298,48.33275245399257
MIGA1,False,0,15,1,88,1.881720430107527,True,estimated,1.0,1.0,,0.07326029653400298,48.33275245399257
MINDY3,False,0,15,1,88,1.881720430107527,True,estimated,1.0,1.0,,0.07326029653400298,48.33275245399257
MINK1,False,0,15,1,88,1.881720430107527,True,estimated,1.0,1.0,,0.07326029653400298,48.33275245399257
MIS18A,False,0,15,1,88,1.881720430107527,True,estimated,1.0,1.0,,0.07326029653400298,48.33275245399257
MKKS,False,0,15,1,88,1.881720430107527,True,estimated,1.0,1.0,,0.07326029653400298,48.33275245399257
MKRN3,False,0,15,1,88,1.881720430107527,True,estimated,1.0,1.0,,0.07326029653400298,48.33275245399257
MKS1,False,0,15,1,88,1.881720430107527,True,estimated,1.0,1.0,,0.07326029653400298,48.33275245399257
MLEC,False,0,15,1,88,1.881720430107527,True,estimated,1.0,1.0,,0.07326029653400298,48.33275245399257
MLIP,False,0,15,1,88,1.881720430107527,True,estimated,1.0,1.0,,0.07326029653400298,48.33275245399257
MMAB,False,0,15,1,88,1.881720430107527,True,estimated,1.0,1.0,,0.07326029653400298,48.33275245399257
MMP25,False,0,15,1,88,1.881720430107527,True,estimated,1.0,1.0,,0.07326029653400298,48.33275245399257
MMUT,False,0,15,1,88,1.881720430107527,True,estimated,1.0,1.0,,0.07326029653400298,48.33275245399257
MN1,False,0,15,1,88,1.881720430107527,True,estimated,1.0,1.0,,0.07326029653400298,48.33275245399257
MOB2,False,0,15,1,88,1.881720430107527,True,estimated,1.0,1.0,,0.07326029653400298,48.33275245399257
MON2,False,0,15,1,88,1.881720430107527,True,estimated,1.0,1.0,,0.07326029653400298,48.33275245399257
MORC3,False,0,15,1,88,1.881720430107527,True,estimated,1.0,1.0,,0.07326029653400298,48.33275245399257
MORC4,False,0,15,2,88,1.1161290322580646,True,estimated,1.0,1.0,,0.05108306493110792,24.386634167886562
MOV10L1,False,0,15,1,88,1.881720430107527,True,estimated,1.0,1.0,,0.07326029653400298,48.33275245399257
MPC2,False,0,15,1,88,1.881720430107527,True,estimated,1.0,1.0,,0.07326029653400298,48.33275245399257
MPDZ,False,0,15,1,88,1.881720430107527,True,estimated,1.0,1.0,,0.07326029653400298,48.33275245399257
MPO,False,0,15,1,88,1.881720430107527,True,estimated,1.0,1.0,,0.07326029653400298,48.33275245399257
MPP5,False,0,15,1,88,1.881720430107527,True,estimated,1.0,1.0,,0.07326029653400298,48.33275245399257
MPST,False,0,15,1,88,1.881720430107527,True,estimated,1.0,1.0,,0.07326029653400298,48.33275245399257
MPV17L,False,0,15,1,88,1.881720430107527,True,estimated,1.0,1.0,,0.07326029653400298,48.33275245399257
MRGPRX3,False,0,15,2,88,1.1161290322580646,True,estimated,1.0,1.0,,0.05108306493110792,24.386634167886562
MRGPRX4,False,0,15,1,88,1.881720430107527,True,estimated,1.0,1.0,,0.07326029653400298,48.33275245399257
MRPL14,False,0,15,1,88,1.881720430107527,True,estimated,1.0,1.0,,0.07326029653400298,48.33275245399257
MRPL22,False,0,15,1,88,1.881720430107527,True,estimated,1.0,1.0,,0.07326029653400298,48.33275245399257
MRPL32,False,0,15,1,88,1.881720430107527,True,estimated,1.0,1.0,,0.07326029653400298,48.33275245399257
MRPS15,False,0,15,1,88,1.881720430107527,True,estimated,1.0,1.0,,0.07326029653400298,48.33275245399257
MRPS17,False,0,15,1,88,1.881720430107527,True,estimated,1.0,1.0,,0.07326029653400298,48.33275245399257
MRPS21,False,0,15,1,88,1.881720430107527,True,estimated,1.0,1.0,,0.07326029653400298,48.33275245399257
MS4A10,False,0,15,1,88,1.881720430107527,True,estimated,1.0,1.0,,0.07326029653400298,48.33275245399257
MS4A12,False,0,15,1,88,1.881720430107527,True,estimated,1.0,1.0,,0.07326029653400298,48.33275245399257
MS4A14,False,0,15,1,88,1.881720430107527,True,estimated,1.0,1.0,,0.07326029653400298,48.33275245399257
MS4A6E,False,0,15,1,88,1.881720430107527,True,estimated,1.0,1.0,,0.07326029653400298,48.33275245399257
MSH6,False,0,15,1,88,1.881720430107527,True,estimated,1.0,1.0,,0.07326029653400298,48.33275245399257
MSL3,False,0,15,1,88,1.881720430107527,True,estimated,1.0,1.0,,0.07326029653400298,48.33275245399257
MSLN,False,0,15,1,88,1.881720430107527,True,estimated,1.0,1.0,,0.07326029653400298,48.33275245399257
MSLNL,False,0,15,1,88,1.881720430107527,True,estimated,1.0,1.0,,0.07326029653400298,48.33275245399257
MSR1,False,0,15,1,88,1.881720430107527,True,estimated,1.0,1.0,,0.07326029653400298,48.33275245399257
MSRB1,False,0,15,1,88,1.881720430107527,True,estimated,1.0,1.0,,0.07326029653400298,48.33275245399257
MSS51,False,0,15,1,88,1.881720430107527,True,estimated,1.0,1.0,,0.07326029653400298,48.33275245399257
MT1G,False,0,15,1,88,1.881720430107527,True,estimated,1.0,1.0,,0.07326029653400298,48.33275245399257
MTA2,False,0,15,1,88,1.881720430107527,True,estimated,1.0,1.0,,0.07326029653400298,48.33275245399257
MTA3,False,0,15,1,88,1.881720430107527,True,estimated,1.0,1.0,,0.07326029653400298,48.33275245399257
MTAP,False,0,15,2,88,1.1161290322580646,True,estimated,1.0,1.0,,0.05108306493110792,24.386634167886562
MTDH,False,0,15,1,88,1.881720430107527,True,estimated,1.0,1.0,,0.07326029653400298,48.33275245399257
MTERF1,False,0,15,1,88,1.881720430107527,True,estimated,1.0,1.0,,0.07326029653400298,48.33275245399257
MTERF3,False,0,15,1,88,1.881720430107527,True,estimated,1.0,1.0,,0.07326029653400298,48.33275245399257
MTHFD1,False,0,15,1,88,1.881720430107527,True,estimated,1.0,1.0,,0.07326029653400298,48.33275245399257
MTMR10,False,0,15,1,88,1.881720430107527,True,estimated,1.0,1.0,,0.07326029653400298,48.33275245399257
MTMR11,False,0,15,1,88,1.881720430107527,True,estimated,1.0,1.0,,0.07326029653400298,48.33275245399257
MTMR2,False,0,15,1,88,1.881720430107527,True,estimated,1.0,1.0,,0.07326029653400298,48.33275245399257
MTMR4,False,0,15,1,88,1.881720430107527,True,estimated,1.0,1.0,,0.07326029653400298,48.33275245399257
MTMR7,False,0,15,1,88,1.881720430107527,True,estimated,1.0,1.0,,0.07326029653400298,48.33275245399257
MTMR8,False,0,15,1,88,1.881720430107527,True,estimated,1.0,1.0,,0.07326029653400298,48.33275245399257
MTSS1,False,0,15,1,88,1.881720430107527,True,estimated,1.0,1.0,,0.07326029653400298,48.33275245399257
MTUS1,False,0,15,1,88,1.881720430107527,True,estimated,1.0,1.0,,0.07326029653400298,48.33275245399257
MTUS2,False,0,15,2,88,1.1161290322580646,True,estimated,1.0,1.0,,0.05108306493110792,24.386634167886562
MUC2,False,0,15,1,88,1.881720430107527,True,estimated,1.0,1.0,,0.07326029653400298,48.33275245399257
MUC21,False,0,15,1,88,1.881720430107527,True,estimated,1.0,1.0,,0.07326029653400298,48.33275245399257
MUC5B,False,0,15,2,88,1.1161290322580646,True,estimated,1.0,1.0,,0.05108306493110792,24.386634167886562
MUTYH,False,0,15,1,88,1.881720430107527,True,estimated,1.0,1.0,,0.07326029653400298,48.33275245399257
MXRA5,False,0,15,2,88,1.1161290322580646,True,estimated,1.0,1.0,,0.05108306493110792,24.386634167886562
MYBBP1A,False,0,15,1,88,1.881720430107527,True,estimated,1.0,1.0,,0.07326029653400298,48.33275245399257
MYBPC1,False,0,15,1,88,1.881720430107527,True,estimated,1.0,1.0,,0.07326029653400298,48.33275245399257
MYCBP2,False,0,15,2,88,1.1161290322580646,True,estimated,1.0,1.0,,0.05108306493110792,24.386634167886562
MYH11,False,0,15,2,88,1.1161290322580646,True,estimated,1.0,1.0,,0.05108306493110792,24.386634167886562
MYH14,False,0,15,1,88,1.881720430107527,True,estimated,1.0,1.0,,0.07326029653400298,48.33275245399257
MYH4,False,0,15,4,88,0.6057347670250897,True,estimated,1.0,1.0,,0.03102761179503423,11.825422156456852
MYH7B,False,0,15,2,88,1.1161290322580646,True,estimated,1.0,1.0,,0.05108306493110792,24.386634167886562
MYNN,False,0,15,1,88,1.881720430107527,True,estimated,1.0,1.0,,0.07326029653400298,48.33275245399257
MYO15A,False,0,15,1,88,1.881720430107527,True,estimated,1.0,1.0,,0.07326029653400298,48.33275245399257
MYO16,False,0,15,1,88,1.881720430107527,True,estimated,1.0,1.0,,0.07326029653400298,48.33275245399257
MYO18A,False,0,15,1,88,1.881720430107527,True,estimated,1.0,1.0,,0.07326029653400298,48.33275245399257
MYO18B,False,0,15,1,88,1.881720430107527,True,estimated,1.0,1.0,,0.07326029653400298,48.33275245399257
MYO1B,False,0,15,1,88,1.881720430107527,True,estimated,1.0,1.0,,0.07326029653400298,48.33275245399257
MYO1E,False,0,15,2,88,1.1161290322580646,True,estimated,1.0,1.0,,0.05108306493110792,24.386634167886562
MYO1F,False,0,15,1,88,1.881720430107527,True,estimated,1.0,1.0,,0.07326029653400298,48.33275245399257
MYO3A,False,0,15,1,88,1.881720430107527,True,estimated,1.0,1.0,,0.07326029653400298,48.33275245399257
MYO3B,False,0,15,1,88,1.881720430107527,True,estimated,1.0,1.0,,0.07326029653400298,48.33275245399257
MYO5B,False,0,15,2,88,1.1161290322580646,True,estimated,1.0,1.0,,0.05108306493110792,24.386634167886562
MYO7A,False,0,15,1,88,1.881720430107527,True,estimated,1.0,1.0,,0.07326029653400298,48.33275245399257
MYO9B,False,0,15,1,88,1.881720430107527,True,estimated,1.0,1.0,,0.07326029653400298,48.33275245399257
MYOC,False,0,15,1,88,1.881720430107527,True,estimated,1.0,1.0,,0.07326029653400298,48.33275245399257
MYOM1,False,0,15,2,88,1.1161290322580646,True,estimated,1.0,1.0,,0.05108306493110792,24.386634167886562
MYOM3,False,0,15,2,88,1.1161290322580646,True,estimated,1.0,1.0,,0.05108306493110792,24.386634167886562
MYRF,False,0,15,1,88,1.881720430107527,True,estimated,1.0,1.0,,0.07326029653400298,48.33275245399257
MYSM1,False,0,15,1,88,1.881720430107527,True,estimated,1.0,1.0,,0.07326029653400298,48.33275245399257
N4BP1,False,0,15,1,88,1.881720430107527,True,estimated,1.0,1.0,,0.07326029653400298,48.33275245399257
N4BP2L2,False,0,15,2,88,1.1161290322580646,True,estimated,1.0,1.0,,0.05108306493110792,24.386634167886562
N6AMT1,False,0,15,1,88,1.881720430107527,True,estimated,1.0,1.0,,0.07326029653400298,48.33275245399257
NAA10,False,0,15,1,88,1.881720430107527,True,estimated,1.0,1.0,,0.07326029653400298,48.33275245399257
NAA20,False,0,15,1,88,1.881720430107527,True,estimated,1.0,1.0,,0.07326029653400298,48.33275245399257
NAALAD2,False,0,15,1,88,1.881720430107527,True,estimated,1.0,1.0,,0.07326029653400298,48.33275245399257
NAGK,False,0,15,1,88,1.881720430107527,True,estimated,1.0,1.0,,0.07326029653400298,48.33275245399257
NALCN,False,0,15,2,88,1.1161290322580646,True,estimated,1.0,1.0,,0.05108306493110792,24.386634167886562
NAMPT,False,0,15,1,88,1.881720430107527,True,estimated,1.0,1.0,,0.07326029653400298,48.33275245399257
NANS,False,0,15,1,88,1.881720430107527,True,estimated,1.0,1.0,,0.07326029653400298,48.33275245399257
NAP1L2,False,0,15,3,88,0.7880184331797235,True,estimated,1.0,1.0,,0.03875592896792058,16.02265943734762
NARF,False,0,15,1,88,1.881720430107527,True,estimated,1.0,1.0,,0.07326029653400298,48.33275245399257
NAT9,False,0,15,1,88,1.881720430107527,True,estimated,1.0,1.0,,0.07326029653400298,48.33275245399257
NATD1,False,0,15,1,88,1.881720430107527,True,estimated,1.0,1.0,,0.07326029653400298,48.33275245399257
NAV3,False,0,15,3,88,0.7880184331797235,True,estimated,1.0,1.0,,0.03875592896792058,16.02265943734762
NBEAL1,False,0,15,1,88,1.881720430107527,True,estimated,1.0,1.0,,0.07326029653400298,48.33275245399257
NBPF11,False,0,15,1,88,1.881720430107527,True,estimated,1.0,1.0,,0.07326029653400298,48.33275245399257
NBPF15,False,0,15,2,88,1.1161290322580646,True,estimated,1.0,1.0,,0.05108306493110792,24.386634167886562
NBR1,False,0,15,2,88,1.1161290322580646,True,estimated,1.0,1.0,,0.05108306493110792,24.386634167886562
NCAPD3,False,0,15,1,88,1.881720430107527,True,estimated,1.0,1.0,,0.07326029653400298,48.33275245399257
NCAPH2,False,0,15,1,88,1.881720430107527,True,estimated,1.0,1.0,,0.07326029653400298,48.33275245399257
NCDN,False,0,15,1,88,1.881720430107527,True,estimated,1.0,1.0,,0.07326029653400298,48.33275245399257
NCEH1,False,0,15,1,88,1.881720430107527,True,estimated,1.0,1.0,,0.07326029653400298,48.33275245399257
NCF1,False,0,15,1,88,1.881720430107527,True,estimated,1.0,1.0,,0.07326029653400298,48.33275245399257
NCF2,False,0,15,1,88,1.881720430107527,True,estimated,1.0,1.0,,0.07326029653400298,48.33275245399257
NCL,False,0,15,3,88,0.7880184331797235,True,estimated,1.0,1.0,,0.03875592896792058,16.02265943734762
NCOA3,False,0,15,1,88,1.881720430107527,True,estimated,1.0,1.0,,0.07326029653400298,48.33275245399257
NCOA4,False,0,15,3,88,0.7880184331797235,True,estimated,1.0,1.0,,0.03875592896792058,16.02265943734762
NCOA6,False,0,15,1,88,1.881720430107527,True,estimated,1.0,1.0,,0.07326029653400298,48.33275245399257
NCOR2,False,0,15,1,88,1.881720430107527,True,estimated,1.0,1.0,,0.07326029653400298,48.33275245399257
NDC80,False,0,15,1,88,1.881720430107527,True,estimated,1.0,1.0,,0.07326029653400298,48.33275245399257
NDST4,False,0,15,3,88,0.7880184331797235,True,estimated,1.0,1.0,,0.03875592896792058,16.02265943734762
NDUFA10,False,0,15,1,88,1.881720430107527,True,estimated,1.0,1.0,,0.07326029653400298,48.33275245399257
NDUFC1,False,0,15,1,88,1.881720430107527,True,estimated,1.0,1.0,,0.07326029653400298,48.33275245399257
NEB,False,0,15,1,88,1.881720430107527,True,estimated,1.0,1.0,,0.07326029653400298,48.33275245399257
NEBL,False,0,15,1,88,1.881720430107527,True,estimated,1.0,1.0,,0.07326029653400298,48.33275245399257
NECTIN2,False,0,15,1,88,1.881720430107527,True,estimated,1.0,1.0,,0.07326029653400298,48.33275245399257
NEDD1,False,0,15,1,88,1.881720430107527,True,estimated,1.0,1.0,,0.07326029653400298,48.33275245399257
NEDD9,False,0,15,1,88,1.881720430107527,True,estimated,1.0,1.0,,0.07326029653400298,48.33275245399257
NEIL1,False,0,15,1,88,1.881720430107527,True,estimated,1.0,1.0,,0.07326029653400298,48.33275245399257
NEK11,False,0,15,1,88,1.881720430107527,True,estimated,1.0,1.0,,0.07326029653400298,48.33275245399257
NEK3,False,0,15,1,88,1.881720430107527,True,estimated,1.0,1.0,,0.07326029653400298,48.33275245399257
NELFCD,False,0,15,1,88,1.881720430107527,True,estimated,1.0,1.0,,0.07326029653400298,48.33275245399257
NEO1,False,0,15,1,88,1.881720430107527,True,estimated,1.0,1.0,,0.07326029653400298,48.33275245399257
NEURL4,False,0,15,1,88,1.881720430107527,True,estimated,1.0,1.0,,0.07326029653400298,48.33275245399257
NEUROD2,False,0,15,1,88,1.881720430107527,True,estimated,1.0,1.0,,0.07326029653400298,48.33275245399257
NF1,False,0,15,1,88,1.881720430107527,True,estimated,1.0,1.0,,0.07326029653400298,48.33275245399257
NF2,False,0,15,2,88,1.1161290322580646,True,estimated,1.0,1.0,,0.05108306493110792,24.386634167886562
NFASC,False,0,15,1,88,1.881720430107527,True,estimated,1.0,1.0,,0.07326029653400298,48.33275245399257
NFAT5,False,0,15,1,88,1.881720430107527,True,estimated,1.0,1.0,,0.07326029653400298,48.33275245399257
NFATC2,False,0,15,1,88,1.881720430107527,True,estimated,1.0,1.0,,0.07326029653400298,48.33275245399257
NFE2L1,False,0,15,1,88,1.881720430107527,True,estimated,1.0,1.0,,0.07326029653400298,48.33275245399257
NFE2L3,False,0,15,1,88,1.881720430107527,True,estimated,1.0,1.0,,0.07326029653400298,48.33275245399257
NGLY1,False,0,15,1,88,1.881720430107527,True,estimated,1.0,1.0,,0.07326029653400298,48.33275245399257
NGRN,False,0,15,1,88,1.881720430107527,True,estimated,1.0,1.0,,0.07326029653400298,48.33275245399257
NHS,False,0,15,1,88,1.881720430107527,True,estimated,1.0,1.0,,0.07326029653400298,48.33275245399257
NHSL2,False,0,15,1,88,1.881720430107527,True,estimated,1.0,1.0,,0.07326029653400298,48.33275245399257
NID1,False,0,15,1,88,1.881720430107527,True,estimated,1.0,1.0,,0.07326029653400298,48.33275245399257
NID2,False,0,15,1,88,1.881720430107527,True,estimated,1.0,1.0,,0.07326029653400298,48.33275245399257
NIPAL3,False,0,15,1,88,1.881720430107527,True,estimated,1.0,1.0,,0.07326029653400298,48.33275245399257
NIPAL4,False,0,15,1,88,1.881720430107527,True,estimated,1.0,1.0,,0.07326029653400298,48.33275245399257
NIPBL,False,0,15,3,88,0.7880184331797235,True,estimated,1.0,1.0,,0.03875592896792058,16.02265943734762
NIPSNAP3B,False,0,15,1,88,1.881720430107527,True,estimated,1.0,1.0,,0.07326029653400298,48.33275245399257
NISCH,False,0,15,1,88,1.881720430107527,True,estimated,1.0,1.0,,0.07326029653400298,48.33275245399257
NKAP,False,0,15,1,88,1.881720430107527,True,estimated,1.0,1.0,,0.07326029653400298,48.33275245399257
NKAPL,False,0,15,1,88,1.881720430107527,True,estimated,1.0,1.0,,0.07326029653400298,48.33275245399257
NKG7,False,0,15,1,88,1.881720430107527,True,estimated,1.0,1.0,,0.07326029653400298,48.33275245399257
NKRF,False,0,15,1,88,1.881720430107527,True,estimated,1.0,1.0,,0.07326029653400298,48.33275245399257
NLE1,False,0,15,2,88,1.1161290322580646,True,estimated,1.0,1.0,,0.05108306493110792,24.386634167886562
NLGN1,False,0,15,1,88,1.881720430107527,True,estimated,1.0,1.0,,0.07326029653400298,48.33275245399257
NLRC5,False,0,15,1,88,1.881720430107527,True,estimated,1.0,1.0,,0.07326029653400298,48.33275245399257
NLRP4,False,0,15,1,88,1.881720430107527,True,estimated,1.0,1.0,,0.07326029653400298,48.33275245399257
NLRP6,False,0,15,1,88,1.881720430107527,True,estimated,1.0,1.0,,0.07326029653400298,48.33275245399257
NLRX1,False,0,15,1,88,1.881720430107527,True,estimated,1.0,1.0,,0.07326029653400298,48.33275245399257
NMD3,False,0,15,1,88,1.881720430107527,True,estimated,1.0,1.0,,0.07326029653400298,48.33275245399257
NMNAT3,False,0,15,1,88,1.881720430107527,True,estimated,1.0,1.0,,0.07326029653400298,48.33275245399257
NMT2,False,0,15,2,88,1.1161290322580646,True,estimated,1.0,1.0,,0.05108306493110792,24.386634167886562
NOD2,False,0,15,1,88,1.881720430107527,True,estimated,1.0,1.0,,0.07326029653400298,48.33275245399257
NOL11,False,0,15,1,88,1.881720430107527,True,estimated,1.0,1.0,,0.07326029653400298,48.33275245399257
NOL4L,False,0,15,1,88,1.881720430107527,True,estimated,1.0,1.0,,0.07326029653400298,48.33275245399257
NOL6,False,0,15,1,88,1.881720430107527,True,estimated,1.0,1.0,,0.07326029653400298,48.33275245399257
NOM1,False,0,15,2,88,1.1161290322580646,True,estimated,1.0,1.0,,0.05108306493110792,24.386634167886562
NONO,False,0,15,1,88,1.881720430107527,True,estimated,1.0,1.0,,0.07326029653400298,48.33275245399257
NOP2,False,0,15,1,88,1.881720430107527,True,estimated,1.0,1.0,,0.07326029653400298,48.33275245399257
NOS1,False,0,15,1,88,1.881720430107527,True,estimated,1.0,1.0,,0.07326029653400298,48.33275245399257
NOTCH2,False,0,15,1,88,1.881720430107527,True,estimated,1.0,1.0,,0.07326029653400298,48.33275245399257
NOTCH3,False,0,15,1,88,1.881720430107527,True,estimated,1.0,1.0,,0.07326029653400298,48.33275245399257
NOTCH4,False,0,15,1,88,1.881720430107527,True,estimated,1.0,1.0,,0.07326029653400298,48.33275245399257
NOX1,False,0,15,2,88,1.1161290322580646,True,estimated,1.0,1.0,,0.05108306493110792,24.386634167886562
NOX4,False,0,15,1,88,1.881720430107527,True,estimated,1.0,1.0,,0.07326029653400298,48.33275245399257
NPAS4,False,0,15,1,88,1.881720430107527,True,estimated,1.0,1.0,,0.07326029653400298,48.33275245399257
NPEPPS,False,0,15,1,88,1.881720430107527,True,estimated,1.0,1.0,,0.07326029653400298,48.33275245399257
NPFFR2,False,0,15,2,88,1.1161290322580646,True,estimated,1.0,1.0,,0.05108306493110792,24.386634167886562
NPHP3,False,0,15,1,88,1.881720430107527,True,estimated,1.0,1.0,,0.07326029653400298,48.33275245399257
NPHP4,False,0,15,2,88,1.1161290322580646,True,estimated,1.0,1.0,,0.05108306493110792,24.386634167886562
NPHS1,False,0,15,2,88,1.1161290322580646,True,estimated,1.0,1.0,,0.05108306493110792,24.386634167886562
NPNT,False,0,15,1,88,1.881720430107527,True,estimated,1.0,1.0,,0.07326029653400298,48.33275245399257
NPPA,False,0,15,1,88,1.881720430107527,True,estimated,1.0,1.0,,0.07326029653400298,48.33275245399257
NPR1,False,0,15,1,88,1.881720430107527,True,estimated,1.0,1.0,,0.07326029653400298,48.33275245399257
NPR2,False,0,15,1,88,1.881720430107527,True,estimated,1.0,1.0,,0.07326029653400298,48.33275245399257
NPTX1,False,0,15,1,88,1.881720430107527,True,estimated,1.0,1.0,,0.07326029653400298,48.33275245399257
NR1D2,False,0,15,1,88,1.881720430107527,True,estimated,1.0,1.0,,0.07326029653400298,48.33275245399257
NR1I3,False,0,15,1,88,1.881720430107527,True,estimated,1.0,1.0,,0.07326029653400298,48.33275245399257
NR2F2,False,0,15,2,88,1.1161290322580646,True,estimated,1.0,1.0,,0.05108306493110792,24.386634167886562
NR4A3,False,0,15,1,88,1.881720430107527,True,estimated,1.0,1.0,,0.07326029653400298,48.33275245399257
NRBF2,False,0,15,1,88,1.881720430107527,True,estimated,1.0,1.0,,0.07326029653400298,48.33275245399257
NRBP2,False,0,15,1,88,1.881720430107527,True,estimated,1.0,1.0,,0.07326029653400298,48.33275245399257
NRDC,False,0,15,2,88,1.1161290322580646,True,estimated,1.0,1.0,,0.05108306493110792,24.386634167886562
NRIP1,False,0,15,1,88,1.881720430107527,True,estimated,1.0,1.0,,0.07326029653400298,48.33275245399257
NRP1,False,0,15,1,88,1.881720430107527,True,estimated,1.0,1.0,,0.07326029653400298,48.33275245399257
NRROS,False,0,15,1,88,1.881720430107527,True,estimated,1.0,1.0,,0.07326029653400298,48.33275245399257
NRXN1,False,0,15,2,88,1.1161290322580646,True,estimated,1.0,1.0,,0.05108306493110792,24.386634167886562
NRXN2,False,0,15,1,88,1.881720430107527,True,estimated,1.0,1.0,,0.07326029653400298,48.33275245399257
NSMAF,False,0,15,1,88,1.881720430107527,True,estimated,1.0,1.0,,0.07326029653400298,48.33275245399257
NSMCE4A,False,0,15,1,88,1.881720430107527,True,estimated,1.0,1.0,,0.07326029653400298,48.33275245399257
NT5C1B,False,0,15,1,88,1.881720430107527,True,estimated,1.0,1.0,,0.07326029653400298,48.33275245399257
NT5C2,False,0,15,1,88,1.881720430107527,True,estimated,1.0,1.0,,0.07326029653400298,48.33275245399257
NT5DC3,False,0,15,2,88,1.1161290322580646,True,estimated,1.0,1.0,,0.05108306493110792,24.386634167886562
NT5M,False,0,15,1,88,1.881720430107527,True,estimated,1.0,1.0,,0.07326029653400298,48.33275245399257
NTHL1,False,0,15,1,88,1.881720430107527,True,estimated,1.0,1.0,,0.07326029653400298,48.33275245399257
NTRK2,False,0,15,1,88,1.881720430107527,True,estimated,1.0,1.0,,0.07326029653400298,48.33275245399257
NTRK3,False,0,15,1,88,1.881720430107527,True,estimated,1.0,1.0,,0.07326029653400298,48.33275245399257
NUDT21,False,0,15,1,88,1.881720430107527,True,estimated,1.0,1.0,,0.07326029653400298,48.33275245399257
NUMB,False,0,15,1,88,1.881720430107527,True,estimated,1.0,1.0,,0.07326029653400298,48.33275245399257
NUP133,False,0,15,1,88,1.881720430107527,True,estimated,1.0,1.0,,0.07326029653400298,48.33275245399257
NUP160,False,0,15,1,88,1.881720430107527,True,estimated,1.0,1.0,,0.07326029653400298,48.33275245399257
NUP205,False,0,15,3,88,0.7880184331797235,True,estimated,1.0,1.0,,0.03875592896792058,16.02265943734762
NUP210,False,0,15,1,88,1.881720430107527,True,estimated,1.0,1.0,,0.07326029653400298,48.33275245399257
NUP210L,False,0,15,1,88,1.881720430107527,True,estimated,1.0,1.0,,0.07326029653400298,48.33275245399257
NUP37,False,0,15,1,88,1.881720430107527,True,estimated,1.0,1.0,,0.07326029653400298,48.33275245399257
NUP50,False,0,15,1,88,1.881720430107527,True,estimated,1.0,1.0,,0.07326029653400298,48.33275245399257
NUTM1,False,0,15,2,88,1.1161290322580646,True,estimated,1.0,1.0,,0.05108306493110792,24.386634167886562
NUTM2G,False,0,15,1,88,1.881720430107527,True,estimated,1.0,1.0,,0.07326029653400298,48.33275245399257
NYAP1,False,0,15,1,88,1.881720430107527,True,estimated,1.0,1.0,,0.07326029653400298,48.33275245399257
OAZ3,False,0,15,1,88,1.881720430107527,True,estimated,1.0,1.0,,0.07326029653400298,48.33275245399257
OBSCN,False,0,15,1,88,1.881720430107527,True,estimated,1.0,1.0,,0.07326029653400298,48.33275245399257
OCRL,False,0,15,1,88,1.881720430107527,True,estimated,1.0,1.0,,0.07326029653400298,48.33275245399257
OGA,False,0,15,2,88,1.1161290322580646,True,estimated,1.0,1.0,,0.05108306493110792,24.386634167886562
OGDH,False,0,15,1,88,1.881720430107527,True,estimated,1.0,1.0,,0.07326029653400298,48.33275245399257
OGG1,False,0,15,1,88,1.881720430107527,True,estimated,1.0,1.0,,0.07326029653400298,48.33275245399257
OGT,False,0,15,1,88,1.881720430107527,True,estimated,1.0,1.0,,0.07326029653400298,48.33275245399257
OIT3,False,0,15,1,88,1.881720430107527,True,estimated,1.0,1.0,,0.07326029653400298,48.33275245399257
OLFM2,False,0,15,1,88,1.881720430107527,True,estimated,1.0,1.0,,0.07326029653400298,48.33275245399257
OLFM4,False,0,15,1,88,1.881720430107527,True,estimated,1.0,1.0,,0.07326029653400298,48.33275245399257
OMD,False,0,15,1,88,1.881720430107527,True,estimated,1.0,1.0,,0.07326029653400298,48.33275245399257
OPCML,False,0,15,1,88,1.881720430107527,True,estimated,1.0,1.0,,0.07326029653400298,48.33275245399257
OPRL1,False,0,15,1,88,1.881720430107527,True,estimated,1.0,1.0,,0.07326029653400298,48.33275245399257
OPTC,False,0,15,2,88,1.1161290322580646,True,estimated,1.0,1.0,,0.05108306493110792,24.386634167886562
OR10G7,False,0,15,2,88,1.1161290322580646,True,estimated,1.0,1.0,,0.05108306493110792,24.386634167886562
OR10H1,False,0,15,1,88,1.881720430107527,True,estimated,1.0,1.0,,0.07326029653400298,48.33275245399257
OR10H4,False,0,15,1,88,1.881720430107527,True,estimated,1.0,1.0,,0.07326029653400298,48.33275245399257
OR10K2,False,0,15,1,88,1.881720430107527,True,estimated,1.0,1.0,,0.07326029653400298,48.33275245399257
OR13G1,False,0,15,1,88,1.881720430107527,True,estimated,1.0,1.0,,0.07326029653400298,48.33275245399257
OR1C1,False,0,15,1,88,1.881720430107527,True,estimated,1.0,1.0,,0.07326029653400298,48.33275245399257
OR1D2,False,0,15,1,88,1.881720430107527,True,estimated,1.0,1.0,,0.07326029653400298,48.33275245399257
OR1L3,False,0,15,1,88,1.881720430107527,True,estimated,1.0,1.0,,0.07326029653400298,48.33275245399257
OR1S1,False,0,15,1,88,1.881720430107527,True,estimated,1.0,1.0,,0.07326029653400298,48.33275245399257
OR2AG1,False,0,15,1,88,1.881720430107527,True,estimated,1.0,1.0,,0.07326029653400298,48.33275245399257
OR2AG2,False,0,15,1,88,1.881720430107527,True,estimated,1.0,1.0,,0.07326029653400298,48.33275245399257
OR2J2,False,0,15,1,88,1.881720430107527,True,estimated,1.0,1.0,,0.07326029653400298,48.33275245399257
OR2T10,False,0,15,1,88,1.881720430107527,True,estimated,1.0,1.0,,0.07326029653400298,48.33275245399257
OR2T2,False,0,15,1,88,1.881720430107527,True,estimated,1.0,1.0,,0.07326029653400298,48.33275245399257
OR3A1,False,0,15,1,88,1.881720430107527,True,estimated,1.0,1.0,,0.07326029653400298,48.33275245399257
OR3A2,False,0,15,1,88,1.881720430107527,True,estimated,1.0,1.0,,0.07326029653400298,48.33275245399257
OR3A3,False,0,15,1,88,1.881720430107527,True,estimated,1.0,1.0,,0.07326029653400298,48.33275245399257
OR4A15,False,0,15,1,88,1.881720430107527,True,estimated,1.0,1.0,,0.07326029653400298,48.33275245399257
OR4B1,False,0,15,1,88,1.881720430107527,True,estimated,1.0,1.0,,0.07326029653400298,48.33275245399257
OR4C16,False,0,15,1,88,1.881720430107527,True,estimated,1.0,1.0,,0.07326029653400298,48.33275245399257
OR4D11,False,0,15,1,88,1.881720430107527,True,estimated,1.0,1.0,,0.07326029653400298,48.33275245399257
OR4K15,False,0,15,1,88,1.881720430107527,True,estimated,1.0,1.0,,0.07326029653400298,48.33275245399257
OR4K2,False,0,15,1,88,1.881720430107527,True,estimated,1.0,1.0,,0.07326029653400298,48.33275245399257
OR4K5,False,0,15,1,88,1.881720430107527,True,estimated,1.0,1.0,,0.07326029653400298,48.33275245399257
OR4N2,False,0,15,1,88,1.881720430107527,True,estimated,1.0,1.0,,0.07326029653400298,48.33275245399257
OR51D1,False,0,15,1,88,1.881720430107527,True,estimated,1.0,1.0,,0.07326029653400298,48.33275245399257
OR52E4,False,0,15,1,88,1.881720430107527,True,estimated,1.0,1.0,,0.07326029653400298,48.33275245399257
OR52I1,False,0,15,1,88,1.881720430107527,True,estimated,1.0,1.0,,0.07326029653400298,48.33275245399257
OR5AU1,False,0,15,1,88,1.881720430107527,True,estimated,1.0,1.0,,0.07326029653400298,48.33275245399257
OR5B12,False,0,15,1,88,1.881720430107527,True,estimated,1.0,1.0,,0.07326029653400298,48.33275245399257
OR5J2,False,0,15,1,88,1.881720430107527,True,estimated,1.0,1.0,,0.07326029653400298,48.33275245399257
OR5K2,False,0,15,1,88,1.881720430107527,True,estimated,1.0,1.0,,0.07326029653400298,48.33275245399257
OR5L1,False,0,15,1,88,1.881720430107527,True,estimated,1.0,1.0,,0.07326029653400298,48.33275245399257
OR5W2,False,0,15,1,88,1.881720430107527,True,estimated,1.0,1.0,,0.07326029653400298,48.33275245399257
OR6K2,False,0,15,2,88,1.1161290322580646,True,estimated,1.0,1.0,,0.05108306493110792,24.386634167886562
OR6N1,False,0,15,1,88,1.881720430107527,True,estimated,1.0,1.0,,0.07326029653400298,48.33275245399257
OR7A17,False,0,15,1,88,1.881720430107527,True,estimated,1.0,1.0,,0.07326029653400298,48.33275245399257
OR8B8,False,0,15,1,88,1.881720430107527,True,estimated,1.0,1.0,,0.07326029653400298,48.33275245399257
OR8D2,False,0,15,1,88,1.881720430107527,True,estimated,1.0,1.0,,0.07326029653400298,48.33275245399257
OR8I2,False,0,15,1,88,1.881720430107527,True,estimated,1.0,1.0,,0.07326029653400298,48.33275245399257
OR8S1,False,0,15,1,88,1.881720430107527,True,estimated,1.0,1.0,,0.07326029653400298,48.33275245399257
ORC1,False,0,15,1,88,1.881720430107527,True,estimated,1.0,1.0,,0.07326029653400298,48.33275245399257
ORC4,False,0,15,1,88,1.881720430107527,True,estimated,1.0,1.0,,0.07326029653400298,48.33275245399257
ORMDL3,False,0,15,1,88,1.881720430107527,True,estimated,1.0,1.0,,0.07326029653400298,48.33275245399257
OSBP2,False,0,15,1,88,1.881720430107527,True,estimated,1.0,1.0,,0.07326029653400298,48.33275245399257
OSBPL11,False,0,15,1,88,1.881720430107527,True,estimated,1.0,1.0,,0.07326029653400298,48.33275245399257
OSBPL3,False,0,15,1,88,1.881720430107527,True,estimated,1.0,1.0,,0.07326029653400298,48.33275245399257
OTOL1,False,0,15,1,88,1.881720430107527,True,estimated,1.0,1.0,,0.07326029653400298,48.33275245399257
OTOP1,False,0,15,1,88,1.881720430107527,True,estimated,1.0,1.0,,0.07326029653400298,48.33275245399257
OTULINL,False,0,15,1,88,1.881720430107527,True,estimated,1.0,1.0,,0.07326029653400298,48.33275245399257
OVCH2,False,0,15,1,88,1.881720430107527,True,estimated,1.0,1.0,,0.07326029653400298,48.33275245399257
OXCT1,False,0,15,1,88,1.881720430107527,True,estimated,1.0,1.0,,0.07326029653400298,48.33275245399257
P2RX2,False,0,15,1,88,1.881720430107527,True,estimated,1.0,1.0,,0.07326029653400298,48.33275245399257
P2RX6,False,0,15,1,88,1.881720430107527,True,estimated,1.0,1.0,,0.07326029653400298,48.33275245399257
P2RY12,False,0,15,1,88,1.881720430107527,True,estimated,1.0,1.0,,0.07326029653400298,48.33275245399257
P2RY14,False,0,15,1,88,1.881720430107527,True,estimated,1.0,1.0,,0.07326029653400298,48.33275245399257
P2RY8,False,0,15,1,88,1.881720430107527,True,estimated,1.0,1.0,,0.07326029653400298,48.33275245399257
PAAF1,False,0,15,1,88,1.881720430107527,True,estimated,1.0,1.0,,0.07326029653400298,48.33275245399257
PACSIN1,False,0,15,1,88,1.881720430107527,True,estimated,1.0,1.0,,0.07326029653400298,48.33275245399257
PADI2,False,0,15,1,88,1.881720430107527,True,estimated,1.0,1.0,,0.07326029653400298,48.33275245399257
PAFAH2,False,0,15,1,88,1.881720430107527,True,estimated,1.0,1.0,,0.07326029653400298,48.33275245399257
PAH,False,0,15,1,88,1.881720430107527,True,estimated,1.0,1.0,,0.07326029653400298,48.33275245399257
PAIP1,False,0,15,3,88,0.7880184331797235,True,estimated,1.0,1.0,,0.03875592896792058,16.02265943734762
PAK4,False,0,15,1,88,1.881720430107527,True,estimated,1.0,1.0,,0.07326029653400298,48.33275245399257
PALLD,False,0,15,1,88,1.881720430107527,True,estimated,1.0,1.0,,0.07326029653400298,48.33275245399257
PANK1,False,0,15,1,88,1.881720430107527,True,estimated,1.0,1.0,,0.07326029653400298,48.33275245399257
PANK2,False,0,15,2,88,1.1161290322580646,True,estimated,1.0,1.0,,0.05108306493110792,24.386634167886562
PAPOLA,False,0,15,1,88,1.881720430107527,True,estimated,1.0,1.0,,0.07326029653400298,48.33275245399257
PAPOLG,False,0,15,1,88,1.881720430107527,True,estimated,1.0,1.0,,0.07326029653400298,48.33275245399257
PAPSS2,False,0,15,1,88,1.881720430107527,True,estimated,1.0,1.0,,0.07326029653400298,48.33275245399257
PARD3,False,0,15,1,88,1.881720430107527,True,estimated,1.0,1.0,,0.07326029653400298,48.33275245399257
PARD6B,False,0,15,2,88,1.1161290322580646,True,estimated,1.0,1.0,,0.05108306493110792,24.386634167886562
PARP11,False,0,15,1,88,1.881720430107527,True,estimated,1.0,1.0,,0.07326029653400298,48.33275245399257
PARP12,False,0,15,1,88,1.881720430107527,True,estimated,1.0,1.0,,0.07326029653400298,48.33275245399257
PARP16,False,0,15,1,88,1.881720430107527,True,estimated,1.0,1.0,,0.07326029653400298,48.33275245399257
PASK,False,0,15,1,88,1.881720430107527,True,estimated,1.0,1.0,,0.07326029653400298,48.33275245399257
PAX4,False,0,15,1,88,1.881720430107527,True,estimated,1.0,1.0,,0.07326029653400298,48.33275245399257
PBLD,False,0,15,1,88,1.881720430107527,True,estimated,1.0,1.0,,0.07326029653400298,48.33275245399257
PCBP2,False,0,15,1,88,1.881720430107527,True,estimated,1.0,1.0,,0.07326029653400298,48.33275245399257
PCDH1,False,0,15,1,88,1.881720430107527,True,estimated,1.0,1.0,,0.07326029653400298,48.33275245399257
PCDH15,False,0,15,1,88,1.881720430107527,True,estimated,1.0,1.0,,0.07326029653400298,48.33275245399257
PCDH18,False,0,15,1,88,1.881720430107527,True,estimated,1.0,1.0,,0.07326029653400298,48.33275245399257
PCDH7,False,0,15,2,88,1.1161290322580646,True,estimated,1.0,1.0,,0.05108306493110792,24.386634167886562
PCDH9,False,0,15,1,88,1.881720430107527,True,estimated,1.0,1.0,,0.07326029653400298,48.33275245399257
PCDHA10,False,0,15,3,88,0.7880184331797235,True,estimated,1.0,1.0,,0.03875592896792058,16.02265943734762
PCDHA12,False,0,15,2,88,1.1161290322580646,True,estimated,1.0,1.0,,0.05108306493110792,24.386634167886562
PCDHA2,False,0,15,1,88,1.881720430107527,True,estimated,1.0,1.0,,0.07326029653400298,48.33275245399257
PCDHA5,False,0,15,2,88,1.1161290322580646,True,estimated,1.0,1.0,,0.05108306493110792,24.386634167886562
PCDHA6,False,0,15,1,88,1.881720430107527,True,estimated,1.0,1.0,,0.07326029653400298,48.33275245399257
PCDHA7,False,0,15,1,88,1.881720430107527,True,estimated,1.0,1.0,,0.07326029653400298,48.33275245399257
PCDHA9,False,0,15,1,88,1.881720430107527,True,estimated,1.0,1.0,,0.07326029653400298,48.33275245399257
PCDHAC2,False,0,15,1,88,1.881720430107527,True,estimated,1.0,1.0,,0.07326029653400298,48.33275245399257
PCDHB11,False,0,15,1,88,1.881720430107527,True,estimated,1.0,1.0,,0.07326029653400298,48.33275245399257
PCDHB13,False,0,15,1,88,1.881720430107527,True,estimated,1.0,1.0,,0.07326029653400298,48.33275245399257
PCDHB15,False,0,15,1,88,1.881720430107527,True,estimated,1.0,1.0,,0.07326029653400298,48.33275245399257
PCDHB2,False,0,15,1,88,1.881720430107527,True,estimated,1.0,1.0,,0.07326029653400298,48.33275245399257
PCDHB4,False,0,15,1,88,1.881720430107527,True,estimated,1.0,1.0,,0.07326029653400298,48.33275245399257
PCDHB7,False,0,15,2,88,1.1161290322580646,True,estimated,1.0,1.0,,0.05108306493110792,24.386634167886562
PCDHGA2,False,0,15,1,88,1.881720430107527,True,estimated,1.0,1.0,,0.07326029653400298,48.33275245399257
PCDHGB1,False,0,15,1,88,1.881720430107527,True,estimated,1.0,1.0,,0.07326029653400298,48.33275245399257
PCDHGB3,False,0,15,1,88,1.881720430107527,True,estimated,1.0,1.0,,0.07326029653400298,48.33275245399257
PCDHGB5,False,0,15,1,88,1.881720430107527,True,estimated,1.0,1.0,,0.07326029653400298,48.33275245399257
PCDHGB7,False,0,15,1,88,1.881720430107527,True,estimated,1.0,1.0,,0.07326029653400298,48.33275245399257
PCDHGC4,False,0,15,1,88,1.881720430107527,True,estimated,1.0,1.0,,0.07326029653400298,48.33275245399257
PCED1A,False,0,15,1,88,1.881720430107527,True,estimated,1.0,1.0,,0.07326029653400298,48.33275245399257
PCF11,False,0,15,2,88,1.1161290322580646,True,estimated,1.0,1.0,,0.05108306493110792,24.386634167886562
PCK1,False,0,15,1,88,1.881720430107527,True,estimated,1.0,1.0,,0.07326029653400298,48.33275245399257
PCK2,False,0,15,1,88,1.881720430107527,True,estimated,1.0,1.0,,0.07326029653400298,48.33275245399257
PCMTD1,False,0,15,1,88,1.881720430107527,True,estimated,1.0,1.0,,0.07326029653400298,48.33275245399257
PCNA,False,0,15,1,88,1.881720430107527,True,estimated,1.0,1.0,,0.07326029653400298,48.33275245399257
PCNT,False,0,15,1,88,1.881720430107527,True,estimated,1.0,1.0,,0.07326029653400298,48.33275245399257
PCNX1,False,0,15,3,88,0.7880184331797235,True,estimated,1.0,1.0,,0.03875592896792058,16.02265943734762
PCNX3,False,0,15,2,88,1.1161290322580646,True,estimated,1.0,1.0,,0.05108306493110792,24.386634167886562
PCNX4,False,0,15,1,88,1.881720430107527,True,estimated,1.0,1.0,,0.07326029653400298,48.33275245399257
PCP4L1,False,0,15,1,88,1.881720430107527,True,estimated,1.0,1.0,,0.07326029653400298,48.33275245399257
PCSK9,False,0,15,1,88,1.881720430107527,True,estimated,1.0,1.0,,0.07326029653400298,48.33275245399257
PCTP,False,0,15,1,88,1.881720430107527,True,estimated,1.0,1.0,,0.07326029653400298,48.33275245399257
PDCD11,False,0,15,1,88,1.881720430107527,True,estimated,1.0,1.0,,0.07326029653400298,48.33275245399257
PDE3A,False,0,15,1,88,1.881720430107527,True,estimated,1.0,1.0,,0.07326029653400298,48.33275245399257
PDE6A,False,0,15,1,88,1.881720430107527,True,estimated,1.0,1.0,,0.07326029653400298,48.33275245399257
PDE6B,False,0,15,1,88,1.881720430107527,True,estimated,1.0,1.0,,0.07326029653400298,48.33275245399257
PDE8A,False,0,15,1,88,1.881720430107527,True,estimated,1.0,1.0,,0.07326029653400298,48.33275245399257
PDIA6,False,0,15,1,88,1.881720430107527,True,estimated,1.0,1.0,,0.07326029653400298,48.33275245399257
PDK4,False,0,15,1,88,1.881720430107527,True,estimated,1.0,1.0,,0.07326029653400298,48.33275245399257
PDXDC1,False,0,15,1,88,1.881720430107527,True,estimated,1.0,1.0,,0.07326029653400298,48.33275245399257
PDZD3,False,0,15,1,88,1.881720430107527,True,estimated,1.0,1.0,,0.07326029653400298,48.33275245399257
PDZRN4,False,0,15,1,88,1.881720430107527,True,estimated,1.0,1.0,,0.07326029653400298,48.33275245399257
PEAK1,False,0,15,1,88,1.881720430107527,True,estimated,1.0,1.0,,0.07326029653400298,48.33275245399257
PELO,False,0,15,1,88,1.881720430107527,True,estimated,1.0,1.0,,0.07326029653400298,48.33275245399257
PELP1,False,0,15,1,88,1.881720430107527,True,estimated,1.0,1.0,,0.07326029653400298,48.33275245399257
PEPD,False,0,15,1,88,1.881720430107527,True,estimated,1.0,1.0,,0.07326029653400298,48.33275245399257
PER1,False,0,15,1,88,1.881720430107527,True,estimated,1.0,1.0,,0.07326029653400298,48.33275245399257
PEX6,False,0,15,1,88,1.881720430107527,True,estimated,1.0,1.0,,0.07326029653400298,48.33275245399257
PFKFB3,False,0,15,1,88,1.881720430107527,True,estimated,1.0,1.0,,0.07326029653400298,48.33275245399257
PFN4,False,0,15,1,88,1.881720430107527,True,estimated,1.0,1.0,,0.07326029653400298,48.33275245399257
PGAM2,False,0,15,1,88,1.881720430107527,True,estimated,1.0,1.0,,0.07326029653400298,48.33275245399257
PGBD2,False,0,15,1,88,1.881720430107527,True,estimated,1.0,1.0,,0.07326029653400298,48.33275245399257
PGBD4,False,0,15,1,88,1.881720430107527,True,estimated,1.0,1.0,,0.07326029653400298,48.33275245399257
PGC,False,0,15,1,88,1.881720430107527,True,estimated,1.0,1.0,,0.07326029653400298,48.33275245399257
PGLYRP2,False,0,15,1,88,1.881720430107527,True,estimated,1.0,1.0,,0.07326029653400298,48.33275245399257
PGM2,False,0,15,1,88,1.881720430107527,True,estimated,1.0,1.0,,0.07326029653400298,48.33275245399257
PGR,False,0,15,1,88,1.881720430107527,True,estimated,1.0,1.0,,0.07326029653400298,48.33275245399257
PHACTR1,False,0,15,1,88,1.881720430107527,True,estimated,1.0,1.0,,0.07326029653400298,48.33275245399257
PHB,False,0,15,1,88,1.881720430107527,True,estimated,1.0,1.0,,0.07326029653400298,48.33275245399257
PHF1,False,0,15,1,88,1.881720430107527,True,estimated,1.0,1.0,,0.07326029653400298,48.33275245399257
PHF10,False,0,15,1,88,1.881720430107527,True,estimated,1.0,1.0,,0.07326029653400298,48.33275245399257
PHF20,False,0,15,1,88,1.881720430107527,True,estimated,1.0,1.0,,0.07326029653400298,48.33275245399257
PHF3,False,0,15,2,88,1.1161290322580646,True,estimated,1.0,1.0,,0.05108306493110792,24.386634167886562
PHGDH,False,0,15,1,88,1.881720430107527,True,estimated,1.0,1.0,,0.07326029653400298,48.33275245399257
PHKA1,False,0,15,1,88,1.881720430107527,True,estimated,1.0,1.0,,0.07326029653400298,48.33275245399257
PHKB,False,0,15,1,88,1.881720430107527,True,estimated,1.0,1.0,,0.07326029653400298,48.33275245399257
PHLDB1,False,0,15,1,88,1.881720430107527,True,estimated,1.0,1.0,,0.07326029653400298,48.33275245399257
PHLDB3,False,0,15,1,88,1.881720430107527,True,estimated,1.0,1.0,,0.07326029653400298,48.33275245399257
PI4K2A,False,0,15,1,88,1.881720430107527,True,estimated,1.0,1.0,,0.07326029653400298,48.33275245399257
PI4KA,False,0,15,1,88,1.881720430107527,True,estimated,1.0,1.0,,0.07326029653400298,48.33275245399257
PIAS1,False,0,15,1,88,1.881720430107527,True,estimated,1.0,1.0,,0.07326029653400298,48.33275245399257
PIAS2,False,0,15,1,88,1.881720430107527,True,estimated,1.0,1.0,,0.07326029653400298,48.33275245399257
PIGC,False,0,15,1,88,1.881720430107527,True,estimated,1.0,1.0,,0.07326029653400298,48.33275245399257
PIGK,False,0,15,1,88,1.881720430107527,True,estimated,1.0,1.0,,0.07326029653400298,48.33275245399257
PIGO,False,0,15,1,88,1.881720430107527,True,estimated,1.0,1.0,,0.07326029653400298,48.33275245399257
PIGR,False,0,15,1,88,1.881720430107527,True,estimated,1.0,1.0,,0.07326029653400298,48.33275245399257
PIK3CG,False,0,15,1,88,1.881720430107527,True,estimated,1.0,1.0,,0.07326029653400298,48.33275245399257
PIK3R2,False,0,15,1,88,1.881720430107527,True,estimated,1.0,1.0,,0.07326029653400298,48.33275245399257
PIK3R6,False,0,15,1,88,1.881720430107527,True,estimated,1.0,1.0,,0.07326029653400298,48.33275245399257
PIKFYVE,False,0,15,2,88,1.1161290322580646,True,estimated,1.0,1.0,,0.05108306493110792,24.386634167886562
PIMREG,False,0,15,1,88,1.881720430107527,True,estimated,1.0,1.0,,0.07326029653400298,48.33275245399257
PIP5K1C,False,0,15,1,88,1.881720430107527,True,estimated,1.0,1.0,,0.07326029653400298,48.33275245399257
PITPNB,False,0,15,1,88,1.881720430107527,True,estimated,1.0,1.0,,0.07326029653400298,48.33275245399257
PITPNM2,False,0,15,1,88,1.881720430107527,True,estimated,1.0,1.0,,0.07326029653400298,48.33275245399257
PITRM1,False,0,15,2,88,1.1161290322580646,True,estimated,1.0,1.0,,0.05108306493110792,24.386634167886562
PIWIL2,False,0,15,2,88,1.1161290322580646,True,estimated,1.0,1.0,,0.05108306493110792,24.386634167886562
PJA1,False,0,15,1,88,1.881720430107527,True,estimated,1.0,1.0,,0.07326029653400298,48.33275245399257
PKD1,False,0,15,1,88,1.881720430107527,True,estimated,1.0,1.0,,0.07326029653400298,48.33275245399257
PKD1L1,False,0,15,2,88,1.1161290322580646,True,estimated,1.0,1.0,,0.05108306493110792,24.386634167886562
PKN2,False,0,15,2,88,1.1161290322580646,True,estimated,1.0,1.0,,0.05108306493110792,24.386634167886562
PKN3,False,0,15,2,88,1.1161290322580646,True,estimated,1.0,1.0,,0.05108306493110792,24.386634167886562
PLA2G4C,False,0,15,1,88,1.881720430107527,True,estimated,1.0,1.0,,0.07326029653400298,48.33275245399257
PLA2G4D,False,0,15,1,88,1.881720430107527,True,estimated,1.0,1.0,,0.07326029653400298,48.33275245399257
PLA2G4E,False,0,15,1,88,1.881720430107527,True,estimated,1.0,1.0,,0.07326029653400298,48.33275245399257
PLA2G4F,False,0,15,1,88,1.881720430107527,True,estimated,1.0,1.0,,0.07326029653400298,48.33275245399257
PLAAT2,False,0,15,1,88,1.881720430107527,True,estimated,1.0,1.0,,0.07326029653400298,48.33275245399257
PLAG1,False,0,15,1,88,1.881720430107527,True,estimated,1.0,1.0,,0.07326029653400298,48.33275245399257
PLAU,False,0,15,1,88,1.881720430107527,True,estimated,1.0,1.0,,0.07326029653400298,48.33275245399257
PLAUR,False,0,15,1,88,1.881720430107527,True,estimated,1.0,1.0,,0.07326029653400298,48.33275245399257
PLB1,False,0,15,1,88,1.881720430107527,True,estimated,1.0,1.0,,0.07326029653400298,48.33275245399257
PLCB4,False,0,15,1,88,1.881720430107527,True,estimated,1.0,1.0,,0.07326029653400298,48.33275245399257
PLCD4,False,0,15,1,88,1.881720430107527,True,estimated,1.0,1.0,,0.07326029653400298,48.33275245399257
PLCE1,False,0,15,2,88,1.1161290322580646,True,estimated,1.0,1.0,,0.05108306493110792,24.386634167886562
PLCH1,False,0,15,2,88,1.1161290322580646,True,estimated,1.0,1.0,,0.05108306493110792,24.386634167886562
PLCL1,False,0,15,1,88,1.881720430107527,True,estimated,1.0,1.0,,0.07326029653400298,48.33275245399257
PLD1,False,0,15,1,88,1.881720430107527,True,estimated,1.0,1.0,,0.07326029653400298,48.33275245399257
PLD3,False,0,15,1,88,1.881720430107527,True,estimated,1.0,1.0,,0.07326029653400298,48.33275245399257
PLEC,False,0,15,2,88,1.1161290322580646,True,estimated,1.0,1.0,,0.05108306493110792,24.386634167886562
PLEKHA2,False,0,15,1,88,1.881720430107527,True,estimated,1.0,1.0,,0.07326029653400298,48.33275245399257
PLEKHA4,False,0,15,1,88,1.881720430107527,True,estimated,1.0,1.0,,0.07326029653400298,48.33275245399257
PLEKHA6,False,0,15,2,88,1.1161290322580646,True,estimated,1.0,1.0,,0.05108306493110792,24.386634167886562
PLEKHA7,False,0,15,2,88,1.1161290322580646,True,estimated,1.0,1.0,,0.05108306493110792,24.386634167886562
PLEKHF2,False,0,15,1,88,1.881720430107527,True,estimated,1.0,1.0,,0.07326029653400298,48.33275245399257
PLEKHG2,False,0,15,1,88,1.881720430107527,True,estimated,1.0,1.0,,0.07326029653400298,48.33275245399257
PLEKHG3,False,0,15,1,88,1.881720430107527,True,estimated,1.0,1.0,,0.07326029653400298,48.33275245399257
PLEKHG4,False,0,15,1,88,1.881720430107527,True,estimated,1.0,1.0,,0.07326029653400298,48.33275245399257
PLEKHG7,False,0,15,1,88,1.881720430107527,True,estimated,1.0,1.0,,0.07326029653400298,48.33275245399257
PLEKHH2,False,0,15,1,88,1.881720430107527,True,estimated,1.0,1.0,,0.07326029653400298,48.33275245399257
PLEKHM1,False,0,15,1,88,1.881720430107527,True,estimated,1.0,1.0,,0.07326029653400298,48.33275245399257
PLEKHM3,False,0,15,1,88,1.881720430107527,True,estimated,1.0,1.0,,0.07326029653400298,48.33275245399257
PLEKHS1,False,0,15,1,88,1.881720430107527,True,estimated,1.0,1.0,,0.07326029653400298,48.33275245399257
PLG,False,0,15,2,88,1.1161290322580646,True,estimated,1.0,1.0,,0.05108306493110792,24.386634167886562
PLP2,False,0,15,1,88,1.881720430107527,True,estimated,1.0,1.0,,0.07326029653400298,48.33275245399257
PLPPR4,False,0,15,1,88,1.881720430107527,True,estimated,1.0,1.0,,0.07326029653400298,48.33275245399257
PLXNA3,False,0,15,1,88,1.881720430107527,True,estimated,1.0,1.0,,0.07326029653400298,48.33275245399257
PLXNB1,False,0,15,1,88,1.881720430107527,True,estimated,1.0,1.0,,0.07326029653400298,48.33275245399257
PLXNB2,False,0,15,2,88,1.1161290322580646,True,estimated,1.0,1.0,,0.05108306493110792,24.386634167886562
PLXND1,False,0,15,1,88,1.881720430107527,True,estimated,1.0,1.0,,0.07326029653400298,48.33275245399257
PMVK,False,0,15,1,88,1.881720430107527,True,estimated,1.0,1.0,,0.07326029653400298,48.33275245399257
PNKP,False,0,15,1,88,1.881720430107527,True,estimated,1.0,1.0,,0.07326029653400298,48.33275245399257
PNPLA6,False,0,15,1,88,1.881720430107527,True,estimated,1.0,1.0,,0.07326029653400298,48.33275245399257
PNPLA7,False,0,15,1,88,1.881720430107527,True,estimated,1.0,1.0,,0.07326029653400298,48.33275245399257
PNRC2,False,0,15,1,88,1.881720430107527,True,estimated,1.0,1.0,,0.07326029653400298,48.33275245399257
POC1B,False,0,15,1,88,1.881720430107527,True,estimated,1.0,1.0,,0.07326029653400298,48.33275245399257
POC5,False,0,15,2,88,1.1161290322580646,True,estimated,1.0,1.0,,0.05108306493110792,24.386634167886562
PODN,False,0,15,1,88,1.881720430107527,True,estimated,1.0,1.0,,0.07326029653400298,48.33275245399257
POGZ,False,0,15,1,88,1.881720430107527,True,estimated,1.0,1.0,,0.07326029653400298,48.33275245399257
POLD1,False,0,15,1,88,1.881720430107527,True,estimated,1.0,1.0,,0.07326029653400298,48.33275245399257
POLD2,False,0,15,1,88,1.881720430107527,True,estimated,1.0,1.0,,0.07326029653400298,48.33275245399257
POLG,False,0,15,1,88,1.881720430107527,True,estimated,1.0,1.0,,0.07326029653400298,48.33275245399257
POLH,False,0,15,1,88,1.881720430107527,True,estimated,1.0,1.0,,0.07326029653400298,48.33275245399257
POLK,False,0,15,1,88,1.881720430107527,True,estimated,1.0,1.0,,0.07326029653400298,48.33275245399257
POLN,False,0,15,1,88,1.881720430107527,True,estimated,1.0,1.0,,0.07326029653400298,48.33275245399257
POLR1A,False,0,15,2,88,1.1161290322580646,True,estimated,1.0,1.0,,0.05108306493110792,24.386634167886562
POLR1B,False,0,15,2,88,1.1161290322580646,True,estimated,1.0,1.0,,0.05108306493110792,24.386634167886562
POLR1F,False,0,15,1,88,1.881720430107527,True,estimated,1.0,1.0,,0.07326029653400298,48.33275245399257
POLR2A,False,0,15,3,88,0.7880184331797235,True,estimated,1.0,1.0,,0.03875592896792058,16.02265943734762
POLR2B,False,0,15,2,88,1.1161290322580646,True,estimated,1.0,1.0,,0.05108306493110792,24.386634167886562
POLR3A,False,0,15,1,88,1.881720430107527,True,estimated,1.0,1.0,,0.07326029653400298,48.33275245399257
POM121,False,0,15,2,88,1.1161290322580646,True,estimated,1.0,1.0,,0.05108306493110792,24.386634167886562
PON3,False,0,15,1,88,1.881720430107527,True,estimated,1.0,1.0,,0.07326029653400298,48.33275245399257
POR,False,0,15,1,88,1.881720430107527,True,estimated,1.0,1.0,,0.07326029653400298,48.33275245399257
POSTN,False,0,15,1,88,1.881720430107527,True,estimated,1.0,1.0,,0.07326029653400298,48.33275245399257
POTEA,False,0,15,1,88,1.881720430107527,True,estimated,1.0,1.0,,0.07326029653400298,48.33275245399257
POTEE,False,0,15,2,88,1.1161290322580646,True,estimated,1.0,1.0,,0.05108306493110792,24.386634167886562
POTEF,False,0,15,1,88,1.881720430107527,True,estimated,1.0,1.0,,0.07326029653400298,48.33275245399257
POU2F1,False,0,15,1,88,1.881720430107527,True,estimated,1.0,1.0,,0.07326029653400298,48.33275245399257
POU5F1,False,0,15,1,88,1.881720430107527,True,estimated,1.0,1.0,,0.07326029653400298,48.33275245399257
PPARG,False,0,15,1,88,1.881720430107527,True,estimated,1.0,1.0,,0.07326029653400298,48.33275245399257
PPARGC1B,False,0,15,1,88,1.881720430107527,True,estimated,1.0,1.0,,0.07326029653400298,48.33275245399257
PPFIA1,False,0,15,2,88,1.1161290322580646,True,estimated,1.0,1.0,,0.05108306493110792,24.386634167886562
PPFIA4,False,0,15,1,88,1.881720430107527,True,estimated,1.0,1.0,,0.07326029653400298,48.33275245399257
PPHLN1,False,0,15,1,88,1.881720430107527,True,estimated,1.0,1.0,,0.07326029653400298,48.33275245399257
PPIC,False,0,15,1,88,1.881720430107527,True,estimated,1.0,1.0,,0.07326029653400298,48.33275245399257
PPIE,False,0,15,1,88,1.881720430107527,True,estimated,1.0,1.0,,0.07326029653400298,48.33275245399257
PPIL4,False,0,15,2,88,1.1161290322580646,True,estimated,1.0,1.0,,0.05108306493110792,24.386634167886562
PPIP5K2,False,0,15,2,88,1.1161290322580646,True,estimated,1.0,1.0,,0.05108306493110792,24.386634167886562
PPL,False,0,15,1,88,1.881720430107527,True,estimated,1.0,1.0,,0.07326029653400298,48.33275245399257
PPM1J,False,0,15,1,88,1.881720430107527,True,estimated,1.0,1.0,,0.07326029653400298,48.33275245399257
PPM1L,False,0,15,1,88,1.881720430107527,True,estimated,1.0,1.0,,0.07326029653400298,48.33275245399257
PPP1R16B,False,0,15,1,88,1.881720430107527,True,estimated,1.0,1.0,,0.07326029653400298,48.33275245399257
PPP1R18,False,0,15,1,88,1.881720430107527,True,estimated,1.0,1.0,,0.07326029653400298,48.33275245399257
PPP1R2,False,0,15,1,88,1.881720430107527,True,estimated,1.0,1.0,,0.07326029653400298,48.33275245399257
PPP1R21,False,0,15,1,88,1.881720430107527,True,estimated,1.0,1.0,,0.07326029653400298,48.33275245399257
PPP1R26,False,0,15,1,88,1.881720430107527,True,estimated,1.0,1.0,,0.07326029653400298,48.33275245399257
PPP1R3A,False,0,15,1,88,1.881720430107527,True,estimated,1.0,1.0,,0.07326029653400298,48.33275245399257
PPP1R7,False,0,15,1,88,1.881720430107527,True,estimated,1.0,1.0,,0.07326029653400298,48.33275245399257
PPP1R9A,False,0,15,1,88,1.881720430107527,True,estimated,1.0,1.0,,0.07326029653400298,48.33275245399257
PPP2R1B,False,0,15,1,88,1.881720430107527,True,estimated,1.0,1.0,,0.07326029653400298,48.33275245399257
PPP2R3A,False,0,15,1,88,1.881720430107527,True,estimated,1.0,1.0,,0.07326029653400298,48.33275245399257
PPP3CC,False,0,15,2,88,1.1161290322580646,True,estimated,1.0,1.0,,0.05108306493110792,24.386634167886562
PRAME,False,0,15,1,88,1.881720430107527,True,estimated,1.0,1.0,,0.07326029653400298,48.33275245399257
PRAMEF20,False,0,15,1,88,1.881720430107527,True,estimated,1.0,1.0,,0.07326029653400298,48.33275245399257
PRAMEF6,False,0,15,1,88,1.881720430107527,True,estimated,1.0,1.0,,0.07326029653400298,48.33275245399257
PRAMEF8,False,0,15,1,88,1.881720430107527,True,estimated,1.0,1.0,,0.07326029653400298,48.33275245399257
PRB2,False,0,15,1,88,1.881720430107527,True,estimated,1.0,1.0,,0.07326029653400298,48.33275245399257
PRCC,False,0,15,1,88,1.881720430107527,True,estimated,1.0,1.0,,0.07326029653400298,48.33275245399257
PRDM9,False,0,15,1,88,1.881720430107527,True,estimated,1.0,1.0,,0.07326029653400298,48.33275245399257
PRELP,False,0,15,1,88,1.881720430107527,True,estimated,1.0,1.0,,0.07326029653400298,48.33275245399257
PREX1,False,0,15,1,88,1.881720430107527,True,estimated,1.0,1.0,,0.07326029653400298,48.33275245399257
PRG4,False,0,15,1,88,1.881720430107527,True,estimated,1.0,1.0,,0.07326029653400298,48.33275245399257
PRICKLE1,False,0,15,1,88,1.881720430107527,True,estimated,1.0,1.0,,0.07326029653400298,48.33275245399257
PRIM1,False,0,15,1,88,1.881720430107527,True,estimated,1.0,1.0,,0.07326029653400298,48.33275245399257
PRIM2,False,0,15,1,88,1.881720430107527,True,estimated,1.0,1.0,,0.07326029653400298,48.33275245399257
PRKACG,False,0,15,1,88,1.881720430107527,True,estimated,1.0,1.0,,0.07326029653400298,48.33275245399257
PRKAG2,False,0,15,1,88,1.881720430107527,True,estimated,1.0,1.0,,0.07326029653400298,48.33275245399257
PRKAR2B,False,0,15,1,88,1.881720430107527,True,estimated,1.0,1.0,,0.07326029653400298,48.33275245399257
PRKCE,False,0,15,2,88,1.1161290322580646,True,estimated,1.0,1.0,,0.05108306493110792,24.386634167886562
PRKCQ,False,0,15,1,88,1.881720430107527,True,estimated,1.0,1.0,,0.07326029653400298,48.33275245399257
PRKCSH,False,0,15,1,88,1.881720430107527,True,estimated,1.0,1.0,,0.07326029653400298,48.33275245399257
PRKD1,False,0,15,1,88,1.881720430107527,True,estimated,1.0,1.0,,0.07326029653400298,48.33275245399257
PRKD2,False,0,15,1,88,1.881720430107527,True,estimated,1.0,1.0,,0.07326029653400298,48.33275245399257
PRKD3,False,0,15,1,88,1.881720430107527,True,estimated,1.0,1.0,,0.07326029653400298,48.33275245399257
PRKG1,False,0,15,1,88,1.881720430107527,True,estimated,1.0,1.0,,0.07326029653400298,48.33275245399257
PRLR,False,0,15,1,88,1.881720430107527,True,estimated,1.0,1.0,,0.07326029653400298,48.33275245399257
PROC,False,0,15,1,88,1.881720430107527,True,estimated,1.0,1.0,,0.07326029653400298,48.33275245399257
PROCR,False,0,15,1,88,1.881720430107527,True,estimated,1.0,1.0,,0.07326029653400298,48.33275245399257
PRODH2,False,0,15,1,88,1.881720430107527,True,estimated,1.0,1.0,,0.07326029653400298,48.33275245399257
PROSER3,False,0,15,1,88,1.881720430107527,True,estimated,1.0,1.0,,0.07326029653400298,48.33275245399257
PRPF40B,False,0,15,1,88,1.881720430107527,True,estimated,1.0,1.0,,0.07326029653400298,48.33275245399257
PRPF4B,False,0,15,1,88,1.881720430107527,True,estimated,1.0,1.0,,0.07326029653400298,48.33275245399257
PRPF6,False,0,15,1,88,1.881720430107527,True,estimated,1.0,1.0,,0.07326029653400298,48.33275245399257
PRPF8,False,0,15,3,88,0.7880184331797235,True,estimated,1.0,1.0,,0.03875592896792058,16.02265943734762
PRPH2,False,0,15,1,88,1.881720430107527,True,estimated,1.0,1.0,,0.07326029653400298,48.33275245399257
PRPS2,False,0,15,1,88,1.881720430107527,True,estimated,1.0,1.0,,0.07326029653400298,48.33275245399257
PRRC2A,False,0,15,1,88,1.881720430107527,True,estimated,1.0,1.0,,0.07326029653400298,48.33275245399257
PRRC2B,False,0,15,2,88,1.1161290322580646,True,estimated,1.0,1.0,,0.05108306493110792,24.386634167886562
PRRC2C,False,0,15,2,88,1.1161290322580646,True,estimated,1.0,1.0,,0.05108306493110792,24.386634167886562
PRRT1,False,0,15,1,88,1.881720430107527,True,estimated,1.0,1.0,,0.07326029653400298,48.33275245399257
PRSS12,False,0,15,1,88,1.881720430107527,True,estimated,1.0,1.0,,0.07326029653400298,48.33275245399257
PRSS21,False,0,15,2,88,1.1161290322580646,True,estimated,1.0,1.0,,0.05108306493110792,24.386634167886562
PRSS37,False,0,15,1,88,1.881720430107527,True,estimated,1.0,1.0,,0.07326029653400298,48.33275245399257
PRSS38,False,0,15,1,88,1.881720430107527,True,estimated,1.0,1.0,,0.07326029653400298,48.33275245399257
PRUNE2,False,0,15,1,88,1.881720430107527,True,estimated,1.0,1.0,,0.07326029653400298,48.33275245399257
PSD2,False,0,15,1,88,1.881720430107527,True,estimated,1.0,1.0,,0.07326029653400298,48.33275245399257
PSD3,False,0,15,2,88,1.1161290322580646,True,estimated,1.0,1.0,,0.05108306493110792,24.386634167886562
PSENEN,False,0,15,1,88,1.881720430107527,True,estimated,1.0,1.0,,0.07326029653400298,48.33275245399257
PSG5,False,0,15,1,88,1.881720430107527,True,estimated,1.0,1.0,,0.07326029653400298,48.33275245399257
PSG8,False,0,15,1,88,1.881720430107527,True,estimated,1.0,1.0,,0.07326029653400298,48.33275245399257
PSMB4,False,0,15,1,88,1.881720430107527,True,estimated,1.0,1.0,,0.07326029653400298,48.33275245399257
PSMB7,False,0,15,1,88,1.881720430107527,True,estimated,1.0,1.0,,0.07326029653400298,48.33275245399257
PSMC5,False,0,15,1,88,1.881720430107527,True,estimated,1.0,1.0,,0.07326029653400298,48.33275245399257
PSMC6,False,0,15,1,88,1.881720430107527,True,estimated,1.0,1.0,,0.07326029653400298,48.33275245399257
PSMD4,False,0,15,1,88,1.881720430107527,True,estimated,1.0,1.0,,0.07326029653400298,48.33275245399257
PSTK,False,0,15,1,88,1.881720430107527,True,estimated,1.0,1.0,,0.07326029653400298,48.33275245399257
PTAR1,False,0,15,1,88,1.881720430107527,True,estimated,1.0,1.0,,0.07326029653400298,48.33275245399257
PTBP1,False,0,15,1,88,1.881720430107527,True,estimated,1.0,1.0,,0.07326029653400298,48.33275245399257
PTCD3,False,0,15,1,88,1.881720430107527,True,estimated,1.0,1.0,,0.07326029653400298,48.33275245399257
PTCH1,False,0,15,1,88,1.881720430107527,True,estimated,1.0,1.0,,0.07326029653400298,48.33275245399257
PTCHD1,False,0,15,1,88,1.881720430107527,True,estimated,1.0,1.0,,0.07326029653400298,48.33275245399257
PTCHD4,False,0,15,2,88,1.1161290322580646,True,estimated,1.0,1.0,,0.05108306493110792,24.386634167886562
PTEN,True,0,15,5,88,0.4897360703812317,True,estimated,1.0,1.0,1.0,0.025750194587724894,9.314159464518497
PTGER2,False,0,15,1,88,1.881720430107527,True,estimated,1.0,1.0,,0.07326029653400298,48.33275245399257
PTGES3L-AARSD1,False,0,15,1,88,1.881720430107527,True,estimated,1.0,1.0,,0.07326029653400298,48.33275245399257
PTGFR,False,0,15,1,88,1.881720430107527,True,estimated,1.0,1.0,,0.07326029653400298,48.33275245399257
PTK2,False,0,15,1,88,1.881720430107527,True,estimated,1.0,1.0,,0.07326029653400298,48.33275245399257
PTPN1,False,0,15,1,88,1.881720430107527,True,estimated,1.0,1.0,,0.07326029653400298,48.33275245399257
PTPN11,False,0,15,1,88,1.881720430107527,True,estimated,1.0,1.0,,0.07326029653400298,48.33275245399257
PTPN21,False,0,15,1,88,1.881720430107527,True,estimated,1.0,1.0,,0.07326029653400298,48.33275245399257
PTPN9,False,0,15,1,88,1.881720430107527,True,estimated,1.0,1.0,,0.07326029653400298,48.33275245399257
PTPRB,False,0,15,1,88,1.881720430107527,True,estimated,1.0,1.0,,0.07326029653400298,48.33275245399257
PTPRH,False,0,15,1,88,1.881720430107527,True,estimated,1.0,1.0,,0.07326029653400298,48.33275245399257
PTPRJ,False,0,15,1,88,1.881720430107527,True,estimated,1.0,1.0,,0.07326029653400298,48.33275245399257
PTPRM,False,0,15,1,88,1.881720430107527,True,estimated,1.0,1.0,,0.07326029653400298,48.33275245399257
PTPRN2,False,0,15,1,88,1.881720430107527,True,estimated,1.0,1.0,,0.07326029653400298,48.33275245399257
PTPRS,False,0,15,1,88,1.881720430107527,True,estimated,1.0,1.0,,0.07326029653400298,48.33275245399257
PTPRT,False,0,15,2,88,1.1161290322580646,True,estimated,1.0,1.0,,0.05108306493110792,24.386634167886562
PTPRU,False,0,15,1,88,1.881720430107527,True,estimated,1.0,1.0,,0.07326029653400298,48.33275245399257
PXDN,False,0,15,1,88,1.881720430107527,True,estimated,1.0,1.0,,0.07326029653400298,48.33275245399257
PXDNL,False,0,15,1,88,1.881720430107527,True,estimated,1.0,1.0,,0.07326029653400298,48.33275245399257
PXYLP1,False,0,15,1,88,1.881720430107527,True,estimated,1.0,1.0,,0.07326029653400298,48.33275245399257
PYCARD,False,0,15,2,88,1.1161290322580646,True,estimated,1.0,1.0,,0.05108306493110792,24.386634167886562
PYDC2,False,0,15,1,88,1.881720430107527,True,estimated,1.0,1.0,,0.07326029653400298,48.33275245399257
PYGO1,False,0,15,1,88,1.881720430107527,True,estimated,1.0,1.0,,0.07326029653400298,48.33275245399257
QRICH2,False,0,15,1,88,1.881720430107527,True,estimated,1.0,1.0,,0.07326029653400298,48.33275245399257
QSER1,False,0,15,1,88,1.881720430107527,True,estimated,1.0,1.0,,0.07326029653400298,48.33275245399257
RAB26,False,0,15,1,88,1.881720430107527,True,estimated,1.0,1.0,,0.07326029653400298,48.33275245399257
RAB2A,False,0,15,1,88,1.881720430107527,True,estimated,1.0,1.0,,0.07326029653400298,48.33275245399257
RAB32,False,0,15,1,88,1.881720430107527,True,estimated,1.0,1.0,,0.07326029653400298,48.33275245399257
RAB36,False,0,15,1,88,1.881720430107527,True,estimated,1.0,1.0,,0.07326029653400298,48.33275245399257
RAB39B,False,0,15,1,88,1.881720430107527,True,estimated,1.0,1.0,,0.07326029653400298,48.33275245399257
RAB3GAP2,False,0,15,1,88,1.881720430107527,True,estimated,1.0,1.0,,0.07326029653400298,48.33275245399257
RAB5IF,False,0,15,1,88,1.881720430107527,True,estimated,1.0,1.0,,0.07326029653400298,48.33275245399257
RAB6B,False,0,15,1,88,1.881720430107527,True,estimated,1.0,1.0,,0.07326029653400298,48.33275245399257
RAB7A,False,0,15,1,88,1.881720430107527,True,estimated,1.0,1.0,,0.07326029653400298,48.33275245399257
RAB8A,False,0,15,2,88,1.1161290322580646,True,estimated,1.0,1.0,,0.05108306493110792,24.386634167886562
RABAC1,False,0,15,1,88,1.881720430107527,True,estimated,1.0,1.0,,0.07326029653400298,48.33275245399257
RABEP1,False,0,15,1,88,1.881720430107527,True,estimated,1.0,1.0,,0.07326029653400298,48.33275245399257
RABGAP1L,False,0,15,1,88,1.881720430107527,True,estimated,1.0,1.0,,0.07326029653400298,48.33275245399257
RABGEF1,False,0,15,1,88,1.881720430107527,True,estimated,1.0,1.0,,0.07326029653400298,48.33275245399257
RABGGTB,False,0,15,1,88,1.881720430107527,True,estimated,1.0,1.0,,0.07326029653400298,48.33275245399257
RAC2,False,0,15,1,88,1.881720430107527,True,estimated,1.0,1.0,,0.07326029653400298,48.33275245399257
RACGAP1,False,0,15,1,88,1.881720430107527,True,estimated,1.0,1.0,,0.07326029653400298,48.33275245399257
RAD17,False,0,15,1,88,1.881720430107527,True,estimated,1.0,1.0,,0.07326029653400298,48.33275245399257
RAD23A,False,0,15,1,88,1.881720430107527,True,estimated,1.0,1.0,,0.07326029653400298,48.33275245399257
RAD51AP1,False,0,15,1,88,1.881720430107527,True,estimated,1.0,1.0,,0.07326029653400298,48.33275245399257
RAET1L,False,0,15,1,88,1.881720430107527,True,estimated,1.0,1.0,,0.07326029653400298,48.33275245399257
RAI14,False,0,15,1,88,1.881720430107527,True,estimated,1.0,1.0,,0.07326029653400298,48.33275245399257
RAI2,False,0,15,1,88,1.881720430107527,True,estimated,1.0,1.0,,0.07326029653400298,48.33275245399257
RALGAPA1,False,0,15,1,88,1.881720430107527,True,estimated,1.0,1.0,,0.07326029653400298,48.33275245399257
RALGAPB,False,0,15,1,88,1.881720430107527,True,estimated,1.0,1.0,,0.07326029653400298,48.33275245399257
RALY,False,0,15,1,88,1.881720430107527,True,estimated,1.0,1.0,,0.07326029653400298,48.33275245399257
RAMP1,False,0,15,1,88,1.881720430107527,True,estimated,1.0,1.0,,0.07326029653400298,48.33275245399257
RANBP2,False,0,15,1,88,1.881720430107527,True,estimated,1.0,1.0,,0.07326029653400298,48.33275245399257
RAP1GAP2,False,0,15,1,88,1.881720430107527,True,estimated,1.0,1.0,,0.07326029653400298,48.33275245399257
RAP1GDS1,False,0,15,1,88,1.881720430107527,True,estimated,1.0,1.0,,0.07326029653400298,48.33275245399257
RAPGEF2,False,0,15,1,88,1.881720430107527,True,estimated,1.0,1.0,,0.07326029653400298,48.33275245399257
RARS1,False,0,15,1,88,1.881720430107527,True,estimated,1.0,1.0,,0.07326029653400298,48.33275245399257
RASA1,False,0,15,2,88,1.1161290322580646,True,estimated,1.0,1.0,,0.05108306493110792,24.386634167886562
RASGRF1,False,0,15,1,88,1.881720430107527,True,estimated,1.0,1.0,,0.07326029653400298,48.33275245399257
RASGRF2,False,0,15,3,88,0.7880184331797235,True,estimated,1.0,1.0,,0.03875592896792058,16.02265943734762
RASGRP2,False,0,15,1,88,1.881720430107527,True,estimated,1.0,1.0,,0.07326029653400298,48.33275245399257
RASSF9,False,0,15,1,88,1.881720430107527,True,estimated,1.0,1.0,,0.07326029653400298,48.33275245399257
RB1,False,0,15,1,88,1.881720430107527,True,estimated,1.0,1.0,,0.07326029653400298,48.33275245399257
RBCK1,False,0,15,1,88,1.881720430107527,True,estimated,1.0,1.0,,0.07326029653400298,48.33275245399257
RBM17,False,0,15,1,88,1.881720430107527,True,estimated,1.0,1.0,,0.07326029653400298,48.33275245399257
RBM22,False,0,15,1,88,1.881720430107527,True,estimated,1.0,1.0,,0.07326029653400298,48.33275245399257
RBM27,False,0,15,1,88,1.881720430107527,True,estimated,1.0,1.0,,0.07326029653400298,48.33275245399257
RBM28,False,0,15,1,88,1.881720430107527,True,estimated,1.0,1.0,,0.07326029653400298,48.33275245399257
RBM34,False,0,15,1,88,1.881720430107527,True,estimated,1.0,1.0,,0.07326029653400298,48.33275245399257
RBM39,False,0,15,1,88,1.881720430107527,True,estimated,1.0,1.0,,0.07326029653400298,48.33275245399257
RBM7,False,0,15,1,88,1.881720430107527,True,estimated,1.0,1.0,,0.07326029653400298,48.33275245399257
RCC1L,False,0,15,1,88,1.881720430107527,True,estimated,1.0,1.0,,0.07326029653400298,48.33275245399257
RDH16,False,0,15,1,88,1.881720430107527,True,estimated,1.0,1.0,,0.07326029653400298,48.33275245399257
REEP4,False,0,15,1,88,1.881720430107527,True,estimated,1.0,1.0,,0.07326029653400298,48.33275245399257
REG4,False,0,15,1,88,1.881720430107527,True,estimated,1.0,1.0,,0.07326029653400298,48.33275245399257
RELA,False,0,15,1,88,1.881720430107527,True,estimated,1.0,1.0,,0.07326029653400298,48.33275245399257
RELN,False,0,15,2,88,1.1161290322580646,True,estimated,1.0,1.0,,0.05108306493110792,24.386634167886562
RENBP,False,0,15,1,88,1.881720430107527,True,estimated,1.0,1.0,,0.07326029653400298,48.33275245399257
REPS2,False,0,15,2,88,1.1161290322580646,True,estimated,1.0,1.0,,0.05108306493110792,24.386634167886562
REST,False,0,15,1,88,1.881720430107527,True,estimated,1.0,1.0,,0.07326029653400298,48.33275245399257
RETREG1,False,0,15,2,88,1.1161290322580646,True,estimated,1.0,1.0,,0.05108306493110792,24.386634167886562
REV3L,False,0,15,2,88,1.1161290322580646,True,estimated,1.0,1.0,,0.05108306493110792,24.386634167886562
REXO4,False,0,15,1,88,1.881720430107527,True,estimated,1.0,1.0,,0.07326029653400298,48.33275245399257
REXO5,False,0,15,1,88,1.881720430107527,True,estimated,1.0,1.0,,0.07326029653400298,48.33275245399257
RFC1,False,0,15,1,88,1.881720430107527,True,estimated,1.0,1.0,,0.07326029653400298,48.33275245399257
RFX1,False,0,15,1,88,1.881720430107527,True,estimated,1.0,1.0,,0.07326029653400298,48.33275245399257
RFX7,False,0,15,1,88,1.881720430107527,True,estimated,1.0,1.0,,0.07326029653400298,48.33275245399257
RGL1,False,0,15,1,88,1.881720430107527,True,estimated,1.0,1.0,,0.07326029653400298,48.33275245399257
RGPD1,False,0,15,1,88,1.881720430107527,True,estimated,1.0,1.0,,0.07326029653400298,48.33275245399257
RGS18,False,0,15,1,88,1.881720430107527,True,estimated,1.0,1.0,,0.07326029653400298,48.33275245399257
RHBDF1,False,0,15,1,88,1.881720430107527,True,estimated,1.0,1.0,,0.07326029653400298,48.33275245399257
RHBDL1,False,0,15,1,88,1.881720430107527,True,estimated,1.0,1.0,,0.07326029653400298,48.33275245399257
RHEB,False,0,15,1,88,1.881720430107527,True,estimated,1.0,1.0,,0.07326029653400298,48.33275245399257
RIF1,False,0,15,1,88,1.881720430107527,True,estimated,1.0,1.0,,0.07326029653400298,48.33275245399257
RILP,False,0,15,1,88,1.881720430107527,True,estimated,1.0,1.0,,0.07326029653400298,48.33275245399257
RIMBP2,False,0,15,1,88,1.881720430107527,True,estimated,1.0,1.0,,0.07326029653400298,48.33275245399257
RIMKLA,False,0,15,1,88,1.881720430107527,True,estimated,1.0,1.0,,0.07326029653400298,48.33275245399257
RIMKLB,False,0,15,1,88,1.881720430107527,True,estimated,1.0,1.0,,0.07326029653400298,48.33275245399257
RIMS1,False,0,15,1,88,1.881720430107527,True,estimated,1.0,1.0,,0.07326029653400298,48.33275245399257
RIMS2,False,0,15,1,88,1.881720430107527,True,estimated,1.0,1.0,,0.07326029653400298,48.33275245399257
RIN2,False,0,15,2,88,1.1161290322580646,True,estimated,1.0,1.0,,0.05108306493110792,24.386634167886562
RINL,False,0,15,2,88,1.1161290322580646,True,estimated,1.0,1.0,,0.05108306493110792,24.386634167886562
RIOK3,False,0,15,1,88,1.881720430107527,True,estimated,1.0,1.0,,0.07326029653400298,48.33275245399257
RIPK1,False,0,15,1,88,1.881720430107527,True,estimated,1.0,1.0,,0.07326029653400298,48.33275245399257
RIPK4,False,0,15,1,88,1.881720430107527,True,estimated,1.0,1.0,,0.07326029653400298,48.33275245399257
RIPOR1,False,0,15,1,88,1.881720430107527,True,estimated,1.0,1.0,,0.07326029653400298,48.33275245399257
RIPOR2,False,0,15,1,88,1.881720430107527,True,estimated,1.0,1.0,,0.07326029653400298,48.33275245399257
RIPPLY3,False,0,15,1,88,1.881720430107527,True,estimated,1.0,1.0,,0.07326029653400298,48.33275245399257
RLF,False,0,15,2,88,1.1161290322580646,True,estimated,1.0,1.0,,0.05108306493110792,24.386634167886562
RLIM,False,0,15,1,88,1.881720430107527,True,estimated,1.0,1.0,,0.07326029653400298,48.33275245399257
RNASE3,False,0,15,1,88,1.881720430107527,True,estimated,1.0,1.0,,0.07326029653400298,48.33275245399257
RNASE8,False,0,15,1,88,1.881720430107527,True,estimated,1.0,1.0,,0.07326029653400298,48.33275245399257
RND1,False,0,15,1,88,1.881720430107527,True,estimated,1.0,1.0,,0.07326029653400298,48.33275245399257
RND3,False,0,15,1,88,1.881720430107527,True,estimated,1.0,1.0,,0.07326029653400298,48.33275245399257
RNF103,False,0,15,1,88,1.881720430107527,True,estimated,1.0,1.0,,0.07326029653400298,48.33275245399257
RNF113B,False,0,15,1,88,1.881720430107527,True,estimated,1.0,1.0,,0.07326029653400298,48.33275245399257
RNF115,False,0,15,1,88,1.881720430107527,True,estimated,1.0,1.0,,0.07326029653400298,48.33275245399257
RNF123,False,0,15,1,88,1.881720430107527,True,estimated,1.0,1.0,,0.07326029653400298,48.33275245399257
RNF25,False,0,15,1,88,1.881720430107527,True,estimated,1.0,1.0,,0.07326029653400298,48.33275245399257
RNF26,False,0,15,1,88,1.881720430107527,True,estimated,1.0,1.0,,0.07326029653400298,48.33275245399257
RNPEP,False,0,15,1,88,1.881720430107527,True,estimated,1.0,1.0,,0.07326029653400298,48.33275245399257
ROBO1,False,0,15,1,88,1.881720430107527,True,estimated,1.0,1.0,,0.07326029653400298,48.33275245399257
ROBO2,False,0,15,1,88,1.881720430107527,True,estimated,1.0,1.0,,0.07326029653400298,48.33275245399257
ROCK2,False,0,15,1,88,1.881720430107527,True,estimated,1.0,1.0,,0.07326029653400298,48.33275245399257
RP1L1,False,0,15,1,88,1.881720430107527,True,estimated,1.0,1.0,,0.07326029653400298,48.33275245399257
RPA1,False,0,15,1,88,1.881720430107527,True,estimated,1.0,1.0,,0.07326029653400298,48.33275245399257
RPA3,False,0,15,1,88,1.881720430107527,True,estimated,1.0,1.0,,0.07326029653400298,48.33275245399257
RPAIN,False,0,15,1,88,1.881720430107527,True,estimated,1.0,1.0,,0.07326029653400298,48.33275245399257
RPGRIP1,False,0,15,2,88,1.1161290322580646,True,estimated,1.0,1.0,,0.05108306493110792,24.386634167886562
RPH3A,False,0,15,1,88,1.881720430107527,True,estimated,1.0,1.0,,0.07326029653400298,48.33275245399257
RPL10L,False,0,15,1,88,1.881720430107527,True,estimated,1.0,1.0,,0.07326029653400298,48.33275245399257
RPL18A,False,0,15,1,88,1.881720430107527,True,estimated,1.0,1.0,,0.07326029653400298,48.33275245399257
RPL27,False,0,15,1,88,1.881720430107527,True,estimated,1.0,1.0,,0.07326029653400298,48.33275245399257
RPL30,False,0,15,1,88,1.881720430107527,True,estimated,1.0,1.0,,0.07326029653400298,48.33275245399257
RPL31,False,0,15,1,88,1.881720430107527,True,estimated,1.0,1.0,,0.07326029653400298,48.33275245399257
RPL4,False,0,15,1,88,1.881720430107527,True,estimated,1.0,1.0,,0.07326029653400298,48.33275245399257
RPL5,False,0,15,1,88,1.881720430107527,True,estimated,1.0,1.0,,0.07326029653400298,48.33275245399257
RPL7,False,0,15,1,88,1.881720430107527,True,estimated,1.0,1.0,,0.07326029653400298,48.33275245399257
RPL7A,False,0,15,1,88,1.881720430107527,True,estimated,1.0,1.0,,0.07326029653400298,48.33275245399257
RPRD2,False,0,15,3,88,0.7880184331797235,True,estimated,1.0,1.0,,0.03875592896792058,16.02265943734762
RPS13,False,0,15,1,88,1.881720430107527,True,estimated,1.0,1.0,,0.07326029653400298,48.33275245399257
RPS27,False,0,15,1,88,1.881720430107527,True,estimated,1.0,1.0,,0.07326029653400298,48.33275245399257
RPS6KA1,False,0,15,1,88,1.881720430107527,True,estimated,1.0,1.0,,0.07326029653400298,48.33275245399257
RPS6KC1,False,0,15,1,88,1.881720430107527,True,estimated,1.0,1.0,,0.07326029653400298,48.33275245399257
RPS8,False,0,15,1,88,1.881720430107527,True,estimated,1.0,1.0,,0.07326029653400298,48.33275245399257
RPTOR,False,0,15,1,88,1.881720430107527,True,estimated,1.0,1.0,,0.07326029653400298,48.33275245399257
RRBP1,False,0,15,2,88,1.1161290322580646,True,estimated,1.0,1.0,,0.05108306493110792,24.386634167886562
RREB1,False,0,15,1,88,1.881720430107527,True,estimated,1.0,1.0,,0.07326029653400298,48.33275245399257
RRM1,False,0,15,1,88,1.881720430107527,True,estimated,1.0,1.0,,0.07326029653400298,48.33275245399257
RRP12,False,0,15,1,88,1.881720430107527,True,estimated,1.0,1.0,,0.07326029653400298,48.33275245399257
RRS1,False,0,15,1,88,1.881720430107527,True,estimated,1.0,1.0,,0.07326029653400298,48.33275245399257
RSAD2,False,0,15,1,88,1.881720430107527,True,estimated,1.0,1.0,,0.07326029653400298,48.33275245399257
RSBN1L,False,0,15,1,88,1.881720430107527,True,estimated,1.0,1.0,,0.07326029653400298,48.33275245399257
RSKR,False,0,15,1,88,1.881720430107527,True,estimated,1.0,1.0,,0.07326029653400298,48.33275245399257
RSPH6A,False,0,15,2,88,1.1161290322580646,True,estimated,1.0,1.0,,0.05108306493110792,24.386634167886562
RSPH9,False,0,15,1,88,1.881720430107527,True,estimated,1.0,1.0,,0.07326029653400298,48.33275245399257
RSRC2,False,0,15,1,88,1.881720430107527,True,estimated,1.0,1.0,,0.07326029653400298,48.33275245399257
RTL1,False,0,15,1,88,1.881720430107527,True,estimated,1.0,1.0,,0.07326029653400298,48.33275245399257
RTN1,False,0,15,1,88,1.881720430107527,True,estimated,1.0,1.0,,0.07326029653400298,48.33275245399257
RTTN,False,0,15,2,88,1.1161290322580646,True,estimated,1.0,1.0,,0.05108306493110792,24.386634167886562
RUFY2,False,0,15,1,88,1.881720430107527,True,estimated,1.0,1.0,,0.07326029653400298,48.33275245399257
RUFY3,False,0,15,1,88,1.881720430107527,True,estimated,1.0,1.0,,0.07326029653400298,48.33275245399257
RUFY4,False,0,15,1,88,1.881720430107527,True,estimated,1.0,1.0,,0.07326029653400298,48.33275245399257
RUNDC3B,False,0,15,2,88,1.1161290322580646,True,estimated,1.0,1.0,,0.05108306493110792,24.386634167886562
RUNX3,False,0,15,1,88,1.881720430107527,True,estimated,1.0,1.0,,0.07326029653400298,48.33275245399257
RUSC1,False,0,15,1,88,1.881720430107527,True,estimated,1.0,1.0,,0.07326029653400298,48.33275245399257
RUVBL2,False,0,15,1,88,1.881720430107527,True,estimated,1.0,1.0,,0.07326029653400298,48.33275245399257
RXRB,False,0,15,1,88,1.881720430107527,True,estimated,1.0,1.0,,0.07326029653400298,48.33275245399257
RXRG,False,0,15,1,88,1.881720430107527,True,estimated,1.0,1.0,,0.07326029653400298,48.33275245399257
RYR1,False,0,15,2,88,1.1161290322580646,True,estimated,1.0,1.0,,0.05108306493110792,24.386634167886562
RYR2,False,0,15,2,88,1.1161290322580646,True,estimated,1.0,1.0,,0.05108306493110792,24.386634167886562
RYR3,False,0,15,3,88,0.7880184331797235,True,estimated,1.0,1.0,,0.03875592896792058,16.02265943734762
S100A10,False,0,15,1,88,1.881720430107527,True,estimated,1.0,1.0,,0.07326029653400298,48.33275245399257
S1PR2,False,0,15,1,88,1.881720430107527,True,estimated,1.0,1.0,,0.07326029653400298,48.33275245399257
S1PR3,False,0,15,2,88,1.1161290322580646,True,estimated,1.0,1.0,,0.05108306493110792,24.386634167886562
SAG,False,0,15,3,88,0.7880184331797235,True,estimated,1.0,1.0,,0.03875592896792058,16.02265943734762
SALL1,False,0,15,3,88,0.7880184331797235,True,estimated,1.0,1.0,,0.03875592896792058,16.02265943734762
SALL4,False,0,15,2,88,1.1161290322580646,True,estimated,1.0,1.0,,0.05108306493110792,24.386634167886562
SAMD11,False,0,15,1,88,1.881720430107527,True,estimated,1.0,1.0,,0.07326029653400298,48.33275245399257
SAMD3,False,0,15,1,88,1.881720430107527,True,estimated,1.0,1.0,,0.07326029653400298,48.33275245399257
SAMD8,False,0,15,1,88,1.881720430107527,True,estimated,1.0,1.0,,0.07326029653400298,48.33275245399257
SAMHD1,False,0,15,1,88,1.881720430107527,True,estimated,1.0,1.0,,0.07326029653400298,48.33275245399257
SAR1B,False,0,15,1,88,1.881720430107527,True,estimated,1.0,1.0,,0.07326029653400298,48.33275245399257
SART3,False,0,15,1,88,1.881720430107527,True,estimated,1.0,1.0,,0.07326029653400298,48.33275245399257
SASH1,False,0,15,1,88,1.881720430107527,True,estimated,1.0,1.0,,0.07326029653400298,48.33275245399257
SASS6,False,0,15,1,88,1.881720430107527,True,estimated,1.0,1.0,,0.07326029653400298,48.33275245399257
SBNO1,False,0,15,2,88,1.1161290322580646,True,estimated,1.0,1.0,,0.05108306493110792,24.386634167886562
SCAF11,False,0,15,2,88,1.1161290322580646,True,estimated,1.0,1.0,,0.05108306493110792,24.386634167886562
SCAF4,False,0,15,3,88,0.7880184331797235,True,estimated,1.0,1.0,,0.03875592896792058,16.02265943734762
SCAMP2,False,0,15,1,88,1.881720430107527,True,estimated,1.0,1.0,,0.07326029653400298,48.33275245399257
SCAPER,False,0,15,1,88,1.881720430107527,True,estimated,1.0,1.0,,0.07326029653400298,48.33275245399257
SCD5,False,0,15,1,88,1.881720430107527,True,estimated,1.0,1.0,,0.07326029653400298,48.33275245399257
SCGB3A2,False,0,15,1,88,1.881720430107527,True,estimated,1.0,1.0,,0.07326029653400298,48.33275245399257
SCLT1,False,0,15,1,88,1.881720430107527,True,estimated,1.0,1.0,,0.07326029653400298,48.33275245399257
SCMH1,False,0,15,2,88,1.1161290322580646,True,estimated,1.0,1.0,,0.05108306493110792,24.386634167886562
SCML1,False,0,15,1,88,1.881720430107527,True,estimated,1.0,1.0,,0.07326029653400298,48.33275245399257
SCN1A,False,0,15,2,88,1.1161290322580646,True,estimated,1.0,1.0,,0.05108306493110792,24.386634167886562
SCN2A,False,0,15,1,88,1.881720430107527,True,estimated,1.0,1.0,,0.07326029653400298,48.33275245399257
SCN5A,False,0,15,1,88,1.881720430107527,True,estimated,1.0,1.0,,0.07326029653400298,48.33275245399257
SCN9A,False,0,15,1,88,1.881720430107527,True,estimated,1.0,1.0,,0.07326029653400298,48.33275245399257
SCNN1B,False,0,15,1,88,1.881720430107527,True,estimated,1.0,1.0,,0.07326029653400298,48.33275245399257
SCNN1G,False,0,15,1,88,1.881720430107527,True,estimated,1.0,1.0,,0.07326029653400298,48.33275245399257
SCP2,False,0,15,1,88,1.881720430107527,True,estimated,1.0,1.0,,0.07326029653400298,48.33275245399257
SDK1,False,0,15,1,88,1.881720430107527,True,estimated,1.0,1.0,,0.07326029653400298,48.33275245399257
SDR39U1,False,0,15,1,88,1.881720430107527,True,estimated,1.0,1.0,,0.07326029653400298,48.33275245399257
SEC14L1,False,0,15,1,88,1.881720430107527,True,estimated,1.0,1.0,,0.07326029653400298,48.33275245399257
SEC14L5,False,0,15,1,88,1.881720430107527,True,estimated,1.0,1.0,,0.07326029653400298,48.33275245399257
SEC16B,False,0,15,2,88,1.1161290322580646,True,estimated,1.0,1.0,,0.05108306493110792,24.386634167886562
SEC23A,False,0,15,1,88,1.881720430107527,True,estimated,1.0,1.0,,0.07326029653400298,48.33275245399257
SEC24A,False,0,15,2,88,1.1161290322580646,True,estimated,1.0,1.0,,0.05108306493110792,24.386634167886562
SEC24B,False,0,15,1,88,1.881720430107527,True,estimated,1.0,1.0,,0.07326029653400298,48.33275245399257
SEC31A,False,0,15,1,88,1.881720430107527,True,estimated,1.0,1.0,,0.07326029653400298,48.33275245399257
SEC61A2,False,0,15,1,88,1.881720430107527,True,estimated,1.0,1.0,,0.07326029653400298,48.33275245399257
SEC63,False,0,15,1,88,1.881720430107527,True,estimated,1.0,1.0,,0.07326029653400298,48.33275245399257
SECISBP2,False,0,15,1,88,1.881720430107527,True,estimated,1.0,1.0,,0.07326029653400298,48.33275245399257
SECISBP2L,False,0,15,1,88,1.881720430107527,True,estimated,1.0,1.0,,0.07326029653400298,48.33275245399257
SEL1L2,False,0,15,1,88,1.881720430107527,True,estimated,1.0,1.0,,0.07326029653400298,48.33275245399257
SELENOI,False,0,15,1,88,1.881720430107527,True,estimated,1.0,1.0,,0.07326029653400298,48.33275245399257
SELENON,False,0,15,1,88,1.881720430107527,True,estimated,1.0,1.0,,0.07326029653400298,48.33275245399257
SELL,False,0,15,1,88,1.881720430107527,True,estimated,1.0,1.0,,0.07326029653400298,48.33275245399257
SEMA3A,False,0,15,1,88,1.881720430107527,True,estimated,1.0,1.0,,0.07326029653400298,48.33275245399257
SEMA3E,False,0,15,1,88,1.881720430107527,True,estimated,1.0,1.0,,0.07326029653400298,48.33275245399257
SEMA4A,False,0,15,1,88,1.881720430107527,True,estimated,1.0,1.0,,0.07326029653400298,48.33275245399257
SEMA6C,False,0,15,1,88,1.881720430107527,True,estimated,1.0,1.0,,0.07326029653400298,48.33275245399257
SENP6,False,0,15,1,88,1.881720430107527,True,estimated,1.0,1.0,,0.07326029653400298,48.33275245399257
SEPHS1,False,0,15,1,88,1.881720430107527,True,estimated,1.0,1.0,,0.07326029653400298,48.33275245399257
SEPTIN10,False,0,15,1,88,1.881720430107527,True,estimated,1.0,1.0,,0.07326029653400298,48.33275245399257
SEPTIN3,False,0,15,1,88,1.881720430107527,True,estimated,1.0,1.0,,0.07326029653400298,48.33275245399257
SERINC4,False,0,15,1,88,1.881720430107527,True,estimated,1.0,1.0,,0.07326029653400298,48.33275245399257
SERPINA10,False,0,15,1,88,1.881720430107527,True,estimated,1.0,1.0,,0.07326029653400298,48.33275245399257
SERPINA3,False,0,15,1,88,1.881720430107527,True,estimated,1.0,1.0,,0.07326029653400298,48.33275245399257
SERPINB13,False,0,15,1,88,1.881720430107527,True,estimated,1.0,1.0,,0.07326029653400298,48.33275245399257
SERPINB5,False,0,15,1,88,1.881720430107527,True,estimated,1.0,1.0,,0.07326029653400298,48.33275245399257
SERPINB6,False,0,15,1,88,1.881720430107527,True,estimated,1.0,1.0,,0.07326029653400298,48.33275245399257
SERPINF2,False,0,15,1,88,1.881720430107527,True,estimated,1.0,1.0,,0.07326029653400298,48.33275245399257
SERPING1,False,0,15,1,88,1.881720430107527,True,estimated,1.0,1.0,,0.07326029653400298,48.33275245399257
SESN2,False,0,15,1,88,1.881720430107527,True,estimated,1.0,1.0,,0.07326029653400298,48.33275245399257
SESTD1,False,0,15,2,88,1.1161290322580646,True,estimated,1.0,1.0,,0.05108306493110792,24.386634167886562
SETD2,True,1,15,5,88,1.1857142857142857,False,estimated,1.0,1.0,1.0,0.12871545950415153,10.922684600303143
SEZ6,False,0,15,1,88,1.881720430107527,True,estimated,1.0,1.0,,0.07326029653400298,48.33275245399257
SEZ6L,False,0,15,1,88,1.881720430107527,True,estimated,1.0,1.0,,0.07326029653400298,48.33275245399257
SF3B1,False,0,15,1,88,1.881720430107527,True,estimated,1.0,1.0,,0.07326029653400298,48.33275245399257
SF3B2,False,0,15,1,88,1.881720430107527,True,estimated,1.0,1.0,,0.07326029653400298,48.33275245399257
SFMBT1,False,0,15,1,88,1.881720430107527,True,estimated,1.0,1.0,,0.07326029653400298,48.33275245399257
SFRP4,False,0,15,1,88,1.881720430107527,True,estimated,1.0,1.0,,0.07326029653400298,48.33275245399257
SFSWAP,False,0,15,1,88,1.881720430107527,True,estimated,1.0,1.0,,0.07326029653400298,48.33275245399257
SGPL1,False,0,15,1,88,1.881720430107527,True,estimated,1.0,1.0,,0.07326029653400298,48.33275245399257
SGPP1,False,0,15,1,88,1.881720430107527,True,estimated,1.0,1.0,,0.07326029653400298,48.33275245399257
SGPP2,False,0,15,1,88,1.881720430107527,True,estimated,1.0,1.0,,0.07326029653400298,48.33275245399257
SH2D3A,False,0,15,1,88,1.881720430107527,True,estimated,1.0,1.0,,0.07326029653400298,48.33275245399257
SH2D3C,False,0,15,1,88,1.881720430107527,True,estimated,1.0,1.0,,0.07326029653400298,48.33275245399257
SH3BGR,False,0,15,1,88,1.881720430107527,True,estimated,1.0,1.0,,0.07326029653400298,48.33275245399257
SH3BP2,False,0,15,1,88,1.881720430107527,True,estimated,1.0,1.0,,0.07326029653400298,48.33275245399257
SH3BP4,False,0,15,2,88,1.1161290322580646,True,estimated,1.0,1.0,,0.05108306493110792,24.386634167886562
SH3GLB1,False,0,15,1,88,1.881720430107527,True,estimated,1.0,1.0,,0.07326029653400298,48.33275245399257
SH3TC1,False,0,15,1,88,1.881720430107527,True,estimated,1.0,1.0,,0.07326029653400298,48.33275245399257
SHANK3,False,0,15,1,88,1.881720430107527,True,estimated,1.0,1.0,,0.07326029653400298,48.33275245399257
SHH,False,0,15,1,88,1.881720430107527,True,estimated,1.0,1.0,,0.07326029653400298,48.33275245399257
SHISA4,False,0,15,1,88,1.881720430107527,True,estimated,1.0,1.0,,0.07326029653400298,48.33275245399257
SHKBP1,False,0,15,1,88,1.881720430107527,True,estimated,1.0,1.0,,0.07326029653400298,48.33275245399257
SHMT2,False,0,15,1,88,1.881720430107527,True,estimated,1.0,1.0,,0.07326029653400298,48.33275245399257
SHOC1,False,0,15,2,88,1.1161290322580646,True,estimated,1.0,1.0,,0.05108306493110792,24.386634167886562
SHPRH,False,0,15,1,88,1.881720430107527,True,estimated,1.0,1.0,,0.07326029653400298,48.33275245399257
SHROOM2,False,0,15,1,88,1.881720430107527,True,estimated,1.0,1.0,,0.07326029653400298,48.33275245399257
SHROOM3,False,0,15,1,88,1.881720430107527,True,estimated,1.0,1.0,,0.07326029653400298,48.33275245399257
SHROOM4,False,0,15,1,88,1.881720430107527,True,estimated,1.0,1.0,,0.07326029653400298,48.33275245399257
SIDT2,False,0,15,1,88,1.881720430107527,True,estimated,1.0,1.0,,0.07326029653400298,48.33275245399257
SIGLEC1,False,0,15,1,88,1.881720430107527,True,estimated,1.0,1.0,,0.07326029653400298,48.33275245399257
SIGLEC12,False,0,15,1,88,1.881720430107527,True,estimated,1.0,1.0,,0.07326029653400298,48.33275245399257
SIGLEC9,False,0,15,1,88,1.881720430107527,True,estimated,1.0,1.0,,0.07326029653400298,48.33275245399257
SIL1,False,0,15,1,88,1.881720430107527,True,estimated,1.0,1.0,,0.07326029653400298,48.33275245399257
SIN3A,False,0,15,1,88,1.881720430107527,True,estimated,1.0,1.0,,0.07326029653400298,48.33275245399257
SIN3B,False,0,15,1,88,1.881720430107527,True,estimated,1.0,1.0,,0.07326029653400298,48.33275245399257
SIPA1L1,False,0,15,1,88,1.881720430107527,True,estimated,1.0,1.0,,0.07326029653400298,48.33275245399257
SIPA1L2,False,0,15,1,88,1.881720430107527,True,estimated,1.0,1.0,,0.07326029653400298,48.33275245399257
SIPA1L3,False,0,15,2,88,1.1161290322580646,True,estimated,1.0,1.0,,0.05108306493110792,24.386634167886562
SIRT7,False,0,15,1,88,1.881720430107527,True,estimated,1.0,1.0,,0.07326029653400298,48.33275245399257
SKA3,False,0,15,1,88,1.881720430107527,True,estimated,1.0,1.0,,0.07326029653400298,48.33275245399257
SKIDA1,False,0,15,1,88,1.881720430107527,True,estimated,1.0,1.0,,0.07326029653400298,48.33275245399257
SKP2,False,0,15,1,88,1.881720430107527,True,estimated,1.0,1.0,,0.07326029653400298,48.33275245399257
SLC10A3,False,0,15,1,88,1.881720430107527,True,estimated,1.0,1.0,,0.07326029653400298,48.33275245399257
SLC10A5,False,0,15,1,88,1.881720430107527,True,estimated,1.0,1.0,,0.07326029653400298,48.33275245399257
SLC12A9,False,0,15,1,88,1.881720430107527,True,estimated,1.0,1.0,,0.07326029653400298,48.33275245399257
SLC13A3,False,0,15,1,88,1.881720430107527,True,estimated,1.0,1.0,,0.07326029653400298,48.33275245399257
SLC15A2,False,0,15,1,88,1.881720430107527,True,estimated,1.0,1.0,,0.07326029653400298,48.33275245399257
SLC15A3,False,0,15,1,88,1.881720430107527,True,estimated,1.0,1.0,,0.07326029653400298,48.33275245399257
SLC17A1,False,0,15,1,88,1.881720430107527,True,estimated,1.0,1.0,,0.07326029653400298,48.33275245399257
SLC17A4,False,0,15,1,88,1.881720430107527,True,estimated,1.0,1.0,,0.07326029653400298,48.33275245399257
SLC17A8,False,0,15,1,88,1.881720430107527,True,estimated,1.0,1.0,,0.07326029653400298,48.33275245399257
SLC17A9,False,0,15,1,88,1.881720430107527,True,estimated,1.0,1.0,,0.07326029653400298,48.33275245399257
SLC19A2,False,0,15,1,88,1.881720430107527,True,estimated,1.0,1.0,,0.07326029653400298,48.33275245399257
SLC1A1,False,0,15,1,88,1.881720430107527,True,estimated,1.0,1.0,,0.07326029653400298,48.33275245399257
SLC1A5,False,0,15,1,88,1.881720430107527,True,estimated,1.0,1.0,,0.07326029653400298,48.33275245399257
SLC22A12,False,0,15,1,88,1.881720430107527,True,estimated,1.0,1.0,,0.07326029653400298,48.33275245399257
SLC22A16,False,0,15,2,88,1.1161290322580646,True,estimated,1.0,1.0,,0.05108306493110792,24.386634167886562
SLC22A18,False,0,15,1,88,1.881720430107527,True,estimated,1.0,1.0,,0.07326029653400298,48.33275245399257
SLC22A4,False,0,15,1,88,1.881720430107527,True,estimated,1.0,1.0,,0.07326029653400298,48.33275245399257
SLC22A5,False,0,15,1,88,1.881720430107527,True,estimated,1.0,1.0,,0.07326029653400298,48.33275245399257
SLC22A6,False,0,15,1,88,1.881720430107527,True,estimated,1.0,1.0,,0.07326029653400298,48.33275245399257
SLC22A8,False,0,15,2,88,1.1161290322580646,True,estimated,1.0,1.0,,0.05108306493110792,24.386634167886562
SLC22A9,False,0,15,1,88,1.881720430107527,True,estimated,1.0,1.0,,0.07326029653400298,48.33275245399257
SLC23A1,False,0,15,1,88,1.881720430107527,True,estimated,1.0,1.0,,0.07326029653400298,48.33275245399257
SLC25A24,False,0,15,1,88,1.881720430107527,True,estimated,1.0,1.0,,0.07326029653400298,48.33275245399257
SLC25A28,False,0,15,1,88,1.881720430107527,True,estimated,1.0,1.0,,0.07326029653400298,48.33275245399257
SLC25A39,False,0,15,1,88,1.881720430107527,True,estimated,1.0,1.0,,0.07326029653400298,48.33275245399257
SLC25A53,False,0,15,1,88,1.881720430107527,True,estimated,1.0,1.0,,0.07326029653400298,48.33275245399257
SLC26A11,False,0,15,2,88,1.1161290322580646,True,estimated,1.0,1.0,,0.05108306493110792,24.386634167886562
SLC26A5,False,0,15,2,88,1.1161290322580646,True,estimated,1.0,1.0,,0.05108306493110792,24.386634167886562
SLC26A8,False,0,15,1,88,1.881720430107527,True,estimated,1.0,1.0,,0.07326029653400298,48.33275245399257
SLC28A3,False,0,15,2,88,1.1161290322580646,True,estimated,1.0,1.0,,0.05108306493110792,24.386634167886562
SLC2A14,False,0,15,1,88,1.881720430107527,True,estimated,1.0,1.0,,0.07326029653400298,48.33275245399257
SLC2A3,False,0,15,1,88,1.881720430107527,True,estimated,1.0,1.0,,0.07326029653400298,48.33275245399257
SLC30A3,False,0,15,1,88,1.881720430107527,True,estimated,1.0,1.0,,0.07326029653400298,48.33275245399257
SLC34A1,False,0,15,1,88,1.881720430107527,True,estimated,1.0,1.0,,0.07326029653400298,48.33275245399257
SLC34A3,False,0,15,1,88,1.881720430107527,True,estimated,1.0,1.0,,0.07326029653400298,48.33275245399257
SLC35A1,False,0,15,1,88,1.881720430107527,True,estimated,1.0,1.0,,0.07326029653400298,48.33275245399257
SLC35A2,False,0,15,1,88,1.881720430107527,True,estimated,1.0,1.0,,0.07326029653400298,48.33275245399257
SLC35A4,False,0,15,1,88,1.881720430107527,True,estimated,1.0,1.0,,0.07326029653400298,48.33275245399257
SLC35B2,False,0,15,1,88,1.881720430107527,True,estimated,1.0,1.0,,0.07326029653400298,48.33275245399257
SLC35D2,False,0,15,1,88,1.881720430107527,True,estimated,1.0,1.0,,0.07326029653400298,48.33275245399257
SLC36A1,False,0,15,1,88,1.881720430107527,True,estimated,1.0,1.0,,0.07326029653400298,48.33275245399257
SLC37A4,False,0,15,1,88,1.881720430107527,True,estimated,1.0,1.0,,0.07326029653400298,48.33275245399257
SLC38A10,False,0,15,1,88,1.881720430107527,True,estimated,1.0,1.0,,0.07326029653400298,48.33275245399257
SLC39A10,False,0,15,1,88,1.881720430107527,True,estimated,1.0,1.0,,0.07326029653400298,48.33275245399257
SLC39A6,False,0,15,2,88,1.1161290322580646,True,estimated,1.0,1.0,,0.05108306493110792,24.386634167886562
SLC3A1,False,0,15,2,88,1.1161290322580646,True,estimated,1.0,1.0,,0.05108306493110792,24.386634167886562
SLC3A2,False,0,15,1,88,1.881720430107527,True,estimated,1.0,1.0,,0.07326029653400298,48.33275245399257
SLC41A2,False,0,15,1,88,1.881720430107527,True,estimated,1.0,1.0,,0.07326029653400298,48.33275245399257
SLC44A1,False,0,15,1,88,1.881720430107527,True,estimated,1.0,1.0,,0.07326029653400298,48.33275245399257
SLC44A3,False,0,15,2,88,1.1161290322580646,True,estimated,1.0,1.0,,0.05108306493110792,24.386634167886562
SLC44A4,False,0,15,1,88,1.881720430107527,True,estimated,1.0,1.0,,0.07326029653400298,48.33275245399257
SLC45A2,False,0,15,1,88,1.881720430107527,True,estimated,1.0,1.0,,0.07326029653400298,48.33275245399257
SLC45A3,False,0,15,1,88,1.881720430107527,True,estimated,1.0,1.0,,0.07326029653400298,48.33275245399257
SLC4A10,False,0,15,1,88,1.881720430107527,True,estimated,1.0,1.0,,0.07326029653400298,48.33275245399257
SLC4A2,False,0,15,1,88,1.881720430107527,True,estimated,1.0,1.0,,0.07326029653400298,48.33275245399257
SLC4A5,False,0,15,1,88,1.881720430107527,True,estimated,1.0,1.0,,0.07326029653400298,48.33275245399257
SLC52A1,False,0,15,1,88,1.881720430107527,True,estimated,1.0,1.0,,0.07326029653400298,48.33275245399257
SLC52A2,False,0,15,1,88,1.881720430107527,True,estimated,1.0,1.0,,0.07326029653400298,48.33275245399257
SLC5A12,False,0,15,1,88,1.881720430107527,True,estimated,1.0,1.0,,0.07326029653400298,48.33275245399257
SLC66A3,False,0,15,1,88,1.881720430107527,True,estimated,1.0,1.0,,0.07326029653400298,48.33275245399257
SLC6A1,False,0,15,1,88,1.881720430107527,True,estimated,1.0,1.0,,0.07326029653400298,48.33275245399257
SLC6A12,False,0,15,1,88,1.881720430107527,True,estimated,1.0,1.0,,0.07326029653400298,48.33275245399257
SLC6A7,False,0,15,1,88,1.881720430107527,True,estimated,1.0,1.0,,0.07326029653400298,48.33275245399257
SLC6A8,False,0,15,1,88,1.881720430107527,True,estimated,1.0,1.0,,0.07326029653400298,48.33275245399257
SLC7A1,False,0,15,1,88,1.881720430107527,True,estimated,1.0,1.0,,0.07326029653400298,48.33275245399257
SLC7A14,False,0,15,1,88,1.881720430107527,True,estimated,1.0,1.0,,0.07326029653400298,48.33275245399257
SLC8A3,False,0,15,1,88,1.881720430107527,True,estimated,1.0,1.0,,0.07326029653400298,48.33275245399257
SLC9A1,False,0,15,1,88,1.881720430107527,True,estimated,1.0,1.0,,0.07326029653400298,48.33275245399257
SLC9A4,False,0,15,1,88,1.881720430107527,True,estimated,1.0,1.0,,0.07326029653400298,48.33275245399257
SLC9A7,False,0,15,1,88,1.881720430107527,True,estimated,1.0,1.0,,0.07326029653400298,48.33275245399257
SLIT3,False,0,15,2,88,1.1161290322580646,True,estimated,1.0,1.0,,0.05108306493110792,24.386634167886562
SLITRK2,False,0,15,1,88,1.881720430107527,True,estimated,1.0,1.0,,0.07326029653400298,48.33275245399257
SLITRK3,False,0,15,1,88,1.881720430107527,True,estimated,1.0,1.0,,0.07326029653400298,48.33275245399257
SLITRK4,False,0,15,2,88,1.1161290322580646,True,estimated,1.0,1.0,,0.05108306493110792,24.386634167886562
SLITRK5,False,0,15,1,88,1.881720430107527,True,estimated,1.0,1.0,,0.07326029653400298,48.33275245399257
SLITRK6,False,0,15,4,88,0.6057347670250897,True,estimated,1.0,1.0,,0.03102761179503423,11.825422156456852
SLU7,False,0,15,1,88,1.881720430107527,True,estimated,1.0,1.0,,0.07326029653400298,48.33275245399257
SMAD2,False,0,15,1,88,1.881720430107527,True,estimated,1.0,1.0,,0.07326029653400298,48.33275245399257
SMARCA2,False,0,15,1,88,1.881720430107527,True,estimated,1.0,1.0,,0.07326029653400298,48.33275245399257
SMARCA4,False,0,15,2,88,1.1161290322580646,True,estimated,1.0,1.0,,0.05108306493110792,24.386634167886562
SMARCAD1,False,0,15,1,88,1.881720430107527,True,estimated,1.0,1.0,,0.07326029653400298,48.33275245399257
SMARCAL1,False,0,15,1,88,1.881720430107527,True,estimated,1.0,1.0,,0.07326029653400298,48.33275245399257
SMARCD2,False,0,15,1,88,1.881720430107527,True,estimated,1.0,1.0,,0.07326029653400298,48.33275245399257
SMC2,False,0,15,1,88,1.881720430107527,True,estimated,1.0,1.0,,0.07326029653400298,48.33275245399257
SMC3,False,0,15,2,88,1.1161290322580646,True,estimated,1.0,1.0,,0.05108306493110792,24.386634167886562
SMC5,False,0,15,1,88,1.881720430107527,True,estimated,1.0,1.0,,0.07326029653400298,48.33275245399257
SMCO4,False,0,15,1,88,1.881720430107527,True,estimated,1.0,1.0,,0.07326029653400298,48.33275245399257
SMG8,False,0,15,1,88,1.881720430107527,True,estimated,1.0,1.0,,0.07326029653400298,48.33275245399257
SMS,False,0,15,2,88,1.1161290322580646,True,estimated,1.0,1.0,,0.05108306493110792,24.386634167886562
SMTNL2,False,0,15,1,88,1.881720430107527,True,estimated,1.0,1.0,,0.07326029653400298,48.33275245399257
SMU1,False,0,15,1,88,1.881720430107527,True,estimated,1.0,1.0,,0.07326029653400298,48.33275245399257
SMUG1,False,0,15,1,88,1.881720430107527,True,estimated,1.0,1.0,,0.07326029653400298,48.33275245399257
SNRNP40,False,0,15,1,88,1.881720430107527,True,estimated,1.0,1.0,,0.07326029653400298,48.33275245399257
SNRNP48,False,0,15,1,88,1.881720430107527,True,estimated,1.0,1.0,,0.07326029653400298,48.33275245399257
SNX1,False,0,15,1,88,1.881720430107527,True,estimated,1.0,1.0,,0.07326029653400298,48.33275245399257
SNX10,False,0,15,1,88,1.881720430107527,True,estimated,1.0,1.0,,0.07326029653400298,48.33275245399257
SNX14,False,0,15,2,88,1.1161290322580646,True,estimated,1.0,1.0,,0.05108306493110792,24.386634167886562
SNX17,False,0,15,1,88,1.881720430107527,True,estimated,1.0,1.0,,0.07326029653400298,48.33275245399257
SNX19,False,0,15,1,88,1.881720430107527,True,estimated,1.0,1.0,,0.07326029653400298,48.33275245399257
SNX25,False,0,15,1,88,1.881720430107527,True,estimated,1.0,1.0,,0.07326029653400298,48.33275245399257
SNX33,False,0,15,1,88,1.881720430107527,True,estimated,1.0,1.0,,0.07326029653400298,48.33275245399257
SOAT2,False,0,15,1,88,1.881720430107527,True,estimated,1.0,1.0,,0.07326029653400298,48.33275245399257
SOHLH2,False,0,15,1,88,1.881720430107527,True,estimated,1.0,1.0,,0.07326029653400298,48.33275245399257
SON,False,0,15,1,88,1.881720430107527,True,estimated,1.0,1.0,,0.07326029653400298,48.33275245399257
SORBS3,False,0,15,1,88,1.881720430107527,True,estimated,1.0,1.0,,0.07326029653400298,48.33275245399257
SORL1,False,0,15,1,88,1.881720430107527,True,estimated,1.0,1.0,,0.07326029653400298,48.33275245399257
SORT1,False,0,15,1,88,1.881720430107527,True,estimated,1.0,1.0,,0.07326029653400298,48.33275245399257
SOS1,False,0,15,1,88,1.881720430107527,True,estimated,1.0,1.0,,0.07326029653400298,48.33275245399257
SOWAHD,False,0,15,1,88,1.881720430107527,True,estimated,1.0,1.0,,0.07326029653400298,48.33275245399257
SOX5,False,0,15,3,88,0.7880184331797235,True,estimated,1.0,1.0,,0.03875592896792058,16.02265943734762
SP140,False,0,15,1,88,1.881720430107527,True,estimated,1.0,1.0,,0.07326029653400298,48.33275245399257
SPAG4,False,0,15,1,88,1.881720430107527,True,estimated,1.0,1.0,,0.07326029653400298,48.33275245399257
SPAG9,False,0,15,1,88,1.881720430107527,True,estimated,1.0,1.0,,0.07326029653400298,48.33275245399257
SPAM1,False,0,15,2,88,1.1161290322580646,True,estimated,1.0,1.0,,0.05108306493110792,24.386634167886562
SPANXD,False,0,15,1,88,1.881720430107527,True,estimated,1.0,1.0,,0.07326029653400298,48.33275245399257
SPARC,False,0,15,1,88,1.881720430107527,True,estimated,1.0,1.0,,0.07326029653400298,48.33275245399257
SPARCL1,False,0,15,1,88,1.881720430107527,True,estimated,1.0,1.0,,0.07326029653400298,48.33275245399257
SPATA25,False,0,15,1,88,1.881720430107527,True,estimated,1.0,1.0,,0.07326029653400298,48.33275245399257
SPATA4,False,0,15,1,88,1.881720430107527,True,estimated,1.0,1.0,,0.07326029653400298,48.33275245399257
SPATA5,False,0,15,1,88,1.881720430107527,True,estimated,1.0,1.0,,0.07326029653400298,48.33275245399257
SPDEF,False,0,15,1,88,1.881720430107527,True,estimated,1.0,1.0,,0.07326029653400298,48.33275245399257
SPEF2,False,0,15,1,88,1.881720430107527,True,estimated,1.0,1.0,,0.07326029653400298,48.33275245399257
SPEM1,False,0,15,1,88,1.881720430107527,True,estimated,1.0,1.0,,0.07326029653400298,48.33275245399257
SPEN,False,0,15,4,88,0.6057347670250897,True,estimated,1.0,1.0,,0.03102761179503423,11.825422156456852
SPG21,False,0,15,1,88,1.881720430107527,True,estimated,1.0,1.0,,0.07326029653400298,48.33275245399257
SPG7,False,0,15,1,88,1.881720430107527,True,estimated,1.0,1.0,,0.07326029653400298,48.33275245399257
SPINK5,False,0,15,3,88,0.7880184331797235,True,estimated,1.0,1.0,,0.03875592896792058,16.02265943734762
SPOCD1,False,0,15,1,88,1.881720430107527,True,estimated,1.0,1.0,,0.07326029653400298,48.33275245399257
SPON1,False,0,15,1,88,1.881720430107527,True,estimated,1.0,1.0,,0.07326029653400298,48.33275245399257
SPOUT1,False,0,15,1,88,1.881720430107527,True,estimated,1.0,1.0,,0.07326029653400298,48.33275245399257
SPP1,False,0,15,1,88,1.881720430107527,True,estimated,1.0,1.0,,0.07326029653400298,48.33275245399257
SPRED1,False,0,15,3,88,0.7880184331797235,True,estimated,1.0,1.0,,0.03875592896792058,16.02265943734762
SPSB3,False,0,15,2,88,1.1161290322580646,True,estimated,1.0,1.0,,0.05108306493110792,24.386634167886562
SPTB,False,0,15,1,88,1.881720430107527,True,estimated,1.0,1.0,,0.07326029653400298,48.33275245399257
SPTBN1,False,0,15,1,88,1.881720430107527,True,estimated,1.0,1.0,,0.07326029653400298,48.33275245399257
SPTBN4,False,0,15,1,88,1.881720430107527,True,estimated,1.0,1.0,,0.07326029653400298,48.33275245399257
SRBD1,False,0,15,1,88,1.881720430107527,True,estimated,1.0,1.0,,0.07326029653400298,48.33275245399257
SRC,False,0,15,1,88,1.881720430107527,True,estimated,1.0,1.0,,0.07326029653400298,48.33275245399257
SREBF2,False,0,15,2,88,1.1161290322580646,True,estimated,1.0,1.0,,0.05108306493110792,24.386634167886562
SRGAP1,False,0,15,1,88,1.881720430107527,True,estimated,1.0,1.0,,0.07326029653400298,48.33275245399257
SRRM2,False,0,15,1,88,1.881720430107527,True,estimated,1.0,1.0,,0.07326029653400298,48.33275245399257
SRSF4,False,0,15,1,88,1.881720430107527,True,estimated,1.0,1.0,,0.07326029653400298,48.33275245399257
SSBP4,False,0,15,1,88,1.881720430107527,True,estimated,1.0,1.0,,0.07326029653400298,48.33275245399257
SSH1,False,0,15,1,88,1.881720430107527,True,estimated,1.0,1.0,,0.07326029653400298,48.33275245399257
SSH2,False,0,15,2,88,1.1161290322580646,True,estimated,1.0,1.0,,0.05108306493110792,24.386634167886562
SSR4,False,0,15,1,88,1.881720430107527,True,estimated,1.0,1.0,,0.07326029653400298,48.33275245399257
SSRP1,False,0,15,1,88,1.881720430107527,True,estimated,1.0,1.0,,0.07326029653400298,48.33275245399257
SSTR3,False,0,15,1,88,1.881720430107527,True,estimated,1.0,1.0,,0.07326029653400298,48.33275245399257
ST14,False,0,15,1,88,1.881720430107527,True,estimated,1.0,1.0,,0.07326029653400298,48.33275245399257
ST18,False,0,15,1,88,1.881720430107527,True,estimated,1.0,1.0,,0.07326029653400298,48.33275245399257
ST3GAL3,False,0,15,1,88,1.881720430107527,True,estimated,1.0,1.0,,0.07326029653400298,48.33275245399257
ST6GALNAC2,False,0,15,1,88,1.881720430107527,True,estimated,1.0,1.0,,0.07326029653400298,48.33275245399257
ST6GALNAC5,False,0,15,1,88,1.881720430107527,True,estimated,1.0,1.0,,0.07326029653400298,48.33275245399257
ST7L,False,0,15,1,88,1.881720430107527,True,estimated,1.0,1.0,,0.07326029653400298,48.33275245399257
ST8SIA1,False,0,15,1,88,1.881720430107527,True,estimated,1.0,1.0,,0.07326029653400298,48.33275245399257
ST8SIA5,False,0,15,1,88,1.881720430107527,True,estimated,1.0,1.0,,0.07326029653400298,48.33275245399257
STAB2,False,0,15,1,88,1.881720430107527,True,estimated,1.0,1.0,,0.07326029653400298,48.33275245399257
STAC2,False,0,15,1,88,1.881720430107527,True,estimated,1.0,1.0,,0.07326029653400298,48.33275245399257
STAG1,False,0,15,1,88,1.881720430107527,True,estimated,1.0,1.0,,0.07326029653400298,48.33275245399257
STAG2,False,0,15,5,88,0.4897360703812317,True,estimated,1.0,1.0,,0.025750194587724894,9.314159464518497
STAG3,False,0,15,1,88,1.881720430107527,True,estimated,1.0,1.0,,0.07326029653400298,48.33275245399257
STAR,False,0,15,1,88,1.881720430107527,True,estimated,1.0,1.0,,0.07326029653400298,48.33275245399257
STARD13,False,0,15,1,88,1.881720430107527,True,estimated,1.0,1.0,,0.07326029653400298,48.33275245399257
STARD6,False,0,15,1,88,1.881720430107527,True,estimated,1.0,1.0,,0.07326029653400298,48.33275245399257
STAT2,False,0,15,1,88,1.881720430107527,True,estimated,1.0,1.0,,0.07326029653400298,48.33275245399257
STAT4,False,0,15,1,88,1.881720430107527,True,estimated,1.0,1.0,,0.07326029653400298,48.33275245399257
STEAP3,False,0,15,1,88,1.881720430107527,True,estimated,1.0,1.0,,0.07326029653400298,48.33275245399257
STIL,False,0,15,1,88,1.881720430107527,True,estimated,1.0,1.0,,0.07326029653400298,48.33275245399257
STK17B,False,0,15,1,88,1.881720430107527,True,estimated,1.0,1.0,,0.07326029653400298,48.33275245399257
STK31,False,0,15,2,88,1.1161290322580646,True,estimated,1.0,1.0,,0.05108306493110792,24.386634167886562
STK32B,False,0,15,1,88,1.881720430107527,True,estimated,1.0,1.0,,0.07326029653400298,48.33275245399257
STMN4,False,0,15,1,88,1.881720430107527,True,estimated,1.0,1.0,,0.07326029653400298,48.33275245399257
STPG2,False,0,15,2,88,1.1161290322580646,True,estimated,1.0,1.0,,0.05108306493110792,24.386634167886562
STRN3,False,0,15,1,88,1.881720430107527,True,estimated,1.0,1.0,,0.07326029653400298,48.33275245399257
STS,False,0,15,1,88,1.881720430107527,True,estimated,1.0,1.0,,0.07326029653400298,48.33275245399257
STT3A,False,0,15,1,88,1.881720430107527,True,estimated,1.0,1.0,,0.07326029653400298,48.33275245399257
STX7,False,0,15,1,88,1.881720430107527,True,estimated,1.0,1.0,,0.07326029653400298,48.33275245399257
STX8,False,0,15,1,88,1.881720430107527,True,estimated,1.0,1.0,,0.07326029653400298,48.33275245399257
STXBP5L,False,0,15,1,88,1.881720430107527,True,estimated,1.0,1.0,,0.07326029653400298,48.33275245399257
STYX,False,0,15,1,88,1.881720430107527,True,estimated,1.0,1.0,,0.07326029653400298,48.33275245399257
SUDS3,False,0,15,1,88,1.881720430107527,True,estimated,1.0,1.0,,0.07326029653400298,48.33275245399257
SUGCT,False,0,15,1,88,1.881720430107527,True,estimated,1.0,1.0,,0.07326029653400298,48.33275245399257
SUGT1,False,0,15,1,88,1.881720430107527,True,estimated,1.0,1.0,,0.07326029653400298,48.33275245399257
SULF1,False,0,15,1,88,1.881720430107527,True,estimated,1.0,1.0,,0.07326029653400298,48.33275245399257
SULT1C3,False,0,15,1,88,1.881720430107527,True,estimated,1.0,1.0,,0.07326029653400298,48.33275245399257
SUPT20HL1,False,0,15,2,88,1.1161290322580646,True,estimated,1.0,1.0,,0.05108306493110792,24.386634167886562
SUPT6H,False,0,15,1,88,1.881720430107527,True,estimated,1.0,1.0,,0.07326029653400298,48.33275245399257
SUPT7L,False,0,15,1,88,1.881720430107527,True,estimated,1.0,1.0,,0.07326029653400298,48.33275245399257
SURF4,False,0,15,1,88,1.881720430107527,True,estimated,1.0,1.0,,0.07326029653400298,48.33275245399257
SUSD1,False,0,15,1,88,1.881720430107527,True,estimated,1.0,1.0,,0.07326029653400298,48.33275245399257
SUZ12,False,0,15,1,88,1.881720430107527,True,estimated,1.0,1.0,,0.07326029653400298,48.33275245399257
SV2C,False,0,15,1,88,1.881720430107527,True,estimated,1.0,1.0,,0.07326029653400298,48.33275245399257
SVEP1,False,0,15,2,88,1.1161290322580646,True,estimated,1.0,1.0,,0.05108306493110792,24.386634167886562
SYCP2L,False,0,15,2,88,1.1161290322580646,True,estimated,1.0,1.0,,0.05108306493110792,24.386634167886562
SYF2,False,0,15,1,88,1.881720430107527,True,estimated,1.0,1.0,,0.07326029653400298,48.33275245399257
SYNE1,False,0,15,4,88,0.6057347670250897,True,estimated,1.0,1.0,,0.03102761179503423,11.825422156456852
SYNE2,False,0,15,2,88,1.1161290322580646,True,estimated,1.0,1.0,,0.05108306493110792,24.386634167886562
SYNJ1,False,0,15,1,88,1.881720430107527,True,estimated,1.0,1.0,,0.07326029653400298,48.33275245399257
SYNM,False,0,15,1,88,1.881720430107527,True,estimated,1.0,1.0,,0.07326029653400298,48.33275245399257
SYNRG,False,0,15,1,88,1.881720430107527,True,estimated,1.0,1.0,,0.07326029653400298,48.33275245399257
SYPL2,False,0,15,1,88,1.881720430107527,True,estimated,1.0,1.0,,0.07326029653400298,48.33275245399257
SYT11,False,0,15,1,88,1.881720430107527,True,estimated,1.0,1.0,,0.07326029653400298,48.33275245399257
SYT15,False,0,15,1,88,1.881720430107527,True,estimated,1.0,1.0,,0.07326029653400298,48.33275245399257
SYT3,False,0,15,1,88,1.881720430107527,True,estimated,1.0,1.0,,0.07326029653400298,48.33275245399257
SYT6,False,0,15,1,88,1.881720430107527,True,estimated,1.0,1.0,,0.07326029653400298,48.33275245399257
SYTL2,False,0,15,2,88,1.1161290322580646,True,estimated,1.0,1.0,,0.05108306493110792,24.386634167886562
TAAR9,False,0,15,1,88,1.881720430107527,True,estimated,1.0,1.0,,0.07326029653400298,48.33275245399257
TACC1,False,0,15,1,88,1.881720430107527,True,estimated,1.0,1.0,,0.07326029653400298,48.33275245399257
TACC2,False,0,15,2,88,1.1161290322580646,True,estimated,1.0,1.0,,0.05108306493110792,24.386634167886562
TACR3,False,0,15,2,88,1.1161290322580646,True,estimated,1.0,1.0,,0.05108306493110792,24.386634167886562
TADA1,False,0,15,2,88,1.1161290322580646,True,estimated,1.0,1.0,,0.05108306493110792,24.386634167886562
TAF1C,False,0,15,1,88,1.881720430107527,True,estimated,1.0,1.0,,0.07326029653400298,48.33275245399257
TAF1L,False,0,15,1,88,1.881720430107527,True,estimated,1.0,1.0,,0.07326029653400298,48.33275245399257
TAF2,False,0,15,1,88,1.881720430107527,True,estimated,1.0,1.0,,0.07326029653400298,48.33275245399257
TAF7L,False,0,15,1,88,1.881720430107527,True,estimated,1.0,1.0,,0.07326029653400298,48.33275245399257
TANC1,False,0,15,2,88,1.1161290322580646,True,estimated,1.0,1.0,,0.05108306493110792,24.386634167886562
TARBP1,False,0,15,1,88,1.881720430107527,True,estimated,1.0,1.0,,0.07326029653400298,48.33275245399257
TARS2,False,0,15,1,88,1.881720430107527,True,estimated,1.0,1.0,,0.07326029653400298,48.33275245399257
TARS3,False,0,15,1,88,1.881720430107527,True,estimated,1.0,1.0,,0.07326029653400298,48.33275245399257
TAS1R2,False,0,15,1,88,1.881720430107527,True,estimated,1.0,1.0,,0.07326029653400298,48.33275245399257
TAS2R31,False,0,15,1,88,1.881720430107527,True,estimated,1.0,1.0,,0.07326029653400298,48.33275245399257
TASOR2,False,0,15,1,88,1.881720430107527,True,estimated,1.0,1.0,,0.07326029653400298,48.33275245399257
TATDN1,False,0,15,2,88,1.1161290322580646,True,estimated,1.0,1.0,,0.05108306493110792,24.386634167886562
TBC1D14,False,0,15,1,88,1.881720430107527,True,estimated,1.0,1.0,,0.07326029653400298,48.33275245399257
TBC1D15,False,0,15,1,88,1.881720430107527,True,estimated,1.0,1.0,,0.07326029653400298,48.33275245399257
TBC1D16,False,0,15,1,88,1.881720430107527,True,estimated,1.0,1.0,,0.07326029653400298,48.33275245399257
TBC1D9B,False,0,15,2,88,1.1161290322580646,True,estimated,1.0,1.0,,0.05108306493110792,24.386634167886562
TBL1Y,False,0,15,1,88,1.881720430107527,True,estimated,1.0,1.0,,0.07326029653400298,48.33275245399257
TBX19,False,0,15,1,88,1.881720430107527,True,estimated,1.0,1.0,,0.07326029653400298,48.33275245399257
TBXAS1,False,0,15,2,88,1.1161290322580646,True,estimated,1.0,1.0,,0.05108306493110792,24.386634167886562
TCEAL3,False,0,15,1,88,1.881720430107527,True,estimated,1.0,1.0,,0.07326029653400298,48.33275245399257
TCEAL4,False,0,15,1,88,1.881720430107527,True,estimated,1.0,1.0,,0.07326029653400298,48.33275245399257
TCEAL8,False,0,15,1,88,1.881720430107527,True,estimated,1.0,1.0,,0.07326029653400298,48.33275245399257
TCERG1,False,0,15,1,88,1.881720430107527,True,estimated,1.0,1.0,,0.07326029653400298,48.33275245399257
TCERG1L,False,0,15,1,88,1.881720430107527,True,estimated,1.0,1.0,,0.07326029653400298,48.33275245399257
TCF12,False,0,15,1,88,1.881720430107527,True,estimated,1.0,1.0,,0.07326029653400298,48.33275245399257
TCF20,False,0,15,1,88,1.881720430107527,True,estimated,1.0,1.0,,0.07326029653400298,48.33275245399257
TCN2,False,0,15,1,88,1.881720430107527,True,estimated,1.0,1.0,,0.07326029653400298,48.33275245399257
TCP11L1,False,0,15,1,88,1.881720430107527,True,estimated,1.0,1.0,,0.07326029653400298,48.33275245399257
TEC,False,0,15,1,88,1.881720430107527,True,estimated,1.0,1.0,,0.07326029653400298,48.33275245399257
TECRL,False,0,15,1,88,1.881720430107527,True,estimated,1.0,1.0,,0.07326029653400298,48.33275245399257
TECTA,False,0,15,2,88,1.1161290322580646,True,estimated,1.0,1.0,,0.05108306493110792,24.386634167886562
TECTB,False,0,15,1,88,1.881720430107527,True,estimated,1.0,1.0,,0.07326029653400298,48.33275245399257
TEK,False,0,15,1,88,1.881720430107527,True,estimated,1.0,1.0,,0.07326029653400298,48.33275245399257
TEKT1,False,0,15,1,88,1.881720430107527,True,estimated,1.0,1.0,,0.07326029653400298,48.33275245399257
TEKT4,False,0,15,1,88,1.881720430107527,True,estimated,1.0,1.0,,0.07326029653400298,48.33275245399257
TEKT5,False,0,15,1,88,1.881720430107527,True,estimated,1.0,1.0,,0.07326029653400298,48.33275245399257
TENM1,False,0,15,3,88,0.7880184331797235,True,estimated,1.0,1.0,,0.03875592896792058,16.02265943734762
TENM4,False,0,15,1,88,1.881720430107527,True,estimated,1.0,1.0,,0.07326029653400298,48.33275245399257
TENT4B,False,0,15,1,88,1.881720430107527,True,estimated,1.0,1.0,,0.07326029653400298,48.33275245399257
TENT5D,False,0,15,1,88,1.881720430107527,True,estimated,1.0,1.0,,0.07326029653400298,48.33275245399257
TET2,False,0,15,3,88,0.7880184331797235,True,estimated,1.0,1.0,,0.03875592896792058,16.02265943734762
TEX13A,False,0,15,1,88,1.881720430107527,True,estimated,1.0,1.0,,0.07326029653400298,48.33275245399257
TEX15,False,0,15,1,88,1.881720430107527,True,estimated,1.0,1.0,,0.07326029653400298,48.33275245399257
TEX26,False,0,15,1,88,1.881720430107527,True,estimated,1.0,1.0,,0.07326029653400298,48.33275245399257
TEX45,False,0,15,1,88,1.881720430107527,True,estimated,1.0,1.0,,0.07326029653400298,48.33275245399257
TFR2,False,0,15,1,88,1.881720430107527,True,estimated,1.0,1.0,,0.07326029653400298,48.33275245399257
TFRC,False,0,15,1,88,1.881720430107527,True,estimated,1.0,1.0,,0.07326029653400298,48.33275245399257
TG,False,0,15,1,88,1.881720430107527,True,estimated,1.0,1.0,,0.07326029653400298,48.33275245399257
TGFBI,False,0,15,1,88,1.881720430107527,True,estimated,1.0,1.0,,0.07326029653400298,48.33275245399257
TGM6,False,0,15,1,88,1.881720430107527,True,estimated,1.0,1.0,,0.07326029653400298,48.33275245399257
THAP9,False,0,15,1,88,1.881720430107527,True,estimated,1.0,1.0,,0.07326029653400298,48.33275245399257
THBS1,False,0,15,2,88,1.1161290322580646,True,estimated,1.0,1.0,,0.05108306493110792,24.386634167886562
THEM5,False,0,15,1,88,1.881720430107527,True,estimated,1.0,1.0,,0.07326029653400298,48.33275245399257
THOC1,False,0,15,1,88,1.881720430107527,True,estimated,1.0,1.0,,0.07326029653400298,48.33275245399257
THOC2,False,0,15,1,88,1.881720430107527,True,estimated,1.0,1.0,,0.07326029653400298,48.33275245399257
THOP1,False,0,15,1,88,1.881720430107527,True,estimated,1.0,1.0,,0.07326029653400298,48.33275245399257
THRA,False,0,15,1,88,1.881720430107527,True,estimated,1.0,1.0,,0.07326029653400298,48.33275245399257
THRSP,False,0,15,1,88,1.881720430107527,True,estimated,1.0,1.0,,0.07326029653400298,48.33275245399257
TIAF1,False,0,15,1,88,1.881720430107527,True,estimated,1.0,1.0,,0.07326029653400298,48.33275245399257
TICAM1,False,0,15,1,88,1.881720430107527,True,estimated,1.0,1.0,,0.07326029653400298,48.33275245399257
TIMM17B,False,0,15,1,88,1.881720430107527,True,estimated,1.0,1.0,,0.07326029653400298,48.33275245399257
TINAG,False,0,15,1,88,1.881720430107527,True,estimated,1.0,1.0,,0.07326029653400298,48.33275245399257
TIPARP,False,0,15,1,88,1.881720430107527,True,estimated,1.0,1.0,,0.07326029653400298,48.33275245399257
TIPRL,False,0,15,1,88,1.881720430107527,True,estimated,1.0,1.0,,0.07326029653400298,48.33275245399257
TJP2,False,0,15,1,88,1.881720430107527,True,estimated,1.0,1.0,,0.07326029653400298,48.33275245399257
TKFC,False,0,15,1,88,1.881720430107527,True,estimated,1.0,1.0,,0.07326029653400298,48.33275245399257
TLE6,False,0,15,1,88,1.881720430107527,True,estimated,1.0,1.0,,0.07326029653400298,48.33275245399257
TLN2,False,0,15,4,88,0.6057347670250897,True,estimated,1.0,1.0,,0.03102761179503423,11.825422156456852
TM4SF18,False,0,15,1,88,1.881720430107527,True,estimated,1.0,1.0,,0.07326029653400298,48.33275245399257
TM6SF1,False,0,15,1,88,1.881720430107527,True,estimated,1.0,1.0,,0.07326029653400298,48.33275245399257
TM9SF3,False,0,15,1,88,1.881720430107527,True,estimated,1.0,1.0,,0.07326029653400298,48.33275245399257
TMC2,False,0,15,1,88,1.881720430107527,True,estimated,1.0,1.0,,0.07326029653400298,48.33275245399257
TMC5,False,0,15,1,88,1.881720430107527,True,estimated,1.0,1.0,,0.07326029653400298,48.33275245399257
TMCO2,False,0,15,1,88,1.881720430107527,True,estimated,1.0,1.0,,0.07326029653400298,48.33275245399257
TMCO3,False,0,15,1,88,1.881720430107527,True,estimated,1.0,1.0,,0.07326029653400298,48.33275245399257
TMED2,False,0,15,1,88,1.881720430107527,True,estimated,1.0,1.0,,0.07326029653400298,48.33275245399257
TMEFF2,False,0,15,1,88,1.881720430107527,True,estimated,1.0,1.0,,0.07326029653400298,48.33275245399257
TMEM106A,False,0,15,1,88,1.881720430107527,True,estimated,1.0,1.0,,0.07326029653400298,48.33275245399257
TMEM132D,False,0,15,1,88,1.881720430107527,True,estimated,1.0,1.0,,0.07326029653400298,48.33275245399257
TMEM165,False,0,15,1,88,1.881720430107527,True,estimated,1.0,1.0,,0.07326029653400298,48.33275245399257
TMEM168,False,0,15,1,88,1.881720430107527,True,estimated,1.0,1.0,,0.07326029653400298,48.33275245399257
TMEM169,False,0,15,1,88,1.881720430107527,True,estimated,1.0,1.0,,0.07326029653400298,48.33275245399257
TMEM17,False,0,15,1,88,1.881720430107527,True,estimated,1.0,1.0,,0.07326029653400298,48.33275245399257
TMEM171,False,0,15,1,88,1.881720430107527,True,estimated,1.0,1.0,,0.07326029653400298,48.33275245399257
TMEM185A,False,0,15,1,88,1.881720430107527,True,estimated,1.0,1.0,,0.07326029653400298,48.33275245399257
TMEM19,False,0,15,1,88,1.881720430107527,True,estimated,1.0,1.0,,0.07326029653400298,48.33275245399257
TMEM198,False,0,15,1,88,1.881720430107527,True,estimated,1.0,1.0,,0.07326029653400298,48.33275245399257
TMEM200A,False,0,15,1,88,1.881720430107527,True,estimated,1.0,1.0,,0.07326029653400298,48.33275245399257
TMEM200C,False,0,15,1,88,1.881720430107527,True,estimated,1.0,1.0,,0.07326029653400298,48.33275245399257
TMEM222,False,0,15,1,88,1.881720430107527,True,estimated,1.0,1.0,,0.07326029653400298,48.33275245399257
TMEM225,False,0,15,1,88,1.881720430107527,True,estimated,1.0,1.0,,0.07326029653400298,48.33275245399257
TMEM254,False,0,15,1,88,1.881720430107527,True,estimated,1.0,1.0,,0.07326029653400298,48.33275245399257
TMEM255B,False,0,15,2,88,1.1161290322580646,True,estimated,1.0,1.0,,0.05108306493110792,24.386634167886562
TMEM38B,False,0,15,1,88,1.881720430107527,True,estimated,1.0,1.0,,0.07326029653400298,48.33275245399257
TMEM45B,False,0,15,1,88,1.881720430107527,True,estimated,1.0,1.0,,0.07326029653400298,48.33275245399257
TMEM63B,False,0,15,2,88,1.1161290322580646,True,estimated,1.0,1.0,,0.05108306493110792,24.386634167886562
TMEM71,False,0,15,1,88,1.881720430107527,True,estimated,1.0,1.0,,0.07326029653400298,48.33275245399257
TMEM74B,False,0,15,1,88,1.881720430107527,True,estimated,1.0,1.0,,0.07326029653400298,48.33275245399257
TMEM80,False,0,15,1,88,1.881720430107527,True,estimated,1.0,1.0,,0.07326029653400298,48.33275245399257
TMEM81,False,0,15,1,88,1.881720430107527,True,estimated,1.0,1.0,,0.07326029653400298,48.33275245399257
TMEM87A,False,0,15,1,88,1.881720430107527,True,estimated,1.0,1.0,,0.07326029653400298,48.33275245399257
TMF1,False,0,15,1,88,1.881720430107527,True,estimated,1.0,1.0,,0.07326029653400298,48.33275245399257
TMIGD1,False,0,15,1,88,1.881720430107527,True,estimated,1.0,1.0,,0.07326029653400298,48.33275245399257
TMOD4,False,0,15,1,88,1.881720430107527,True,estimated,1.0,1.0,,0.07326029653400298,48.33275245399257
TMPRSS11A,False,0,15,1,88,1.881720430107527,True,estimated,1.0,1.0,,0.07326029653400298,48.33275245399257
TMPRSS11D,False,0,15,1,88,1.881720430107527,True,estimated,1.0,1.0,,0.07326029653400298,48.33275245399257
TMPRSS15,False,0,15,1,88,1.881720430107527,True,estimated,1.0,1.0,,0.07326029653400298,48.33275245399257
TMTC3,False,0,15,1,88,1.881720430107527,True,estimated,1.0,1.0,,0.07326029653400298,48.33275245399257
TMX3,False,0,15,1,88,1.881720430107527,True,estimated,1.0,1.0,,0.07326029653400298,48.33275245399257
TMX4,False,0,15,1,88,1.881720430107527,True,estimated,1.0,1.0,,0.07326029653400298,48.33275245399257
TNC,False,0,15,1,88,1.881720430107527,True,estimated,1.0,1.0,,0.07326029653400298,48.33275245399257
TNIK,False,0,15,1,88,1.881720430107527,True,estimated,1.0,1.0,,0.07326029653400298,48.33275245399257
TNKS,False,0,15,1,88,1.881720430107527,True,estimated,1.0,1.0,,0.07326029653400298,48.33275245399257
TNKS1BP1,False,0,15,1,88,1.881720430107527,True,estimated,1.0,1.0,,0.07326029653400298,48.33275245399257
TNN,False,0,15,1,88,1.881720430107527,True,estimated,1.0,1.0,,0.07326029653400298,48.33275245399257
TNNT1,False,0,15,1,88,1.881720430107527,True,estimated,1.0,1.0,,0.07326029653400298,48.33275245399257
TNNT3,False,0,15,1,88,1.881720430107527,True,estimated,1.0,1.0,,0.07326029653400298,48.33275245399257
TNPO3,False,0,15,1,88,1.881720430107527,True,estimated,1.0,1.0,,0.07326029653400298,48.33275245399257
TNR,False,0,15,3,88,0.7880184331797235,True,estimated,1.0,1.0,,0.03875592896792058,16.02265943734762
TNS1,False,0,15,1,88,1.881720430107527,True,estimated,1.0,1.0,,0.07326029653400298,48.33275245399257
TNS2,False,0,15,2,88,1.1161290322580646,True,estimated,1.0,1.0,,0.05108306493110792,24.386634167886562
TNXB,False,0,15,1,88,1.881720430107527,True,estimated,1.0,1.0,,0.07326029653400298,48.33275245399257
TOB2,False,0,15,1,88,1.881720430107527,True,estimated,1.0,1.0,,0.07326029653400298,48.33275245399257
TOE1,False,0,15,1,88,1.881720430107527,True,estimated,1.0,1.0,,0.07326029653400298,48.33275245399257
TOM1L1,False,0,15,1,88,1.881720430107527,True,estimated,1.0,1.0,,0.07326029653400298,48.33275245399257
TOP3B,False,0,15,1,88,1.881720430107527,True,estimated,1.0,1.0,,0.07326029653400298,48.33275245399257
TP53,True,0,15,3,88,0.7880184331797235,True,estimated,1.0,1.0,1.0,0.03875592896792058,16.02265943734762
TP53BP1,False,0,15,1,88,1.881720430107527,True,estimated,1.0,1.0,,0.07326029653400298,48.33275245399257
TP53I3,False,0,15,1,88,1.881720430107527,True,estimated,1.0,1.0,,0.07326029653400298,48.33275245399257
TPRG1,False,0,15,1,88,1.881720430107527,True,estimated,1.0,1.0,,0.07326029653400298,48.33275245399257
TRADD,False,0,15,1,88,1.881720430107527,True,estimated,1.0,1.0,,0.07326029653400298,48.33275245399257
TRAF4,False,0,15,1,88,1.881720430107527,True,estimated,1.0,1.0,,0.07326029653400298,48.33275245399257
TRAF5,False,0,15,1,88,1.881720430107527,True,estimated,1.0,1.0,,0.07326029653400298,48.33275245399257
TRAFD1,False,0,15,1,88,1.881720430107527,True,estimated,1.0,1.0,,0.07326029653400298,48.33275245399257
TRAPPC10,False,0,15,1,88,1.881720430107527,True,estimated,1.0,1.0,,0.07326029653400298,48.33275245399257
TRAPPC11,False,0,15,3,88,0.7880184331797235,True,estimated,1.0,1.0,,0.03875592896792058,16.02265943734762
TRAPPC13,False,0,15,1,88,1.881720430107527,True,estimated,1.0,1.0,,0.07326029653400298,48.33275245399257
TRAPPC9,False,0,15,1,88,1.881720430107527,True,estimated,1.0,1.0,,0.07326029653400298,48.33275245399257
TRAT1,False,0,15,2,88,1.1161290322580646,True,estimated,1.0,1.0,,0.05108306493110792,24.386634167886562
TRAV21,False,0,15,1,88,1.881720430107527,True,estimated,1.0,1.0,,0.07326029653400298,48.33275245399257
TRAV27,False,0,15,1,88,1.881720430107527,True,estimated,1.0,1.0,,0.07326029653400298,48.33275245399257
TRAV7,False,0,15,1,88,1.881720430107527,True,estimated,1.0,1.0,,0.07326029653400298,48.33275245399257
TRBV4-2,False,0,15,1,88,1.881720430107527,True,estimated,1.0,1.0,,0.07326029653400298,48.33275245399257
TREH,False,0,15,1,88,1.881720430107527,True,estimated,1.0,1.0,,0.07326029653400298,48.33275245399257
TREM2,False,0,15,1,88,1.881720430107527,True,estimated,1.0,1.0,,0.07326029653400298,48.33275245399257
TRHR,False,0,15,1,88,1.881720430107527,True,estimated,1.0,1.0,,0.07326029653400298,48.33275245399257
TRIM23,False,0,15,1,88,1.881720430107527,True,estimated,1.0,1.0,,0.07326029653400298,48.33275245399257
TRIM24,False,0,15,1,88,1.881720430107527,True,estimated,1.0,1.0,,0.07326029653400298,48.33275245399257
TRIM36,False,0,15,1,88,1.881720430107527,True,estimated,1.0,1.0,,0.07326029653400298,48.33275245399257
TRIM39,False,0,15,1,88,1.881720430107527,True,estimated,1.0,1.0,,0.07326029653400298,48.33275245399257
TRIM62,False,0,15,1,88,1.881720430107527,True,estimated,1.0,1.0,,0.07326029653400298,48.33275245399257
TRIM65,False,0,15,1,88,1.881720430107527,True,estimated,1.0,1.0,,0.07326029653400298,48.33275245399257
TRIM67,False,0,15,1,88,1.881720430107527,True,estimated,1.0,1.0,,0.07326029653400298,48.33275245399257
TRIM71,False,0,15,1,88,1.881720430107527,True,estimated,1.0,1.0,,0.07326029653400298,48.33275245399257
TRIM73,False,0,15,1,88,1.881720430107527,True,estimated,1.0,1.0,,0.07326029653400298,48.33275245399257
TRIM8,False,0,15,1,88,1.881720430107527,True,estimated,1.0,1.0,,0.07326029653400298,48.33275245399257
TRIOBP,False,0,15,3,88,0.7880184331797235,True,estimated,1.0,1.0,,0.03875592896792058,16.02265943734762
TRIP12,False,0,15,1,88,1.881720430107527,True,estimated,1.0,1.0,,0.07326029653400298,48.33275245399257
TRIP13,False,0,15,1,88,1.881720430107527,True,estimated,1.0,1.0,,0.07326029653400298,48.33275245399257
TRMT6,False,0,15,1,88,1.881720430107527,True,estimated,1.0,1.0,,0.07326029653400298,48.33275245399257
TRMT9B,False,0,15,2,88,1.1161290322580646,True,estimated,1.0,1.0,,0.05108306493110792,24.386634167886562
TRPC7,False,0,15,1,88,1.881720430107527,True,estimated,1.0,1.0,,0.07326029653400298,48.33275245399257
TRPM2,False,0,15,1,88,1.881720430107527,True,estimated,1.0,1.0,,0.07326029653400298,48.33275245399257
TRPM3,False,0,15,1,88,1.881720430107527,True,estimated,1.0,1.0,,0.07326029653400298,48.33275245399257
TRPM6,False,0,15,2,88,1.1161290322580646,True,estimated,1.0,1.0,,0.05108306493110792,24.386634167886562
TRPV1,False,0,15,1,88,1.881720430107527,True,estimated,1.0,1.0,,0.07326029653400298,48.33275245399257
TRRAP,False,0,15,1,88,1.881720430107527,True,estimated,1.0,1.0,,0.07326029653400298,48.33275245399257
TRUB2,False,0,15,1,88,1.881720430107527,True,estimated,1.0,1.0,,0.07326029653400298,48.33275245399257
TSC2,True,0,15,2,88,1.1161290322580646,True,estimated,1.0,1.0,1.0,0.05108306493110792,24.386634167886562
TSEN34,False,0,15,1,88,1.881720430107527,True,estimated,1.0,1.0,,0.07326029653400298,48.33275245399257
TSHZ2,False,0,15,1,88,1.881720430107527,True,estimated,1.0,1.0,,0.07326029653400298,48.33275245399257
TSNAX,False,0,15,1,88,1.881720430107527,True,estimated,1.0,1.0,,0.07326029653400298,48.33275245399257
TSPAN11,False,0,15,1,88,1.881720430107527,True,estimated,1.0,1.0,,0.07326029653400298,48.33275245399257
TSPAN3,False,0,15,1,88,1.881720430107527,True,estimated,1.0,1.0,,0.07326029653400298,48.33275245399257
TSPAN31,False,0,15,1,88,1.881720430107527,True,estimated,1.0,1.0,,0.07326029653400298,48.33275245399257
TSPYL1,False,0,15,1,88,1.881720430107527,True,estimated,1.0,1.0,,0.07326029653400298,48.33275245399257
TTBK1,False,0,15,1,88,1.881720430107527,True,estimated,1.0,1.0,,0.07326029653400298,48.33275245399257
TTBK2,False,0,15,1,88,1.881720430107527,True,estimated,1.0,1.0,,0.07326029653400298,48.33275245399257
TTC14,False,0,15,1,88,1.881720430107527,True,estimated,1.0,1.0,,0.07326029653400298,48.33275245399257
TTC21B,False,0,15,1,88,1.881720430107527,True,estimated,1.0,1.0,,0.07326029653400298,48.33275245399257
TTC30A,False,0,15,1,88,1.881720430107527,True,estimated,1.0,1.0,,0.07326029653400298,48.33275245399257
TTC30B,False,0,15,1,88,1.881720430107527,True,estimated,1.0,1.0,,0.07326029653400298,48.33275245399257
TTC32,False,0,15,1,88,1.881720430107527,True,estimated,1.0,1.0,,0.07326029653400298,48.33275245399257
TTC7B,False,0,15,3,88,0.7880184331797235,True,estimated,1.0,1.0,,0.03875592896792058,16.02265943734762
TTC8,False,0,15,1,88,1.881720430107527,True,estimated,1.0,1.0,,0.07326029653400298,48.33275245399257
TTK,False,0,15,1,88,1.881720430107527,True,estimated,1.0,1.0,,0.07326029653400298,48.33275245399257
TTLL1,False,0,15,1,88,1.881720430107527,True,estimated,1.0,1.0,,0.07326029653400298,48.33275245399257
TTLL4,False,0,15,1,88,1.881720430107527,True,estimated,1.0,1.0,,0.07326029653400298,48.33275245399257
TTLL5,False,0,15,1,88,1.881720430107527,True,estimated,1.0,1.0,,0.07326029653400298,48.33275245399257
TUBB,False,0,15,1,88,1.881720430107527,True,estimated,1.0,1.0,,0.07326029653400298,48.33275245399257
TUBB2B,False,0,15,1,88,1.881720430107527,True,estimated,1.0,1.0,,0.07326029653400298,48.33275245399257
TUBD1,False,0,15,1,88,1.881720430107527,True,estimated,1.0,1.0,,0.07326029653400298,48.33275245399257
TUBGCP3,False,0,15,3,88,0.7880184331797235,True,estimated,1.0,1.0,,0.03875592896792058,16.02265943734762
TUBGCP5,False,0,15,1,88,1.881720430107527,True,estimated,1.0,1.0,,0.07326029653400298,48.33275245399257
TUBGCP6,False,0,15,2,88,1.1161290322580646,True,estimated,1.0,1.0,,0.05108306493110792,24.386634167886562
TULP3,False,0,15,1,88,1.881720430107527,True,estimated,1.0,1.0,,0.07326029653400298,48.33275245399257
TUT1,False,0,15,1,88,1.881720430107527,True,estimated,1.0,1.0,,0.07326029653400298,48.33275245399257
TUT7,False,0,15,2,88,1.1161290322580646,True,estimated,1.0,1.0,,0.05108306493110792,24.386634167886562
TXLNA,False,0,15,2,88,1.1161290322580646,True,estimated,1.0,1.0,,0.05108306493110792,24.386634167886562
TXLNB,False,0,15,1,88,1.881720430107527,True,estimated,1.0,1.0,,0.07326029653400298,48.33275245399257
TXNDC5,False,0,15,1,88,1.881720430107527,True,estimated,1.0,1.0,,0.07326029653400298,48.33275245399257
TYR,False,0,15,1,88,1.881720430107527,True,estimated,1.0,1.0,,0.07326029653400298,48.33275245399257
TYRP1,False,0,15,1,88,1.881720430107527,True,estimated,1.0,1.0,,0.07326029653400298,48.33275245399257
TYW1,False,0,15,1,88,1.881720430107527,True,estimated,1.0,1.0,,0.07326029653400298,48.33275245399257
UACA,False,0,15,1,88,1.881720430107527,True,estimated,1.0,1.0,,0.07326029653400298,48.33275245399257
UBA5,False,0,15,1,88,1.881720430107527,True,estimated,1.0,1.0,,0.07326029653400298,48.33275245399257
UBA6,False,0,15,1,88,1.881720430107527,True,estimated,1.0,1.0,,0.07326029653400298,48.33275245399257
UBC,False,0,15,1,88,1.881720430107527,True,estimated,1.0,1.0,,0.07326029653400298,48.33275245399257
UBE2A,False,0,15,1,88,1.881720430107527,True,estimated,1.0,1.0,,0.07326029653400298,48.33275245399257
UBE2Q1,False,0,15,2,88,1.1161290322580646,True,estimated,1.0,1.0,,0.05108306493110792,24.386634167886562
UBE3C,False,0,15,1,88,1.881720430107527,True,estimated,1.0,1.0,,0.07326029653400298,48.33275245399257
UBE4B,False,0,15,1,88,1.881720430107527,True,estimated,1.0,1.0,,0.07326029653400298,48.33275245399257
UBIAD1,False,0,15,2,88,1.1161290322580646,True,estimated,1.0,1.0,,0.05108306493110792,24.386634167886562
UBLCP1,False,0,15,1,88,1.881720430107527,True,estimated,1.0,1.0,,0.07326029653400298,48.33275245399257
UBN1,False,0,15,2,88,1.1161290322580646,True,estimated,1.0,1.0,,0.05108306493110792,24.386634167886562
UBN2,False,0,15,1,88,1.881720430107527,True,estimated,1.0,1.0,,0.07326029653400298,48.33275245399257
UBOX5,False,0,15,2,88,1.1161290322580646,True,estimated,1.0,1.0,,0.05108306493110792,24.386634167886562
UBQLN1,False,0,15,1,88,1.881720430107527,True,estimated,1.0,1.0,,0.07326029653400298,48.33275245399257
UBR2,False,0,15,1,88,1.881720430107527,True,estimated,1.0,1.0,,0.07326029653400298,48.33275245399257
UBR3,False,0,15,1,88,1.881720430107527,True,estimated,1.0,1.0,,0.07326029653400298,48.33275245399257
UBR4,False,0,15,4,88,0.6057347670250897,True,estimated,1.0,1.0,,0.03102761179503423,11.825422156456852
UCHL3,False,0,15,1,88,1.881720430107527,True,estimated,1.0,1.0,,0.07326029653400298,48.33275245399257
UCK2,False,0,15,1,88,1.881720430107527,True,estimated,1.0,1.0,,0.07326029653400298,48.33275245399257
UCP2,False,0,15,1,88,1.881720430107527,True,estimated,1.0,1.0,,0.07326029653400298,48.33275245399257
UGGT2,False,0,15,1,88,1.881720430107527,True,estimated,1.0,1.0,,0.07326029653400298,48.33275245399257
UGT1A3,False,0,15,1,88,1.881720430107527,True,estimated,1.0,1.0,,0.07326029653400298,48.33275245399257
UGT1A6,False,0,15,1,88,1.881720430107527,True,estimated,1.0,1.0,,0.07326029653400298,48.33275245399257
UGT1A8,False,0,15,2,88,1.1161290322580646,True,estimated,1.0,1.0,,0.05108306493110792,24.386634167886562
UHRF1,False,0,15,1,88,1.881720430107527,True,estimated,1.0,1.0,,0.07326029653400298,48.33275245399257
UHRF1BP1L,False,0,15,1,88,1.881720430107527,True,estimated,1.0,1.0,,0.07326029653400298,48.33275245399257
ULK1,False,0,15,1,88,1.881720430107527,True,estimated,1.0,1.0,,0.07326029653400298,48.33275245399257
ULK3,False,0,15,2,88,1.1161290322580646,True,estimated,1.0,1.0,,0.05108306493110792,24.386634167886562
UNC119B,False,0,15,1,88,1.881720430107527,True,estimated,1.0,1.0,,0.07326029653400298,48.33275245399257
UNC13D,False,0,15,1,88,1.881720430107527,True,estimated,1.0,1.0,,0.07326029653400298,48.33275245399257
UNC5A,False,0,15,1,88,1.881720430107527,True,estimated,1.0,1.0,,0.07326029653400298,48.33275245399257
UNC5B,False,0,15,1,88,1.881720430107527,True,estimated,1.0,1.0,,0.07326029653400298,48.33275245399257
UNC5CL,False,0,15,1,88,1.881720430107527,True,estimated,1.0,1.0,,0.07326029653400298,48.33275245399257
UNC79,False,0,15,2,88,1.1161290322580646,True,estimated,1.0,1.0,,0.05108306493110792,24.386634167886562
UNC93A,False,0,15,1,88,1.881720430107527,True,estimated,1.0,1.0,,0.07326029653400298,48.33275245399257
UNK,False,0,15,1,88,1.881720430107527,True,estimated,1.0,1.0,,0.07326029653400298,48.33275245399257
UPF2,False,0,15,3,88,0.7880184331797235,True,estimated,1.0,1.0,,0.03875592896792058,16.02265943734762
UPP2,False,0,15,1,88,1.881720430107527,True,estimated,1.0,1.0,,0.07326029653400298,48.33275245399257
USF3,False,0,15,1,88,1.881720430107527,True,estimated,1.0,1.0,,0.07326029653400298,48.33275245399257
USH2A,False,0,15,1,88,1.881720430107527,True,estimated,1.0,1.0,,0.07326029653400298,48.33275245399257
USHBP1,False,0,15,1,88,1.881720430107527,True,estimated,1.0,1.0,,0.07326029653400298,48.33275245399257
USP1,False,0,15,1,88,1.881720430107527,True,estimated,1.0,1.0,,0.07326029653400298,48.33275245399257
USP15,False,0,15,1,88,1.881720430107527,True,estimated,1.0,1.0,,0.07326029653400298,48.33275245399257
USP17L2,False,0,15,1,88,1.881720430107527,True,estimated,1.0,1.0,,0.07326029653400298,48.33275245399257
USP28,False,0,15,1,88,1.881720430107527,True,estimated,1.0,1.0,,0.07326029653400298,48.33275245399257
USP29,False,0,15,1,88,1.881720430107527,True,estimated,1.0,1.0,,0.07326029653400298,48.33275245399257
USP35,False,0,15,2,88,1.1161290322580646,True,estimated,1.0,1.0,,0.05108306493110792,24.386634167886562
USP47,False,0,15,1,88,1.881720430107527,True,estimated,1.0,1.0,,0.07326029653400298,48.33275245399257
USP51,False,0,15,1,88,1.881720430107527,True,estimated,1.0,1.0,,0.07326029653400298,48.33275245399257
UTP15,False,0,15,1,88,1.881720430107527,True,estimated,1.0,1.0,,0.07326029653400298,48.33275245399257
UTRN,False,0,15,2,88,1.1161290322580646,True,estimated,1.0,1.0,,0.05108306493110792,24.386634167886562
UXT,False,0,15,1,88,1.881720430107527,True,estimated,1.0,1.0,,0.07326029653400298,48.33275245399257
VANGL2,False,0,15,1,88,1.881720430107527,True,estimated,1.0,1.0,,0.07326029653400298,48.33275245399257
VARS1,False,0,15,1,88,1.881720430107527,True,estimated,1.0,1.0,,0.07326029653400298,48.33275245399257
VARS2,False,0,15,1,88,1.881720430107527,True,estimated,1.0,1.0,,0.07326029653400298,48.33275245399257
VCAN,False,0,15,2,88,1.1161290322580646,True,estimated,1.0,1.0,,0.05108306493110792,24.386634167886562
VCL,False,0,15,1,88,1.881720430107527,True,estimated,1.0,1.0,,0.07326029653400298,48.33275245399257
VCP,False,0,15,1,88,1.881720430107527,True,estimated,1.0,1.0,,0.07326029653400298,48.33275245399257
VEGFC,False,0,15,1,88,1.881720430107527,True,estimated,1.0,1.0,,0.07326029653400298,48.33275245399257
VEGFD,False,0,15,1,88,1.881720430107527,True,estimated,1.0,1.0,,0.07326029653400298,48.33275245399257
VEZT,False,0,15,2,88,1.1161290322580646,True,estimated,1.0,1.0,,0.05108306493110792,24.386634167886562
VGLL2,False,0,15,1,88,1.881720430107527,True,estimated,1.0,1.0,,0.07326029653400298,48.33275245399257
VIL1,False,0,15,1,88,1.881720430107527,True,estimated,1.0,1.0,,0.07326029653400298,48.33275245399257
VIPR1,False,0,15,1,88,1.881720430107527,True,estimated,1.0,1.0,,0.07326029653400298,48.33275245399257
VKORC1,False,0,15,1,88,1.881720430107527,True,estimated,1.0,1.0,,0.07326029653400298,48.33275245399257
VN1R4,False,0,15,1,88,1.881720430107527,True,estimated,1.0,1.0,,0.07326029653400298,48.33275245399257
VPS13B,False,0,15,1,88,1.881720430107527,True,estimated,1.0,1.0,,0.07326029653400298,48.33275245399257
VPS37A,False,0,15,1,88,1.881720430107527,True,estimated,1.0,1.0,,0.07326029653400298,48.33275245399257
VPS37B,False,0,15,1,88,1.881720430107527,True,estimated,1.0,1.0,,0.07326029653400298,48.33275245399257
VPS39,False,0,15,2,88,1.1161290322580646,True,estimated,1.0,1.0,,0.05108306493110792,24.386634167886562
VPS41,False,0,15,2,88,1.1161290322580646,True,estimated,1.0,1.0,,0.05108306493110792,24.386634167886562
VPS54,False,0,15,2,88,1.1161290322580646,True,estimated,1.0,1.0,,0.05108306493110792,24.386634167886562
VSIG2,False,0,15,1,88,1.881720430107527,True,estimated,1.0,1.0,,0.07326029653400298,48.33275245399257
VTN,False,0,15,1,88,1.881720430107527,True,estimated,1.0,1.0,,0.07326029653400298,48.33275245399257
VWA2,False,0,15,2,88,1.1161290322580646,True,estimated,1.0,1.0,,0.05108306493110792,24.386634167886562
VWA3B,False,0,15,2,88,1.1161290322580646,True,estimated,1.0,1.0,,0.05108306493110792,24.386634167886562
VWA8,False,0,15,3,88,0.7880184331797235,True,estimated,1.0,1.0,,0.03875592896792058,16.02265943734762
VWF,False,0,15,3,88,0.7880184331797235,True,estimated,1.0,1.0,,0.03875592896792058,16.02265943734762
WAPL,False,0,15,1,88,1.881720430107527,True,estimated,1.0,1.0,,0.07326029653400298,48.33275245399257
WASF2,False,0,15,1,88,1.881720430107527,True,estimated,1.0,1.0,,0.07326029653400298,48.33275245399257
WASF3,False,0,15,1,88,1.881720430107527,True,estimated,1.0,1.0,,0.07326029653400298,48.33275245399257
WASHC4,False,0,15,3,88,0.7880184331797235,True,estimated,1.0,1.0,,0.03875592896792058,16.02265943734762
WASHC5,False,0,15,1,88,1.881720430107527,True,estimated,1.0,1.0,,0.07326029653400298,48.33275245399257
WASL,False,0,15,2,88,1.1161290322580646,True,estimated,1.0,1.0,,0.05108306493110792,24.386634167886562
WBP11,False,0,15,1,88,1.881720430107527,True,estimated,1.0,1.0,,0.07326029653400298,48.33275245399257
WDR19,False,0,15,1,88,1.881720430107527,True,estimated,1.0,1.0,,0.07326029653400298,48.33275245399257
WDR5,False,0,15,1,88,1.881720430107527,True,estimated,1.0,1.0,,0.07326029653400298,48.33275245399257
WDR5B,False,0,15,1,88,1.881720430107527,True,estimated,1.0,1.0,,0.07326029653400298,48.33275245399257
WDR62,False,0,15,1,88,1.881720430107527,True,estimated,1.0,1.0,,0.07326029653400298,48.33275245399257
WDR70,False,0,15,1,88,1.881720430107527,True,estimated,1.0,1.0,,0.07326029653400298,48.33275245399257
WDR72,False,0,15,2,88,1.1161290322580646,True,estimated,1.0,1.0,,0.05108306493110792,24.386634167886562
WDR74,False,0,15,1,88,1.881720430107527,True,estimated,1.0,1.0,,0.07326029653400298,48.33275245399257
WDR90,False,0,15,1,88,1.881720430107527,True,estimated,1.0,1.0,,0.07326029653400298,48.33275245399257
WFIKKN1,False,0,15,1,88,1.881720430107527,True,estimated,1.0,1.0,,0.07326029653400298,48.33275245399257
WIPF1,False,0,15,1,88,1.881720430107527,True,estimated,1.0,1.0,,0.07326029653400298,48.33275245399257
WNK1,False,0,15,1,88,1.881720430107527,True,estimated,1.0,1.0,,0.07326029653400298,48.33275245399257
WNK2,False,0,15,1,88,1.881720430107527,True,estimated,1.0,1.0,,0.07326029653400298,48.33275245399257
WNK3,False,0,15,1,88,1.881720430107527,True,estimated,1.0,1.0,,0.07326029653400298,48.33275245399257
WNT9A,False,0,15,1,88,1.881720430107527,True,estimated,1.0,1.0,,0.07326029653400298,48.33275245399257
WRAP73,False,0,15,1,88,1.881720430107527,True,estimated,1.0,1.0,,0.07326029653400298,48.33275245399257
WRN,False,0,15,1,88,1.881720430107527,True,estimated,1.0,1.0,,0.07326029653400298,48.33275245399257
WT1,False,0,15,1,88,1.881720430107527,True,estimated,1.0,1.0,,0.07326029653400298,48.33275245399257
WWC2,False,0,15,1,88,1.881720430107527,True,estimated,1.0,1.0,,0.07326029653400298,48.33275245399257
XCR1,False,0,15,1,88,1.881720430107527,True,estimated,1.0,1.0,,0.07326029653400298,48.33275245399257
XPNPEP3,False,0,15,1,88,1.881720430107527,True,estimated,1.0,1.0,,0.07326029653400298,48.33275245399257
XPO1,False,0,15,3,88,0.7880184331797235,True,estimated,1.0,1.0,,0.03875592896792058,16.02265943734762
XPO6,False,0,15,1,88,1.881720430107527,True,estimated,1.0,1.0,,0.07326029653400298,48.33275245399257
XPO7,False,0,15,2,88,1.1161290322580646,True,estimated,1.0,1.0,,0.05108306493110792,24.386634167886562
XPOT,False,0,15,2,88,1.1161290322580646,True,estimated,1.0,1.0,,0.05108306493110792,24.386634167886562
XRCC5,False,0,15,1,88,1.881720430107527,True,estimated,1.0,1.0,,0.07326029653400298,48.33275245399257
XRN1,False,0,15,1,88,1.881720430107527,True,estimated,1.0,1.0,,0.07326029653400298,48.33275245399257
XRN2,False,0,15,1,88,1.881720430107527,True,estimated,1.0,1.0,,0.07326029653400298,48.33275245399257
XYLB,False,0,15,1,88,1.881720430107527,True,estimated,1.0,1.0,,0.07326029653400298,48.33275245399257
YEATS4,False,0,15,1,88,1.881720430107527,True,estimated,1.0,1.0,,0.07326029653400298,48.33275245399257
YES1,False,0,15,1,88,1.881720430107527,True,estimated,1.0,1.0,,0.07326029653400298,48.33275245399257
YIF1A,False,0,15,1,88,1.881720430107527,True,estimated,1.0,1.0,,0.07326029653400298,48.33275245399257
YIF1B,False,0,15,1,88,1.881720430107527,True,estimated,1.0,1.0,,0.07326029653400298,48.33275245399257
YLPM1,False,0,15,2,88,1.1161290322580646,True,estimated,1.0,1.0,,0.05108306493110792,24.386634167886562
YME1L1,False,0,15,1,88,1.881720430107527,True,estimated,1.0,1.0,,0.07326029653400298,48.33275245399257
YY1AP1,False,0,15,1,88,1.881720430107527,True,estimated,1.0,1.0,,0.07326029653400298,48.33275245399257
ZAN,False,0,15,2,88,1.1161290322580646,True,estimated,1.0,1.0,,0.05108306493110792,24.386634167886562
ZAP70,False,0,15,1,88,1.881720430107527,True,estimated,1.0,1.0,,0.07326029653400298,48.33275245399257
ZBBX,False,0,15,1,88,1.881720430107527,True,estimated,1.0,1.0,,0.07326029653400298,48.33275245399257
ZBED6CL,False,0,15,1,88,1.881720430107527,True,estimated,1.0,1.0,,0.07326029653400298,48.33275245399257
ZBED9,False,0,15,1,88,1.881720430107527,True,estimated,1.0,1.0,,0.07326029653400298,48.33275245399257
ZBTB14,False,0,15,1,88,1.881720430107527,True,estimated,1.0,1.0,,0.07326029653400298,48.33275245399257
ZBTB20,False,0,15,1,88,1.881720430107527,True,estimated,1.0,1.0,,0.07326029653400298,48.33275245399257
ZBTB22,False,0,15,1,88,1.881720430107527,True,estimated,1.0,1.0,,0.07326029653400298,48.33275245399257
ZBTB38,False,0,15,2,88,1.1161290322580646,True,estimated,1.0,1.0,,0.05108306493110792,24.386634167886562
ZBTB39,False,0,15,1,88,1.881720430107527,True,estimated,1.0,1.0,,0.07326029653400298,48.33275245399257
ZBTB41,False,0,15,2,88,1.1161290322580646,True,estimated,1.0,1.0,,0.05108306493110792,24.386634167886562
ZBTB48,False,0,15,1,88,1.881720430107527,True,estimated,1.0,1.0,,0.07326029653400298,48.33275245399257
ZBTB5,False,0,15,2,88,1.1161290322580646,True,estimated,1.0,1.0,,0.05108306493110792,24.386634167886562
ZBTB6,False,0,15,1,88,1.881720430107527,True,estimated,1.0,1.0,,0.07326029653400298,48.33275245399257
ZC3H12B,False,0,15,1,88,1.881720430107527,True,estimated,1.0,1.0,,0.07326029653400298,48.33275245399257
ZC3H12D,False,0,15,1,88,1.881720430107527,True,estimated,1.0,1.0,,0.07326029653400298,48.33275245399257
ZC3H7A,False,0,15,1,88,1.881720430107527,True,estimated,1.0,1.0,,0.07326029653400298,48.33275245399257
ZC3HAV1,False,0,15,1,88,1.881720430107527,True,estimated,1.0,1.0,,0.07326029653400298,48.33275245399257
ZC3HC1,False,0,15,1,88,1.881720430107527,True,estimated,1.0,1.0,,0.07326029653400298,48.33275245399257
ZCCHC17,False,0,15,1,88,1.881720430107527,True,estimated,1.0,1.0,,0.07326029653400298,48.33275245399257
ZCCHC8,False,0,15,1,88,1.881720430107527,True,estimated,1.0,1.0,,0.07326029653400298,48.33275245399257
ZDBF2,False,0,15,1,88,1.881720430107527,True,estimated,1.0,1.0,,0.07326029653400298,48.33275245399257
ZDHHC16,False,0,15,1,88,1.881720430107527,True,estimated,1.0,1.0,,0.07326029653400298,48.33275245399257
ZDHHC22,False,0,15,1,88,1.881720430107527,True,estimated,1.0,1.0,,0.07326029653400298,48.33275245399257
ZDHHC8,False,0,15,1,88,1.881720430107527,True,estimated,1.0,1.0,,0.07326029653400298,48.33275245399257
ZDHHC9,False,0,15,1,88,1.881720430107527,True,estimated,1.0,1.0,,0.07326029653400298,48.33275245399257
ZEB1,False,0,15,2,88,1.1161290322580646,True,estimated,1.0,1.0,,0.05108306493110792,24.386634167886562
ZEB2,False,0,15,2,88,1.1161290322580646,True,estimated,1.0,1.0,,0.05108306493110792,24.386634167886562
ZFAND5,False,0,15,1,88,1.881720430107527,True,estimated,1.0,1.0,,0.07326029653400298,48.33275245399257
ZFAT,False,0,15,2,88,1.1161290322580646,True,estimated,1.0,1.0,,0.05108306493110792,24.386634167886562
ZFP28,False,0,15,1,88,1.881720430107527,True,estimated,1.0,1.0,,0.07326029653400298,48.33275245399257
ZFP37,False,0,15,1,88,1.881720430107527,True,estimated,1.0,1.0,,0.07326029653400298,48.33275245399257
ZFP64,False,0,15,1,88,1.881720430107527,True,estimated,1.0,1.0,,0.07326029653400298,48.33275245399257
ZFP91,False,0,15,1,88,1.881720430107527,True,estimated,1.0,1.0,,0.07326029653400298,48.33275245399257
ZFR,False,0,15,3,88,0.7880184331797235,True,estimated,1.0,1.0,,0.03875592896792058,16.02265943734762
ZFX,False,0,15,2,88,1.1161290322580646,True,estimated,1.0,1.0,,0.05108306493110792,24.386634167886562
ZFYVE9,False,0,15,1,88,1.881720430107527,True,estimated,1.0,1.0,,0.07326029653400298,48.33275245399257
ZGRF1,False,0,15,1,88,1.881720430107527,True,estimated,1.0,1.0,,0.07326029653400298,48.33275245399257
ZHX1,False,0,15,1,88,1.881720430107527,True,estimated,1.0,1.0,,0.07326029653400298,48.33275245399257
ZHX2,False,0,15,1,88,1.881720430107527,True,estimated,1.0,1.0,,0.07326029653400298,48.33275245399257
ZIC4,False,0,15,1,88,1.881720430107527,True,estimated,1.0,1.0,,0.07326029653400298,48.33275245399257
ZIC5,False,0,15,1,88,1.881720430107527,True,estimated,1.0,1.0,,0.07326029653400298,48.33275245399257
ZKSCAN2,False,0,15,1,88,1.881720430107527,True,estimated,1.0,1.0,,0.07326029653400298,48.33275245399257
ZMAT1,False,0,15,1,88,1.881720430107527,True,estimated,1.0,1.0,,0.07326029653400298,48.33275245399257
ZMIZ2,False,0,15,1,88,1.881720430107527,True,estimated,1.0,1.0,,0.07326029653400298,48.33275245399257
ZMYM2,False,0,15,1,88,1.881720430107527,True,estimated,1.0,1.0,,0.07326029653400298,48.33275245399257
ZMYND8,False,0,15,1,88,1.881720430107527,True,estimated,1.0,1.0,,0.07326029653400298,48.33275245399257
ZNF100,False,0,15,1,88,1.881720430107527,True,estimated,1.0,1.0,,0.07326029653400298,48.33275245399257
ZNF12,False,0,15,1,88,1.881720430107527,True,estimated,1.0,1.0,,0.07326029653400298,48.33275245399257
ZNF121,False,0,15,1,88,1.881720430107527,True,estimated,1.0,1.0,,0.07326029653400298,48.33275245399257
ZNF148,False,0,15,1,88,1.881720430107527,True,estimated,1.0,1.0,,0.07326029653400298,48.33275245399257
ZNF155,False,0,15,2,88,1.1161290322580646,True,estimated,1.0,1.0,,0.05108306493110792,24.386634167886562
ZNF16,False,0,15,1,88,1.881720430107527,True,estimated,1.0,1.0,,0.07326029653400298,48.33275245399257
ZNF17,False,0,15,1,88,1.881720430107527,True,estimated,1.0,1.0,,0.07326029653400298,48.33275245399257
ZNF184,False,0,15,1,88,1.881720430107527,True,estimated,1.0,1.0,,0.07326029653400298,48.33275245399257
ZNF185,False,0,15,1,88,1.881720430107527,True,estimated,1.0,1.0,,0.07326029653400298,48.33275245399257
ZNF189,False,0,15,1,88,1.881720430107527,True,estimated,1.0,1.0,,0.07326029653400298,48.33275245399257
ZNF20,False,0,15,1,88,1.881720430107527,True,estimated,1.0,1.0,,0.07326029653400298,48.33275245399257
ZNF200,False,0,15,1,88,1.881720430107527,True,estimated,1.0,1.0,,0.07326029653400298,48.33275245399257
ZNF208,False,0,15,2,88,1.1161290322580646,True,estimated,1.0,1.0,,0.05108306493110792,24.386634167886562
ZNF212,False,0,15,1,88,1.881720430107527,True,estimated,1.0,1.0,,0.07326029653400298,48.33275245399257
ZNF214,False,0,15,1,88,1.881720430107527,True,estimated,1.0,1.0,,0.07326029653400298,48.33275245399257
ZNF22,False,0,15,1,88,1.881720430107527,True,estimated,1.0,1.0,,0.07326029653400298,48.33275245399257
ZNF223,False,0,15,1,88,1.881720430107527,True,estimated,1.0,1.0,,0.07326029653400298,48.33275245399257
ZNF234,False,0,15,1,88,1.881720430107527,True,estimated,1.0,1.0,,0.07326029653400298,48.33275245399257
ZNF24,False,0,15,1,88,1.881720430107527,True,estimated,1.0,1.0,,0.07326029653400298,48.33275245399257
ZNF256,False,0,15,1,88,1.881720430107527,True,estimated,1.0,1.0,,0.07326029653400298,48.33275245399257
ZNF257,False,0,15,3,88,0.7880184331797235,True,estimated,1.0,1.0,,0.03875592896792058,16.02265943734762
ZNF266,False,0,15,1,88,1.881720430107527,True,estimated,1.0,1.0,,0.07326029653400298,48.33275245399257
ZNF274,False,0,15,1,88,1.881720430107527,True,estimated,1.0,1.0,,0.07326029653400298,48.33275245399257
ZNF280B,False,0,15,1,88,1.881720430107527,True,estimated,1.0,1.0,,0.07326029653400298,48.33275245399257
ZNF280C,False,0,15,1,88,1.881720430107527,True,estimated,1.0,1.0,,0.07326029653400298,48.33275245399257
ZNF281,False,0,15,1,88,1.881720430107527,True,estimated,1.0,1.0,,0.07326029653400298,48.33275245399257
ZNF285,False,0,15,1,88,1.881720430107527,True,estimated,1.0,1.0,,0.07326029653400298,48.33275245399257
ZNF3,False,0,15,1,88,1.881720430107527,True,estimated,1.0,1.0,,0.07326029653400298,48.33275245399257
ZNF300,False,0,15,1,88,1.881720430107527,True,estimated,1.0,1.0,,0.07326029653400298,48.33275245399257
ZNF311,False,0,15,1,88,1.881720430107527,True,estimated,1.0,1.0,,0.07326029653400298,48.33275245399257
ZNF320,False,0,15,2,88,1.1161290322580646,True,estimated,1.0,1.0,,0.05108306493110792,24.386634167886562
ZNF324B,False,0,15,1,88,1.881720430107527,True,estimated,1.0,1.0,,0.07326029653400298,48.33275245399257
ZNF335,False,0,15,1,88,1.881720430107527,True,estimated,1.0,1.0,,0.07326029653400298,48.33275245399257
ZNF337,False,0,15,1,88,1.881720430107527,True,estimated,1.0,1.0,,0.07326029653400298,48.33275245399257
ZNF33B,False,0,15,1,88,1.881720430107527,True,estimated,1.0,1.0,,0.07326029653400298,48.33275245399257
ZNF341,False,0,15,1,88,1.881720430107527,True,estimated,1.0,1.0,,0.07326029653400298,48.33275245399257
ZNF343,False,0,15,1,88,1.881720430107527,True,estimated,1.0,1.0,,0.07326029653400298,48.33275245399257
ZNF347,False,0,15,1,88,1.881720430107527,True,estimated,1.0,1.0,,0.07326029653400298,48.33275245399257
ZNF383,False,0,15,1,88,1.881720430107527,True,estimated,1.0,1.0,,0.07326029653400298,48.33275245399257
ZNF398,False,0,15,2,88,1.1161290322580646,True,estimated,1.0,1.0,,0.05108306493110792,24.386634167886562
ZNF404,False,0,15,1,88,1.881720430107527,True,estimated,1.0,1.0,,0.07326029653400298,48.33275245399257
ZNF415,False,0,15,2,88,1.1161290322580646,True,estimated,1.0,1.0,,0.05108306493110792,24.386634167886562
ZNF432,False,0,15,1,88,1.881720430107527,True,estimated,1.0,1.0,,0.07326029653400298,48.33275245399257
ZNF438,False,0,15,1,88,1.881720430107527,True,estimated,1.0,1.0,,0.07326029653400298,48.33275245399257
ZNF45,False,0,15,1,88,1.881720430107527,True,estimated,1.0,1.0,,0.07326029653400298,48.33275245399257
ZNF454,False,0,15,1,88,1.881720430107527,True,estimated,1.0,1.0,,0.07326029653400298,48.33275245399257
ZNF473,False,0,15,2,88,1.1161290322580646,True,estimated,1.0,1.0,,0.05108306493110792,24.386634167886562
ZNF480,False,0,15,1,88,1.881720430107527,True,estimated,1.0,1.0,,0.07326029653400298,48.33275245399257
ZNF491,False,0,15,1,88,1.881720430107527,True,estimated,1.0,1.0,,0.07326029653400298,48.33275245399257
ZNF492,False,0,15,1,88,1.881720430107527,True,estimated,1.0,1.0,,0.07326029653400298,48.33275245399257
ZNF496,False,0,15,1,88,1.881720430107527,True,estimated,1.0,1.0,,0.07326029653400298,48.33275245399257
ZNF512B,False,0,15,1,88,1.881720430107527,True,estimated,1.0,1.0,,0.07326029653400298,48.33275245399257
ZNF513,False,0,15,1,88,1.881720430107527,True,estimated,1.0,1.0,,0.07326029653400298,48.33275245399257
ZNF556,False,0,15,1,88,1.881720430107527,True,estimated,1.0,1.0,,0.07326029653400298,48.33275245399257
ZNF568,False,0,15,1,88,1.881720430107527,True,estimated,1.0,1.0,,0.07326029653400298,48.33275245399257
ZNF592,False,0,15,2,88,1.1161290322580646,True,estimated,1.0,1.0,,0.05108306493110792,24.386634167886562
ZNF594,False,0,15,1,88,1.881720430107527,True,estimated,1.0,1.0,,0.07326029653400298,48.33275245399257
ZNF600,False,0,15,1,88,1.881720430107527,True,estimated,1.0,1.0,,0.07326029653400298,48.33275245399257
ZNF609,False,0,15,2,88,1.1161290322580646,True,estimated,1.0,1.0,,0.05108306493110792,24.386634167886562
ZNF615,False,0,15,1,88,1.881720430107527,True,estimated,1.0,1.0,,0.07326029653400298,48.33275245399257
ZNF621,False,0,15,1,88,1.881720430107527,True,estimated,1.0,1.0,,0.07326029653400298,48.33275245399257
ZNF623,False,0,15,2,88,1.1161290322580646,True,estimated,1.0,1.0,,0.05108306493110792,24.386634167886562
ZNF638,False,0,15,1,88,1.881720430107527,True,estimated,1.0,1.0,,0.07326029653400298,48.33275245399257
ZNF641,False,0,15,1,88,1.881720430107527,True,estimated,1.0,1.0,,0.07326029653400298,48.33275245399257
ZNF646,False,0,15,1,88,1.881720430107527,True,estimated,1.0,1.0,,0.07326029653400298,48.33275245399257
ZNF653,False,0,15,1,88,1.881720430107527,True,estimated,1.0,1.0,,0.07326029653400298,48.33275245399257
ZNF668,False,0,15,1,88,1.881720430107527,True,estimated,1.0,1.0,,0.07326029653400298,48.33275245399257
ZNF692,False,0,15,1,88,1.881720430107527,True,estimated,1.0,1.0,,0.07326029653400298,48.33275245399257
ZNF705A,False,0,15,1,88,1.881720430107527,True,estimated,1.0,1.0,,0.07326029653400298,48.33275245399257
ZNF711,False,0,15,1,88,1.881720430107527,True,estimated,1.0,1.0,,0.07326029653400298,48.33275245399257
ZNF714,False,0,15,1,88,1.881720430107527,True,estimated,1.0,1.0,,0.07326029653400298,48.33275245399257
ZNF764,False,0,15,1,88,1.881720430107527,True,estimated,1.0,1.0,,0.07326029653400298,48.33275245399257
ZNF765,False,0,15,1,88,1.881720430107527,True,estimated,1.0,1.0,,0.07326029653400298,48.33275245399257
ZNF766,False,0,15,1,88,1.881720430107527,True,estimated,1.0,1.0,,0.07326029653400298,48.33275245399257
ZNF77,False,0,15,1,88,1.881720430107527,True,estimated,1.0,1.0,,0.07326029653400298,48.33275245399257
ZNF780A,False,0,15,1,88,1.881720430107527,True,estimated,1.0,1.0,,0.07326029653400298,48.33275245399257
ZNF782,False,0,15,2,88,1.1161290322580646,True,estimated,1.0,1.0,,0.05108306493110792,24.386634167886562
ZNF79,False,0,15,1,88,1.881720430107527,True,estimated,1.0,1.0,,0.07326029653400298,48.33275245399257
ZNF790,False,0,15,1,88,1.881720430107527,True,estimated,1.0,1.0,,0.07326029653400298,48.33275245399257
ZNF804B,False,0,15,2,88,1.1161290322580646,True,estimated,1.0,1.0,,0.05108306493110792,24.386634167886562
ZNF827,False,0,15,1,88,1.881720430107527,True,estimated,1.0,1.0,,0.07326029653400298,48.33275245399257
ZNF91,False,0,15,1,88,1.881720430107527,True,estimated,1.0,1.0,,0.07326029653400298,48.33275245399257
ZNF93,False,0,15,1,88,1.881720430107527,True,estimated,1.0,1.0,,0.07326029653400298,48.33275245399257
ZNF98,False,0,15,1,88,1.881720430107527,True,estimated,1.0,1.0,,0.07326029653400298,48.33275245399257
ZNF99,False,0,15,1,88,1.881720430107527,True,estimated,1.0,1.0,,0.07326029653400298,48.33275245399257
ZNFX1,False,0,15,2,88,1.1161290322580646,True,estimated,1.0,1.0,,0.05108306493110792,24.386634167886562
ZNRD2,False,0,15,1,88,1.881720430107527,True,estimated,1.0,1.0,,0.07326029653400298,48.33275245399257
ZPBP2,False,0,15,1,88,1.881720430107527,True,estimated,1.0,1.0,,0.07326029653400298,48.33275245399257
ZPLD1,False,0,15,1,88,1.881720430107527,True,estimated,1.0,1.0,,0.07326029653400298,48.33275245399257
ZSCAN1,False,0,15,1,88,1.881720430107527,True,estimated,1.0,1.0,,0.07326029653400298,48.33275245399257
ZSCAN16,False,0,15,1,88,1.881720430107527,True,estimated,1.0,1.0,,0.07326029653400298,48.33275245399257
ZSCAN20,False,0,15,1,88,1.881720430107527,True,estimated,1.0,1.0,,0.07326029653400298,48.33275245399257
ZSCAN31,False,0,15,1,88,1.881720430107527,True,estimated,1.0,1.0,,0.07326029653400298,48.33275245399257
ZSWIM4,False,0,15,2,88,1.1161290322580646,True,estimated,1.0,1.0,,0.05108306493110792,24.386634167886562
ZSWIM5,False,0,15,1,88,1.881720430107527,True,estimated,1.0,1.0,,0.07326029653400298,48.33275245399257
ZSWIM8,False,0,15,2,88,1.1161290322580646,True,estimated,1.0,1.0,,0.05108306493110792,24.386634167886562
ZYG11B,False,0,15,2,88,1.1161290322580646,True,estimated,1.0,1.0,,0.05108306493110792,24.386634167886562
ZZEF1,False,0,15,1,88,1.881720430107527,True,estimated,1.0,1.0,,0.07326029653400298,48.33275245399257
