{
  "type": "FeatureCollection",
  "features": [
    {
      "type": "Feature",
      "properties": {
        "class_id": 2,
        "classification": "Fold",
        "area": 1748.7969558993873
      },
      "geometry": {
        "type": "Polygon",
        "coordinates": [
          [
            [
              12285.828662930346,
              67686.14891913532
            ],
            [
              12279.82385908727,
              67692.15372297839
            ],
            [
              12273.819055244196,
              67692.15372297839
            ],
            [
              12267.814251401122,
              67698.15852682145
            ],
            [
              12267.814251401122,
              67710.1681345076
            ],
            [
              12261.809447558047,
              67716.17293835069
            ],
            [
              12261.809447558047,
              67734.18734987991
            ],
            [
              12267.814251401122,
              67740.19215372298
            ],
            [
              12267.814251401122,
              67746.19695756606
            ],
            [
              12285.828662930346,
              67764.21136909528
            ],
            [
              12291.83346677342,
              67764.21136909528
            ],
            [
              12291.83346677342,
              67686.14891913532
            ],
            [
              12285.828662930346,
              67686.14891913532
            ]
          ]
        ]
      }
    },
    {
      "type": "Feature",
      "properties": {
        "class_id": 2,
        "classification": "Fold",
        "area": 360.57669193801803
      },
      "geometry": {
        "type": "Polygon",
        "coordinates": [
          [
            [
              12159.727782225782,
              67638.11048839071
            ],
            [
              12159.727782225782,
              67644.1152922338
            ],
            [
              12165.732586068856,
              67650.12009607686
            ],
            [
              12189.751801441154,
              67650.12009607686
            ],
            [
              12189.751801441154,
              67644.1152922338
            ],
            [
              12195.756605284228,
              67638.11048839071
            ],
            [
              12159.727782225782,
              67638.11048839071
            ]
          ]
        ]
      }
    },
    {
      "type": "Feature",
      "properties": {
        "class_id": 2,
        "classification": "Fold",
        "area": 1586.5374445272791
      },
      "geometry": {
        "type": "Polygon",
        "coordinates": [
          [
            [
              25052.041633306646,
              66208.967173739
            ],
            [
              25046.036829463574,
              66214.97197758207
            ],
            [
              25046.036829463574,
              66226.98158526822
            ],
            [
              25052.041633306646,
              66232.98638911129
            ],
            [
              25052.041633306646,
              66238.99119295437
            ],
            [
              25082.06565252202,
              66269.01521216975
            ],
            [
              25094.075260208167,
              66269.01521216975
            ],
            [
              25094.075260208167,
              66251.00080064051
            ],
            [
              25088.070456365094,
              66244.99599679744
            ],
            [
              25088.070456365094,
              66238.99119295437
            ],
            [
              25082.06565252202,
              66232.98638911129
            ],
            [
              25082.06565252202,
              66226.98158526822
            ],
            [
              25070.05604483587,
              66214.97197758207
            ],
            [
              25064.051240992794,
              66214.97197758207
            ],
            [
              25058.046437149722,
              66208.967173739
            ],
            [
              25052.041633306646,
              66208.967173739
            ]
          ]
        ]
      }
    },
    {
      "type": "Feature",
      "properties": {
        "class_id": 2,
        "classification": "Fold",
        "area": 144.2306767752072
      },
      "geometry": {
        "type": "Polygon",
        "coordinates": [
          [
            [
              24595.676541232988,
              64947.95836669336
            ],
            [
              24595.676541232988,
              64965.97277822258
            ],
            [
              24601.681345076064,
              64965.97277822258
            ],
            [
              24607.686148919136,
              64959.967974379506
            ],
            [
              24601.681345076064,
              64953.96317053643
            ],
            [
              24601.681345076064,
              64947.95836669336
            ],
            [
              24595.676541232988,
              64947.95836669336
            ]
          ]
        ]
      }
    },
    {
      "type": "Feature",
      "properties": {
        "class_id": 2,
        "classification": "Fold",
        "area": 612.9803762946306
      },
      "geometry": {
        "type": "Polygon",
        "coordinates": [
          [
            [
              76861.48919135309,
              58414.73178542835
            ],
            [
              76861.48919135309,
              58444.75580464372
            ],
            [
              76867.49399519616,
              58444.75580464372
            ],
            [
              76891.51321056846,
              58420.73658927142
            ],
            [
              76891.51321056846,
              58414.73178542835
            ],
            [
              76861.48919135309,
              58414.73178542835
            ]
          ]
        ]
      }
    },
    {
      "type": "Feature",
      "properties": {
        "class_id": 2,
        "classification": "Fold",
        "area": 1586.5374445272791
      },
      "geometry": {
        "type": "Polygon",
        "coordinates": [
          [
            [
              26799.439551641313,
              54175.34027221778
            ],
            [
              26787.429943955165,
              54187.34987990393
            ],
            [
              26787.429943955165,
              54217.373899119295
            ],
            [
              26799.439551641313,
              54229.38350680545
            ],
            [
              26805.44435548439,
              54229.38350680545
            ],
            [
              26811.449159327465,
              54223.37870296237
            ],
            [
              26817.453963170537,
              54223.37870296237
            ],
            [
              26817.453963170537,
              54217.373899119295
            ],
            [
              26823.458767013613,
              54211.369095276226
            ],
            [
              26823.458767013613,
              54187.34987990393
            ],
            [
              26811.449159327465,
              54175.34027221778
            ],
            [
              26799.439551641313,
              54175.34027221778
            ]
          ]
        ]
      }
    },
    {
      "type": "Feature",
      "properties": {
        "class_id": 2,
        "classification": "Fold",
        "area": 4849.756506566342
      },
      "geometry": {
        "type": "Polygon",
        "coordinates": [
          [
            [
              41625.300240192155,
              52265.8126501201
            ],
            [
              41625.300240192155,
              52277.82225780625
            ],
            [
              41631.30504403523,
              52283.827061649325
            ],
            [
              41631.30504403523,
              52295.83666933547
            ],
            [
              41637.30984787831,
              52301.841473178545
            ],
            [
              41637.30984787831,
              52307.84627702162
            ],
            [
              41643.31465172138,
              52313.8510808647
            ],
            [
              41643.31465172138,
              52319.855884707766
            ],
            [
              41661.3290632506,
              52337.87029623699
            ],
            [
              41667.33386709368,
              52337.87029623699
            ],
            [
              41673.338670936755,
              52343.87510008007
            ],
            [
              41679.343474779824,
              52337.87029623699
            ],
            [
              41685.3482786229,
              52337.87029623699
            ],
            [
              41697.35788630905,
              52325.86068855084
            ],
            [
              41697.35788630905,
              52319.855884707766
            ],
            [
              41703.36269015213,
              52313.8510808647
            ],
            [
              41703.36269015213,
              52301.841473178545
            ],
            [
              41709.367493995196,
              52295.83666933547
            ],
            [
              41709.367493995196,
              52283.827061649325
            ],
            [
              41715.37229783827,
              52277.82225780625
            ],
            [
              41715.37229783827,
              52265.8126501201
            ],
            [
              41625.300240192155,
              52265.8126501201
            ]
          ]
        ]
      }
    },
    {
      "type": "Feature",
      "properties": {
        "class_id": 2,
        "classification": "Fold",
        "area": 306.4901881473153
      },
      "geometry": {
        "type": "Polygon",
        "coordinates": [
          [
            [
              30564.451561249,
              52247.798238590876
            ],
            [
              30558.446757405927,
              52253.80304243395
            ],
            [
              30534.427542033627,
              52253.80304243395
            ],
            [
              30540.432345876703,
              52259.80784627703
            ],
            [
              30546.43714971978,
              52253.80304243395
            ],
            [
              30552.44195356285,
              52253.80304243395
            ],
            [
              30558.446757405927,
              52259.80784627703
            ],
            [
              30582.465972778224,
              52259.80784627703
            ],
            [
              30582.465972778224,
              52253.80304243395
            ],
            [
              30576.46116893515,
              52247.798238590876
            ],
            [
              30564.451561249,
              52247.798238590876
            ]
          ]
        ]
      }
    },
    {
      "type": "Feature",
      "properties": {
        "class_id": 2,
        "classification": "Fold",
        "area": 5588.938725039279
      },
      "geometry": {
        "type": "Polygon",
        "coordinates": [
          [
            [
              30732.586068855086,
              52175.74059247398
            ],
            [
              30726.58126501201,
              52181.745396317056
            ],
            [
              30714.57165732586,
              52181.745396317056
            ],
            [
              30708.56685348279,
              52187.75020016013
            ],
            [
              30696.557245796637,
              52187.75020016013
            ],
            [
              30690.552441953565,
              52193.75500400321
            ],
            [
              30678.542834267417,
              52193.75500400321
            ],
            [
              30672.53803042434,
              52199.75980784628
            ],
            [
              30666.53322658127,
              52199.75980784628
            ],
            [
              30660.528422738193,
              52205.76461168935
            ],
            [
              30660.528422738193,
              52247.798238590876
            ],
            [
              30654.523618895117,
              52253.80304243395
            ],
            [
              30654.523618895117,
              52259.80784627703
            ],
            [
              30738.59087269816,
              52259.80784627703
            ],
            [
              30738.59087269816,
              52175.74059247398
            ],
            [
              30732.586068855086,
              52175.74059247398
            ]
          ]
        ]
      }
    },
    {
      "type": "Feature",
      "properties": {
        "class_id": 2,
        "classification": "Fold",
        "area": 1135.8165796047567
      },
      "geometry": {
        "type": "Polygon",
        "coordinates": [
          [
            [
              61489.19135308247,
              49281.42514011209
            ],
            [
              61489.19135308247,
              49335.46837469976
            ],
            [
              61507.205764611695,
              49335.46837469976
            ],
            [
              61513.210568454764,
              49329.463570856686
            ],
            [
              61513.210568454764,
              49305.44435548439
            ],
            [
              61507.205764611695,
              49299.43955164131
            ],
            [
              61507.205764611695,
              49287.42994395517
            ],
            [
              61501.20096076862,
              49281.42514011209
            ],
            [
              61489.19135308247,
              49281.42514011209
            ]
          ]
        ]
      }
    },
    {
      "type": "Feature",
      "properties": {
        "class_id": 2,
        "classification": "Fold",
        "area": 432.6920303256216
      },
      "geometry": {
        "type": "Polygon",
        "coordinates": [
          [
            [
              22602.081665332265,
              47005.604483586874
            ],
            [
              22602.081665332265,
              47011.60928742995
            ],
            [
              22596.076861489193,
              47017.61409127302
            ],
            [
              22596.076861489193,
              47023.618895116095
            ],
            [
              22602.081665332265,
              47029.62369895917
            ],
            [
              22602.081665332265,
              47041.63330664532
            ],
            [
              22608.08646917534,
              47041.63330664532
            ],
            [
              22614.091273018417,
              47035.62850280225
            ],
            [
              22614.091273018417,
              47017.61409127302
            ],
            [
              22608.08646917534,
              47011.60928742995
            ],
            [
              22608.08646917534,
              47005.604483586874
            ],
            [
              22602.081665332265,
              47005.604483586874
            ]
          ]
        ]
      }
    },
    {
      "type": "Feature",
      "properties": {
        "class_id": 2,
        "classification": "Fold",
        "area": 2055.2871440467025
      },
      "geometry": {
        "type": "Polygon",
        "coordinates": [
          [
            [
              22602.081665332265,
              46885.508406725385
            ],
            [
              22596.076861489193,
              46891.51321056846
            ],
            [
              22596.076861489193,
              46915.53242594076
            ],
            [
              22590.072057646117,
              46921.53722978383
            ],
            [
              22590.072057646117,
              46933.54683746998
            ],
            [
              22596.076861489193,
              46939.55164131305
            ],
            [
              22596.076861489193,
              46957.566052842274
            ],
            [
              22608.08646917534,
              46969.575660528426
            ],
            [
              22620.09607686149,
              46957.566052842274
            ],
            [
              22620.09607686149,
              46951.561248999205
            ],
            [
              22626.100880704565,
              46945.55644515613
            ],
            [
              22626.100880704565,
              46927.5420336269
            ],
            [
              22620.09607686149,
              46921.53722978383
            ],
            [
              22620.09607686149,
              46897.51801441153
            ],
            [
              22614.091273018417,
              46891.51321056846
            ],
            [
              22614.091273018417,
              46885.508406725385
            ],
            [
              22602.081665332265,
              46885.508406725385
            ]
          ]
        ]
      }
    },
    {
      "type": "Feature",
      "properties": {
        "class_id": 2,
        "classification": "Fold",
        "area": 36.0576691938018
      },
      "geometry": {
        "type": "Polygon",
        "coordinates": [
          [
            [
              43030.42433947158,
              46255.004003202564
            ],
            [
              43030.42433947158,
              46261.00880704564
            ],
            [
              43036.42914331466,
              46261.00880704564
            ],
            [
              43036.42914331466,
              46255.004003202564
            ],
            [
              43030.42433947158,
              46255.004003202564
            ]
          ]
        ]
      }
    },
    {
      "type": "Feature",
      "properties": {
        "class_id": 2,
        "classification": "Fold",
        "area": 3443.5074080080717
      },
      "geometry": {
        "type": "Polygon",
        "coordinates": [
          [
            [
              42976.38110488391,
              46116.893514811854
            ],
            [
              42976.38110488391,
              46128.903122498
            ],
            [
              42982.38590872698,
              46134.907926341075
            ],
            [
              42982.38590872698,
              46140.91273018415
            ],
            [
              42988.39071257006,
              46146.91753402723
            ],
            [
              42988.39071257006,
              46152.922337870295
            ],
            [
              42994.39551641313,
              46158.92714171337
            ],
            [
              42994.39551641313,
              46170.93674939952
            ],
            [
              43000.40032025621,
              46176.9415532426
            ],
            [
              43000.40032025621,
              46182.94635708567
            ],
            [
              43012.40992794235,
              46194.95596477182
            ],
            [
              43012.40992794235,
              46200.960768614896
            ],
            [
              43036.42914331466,
              46200.960768614896
            ],
            [
              43036.42914331466,
              46140.91273018415
            ],
            [
              43030.42433947158,
              46140.91273018415
            ],
            [
              43024.419535628505,
              46134.907926341075
            ],
            [
              43024.419535628505,
              46116.893514811854
            ],
            [
              42976.38110488391,
              46116.893514811854
            ]
          ]
        ]
      }
    },
    {
      "type": "Feature",
      "properties": {
        "class_id": 2,
        "classification": "Fold",
        "area": 20156.237079335206
      },
      "geometry": {
        "type": "Polygon",
        "coordinates": [
          [
            [
              15372.297838270617,
              46116.893514811854
            ],
            [
              15372.297838270617,
              46188.951160928744
            ],
            [
              15378.302642113691,
              46188.951160928744
            ],
            [
              15402.32185748599,
              46212.97037630104
            ],
            [
              15402.32185748599,
              46218.975180144116
            ],
            [
              15444.355484387512,
              46261.00880704564
            ],
            [
              15450.360288230586,
              46261.00880704564
            ],
            [
              15456.36509207366,
              46267.013610888716
            ],
            [
              15462.369895916734,
              46267.013610888716
            ],
            [
              15468.374699759808,
              46273.018414731785
            ],
            [
              15480.384307445958,
              46273.018414731785
            ],
            [
              15486.389111289032,
              46267.013610888716
            ],
            [
              15492.393915132106,
              46267.013610888716
            ],
            [
              15510.40832666133,
              46248.99919935949
            ],
            [
              15510.40832666133,
              46242.99439551641
            ],
            [
              15516.413130504405,
              46236.989591673344
            ],
            [
              15516.413130504405,
              46218.975180144116
            ],
            [
              15522.417934347479,
              46212.97037630104
            ],
            [
              15522.417934347479,
              46194.95596477182
            ],
            [
              15528.422738190553,
              46188.951160928744
            ],
            [
              15528.422738190553,
              46182.94635708567
            ],
            [
              15534.427542033627,
              46176.9415532426
            ],
            [
              15534.427542033627,
              46164.93194555645
            ],
            [
              15540.432345876703,
              46158.92714171337
            ],
            [
              15540.432345876703,
              46152.922337870295
            ],
            [
              15546.437149719777,
              46146.91753402723
            ],
            [
              15546.437149719777,
              46134.907926341075
            ],
            [
              15552.441953562851,
              46128.903122498
            ],
            [
              15552.441953562851,
              46116.893514811854
            ],
            [
              15372.297838270617,
              46116.893514811854
            ]
          ]
        ]
      }
    },
    {
      "type": "Feature",
      "properties": {
        "class_id": 2,
        "classification": "Fold",
        "area": 270.4325189535135
      },
      "geometry": {
        "type": "Polygon",
        "coordinates": [
          [
            [
              3056.4451561249,
              46092.87429943955
            ],
            [
              3056.4451561249,
              46098.87910328263
            ],
            [
              3050.4403522818257,
              46104.8839071257
            ],
            [
              3050.4403522818257,
              46110.88871096878
            ],
            [
              3068.454763811049,
              46110.88871096878
            ],
            [
              3068.454763811049,
              46092.87429943955
            ],
            [
              3056.4451561249,
              46092.87429943955
            ]
          ]
        ]
      }
    },
    {
      "type": "Feature",
      "properties": {
        "class_id": 2,
        "classification": "Fold",
        "area": 126.2018421783063
      },
      "geometry": {
        "type": "Polygon",
        "coordinates": [
          [
            [
              3062.4499599679743,
              44945.95676541233
            ],
            [
              3056.4451561249,
              44951.96156925541
            ],
            [
              3056.4451561249,
              44957.96637309848
            ],
            [
              3062.4499599679743,
              44957.96637309848
            ],
            [
              3068.454763811049,
              44963.97117694156
            ],
            [
              3068.454763811049,
              44951.96156925541
            ],
            [
              3062.4499599679743,
              44945.95676541233
            ]
          ]
        ]
      }
    },
    {
      "type": "Feature",
      "properties": {
        "class_id": 2,
        "classification": "Fold",
        "area": 110156.1793870645
      },
      "geometry": {
        "type": "Polygon",
        "coordinates": [
          [
            [
              60744.595676541234,
              42508.0064051241
            ],
            [
              60732.58606885509,
              42520.01601281025
            ],
            [
              60732.58606885509,
              42526.02081665333
            ],
            [
              60714.57165732586,
              42544.03522818255
            ],
            [
              60714.57165732586,
              42550.04003202562
            ],
            [
              60708.56685348279,
              42556.0448358687
            ],
            [
              60708.56685348279,
              42562.049639711775
            ],
            [
              60702.56204963972,
              42568.05444355484
            ],
            [
              60702.56204963972,
              42580.064051240995
            ],
            [
              60696.55724579664,
              42586.06885508407
            ],
            [
              60696.55724579664,
              42616.092874299444
            ],
            [
              60702.56204963972,
              42622.09767814252
            ],
            [
              60702.56204963972,
              42652.12169735789
            ],
            [
              60708.56685348279,
              42658.12650120096
            ],
            [
              60708.56685348279,
              42688.15052041633
            ],
            [
              60690.552441953565,
              42706.16493194556
            ],
            [
              60684.54763811049,
              42706.16493194556
            ],
            [
              60678.54283426742,
              42712.16973578864
            ],
            [
              60624.499599679744,
              42712.16973578864
            ],
            [
              60618.494795836676,
              42718.174539631706
            ],
            [
              60612.4899919936,
              42718.174539631706
            ],
            [
              60600.48038430745,
              42730.18414731786
            ],
            [
              60594.47558046437,
              42730.18414731786
            ],
            [
              60588.4707766213,
              42736.18895116093
            ],
            [
              60582.46597277823,
              42736.18895116093
            ],
            [
              60576.46116893515,
              42742.19375500401
            ],
            [
              60570.456365092075,
              42742.19375500401
            ],
            [
              60558.44675740593,
              42754.203362690154
            ],
            [
              60552.441953562855,
              42754.203362690154
            ],
            [
              60534.42754203363,
              42772.217774219374
            ],
            [
              60528.42273819056,
              42772.217774219374
            ],
            [
              60522.41793434748,
              42778.22257806245
            ],
            [
              60510.40832666133,
              42778.22257806245
            ],
            [
              60504.403522818255,
              42784.227381905526
            ],
            [
              60462.36989591674,
              42784.227381905526
            ],
            [
              60456.36509207366,
              42778.22257806245
            ],
            [
              60414.331465172145,
              42778.22257806245
            ],
            [
              60408.32666132907,
              42784.227381905526
            ],
            [
              60396.31705364292,
              42784.227381905526
            ],
            [
              60390.31224979984,
              42790.2321857486
            ],
            [
              60384.30744595677,
              42790.2321857486
            ],
            [
              60378.3026421137,
              42796.23698959168
            ],
            [
              60372.29783827062,
              42796.23698959168
            ],
            [
              60366.293034427545,
              42802.24179343475
            ],
            [
              60366.293034427545,
              42808.24659727782
            ],
            [
              60354.2834267414,
              42820.256204963975
            ],
            [
              60354.2834267414,
              42862.28983186549
            ],
            [
              60360.28823058447,
              42868.29463570857
            ],
            [
              60360.28823058447,
              42892.313851080864
            ],
            [
              60366.293034427545,
              42898.31865492394
            ],
            [
              60366.293034427545,
              42910.32826261009
            ],
            [
              60372.29783827062,
              42916.33306645317
            ],
            [
              60372.29783827062,
              42928.34267413931
            ],
            [
              60378.3026421137,
              42934.34747798239
            ],
            [
              60378.3026421137,
              42940.352281825464
            ],
            [
              60384.30744595677,
              42946.35708566854
            ],
            [
              60384.30744595677,
              42970.37630104084
            ],
            [
              60378.3026421137,
              42976.38110488391
            ],
            [
              60378.3026421137,
              43000.40032025621
            ],
            [
              60372.29783827062,
              43006.405124099285
            ],
            [
              60372.29783827062,
              43024.419535628505
            ],
            [
              60366.293034427545,
              43030.42433947158
            ],
            [
              60366.293034427545,
              43036.42914331466
            ],
            [
              60750.60048038431,
              43036.42914331466
            ],
            [
              60750.60048038431,
              43012.40992794235
            ],
            [
              60744.595676541234,
              43006.405124099285
            ],
            [
              60744.595676541234,
              42994.39551641313
            ],
            [
              60738.590872698165,
              42988.39071257006
            ],
            [
              60738.590872698165,
              42970.37630104084
            ],
            [
              60732.58606885509,
              42964.37149719776
            ],
            [
              60732.58606885509,
              42946.35708566854
            ],
            [
              60726.58126501201,
              42940.352281825464
            ],
            [
              60726.58126501201,
              42928.34267413931
            ],
            [
              60720.57646116894,
              42922.337870296236
            ],
            [
              60720.57646116894,
              42904.323458767016
            ],
            [
              60714.57165732586,
              42898.31865492394
            ],
            [
              60714.57165732586,
              42886.309047237795
            ],
            [
              60720.57646116894,
              42880.30424339472
            ],
            [
              60720.57646116894,
              42868.29463570857
            ],
            [
              60714.57165732586,
              42862.28983186549
            ],
            [
              60714.57165732586,
              42838.270616493195
            ],
            [
              60708.56685348279,
              42832.26581265012
            ],
            [
              60708.56685348279,
              42820.256204963975
            ],
            [
              60714.57165732586,
              42814.2514011209
            ],
            [
              60714.57165732586,
              42772.217774219374
            ],
            [
              60720.57646116894,
              42766.212970376306
            ],
            [
              60720.57646116894,
              42736.18895116093
            ],
            [
              60726.58126501201,
              42730.18414731786
            ],
            [
              60726.58126501201,
              42724.17934347478
            ],
            [
              60732.58606885509,
              42718.174539631706
            ],
            [
              60732.58606885509,
              42712.16973578864
            ],
            [
              60738.590872698165,
              42706.16493194556
            ],
            [
              60738.590872698165,
              42694.15532425941
            ],
            [
              60744.595676541234,
              42688.15052041633
            ],
            [
              60744.595676541234,
              42652.12169735789
            ],
            [
              60750.60048038431,
              42646.116893514816
            ],
            [
              60750.60048038431,
              42622.09767814252
            ],
            [
              60756.605284227386,
              42616.092874299444
            ],
            [
              60756.605284227386,
              42550.04003202562
            ],
            [
              60750.60048038431,
              42544.03522818255
            ],
            [
              60750.60048038431,
              42514.011208967175
            ],
            [
              60744.595676541234,
              42508.0064051241
            ]
          ]
        ]
      }
    },
    {
      "type": "Feature",
      "properties": {
        "class_id": 2,
        "classification": "Fold",
        "area": 252.4036843566126
      },
      "geometry": {
        "type": "Polygon",
        "coordinates": [
          [
            [
              60318.25460368295,
              42129.70376301041
            ],
            [
              60312.249799839876,
              42135.708566853486
            ],
            [
              60312.249799839876,
              42153.722978382706
            ],
            [
              60318.25460368295,
              42153.722978382706
            ],
            [
              60324.25940752603,
              42147.71817453964
            ],
            [
              60324.25940752603,
              42129.70376301041
            ],
            [
              60318.25460368295,
              42129.70376301041
            ]
          ]
        ]
      }
    },
    {
      "type": "Feature",
      "properties": {
        "class_id": 2,
        "classification": "Fold",
        "area": 1125107.4518541975
      },
      "geometry": {
        "type": "Polygon",
        "coordinates": [
          [
            [
              60282.2257806245,
              40460.36829463571
            ],
            [
              60276.22097678143,
              40466.37309847878
            ],
            [
              60276.22097678143,
              40484.38751000801
            ],
            [
              60270.21617293835,
              40490.39231385108
            ],
            [
              60270.21617293835,
              40508.40672538031
            ],
            [
              60264.21136909528,
              40514.411529223384
            ],
            [
              60264.21136909528,
              40526.42113690953
            ],
            [
              60258.20656525221,
              40532.425940752604
            ],
            [
              60258.20656525221,
              40562.44995996798
            ],
            [
              60252.20176140913,
              40568.45476381105
            ],
            [
              60252.20176140913,
              40622.49799839872
            ],
            [
              60246.196957566055,
              40628.5028022418
            ],
            [
              60246.196957566055,
              40640.51240992794
            ],
            [
              60240.19215372298,
              40646.51721377102
            ],
            [
              60240.19215372298,
              40658.52682145717
            ],
            [
              60234.18734987991,
              40664.531625300246
            ],
            [
              60234.18734987991,
              40676.54123298639
            ],
            [
              60228.182546036835,
              40682.546036829466
            ],
            [
              60228.182546036835,
              40694.55564451562
            ],
            [
              60222.17774219376,
              40700.56044835869
            ],
            [
              60222.17774219376,
              40718.574859887914
            ],
            [
              60216.17293835068,
              40724.57966373099
            ],
            [
              60216.17293835068,
              40766.61329063251
            ],
            [
              60222.17774219376,
              40772.61809447558
            ],
            [
              60222.17774219376,
              40790.632506004804
            ],
            [
              60228.182546036835,
              40796.63730984788
            ],
            [
              60228.182546036835,
              40802.642113690956
            ],
            [
              60234.18734987991,
              40808.64691753403
            ],
            [
              60234.18734987991,
              40820.656525220176
            ],
            [
              60240.19215372298,
              40826.66132906325
            ],
            [
              60240.19215372298,
              40904.72377902322
            ],
            [
              60246.196957566055,
              40910.72858286629
            ],
            [
              60246.196957566055,
              40976.781425140114
            ],
            [
              60240.19215372298,
              40982.78622898319
            ],
            [
              60240.19215372298,
              41072.85828662931
            ],
            [
              60234.18734987991,
              41078.86309047238
            ],
            [
              60234.18734987991,
              41150.92073658927
            ],
            [
              60228.182546036835,
              41156.92554043235
            ],
            [
              60228.182546036835,
              41168.9351481185
            ],
            [
              60222.17774219376,
              41174.93995196157
            ],
            [
              60222.17774219376,
              41192.9543634908
            ],
            [
              60216.17293835068,
              41198.95916733387
            ],
            [
              60216.17293835068,
              41210.96877502002
            ],
            [
              60210.16813450761,
              41216.97357886309
            ],
            [
              60210.16813450761,
              41240.99279423539
            ],
            [
              60204.16333066454,
              41246.997598078466
            ],
            [
              60204.16333066454,
              41361.08887109688
            ],
            [
              60210.16813450761,
              41367.093674939955
            ],
            [
              60210.16813450761,
              41571.257005604486
            ],
            [
              60204.16333066454,
              41577.26180944756
            ],
            [
              60204.16333066454,
              41601.28102481986
            ],
            [
              60198.15852682146,
              41607.285828662934
            ],
            [
              60198.15852682146,
              41667.33386709368
            ],
            [
              60192.153722978386,
              41673.338670936755
            ],
            [
              60192.153722978386,
              41685.3482786229
            ],
            [
              60186.14891913531,
              41691.353082465976
            ],
            [
              60186.14891913531,
              41697.35788630905
            ],
            [
              60180.144115292234,
              41703.36269015213
            ],
            [
              60180.144115292234,
              41721.37710168135
            ],
            [
              60174.139311449166,
              41727.381905524424
            ],
            [
              60174.139311449166,
              41787.42994395517
            ],
            [
              60168.13450760609,
              41793.43474779824
            ],
            [
              60168.13450760609,
              41829.463570856686
            ],
            [
              60174.139311449166,
              41835.46837469976
            ],
            [
              60174.139311449166,
              41841.47317854284
            ],
            [
              60180.144115292234,
              41847.47798238591
            ],
            [
              60180.144115292234,
              41853.48278622898
            ],
            [
              60192.153722978386,
              41865.492393915134
            ],
            [
              60222.17774219376,
              41865.492393915134
            ],
            [
              60228.182546036835,
              41859.48759007206
            ],
            [
              60246.196957566055,
              41859.48759007206
            ],
            [
              60252.20176140913,
              41865.492393915134
            ],
            [
              60288.23058446758,
              41865.492393915134
            ],
            [
              60294.235388310655,
              41859.48759007206
            ],
            [
              60318.25460368295,
              41883.506805444355
            ],
            [
              60318.25460368295,
              41889.51160928743
            ],
            [
              60324.25940752603,
              41895.51641313051
            ],
            [
              60324.25940752603,
              41907.52602081666
            ],
            [
              60330.264211369096,
              41913.53082465973
            ],
            [
              60330.264211369096,
              41943.5548438751
            ],
            [
              60324.25940752603,
              41949.559647718175
            ],
            [
              60324.25940752603,
              42009.60768614892
            ],
            [
              60318.25460368295,
              42015.612489991996
            ],
            [
              60318.25460368295,
              42039.63170536429
            ],
            [
              60312.249799839876,
              42045.63650920737
            ],
            [
              60312.249799839876,
              42063.65092073659
            ],
            [
              60324.25940752603,
              42075.66052842274
            ],
            [
              60336.26901521217,
              42075.66052842274
            ],
            [
              60336.26901521217,
              42069.655724579665
            ],
            [
              60342.27381905525,
              42063.65092073659
            ],
            [
              60342.27381905525,
              42057.64611689352
            ],
            [
              60372.29783827062,
              42027.62209767815
            ],
            [
              60372.29783827062,
              42021.61729383507
            ],
            [
              60378.3026421137,
              42015.612489991996
            ],
            [
              60378.3026421137,
              42009.60768614892
            ],
            [
              60384.30744595677,
              42003.602882305844
            ],
            [
              60384.30744595677,
              41985.58847077662
            ],
            [
              60378.3026421137,
              41979.58366693355
            ],
            [
              60378.3026421137,
              41955.56445156125
            ],
            [
              60372.29783827062,
              41949.559647718175
            ],
            [
              60372.29783827062,
              41937.55004003203
            ],
            [
              60366.293034427545,
              41931.545236188955
            ],
            [
              60366.293034427545,
              41925.54043234588
            ],
            [
              60360.28823058447,
              41919.5356285028
            ],
            [
              60360.28823058447,
              41889.51160928743
            ],
            [
              60366.293034427545,
              41883.506805444355
            ],
            [
              60366.293034427545,
              41877.502001601286
            ],
            [
              60378.3026421137,
              41865.492393915134
            ],
            [
              60378.3026421137,
              41853.48278622898
            ],
            [
              60390.31224979984,
              41841.47317854284
            ],
            [
              60390.31224979984,
              41835.46837469976
            ],
            [
              60426.34107285829,
              41799.43955164131
            ],
            [
              60432.345876701365,
              41799.43955164131
            ],
            [
              60438.35068054444,
              41793.43474779824
            ],
            [
              60444.35548438751,
              41793.43474779824
            ],
            [
              60450.360288230586,
              41787.42994395517
            ],
            [
              60456.36509207366,
              41787.42994395517
            ],
            [
              60462.36989591674,
              41781.42514011209
            ],
            [
              60468.374699759814,
              41781.42514011209
            ],
            [
              60480.38430744596,
              41769.41553242594
            ],
            [
              60528.42273819056,
              41769.41553242594
            ],
            [
              60534.42754203363,
              41763.41072858287
            ],
            [
              60546.43714971978,
              41775.42033626902
            ],
            [
              60546.43714971978,
              41787.42994395517
            ],
            [
              60570.456365092075,
              41811.449159327465
            ],
            [
              60570.456365092075,
              41829.463570856686
            ],
            [
              60564.451561249,
              41835.46837469976
            ],
            [
              60564.451561249,
              41907.52602081666
            ],
            [
              60570.456365092075,
              41913.53082465973
            ],
            [
              60570.456365092075,
              41925.54043234588
            ],
            [
              60582.46597277823,
              41937.55004003203
            ],
            [
              60582.46597277823,
              41943.5548438751
            ],
            [
              60600.48038430745,
              41961.56925540433
            ],
            [
              60600.48038430745,
              42003.602882305844
            ],
            [
              60606.485188150524,
              42009.60768614892
            ],
            [
              60606.485188150524,
              42015.612489991996
            ],
            [
              60624.499599679744,
              42033.62690152122
            ],
            [
              60648.51881505205,
              42033.62690152122
            ],
            [
              60654.52361889512,
              42027.62209767815
            ],
            [
              60660.52842273819,
              42027.62209767815
            ],
            [
              60666.53322658127,
              42021.61729383507
            ],
            [
              60666.53322658127,
              42015.612489991996
            ],
            [
              60684.54763811049,
              41997.598078462775
            ],
            [
              60696.55724579664,
              41997.598078462775
            ],
            [
              60708.56685348279,
              42009.60768614892
            ],
            [
              60714.57165732586,
              42009.60768614892
            ],
            [
              60738.590872698165,
              42033.62690152122
            ],
            [
              60744.595676541234,
              42033.62690152122
            ],
            [
              60750.60048038431,
              42039.63170536429
            ],
            [
              60756.605284227386,
              42039.63170536429
            ],
            [
              60762.61008807046,
              42045.63650920737
            ],
            [
              60792.634107285834,
              42045.63650920737
            ],
            [
              60798.63891112891,
              42051.641313050444
            ],
            [
              60840.67253803043,
              42009.60768614892
            ],
            [
              60840.67253803043,
              42003.602882305844
            ],
            [
              60846.6773418735,
              41997.598078462775
            ],
            [
              60846.6773418735,
              41991.5932746197
            ],
            [
              60852.68214571658,
              41985.58847077662
            ],
            [
              60852.68214571658,
              41979.58366693355
            ],
            [
              60858.686949559655,
              41973.57886309047
            ],
            [
              60858.686949559655,
              41967.5740592474
            ],
            [
              60864.69175340272,
              41961.56925540433
            ],
            [
              60864.69175340272,
              41955.56445156125
            ],
            [
              60870.6965572458,
              41949.559647718175
            ],
            [
              60870.6965572458,
              41943.5548438751
            ],
            [
              60882.70616493195,
              41931.545236188955
            ],
            [
              60882.70616493195,
              41913.53082465973
            ],
            [
              60888.71096877503,
              41907.52602081666
            ],
            [
              60888.71096877503,
              41895.51641313051
            ],
            [
              60900.72057646117,
              41883.506805444355
            ],
            [
              60906.72538030425,
              41883.506805444355
            ],
            [
              60912.73018414732,
              41877.502001601286
            ],
            [
              60972.77822257807,
              41877.502001601286
            ],
            [
              60972.77822257807,
              41871.49719775821
            ],
            [
              60978.78302642114,
              41865.492393915134
            ],
            [
              60978.78302642114,
              41859.48759007206
            ],
            [
              60984.78783026421,
              41853.48278622898
            ],
            [
              60984.78783026421,
              41841.47317854284
            ],
            [
              60996.797437950365,
              41829.463570856686
            ],
            [
              60996.797437950365,
              41823.45876701361
            ],
            [
              61014.811849479585,
              41805.44435548439
            ],
            [
              61014.811849479585,
              41799.43955164131
            ],
            [
              61044.83586869496,
              41769.41553242594
            ],
            [
              61056.84547638111,
              41769.41553242594
            ],
            [
              61074.85988791033,
              41787.42994395517
            ],
            [
              61074.85988791033,
              41793.43474779824
            ],
            [
              61098.87910328263,
              41817.45396317054
            ],
            [
              61104.8839071257,
              41817.45396317054
            ],
            [
              61116.893514811854,
              41829.463570856686
            ],
            [
              61122.89831865493,
              41829.463570856686
            ],
            [
              61140.91273018415,
              41847.47798238591
            ],
            [
              61140.91273018415,
              41853.48278622898
            ],
            [
              61152.9223378703,
              41865.492393915134
            ],
            [
              61152.9223378703,
              41871.49719775821
            ],
            [
              61158.92714171337,
              41877.502001601286
            ],
            [
              61170.93674939952,
              41877.502001601286
            ],
            [
              61176.9415532426,
              41883.506805444355
            ],
            [
              61182.946357085675,
              41883.506805444355
            ],
            [
              61188.951160928744,
              41889.51160928743
            ],
            [
              61188.951160928744,
              41895.51641313051
            ],
            [
              61194.95596477182,
              41901.52121697358
            ],
            [
              61194.95596477182,
              41907.52602081666
            ],
            [
              61176.9415532426,
              41925.54043234588
            ],
            [
              61164.93194555645,
              41925.54043234588
            ],
            [
              61152.9223378703,
              41913.53082465973
            ],
            [
              61146.91753402723,
              41913.53082465973
            ],
            [
              61140.91273018415,
              41907.52602081666
            ],
            [
              61152.9223378703,
              41919.5356285028
            ],
            [
              61152.9223378703,
              41931.545236188955
            ],
            [
              61146.91753402723,
              41937.55004003203
            ],
            [
              61140.91273018415,
              41937.55004003203
            ],
            [
              61134.907926341075,
              41931.545236188955
            ],
            [
              61134.907926341075,
              41937.55004003203
            ],
            [
              61140.91273018415,
              41943.5548438751
            ],
            [
              61140.91273018415,
              41961.56925540433
            ],
            [
              61116.893514811854,
              41985.58847077662
            ],
            [
              61116.893514811854,
              42021.61729383507
            ],
            [
              61110.88871096878,
              42027.62209767815
            ],
            [
              61110.88871096878,
              42045.63650920737
            ],
            [
              61104.8839071257,
              42051.641313050444
            ],
            [
              61104.8839071257,
              42063.65092073659
            ],
            [
              61098.87910328263,
              42069.655724579665
            ],
            [
              61098.87910328263,
              42087.67013610889
            ],
            [
              61092.87429943956,
              42093.67493995196
            ],
            [
              61092.87429943956,
              42111.68935148119
            ],
            [
              61086.86949559648,
              42117.694155324265
            ],
            [
              61080.864691753406,
              42117.694155324265
            ],
            [
              61074.85988791033,
              42111.68935148119
            ],
            [
              61074.85988791033,
              42105.68454763811
            ],
            [
              61068.855084067254,
              42099.67974379504
            ],
            [
              61056.84547638111,
              42099.67974379504
            ],
            [
              61056.84547638111,
              42105.68454763811
            ],
            [
              61050.840672538034,
              42111.68935148119
            ],
            [
              61050.840672538034,
              42123.698959167334
            ],
            [
              61056.84547638111,
              42129.70376301041
            ],
            [
              61056.84547638111,
              42177.74219375501
            ],
            [
              61062.850280224186,
              42183.74699759808
            ],
            [
              61062.850280224186,
              42225.7806244996
            ],
            [
              61068.855084067254,
              42231.78542834268
            ],
            [
              61068.855084067254,
              42237.790232185755
            ],
            [
              61074.85988791033,
              42243.79503602882
            ],
            [
              61074.85988791033,
              42267.81425140112
            ],
            [
              61080.864691753406,
              42273.819055244196
            ],
            [
              61080.864691753406,
              42303.84307445957
            ],
            [
              61086.86949559648,
              42309.847878302644
            ],
            [
              61086.86949559648,
              42333.86709367494
            ],
            [
              61092.87429943956,
              42339.871897518016
            ],
            [
              61092.87429943956,
              42345.87670136109
            ],
            [
              61098.87910328263,
              42351.88150520417
            ],
            [
              61098.87910328263,
              42369.89591673339
            ],
            [
              61104.8839071257,
              42375.900720576465
            ],
            [
              61104.8839071257,
              42405.92473979184
            ],
            [
              61110.88871096878,
              42411.92954363491
            ],
            [
              61110.88871096878,
              42417.93434747798
            ],
            [
              61122.89831865493,
              42429.94395516413
            ],
            [
              61122.89831865493,
              42441.953562850285
            ],
            [
              61128.903122498,
              42447.958366693354
            ],
            [
              61128.903122498,
              42520.01601281025
            ],
            [
              61134.907926341075,
              42526.02081665333
            ],
            [
              61134.907926341075,
              42538.03042433947
            ],
            [
              61140.91273018415,
              42544.03522818255
            ],
            [
              61140.91273018415,
              42556.0448358687
            ],
            [
              61146.91753402723,
              42562.049639711775
            ],
            [
              61146.91753402723,
              42574.05924739792
            ],
            [
              61152.9223378703,
              42580.064051240995
            ],
            [
              61152.9223378703,
              42604.08326661329
            ],
            [
              61158.92714171337,
              42610.08807045637
            ],
            [
              61158.92714171337,
              42652.12169735789
            ],
            [
              61152.9223378703,
              42658.12650120096
            ],
            [
              61152.9223378703,
              42682.145716573265
            ],
            [
              61158.92714171337,
              42688.15052041633
            ],
            [
              61158.92714171337,
              42724.17934347478
            ],
            [
              61164.93194555645,
              42730.18414731786
            ],
            [
              61164.93194555645,
              42742.19375500401
            ],
            [
              61170.93674939952,
              42748.19855884708
            ],
            [
              61170.93674939952,
              42760.20816653323
            ],
            [
              61176.9415532426,
              42766.212970376306
            ],
            [
              61176.9415532426,
              42772.217774219374
            ],
            [
              61182.946357085675,
              42778.22257806245
            ],
            [
              61182.946357085675,
              42790.2321857486
            ],
            [
              61206.96557245797,
              42814.2514011209
            ],
            [
              61218.975180144116,
              42814.2514011209
            ],
            [
              61236.989591673344,
              42832.26581265012
            ],
            [
              61236.989591673344,
              42838.270616493195
            ],
            [
              61242.99439551642,
              42844.27542033627
            ],
            [
              61242.99439551642,
              42850.28022417935
            ],
            [
              61236.989591673344,
              42856.28502802242
            ],
            [
              61236.989591673344,
              42880.30424339472
            ],
            [
              61230.98478783027,
              42886.309047237795
            ],
            [
              61230.98478783027,
              42916.33306645317
            ],
            [
              61224.97998398719,
              42922.337870296236
            ],
            [
              61224.97998398719,
              42940.352281825464
            ],
            [
              61218.975180144116,
              42946.35708566854
            ],
            [
              61218.975180144116,
              43018.41473178543
            ],
            [
              61212.97037630105,
              43024.419535628505
            ],
            [
              61212.97037630105,
              43036.42914331466
            ],
            [
              61483.18654923939,
              43036.42914331466
            ],
            [
              61483.18654923939,
              42628.10248198559
            ],
            [
              61477.18174539632,
              42634.107285828664
            ],
            [
              61441.152922337875,
              42634.107285828664
            ],
            [
              61435.1481184948,
              42640.11208967174
            ],
            [
              61399.11929543635,
              42640.11208967174
            ],
            [
              61393.114491593275,
              42634.107285828664
            ],
            [
              61387.109687750206,
              42634.107285828664
            ],
            [
              61381.10488390713,
              42628.10248198559
            ],
            [
              61351.08086469176,
              42628.10248198559
            ],
            [
              61345.07606084868,
              42634.107285828664
            ],
            [
              61339.071257005606,
              42634.107285828664
            ],
            [
              61333.06645316254,
              42640.11208967174
            ],
            [
              61309.04723779023,
              42640.11208967174
            ],
            [
              61303.042433947165,
              42646.116893514816
            ],
            [
              61291.03282626101,
              42646.116893514816
            ],
            [
              61285.02802241794,
              42652.12169735789
            ],
            [
              61279.02321857486,
              42652.12169735789
            ],
            [
              61273.01841473179,
              42658.12650120096
            ],
            [
              61267.013610888716,
              42658.12650120096
            ],
            [
              61261.00880704564,
              42664.13130504404
            ],
            [
              61261.00880704564,
              42670.13610888711
            ],
            [
              61255.004003202564,
              42676.14091273019
            ],
            [
              61255.004003202564,
              42682.145716573265
            ],
            [
              61248.99919935949,
              42688.15052041633
            ],
            [
              61248.99919935949,
              42694.15532425941
            ],
            [
              61242.99439551642,
              42700.160128102485
            ],
            [
              61230.98478783027,
              42700.160128102485
            ],
            [
              61218.975180144116,
              42688.15052041633
            ],
            [
              61218.975180144116,
              42676.14091273019
            ],
            [
              61212.97037630105,
              42670.13610888711
            ],
            [
              61212.97037630105,
              42652.12169735789
            ],
            [
              61206.96557245797,
              42646.116893514816
            ],
            [
              61206.96557245797,
              42544.03522818255
            ],
            [
              61200.960768614896,
              42538.03042433947
            ],
            [
              61200.960768614896,
              42514.011208967175
            ],
            [
              61206.96557245797,
              42508.0064051241
            ],
            [
              61206.96557245797,
              42465.97277822258
            ],
            [
              61200.960768614896,
              42459.967974379506
            ],
            [
              61200.960768614896,
              42447.958366693354
            ],
            [
              61194.95596477182,
              42441.953562850285
            ],
            [
              61194.95596477182,
              42429.94395516413
            ],
            [
              61200.960768614896,
              42423.93915132106
            ],
            [
              61200.960768614896,
              42393.915132105685
            ],
            [
              61206.96557245797,
              42387.91032826261
            ],
            [
              61206.96557245797,
              42375.900720576465
            ],
            [
              61212.97037630105,
              42369.89591673339
            ],
            [
              61212.97037630105,
              42363.89111289031
            ],
            [
              61218.975180144116,
              42357.88630904724
            ],
            [
              61218.975180144116,
              42351.88150520417
            ],
            [
              61224.97998398719,
              42345.87670136109
            ],
            [
              61224.97998398719,
              42327.862289831864
            ],
            [
              61230.98478783027,
              42321.857485988796
            ],
            [
              61230.98478783027,
              42273.819055244196
            ],
            [
              61236.989591673344,
              42267.81425140112
            ],
            [
              61236.989591673344,
              42219.77582065653
            ],
            [
              61230.98478783027,
              42213.77101681345
            ],
            [
              61230.98478783027,
              42207.76621297038
            ],
            [
              61212.97037630105,
              42189.751801441154
            ],
            [
              61212.97037630105,
              42183.74699759808
            ],
            [
              61206.96557245797,
              42177.74219375501
            ],
            [
              61200.960768614896,
              42177.74219375501
            ],
            [
              61194.95596477182,
              42171.737389911934
            ],
            [
              61182.946357085675,
              42171.737389911934
            ],
            [
              61176.9415532426,
              42165.73258606886
            ],
            [
              61194.95596477182,
              42147.71817453964
            ],
            [
              61212.97037630105,
              42147.71817453964
            ],
            [
              61218.975180144116,
              42141.71337069656
            ],
            [
              61248.99919935949,
              42141.71337069656
            ],
            [
              61255.004003202564,
              42135.708566853486
            ],
            [
              61267.013610888716,
              42135.708566853486
            ],
            [
              61279.02321857486,
              42123.698959167334
            ],
            [
              61279.02321857486,
              42111.68935148119
            ],
            [
              61285.02802241794,
              42105.68454763811
            ],
            [
              61285.02802241794,
              42087.67013610889
            ],
            [
              61291.03282626101,
              42081.66533226582
            ],
            [
              61291.03282626101,
              42051.641313050444
            ],
            [
              61297.03763010409,
              42045.63650920737
            ],
            [
              61297.03763010409,
              41991.5932746197
            ],
            [
              61303.042433947165,
              41985.58847077662
            ],
            [
              61303.042433947165,
              41973.57886309047
            ],
            [
              61315.05204163331,
              41961.56925540433
            ],
            [
              61321.056845476385,
              41961.56925540433
            ],
            [
              61333.06645316254,
              41949.559647718175
            ],
            [
              61339.071257005606,
              41949.559647718175
            ],
            [
              61345.07606084868,
              41943.5548438751
            ],
            [
              61351.08086469176,
              41943.5548438751
            ],
            [
              61357.08566853483,
              41937.55004003203
            ],
            [
              61363.09047237791,
              41937.55004003203
            ],
            [
              61369.09527622098,
              41931.545236188955
            ],
            [
              61387.109687750206,
              41931.545236188955
            ],
            [
              61393.114491593275,
              41925.54043234588
            ],
            [
              61417.13370696558,
              41925.54043234588
            ],
            [
              61423.13851080865,
              41931.545236188955
            ],
            [
              61429.14331465172,
              41931.545236188955
            ],
            [
              61441.152922337875,
              41943.5548438751
            ],
            [
              61441.152922337875,
              41955.56445156125
            ],
            [
              61435.1481184948,
              41961.56925540433
            ],
            [
              61435.1481184948,
              41967.5740592474
            ],
            [
              61423.13851080865,
              41979.58366693355
            ],
            [
              61423.13851080865,
              41985.58847077662
            ],
            [
              61417.13370696558,
              41991.5932746197
            ],
            [
              61417.13370696558,
              42021.61729383507
            ],
            [
              61423.13851080865,
              42027.62209767815
            ],
            [
              61441.152922337875,
              42027.62209767815
            ],
            [
              61465.17213771017,
              42003.602882305844
            ],
            [
              61465.17213771017,
              41997.598078462775
            ],
            [
              61471.17694155325,
              41991.5932746197
            ],
            [
              61471.17694155325,
              41985.58847077662
            ],
            [
              61465.17213771017,
              41979.58366693355
            ],
            [
              61465.17213771017,
              41967.5740592474
            ],
            [
              61459.167333867095,
              41961.56925540433
            ],
            [
              61459.167333867095,
              41955.56445156125
            ],
            [
              61453.16253002402,
              41949.559647718175
            ],
            [
              61453.16253002402,
              41925.54043234588
            ],
            [
              61459.167333867095,
              41919.5356285028
            ],
            [
              61459.167333867095,
              41907.52602081666
            ],
            [
              61465.17213771017,
              41901.52121697358
            ],
            [
              61471.17694155325,
              41901.52121697358
            ],
            [
              61477.18174539632,
              41895.51641313051
            ],
            [
              61483.18654923939,
              41895.51641313051
            ],
            [
              61483.18654923939,
              41781.42514011209
            ],
            [
              61477.18174539632,
              41781.42514011209
            ],
            [
              61459.167333867095,
              41763.41072858287
            ],
            [
              61459.167333867095,
              41757.405924739796
            ],
            [
              61453.16253002402,
              41751.40112089672
            ],
            [
              61453.16253002402,
              41745.396317053644
            ],
            [
              61423.13851080865,
              41715.37229783827
            ],
            [
              61417.13370696558,
              41715.37229783827
            ],
            [
              61411.1289031225,
              41709.367493995196
            ],
            [
              61405.12409927943,
              41709.367493995196
            ],
            [
              61399.11929543635,
              41703.36269015213
            ],
            [
              61393.114491593275,
              41703.36269015213
            ],
            [
              61381.10488390713,
              41691.353082465976
            ],
            [
              61375.100080064054,
              41691.353082465976
            ],
            [
              61369.09527622098,
              41685.3482786229
            ],
            [
              61369.09527622098,
              41679.343474779824
            ],
            [
              61363.09047237791,
              41673.338670936755
            ],
            [
              61363.09047237791,
              41661.3290632506
            ],
            [
              61357.08566853483,
              41655.32425940753
            ],
            [
              61357.08566853483,
              41631.30504403523
            ],
            [
              61363.09047237791,
              41625.300240192155
            ],
            [
              61363.09047237791,
              41619.29543634908
            ],
            [
              61357.08566853483,
              41613.29063250601
            ],
            [
              61357.08566853483,
              41583.26661329064
            ],
            [
              61351.08086469176,
              41577.26180944756
            ],
            [
              61351.08086469176,
              41553.242594075266
            ],
            [
              61345.07606084868,
              41547.23779023219
            ],
            [
              61345.07606084868,
              41535.22818254604
            ],
            [
              61339.071257005606,
              41529.22337870296
            ],
            [
              61339.071257005606,
              41511.20896717374
            ],
            [
              61333.06645316254,
              41505.204163330665
            ],
            [
              61333.06645316254,
              41493.19455564452
            ],
            [
              61327.06164931946,
              41487.189751801445
            ],
            [
              61327.06164931946,
              41475.18014411529
            ],
            [
              61321.056845476385,
              41469.17534027222
            ],
            [
              61321.056845476385,
              41457.16573258607
            ],
            [
              61315.05204163331,
              41451.160928743
            ],
            [
              61315.05204163331,
              41409.12730184147
            ],
            [
              61321.056845476385,
              41403.1224979984
            ],
            [
              61321.056845476385,
              41391.11289031225
            ],
            [
              61327.06164931946,
              41385.108086469176
            ],
            [
              61327.06164931946,
              41379.1032826261
            ],
            [
              61333.06645316254,
              41373.09847878303
            ],
            [
              61333.06645316254,
              41367.093674939955
            ],
            [
              61339.071257005606,
              41361.08887109688
            ],
            [
              61339.071257005606,
              41355.0840672538
            ],
            [
              61357.08566853483,
              41337.06965572458
            ],
            [
              61381.10488390713,
              41337.06965572458
            ],
            [
              61399.11929543635,
              41319.055244195355
            ],
            [
              61399.11929543635,
              41313.05044035229
            ],
            [
              61405.12409927943,
              41307.04563650921
            ],
            [
              61405.12409927943,
              41295.03602882306
            ],
            [
              61411.1289031225,
              41289.03122497999
            ],
            [
              61411.1289031225,
              41277.02161729384
            ],
            [
              61429.14331465172,
              41259.00720576462
            ],
            [
              61435.1481184948,
              41259.00720576462
            ],
            [
              61441.152922337875,
              41253.00240192154
            ],
            [
              61453.16253002402,
              41253.00240192154
            ],
            [
              61459.167333867095,
              41246.997598078466
            ],
            [
              61483.18654923939,
              41246.997598078466
            ],
            [
              61483.18654923939,
              41060.848678943155
            ],
            [
              61477.18174539632,
              41054.84387510008
            ],
            [
              61471.17694155325,
              41060.848678943155
            ],
            [
              61465.17213771017,
              41060.848678943155
            ],
            [
              61459.167333867095,
              41066.85348278623
            ],
            [
              61453.16253002402,
              41066.85348278623
            ],
            [
              61447.15772618095,
              41072.85828662931
            ],
            [
              61429.14331465172,
              41072.85828662931
            ],
            [
              61423.13851080865,
              41078.86309047238
            ],
            [
              61417.13370696558,
              41078.86309047238
            ],
            [
              61411.1289031225,
              41084.86789431545
            ],
            [
              61405.12409927943,
              41084.86789431545
            ],
            [
              61399.11929543635,
              41090.87269815853
            ],
            [
              61393.114491593275,
              41090.87269815853
            ],
            [
              61387.109687750206,
              41096.877502001604
            ],
            [
              61381.10488390713,
              41096.877502001604
            ],
            [
              61375.100080064054,
              41102.88230584468
            ],
            [
              61369.09527622098,
              41102.88230584468
            ],
            [
              61363.09047237791,
              41108.887109687756
            ],
            [
              61351.08086469176,
              41108.887109687756
            ],
            [
              61345.07606084868,
              41114.891913530824
            ],
            [
              61339.071257005606,
              41114.891913530824
            ],
            [
              61333.06645316254,
              41108.887109687756
            ],
            [
              61321.056845476385,
              41108.887109687756
            ],
            [
              61315.05204163331,
              41102.88230584468
            ],
            [
              61297.03763010409,
              41102.88230584468
            ],
            [
              61291.03282626101,
              41108.887109687756
            ],
            [
              61285.02802241794,
              41108.887109687756
            ],
            [
              61279.02321857486,
              41114.891913530824
            ],
            [
              61230.98478783027,
              41114.891913530824
            ],
            [
              61224.97998398719,
              41108.887109687756
            ],
            [
              61212.97037630105,
              41108.887109687756
            ],
            [
              61206.96557245797,
              41114.891913530824
            ],
            [
              61200.960768614896,
              41114.891913530824
            ],
            [
              61182.946357085675,
              41096.877502001604
            ],
            [
              61182.946357085675,
              41078.86309047238
            ],
            [
              61176.9415532426,
              41078.86309047238
            ],
            [
              61164.93194555645,
              41066.85348278623
            ],
            [
              61158.92714171337,
              41066.85348278623
            ],
            [
              61146.91753402723,
              41054.84387510008
            ],
            [
              61146.91753402723,
              41042.834267413935
            ],
            [
              61164.93194555645,
              41024.81985588471
            ],
            [
              61164.93194555645,
              41018.81505204164
            ],
            [
              61158.92714171337,
              41012.81024819856
            ],
            [
              61152.9223378703,
              41012.81024819856
            ],
            [
              61146.91753402723,
              41006.80544435549
            ],
            [
              61128.903122498,
              41006.80544435549
            ],
            [
              61122.89831865493,
              41000.80064051241
            ],
            [
              61110.88871096878,
              41000.80064051241
            ],
            [
              61104.8839071257,
              40994.795836669335
            ],
            [
              61098.87910328263,
              40994.795836669335
            ],
            [
              61092.87429943956,
              40988.791032826266
            ],
            [
              61074.85988791033,
              40988.791032826266
            ],
            [
              61068.855084067254,
              40994.795836669335
            ],
            [
              61062.850280224186,
              40994.795836669335
            ],
            [
              61056.84547638111,
              41000.80064051241
            ],
            [
              61038.83106485188,
              41000.80064051241
            ],
            [
              61032.82626100881,
              41006.80544435549
            ],
            [
              60990.79263410729,
              41006.80544435549
            ],
            [
              60984.78783026421,
              41012.81024819856
            ],
            [
              60978.78302642114,
              41012.81024819856
            ],
            [
              60960.76861489192,
              41030.82465972778
            ],
            [
              60954.76381104884,
              41030.82465972778
            ],
            [
              60948.759007205765,
              41036.82946357086
            ],
            [
              60942.754203362696,
              41036.82946357086
            ],
            [
              60936.74939951962,
              41042.834267413935
            ],
            [
              60882.70616493195,
              41042.834267413935
            ],
            [
              60876.701361088875,
              41048.83907125701
            ],
            [
              60870.6965572458,
              41048.83907125701
            ],
            [
              60852.68214571658,
              41066.85348278623
            ],
            [
              60840.67253803043,
              41066.85348278623
            ],
            [
              60834.66773418735,
              41072.85828662931
            ],
            [
              60822.65812650121,
              41072.85828662931
            ],
            [
              60810.648518815055,
              41084.86789431545
            ],
            [
              60804.64371497198,
              41084.86789431545
            ],
            [
              60798.63891112891,
              41090.87269815853
            ],
            [
              60792.634107285834,
              41090.87269815853
            ],
            [
              60786.62930344276,
              41096.877502001604
            ],
            [
              60750.60048038431,
              41096.877502001604
            ],
            [
              60744.595676541234,
              41102.88230584468
            ],
            [
              60738.590872698165,
              41102.88230584468
            ],
            [
              60714.57165732586,
              41126.901521216976
            ],
            [
              60708.56685348279,
              41126.901521216976
            ],
            [
              60690.552441953565,
              41144.9159327462
            ],
            [
              60684.54763811049,
              41144.9159327462
            ],
            [
              60678.54283426742,
              41150.92073658927
            ],
            [
              60666.53322658127,
              41150.92073658927
            ],
            [
              60660.52842273819,
              41156.92554043235
            ],
            [
              60642.51401120897,
              41156.92554043235
            ],
            [
              60636.509207365896,
              41162.930344275424
            ],
            [
              60618.494795836676,
              41162.930344275424
            ],
            [
              60612.4899919936,
              41168.9351481185
            ],
            [
              60594.47558046437,
              41168.9351481185
            ],
            [
              60588.4707766213,
              41174.93995196157
            ],
            [
              60582.46597277823,
              41174.93995196157
            ],
            [
              60576.46116893515,
              41180.944755804645
            ],
            [
              60570.456365092075,
              41180.944755804645
            ],
            [
              60564.451561249,
              41186.94955964772
            ],
            [
              60552.441953562855,
              41186.94955964772
            ],
            [
              60540.4323458767,
              41198.95916733387
            ],
            [
              60534.42754203363,
              41198.95916733387
            ],
            [
              60528.42273819056,
              41204.96397117694
            ],
            [
              60522.41793434748,
              41204.96397117694
            ],
            [
              60504.403522818255,
              41222.97838270617
            ],
            [
              60498.398718975186,
              41222.97838270617
            ],
            [
              60492.39391513211,
              41228.983186549245
            ],
            [
              60486.389111289034,
              41228.983186549245
            ],
            [
              60474.37950360288,
              41240.99279423539
            ],
            [
              60468.374699759814,
              41240.99279423539
            ],
            [
              60420.33626901521,
              41289.03122497999
            ],
            [
              60420.33626901521,
              41295.03602882306
            ],
            [
              60414.331465172145,
              41301.040832666135
            ],
            [
              60414.331465172145,
              41307.04563650921
            ],
            [
              60408.32666132907,
              41313.05044035229
            ],
            [
              60408.32666132907,
              41325.06004803843
            ],
            [
              60402.32185748599,
              41331.06485188151
            ],
            [
              60402.32185748599,
              41349.07926341073
            ],
            [
              60396.31705364292,
              41355.0840672538
            ],
            [
              60396.31705364292,
              41367.093674939955
            ],
            [
              60390.31224979984,
              41373.09847878303
            ],
            [
              60390.31224979984,
              41379.1032826261
            ],
            [
              60366.293034427545,
              41403.1224979984
            ],
            [
              60366.293034427545,
              41409.12730184147
            ],
            [
              60354.2834267414,
              41421.136909527624
            ],
            [
              60354.2834267414,
              41433.146517213776
            ],
            [
              60348.278622898324,
              41439.151321056845
            ],
            [
              60348.278622898324,
              41451.160928743
            ],
            [
              60342.27381905525,
              41457.16573258607
            ],
            [
              60342.27381905525,
              41469.17534027222
            ],
            [
              60330.264211369096,
              41481.18494795837
            ],
            [
              60330.264211369096,
              41493.19455564452
            ],
            [
              60324.25940752603,
              41499.19935948759
            ],
            [
              60324.25940752603,
              41505.204163330665
            ],
            [
              60318.25460368295,
              41511.20896717374
            ],
            [
              60318.25460368295,
              41523.21857485989
            ],
            [
              60312.249799839876,
              41529.22337870296
            ],
            [
              60312.249799839876,
              41535.22818254604
            ],
            [
              60306.2449959968,
              41541.232986389114
            ],
            [
              60306.2449959968,
              41553.242594075266
            ],
            [
              60300.240192153724,
              41559.247397918334
            ],
            [
              60300.240192153724,
              41577.26180944756
            ],
            [
              60294.235388310655,
              41583.26661329064
            ],
            [
              60294.235388310655,
              41595.27622097678
            ],
            [
              60288.23058446758,
              41601.28102481986
            ],
            [
              60288.23058446758,
              41613.29063250601
            ],
            [
              60282.2257806245,
              41619.29543634908
            ],
            [
              60282.2257806245,
              41631.30504403523
            ],
            [
              60276.22097678143,
              41637.30984787831
            ],
            [
              60276.22097678143,
              41643.31465172138
            ],
            [
              60264.21136909528,
              41655.32425940753
            ],
            [
              60264.21136909528,
              41661.3290632506
            ],
            [
              60252.20176140913,
              41673.338670936755
            ],
            [
              60252.20176140913,
              41685.3482786229
            ],
            [
              60246.196957566055,
              41691.353082465976
            ],
            [
              60252.20176140913,
              41697.35788630905
            ],
            [
              60252.20176140913,
              41709.367493995196
            ],
            [
              60246.196957566055,
              41715.37229783827
            ],
            [
              60246.196957566055,
              41727.381905524424
            ],
            [
              60240.19215372298,
              41733.3867093675
            ],
            [
              60240.19215372298,
              41739.39151321057
            ],
            [
              60228.182546036835,
              41751.40112089672
            ],
            [
              60222.17774219376,
              41751.40112089672
            ],
            [
              60216.17293835068,
              41745.396317053644
            ],
            [
              60216.17293835068,
              41739.39151321057
            ],
            [
              60210.16813450761,
              41733.3867093675
            ],
            [
              60210.16813450761,
              41643.31465172138
            ],
            [
              60216.17293835068,
              41637.30984787831
            ],
            [
              60216.17293835068,
              41625.300240192155
            ],
            [
              60222.17774219376,
              41619.29543634908
            ],
            [
              60222.17774219376,
              41613.29063250601
            ],
            [
              60228.182546036835,
              41607.285828662934
            ],
            [
              60228.182546036835,
              41589.27141713371
            ],
            [
              60222.17774219376,
              41583.26661329064
            ],
            [
              60222.17774219376,
              41571.257005604486
            ],
            [
              60216.17293835068,
              41565.25220176141
            ],
            [
              60216.17293835068,
              41505.204163330665
            ],
            [
              60222.17774219376,
              41499.19935948759
            ],
            [
              60222.17774219376,
              41475.18014411529
            ],
            [
              60228.182546036835,
              41469.17534027222
            ],
            [
              60228.182546036835,
              41397.11769415533
            ],
            [
              60234.18734987991,
              41391.11289031225
            ],
            [
              60234.18734987991,
              41373.09847878303
            ],
            [
              60240.19215372298,
              41367.093674939955
            ],
            [
              60240.19215372298,
              41343.07445956766
            ],
            [
              60246.196957566055,
              41337.06965572458
            ],
            [
              60246.196957566055,
              41216.97357886309
            ],
            [
              60252.20176140913,
              41210.96877502002
            ],
            [
              60252.20176140913,
              41174.93995196157
            ],
            [
              60258.20656525221,
              41168.9351481185
            ],
            [
              60258.20656525221,
              41126.901521216976
            ],
            [
              60264.21136909528,
              41120.8967173739
            ],
            [
              60264.21136909528,
              41060.848678943155
            ],
            [
              60270.21617293835,
              41054.84387510008
            ],
            [
              60270.21617293835,
              41024.81985588471
            ],
            [
              60276.22097678143,
              41018.81505204164
            ],
            [
              60276.22097678143,
              40970.77662129704
            ],
            [
              60282.2257806245,
              40964.77181745396
            ],
            [
              60282.2257806245,
              40946.75740592474
            ],
            [
              60288.23058446758,
              40940.752602081666
            ],
            [
              60288.23058446758,
              40814.65172137711
            ],
            [
              60282.2257806245,
              40808.64691753403
            ],
            [
              60282.2257806245,
              40700.56044835869
            ],
            [
              60276.22097678143,
              40694.55564451562
            ],
            [
              60276.22097678143,
              40562.44995996798
            ],
            [
              60282.2257806245,
              40556.4451561249
            ],
            [
              60282.2257806245,
              40460.36829463571
            ]
          ]
        ]
      }
    },
    {
      "type": "Feature",
      "properties": {
        "class_id": 2,
        "classification": "Fold",
        "area": 36.0576691938018
      },
      "geometry": {
        "type": "Polygon",
        "coordinates": [
          [
            [
              61098.87910328263,
              39967.974379503605
            ],
            [
              61098.87910328263,
              39973.97918334668
            ],
            [
              61104.8839071257,
              39973.97918334668
            ],
            [
              61104.8839071257,
              39967.974379503605
            ],
            [
              61098.87910328263,
              39967.974379503605
            ]
          ]
        ]
      }
    },
    {
      "type": "Feature",
      "properties": {
        "class_id": 2,
        "classification": "Fold",
        "area": 1081.730075814054
      },
      "geometry": {
        "type": "Polygon",
        "coordinates": [
          [
            [
              60234.18734987991,
              39871.89751801441
            ],
            [
              60234.18734987991,
              39901.921537229784
            ],
            [
              60240.19215372298,
              39907.92634107286
            ],
            [
              60240.19215372298,
              39931.94555644516
            ],
            [
              60246.196957566055,
              39937.95036028823
            ],
            [
              60240.19215372298,
              39943.95516413131
            ],
            [
              60240.19215372298,
              39961.96957566053
            ],
            [
              60264.21136909528,
              39961.96957566053
            ],
            [
              60264.21136909528,
              39949.959967974384
            ],
            [
              60258.20656525221,
              39943.95516413131
            ],
            [
              60258.20656525221,
              39937.95036028823
            ],
            [
              60252.20176140913,
              39931.94555644516
            ],
            [
              60252.20176140913,
              39913.931144915936
            ],
            [
              60246.196957566055,
              39907.92634107286
            ],
            [
              60246.196957566055,
              39895.91673338671
            ],
            [
              60240.19215372298,
              39889.91192954364
            ],
            [
              60240.19215372298,
              39883.90712570056
            ],
            [
              60234.18734987991,
              39877.90232185749
            ],
            [
              60234.18734987991,
              39871.89751801441
            ]
          ]
        ]
      }
    },
    {
      "type": "Feature",
      "properties": {
        "class_id": 2,
        "classification": "Fold",
        "area": 9068.503802241154
      },
      "geometry": {
        "type": "Polygon",
        "coordinates": [
          [
            [
              61255.004003202564,
              39817.85428342674
            ],
            [
              61248.99919935949,
              39823.85908726982
            ],
            [
              61242.99439551642,
              39823.85908726982
            ],
            [
              61236.989591673344,
              39829.863891112895
            ],
            [
              61224.97998398719,
              39829.863891112895
            ],
            [
              61218.975180144116,
              39835.86869495597
            ],
            [
              61200.960768614896,
              39835.86869495597
            ],
            [
              61194.95596477182,
              39841.87349879904
            ],
            [
              61188.951160928744,
              39841.87349879904
            ],
            [
              61182.946357085675,
              39847.878302642115
            ],
            [
              61176.9415532426,
              39847.878302642115
            ],
            [
              61164.93194555645,
              39859.88791032827
            ],
            [
              61164.93194555645,
              39865.89271417134
            ],
            [
              61158.92714171337,
              39871.89751801441
            ],
            [
              61158.92714171337,
              39877.90232185749
            ],
            [
              61152.9223378703,
              39883.90712570056
            ],
            [
              61152.9223378703,
              39895.91673338671
            ],
            [
              61146.91753402723,
              39901.921537229784
            ],
            [
              61146.91753402723,
              39943.95516413131
            ],
            [
              61152.9223378703,
              39949.959967974384
            ],
            [
              61152.9223378703,
              39961.96957566053
            ],
            [
              61176.9415532426,
              39961.96957566053
            ],
            [
              61182.946357085675,
              39955.96477181745
            ],
            [
              61182.946357085675,
              39949.959967974384
            ],
            [
              61255.004003202564,
              39877.90232185749
            ],
            [
              61255.004003202564,
              39865.89271417134
            ],
            [
              61248.99919935949,
              39859.88791032827
            ],
            [
              61248.99919935949,
              39847.878302642115
            ],
            [
              61255.004003202564,
              39841.87349879904
            ],
            [
              61255.004003202564,
              39829.863891112895
            ],
            [
              61261.00880704564,
              39823.85908726982
            ],
            [
              61261.00880704564,
              39817.85428342674
            ],
            [
              61255.004003202564,
              39817.85428342674
            ]
          ]
        ]
      }
    },
    {
      "type": "Feature",
      "properties": {
        "class_id": 2,
        "classification": "Fold",
        "area": 3028.8442122793513
      },
      "geometry": {
        "type": "Polygon",
        "coordinates": [
          [
            [
              61933.54683746998,
              39763.811048839074
            ],
            [
              61927.5420336269,
              39769.81585268215
            ],
            [
              61927.5420336269,
              39775.820656525226
            ],
            [
              61921.53722978383,
              39781.825460368294
            ],
            [
              61921.53722978383,
              39787.83026421137
            ],
            [
              61915.53242594076,
              39793.835068054446
            ],
            [
              61915.53242594076,
              39805.8446757406
            ],
            [
              61909.52762209768,
              39811.84947958367
            ],
            [
              61909.52762209768,
              39829.863891112895
            ],
            [
              61903.522818254605,
              39835.86869495597
            ],
            [
              61903.522818254605,
              39841.87349879904
            ],
            [
              61897.51801441153,
              39847.878302642115
            ],
            [
              61897.51801441153,
              39853.88310648519
            ],
            [
              61891.51321056846,
              39859.88791032827
            ],
            [
              61891.51321056846,
              39865.89271417134
            ],
            [
              61885.508406725385,
              39871.89751801441
            ],
            [
              61885.508406725385,
              39877.90232185749
            ],
            [
              61879.50360288231,
              39883.90712570056
            ],
            [
              61879.50360288231,
              39895.91673338671
            ],
            [
              61873.49879903923,
              39901.921537229784
            ],
            [
              61873.49879903923,
              39907.92634107286
            ],
            [
              61867.49399519616,
              39913.931144915936
            ],
            [
              61867.49399519616,
              39919.93594875901
            ],
            [
              61861.48919135309,
              39925.94075260208
            ],
            [
              61861.48919135309,
              39931.94555644516
            ],
            [
              61855.48438751001,
              39937.95036028823
            ],
            [
              61855.48438751001,
              39943.95516413131
            ],
            [
              61843.47477982386,
              39955.96477181745
            ],
            [
              61837.46997598079,
              39955.96477181745
            ],
            [
              61831.465172137716,
              39961.96957566053
            ],
            [
              61885.508406725385,
              39961.96957566053
            ],
            [
              61885.508406725385,
              39913.931144915936
            ],
            [
              61891.51321056846,
              39907.92634107286
            ],
            [
              61891.51321056846,
              39895.91673338671
            ],
            [
              61897.51801441153,
              39889.91192954364
            ],
            [
              61897.51801441153,
              39883.90712570056
            ],
            [
              61903.522818254605,
              39877.90232185749
            ],
            [
              61903.522818254605,
              39865.89271417134
            ],
            [
              61909.52762209768,
              39859.88791032827
            ],
            [
              61909.52762209768,
              39847.878302642115
            ],
            [
              61915.53242594076,
              39841.87349879904
            ],
            [
              61915.53242594076,
              39823.85908726982
            ],
            [
              61921.53722978383,
              39817.85428342674
            ],
            [
              61921.53722978383,
              39781.825460368294
            ],
            [
              61927.5420336269,
              39775.820656525226
            ],
            [
              61927.5420336269,
              39769.81585268215
            ],
            [
              61933.54683746998,
              39763.811048839074
            ]
          ]
        ]
      }
    },
    {
      "type": "Feature",
      "properties": {
        "class_id": 2,
        "classification": "Fold",
        "area": 144.2306767752072
      },
      "geometry": {
        "type": "Polygon",
        "coordinates": [
          [
            [
              60228.182546036835,
              39751.80144115292
            ],
            [
              60228.182546036835,
              39799.83987189752
            ],
            [
              60234.18734987991,
              39805.8446757406
            ],
            [
              60234.18734987991,
              39817.85428342674
            ],
            [
              60234.18734987991,
              39781.825460368294
            ],
            [
              60228.182546036835,
              39775.820656525226
            ],
            [
              60228.182546036835,
              39751.80144115292
            ]
          ]
        ]
      }
    },
    {
      "type": "Feature",
      "properties": {
        "class_id": 2,
        "classification": "Fold",
        "area": 1532.4509407365765
      },
      "geometry": {
        "type": "Polygon",
        "coordinates": [
          [
            [
              61981.58526821458,
              39595.67654123299
            ],
            [
              61981.58526821458,
              39601.68134507606
            ],
            [
              61975.5804643715,
              39607.686148919136
            ],
            [
              61975.5804643715,
              39613.69095276221
            ],
            [
              61969.575660528426,
              39619.69575660529
            ],
            [
              61969.575660528426,
              39625.700560448364
            ],
            [
              61963.57085668535,
              39631.70536429143
            ],
            [
              61963.57085668535,
              39643.714971977584
            ],
            [
              61957.566052842274,
              39649.71977582066
            ],
            [
              61957.566052842274,
              39667.73418734988
            ],
            [
              61951.561248999205,
              39673.73899119296
            ],
            [
              61951.561248999205,
              39691.75340272218
            ],
            [
              61945.55644515613,
              39697.75820656525
            ],
            [
              61945.55644515613,
              39715.77261809448
            ],
            [
              61939.55164131305,
              39721.77742193755
            ],
            [
              61939.55164131305,
              39745.79663730985
            ],
            [
              61939.55164131305,
              39739.79183346678
            ],
            [
              61945.55644515613,
              39733.7870296237
            ],
            [
              61945.55644515613,
              39727.782225780626
            ],
            [
              61951.561248999205,
              39721.77742193755
            ],
            [
              61951.561248999205,
              39709.767814251405
            ],
            [
              61957.566052842274,
              39703.76301040833
            ],
            [
              61957.566052842274,
              39691.75340272218
            ],
            [
              61963.57085668535,
              39685.74859887911
            ],
            [
              61963.57085668535,
              39673.73899119296
            ],
            [
              61969.575660528426,
              39667.73418734988
            ],
            [
              61969.575660528426,
              39655.724579663736
            ],
            [
              61975.5804643715,
              39649.71977582066
            ],
            [
              61975.5804643715,
              39637.71016813451
            ],
            [
              61981.58526821458,
              39631.70536429143
            ],
            [
              61981.58526821458,
              39619.69575660529
            ],
            [
              61987.59007205765,
              39613.69095276221
            ],
            [
              61987.59007205765,
              39595.67654123299
            ],
            [
              61981.58526821458,
              39595.67654123299
            ]
          ]
        ]
      }
    },
    {
      "type": "Feature",
      "properties": {
        "class_id": 2,
        "classification": "Fold",
        "area": 36580.50539711193
      },
      "geometry": {
        "type": "Polygon",
        "coordinates": [
          [
            [
              61297.03763010409,
              39307.44595676541
            ],
            [
              61279.02321857486,
              39325.46036829464
            ],
            [
              61279.02321857486,
              39331.465172137716
            ],
            [
              61273.01841473179,
              39337.469975980785
            ],
            [
              61273.01841473179,
              39343.47477982386
            ],
            [
              61255.004003202564,
              39361.48919135309
            ],
            [
              61255.004003202564,
              39367.49399519616
            ],
            [
              61242.99439551642,
              39379.50360288231
            ],
            [
              61242.99439551642,
              39427.5420336269
            ],
            [
              61248.99919935949,
              39433.54683746998
            ],
            [
              61248.99919935949,
              39445.55644515613
            ],
            [
              61255.004003202564,
              39451.5612489992
            ],
            [
              61255.004003202564,
              39457.566052842274
            ],
            [
              61279.02321857486,
              39481.58526821457
            ],
            [
              61321.056845476385,
              39481.58526821457
            ],
            [
              61327.06164931946,
              39475.5804643715
            ],
            [
              61333.06645316254,
              39475.5804643715
            ],
            [
              61339.071257005606,
              39469.575660528426
            ],
            [
              61345.07606084868,
              39469.575660528426
            ],
            [
              61351.08086469176,
              39463.57085668535
            ],
            [
              61399.11929543635,
              39463.57085668535
            ],
            [
              61411.1289031225,
              39475.5804643715
            ],
            [
              61411.1289031225,
              39481.58526821457
            ],
            [
              61417.13370696558,
              39487.59007205765
            ],
            [
              61417.13370696558,
              39517.61409127302
            ],
            [
              61411.1289031225,
              39523.618895116095
            ],
            [
              61411.1289031225,
              39577.662129703764
            ],
            [
              61423.13851080865,
              39589.671737389916
            ],
            [
              61435.1481184948,
              39589.671737389916
            ],
            [
              61441.152922337875,
              39583.66693354684
            ],
            [
              61447.15772618095,
              39583.66693354684
            ],
            [
              61453.16253002402,
              39577.662129703764
            ],
            [
              61453.16253002402,
              39565.65252201762
            ],
            [
              61459.167333867095,
              39559.64771817454
            ],
            [
              61459.167333867095,
              39547.63811048839
            ],
            [
              61465.17213771017,
              39541.633306645315
            ],
            [
              61465.17213771017,
              39535.62850280225
            ],
            [
              61477.18174539632,
              39523.618895116095
            ],
            [
              61483.18654923939,
              39523.618895116095
            ],
            [
              61483.18654923939,
              39319.455564451564
            ],
            [
              61477.18174539632,
              39319.455564451564
            ],
            [
              61459.167333867095,
              39337.469975980785
            ],
            [
              61459.167333867095,
              39349.47958366694
            ],
            [
              61453.16253002402,
              39355.48438751001
            ],
            [
              61453.16253002402,
              39361.48919135309
            ],
            [
              61441.152922337875,
              39373.49879903923
            ],
            [
              61429.14331465172,
              39373.49879903923
            ],
            [
              61405.12409927943,
              39349.47958366694
            ],
            [
              61399.11929543635,
              39349.47958366694
            ],
            [
              61393.114491593275,
              39343.47477982386
            ],
            [
              61369.09527622098,
              39343.47477982386
            ],
            [
              61363.09047237791,
              39349.47958366694
            ],
            [
              61357.08566853483,
              39349.47958366694
            ],
            [
              61351.08086469176,
              39355.48438751001
            ],
            [
              61345.07606084868,
              39355.48438751001
            ],
            [
              61297.03763010409,
              39307.44595676541
            ]
          ]
        ]
      }
    },
    {
      "type": "Feature",
      "properties": {
        "class_id": 2,
        "classification": "Fold",
        "area": 1658.652782914883
      },
      "geometry": {
        "type": "Polygon",
        "coordinates": [
          [
            [
              61489.19135308247,
              39109.28742994396
            ],
            [
              61489.19135308247,
              39223.37870296237
            ],
            [
              61495.19615692554,
              39223.37870296237
            ],
            [
              61501.20096076862,
              39217.373899119295
            ],
            [
              61501.20096076862,
              39175.34027221778
            ],
            [
              61507.205764611695,
              39169.3354683747
            ],
            [
              61507.205764611695,
              39121.29703763011
            ],
            [
              61495.19615692554,
              39109.28742994396
            ],
            [
              61489.19135308247,
              39109.28742994396
            ]
          ]
        ]
      }
    },
    {
      "type": "Feature",
      "properties": {
        "class_id": 2,
        "classification": "Fold",
        "area": 10979.560269512649
      },
      "geometry": {
        "type": "Polygon",
        "coordinates": [
          [
            [
              61489.19135308247,
              38364.69175340272
            ],
            [
              61489.19135308247,
              38592.87429943955
            ],
            [
              61507.205764611695,
              38592.87429943955
            ],
            [
              61525.220176140916,
              38574.85988791033
            ],
            [
              61525.220176140916,
              38568.855084067254
            ],
            [
              61531.22497998399,
              38562.85028022418
            ],
            [
              61531.22497998399,
              38550.840672538034
            ],
            [
              61537.22978382707,
              38544.83586869496
            ],
            [
              61537.22978382707,
              38538.83106485188
            ],
            [
              61543.23458767014,
              38532.826261008806
            ],
            [
              61543.23458767014,
              38514.811849479585
            ],
            [
              61549.23939151321,
              38508.80704563651
            ],
            [
              61549.23939151321,
              38430.744595676544
            ],
            [
              61543.23458767014,
              38424.73979183347
            ],
            [
              61543.23458767014,
              38412.73018414732
            ],
            [
              61537.22978382707,
              38406.72538030425
            ],
            [
              61537.22978382707,
              38400.72057646117
            ],
            [
              61501.20096076862,
              38364.69175340272
            ],
            [
              61489.19135308247,
              38364.69175340272
            ]
          ]
        ]
      }
    },
    {
      "type": "Feature",
      "properties": {
        "class_id": 2,
        "classification": "Fold",
        "area": 253251.03958266694
      },
      "geometry": {
        "type": "Polygon",
        "coordinates": [
          [
            [
              60618.494795836676,
              38052.441953562855
            ],
            [
              60612.4899919936,
              38058.44675740592
            ],
            [
              60588.4707766213,
              38058.44675740592
            ],
            [
              60582.46597277823,
              38064.451561249
            ],
            [
              60576.46116893515,
              38064.451561249
            ],
            [
              60570.456365092075,
              38070.456365092075
            ],
            [
              60570.456365092075,
              38076.46116893515
            ],
            [
              60540.4323458767,
              38106.485188150524
            ],
            [
              60534.42754203363,
              38106.485188150524
            ],
            [
              60516.41313050441,
              38124.499599679744
            ],
            [
              60516.41313050441,
              38130.50440352282
            ],
            [
              60504.403522818255,
              38142.51401120897
            ],
            [
              60504.403522818255,
              38148.51881505204
            ],
            [
              60498.398718975186,
              38154.52361889512
            ],
            [
              60498.398718975186,
              38166.53322658127
            ],
            [
              60492.39391513211,
              38172.538030424344
            ],
            [
              60492.39391513211,
              38178.54283426741
            ],
            [
              60486.389111289034,
              38184.54763811049
            ],
            [
              60486.389111289034,
              38196.55724579664
            ],
            [
              60480.38430744596,
              38202.56204963972
            ],
            [
              60480.38430744596,
              38208.566853482786
            ],
            [
              60468.374699759814,
              38220.57646116894
            ],
            [
              60468.374699759814,
              38226.58126501201
            ],
            [
              60462.36989591674,
              38232.58606885509
            ],
            [
              60462.36989591674,
              38238.59087269816
            ],
            [
              60456.36509207366,
              38244.595676541234
            ],
            [
              60456.36509207366,
              38250.60048038431
            ],
            [
              60450.360288230586,
              38256.605284227386
            ],
            [
              60450.360288230586,
              38268.61489191353
            ],
            [
              60444.35548438751,
              38274.619695756606
            ],
            [
              60444.35548438751,
              38280.62449959968
            ],
            [
              60438.35068054444,
              38286.62930344276
            ],
            [
              60438.35068054444,
              38298.6389111289
            ],
            [
              60432.345876701365,
              38304.64371497198
            ],
            [
              60432.345876701365,
              38310.648518815055
            ],
            [
              60426.34107285829,
              38316.65332265813
            ],
            [
              60426.34107285829,
              38322.65812650121
            ],
            [
              60420.33626901521,
              38328.662930344275
            ],
            [
              60420.33626901521,
              38334.66773418735
            ],
            [
              60414.331465172145,
              38340.67253803043
            ],
            [
              60414.331465172145,
              38364.69175340272
            ],
            [
              60408.32666132907,
              38370.6965572458
            ],
            [
              60408.32666132907,
              38388.71096877502
            ],
            [
              60402.32185748599,
              38394.715772618096
            ],
            [
              60402.32185748599,
              38412.73018414732
            ],
            [
              60396.31705364292,
              38418.73498799039
            ],
            [
              60396.31705364292,
              38466.77341873499
            ],
            [
              60402.32185748599,
              38472.77822257806
            ],
            [
              60402.32185748599,
              38496.797437950365
            ],
            [
              60408.32666132907,
              38502.80224179343
            ],
            [
              60408.32666132907,
              38508.80704563651
            ],
            [
              60402.32185748599,
              38514.811849479585
            ],
            [
              60402.32185748599,
              38532.826261008806
            ],
            [
              60396.31705364292,
              38538.83106485188
            ],
            [
              60396.31705364292,
              38550.840672538034
            ],
            [
              60390.31224979984,
              38556.84547638111
            ],
            [
              60390.31224979984,
              38574.85988791033
            ],
            [
              60384.30744595677,
              38580.864691753406
            ],
            [
              60384.30744595677,
              38634.907926341075
            ],
            [
              60378.3026421137,
              38640.91273018415
            ],
            [
              60378.3026421137,
              38670.93674939952
            ],
            [
              60372.29783827062,
              38676.9415532426
            ],
            [
              60372.29783827062,
              38718.975180144116
            ],
            [
              60366.293034427545,
              38724.97998398719
            ],
            [
              60366.293034427545,
              38742.99439551641
            ],
            [
              60336.26901521217,
              38773.018414731785
            ],
            [
              60330.264211369096,
              38773.018414731785
            ],
            [
              60330.264211369096,
              38779.02321857486
            ],
            [
              60324.25940752603,
              38785.02802241794
            ],
            [
              60324.25940752603,
              38803.04243394716
            ],
            [
              60330.264211369096,
              38809.04723779023
            ],
            [
              60330.264211369096,
              38815.05204163331
            ],
            [
              60342.27381905525,
              38827.06164931946
            ],
            [
              60342.27381905525,
              38833.06645316253
            ],
            [
              60372.29783827062,
              38863.0904723779
            ],
            [
              60372.29783827062,
              38869.09527622098
            ],
            [
              60378.3026421137,
              38875.100080064054
            ],
            [
              60378.3026421137,
              38929.14331465172
            ],
            [
              60372.29783827062,
              38935.1481184948
            ],
            [
              60372.29783827062,
              38965.17213771017
            ],
            [
              60378.3026421137,
              38971.17694155325
            ],
            [
              60378.3026421137,
              38977.181745396316
            ],
            [
              60396.31705364292,
              38995.19615692554
            ],
            [
              60426.34107285829,
              38995.19615692554
            ],
            [
              60432.345876701365,
              38989.19135308247
            ],
            [
              60456.36509207366,
              38989.19135308247
            ],
            [
              60474.37950360288,
              39007.20576461169
            ],
            [
              60486.389111289034,
              39007.20576461169
            ],
            [
              60498.398718975186,
              39019.21537229784
            ],
            [
              60504.403522818255,
              39019.21537229784
            ],
            [
              60516.41313050441,
              39031.22497998399
            ],
            [
              60528.42273819056,
              39031.22497998399
            ],
            [
              60534.42754203363,
              39037.22978382706
            ],
            [
              60546.43714971978,
              39037.22978382706
            ],
            [
              60558.44675740593,
              39049.23939151321
            ],
            [
              60558.44675740593,
              39043.23458767014
            ],
            [
              60564.451561249,
              39037.22978382706
            ],
            [
              60564.451561249,
              39031.22497998399
            ],
            [
              60576.46116893515,
              39019.21537229784
            ],
            [
              60576.46116893515,
              39013.210568454764
            ],
            [
              60582.46597277823,
              39007.20576461169
            ],
            [
              60582.46597277823,
              38995.19615692554
            ],
            [
              60588.4707766213,
              38989.19135308247
            ],
            [
              60588.4707766213,
              38977.181745396316
            ],
            [
              60594.47558046437,
              38971.17694155325
            ],
            [
              60594.47558046437,
              38899.11929543635
            ],
            [
              60600.48038430745,
              38893.114491593275
            ],
            [
              60600.48038430745,
              38857.08566853483
            ],
            [
              60606.485188150524,
              38851.08086469176
            ],
            [
              60606.485188150524,
              38839.071257005606
            ],
            [
              60600.48038430745,
              38833.06645316253
            ],
            [
              60600.48038430745,
              38797.03763010409
            ],
            [
              60606.485188150524,
              38791.03282626101
            ],
            [
              60606.485188150524,
              38718.975180144116
            ],
            [
              60612.4899919936,
              38712.97037630104
            ],
            [
              60612.4899919936,
              38700.960768614896
            ],
            [
              60618.494795836676,
              38694.95596477182
            ],
            [
              60618.494795836676,
              38688.951160928744
            ],
            [
              60624.499599679744,
              38682.94635708567
            ],
            [
              60624.499599679744,
              38676.9415532426
            ],
            [
              60630.50440352282,
              38670.93674939952
            ],
            [
              60630.50440352282,
              38664.93194555645
            ],
            [
              60636.509207365896,
              38658.92714171337
            ],
            [
              60636.509207365896,
              38646.91753402723
            ],
            [
              60642.51401120897,
              38640.91273018415
            ],
            [
              60642.51401120897,
              38634.907926341075
            ],
            [
              60678.54283426742,
              38598.87910328263
            ],
            [
              60678.54283426742,
              38592.87429943955
            ],
            [
              60690.552441953565,
              38580.864691753406
            ],
            [
              60690.552441953565,
              38574.85988791033
            ],
            [
              60696.55724579664,
              38568.855084067254
            ],
            [
              60696.55724579664,
              38556.84547638111
            ],
            [
              60702.56204963972,
              38550.840672538034
            ],
            [
              60702.56204963972,
              38544.83586869496
            ],
            [
              60708.56685348279,
              38538.83106485188
            ],
            [
              60708.56685348279,
              38520.81665332266
            ],
            [
              60714.57165732586,
              38514.811849479585
            ],
            [
              60714.57165732586,
              38472.77822257806
            ],
            [
              60708.56685348279,
              38466.77341873499
            ],
            [
              60708.56685348279,
              38430.744595676544
            ],
            [
              60714.57165732586,
              38424.73979183347
            ],
            [
              60714.57165732586,
              38412.73018414732
            ],
            [
              60720.57646116894,
              38406.72538030425
            ],
            [
              60720.57646116894,
              38394.715772618096
            ],
            [
              60726.58126501201,
              38388.71096877502
            ],
            [
              60726.58126501201,
              38370.6965572458
            ],
            [
              60732.58606885509,
              38364.69175340272
            ],
            [
              60732.58606885509,
              38346.6773418735
            ],
            [
              60738.590872698165,
              38340.67253803043
            ],
            [
              60738.590872698165,
              38334.66773418735
            ],
            [
              60744.595676541234,
              38328.662930344275
            ],
            [
              60744.595676541234,
              38322.65812650121
            ],
            [
              60750.60048038431,
              38316.65332265813
            ],
            [
              60750.60048038431,
              38304.64371497198
            ],
            [
              60756.605284227386,
              38298.6389111289
            ],
            [
              60756.605284227386,
              38268.61489191353
            ],
            [
              60762.61008807046,
              38262.61008807046
            ],
            [
              60762.61008807046,
              38232.58606885509
            ],
            [
              60756.605284227386,
              38226.58126501201
            ],
            [
              60756.605284227386,
              38184.54763811049
            ],
            [
              60750.60048038431,
              38178.54283426741
            ],
            [
              60750.60048038431,
              38166.53322658127
            ],
            [
              60744.595676541234,
              38160.52842273819
            ],
            [
              60744.595676541234,
              38154.52361889512
            ],
            [
              60738.590872698165,
              38148.51881505204
            ],
            [
              60738.590872698165,
              38142.51401120897
            ],
            [
              60732.58606885509,
              38136.509207365896
            ],
            [
              60732.58606885509,
              38130.50440352282
            ],
            [
              60726.58126501201,
              38124.499599679744
            ],
            [
              60726.58126501201,
              38112.4899919936
            ],
            [
              60720.57646116894,
              38106.485188150524
            ],
            [
              60720.57646116894,
              38094.47558046437
            ],
            [
              60714.57165732586,
              38088.470776621296
            ],
            [
              60714.57165732586,
              38082.46597277823
            ],
            [
              60708.56685348279,
              38076.46116893515
            ],
            [
              60708.56685348279,
              38070.456365092075
            ],
            [
              60702.56204963972,
              38064.451561249
            ],
            [
              60696.55724579664,
              38064.451561249
            ],
            [
              60690.552441953565,
              38058.44675740592
            ],
            [
              60636.509207365896,
              38058.44675740592
            ],
            [
              60630.50440352282,
              38052.441953562855
            ],
            [
              60618.494795836676,
              38052.441953562855
            ]
          ]
        ]
      }
    },
    {
      "type": "Feature",
      "properties": {
        "class_id": 2,
        "classification": "Fold",
        "area": 5661.054063426883
      },
      "geometry": {
        "type": "Polygon",
        "coordinates": [
          [
            [
              60678.54283426742,
              37866.293034427545
            ],
            [
              60672.538030424344,
              37872.29783827062
            ],
            [
              60672.538030424344,
              37878.3026421137
            ],
            [
              60666.53322658127,
              37884.307445956765
            ],
            [
              60666.53322658127,
              37890.31224979984
            ],
            [
              60660.52842273819,
              37896.31705364292
            ],
            [
              60660.52842273819,
              37914.33146517214
            ],
            [
              60654.52361889512,
              37920.33626901521
            ],
            [
              60654.52361889512,
              37962.36989591674
            ],
            [
              60660.52842273819,
              37968.37469975981
            ],
            [
              60660.52842273819,
              37980.38430744596
            ],
            [
              60666.53322658127,
              37986.389111289034
            ],
            [
              60690.552441953565,
              37986.389111289034
            ],
            [
              60696.55724579664,
              37980.38430744596
            ],
            [
              60696.55724579664,
              37974.37950360288
            ],
            [
              60702.56204963972,
              37968.37469975981
            ],
            [
              60702.56204963972,
              37962.36989591674
            ],
            [
              60708.56685348279,
              37956.36509207366
            ],
            [
              60708.56685348279,
              37950.360288230586
            ],
            [
              60714.57165732586,
              37944.35548438751
            ],
            [
              60714.57165732586,
              37926.34107285829
            ],
            [
              60720.57646116894,
              37920.33626901521
            ],
            [
              60714.57165732586,
              37914.33146517214
            ],
            [
              60714.57165732586,
              37896.31705364292
            ],
            [
              60708.56685348279,
              37890.31224979984
            ],
            [
              60708.56685348279,
              37884.307445956765
            ],
            [
              60696.55724579664,
              37872.29783827062
            ],
            [
              60690.552441953565,
              37872.29783827062
            ],
            [
              60684.54763811049,
              37866.293034427545
            ],
            [
              60678.54283426742,
              37866.293034427545
            ]
          ]
        ]
      }
    },
    {
      "type": "Feature",
      "properties": {
        "class_id": 2,
        "classification": "Fold",
        "area": 1712.7392867055855
      },
      "geometry": {
        "type": "Polygon",
        "coordinates": [
          [
            [
              46098.87910328263,
              37848.278622898324
            ],
            [
              46092.87429943955,
              37854.28342674139
            ],
            [
              46092.87429943955,
              37866.293034427545
            ],
            [
              46086.86949559648,
              37872.29783827062
            ],
            [
              46086.86949559648,
              37884.307445956765
            ],
            [
              46080.864691753406,
              37890.31224979984
            ],
            [
              46080.864691753406,
              37902.32185748599
            ],
            [
              46104.8839071257,
              37902.32185748599
            ],
            [
              46110.88871096878,
              37908.32666132907
            ],
            [
              46116.893514811854,
              37902.32185748599
            ],
            [
              46134.907926341075,
              37902.32185748599
            ],
            [
              46134.907926341075,
              37890.31224979984
            ],
            [
              46128.903122498,
              37884.307445956765
            ],
            [
              46116.893514811854,
              37884.307445956765
            ],
            [
              46110.88871096878,
              37878.3026421137
            ],
            [
              46110.88871096878,
              37848.278622898324
            ],
            [
              46098.87910328263,
              37848.278622898324
            ]
          ]
        ]
      }
    },
    {
      "type": "Feature",
      "properties": {
        "class_id": 2,
        "classification": "Fold",
        "area": 180.28834596900901
      },
      "geometry": {
        "type": "Polygon",
        "coordinates": [
          [
            [
              46158.92714171337,
              37776.22097678143
            ],
            [
              46146.91753402723,
              37788.23058446758
            ],
            [
              46164.93194555645,
              37788.23058446758
            ],
            [
              46170.93674939952,
              37782.2257806245
            ],
            [
              46164.93194555645,
              37776.22097678143
            ],
            [
              46158.92714171337,
              37776.22097678143
            ]
          ]
        ]
      }
    },
    {
      "type": "Feature",
      "properties": {
        "class_id": 2,
        "classification": "Fold",
        "area": 8076.917899411603
      },
      "geometry": {
        "type": "Polygon",
        "coordinates": [
          [
            [
              61435.1481184948,
              37560.048038430745
            ],
            [
              61429.14331465172,
              37566.05284227382
            ],
            [
              61429.14331465172,
              37572.0576461169
            ],
            [
              61375.100080064054,
              37626.100880704565
            ],
            [
              61375.100080064054,
              37632.10568454764
            ],
            [
              61369.09527622098,
              37638.11048839072
            ],
            [
              61369.09527622098,
              37644.115292233786
            ],
            [
              61363.09047237791,
              37650.12009607686
            ],
            [
              61363.09047237791,
              37656.12489991994
            ],
            [
              61351.08086469176,
              37668.13450760609
            ],
            [
              61351.08086469176,
              37674.13931144916
            ],
            [
              61345.07606084868,
              37680.144115292234
            ],
            [
              61357.08566853483,
              37680.144115292234
            ],
            [
              61363.09047237791,
              37674.13931144916
            ],
            [
              61375.100080064054,
              37674.13931144916
            ],
            [
              61381.10488390713,
              37668.13450760609
            ],
            [
              61387.109687750206,
              37668.13450760609
            ],
            [
              61393.114491593275,
              37662.129703763014
            ],
            [
              61399.11929543635,
              37662.129703763014
            ],
            [
              61405.12409927943,
              37656.12489991994
            ],
            [
              61411.1289031225,
              37656.12489991994
            ],
            [
              61417.13370696558,
              37650.12009607686
            ],
            [
              61459.167333867095,
              37650.12009607686
            ],
            [
              61465.17213771017,
              37656.12489991994
            ],
            [
              61483.18654923939,
              37656.12489991994
            ],
            [
              61483.18654923939,
              37590.07205764612
            ],
            [
              61477.18174539632,
              37590.07205764612
            ],
            [
              61471.17694155325,
              37584.06725380304
            ],
            [
              61465.17213771017,
              37584.06725380304
            ],
            [
              61441.152922337875,
              37560.048038430745
            ],
            [
              61435.1481184948,
              37560.048038430745
            ]
          ]
        ]
      }
    },
    {
      "type": "Feature",
      "properties": {
        "class_id": 2,
        "classification": "Fold",
        "area": 414.6631957287207
      },
      "geometry": {
        "type": "Polygon",
        "coordinates": [
          [
            [
              61477.18174539632,
              37469.97598078463
            ],
            [
              61465.17213771017,
              37481.98558847078
            ],
            [
              61465.17213771017,
              37500.0
            ],
            [
              61471.17694155325,
              37500.0
            ],
            [
              61477.18174539632,
              37493.995196156924
            ],
            [
              61483.18654923939,
              37493.995196156924
            ],
            [
              61483.18654923939,
              37469.97598078463
            ],
            [
              61477.18174539632,
              37469.97598078463
            ]
          ]
        ]
      }
    },
    {
      "type": "Feature",
      "properties": {
        "class_id": 2,
        "classification": "Fold",
        "area": 342.5478573411171
      },
      "geometry": {
        "type": "Polygon",
        "coordinates": [
          [
            [
              30186.14891913531,
              37217.774219375504
            ],
            [
              30180.144115292234,
              37223.77902321858
            ],
            [
              30180.144115292234,
              37229.78382706165
            ],
            [
              30186.14891913531,
              37235.788630904724
            ],
            [
              30192.153722978386,
              37235.788630904724
            ],
            [
              30198.15852682146,
              37229.78382706165
            ],
            [
              30204.163330664534,
              37229.78382706165
            ],
            [
              30204.163330664534,
              37217.774219375504
            ],
            [
              30186.14891913531,
              37217.774219375504
            ]
          ]
        ]
      }
    },
    {
      "type": "Feature",
      "properties": {
        "class_id": 2,
        "classification": "Fold",
        "area": 3623.795753977081
      },
      "geometry": {
        "type": "Polygon",
        "coordinates": [
          [
            [
              29063.250600480387,
              37211.76941553243
            ],
            [
              29057.24579663731,
              37217.774219375504
            ],
            [
              29051.240992794235,
              37217.774219375504
            ],
            [
              29039.231385108087,
              37229.78382706165
            ],
            [
              29039.231385108087,
              37235.788630904724
            ],
            [
              29033.226581265015,
              37241.7934347478
            ],
            [
              29033.226581265015,
              37247.798238590876
            ],
            [
              29027.22177742194,
              37253.80304243395
            ],
            [
              29027.22177742194,
              37265.8126501201
            ],
            [
              29021.216973578863,
              37271.81745396317
            ],
            [
              29021.216973578863,
              37289.83186549239
            ],
            [
              29033.226581265015,
              37301.841473178545
            ],
            [
              29045.236188951163,
              37301.841473178545
            ],
            [
              29057.24579663731,
              37289.83186549239
            ],
            [
              29063.250600480387,
              37289.83186549239
            ],
            [
              29069.25540432346,
              37283.827061649325
            ],
            [
              29069.25540432346,
              37277.82225780625
            ],
            [
              29075.260208166535,
              37271.81745396317
            ],
            [
              29075.260208166535,
              37259.80784627702
            ],
            [
              29081.265012009608,
              37253.80304243395
            ],
            [
              29081.265012009608,
              37229.78382706165
            ],
            [
              29075.260208166535,
              37223.77902321858
            ],
            [
              29075.260208166535,
              37217.774219375504
            ],
            [
              29069.25540432346,
              37211.76941553243
            ],
            [
              29063.250600480387,
              37211.76941553243
            ]
          ]
        ]
      }
    },
    {
      "type": "Feature",
      "properties": {
        "class_id": 2,
        "classification": "Fold",
        "area": 126.2018421783063
      },
      "geometry": {
        "type": "Polygon",
        "coordinates": [
          [
            [
              63398.71897518015,
              37001.60128102482
            ],
            [
              63404.723779023225,
              37007.6060848679
            ],
            [
              63410.72858286629,
              37007.6060848679
            ],
            [
              63416.73338670937,
              37013.61088871097
            ],
            [
              63422.738190552445,
              37013.61088871097
            ],
            [
              63416.73338670937,
              37007.6060848679
            ],
            [
              63416.73338670937,
              37001.60128102482
            ],
            [
              63398.71897518015,
              37001.60128102482
            ]
          ]
        ]
      }
    },
    {
      "type": "Feature",
      "properties": {
        "class_id": 2,
        "classification": "Fold",
        "area": 432.6920303256216
      },
      "geometry": {
        "type": "Polygon",
        "coordinates": [
          [
            [
              46735.38831064852,
              36863.49079263411
            ],
            [
              46729.38350680545,
              36869.49559647719
            ],
            [
              46723.37870296237,
              36869.49559647719
            ],
            [
              46723.37870296237,
              36875.500400320256
            ],
            [
              46717.373899119295,
              36881.50520416333
            ],
            [
              46723.37870296237,
              36887.51000800641
            ],
            [
              46741.3931144916,
              36887.51000800641
            ],
            [
              46747.39791833467,
              36881.50520416333
            ],
            [
              46741.3931144916,
              36875.500400320256
            ],
            [
              46741.3931144916,
              36869.49559647719
            ],
            [
              46735.38831064852,
              36863.49079263411
            ]
          ]
        ]
      }
    },
    {
      "type": "Feature",
      "properties": {
        "class_id": 2,
        "classification": "Fold",
        "area": 22229.55305797881
      },
      "geometry": {
        "type": "Polygon",
        "coordinates": [
          [
            [
              46747.39791833467,
              36455.16413130505
            ],
            [
              46741.3931144916,
              36461.16893514812
            ],
            [
              46741.3931144916,
              36467.173738991194
            ],
            [
              46735.38831064852,
              36473.17854283427
            ],
            [
              46735.38831064852,
              36479.183346677346
            ],
            [
              46729.38350680545,
              36485.18815052042
            ],
            [
              46729.38350680545,
              36497.19775820657
            ],
            [
              46723.37870296237,
              36503.20256204964
            ],
            [
              46723.37870296237,
              36533.226581265015
            ],
            [
              46717.373899119295,
              36539.23138510809
            ],
            [
              46717.373899119295,
              36659.32746196958
            ],
            [
              46711.369095276226,
              36665.33226581265
            ],
            [
              46711.369095276226,
              36677.3418734988
            ],
            [
              46705.36429143315,
              36683.34667734188
            ],
            [
              46705.36429143315,
              36701.3610888711
            ],
            [
              46699.359487590074,
              36707.36589271417
            ],
            [
              46699.359487590074,
              36713.37069655725
            ],
            [
              46669.3354683747,
              36743.39471577262
            ],
            [
              46669.3354683747,
              36749.3995196157
            ],
            [
              46663.330664531626,
              36755.404323458766
            ],
            [
              46663.330664531626,
              36779.42353883107
            ],
            [
              46657.32586068855,
              36785.42834267414
            ],
            [
              46657.32586068855,
              36797.43795036029
            ],
            [
              46651.32105684548,
              36803.442754203366
            ],
            [
              46651.32105684548,
              36809.44755804644
            ],
            [
              46645.316253002406,
              36815.45236188951
            ],
            [
              46645.316253002406,
              36821.45716573259
            ],
            [
              46639.31144915933,
              36827.46196957566
            ],
            [
              46639.31144915933,
              36839.471577261815
            ],
            [
              46633.306645316254,
              36845.47638110488
            ],
            [
              46633.306645316254,
              36863.49079263411
            ],
            [
              46627.30184147318,
              36869.49559647719
            ],
            [
              46627.30184147318,
              36887.51000800641
            ],
            [
              46675.34027221778,
              36887.51000800641
            ],
            [
              46681.345076060854,
              36881.50520416333
            ],
            [
              46675.34027221778,
              36875.500400320256
            ],
            [
              46675.34027221778,
              36863.49079263411
            ],
            [
              46681.345076060854,
              36857.485988791035
            ],
            [
              46681.345076060854,
              36851.48118494796
            ],
            [
              46699.359487590074,
              36833.46677341874
            ],
            [
              46705.36429143315,
              36833.46677341874
            ],
            [
              46711.369095276226,
              36827.46196957566
            ],
            [
              46723.37870296237,
              36827.46196957566
            ],
            [
              46729.38350680545,
              36833.46677341874
            ],
            [
              46741.3931144916,
              36833.46677341874
            ],
            [
              46747.39791833467,
              36827.46196957566
            ],
            [
              46747.39791833467,
              36785.42834267414
            ],
            [
              46741.3931144916,
              36779.42353883107
            ],
            [
              46741.3931144916,
              36725.380304243394
            ],
            [
              46735.38831064852,
              36719.375500400325
            ],
            [
              46735.38831064852,
              36665.33226581265
            ],
            [
              46753.40272217774,
              36647.31785428343
            ],
            [
              46753.40272217774,
              36641.31305044035
            ],
            [
              46759.40752602082,
              36635.30824659728
            ],
            [
              46759.40752602082,
              36629.30344275421
            ],
            [
              46765.412329863895,
              36623.29863891113
            ],
            [
              46765.412329863895,
              36563.25060048039
            ],
            [
              46771.41713370697,
              36557.24579663731
            ],
            [
              46771.41713370697,
              36497.19775820657
            ],
            [
              46765.412329863895,
              36491.19295436349
            ],
            [
              46765.412329863895,
              36485.18815052042
            ],
            [
              46759.40752602082,
              36479.183346677346
            ],
            [
              46759.40752602082,
              36473.17854283427
            ],
            [
              46747.39791833467,
              36461.16893514812
            ],
            [
              46747.39791833467,
              36455.16413130505
            ]
          ]
        ]
      }
    },
    {
      "type": "Feature",
      "properties": {
        "class_id": 2,
        "classification": "Fold",
        "area": 109597.28551456057
      },
      "geometry": {
        "type": "Polygon",
        "coordinates": [
          [
            [
              61200.960768614896,
              36016.81345076061
            ],
            [
              61200.960768614896,
              36022.818254603684
            ],
            [
              61182.946357085675,
              36040.83266613291
            ],
            [
              61182.946357085675,
              36046.83746997598
            ],
            [
              61170.93674939952,
              36058.84707766213
            ],
            [
              61170.93674939952,
              36064.85188150521
            ],
            [
              61134.907926341075,
              36100.88070456365
            ],
            [
              61134.907926341075,
              36106.885508406725
            ],
            [
              61128.903122498,
              36112.8903122498
            ],
            [
              61128.903122498,
              36118.89511609288
            ],
            [
              61122.89831865493,
              36124.89991993595
            ],
            [
              61122.89831865493,
              36172.938350680546
            ],
            [
              61116.893514811854,
              36178.94315452362
            ],
            [
              61116.893514811854,
              36184.9479583667
            ],
            [
              61080.864691753406,
              36220.97678142514
            ],
            [
              61080.864691753406,
              36232.98638911129
            ],
            [
              61074.85988791033,
              36238.99119295437
            ],
            [
              61074.85988791033,
              36293.034427542036
            ],
            [
              61068.855084067254,
              36299.03923138511
            ],
            [
              61068.855084067254,
              36341.07285828663
            ],
            [
              61074.85988791033,
              36347.077662129705
            ],
            [
              61074.85988791033,
              36365.09207365893
            ],
            [
              61080.864691753406,
              36371.096877502
            ],
            [
              61080.864691753406,
              36377.10168134508
            ],
            [
              61086.86949559648,
              36383.10648518815
            ],
            [
              61086.86949559648,
              36389.11128903123
            ],
            [
              61110.88871096878,
              36413.130504403525
            ],
            [
              61110.88871096878,
              36419.1353082466
            ],
            [
              61116.893514811854,
              36425.14011208968
            ],
            [
              61116.893514811854,
              36437.14971977582
            ],
            [
              61122.89831865493,
              36443.1545236189
            ],
            [
              61122.89831865493,
              36449.15932746197
            ],
            [
              61152.9223378703,
              36479.183346677346
            ],
            [
              61152.9223378703,
              36485.18815052042
            ],
            [
              61158.92714171337,
              36491.19295436349
            ],
            [
              61164.93194555645,
              36491.19295436349
            ],
            [
              61176.9415532426,
              36503.20256204964
            ],
            [
              61182.946357085675,
              36503.20256204964
            ],
            [
              61194.95596477182,
              36515.212169735794
            ],
            [
              61200.960768614896,
              36515.212169735794
            ],
            [
              61206.96557245797,
              36521.21697357886
            ],
            [
              61218.975180144116,
              36521.21697357886
            ],
            [
              61224.97998398719,
              36527.22177742194
            ],
            [
              61267.013610888716,
              36527.22177742194
            ],
            [
              61273.01841473179,
              36533.226581265015
            ],
            [
              61315.05204163331,
              36533.226581265015
            ],
            [
              61321.056845476385,
              36527.22177742194
            ],
            [
              61327.06164931946,
              36527.22177742194
            ],
            [
              61333.06645316254,
              36521.21697357886
            ],
            [
              61339.071257005606,
              36521.21697357886
            ],
            [
              61345.07606084868,
              36515.212169735794
            ],
            [
              61357.08566853483,
              36515.212169735794
            ],
            [
              61363.09047237791,
              36509.20736589272
            ],
            [
              61381.10488390713,
              36509.20736589272
            ],
            [
              61393.114491593275,
              36497.19775820657
            ],
            [
              61399.11929543635,
              36497.19775820657
            ],
            [
              61411.1289031225,
              36485.18815052042
            ],
            [
              61411.1289031225,
              36479.183346677346
            ],
            [
              61429.14331465172,
              36461.16893514812
            ],
            [
              61429.14331465172,
              36455.16413130505
            ],
            [
              61465.17213771017,
              36419.1353082466
            ],
            [
              61471.17694155325,
              36419.1353082466
            ],
            [
              61477.18174539632,
              36413.130504403525
            ],
            [
              61483.18654923939,
              36413.130504403525
            ],
            [
              61483.18654923939,
              36365.09207365893
            ],
            [
              61477.18174539632,
              36365.09207365893
            ],
            [
              61471.17694155325,
              36359.08726981586
            ],
            [
              61465.17213771017,
              36359.08726981586
            ],
            [
              61459.167333867095,
              36353.08246597278
            ],
            [
              61453.16253002402,
              36353.08246597278
            ],
            [
              61447.15772618095,
              36347.077662129705
            ],
            [
              61411.1289031225,
              36347.077662129705
            ],
            [
              61405.12409927943,
              36353.08246597278
            ],
            [
              61381.10488390713,
              36353.08246597278
            ],
            [
              61375.100080064054,
              36347.077662129705
            ],
            [
              61363.09047237791,
              36347.077662129705
            ],
            [
              61357.08566853483,
              36341.07285828663
            ],
            [
              61351.08086469176,
              36341.07285828663
            ],
            [
              61345.07606084868,
              36335.06805444356
            ],
            [
              61333.06645316254,
              36335.06805444356
            ],
            [
              61291.03282626101,
              36293.034427542036
            ],
            [
              61291.03282626101,
              36287.02962369896
            ],
            [
              61279.02321857486,
              36275.020016012815
            ],
            [
              61279.02321857486,
              36269.01521216974
            ],
            [
              61273.01841473179,
              36263.01040832666
            ],
            [
              61273.01841473179,
              36251.00080064051
            ],
            [
              61267.013610888716,
              36244.99599679744
            ],
            [
              61267.013610888716,
              36226.981585268215
            ],
            [
              61261.00880704564,
              36220.97678142514
            ],
            [
              61261.00880704564,
              36172.938350680546
            ],
            [
              61267.013610888716,
              36166.93354683747
            ],
            [
              61267.013610888716,
              36154.923939151326
            ],
            [
              61273.01841473179,
              36148.91913530825
            ],
            [
              61273.01841473179,
              36136.9095276221
            ],
            [
              61279.02321857486,
              36130.90472377902
            ],
            [
              61279.02321857486,
              36094.87590072058
            ],
            [
              61273.01841473179,
              36088.871096877505
            ],
            [
              61273.01841473179,
              36082.86629303443
            ],
            [
              61267.013610888716,
              36076.86148919135
            ],
            [
              61267.013610888716,
              36064.85188150521
            ],
            [
              61261.00880704564,
              36058.84707766213
            ],
            [
              61261.00880704564,
              36052.84227381906
            ],
            [
              61255.004003202564,
              36046.83746997598
            ],
            [
              61255.004003202564,
              36040.83266613291
            ],
            [
              61248.99919935949,
              36034.827862289836
            ],
            [
              61248.99919935949,
              36028.82305844676
            ],
            [
              61242.99439551642,
              36028.82305844676
            ],
            [
              61236.989591673344,
              36022.818254603684
            ],
            [
              61206.96557245797,
              36022.818254603684
            ],
            [
              61200.960768614896,
              36016.81345076061
            ]
          ]
        ]
      }
    },
    {
      "type": "Feature",
      "properties": {
        "class_id": 2,
        "classification": "Fold",
        "area": 54.0865037907027
      },
      "geometry": {
        "type": "Polygon",
        "coordinates": [
          [
            [
              49185.3482786229,
              35026.02081665333
            ],
            [
              49179.343474779824,
              35032.0256204964
            ],
            [
              49179.343474779824,
              35038.03042433947
            ],
            [
              49185.3482786229,
              35038.03042433947
            ],
            [
              49185.3482786229,
              35026.02081665333
            ]
          ]
        ]
      }
    },
    {
      "type": "Feature",
      "properties": {
        "class_id": 2,
        "classification": "Fold",
        "area": 1009.6147374264503
      },
      "geometry": {
        "type": "Polygon",
        "coordinates": [
          [
            [
              70046.03682946357,
              33819.055244195355
            ],
            [
              70052.04163330665,
              33825.06004803843
            ],
            [
              70052.04163330665,
              33837.06965572458
            ],
            [
              70058.04643714972,
              33843.07445956766
            ],
            [
              70058.04643714972,
              33867.093674939955
            ],
            [
              70058.04643714972,
              33861.08887109688
            ],
            [
              70094.07526020818,
              33825.06004803843
            ],
            [
              70094.07526020818,
              33819.055244195355
            ],
            [
              70046.03682946357,
              33819.055244195355
            ]
          ]
        ]
      }
    },
    {
      "type": "Feature",
      "properties": {
        "class_id": 2,
        "classification": "Fold",
        "area": 2776.4405279227385
      },
      "geometry": {
        "type": "Polygon",
        "coordinates": [
          [
            [
              69793.83506805445,
              33819.055244195355
            ],
            [
              69793.83506805445,
              33825.06004803843
            ],
            [
              69799.83987189752,
              33831.06485188151
            ],
            [
              69799.83987189752,
              33849.07926341073
            ],
            [
              69805.84467574059,
              33855.0840672538
            ],
            [
              69805.84467574059,
              33861.08887109688
            ],
            [
              69811.84947958367,
              33867.093674939955
            ],
            [
              69811.84947958367,
              33873.09847878303
            ],
            [
              69817.85428342674,
              33879.1032826261
            ],
            [
              69817.85428342674,
              33885.108086469176
            ],
            [
              69829.8638911129,
              33897.11769415533
            ],
            [
              69835.86869495596,
              33891.11289031225
            ],
            [
              69835.86869495596,
              33873.09847878303
            ],
            [
              69841.87349879905,
              33867.093674939955
            ],
            [
              69841.87349879905,
              33855.0840672538
            ],
            [
              69847.87830264212,
              33849.07926341073
            ],
            [
              69847.87830264212,
              33837.06965572458
            ],
            [
              69853.8831064852,
              33831.06485188151
            ],
            [
              69853.8831064852,
              33819.055244195355
            ],
            [
              69793.83506805445,
              33819.055244195355
            ]
          ]
        ]
      }
    },
    {
      "type": "Feature",
      "properties": {
        "class_id": 2,
        "classification": "Fold",
        "area": 144.2306767752072
      },
      "geometry": {
        "type": "Polygon",
        "coordinates": [
          [
            [
              41985.58847077662,
              30144.11529223379
            ],
            [
              41979.58366693355,
              30150.120096076862
            ],
            [
              41979.58366693355,
              30156.124899919938
            ],
            [
              41985.58847077662,
              30162.129703763014
            ],
            [
              41985.58847077662,
              30168.134507606086
            ],
            [
              41991.5932746197,
              30162.129703763014
            ],
            [
              41991.5932746197,
              30156.124899919938
            ],
            [
              41985.58847077662,
              30150.120096076862
            ],
            [
              41985.58847077662,
              30144.11529223379
            ]
          ]
        ]
      }
    },
    {
      "type": "Feature",
      "properties": {
        "class_id": 2,
        "classification": "Fold",
        "area": 14765.615534861838
      },
      "geometry": {
        "type": "Polygon",
        "coordinates": [
          [
            [
              7506.004803843075,
              28726.981585268215
            ],
            [
              7500.0,
              28732.98638911129
            ],
            [
              7487.990392313852,
              28732.98638911129
            ],
            [
              7475.980784627703,
              28744.99599679744
            ],
            [
              7469.9759807846285,
              28744.99599679744
            ],
            [
              7463.9711769415535,
              28751.000800640515
            ],
            [
              7457.966373098479,
              28751.000800640515
            ],
            [
              7451.961569255404,
              28757.005604483587
            ],
            [
              7445.95676541233,
              28757.005604483587
            ],
            [
              7439.951961569256,
              28763.010408326663
            ],
            [
              7433.947157726181,
              28763.010408326663
            ],
            [
              7427.942353883107,
              28769.01521216974
            ],
            [
              7421.937550040033,
              28769.01521216974
            ],
            [
              7409.927942353884,
              28781.024819855887
            ],
            [
              7409.927942353884,
              28799.039231385108
            ],
            [
              7421.937550040033,
              28811.04883907126
            ],
            [
              7427.942353883107,
              28811.04883907126
            ],
            [
              7445.95676541233,
              28829.06325060048
            ],
            [
              7451.961569255404,
              28829.06325060048
            ],
            [
              7457.966373098479,
              28835.068054443556
            ],
            [
              7475.980784627703,
              28835.068054443556
            ],
            [
              7481.985588470777,
              28841.072858286632
            ],
            [
              7512.009607686149,
              28841.072858286632
            ],
            [
              7518.014411529224,
              28847.077662129705
            ],
            [
              7536.028823058447,
              28847.077662129705
            ],
            [
              7542.0336269015215,
              28841.072858286632
            ],
            [
              7554.043234587671,
              28841.072858286632
            ],
            [
              7560.048038430745,
              28835.068054443556
            ],
            [
              7566.05284227382,
              28835.068054443556
            ],
            [
              7578.062449959968,
              28823.058446757408
            ],
            [
              7578.062449959968,
              28817.053642914332
            ],
            [
              7584.067253803043,
              28811.04883907126
            ],
            [
              7584.067253803043,
              28781.024819855887
            ],
            [
              7578.062449959968,
              28775.02001601281
            ],
            [
              7578.062449959968,
              28769.01521216974
            ],
            [
              7566.05284227382,
              28757.005604483587
            ],
            [
              7566.05284227382,
              28751.000800640515
            ],
            [
              7560.048038430745,
              28744.99599679744
            ],
            [
              7554.043234587671,
              28744.99599679744
            ],
            [
              7542.0336269015215,
              28732.98638911129
            ],
            [
              7530.024019215372,
              28732.98638911129
            ],
            [
              7524.019215372298,
              28726.981585268215
            ],
            [
              7506.004803843075,
              28726.981585268215
            ]
          ]
        ]
      }
    },
    {
      "type": "Feature",
      "properties": {
        "class_id": 2,
        "classification": "Fold",
        "area": 2938.7000392948466
      },
      "geometry": {
        "type": "Polygon",
        "coordinates": [
          [
            [
              6809.447558046438,
              25778.622898318656
            ],
            [
              6791.4331465172145,
              25796.63730984788
            ],
            [
              6791.4331465172145,
              25802.642113690956
            ],
            [
              6785.4283426741395,
              25808.646917534028
            ],
            [
              6785.4283426741395,
              25820.656525220176
            ],
            [
              6797.437950360289,
              25832.666132906328
            ],
            [
              6833.466773418735,
              25832.666132906328
            ],
            [
              6851.481184947958,
              25814.651721377104
            ],
            [
              6851.481184947958,
              25790.632506004804
            ],
            [
              6839.47157726181,
              25778.622898318656
            ],
            [
              6809.447558046438,
              25778.622898318656
            ]
          ]
        ]
      }
    },
    {
      "type": "Feature",
      "properties": {
        "class_id": 2,
        "classification": "Fold",
        "area": 2506.008008969225
      },
      "geometry": {
        "type": "Polygon",
        "coordinates": [
          [
            [
              31837.469975980788,
              24595.676541232988
            ],
            [
              31837.469975980788,
              24601.681345076064
            ],
            [
              31849.479583666936,
              24613.690952762212
            ],
            [
              31861.489191353085,
              24613.690952762212
            ],
            [
              31867.49399519616,
              24619.695756605284
            ],
            [
              31891.513210568457,
              24619.695756605284
            ],
            [
              31897.51801441153,
              24625.70056044836
            ],
            [
              31927.5420336269,
              24625.70056044836
            ],
            [
              31945.556445156126,
              24607.686148919136
            ],
            [
              31945.556445156126,
              24595.676541232988
            ],
            [
              31837.469975980788,
              24595.676541232988
            ]
          ]
        ]
      }
    },
    {
      "type": "Feature",
      "properties": {
        "class_id": 2,
        "classification": "Fold",
        "area": 3082.930716070054
      },
      "geometry": {
        "type": "Polygon",
        "coordinates": [
          [
            [
              30744.595676541234,
              24595.676541232988
            ],
            [
              30744.595676541234,
              24667.73418734988
            ],
            [
              30768.614891913534,
              24667.73418734988
            ],
            [
              30786.629303442754,
              24649.719775820657
            ],
            [
              30786.629303442754,
              24631.705364291436
            ],
            [
              30792.63410728583,
              24625.70056044836
            ],
            [
              30792.63410728583,
              24601.681345076064
            ],
            [
              30798.638911128906,
              24595.676541232988
            ],
            [
              30744.595676541234,
              24595.676541232988
            ]
          ]
        ]
      }
    },
    {
      "type": "Feature",
      "properties": {
        "class_id": 2,
        "classification": "Fold",
        "area": 71989.1365454253
      },
      "geometry": {
        "type": "Polygon",
        "coordinates": [
          [
            [
              60306.2449959968,
              24511.609287429947
            ],
            [
              60306.2449959968,
              24523.618895116095
            ],
            [
              60300.240192153724,
              24529.623698959167
            ],
            [
              60300.240192153724,
              24535.628502802243
            ],
            [
              60288.23058446758,
              24547.63811048839
            ],
            [
              60288.23058446758,
              24553.642914331467
            ],
            [
              60276.22097678143,
              24565.652522017615
            ],
            [
              60276.22097678143,
              24571.65732586069
            ],
            [
              60270.21617293835,
              24577.662129703764
            ],
            [
              60270.21617293835,
              24589.671737389912
            ],
            [
              60318.25460368295,
              24589.671737389912
            ],
            [
              60330.264211369096,
              24601.681345076064
            ],
            [
              60330.264211369096,
              24607.686148919136
            ],
            [
              60348.278622898324,
              24625.70056044836
            ],
            [
              60354.2834267414,
              24625.70056044836
            ],
            [
              60372.29783827062,
              24643.714971977584
            ],
            [
              60378.3026421137,
              24643.714971977584
            ],
            [
              60438.35068054444,
              24703.76301040833
            ],
            [
              60444.35548438751,
              24703.76301040833
            ],
            [
              60450.360288230586,
              24709.7678142514
            ],
            [
              60462.36989591674,
              24709.7678142514
            ],
            [
              60468.374699759814,
              24715.772618094477
            ],
            [
              60474.37950360288,
              24715.772618094477
            ],
            [
              60480.38430744596,
              24721.77742193755
            ],
            [
              60486.389111289034,
              24721.77742193755
            ],
            [
              60492.39391513211,
              24727.782225780626
            ],
            [
              60504.403522818255,
              24727.782225780626
            ],
            [
              60510.40832666133,
              24733.7870296237
            ],
            [
              60534.42754203363,
              24733.7870296237
            ],
            [
              60540.4323458767,
              24727.782225780626
            ],
            [
              60576.46116893515,
              24727.782225780626
            ],
            [
              60582.46597277823,
              24721.77742193755
            ],
            [
              60606.485188150524,
              24721.77742193755
            ],
            [
              60612.4899919936,
              24727.782225780626
            ],
            [
              60624.499599679744,
              24727.782225780626
            ],
            [
              60630.50440352282,
              24733.7870296237
            ],
            [
              60636.509207365896,
              24733.7870296237
            ],
            [
              60654.52361889512,
              24751.801441152922
            ],
            [
              60660.52842273819,
              24751.801441152922
            ],
            [
              60666.53322658127,
              24757.806244995998
            ],
            [
              60672.538030424344,
              24757.806244995998
            ],
            [
              60678.54283426742,
              24763.811048839074
            ],
            [
              60696.55724579664,
              24763.811048839074
            ],
            [
              60702.56204963972,
              24769.815852682146
            ],
            [
              60720.57646116894,
              24769.815852682146
            ],
            [
              60726.58126501201,
              24775.820656525222
            ],
            [
              60756.605284227386,
              24775.820656525222
            ],
            [
              60762.61008807046,
              24769.815852682146
            ],
            [
              60762.61008807046,
              24763.811048839074
            ],
            [
              60768.61489191354,
              24757.806244995998
            ],
            [
              60768.61489191354,
              24751.801441152922
            ],
            [
              60798.63891112891,
              24721.77742193755
            ],
            [
              60804.64371497198,
              24721.77742193755
            ],
            [
              60810.648518815055,
              24715.772618094477
            ],
            [
              60816.65332265813,
              24715.772618094477
            ],
            [
              60822.65812650121,
              24709.7678142514
            ],
            [
              60828.66293034428,
              24709.7678142514
            ],
            [
              60846.6773418735,
              24691.75340272218
            ],
            [
              60846.6773418735,
              24673.738991192957
            ],
            [
              60834.66773418735,
              24661.72938350681
            ],
            [
              60828.66293034428,
              24661.72938350681
            ],
            [
              60822.65812650121,
              24655.724579663733
            ],
            [
              60804.64371497198,
              24655.724579663733
            ],
            [
              60798.63891112891,
              24649.719775820657
            ],
            [
              60792.634107285834,
              24649.719775820657
            ],
            [
              60786.62930344276,
              24655.724579663733
            ],
            [
              60720.57646116894,
              24655.724579663733
            ],
            [
              60702.56204963972,
              24637.71016813451
            ],
            [
              60702.56204963972,
              24625.70056044836
            ],
            [
              60696.55724579664,
              24619.695756605284
            ],
            [
              60696.55724579664,
              24595.676541232988
            ],
            [
              60564.451561249,
              24595.676541232988
            ],
            [
              60558.44675740593,
              24589.671737389912
            ],
            [
              60558.44675740593,
              24577.662129703764
            ],
            [
              60552.441953562855,
              24571.65732586069
            ],
            [
              60546.43714971978,
              24571.65732586069
            ],
            [
              60540.4323458767,
              24565.652522017615
            ],
            [
              60534.42754203363,
              24565.652522017615
            ],
            [
              60528.42273819056,
              24559.64771817454
            ],
            [
              60522.41793434748,
              24559.64771817454
            ],
            [
              60516.41313050441,
              24553.642914331467
            ],
            [
              60504.403522818255,
              24553.642914331467
            ],
            [
              60498.398718975186,
              24547.63811048839
            ],
            [
              60486.389111289034,
              24547.63811048839
            ],
            [
              60480.38430744596,
              24541.63330664532
            ],
            [
              60474.37950360288,
              24541.63330664532
            ],
            [
              60468.374699759814,
              24535.628502802243
            ],
            [
              60456.36509207366,
              24535.628502802243
            ],
            [
              60450.360288230586,
              24529.623698959167
            ],
            [
              60438.35068054444,
              24529.623698959167
            ],
            [
              60432.345876701365,
              24523.618895116095
            ],
            [
              60408.32666132907,
              24523.618895116095
            ],
            [
              60402.32185748599,
              24517.61409127302
            ],
            [
              60336.26901521217,
              24517.61409127302
            ],
            [
              60330.264211369096,
              24511.609287429947
            ],
            [
              60306.2449959968,
              24511.609287429947
            ]
          ]
        ]
      }
    },
    {
      "type": "Feature",
      "properties": {
        "class_id": 2,
        "classification": "Fold",
        "area": 26899.02121857614
      },
      "geometry": {
        "type": "Polygon",
        "coordinates": [
          [
            [
              61435.1481184948,
              24487.590072057646
            ],
            [
              61429.14331465172,
              24493.594875900722
            ],
            [
              61411.1289031225,
              24493.594875900722
            ],
            [
              61405.12409927943,
              24499.599679743795
            ],
            [
              61339.071257005606,
              24499.599679743795
            ],
            [
              61333.06645316254,
              24505.60448358687
            ],
            [
              61321.056845476385,
              24505.60448358687
            ],
            [
              61315.05204163331,
              24511.609287429947
            ],
            [
              61297.03763010409,
              24511.609287429947
            ],
            [
              61291.03282626101,
              24517.61409127302
            ],
            [
              61273.01841473179,
              24517.61409127302
            ],
            [
              61267.013610888716,
              24523.618895116095
            ],
            [
              61248.99919935949,
              24523.618895116095
            ],
            [
              61242.99439551642,
              24529.623698959167
            ],
            [
              61230.98478783027,
              24529.623698959167
            ],
            [
              61224.97998398719,
              24535.628502802243
            ],
            [
              61206.96557245797,
              24535.628502802243
            ],
            [
              61200.960768614896,
              24541.63330664532
            ],
            [
              61170.93674939952,
              24541.63330664532
            ],
            [
              61164.93194555645,
              24547.63811048839
            ],
            [
              61158.92714171337,
              24547.63811048839
            ],
            [
              61152.9223378703,
              24553.642914331467
            ],
            [
              61146.91753402723,
              24553.642914331467
            ],
            [
              61140.91273018415,
              24559.64771817454
            ],
            [
              61128.903122498,
              24559.64771817454
            ],
            [
              61122.89831865493,
              24565.652522017615
            ],
            [
              61116.893514811854,
              24565.652522017615
            ],
            [
              61110.88871096878,
              24571.65732586069
            ],
            [
              61104.8839071257,
              24571.65732586069
            ],
            [
              61092.87429943956,
              24583.66693354684
            ],
            [
              61092.87429943956,
              24589.671737389912
            ],
            [
              61483.18654923939,
              24589.671737389912
            ],
            [
              61483.18654923939,
              24487.590072057646
            ],
            [
              61435.1481184948,
              24487.590072057646
            ]
          ]
        ]
      }
    },
    {
      "type": "Feature",
      "properties": {
        "class_id": 2,
        "classification": "Fold",
        "area": 22067.293546606703
      },
      "geometry": {
        "type": "Polygon",
        "coordinates": [
          [
            [
              61074.85988791033,
              24361.489191353085
            ],
            [
              61068.855084067254,
              24367.493995196157
            ],
            [
              61062.850280224186,
              24367.493995196157
            ],
            [
              61056.84547638111,
              24373.498799039233
            ],
            [
              61032.82626100881,
              24373.498799039233
            ],
            [
              61026.82145716574,
              24379.50360288231
            ],
            [
              60990.79263410729,
              24379.50360288231
            ],
            [
              60984.78783026421,
              24385.50840672538
            ],
            [
              60978.78302642114,
              24385.50840672538
            ],
            [
              60966.77341873499,
              24397.51801441153
            ],
            [
              60960.76861489192,
              24397.51801441153
            ],
            [
              60954.76381104884,
              24403.522818254605
            ],
            [
              60948.759007205765,
              24403.522818254605
            ],
            [
              60930.744595676544,
              24421.53722978383
            ],
            [
              60930.744595676544,
              24451.5612489992
            ],
            [
              60954.76381104884,
              24475.5804643715
            ],
            [
              60984.78783026421,
              24475.5804643715
            ],
            [
              60990.79263410729,
              24469.575660528426
            ],
            [
              61044.83586869496,
              24469.575660528426
            ],
            [
              61050.840672538034,
              24463.57085668535
            ],
            [
              61056.84547638111,
              24463.57085668535
            ],
            [
              61062.850280224186,
              24457.566052842274
            ],
            [
              61068.855084067254,
              24457.566052842274
            ],
            [
              61074.85988791033,
              24451.5612489992
            ],
            [
              61092.87429943956,
              24451.5612489992
            ],
            [
              61098.87910328263,
              24445.556445156126
            ],
            [
              61170.93674939952,
              24445.556445156126
            ],
            [
              61170.93674939952,
              24439.551641313054
            ],
            [
              61182.946357085675,
              24427.5420336269
            ],
            [
              61188.951160928744,
              24427.5420336269
            ],
            [
              61194.95596477182,
              24421.53722978383
            ],
            [
              61200.960768614896,
              24421.53722978383
            ],
            [
              61206.96557245797,
              24415.532425940753
            ],
            [
              61212.97037630105,
              24415.532425940753
            ],
            [
              61218.975180144116,
              24409.52762209768
            ],
            [
              61224.97998398719,
              24409.52762209768
            ],
            [
              61230.98478783027,
              24403.522818254605
            ],
            [
              61248.99919935949,
              24403.522818254605
            ],
            [
              61230.98478783027,
              24403.522818254605
            ],
            [
              61224.97998398719,
              24397.51801441153
            ],
            [
              61218.975180144116,
              24397.51801441153
            ],
            [
              61194.95596477182,
              24373.498799039233
            ],
            [
              61188.951160928744,
              24373.498799039233
            ],
            [
              61182.946357085675,
              24367.493995196157
            ],
            [
              61152.9223378703,
              24367.493995196157
            ],
            [
              61146.91753402723,
              24373.498799039233
            ],
            [
              61134.907926341075,
              24373.498799039233
            ],
            [
              61128.903122498,
              24367.493995196157
            ],
            [
              61122.89831865493,
              24367.493995196157
            ],
            [
              61116.893514811854,
              24361.489191353085
            ],
            [
              61074.85988791033,
              24361.489191353085
            ]
          ]
        ]
      }
    },
    {
      "type": "Feature",
      "properties": {
        "class_id": 2,
        "classification": "Fold",
        "area": 612.9803762946306
      },
      "geometry": {
        "type": "Polygon",
        "coordinates": [
          [
            [
              39439.55164131305,
              23574.85988791033
            ],
            [
              39433.54683746998,
              23580.864691753402
            ],
            [
              39433.54683746998,
              23598.879103282627
            ],
            [
              39445.55644515613,
              23610.888710968775
            ],
            [
              39451.5612489992,
              23610.888710968775
            ],
            [
              39457.566052842274,
              23604.883907125703
            ],
            [
              39457.566052842274,
              23592.874299439554
            ],
            [
              39451.5612489992,
              23586.86949559648
            ],
            [
              39451.5612489992,
              23580.864691753402
            ],
            [
              39445.55644515613,
              23580.864691753402
            ],
            [
              39439.55164131305,
              23574.85988791033
            ]
          ]
        ]
      }
    },
    {
      "type": "Feature",
      "properties": {
        "class_id": 2,
        "classification": "Fold",
        "area": 42872.56867143034
      },
      "geometry": {
        "type": "Polygon",
        "coordinates": [
          [
            [
              6136.909527622098,
              23436.749399519616
            ],
            [
              6130.904723779024,
              23442.754203362692
            ],
            [
              6106.885508406725,
              23442.754203362692
            ],
            [
              6100.880704563651,
              23448.759007205765
            ],
            [
              6094.875900720577,
              23448.759007205765
            ],
            [
              6076.861489191353,
              23466.77341873499
            ],
            [
              6076.861489191353,
              23472.778222578065
            ],
            [
              6070.856685348279,
              23478.783026421137
            ],
            [
              6070.856685348279,
              23484.787830264213
            ],
            [
              6064.851881505205,
              23490.79263410729
            ],
            [
              6064.851881505205,
              23496.79743795036
            ],
            [
              6028.823058446757,
              23532.82626100881
            ],
            [
              6022.818254603683,
              23532.82626100881
            ],
            [
              5986.789431545237,
              23568.855084067254
            ],
            [
              5986.789431545237,
              23574.85988791033
            ],
            [
              5980.784627702162,
              23580.864691753402
            ],
            [
              5980.784627702162,
              23616.89351481185
            ],
            [
              5986.789431545237,
              23622.898318654927
            ],
            [
              5986.789431545237,
              23646.917534027223
            ],
            [
              5992.794235388311,
              23652.9223378703
            ],
            [
              5992.794235388311,
              23664.931945556447
            ],
            [
              5986.789431545237,
              23670.93674939952
            ],
            [
              5986.789431545237,
              23682.94635708567
            ],
            [
              5992.794235388311,
              23688.951160928744
            ],
            [
              5992.794235388311,
              23694.95596477182
            ],
            [
              6022.818254603683,
              23724.979983987192
            ],
            [
              6022.818254603683,
              23730.984787830264
            ],
            [
              6028.823058446757,
              23736.98959167334
            ],
            [
              6028.823058446757,
              23742.994395516416
            ],
            [
              6040.8326661329065,
              23755.004003202564
            ],
            [
              6040.8326661329065,
              23761.008807045637
            ],
            [
              6052.842273819056,
              23773.018414731785
            ],
            [
              6052.842273819056,
              23779.02321857486
            ],
            [
              6064.851881505205,
              23791.03282626101
            ],
            [
              6070.856685348279,
              23791.03282626101
            ],
            [
              6076.861489191353,
              23797.037630104085
            ],
            [
              6088.871096877502,
              23797.037630104085
            ],
            [
              6094.875900720577,
              23803.042433947157
            ],
            [
              6106.885508406725,
              23803.042433947157
            ],
            [
              6112.8903122498,
              23797.037630104085
            ],
            [
              6118.895116092875,
              23797.037630104085
            ],
            [
              6124.899919935949,
              23791.03282626101
            ],
            [
              6142.914331465173,
              23791.03282626101
            ],
            [
              6142.914331465173,
              23436.749399519616
            ],
            [
              6136.909527622098,
              23436.749399519616
            ]
          ]
        ]
      }
    },
    {
      "type": "Feature",
      "properties": {
        "class_id": 2,
        "classification": "Fold",
        "area": 486.7785341163243
      },
      "geometry": {
        "type": "Polygon",
        "coordinates": [
          [
            [
              6130.904723779024,
              23370.6965572458
            ],
            [
              6124.899919935949,
              23376.70136108887
            ],
            [
              6124.899919935949,
              23388.71096877502
            ],
            [
              6130.904723779024,
              23394.715772618096
            ],
            [
              6130.904723779024,
              23400.72057646117
            ],
            [
              6136.909527622098,
              23400.72057646117
            ],
            [
              6142.914331465173,
              23406.725380304244
            ],
            [
              6142.914331465173,
              23370.6965572458
            ],
            [
              6130.904723779024,
              23370.6965572458
            ]
          ]
        ]
      }
    },
    {
      "type": "Feature",
      "properties": {
        "class_id": 2,
        "classification": "Fold",
        "area": 2974.7577084886484
      },
      "geometry": {
        "type": "Polygon",
        "coordinates": [
          [
            [
              58420.73658927142,
              22806.2449959968
            ],
            [
              58414.73178542835,
              22812.249799839872
            ],
            [
              58414.73178542835,
              22872.297838270617
            ],
            [
              58462.77021617294,
              22872.297838270617
            ],
            [
              58474.77982385909,
              22860.28823058447
            ],
            [
              58474.77982385909,
              22848.27862289832
            ],
            [
              58468.775020016015,
              22842.273819055245
            ],
            [
              58468.775020016015,
              22836.269015212172
            ],
            [
              58462.77021617294,
              22836.269015212172
            ],
            [
              58438.75100080064,
              22812.249799839872
            ],
            [
              58432.74619695757,
              22812.249799839872
            ],
            [
              58426.7413931145,
              22806.2449959968
            ],
            [
              58420.73658927142,
              22806.2449959968
            ]
          ]
        ]
      }
    },
    {
      "type": "Feature",
      "properties": {
        "class_id": 2,
        "classification": "Fold",
        "area": 9447.109328776072
      },
      "geometry": {
        "type": "Polygon",
        "coordinates": [
          [
            [
              58775.020016012815,
              22776.220976781427
            ],
            [
              58769.01521216974,
              22782.2257806245
            ],
            [
              58763.01040832666,
              22782.2257806245
            ],
            [
              58751.00080064052,
              22794.23538831065
            ],
            [
              58751.00080064052,
              22824.25940752602
            ],
            [
              58744.99599679744,
              22830.264211369096
            ],
            [
              58744.99599679744,
              22836.269015212172
            ],
            [
              58738.99119295437,
              22842.273819055245
            ],
            [
              58738.99119295437,
              22860.28823058447
            ],
            [
              58751.00080064052,
              22872.297838270617
            ],
            [
              58751.00080064052,
              22878.302642113693
            ],
            [
              58757.00560448359,
              22878.302642113693
            ],
            [
              58769.01521216974,
              22890.31224979984
            ],
            [
              58775.020016012815,
              22890.31224979984
            ],
            [
              58781.02481985589,
              22896.317053642917
            ],
            [
              58787.02962369896,
              22896.317053642917
            ],
            [
              58793.034427542036,
              22902.32185748599
            ],
            [
              58817.05364291433,
              22902.32185748599
            ],
            [
              58823.05844675741,
              22896.317053642917
            ],
            [
              58829.063250600484,
              22896.317053642917
            ],
            [
              58841.072858286636,
              22884.307445956765
            ],
            [
              58841.072858286636,
              22860.28823058447
            ],
            [
              58835.06805444356,
              22854.283426741393
            ],
            [
              58835.06805444356,
              22842.273819055245
            ],
            [
              58829.063250600484,
              22836.269015212172
            ],
            [
              58829.063250600484,
              22824.25940752602
            ],
            [
              58823.05844675741,
              22818.254603682948
            ],
            [
              58823.05844675741,
              22794.23538831065
            ],
            [
              58811.04883907126,
              22782.2257806245
            ],
            [
              58799.03923138511,
              22782.2257806245
            ],
            [
              58793.034427542036,
              22776.220976781427
            ],
            [
              58775.020016012815,
              22776.220976781427
            ]
          ]
        ]
      }
    },
    {
      "type": "Feature",
      "properties": {
        "class_id": 2,
        "classification": "Fold",
        "area": 19525.227868443675
      },
      "geometry": {
        "type": "Polygon",
        "coordinates": [
          [
            [
              29663.73098478783,
              21521.216973578863
            ],
            [
              29663.73098478783,
              21629.303442754204
            ],
            [
              29669.735788630907,
              21635.30824659728
            ],
            [
              29669.735788630907,
              21641.313050440353
            ],
            [
              29681.745396317056,
              21653.3226581265
            ],
            [
              29687.75020016013,
              21653.3226581265
            ],
            [
              29693.755004003204,
              21659.327461969577
            ],
            [
              29699.75980784628,
              21659.327461969577
            ],
            [
              29705.764611689352,
              21653.3226581265
            ],
            [
              29717.774219375504,
              21653.3226581265
            ],
            [
              29723.779023218576,
              21647.31785428343
            ],
            [
              29729.783827061652,
              21647.31785428343
            ],
            [
              29735.788630904724,
              21641.313050440353
            ],
            [
              29741.7934347478,
              21641.313050440353
            ],
            [
              29747.798238590873,
              21635.30824659728
            ],
            [
              29753.80304243395,
              21635.30824659728
            ],
            [
              29765.812650120097,
              21623.29863891113
            ],
            [
              29771.817453963173,
              21623.29863891113
            ],
            [
              29777.822257806245,
              21617.293835068056
            ],
            [
              29783.82706164932,
              21617.293835068056
            ],
            [
              29795.83666933547,
              21605.284227381908
            ],
            [
              29801.841473178545,
              21605.284227381908
            ],
            [
              29807.846277021617,
              21599.279423538832
            ],
            [
              29813.851080864693,
              21599.279423538832
            ],
            [
              29819.85588470777,
              21593.27461969576
            ],
            [
              29825.86068855084,
              21593.27461969576
            ],
            [
              29843.875100080066,
              21575.260208166535
            ],
            [
              29843.875100080066,
              21569.25540432346
            ],
            [
              29849.87990392314,
              21563.250600480387
            ],
            [
              29849.87990392314,
              21557.24579663731
            ],
            [
              29855.884707766214,
              21551.240992794235
            ],
            [
              29855.884707766214,
              21527.22177742194
            ],
            [
              29861.88951160929,
              21521.216973578863
            ],
            [
              29663.73098478783,
              21521.216973578863
            ]
          ]
        ]
      }
    },
    {
      "type": "Feature",
      "properties": {
        "class_id": 2,
        "classification": "Fold",
        "area": 59152.60631243185
      },
      "geometry": {
        "type": "Polygon",
        "coordinates": [
          [
            [
              7025.620496397118,
              20200.16012810248
            ],
            [
              7019.615692554044,
              20206.164931945557
            ],
            [
              7013.610888710969,
              20206.164931945557
            ],
            [
              7013.610888710969,
              20212.169735788633
            ],
            [
              7007.606084867894,
              20218.174539631706
            ],
            [
              7007.606084867894,
              20224.17934347478
            ],
            [
              7001.60128102482,
              20230.184147317854
            ],
            [
              7001.60128102482,
              20242.193755004006
            ],
            [
              7007.606084867894,
              20248.198558847078
            ],
            [
              7007.606084867894,
              20278.22257806245
            ],
            [
              7013.610888710969,
              20284.227381905526
            ],
            [
              7013.610888710969,
              20302.24179343475
            ],
            [
              7019.615692554044,
              20308.246597277823
            ],
            [
              7019.615692554044,
              20332.265812650123
            ],
            [
              7025.620496397118,
              20338.270616493195
            ],
            [
              7025.620496397118,
              20344.27542033627
            ],
            [
              7031.625300240193,
              20350.280224179343
            ],
            [
              7031.625300240193,
              20362.289831865495
            ],
            [
              7061.649319455565,
              20392.313851080868
            ],
            [
              7061.649319455565,
              20398.31865492394
            ],
            [
              7079.663730984788,
              20416.333066453164
            ],
            [
              7079.663730984788,
              20422.337870296236
            ],
            [
              7085.6685348278625,
              20428.342674139312
            ],
            [
              7085.6685348278625,
              20434.34747798239
            ],
            [
              7097.678142514012,
              20446.357085668536
            ],
            [
              7097.678142514012,
              20452.36188951161
            ],
            [
              7109.687750200161,
              20464.37149719776
            ],
            [
              7109.687750200161,
              20470.376301040833
            ],
            [
              7121.69735788631,
              20482.38590872698
            ],
            [
              7121.69735788631,
              20494.395516413133
            ],
            [
              7127.702161729384,
              20500.400320256205
            ],
            [
              7127.702161729384,
              20512.409927942354
            ],
            [
              7151.721377101681,
              20536.429143314654
            ],
            [
              7163.7309847878305,
              20536.429143314654
            ],
            [
              7169.7357886309055,
              20542.433947157726
            ],
            [
              7175.74059247398,
              20536.429143314654
            ],
            [
              7181.745396317054,
              20536.429143314654
            ],
            [
              7187.750200160129,
              20530.424339471578
            ],
            [
              7193.755004003203,
              20530.424339471578
            ],
            [
              7193.755004003203,
              20524.419535628505
            ],
            [
              7205.764611689352,
              20512.409927942354
            ],
            [
              7205.764611689352,
              20506.40512409928
            ],
            [
              7217.774219375501,
              20494.395516413133
            ],
            [
              7217.774219375501,
              20488.390712570057
            ],
            [
              7241.7934347477985,
              20464.37149719776
            ],
            [
              7247.798238590874,
              20464.37149719776
            ],
            [
              7259.807846277022,
              20452.36188951161
            ],
            [
              7265.812650120097,
              20452.36188951161
            ],
            [
              7277.822257806245,
              20440.35228182546
            ],
            [
              7283.82706164932,
              20440.35228182546
            ],
            [
              7283.82706164932,
              20434.34747798239
            ],
            [
              7289.831865492394,
              20428.342674139312
            ],
            [
              7289.831865492394,
              20422.337870296236
            ],
            [
              7295.836669335469,
              20416.333066453164
            ],
            [
              7295.836669335469,
              20392.313851080868
            ],
            [
              7301.841473178543,
              20386.30904723779
            ],
            [
              7301.841473178543,
              20368.294635708568
            ],
            [
              7295.836669335469,
              20362.289831865495
            ],
            [
              7295.836669335469,
              20350.280224179343
            ],
            [
              7289.831865492394,
              20344.27542033627
            ],
            [
              7289.831865492394,
              20338.270616493195
            ],
            [
              7283.82706164932,
              20332.265812650123
            ],
            [
              7283.82706164932,
              20326.261008807047
            ],
            [
              7277.822257806245,
              20320.25620496397
            ],
            [
              7277.822257806245,
              20314.2514011209
            ],
            [
              7271.817453963171,
              20308.246597277823
            ],
            [
              7271.817453963171,
              20302.24179343475
            ],
            [
              7265.812650120097,
              20296.236989591675
            ],
            [
              7265.812650120097,
              20290.2321857486
            ],
            [
              7247.798238590874,
              20272.217774219378
            ],
            [
              7241.7934347477985,
              20272.217774219378
            ],
            [
              7235.788630904724,
              20266.212970376302
            ],
            [
              7223.779023218575,
              20266.212970376302
            ],
            [
              7217.774219375501,
              20260.208166533226
            ],
            [
              7133.706965572458,
              20260.208166533226
            ],
            [
              7121.69735788631,
              20248.198558847078
            ],
            [
              7115.692554043235,
              20248.198558847078
            ],
            [
              7097.678142514012,
              20230.184147317854
            ],
            [
              7091.6733386709375,
              20230.184147317854
            ],
            [
              7067.654123298639,
              20206.164931945557
            ],
            [
              7061.649319455565,
              20206.164931945557
            ],
            [
              7055.64451561249,
              20200.16012810248
            ],
            [
              7025.620496397118,
              20200.16012810248
            ]
          ]
        ]
      }
    },
    {
      "type": "Feature",
      "properties": {
        "class_id": 2,
        "classification": "Fold",
        "area": 108.1730075814054
      },
      "geometry": {
        "type": "Polygon",
        "coordinates": [
          [
            [
              75012.00960768615,
              18434.747798238594
            ],
            [
              75012.00960768615,
              18440.752602081666
            ],
            [
              75030.02401921537,
              18440.752602081666
            ],
            [
              75030.02401921537,
              18434.747798238594
            ],
            [
              75012.00960768615,
              18434.747798238594
            ]
          ]
        ]
      }
    },
    {
      "type": "Feature",
      "properties": {
        "class_id": 2,
        "classification": "Fold",
        "area": 72.1153383876036
      },
      "geometry": {
        "type": "Polygon",
        "coordinates": [
          [
            [
              21515.21216973579,
              18386.709367493997
            ],
            [
              21515.21216973579,
              18398.718975180145
            ],
            [
              21509.207365892715,
              18404.72377902322
            ],
            [
              21509.207365892715,
              18410.728582866293
            ],
            [
              21515.21216973579,
              18416.73338670937
            ],
            [
              21515.21216973579,
              18422.73819055244
            ],
            [
              21515.21216973579,
              18386.709367493997
            ]
          ]
        ]
      }
    },
    {
      "type": "Feature",
      "properties": {
        "class_id": 2,
        "classification": "Fold",
        "area": 1135.8165796047567
      },
      "geometry": {
        "type": "Polygon",
        "coordinates": [
          [
            [
              9211.36909527622,
              17900.320256204966
            ],
            [
              9193.354683746998,
              17918.334667734187
            ],
            [
              9193.354683746998,
              17924.339471577263
            ],
            [
              9187.349879903924,
              17930.34427542034
            ],
            [
              9187.349879903924,
              17936.34907926341
            ],
            [
              9205.364291433147,
              17954.363490792635
            ],
            [
              9217.373899119297,
              17954.363490792635
            ],
            [
              9217.373899119297,
              17900.320256204966
            ],
            [
              9211.36909527622,
              17900.320256204966
            ]
          ]
        ]
      }
    },
    {
      "type": "Feature",
      "properties": {
        "class_id": 2,
        "classification": "Fold",
        "area": 13052.876248156252
      },
      "geometry": {
        "type": "Polygon",
        "coordinates": [
          [
            [
              21485.18815052042,
              17558.046437149722
            ],
            [
              21467.173738991194,
              17576.060848678942
            ],
            [
              21467.173738991194,
              17588.070456365094
            ],
            [
              21461.168935148118,
              17594.075260208167
            ],
            [
              21461.168935148118,
              17606.084867894315
            ],
            [
              21455.164131305046,
              17612.08967173739
            ],
            [
              21455.164131305046,
              17618.094475580467
            ],
            [
              21449.15932746197,
              17624.09927942354
            ],
            [
              21449.15932746197,
              17636.108887109687
            ],
            [
              21437.14971977582,
              17648.11849479584
            ],
            [
              21437.14971977582,
              17654.12329863891
            ],
            [
              21431.144915932746,
              17660.128102481987
            ],
            [
              21431.144915932746,
              17672.137710168136
            ],
            [
              21437.14971977582,
              17678.14251401121
            ],
            [
              21437.14971977582,
              17714.171337069656
            ],
            [
              21443.154523618898,
              17720.176140912732
            ],
            [
              21443.154523618898,
              17744.19535628503
            ],
            [
              21455.164131305046,
              17756.204963971177
            ],
            [
              21461.168935148118,
              17756.204963971177
            ],
            [
              21467.173738991194,
              17762.209767814253
            ],
            [
              21485.18815052042,
              17762.209767814253
            ],
            [
              21497.197758206567,
              17750.200160128104
            ],
            [
              21503.202562049642,
              17750.200160128104
            ],
            [
              21509.207365892715,
              17744.19535628503
            ],
            [
              21515.21216973579,
              17744.19535628503
            ],
            [
              21515.21216973579,
              17564.051240992794
            ],
            [
              21497.197758206567,
              17564.051240992794
            ],
            [
              21491.19295436349,
              17558.046437149722
            ],
            [
              21485.18815052042,
              17558.046437149722
            ]
          ]
        ]
      }
    },
    {
      "type": "Feature",
      "properties": {
        "class_id": 2,
        "classification": "Fold",
        "area": 152614.08486276612
      },
      "geometry": {
        "type": "Polygon",
        "coordinates": [
          [
            [
              8562.85028022418,
              16933.546837469978
            ],
            [
              8556.845476381106,
              16939.55164131305
            ],
            [
              8544.835868694956,
              16939.55164131305
            ],
            [
              8538.831064851882,
              16945.556445156126
            ],
            [
              8532.826261008808,
              16945.556445156126
            ],
            [
              8490.792634107287,
              16987.590072057646
            ],
            [
              8490.792634107287,
              16993.594875900722
            ],
            [
              8478.783026421137,
              17005.60448358687
            ],
            [
              8478.783026421137,
              17041.63330664532
            ],
            [
              8484.787830264211,
              17047.63811048839
            ],
            [
              8484.787830264211,
              17053.642914331467
            ],
            [
              8490.792634107287,
              17059.64771817454
            ],
            [
              8490.792634107287,
              17065.652522017615
            ],
            [
              8496.797437950361,
              17071.65732586069
            ],
            [
              8496.797437950361,
              17077.662129703764
            ],
            [
              8502.802241793435,
              17083.66693354684
            ],
            [
              8502.802241793435,
              17089.671737389912
            ],
            [
              8526.821457165734,
              17113.690952762212
            ],
            [
              8532.826261008808,
              17113.690952762212
            ],
            [
              8538.831064851882,
              17119.695756605284
            ],
            [
              8568.855084067254,
              17119.695756605284
            ],
            [
              8574.859887910328,
              17125.70056044836
            ],
            [
              8586.869495596478,
              17125.70056044836
            ],
            [
              8592.874299439552,
              17131.705364291432
            ],
            [
              8604.8839071257,
              17131.705364291432
            ],
            [
              8610.888710968775,
              17137.71016813451
            ],
            [
              8616.89351481185,
              17137.71016813451
            ],
            [
              8622.898318654925,
              17143.714971977584
            ],
            [
              8628.903122497999,
              17143.714971977584
            ],
            [
              8640.912730184147,
              17155.724579663733
            ],
            [
              8640.912730184147,
              17161.729383506805
            ],
            [
              8676.941553242594,
              17197.758206565253
            ],
            [
              8682.94635708567,
              17197.758206565253
            ],
            [
              8700.960768614892,
              17215.772618094477
            ],
            [
              8706.965572457966,
              17215.772618094477
            ],
            [
              8724.97998398719,
              17233.7870296237
            ],
            [
              8730.984787830264,
              17233.7870296237
            ],
            [
              8742.994395516414,
              17245.79663730985
            ],
            [
              8761.008807045637,
              17245.79663730985
            ],
            [
              8767.01361088871,
              17251.801441152922
            ],
            [
              8773.018414731787,
              17251.801441152922
            ],
            [
              8779.023218574861,
              17245.79663730985
            ],
            [
              8797.037630104083,
              17245.79663730985
            ],
            [
              8809.047237790233,
              17233.7870296237
            ],
            [
              8815.052041633307,
              17233.7870296237
            ],
            [
              8827.061649319456,
              17221.77742193755
            ],
            [
              9007.20576461169,
              17221.77742193755
            ],
            [
              9013.210568454764,
              17227.782225780626
            ],
            [
              9031.224979983988,
              17227.782225780626
            ],
            [
              9037.229783827062,
              17233.7870296237
            ],
            [
              9043.234587670137,
              17233.7870296237
            ],
            [
              9049.23939151321,
              17239.791833466774
            ],
            [
              9055.244195356285,
              17239.791833466774
            ],
            [
              9061.24899919936,
              17245.79663730985
            ],
            [
              9067.253803042435,
              17245.79663730985
            ],
            [
              9079.263410728583,
              17257.806244995998
            ],
            [
              9085.268214571657,
              17257.806244995998
            ],
            [
              9097.277822257807,
              17269.815852682146
            ],
            [
              9103.282626100881,
              17269.815852682146
            ],
            [
              9109.287429943955,
              17275.820656525222
            ],
            [
              9109.287429943955,
              17281.825460368294
            ],
            [
              9145.316253002402,
              17317.854283426743
            ],
            [
              9151.321056845476,
              17317.854283426743
            ],
            [
              9157.325860688552,
              17323.859087269815
            ],
            [
              9163.330664531626,
              17323.859087269815
            ],
            [
              9169.3354683747,
              17329.86389111289
            ],
            [
              9175.340272217774,
              17329.86389111289
            ],
            [
              9199.359487590073,
              17353.883106485187
            ],
            [
              9199.359487590073,
              17359.887910328263
            ],
            [
              9205.364291433147,
              17359.887910328263
            ],
            [
              9211.36909527622,
              17365.89271417134
            ],
            [
              9217.373899119297,
              17365.89271417134
            ],
            [
              9217.373899119297,
              17047.63811048839
            ],
            [
              9169.3354683747,
              17047.63811048839
            ],
            [
              9133.306645316254,
              17083.66693354684
            ],
            [
              9127.30184147318,
              17083.66693354684
            ],
            [
              9121.297037630105,
              17089.671737389912
            ],
            [
              9109.287429943955,
              17089.671737389912
            ],
            [
              9103.282626100881,
              17083.66693354684
            ],
            [
              9091.273018414733,
              17083.66693354684
            ],
            [
              9085.268214571657,
              17077.662129703764
            ],
            [
              9073.258606885509,
              17077.662129703764
            ],
            [
              9067.253803042435,
              17071.65732586069
            ],
            [
              9061.24899919936,
              17071.65732586069
            ],
            [
              9049.23939151321,
              17059.64771817454
            ],
            [
              9043.234587670137,
              17059.64771817454
            ],
            [
              9037.229783827062,
              17053.642914331467
            ],
            [
              9025.220176140912,
              17053.642914331467
            ],
            [
              9019.215372297838,
              17047.63811048839
            ],
            [
              8995.196156925542,
              17047.63811048839
            ],
            [
              8989.191353082466,
              17041.63330664532
            ],
            [
              8959.167333867093,
              17041.63330664532
            ],
            [
              8953.16253002402,
              17035.628502802243
            ],
            [
              8935.148118494797,
              17035.628502802243
            ],
            [
              8929.143314651721,
              17029.623698959167
            ],
            [
              8911.128903122499,
              17029.623698959167
            ],
            [
              8905.124099279425,
              17023.618895116095
            ],
            [
              8869.095276220978,
              17023.618895116095
            ],
            [
              8863.090472377902,
              17017.61409127302
            ],
            [
              8845.07606084868,
              17017.61409127302
            ],
            [
              8839.071257005606,
              17011.609287429947
            ],
            [
              8833.06645316253,
              17011.609287429947
            ],
            [
              8827.061649319456,
              17005.60448358687
            ],
            [
              8821.056845476382,
              17005.60448358687
            ],
            [
              8815.052041633307,
              16999.599679743795
            ],
            [
              8809.047237790233,
              16999.599679743795
            ],
            [
              8803.042433947157,
              16993.594875900722
            ],
            [
              8797.037630104083,
              16993.594875900722
            ],
            [
              8791.03282626101,
              16987.590072057646
            ],
            [
              8785.028022417935,
              16987.590072057646
            ],
            [
              8779.023218574861,
              16981.585268214574
            ],
            [
              8706.965572457966,
              16981.585268214574
            ],
            [
              8700.960768614892,
              16975.5804643715
            ],
            [
              8682.94635708567,
              16975.5804643715
            ],
            [
              8676.941553242594,
              16969.575660528422
            ],
            [
              8664.931945556445,
              16969.575660528422
            ],
            [
              8658.927141713371,
              16963.57085668535
            ],
            [
              8646.917534027223,
              16963.57085668535
            ],
            [
              8640.912730184147,
              16957.566052842274
            ],
            [
              8634.907926341073,
              16957.566052842274
            ],
            [
              8628.903122497999,
              16951.5612489992
            ],
            [
              8622.898318654925,
              16951.5612489992
            ],
            [
              8616.89351481185,
              16945.556445156126
            ],
            [
              8610.888710968775,
              16945.556445156126
            ],
            [
              8604.8839071257,
              16939.55164131305
            ],
            [
              8592.874299439552,
              16939.55164131305
            ],
            [
              8586.869495596478,
              16933.546837469978
            ],
            [
              8562.85028022418,
              16933.546837469978
            ]
          ]
        ]
      }
    },
    {
      "type": "Feature",
      "properties": {
        "class_id": 2,
        "classification": "Fold",
        "area": 17650.229070365982
      },
      "geometry": {
        "type": "Polygon",
        "coordinates": [
          [
            [
              28372.698158526822,
              16855.48438751001
            ],
            [
              28312.650120096077,
              16915.532425940753
            ],
            [
              28312.650120096077,
              16927.5420336269
            ],
            [
              28342.67413931145,
              16957.566052842274
            ],
            [
              28360.688550840674,
              16957.566052842274
            ],
            [
              28366.69335468375,
              16963.57085668535
            ],
            [
              28378.702962369898,
              16963.57085668535
            ],
            [
              28384.70776621297,
              16957.566052842274
            ],
            [
              28426.741393114495,
              16957.566052842274
            ],
            [
              28432.746196957567,
              16951.5612489992
            ],
            [
              28468.775020016015,
              16951.5612489992
            ],
            [
              28474.779823859088,
              16945.556445156126
            ],
            [
              28492.79423538831,
              16945.556445156126
            ],
            [
              28498.799039231388,
              16939.55164131305
            ],
            [
              28504.80384307446,
              16939.55164131305
            ],
            [
              28510.808646917536,
              16933.546837469978
            ],
            [
              28522.818254603684,
              16933.546837469978
            ],
            [
              28528.82305844676,
              16927.5420336269
            ],
            [
              28534.827862289832,
              16927.5420336269
            ],
            [
              28534.827862289832,
              16921.53722978383
            ],
            [
              28540.83266613291,
              16915.532425940753
            ],
            [
              28534.827862289832,
              16909.527622097678
            ],
            [
              28534.827862289832,
              16897.51801441153
            ],
            [
              28510.808646917536,
              16873.498799039233
            ],
            [
              28504.80384307446,
              16873.498799039233
            ],
            [
              28498.799039231388,
              16867.493995196157
            ],
            [
              28492.79423538831,
              16867.493995196157
            ],
            [
              28486.78943154524,
              16861.489191353085
            ],
            [
              28420.73658927142,
              16861.489191353085
            ],
            [
              28414.731785428343,
              16855.48438751001
            ],
            [
              28372.698158526822,
              16855.48438751001
            ]
          ]
        ]
      }
    },
    {
      "type": "Feature",
      "properties": {
        "class_id": 2,
        "classification": "Fold",
        "area": 27944.693625196396
      },
      "geometry": {
        "type": "Polygon",
        "coordinates": [
          [
            [
              27892.313851080868,
              16849.479583666933
            ],
            [
              27886.30904723779,
              16855.48438751001
            ],
            [
              27868.294635708568,
              16855.48438751001
            ],
            [
              27862.289831865495,
              16861.489191353085
            ],
            [
              27850.280224179343,
              16861.489191353085
            ],
            [
              27844.27542033627,
              16867.493995196157
            ],
            [
              27814.2514011209,
              16867.493995196157
            ],
            [
              27808.246597277823,
              16873.498799039233
            ],
            [
              27802.24179343475,
              16873.498799039233
            ],
            [
              27796.236989591675,
              16879.503602882305
            ],
            [
              27808.246597277823,
              16891.513210568457
            ],
            [
              27844.27542033627,
              16891.513210568457
            ],
            [
              27850.280224179343,
              16897.51801441153
            ],
            [
              27856.28502802242,
              16897.51801441153
            ],
            [
              27862.289831865495,
              16903.522818254605
            ],
            [
              27868.294635708568,
              16903.522818254605
            ],
            [
              27898.31865492394,
              16933.546837469978
            ],
            [
              27904.323458767016,
              16933.546837469978
            ],
            [
              27910.328262610088,
              16939.55164131305
            ],
            [
              27916.333066453164,
              16939.55164131305
            ],
            [
              27922.33787029624,
              16945.556445156126
            ],
            [
              27994.395516413133,
              16945.556445156126
            ],
            [
              28000.400320256205,
              16951.5612489992
            ],
            [
              28006.40512409928,
              16951.5612489992
            ],
            [
              28012.409927942357,
              16957.566052842274
            ],
            [
              28018.41473178543,
              16957.566052842274
            ],
            [
              28024.419535628505,
              16963.57085668535
            ],
            [
              28030.424339471578,
              16963.57085668535
            ],
            [
              28036.429143314654,
              16969.575660528422
            ],
            [
              28054.443554843878,
              16969.575660528422
            ],
            [
              28060.44835868695,
              16975.5804643715
            ],
            [
              28066.453162530026,
              16975.5804643715
            ],
            [
              28072.4579663731,
              16969.575660528422
            ],
            [
              28102.48198558847,
              16969.575660528422
            ],
            [
              28108.486789431547,
              16963.57085668535
            ],
            [
              28114.491593274623,
              16963.57085668535
            ],
            [
              28120.496397117695,
              16957.566052842274
            ],
            [
              28132.506004803843,
              16957.566052842274
            ],
            [
              28138.51080864692,
              16951.5612489992
            ],
            [
              28144.515612489995,
              16951.5612489992
            ],
            [
              28150.520416333067,
              16945.556445156126
            ],
            [
              28156.525220176143,
              16945.556445156126
            ],
            [
              28162.530024019215,
              16939.55164131305
            ],
            [
              28168.53482786229,
              16939.55164131305
            ],
            [
              28174.539631705367,
              16933.546837469978
            ],
            [
              28174.539631705367,
              16927.5420336269
            ],
            [
              28180.54443554844,
              16921.53722978383
            ],
            [
              28180.54443554844,
              16903.522818254605
            ],
            [
              28156.525220176143,
              16879.503602882305
            ],
            [
              28150.520416333067,
              16879.503602882305
            ],
            [
              28144.515612489995,
              16873.498799039233
            ],
            [
              28138.51080864692,
              16873.498799039233
            ],
            [
              28132.506004803843,
              16867.493995196157
            ],
            [
              28114.491593274623,
              16867.493995196157
            ],
            [
              28108.486789431547,
              16873.498799039233
            ],
            [
              28090.472377902322,
              16873.498799039233
            ],
            [
              28084.46757405925,
              16879.503602882305
            ],
            [
              28072.4579663731,
              16879.503602882305
            ],
            [
              28066.453162530026,
              16885.50840672538
            ],
            [
              28060.44835868695,
              16879.503602882305
            ],
            [
              28042.43394715773,
              16879.503602882305
            ],
            [
              28036.429143314654,
              16873.498799039233
            ],
            [
              28030.424339471578,
              16873.498799039233
            ],
            [
              28024.419535628505,
              16867.493995196157
            ],
            [
              28006.40512409928,
              16867.493995196157
            ],
            [
              28000.400320256205,
              16861.489191353085
            ],
            [
              27976.38110488391,
              16861.489191353085
            ],
            [
              27970.376301040833,
              16855.48438751001
            ],
            [
              27946.357085668536,
              16855.48438751001
            ],
            [
              27940.35228182546,
              16849.479583666933
            ],
            [
              27892.313851080868,
              16849.479583666933
            ]
          ]
        ]
      }
    },
    {
      "type": "Feature",
      "properties": {
        "class_id": 2,
        "classification": "Fold",
        "area": 270.4325189535135
      },
      "geometry": {
        "type": "Polygon",
        "coordinates": [
          [
            [
              27664.131305044037,
              16813.450760608488
            ],
            [
              27652.12169735789,
              16825.460368294636
            ],
            [
              27652.12169735789,
              16837.469975980785
            ],
            [
              27658.12650120096,
              16843.47477982386
            ],
            [
              27664.131305044037,
              16843.47477982386
            ],
            [
              27664.131305044037,
              16813.450760608488
            ]
          ]
        ]
      }
    },
    {
      "type": "Feature",
      "properties": {
        "class_id": 2,
        "classification": "Fold",
        "area": 51093.71724761715
      },
      "geometry": {
        "type": "Polygon",
        "coordinates": [
          [
            [
              26919.535628502803,
              16651.321056845478
            ],
            [
              26913.53082465973,
              16657.32586068855
            ],
            [
              26907.526020816655,
              16657.32586068855
            ],
            [
              26901.52121697358,
              16663.330664531626
            ],
            [
              26865.492393915134,
              16663.330664531626
            ],
            [
              26859.487590072058,
              16669.335468374702
            ],
            [
              26703.362690152124,
              16669.335468374702
            ],
            [
              26697.357886309048,
              16675.340272217774
            ],
            [
              26685.3482786229,
              16675.340272217774
            ],
            [
              26679.343474779824,
              16681.34507606085
            ],
            [
              26673.33867093675,
              16681.34507606085
            ],
            [
              26667.333867093676,
              16687.349879903923
            ],
            [
              26661.329063250603,
              16687.349879903923
            ],
            [
              26649.31945556445,
              16699.359487590074
            ],
            [
              26643.31465172138,
              16699.359487590074
            ],
            [
              26643.31465172138,
              16705.364291433147
            ],
            [
              26631.30504403523,
              16717.373899119295
            ],
            [
              26631.30504403523,
              16735.38831064852
            ],
            [
              26643.31465172138,
              16747.397918334667
            ],
            [
              26643.31465172138,
              16753.402722177743
            ],
            [
              26649.31945556445,
              16759.40752602082
            ],
            [
              26655.324259407527,
              16759.40752602082
            ],
            [
              26661.329063250603,
              16765.41232986389
            ],
            [
              26673.33867093675,
              16765.41232986389
            ],
            [
              26679.343474779824,
              16771.417133706967
            ],
            [
              26733.386709367496,
              16771.417133706967
            ],
            [
              26739.39151321057,
              16765.41232986389
            ],
            [
              26775.420336269017,
              16765.41232986389
            ],
            [
              26781.425140112093,
              16771.417133706967
            ],
            [
              26793.43474779824,
              16771.417133706967
            ],
            [
              26799.439551641313,
              16777.42193755004
            ],
            [
              26811.449159327465,
              16777.42193755004
            ],
            [
              26817.453963170537,
              16783.426741393116
            ],
            [
              26853.482786228986,
              16783.426741393116
            ],
            [
              26859.487590072058,
              16777.42193755004
            ],
            [
              26871.497197758206,
              16777.42193755004
            ],
            [
              26877.502001601282,
              16771.417133706967
            ],
            [
              26931.54523618895,
              16771.417133706967
            ],
            [
              26937.550040032027,
              16765.41232986389
            ],
            [
              26967.5740592474,
              16765.41232986389
            ],
            [
              26973.578863090475,
              16759.40752602082
            ],
            [
              26997.59807846277,
              16759.40752602082
            ],
            [
              27003.602882305848,
              16753.402722177743
            ],
            [
              27045.63650920737,
              16753.402722177743
            ],
            [
              27057.646116893517,
              16765.41232986389
            ],
            [
              27063.650920736593,
              16765.41232986389
            ],
            [
              27075.66052842274,
              16777.42193755004
            ],
            [
              27081.665332265813,
              16777.42193755004
            ],
            [
              27087.67013610889,
              16783.426741393116
            ],
            [
              27093.674939951965,
              16783.426741393116
            ],
            [
              27099.679743795037,
              16789.43154523619
            ],
            [
              27135.708566853486,
              16789.43154523619
            ],
            [
              27147.718174539634,
              16777.42193755004
            ],
            [
              27153.722978382706,
              16777.42193755004
            ],
            [
              27153.722978382706,
              16771.417133706967
            ],
            [
              27165.732586068858,
              16759.40752602082
            ],
            [
              27165.732586068858,
              16729.383506805447
            ],
            [
              27159.727782225782,
              16723.37870296237
            ],
            [
              27159.727782225782,
              16717.373899119295
            ],
            [
              27135.708566853486,
              16693.354683747
            ],
            [
              27123.698959167334,
              16693.354683747
            ],
            [
              27117.69415532426,
              16687.349879903923
            ],
            [
              27093.674939951965,
              16687.349879903923
            ],
            [
              27087.67013610889,
              16681.34507606085
            ],
            [
              27021.61729383507,
              16681.34507606085
            ],
            [
              27015.612489991996,
              16675.340272217774
            ],
            [
              27009.60768614892,
              16675.340272217774
            ],
            [
              26997.59807846277,
              16663.330664531626
            ],
            [
              26991.593274619696,
              16663.330664531626
            ],
            [
              26979.583666933548,
              16651.321056845478
            ],
            [
              26919.535628502803,
              16651.321056845478
            ]
          ]
        ]
      }
    },
    {
      "type": "Feature",
      "properties": {
        "class_id": 2,
        "classification": "Fold",
        "area": 8383.408087558919
      },
      "geometry": {
        "type": "Polygon",
        "coordinates": [
          [
            [
              45282.2257806245,
              16495.19615692554
            ],
            [
              45282.2257806245,
              16501.200960768616
            ],
            [
              45276.22097678143,
              16507.205764611692
            ],
            [
              45276.22097678143,
              16519.21537229784
            ],
            [
              45270.21617293835,
              16525.220176140912
            ],
            [
              45270.21617293835,
              16531.22497998399
            ],
            [
              45264.211369095276,
              16537.229783827064
            ],
            [
              45264.211369095276,
              16561.24899919936
            ],
            [
              45258.20656525221,
              16567.253803042437
            ],
            [
              45258.20656525221,
              16603.28262610088
            ],
            [
              45252.20176140913,
              16609.287429943957
            ],
            [
              45252.20176140913,
              16627.301841473178
            ],
            [
              45246.196957566055,
              16633.306645316254
            ],
            [
              45246.196957566055,
              16669.335468374702
            ],
            [
              45240.19215372298,
              16675.340272217774
            ],
            [
              45240.19215372298,
              16687.349879903923
            ],
            [
              45246.196957566055,
              16693.354683747
            ],
            [
              45246.196957566055,
              16705.364291433147
            ],
            [
              45252.20176140913,
              16711.369095276223
            ],
            [
              45264.211369095276,
              16711.369095276223
            ],
            [
              45270.21617293835,
              16717.373899119295
            ],
            [
              45288.23058446758,
              16699.359487590074
            ],
            [
              45288.23058446758,
              16687.349879903923
            ],
            [
              45294.23538831065,
              16681.34507606085
            ],
            [
              45294.23538831065,
              16573.25860688551
            ],
            [
              45300.240192153724,
              16567.253803042437
            ],
            [
              45300.240192153724,
              16495.19615692554
            ],
            [
              45282.2257806245,
              16495.19615692554
            ]
          ]
        ]
      }
    },
    {
      "type": "Feature",
      "properties": {
        "class_id": 2,
        "classification": "Fold",
        "area": 1352.1625947675675
      },
      "geometry": {
        "type": "Polygon",
        "coordinates": [
          [
            [
              18440.752602081666,
              15804.643714971979
            ],
            [
              18434.747798238594,
              15810.648518815053
            ],
            [
              18428.742994395518,
              15810.648518815053
            ],
            [
              18416.73338670937,
              15822.658126501201
            ],
            [
              18416.73338670937,
              15828.662930344277
            ],
            [
              18410.728582866293,
              15834.667734187351
            ],
            [
              18410.728582866293,
              15840.672538030425
            ],
            [
              18416.73338670937,
              15846.6773418735
            ],
            [
              18416.73338670937,
              15852.682145716573
            ],
            [
              18422.73819055244,
              15858.68694955965
            ],
            [
              18422.73819055244,
              15864.691753402723
            ],
            [
              18428.742994395518,
              15870.696557245798
            ],
            [
              18440.752602081666,
              15870.696557245798
            ],
            [
              18440.752602081666,
              15804.643714971979
            ]
          ]
        ]
      }
    },
    {
      "type": "Feature",
      "properties": {
        "class_id": 2,
        "classification": "Fold",
        "area": 70655.00278525463
      },
      "geometry": {
        "type": "Polygon",
        "coordinates": [
          [
            [
              33819.055244195355,
              15372.297838270617
            ],
            [
              33819.055244195355,
              15714.571657325861
            ],
            [
              33801.040832666135,
              15732.586068855086
            ],
            [
              33801.040832666135,
              15738.59087269816
            ],
            [
              33795.03602882306,
              15744.595676541234
            ],
            [
              33795.03602882306,
              15780.62449959968
            ],
            [
              33801.040832666135,
              15786.629303442754
            ],
            [
              33801.040832666135,
              15816.653322658127
            ],
            [
              33795.03602882306,
              15822.658126501201
            ],
            [
              33795.03602882306,
              15828.662930344277
            ],
            [
              33789.03122497998,
              15834.667734187351
            ],
            [
              33789.03122497998,
              15840.672538030425
            ],
            [
              33783.026421136914,
              15846.6773418735
            ],
            [
              33783.026421136914,
              15858.68694955965
            ],
            [
              33777.02161729384,
              15864.691753402723
            ],
            [
              33777.02161729384,
              15876.701361088872
            ],
            [
              33771.01681345076,
              15882.706164931946
            ],
            [
              33771.01681345076,
              15900.72057646117
            ],
            [
              33765.012009607686,
              15906.725380304244
            ],
            [
              33765.012009607686,
              15924.739791833468
            ],
            [
              33759.00720576461,
              15930.744595676542
            ],
            [
              33759.00720576461,
              15936.749399519616
            ],
            [
              33753.00240192154,
              15942.75420336269
            ],
            [
              33753.00240192154,
              15954.76381104884
            ],
            [
              33746.997598078466,
              15960.768614891915
            ],
            [
              33746.997598078466,
              15996.797437950361
            ],
            [
              33740.99279423539,
              16002.802241793435
            ],
            [
              33740.99279423539,
              16038.831064851882
            ],
            [
              33734.987990392314,
              16044.835868694958
            ],
            [
              33734.987990392314,
              16062.85028022418
            ],
            [
              33740.99279423539,
              16068.855084067254
            ],
            [
              33740.99279423539,
              16098.879103282627
            ],
            [
              33746.997598078466,
              16104.8839071257
            ],
            [
              33746.997598078466,
              16116.89351481185
            ],
            [
              33753.00240192154,
              16122.898318654925
            ],
            [
              33753.00240192154,
              16128.903122497999
            ],
            [
              33759.00720576461,
              16134.907926341073
            ],
            [
              33777.02161729384,
              16134.907926341073
            ],
            [
              33783.026421136914,
              16128.903122497999
            ],
            [
              33807.04563650921,
              16128.903122497999
            ],
            [
              33813.05044035229,
              16134.907926341073
            ],
            [
              33813.05044035229,
              15882.706164931946
            ],
            [
              33819.055244195355,
              15876.701361088872
            ],
            [
              33837.06965572458,
              15876.701361088872
            ],
            [
              33837.06965572458,
              15870.696557245798
            ],
            [
              33843.07445956766,
              15864.691753402723
            ],
            [
              33843.07445956766,
              15822.658126501201
            ],
            [
              33849.07926341073,
              15816.653322658127
            ],
            [
              33849.07926341073,
              15810.648518815053
            ],
            [
              33855.0840672538,
              15804.643714971979
            ],
            [
              33855.0840672538,
              15798.638911128905
            ],
            [
              33867.093674939955,
              15786.629303442754
            ],
            [
              33867.093674939955,
              15780.62449959968
            ],
            [
              33885.108086469176,
              15762.610088070458
            ],
            [
              33885.108086469176,
              15756.605284227382
            ],
            [
              33903.1224979984,
              15738.59087269816
            ],
            [
              33903.1224979984,
              15726.58126501201
            ],
            [
              33909.12730184147,
              15720.576461168936
            ],
            [
              33909.12730184147,
              15690.552441953563
            ],
            [
              33915.13210568455,
              15684.547638110489
            ],
            [
              33915.13210568455,
              15606.485188150522
            ],
            [
              33921.136909527624,
              15600.480384307446
            ],
            [
              33921.136909527624,
              15582.465972778224
            ],
            [
              33927.1417133707,
              15576.46116893515
            ],
            [
              33927.1417133707,
              15564.451561249
            ],
            [
              33933.146517213776,
              15558.446757405925
            ],
            [
              33933.146517213776,
              15552.441953562851
            ],
            [
              33939.151321056845,
              15546.437149719777
            ],
            [
              33939.151321056845,
              15534.427542033627
            ],
            [
              33945.15612489992,
              15528.422738190553
            ],
            [
              33945.15612489992,
              15522.417934347479
            ],
            [
              33951.160928743,
              15516.413130504405
            ],
            [
              33951.160928743,
              15510.40832666133
            ],
            [
              33957.16573258607,
              15504.403522818255
            ],
            [
              33957.16573258607,
              15498.39871897518
            ],
            [
              33963.17053642915,
              15492.393915132106
            ],
            [
              33963.17053642915,
              15450.360288230586
            ],
            [
              33969.17534027222,
              15444.355484387512
            ],
            [
              33969.17534027222,
              15438.350680544436
            ],
            [
              33975.18014411529,
              15432.345876701362
            ],
            [
              33975.18014411529,
              15426.341072858288
            ],
            [
              33981.18494795837,
              15420.336269015213
            ],
            [
              33981.18494795837,
              15414.33146517214
            ],
            [
              34011.20896717374,
              15384.307445956767
            ],
            [
              34011.20896717374,
              15378.302642113691
            ],
            [
              34017.21377101682,
              15372.297838270617
            ],
            [
              33819.055244195355,
              15372.297838270617
            ]
          ]
        ]
      }
    },
    {
      "type": "Feature",
      "properties": {
        "class_id": 2,
        "classification": "Fold",
        "area": 211388.08564866305
      },
      "geometry": {
        "type": "Polygon",
        "coordinates": [
          [
            [
              64635.708566853486,
              15036.028823058448
            ],
            [
              64623.69895916734,
              15048.038430744597
            ],
            [
              64617.694155324265,
              15048.038430744597
            ],
            [
              64611.68935148119,
              15054.04323458767
            ],
            [
              64593.67493995197,
              15054.04323458767
            ],
            [
              64581.66533226582,
              15042.033626901522
            ],
            [
              64563.650920736596,
              15042.033626901522
            ],
            [
              64563.650920736596,
              15366.293034427543
            ],
            [
              65740.59247397918,
              15366.293034427543
            ],
            [
              65740.59247397918,
              15348.278622898319
            ],
            [
              65734.58767013611,
              15348.278622898319
            ],
            [
              65728.58286629304,
              15342.273819055245
            ],
            [
              65716.57325860689,
              15342.273819055245
            ],
            [
              65710.56845476381,
              15336.26901521217
            ],
            [
              65704.56365092074,
              15336.26901521217
            ],
            [
              65692.55404323459,
              15324.259407526022
            ],
            [
              65692.55404323459,
              15312.249799839872
            ],
            [
              65686.54923939152,
              15306.244995996798
            ],
            [
              65686.54923939152,
              15300.240192153724
            ],
            [
              65680.54443554844,
              15294.23538831065
            ],
            [
              65680.54443554844,
              15282.2257806245
            ],
            [
              65638.51080864693,
              15282.2257806245
            ],
            [
              65632.50600480384,
              15276.220976781426
            ],
            [
              65620.49639711769,
              15276.220976781426
            ],
            [
              65614.49159327462,
              15270.216172938352
            ],
            [
              65608.48678943155,
              15270.216172938352
            ],
            [
              65602.48198558847,
              15264.211369095277
            ],
            [
              65596.4771817454,
              15264.211369095277
            ],
            [
              65590.47237790232,
              15258.206565252203
            ],
            [
              65584.46757405925,
              15258.206565252203
            ],
            [
              65578.46277021618,
              15252.201761409127
            ],
            [
              65572.4579663731,
              15252.201761409127
            ],
            [
              65560.44835868695,
              15240.19215372298
            ],
            [
              65500.40032025621,
              15240.19215372298
            ],
            [
              65494.39551641313,
              15234.187349879905
            ],
            [
              65488.39071257006,
              15234.187349879905
            ],
            [
              65482.38590872699,
              15228.18254603683
            ],
            [
              65470.37630104084,
              15228.18254603683
            ],
            [
              65464.37149719776,
              15222.177742193757
            ],
            [
              65434.34747798239,
              15222.177742193757
            ],
            [
              65428.34267413931,
              15228.18254603683
            ],
            [
              65416.33306645317,
              15228.18254603683
            ],
            [
              65410.32826261009,
              15234.187349879905
            ],
            [
              65398.31865492394,
              15234.187349879905
            ],
            [
              65392.31385108087,
              15228.18254603683
            ],
            [
              65380.30424339472,
              15228.18254603683
            ],
            [
              65374.29943955164,
              15222.177742193757
            ],
            [
              65362.2898318655,
              15222.177742193757
            ],
            [
              65356.28502802242,
              15216.17293835068
            ],
            [
              65338.270616493195,
              15216.17293835068
            ],
            [
              65332.26581265013,
              15210.168134507607
            ],
            [
              65296.23698959168,
              15210.168134507607
            ],
            [
              65290.2321857486,
              15204.163330664533
            ],
            [
              65266.212970376306,
              15204.163330664533
            ],
            [
              65260.20816653323,
              15198.158526821459
            ],
            [
              65242.19375500401,
              15198.158526821459
            ],
            [
              65236.18895116093,
              15192.153722978384
            ],
            [
              65218.174539631706,
              15192.153722978384
            ],
            [
              65212.16973578864,
              15186.148919135308
            ],
            [
              65200.160128102485,
              15186.148919135308
            ],
            [
              65194.15532425941,
              15180.144115292234
            ],
            [
              65158.12650120097,
              15180.144115292234
            ],
            [
              65152.12169735789,
              15174.13931144916
            ],
            [
              65146.116893514816,
              15174.13931144916
            ],
            [
              65152.12169735789,
              15180.144115292234
            ],
            [
              65152.12169735789,
              15192.153722978384
            ],
            [
              65146.116893514816,
              15198.158526821459
            ],
            [
              65146.116893514816,
              15210.168134507607
            ],
            [
              65140.11208967174,
              15216.17293835068
            ],
            [
              65140.11208967174,
              15222.177742193757
            ],
            [
              65134.107285828664,
              15228.18254603683
            ],
            [
              65134.107285828664,
              15264.211369095277
            ],
            [
              65140.11208967174,
              15270.216172938352
            ],
            [
              65140.11208967174,
              15294.23538831065
            ],
            [
              65146.116893514816,
              15300.240192153724
            ],
            [
              65146.116893514816,
              15312.249799839872
            ],
            [
              65140.11208967174,
              15318.254603682948
            ],
            [
              65140.11208967174,
              15324.259407526022
            ],
            [
              65134.107285828664,
              15330.264211369096
            ],
            [
              65134.107285828664,
              15336.26901521217
            ],
            [
              65116.092874299444,
              15354.283426741395
            ],
            [
              65110.08807045637,
              15348.278622898319
            ],
            [
              65104.08326661329,
              15348.278622898319
            ],
            [
              65098.07846277022,
              15342.273819055245
            ],
            [
              65098.07846277022,
              15330.264211369096
            ],
            [
              65092.07365892715,
              15324.259407526022
            ],
            [
              65092.07365892715,
              15282.2257806245
            ],
            [
              65098.07846277022,
              15276.220976781426
            ],
            [
              65098.07846277022,
              15258.206565252203
            ],
            [
              65104.08326661329,
              15252.201761409127
            ],
            [
              65104.08326661329,
              15234.187349879905
            ],
            [
              65086.06885508407,
              15216.17293835068
            ],
            [
              65080.064051240995,
              15216.17293835068
            ],
            [
              65068.05444355485,
              15204.163330664533
            ],
            [
              65068.05444355485,
              15198.158526821459
            ],
            [
              65038.03042433948,
              15198.158526821459
            ],
            [
              65032.0256204964,
              15192.153722978384
            ],
            [
              64971.97758206566,
              15192.153722978384
            ],
            [
              64959.967974379506,
              15180.144115292234
            ],
            [
              64953.96317053643,
              15180.144115292234
            ],
            [
              64917.93434747799,
              15144.115292233788
            ],
            [
              64905.92473979184,
              15144.115292233788
            ],
            [
              64899.91993594876,
              15138.110488390714
            ],
            [
              64887.91032826262,
              15138.110488390714
            ],
            [
              64881.90552441954,
              15132.10568454764
            ],
            [
              64875.900720576465,
              15132.10568454764
            ],
            [
              64869.89591673339,
              15126.100880704564
            ],
            [
              64863.89111289031,
              15126.100880704564
            ],
            [
              64857.886309047244,
              15120.09607686149
            ],
            [
              64845.87670136109,
              15120.09607686149
            ],
            [
              64839.871897518016,
              15114.091273018415
            ],
            [
              64821.857485988796,
              15114.091273018415
            ],
            [
              64815.85268214572,
              15108.086469175341
            ],
            [
              64809.847878302644,
              15108.086469175341
            ],
            [
              64791.83346677342,
              15090.072057646117
            ],
            [
              64779.82385908727,
              15090.072057646117
            ],
            [
              64773.819055244196,
              15084.067253803043
            ],
            [
              64749.7998398719,
              15084.067253803043
            ],
            [
              64743.79503602882,
              15078.062449959969
            ],
            [
              64737.790232185755,
              15078.062449959969
            ],
            [
              64731.78542834268,
              15072.057646116895
            ],
            [
              64725.7806244996,
              15072.057646116895
            ],
            [
              64701.761409127306,
              15048.038430744597
            ],
            [
              64677.74219375501,
              15048.038430744597
            ],
            [
              64671.737389911934,
              15042.033626901522
            ],
            [
              64641.71337069656,
              15042.033626901522
            ],
            [
              64635.708566853486,
              15036.028823058448
            ]
          ]
        ]
      }
    },
    {
      "type": "Feature",
      "properties": {
        "class_id": 2,
        "classification": "Fold",
        "area": 18.0288345969009
      },
      "geometry": {
        "type": "Polygon",
        "coordinates": [
          [
            [
              64563.650920736596,
              15006.004803843076
            ],
            [
              64563.650920736596,
              15012.00960768615
            ],
            [
              64575.66052842274,
              15012.00960768615
            ],
            [
              64569.655724579665,
              15012.00960768615
            ],
            [
              64563.650920736596,
              15006.004803843076
            ]
          ]
        ]
      }
    },
    {
      "type": "Feature",
      "properties": {
        "class_id": 2,
        "classification": "Fold",
        "area": 1983.171805659099
      },
      "geometry": {
        "type": "Polygon",
        "coordinates": [
          [
            [
              9295.436349079264,
              14009.207365892715
            ],
            [
              9289.43154523619,
              14015.212169735789
            ],
            [
              9283.426741393116,
              14015.212169735789
            ],
            [
              9277.42193755004,
              14021.216973578865
            ],
            [
              9271.417133706966,
              14021.216973578865
            ],
            [
              9271.417133706966,
              14027.221777421939
            ],
            [
              9265.412329863892,
              14033.226581265013
            ],
            [
              9271.417133706966,
              14039.231385108087
            ],
            [
              9271.417133706966,
              14045.236188951161
            ],
            [
              9283.426741393116,
              14045.236188951161
            ],
            [
              9289.43154523619,
              14051.240992794235
            ],
            [
              9319.455564451562,
              14051.240992794235
            ],
            [
              9331.46517213771,
              14039.231385108087
            ],
            [
              9331.46517213771,
              14027.221777421939
            ],
            [
              9319.455564451562,
              14015.212169735789
            ],
            [
              9307.445956765412,
              14015.212169735789
            ],
            [
              9301.441152922338,
              14009.207365892715
            ],
            [
              9295.436349079264,
              14009.207365892715
            ]
          ]
        ]
      }
    },
    {
      "type": "Feature",
      "properties": {
        "class_id": 2,
        "classification": "Fold",
        "area": 3335.3344004266664
      },
      "geometry": {
        "type": "Polygon",
        "coordinates": [
          [
            [
              15378.302642113691,
              13444.755804643715
            ],
            [
              15372.297838270617,
              13450.76060848679
            ],
            [
              15372.297838270617,
              13516.81345076061
            ],
            [
              15390.312249799841,
              13516.81345076061
            ],
            [
              15396.317053642915,
              13510.808646917534
            ],
            [
              15402.32185748599,
              13510.808646917534
            ],
            [
              15408.326661329063,
              13504.80384307446
            ],
            [
              15414.33146517214,
              13504.80384307446
            ],
            [
              15420.336269015213,
              13498.799039231386
            ],
            [
              15420.336269015213,
              13492.794235388312
            ],
            [
              15426.341072858288,
              13486.789431545238
            ],
            [
              15426.341072858288,
              13480.784627702162
            ],
            [
              15432.345876701362,
              13474.779823859088
            ],
            [
              15432.345876701362,
              13468.775020016014
            ],
            [
              15426.341072858288,
              13462.77021617294
            ],
            [
              15426.341072858288,
              13456.765412329865
            ],
            [
              15420.336269015213,
              13450.76060848679
            ],
            [
              15402.32185748599,
              13450.76060848679
            ],
            [
              15396.317053642915,
              13444.755804643715
            ],
            [
              15378.302642113691,
              13444.755804643715
            ]
          ]
        ]
      }
    },
    {
      "type": "Feature",
      "properties": {
        "class_id": 2,
        "classification": "Fold",
        "area": 6508.409289481225
      },
      "geometry": {
        "type": "Polygon",
        "coordinates": [
          [
            [
              9163.330664531626,
              12742.193755004004
            ],
            [
              9157.325860688552,
              12748.198558847078
            ],
            [
              9151.321056845476,
              12748.198558847078
            ],
            [
              9151.321056845476,
              12754.203362690152
            ],
            [
              9145.316253002402,
              12760.208166533228
            ],
            [
              9151.321056845476,
              12766.212970376302
            ],
            [
              9151.321056845476,
              12784.227381905524
            ],
            [
              9157.325860688552,
              12790.2321857486
            ],
            [
              9157.325860688552,
              12802.241793434749
            ],
            [
              9163.330664531626,
              12808.246597277823
            ],
            [
              9163.330664531626,
              12820.256204963973
            ],
            [
              9169.3354683747,
              12826.261008807047
            ],
            [
              9169.3354683747,
              12838.270616493195
            ],
            [
              9175.340272217774,
              12844.27542033627
            ],
            [
              9175.340272217774,
              12850.280224179343
            ],
            [
              9211.36909527622,
              12886.309047237792
            ],
            [
              9217.373899119297,
              12886.309047237792
            ],
            [
              9217.373899119297,
              12766.212970376302
            ],
            [
              9205.364291433147,
              12766.212970376302
            ],
            [
              9187.349879903924,
              12748.198558847078
            ],
            [
              9181.345076060848,
              12748.198558847078
            ],
            [
              9175.340272217774,
              12742.193755004004
            ],
            [
              9163.330664531626,
              12742.193755004004
            ]
          ]
        ]
      }
    },
    {
      "type": "Feature",
      "properties": {
        "class_id": 2,
        "classification": "Fold",
        "area": 2073.3159786436036
      },
      "geometry": {
        "type": "Polygon",
        "coordinates": [
          [
            [
              52920.33626901521,
              12267.814251401122
            ],
            [
              52902.32185748599,
              12285.828662930346
            ],
            [
              52890.31224979984,
              12285.828662930346
            ],
            [
              52896.31705364292,
              12285.828662930346
            ],
            [
              52902.32185748599,
              12291.83346677342
            ],
            [
              53010.40832666133,
              12291.83346677342
            ],
            [
              53004.403522818255,
              12285.828662930346
            ],
            [
              53004.403522818255,
              12279.82385908727
            ],
            [
              52998.398718975186,
              12279.82385908727
            ],
            [
              52992.39391513211,
              12273.819055244196
            ],
            [
              52974.37950360288,
              12273.819055244196
            ],
            [
              52968.374699759814,
              12267.814251401122
            ],
            [
              52920.33626901521,
              12267.814251401122
            ]
          ]
        ]
      }
    },
    {
      "type": "Feature",
      "properties": {
        "class_id": 2,
        "classification": "Fold",
        "area": 25294.454939451964
      },
      "geometry": {
        "type": "Polygon",
        "coordinates": [
          [
            [
              52518.01441152923,
              12177.742193755004
            ],
            [
              52518.01441152923,
              12195.756605284228
            ],
            [
              52530.02401921537,
              12207.766212970377
            ],
            [
              52530.02401921537,
              12225.7806244996
            ],
            [
              52506.004803843076,
              12249.799839871897
            ],
            [
              52481.98558847078,
              12249.799839871897
            ],
            [
              52475.9807846277,
              12243.795036028823
            ],
            [
              52469.97598078463,
              12243.795036028823
            ],
            [
              52457.96637309848,
              12231.785428342675
            ],
            [
              52451.96156925541,
              12237.79023218575
            ],
            [
              52451.96156925541,
              12243.795036028823
            ],
            [
              52445.95676541233,
              12249.799839871897
            ],
            [
              52445.95676541233,
              12261.809447558047
            ],
            [
              52475.9807846277,
              12291.83346677342
            ],
            [
              52554.043234587676,
              12291.83346677342
            ],
            [
              52566.05284227382,
              12279.82385908727
            ],
            [
              52578.06244995997,
              12291.83346677342
            ],
            [
              52788.23058446758,
              12291.83346677342
            ],
            [
              52788.23058446758,
              12273.819055244196
            ],
            [
              52782.2257806245,
              12267.814251401122
            ],
            [
              52782.2257806245,
              12261.809447558047
            ],
            [
              52770.21617293835,
              12249.799839871897
            ],
            [
              52758.20656525221,
              12249.799839871897
            ],
            [
              52752.20176140913,
              12243.795036028823
            ],
            [
              52740.19215372298,
              12243.795036028823
            ],
            [
              52734.18734987991,
              12237.79023218575
            ],
            [
              52728.182546036835,
              12237.79023218575
            ],
            [
              52716.17293835068,
              12225.7806244996
            ],
            [
              52710.16813450761,
              12225.7806244996
            ],
            [
              52698.15852682146,
              12213.77101681345
            ],
            [
              52692.153722978386,
              12213.77101681345
            ],
            [
              52686.14891913531,
              12207.766212970377
            ],
            [
              52680.144115292234,
              12207.766212970377
            ],
            [
              52674.139311449166,
              12201.761409127303
            ],
            [
              52662.129703763014,
              12201.761409127303
            ],
            [
              52656.12489991994,
              12195.756605284228
            ],
            [
              52638.11048839072,
              12195.756605284228
            ],
            [
              52632.10568454764,
              12189.751801441154
            ],
            [
              52596.07686148919,
              12189.751801441154
            ],
            [
              52590.07205764612,
              12183.746997598078
            ],
            [
              52566.05284227382,
              12183.746997598078
            ],
            [
              52560.048038430745,
              12177.742193755004
            ],
            [
              52518.01441152923,
              12177.742193755004
            ]
          ]
        ]
      }
    },
    {
      "type": "Feature",
      "properties": {
        "class_id": 2,
        "classification": "Fold",
        "area": 64543.22785690522
      },
      "geometry": {
        "type": "Polygon",
        "coordinates": [
          [
            [
              9067.253803042435,
              11883.506805444356
            ],
            [
              9061.24899919936,
              11889.51160928743
            ],
            [
              9055.244195356285,
              11889.51160928743
            ],
            [
              9049.23939151321,
              11895.516413130505
            ],
            [
              9049.23939151321,
              11901.521216973579
            ],
            [
              9037.229783827062,
              11913.530824659729
            ],
            [
              9037.229783827062,
              11925.540432345877
            ],
            [
              9031.224979983988,
              11931.545236188951
            ],
            [
              9031.224979983988,
              11937.550040032027
            ],
            [
              9013.210568454764,
              11955.56445156125
            ],
            [
              9013.210568454764,
              11961.569255404323
            ],
            [
              9007.20576461169,
              11967.5740592474
            ],
            [
              9007.20576461169,
              11973.578863090474
            ],
            [
              9001.200960768616,
              11979.583666933548
            ],
            [
              9001.200960768616,
              12063.65092073659
            ],
            [
              8989.191353082466,
              12075.660528422739
            ],
            [
              8989.191353082466,
              12081.665332265813
            ],
            [
              8983.186549239392,
              12087.670136108887
            ],
            [
              8983.186549239392,
              12099.679743795037
            ],
            [
              8977.181745396318,
              12105.684547638111
            ],
            [
              8977.181745396318,
              12207.766212970377
            ],
            [
              8971.176941553244,
              12213.77101681345
            ],
            [
              8971.176941553244,
              12225.7806244996
            ],
            [
              8965.17213771017,
              12231.785428342675
            ],
            [
              8965.17213771017,
              12243.795036028823
            ],
            [
              8947.157726180945,
              12261.809447558047
            ],
            [
              8935.148118494797,
              12261.809447558047
            ],
            [
              8923.138510808647,
              12273.819055244196
            ],
            [
              8923.138510808647,
              12291.83346677342
            ],
            [
              9091.273018414733,
              12291.83346677342
            ],
            [
              9097.277822257807,
              12285.828662930346
            ],
            [
              9097.277822257807,
              12279.82385908727
            ],
            [
              9103.282626100881,
              12273.819055244196
            ],
            [
              9103.282626100881,
              12261.809447558047
            ],
            [
              9109.287429943955,
              12255.804643714973
            ],
            [
              9109.287429943955,
              12243.795036028823
            ],
            [
              9139.311449159328,
              12213.77101681345
            ],
            [
              9157.325860688552,
              12213.77101681345
            ],
            [
              9181.345076060848,
              12237.79023218575
            ],
            [
              9181.345076060848,
              12249.799839871897
            ],
            [
              9187.349879903924,
              12255.804643714973
            ],
            [
              9187.349879903924,
              12267.814251401122
            ],
            [
              9193.354683746998,
              12273.819055244196
            ],
            [
              9199.359487590073,
              12273.819055244196
            ],
            [
              9205.364291433147,
              12279.82385908727
            ],
            [
              9199.359487590073,
              12285.828662930346
            ],
            [
              9199.359487590073,
              12291.83346677342
            ],
            [
              9217.373899119297,
              12291.83346677342
            ],
            [
              9217.373899119297,
              12267.814251401122
            ],
            [
              9211.36909527622,
              12267.814251401122
            ],
            [
              9199.359487590073,
              12255.804643714973
            ],
            [
              9205.364291433147,
              12249.799839871897
            ],
            [
              9217.373899119297,
              12249.799839871897
            ],
            [
              9223.37870296237,
              12243.795036028823
            ],
            [
              9247.39791833467,
              12243.795036028823
            ],
            [
              9247.39791833467,
              12237.79023218575
            ],
            [
              9253.402722177743,
              12231.785428342675
            ],
            [
              9253.402722177743,
              12207.766212970377
            ],
            [
              9247.39791833467,
              12201.761409127303
            ],
            [
              9247.39791833467,
              12189.751801441154
            ],
            [
              9241.393114491593,
              12183.746997598078
            ],
            [
              9241.393114491593,
              12177.742193755004
            ],
            [
              9223.37870296237,
              12177.742193755004
            ],
            [
              9217.373899119297,
              12171.73738991193
            ],
            [
              9217.373899119297,
              12003.602882305846
            ],
            [
              9187.349879903924,
              12003.602882305846
            ],
            [
              9181.345076060848,
              12009.60768614892
            ],
            [
              9169.3354683747,
              12009.60768614892
            ],
            [
              9145.316253002402,
              12033.626901521218
            ],
            [
              9145.316253002402,
              12039.631705364292
            ],
            [
              9139.311449159328,
              12045.636509207367
            ],
            [
              9139.311449159328,
              12069.655724579665
            ],
            [
              9145.316253002402,
              12075.660528422739
            ],
            [
              9145.316253002402,
              12105.684547638111
            ],
            [
              9139.311449159328,
              12111.689351481185
            ],
            [
              9139.311449159328,
              12129.70376301041
            ],
            [
              9133.306645316254,
              12135.708566853484
            ],
            [
              9133.306645316254,
              12141.713370696558
            ],
            [
              9127.30184147318,
              12147.718174539632
            ],
            [
              9127.30184147318,
              12153.722978382706
            ],
            [
              9115.29223378703,
              12165.732586068856
            ],
            [
              9115.29223378703,
              12171.73738991193
            ],
            [
              9109.287429943955,
              12177.742193755004
            ],
            [
              9091.273018414733,
              12159.727782225782
            ],
            [
              9091.273018414733,
              12153.722978382706
            ],
            [
              9079.263410728583,
              12141.713370696558
            ],
            [
              9079.263410728583,
              12135.708566853484
            ],
            [
              9073.258606885509,
              12129.70376301041
            ],
            [
              9073.258606885509,
              12123.698959167334
            ],
            [
              9067.253803042435,
              12117.69415532426
            ],
            [
              9067.253803042435,
              12105.684547638111
            ],
            [
              9061.24899919936,
              12099.679743795037
            ],
            [
              9061.24899919936,
              12081.665332265813
            ],
            [
              9073.258606885509,
              12069.655724579665
            ],
            [
              9073.258606885509,
              12063.65092073659
            ],
            [
              9079.263410728583,
              12057.646116893515
            ],
            [
              9079.263410728583,
              12051.64131305044
            ],
            [
              9085.268214571657,
              12045.636509207367
            ],
            [
              9085.268214571657,
              12039.631705364292
            ],
            [
              9091.273018414733,
              12033.626901521218
            ],
            [
              9091.273018414733,
              12021.617293835068
            ],
            [
              9097.277822257807,
              12015.612489991994
            ],
            [
              9097.277822257807,
              11985.588470776622
            ],
            [
              9103.282626100881,
              11979.583666933548
            ],
            [
              9103.282626100881,
              11955.56445156125
            ],
            [
              9109.287429943955,
              11949.559647718175
            ],
            [
              9109.287429943955,
              11919.535628502803
            ],
            [
              9103.282626100881,
              11913.530824659729
            ],
            [
              9103.282626100881,
              11907.526020816655
            ],
            [
              9097.277822257807,
              11901.521216973579
            ],
            [
              9097.277822257807,
              11895.516413130505
            ],
            [
              9091.273018414733,
              11889.51160928743
            ],
            [
              9085.268214571657,
              11889.51160928743
            ],
            [
              9079.263410728583,
              11883.506805444356
            ],
            [
              9067.253803042435,
              11883.506805444356
            ]
          ]
        ]
      }
    },
    {
      "type": "Feature",
      "properties": {
        "class_id": 2,
        "classification": "Fold",
        "area": 649.0380454884324
      },
      "geometry": {
        "type": "Polygon",
        "coordinates": [
          [
            [
              24529.623698959167,
              9697.758206565253
            ],
            [
              24523.618895116095,
              9703.763010408327
            ],
            [
              24517.61409127302,
              9703.763010408327
            ],
            [
              24517.61409127302,
              9709.767814251401
            ],
            [
              24511.609287429947,
              9715.772618094476
            ],
            [
              24511.609287429947,
              9727.782225780626
            ],
            [
              24517.61409127302,
              9733.7870296237
            ],
            [
              24523.618895116095,
              9733.7870296237
            ],
            [
              24535.628502802243,
              9721.777421937551
            ],
            [
              24535.628502802243,
              9715.772618094476
            ],
            [
              24541.63330664532,
              9709.767814251401
            ],
            [
              24529.623698959167,
              9697.758206565253
            ]
          ]
        ]
      }
    },
    {
      "type": "Feature",
      "properties": {
        "class_id": 2,
        "classification": "Fold",
        "area": 72.1153383876036
      },
      "geometry": {
        "type": "Polygon",
        "coordinates": [
          [
            [
              26439.15132105685,
              9211.36909527622
            ],
            [
              26439.15132105685,
              9217.373899119297
            ],
            [
              26451.160928742996,
              9217.373899119297
            ],
            [
              26451.160928742996,
              9211.36909527622
            ],
            [
              26439.15132105685,
              9211.36909527622
            ]
          ]
        ]
      }
    },
    {
      "type": "Feature",
      "properties": {
        "class_id": 2,
        "classification": "Fold",
        "area": 2055.2871440467025
      },
      "geometry": {
        "type": "Polygon",
        "coordinates": [
          [
            [
              19203.362690152124,
              9175.340272217774
            ],
            [
              19197.357886309048,
              9181.345076060848
            ],
            [
              19179.343474779824,
              9181.345076060848
            ],
            [
              19179.343474779824,
              9187.349879903924
            ],
            [
              19173.33867093675,
              9193.354683746998
            ],
            [
              19173.33867093675,
              9199.359487590073
            ],
            [
              19179.343474779824,
              9205.364291433147
            ],
            [
              19179.343474779824,
              9217.373899119297
            ],
            [
              19233.386709367496,
              9217.373899119297
            ],
            [
              19233.386709367496,
              9193.354683746998
            ],
            [
              19215.372297838272,
              9175.340272217774
            ],
            [
              19203.362690152124,
              9175.340272217774
            ]
          ]
        ]
      }
    },
    {
      "type": "Feature",
      "properties": {
        "class_id": 2,
        "classification": "Fold",
        "area": 2686.296354938234
      },
      "geometry": {
        "type": "Polygon",
        "coordinates": [
          [
            [
              19047.237790232186,
              9163.330664531626
            ],
            [
              19041.232986389114,
              9169.3354683747
            ],
            [
              19029.22337870296,
              9169.3354683747
            ],
            [
              19023.21857485989,
              9175.340272217774
            ],
            [
              19017.213771016814,
              9175.340272217774
            ],
            [
              19017.213771016814,
              9181.345076060848
            ],
            [
              19011.20896717374,
              9187.349879903924
            ],
            [
              19017.213771016814,
              9193.354683746998
            ],
            [
              19017.213771016814,
              9199.359487590073
            ],
            [
              19023.21857485989,
              9205.364291433147
            ],
            [
              19023.21857485989,
              9217.373899119297
            ],
            [
              19071.257005604486,
              9217.373899119297
            ],
            [
              19077.26180944756,
              9211.36909527622
            ],
            [
              19071.257005604486,
              9205.364291433147
            ],
            [
              19077.26180944756,
              9199.359487590073
            ],
            [
              19077.26180944756,
              9187.349879903924
            ],
            [
              19071.257005604486,
              9181.345076060848
            ],
            [
              19071.257005604486,
              9175.340272217774
            ],
            [
              19065.25220176141,
              9169.3354683747
            ],
            [
              19059.247397918334,
              9169.3354683747
            ],
            [
              19053.242594075262,
              9163.330664531626
            ],
            [
              19047.237790232186,
              9163.330664531626
            ]
          ]
        ]
      }
    },
    {
      "type": "Feature",
      "properties": {
        "class_id": 2,
        "classification": "Fold",
        "area": 54.0865037907027
      },
      "geometry": {
        "type": "Polygon",
        "coordinates": [
          [
            [
              33819.055244195355,
              8244.595676541234
            ],
            [
              33819.055244195355,
              8256.605284227382
            ],
            [
              33825.06004803843,
              8256.605284227382
            ],
            [
              33825.06004803843,
              8250.600480384308
            ],
            [
              33819.055244195355,
              8244.595676541234
            ]
          ]
        ]
      }
    },
    {
      "type": "Feature",
      "properties": {
        "class_id": 2,
        "classification": "Fold",
        "area": 631.0092108915316
      },
      "geometry": {
        "type": "Polygon",
        "coordinates": [
          [
            [
              9217.373899119297,
              7596.076861489192
            ],
            [
              9205.364291433147,
              7608.08646917534
            ],
            [
              9205.364291433147,
              7650.120096076862
            ],
            [
              9211.36909527622,
              7656.124899919936
            ],
            [
              9217.373899119297,
              7656.124899919936
            ],
            [
              9217.373899119297,
              7596.076861489192
            ]
          ]
        ]
      }
    },
    {
      "type": "Feature",
      "properties": {
        "class_id": 2,
        "classification": "Fold",
        "area": 9465.138163372972
      },
      "geometry": {
        "type": "Polygon",
        "coordinates": [
          [
            [
              27652.12169735789,
              5320.256204963972
            ],
            [
              27646.116893514813,
              5326.261008807046
            ],
            [
              27634.107285828664,
              5326.261008807046
            ],
            [
              27568.054443554847,
              5392.313851080865
            ],
            [
              27568.054443554847,
              5404.323458767014
            ],
            [
              27562.04963971177,
              5410.328262610088
            ],
            [
              27562.04963971177,
              5416.333066453163
            ],
            [
              27568.054443554847,
              5422.337870296237
            ],
            [
              27568.054443554847,
              5428.342674139311
            ],
            [
              27574.05924739792,
              5434.347477982386
            ],
            [
              27574.05924739792,
              5440.3522818254605
            ],
            [
              27580.064051240995,
              5446.357085668536
            ],
            [
              27586.068855084068,
              5446.357085668536
            ],
            [
              27592.073658927144,
              5452.36188951161
            ],
            [
              27622.097678142516,
              5452.36188951161
            ],
            [
              27628.10248198559,
              5446.357085668536
            ],
            [
              27634.107285828664,
              5446.357085668536
            ],
            [
              27640.11208967174,
              5440.3522818254605
            ],
            [
              27664.131305044037,
              5440.3522818254605
            ],
            [
              27664.131305044037,
              5320.256204963972
            ],
            [
              27652.12169735789,
              5320.256204963972
            ]
          ]
        ]
      }
    },
    {
      "type": "Feature",
      "properties": {
        "class_id": 2,
        "classification": "Fold",
        "area": 162.2595113721081
      },
      "geometry": {
        "type": "Polygon",
        "coordinates": [
          [
            [
              30744.595676541234,
              3050.4403522818257
            ],
            [
              30744.595676541234,
              3068.454763811049
            ],
            [
              30756.605284227382,
              3068.454763811049
            ],
            [
              30756.605284227382,
              3056.4451561249
            ],
            [
              30750.60048038431,
              3056.4451561249
            ],
            [
              30744.595676541234,
              3050.4403522818257
            ]
          ]
        ]
      }
    },
    {
      "type": "Feature",
      "properties": {
        "class_id": 2,
        "classification": "Fold",
        "area": 5246.390867698162
      },
      "geometry": {
        "type": "Polygon",
        "coordinates": [
          [
            [
              18777.021617293834,
              1080.864691753403
            ],
            [
              18753.002401921538,
              1104.8839071257007
            ],
            [
              18753.002401921538,
              1110.888710968775
            ],
            [
              18746.997598078462,
              1116.8935148118496
            ],
            [
              18746.997598078462,
              1128.9031224979985
            ],
            [
              18740.99279423539,
              1134.9079263410729
            ],
            [
              18740.99279423539,
              1146.9175340272218
            ],
            [
              18746.997598078462,
              1152.9223378702964
            ],
            [
              18746.997598078462,
              1158.9271417133707
            ],
            [
              18777.021617293834,
              1158.9271417133707
            ],
            [
              18783.02642113691,
              1152.9223378702964
            ],
            [
              18807.045636509207,
              1152.9223378702964
            ],
            [
              18813.050440352283,
              1146.9175340272218
            ],
            [
              18819.05524419536,
              1146.9175340272218
            ],
            [
              18825.06004803843,
              1140.9127301841474
            ],
            [
              18831.064851881507,
              1140.9127301841474
            ],
            [
              18837.06965572458,
              1134.9079263410729
            ],
            [
              18837.06965572458,
              1116.8935148118496
            ],
            [
              18819.05524419536,
              1098.8791032826261
            ],
            [
              18813.050440352283,
              1098.8791032826261
            ],
            [
              18801.040832666135,
              1086.8694955964772
            ],
            [
              18795.03602882306,
              1086.8694955964772
            ],
            [
              18789.031224979986,
              1080.864691753403
            ],
            [
              18777.021617293834,
              1080.864691753403
            ]
          ]
        ]
      }
    },
    {
      "type": "Feature",
      "properties": {
        "class_id": 2,
        "classification": "Fold",
        "area": 76135.7685027125
      },
      "geometry": {
        "type": "Polygon",
        "coordinates": [
          [
            [
              18927.141713370696,
              648.5188150520416
            ],
            [
              18921.136909527624,
              654.5236188951161
            ],
            [
              18903.1224979984,
              654.5236188951161
            ],
            [
              18891.11289031225,
              666.533226581265
            ],
            [
              18891.11289031225,
              684.5476381104884
            ],
            [
              18885.108086469176,
              690.5524419535628
            ],
            [
              18885.108086469176,
              702.5620496397119
            ],
            [
              18879.103282626103,
              708.5668534827863
            ],
            [
              18879.103282626103,
              714.5716573258608
            ],
            [
              18873.098478783028,
              720.5764611689352
            ],
            [
              18873.098478783028,
              768.6148919135309
            ],
            [
              18861.08887109688,
              780.6244995996798
            ],
            [
              18855.084067253803,
              780.6244995996798
            ],
            [
              18849.07926341073,
              786.6293034427542
            ],
            [
              18825.06004803843,
              786.6293034427542
            ],
            [
              18819.05524419536,
              792.6341072858287
            ],
            [
              18801.040832666135,
              792.6341072858287
            ],
            [
              18795.03602882306,
              798.6389111289031
            ],
            [
              18789.031224979986,
              798.6389111289031
            ],
            [
              18789.031224979986,
              804.6437149719776
            ],
            [
              18783.02642113691,
              810.6485188150521
            ],
            [
              18783.02642113691,
              822.658126501201
            ],
            [
              18777.021617293834,
              828.6629303442754
            ],
            [
              18777.021617293834,
              912.7301841473179
            ],
            [
              18783.02642113691,
              918.7349879903924
            ],
            [
              18783.02642113691,
              924.7397918334668
            ],
            [
              18801.040832666135,
              942.7542033626902
            ],
            [
              18819.05524419536,
              942.7542033626902
            ],
            [
              18837.06965572458,
              960.7686148919136
            ],
            [
              18855.084067253803,
              960.7686148919136
            ],
            [
              18861.08887109688,
              966.773418734988
            ],
            [
              18879.103282626103,
              966.773418734988
            ],
            [
              18885.108086469176,
              972.7782225780625
            ],
            [
              18903.1224979984,
              972.7782225780625
            ],
            [
              18909.127301841476,
              978.7830264211369
            ],
            [
              18915.132105684548,
              978.7830264211369
            ],
            [
              18927.141713370696,
              990.7926341072858
            ],
            [
              18933.146517213772,
              990.7926341072858
            ],
            [
              18963.170536429145,
              1020.8166533226582
            ],
            [
              18981.18494795837,
              1020.8166533226582
            ],
            [
              19005.204163330665,
              996.7974379503603
            ],
            [
              19011.20896717374,
              996.7974379503603
            ],
            [
              19017.213771016814,
              990.7926341072858
            ],
            [
              19023.21857485989,
              990.7926341072858
            ],
            [
              19029.22337870296,
              984.7878302642114
            ],
            [
              19035.228182546038,
              984.7878302642114
            ],
            [
              19041.232986389114,
              978.7830264211369
            ],
            [
              19041.232986389114,
              972.7782225780625
            ],
            [
              19047.237790232186,
              966.773418734988
            ],
            [
              19047.237790232186,
              954.7638110488391
            ],
            [
              19053.242594075262,
              948.7590072057646
            ],
            [
              19053.242594075262,
              942.7542033626902
            ],
            [
              19059.247397918334,
              936.7493995196157
            ],
            [
              19059.247397918334,
              930.7445956765413
            ],
            [
              19065.25220176141,
              924.7397918334668
            ],
            [
              19065.25220176141,
              918.7349879903924
            ],
            [
              19077.26180944756,
              906.7253803042435
            ],
            [
              19077.26180944756,
              900.720576461169
            ],
            [
              19083.266613290634,
              894.7157726180945
            ],
            [
              19083.266613290634,
              834.6677341873499
            ],
            [
              19077.26180944756,
              828.6629303442754
            ],
            [
              19077.26180944756,
              810.6485188150521
            ],
            [
              19071.257005604486,
              804.6437149719776
            ],
            [
              19071.257005604486,
              792.6341072858287
            ],
            [
              19065.25220176141,
              786.6293034427542
            ],
            [
              19065.25220176141,
              774.6196957566053
            ],
            [
              19059.247397918334,
              768.6148919135309
            ],
            [
              19059.247397918334,
              756.605284227382
            ],
            [
              19047.237790232186,
              744.595676541233
            ],
            [
              19047.237790232186,
              738.5908726981586
            ],
            [
              19041.232986389114,
              732.5860688550841
            ],
            [
              19041.232986389114,
              726.5812650120097
            ],
            [
              19029.22337870296,
              714.5716573258608
            ],
            [
              19029.22337870296,
              708.5668534827863
            ],
            [
              19023.21857485989,
              702.5620496397119
            ],
            [
              19023.21857485989,
              696.5572457966374
            ],
            [
              19017.213771016814,
              690.5524419535628
            ],
            [
              19017.213771016814,
              684.5476381104884
            ],
            [
              18993.194555644517,
              660.5284227381906
            ],
            [
              18987.18975180144,
              660.5284227381906
            ],
            [
              18981.18494795837,
              654.5236188951161
            ],
            [
              18963.170536429145,
              654.5236188951161
            ],
            [
              18957.16573258607,
              648.5188150520416
            ],
            [
              18927.141713370696,
              648.5188150520416
            ]
          ]
        ]
      }
    },
    {
      "type": "Feature",
      "properties": {
        "class_id": 2,
        "classification": "Fold",
        "area": 1316.1049255737657
      },
      "geometry": {
        "type": "Polygon",
        "coordinates": [
          [
            [
              18819.05524419536,
              630.5044035228183
            ],
            [
              18813.050440352283,
              636.5092073658927
            ],
            [
              18807.045636509207,
              636.5092073658927
            ],
            [
              18795.03602882306,
              648.5188150520416
            ],
            [
              18795.03602882306,
              654.5236188951161
            ],
            [
              18801.040832666135,
              660.5284227381906
            ],
            [
              18837.06965572458,
              660.5284227381906
            ],
            [
              18849.07926341073,
              648.5188150520416
            ],
            [
              18849.07926341073,
              636.5092073658927
            ],
            [
              18843.074459567655,
              630.5044035228183
            ],
            [
              18819.05524419536,
              630.5044035228183
            ]
          ]
        ]
      }
    },
    {
      "type": "Feature",
      "properties": {
        "class_id": 3,
        "classification": "Darkspot & Foreign Object",
        "area": 1730.7681213024864
      },
      "geometry": {
        "type": "Polygon",
        "coordinates": [
          [
            [
              35710.568454763816,
              67758.2065652522
            ],
            [
              35692.55404323459,
              67776.22097678143
            ],
            [
              35692.55404323459,
              67782.2257806245
            ],
            [
              35686.54923939151,
              67788.23058446757
            ],
            [
              35686.54923939151,
              67806.2449959968
            ],
            [
              35722.57806244996,
              67806.2449959968
            ],
            [
              35728.582866293036,
              67800.24019215372
            ],
            [
              35734.58767013611,
              67800.24019215372
            ],
            [
              35734.58767013611,
              67782.2257806245
            ],
            [
              35728.582866293036,
              67776.22097678143
            ],
            [
              35728.582866293036,
              67770.21617293835
            ],
            [
              35716.573258606884,
              67758.2065652522
            ],
            [
              35710.568454763816,
              67758.2065652522
            ]
          ]
        ]
      }
    },
    {
      "type": "Feature",
      "properties": {
        "class_id": 3,
        "classification": "Darkspot & Foreign Object",
        "area": 12259.607525892612
      },
      "geometry": {
        "type": "Polygon",
        "coordinates": [
          [
            [
              12063.65092073659,
              67343.87510008007
            ],
            [
              12057.646116893515,
              67349.87990392314
            ],
            [
              12045.636509207367,
              67349.87990392314
            ],
            [
              12027.622097678142,
              67367.89431545236
            ],
            [
              12027.622097678142,
              67373.89911929544
            ],
            [
              12021.617293835068,
              67379.90392313851
            ],
            [
              12021.617293835068,
              67385.9087269816
            ],
            [
              12015.612489991994,
              67391.91353082466
            ],
            [
              12015.612489991994,
              67409.92794235388
            ],
            [
              12009.60768614892,
              67415.93274619697
            ],
            [
              12009.60768614892,
              67524.0192153723
            ],
            [
              12003.602882305846,
              67530.02401921537
            ],
            [
              12003.602882305846,
              67554.04323458768
            ],
            [
              12021.617293835068,
              67554.04323458768
            ],
            [
              12033.626901521218,
              67542.03362690152
            ],
            [
              12039.631705364292,
              67542.03362690152
            ],
            [
              12045.636509207367,
              67536.02882305846
            ],
            [
              12051.64131305044,
              67536.02882305846
            ],
            [
              12063.65092073659,
              67524.0192153723
            ],
            [
              12063.65092073659,
              67493.99519615693
            ],
            [
              12069.655724579665,
              67487.99039231385
            ],
            [
              12069.655724579665,
              67475.98078462771
            ],
            [
              12075.660528422739,
              67469.97598078463
            ],
            [
              12075.660528422739,
              67451.9615692554
            ],
            [
              12081.665332265813,
              67445.95676541234
            ],
            [
              12081.665332265813,
              67403.92313851081
            ],
            [
              12093.674939951963,
              67391.91353082466
            ],
            [
              12093.674939951963,
              67367.89431545236
            ],
            [
              12075.660528422739,
              67349.87990392314
            ],
            [
              12069.655724579665,
              67349.87990392314
            ],
            [
              12063.65092073659,
              67343.87510008007
            ]
          ]
        ]
      }
    },
    {
      "type": "Feature",
      "properties": {
        "class_id": 3,
        "classification": "Darkspot & Foreign Object",
        "area": 685.0957146822342
      },
      "geometry": {
        "type": "Polygon",
        "coordinates": [
          [
            [
              12099.679743795037,
              67229.78382706165
            ],
            [
              12093.674939951963,
              67235.78863090473
            ],
            [
              12093.674939951963,
              67241.7934347478
            ],
            [
              12087.670136108887,
              67247.79823859088
            ],
            [
              12087.670136108887,
              67277.82225780626
            ],
            [
              12093.674939951963,
              67277.82225780626
            ],
            [
              12099.679743795037,
              67271.81745396317
            ],
            [
              12105.684547638111,
              67271.81745396317
            ],
            [
              12105.684547638111,
              67235.78863090473
            ],
            [
              12099.679743795037,
              67229.78382706165
            ]
          ]
        ]
      }
    },
    {
      "type": "Feature",
      "properties": {
        "class_id": 3,
        "classification": "Darkspot & Foreign Object",
        "area": 342.5478573411171
      },
      "geometry": {
        "type": "Polygon",
        "coordinates": [
          [
            [
              12105.684547638111,
              67007.6060848679
            ],
            [
              12105.684547638111,
              67013.61088871097
            ],
            [
              12111.689351481185,
              67019.61569255404
            ],
            [
              12111.689351481185,
              67031.6253002402
            ],
            [
              12117.69415532426,
              67037.63010408328
            ],
            [
              12117.69415532426,
              67043.63490792635
            ],
            [
              12129.70376301041,
              67055.6445156125
            ],
            [
              12129.70376301041,
              67049.63971176941
            ],
            [
              12123.698959167334,
              67043.63490792635
            ],
            [
              12123.698959167334,
              67031.6253002402
            ],
            [
              12117.69415532426,
              67025.62049639712
            ],
            [
              12117.69415532426,
              67013.61088871097
            ],
            [
              12111.689351481185,
              67007.6060848679
            ],
            [
              12105.684547638111,
              67007.6060848679
            ]
          ]
        ]
      }
    },
    {
      "type": "Feature",
      "properties": {
        "class_id": 3,
        "classification": "Darkspot & Foreign Object",
        "area": 144.2306767752072
      },
      "geometry": {
        "type": "Polygon",
        "coordinates": [
          [
            [
              11385.108086469176,
              64647.71817453964
            ],
            [
              11385.108086469176,
              64659.72778222578
            ],
            [
              11391.11289031225,
              64659.72778222578
            ],
            [
              11397.117694155326,
              64665.73258606886
            ],
            [
              11403.1224979984,
              64659.72778222578
            ],
            [
              11397.117694155326,
              64653.72297838271
            ],
            [
              11391.11289031225,
              64653.72297838271
            ],
            [
              11385.108086469176,
              64647.71817453964
            ]
          ]
        ]
      }
    },
    {
      "type": "Feature",
      "properties": {
        "class_id": 3,
        "classification": "Darkspot & Foreign Object",
        "area": 198.3171805659099
      },
      "geometry": {
        "type": "Polygon",
        "coordinates": [
          [
            [
              11192.954363490793,
              64563.650920736596
            ],
            [
              11192.954363490793,
              64575.66052842274
            ],
            [
              11198.959167333867,
              64581.66533226582
            ],
            [
              11204.963971176941,
              64575.66052842274
            ],
            [
              11204.963971176941,
              64569.655724579665
            ],
            [
              11210.968775020017,
              64563.650920736596
            ],
            [
              11192.954363490793,
              64563.650920736596
            ]
          ]
        ]
      }
    },
    {
      "type": "Feature",
      "properties": {
        "class_id": 3,
        "classification": "Darkspot & Foreign Object",
        "area": 66237.9383090139
      },
      "geometry": {
        "type": "Polygon",
        "coordinates": [
          [
            [
              57922.33787029624,
              48981.18494795837
            ],
            [
              57916.33306645317,
              48987.189751801445
            ],
            [
              57850.28022417935,
              48987.189751801445
            ],
            [
              57844.27542033627,
              48993.19455564452
            ],
            [
              57814.2514011209,
              48993.19455564452
            ],
            [
              57808.24659727782,
              48999.19935948759
            ],
            [
              57790.2321857486,
              48999.19935948759
            ],
            [
              57772.21777421938,
              49017.21377101682
            ],
            [
              57766.212970376306,
              49017.21377101682
            ],
            [
              57742.19375500401,
              49041.232986389114
            ],
            [
              57742.19375500401,
              49047.23779023219
            ],
            [
              57736.18895116093,
              49053.242594075266
            ],
            [
              57736.18895116093,
              49059.247397918334
            ],
            [
              57730.18414731786,
              49065.25220176141
            ],
            [
              57730.18414731786,
              49071.257005604486
            ],
            [
              57724.17934347478,
              49077.26180944756
            ],
            [
              57724.17934347478,
              49089.27141713371
            ],
            [
              57718.174539631706,
              49095.27622097678
            ],
            [
              57718.174539631706,
              49107.285828662934
            ],
            [
              57712.16973578864,
              49113.29063250601
            ],
            [
              57712.16973578864,
              49137.30984787831
            ],
            [
              57706.16493194556,
              49143.31465172138
            ],
            [
              57706.16493194556,
              49185.3482786229
            ],
            [
              58090.472377902326,
              49185.3482786229
            ],
            [
              58090.472377902326,
              49155.32425940753
            ],
            [
              58084.46757405925,
              49149.31945556445
            ],
            [
              58084.46757405925,
              49137.30984787831
            ],
            [
              58078.462770216174,
              49131.30504403523
            ],
            [
              58078.462770216174,
              49107.285828662934
            ],
            [
              58072.4579663731,
              49101.28102481986
            ],
            [
              58072.4579663731,
              49065.25220176141
            ],
            [
              58066.45316253003,
              49059.247397918334
            ],
            [
              58066.45316253003,
              49047.23779023219
            ],
            [
              58060.448358686954,
              49041.232986389114
            ],
            [
              58060.448358686954,
              49035.22818254604
            ],
            [
              58024.419535628505,
              48999.19935948759
            ],
            [
              58018.41473178543,
              48999.19935948759
            ],
            [
              58012.40992794236,
              48993.19455564452
            ],
            [
              58006.405124099285,
              48993.19455564452
            ],
            [
              58000.40032025621,
              48987.189751801445
            ],
            [
              57988.39071257006,
              48987.189751801445
            ],
            [
              57982.38590872699,
              48981.18494795837
            ],
            [
              57922.33787029624,
              48981.18494795837
            ]
          ]
        ]
      }
    },
    {
      "type": "Feature",
      "properties": {
        "class_id": 3,
        "classification": "Darkspot & Foreign Object",
        "area": 129771.55142849268
      },
      "geometry": {
        "type": "Polygon",
        "coordinates": [
          [
            [
              48158.52682145717,
              48891.11289031225
            ],
            [
              48152.522017614094,
              48897.11769415533
            ],
            [
              48140.51240992794,
              48897.11769415533
            ],
            [
              48128.5028022418,
              48909.12730184148
            ],
            [
              48116.493194555645,
              48909.12730184148
            ],
            [
              48110.48839071257,
              48915.13210568455
            ],
            [
              48098.478783026425,
              48915.13210568455
            ],
            [
              48086.46917534027,
              48927.1417133707
            ],
            [
              48080.4643714972,
              48927.1417133707
            ],
            [
              48080.4643714972,
              48933.146517213776
            ],
            [
              48068.45476381105,
              48945.15612489992
            ],
            [
              48068.45476381105,
              48951.160928743
            ],
            [
              48050.440352281825,
              48969.17534027222
            ],
            [
              48044.435548438756,
              48969.17534027222
            ],
            [
              48020.41633306645,
              48993.19455564452
            ],
            [
              48020.41633306645,
              48999.19935948759
            ],
            [
              48008.40672538031,
              49011.20896717374
            ],
            [
              48008.40672538031,
              49023.21857485989
            ],
            [
              48002.40192153723,
              49029.22337870296
            ],
            [
              48002.40192153723,
              49047.23779023219
            ],
            [
              47996.397117694156,
              49053.242594075266
            ],
            [
              48002.40192153723,
              49053.242594075266
            ],
            [
              48020.41633306645,
              49071.257005604486
            ],
            [
              48020.41633306645,
              49077.26180944756
            ],
            [
              48026.42113690953,
              49083.26661329064
            ],
            [
              48026.42113690953,
              49131.30504403523
            ],
            [
              48032.425940752604,
              49137.30984787831
            ],
            [
              48026.42113690953,
              49143.31465172138
            ],
            [
              48026.42113690953,
              49185.3482786229
            ],
            [
              48620.8967173739,
              49185.3482786229
            ],
            [
              48620.8967173739,
              49167.33386709368
            ],
            [
              48608.887109687756,
              49155.32425940753
            ],
            [
              48602.88230584468,
              49155.32425940753
            ],
            [
              48590.87269815853,
              49143.31465172138
            ],
            [
              48590.87269815853,
              49137.30984787831
            ],
            [
              48578.86309047238,
              49125.300240192155
            ],
            [
              48578.86309047238,
              49113.29063250601
            ],
            [
              48572.85828662931,
              49107.285828662934
            ],
            [
              48572.85828662931,
              49101.28102481986
            ],
            [
              48566.85348278623,
              49095.27622097678
            ],
            [
              48566.85348278623,
              49083.26661329064
            ],
            [
              48560.848678943155,
              49077.26180944756
            ],
            [
              48560.848678943155,
              49065.25220176141
            ],
            [
              48554.84387510008,
              49059.247397918334
            ],
            [
              48554.84387510008,
              49047.23779023219
            ],
            [
              48548.83907125701,
              49041.232986389114
            ],
            [
              48548.83907125701,
              49035.22818254604
            ],
            [
              48542.834267413935,
              49029.22337870296
            ],
            [
              48542.834267413935,
              49023.21857485989
            ],
            [
              48536.82946357086,
              49017.21377101682
            ],
            [
              48536.82946357086,
              49005.204163330665
            ],
            [
              48524.81985588471,
              48993.19455564452
            ],
            [
              48512.81024819856,
              48993.19455564452
            ],
            [
              48506.80544435549,
              48987.189751801445
            ],
            [
              48470.77662129704,
              48987.189751801445
            ],
            [
              48464.77181745397,
              48981.18494795837
            ],
            [
              48428.74299439552,
              48981.18494795837
            ],
            [
              48422.738190552445,
              48975.18014411529
            ],
            [
              48416.73338670937,
              48975.18014411529
            ],
            [
              48410.72858286629,
              48969.17534027222
            ],
            [
              48392.71417133707,
              48969.17534027222
            ],
            [
              48386.709367494,
              48963.17053642915
            ],
            [
              48374.69975980785,
              48963.17053642915
            ],
            [
              48368.69495596478,
              48957.16573258607
            ],
            [
              48356.685348278625,
              48957.16573258607
            ],
            [
              48350.68054443555,
              48951.160928743
            ],
            [
              48338.670936749404,
              48951.160928743
            ],
            [
              48332.66613290633,
              48945.15612489992
            ],
            [
              48314.65172137711,
              48945.15612489992
            ],
            [
              48308.64691753403,
              48939.15132105685
            ],
            [
              48290.632506004804,
              48939.15132105685
            ],
            [
              48284.627702161735,
              48933.146517213776
            ],
            [
              48272.61809447558,
              48933.146517213776
            ],
            [
              48266.61329063251,
              48939.15132105685
            ],
            [
              48260.60848678943,
              48939.15132105685
            ],
            [
              48254.60368294636,
              48945.15612489992
            ],
            [
              48248.59887910329,
              48945.15612489992
            ],
            [
              48242.59407526021,
              48951.160928743
            ],
            [
              48236.589271417135,
              48945.15612489992
            ],
            [
              48230.58446757406,
              48945.15612489992
            ],
            [
              48224.57966373099,
              48939.15132105685
            ],
            [
              48224.57966373099,
              48927.1417133707
            ],
            [
              48218.574859887914,
              48921.136909527624
            ],
            [
              48218.574859887914,
              48915.13210568455
            ],
            [
              48194.55564451562,
              48891.11289031225
            ],
            [
              48158.52682145717,
              48891.11289031225
            ]
          ]
        ]
      }
    },
    {
      "type": "Feature",
      "properties": {
        "class_id": 3,
        "classification": "Darkspot & Foreign Object",
        "area": 5805.28474020209
      },
      "geometry": {
        "type": "Polygon",
        "coordinates": [
          [
            [
              2942.3538831064852,
              46753.40272217774
            ],
            [
              2930.3442754203365,
              46765.412329863895
            ],
            [
              2930.3442754203365,
              46771.41713370697
            ],
            [
              2918.3346677341874,
              46783.426741393116
            ],
            [
              2918.3346677341874,
              46789.43154523619
            ],
            [
              2912.329863891113,
              46795.43634907927
            ],
            [
              2912.329863891113,
              46801.44115292234
            ],
            [
              2918.3346677341874,
              46807.44595676541
            ],
            [
              2918.3346677341874,
              46837.469975980785
            ],
            [
              2912.329863891113,
              46843.47477982386
            ],
            [
              2912.329863891113,
              46885.508406725385
            ],
            [
              2918.3346677341874,
              46891.51321056846
            ],
            [
              2918.3346677341874,
              46903.522818254605
            ],
            [
              2942.3538831064852,
              46927.5420336269
            ],
            [
              2948.35868694956,
              46927.5420336269
            ],
            [
              2954.3634907926344,
              46933.54683746998
            ],
            [
              2960.368294635709,
              46933.54683746998
            ],
            [
              2960.368294635709,
              46849.47958366694
            ],
            [
              2954.3634907926344,
              46843.47477982386
            ],
            [
              2954.3634907926344,
              46837.469975980785
            ],
            [
              2936.349079263411,
              46819.455564451564
            ],
            [
              2936.349079263411,
              46801.44115292234
            ],
            [
              2954.3634907926344,
              46783.426741393116
            ],
            [
              2954.3634907926344,
              46765.412329863895
            ],
            [
              2942.3538831064852,
              46753.40272217774
            ]
          ]
        ]
      }
    },
    {
      "type": "Feature",
      "properties": {
        "class_id": 3,
        "classification": "Darkspot & Foreign Object",
        "area": 9374.993990388468
      },
      "geometry": {
        "type": "Polygon",
        "coordinates": [
          [
            [
              81383.10648518815,
              46729.38350680545
            ],
            [
              81377.10168134508,
              46735.38831064852
            ],
            [
              81371.096877502,
              46735.38831064852
            ],
            [
              81347.07766212971,
              46759.40752602082
            ],
            [
              81347.07766212971,
              46765.412329863895
            ],
            [
              81341.07285828663,
              46771.41713370697
            ],
            [
              81341.07285828663,
              46777.42193755004
            ],
            [
              81335.06805444356,
              46783.426741393116
            ],
            [
              81335.06805444356,
              46843.47477982386
            ],
            [
              81341.07285828663,
              46849.47958366694
            ],
            [
              81341.07285828663,
              46855.48438751001
            ],
            [
              81347.07766212971,
              46861.48919135309
            ],
            [
              81347.07766212971,
              46867.49399519616
            ],
            [
              81353.08246597278,
              46873.49879903923
            ],
            [
              81353.08246597278,
              46879.50360288231
            ],
            [
              81359.08726981586,
              46885.508406725385
            ],
            [
              81359.08726981586,
              46891.51321056846
            ],
            [
              81365.09207365893,
              46897.51801441153
            ],
            [
              81365.09207365893,
              46903.522818254605
            ],
            [
              81371.096877502,
              46909.52762209768
            ],
            [
              81371.096877502,
              46921.53722978383
            ],
            [
              81377.10168134508,
              46927.5420336269
            ],
            [
              81377.10168134508,
              46933.54683746998
            ],
            [
              81377.10168134508,
              46927.5420336269
            ],
            [
              81389.11128903124,
              46915.53242594076
            ],
            [
              81389.11128903124,
              46903.522818254605
            ],
            [
              81395.1160928743,
              46897.51801441153
            ],
            [
              81395.1160928743,
              46777.42193755004
            ],
            [
              81401.12089671737,
              46771.41713370697
            ],
            [
              81401.12089671737,
              46765.412329863895
            ],
            [
              81407.12570056046,
              46759.40752602082
            ],
            [
              81407.12570056046,
              46753.40272217774
            ],
            [
              81413.13050440353,
              46747.39791833467
            ],
            [
              81413.13050440353,
              46729.38350680545
            ],
            [
              81383.10648518815,
              46729.38350680545
            ]
          ]
        ]
      }
    },
    {
      "type": "Feature",
      "properties": {
        "class_id": 3,
        "classification": "Darkspot & Foreign Object",
        "area": 36.0576691938018
      },
      "geometry": {
        "type": "Polygon",
        "coordinates": [
          [
            [
              2948.35868694956,
              46657.32586068855
            ],
            [
              2942.3538831064852,
              46663.330664531626
            ],
            [
              2948.35868694956,
              46663.330664531626
            ],
            [
              2954.3634907926344,
              46657.32586068855
            ],
            [
              2948.35868694956,
              46657.32586068855
            ]
          ]
        ]
      }
    },
    {
      "type": "Feature",
      "properties": {
        "class_id": 3,
        "classification": "Darkspot & Foreign Object",
        "area": 865.3840606512432
      },
      "geometry": {
        "type": "Polygon",
        "coordinates": [
          [
            [
              3032.4259407526024,
              46639.31144915933
            ],
            [
              3020.4163330664533,
              46651.32105684548
            ],
            [
              3020.4163330664533,
              46687.34987990392
            ],
            [
              3026.421136909528,
              46693.354683747
            ],
            [
              3026.421136909528,
              46705.36429143315
            ],
            [
              3032.4259407526024,
              46699.359487590074
            ],
            [
              3032.4259407526024,
              46693.354683747
            ],
            [
              3038.4307445956765,
              46687.34987990392
            ],
            [
              3038.4307445956765,
              46651.32105684548
            ],
            [
              3032.4259407526024,
              46645.316253002406
            ],
            [
              3032.4259407526024,
              46639.31144915933
            ]
          ]
        ]
      }
    },
    {
      "type": "Feature",
      "properties": {
        "class_id": 3,
        "classification": "Darkspot & Foreign Object",
        "area": 4579.323987612828
      },
      "geometry": {
        "type": "Polygon",
        "coordinates": [
          [
            [
              2912.329863891113,
              46579.263410728585
            ],
            [
              2900.320256204964,
              46591.27301841474
            ],
            [
              2900.320256204964,
              46597.277822257805
            ],
            [
              2906.3250600480387,
              46603.28262610088
            ],
            [
              2906.3250600480387,
              46609.28742994396
            ],
            [
              2912.329863891113,
              46615.29223378703
            ],
            [
              2918.3346677341874,
              46615.29223378703
            ],
            [
              2924.339471577262,
              46621.29703763011
            ],
            [
              2942.3538831064852,
              46621.29703763011
            ],
            [
              2948.35868694956,
              46627.30184147318
            ],
            [
              2954.3634907926344,
              46627.30184147318
            ],
            [
              2972.3779023218576,
              46609.28742994396
            ],
            [
              3026.421136909528,
              46609.28742994396
            ],
            [
              3032.4259407526024,
              46603.28262610088
            ],
            [
              3038.4307445956765,
              46603.28262610088
            ],
            [
              3038.4307445956765,
              46591.27301841474
            ],
            [
              3026.421136909528,
              46579.263410728585
            ],
            [
              2912.329863891113,
              46579.263410728585
            ]
          ]
        ]
      }
    },
    {
      "type": "Feature",
      "properties": {
        "class_id": 3,
        "classification": "Darkspot & Foreign Object",
        "area": 1370.1914293644684
      },
      "geometry": {
        "type": "Polygon",
        "coordinates": [
          [
            [
              2984.3875100080068,
              46285.02802241794
            ],
            [
              2978.382706164932,
              46291.03282626101
            ],
            [
              2972.3779023218576,
              46291.03282626101
            ],
            [
              2966.373098478783,
              46297.03763010409
            ],
            [
              2966.373098478783,
              46303.04243394716
            ],
            [
              2960.368294635709,
              46309.04723779023
            ],
            [
              2960.368294635709,
              46315.05204163331
            ],
            [
              2972.3779023218576,
              46327.06164931946
            ],
            [
              2978.382706164932,
              46327.06164931946
            ],
            [
              2984.3875100080068,
              46321.056845476385
            ],
            [
              2990.392313851081,
              46321.056845476385
            ],
            [
              3008.4067253803046,
              46303.04243394716
            ],
            [
              3008.4067253803046,
              46291.03282626101
            ],
            [
              3002.40192153723,
              46285.02802241794
            ],
            [
              2984.3875100080068,
              46285.02802241794
            ]
          ]
        ]
      }
    },
    {
      "type": "Feature",
      "properties": {
        "class_id": 3,
        "classification": "Darkspot & Foreign Object",
        "area": 919.470564441946
      },
      "geometry": {
        "type": "Polygon",
        "coordinates": [
          [
            [
              43012.40992794235,
              46206.96557245797
            ],
            [
              43012.40992794235,
              46224.97998398719
            ],
            [
              43018.41473178543,
              46230.98478783027
            ],
            [
              43018.41473178543,
              46248.99919935949
            ],
            [
              43024.419535628505,
              46255.004003202564
            ],
            [
              43024.419535628505,
              46261.00880704564
            ],
            [
              43024.419535628505,
              46255.004003202564
            ],
            [
              43030.42433947158,
              46248.99919935949
            ],
            [
              43036.42914331466,
              46248.99919935949
            ],
            [
              43036.42914331466,
              46206.96557245797
            ],
            [
              43012.40992794235,
              46206.96557245797
            ]
          ]
        ]
      }
    },
    {
      "type": "Feature",
      "properties": {
        "class_id": 3,
        "classification": "Darkspot & Foreign Object",
        "area": 0.0
      },
      "geometry": {
        "type": "Polygon",
        "coordinates": [
          [
            [
              42970.37630104084,
              46116.893514811854
            ],
            [
              42970.37630104084,
              46128.903122498
            ],
            [
              42976.38110488391,
              46134.907926341075
            ],
            [
              42970.37630104084,
              46128.903122498
            ],
            [
              42970.37630104084,
              46116.893514811854
            ]
          ]
        ]
      }
    },
    {
      "type": "Feature",
      "properties": {
        "class_id": 3,
        "classification": "Darkspot & Foreign Object",
        "area": 1856.9699634807928
      },
      "geometry": {
        "type": "Polygon",
        "coordinates": [
          [
            [
              3056.4451561249,
              45480.38430744596
            ],
            [
              3050.4403522818257,
              45486.389111289034
            ],
            [
              3050.4403522818257,
              45516.41313050441
            ],
            [
              3056.4451561249,
              45522.41793434748
            ],
            [
              3056.4451561249,
              45534.42754203363
            ],
            [
              3068.454763811049,
              45546.43714971978
            ],
            [
              3068.454763811049,
              45558.44675740593
            ],
            [
              3050.4403522818257,
              45576.46116893515
            ],
            [
              3050.4403522818257,
              45582.46597277823
            ],
            [
              3044.435548438751,
              45588.4707766213
            ],
            [
              3044.435548438751,
              45594.47558046437
            ],
            [
              3050.4403522818257,
              45600.48038430745
            ],
            [
              3050.4403522818257,
              45606.485188150524
            ],
            [
              3062.4499599679743,
              45618.49479583667
            ],
            [
              3068.454763811049,
              45618.49479583667
            ],
            [
              3068.454763811049,
              45480.38430744596
            ],
            [
              3056.4451561249,
              45480.38430744596
            ]
          ]
        ]
      }
    },
    {
      "type": "Feature",
      "properties": {
        "class_id": 3,
        "classification": "Darkspot & Foreign Object",
        "area": 72.1153383876036
      },
      "geometry": {
        "type": "Polygon",
        "coordinates": [
          [
            [
              3068.454763811049,
              43895.116092874305
            ],
            [
              3068.454763811049,
              43907.12570056045
            ],
            [
              3062.4499599679743,
              43913.130504403525
            ],
            [
              3062.4499599679743,
              43919.1353082466
            ],
            [
              3068.454763811049,
              43925.14011208968
            ],
            [
              3068.454763811049,
              43931.144915932746
            ],
            [
              3068.454763811049,
              43895.116092874305
            ]
          ]
        ]
      }
    },
    {
      "type": "Feature",
      "properties": {
        "class_id": 3,
        "classification": "Darkspot & Foreign Object",
        "area": 66778.80334692093
      },
      "geometry": {
        "type": "Polygon",
        "coordinates": [
          [
            [
              61717.3738991193,
              41138.91112890313
            ],
            [
              61705.36429143315,
              41150.92073658927
            ],
            [
              61699.359487590074,
              41150.92073658927
            ],
            [
              61699.359487590074,
              41156.92554043235
            ],
            [
              61687.34987990393,
              41168.9351481185
            ],
            [
              61687.34987990393,
              41180.944755804645
            ],
            [
              61681.345076060854,
              41186.94955964772
            ],
            [
              61681.345076060854,
              41192.9543634908
            ],
            [
              61669.3354683747,
              41204.96397117694
            ],
            [
              61663.330664531626,
              41204.96397117694
            ],
            [
              61657.32586068856,
              41210.96877502002
            ],
            [
              61639.31144915933,
              41210.96877502002
            ],
            [
              61627.301841473185,
              41222.97838270617
            ],
            [
              61627.301841473185,
              41228.983186549245
            ],
            [
              61621.29703763011,
              41234.987990392314
            ],
            [
              61621.29703763011,
              41240.99279423539
            ],
            [
              61615.29223378703,
              41246.997598078466
            ],
            [
              61615.29223378703,
              41253.00240192154
            ],
            [
              61609.28742994396,
              41259.00720576462
            ],
            [
              61609.28742994396,
              41265.012009607686
            ],
            [
              61603.28262610088,
              41271.01681345076
            ],
            [
              61603.28262610088,
              41277.02161729384
            ],
            [
              61597.27782225781,
              41283.026421136914
            ],
            [
              61597.27782225781,
              41289.03122497999
            ],
            [
              61591.27301841474,
              41295.03602882306
            ],
            [
              61591.27301841474,
              41301.040832666135
            ],
            [
              61579.263410728585,
              41313.05044035229
            ],
            [
              61579.263410728585,
              41319.055244195355
            ],
            [
              61573.25860688551,
              41325.06004803843
            ],
            [
              61573.25860688551,
              41349.07926341073
            ],
            [
              61579.263410728585,
              41355.0840672538
            ],
            [
              61579.263410728585,
              41361.08887109688
            ],
            [
              61603.28262610088,
              41385.108086469176
            ],
            [
              61603.28262610088,
              41391.11289031225
            ],
            [
              61621.29703763011,
              41409.12730184147
            ],
            [
              61633.306645316254,
              41409.12730184147
            ],
            [
              61639.31144915933,
              41415.13210568455
            ],
            [
              61687.34987990393,
              41415.13210568455
            ],
            [
              61693.354683747,
              41421.136909527624
            ],
            [
              61717.3738991193,
              41421.136909527624
            ],
            [
              61723.37870296237,
              41415.13210568455
            ],
            [
              61753.40272217774,
              41415.13210568455
            ],
            [
              61759.40752602082,
              41421.136909527624
            ],
            [
              61795.43634907927,
              41421.136909527624
            ],
            [
              61801.44115292234,
              41415.13210568455
            ],
            [
              61813.45076060849,
              41415.13210568455
            ],
            [
              61819.455564451564,
              41409.12730184147
            ],
            [
              61825.46036829464,
              41409.12730184147
            ],
            [
              61873.49879903923,
              41361.08887109688
            ],
            [
              61873.49879903923,
              41355.0840672538
            ],
            [
              61879.50360288231,
              41349.07926341073
            ],
            [
              61879.50360288231,
              41337.06965572458
            ],
            [
              61885.508406725385,
              41331.06485188151
            ],
            [
              61885.508406725385,
              41295.03602882306
            ],
            [
              61891.51321056846,
              41289.03122497999
            ],
            [
              61891.51321056846,
              41240.99279423539
            ],
            [
              61885.508406725385,
              41234.987990392314
            ],
            [
              61885.508406725385,
              41204.96397117694
            ],
            [
              61879.50360288231,
              41198.95916733387
            ],
            [
              61879.50360288231,
              41186.94955964772
            ],
            [
              61849.47958366694,
              41156.92554043235
            ],
            [
              61843.47477982386,
              41156.92554043235
            ],
            [
              61843.47477982386,
              41162.930344275424
            ],
            [
              61837.46997598079,
              41168.9351481185
            ],
            [
              61837.46997598079,
              41174.93995196157
            ],
            [
              61825.46036829464,
              41186.94955964772
            ],
            [
              61801.44115292234,
              41186.94955964772
            ],
            [
              61783.426741393116,
              41168.9351481185
            ],
            [
              61783.426741393116,
              41144.9159327462
            ],
            [
              61771.41713370697,
              41144.9159327462
            ],
            [
              61765.412329863895,
              41138.91112890313
            ],
            [
              61717.3738991193,
              41138.91112890313
            ]
          ]
        ]
      }
    },
    {
      "type": "Feature",
      "properties": {
        "class_id": 3,
        "classification": "Darkspot & Foreign Object",
        "area": 108.1730075814054
      },
      "geometry": {
        "type": "Polygon",
        "coordinates": [
          [
            [
              61855.48438751001,
              39931.94555644516
            ],
            [
              61849.47958366694,
              39937.95036028823
            ],
            [
              61843.47477982386,
              39937.95036028823
            ],
            [
              61837.46997598079,
              39943.95516413131
            ],
            [
              61837.46997598079,
              39949.959967974384
            ],
            [
              61831.465172137716,
              39955.96477181745
            ],
            [
              61837.46997598079,
              39949.959967974384
            ],
            [
              61843.47477982386,
              39949.959967974384
            ],
            [
              61849.47958366694,
              39943.95516413131
            ],
            [
              61849.47958366694,
              39937.95036028823
            ],
            [
              61855.48438751001,
              39931.94555644516
            ]
          ]
        ]
      }
    },
    {
      "type": "Feature",
      "properties": {
        "class_id": 3,
        "classification": "Darkspot & Foreign Object",
        "area": 1352.1625947675675
      },
      "geometry": {
        "type": "Polygon",
        "coordinates": [
          [
            [
              77516.0128102482,
              38496.797437950365
            ],
            [
              77510.00800640513,
              38502.80224179343
            ],
            [
              77504.00320256206,
              38502.80224179343
            ],
            [
              77497.99839871898,
              38508.80704563651
            ],
            [
              77491.99359487591,
              38508.80704563651
            ],
            [
              77491.99359487591,
              38514.811849479585
            ],
            [
              77479.98398718976,
              38526.82145716574
            ],
            [
              77479.98398718976,
              38532.826261008806
            ],
            [
              77491.99359487591,
              38532.826261008806
            ],
            [
              77497.99839871898,
              38538.83106485188
            ],
            [
              77510.00800640513,
              38538.83106485188
            ],
            [
              77516.0128102482,
              38532.826261008806
            ],
            [
              77528.02241793435,
              38532.826261008806
            ],
            [
              77528.02241793435,
              38526.82145716574
            ],
            [
              77534.02722177743,
              38520.81665332266
            ],
            [
              77528.02241793435,
              38514.811849479585
            ],
            [
              77528.02241793435,
              38502.80224179343
            ],
            [
              77522.01761409128,
              38502.80224179343
            ],
            [
              77516.0128102482,
              38496.797437950365
            ]
          ]
        ]
      }
    },
    {
      "type": "Feature",
      "properties": {
        "class_id": 3,
        "classification": "Darkspot & Foreign Object",
        "area": 12674.270721621333
      },
      "geometry": {
        "type": "Polygon",
        "coordinates": [
          [
            [
              77624.09927942355,
              38370.6965572458
            ],
            [
              77618.09447558047,
              38376.701361088875
            ],
            [
              77612.0896717374,
              38376.701361088875
            ],
            [
              77570.05604483587,
              38418.73498799039
            ],
            [
              77564.0512409928,
              38418.73498799039
            ],
            [
              77558.04643714972,
              38424.73979183347
            ],
            [
              77558.04643714972,
              38448.759007205765
            ],
            [
              77564.0512409928,
              38454.76381104884
            ],
            [
              77564.0512409928,
              38460.76861489192
            ],
            [
              77582.06565252203,
              38478.78302642114
            ],
            [
              77630.10408326662,
              38478.78302642114
            ],
            [
              77636.10888710969,
              38472.77822257806
            ],
            [
              77648.11849479584,
              38472.77822257806
            ],
            [
              77654.12329863892,
              38466.77341873499
            ],
            [
              77660.12810248199,
              38466.77341873499
            ],
            [
              77666.13290632506,
              38460.76861489192
            ],
            [
              77672.13771016814,
              38460.76861489192
            ],
            [
              77678.14251401121,
              38454.76381104884
            ],
            [
              77684.1473178543,
              38454.76381104884
            ],
            [
              77690.15212169736,
              38448.759007205765
            ],
            [
              77696.15692554043,
              38448.759007205765
            ],
            [
              77714.17133706967,
              38430.744595676544
            ],
            [
              77714.17133706967,
              38394.715772618096
            ],
            [
              77696.15692554043,
              38376.701361088875
            ],
            [
              77684.1473178543,
              38376.701361088875
            ],
            [
              77678.14251401121,
              38370.6965572458
            ],
            [
              77624.09927942355,
              38370.6965572458
            ]
          ]
        ]
      }
    },
    {
      "type": "Feature",
      "properties": {
        "class_id": 3,
        "classification": "Darkspot & Foreign Object",
        "area": 18768.016815373838
      },
      "geometry": {
        "type": "Polygon",
        "coordinates": [
          [
            [
              14729.78382706165,
              37986.389111289034
            ],
            [
              14723.779023218576,
              37992.39391513211
            ],
            [
              14717.774219375502,
              37992.39391513211
            ],
            [
              14699.759807846278,
              38010.40832666133
            ],
            [
              14699.759807846278,
              38016.41313050441
            ],
            [
              14693.755004003204,
              38022.41793434748
            ],
            [
              14693.755004003204,
              38070.456365092075
            ],
            [
              14687.75020016013,
              38076.46116893515
            ],
            [
              14687.75020016013,
              38094.47558046437
            ],
            [
              14681.745396317054,
              38100.48038430745
            ],
            [
              14681.745396317054,
              38136.509207365896
            ],
            [
              14687.75020016013,
              38142.51401120897
            ],
            [
              14687.75020016013,
              38160.52842273819
            ],
            [
              14705.764611689352,
              38178.54283426741
            ],
            [
              14711.769415532426,
              38178.54283426741
            ],
            [
              14717.774219375502,
              38184.54763811049
            ],
            [
              14723.779023218576,
              38184.54763811049
            ],
            [
              14729.78382706165,
              38190.552441953565
            ],
            [
              14747.798238590873,
              38190.552441953565
            ],
            [
              14753.803042433949,
              38196.55724579664
            ],
            [
              14813.851080864693,
              38196.55724579664
            ],
            [
              14819.855884707767,
              38190.552441953565
            ],
            [
              14825.860688550842,
              38190.552441953565
            ],
            [
              14831.865492393916,
              38184.54763811049
            ],
            [
              14831.865492393916,
              38160.52842273819
            ],
            [
              14825.860688550842,
              38154.52361889512
            ],
            [
              14825.860688550842,
              38142.51401120897
            ],
            [
              14783.827061649321,
              38100.48038430745
            ],
            [
              14783.827061649321,
              38094.47558046437
            ],
            [
              14777.822257806245,
              38088.470776621296
            ],
            [
              14777.822257806245,
              38082.46597277823
            ],
            [
              14771.817453963171,
              38076.46116893515
            ],
            [
              14771.817453963171,
              38070.456365092075
            ],
            [
              14759.807846277023,
              38058.44675740592
            ],
            [
              14753.803042433949,
              38058.44675740592
            ],
            [
              14741.793434747799,
              38046.43714971978
            ],
            [
              14741.793434747799,
              38028.42273819055
            ],
            [
              14753.803042433949,
              38016.41313050441
            ],
            [
              14753.803042433949,
              37992.39391513211
            ],
            [
              14747.798238590873,
              37992.39391513211
            ],
            [
              14741.793434747799,
              37986.389111289034
            ],
            [
              14729.78382706165,
              37986.389111289034
            ]
          ]
        ]
      }
    },
    {
      "type": "Feature",
      "properties": {
        "class_id": 3,
        "classification": "Darkspot & Foreign Object",
        "area": 6364.178612706018
      },
      "geometry": {
        "type": "Polygon",
        "coordinates": [
          [
            [
              46170.93674939952,
              37788.23058446758
            ],
            [
              46164.93194555645,
              37794.23538831065
            ],
            [
              46140.91273018415,
              37794.23538831065
            ],
            [
              46134.907926341075,
              37800.240192153724
            ],
            [
              46128.903122498,
              37794.23538831065
            ],
            [
              46116.893514811854,
              37794.23538831065
            ],
            [
              46116.893514811854,
              37878.3026421137
            ],
            [
              46128.903122498,
              37878.3026421137
            ],
            [
              46140.91273018415,
              37890.31224979984
            ],
            [
              46158.92714171337,
              37890.31224979984
            ],
            [
              46182.94635708567,
              37866.293034427545
            ],
            [
              46182.94635708567,
              37854.28342674139
            ],
            [
              46188.951160928744,
              37848.278622898324
            ],
            [
              46188.951160928744,
              37830.264211369096
            ],
            [
              46194.95596477182,
              37824.25940752602
            ],
            [
              46194.95596477182,
              37806.2449959968
            ],
            [
              46188.951160928744,
              37800.240192153724
            ],
            [
              46188.951160928744,
              37794.23538831065
            ],
            [
              46182.94635708567,
              37794.23538831065
            ],
            [
              46176.9415532426,
              37788.23058446758
            ],
            [
              46170.93674939952,
              37788.23058446758
            ]
          ]
        ]
      }
    },
    {
      "type": "Feature",
      "properties": {
        "class_id": 3,
        "classification": "Darkspot & Foreign Object",
        "area": 1189.9030833954594
      },
      "geometry": {
        "type": "Polygon",
        "coordinates": [
          [
            [
              83100.48038430745,
              37343.87510008007
            ],
            [
              83088.4707766213,
              37355.884707766214
            ],
            [
              83088.4707766213,
              37361.88951160929
            ],
            [
              83082.46597277823,
              37367.894315452366
            ],
            [
              83082.46597277823,
              37391.91353082466
            ],
            [
              83088.4707766213,
              37397.91833466774
            ],
            [
              83088.4707766213,
              37409.92794235388
            ],
            [
              83094.47558046438,
              37403.923138510814
            ],
            [
              83094.47558046438,
              37397.91833466774
            ],
            [
              83100.48038430745,
              37391.91353082466
            ],
            [
              83100.48038430745,
              37385.90872698159
            ],
            [
              83106.48518815053,
              37379.90392313851
            ],
            [
              83106.48518815053,
              37373.89911929544
            ],
            [
              83112.4899919936,
              37367.894315452366
            ],
            [
              83112.4899919936,
              37343.87510008007
            ],
            [
              83100.48038430745,
              37343.87510008007
            ]
          ]
        ]
      }
    },
    {
      "type": "Feature",
      "properties": {
        "class_id": 3,
        "classification": "Darkspot & Foreign Object",
        "area": 11177.877450078558
      },
      "geometry": {
        "type": "Polygon",
        "coordinates": [
          [
            [
              63356.685348278625,
              36893.51481184948
            ],
            [
              63356.685348278625,
              36911.529223378704
            ],
            [
              63362.6901521217,
              36917.53402722178
            ],
            [
              63362.6901521217,
              36929.54363490793
            ],
            [
              63368.69495596478,
              36935.548438751
            ],
            [
              63368.69495596478,
              36965.57245796637
            ],
            [
              63374.69975980785,
              36971.57726180945
            ],
            [
              63374.69975980785,
              36977.582065652525
            ],
            [
              63392.71417133707,
              36995.596477181745
            ],
            [
              63410.72858286629,
              36995.596477181745
            ],
            [
              63434.7477982386,
              36971.57726180945
            ],
            [
              63440.752602081666,
              36971.57726180945
            ],
            [
              63452.76220976782,
              36959.567654123304
            ],
            [
              63458.76701361089,
              36959.567654123304
            ],
            [
              63464.77181745397,
              36953.56285028023
            ],
            [
              63470.77662129704,
              36953.56285028023
            ],
            [
              63476.781425140114,
              36947.55804643715
            ],
            [
              63482.78622898319,
              36947.55804643715
            ],
            [
              63488.791032826266,
              36941.55324259408
            ],
            [
              63500.80064051241,
              36941.55324259408
            ],
            [
              63512.81024819856,
              36929.54363490793
            ],
            [
              63512.81024819856,
              36923.538831064856
            ],
            [
              63518.81505204164,
              36917.53402722178
            ],
            [
              63518.81505204164,
              36893.51481184948
            ],
            [
              63356.685348278625,
              36893.51481184948
            ]
          ]
        ]
      }
    },
    {
      "type": "Feature",
      "properties": {
        "class_id": 3,
        "classification": "Darkspot & Foreign Object",
        "area": 309789.46487854817
      },
      "geometry": {
        "type": "Polygon",
        "coordinates": [
          [
            [
              74945.95676541234,
              35134.107285828664
            ],
            [
              74933.94715772619,
              35146.116893514816
            ],
            [
              74927.94235388312,
              35146.116893514816
            ],
            [
              74903.92313851081,
              35170.13610888711
            ],
            [
              74897.91833466775,
              35170.13610888711
            ],
            [
              74891.91353082466,
              35176.14091273019
            ],
            [
              74885.9087269816,
              35176.14091273019
            ],
            [
              74879.90392313851,
              35182.14571657326
            ],
            [
              74867.89431545237,
              35182.14571657326
            ],
            [
              74861.88951160929,
              35176.14091273019
            ],
            [
              74855.88470776622,
              35176.14091273019
            ],
            [
              74837.870296237,
              35158.12650120096
            ],
            [
              74837.870296237,
              35152.121697357885
            ],
            [
              74831.86549239392,
              35158.12650120096
            ],
            [
              74777.82225780626,
              35158.12650120096
            ],
            [
              74771.81745396317,
              35164.13130504404
            ],
            [
              74699.75980784628,
              35164.13130504404
            ],
            [
              74693.75500400321,
              35158.12650120096
            ],
            [
              74633.70696557246,
              35158.12650120096
            ],
            [
              74627.7021617294,
              35152.121697357885
            ],
            [
              74615.69255404324,
              35152.121697357885
            ],
            [
              74609.68775020016,
              35146.116893514816
            ],
            [
              74591.67333867094,
              35146.116893514816
            ],
            [
              74585.66853482787,
              35140.11208967174
            ],
            [
              74459.5676541233,
              35140.11208967174
            ],
            [
              74453.56285028023,
              35146.116893514816
            ],
            [
              74441.55324259408,
              35146.116893514816
            ],
            [
              74429.54363490792,
              35158.12650120096
            ],
            [
              74423.53883106486,
              35158.12650120096
            ],
            [
              74405.52441953564,
              35176.14091273019
            ],
            [
              74399.51961569255,
              35176.14091273019
            ],
            [
              74393.51481184948,
              35182.14571657326
            ],
            [
              74387.51000800641,
              35182.14571657326
            ],
            [
              74375.50040032026,
              35194.15532425941
            ],
            [
              74369.49559647718,
              35194.15532425941
            ],
            [
              74363.49079263411,
              35200.160128102485
            ],
            [
              74363.49079263411,
              35206.16493194556
            ],
            [
              74357.48598879104,
              35212.16973578863
            ],
            [
              74357.48598879104,
              35224.17934347478
            ],
            [
              74351.48118494796,
              35230.18414731786
            ],
            [
              74351.48118494796,
              35242.193755004
            ],
            [
              74345.47638110489,
              35248.19855884708
            ],
            [
              74345.47638110489,
              35254.203362690154
            ],
            [
              74339.47157726181,
              35260.20816653323
            ],
            [
              74339.47157726181,
              35266.212970376306
            ],
            [
              74333.46677341874,
              35272.217774219374
            ],
            [
              74333.46677341874,
              35284.227381905526
            ],
            [
              74327.46196957567,
              35290.2321857486
            ],
            [
              74327.46196957567,
              35332.26581265012
            ],
            [
              74333.46677341874,
              35338.270616493195
            ],
            [
              74333.46677341874,
              35350.28022417935
            ],
            [
              74339.47157726181,
              35356.28502802242
            ],
            [
              74339.47157726181,
              35362.28983186549
            ],
            [
              74345.47638110489,
              35368.29463570857
            ],
            [
              74345.47638110489,
              35374.29943955164
            ],
            [
              74351.48118494796,
              35380.30424339472
            ],
            [
              74357.48598879104,
              35380.30424339472
            ],
            [
              74375.50040032026,
              35398.31865492394
            ],
            [
              74381.50520416333,
              35398.31865492394
            ],
            [
              74399.51961569255,
              35416.33306645317
            ],
            [
              74405.52441953564,
              35416.33306645317
            ],
            [
              74411.5292233787,
              35422.337870296236
            ],
            [
              74417.53402722179,
              35422.337870296236
            ],
            [
              74423.53883106486,
              35428.34267413931
            ],
            [
              74429.54363490792,
              35428.34267413931
            ],
            [
              74435.54843875101,
              35434.34747798239
            ],
            [
              74441.55324259408,
              35434.34747798239
            ],
            [
              74447.55804643716,
              35440.352281825464
            ],
            [
              74465.57245796638,
              35440.352281825464
            ],
            [
              74471.57726180945,
              35446.35708566854
            ],
            [
              74483.5868694956,
              35446.35708566854
            ],
            [
              74489.59167333867,
              35452.36188951161
            ],
            [
              74495.59647718175,
              35452.36188951161
            ],
            [
              74501.60128102482,
              35458.366693354685
            ],
            [
              74507.6060848679,
              35458.366693354685
            ],
            [
              74513.61088871097,
              35464.37149719776
            ],
            [
              74525.62049639712,
              35464.37149719776
            ],
            [
              74531.6253002402,
              35470.37630104084
            ],
            [
              74609.68775020016,
              35470.37630104084
            ],
            [
              74615.69255404324,
              35464.37149719776
            ],
            [
              74651.72137710168,
              35464.37149719776
            ],
            [
              74657.72618094477,
              35470.37630104084
            ],
            [
              74699.75980784628,
              35470.37630104084
            ],
            [
              74705.76461168936,
              35464.37149719776
            ],
            [
              74741.7934347478,
              35464.37149719776
            ],
            [
              74747.79823859088,
              35470.37630104084
            ],
            [
              74771.81745396317,
              35470.37630104084
            ],
            [
              74777.82225780626,
              35476.38110488391
            ],
            [
              74789.8318654924,
              35476.38110488391
            ],
            [
              74795.83666933548,
              35482.38590872698
            ],
            [
              74831.86549239392,
              35482.38590872698
            ],
            [
              74837.870296237,
              35488.39071257006
            ],
            [
              74879.90392313851,
              35488.39071257006
            ],
            [
              74885.9087269816,
              35494.39551641313
            ],
            [
              74963.97117694156,
              35494.39551641313
            ],
            [
              74969.97598078463,
              35500.40032025621
            ],
            [
              74987.99039231385,
              35500.40032025621
            ],
            [
              74993.99519615693,
              35506.405124099285
            ],
            [
              75012.00960768615,
              35506.405124099285
            ],
            [
              75018.01441152922,
              35512.40992794235
            ],
            [
              75030.02401921537,
              35512.40992794235
            ],
            [
              75036.02882305846,
              35518.41473178543
            ],
            [
              75048.0384307446,
              35518.41473178543
            ],
            [
              75054.04323458768,
              35524.419535628505
            ],
            [
              75126.10088070457,
              35524.419535628505
            ],
            [
              75132.10568454764,
              35530.42433947158
            ],
            [
              75174.13931144917,
              35530.42433947158
            ],
            [
              75180.14411529223,
              35524.419535628505
            ],
            [
              75192.15372297839,
              35524.419535628505
            ],
            [
              75198.15852682145,
              35518.41473178543
            ],
            [
              75210.1681345076,
              35518.41473178543
            ],
            [
              75216.17293835069,
              35512.40992794235
            ],
            [
              75228.18254603683,
              35512.40992794235
            ],
            [
              75234.18734987991,
              35506.405124099285
            ],
            [
              75240.19215372298,
              35506.405124099285
            ],
            [
              75246.19695756606,
              35500.40032025621
            ],
            [
              75264.21136909528,
              35500.40032025621
            ],
            [
              75270.21617293835,
              35494.39551641313
            ],
            [
              75282.2257806245,
              35494.39551641313
            ],
            [
              75288.23058446757,
              35488.39071257006
            ],
            [
              75300.24019215372,
              35488.39071257006
            ],
            [
              75312.24979983988,
              35476.38110488391
            ],
            [
              75318.25460368294,
              35476.38110488391
            ],
            [
              75342.27381905525,
              35452.36188951161
            ],
            [
              75348.27862289832,
              35452.36188951161
            ],
            [
              75360.28823058447,
              35440.352281825464
            ],
            [
              75366.29303442755,
              35440.352281825464
            ],
            [
              75372.29783827062,
              35434.34747798239
            ],
            [
              75378.30264211369,
              35434.34747798239
            ],
            [
              75384.30744595677,
              35428.34267413931
            ],
            [
              75408.32666132906,
              35428.34267413931
            ],
            [
              75414.33146517214,
              35422.337870296236
            ],
            [
              75420.33626901521,
              35422.337870296236
            ],
            [
              75438.35068054443,
              35404.323458767016
            ],
            [
              75438.35068054443,
              35398.31865492394
            ],
            [
              75444.35548438752,
              35392.313851080864
            ],
            [
              75444.35548438752,
              35386.309047237795
            ],
            [
              75474.37950360289,
              35356.28502802242
            ],
            [
              75474.37950360289,
              35350.28022417935
            ],
            [
              75462.36989591674,
              35338.270616493195
            ],
            [
              75450.36028823059,
              35338.270616493195
            ],
            [
              75444.35548438752,
              35332.26581265012
            ],
            [
              75432.34587670137,
              35332.26581265012
            ],
            [
              75426.3410728583,
              35326.26100880705
            ],
            [
              75414.33146517214,
              35326.26100880705
            ],
            [
              75402.321857486,
              35314.2514011209
            ],
            [
              75396.31705364292,
              35314.2514011209
            ],
            [
              75378.30264211369,
              35296.23698959168
            ],
            [
              75378.30264211369,
              35290.2321857486
            ],
            [
              75372.29783827062,
              35284.227381905526
            ],
            [
              75366.29303442755,
              35284.227381905526
            ],
            [
              75360.28823058447,
              35278.22257806245
            ],
            [
              75354.2834267414,
              35278.22257806245
            ],
            [
              75348.27862289832,
              35272.217774219374
            ],
            [
              75294.23538831066,
              35272.217774219374
            ],
            [
              75288.23058446757,
              35266.212970376306
            ],
            [
              75264.21136909528,
              35266.212970376306
            ],
            [
              75258.2065652522,
              35260.20816653323
            ],
            [
              75252.20176140913,
              35260.20816653323
            ],
            [
              75246.19695756606,
              35254.203362690154
            ],
            [
              75234.18734987991,
              35254.203362690154
            ],
            [
              75228.18254603683,
              35248.19855884708
            ],
            [
              75138.11048839071,
              35248.19855884708
            ],
            [
              75132.10568454764,
              35242.193755004
            ],
            [
              75126.10088070457,
              35242.193755004
            ],
            [
              75120.09607686149,
              35236.18895116093
            ],
            [
              75114.09127301842,
              35236.18895116093
            ],
            [
              75078.06244995997,
              35200.160128102485
            ],
            [
              75072.0576461169,
              35200.160128102485
            ],
            [
              75060.04803843074,
              35188.15052041633
            ],
            [
              75054.04323458768,
              35188.15052041633
            ],
            [
              75048.0384307446,
              35182.14571657326
            ],
            [
              75036.02882305846,
              35182.14571657326
            ],
            [
              75030.02401921537,
              35176.14091273019
            ],
            [
              75024.0192153723,
              35176.14091273019
            ],
            [
              75018.01441152922,
              35170.13610888711
            ],
            [
              75012.00960768615,
              35170.13610888711
            ],
            [
              75006.00480384308,
              35164.13130504404
            ],
            [
              75000.0,
              35164.13130504404
            ],
            [
              74981.98558847078,
              35146.116893514816
            ],
            [
              74975.98078462771,
              35146.116893514816
            ],
            [
              74969.97598078463,
              35140.11208967174
            ],
            [
              74963.97117694156,
              35140.11208967174
            ],
            [
              74957.96637309849,
              35134.107285828664
            ],
            [
              74945.95676541234,
              35134.107285828664
            ]
          ]
        ]
      }
    },
    {
      "type": "Feature",
      "properties": {
        "class_id": 3,
        "classification": "Darkspot & Foreign Object",
        "area": 16550.470159955028
      },
      "geometry": {
        "type": "Polygon",
        "coordinates": [
          [
            [
              71271.01681345077,
              33518.81505204164
            ],
            [
              71265.01200960769,
              33524.81985588471
            ],
            [
              71253.00240192153,
              33524.81985588471
            ],
            [
              71234.98799039231,
              33542.834267413935
            ],
            [
              71234.98799039231,
              33548.83907125701
            ],
            [
              71228.98318654925,
              33554.84387510008
            ],
            [
              71228.98318654925,
              33560.848678943155
            ],
            [
              71222.97838270616,
              33566.85348278623
            ],
            [
              71222.97838270616,
              33572.85828662931
            ],
            [
              71216.9735788631,
              33578.86309047238
            ],
            [
              71216.9735788631,
              33584.86789431545
            ],
            [
              71210.96877502002,
              33590.87269815853
            ],
            [
              71210.96877502002,
              33596.877502001604
            ],
            [
              71204.96397117694,
              33602.88230584468
            ],
            [
              71204.96397117694,
              33608.887109687756
            ],
            [
              71198.95916733387,
              33614.891913530824
            ],
            [
              71198.95916733387,
              33620.8967173739
            ],
            [
              71192.95436349079,
              33626.901521216976
            ],
            [
              71192.95436349079,
              33632.90632506005
            ],
            [
              71186.94955964772,
              33638.91112890313
            ],
            [
              71186.94955964772,
              33662.930344275424
            ],
            [
              71198.95916733387,
              33674.93995196157
            ],
            [
              71198.95916733387,
              33686.94955964772
            ],
            [
              71204.96397117694,
              33692.9543634908
            ],
            [
              71204.96397117694,
              33698.959167333865
            ],
            [
              71198.95916733387,
              33704.96397117694
            ],
            [
              71198.95916733387,
              33710.96877502002
            ],
            [
              71186.94955964772,
              33722.97838270617
            ],
            [
              71174.93995196157,
              33722.97838270617
            ],
            [
              71168.9351481185,
              33728.98318654924
            ],
            [
              71162.93034427542,
              33728.98318654924
            ],
            [
              71162.93034427542,
              33734.987990392314
            ],
            [
              71156.92554043235,
              33740.99279423539
            ],
            [
              71156.92554043235,
              33746.997598078466
            ],
            [
              71144.9159327462,
              33759.00720576461
            ],
            [
              71144.9159327462,
              33771.01681345076
            ],
            [
              71138.91112890313,
              33777.02161729384
            ],
            [
              71138.91112890313,
              33813.05044035229
            ],
            [
              71186.94955964772,
              33813.05044035229
            ],
            [
              71192.95436349079,
              33807.04563650921
            ],
            [
              71192.95436349079,
              33771.01681345076
            ],
            [
              71198.95916733387,
              33765.012009607686
            ],
            [
              71198.95916733387,
              33710.96877502002
            ],
            [
              71204.96397117694,
              33704.96397117694
            ],
            [
              71204.96397117694,
              33692.9543634908
            ],
            [
              71210.96877502002,
              33686.94955964772
            ],
            [
              71216.9735788631,
              33686.94955964772
            ],
            [
              71228.98318654925,
              33674.93995196157
            ],
            [
              71234.98799039231,
              33674.93995196157
            ],
            [
              71240.9927942354,
              33668.9351481185
            ],
            [
              71240.9927942354,
              33662.930344275424
            ],
            [
              71246.99759807847,
              33656.92554043235
            ],
            [
              71246.99759807847,
              33644.9159327462
            ],
            [
              71253.00240192153,
              33638.91112890313
            ],
            [
              71253.00240192153,
              33632.90632506005
            ],
            [
              71259.00720576462,
              33626.901521216976
            ],
            [
              71259.00720576462,
              33620.8967173739
            ],
            [
              71271.01681345077,
              33608.887109687756
            ],
            [
              71271.01681345077,
              33602.88230584468
            ],
            [
              71295.03602882306,
              33578.86309047238
            ],
            [
              71343.07445956765,
              33578.86309047238
            ],
            [
              71361.08887109689,
              33560.848678943155
            ],
            [
              71361.08887109689,
              33554.84387510008
            ],
            [
              71355.0840672538,
              33554.84387510008
            ],
            [
              71349.07926341073,
              33548.83907125701
            ],
            [
              71343.07445956765,
              33548.83907125701
            ],
            [
              71337.06965572458,
              33542.834267413935
            ],
            [
              71325.06004803843,
              33542.834267413935
            ],
            [
              71319.05524419536,
              33536.82946357086
            ],
            [
              71313.05044035228,
              33536.82946357086
            ],
            [
              71301.04083266614,
              33524.81985588471
            ],
            [
              71289.03122497999,
              33524.81985588471
            ],
            [
              71283.0264211369,
              33518.81505204164
            ],
            [
              71271.01681345077,
              33518.81505204164
            ]
          ]
        ]
      }
    },
    {
      "type": "Feature",
      "properties": {
        "class_id": 3,
        "classification": "Darkspot & Foreign Object",
        "area": 83076.86982251935
      },
      "geometry": {
        "type": "Polygon",
        "coordinates": [
          [
            [
              65098.07846277022,
              30288.230584467576
            ],
            [
              65092.07365892715,
              30294.23538831065
            ],
            [
              65080.064051240995,
              30294.23538831065
            ],
            [
              65074.05924739792,
              30300.240192153724
            ],
            [
              65068.05444355485,
              30300.240192153724
            ],
            [
              65056.0448358687,
              30312.249799839872
            ],
            [
              65050.04003202562,
              30312.249799839872
            ],
            [
              65032.0256204964,
              30330.264211369096
            ],
            [
              65026.02081665333,
              30330.264211369096
            ],
            [
              65002.00160128103,
              30354.283426741396
            ],
            [
              64995.996797437954,
              30354.283426741396
            ],
            [
              64983.9871897518,
              30366.293034427545
            ],
            [
              64977.982385908734,
              30366.293034427545
            ],
            [
              64965.97277822258,
              30378.302642113693
            ],
            [
              64965.97277822258,
              30384.30744595677
            ],
            [
              64959.967974379506,
              30390.31224979984
            ],
            [
              64959.967974379506,
              30426.34107285829
            ],
            [
              64953.96317053643,
              30432.34587670136
            ],
            [
              64953.96317053643,
              30444.355484387514
            ],
            [
              64947.95836669336,
              30450.360288230586
            ],
            [
              64947.95836669336,
              30474.379503602882
            ],
            [
              64953.96317053643,
              30480.38430744596
            ],
            [
              64953.96317053643,
              30498.398718975182
            ],
            [
              64959.967974379506,
              30504.403522818255
            ],
            [
              64959.967974379506,
              30522.41793434748
            ],
            [
              64965.97277822258,
              30528.422738190555
            ],
            [
              64965.97277822258,
              30534.427542033627
            ],
            [
              65002.00160128103,
              30570.456365092075
            ],
            [
              65008.006405124106,
              30570.456365092075
            ],
            [
              65014.011208967175,
              30576.46116893515
            ],
            [
              65026.02081665333,
              30576.46116893515
            ],
            [
              65038.03042433948,
              30588.4707766213
            ],
            [
              65044.03522818255,
              30588.4707766213
            ],
            [
              65050.04003202562,
              30594.475580464372
            ],
            [
              65056.0448358687,
              30594.475580464372
            ],
            [
              65062.049639711775,
              30600.480384307448
            ],
            [
              65074.05924739792,
              30600.480384307448
            ],
            [
              65080.064051240995,
              30606.485188150524
            ],
            [
              65128.102481985596,
              30606.485188150524
            ],
            [
              65134.107285828664,
              30600.480384307448
            ],
            [
              65182.145716573265,
              30600.480384307448
            ],
            [
              65188.15052041634,
              30594.475580464372
            ],
            [
              65206.16493194556,
              30594.475580464372
            ],
            [
              65212.16973578864,
              30588.4707766213
            ],
            [
              65218.174539631706,
              30588.4707766213
            ],
            [
              65224.17934347478,
              30582.465972778224
            ],
            [
              65230.18414731786,
              30582.465972778224
            ],
            [
              65260.20816653323,
              30552.44195356285
            ],
            [
              65260.20816653323,
              30546.43714971978
            ],
            [
              65266.212970376306,
              30540.432345876703
            ],
            [
              65266.212970376306,
              30534.427542033627
            ],
            [
              65272.21777421938,
              30528.422738190555
            ],
            [
              65272.21777421938,
              30522.41793434748
            ],
            [
              65278.22257806245,
              30516.413130504407
            ],
            [
              65278.22257806245,
              30504.403522818255
            ],
            [
              65284.227381905526,
              30498.398718975182
            ],
            [
              65284.227381905526,
              30468.37469975981
            ],
            [
              65278.22257806245,
              30462.369895916734
            ],
            [
              65278.22257806245,
              30414.33146517214
            ],
            [
              65272.21777421938,
              30408.326661329065
            ],
            [
              65272.21777421938,
              30396.317053642917
            ],
            [
              65266.212970376306,
              30390.31224979984
            ],
            [
              65266.212970376306,
              30384.30744595677
            ],
            [
              65260.20816653323,
              30378.302642113693
            ],
            [
              65260.20816653323,
              30372.297838270617
            ],
            [
              65254.203362690154,
              30366.293034427545
            ],
            [
              65254.203362690154,
              30360.28823058447
            ],
            [
              65248.19855884708,
              30354.283426741396
            ],
            [
              65248.19855884708,
              30348.27862289832
            ],
            [
              65236.18895116093,
              30336.269015212172
            ],
            [
              65230.18414731786,
              30336.269015212172
            ],
            [
              65218.174539631706,
              30324.259407526024
            ],
            [
              65212.16973578864,
              30324.259407526024
            ],
            [
              65200.160128102485,
              30312.249799839872
            ],
            [
              65194.15532425941,
              30312.249799839872
            ],
            [
              65188.15052041634,
              30306.2449959968
            ],
            [
              65182.145716573265,
              30306.2449959968
            ],
            [
              65176.14091273019,
              30300.240192153724
            ],
            [
              65170.13610888711,
              30300.240192153724
            ],
            [
              65164.13130504404,
              30294.23538831065
            ],
            [
              65158.12650120097,
              30294.23538831065
            ],
            [
              65152.12169735789,
              30288.230584467576
            ],
            [
              65098.07846277022,
              30288.230584467576
            ]
          ]
        ]
      }
    },
    {
      "type": "Feature",
      "properties": {
        "class_id": 3,
        "classification": "Darkspot & Foreign Object",
        "area": 157265.52418876655
      },
      "geometry": {
        "type": "Polygon",
        "coordinates": [
          [
            [
              67596.0768614892,
              28973.17854283427
            ],
            [
              67590.07205764612,
              28979.183346677342
            ],
            [
              67578.06244995997,
              28979.183346677342
            ],
            [
              67572.0576461169,
              28985.18815052042
            ],
            [
              67512.00960768615,
              28985.18815052042
            ],
            [
              67506.00480384308,
              28979.183346677342
            ],
            [
              67451.9615692554,
              28979.183346677342
            ],
            [
              67445.95676541234,
              28985.18815052042
            ],
            [
              67433.94715772619,
              28985.18815052042
            ],
            [
              67427.9423538831,
              28991.192954363494
            ],
            [
              67409.92794235388,
              28991.192954363494
            ],
            [
              67403.92313851081,
              28997.197758206567
            ],
            [
              67397.91833466773,
              28997.197758206567
            ],
            [
              67391.91353082466,
              29003.202562049642
            ],
            [
              67385.9087269816,
              29003.202562049642
            ],
            [
              67379.90392313851,
              29009.207365892715
            ],
            [
              67373.89911929544,
              29009.207365892715
            ],
            [
              67361.88951160929,
              29021.216973578863
            ],
            [
              67355.88470776622,
              29021.216973578863
            ],
            [
              67343.87510008007,
              29033.226581265015
            ],
            [
              67343.87510008007,
              29039.231385108087
            ],
            [
              67331.86549239392,
              29051.240992794235
            ],
            [
              67331.86549239392,
              29057.24579663731
            ],
            [
              67325.86068855085,
              29063.250600480387
            ],
            [
              67325.86068855085,
              29069.25540432346
            ],
            [
              67319.85588470777,
              29075.260208166535
            ],
            [
              67319.85588470777,
              29087.269815852684
            ],
            [
              67307.84627702163,
              29099.279423538832
            ],
            [
              67307.84627702163,
              29105.284227381908
            ],
            [
              67301.84147317855,
              29111.28903122498
            ],
            [
              67301.84147317855,
              29117.293835068056
            ],
            [
              67289.8318654924,
              29129.303442754204
            ],
            [
              67289.8318654924,
              29135.30824659728
            ],
            [
              67283.82706164932,
              29141.313050440353
            ],
            [
              67283.82706164932,
              29147.31785428343
            ],
            [
              67271.81745396317,
              29159.327461969577
            ],
            [
              67271.81745396317,
              29165.332265812653
            ],
            [
              67265.8126501201,
              29171.337069655725
            ],
            [
              67265.8126501201,
              29177.3418734988
            ],
            [
              67259.80784627702,
              29183.346677341877
            ],
            [
              67259.80784627702,
              29195.356285028025
            ],
            [
              67253.80304243395,
              29201.361088871097
            ],
            [
              67253.80304243395,
              29231.38510808647
            ],
            [
              67259.80784627702,
              29237.389911929546
            ],
            [
              67259.80784627702,
              29261.409127301842
            ],
            [
              67265.8126501201,
              29267.413931144918
            ],
            [
              67265.8126501201,
              29279.423538831066
            ],
            [
              67271.81745396317,
              29285.428342674142
            ],
            [
              67271.81745396317,
              29291.433146517214
            ],
            [
              67319.85588470777,
              29339.47157726181
            ],
            [
              67325.86068855085,
              29339.47157726181
            ],
            [
              67331.86549239392,
              29345.476381104887
            ],
            [
              67337.870296237,
              29345.476381104887
            ],
            [
              67349.87990392314,
              29357.485988791035
            ],
            [
              67355.88470776622,
              29357.485988791035
            ],
            [
              67379.90392313851,
              29381.50520416333
            ],
            [
              67385.9087269816,
              29381.50520416333
            ],
            [
              67397.91833466773,
              29393.51481184948
            ],
            [
              67403.92313851081,
              29393.51481184948
            ],
            [
              67415.93274619697,
              29405.52441953563
            ],
            [
              67421.93755004003,
              29405.52441953563
            ],
            [
              67427.9423538831,
              29411.529223378704
            ],
            [
              67433.94715772619,
              29411.529223378704
            ],
            [
              67439.95196156926,
              29417.53402722178
            ],
            [
              67445.95676541234,
              29417.53402722178
            ],
            [
              67451.9615692554,
              29423.538831064852
            ],
            [
              67457.96637309848,
              29423.538831064852
            ],
            [
              67463.97117694156,
              29429.54363490793
            ],
            [
              67469.97598078463,
              29429.54363490793
            ],
            [
              67475.98078462771,
              29435.548438751004
            ],
            [
              67481.98558847078,
              29435.548438751004
            ],
            [
              67487.99039231385,
              29441.553242594076
            ],
            [
              67493.99519615693,
              29441.553242594076
            ],
            [
              67500.0,
              29447.558046437152
            ],
            [
              67506.00480384308,
              29447.558046437152
            ],
            [
              67512.00960768615,
              29453.562850280225
            ],
            [
              67524.0192153723,
              29453.562850280225
            ],
            [
              67530.02401921537,
              29459.5676541233
            ],
            [
              67536.02882305846,
              29459.5676541233
            ],
            [
              67542.03362690152,
              29465.572457966377
            ],
            [
              67548.0384307446,
              29465.572457966377
            ],
            [
              67554.04323458768,
              29471.57726180945
            ],
            [
              67560.04803843074,
              29471.57726180945
            ],
            [
              67566.05284227383,
              29477.582065652525
            ],
            [
              67572.0576461169,
              29477.582065652525
            ],
            [
              67578.06244995997,
              29483.586869495597
            ],
            [
              67584.06725380305,
              29483.586869495597
            ],
            [
              67590.07205764612,
              29489.591673338673
            ],
            [
              67596.0768614892,
              29489.591673338673
            ],
            [
              67602.08166533227,
              29495.596477181745
            ],
            [
              67620.09607686149,
              29495.596477181745
            ],
            [
              67626.10088070457,
              29489.591673338673
            ],
            [
              67632.10568454764,
              29489.591673338673
            ],
            [
              67632.10568454764,
              29345.476381104887
            ],
            [
              67638.11048839071,
              29339.47157726181
            ],
            [
              67644.1152922338,
              29345.476381104887
            ],
            [
              67674.13931144917,
              29345.476381104887
            ],
            [
              67686.14891913532,
              29333.466773418735
            ],
            [
              67692.15372297839,
              29333.466773418735
            ],
            [
              67698.15852682145,
              29327.461969575663
            ],
            [
              67698.15852682145,
              29321.457165732587
            ],
            [
              67704.16333066454,
              29315.452361889515
            ],
            [
              67704.16333066454,
              29267.413931144918
            ],
            [
              67698.15852682145,
              29261.409127301842
            ],
            [
              67698.15852682145,
              29243.39471577262
            ],
            [
              67692.15372297839,
              29237.389911929546
            ],
            [
              67692.15372297839,
              29213.37069655725
            ],
            [
              67686.14891913532,
              29207.365892714173
            ],
            [
              67686.14891913532,
              29201.361088871097
            ],
            [
              67680.14411529223,
              29195.356285028025
            ],
            [
              67680.14411529223,
              29189.35148118495
            ],
            [
              67662.12970376301,
              29171.337069655725
            ],
            [
              67638.11048839071,
              29171.337069655725
            ],
            [
              67632.10568454764,
              29165.332265812653
            ],
            [
              67632.10568454764,
              28973.17854283427
            ],
            [
              67596.0768614892,
              28973.17854283427
            ]
          ]
        ]
      }
    },
    {
      "type": "Feature",
      "properties": {
        "class_id": 3,
        "classification": "Darkspot & Foreign Object",
        "area": 234302.7344213241
      },
      "geometry": {
        "type": "Polygon",
        "coordinates": [
          [
            [
              76933.54683746998,
              28907.12570056045
            ],
            [
              76927.5420336269,
              28913.130504403525
            ],
            [
              76903.52281825461,
              28913.130504403525
            ],
            [
              76897.51801441153,
              28919.135308246598
            ],
            [
              76879.50360288231,
              28919.135308246598
            ],
            [
              76873.49879903924,
              28925.140112089673
            ],
            [
              76861.48919135309,
              28925.140112089673
            ],
            [
              76861.48919135309,
              29075.260208166535
            ],
            [
              76855.48438751002,
              29081.265012009608
            ],
            [
              76843.47477982387,
              29081.265012009608
            ],
            [
              76819.45556445156,
              29105.284227381908
            ],
            [
              76813.4507606085,
              29105.284227381908
            ],
            [
              76789.43154523619,
              29129.303442754204
            ],
            [
              76789.43154523619,
              29135.30824659728
            ],
            [
              76783.42674139312,
              29141.313050440353
            ],
            [
              76783.42674139312,
              29153.322658126504
            ],
            [
              76777.42193755004,
              29159.327461969577
            ],
            [
              76777.42193755004,
              29165.332265812653
            ],
            [
              76771.41713370697,
              29171.337069655725
            ],
            [
              76771.41713370697,
              29183.346677341877
            ],
            [
              76765.4123298639,
              29189.35148118495
            ],
            [
              76765.4123298639,
              29231.38510808647
            ],
            [
              76771.41713370697,
              29237.389911929546
            ],
            [
              76771.41713370697,
              29249.399519615694
            ],
            [
              76777.42193755004,
              29255.40432345877
            ],
            [
              76777.42193755004,
              29261.409127301842
            ],
            [
              76783.42674139312,
              29267.413931144918
            ],
            [
              76783.42674139312,
              29279.423538831066
            ],
            [
              76789.43154523619,
              29285.428342674142
            ],
            [
              76789.43154523619,
              29291.433146517214
            ],
            [
              76807.44595676541,
              29309.44755804644
            ],
            [
              76807.44595676541,
              29315.452361889515
            ],
            [
              76813.4507606085,
              29321.457165732587
            ],
            [
              76813.4507606085,
              29327.461969575663
            ],
            [
              76825.46036829465,
              29339.47157726181
            ],
            [
              76843.47477982387,
              29339.47157726181
            ],
            [
              76849.47958366694,
              29333.466773418735
            ],
            [
              76855.48438751002,
              29333.466773418735
            ],
            [
              76861.48919135309,
              29339.47157726181
            ],
            [
              76861.48919135309,
              29537.63010408327
            ],
            [
              76927.5420336269,
              29537.63010408327
            ],
            [
              76933.54683746998,
              29531.625300240194
            ],
            [
              76939.55164131305,
              29531.625300240194
            ],
            [
              76945.55644515612,
              29525.620496397118
            ],
            [
              76957.56605284227,
              29525.620496397118
            ],
            [
              76963.57085668536,
              29519.615692554045
            ],
            [
              76975.5804643715,
              29519.615692554045
            ],
            [
              76981.58526821458,
              29513.61088871097
            ],
            [
              76999.5996797438,
              29513.61088871097
            ],
            [
              77005.60448358687,
              29507.606084867897
            ],
            [
              77023.6188951161,
              29507.606084867897
            ],
            [
              77029.62369895917,
              29501.60128102482
            ],
            [
              77047.63811048839,
              29501.60128102482
            ],
            [
              77053.64291433147,
              29495.596477181745
            ],
            [
              77077.66212970376,
              29495.596477181745
            ],
            [
              77083.66693354685,
              29489.591673338673
            ],
            [
              77101.68134507607,
              29489.591673338673
            ],
            [
              77107.68614891914,
              29483.586869495597
            ],
            [
              77119.69575660529,
              29483.586869495597
            ],
            [
              77131.70536429144,
              29471.57726180945
            ],
            [
              77137.71016813451,
              29471.57726180945
            ],
            [
              77149.71977582066,
              29459.5676541233
            ],
            [
              77155.72457966373,
              29459.5676541233
            ],
            [
              77221.77742193756,
              29393.51481184948
            ],
            [
              77221.77742193756,
              29387.510008006408
            ],
            [
              77227.78222578063,
              29381.50520416333
            ],
            [
              77227.78222578063,
              29375.50040032026
            ],
            [
              77233.78702962371,
              29369.495596477183
            ],
            [
              77233.78702962371,
              29363.490792634107
            ],
            [
              77239.79183346678,
              29357.485988791035
            ],
            [
              77239.79183346678,
              29345.476381104887
            ],
            [
              77245.79663730985,
              29339.47157726181
            ],
            [
              77245.79663730985,
              29327.461969575663
            ],
            [
              77251.80144115293,
              29321.457165732587
            ],
            [
              77251.80144115293,
              29309.44755804644
            ],
            [
              77257.806244996,
              29303.442754203363
            ],
            [
              77257.806244996,
              29291.433146517214
            ],
            [
              77263.81104883908,
              29285.428342674142
            ],
            [
              77263.81104883908,
              29273.41873498799
            ],
            [
              77269.81585268215,
              29267.413931144918
            ],
            [
              77269.81585268215,
              29255.40432345877
            ],
            [
              77275.82065652522,
              29249.399519615694
            ],
            [
              77275.82065652522,
              29141.313050440353
            ],
            [
              77269.81585268215,
              29135.30824659728
            ],
            [
              77269.81585268215,
              29123.298638911132
            ],
            [
              77263.81104883908,
              29117.293835068056
            ],
            [
              77263.81104883908,
              29105.284227381908
            ],
            [
              77257.806244996,
              29099.279423538832
            ],
            [
              77257.806244996,
              29081.265012009608
            ],
            [
              77251.80144115293,
              29075.260208166535
            ],
            [
              77251.80144115293,
              29057.24579663731
            ],
            [
              77245.79663730985,
              29051.240992794235
            ],
            [
              77245.79663730985,
              29039.231385108087
            ],
            [
              77233.78702962371,
              29027.22177742194
            ],
            [
              77233.78702962371,
              29021.216973578863
            ],
            [
              77221.77742193756,
              29009.207365892715
            ],
            [
              77221.77742193756,
              29003.202562049642
            ],
            [
              77215.77261809447,
              28997.197758206567
            ],
            [
              77209.7678142514,
              28997.197758206567
            ],
            [
              77197.75820656525,
              28985.18815052042
            ],
            [
              77191.75340272218,
              28985.18815052042
            ],
            [
              77185.7485988791,
              28979.183346677342
            ],
            [
              77179.74379503603,
              28979.183346677342
            ],
            [
              77173.73899119296,
              28973.17854283427
            ],
            [
              77167.73418734988,
              28973.17854283427
            ],
            [
              77161.72938350681,
              28967.173738991194
            ],
            [
              77155.72457966373,
              28967.173738991194
            ],
            [
              77149.71977582066,
              28961.16893514812
            ],
            [
              77143.71497197759,
              28961.16893514812
            ],
            [
              77131.70536429144,
              28949.15932746197
            ],
            [
              77125.70056044836,
              28949.15932746197
            ],
            [
              77119.69575660529,
              28943.154523618898
            ],
            [
              77113.69095276222,
              28943.154523618898
            ],
            [
              77107.68614891914,
              28937.14971977582
            ],
            [
              77101.68134507607,
              28937.14971977582
            ],
            [
              77095.67654123298,
              28931.14491593275
            ],
            [
              77083.66693354685,
              28931.14491593275
            ],
            [
              77077.66212970376,
              28925.140112089673
            ],
            [
              77053.64291433147,
              28925.140112089673
            ],
            [
              77047.63811048839,
              28919.135308246598
            ],
            [
              77029.62369895917,
              28919.135308246598
            ],
            [
              77023.6188951161,
              28913.130504403525
            ],
            [
              76999.5996797438,
              28913.130504403525
            ],
            [
              76993.59487590073,
              28907.12570056045
            ],
            [
              76933.54683746998,
              28907.12570056045
            ]
          ]
        ]
      }
    },
    {
      "type": "Feature",
      "properties": {
        "class_id": 3,
        "classification": "Darkspot & Foreign Object",
        "area": 270.4325189535135
      },
      "geometry": {
        "type": "Polygon",
        "coordinates": [
          [
            [
              79851.88150520416,
              24805.844675740595
            ],
            [
              79845.87670136109,
              24811.849479583667
            ],
            [
              79845.87670136109,
              24817.854283426743
            ],
            [
              79851.88150520416,
              24823.85908726982
            ],
            [
              79863.89111289031,
              24823.85908726982
            ],
            [
              79863.89111289031,
              24811.849479583667
            ],
            [
              79857.88630904724,
              24805.844675740595
            ],
            [
              79851.88150520416,
              24805.844675740595
            ]
          ]
        ]
      }
    },
    {
      "type": "Feature",
      "properties": {
        "class_id": 3,
        "classification": "Darkspot & Foreign Object",
        "area": 17812.48858173809
      },
      "geometry": {
        "type": "Polygon",
        "coordinates": [
          [
            [
              79761.80944755804,
              24781.825460368294
            ],
            [
              79755.80464371498,
              24787.83026421137
            ],
            [
              79701.76140912731,
              24787.83026421137
            ],
            [
              79695.75660528423,
              24793.835068054446
            ],
            [
              79689.75180144116,
              24793.835068054446
            ],
            [
              79677.74219375501,
              24805.844675740595
            ],
            [
              79677.74219375501,
              24811.849479583667
            ],
            [
              79671.73738991194,
              24817.854283426743
            ],
            [
              79671.73738991194,
              24823.85908726982
            ],
            [
              79665.73258606886,
              24829.86389111289
            ],
            [
              79665.73258606886,
              24847.878302642115
            ],
            [
              79659.72778222579,
              24853.88310648519
            ],
            [
              79659.72778222579,
              24889.911929543636
            ],
            [
              79677.74219375501,
              24907.92634107286
            ],
            [
              79683.74699759808,
              24907.92634107286
            ],
            [
              79689.75180144116,
              24913.931144915936
            ],
            [
              79707.76621297038,
              24913.931144915936
            ],
            [
              79713.77101681345,
              24919.935948759008
            ],
            [
              79719.77582065653,
              24919.935948759008
            ],
            [
              79725.7806244996,
              24925.940752602084
            ],
            [
              79731.78542834269,
              24925.940752602084
            ],
            [
              79737.79023218575,
              24931.945556445156
            ],
            [
              79761.80944755804,
              24931.945556445156
            ],
            [
              79761.80944755804,
              24925.940752602084
            ],
            [
              79785.82866293035,
              24901.921537229784
            ],
            [
              79785.82866293035,
              24889.911929543636
            ],
            [
              79791.83346677342,
              24883.907125700563
            ],
            [
              79791.83346677342,
              24877.902321857488
            ],
            [
              79815.85268214572,
              24853.88310648519
            ],
            [
              79815.85268214572,
              24841.87349879904
            ],
            [
              79821.85748598879,
              24835.868694955967
            ],
            [
              79815.85268214572,
              24829.86389111289
            ],
            [
              79815.85268214572,
              24799.83987189752
            ],
            [
              79809.84787830265,
              24793.835068054446
            ],
            [
              79803.84307445957,
              24793.835068054446
            ],
            [
              79797.8382706165,
              24787.83026421137
            ],
            [
              79779.82385908728,
              24787.83026421137
            ],
            [
              79773.8190552442,
              24781.825460368294
            ],
            [
              79761.80944755804,
              24781.825460368294
            ]
          ]
        ]
      }
    },
    {
      "type": "Feature",
      "properties": {
        "class_id": 3,
        "classification": "Darkspot & Foreign Object",
        "area": 82517.97595001542
      },
      "geometry": {
        "type": "Polygon",
        "coordinates": [
          [
            [
              64935.94875900721,
              24595.676541232988
            ],
            [
              64935.94875900721,
              24613.690952762212
            ],
            [
              64929.94395516413,
              24619.695756605284
            ],
            [
              64929.94395516413,
              24637.71016813451
            ],
            [
              64923.93915132106,
              24643.714971977584
            ],
            [
              64923.93915132106,
              24655.724579663733
            ],
            [
              64917.93434747799,
              24661.72938350681
            ],
            [
              64917.93434747799,
              24679.74379503603
            ],
            [
              64911.92954363491,
              24685.748598879105
            ],
            [
              64911.92954363491,
              24703.76301040833
            ],
            [
              64905.92473979184,
              24709.7678142514
            ],
            [
              64905.92473979184,
              24715.772618094477
            ],
            [
              64899.91993594876,
              24721.77742193755
            ],
            [
              64899.91993594876,
              24727.782225780626
            ],
            [
              64893.915132105685,
              24733.7870296237
            ],
            [
              64893.915132105685,
              24745.79663730985
            ],
            [
              64887.91032826262,
              24751.801441152922
            ],
            [
              64887.91032826262,
              24763.811048839074
            ],
            [
              64881.90552441954,
              24769.815852682146
            ],
            [
              64881.90552441954,
              24781.825460368294
            ],
            [
              64875.900720576465,
              24787.83026421137
            ],
            [
              64875.900720576465,
              24829.86389111289
            ],
            [
              64881.90552441954,
              24835.868694955967
            ],
            [
              64881.90552441954,
              24841.87349879904
            ],
            [
              64905.92473979184,
              24865.89271417134
            ],
            [
              64911.92954363491,
              24865.89271417134
            ],
            [
              64923.93915132106,
              24877.902321857488
            ],
            [
              64935.94875900721,
              24877.902321857488
            ],
            [
              64941.953562850285,
              24883.907125700563
            ],
            [
              64947.95836669336,
              24883.907125700563
            ],
            [
              64953.96317053643,
              24889.911929543636
            ],
            [
              64959.967974379506,
              24889.911929543636
            ],
            [
              64965.97277822258,
              24895.91673338671
            ],
            [
              64971.97758206566,
              24895.91673338671
            ],
            [
              64977.982385908734,
              24901.921537229784
            ],
            [
              64983.9871897518,
              24901.921537229784
            ],
            [
              64989.99199359488,
              24907.92634107286
            ],
            [
              65002.00160128103,
              24907.92634107286
            ],
            [
              65008.006405124106,
              24913.931144915936
            ],
            [
              65068.05444355485,
              24913.931144915936
            ],
            [
              65074.05924739792,
              24907.92634107286
            ],
            [
              65104.08326661329,
              24907.92634107286
            ],
            [
              65110.08807045637,
              24901.921537229784
            ],
            [
              65122.09767814252,
              24901.921537229784
            ],
            [
              65128.102481985596,
              24895.91673338671
            ],
            [
              65134.107285828664,
              24895.91673338671
            ],
            [
              65140.11208967174,
              24889.911929543636
            ],
            [
              65146.116893514816,
              24889.911929543636
            ],
            [
              65152.12169735789,
              24883.907125700563
            ],
            [
              65152.12169735789,
              24877.902321857488
            ],
            [
              65158.12650120097,
              24871.89751801441
            ],
            [
              65158.12650120097,
              24865.89271417134
            ],
            [
              65164.13130504404,
              24859.887910328263
            ],
            [
              65164.13130504404,
              24829.86389111289
            ],
            [
              65170.13610888711,
              24823.85908726982
            ],
            [
              65170.13610888711,
              24817.854283426743
            ],
            [
              65176.14091273019,
              24811.849479583667
            ],
            [
              65176.14091273019,
              24799.83987189752
            ],
            [
              65182.145716573265,
              24793.835068054446
            ],
            [
              65182.145716573265,
              24775.820656525222
            ],
            [
              65188.15052041634,
              24769.815852682146
            ],
            [
              65188.15052041634,
              24745.79663730985
            ],
            [
              65194.15532425941,
              24739.791833466774
            ],
            [
              65194.15532425941,
              24697.758206565253
            ],
            [
              65188.15052041634,
              24691.75340272218
            ],
            [
              65188.15052041634,
              24679.74379503603
            ],
            [
              65182.145716573265,
              24673.738991192957
            ],
            [
              65182.145716573265,
              24661.72938350681
            ],
            [
              65176.14091273019,
              24655.724579663733
            ],
            [
              65176.14091273019,
              24649.719775820657
            ],
            [
              65158.12650120097,
              24631.705364291436
            ],
            [
              65158.12650120097,
              24625.70056044836
            ],
            [
              65152.12169735789,
              24619.695756605284
            ],
            [
              65152.12169735789,
              24613.690952762212
            ],
            [
              65146.116893514816,
              24607.686148919136
            ],
            [
              65146.116893514816,
              24595.676541232988
            ],
            [
              64935.94875900721,
              24595.676541232988
            ]
          ]
        ]
      }
    },
    {
      "type": "Feature",
      "properties": {
        "class_id": 3,
        "classification": "Darkspot & Foreign Object",
        "area": 184074.4012343582
      },
      "geometry": {
        "type": "Polygon",
        "coordinates": [
          [
            [
              12886.309047237792,
              22500.0
            ],
            [
              12880.304243394716,
              22506.004803843076
            ],
            [
              12808.246597277823,
              22506.004803843076
            ],
            [
              12802.241793434749,
              22512.009607686152
            ],
            [
              12760.208166533228,
              22512.009607686152
            ],
            [
              12754.203362690152,
              22518.014411529224
            ],
            [
              12736.18895116093,
              22518.014411529224
            ],
            [
              12730.184147317856,
              22524.0192153723
            ],
            [
              12724.17934347478,
              22524.0192153723
            ],
            [
              12718.174539631706,
              22530.024019215372
            ],
            [
              12712.169735788631,
              22530.024019215372
            ],
            [
              12688.150520416333,
              22554.043234587672
            ],
            [
              12688.150520416333,
              22560.048038430745
            ],
            [
              12676.140912730185,
              22572.057646116893
            ],
            [
              12676.140912730185,
              22578.06244995997
            ],
            [
              12664.131305044037,
              22590.072057646117
            ],
            [
              12664.131305044037,
              22602.081665332265
            ],
            [
              12658.12650120096,
              22608.08646917534
            ],
            [
              12658.12650120096,
              22626.100880704565
            ],
            [
              12652.121697357887,
              22632.105684547638
            ],
            [
              12652.121697357887,
              22662.12970376301
            ],
            [
              12658.12650120096,
              22668.134507606086
            ],
            [
              12658.12650120096,
              22674.139311449162
            ],
            [
              12664.131305044037,
              22680.144115292234
            ],
            [
              12664.131305044037,
              22686.14891913531
            ],
            [
              12688.150520416333,
              22710.168134507607
            ],
            [
              12694.15532425941,
              22710.168134507607
            ],
            [
              12700.160128102483,
              22716.172938350683
            ],
            [
              12706.164931945557,
              22716.172938350683
            ],
            [
              12724.17934347478,
              22734.187349879907
            ],
            [
              12730.184147317856,
              22734.187349879907
            ],
            [
              12748.198558847078,
              22752.201761409127
            ],
            [
              12748.198558847078,
              22758.206565252203
            ],
            [
              12754.203362690152,
              22764.21136909528
            ],
            [
              12754.203362690152,
              22770.21617293835
            ],
            [
              12760.208166533228,
              22776.220976781427
            ],
            [
              12760.208166533228,
              22794.23538831065
            ],
            [
              12766.212970376302,
              22800.240192153724
            ],
            [
              12766.212970376302,
              22836.269015212172
            ],
            [
              12772.217774219376,
              22842.273819055245
            ],
            [
              12772.217774219376,
              22926.34107285829
            ],
            [
              12766.212970376302,
              22932.34587670136
            ],
            [
              12766.212970376302,
              22956.36509207366
            ],
            [
              12772.217774219376,
              22962.369895916734
            ],
            [
              12772.217774219376,
              22986.389111289034
            ],
            [
              12778.22257806245,
              22992.393915132106
            ],
            [
              12778.22257806245,
              22998.398718975182
            ],
            [
              12796.236989591675,
              23016.413130504407
            ],
            [
              12796.236989591675,
              23022.41793434748
            ],
            [
              12814.251401120897,
              23040.432345876703
            ],
            [
              12814.251401120897,
              23046.437149719775
            ],
            [
              12874.299439551642,
              23106.48518815052
            ],
            [
              12874.299439551642,
              23112.489991993596
            ],
            [
              12898.31865492394,
              23136.509207365893
            ],
            [
              12898.31865492394,
              23142.51401120897
            ],
            [
              12904.323458767014,
              23148.518815052044
            ],
            [
              12904.323458767014,
              23154.523618895117
            ],
            [
              12916.333066453164,
              23166.533226581265
            ],
            [
              12916.333066453164,
              23172.53803042434
            ],
            [
              12922.337870296238,
              23178.542834267417
            ],
            [
              12928.342674139312,
              23178.542834267417
            ],
            [
              12940.35228182546,
              23190.552441953565
            ],
            [
              12952.36188951161,
              23190.552441953565
            ],
            [
              12958.366693354685,
              23196.557245796637
            ],
            [
              12976.381104883907,
              23196.557245796637
            ],
            [
              12982.385908726983,
              23202.562049639713
            ],
            [
              13018.41473178543,
              23202.562049639713
            ],
            [
              13024.419535628504,
              23208.56685348279
            ],
            [
              13024.419535628504,
              23202.562049639713
            ],
            [
              13030.424339471578,
              23196.557245796637
            ],
            [
              13030.424339471578,
              23190.552441953565
            ],
            [
              13048.438751000802,
              23172.53803042434
            ],
            [
              13060.44835868695,
              23172.53803042434
            ],
            [
              13060.44835868695,
              23148.518815052044
            ],
            [
              13066.453162530024,
              23142.51401120897
            ],
            [
              13066.453162530024,
              23124.499599679744
            ],
            [
              13072.4579663731,
              23118.494795836672
            ],
            [
              13072.4579663731,
              23106.48518815052
            ],
            [
              13078.462770216174,
              23100.480384307448
            ],
            [
              13078.462770216174,
              23094.475580464372
            ],
            [
              13084.467574059248,
              23088.4707766213
            ],
            [
              13084.467574059248,
              23052.44195356285
            ],
            [
              13090.472377902322,
              23046.437149719775
            ],
            [
              13090.472377902322,
              22932.34587670136
            ],
            [
              13084.467574059248,
              22926.34107285829
            ],
            [
              13084.467574059248,
              22866.293034427545
            ],
            [
              13078.462770216174,
              22860.28823058447
            ],
            [
              13078.462770216174,
              22854.283426741393
            ],
            [
              13072.4579663731,
              22848.27862289832
            ],
            [
              13072.4579663731,
              22842.273819055245
            ],
            [
              13066.453162530024,
              22836.269015212172
            ],
            [
              13066.453162530024,
              22830.264211369096
            ],
            [
              13060.44835868695,
              22824.25940752602
            ],
            [
              13060.44835868695,
              22818.254603682948
            ],
            [
              13054.443554843876,
              22812.249799839872
            ],
            [
              13054.443554843876,
              22806.2449959968
            ],
            [
              13042.433947157728,
              22794.23538831065
            ],
            [
              13042.433947157728,
              22788.230584467576
            ],
            [
              13024.419535628504,
              22770.21617293835
            ],
            [
              13024.419535628504,
              22764.21136909528
            ],
            [
              13018.41473178543,
              22758.206565252203
            ],
            [
              13018.41473178543,
              22752.201761409127
            ],
            [
              12994.395516413131,
              22728.18254603683
            ],
            [
              12994.395516413131,
              22722.177742193755
            ],
            [
              12982.385908726983,
              22710.168134507607
            ],
            [
              12982.385908726983,
              22704.163330664534
            ],
            [
              12976.381104883907,
              22698.15852682146
            ],
            [
              12976.381104883907,
              22680.144115292234
            ],
            [
              12970.376301040833,
              22674.139311449162
            ],
            [
              12970.376301040833,
              22662.12970376301
            ],
            [
              12964.371497197759,
              22656.124899919938
            ],
            [
              12964.371497197759,
              22644.11529223379
            ],
            [
              12958.366693354685,
              22638.110488390714
            ],
            [
              12958.366693354685,
              22632.105684547638
            ],
            [
              12952.36188951161,
              22626.100880704565
            ],
            [
              12952.36188951161,
              22614.091273018417
            ],
            [
              12946.357085668536,
              22608.08646917534
            ],
            [
              12946.357085668536,
              22596.076861489193
            ],
            [
              12940.35228182546,
              22590.072057646117
            ],
            [
              12940.35228182546,
              22542.033626901524
            ],
            [
              12934.347477982386,
              22536.02882305845
            ],
            [
              12934.347477982386,
              22530.024019215372
            ],
            [
              12910.328262610088,
              22506.004803843076
            ],
            [
              12892.313851080866,
              22506.004803843076
            ],
            [
              12886.309047237792,
              22500.0
            ]
          ]
        ]
      }
    },
    {
      "type": "Feature",
      "properties": {
        "class_id": 3,
        "classification": "Darkspot & Foreign Object",
        "area": 558.8938725039279
      },
      "geometry": {
        "type": "Polygon",
        "coordinates": [
          [
            [
              45768.61489191353,
              19329.463570856686
            ],
            [
              45762.61008807046,
              19335.46837469976
            ],
            [
              45762.61008807046,
              19347.47798238591
            ],
            [
              45768.61489191353,
              19353.482786228986
            ],
            [
              45768.61489191353,
              19365.492393915134
            ],
            [
              45774.619695756606,
              19371.497197758206
            ],
            [
              45774.619695756606,
              19365.492393915134
            ],
            [
              45780.62449959968,
              19359.487590072058
            ],
            [
              45780.62449959968,
              19335.46837469976
            ],
            [
              45786.62930344276,
              19329.463570856686
            ],
            [
              45768.61489191353,
              19329.463570856686
            ]
          ]
        ]
      }
    },
    {
      "type": "Feature",
      "properties": {
        "class_id": 3,
        "classification": "Darkspot & Foreign Object",
        "area": 63136.97875834695
      },
      "geometry": {
        "type": "Polygon",
        "coordinates": [
          [
            [
              45594.47558046437,
              19143.31465172138
            ],
            [
              45588.4707766213,
              19149.31945556445
            ],
            [
              45570.456365092075,
              19149.31945556445
            ],
            [
              45564.451561249,
              19155.324259407527
            ],
            [
              45552.441953562855,
              19155.324259407527
            ],
            [
              45546.43714971978,
              19161.329063250603
            ],
            [
              45534.42754203363,
              19161.329063250603
            ],
            [
              45528.42273819056,
              19167.333867093676
            ],
            [
              45522.41793434748,
              19167.333867093676
            ],
            [
              45492.39391513211,
              19197.357886309048
            ],
            [
              45492.39391513211,
              19203.362690152124
            ],
            [
              45486.389111289034,
              19209.367493995196
            ],
            [
              45486.389111289034,
              19215.372297838272
            ],
            [
              45480.38430744596,
              19221.377101681348
            ],
            [
              45480.38430744596,
              19227.38190552442
            ],
            [
              45474.37950360288,
              19233.386709367496
            ],
            [
              45474.37950360288,
              19245.396317053644
            ],
            [
              45468.374699759814,
              19251.401120896717
            ],
            [
              45468.374699759814,
              19275.420336269017
            ],
            [
              45462.36989591674,
              19281.42514011209
            ],
            [
              45462.36989591674,
              19293.43474779824
            ],
            [
              45456.36509207366,
              19299.439551641313
            ],
            [
              45450.360288230586,
              19299.439551641313
            ],
            [
              45444.35548438751,
              19305.44435548439
            ],
            [
              45414.33146517214,
              19305.44435548439
            ],
            [
              45414.33146517214,
              19323.458767013613
            ],
            [
              45420.33626901521,
              19329.463570856686
            ],
            [
              45420.33626901521,
              19341.473178542834
            ],
            [
              45450.360288230586,
              19371.497197758206
            ],
            [
              45456.36509207366,
              19371.497197758206
            ],
            [
              45468.374699759814,
              19383.506805444358
            ],
            [
              45474.37950360288,
              19383.506805444358
            ],
            [
              45480.38430744596,
              19389.51160928743
            ],
            [
              45486.389111289034,
              19389.51160928743
            ],
            [
              45492.39391513211,
              19395.516413130506
            ],
            [
              45498.398718975186,
              19395.516413130506
            ],
            [
              45504.403522818255,
              19401.52121697358
            ],
            [
              45510.40832666133,
              19401.52121697358
            ],
            [
              45516.41313050441,
              19407.526020816655
            ],
            [
              45522.41793434748,
              19407.526020816655
            ],
            [
              45528.42273819056,
              19413.53082465973
            ],
            [
              45534.42754203363,
              19413.53082465973
            ],
            [
              45540.4323458767,
              19419.535628502803
            ],
            [
              45552.441953562855,
              19419.535628502803
            ],
            [
              45558.44675740593,
              19425.54043234588
            ],
            [
              45582.46597277823,
              19425.54043234588
            ],
            [
              45588.4707766213,
              19431.54523618895
            ],
            [
              45606.485188150524,
              19431.54523618895
            ],
            [
              45612.4899919936,
              19425.54043234588
            ],
            [
              45624.499599679744,
              19425.54043234588
            ],
            [
              45630.50440352282,
              19419.535628502803
            ],
            [
              45660.52842273819,
              19419.535628502803
            ],
            [
              45666.53322658127,
              19413.53082465973
            ],
            [
              45672.538030424344,
              19413.53082465973
            ],
            [
              45678.54283426741,
              19407.526020816655
            ],
            [
              45684.54763811049,
              19407.526020816655
            ],
            [
              45702.56204963972,
              19389.51160928743
            ],
            [
              45708.566853482786,
              19389.51160928743
            ],
            [
              45708.566853482786,
              19353.482786228986
            ],
            [
              45702.56204963972,
              19347.47798238591
            ],
            [
              45702.56204963972,
              19323.458767013613
            ],
            [
              45708.566853482786,
              19317.453963170537
            ],
            [
              45708.566853482786,
              19311.44915932746
            ],
            [
              45714.57165732586,
              19305.44435548439
            ],
            [
              45714.57165732586,
              19245.396317053644
            ],
            [
              45708.566853482786,
              19239.39151321057
            ],
            [
              45708.566853482786,
              19197.357886309048
            ],
            [
              45702.56204963972,
              19191.353082465976
            ],
            [
              45702.56204963972,
              19179.343474779824
            ],
            [
              45672.538030424344,
              19149.31945556445
            ],
            [
              45666.53322658127,
              19149.31945556445
            ],
            [
              45660.52842273819,
              19143.31465172138
            ],
            [
              45594.47558046437,
              19143.31465172138
            ]
          ]
        ]
      }
    },
    {
      "type": "Feature",
      "properties": {
        "class_id": 3,
        "classification": "Darkspot & Foreign Object",
        "area": 51436.26510495827
      },
      "geometry": {
        "type": "Polygon",
        "coordinates": [
          [
            [
              75348.27862289832,
              18446.75740592474
            ],
            [
              75348.27862289832,
              18464.771817453966
            ],
            [
              75336.26901521218,
              18476.781425140114
            ],
            [
              75336.26901521218,
              18482.786228983186
            ],
            [
              75318.25460368294,
              18500.80064051241
            ],
            [
              75318.25460368294,
              18506.805444355487
            ],
            [
              75312.24979983988,
              18512.81024819856
            ],
            [
              75312.24979983988,
              18518.815052041635
            ],
            [
              75306.2449959968,
              18524.819855884707
            ],
            [
              75306.2449959968,
              18530.824659727783
            ],
            [
              75300.24019215372,
              18536.82946357086
            ],
            [
              75300.24019215372,
              18542.83426741393
            ],
            [
              75294.23538831066,
              18548.839071257007
            ],
            [
              75294.23538831066,
              18596.877502001604
            ],
            [
              75330.2642113691,
              18632.90632506005
            ],
            [
              75336.26901521218,
              18632.90632506005
            ],
            [
              75354.2834267414,
              18650.920736589273
            ],
            [
              75360.28823058447,
              18650.920736589273
            ],
            [
              75366.29303442755,
              18656.92554043235
            ],
            [
              75378.30264211369,
              18656.92554043235
            ],
            [
              75384.30744595677,
              18662.93034427542
            ],
            [
              75486.38911128904,
              18662.93034427542
            ],
            [
              75492.39391513211,
              18656.92554043235
            ],
            [
              75498.39871897518,
              18656.92554043235
            ],
            [
              75504.40352281826,
              18650.920736589273
            ],
            [
              75510.40832666133,
              18650.920736589273
            ],
            [
              75528.42273819055,
              18632.90632506005
            ],
            [
              75534.42754203363,
              18632.90632506005
            ],
            [
              75552.44195356285,
              18614.891913530824
            ],
            [
              75552.44195356285,
              18608.887109687752
            ],
            [
              75564.451561249,
              18596.877502001604
            ],
            [
              75564.451561249,
              18590.872698158528
            ],
            [
              75570.45636509208,
              18584.867894315452
            ],
            [
              75570.45636509208,
              18572.858286629304
            ],
            [
              75576.46116893516,
              18566.85348278623
            ],
            [
              75576.46116893516,
              18518.815052041635
            ],
            [
              75570.45636509208,
              18512.81024819856
            ],
            [
              75570.45636509208,
              18500.80064051241
            ],
            [
              75564.451561249,
              18494.79583666934
            ],
            [
              75564.451561249,
              18476.781425140114
            ],
            [
              75558.44675740592,
              18470.77662129704
            ],
            [
              75558.44675740592,
              18464.771817453966
            ],
            [
              75564.451561249,
              18458.76701361089
            ],
            [
              75558.44675740592,
              18452.762209767814
            ],
            [
              75558.44675740592,
              18446.75740592474
            ],
            [
              75348.27862289832,
              18446.75740592474
            ]
          ]
        ]
      }
    },
    {
      "type": "Feature",
      "properties": {
        "class_id": 3,
        "classification": "Darkspot & Foreign Object",
        "area": 2506.008008969225
      },
      "geometry": {
        "type": "Polygon",
        "coordinates": [
          [
            [
              52860.28823058447,
              12243.795036028823
            ],
            [
              52854.28342674139,
              12249.799839871897
            ],
            [
              52848.278622898324,
              12249.799839871897
            ],
            [
              52842.27381905525,
              12255.804643714973
            ],
            [
              52842.27381905525,
              12285.828662930346
            ],
            [
              52848.278622898324,
              12291.83346677342
            ],
            [
              52896.31705364292,
              12291.83346677342
            ],
            [
              52890.31224979984,
              12291.83346677342
            ],
            [
              52884.307445956765,
              12285.828662930346
            ],
            [
              52890.31224979984,
              12279.82385908727
            ],
            [
              52902.32185748599,
              12279.82385908727
            ],
            [
              52914.33146517214,
              12267.814251401122
            ],
            [
              52902.32185748599,
              12255.804643714973
            ],
            [
              52896.31705364292,
              12255.804643714973
            ],
            [
              52890.31224979984,
              12249.799839871897
            ],
            [
              52878.3026421137,
              12249.799839871897
            ],
            [
              52872.29783827062,
              12243.795036028823
            ],
            [
              52860.28823058447,
              12243.795036028823
            ]
          ]
        ]
      }
    },
    {
      "type": "Feature",
      "properties": {
        "class_id": 3,
        "classification": "Darkspot & Foreign Object",
        "area": 72.1153383876036
      },
      "geometry": {
        "type": "Polygon",
        "coordinates": [
          [
            [
              52265.8126501201,
              12159.727782225782
            ],
            [
              52265.8126501201,
              12177.742193755004
            ],
            [
              52271.81745396317,
              12171.73738991193
            ],
            [
              52271.81745396317,
              12165.732586068856
            ],
            [
              52265.8126501201,
              12159.727782225782
            ]
          ]
        ]
      }
    },
    {
      "type": "Feature",
      "properties": {
        "class_id": 3,
        "classification": "Darkspot & Foreign Object",
        "area": 11268.021623063063
      },
      "geometry": {
        "type": "Polygon",
        "coordinates": [
          [
            [
              52355.884707766214,
              12117.69415532426
            ],
            [
              52349.87990392314,
              12123.698959167334
            ],
            [
              52343.87510008007,
              12123.698959167334
            ],
            [
              52343.87510008007,
              12165.732586068856
            ],
            [
              52337.87029623699,
              12171.73738991193
            ],
            [
              52337.87029623699,
              12189.751801441154
            ],
            [
              52343.87510008007,
              12195.756605284228
            ],
            [
              52337.87029623699,
              12201.761409127303
            ],
            [
              52337.87029623699,
              12207.766212970377
            ],
            [
              52331.86549239392,
              12213.77101681345
            ],
            [
              52331.86549239392,
              12219.775820656527
            ],
            [
              52337.87029623699,
              12225.7806244996
            ],
            [
              52349.87990392314,
              12225.7806244996
            ],
            [
              52349.87990392314,
              12219.775820656527
            ],
            [
              52355.884707766214,
              12213.77101681345
            ],
            [
              52355.884707766214,
              12189.751801441154
            ],
            [
              52367.894315452366,
              12177.742193755004
            ],
            [
              52373.89911929544,
              12177.742193755004
            ],
            [
              52379.90392313851,
              12171.73738991193
            ],
            [
              52385.90872698159,
              12171.73738991193
            ],
            [
              52391.91353082466,
              12165.732586068856
            ],
            [
              52421.937550040035,
              12165.732586068856
            ],
            [
              52427.94235388311,
              12171.73738991193
            ],
            [
              52433.94715772619,
              12171.73738991193
            ],
            [
              52439.951961569255,
              12177.742193755004
            ],
            [
              52439.951961569255,
              12183.746997598078
            ],
            [
              52457.96637309848,
              12201.761409127303
            ],
            [
              52457.96637309848,
              12207.766212970377
            ],
            [
              52463.97117694156,
              12213.77101681345
            ],
            [
              52463.97117694156,
              12231.785428342675
            ],
            [
              52469.97598078463,
              12237.79023218575
            ],
            [
              52475.9807846277,
              12237.79023218575
            ],
            [
              52481.98558847078,
              12243.795036028823
            ],
            [
              52506.004803843076,
              12243.795036028823
            ],
            [
              52524.019215372304,
              12225.7806244996
            ],
            [
              52524.019215372304,
              12207.766212970377
            ],
            [
              52512.00960768615,
              12195.756605284228
            ],
            [
              52512.00960768615,
              12177.742193755004
            ],
            [
              52518.01441152923,
              12171.73738991193
            ],
            [
              52530.02401921537,
              12171.73738991193
            ],
            [
              52530.02401921537,
              12153.722978382706
            ],
            [
              52524.019215372304,
              12147.718174539632
            ],
            [
              52512.00960768615,
              12147.718174539632
            ],
            [
              52506.004803843076,
              12141.713370696558
            ],
            [
              52500.0,
              12141.713370696558
            ],
            [
              52493.99519615693,
              12135.708566853484
            ],
            [
              52475.9807846277,
              12135.708566853484
            ],
            [
              52463.97117694156,
              12147.718174539632
            ],
            [
              52457.96637309848,
              12147.718174539632
            ],
            [
              52451.96156925541,
              12153.722978382706
            ],
            [
              52427.94235388311,
              12153.722978382706
            ],
            [
              52421.937550040035,
              12147.718174539632
            ],
            [
              52409.92794235388,
              12147.718174539632
            ],
            [
              52403.923138510814,
              12141.713370696558
            ],
            [
              52397.91833466774,
              12141.713370696558
            ],
            [
              52379.90392313851,
              12123.698959167334
            ],
            [
              52373.89911929544,
              12123.698959167334
            ],
            [
              52367.894315452366,
              12117.69415532426
            ],
            [
              52355.884707766214,
              12117.69415532426
            ]
          ]
        ]
      }
    },
    {
      "type": "Feature",
      "properties": {
        "class_id": 3,
        "classification": "Darkspot & Foreign Object",
        "area": 262734.2065806368
      },
      "geometry": {
        "type": "Polygon",
        "coordinates": [
          [
            [
              12003.602882305846,
              12009.60768614892
            ],
            [
              11997.598078462772,
              12015.612489991994
            ],
            [
              11985.588470776622,
              12015.612489991994
            ],
            [
              11973.578863090474,
              12027.622097678142
            ],
            [
              11967.5740592474,
              12027.622097678142
            ],
            [
              11961.569255404323,
              12033.626901521218
            ],
            [
              11955.56445156125,
              12033.626901521218
            ],
            [
              11949.559647718175,
              12039.631705364292
            ],
            [
              11943.554843875101,
              12039.631705364292
            ],
            [
              11937.550040032027,
              12045.636509207367
            ],
            [
              11931.545236188951,
              12045.636509207367
            ],
            [
              11925.540432345877,
              12051.64131305044
            ],
            [
              11913.530824659729,
              12051.64131305044
            ],
            [
              11907.526020816655,
              12057.646116893515
            ],
            [
              11895.516413130505,
              12057.646116893515
            ],
            [
              11889.51160928743,
              12063.65092073659
            ],
            [
              11871.497197758208,
              12063.65092073659
            ],
            [
              11859.487590072058,
              12075.660528422739
            ],
            [
              11859.487590072058,
              12123.698959167334
            ],
            [
              11853.482786228984,
              12129.70376301041
            ],
            [
              11853.482786228984,
              12177.742193755004
            ],
            [
              11859.487590072058,
              12183.746997598078
            ],
            [
              11859.487590072058,
              12189.751801441154
            ],
            [
              11865.492393915132,
              12195.756605284228
            ],
            [
              11865.492393915132,
              12207.766212970377
            ],
            [
              11871.497197758208,
              12213.77101681345
            ],
            [
              11871.497197758208,
              12231.785428342675
            ],
            [
              11877.502001601282,
              12237.79023218575
            ],
            [
              11877.502001601282,
              12291.83346677342
            ],
            [
              11871.497197758208,
              12297.838270616494
            ],
            [
              11757.405924739793,
              12297.838270616494
            ],
            [
              11757.405924739793,
              12333.86709367494
            ],
            [
              11763.410728582867,
              12339.871897518015
            ],
            [
              11763.410728582867,
              12345.87670136109
            ],
            [
              11781.425140112091,
              12363.891112890313
            ],
            [
              11787.429943955165,
              12363.891112890313
            ],
            [
              11793.43474779824,
              12369.895916733387
            ],
            [
              11799.439551641313,
              12369.895916733387
            ],
            [
              11805.444355484387,
              12375.900720576461
            ],
            [
              11865.492393915132,
              12375.900720576461
            ],
            [
              11871.497197758208,
              12369.895916733387
            ],
            [
              11889.51160928743,
              12369.895916733387
            ],
            [
              11895.516413130505,
              12363.891112890313
            ],
            [
              11925.540432345877,
              12363.891112890313
            ],
            [
              11931.545236188951,
              12369.895916733387
            ],
            [
              11943.554843875101,
              12369.895916733387
            ],
            [
              11949.559647718175,
              12375.900720576461
            ],
            [
              11955.56445156125,
              12375.900720576461
            ],
            [
              11961.569255404323,
              12381.905524419537
            ],
            [
              11973.578863090474,
              12381.905524419537
            ],
            [
              11979.583666933548,
              12387.910328262611
            ],
            [
              11985.588470776622,
              12387.910328262611
            ],
            [
              11991.593274619696,
              12393.915132105685
            ],
            [
              12015.612489991994,
              12393.915132105685
            ],
            [
              12021.617293835068,
              12399.91993594876
            ],
            [
              12027.622097678142,
              12399.91993594876
            ],
            [
              12033.626901521218,
              12405.924739791833
            ],
            [
              12039.631705364292,
              12405.924739791833
            ],
            [
              12045.636509207367,
              12411.92954363491
            ],
            [
              12051.64131305044,
              12411.92954363491
            ],
            [
              12057.646116893515,
              12417.934347477983
            ],
            [
              12069.655724579665,
              12417.934347477983
            ],
            [
              12075.660528422739,
              12423.939151321058
            ],
            [
              12087.670136108887,
              12423.939151321058
            ],
            [
              12093.674939951963,
              12429.943955164132
            ],
            [
              12105.684547638111,
              12429.943955164132
            ],
            [
              12111.689351481185,
              12435.948759007206
            ],
            [
              12117.69415532426,
              12435.948759007206
            ],
            [
              12123.698959167334,
              12441.953562850282
            ],
            [
              12135.708566853484,
              12441.953562850282
            ],
            [
              12141.713370696558,
              12447.958366693356
            ],
            [
              12147.718174539632,
              12447.958366693356
            ],
            [
              12153.722978382706,
              12453.96317053643
            ],
            [
              12165.732586068856,
              12453.96317053643
            ],
            [
              12177.742193755004,
              12465.972778222578
            ],
            [
              12183.746997598078,
              12465.972778222578
            ],
            [
              12189.751801441154,
              12471.977582065654
            ],
            [
              12201.761409127303,
              12471.977582065654
            ],
            [
              12207.766212970377,
              12477.982385908728
            ],
            [
              12219.775820656527,
              12477.982385908728
            ],
            [
              12225.7806244996,
              12483.987189751802
            ],
            [
              12231.785428342675,
              12483.987189751802
            ],
            [
              12237.79023218575,
              12489.991993594876
            ],
            [
              12243.795036028823,
              12489.991993594876
            ],
            [
              12267.814251401122,
              12514.011208967175
            ],
            [
              12291.83346677342,
              12514.011208967175
            ],
            [
              12303.843074459568,
              12526.020816653323
            ],
            [
              12321.857485988792,
              12526.020816653323
            ],
            [
              12333.86709367494,
              12538.030424339473
            ],
            [
              12345.87670136109,
              12538.030424339473
            ],
            [
              12351.881505204165,
              12544.035228182547
            ],
            [
              12357.886309047239,
              12544.035228182547
            ],
            [
              12363.891112890313,
              12550.040032025621
            ],
            [
              12375.900720576461,
              12550.040032025621
            ],
            [
              12381.905524419537,
              12556.044835868695
            ],
            [
              12405.924739791833,
              12556.044835868695
            ],
            [
              12411.92954363491,
              12550.040032025621
            ],
            [
              12423.939151321058,
              12550.040032025621
            ],
            [
              12429.943955164132,
              12544.035228182547
            ],
            [
              12435.948759007206,
              12544.035228182547
            ],
            [
              12447.958366693356,
              12532.025620496397
            ],
            [
              12453.96317053643,
              12532.025620496397
            ],
            [
              12459.967974379504,
              12526.020816653323
            ],
            [
              12465.972778222578,
              12526.020816653323
            ],
            [
              12471.977582065654,
              12520.016012810249
            ],
            [
              12477.982385908728,
              12520.016012810249
            ],
            [
              12483.987189751802,
              12514.011208967175
            ],
            [
              12495.99679743795,
              12514.011208967175
            ],
            [
              12502.001601281025,
              12508.0064051241
            ],
            [
              12514.011208967175,
              12508.0064051241
            ],
            [
              12520.016012810249,
              12502.001601281025
            ],
            [
              12544.035228182547,
              12502.001601281025
            ],
            [
              12550.040032025621,
              12495.99679743795
            ],
            [
              12562.04963971177,
              12495.99679743795
            ],
            [
              12568.054443554845,
              12489.991993594876
            ],
            [
              12580.064051240994,
              12489.991993594876
            ],
            [
              12586.068855084068,
              12483.987189751802
            ],
            [
              12592.073658927142,
              12483.987189751802
            ],
            [
              12598.078462770216,
              12477.982385908728
            ],
            [
              12604.083266613292,
              12477.982385908728
            ],
            [
              12610.088070456366,
              12471.977582065654
            ],
            [
              12610.088070456366,
              12465.972778222578
            ],
            [
              12616.09287429944,
              12459.967974379504
            ],
            [
              12616.09287429944,
              12453.96317053643
            ],
            [
              12622.097678142514,
              12447.958366693356
            ],
            [
              12622.097678142514,
              12441.953562850282
            ],
            [
              12670.13610888711,
              12393.915132105685
            ],
            [
              12670.13610888711,
              12387.910328262611
            ],
            [
              12682.145716573259,
              12375.900720576461
            ],
            [
              12682.145716573259,
              12369.895916733387
            ],
            [
              12694.15532425941,
              12357.886309047239
            ],
            [
              12694.15532425941,
              12351.881505204165
            ],
            [
              12706.164931945557,
              12339.871897518015
            ],
            [
              12706.164931945557,
              12297.838270616494
            ],
            [
              12417.934347477983,
              12297.838270616494
            ],
            [
              12411.92954363491,
              12291.83346677342
            ],
            [
              12411.92954363491,
              12279.82385908727
            ],
            [
              12417.934347477983,
              12273.819055244196
            ],
            [
              12417.934347477983,
              12261.809447558047
            ],
            [
              12423.939151321058,
              12255.804643714973
            ],
            [
              12423.939151321058,
              12237.79023218575
            ],
            [
              12429.943955164132,
              12231.785428342675
            ],
            [
              12429.943955164132,
              12225.7806244996
            ],
            [
              12423.939151321058,
              12219.775820656527
            ],
            [
              12423.939151321058,
              12213.77101681345
            ],
            [
              12411.92954363491,
              12201.761409127303
            ],
            [
              12399.91993594876,
              12201.761409127303
            ],
            [
              12393.915132105685,
              12195.756605284228
            ],
            [
              12363.891112890313,
              12195.756605284228
            ],
            [
              12357.886309047239,
              12201.761409127303
            ],
            [
              12351.881505204165,
              12201.761409127303
            ],
            [
              12345.87670136109,
              12207.766212970377
            ],
            [
              12303.843074459568,
              12207.766212970377
            ],
            [
              12291.83346677342,
              12195.756605284228
            ],
            [
              12291.83346677342,
              12075.660528422739
            ],
            [
              12285.828662930346,
              12081.665332265813
            ],
            [
              12279.82385908727,
              12081.665332265813
            ],
            [
              12273.819055244196,
              12075.660528422739
            ],
            [
              12201.761409127303,
              12075.660528422739
            ],
            [
              12195.756605284228,
              12069.655724579665
            ],
            [
              12189.751801441154,
              12069.655724579665
            ],
            [
              12183.746997598078,
              12063.65092073659
            ],
            [
              12177.742193755004,
              12063.65092073659
            ],
            [
              12171.73738991193,
              12057.646116893515
            ],
            [
              12129.70376301041,
              12057.646116893515
            ],
            [
              12123.698959167334,
              12051.64131305044
            ],
            [
              12117.69415532426,
              12051.64131305044
            ],
            [
              12111.689351481185,
              12045.636509207367
            ],
            [
              12111.689351481185,
              12039.631705364292
            ],
            [
              12093.674939951963,
              12039.631705364292
            ],
            [
              12087.670136108887,
              12033.626901521218
            ],
            [
              12069.655724579665,
              12033.626901521218
            ],
            [
              12063.65092073659,
              12027.622097678142
            ],
            [
              12057.646116893515,
              12027.622097678142
            ],
            [
              12051.64131305044,
              12021.617293835068
            ],
            [
              12045.636509207367,
              12021.617293835068
            ],
            [
              12039.631705364292,
              12015.612489991994
            ],
            [
              12027.622097678142,
              12015.612489991994
            ],
            [
              12021.617293835068,
              12009.60768614892
            ],
            [
              12003.602882305846,
              12009.60768614892
            ]
          ]
        ]
      }
    },
    {
      "type": "Feature",
      "properties": {
        "class_id": 3,
        "classification": "Darkspot & Foreign Object",
        "area": 28197.097309553006
      },
      "geometry": {
        "type": "Polygon",
        "coordinates": [
          [
            [
              36100.88070456365,
              10400.320256204965
            ],
            [
              36094.87590072058,
              10406.325060048039
            ],
            [
              36088.871096877505,
              10406.325060048039
            ],
            [
              36076.86148919135,
              10418.334667734189
            ],
            [
              36076.86148919135,
              10424.339471577263
            ],
            [
              36070.85668534828,
              10430.344275420337
            ],
            [
              36070.85668534828,
              10436.349079263411
            ],
            [
              36064.85188150521,
              10442.353883106485
            ],
            [
              36064.85188150521,
              10514.41152922338
            ],
            [
              36070.85668534828,
              10520.416333066454
            ],
            [
              36070.85668534828,
              10532.425940752602
            ],
            [
              36076.86148919135,
              10538.430744595677
            ],
            [
              36076.86148919135,
              10544.435548438752
            ],
            [
              36082.86629303443,
              10550.440352281827
            ],
            [
              36082.86629303443,
              10556.4451561249
            ],
            [
              36094.87590072058,
              10568.454763811049
            ],
            [
              36094.87590072058,
              10574.459567654123
            ],
            [
              36112.8903122498,
              10592.473979183347
            ],
            [
              36118.89511609288,
              10592.473979183347
            ],
            [
              36130.90472377902,
              10604.483586869495
            ],
            [
              36142.914331465174,
              10604.483586869495
            ],
            [
              36148.91913530825,
              10610.488390712571
            ],
            [
              36178.94315452362,
              10610.488390712571
            ],
            [
              36202.96236989592,
              10586.469175340273
            ],
            [
              36202.96236989592,
              10574.459567654123
            ],
            [
              36208.967173738994,
              10568.454763811049
            ],
            [
              36208.967173738994,
              10562.449959967975
            ],
            [
              36214.97197758207,
              10556.4451561249
            ],
            [
              36214.97197758207,
              10550.440352281827
            ],
            [
              36220.97678142514,
              10544.435548438752
            ],
            [
              36220.97678142514,
              10538.430744595677
            ],
            [
              36226.981585268215,
              10532.425940752602
            ],
            [
              36226.981585268215,
              10526.421136909528
            ],
            [
              36232.98638911129,
              10520.416333066454
            ],
            [
              36232.98638911129,
              10508.406725380304
            ],
            [
              36238.99119295437,
              10502.40192153723
            ],
            [
              36238.99119295437,
              10484.387510008008
            ],
            [
              36244.99599679744,
              10478.382706164932
            ],
            [
              36244.99599679744,
              10442.353883106485
            ],
            [
              36232.98638911129,
              10430.344275420337
            ],
            [
              36226.981585268215,
              10430.344275420337
            ],
            [
              36220.97678142514,
              10424.339471577263
            ],
            [
              36160.928742994394,
              10424.339471577263
            ],
            [
              36154.923939151326,
              10418.334667734189
            ],
            [
              36148.91913530825,
              10418.334667734189
            ],
            [
              36142.914331465174,
              10412.329863891113
            ],
            [
              36136.9095276221,
              10412.329863891113
            ],
            [
              36124.89991993595,
              10400.320256204965
            ],
            [
              36100.88070456365,
              10400.320256204965
            ]
          ]
        ]
      }
    },
    {
      "type": "Feature",
      "properties": {
        "class_id": 3,
        "classification": "Darkspot & Foreign Object",
        "area": 11195.906284675459
      },
      "geometry": {
        "type": "Polygon",
        "coordinates": [
          [
            [
              36226.981585268215,
              10226.180944755804
            ],
            [
              36232.98638911129,
              10232.18574859888
            ],
            [
              36232.98638911129,
              10250.200160128103
            ],
            [
              36238.99119295437,
              10256.204963971177
            ],
            [
              36238.99119295437,
              10268.214571657327
            ],
            [
              36244.99599679744,
              10274.219375500401
            ],
            [
              36244.99599679744,
              10280.224179343475
            ],
            [
              36251.00080064051,
              10286.22898318655
            ],
            [
              36251.00080064051,
              10292.233787029625
            ],
            [
              36257.00560448359,
              10298.2385908727
            ],
            [
              36257.00560448359,
              10304.243394715773
            ],
            [
              36263.01040832666,
              10310.248198558847
            ],
            [
              36263.01040832666,
              10316.253002401922
            ],
            [
              36269.01521216974,
              10322.257806244997
            ],
            [
              36269.01521216974,
              10328.262610088072
            ],
            [
              36275.020016012815,
              10334.267413931146
            ],
            [
              36275.020016012815,
              10346.277021617294
            ],
            [
              36281.024819855884,
              10352.281825460368
            ],
            [
              36281.024819855884,
              10376.301040832666
            ],
            [
              36287.02962369896,
              10382.30584467574
            ],
            [
              36287.02962369896,
              10400.320256204965
            ],
            [
              36293.034427542036,
              10406.325060048039
            ],
            [
              36293.034427542036,
              10418.334667734189
            ],
            [
              36299.03923138511,
              10424.339471577263
            ],
            [
              36299.03923138511,
              10436.349079263411
            ],
            [
              36353.08246597278,
              10490.392313851082
            ],
            [
              36353.08246597278,
              10496.397117694156
            ],
            [
              36359.08726981586,
              10502.40192153723
            ],
            [
              36359.08726981586,
              10508.406725380304
            ],
            [
              36365.09207365893,
              10514.41152922338
            ],
            [
              36365.09207365893,
              10544.435548438752
            ],
            [
              36371.096877502,
              10550.440352281827
            ],
            [
              36371.096877502,
              10562.449959967975
            ],
            [
              36377.10168134508,
              10568.454763811049
            ],
            [
              36377.10168134508,
              10574.459567654123
            ],
            [
              36383.10648518815,
              10580.464371497199
            ],
            [
              36383.10648518815,
              10592.473979183347
            ],
            [
              36383.10648518815,
              10514.41152922338
            ],
            [
              36377.10168134508,
              10508.406725380304
            ],
            [
              36377.10168134508,
              10490.392313851082
            ],
            [
              36371.096877502,
              10484.387510008008
            ],
            [
              36371.096877502,
              10466.373098478784
            ],
            [
              36365.09207365893,
              10460.36829463571
            ],
            [
              36365.09207365893,
              10442.353883106485
            ],
            [
              36359.08726981586,
              10436.349079263411
            ],
            [
              36359.08726981586,
              10424.339471577263
            ],
            [
              36353.08246597278,
              10418.334667734189
            ],
            [
              36353.08246597278,
              10412.329863891113
            ],
            [
              36341.07285828663,
              10400.320256204965
            ],
            [
              36341.07285828663,
              10394.31545236189
            ],
            [
              36335.06805444356,
              10388.310648518816
            ],
            [
              36335.06805444356,
              10382.30584467574
            ],
            [
              36329.063250600484,
              10376.301040832666
            ],
            [
              36329.063250600484,
              10370.296236989592
            ],
            [
              36323.05844675741,
              10364.291433146518
            ],
            [
              36323.05844675741,
              10358.286629303444
            ],
            [
              36317.05364291433,
              10352.281825460368
            ],
            [
              36317.05364291433,
              10340.27221777422
            ],
            [
              36305.04403522819,
              10328.262610088072
            ],
            [
              36305.04403522819,
              10322.257806244997
            ],
            [
              36275.020016012815,
              10292.233787029625
            ],
            [
              36275.020016012815,
              10286.22898318655
            ],
            [
              36263.01040832666,
              10274.219375500401
            ],
            [
              36263.01040832666,
              10268.214571657327
            ],
            [
              36257.00560448359,
              10262.209767814253
            ],
            [
              36257.00560448359,
              10256.204963971177
            ],
            [
              36251.00080064051,
              10250.200160128103
            ],
            [
              36251.00080064051,
              10244.195356285029
            ],
            [
              36238.99119295437,
              10232.18574859888
            ],
            [
              36232.98638911129,
              10232.18574859888
            ],
            [
              36226.981585268215,
              10226.180944755804
            ]
          ]
        ]
      }
    },
    {
      "type": "Feature",
      "properties": {
        "class_id": 3,
        "classification": "Darkspot & Foreign Object",
        "area": 260174.11206787688
      },
      "geometry": {
        "type": "Polygon",
        "coordinates": [
          [
            [
              38310.648518815055,
              9865.892714171338
            ],
            [
              38304.64371497198,
              9871.897518014412
            ],
            [
              38292.634107285834,
              9871.897518014412
            ],
            [
              38286.62930344276,
              9877.902321857486
            ],
            [
              38274.619695756606,
              9877.902321857486
            ],
            [
              38268.61489191353,
              9883.907125700562
            ],
            [
              38256.605284227386,
              9883.907125700562
            ],
            [
              38250.60048038431,
              9889.911929543636
            ],
            [
              38232.58606885509,
              9889.911929543636
            ],
            [
              38226.58126501201,
              9895.91673338671
            ],
            [
              38220.57646116894,
              9895.91673338671
            ],
            [
              38214.57165732586,
              9901.921537229784
            ],
            [
              38208.566853482786,
              9901.921537229784
            ],
            [
              38196.55724579664,
              9913.931144915934
            ],
            [
              38190.552441953565,
              9913.931144915934
            ],
            [
              38184.54763811049,
              9919.935948759008
            ],
            [
              38178.54283426741,
              9919.935948759008
            ],
            [
              38172.538030424344,
              9925.940752602082
            ],
            [
              38166.53322658127,
              9925.940752602082
            ],
            [
              38130.50440352282,
              9961.969575660529
            ],
            [
              38130.50440352282,
              9967.974379503603
            ],
            [
              38124.499599679744,
              9973.979183346677
            ],
            [
              38118.49479583667,
              9973.979183346677
            ],
            [
              38070.456365092075,
              10022.017614091274
            ],
            [
              38070.456365092075,
              10028.022417934348
            ],
            [
              38058.44675740592,
              10040.032025620498
            ],
            [
              38058.44675740592,
              10046.036829463572
            ],
            [
              38022.41793434748,
              10082.065652522018
            ],
            [
              38022.41793434748,
              10088.070456365092
            ],
            [
              38016.41313050441,
              10094.075260208167
            ],
            [
              38016.41313050441,
              10100.08006405124
            ],
            [
              38010.40832666133,
              10106.084867894317
            ],
            [
              38010.40832666133,
              10124.099279423539
            ],
            [
              38004.403522818255,
              10130.104083266613
            ],
            [
              38004.403522818255,
              10142.113690952763
            ],
            [
              37998.39871897518,
              10148.118494795837
            ],
            [
              37998.39871897518,
              10154.123298638911
            ],
            [
              37992.39391513211,
              10160.128102481985
            ],
            [
              37992.39391513211,
              10166.132906325061
            ],
            [
              37980.38430744596,
              10178.14251401121
            ],
            [
              37980.38430744596,
              10184.147317854284
            ],
            [
              37974.37950360288,
              10190.152121697358
            ],
            [
              37974.37950360288,
              10202.161729383508
            ],
            [
              37968.37469975981,
              10208.166533226582
            ],
            [
              37968.37469975981,
              10214.171337069656
            ],
            [
              37962.36989591674,
              10220.17614091273
            ],
            [
              37962.36989591674,
              10280.224179343475
            ],
            [
              37968.37469975981,
              10286.22898318655
            ],
            [
              37968.37469975981,
              10292.233787029625
            ],
            [
              37974.37950360288,
              10298.2385908727
            ],
            [
              37974.37950360288,
              10304.243394715773
            ],
            [
              37980.38430744596,
              10310.248198558847
            ],
            [
              37980.38430744596,
              10316.253002401922
            ],
            [
              37986.389111289034,
              10322.257806244997
            ],
            [
              37986.389111289034,
              10328.262610088072
            ],
            [
              37992.39391513211,
              10334.267413931146
            ],
            [
              37992.39391513211,
              10340.27221777422
            ],
            [
              38004.403522818255,
              10352.281825460368
            ],
            [
              38004.403522818255,
              10358.286629303444
            ],
            [
              38016.41313050441,
              10370.296236989592
            ],
            [
              38016.41313050441,
              10376.301040832666
            ],
            [
              38022.41793434748,
              10376.301040832666
            ],
            [
              38040.4323458767,
              10394.31545236189
            ],
            [
              38046.43714971978,
              10394.31545236189
            ],
            [
              38052.441953562855,
              10400.320256204965
            ],
            [
              38064.451561249,
              10400.320256204965
            ],
            [
              38070.456365092075,
              10406.325060048039
            ],
            [
              38076.46116893515,
              10406.325060048039
            ],
            [
              38082.46597277823,
              10412.329863891113
            ],
            [
              38088.470776621296,
              10412.329863891113
            ],
            [
              38100.48038430745,
              10424.339471577263
            ],
            [
              38106.485188150524,
              10424.339471577263
            ],
            [
              38112.4899919936,
              10430.344275420337
            ],
            [
              38118.49479583667,
              10430.344275420337
            ],
            [
              38124.499599679744,
              10436.349079263411
            ],
            [
              38130.50440352282,
              10436.349079263411
            ],
            [
              38136.509207365896,
              10442.353883106485
            ],
            [
              38148.51881505204,
              10442.353883106485
            ],
            [
              38154.52361889512,
              10448.35868694956
            ],
            [
              38184.54763811049,
              10448.35868694956
            ],
            [
              38190.552441953565,
              10442.353883106485
            ],
            [
              38208.566853482786,
              10442.353883106485
            ],
            [
              38214.57165732586,
              10436.349079263411
            ],
            [
              38262.61008807046,
              10436.349079263411
            ],
            [
              38268.61489191353,
              10430.344275420337
            ],
            [
              38286.62930344276,
              10430.344275420337
            ],
            [
              38292.634107285834,
              10424.339471577263
            ],
            [
              38298.6389111289,
              10424.339471577263
            ],
            [
              38304.64371497198,
              10418.334667734189
            ],
            [
              38310.648518815055,
              10418.334667734189
            ],
            [
              38316.65332265813,
              10412.329863891113
            ],
            [
              38322.65812650121,
              10412.329863891113
            ],
            [
              38328.662930344275,
              10406.325060048039
            ],
            [
              38334.66773418735,
              10406.325060048039
            ],
            [
              38340.67253803043,
              10400.320256204965
            ],
            [
              38346.6773418735,
              10400.320256204965
            ],
            [
              38352.68214571658,
              10394.31545236189
            ],
            [
              38358.68694955965,
              10394.31545236189
            ],
            [
              38370.6965572458,
              10382.30584467574
            ],
            [
              38376.701361088875,
              10382.30584467574
            ],
            [
              38382.70616493195,
              10376.301040832666
            ],
            [
              38388.71096877502,
              10376.301040832666
            ],
            [
              38436.74939951962,
              10328.262610088072
            ],
            [
              38442.754203362696,
              10328.262610088072
            ],
            [
              38454.76381104884,
              10316.253002401922
            ],
            [
              38460.76861489192,
              10316.253002401922
            ],
            [
              38466.77341873499,
              10310.248198558847
            ],
            [
              38472.77822257806,
              10310.248198558847
            ],
            [
              38478.78302642114,
              10304.243394715773
            ],
            [
              38484.78783026421,
              10304.243394715773
            ],
            [
              38490.79263410729,
              10298.2385908727
            ],
            [
              38496.797437950365,
              10298.2385908727
            ],
            [
              38508.80704563651,
              10286.22898318655
            ],
            [
              38514.811849479585,
              10286.22898318655
            ],
            [
              38532.826261008806,
              10268.214571657327
            ],
            [
              38538.83106485188,
              10268.214571657327
            ],
            [
              38562.85028022418,
              10244.195356285029
            ],
            [
              38562.85028022418,
              10232.18574859888
            ],
            [
              38568.855084067254,
              10226.180944755804
            ],
            [
              38568.855084067254,
              10220.17614091273
            ],
            [
              38574.85988791033,
              10214.171337069656
            ],
            [
              38574.85988791033,
              10202.161729383508
            ],
            [
              38580.864691753406,
              10196.156925540434
            ],
            [
              38580.864691753406,
              10178.14251401121
            ],
            [
              38586.86949559648,
              10172.137710168136
            ],
            [
              38586.86949559648,
              10148.118494795837
            ],
            [
              38592.87429943955,
              10142.113690952763
            ],
            [
              38592.87429943955,
              10130.104083266613
            ],
            [
              38598.87910328263,
              10124.099279423539
            ],
            [
              38598.87910328263,
              10064.051240992794
            ],
            [
              38592.87429943955,
              10058.04643714972
            ],
            [
              38592.87429943955,
              10046.036829463572
            ],
            [
              38586.86949559648,
              10040.032025620498
            ],
            [
              38586.86949559648,
              10034.027221777422
            ],
            [
              38568.855084067254,
              10016.0128102482
            ],
            [
              38568.855084067254,
              10010.008006405125
            ],
            [
              38556.84547638111,
              9997.998398718975
            ],
            [
              38550.840672538034,
              9997.998398718975
            ],
            [
              38484.78783026421,
              9931.945556445156
            ],
            [
              38478.78302642114,
              9931.945556445156
            ],
            [
              38466.77341873499,
              9919.935948759008
            ],
            [
              38460.76861489192,
              9919.935948759008
            ],
            [
              38454.76381104884,
              9913.931144915934
            ],
            [
              38448.759007205765,
              9913.931144915934
            ],
            [
              38436.74939951962,
              9901.921537229784
            ],
            [
              38430.744595676544,
              9901.921537229784
            ],
            [
              38424.73979183347,
              9895.91673338671
            ],
            [
              38418.73498799039,
              9895.91673338671
            ],
            [
              38412.73018414732,
              9889.911929543636
            ],
            [
              38400.72057646117,
              9889.911929543636
            ],
            [
              38394.715772618096,
              9883.907125700562
            ],
            [
              38382.70616493195,
              9883.907125700562
            ],
            [
              38376.701361088875,
              9877.902321857486
            ],
            [
              38370.6965572458,
              9877.902321857486
            ],
            [
              38364.69175340272,
              9871.897518014412
            ],
            [
              38358.68694955965,
              9871.897518014412
            ],
            [
              38352.68214571658,
              9865.892714171338
            ],
            [
              38310.648518815055,
              9865.892714171338
            ]
          ]
        ]
      }
    },
    {
      "type": "Feature",
      "properties": {
        "class_id": 3,
        "classification": "Darkspot & Foreign Object",
        "area": 123191.02680062385
      },
      "geometry": {
        "type": "Polygon",
        "coordinates": [
          [
            [
              20080.064051240995,
              9157.325860688552
            ],
            [
              20074.05924739792,
              9163.330664531626
            ],
            [
              20068.054443554844,
              9163.330664531626
            ],
            [
              20062.04963971177,
              9169.3354683747
            ],
            [
              20056.044835868695,
              9169.3354683747
            ],
            [
              20044.035228182547,
              9181.345076060848
            ],
            [
              20038.03042433947,
              9181.345076060848
            ],
            [
              20026.020816653323,
              9193.354683746998
            ],
            [
              20020.01601281025,
              9193.354683746998
            ],
            [
              20020.01601281025,
              9205.364291433147
            ],
            [
              20014.011208967175,
              9211.36909527622
            ],
            [
              20014.011208967175,
              9217.373899119297
            ],
            [
              20008.0064051241,
              9223.37870296237
            ],
            [
              19899.91993594876,
              9223.37870296237
            ],
            [
              19899.91993594876,
              9241.393114491593
            ],
            [
              19893.915132105685,
              9247.39791833467
            ],
            [
              19893.915132105685,
              9259.407526020817
            ],
            [
              19887.910328262613,
              9265.412329863892
            ],
            [
              19887.910328262613,
              9283.426741393116
            ],
            [
              19881.905524419537,
              9289.43154523619
            ],
            [
              19881.905524419537,
              9295.436349079264
            ],
            [
              19887.910328262613,
              9301.441152922338
            ],
            [
              19887.910328262613,
              9313.450760608488
            ],
            [
              19893.915132105685,
              9319.455564451562
            ],
            [
              19893.915132105685,
              9337.469975980785
            ],
            [
              19899.91993594876,
              9343.47477982386
            ],
            [
              19899.91993594876,
              9349.479583666935
            ],
            [
              19911.92954363491,
              9361.489191353083
            ],
            [
              19911.92954363491,
              9367.493995196157
            ],
            [
              19923.939151321058,
              9379.503602882307
            ],
            [
              19923.939151321058,
              9385.508406725381
            ],
            [
              19929.943955164134,
              9391.513210568455
            ],
            [
              19929.943955164134,
              9397.51801441153
            ],
            [
              19935.948759007206,
              9403.522818254603
            ],
            [
              19935.948759007206,
              9409.52762209768
            ],
            [
              19941.95356285028,
              9415.532425940753
            ],
            [
              19941.95356285028,
              9421.537229783828
            ],
            [
              19947.958366693354,
              9427.542033626902
            ],
            [
              19947.958366693354,
              9445.556445156126
            ],
            [
              19953.96317053643,
              9451.5612489992
            ],
            [
              19953.96317053643,
              9475.580464371498
            ],
            [
              19959.967974379506,
              9481.585268214572
            ],
            [
              19959.967974379506,
              9493.59487590072
            ],
            [
              19965.97277822258,
              9499.599679743795
            ],
            [
              19965.97277822258,
              9505.60448358687
            ],
            [
              19971.977582065654,
              9511.609287429945
            ],
            [
              19971.977582065654,
              9517.614091273019
            ],
            [
              19977.982385908726,
              9523.618895116093
            ],
            [
              19977.982385908726,
              9529.623698959167
            ],
            [
              19983.987189751802,
              9535.628502802243
            ],
            [
              19983.987189751802,
              9541.633306645317
            ],
            [
              19989.99199359488,
              9547.638110488391
            ],
            [
              19989.99199359488,
              9553.642914331465
            ],
            [
              19995.99679743795,
              9559.64771817454
            ],
            [
              19995.99679743795,
              9565.652522017615
            ],
            [
              20002.001601281027,
              9571.65732586069
            ],
            [
              20002.001601281027,
              9577.662129703764
            ],
            [
              20008.0064051241,
              9583.666933546838
            ],
            [
              20008.0064051241,
              9589.671737389912
            ],
            [
              20020.01601281025,
              9601.681345076062
            ],
            [
              20032.0256204964,
              9601.681345076062
            ],
            [
              20038.03042433947,
              9595.676541232988
            ],
            [
              20044.035228182547,
              9595.676541232988
            ],
            [
              20056.044835868695,
              9583.666933546838
            ],
            [
              20062.04963971177,
              9583.666933546838
            ],
            [
              20074.05924739792,
              9571.65732586069
            ],
            [
              20080.064051240995,
              9571.65732586069
            ],
            [
              20086.068855084068,
              9565.652522017615
            ],
            [
              20110.088070456368,
              9565.652522017615
            ],
            [
              20116.09287429944,
              9559.64771817454
            ],
            [
              20200.16012810248,
              9559.64771817454
            ],
            [
              20206.164931945557,
              9553.642914331465
            ],
            [
              20224.17934347478,
              9553.642914331465
            ],
            [
              20230.184147317854,
              9547.638110488391
            ],
            [
              20236.18895116093,
              9547.638110488391
            ],
            [
              20254.203362690154,
              9529.623698959167
            ],
            [
              20254.203362690154,
              9517.614091273019
            ],
            [
              20260.208166533226,
              9511.609287429945
            ],
            [
              20260.208166533226,
              9493.59487590072
            ],
            [
              20266.212970376302,
              9487.590072057646
            ],
            [
              20266.212970376302,
              9451.5612489992
            ],
            [
              20272.217774219378,
              9445.556445156126
            ],
            [
              20272.217774219378,
              9427.542033626902
            ],
            [
              20278.22257806245,
              9421.537229783828
            ],
            [
              20278.22257806245,
              9403.522818254603
            ],
            [
              20284.227381905526,
              9397.51801441153
            ],
            [
              20284.227381905526,
              9343.47477982386
            ],
            [
              20278.22257806245,
              9337.469975980785
            ],
            [
              20278.22257806245,
              9313.450760608488
            ],
            [
              20272.217774219378,
              9307.445956765412
            ],
            [
              20272.217774219378,
              9289.43154523619
            ],
            [
              20266.212970376302,
              9283.426741393116
            ],
            [
              20266.212970376302,
              9259.407526020817
            ],
            [
              20260.208166533226,
              9253.402722177743
            ],
            [
              20260.208166533226,
              9223.37870296237
            ],
            [
              20158.12650120096,
              9223.37870296237
            ],
            [
              20152.12169735789,
              9217.373899119297
            ],
            [
              20152.12169735789,
              9211.36909527622
            ],
            [
              20146.116893514813,
              9205.364291433147
            ],
            [
              20146.116893514813,
              9199.359487590073
            ],
            [
              20128.10248198559,
              9181.345076060848
            ],
            [
              20128.10248198559,
              9175.340272217774
            ],
            [
              20110.088070456368,
              9157.325860688552
            ],
            [
              20080.064051240995,
              9157.325860688552
            ]
          ]
        ]
      }
    },
    {
      "type": "Feature",
      "properties": {
        "class_id": 3,
        "classification": "Darkspot & Foreign Object",
        "area": 0.0
      },
      "geometry": {
        "type": "Polygon",
        "coordinates": [
          [
            [
              40790.632506004804,
              9109.287429943955
            ],
            [
              40796.63730984788,
              9115.29223378703
            ],
            [
              40802.642113690956,
              9115.29223378703
            ],
            [
              40808.64691753403,
              9121.297037630105
            ],
            [
              40802.642113690956,
              9115.29223378703
            ],
            [
              40796.63730984788,
              9115.29223378703
            ],
            [
              40790.632506004804,
              9109.287429943955
            ]
          ]
        ]
      }
    },
    {
      "type": "Feature",
      "properties": {
        "class_id": 3,
        "classification": "Darkspot & Foreign Object",
        "area": 90.14417298450451
      },
      "geometry": {
        "type": "Polygon",
        "coordinates": [
          [
            [
              19713.77101681345,
              8857.085668534828
            ],
            [
              19707.76621297038,
              8863.090472377902
            ],
            [
              19707.76621297038,
              8869.095276220978
            ],
            [
              19713.77101681345,
              8869.095276220978
            ],
            [
              19719.775820656527,
              8863.090472377902
            ],
            [
              19713.77101681345,
              8857.085668534828
            ]
          ]
        ]
      }
    },
    {
      "type": "Feature",
      "properties": {
        "class_id": 3,
        "classification": "Darkspot & Foreign Object",
        "area": 56015.5890925711
      },
      "geometry": {
        "type": "Polygon",
        "coordinates": [
          [
            [
              19095.276220976782,
              8658.927141713371
            ],
            [
              19089.271417133707,
              8664.931945556445
            ],
            [
              19053.242594075262,
              8664.931945556445
            ],
            [
              19047.237790232186,
              8670.93674939952
            ],
            [
              19041.232986389114,
              8670.93674939952
            ],
            [
              19023.21857485989,
              8688.951160928744
            ],
            [
              19023.21857485989,
              8694.955964771818
            ],
            [
              19017.213771016814,
              8700.960768614892
            ],
            [
              19017.213771016814,
              8706.965572457966
            ],
            [
              18999.19935948759,
              8724.97998398719
            ],
            [
              18999.19935948759,
              8730.984787830264
            ],
            [
              18993.194555644517,
              8736.989591673339
            ],
            [
              18993.194555644517,
              8748.999199359489
            ],
            [
              18987.18975180144,
              8755.004003202563
            ],
            [
              18987.18975180144,
              8779.023218574861
            ],
            [
              18993.194555644517,
              8785.028022417935
            ],
            [
              18993.194555644517,
              8803.042433947157
            ],
            [
              18999.19935948759,
              8809.047237790233
            ],
            [
              18999.19935948759,
              8827.061649319456
            ],
            [
              19005.204163330665,
              8833.06645316253
            ],
            [
              19005.204163330665,
              8839.071257005606
            ],
            [
              19011.20896717374,
              8845.07606084868
            ],
            [
              19011.20896717374,
              8851.080864691754
            ],
            [
              19029.22337870296,
              8869.095276220978
            ],
            [
              19029.22337870296,
              8875.100080064052
            ],
            [
              19047.237790232186,
              8893.114491593275
            ],
            [
              19047.237790232186,
              8899.119295436349
            ],
            [
              19065.25220176141,
              8917.133706965573
            ],
            [
              19071.257005604486,
              8917.133706965573
            ],
            [
              19077.26180944756,
              8923.138510808647
            ],
            [
              19095.276220976782,
              8923.138510808647
            ],
            [
              19101.28102481986,
              8929.143314651721
            ],
            [
              19125.300240192155,
              8929.143314651721
            ],
            [
              19131.30504403523,
              8923.138510808647
            ],
            [
              19137.309847878303,
              8923.138510808647
            ],
            [
              19143.31465172138,
              8917.133706965573
            ],
            [
              19155.324259407527,
              8917.133706965573
            ],
            [
              19161.329063250603,
              8911.128903122499
            ],
            [
              19197.357886309048,
              8911.128903122499
            ],
            [
              19203.362690152124,
              8905.124099279425
            ],
            [
              19215.372297838272,
              8905.124099279425
            ],
            [
              19239.39151321057,
              8881.104883907126
            ],
            [
              19239.39151321057,
              8875.100080064052
            ],
            [
              19251.401120896717,
              8863.090472377902
            ],
            [
              19251.401120896717,
              8857.085668534828
            ],
            [
              19257.405924739793,
              8851.080864691754
            ],
            [
              19257.405924739793,
              8839.071257005606
            ],
            [
              19263.41072858287,
              8833.06645316253
            ],
            [
              19263.41072858287,
              8827.061649319456
            ],
            [
              19257.405924739793,
              8821.056845476382
            ],
            [
              19257.405924739793,
              8797.037630104083
            ],
            [
              19251.401120896717,
              8791.03282626101
            ],
            [
              19251.401120896717,
              8779.023218574861
            ],
            [
              19245.396317053644,
              8773.018414731787
            ],
            [
              19245.396317053644,
              8761.008807045637
            ],
            [
              19239.39151321057,
              8755.004003202563
            ],
            [
              19239.39151321057,
              8748.999199359489
            ],
            [
              19233.386709367496,
              8742.994395516414
            ],
            [
              19233.386709367496,
              8730.984787830264
            ],
            [
              19221.377101681348,
              8718.975180144116
            ],
            [
              19221.377101681348,
              8712.970376301042
            ],
            [
              19209.367493995196,
              8700.960768614892
            ],
            [
              19209.367493995196,
              8694.955964771818
            ],
            [
              19203.362690152124,
              8688.951160928744
            ],
            [
              19197.357886309048,
              8688.951160928744
            ],
            [
              19185.3482786229,
              8676.941553242594
            ],
            [
              19179.343474779824,
              8676.941553242594
            ],
            [
              19173.33867093675,
              8670.93674939952
            ],
            [
              19167.333867093676,
              8670.93674939952
            ],
            [
              19161.329063250603,
              8664.931945556445
            ],
            [
              19131.30504403523,
              8664.931945556445
            ],
            [
              19125.300240192155,
              8658.927141713371
            ],
            [
              19095.276220976782,
              8658.927141713371
            ]
          ]
        ]
      }
    },
    {
      "type": "Feature",
      "properties": {
        "class_id": 3,
        "classification": "Darkspot & Foreign Object",
        "area": 9987.974366683098
      },
      "geometry": {
        "type": "Polygon",
        "coordinates": [
          [
            [
              27682.14571657326,
              5794.635708566854
            ],
            [
              27670.136108887113,
              5806.645316253002
            ],
            [
              27670.136108887113,
              5968.7750200160135
            ],
            [
              27676.140912730185,
              5968.7750200160135
            ],
            [
              27682.14571657326,
              5974.779823859088
            ],
            [
              27700.160128102485,
              5974.779823859088
            ],
            [
              27706.164931945557,
              5968.7750200160135
            ],
            [
              27706.164931945557,
              5962.7702161729385
            ],
            [
              27712.169735788633,
              5956.765412329864
            ],
            [
              27712.169735788633,
              5944.755804643715
            ],
            [
              27718.174539631706,
              5938.751000800641
            ],
            [
              27718.174539631706,
              5932.746196957566
            ],
            [
              27724.17934347478,
              5926.741393114492
            ],
            [
              27724.17934347478,
              5920.736589271418
            ],
            [
              27730.184147317857,
              5914.731785428343
            ],
            [
              27730.184147317857,
              5896.71737389912
            ],
            [
              27736.18895116093,
              5890.7125700560455
            ],
            [
              27736.18895116093,
              5878.702962369896
            ],
            [
              27742.193755004006,
              5872.698158526822
            ],
            [
              27742.193755004006,
              5854.683746997598
            ],
            [
              27736.18895116093,
              5848.678943154524
            ],
            [
              27736.18895116093,
              5830.664531625301
            ],
            [
              27730.184147317857,
              5824.659727782226
            ],
            [
              27730.184147317857,
              5818.654923939152
            ],
            [
              27712.169735788633,
              5800.640512409928
            ],
            [
              27706.164931945557,
              5800.640512409928
            ],
            [
              27700.160128102485,
              5794.635708566854
            ],
            [
              27682.14571657326,
              5794.635708566854
            ]
          ]
        ]
      }
    },
    {
      "type": "Feature",
      "properties": {
        "class_id": 3,
        "classification": "Darkspot & Foreign Object",
        "area": 82355.71643864331
      },
      "geometry": {
        "type": "Polygon",
        "coordinates": [
          [
            [
              18452.762209767814,
              552.4419535628504
            ],
            [
              18446.75740592474,
              558.4467574059248
            ],
            [
              18446.75740592474,
              612.4899919935949
            ],
            [
              18440.752602081666,
              618.4947958366694
            ],
            [
              18398.718975180145,
              618.4947958366694
            ],
            [
              18392.71417133707,
              624.4995996797438
            ],
            [
              18380.70456365092,
              624.4995996797438
            ],
            [
              18374.69975980785,
              630.5044035228183
            ],
            [
              18368.694955964773,
              630.5044035228183
            ],
            [
              18362.690152121697,
              636.5092073658927
            ],
            [
              18356.685348278625,
              636.5092073658927
            ],
            [
              18350.68054443555,
              642.5140112089672
            ],
            [
              18326.661329063252,
              642.5140112089672
            ],
            [
              18314.651721377104,
              654.5236188951161
            ],
            [
              18314.651721377104,
              660.5284227381906
            ],
            [
              18308.646917534028,
              666.533226581265
            ],
            [
              18314.651721377104,
              672.5380304243395
            ],
            [
              18314.651721377104,
              702.5620496397119
            ],
            [
              18320.656525220176,
              708.5668534827863
            ],
            [
              18320.656525220176,
              714.5716573258608
            ],
            [
              18338.6709367494,
              732.5860688550841
            ],
            [
              18338.6709367494,
              738.5908726981586
            ],
            [
              18344.675740592476,
              744.595676541233
            ],
            [
              18344.675740592476,
              756.605284227382
            ],
            [
              18356.685348278625,
              768.6148919135309
            ],
            [
              18356.685348278625,
              774.6196957566053
            ],
            [
              18362.690152121697,
              780.6244995996798
            ],
            [
              18362.690152121697,
              786.6293034427542
            ],
            [
              18368.694955964773,
              792.6341072858287
            ],
            [
              18368.694955964773,
              798.6389111289031
            ],
            [
              18374.69975980785,
              804.6437149719776
            ],
            [
              18386.709367493997,
              804.6437149719776
            ],
            [
              18392.71417133707,
              810.6485188150521
            ],
            [
              18398.718975180145,
              810.6485188150521
            ],
            [
              18416.73338670937,
              828.6629303442754
            ],
            [
              18440.752602081666,
              828.6629303442754
            ],
            [
              18446.75740592474,
              834.6677341873499
            ],
            [
              18446.75740592474,
              942.7542033626902
            ],
            [
              18452.762209767814,
              942.7542033626902
            ],
            [
              18458.76701361089,
              948.7590072057646
            ],
            [
              18464.771817453966,
              948.7590072057646
            ],
            [
              18470.77662129704,
              942.7542033626902
            ],
            [
              18476.781425140114,
              942.7542033626902
            ],
            [
              18494.79583666934,
              924.7397918334668
            ],
            [
              18500.80064051241,
              924.7397918334668
            ],
            [
              18512.81024819856,
              912.7301841473179
            ],
            [
              18518.815052041635,
              912.7301841473179
            ],
            [
              18530.824659727783,
              900.720576461169
            ],
            [
              18536.82946357086,
              900.720576461169
            ],
            [
              18542.83426741393,
              894.7157726180945
            ],
            [
              18548.839071257007,
              894.7157726180945
            ],
            [
              18554.84387510008,
              888.7109687750201
            ],
            [
              18560.848678943155,
              888.7109687750201
            ],
            [
              18572.858286629304,
              876.7013610888712
            ],
            [
              18578.86309047238,
              876.7013610888712
            ],
            [
              18584.867894315452,
              870.6965572457967
            ],
            [
              18590.872698158528,
              870.6965572457967
            ],
            [
              18602.882305844676,
              858.6869495596478
            ],
            [
              18602.882305844676,
              852.6821457165734
            ],
            [
              18626.901521216976,
              828.6629303442754
            ],
            [
              18626.901521216976,
              822.658126501201
            ],
            [
              18638.911128903124,
              810.6485188150521
            ],
            [
              18638.911128903124,
              744.595676541233
            ],
            [
              18650.920736589273,
              732.5860688550841
            ],
            [
              18650.920736589273,
              726.5812650120097
            ],
            [
              18656.92554043235,
              720.5764611689352
            ],
            [
              18656.92554043235,
              714.5716573258608
            ],
            [
              18662.93034427542,
              708.5668534827863
            ],
            [
              18662.93034427542,
              684.5476381104884
            ],
            [
              18644.915932746197,
              666.533226581265
            ],
            [
              18644.915932746197,
              660.5284227381906
            ],
            [
              18638.911128903124,
              654.5236188951161
            ],
            [
              18638.911128903124,
              636.5092073658927
            ],
            [
              18632.90632506005,
              630.5044035228183
            ],
            [
              18632.90632506005,
              624.4995996797438
            ],
            [
              18614.891913530824,
              606.4851881505205
            ],
            [
              18602.882305844676,
              606.4851881505205
            ],
            [
              18596.877502001604,
              600.480384307446
            ],
            [
              18584.867894315452,
              600.480384307446
            ],
            [
              18578.86309047238,
              594.4755804643715
            ],
            [
              18572.858286629304,
              594.4755804643715
            ],
            [
              18560.848678943155,
              582.4659727782226
            ],
            [
              18548.839071257007,
              582.4659727782226
            ],
            [
              18542.83426741393,
              576.4611689351482
            ],
            [
              18530.824659727783,
              576.4611689351482
            ],
            [
              18524.819855884707,
              570.4563650920737
            ],
            [
              18512.81024819856,
              570.4563650920737
            ],
            [
              18506.805444355487,
              564.4515612489993
            ],
            [
              18494.79583666934,
              564.4515612489993
            ],
            [
              18488.791032826262,
              558.4467574059248
            ],
            [
              18482.786228983186,
              558.4467574059248
            ],
            [
              18476.781425140114,
              552.4419535628504
            ],
            [
              18452.762209767814,
              552.4419535628504
            ]
          ]
        ]
      }
    },
    {
      "type": "Feature",
      "properties": {
        "class_id": 3,
        "classification": "Darkspot & Foreign Object",
        "area": 24158.638359847206
      },
      "geometry": {
        "type": "Polygon",
        "coordinates": [
          [
            [
              20926.74139311449,
              480.3843074459568
            ],
            [
              20920.73658927142,
              486.38911128903123
            ],
            [
              20914.731785428343,
              486.38911128903123
            ],
            [
              20902.722177742195,
              498.39871897518015
            ],
            [
              20896.71737389912,
              498.39871897518015
            ],
            [
              20890.712570056046,
              504.40352281825466
            ],
            [
              20884.70776621297,
              504.40352281825466
            ],
            [
              20878.702962369898,
              510.4083266613291
            ],
            [
              20860.688550840674,
              510.4083266613291
            ],
            [
              20854.683746997598,
              516.4131305044035
            ],
            [
              20842.67413931145,
              516.4131305044035
            ],
            [
              20836.669335468378,
              522.417934347478
            ],
            [
              20830.6645316253,
              522.417934347478
            ],
            [
              20824.659727782226,
              528.4227381905524
            ],
            [
              20818.654923939153,
              528.4227381905524
            ],
            [
              20812.650120096077,
              534.4275420336269
            ],
            [
              20806.645316253005,
              534.4275420336269
            ],
            [
              20806.645316253005,
              540.4323458767014
            ],
            [
              20788.63090472378,
              558.4467574059248
            ],
            [
              20788.63090472378,
              564.4515612489993
            ],
            [
              20782.626100880705,
              570.4563650920737
            ],
            [
              20782.626100880705,
              576.4611689351482
            ],
            [
              20776.621297037633,
              582.4659727782226
            ],
            [
              20776.621297037633,
              606.4851881505205
            ],
            [
              20782.626100880705,
              612.4899919935949
            ],
            [
              20782.626100880705,
              618.4947958366694
            ],
            [
              20788.63090472378,
              618.4947958366694
            ],
            [
              20800.64051240993,
              630.5044035228183
            ],
            [
              20806.645316253005,
              630.5044035228183
            ],
            [
              20812.650120096077,
              636.5092073658927
            ],
            [
              20824.659727782226,
              636.5092073658927
            ],
            [
              20830.6645316253,
              642.5140112089672
            ],
            [
              20860.688550840674,
              642.5140112089672
            ],
            [
              20866.69335468375,
              636.5092073658927
            ],
            [
              20914.731785428343,
              636.5092073658927
            ],
            [
              20920.73658927142,
              630.5044035228183
            ],
            [
              20926.74139311449,
              630.5044035228183
            ],
            [
              20950.76060848679,
              606.4851881505205
            ],
            [
              20950.76060848679,
              600.480384307446
            ],
            [
              20968.775020016015,
              582.4659727782226
            ],
            [
              20968.775020016015,
              576.4611689351482
            ],
            [
              20992.79423538831,
              552.4419535628504
            ],
            [
              20992.79423538831,
              510.4083266613291
            ],
            [
              20986.789431545236,
              504.40352281825466
            ],
            [
              20986.789431545236,
              498.39871897518015
            ],
            [
              20974.779823859088,
              486.38911128903123
            ],
            [
              20968.775020016015,
              486.38911128903123
            ],
            [
              20962.77021617294,
              480.3843074459568
            ],
            [
              20926.74139311449,
              480.3843074459568
            ]
          ]
        ]
      }
    },
    {
      "type": "Feature",
      "properties": {
        "class_id": 4,
        "classification": "PenMarking",
        "area": 631.0092108915316
      },
      "geometry": {
        "type": "Polygon",
        "coordinates": [
          [
            [
              24577.662129703764,
              65152.12169735789
            ],
            [
              24571.65732586069,
              65158.12650120097
            ],
            [
              24571.65732586069,
              65164.13130504404
            ],
            [
              24565.652522017615,
              65170.13610888711
            ],
            [
              24565.652522017615,
              65176.14091273019
            ],
            [
              24571.65732586069,
              65182.145716573265
            ],
            [
              24571.65732586069,
              65188.15052041634
            ],
            [
              24583.66693354684,
              65188.15052041634
            ],
            [
              24589.671737389912,
              65182.145716573265
            ],
            [
              24589.671737389912,
              65158.12650120097
            ],
            [
              24583.66693354684,
              65158.12650120097
            ],
            [
              24577.662129703764,
              65152.12169735789
            ]
          ]
        ]
      }
    },
    {
      "type": "Feature",
      "properties": {
        "class_id": 4,
        "classification": "PenMarking",
        "area": 35228.342802344356
      },
      "geometry": {
        "type": "Polygon",
        "coordinates": [
          [
            [
              61591.27301841474,
              41096.877502001604
            ],
            [
              61585.26821457166,
              41102.88230584468
            ],
            [
              61573.25860688551,
              41102.88230584468
            ],
            [
              61567.25380304244,
              41108.887109687756
            ],
            [
              61561.248999199364,
              41108.887109687756
            ],
            [
              61555.24419535629,
              41114.891913530824
            ],
            [
              61549.23939151321,
              41114.891913530824
            ],
            [
              61549.23939151321,
              41120.8967173739
            ],
            [
              61531.22497998399,
              41138.91112890313
            ],
            [
              61525.220176140916,
              41138.91112890313
            ],
            [
              61519.21537229784,
              41144.9159327462
            ],
            [
              61501.20096076862,
              41144.9159327462
            ],
            [
              61501.20096076862,
              41150.92073658927
            ],
            [
              61495.19615692554,
              41156.92554043235
            ],
            [
              61489.19135308247,
              41156.92554043235
            ],
            [
              61489.19135308247,
              41361.08887109688
            ],
            [
              61495.19615692554,
              41361.08887109688
            ],
            [
              61501.20096076862,
              41367.093674939955
            ],
            [
              61507.205764611695,
              41367.093674939955
            ],
            [
              61513.210568454764,
              41361.08887109688
            ],
            [
              61519.21537229784,
              41361.08887109688
            ],
            [
              61525.220176140916,
              41367.093674939955
            ],
            [
              61537.22978382707,
              41367.093674939955
            ],
            [
              61543.23458767014,
              41373.09847878303
            ],
            [
              61555.24419535629,
              41373.09847878303
            ],
            [
              61561.248999199364,
              41379.1032826261
            ],
            [
              61567.25380304244,
              41373.09847878303
            ],
            [
              61573.25860688551,
              41373.09847878303
            ],
            [
              61567.25380304244,
              41367.093674939955
            ],
            [
              61567.25380304244,
              41361.08887109688
            ],
            [
              61561.248999199364,
              41355.0840672538
            ],
            [
              61561.248999199364,
              41343.07445956766
            ],
            [
              61567.25380304244,
              41337.06965572458
            ],
            [
              61567.25380304244,
              41325.06004803843
            ],
            [
              61573.25860688551,
              41319.055244195355
            ],
            [
              61573.25860688551,
              41313.05044035229
            ],
            [
              61585.26821457166,
              41301.040832666135
            ],
            [
              61585.26821457166,
              41295.03602882306
            ],
            [
              61591.27301841474,
              41289.03122497999
            ],
            [
              61591.27301841474,
              41283.026421136914
            ],
            [
              61597.27782225781,
              41277.02161729384
            ],
            [
              61597.27782225781,
              41271.01681345076
            ],
            [
              61603.28262610088,
              41265.012009607686
            ],
            [
              61603.28262610088,
              41259.00720576462
            ],
            [
              61609.28742994396,
              41253.00240192154
            ],
            [
              61609.28742994396,
              41246.997598078466
            ],
            [
              61615.29223378703,
              41240.99279423539
            ],
            [
              61615.29223378703,
              41234.987990392314
            ],
            [
              61621.29703763011,
              41228.983186549245
            ],
            [
              61621.29703763011,
              41222.97838270617
            ],
            [
              61639.31144915933,
              41204.96397117694
            ],
            [
              61657.32586068856,
              41204.96397117694
            ],
            [
              61663.330664531626,
              41198.95916733387
            ],
            [
              61669.3354683747,
              41198.95916733387
            ],
            [
              61675.34027221778,
              41192.9543634908
            ],
            [
              61675.34027221778,
              41186.94955964772
            ],
            [
              61681.345076060854,
              41180.944755804645
            ],
            [
              61681.345076060854,
              41168.9351481185
            ],
            [
              61693.354683747,
              41156.92554043235
            ],
            [
              61693.354683747,
              41150.92073658927
            ],
            [
              61717.3738991193,
              41126.901521216976
            ],
            [
              61717.3738991193,
              41120.8967173739
            ],
            [
              61711.369095276226,
              41114.891913530824
            ],
            [
              61705.36429143315,
              41114.891913530824
            ],
            [
              61699.359487590074,
              41108.887109687756
            ],
            [
              61675.34027221778,
              41108.887109687756
            ],
            [
              61669.3354683747,
              41102.88230584468
            ],
            [
              61651.32105684548,
              41102.88230584468
            ],
            [
              61645.316253002406,
              41096.877502001604
            ],
            [
              61591.27301841474,
              41096.877502001604
            ]
          ]
        ]
      }
    },
    {
      "type": "Feature",
      "properties": {
        "class_id": 4,
        "classification": "PenMarking",
        "area": 37986.7544956702
      },
      "geometry": {
        "type": "Polygon",
        "coordinates": [
          [
            [
              79857.88630904724,
              24685.748598879105
            ],
            [
              79851.88150520416,
              24691.75340272218
            ],
            [
              79845.87670136109,
              24691.75340272218
            ],
            [
              79839.87189751802,
              24697.758206565253
            ],
            [
              79833.86709367494,
              24697.758206565253
            ],
            [
              79821.85748598879,
              24709.7678142514
            ],
            [
              79821.85748598879,
              24715.772618094477
            ],
            [
              79809.84787830265,
              24727.782225780626
            ],
            [
              79809.84787830265,
              24739.791833466774
            ],
            [
              79803.84307445957,
              24745.79663730985
            ],
            [
              79803.84307445957,
              24751.801441152922
            ],
            [
              79797.8382706165,
              24757.806244995998
            ],
            [
              79797.8382706165,
              24769.815852682146
            ],
            [
              79803.84307445957,
              24775.820656525222
            ],
            [
              79803.84307445957,
              24781.825460368294
            ],
            [
              79821.85748598879,
              24799.83987189752
            ],
            [
              79821.85748598879,
              24829.86389111289
            ],
            [
              79827.86228983187,
              24835.868694955967
            ],
            [
              79821.85748598879,
              24841.87349879904
            ],
            [
              79821.85748598879,
              24853.88310648519
            ],
            [
              79797.8382706165,
              24877.902321857488
            ],
            [
              79797.8382706165,
              24883.907125700563
            ],
            [
              79791.83346677342,
              24889.911929543636
            ],
            [
              79791.83346677342,
              24901.921537229784
            ],
            [
              79785.82866293035,
              24907.92634107286
            ],
            [
              79785.82866293035,
              24943.95516413131
            ],
            [
              79779.82385908728,
              24949.95996797438
            ],
            [
              79779.82385908728,
              24955.964771817456
            ],
            [
              79785.82866293035,
              24961.96957566053
            ],
            [
              79785.82866293035,
              24967.974379503605
            ],
            [
              79791.83346677342,
              24973.979183346677
            ],
            [
              79797.8382706165,
              24973.979183346677
            ],
            [
              79803.84307445957,
              24979.983987189753
            ],
            [
              79863.89111289031,
              24979.983987189753
            ],
            [
              79869.8959167334,
              24985.98879103283
            ],
            [
              79875.90072057646,
              24985.98879103283
            ],
            [
              79911.9295436349,
              25022.017614091274
            ],
            [
              79929.94395516414,
              25022.017614091274
            ],
            [
              79929.94395516414,
              24685.748598879105
            ],
            [
              79857.88630904724,
              24685.748598879105
            ]
          ]
        ]
      }
    },
    {
      "type": "Feature",
      "properties": {
        "class_id": 4,
        "classification": "PenMarking",
        "area": 2109.3736478374053
      },
      "geometry": {
        "type": "Polygon",
        "coordinates": [
          [
            [
              52265.8126501201,
              12213.77101681345
            ],
            [
              52265.8126501201,
              12261.809447558047
            ],
            [
              52277.82225780625,
              12261.809447558047
            ],
            [
              52283.827061649325,
              12267.814251401122
            ],
            [
              52289.8318654924,
              12267.814251401122
            ],
            [
              52295.83666933547,
              12273.819055244196
            ],
            [
              52301.841473178545,
              12273.819055244196
            ],
            [
              52301.841473178545,
              12267.814251401122
            ],
            [
              52307.84627702162,
              12261.809447558047
            ],
            [
              52307.84627702162,
              12255.804643714973
            ],
            [
              52313.8510808647,
              12249.799839871897
            ],
            [
              52313.8510808647,
              12237.79023218575
            ],
            [
              52301.841473178545,
              12225.7806244996
            ],
            [
              52301.841473178545,
              12219.775820656527
            ],
            [
              52295.83666933547,
              12213.77101681345
            ],
            [
              52289.8318654924,
              12213.77101681345
            ],
            [
              52289.8318654924,
              12219.775820656527
            ],
            [
              52283.827061649325,
              12225.7806244996
            ],
            [
              52277.82225780625,
              12219.775820656527
            ],
            [
              52277.82225780625,
              12213.77101681345
            ],
            [
              52265.8126501201,
              12213.77101681345
            ]
          ]
        ]
      }
    },
    {
      "type": "Feature",
      "properties": {
        "class_id": 4,
        "classification": "PenMarking",
        "area": 209657.31752736057
      },
      "geometry": {
        "type": "Polygon",
        "coordinates": [
          [
            [
              12297.838270616494,
              11835.46837469976
            ],
            [
              12297.838270616494,
              11883.506805444356
            ],
            [
              12291.83346677342,
              11889.51160928743
            ],
            [
              12273.819055244196,
              11889.51160928743
            ],
            [
              12267.814251401122,
              11895.516413130505
            ],
            [
              12261.809447558047,
              11895.516413130505
            ],
            [
              12255.804643714973,
              11901.521216973579
            ],
            [
              12231.785428342675,
              11901.521216973579
            ],
            [
              12225.7806244996,
              11907.526020816655
            ],
            [
              12189.751801441154,
              11907.526020816655
            ],
            [
              12183.746997598078,
              11901.521216973579
            ],
            [
              12165.732586068856,
              11901.521216973579
            ],
            [
              12159.727782225782,
              11895.516413130505
            ],
            [
              12123.698959167334,
              11895.516413130505
            ],
            [
              12117.69415532426,
              11889.51160928743
            ],
            [
              12057.646116893515,
              11889.51160928743
            ],
            [
              12051.64131305044,
              11895.516413130505
            ],
            [
              12027.622097678142,
              11895.516413130505
            ],
            [
              12021.617293835068,
              11901.521216973579
            ],
            [
              11955.56445156125,
              11901.521216973579
            ],
            [
              11949.559647718175,
              11907.526020816655
            ],
            [
              11919.535628502803,
              11907.526020816655
            ],
            [
              11913.530824659729,
              11913.530824659729
            ],
            [
              11901.521216973579,
              11913.530824659729
            ],
            [
              11895.516413130505,
              11919.535628502803
            ],
            [
              11883.506805444356,
              11919.535628502803
            ],
            [
              11877.502001601282,
              11925.540432345877
            ],
            [
              11871.497197758208,
              11925.540432345877
            ],
            [
              11859.487590072058,
              11937.550040032027
            ],
            [
              11853.482786228984,
              11937.550040032027
            ],
            [
              11853.482786228984,
              11943.554843875101
            ],
            [
              11841.473178542836,
              11955.56445156125
            ],
            [
              11841.473178542836,
              11967.5740592474
            ],
            [
              11835.46837469976,
              11973.578863090474
            ],
            [
              11835.46837469976,
              11985.588470776622
            ],
            [
              11829.463570856686,
              11991.593274619696
            ],
            [
              11829.463570856686,
              11997.598078462772
            ],
            [
              11823.458767013612,
              12003.602882305846
            ],
            [
              11823.458767013612,
              12009.60768614892
            ],
            [
              11805.444355484387,
              12027.622097678142
            ],
            [
              11799.439551641313,
              12027.622097678142
            ],
            [
              11787.429943955165,
              12039.631705364292
            ],
            [
              11775.420336269015,
              12039.631705364292
            ],
            [
              11769.415532425941,
              12045.636509207367
            ],
            [
              11763.410728582867,
              12045.636509207367
            ],
            [
              11757.405924739793,
              12051.64131305044
            ],
            [
              11751.401120896719,
              12051.64131305044
            ],
            [
              11727.38190552442,
              12075.660528422739
            ],
            [
              11727.38190552442,
              12087.670136108887
            ],
            [
              11721.377101681346,
              12093.674939951963
            ],
            [
              11721.377101681346,
              12099.679743795037
            ],
            [
              11715.372297838272,
              12105.684547638111
            ],
            [
              11715.372297838272,
              12123.698959167334
            ],
            [
              11709.367493995196,
              12129.70376301041
            ],
            [
              11709.367493995196,
              12141.713370696558
            ],
            [
              11703.362690152122,
              12147.718174539632
            ],
            [
              11703.362690152122,
              12261.809447558047
            ],
            [
              11697.357886309048,
              12267.814251401122
            ],
            [
              11697.357886309048,
              12285.828662930346
            ],
            [
              11703.362690152122,
              12291.83346677342
            ],
            [
              11871.497197758208,
              12291.83346677342
            ],
            [
              11871.497197758208,
              12237.79023218575
            ],
            [
              11865.492393915132,
              12231.785428342675
            ],
            [
              11865.492393915132,
              12213.77101681345
            ],
            [
              11859.487590072058,
              12207.766212970377
            ],
            [
              11859.487590072058,
              12195.756605284228
            ],
            [
              11853.482786228984,
              12189.751801441154
            ],
            [
              11853.482786228984,
              12183.746997598078
            ],
            [
              11847.47798238591,
              12177.742193755004
            ],
            [
              11847.47798238591,
              12129.70376301041
            ],
            [
              11853.482786228984,
              12123.698959167334
            ],
            [
              11853.482786228984,
              12075.660528422739
            ],
            [
              11871.497197758208,
              12057.646116893515
            ],
            [
              11889.51160928743,
              12057.646116893515
            ],
            [
              11895.516413130505,
              12051.64131305044
            ],
            [
              11907.526020816655,
              12051.64131305044
            ],
            [
              11913.530824659729,
              12045.636509207367
            ],
            [
              11925.540432345877,
              12045.636509207367
            ],
            [
              11931.545236188951,
              12039.631705364292
            ],
            [
              11937.550040032027,
              12039.631705364292
            ],
            [
              11943.554843875101,
              12033.626901521218
            ],
            [
              11949.559647718175,
              12033.626901521218
            ],
            [
              11955.56445156125,
              12027.622097678142
            ],
            [
              11961.569255404323,
              12027.622097678142
            ],
            [
              11967.5740592474,
              12021.617293835068
            ],
            [
              11973.578863090474,
              12021.617293835068
            ],
            [
              11985.588470776622,
              12009.60768614892
            ],
            [
              11997.598078462772,
              12009.60768614892
            ],
            [
              12003.602882305846,
              12003.602882305846
            ],
            [
              12021.617293835068,
              12003.602882305846
            ],
            [
              12027.622097678142,
              12009.60768614892
            ],
            [
              12039.631705364292,
              12009.60768614892
            ],
            [
              12045.636509207367,
              12015.612489991994
            ],
            [
              12051.64131305044,
              12015.612489991994
            ],
            [
              12057.646116893515,
              12021.617293835068
            ],
            [
              12063.65092073659,
              12021.617293835068
            ],
            [
              12069.655724579665,
              12027.622097678142
            ],
            [
              12087.670136108887,
              12027.622097678142
            ],
            [
              12093.674939951963,
              12033.626901521218
            ],
            [
              12111.689351481185,
              12033.626901521218
            ],
            [
              12117.69415532426,
              12039.631705364292
            ],
            [
              12117.69415532426,
              12045.636509207367
            ],
            [
              12123.698959167334,
              12045.636509207367
            ],
            [
              12129.70376301041,
              12051.64131305044
            ],
            [
              12171.73738991193,
              12051.64131305044
            ],
            [
              12177.742193755004,
              12057.646116893515
            ],
            [
              12183.746997598078,
              12057.646116893515
            ],
            [
              12189.751801441154,
              12063.65092073659
            ],
            [
              12195.756605284228,
              12063.65092073659
            ],
            [
              12201.761409127303,
              12069.655724579665
            ],
            [
              12273.819055244196,
              12069.655724579665
            ],
            [
              12279.82385908727,
              12075.660528422739
            ],
            [
              12285.828662930346,
              12075.660528422739
            ],
            [
              12291.83346677342,
              12069.655724579665
            ],
            [
              12297.838270616494,
              12075.660528422739
            ],
            [
              12297.838270616494,
              12195.756605284228
            ],
            [
              12303.843074459568,
              12201.761409127303
            ],
            [
              12345.87670136109,
              12201.761409127303
            ],
            [
              12351.881505204165,
              12195.756605284228
            ],
            [
              12357.886309047239,
              12195.756605284228
            ],
            [
              12363.891112890313,
              12189.751801441154
            ],
            [
              12393.915132105685,
              12189.751801441154
            ],
            [
              12399.91993594876,
              12195.756605284228
            ],
            [
              12411.92954363491,
              12195.756605284228
            ],
            [
              12429.943955164132,
              12213.77101681345
            ],
            [
              12429.943955164132,
              12219.775820656527
            ],
            [
              12435.948759007206,
              12225.7806244996
            ],
            [
              12435.948759007206,
              12231.785428342675
            ],
            [
              12429.943955164132,
              12237.79023218575
            ],
            [
              12429.943955164132,
              12255.804643714973
            ],
            [
              12423.939151321058,
              12261.809447558047
            ],
            [
              12423.939151321058,
              12273.819055244196
            ],
            [
              12417.934347477983,
              12279.82385908727
            ],
            [
              12417.934347477983,
              12291.83346677342
            ],
            [
              12730.184147317856,
              12291.83346677342
            ],
            [
              12736.18895116093,
              12285.828662930346
            ],
            [
              12736.18895116093,
              12273.819055244196
            ],
            [
              12730.184147317856,
              12267.814251401122
            ],
            [
              12730.184147317856,
              12261.809447558047
            ],
            [
              12724.17934347478,
              12255.804643714973
            ],
            [
              12724.17934347478,
              12219.775820656527
            ],
            [
              12718.174539631706,
              12213.77101681345
            ],
            [
              12718.174539631706,
              12195.756605284228
            ],
            [
              12712.169735788631,
              12189.751801441154
            ],
            [
              12712.169735788631,
              12183.746997598078
            ],
            [
              12706.164931945557,
              12177.742193755004
            ],
            [
              12706.164931945557,
              12171.73738991193
            ],
            [
              12700.160128102483,
              12165.732586068856
            ],
            [
              12700.160128102483,
              12159.727782225782
            ],
            [
              12640.112089671738,
              12099.679743795037
            ],
            [
              12640.112089671738,
              12093.674939951963
            ],
            [
              12622.097678142514,
              12075.660528422739
            ],
            [
              12616.09287429944,
              12075.660528422739
            ],
            [
              12604.083266613292,
              12063.65092073659
            ],
            [
              12598.078462770216,
              12063.65092073659
            ],
            [
              12574.05924739792,
              12039.631705364292
            ],
            [
              12568.054443554845,
              12039.631705364292
            ],
            [
              12544.035228182547,
              12015.612489991994
            ],
            [
              12538.030424339473,
              12015.612489991994
            ],
            [
              12532.025620496397,
              12009.60768614892
            ],
            [
              12526.020816653323,
              12009.60768614892
            ],
            [
              12520.016012810249,
              12003.602882305846
            ],
            [
              12514.011208967175,
              12003.602882305846
            ],
            [
              12508.0064051241,
              11997.598078462772
            ],
            [
              12483.987189751802,
              11997.598078462772
            ],
            [
              12477.982385908728,
              11991.593274619696
            ],
            [
              12459.967974379504,
              11991.593274619696
            ],
            [
              12453.96317053643,
              11985.588470776622
            ],
            [
              12435.948759007206,
              11985.588470776622
            ],
            [
              12429.943955164132,
              11979.583666933548
            ],
            [
              12417.934347477983,
              11979.583666933548
            ],
            [
              12411.92954363491,
              11973.578863090474
            ],
            [
              12405.924739791833,
              11973.578863090474
            ],
            [
              12381.905524419537,
              11949.559647718175
            ],
            [
              12381.905524419537,
              11943.554843875101
            ],
            [
              12375.900720576461,
              11937.550040032027
            ],
            [
              12375.900720576461,
              11931.545236188951
            ],
            [
              12369.895916733387,
              11925.540432345877
            ],
            [
              12369.895916733387,
              11913.530824659729
            ],
            [
              12363.891112890313,
              11907.526020816655
            ],
            [
              12363.891112890313,
              11895.516413130505
            ],
            [
              12357.886309047239,
              11889.51160928743
            ],
            [
              12357.886309047239,
              11871.497197758208
            ],
            [
              12345.87670136109,
              11859.487590072058
            ],
            [
              12339.871897518015,
              11859.487590072058
            ],
            [
              12333.86709367494,
              11853.482786228984
            ],
            [
              12321.857485988792,
              11853.482786228984
            ],
            [
              12309.847878302642,
              11841.473178542836
            ],
            [
              12303.843074459568,
              11841.473178542836
            ],
            [
              12297.838270616494,
              11835.46837469976
            ]
          ]
        ]
      }
    },
    {
      "type": "Feature",
      "properties": {
        "class_id": 4,
        "classification": "PenMarking",
        "area": 612.9803762946306
      },
      "geometry": {
        "type": "Polygon",
        "coordinates": [
          [
            [
              18350.68054443555,
              612.4899919935949
            ],
            [
              18344.675740592476,
              618.4947958366694
            ],
            [
              18338.6709367494,
              618.4947958366694
            ],
            [
              18332.666132906324,
              624.4995996797438
            ],
            [
              18332.666132906324,
              630.5044035228183
            ],
            [
              18344.675740592476,
              630.5044035228183
            ],
            [
              18350.68054443555,
              636.5092073658927
            ],
            [
              18356.685348278625,
              630.5044035228183
            ],
            [
              18362.690152121697,
              630.5044035228183
            ],
            [
              18368.694955964773,
              624.4995996797438
            ],
            [
              18374.69975980785,
              624.4995996797438
            ],
            [
              18374.69975980785,
              618.4947958366694
            ],
            [
              18368.694955964773,
              612.4899919935949
            ],
            [
              18350.68054443555,
              612.4899919935949
            ]
          ]
        ]
      }
    },
    {
      "type": "Feature",
      "properties": {
        "class_id": 5,
        "classification": "Edge & Air Bubble",
        "area": 222565.9630987416
      },
      "geometry": {
        "type": "Polygon",
        "coordinates": [
          [
            [
              6899.519615692554,
              72369.8959167334
            ],
            [
              6893.51481184948,
              72375.90072057646
            ],
            [
              6887.510008006406,
              72375.90072057646
            ],
            [
              6881.505204163331,
              72381.90552441953
            ],
            [
              6881.505204163331,
              72405.92473979184
            ],
            [
              6887.510008006406,
              72411.9295436349
            ],
            [
              6887.510008006406,
              72435.94875900721
            ],
            [
              6881.505204163331,
              72441.95356285028
            ],
            [
              6857.485988791033,
              72441.95356285028
            ],
            [
              6851.481184947958,
              72435.94875900721
            ],
            [
              6827.461969575661,
              72435.94875900721
            ],
            [
              6821.457165732587,
              72441.95356285028
            ],
            [
              6815.452361889512,
              72441.95356285028
            ],
            [
              6809.447558046438,
              72447.95836669336
            ],
            [
              6809.447558046438,
              72580.064051241
            ],
            [
              6839.47157726181,
              72580.064051241
            ],
            [
              6845.476381104884,
              72586.06885508407
            ],
            [
              6845.476381104884,
              72628.1024819856
            ],
            [
              6839.47157726181,
              72634.10728582866
            ],
            [
              6809.447558046438,
              72634.10728582866
            ],
            [
              6809.447558046438,
              72742.193755004
            ],
            [
              6803.442754203363,
              72748.19855884709
            ],
            [
              6689.351481184948,
              72748.19855884709
            ],
            [
              6689.351481184948,
              72820.25620496398
            ],
            [
              6713.370696557246,
              72820.25620496398
            ],
            [
              6719.375500400321,
              72814.2514011209
            ],
            [
              6761.409127301842,
              72814.2514011209
            ],
            [
              6767.413931144916,
              72808.24659727783
            ],
            [
              6773.418734987991,
              72808.24659727783
            ],
            [
              6791.4331465172145,
              72790.23218574861
            ],
            [
              6797.437950360289,
              72790.23218574861
            ],
            [
              6803.442754203363,
              72784.22738190553
            ],
            [
              6851.481184947958,
              72784.22738190553
            ],
            [
              6857.485988791033,
              72790.23218574861
            ],
            [
              6869.4955964771825,
              72790.23218574861
            ],
            [
              6875.500400320257,
              72796.23698959168
            ],
            [
              6887.510008006406,
              72796.23698959168
            ],
            [
              6893.51481184948,
              72790.23218574861
            ],
            [
              6905.524419535629,
              72790.23218574861
            ],
            [
              6911.529223378703,
              72784.22738190553
            ],
            [
              6917.534027221778,
              72784.22738190553
            ],
            [
              6923.538831064852,
              72778.22257806246
            ],
            [
              6941.5532425940755,
              72778.22257806246
            ],
            [
              6947.558046437151,
              72772.21777421937
            ],
            [
              6971.577261809448,
              72772.21777421937
            ],
            [
              6977.582065652522,
              72778.22257806246
            ],
            [
              6989.591673338671,
              72778.22257806246
            ],
            [
              7013.610888710969,
              72802.24179343475
            ],
            [
              7019.615692554044,
              72802.24179343475
            ],
            [
              7037.630104083267,
              72820.25620496398
            ],
            [
              7037.630104083267,
              72826.26100880705
            ],
            [
              7043.634907926342,
              72832.26581265012
            ],
            [
              7043.634907926342,
              72856.28502802242
            ],
            [
              7031.625300240193,
              72868.29463570857
            ],
            [
              7025.620496397118,
              72868.29463570857
            ],
            [
              7019.615692554044,
              72874.29943955164
            ],
            [
              7013.610888710969,
              72874.29943955164
            ],
            [
              7013.610888710969,
              72880.30424339473
            ],
            [
              7007.606084867894,
              72886.3090472378
            ],
            [
              7007.606084867894,
              72904.32345876702
            ],
            [
              7001.60128102482,
              72910.3282626101
            ],
            [
              7001.60128102482,
              72916.33306645317
            ],
            [
              6989.591673338671,
              72928.34267413932
            ],
            [
              6977.582065652522,
              72928.34267413932
            ],
            [
              6971.577261809448,
              72934.34747798239
            ],
            [
              6959.567654123299,
              72934.34747798239
            ],
            [
              6953.562850280225,
              72928.34267413932
            ],
            [
              6941.5532425940755,
              72928.34267413932
            ],
            [
              6935.548438751001,
              72922.33787029624
            ],
            [
              6929.543634907926,
              72922.33787029624
            ],
            [
              6917.534027221778,
              72934.34747798239
            ],
            [
              6917.534027221778,
              72964.37149719776
            ],
            [
              6893.51481184948,
              72988.39071257006
            ],
            [
              6833.466773418735,
              72988.39071257006
            ],
            [
              6827.461969575661,
              72982.38590872698
            ],
            [
              6809.447558046438,
              72982.38590872698
            ],
            [
              6803.442754203363,
              72988.39071257006
            ],
            [
              6779.423538831065,
              72988.39071257006
            ],
            [
              6773.418734987991,
              72994.39551641313
            ],
            [
              6767.413931144916,
              72994.39551641313
            ],
            [
              6761.409127301842,
              73000.40032025622
            ],
            [
              6761.409127301842,
              73006.40512409928
            ],
            [
              6743.394715772619,
              73024.4195356285
            ],
            [
              6737.389911929544,
              73024.4195356285
            ],
            [
              6731.38510808647,
              73030.42433947159
            ],
            [
              6725.380304243395,
              73030.42433947159
            ],
            [
              6713.370696557246,
              73018.41473178544
            ],
            [
              6713.370696557246,
              73012.40992794235
            ],
            [
              6689.351481184948,
              73012.40992794235
            ],
            [
              6683.346677341874,
              73018.41473178544
            ],
            [
              6671.337069655725,
              73018.41473178544
            ],
            [
              6659.327461969576,
              73030.42433947159
            ],
            [
              6659.327461969576,
              73060.44835868696
            ],
            [
              6689.351481184948,
              73090.47237790232
            ],
            [
              6689.351481184948,
              73114.49159327462
            ],
            [
              6677.341873498799,
              73126.50120096077
            ],
            [
              6671.337069655725,
              73126.50120096077
            ],
            [
              6665.332265812651,
              73132.50600480384
            ],
            [
              6665.332265812651,
              73162.53002401922
            ],
            [
              6671.337069655725,
              73168.5348278623
            ],
            [
              6677.341873498799,
              73168.5348278623
            ],
            [
              6683.346677341874,
              73174.53963170537
            ],
            [
              6689.351481184948,
              73174.53963170537
            ],
            [
              6695.356285028023,
              73180.54443554844
            ],
            [
              6701.361088871097,
              73180.54443554844
            ],
            [
              6707.365892714171,
              73186.54923939152
            ],
            [
              6713.370696557246,
              73186.54923939152
            ],
            [
              6731.38510808647,
              73204.56365092074
            ],
            [
              6731.38510808647,
              73210.56845476381
            ],
            [
              6749.399519615693,
              73228.58286629304
            ],
            [
              6749.399519615693,
              73234.58767013611
            ],
            [
              6755.404323458767,
              73240.59247397918
            ],
            [
              6773.418734987991,
              73240.59247397918
            ],
            [
              6779.423538831065,
              73234.58767013611
            ],
            [
              6821.457165732587,
              73234.58767013611
            ],
            [
              6827.461969575661,
              73240.59247397918
            ],
            [
              6827.461969575661,
              73246.59727782226
            ],
            [
              6833.466773418735,
              73252.60208166533
            ],
            [
              6833.466773418735,
              73270.61649319455
            ],
            [
              6845.476381104884,
              73282.6261008807
            ],
            [
              6851.481184947958,
              73282.6261008807
            ],
            [
              6857.485988791033,
              73288.63090472379
            ],
            [
              6869.4955964771825,
              73288.63090472379
            ],
            [
              6893.51481184948,
              73312.65012009608
            ],
            [
              6899.519615692554,
              73312.65012009608
            ],
            [
              6905.524419535629,
              73318.65492393916
            ],
            [
              6917.534027221778,
              73318.65492393916
            ],
            [
              6923.538831064852,
              73312.65012009608
            ],
            [
              6929.543634907926,
              73312.65012009608
            ],
            [
              6965.572457966374,
              73276.62129703764
            ],
            [
              6995.596477181746,
              73276.62129703764
            ],
            [
              7013.610888710969,
              73258.60688550842
            ],
            [
              7013.610888710969,
              73246.59727782226
            ],
            [
              7019.615692554044,
              73240.59247397918
            ],
            [
              7019.615692554044,
              73228.58286629304
            ],
            [
              7025.620496397118,
              73222.57806244996
            ],
            [
              7025.620496397118,
              73204.56365092074
            ],
            [
              7019.615692554044,
              73198.55884707767
            ],
            [
              7019.615692554044,
              73174.53963170537
            ],
            [
              7025.620496397118,
              73168.5348278623
            ],
            [
              7025.620496397118,
              73162.53002401922
            ],
            [
              7031.625300240193,
              73156.52522017615
            ],
            [
              7031.625300240193,
              73150.52041633306
            ],
            [
              7043.634907926342,
              73138.51080864693
            ],
            [
              7043.634907926342,
              73132.50600480384
            ],
            [
              7061.649319455565,
              73114.49159327462
            ],
            [
              7061.649319455565,
              73108.48678943155
            ],
            [
              7067.654123298639,
              73102.48198558847
            ],
            [
              7067.654123298639,
              73090.47237790232
            ],
            [
              7073.658927141714,
              73084.46757405925
            ],
            [
              7073.658927141714,
              73042.43394715773
            ],
            [
              7067.654123298639,
              73036.42914331466
            ],
            [
              7073.658927141714,
              73030.42433947159
            ],
            [
              7073.658927141714,
              73000.40032025622
            ],
            [
              7067.654123298639,
              72994.39551641313
            ],
            [
              7067.654123298639,
              72988.39071257006
            ],
            [
              7061.649319455565,
              72982.38590872698
            ],
            [
              7061.649319455565,
              72952.36188951161
            ],
            [
              7067.654123298639,
              72946.35708566854
            ],
            [
              7067.654123298639,
              72934.34747798239
            ],
            [
              7073.658927141714,
              72928.34267413932
            ],
            [
              7073.658927141714,
              72862.28983186549
            ],
            [
              7079.663730984788,
              72856.28502802242
            ],
            [
              7079.663730984788,
              72808.24659727783
            ],
            [
              7073.658927141714,
              72802.24179343475
            ],
            [
              7073.658927141714,
              72772.21777421937
            ],
            [
              7067.654123298639,
              72766.2129703763
            ],
            [
              7067.654123298639,
              72754.20336269015
            ],
            [
              7073.658927141714,
              72748.19855884709
            ],
            [
              7073.658927141714,
              72742.193755004
            ],
            [
              7085.6685348278625,
              72730.18414731786
            ],
            [
              7097.678142514012,
              72730.18414731786
            ],
            [
              7103.682946357086,
              72724.17934347478
            ],
            [
              7115.692554043235,
              72724.17934347478
            ],
            [
              7127.702161729384,
              72712.16973578863
            ],
            [
              7127.702161729384,
              72700.16012810249
            ],
            [
              7121.69735788631,
              72694.15532425941
            ],
            [
              7121.69735788631,
              72688.15052041634
            ],
            [
              7115.692554043235,
              72682.14571657326
            ],
            [
              7115.692554043235,
              72676.14091273019
            ],
            [
              7109.687750200161,
              72670.13610888712
            ],
            [
              7109.687750200161,
              72646.11689351482
            ],
            [
              7115.692554043235,
              72640.11208967175
            ],
            [
              7115.692554043235,
              72634.10728582866
            ],
            [
              7127.702161729384,
              72622.09767814251
            ],
            [
              7127.702161729384,
              72568.05444355485
            ],
            [
              7121.69735788631,
              72562.04963971177
            ],
            [
              7109.687750200161,
              72562.04963971177
            ],
            [
              7091.6733386709375,
              72544.03522818255
            ],
            [
              7091.6733386709375,
              72526.02081665333
            ],
            [
              7085.6685348278625,
              72520.01601281026
            ],
            [
              7085.6685348278625,
              72514.01120896717
            ],
            [
              7067.654123298639,
              72495.99679743795
            ],
            [
              7067.654123298639,
              72441.95356285028
            ],
            [
              7061.649319455565,
              72435.94875900721
            ],
            [
              7061.649319455565,
              72429.94395516414
            ],
            [
              7049.639711769416,
              72417.93434747799
            ],
            [
              7025.620496397118,
              72417.93434747799
            ],
            [
              7007.606084867894,
              72435.94875900721
            ],
            [
              7007.606084867894,
              72465.97277822258
            ],
            [
              7001.60128102482,
              72471.97758206565
            ],
            [
              6971.577261809448,
              72471.97758206565
            ],
            [
              6947.558046437151,
              72447.95836669336
            ],
            [
              6947.558046437151,
              72441.95356285028
            ],
            [
              6953.562850280225,
              72435.94875900721
            ],
            [
              6953.562850280225,
              72423.93915132106
            ],
            [
              6941.5532425940755,
              72411.9295436349
            ],
            [
              6935.548438751001,
              72411.9295436349
            ],
            [
              6929.543634907926,
              72405.92473979184
            ],
            [
              6929.543634907926,
              72399.91993594877
            ],
            [
              6923.538831064852,
              72393.91513210569
            ],
            [
              6923.538831064852,
              72387.91032826262
            ],
            [
              6917.534027221778,
              72381.90552441953
            ],
            [
              6917.534027221778,
              72375.90072057646
            ],
            [
              6911.529223378703,
              72369.8959167334
            ],
            [
              6899.519615692554,
              72369.8959167334
            ]
          ]
        ]
      }
    },
    {
      "type": "Feature",
      "properties": {
        "class_id": 5,
        "classification": "Edge & Air Bubble",
        "area": 67554.04323458768
      },
      "geometry": {
        "type": "Polygon",
        "coordinates": [
          [
            [
              24595.676541232988,
              70712.57005604485
            ],
            [
              24595.676541232988,
              70850.68054443556
            ],
            [
              24601.681345076064,
              70856.68534827862
            ],
            [
              24607.686148919136,
              70856.68534827862
            ],
            [
              24613.690952762212,
              70862.69015212171
            ],
            [
              24625.70056044836,
              70862.69015212171
            ],
            [
              24631.705364291436,
              70856.68534827862
            ],
            [
              24643.714971977584,
              70856.68534827862
            ],
            [
              24655.724579663733,
              70868.69495596478
            ],
            [
              24655.724579663733,
              70874.69975980785
            ],
            [
              24661.72938350681,
              70874.69975980785
            ],
            [
              24667.73418734988,
              70868.69495596478
            ],
            [
              24685.748598879105,
              70868.69495596478
            ],
            [
              24691.75340272218,
              70862.69015212171
            ],
            [
              24733.7870296237,
              70862.69015212171
            ],
            [
              24739.791833466774,
              70856.68534827862
            ],
            [
              24823.85908726982,
              70856.68534827862
            ],
            [
              24829.86389111289,
              70850.68054443556
            ],
            [
              24841.87349879904,
              70850.68054443556
            ],
            [
              24847.878302642115,
              70844.67574059247
            ],
            [
              24853.88310648519,
              70844.67574059247
            ],
            [
              24859.887910328263,
              70838.6709367494
            ],
            [
              24871.89751801441,
              70838.6709367494
            ],
            [
              24877.902321857488,
              70832.66613290634
            ],
            [
              24883.907125700563,
              70832.66613290634
            ],
            [
              24889.911929543636,
              70826.66132906325
            ],
            [
              24895.91673338671,
              70826.66132906325
            ],
            [
              24901.921537229784,
              70820.65652522018
            ],
            [
              24925.940752602084,
              70820.65652522018
            ],
            [
              24931.945556445156,
              70826.66132906325
            ],
            [
              24967.974379503605,
              70826.66132906325
            ],
            [
              24973.979183346677,
              70820.65652522018
            ],
            [
              24979.983987189753,
              70820.65652522018
            ],
            [
              24985.98879103283,
              70814.6517213771
            ],
            [
              25016.0128102482,
              70814.6517213771
            ],
            [
              25022.017614091274,
              70808.64691753403
            ],
            [
              25028.02241793435,
              70808.64691753403
            ],
            [
              25040.032025620498,
              70796.63730984788
            ],
            [
              25046.036829463574,
              70796.63730984788
            ],
            [
              25064.051240992794,
              70778.62289831866
            ],
            [
              25070.05604483587,
              70778.62289831866
            ],
            [
              25088.070456365094,
              70760.60848678944
            ],
            [
              25094.075260208167,
              70760.60848678944
            ],
            [
              25100.080064051243,
              70754.60368294636
            ],
            [
              25124.09927942354,
              70754.60368294636
            ],
            [
              25130.104083266615,
              70760.60848678944
            ],
            [
              25154.12329863891,
              70760.60848678944
            ],
            [
              25160.128102481987,
              70754.60368294636
            ],
            [
              25166.132906325063,
              70754.60368294636
            ],
            [
              25172.137710168136,
              70748.59887910329
            ],
            [
              25178.14251401121,
              70748.59887910329
            ],
            [
              25184.147317854284,
              70742.59407526022
            ],
            [
              25196.156925540432,
              70742.59407526022
            ],
            [
              25202.161729383508,
              70736.58927141714
            ],
            [
              25208.166533226584,
              70736.58927141714
            ],
            [
              25214.171337069656,
              70730.58446757407
            ],
            [
              25226.180944755804,
              70730.58446757407
            ],
            [
              25232.18574859888,
              70724.57966373098
            ],
            [
              25286.22898318655,
              70724.57966373098
            ],
            [
              25286.22898318655,
              70718.57485988791
            ],
            [
              25292.233787029625,
              70712.57005604485
            ],
            [
              24595.676541232988,
              70712.57005604485
            ]
          ]
        ]
      }
    },
    {
      "type": "Feature",
      "properties": {
        "class_id": 5,
        "classification": "Edge & Air Bubble",
        "area": 342.5478573411171
      },
      "geometry": {
        "type": "Polygon",
        "coordinates": [
          [
            [
              57213.77101681345,
              67902.321857486
            ],
            [
              57219.77582065653,
              67908.32666132906
            ],
            [
              57219.77582065653,
              67914.33146517214
            ],
            [
              57225.7806244996,
              67914.33146517214
            ],
            [
              57231.78542834268,
              67920.33626901521
            ],
            [
              57237.790232185755,
              67914.33146517214
            ],
            [
              57243.79503602882,
              67914.33146517214
            ],
            [
              57243.79503602882,
              67902.321857486
            ],
            [
              57213.77101681345,
              67902.321857486
            ]
          ]
        ]
      }
    },
    {
      "type": "Feature",
      "properties": {
        "class_id": 5,
        "classification": "Edge & Air Bubble",
        "area": 47776.41168178739
      },
      "geometry": {
        "type": "Polygon",
        "coordinates": [
          [
            [
              56535.22818254604,
              67716.17293835069
            ],
            [
              56499.1993594876,
              67752.20176140913
            ],
            [
              56481.18494795837,
              67752.20176140913
            ],
            [
              56469.175340272224,
              67764.21136909528
            ],
            [
              56469.175340272224,
              67782.2257806245
            ],
            [
              56463.17053642915,
              67788.23058446757
            ],
            [
              56463.17053642915,
              67794.23538831066
            ],
            [
              56457.16573258607,
              67800.24019215372
            ],
            [
              56445.15612489992,
              67800.24019215372
            ],
            [
              56439.15132105685,
              67806.2449959968
            ],
            [
              56427.1417133707,
              67806.2449959968
            ],
            [
              56421.136909527624,
              67812.24979983988
            ],
            [
              56415.13210568455,
              67812.24979983988
            ],
            [
              56409.12730184148,
              67818.25460368294
            ],
            [
              56391.11289031225,
              67818.25460368294
            ],
            [
              56385.108086469176,
              67824.25940752603
            ],
            [
              56379.10328262611,
              67824.25940752603
            ],
            [
              56373.09847878303,
              67830.2642113691
            ],
            [
              56367.093674939955,
              67830.2642113691
            ],
            [
              56361.08887109688,
              67836.26901521218
            ],
            [
              56349.079263410735,
              67836.26901521218
            ],
            [
              56343.07445956766,
              67830.2642113691
            ],
            [
              56313.05044035229,
              67830.2642113691
            ],
            [
              56301.040832666135,
              67818.25460368294
            ],
            [
              56301.040832666135,
              67788.23058446757
            ],
            [
              56295.03602882306,
              67782.2257806245
            ],
            [
              56295.03602882306,
              67776.22097678143
            ],
            [
              56289.03122497999,
              67776.22097678143
            ],
            [
              56283.026421136914,
              67770.21617293835
            ],
            [
              56246.997598078466,
              67770.21617293835
            ],
            [
              56240.99279423539,
              67776.22097678143
            ],
            [
              56228.983186549245,
              67776.22097678143
            ],
            [
              56222.97838270617,
              67782.2257806245
            ],
            [
              56216.97357886309,
              67782.2257806245
            ],
            [
              56198.95916733387,
              67800.24019215372
            ],
            [
              56198.95916733387,
              67836.26901521218
            ],
            [
              56204.96397117694,
              67842.27381905525
            ],
            [
              56210.96877502002,
              67842.27381905525
            ],
            [
              56216.97357886309,
              67848.27862289832
            ],
            [
              56246.997598078466,
              67848.27862289832
            ],
            [
              56253.00240192154,
              67842.27381905525
            ],
            [
              56277.02161729384,
              67842.27381905525
            ],
            [
              56277.02161729384,
              67836.26901521218
            ],
            [
              56283.026421136914,
              67830.2642113691
            ],
            [
              56307.04563650921,
              67830.2642113691
            ],
            [
              56319.05524419536,
              67842.27381905525
            ],
            [
              56319.05524419536,
              67848.27862289832
            ],
            [
              56337.06965572458,
              67848.27862289832
            ],
            [
              56349.079263410735,
              67836.26901521218
            ],
            [
              56397.11769415533,
              67836.26901521218
            ],
            [
              56403.1224979984,
              67842.27381905525
            ],
            [
              56421.136909527624,
              67842.27381905525
            ],
            [
              56427.1417133707,
              67848.27862289832
            ],
            [
              56433.146517213776,
              67848.27862289832
            ],
            [
              56439.15132105685,
              67854.2834267414
            ],
            [
              56445.15612489992,
              67854.2834267414
            ],
            [
              56457.16573258607,
              67866.29303442755
            ],
            [
              56493.19455564452,
              67866.29303442755
            ],
            [
              56499.1993594876,
              67872.29783827062
            ],
            [
              56511.20896717374,
              67872.29783827062
            ],
            [
              56517.21377101682,
              67878.30264211369
            ],
            [
              56559.24739791834,
              67878.30264211369
            ],
            [
              56571.257005604486,
              67866.29303442755
            ],
            [
              56577.26180944756,
              67866.29303442755
            ],
            [
              56583.26661329064,
              67860.28823058447
            ],
            [
              56601.28102481986,
              67860.28823058447
            ],
            [
              56613.29063250601,
              67848.27862289832
            ],
            [
              56613.29063250601,
              67842.27381905525
            ],
            [
              56625.300240192155,
              67830.2642113691
            ],
            [
              56643.31465172138,
              67830.2642113691
            ],
            [
              56661.3290632506,
              67848.27862289832
            ],
            [
              56661.3290632506,
              67854.2834267414
            ],
            [
              56655.32425940753,
              67860.28823058447
            ],
            [
              56649.31945556445,
              67860.28823058447
            ],
            [
              56643.31465172138,
              67866.29303442755
            ],
            [
              56637.30984787831,
              67866.29303442755
            ],
            [
              56637.30984787831,
              67884.30744595677
            ],
            [
              56631.30504403523,
              67890.31224979984
            ],
            [
              56637.30984787831,
              67890.31224979984
            ],
            [
              56643.31465172138,
              67896.31705364292
            ],
            [
              56643.31465172138,
              67890.31224979984
            ],
            [
              56649.31945556445,
              67884.30744595677
            ],
            [
              56655.32425940753,
              67884.30744595677
            ],
            [
              56661.3290632506,
              67878.30264211369
            ],
            [
              56667.33386709368,
              67878.30264211369
            ],
            [
              56673.338670936755,
              67884.30744595677
            ],
            [
              56679.343474779824,
              67884.30744595677
            ],
            [
              56691.353082465976,
              67896.31705364292
            ],
            [
              56697.35788630905,
              67896.31705364292
            ],
            [
              56709.367493995196,
              67908.32666132906
            ],
            [
              56715.37229783827,
              67908.32666132906
            ],
            [
              56721.37710168135,
              67914.33146517214
            ],
            [
              56733.3867093675,
              67914.33146517214
            ],
            [
              56739.39151321057,
              67920.33626901521
            ],
            [
              56781.42514011209,
              67920.33626901521
            ],
            [
              56787.42994395517,
              67926.3410728583
            ],
            [
              56829.463570856686,
              67926.3410728583
            ],
            [
              56835.46837469976,
              67932.34587670137
            ],
            [
              56853.48278622899,
              67932.34587670137
            ],
            [
              56871.49719775821,
              67914.33146517214
            ],
            [
              56883.50680544436,
              67914.33146517214
            ],
            [
              56889.51160928743,
              67920.33626901521
            ],
            [
              56895.51641313051,
              67920.33626901521
            ],
            [
              56901.52121697358,
              67914.33146517214
            ],
            [
              56907.52602081666,
              67914.33146517214
            ],
            [
              56907.52602081666,
              67902.321857486
            ],
            [
              56901.52121697358,
              67896.31705364292
            ],
            [
              56865.492393915134,
              67896.31705364292
            ],
            [
              56859.48759007206,
              67890.31224979984
            ],
            [
              56853.48278622899,
              67890.31224979984
            ],
            [
              56847.47798238591,
              67884.30744595677
            ],
            [
              56841.47317854284,
              67884.30744595677
            ],
            [
              56835.46837469976,
              67878.30264211369
            ],
            [
              56829.463570856686,
              67878.30264211369
            ],
            [
              56823.45876701362,
              67872.29783827062
            ],
            [
              56817.45396317054,
              67872.29783827062
            ],
            [
              56811.449159327465,
              67866.29303442755
            ],
            [
              56799.43955164131,
              67866.29303442755
            ],
            [
              56793.434747798245,
              67860.28823058447
            ],
            [
              56787.42994395517,
              67860.28823058447
            ],
            [
              56769.41553242594,
              67842.27381905525
            ],
            [
              56769.41553242594,
              67836.26901521218
            ],
            [
              56763.41072858287,
              67830.2642113691
            ],
            [
              56757.405924739796,
              67830.2642113691
            ],
            [
              56751.40112089672,
              67824.25940752603
            ],
            [
              56733.3867093675,
              67824.25940752603
            ],
            [
              56727.381905524424,
              67830.2642113691
            ],
            [
              56715.37229783827,
              67830.2642113691
            ],
            [
              56709.367493995196,
              67836.26901521218
            ],
            [
              56703.36269015213,
              67836.26901521218
            ],
            [
              56697.35788630905,
              67830.2642113691
            ],
            [
              56691.353082465976,
              67830.2642113691
            ],
            [
              56649.31945556445,
              67788.23058446757
            ],
            [
              56649.31945556445,
              67782.2257806245
            ],
            [
              56643.31465172138,
              67776.22097678143
            ],
            [
              56643.31465172138,
              67770.21617293835
            ],
            [
              56631.30504403523,
              67758.2065652522
            ],
            [
              56613.29063250601,
              67758.2065652522
            ],
            [
              56601.28102481986,
              67770.21617293835
            ],
            [
              56595.27622097678,
              67770.21617293835
            ],
            [
              56589.271417133714,
              67764.21136909528
            ],
            [
              56589.271417133714,
              67752.20176140913
            ],
            [
              56583.26661329064,
              67746.19695756606
            ],
            [
              56583.26661329064,
              67740.19215372298
            ],
            [
              56565.25220176141,
              67722.17774219376
            ],
            [
              56559.24739791834,
              67722.17774219376
            ],
            [
              56553.242594075266,
              67716.17293835069
            ],
            [
              56535.22818254604,
              67716.17293835069
            ]
          ]
        ]
      }
    },
    {
      "type": "Feature",
      "properties": {
        "class_id": 5,
        "classification": "Edge & Air Bubble",
        "area": 108.1730075814054
      },
      "geometry": {
        "type": "Polygon",
        "coordinates": [
          [
            [
              34503.602882305844,
              67650.12009607686
            ],
            [
              34497.598078462775,
              67656.12489991995
            ],
            [
              34503.602882305844,
              67662.12970376301
            ],
            [
              34509.60768614892,
              67662.12970376301
            ],
            [
              34509.60768614892,
              67650.12009607686
            ],
            [
              34503.602882305844,
              67650.12009607686
            ]
          ]
        ]
      }
    },
    {
      "type": "Feature",
      "properties": {
        "class_id": 5,
        "classification": "Edge & Air Bubble",
        "area": 664903.4199337052
      },
      "geometry": {
        "type": "Polygon",
        "coordinates": [
          [
            [
              72568.05444355485,
              67638.11048839071
            ],
            [
              72568.05444355485,
              67650.12009607686
            ],
            [
              72562.04963971177,
              67656.12489991995
            ],
            [
              72556.0448358687,
              67656.12489991995
            ],
            [
              72550.04003202563,
              67662.12970376301
            ],
            [
              72550.04003202563,
              67686.14891913532
            ],
            [
              72544.03522818255,
              67692.15372297839
            ],
            [
              72544.03522818255,
              67698.15852682145
            ],
            [
              72526.02081665333,
              67716.17293835069
            ],
            [
              72520.01601281026,
              67716.17293835069
            ],
            [
              72502.00160128102,
              67734.18734987991
            ],
            [
              72489.99199359489,
              67734.18734987991
            ],
            [
              72483.9871897518,
              67728.18254603683
            ],
            [
              72465.97277822258,
              67728.18254603683
            ],
            [
              72459.96797437951,
              67734.18734987991
            ],
            [
              72435.94875900721,
              67734.18734987991
            ],
            [
              72429.94395516414,
              67740.19215372298
            ],
            [
              72429.94395516414,
              67770.21617293835
            ],
            [
              72423.93915132106,
              67776.22097678143
            ],
            [
              72423.93915132106,
              67782.2257806245
            ],
            [
              72393.91513210569,
              67812.24979983988
            ],
            [
              72381.90552441953,
              67812.24979983988
            ],
            [
              72375.90072057646,
              67818.25460368294
            ],
            [
              72369.8959167334,
              67818.25460368294
            ],
            [
              72363.89111289031,
              67812.24979983988
            ],
            [
              72351.88150520416,
              67812.24979983988
            ],
            [
              72327.86228983187,
              67788.23058446757
            ],
            [
              72309.84787830265,
              67788.23058446757
            ],
            [
              72273.8190552442,
              67824.25940752603
            ],
            [
              72261.80944755804,
              67824.25940752603
            ],
            [
              72255.80464371498,
              67830.2642113691
            ],
            [
              72201.7614091273,
              67830.2642113691
            ],
            [
              72195.75660528423,
              67836.26901521218
            ],
            [
              72183.74699759808,
              67836.26901521218
            ],
            [
              72171.73738991193,
              67848.27862289832
            ],
            [
              72165.73258606886,
              67848.27862289832
            ],
            [
              72141.71337069655,
              67872.29783827062
            ],
            [
              72129.70376301042,
              67872.29783827062
            ],
            [
              72123.69895916733,
              67878.30264211369
            ],
            [
              72111.6893514812,
              67878.30264211369
            ],
            [
              72105.68454763811,
              67884.30744595677
            ],
            [
              72087.67013610889,
              67884.30744595677
            ],
            [
              72081.66533226582,
              67890.31224979984
            ],
            [
              72069.65572457967,
              67890.31224979984
            ],
            [
              72063.65092073659,
              67896.31705364292
            ],
            [
              72051.64131305045,
              67896.31705364292
            ],
            [
              72045.63650920737,
              67902.321857486
            ],
            [
              72039.6317053643,
              67902.321857486
            ],
            [
              72033.62690152122,
              67908.32666132906
            ],
            [
              72027.62209767815,
              67908.32666132906
            ],
            [
              72015.612489992,
              67920.33626901521
            ],
            [
              72015.612489992,
              67926.3410728583
            ],
            [
              72003.60288230584,
              67938.35068054443
            ],
            [
              72003.60288230584,
              67944.35548438752
            ],
            [
              71997.59807846278,
              67950.36028823059
            ],
            [
              71997.59807846278,
              67956.36509207367
            ],
            [
              71985.58847077662,
              67968.3746997598
            ],
            [
              71985.58847077662,
              67974.37950360289
            ],
            [
              71973.57886309047,
              67986.38911128904
            ],
            [
              71973.57886309047,
              67992.39391513211
            ],
            [
              71967.5740592474,
              67998.39871897518
            ],
            [
              71967.5740592474,
              68004.40352281826
            ],
            [
              71925.54043234588,
              68046.43714971979
            ],
            [
              71919.53562850281,
              68046.43714971979
            ],
            [
              71913.53082465973,
              68052.44195356285
            ],
            [
              71907.52602081666,
              68052.44195356285
            ],
            [
              71877.50200160129,
              68082.46597277823
            ],
            [
              71877.50200160129,
              68088.4707766213
            ],
            [
              71859.48759007207,
              68106.48518815053
            ],
            [
              71853.48278622898,
              68106.48518815053
            ],
            [
              71841.47317854284,
              68118.49479583667
            ],
            [
              71835.46837469976,
              68118.49479583667
            ],
            [
              71829.4635708567,
              68124.49959967975
            ],
            [
              71823.45876701361,
              68124.49959967975
            ],
            [
              71817.45396317054,
              68130.50440352282
            ],
            [
              71811.44915932747,
              68130.50440352282
            ],
            [
              71805.44435548439,
              68136.5092073659
            ],
            [
              71787.42994395517,
              68136.5092073659
            ],
            [
              71781.4251401121,
              68142.51401120897
            ],
            [
              71757.4059247398,
              68142.51401120897
            ],
            [
              71751.40112089673,
              68148.51881505204
            ],
            [
              71745.39631705364,
              68148.51881505204
            ],
            [
              71739.39151321058,
              68154.52361889512
            ],
            [
              71733.38670936749,
              68154.52361889512
            ],
            [
              71727.38190552442,
              68160.52842273819
            ],
            [
              71715.37229783827,
              68160.52842273819
            ],
            [
              71709.3674939952,
              68166.53322658128
            ],
            [
              71661.32906325061,
              68166.53322658128
            ],
            [
              71655.32425940753,
              68172.53803042434
            ],
            [
              71649.31945556446,
              68172.53803042434
            ],
            [
              71631.30504403524,
              68190.55244195356
            ],
            [
              71631.30504403524,
              68196.55724579665
            ],
            [
              71619.29543634909,
              68208.56685348279
            ],
            [
              71613.290632506,
              68208.56685348279
            ],
            [
              71607.28582866293,
              68214.57165732587
            ],
            [
              71583.26661329063,
              68214.57165732587
            ],
            [
              71577.26180944756,
              68208.56685348279
            ],
            [
              71571.2570056045,
              68208.56685348279
            ],
            [
              71565.25220176141,
              68202.56204963972
            ],
            [
              71553.24259407526,
              68202.56204963972
            ],
            [
              71547.23779023219,
              68196.55724579665
            ],
            [
              71541.23298638912,
              68196.55724579665
            ],
            [
              71529.22337870297,
              68184.5476381105
            ],
            [
              71523.21857485989,
              68184.5476381105
            ],
            [
              71499.1993594876,
              68160.52842273819
            ],
            [
              71499.1993594876,
              68148.51881505204
            ],
            [
              71493.19455564451,
              68142.51401120897
            ],
            [
              71493.19455564451,
              68124.49959967975
            ],
            [
              71487.18975180144,
              68118.49479583667
            ],
            [
              71487.18975180144,
              68112.4899919936
            ],
            [
              71481.18494795838,
              68112.4899919936
            ],
            [
              71475.1801441153,
              68106.48518815053
            ],
            [
              71463.17053642914,
              68106.48518815053
            ],
            [
              71457.16573258607,
              68100.48038430745
            ],
            [
              71433.14651721377,
              68100.48038430745
            ],
            [
              71427.1417133707,
              68106.48518815053
            ],
            [
              71409.12730184148,
              68106.48518815053
            ],
            [
              71403.1224979984,
              68112.4899919936
            ],
            [
              71373.09847878302,
              68112.4899919936
            ],
            [
              71367.09367493996,
              68118.49479583667
            ],
            [
              71361.08887109689,
              68112.4899919936
            ],
            [
              71349.07926341073,
              68112.4899919936
            ],
            [
              71343.07445956765,
              68118.49479583667
            ],
            [
              71325.06004803843,
              68118.49479583667
            ],
            [
              71319.05524419536,
              68124.49959967975
            ],
            [
              71313.05044035228,
              68124.49959967975
            ],
            [
              71307.04563650921,
              68130.50440352282
            ],
            [
              71301.04083266614,
              68130.50440352282
            ],
            [
              71295.03602882306,
              68136.5092073659
            ],
            [
              71289.03122497999,
              68136.5092073659
            ],
            [
              71283.0264211369,
              68142.51401120897
            ],
            [
              71253.00240192153,
              68142.51401120897
            ],
            [
              71246.99759807847,
              68136.5092073659
            ],
            [
              71234.98799039231,
              68136.5092073659
            ],
            [
              71228.98318654925,
              68130.50440352282
            ],
            [
              71216.9735788631,
              68130.50440352282
            ],
            [
              71210.96877502002,
              68124.49959967975
            ],
            [
              71192.95436349079,
              68124.49959967975
            ],
            [
              71186.94955964772,
              68118.49479583667
            ],
            [
              71168.9351481185,
              68118.49479583667
            ],
            [
              71162.93034427542,
              68124.49959967975
            ],
            [
              71144.9159327462,
              68124.49959967975
            ],
            [
              71138.91112890313,
              68130.50440352282
            ],
            [
              71138.91112890313,
              68142.51401120897
            ],
            [
              71132.90632506006,
              68148.51881505204
            ],
            [
              71132.90632506006,
              68154.52361889512
            ],
            [
              71114.89191353082,
              68172.53803042434
            ],
            [
              71102.88230584469,
              68172.53803042434
            ],
            [
              71096.8775020016,
              68166.53322658128
            ],
            [
              71090.87269815854,
              68166.53322658128
            ],
            [
              71072.85828662931,
              68148.51881505204
            ],
            [
              71072.85828662931,
              68142.51401120897
            ],
            [
              71066.85348278623,
              68136.5092073659
            ],
            [
              71066.85348278623,
              68130.50440352282
            ],
            [
              71048.83907125701,
              68130.50440352282
            ],
            [
              71042.83426741394,
              68136.5092073659
            ],
            [
              71042.83426741394,
              68154.52361889512
            ],
            [
              71036.82946357086,
              68160.52842273819
            ],
            [
              71036.82946357086,
              68166.53322658128
            ],
            [
              71030.82465972779,
              68172.53803042434
            ],
            [
              71030.82465972779,
              68178.54283426741
            ],
            [
              71024.8198558847,
              68184.5476381105
            ],
            [
              71024.8198558847,
              68208.56685348279
            ],
            [
              71000.80064051242,
              68232.58606885509
            ],
            [
              70994.79583666933,
              68232.58606885509
            ],
            [
              70988.79103282627,
              68226.58126501202
            ],
            [
              70988.79103282627,
              68220.57646116894
            ],
            [
              70988.79103282627,
              68232.58606885509
            ],
            [
              70994.79583666933,
              68238.59087269816
            ],
            [
              70994.79583666933,
              68304.64371497199
            ],
            [
              70988.79103282627,
              68310.64851881505
            ],
            [
              70988.79103282627,
              68316.65332265812
            ],
            [
              70982.7862289832,
              68322.6581265012
            ],
            [
              70982.7862289832,
              68328.66293034428
            ],
            [
              70976.78142514011,
              68334.66773418736
            ],
            [
              70976.78142514011,
              68340.67253803043
            ],
            [
              70970.77662129705,
              68346.6773418735
            ],
            [
              70970.77662129705,
              68358.68694955965
            ],
            [
              70964.77181745396,
              68364.69175340273
            ],
            [
              70964.77181745396,
              68430.74459567654
            ],
            [
              70958.7670136109,
              68436.74939951961
            ],
            [
              70958.7670136109,
              68460.76861489192
            ],
            [
              70964.77181745396,
              68466.77341873499
            ],
            [
              70964.77181745396,
              68472.77822257807
            ],
            [
              70958.7670136109,
              68478.78302642114
            ],
            [
              70958.7670136109,
              68520.81665332266
            ],
            [
              70964.77181745396,
              68526.82145716573
            ],
            [
              70964.77181745396,
              68532.82626100881
            ],
            [
              70970.77662129705,
              68538.83106485188
            ],
            [
              70970.77662129705,
              68544.83586869497
            ],
            [
              70982.7862289832,
              68556.8454763811
            ],
            [
              70982.7862289832,
              68562.85028022419
            ],
            [
              70988.79103282627,
              68556.8454763811
            ],
            [
              71000.80064051242,
              68556.8454763811
            ],
            [
              71030.82465972779,
              68586.86949559647
            ],
            [
              71030.82465972779,
              68592.87429943956
            ],
            [
              71036.82946357086,
              68598.87910328263
            ],
            [
              71036.82946357086,
              68610.88871096878
            ],
            [
              71042.83426741394,
              68616.89351481185
            ],
            [
              71042.83426741394,
              68628.903122498
            ],
            [
              71048.83907125701,
              68628.903122498
            ],
            [
              71060.84867894316,
              68640.91273018415
            ],
            [
              71066.85348278623,
              68640.91273018415
            ],
            [
              71072.85828662931,
              68646.91753402722
            ],
            [
              71096.8775020016,
              68646.91753402722
            ],
            [
              71102.88230584469,
              68640.91273018415
            ],
            [
              71132.90632506006,
              68640.91273018415
            ],
            [
              71144.9159327462,
              68628.903122498
            ],
            [
              71150.92073658928,
              68628.903122498
            ],
            [
              71156.92554043235,
              68622.89831865493
            ],
            [
              71174.93995196157,
              68622.89831865493
            ],
            [
              71180.94475580465,
              68616.89351481185
            ],
            [
              71198.95916733387,
              68616.89351481185
            ],
            [
              71204.96397117694,
              68610.88871096878
            ],
            [
              71210.96877502002,
              68610.88871096878
            ],
            [
              71216.9735788631,
              68604.88390712571
            ],
            [
              71228.98318654925,
              68604.88390712571
            ],
            [
              71234.98799039231,
              68598.87910328263
            ],
            [
              71234.98799039231,
              68586.86949559647
            ],
            [
              71253.00240192153,
              68568.85508406725
            ],
            [
              71289.03122497999,
              68568.85508406725
            ],
            [
              71295.03602882306,
              68562.85028022419
            ],
            [
              71307.04563650921,
              68562.85028022419
            ],
            [
              71313.05044035228,
              68556.8454763811
            ],
            [
              71319.05524419536,
              68556.8454763811
            ],
            [
              71331.06485188151,
              68544.83586869497
            ],
            [
              71337.06965572458,
              68544.83586869497
            ],
            [
              71343.07445956765,
              68538.83106485188
            ],
            [
              71355.0840672538,
              68538.83106485188
            ],
            [
              71361.08887109689,
              68532.82626100881
            ],
            [
              71391.11289031226,
              68532.82626100881
            ],
            [
              71403.1224979984,
              68544.83586869497
            ],
            [
              71403.1224979984,
              68556.8454763811
            ],
            [
              71415.13210568455,
              68568.85508406725
            ],
            [
              71457.16573258607,
              68568.85508406725
            ],
            [
              71463.17053642914,
              68574.85988791034
            ],
            [
              71469.17534027222,
              68574.85988791034
            ],
            [
              71475.1801441153,
              68580.8646917534
            ],
            [
              71481.18494795838,
              68580.8646917534
            ],
            [
              71499.1993594876,
              68598.87910328263
            ],
            [
              71505.20416333067,
              68598.87910328263
            ],
            [
              71511.20896717375,
              68604.88390712571
            ],
            [
              71511.20896717375,
              68610.88871096878
            ],
            [
              71535.22818254604,
              68634.90792634108
            ],
            [
              71535.22818254604,
              68640.91273018415
            ],
            [
              71541.23298638912,
              68646.91753402722
            ],
            [
              71547.23779023219,
              68646.91753402722
            ],
            [
              71553.24259407526,
              68652.9223378703
            ],
            [
              71559.24739791834,
              68652.9223378703
            ],
            [
              71565.25220176141,
              68658.92714171337
            ],
            [
              71577.26180944756,
              68658.92714171337
            ],
            [
              71583.26661329063,
              68652.9223378703
            ],
            [
              71583.26661329063,
              68640.91273018415
            ],
            [
              71577.26180944756,
              68640.91273018415
            ],
            [
              71553.24259407526,
              68616.89351481185
            ],
            [
              71553.24259407526,
              68610.88871096878
            ],
            [
              71547.23779023219,
              68604.88390712571
            ],
            [
              71547.23779023219,
              68592.87429943956
            ],
            [
              71559.24739791834,
              68580.8646917534
            ],
            [
              71625.30024019215,
              68580.8646917534
            ],
            [
              71631.30504403524,
              68574.85988791034
            ],
            [
              71637.3098478783,
              68574.85988791034
            ],
            [
              71643.31465172138,
              68580.8646917534
            ],
            [
              71649.31945556446,
              68580.8646917534
            ],
            [
              71655.32425940753,
              68586.86949559647
            ],
            [
              71661.32906325061,
              68586.86949559647
            ],
            [
              71667.33386709368,
              68592.87429943956
            ],
            [
              71715.37229783827,
              68592.87429943956
            ],
            [
              71721.37710168136,
              68598.87910328263
            ],
            [
              71727.38190552442,
              68598.87910328263
            ],
            [
              71739.39151321058,
              68610.88871096878
            ],
            [
              71751.40112089673,
              68610.88871096878
            ],
            [
              71763.41072858286,
              68598.87910328263
            ],
            [
              71769.41553242595,
              68598.87910328263
            ],
            [
              71781.4251401121,
              68586.86949559647
            ],
            [
              71787.42994395517,
              68586.86949559647
            ],
            [
              71799.43955164132,
              68574.85988791034
            ],
            [
              71805.44435548439,
              68574.85988791034
            ],
            [
              71811.44915932747,
              68568.85508406725
            ],
            [
              71817.45396317054,
              68568.85508406725
            ],
            [
              71835.46837469976,
              68550.84067253803
            ],
            [
              71835.46837469976,
              68538.83106485188
            ],
            [
              71841.47317854284,
              68532.82626100881
            ],
            [
              71841.47317854284,
              68514.81184947959
            ],
            [
              71853.48278622898,
              68502.80224179344
            ],
            [
              71859.48759007207,
              68502.80224179344
            ],
            [
              71865.49239391513,
              68496.79743795036
            ],
            [
              71871.49719775822,
              68502.80224179344
            ],
            [
              71877.50200160129,
              68502.80224179344
            ],
            [
              71883.50680544435,
              68508.80704563651
            ],
            [
              71883.50680544435,
              68514.81184947959
            ],
            [
              71889.51160928744,
              68520.81665332266
            ],
            [
              71889.51160928744,
              68526.82145716573
            ],
            [
              71895.5164131305,
              68526.82145716573
            ],
            [
              71901.52121697359,
              68532.82626100881
            ],
            [
              71925.54043234588,
              68532.82626100881
            ],
            [
              71931.54523618896,
              68526.82145716573
            ],
            [
              71949.55964771818,
              68526.82145716573
            ],
            [
              71955.56445156125,
              68520.81665332266
            ],
            [
              71967.5740592474,
              68520.81665332266
            ],
            [
              71973.57886309047,
              68514.81184947959
            ],
            [
              71991.5932746197,
              68514.81184947959
            ],
            [
              71997.59807846278,
              68508.80704563651
            ],
            [
              72003.60288230584,
              68508.80704563651
            ],
            [
              72009.60768614893,
              68502.80224179344
            ],
            [
              72021.61729383508,
              68502.80224179344
            ],
            [
              72027.62209767815,
              68496.79743795036
            ],
            [
              72033.62690152122,
              68496.79743795036
            ],
            [
              72051.64131305045,
              68478.78302642114
            ],
            [
              72051.64131305045,
              68472.77822257807
            ],
            [
              72063.65092073659,
              68460.76861489192
            ],
            [
              72063.65092073659,
              68454.76381104885
            ],
            [
              72069.65572457967,
              68448.75900720576
            ],
            [
              72069.65572457967,
              68430.74459567654
            ],
            [
              72075.66052842274,
              68424.73979183348
            ],
            [
              72075.66052842274,
              68412.73018414732
            ],
            [
              72081.66533226582,
              68406.72538030424
            ],
            [
              72081.66533226582,
              68394.7157726181
            ],
            [
              72087.67013610889,
              68388.71096877502
            ],
            [
              72087.67013610889,
              68382.70616493195
            ],
            [
              72111.6893514812,
              68358.68694955965
            ],
            [
              72117.69415532427,
              68358.68694955965
            ],
            [
              72123.69895916733,
              68352.68214571658
            ],
            [
              72135.70856685349,
              68352.68214571658
            ],
            [
              72141.71337069655,
              68358.68694955965
            ],
            [
              72147.71817453964,
              68358.68694955965
            ],
            [
              72153.7229783827,
              68352.68214571658
            ],
            [
              72159.72778222579,
              68352.68214571658
            ],
            [
              72159.72778222579,
              68304.64371497199
            ],
            [
              72165.73258606886,
              68298.6389111289
            ],
            [
              72165.73258606886,
              68268.61489191353
            ],
            [
              72159.72778222579,
              68262.61008807046
            ],
            [
              72159.72778222579,
              68256.6052842274
            ],
            [
              72153.7229783827,
              68256.6052842274
            ],
            [
              72147.71817453964,
              68250.60048038431
            ],
            [
              72129.70376301042,
              68250.60048038431
            ],
            [
              72117.69415532427,
              68238.59087269816
            ],
            [
              72117.69415532427,
              68232.58606885509
            ],
            [
              72111.6893514812,
              68226.58126501202
            ],
            [
              72111.6893514812,
              68214.57165732587
            ],
            [
              72105.68454763811,
              68208.56685348279
            ],
            [
              72105.68454763811,
              68202.56204963972
            ],
            [
              72093.67493995196,
              68190.55244195356
            ],
            [
              72069.65572457967,
              68190.55244195356
            ],
            [
              72051.64131305045,
              68208.56685348279
            ],
            [
              72039.6317053643,
              68208.56685348279
            ],
            [
              72033.62690152122,
              68202.56204963972
            ],
            [
              72033.62690152122,
              68178.54283426741
            ],
            [
              72027.62209767815,
              68172.53803042434
            ],
            [
              72027.62209767815,
              68166.53322658128
            ],
            [
              72009.60768614893,
              68148.51881505204
            ],
            [
              72009.60768614893,
              68130.50440352282
            ],
            [
              72015.612489992,
              68124.49959967975
            ],
            [
              72021.61729383508,
              68124.49959967975
            ],
            [
              72027.62209767815,
              68118.49479583667
            ],
            [
              72045.63650920737,
              68118.49479583667
            ],
            [
              72051.64131305045,
              68112.4899919936
            ],
            [
              72075.66052842274,
              68112.4899919936
            ],
            [
              72081.66533226582,
              68118.49479583667
            ],
            [
              72105.68454763811,
              68118.49479583667
            ],
            [
              72111.6893514812,
              68124.49959967975
            ],
            [
              72123.69895916733,
              68124.49959967975
            ],
            [
              72129.70376301042,
              68130.50440352282
            ],
            [
              72135.70856685349,
              68130.50440352282
            ],
            [
              72141.71337069655,
              68136.5092073659
            ],
            [
              72153.7229783827,
              68136.5092073659
            ],
            [
              72159.72778222579,
              68142.51401120897
            ],
            [
              72165.73258606886,
              68142.51401120897
            ],
            [
              72171.73738991193,
              68148.51881505204
            ],
            [
              72177.74219375501,
              68148.51881505204
            ],
            [
              72183.74699759808,
              68154.52361889512
            ],
            [
              72189.75180144116,
              68154.52361889512
            ],
            [
              72195.75660528423,
              68160.52842273819
            ],
            [
              72201.7614091273,
              68160.52842273819
            ],
            [
              72207.76621297038,
              68166.53322658128
            ],
            [
              72225.7806244996,
              68166.53322658128
            ],
            [
              72231.78542834267,
              68160.52842273819
            ],
            [
              72249.7998398719,
              68160.52842273819
            ],
            [
              72255.80464371498,
              68154.52361889512
            ],
            [
              72273.8190552442,
              68154.52361889512
            ],
            [
              72279.82385908728,
              68148.51881505204
            ],
            [
              72291.83346677342,
              68148.51881505204
            ],
            [
              72303.84307445957,
              68136.5092073659
            ],
            [
              72303.84307445957,
              68118.49479583667
            ],
            [
              72309.84787830265,
              68112.4899919936
            ],
            [
              72309.84787830265,
              68100.48038430745
            ],
            [
              72339.87189751802,
              68070.45636509208
            ],
            [
              72339.87189751802,
              68064.451561249
            ],
            [
              72345.87670136109,
              68058.44675740592
            ],
            [
              72345.87670136109,
              68052.44195356285
            ],
            [
              72351.88150520416,
              68046.43714971979
            ],
            [
              72351.88150520416,
              68040.4323458767
            ],
            [
              72357.88630904724,
              68034.42754203363
            ],
            [
              72363.89111289031,
              68034.42754203363
            ],
            [
              72375.90072057646,
              68022.41793434748
            ],
            [
              72387.91032826262,
              68022.41793434748
            ],
            [
              72399.91993594877,
              68010.40832666133
            ],
            [
              72405.92473979184,
              68010.40832666133
            ],
            [
              72441.95356285028,
              67974.37950360289
            ],
            [
              72453.96317053643,
              67974.37950360289
            ],
            [
              72459.96797437951,
              67980.38430744596
            ],
            [
              72483.9871897518,
              67980.38430744596
            ],
            [
              72489.99199359489,
              67974.37950360289
            ],
            [
              72495.99679743795,
              67974.37950360289
            ],
            [
              72508.0064051241,
              67962.36989591674
            ],
            [
              72508.0064051241,
              67956.36509207367
            ],
            [
              72514.01120896717,
              67950.36028823059
            ],
            [
              72520.01601281026,
              67950.36028823059
            ],
            [
              72526.02081665333,
              67944.35548438752
            ],
            [
              72538.03042433948,
              67944.35548438752
            ],
            [
              72544.03522818255,
              67938.35068054443
            ],
            [
              72556.0448358687,
              67938.35068054443
            ],
            [
              72574.05924739792,
              67920.33626901521
            ],
            [
              72574.05924739792,
              67914.33146517214
            ],
            [
              72586.06885508407,
              67902.321857486
            ],
            [
              72586.06885508407,
              67896.31705364292
            ],
            [
              72592.07365892714,
              67890.31224979984
            ],
            [
              72592.07365892714,
              67884.30744595677
            ],
            [
              72598.07846277022,
              67878.30264211369
            ],
            [
              72598.07846277022,
              67866.29303442755
            ],
            [
              72604.08326661329,
              67860.28823058447
            ],
            [
              72604.08326661329,
              67848.27862289832
            ],
            [
              72616.09287429944,
              67836.26901521218
            ],
            [
              72622.09767814251,
              67836.26901521218
            ],
            [
              72628.1024819856,
              67830.2642113691
            ],
            [
              72634.10728582866,
              67830.2642113691
            ],
            [
              72640.11208967175,
              67824.25940752603
            ],
            [
              72646.11689351482,
              67824.25940752603
            ],
            [
              72652.12169735788,
              67818.25460368294
            ],
            [
              72658.12650120097,
              67818.25460368294
            ],
            [
              72670.13610888712,
              67806.2449959968
            ],
            [
              72676.14091273019,
              67806.2449959968
            ],
            [
              72694.15532425941,
              67788.23058446757
            ],
            [
              72694.15532425941,
              67782.2257806245
            ],
            [
              72700.16012810249,
              67776.22097678143
            ],
            [
              72700.16012810249,
              67770.21617293835
            ],
            [
              72694.15532425941,
              67764.21136909528
            ],
            [
              72694.15532425941,
              67728.18254603683
            ],
            [
              72700.16012810249,
              67722.17774219376
            ],
            [
              72700.16012810249,
              67716.17293835069
            ],
            [
              72706.16493194556,
              67710.1681345076
            ],
            [
              72712.16973578863,
              67710.1681345076
            ],
            [
              72724.17934347478,
              67698.15852682145
            ],
            [
              72724.17934347478,
              67680.14411529223
            ],
            [
              72718.17453963171,
              67674.13931144917
            ],
            [
              72718.17453963171,
              67668.13450760608
            ],
            [
              72712.16973578863,
              67662.12970376301
            ],
            [
              72712.16973578863,
              67656.12489991995
            ],
            [
              72706.16493194556,
              67650.12009607686
            ],
            [
              72700.16012810249,
              67650.12009607686
            ],
            [
              72694.15532425941,
              67644.1152922338
            ],
            [
              72688.15052041634,
              67650.12009607686
            ],
            [
              72682.14571657326,
              67650.12009607686
            ],
            [
              72676.14091273019,
              67656.12489991995
            ],
            [
              72676.14091273019,
              67662.12970376301
            ],
            [
              72658.12650120097,
              67680.14411529223
            ],
            [
              72628.1024819856,
              67650.12009607686
            ],
            [
              72628.1024819856,
              67638.11048839071
            ],
            [
              72568.05444355485,
              67638.11048839071
            ]
          ]
        ]
      }
    },
    {
      "type": "Feature",
      "properties": {
        "class_id": 5,
        "classification": "Edge & Air Bubble",
        "area": 110102.0928832738
      },
      "geometry": {
        "type": "Polygon",
        "coordinates": [
          [
            [
              35206.16493194556,
              67638.11048839071
            ],
            [
              35206.16493194556,
              67650.12009607686
            ],
            [
              35212.16973578863,
              67656.12489991995
            ],
            [
              35212.16973578863,
              67662.12970376301
            ],
            [
              35218.174539631706,
              67668.13450760608
            ],
            [
              35218.174539631706,
              67686.14891913532
            ],
            [
              35206.16493194556,
              67698.15852682145
            ],
            [
              35206.16493194556,
              67704.16333066454
            ],
            [
              35182.14571657326,
              67728.18254603683
            ],
            [
              35182.14571657326,
              67740.19215372298
            ],
            [
              35194.15532425941,
              67752.20176140913
            ],
            [
              35200.160128102485,
              67752.20176140913
            ],
            [
              35206.16493194556,
              67758.2065652522
            ],
            [
              35224.17934347478,
              67758.2065652522
            ],
            [
              35230.18414731786,
              67764.21136909528
            ],
            [
              35236.18895116093,
              67764.21136909528
            ],
            [
              35248.19855884708,
              67776.22097678143
            ],
            [
              35278.22257806245,
              67776.22097678143
            ],
            [
              35284.227381905526,
              67770.21617293835
            ],
            [
              35308.24659727782,
              67770.21617293835
            ],
            [
              35326.26100880705,
              67752.20176140913
            ],
            [
              35332.26581265012,
              67752.20176140913
            ],
            [
              35338.270616493195,
              67746.19695756606
            ],
            [
              35344.27542033627,
              67752.20176140913
            ],
            [
              35350.28022417935,
              67752.20176140913
            ],
            [
              35374.29943955164,
              67776.22097678143
            ],
            [
              35380.30424339472,
              67776.22097678143
            ],
            [
              35386.309047237795,
              67782.2257806245
            ],
            [
              35392.313851080864,
              67782.2257806245
            ],
            [
              35398.31865492394,
              67788.23058446757
            ],
            [
              35422.337870296236,
              67788.23058446757
            ],
            [
              35428.34267413931,
              67794.23538831066
            ],
            [
              35488.39071257006,
              67794.23538831066
            ],
            [
              35494.39551641313,
              67788.23058446757
            ],
            [
              35506.405124099285,
              67788.23058446757
            ],
            [
              35512.40992794235,
              67782.2257806245
            ],
            [
              35518.41473178543,
              67782.2257806245
            ],
            [
              35524.419535628505,
              67776.22097678143
            ],
            [
              35530.42433947158,
              67776.22097678143
            ],
            [
              35548.4387510008,
              67758.2065652522
            ],
            [
              35560.448358686954,
              67758.2065652522
            ],
            [
              35572.4579663731,
              67770.21617293835
            ],
            [
              35578.462770216174,
              67770.21617293835
            ],
            [
              35590.472377902326,
              67782.2257806245
            ],
            [
              35620.4963971177,
              67782.2257806245
            ],
            [
              35626.50120096077,
              67776.22097678143
            ],
            [
              35632.50600480384,
              67776.22097678143
            ],
            [
              35638.51080864692,
              67770.21617293835
            ],
            [
              35650.52041633307,
              67770.21617293835
            ],
            [
              35668.53482786229,
              67788.23058446757
            ],
            [
              35668.53482786229,
              67794.23538831066
            ],
            [
              35680.54443554844,
              67806.2449959968
            ],
            [
              35680.54443554844,
              67788.23058446757
            ],
            [
              35686.54923939151,
              67782.2257806245
            ],
            [
              35686.54923939151,
              67776.22097678143
            ],
            [
              35710.568454763816,
              67752.20176140913
            ],
            [
              35716.573258606884,
              67752.20176140913
            ],
            [
              35734.58767013611,
              67770.21617293835
            ],
            [
              35734.58767013611,
              67776.22097678143
            ],
            [
              35740.59247397919,
              67782.2257806245
            ],
            [
              35740.59247397919,
              67800.24019215372
            ],
            [
              35746.59727782226,
              67794.23538831066
            ],
            [
              35770.61649319456,
              67794.23538831066
            ],
            [
              35776.62129703763,
              67800.24019215372
            ],
            [
              35818.65492393915,
              67800.24019215372
            ],
            [
              35824.65972778223,
              67794.23538831066
            ],
            [
              35854.6837469976,
              67794.23538831066
            ],
            [
              35860.68855084068,
              67788.23058446757
            ],
            [
              35866.693354683746,
              67788.23058446757
            ],
            [
              35872.69815852682,
              67782.2257806245
            ],
            [
              35878.7029623699,
              67782.2257806245
            ],
            [
              35884.707766212974,
              67776.22097678143
            ],
            [
              35896.71737389912,
              67776.22097678143
            ],
            [
              35902.722177742195,
              67770.21617293835
            ],
            [
              35926.74139311449,
              67770.21617293835
            ],
            [
              35932.74619695757,
              67764.21136909528
            ],
            [
              35938.75100080064,
              67764.21136909528
            ],
            [
              35944.75580464372,
              67758.2065652522
            ],
            [
              35950.760608486795,
              67758.2065652522
            ],
            [
              35992.79423538831,
              67716.17293835069
            ],
            [
              35992.79423538831,
              67710.1681345076
            ],
            [
              36004.803843074464,
              67698.15852682145
            ],
            [
              36004.803843074464,
              67686.14891913532
            ],
            [
              36010.80864691754,
              67680.14411529223
            ],
            [
              36010.80864691754,
              67674.13931144917
            ],
            [
              36016.81345076061,
              67668.13450760608
            ],
            [
              36016.81345076061,
              67638.11048839071
            ],
            [
              35206.16493194556,
              67638.11048839071
            ]
          ]
        ]
      }
    },
    {
      "type": "Feature",
      "properties": {
        "class_id": 5,
        "classification": "Edge & Air Bubble",
        "area": 122235.4985669881
      },
      "geometry": {
        "type": "Polygon",
        "coordinates": [
          [
            [
              33825.06004803843,
              67638.11048839071
            ],
            [
              33825.06004803843,
              67644.1152922338
            ],
            [
              33819.055244195355,
              67650.12009607686
            ],
            [
              33819.055244195355,
              67686.14891913532
            ],
            [
              33825.06004803843,
              67692.15372297839
            ],
            [
              33825.06004803843,
              67698.15852682145
            ],
            [
              33831.06485188151,
              67704.16333066454
            ],
            [
              33831.06485188151,
              67716.17293835069
            ],
            [
              33837.06965572458,
              67722.17774219376
            ],
            [
              33831.06485188151,
              67728.18254603683
            ],
            [
              33831.06485188151,
              67734.18734987991
            ],
            [
              33825.06004803843,
              67740.19215372298
            ],
            [
              33819.055244195355,
              67740.19215372298
            ],
            [
              33819.055244195355,
              68076.46116893516
            ],
            [
              33831.06485188151,
              68076.46116893516
            ],
            [
              33837.06965572458,
              68070.45636509208
            ],
            [
              33843.07445956766,
              68070.45636509208
            ],
            [
              33843.07445956766,
              68064.451561249
            ],
            [
              33855.0840672538,
              68052.44195356285
            ],
            [
              33855.0840672538,
              68046.43714971979
            ],
            [
              33861.08887109688,
              68040.4323458767
            ],
            [
              33861.08887109688,
              68028.42273819055
            ],
            [
              33867.093674939955,
              68022.41793434748
            ],
            [
              33867.093674939955,
              68016.41313050441
            ],
            [
              33861.08887109688,
              68010.40832666133
            ],
            [
              33867.093674939955,
              68004.40352281826
            ],
            [
              33867.093674939955,
              67992.39391513211
            ],
            [
              33885.108086469176,
              67974.37950360289
            ],
            [
              33885.108086469176,
              67968.3746997598
            ],
            [
              33891.11289031225,
              67962.36989591674
            ],
            [
              33891.11289031225,
              67956.36509207367
            ],
            [
              33897.11769415533,
              67950.36028823059
            ],
            [
              33897.11769415533,
              67932.34587670137
            ],
            [
              33915.13210568455,
              67914.33146517214
            ],
            [
              33933.146517213776,
              67914.33146517214
            ],
            [
              33939.151321056845,
              67908.32666132906
            ],
            [
              33945.15612489992,
              67908.32666132906
            ],
            [
              33951.160928743,
              67902.321857486
            ],
            [
              34017.21377101682,
              67902.321857486
            ],
            [
              34023.21857485989,
              67908.32666132906
            ],
            [
              34035.22818254604,
              67908.32666132906
            ],
            [
              34041.232986389114,
              67902.321857486
            ],
            [
              34065.25220176141,
              67902.321857486
            ],
            [
              34071.257005604486,
              67896.31705364292
            ],
            [
              34077.26180944756,
              67896.31705364292
            ],
            [
              34083.26661329064,
              67890.31224979984
            ],
            [
              34089.27141713371,
              67890.31224979984
            ],
            [
              34101.28102481986,
              67878.30264211369
            ],
            [
              34107.285828662934,
              67878.30264211369
            ],
            [
              34119.29543634908,
              67866.29303442755
            ],
            [
              34131.30504403523,
              67866.29303442755
            ],
            [
              34137.30984787831,
              67860.28823058447
            ],
            [
              34155.32425940753,
              67860.28823058447
            ],
            [
              34161.3290632506,
              67866.29303442755
            ],
            [
              34167.33386709368,
              67866.29303442755
            ],
            [
              34173.33867093675,
              67872.29783827062
            ],
            [
              34179.343474779824,
              67872.29783827062
            ],
            [
              34191.353082465976,
              67884.30744595677
            ],
            [
              34221.37710168135,
              67884.30744595677
            ],
            [
              34233.38670936749,
              67872.29783827062
            ],
            [
              34233.38670936749,
              67860.28823058447
            ],
            [
              34239.39151321057,
              67854.2834267414
            ],
            [
              34239.39151321057,
              67800.24019215372
            ],
            [
              34245.396317053644,
              67794.23538831066
            ],
            [
              34245.396317053644,
              67788.23058446757
            ],
            [
              34251.40112089672,
              67782.2257806245
            ],
            [
              34251.40112089672,
              67776.22097678143
            ],
            [
              34257.405924739796,
              67770.21617293835
            ],
            [
              34257.405924739796,
              67758.2065652522
            ],
            [
              34263.410728582865,
              67752.20176140913
            ],
            [
              34263.410728582865,
              67746.19695756606
            ],
            [
              34269.41553242594,
              67740.19215372298
            ],
            [
              34269.41553242594,
              67734.18734987991
            ],
            [
              34287.42994395517,
              67716.17293835069
            ],
            [
              34287.42994395517,
              67710.1681345076
            ],
            [
              34293.43474779824,
              67704.16333066454
            ],
            [
              34293.43474779824,
              67692.15372297839
            ],
            [
              34299.43955164131,
              67686.14891913532
            ],
            [
              34293.43474779824,
              67680.14411529223
            ],
            [
              34293.43474779824,
              67662.12970376301
            ],
            [
              34287.42994395517,
              67656.12489991995
            ],
            [
              34287.42994395517,
              67650.12009607686
            ],
            [
              34281.42514011209,
              67644.1152922338
            ],
            [
              34281.42514011209,
              67638.11048839071
            ],
            [
              33825.06004803843,
              67638.11048839071
            ]
          ]
        ]
      }
    },
    {
      "type": "Feature",
      "properties": {
        "class_id": 5,
        "classification": "Edge & Air Bubble",
        "area": 52554.05284996612
      },
      "geometry": {
        "type": "Polygon",
        "coordinates": [
          [
            [
              12153.722978382706,
              67397.91833466773
            ],
            [
              12141.713370696558,
              67409.92794235388
            ],
            [
              12141.713370696558,
              67415.93274619697
            ],
            [
              12123.698959167334,
              67433.94715772619
            ],
            [
              12099.679743795037,
              67433.94715772619
            ],
            [
              12081.665332265813,
              67451.9615692554
            ],
            [
              12081.665332265813,
              67469.97598078463
            ],
            [
              12075.660528422739,
              67475.98078462771
            ],
            [
              12075.660528422739,
              67487.99039231385
            ],
            [
              12069.655724579665,
              67493.99519615693
            ],
            [
              12069.655724579665,
              67524.0192153723
            ],
            [
              12051.64131305044,
              67542.03362690152
            ],
            [
              12045.636509207367,
              67542.03362690152
            ],
            [
              12039.631705364292,
              67548.0384307446
            ],
            [
              12033.626901521218,
              67548.0384307446
            ],
            [
              12021.617293835068,
              67560.04803843074
            ],
            [
              12003.602882305846,
              67560.04803843074
            ],
            [
              12003.602882305846,
              67572.0576461169
            ],
            [
              11997.598078462772,
              67578.06244995997
            ],
            [
              11997.598078462772,
              67590.07205764612
            ],
            [
              11991.593274619696,
              67596.0768614892
            ],
            [
              11991.593274619696,
              67614.09127301842
            ],
            [
              11985.588470776622,
              67620.09607686149
            ],
            [
              11985.588470776622,
              67632.10568454764
            ],
            [
              12291.83346677342,
              67632.10568454764
            ],
            [
              12291.83346677342,
              67433.94715772619
            ],
            [
              12285.828662930346,
              67427.9423538831
            ],
            [
              12273.819055244196,
              67427.9423538831
            ],
            [
              12267.814251401122,
              67421.93755004003
            ],
            [
              12237.79023218575,
              67421.93755004003
            ],
            [
              12231.785428342675,
              67415.93274619697
            ],
            [
              12201.761409127303,
              67415.93274619697
            ],
            [
              12195.756605284228,
              67409.92794235388
            ],
            [
              12183.746997598078,
              67409.92794235388
            ],
            [
              12177.742193755004,
              67403.92313851081
            ],
            [
              12165.732586068856,
              67403.92313851081
            ],
            [
              12159.727782225782,
              67397.91833466773
            ],
            [
              12153.722978382706,
              67397.91833466773
            ]
          ]
        ]
      }
    },
    {
      "type": "Feature",
      "properties": {
        "class_id": 5,
        "classification": "Edge & Air Bubble",
        "area": 201129.67876302643
      },
      "geometry": {
        "type": "Polygon",
        "coordinates": [
          [
            [
              12153.722978382706,
              65980.78462770216
            ],
            [
              12147.718174539632,
              65986.78943154524
            ],
            [
              12147.718174539632,
              66004.80384307446
            ],
            [
              12159.727782225782,
              66004.80384307446
            ],
            [
              12171.73738991193,
              66016.81345076062
            ],
            [
              12171.73738991193,
              66046.83746997599
            ],
            [
              12165.732586068856,
              66052.84227381906
            ],
            [
              12165.732586068856,
              66058.84707766214
            ],
            [
              12147.718174539632,
              66076.86148919136
            ],
            [
              12135.708566853484,
              66076.86148919136
            ],
            [
              12129.70376301041,
              66082.86629303443
            ],
            [
              12129.70376301041,
              66130.90472377902
            ],
            [
              12123.698959167334,
              66136.9095276221
            ],
            [
              12123.698959167334,
              66190.95276220977
            ],
            [
              12147.718174539632,
              66214.97197758207
            ],
            [
              12147.718174539632,
              66244.99599679744
            ],
            [
              12141.713370696558,
              66251.00080064051
            ],
            [
              12141.713370696558,
              66263.01040832666
            ],
            [
              12147.718174539632,
              66269.01521216975
            ],
            [
              12147.718174539632,
              66275.02001601282
            ],
            [
              12135.708566853484,
              66287.02962369897
            ],
            [
              12135.708566853484,
              66293.03442754204
            ],
            [
              12129.70376301041,
              66299.03923138512
            ],
            [
              12129.70376301041,
              66371.096877502
            ],
            [
              12123.698959167334,
              66377.10168134508
            ],
            [
              12123.698959167334,
              66383.10648518815
            ],
            [
              12117.69415532426,
              66389.11128903122
            ],
            [
              12117.69415532426,
              66395.1160928743
            ],
            [
              12111.689351481185,
              66401.12089671737
            ],
            [
              12111.689351481185,
              66437.14971977583
            ],
            [
              12117.69415532426,
              66443.1545236189
            ],
            [
              12117.69415532426,
              66557.24579663732
            ],
            [
              12111.689351481185,
              66563.25060048039
            ],
            [
              12111.689351481185,
              66581.26501200961
            ],
            [
              12105.684547638111,
              66587.26981585269
            ],
            [
              12105.684547638111,
              66599.27942353883
            ],
            [
              12099.679743795037,
              66605.28422738191
            ],
            [
              12099.679743795037,
              66635.30824659728
            ],
            [
              12093.674939951963,
              66641.31305044035
            ],
            [
              12093.674939951963,
              66677.34187349881
            ],
            [
              12087.670136108887,
              66683.34667734188
            ],
            [
              12087.670136108887,
              66791.43314651721
            ],
            [
              12081.665332265813,
              66797.4379503603
            ],
            [
              12081.665332265813,
              66809.44755804644
            ],
            [
              12087.670136108887,
              66815.45236188952
            ],
            [
              12087.670136108887,
              66857.48598879104
            ],
            [
              12081.665332265813,
              66863.49079263411
            ],
            [
              12081.665332265813,
              66881.50520416333
            ],
            [
              12087.670136108887,
              66887.51000800641
            ],
            [
              12087.670136108887,
              66953.56285028023
            ],
            [
              12093.674939951963,
              66959.5676541233
            ],
            [
              12093.674939951963,
              66965.57245796638
            ],
            [
              12099.679743795037,
              66971.57726180945
            ],
            [
              12099.679743795037,
              66983.5868694956
            ],
            [
              12105.684547638111,
              66989.59167333867
            ],
            [
              12105.684547638111,
              67001.60128102482
            ],
            [
              12111.689351481185,
              67001.60128102482
            ],
            [
              12123.698959167334,
              67013.61088871097
            ],
            [
              12123.698959167334,
              67025.62049639712
            ],
            [
              12129.70376301041,
              67031.6253002402
            ],
            [
              12129.70376301041,
              67043.63490792635
            ],
            [
              12135.708566853484,
              67049.63971176941
            ],
            [
              12135.708566853484,
              67061.64931945557
            ],
            [
              12141.713370696558,
              67067.65412329865
            ],
            [
              12141.713370696558,
              67073.65892714172
            ],
            [
              12147.718174539632,
              67079.66373098479
            ],
            [
              12147.718174539632,
              67103.68294635709
            ],
            [
              12153.722978382706,
              67109.68775020016
            ],
            [
              12153.722978382706,
              67115.69255404324
            ],
            [
              12165.732586068856,
              67127.7021617294
            ],
            [
              12165.732586068856,
              67133.70696557246
            ],
            [
              12171.73738991193,
              67139.71176941553
            ],
            [
              12207.766212970377,
              67139.71176941553
            ],
            [
              12213.77101681345,
              67145.71657325861
            ],
            [
              12219.775820656527,
              67145.71657325861
            ],
            [
              12225.7806244996,
              67151.72137710168
            ],
            [
              12231.785428342675,
              67151.72137710168
            ],
            [
              12261.809447558047,
              67181.74539631706
            ],
            [
              12261.809447558047,
              67187.75020016014
            ],
            [
              12267.814251401122,
              67193.75500400321
            ],
            [
              12267.814251401122,
              67199.75980784628
            ],
            [
              12273.819055244196,
              67205.76461168936
            ],
            [
              12273.819055244196,
              67211.76941553243
            ],
            [
              12279.82385908727,
              67217.77421937551
            ],
            [
              12291.83346677342,
              67217.77421937551
            ],
            [
              12291.83346677342,
              66028.82305844677
            ],
            [
              12285.828662930346,
              66028.82305844677
            ],
            [
              12273.819055244196,
              66016.81345076062
            ],
            [
              12267.814251401122,
              66016.81345076062
            ],
            [
              12261.809447558047,
              66010.80864691753
            ],
            [
              12213.77101681345,
              66010.80864691753
            ],
            [
              12207.766212970377,
              66004.80384307446
            ],
            [
              12201.761409127303,
              66004.80384307446
            ],
            [
              12177.742193755004,
              65980.78462770216
            ],
            [
              12153.722978382706,
              65980.78462770216
            ]
          ]
        ]
      }
    },
    {
      "type": "Feature",
      "properties": {
        "class_id": 5,
        "classification": "Edge & Air Bubble",
        "area": 13810.087301226089
      },
      "geometry": {
        "type": "Polygon",
        "coordinates": [
          [
            [
              45246.196957566055,
              65350.28022417935
            ],
            [
              45246.196957566055,
              65368.29463570857
            ],
            [
              45234.1873498799,
              65380.30424339472
            ],
            [
              45228.182546036835,
              65380.30424339472
            ],
            [
              45222.17774219376,
              65386.309047237795
            ],
            [
              45210.16813450761,
              65386.309047237795
            ],
            [
              45204.16333066453,
              65392.31385108087
            ],
            [
              45186.14891913531,
              65392.31385108087
            ],
            [
              45180.144115292234,
              65386.309047237795
            ],
            [
              45168.13450760609,
              65386.309047237795
            ],
            [
              45162.129703763014,
              65380.30424339472
            ],
            [
              45156.12489991994,
              65380.30424339472
            ],
            [
              45150.12009607686,
              65374.29943955164
            ],
            [
              45144.115292233786,
              65374.29943955164
            ],
            [
              45138.11048839072,
              65368.29463570857
            ],
            [
              45132.10568454764,
              65374.29943955164
            ],
            [
              45114.09127301842,
              65374.29943955164
            ],
            [
              45108.086469175345,
              65380.30424339472
            ],
            [
              45108.086469175345,
              65386.309047237795
            ],
            [
              45102.08166533227,
              65392.31385108087
            ],
            [
              45102.08166533227,
              65404.323458767016
            ],
            [
              45096.07686148919,
              65410.32826261009
            ],
            [
              45096.07686148919,
              65416.33306645317
            ],
            [
              45102.08166533227,
              65422.33787029624
            ],
            [
              45102.08166533227,
              65428.34267413931
            ],
            [
              45108.086469175345,
              65434.34747798239
            ],
            [
              45108.086469175345,
              65440.352281825464
            ],
            [
              45114.09127301842,
              65440.352281825464
            ],
            [
              45120.09607686149,
              65446.35708566854
            ],
            [
              45126.100880704565,
              65446.35708566854
            ],
            [
              45132.10568454764,
              65452.361889511616
            ],
            [
              45138.11048839072,
              65452.361889511616
            ],
            [
              45144.115292233786,
              65458.366693354685
            ],
            [
              45156.12489991994,
              65458.366693354685
            ],
            [
              45162.129703763014,
              65464.37149719776
            ],
            [
              45210.16813450761,
              65464.37149719776
            ],
            [
              45216.17293835068,
              65458.366693354685
            ],
            [
              45240.19215372298,
              65458.366693354685
            ],
            [
              45246.196957566055,
              65452.361889511616
            ],
            [
              45258.20656525221,
              65452.361889511616
            ],
            [
              45264.211369095276,
              65446.35708566854
            ],
            [
              45270.21617293835,
              65446.35708566854
            ],
            [
              45270.21617293835,
              65440.352281825464
            ],
            [
              45276.22097678143,
              65434.34747798239
            ],
            [
              45276.22097678143,
              65410.32826261009
            ],
            [
              45282.2257806245,
              65404.323458767016
            ],
            [
              45282.2257806245,
              65392.31385108087
            ],
            [
              45276.22097678143,
              65386.309047237795
            ],
            [
              45276.22097678143,
              65368.29463570857
            ],
            [
              45270.21617293835,
              65362.2898318655
            ],
            [
              45270.21617293835,
              65356.28502802242
            ],
            [
              45264.211369095276,
              65350.28022417935
            ],
            [
              45246.196957566055,
              65350.28022417935
            ]
          ]
        ]
      }
    },
    {
      "type": "Feature",
      "properties": {
        "class_id": 5,
        "classification": "Edge & Air Bubble",
        "area": 324.5190227442162
      },
      "geometry": {
        "type": "Polygon",
        "coordinates": [
          [
            [
              11985.588470776622,
              65200.160128102485
            ],
            [
              11985.588470776622,
              65206.16493194556
            ],
            [
              11991.593274619696,
              65212.16973578864
            ],
            [
              11991.593274619696,
              65218.174539631706
            ],
            [
              12003.602882305846,
              65230.18414731786
            ],
            [
              12003.602882305846,
              65206.16493194556
            ],
            [
              11997.598078462772,
              65200.160128102485
            ],
            [
              11985.588470776622,
              65200.160128102485
            ]
          ]
        ]
      }
    },
    {
      "type": "Feature",
      "properties": {
        "class_id": 5,
        "classification": "Edge & Air Bubble",
        "area": 69086.49417532425
      },
      "geometry": {
        "type": "Polygon",
        "coordinates": [
          [
            [
              11685.3482786229,
              64647.71817453964
            ],
            [
              11679.343474779824,
              64653.72297838271
            ],
            [
              11661.329063250601,
              64653.72297838271
            ],
            [
              11655.324259407527,
              64659.72778222578
            ],
            [
              11643.314651721377,
              64659.72778222578
            ],
            [
              11637.309847878303,
              64665.73258606886
            ],
            [
              11625.300240192155,
              64665.73258606886
            ],
            [
              11613.290632506005,
              64677.74219375501
            ],
            [
              11613.290632506005,
              64689.751801441154
            ],
            [
              11601.281024819857,
              64701.761409127306
            ],
            [
              11601.281024819857,
              64707.76621297038
            ],
            [
              11595.276220976782,
              64713.77101681345
            ],
            [
              11595.276220976782,
              64767.81425140113
            ],
            [
              11589.271417133708,
              64773.819055244196
            ],
            [
              11589.271417133708,
              64791.83346677342
            ],
            [
              11583.266613290632,
              64797.8382706165
            ],
            [
              11583.266613290632,
              64809.847878302644
            ],
            [
              11589.271417133708,
              64815.85268214572
            ],
            [
              11607.28582866293,
              64815.85268214572
            ],
            [
              11613.290632506005,
              64821.857485988796
            ],
            [
              11625.300240192155,
              64821.857485988796
            ],
            [
              11631.305044035229,
              64827.86228983187
            ],
            [
              11637.309847878303,
              64827.86228983187
            ],
            [
              11643.314651721377,
              64833.86709367494
            ],
            [
              11691.353082465974,
              64833.86709367494
            ],
            [
              11697.357886309048,
              64839.871897518016
            ],
            [
              11703.362690152122,
              64839.871897518016
            ],
            [
              11715.372297838272,
              64851.88150520417
            ],
            [
              11715.372297838272,
              64857.886309047244
            ],
            [
              11733.386709367494,
              64875.900720576465
            ],
            [
              11733.386709367494,
              64881.90552441954
            ],
            [
              11739.391513210569,
              64887.91032826262
            ],
            [
              11739.391513210569,
              64893.915132105685
            ],
            [
              11745.396317053644,
              64899.91993594876
            ],
            [
              11751.401120896719,
              64899.91993594876
            ],
            [
              11757.405924739793,
              64905.92473979184
            ],
            [
              11775.420336269015,
              64905.92473979184
            ],
            [
              11781.425140112091,
              64911.92954363491
            ],
            [
              11787.429943955165,
              64911.92954363491
            ],
            [
              11823.458767013612,
              64947.95836669336
            ],
            [
              11829.463570856686,
              64947.95836669336
            ],
            [
              11835.46837469976,
              64953.96317053643
            ],
            [
              11841.473178542836,
              64953.96317053643
            ],
            [
              11847.47798238591,
              64959.967974379506
            ],
            [
              11853.482786228984,
              64959.967974379506
            ],
            [
              11859.487590072058,
              64965.97277822258
            ],
            [
              11877.502001601282,
              64965.97277822258
            ],
            [
              11883.506805444356,
              64971.97758206566
            ],
            [
              11895.516413130505,
              64971.97758206566
            ],
            [
              11907.526020816655,
              64983.9871897518
            ],
            [
              11913.530824659729,
              64983.9871897518
            ],
            [
              11919.535628502803,
              64989.99199359488
            ],
            [
              11925.540432345877,
              64989.99199359488
            ],
            [
              11949.559647718175,
              65014.011208967175
            ],
            [
              11949.559647718175,
              65020.01601281025
            ],
            [
              11955.56445156125,
              65026.02081665333
            ],
            [
              11955.56445156125,
              65050.04003202562
            ],
            [
              11961.569255404323,
              65050.04003202562
            ],
            [
              11979.583666933548,
              65032.0256204964
            ],
            [
              11985.588470776622,
              65032.0256204964
            ],
            [
              11985.588470776622,
              65026.02081665333
            ],
            [
              11991.593274619696,
              65020.01601281025
            ],
            [
              11991.593274619696,
              65014.011208967175
            ],
            [
              11997.598078462772,
              65008.006405124106
            ],
            [
              11997.598078462772,
              65002.00160128103
            ],
            [
              11991.593274619696,
              64995.996797437954
            ],
            [
              11991.593274619696,
              64983.9871897518
            ],
            [
              11985.588470776622,
              64977.982385908734
            ],
            [
              11985.588470776622,
              64971.97758206566
            ],
            [
              11973.578863090474,
              64959.967974379506
            ],
            [
              11973.578863090474,
              64953.96317053643
            ],
            [
              11961.569255404323,
              64941.953562850285
            ],
            [
              11961.569255404323,
              64935.94875900721
            ],
            [
              11943.554843875101,
              64917.93434747799
            ],
            [
              11937.550040032027,
              64917.93434747799
            ],
            [
              11913.530824659729,
              64893.915132105685
            ],
            [
              11913.530824659729,
              64887.91032826262
            ],
            [
              11901.521216973579,
              64875.900720576465
            ],
            [
              11901.521216973579,
              64869.89591673339
            ],
            [
              11895.516413130505,
              64863.89111289031
            ],
            [
              11895.516413130505,
              64857.886309047244
            ],
            [
              11889.51160928743,
              64851.88150520417
            ],
            [
              11889.51160928743,
              64785.82866293035
            ],
            [
              11883.506805444356,
              64779.82385908727
            ],
            [
              11883.506805444356,
              64749.7998398719
            ],
            [
              11877.502001601282,
              64743.79503602882
            ],
            [
              11877.502001601282,
              64725.7806244996
            ],
            [
              11865.492393915132,
              64713.77101681345
            ],
            [
              11853.482786228984,
              64713.77101681345
            ],
            [
              11847.47798238591,
              64707.76621297038
            ],
            [
              11841.473178542836,
              64713.77101681345
            ],
            [
              11799.439551641313,
              64713.77101681345
            ],
            [
              11793.43474779824,
              64707.76621297038
            ],
            [
              11787.429943955165,
              64707.76621297038
            ],
            [
              11757.405924739793,
              64677.74219375501
            ],
            [
              11757.405924739793,
              64671.737389911934
            ],
            [
              11745.396317053644,
              64659.72778222578
            ],
            [
              11727.38190552442,
              64659.72778222578
            ],
            [
              11721.377101681346,
              64653.72297838271
            ],
            [
              11709.367493995196,
              64653.72297838271
            ],
            [
              11703.362690152122,
              64647.71817453964
            ],
            [
              11685.3482786229,
              64647.71817453964
            ]
          ]
        ]
      }
    },
    {
      "type": "Feature",
      "properties": {
        "class_id": 5,
        "classification": "Edge & Air Bubble",
        "area": 13503.597113078775
      },
      "geometry": {
        "type": "Polygon",
        "coordinates": [
          [
            [
              11343.074459567655,
              64563.650920736596
            ],
            [
              11343.074459567655,
              64569.655724579665
            ],
            [
              11337.069655724581,
              64575.66052842274
            ],
            [
              11343.074459567655,
              64581.66533226582
            ],
            [
              11343.074459567655,
              64587.67013610889
            ],
            [
              11349.07926341073,
              64593.67493995197
            ],
            [
              11349.07926341073,
              64599.67974379504
            ],
            [
              11355.084067253803,
              64605.68454763811
            ],
            [
              11355.084067253803,
              64611.68935148119
            ],
            [
              11391.11289031225,
              64647.71817453964
            ],
            [
              11403.1224979984,
              64647.71817453964
            ],
            [
              11409.127301841474,
              64641.71337069656
            ],
            [
              11415.132105684548,
              64647.71817453964
            ],
            [
              11433.146517213772,
              64647.71817453964
            ],
            [
              11439.151321056846,
              64641.71337069656
            ],
            [
              11457.165732586069,
              64641.71337069656
            ],
            [
              11463.170536429145,
              64647.71817453964
            ],
            [
              11481.184947958367,
              64647.71817453964
            ],
            [
              11487.189751801441,
              64641.71337069656
            ],
            [
              11493.194555644517,
              64641.71337069656
            ],
            [
              11517.213771016814,
              64617.694155324265
            ],
            [
              11517.213771016814,
              64605.68454763811
            ],
            [
              11523.218574859888,
              64599.67974379504
            ],
            [
              11523.218574859888,
              64593.67493995197
            ],
            [
              11529.223378702964,
              64587.67013610889
            ],
            [
              11535.228182546038,
              64587.67013610889
            ],
            [
              11547.237790232186,
              64575.66052842274
            ],
            [
              11547.237790232186,
              64563.650920736596
            ],
            [
              11343.074459567655,
              64563.650920736596
            ]
          ]
        ]
      }
    },
    {
      "type": "Feature",
      "properties": {
        "class_id": 5,
        "classification": "Edge & Air Bubble",
        "area": 1027.6435720233512
      },
      "geometry": {
        "type": "Polygon",
        "coordinates": [
          [
            [
              11216.973578863091,
              64563.650920736596
            ],
            [
              11210.968775020017,
              64569.655724579665
            ],
            [
              11210.968775020017,
              64575.66052842274
            ],
            [
              11204.963971176941,
              64581.66533226582
            ],
            [
              11210.968775020017,
              64581.66533226582
            ],
            [
              11222.978382706166,
              64593.67493995197
            ],
            [
              11222.978382706166,
              64599.67974379504
            ],
            [
              11228.98318654924,
              64599.67974379504
            ],
            [
              11234.987990392314,
              64605.68454763811
            ],
            [
              11246.997598078464,
              64605.68454763811
            ],
            [
              11253.002401921538,
              64599.67974379504
            ],
            [
              11253.002401921538,
              64587.67013610889
            ],
            [
              11246.997598078464,
              64581.66533226582
            ],
            [
              11240.99279423539,
              64581.66533226582
            ],
            [
              11234.987990392314,
              64575.66052842274
            ],
            [
              11228.98318654924,
              64575.66052842274
            ],
            [
              11222.978382706166,
              64569.655724579665
            ],
            [
              11222.978382706166,
              64563.650920736596
            ],
            [
              11216.973578863091,
              64563.650920736596
            ]
          ]
        ]
      }
    },
    {
      "type": "Feature",
      "properties": {
        "class_id": 5,
        "classification": "Edge & Air Bubble",
        "area": 919.470564441946
      },
      "geometry": {
        "type": "Polygon",
        "coordinates": [
          [
            [
              75294.23538831066,
              63789.03122497999
            ],
            [
              75288.23058446757,
              63795.03602882306
            ],
            [
              75288.23058446757,
              63801.040832666135
            ],
            [
              75282.2257806245,
              63807.04563650921
            ],
            [
              75282.2257806245,
              63813.05044035229
            ],
            [
              75276.22097678143,
              63819.05524419536
            ],
            [
              75276.22097678143,
              63855.0840672538
            ],
            [
              75288.23058446757,
              63843.07445956766
            ],
            [
              75288.23058446757,
              63837.06965572458
            ],
            [
              75294.23538831066,
              63831.06485188151
            ],
            [
              75294.23538831066,
              63825.06004803843
            ],
            [
              75300.24019215372,
              63819.05524419536
            ],
            [
              75300.24019215372,
              63789.03122497999
            ],
            [
              75294.23538831066,
              63789.03122497999
            ]
          ]
        ]
      }
    },
    {
      "type": "Feature",
      "properties": {
        "class_id": 5,
        "classification": "Edge & Air Bubble",
        "area": 937.4993990388468
      },
      "geometry": {
        "type": "Polygon",
        "coordinates": [
          [
            [
              75360.28823058447,
              63644.915932746204
            ],
            [
              75342.27381905525,
              63662.930344275424
            ],
            [
              75342.27381905525,
              63668.9351481185
            ],
            [
              75336.26901521218,
              63674.939951961576
            ],
            [
              75336.26901521218,
              63680.944755804645
            ],
            [
              75312.24979983988,
              63704.96397117695
            ],
            [
              75312.24979983988,
              63716.97357886309
            ],
            [
              75318.25460368294,
              63722.97838270617
            ],
            [
              75318.25460368294,
              63728.983186549245
            ],
            [
              75318.25460368294,
              63722.97838270617
            ],
            [
              75330.2642113691,
              63710.96877502002
            ],
            [
              75330.2642113691,
              63704.96397117695
            ],
            [
              75336.26901521218,
              63698.95916733387
            ],
            [
              75336.26901521218,
              63692.9543634908
            ],
            [
              75348.27862289832,
              63680.944755804645
            ],
            [
              75348.27862289832,
              63674.939951961576
            ],
            [
              75354.2834267414,
              63668.9351481185
            ],
            [
              75354.2834267414,
              63662.930344275424
            ],
            [
              75360.28823058447,
              63656.92554043235
            ],
            [
              75360.28823058447,
              63644.915932746204
            ]
          ]
        ]
      }
    },
    {
      "type": "Feature",
      "properties": {
        "class_id": 5,
        "classification": "Edge & Air Bubble",
        "area": 19723.545049009586
      },
      "geometry": {
        "type": "Polygon",
        "coordinates": [
          [
            [
              3032.4259407526024,
              46753.40272217774
            ],
            [
              3026.421136909528,
              46759.40752602082
            ],
            [
              3020.4163330664533,
              46759.40752602082
            ],
            [
              3008.4067253803046,
              46771.41713370697
            ],
            [
              3002.40192153723,
              46771.41713370697
            ],
            [
              2990.392313851081,
              46783.426741393116
            ],
            [
              2978.382706164932,
              46783.426741393116
            ],
            [
              2972.3779023218576,
              46789.43154523619
            ],
            [
              2954.3634907926344,
              46789.43154523619
            ],
            [
              2942.3538831064852,
              46801.44115292234
            ],
            [
              2942.3538831064852,
              46819.455564451564
            ],
            [
              2960.368294635709,
              46837.469975980785
            ],
            [
              2960.368294635709,
              46843.47477982386
            ],
            [
              2966.373098478783,
              46849.47958366694
            ],
            [
              2966.373098478783,
              46933.54683746998
            ],
            [
              2972.3779023218576,
              46939.55164131305
            ],
            [
              2972.3779023218576,
              46951.561248999205
            ],
            [
              2996.3971176941554,
              46951.561248999205
            ],
            [
              3002.40192153723,
              46945.55644515613
            ],
            [
              3020.4163330664533,
              46945.55644515613
            ],
            [
              3026.421136909528,
              46951.561248999205
            ],
            [
              3032.4259407526024,
              46951.561248999205
            ],
            [
              3044.435548438751,
              46963.57085668535
            ],
            [
              3050.4403522818257,
              46963.57085668535
            ],
            [
              3056.4451561249,
              46969.575660528426
            ],
            [
              3062.4499599679743,
              46969.575660528426
            ],
            [
              3068.454763811049,
              46963.57085668535
            ],
            [
              3068.454763811049,
              46819.455564451564
            ],
            [
              3062.4499599679743,
              46813.45076060849
            ],
            [
              3062.4499599679743,
              46801.44115292234
            ],
            [
              3068.454763811049,
              46795.43634907927
            ],
            [
              3068.454763811049,
              46771.41713370697
            ],
            [
              3056.4451561249,
              46759.40752602082
            ],
            [
              3050.4403522818257,
              46759.40752602082
            ],
            [
              3044.435548438751,
              46753.40272217774
            ],
            [
              3032.4259407526024,
              46753.40272217774
            ]
          ]
        ]
      }
    },
    {
      "type": "Feature",
      "properties": {
        "class_id": 5,
        "classification": "Edge & Air Bubble",
        "area": 2325.7196630002163
      },
      "geometry": {
        "type": "Polygon",
        "coordinates": [
          [
            [
              61477.18174539632,
              37500.0
            ],
            [
              61471.17694155325,
              37506.004803843076
            ],
            [
              61459.167333867095,
              37506.004803843076
            ],
            [
              61459.167333867095,
              37518.01441152923
            ],
            [
              61453.16253002402,
              37524.0192153723
            ],
            [
              61453.16253002402,
              37530.02401921537
            ],
            [
              61447.15772618095,
              37536.02882305845
            ],
            [
              61447.15772618095,
              37548.0384307446
            ],
            [
              61441.152922337875,
              37554.04323458767
            ],
            [
              61465.17213771017,
              37578.06244995997
            ],
            [
              61471.17694155325,
              37578.06244995997
            ],
            [
              61477.18174539632,
              37584.06725380304
            ],
            [
              61483.18654923939,
              37584.06725380304
            ],
            [
              61483.18654923939,
              37500.0
            ],
            [
              61477.18174539632,
              37500.0
            ]
          ]
        ]
      }
    },
    {
      "type": "Feature",
      "properties": {
        "class_id": 5,
        "classification": "Edge & Air Bubble",
        "area": 63046.83458536245
      },
      "geometry": {
        "type": "Polygon",
        "coordinates": [
          [
            [
              83010.40832666133,
              36893.51481184948
            ],
            [
              83010.40832666133,
              37091.67333867094
            ],
            [
              83016.41313050441,
              37091.67333867094
            ],
            [
              83028.42273819055,
              37103.68294635709
            ],
            [
              83046.43714971979,
              37103.68294635709
            ],
            [
              83052.44195356285,
              37109.68775020016
            ],
            [
              83058.44675740592,
              37109.68775020016
            ],
            [
              83106.48518815053,
              37157.72618094476
            ],
            [
              83106.48518815053,
              37163.730984787835
            ],
            [
              83112.4899919936,
              37169.735788630904
            ],
            [
              83112.4899919936,
              37193.75500400321
            ],
            [
              83106.48518815053,
              37199.759807846276
            ],
            [
              83106.48518815053,
              37205.76461168935
            ],
            [
              83094.47558046438,
              37217.774219375504
            ],
            [
              83088.4707766213,
              37217.774219375504
            ],
            [
              83082.46597277823,
              37223.77902321858
            ],
            [
              83070.45636509208,
              37223.77902321858
            ],
            [
              83064.451561249,
              37229.78382706165
            ],
            [
              83052.44195356285,
              37229.78382706165
            ],
            [
              83046.43714971979,
              37235.788630904724
            ],
            [
              83034.42754203363,
              37235.788630904724
            ],
            [
              83022.41793434748,
              37247.798238590876
            ],
            [
              83016.41313050441,
              37247.798238590876
            ],
            [
              83010.40832666133,
              37253.80304243395
            ],
            [
              83010.40832666133,
              37500.0
            ],
            [
              83016.41313050441,
              37500.0
            ],
            [
              83034.42754203363,
              37481.98558847078
            ],
            [
              83034.42754203363,
              37475.9807846277
            ],
            [
              83040.4323458767,
              37469.97598078463
            ],
            [
              83040.4323458767,
              37463.97117694156
            ],
            [
              83046.43714971979,
              37457.96637309848
            ],
            [
              83046.43714971979,
              37445.95676541233
            ],
            [
              83064.451561249,
              37427.94235388311
            ],
            [
              83076.46116893516,
              37427.94235388311
            ],
            [
              83076.46116893516,
              37415.93274619696
            ],
            [
              83082.46597277823,
              37409.92794235388
            ],
            [
              83082.46597277823,
              37397.91833466774
            ],
            [
              83076.46116893516,
              37391.91353082466
            ],
            [
              83076.46116893516,
              37367.894315452366
            ],
            [
              83082.46597277823,
              37361.88951160929
            ],
            [
              83082.46597277823,
              37355.884707766214
            ],
            [
              83100.48038430745,
              37337.87029623699
            ],
            [
              83118.49479583667,
              37337.87029623699
            ],
            [
              83118.49479583667,
              37331.86549239392
            ],
            [
              83124.49959967975,
              37325.86068855084
            ],
            [
              83124.49959967975,
              37319.855884707766
            ],
            [
              83130.50440352282,
              37313.8510808647
            ],
            [
              83130.50440352282,
              37307.84627702162
            ],
            [
              83136.5092073659,
              37301.841473178545
            ],
            [
              83136.5092073659,
              37295.83666933547
            ],
            [
              83142.51401120897,
              37289.83186549239
            ],
            [
              83142.51401120897,
              37283.827061649325
            ],
            [
              83148.51881505204,
              37277.82225780625
            ],
            [
              83148.51881505204,
              37259.80784627702
            ],
            [
              83154.52361889512,
              37253.80304243395
            ],
            [
              83154.52361889512,
              37229.78382706165
            ],
            [
              83160.52842273819,
              37223.77902321858
            ],
            [
              83160.52842273819,
              37193.75500400321
            ],
            [
              83154.52361889512,
              37187.75020016013
            ],
            [
              83154.52361889512,
              37163.730984787835
            ],
            [
              83148.51881505204,
              37157.72618094476
            ],
            [
              83148.51881505204,
              37145.71657325861
            ],
            [
              83154.52361889512,
              37139.71176941553
            ],
            [
              83154.52361889512,
              37073.65892714172
            ],
            [
              83160.52842273819,
              37067.65412329864
            ],
            [
              83160.52842273819,
              37049.639711769414
            ],
            [
              83166.53322658128,
              37043.634907926345
            ],
            [
              83166.53322658128,
              37025.62049639712
            ],
            [
              83172.53803042434,
              37019.61569255404
            ],
            [
              83172.53803042434,
              36899.51961569256
            ],
            [
              83178.54283426741,
              36893.51481184948
            ],
            [
              83010.40832666133,
              36893.51481184948
            ]
          ]
        ]
      }
    },
    {
      "type": "Feature",
      "properties": {
        "class_id": 5,
        "classification": "Edge & Air Bubble",
        "area": 43936.26991264749
      },
      "geometry": {
        "type": "Polygon",
        "coordinates": [
          [
            [
              5278.22257806245,
              20344.27542033627
            ],
            [
              5272.217774219376,
              20350.280224179343
            ],
            [
              5272.217774219376,
              20356.28502802242
            ],
            [
              5278.22257806245,
              20362.289831865495
            ],
            [
              5278.22257806245,
              20380.304243394716
            ],
            [
              5266.212970376301,
              20392.313851080868
            ],
            [
              5266.212970376301,
              20398.31865492394
            ],
            [
              5260.208166533227,
              20404.323458767016
            ],
            [
              5260.208166533227,
              20416.333066453164
            ],
            [
              5266.212970376301,
              20422.337870296236
            ],
            [
              5266.212970376301,
              20440.35228182546
            ],
            [
              5260.208166533227,
              20446.357085668536
            ],
            [
              5260.208166533227,
              20452.36188951161
            ],
            [
              5242.193755004004,
              20470.376301040833
            ],
            [
              5242.193755004004,
              20476.38110488391
            ],
            [
              5236.188951160929,
              20482.38590872698
            ],
            [
              5236.188951160929,
              20494.395516413133
            ],
            [
              5230.184147317855,
              20500.400320256205
            ],
            [
              5230.184147317855,
              20506.40512409928
            ],
            [
              5218.174539631706,
              20518.41473178543
            ],
            [
              5218.174539631706,
              20524.419535628505
            ],
            [
              5212.169735788631,
              20530.424339471578
            ],
            [
              5212.169735788631,
              20536.429143314654
            ],
            [
              5224.17934347478,
              20548.438751000802
            ],
            [
              5224.17934347478,
              20554.443554843878
            ],
            [
              5230.184147317855,
              20560.44835868695
            ],
            [
              5230.184147317855,
              20572.4579663731
            ],
            [
              5224.17934347478,
              20578.462770216174
            ],
            [
              5224.17934347478,
              20584.46757405925
            ],
            [
              5218.174539631706,
              20590.472377902322
            ],
            [
              5212.169735788631,
              20590.472377902322
            ],
            [
              5200.160128102482,
              20602.48198558847
            ],
            [
              5194.155324259408,
              20602.48198558847
            ],
            [
              5188.150520416333,
              20608.486789431547
            ],
            [
              5188.150520416333,
              20614.491593274623
            ],
            [
              5170.13610888711,
              20632.506004803843
            ],
            [
              5170.13610888711,
              20680.54443554844
            ],
            [
              5176.140912730184,
              20686.549239391516
            ],
            [
              5176.140912730184,
              20704.563650920736
            ],
            [
              5182.145716573259,
              20710.568454763812
            ],
            [
              5182.145716573259,
              20716.573258606888
            ],
            [
              5176.140912730184,
              20722.57806244996
            ],
            [
              5176.140912730184,
              20734.58767013611
            ],
            [
              5170.13610888711,
              20740.592473979184
            ],
            [
              5170.13610888711,
              20746.59727782226
            ],
            [
              5164.131305044036,
              20752.602081665333
            ],
            [
              5164.131305044036,
              20770.616493194557
            ],
            [
              5158.126501200961,
              20776.621297037633
            ],
            [
              5158.126501200961,
              20788.63090472378
            ],
            [
              5152.121697357887,
              20794.635708566853
            ],
            [
              5152.121697357887,
              20800.64051240993
            ],
            [
              5128.102481985588,
              20824.659727782226
            ],
            [
              5128.102481985588,
              20830.6645316253
            ],
            [
              5122.097678142514,
              20836.669335468378
            ],
            [
              5122.097678142514,
              20842.67413931145
            ],
            [
              5116.09287429944,
              20848.678943154526
            ],
            [
              5116.09287429944,
              20884.70776621297
            ],
            [
              5122.097678142514,
              20890.712570056046
            ],
            [
              5122.097678142514,
              20908.72698158527
            ],
            [
              5140.1120896717375,
              20926.74139311449
            ],
            [
              5146.116893514813,
              20926.74139311449
            ],
            [
              5152.121697357887,
              20920.73658927142
            ],
            [
              5152.121697357887,
              20914.731785428343
            ],
            [
              5158.126501200961,
              20908.72698158527
            ],
            [
              5158.126501200961,
              20902.722177742195
            ],
            [
              5164.131305044036,
              20896.71737389912
            ],
            [
              5164.131305044036,
              20890.712570056046
            ],
            [
              5170.13610888711,
              20884.70776621297
            ],
            [
              5170.13610888711,
              20878.702962369898
            ],
            [
              5176.140912730184,
              20872.698158526822
            ],
            [
              5176.140912730184,
              20866.69335468375
            ],
            [
              5182.145716573259,
              20860.688550840674
            ],
            [
              5182.145716573259,
              20854.683746997598
            ],
            [
              5200.160128102482,
              20836.669335468378
            ],
            [
              5206.164931945556,
              20836.669335468378
            ],
            [
              5218.174539631706,
              20824.659727782226
            ],
            [
              5224.17934347478,
              20824.659727782226
            ],
            [
              5230.184147317855,
              20818.654923939153
            ],
            [
              5248.198558847078,
              20818.654923939153
            ],
            [
              5254.203362690152,
              20812.650120096077
            ],
            [
              5260.208166533227,
              20812.650120096077
            ],
            [
              5272.217774219376,
              20800.64051240993
            ],
            [
              5272.217774219376,
              20794.635708566853
            ],
            [
              5278.22257806245,
              20788.63090472378
            ],
            [
              5278.22257806245,
              20782.626100880705
            ],
            [
              5284.227381905524,
              20776.621297037633
            ],
            [
              5284.227381905524,
              20758.60688550841
            ],
            [
              5290.2321857485995,
              20752.602081665333
            ],
            [
              5290.2321857485995,
              20692.554043234588
            ],
            [
              5284.227381905524,
              20686.549239391516
            ],
            [
              5284.227381905524,
              20680.54443554844
            ],
            [
              5278.22257806245,
              20674.539631705364
            ],
            [
              5278.22257806245,
              20668.53482786229
            ],
            [
              5266.212970376301,
              20656.525220176143
            ],
            [
              5266.212970376301,
              20638.51080864692
            ],
            [
              5260.208166533227,
              20632.506004803843
            ],
            [
              5260.208166533227,
              20626.50120096077
            ],
            [
              5266.212970376301,
              20620.496397117695
            ],
            [
              5266.212970376301,
              20602.48198558847
            ],
            [
              5272.217774219376,
              20596.4771817454
            ],
            [
              5272.217774219376,
              20584.46757405925
            ],
            [
              5284.227381905524,
              20572.4579663731
            ],
            [
              5284.227381905524,
              20566.453162530026
            ],
            [
              5302.241793434748,
              20548.438751000802
            ],
            [
              5308.246597277823,
              20548.438751000802
            ],
            [
              5320.256204963972,
              20536.429143314654
            ],
            [
              5326.261008807046,
              20536.429143314654
            ],
            [
              5326.261008807046,
              20530.424339471578
            ],
            [
              5332.26581265012,
              20524.419535628505
            ],
            [
              5332.26581265012,
              20500.400320256205
            ],
            [
              5326.261008807046,
              20494.395516413133
            ],
            [
              5326.261008807046,
              20482.38590872698
            ],
            [
              5320.256204963972,
              20476.38110488391
            ],
            [
              5320.256204963972,
              20470.376301040833
            ],
            [
              5296.236989591674,
              20446.357085668536
            ],
            [
              5296.236989591674,
              20440.35228182546
            ],
            [
              5284.227381905524,
              20428.342674139312
            ],
            [
              5284.227381905524,
              20392.313851080868
            ],
            [
              5296.236989591674,
              20380.304243394716
            ],
            [
              5296.236989591674,
              20350.280224179343
            ],
            [
              5290.2321857485995,
              20350.280224179343
            ],
            [
              5284.227381905524,
              20344.27542033627
            ],
            [
              5278.22257806245,
              20344.27542033627
            ]
          ]
        ]
      }
    },
    {
      "type": "Feature",
      "properties": {
        "class_id": 5,
        "classification": "Edge & Air Bubble",
        "area": 54.0865037907027
      },
      "geometry": {
        "type": "Polygon",
        "coordinates": [
          [
            [
              5326.261008807046,
              20302.24179343475
            ],
            [
              5326.261008807046,
              20314.2514011209
            ],
            [
              5332.26581265012,
              20308.246597277823
            ],
            [
              5332.26581265012,
              20302.24179343475
            ],
            [
              5326.261008807046,
              20302.24179343475
            ]
          ]
        ]
      }
    },
    {
      "type": "Feature",
      "properties": {
        "class_id": 5,
        "classification": "Edge & Air Bubble",
        "area": 1189.9030833954594
      },
      "geometry": {
        "type": "Polygon",
        "coordinates": [
          [
            [
              52536.02882305845,
              12207.766212970377
            ],
            [
              52536.02882305845,
              12219.775820656527
            ],
            [
              52548.0384307446,
              12231.785428342675
            ],
            [
              52548.0384307446,
              12237.79023218575
            ],
            [
              52554.043234587676,
              12243.795036028823
            ],
            [
              52554.043234587676,
              12255.804643714973
            ],
            [
              52560.048038430745,
              12261.809447558047
            ],
            [
              52560.048038430745,
              12267.814251401122
            ],
            [
              52566.05284227382,
              12273.819055244196
            ],
            [
              52578.06244995997,
              12261.809447558047
            ],
            [
              52578.06244995997,
              12249.799839871897
            ],
            [
              52572.0576461169,
              12243.795036028823
            ],
            [
              52572.0576461169,
              12231.785428342675
            ],
            [
              52560.048038430745,
              12219.775820656527
            ],
            [
              52554.043234587676,
              12219.775820656527
            ],
            [
              52548.0384307446,
              12213.77101681345
            ],
            [
              52542.033626901524,
              12213.77101681345
            ],
            [
              52536.02882305845,
              12207.766212970377
            ]
          ]
        ]
      }
    },
    {
      "type": "Feature",
      "properties": {
        "class_id": 5,
        "classification": "Edge & Air Bubble",
        "area": 16262.008806404612
      },
      "geometry": {
        "type": "Polygon",
        "coordinates": [
          [
            [
              52277.82225780625,
              12171.73738991193
            ],
            [
              52265.8126501201,
              12183.746997598078
            ],
            [
              52265.8126501201,
              12207.766212970377
            ],
            [
              52277.82225780625,
              12207.766212970377
            ],
            [
              52283.827061649325,
              12213.77101681345
            ],
            [
              52283.827061649325,
              12219.775820656527
            ],
            [
              52283.827061649325,
              12213.77101681345
            ],
            [
              52289.8318654924,
              12207.766212970377
            ],
            [
              52295.83666933547,
              12207.766212970377
            ],
            [
              52307.84627702162,
              12219.775820656527
            ],
            [
              52307.84627702162,
              12225.7806244996
            ],
            [
              52319.855884707766,
              12237.79023218575
            ],
            [
              52319.855884707766,
              12249.799839871897
            ],
            [
              52313.8510808647,
              12255.804643714973
            ],
            [
              52313.8510808647,
              12261.809447558047
            ],
            [
              52307.84627702162,
              12267.814251401122
            ],
            [
              52307.84627702162,
              12273.819055244196
            ],
            [
              52301.841473178545,
              12279.82385908727
            ],
            [
              52295.83666933547,
              12279.82385908727
            ],
            [
              52289.8318654924,
              12273.819055244196
            ],
            [
              52283.827061649325,
              12273.819055244196
            ],
            [
              52277.82225780625,
              12267.814251401122
            ],
            [
              52265.8126501201,
              12267.814251401122
            ],
            [
              52265.8126501201,
              12291.83346677342
            ],
            [
              52469.97598078463,
              12291.83346677342
            ],
            [
              52439.951961569255,
              12261.809447558047
            ],
            [
              52439.951961569255,
              12249.799839871897
            ],
            [
              52445.95676541233,
              12243.795036028823
            ],
            [
              52445.95676541233,
              12237.79023218575
            ],
            [
              52457.96637309848,
              12225.7806244996
            ],
            [
              52457.96637309848,
              12213.77101681345
            ],
            [
              52451.96156925541,
              12207.766212970377
            ],
            [
              52451.96156925541,
              12201.761409127303
            ],
            [
              52433.94715772619,
              12183.746997598078
            ],
            [
              52433.94715772619,
              12177.742193755004
            ],
            [
              52427.94235388311,
              12177.742193755004
            ],
            [
              52421.937550040035,
              12171.73738991193
            ],
            [
              52391.91353082466,
              12171.73738991193
            ],
            [
              52385.90872698159,
              12177.742193755004
            ],
            [
              52379.90392313851,
              12177.742193755004
            ],
            [
              52373.89911929544,
              12183.746997598078
            ],
            [
              52367.894315452366,
              12183.746997598078
            ],
            [
              52361.88951160929,
              12189.751801441154
            ],
            [
              52361.88951160929,
              12213.77101681345
            ],
            [
              52355.884707766214,
              12219.775820656527
            ],
            [
              52355.884707766214,
              12225.7806244996
            ],
            [
              52349.87990392314,
              12231.785428342675
            ],
            [
              52337.87029623699,
              12231.785428342675
            ],
            [
              52325.86068855084,
              12219.775820656527
            ],
            [
              52325.86068855084,
              12213.77101681345
            ],
            [
              52331.86549239392,
              12207.766212970377
            ],
            [
              52331.86549239392,
              12201.761409127303
            ],
            [
              52337.87029623699,
              12195.756605284228
            ],
            [
              52331.86549239392,
              12189.751801441154
            ],
            [
              52331.86549239392,
              12183.746997598078
            ],
            [
              52289.8318654924,
              12183.746997598078
            ],
            [
              52277.82225780625,
              12171.73738991193
            ]
          ]
        ]
      }
    },
    {
      "type": "Feature",
      "properties": {
        "class_id": 5,
        "classification": "Edge & Air Bubble",
        "area": 324.5190227442162
      },
      "geometry": {
        "type": "Polygon",
        "coordinates": [
          [
            [
              40868.69495596478,
              9151.321056845476
            ],
            [
              40862.6901521217,
              9157.325860688552
            ],
            [
              40886.709367494,
              9181.345076060848
            ],
            [
              40898.71897518015,
              9181.345076060848
            ],
            [
              40868.69495596478,
              9151.321056845476
            ]
          ]
        ]
      }
    },
    {
      "type": "Feature",
      "properties": {
        "class_id": 5,
        "classification": "Edge & Air Bubble",
        "area": 71682.64635727798
      },
      "geometry": {
        "type": "Polygon",
        "coordinates": [
          [
            [
              40502.40192153723,
              8989.191353082466
            ],
            [
              40490.39231385108,
              9001.200960768616
            ],
            [
              40484.38751000801,
              9001.200960768616
            ],
            [
              40484.38751000801,
              9007.20576461169
            ],
            [
              40448.35868694956,
              9043.234587670137
            ],
            [
              40442.35388310649,
              9043.234587670137
            ],
            [
              40430.344275420335,
              9055.244195356285
            ],
            [
              40424.33947157727,
              9055.244195356285
            ],
            [
              40412.329863891115,
              9067.253803042435
            ],
            [
              40412.329863891115,
              9073.258606885509
            ],
            [
              40418.33466773419,
              9079.263410728583
            ],
            [
              40418.33466773419,
              9121.297037630105
            ],
            [
              40424.33947157727,
              9127.30184147318
            ],
            [
              40424.33947157727,
              9175.340272217774
            ],
            [
              40430.344275420335,
              9181.345076060848
            ],
            [
              40430.344275420335,
              9187.349879903924
            ],
            [
              40448.35868694956,
              9205.364291433147
            ],
            [
              40442.35388310649,
              9211.36909527622
            ],
            [
              40442.35388310649,
              9217.373899119297
            ],
            [
              40826.66132906325,
              9217.373899119297
            ],
            [
              40826.66132906325,
              9211.36909527622
            ],
            [
              40820.656525220176,
              9205.364291433147
            ],
            [
              40844.67574059247,
              9181.345076060848
            ],
            [
              40838.670936749404,
              9175.340272217774
            ],
            [
              40838.670936749404,
              9163.330664531626
            ],
            [
              40826.66132906325,
              9151.321056845476
            ],
            [
              40826.66132906325,
              9145.316253002402
            ],
            [
              40802.642113690956,
              9121.297037630105
            ],
            [
              40796.63730984788,
              9121.297037630105
            ],
            [
              40778.62289831866,
              9103.282626100881
            ],
            [
              40772.61809447558,
              9103.282626100881
            ],
            [
              40760.60848678943,
              9091.273018414733
            ],
            [
              40760.60848678943,
              9085.268214571657
            ],
            [
              40748.59887910329,
              9073.258606885509
            ],
            [
              40742.59407526021,
              9073.258606885509
            ],
            [
              40736.589271417135,
              9067.253803042435
            ],
            [
              40730.58446757406,
              9067.253803042435
            ],
            [
              40724.57966373099,
              9061.24899919936
            ],
            [
              40718.574859887914,
              9061.24899919936
            ],
            [
              40712.57005604484,
              9055.244195356285
            ],
            [
              40706.56525220176,
              9055.244195356285
            ],
            [
              40694.55564451562,
              9043.234587670137
            ],
            [
              40688.55084067254,
              9043.234587670137
            ],
            [
              40676.54123298639,
              9031.224979983988
            ],
            [
              40670.536429143314,
              9031.224979983988
            ],
            [
              40664.531625300246,
              9025.220176140912
            ],
            [
              40658.52682145717,
              9025.220176140912
            ],
            [
              40652.522017614094,
              9031.224979983988
            ],
            [
              40634.50760608487,
              9031.224979983988
            ],
            [
              40628.5028022418,
              9025.220176140912
            ],
            [
              40622.49799839872,
              9025.220176140912
            ],
            [
              40604.4835868695,
              9007.20576461169
            ],
            [
              40592.47397918335,
              9007.20576461169
            ],
            [
              40586.46917534027,
              9001.200960768616
            ],
            [
              40574.45956765413,
              9001.200960768616
            ],
            [
              40562.44995996798,
              8989.191353082466
            ],
            [
              40544.435548438756,
              8989.191353082466
            ],
            [
              40538.43074459568,
              8995.196156925542
            ],
            [
              40526.42113690953,
              8995.196156925542
            ],
            [
              40520.41633306645,
              8989.191353082466
            ],
            [
              40502.40192153723,
              8989.191353082466
            ]
          ]
        ]
      }
    },
    {
      "type": "Feature",
      "properties": {
        "class_id": 5,
        "classification": "Edge & Air Bubble",
        "area": 227019.08524417612
      },
      "geometry": {
        "type": "Polygon",
        "coordinates": [
          [
            [
              33819.055244195355,
              5554.443554843875
            ],
            [
              33819.055244195355,
              6142.914331465173
            ],
            [
              34587.67013610889,
              6142.914331465173
            ],
            [
              34587.67013610889,
              6130.904723779024
            ],
            [
              34581.66533226582,
              6124.899919935949
            ],
            [
              34575.66052842274,
              6124.899919935949
            ],
            [
              34569.655724579665,
              6118.895116092875
            ],
            [
              34563.65092073659,
              6118.895116092875
            ],
            [
              34539.63170536429,
              6094.875900720577
            ],
            [
              34533.62690152122,
              6094.875900720577
            ],
            [
              34521.61729383507,
              6082.866293034428
            ],
            [
              34515.612489991996,
              6082.866293034428
            ],
            [
              34497.598078462775,
              6064.851881505205
            ],
            [
              34491.5932746197,
              6064.851881505205
            ],
            [
              34479.58366693355,
              6052.842273819056
            ],
            [
              34479.58366693355,
              6046.837469975982
            ],
            [
              34473.57886309047,
              6046.837469975982
            ],
            [
              34461.56925540433,
              6034.827862289832
            ],
            [
              34443.5548438751,
              6034.827862289832
            ],
            [
              34437.55004003203,
              6028.823058446757
            ],
            [
              34425.54043234588,
              6028.823058446757
            ],
            [
              34401.52121697358,
              6004.80384307446
            ],
            [
              34401.52121697358,
              5998.799039231386
            ],
            [
              34389.51160928743,
              5986.789431545237
            ],
            [
              34389.51160928743,
              5980.784627702162
            ],
            [
              34383.506805444355,
              5974.779823859088
            ],
            [
              34377.502001601286,
              5974.779823859088
            ],
            [
              34371.49719775821,
              5968.7750200160135
            ],
            [
              34359.48759007206,
              5968.7750200160135
            ],
            [
              34353.48278622898,
              5962.7702161729385
            ],
            [
              34341.47317854284,
              5962.7702161729385
            ],
            [
              34335.46837469976,
              5956.765412329864
            ],
            [
              34329.463570856686,
              5956.765412329864
            ],
            [
              34323.45876701361,
              5950.760608486789
            ],
            [
              34317.45396317054,
              5950.760608486789
            ],
            [
              34299.43955164131,
              5932.746196957566
            ],
            [
              34293.43474779824,
              5932.746196957566
            ],
            [
              34287.42994395517,
              5926.741393114492
            ],
            [
              34281.42514011209,
              5926.741393114492
            ],
            [
              34275.42033626902,
              5920.736589271418
            ],
            [
              34269.41553242594,
              5920.736589271418
            ],
            [
              34263.410728582865,
              5914.731785428343
            ],
            [
              34257.405924739796,
              5914.731785428343
            ],
            [
              34251.40112089672,
              5908.726981585269
            ],
            [
              34245.396317053644,
              5908.726981585269
            ],
            [
              34239.39151321057,
              5902.722177742194
            ],
            [
              34233.38670936749,
              5902.722177742194
            ],
            [
              34221.37710168135,
              5890.7125700560455
            ],
            [
              34215.37229783827,
              5890.7125700560455
            ],
            [
              34173.33867093675,
              5848.678943154524
            ],
            [
              34173.33867093675,
              5842.67413931145
            ],
            [
              34155.32425940753,
              5842.67413931145
            ],
            [
              34149.31945556445,
              5836.669335468375
            ],
            [
              34149.31945556445,
              5818.654923939152
            ],
            [
              34143.31465172138,
              5812.650120096077
            ],
            [
              34143.31465172138,
              5806.645316253002
            ],
            [
              34119.29543634908,
              5806.645316253002
            ],
            [
              34113.29063250601,
              5800.640512409928
            ],
            [
              34113.29063250601,
              5770.616493194556
            ],
            [
              34107.285828662934,
              5764.611689351482
            ],
            [
              34077.26180944756,
              5764.611689351482
            ],
            [
              34071.257005604486,
              5758.606885508407
            ],
            [
              34071.257005604486,
              5728.582866293034
            ],
            [
              34065.25220176141,
              5722.57806244996
            ],
            [
              34035.22818254604,
              5722.57806244996
            ],
            [
              34029.22337870296,
              5716.573258606886
            ],
            [
              34029.22337870296,
              5686.549239391514
            ],
            [
              33999.19935948759,
              5686.549239391514
            ],
            [
              33993.19455564452,
              5680.544435548439
            ],
            [
              33993.19455564452,
              5650.520416333066
            ],
            [
              33987.189751801445,
              5650.520416333066
            ],
            [
              33981.18494795837,
              5644.515612489992
            ],
            [
              33957.16573258607,
              5644.515612489992
            ],
            [
              33951.160928743,
              5638.510808646918
            ],
            [
              33951.160928743,
              5626.501200960769
            ],
            [
              33945.15612489992,
              5620.496397117695
            ],
            [
              33939.151321056845,
              5620.496397117695
            ],
            [
              33933.146517213776,
              5614.49159327462
            ],
            [
              33927.1417133707,
              5614.49159327462
            ],
            [
              33921.136909527624,
              5608.486789431546
            ],
            [
              33915.13210568455,
              5608.486789431546
            ],
            [
              33909.12730184147,
              5602.481985588471
            ],
            [
              33903.1224979984,
              5602.481985588471
            ],
            [
              33897.11769415533,
              5596.477181745397
            ],
            [
              33891.11289031225,
              5596.477181745397
            ],
            [
              33855.0840672538,
              5560.44835868695
            ],
            [
              33849.07926341073,
              5560.44835868695
            ],
            [
              33843.07445956766,
              5554.443554843875
            ],
            [
              33819.055244195355,
              5554.443554843875
            ]
          ]
        ]
      }
    },
    {
      "type": "Feature",
      "properties": {
        "class_id": 5,
        "classification": "Edge & Air Bubble",
        "area": 2019.2294748529007
      },
      "geometry": {
        "type": "Polygon",
        "coordinates": [
          [
            [
              30672.53803042434,
              3020.4163330664533
            ],
            [
              30654.523618895117,
              3038.4307445956765
            ],
            [
              30654.523618895117,
              3050.4403522818257
            ],
            [
              30660.528422738193,
              3056.4451561249
            ],
            [
              30654.523618895117,
              3062.4499599679743
            ],
            [
              30654.523618895117,
              3068.454763811049
            ],
            [
              30690.552441953565,
              3068.454763811049
            ],
            [
              30690.552441953565,
              3056.4451561249
            ],
            [
              30702.562049639713,
              3044.435548438751
            ],
            [
              30708.56685348279,
              3044.435548438751
            ],
            [
              30714.57165732586,
              3038.4307445956765
            ],
            [
              30714.57165732586,
              3032.4259407526024
            ],
            [
              30708.56685348279,
              3026.421136909528
            ],
            [
              30696.557245796637,
              3026.421136909528
            ],
            [
              30690.552441953565,
              3020.4163330664533
            ],
            [
              30672.53803042434,
              3020.4163330664533
            ]
          ]
        ]
      }
    },
    {
      "type": "Feature",
      "properties": {
        "class_id": 5,
        "classification": "Edge & Air Bubble",
        "area": 3371.392069620468
      },
      "geometry": {
        "type": "Polygon",
        "coordinates": [
          [
            [
              28264.611689351485,
              3002.40192153723
            ],
            [
              28258.60688550841,
              3008.4067253803046
            ],
            [
              28252.602081665333,
              3008.4067253803046
            ],
            [
              28234.587670136112,
              3026.421136909528
            ],
            [
              28234.587670136112,
              3038.4307445956765
            ],
            [
              28252.602081665333,
              3056.4451561249
            ],
            [
              28252.602081665333,
              3062.4499599679743
            ],
            [
              28258.60688550841,
              3068.454763811049
            ],
            [
              28294.635708566857,
              3068.454763811049
            ],
            [
              28294.635708566857,
              3050.4403522818257
            ],
            [
              28300.64051240993,
              3044.435548438751
            ],
            [
              28300.64051240993,
              3026.421136909528
            ],
            [
              28294.635708566857,
              3020.4163330664533
            ],
            [
              28294.635708566857,
              3008.4067253803046
            ],
            [
              28288.63090472378,
              3002.40192153723
            ],
            [
              28264.611689351485,
              3002.40192153723
            ]
          ]
        ]
      }
    },
    {
      "type": "Feature",
      "properties": {
        "class_id": 5,
        "classification": "Edge & Air Bubble",
        "area": 706946.6622136781
      },
      "geometry": {
        "type": "Polygon",
        "coordinates": [
          [
            [
              27682.14571657326,
              1152.9223378702964
            ],
            [
              27676.140912730185,
              1158.9271417133707
            ],
            [
              27670.136108887113,
              1158.9271417133707
            ],
            [
              27670.136108887113,
              1477.1817453963172
            ],
            [
              27682.14571657326,
              1477.1817453963172
            ],
            [
              27688.150520416333,
              1483.1865492393915
            ],
            [
              27700.160128102485,
              1483.1865492393915
            ],
            [
              27706.164931945557,
              1477.1817453963172
            ],
            [
              27736.18895116093,
              1477.1817453963172
            ],
            [
              27742.193755004006,
              1471.1769415532426
            ],
            [
              27772.217774219378,
              1471.1769415532426
            ],
            [
              27778.22257806245,
              1477.1817453963172
            ],
            [
              27796.236989591675,
              1477.1817453963172
            ],
            [
              27802.24179343475,
              1483.1865492393915
            ],
            [
              27820.25620496397,
              1483.1865492393915
            ],
            [
              27826.261008807047,
              1489.191353082466
            ],
            [
              27880.304243394716,
              1489.191353082466
            ],
            [
              27886.30904723779,
              1495.1961569255404
            ],
            [
              27898.31865492394,
              1495.1961569255404
            ],
            [
              27904.323458767016,
              1501.200960768615
            ],
            [
              27940.35228182546,
              1501.200960768615
            ],
            [
              27952.361889511612,
              1489.191353082466
            ],
            [
              27952.361889511612,
              1483.1865492393915
            ],
            [
              27976.38110488391,
              1459.1673338670937
            ],
            [
              27976.38110488391,
              1453.1625300240194
            ],
            [
              28006.40512409928,
              1423.138510808647
            ],
            [
              28042.43394715773,
              1423.138510808647
            ],
            [
              28078.462770216174,
              1459.1673338670937
            ],
            [
              28078.462770216174,
              1465.1721377101683
            ],
            [
              28084.46757405925,
              1471.1769415532426
            ],
            [
              28090.472377902322,
              1471.1769415532426
            ],
            [
              28102.48198558847,
              1483.1865492393915
            ],
            [
              28102.48198558847,
              1489.191353082466
            ],
            [
              28114.491593274623,
              1501.200960768615
            ],
            [
              28114.491593274623,
              1507.2057646116893
            ],
            [
              28120.496397117695,
              1513.210568454764
            ],
            [
              28120.496397117695,
              1519.2153722978383
            ],
            [
              28144.515612489995,
              1543.2345876701363
            ],
            [
              28144.515612489995,
              1549.2393915132106
            ],
            [
              28162.530024019215,
              1567.2538030424341
            ],
            [
              28162.530024019215,
              1573.2586068855085
            ],
            [
              28174.539631705367,
              1585.2682145716574
            ],
            [
              28174.539631705367,
              1591.273018414732
            ],
            [
              28186.549239391516,
              1603.2826261008809
            ],
            [
              28186.549239391516,
              1609.2874299439552
            ],
            [
              28192.554043234588,
              1615.2922337870298
            ],
            [
              28192.554043234588,
              1627.3018414731787
            ],
            [
              28198.558847077664,
              1633.306645316253
            ],
            [
              28198.558847077664,
              1639.3114491593276
            ],
            [
              28204.56365092074,
              1645.316253002402
            ],
            [
              28204.56365092074,
              1651.3210568454765
            ],
            [
              28276.621297037633,
              1723.37870296237
            ],
            [
              28276.621297037633,
              1729.3835068054445
            ],
            [
              28282.626100880705,
              1735.3883106485189
            ],
            [
              28282.626100880705,
              1741.3931144915935
            ],
            [
              28312.650120096077,
              1771.4171337069656
            ],
            [
              28318.654923939153,
              1771.4171337069656
            ],
            [
              28324.659727782226,
              1777.4219375500402
            ],
            [
              28330.6645316253,
              1777.4219375500402
            ],
            [
              28372.698158526822,
              1819.4555644515613
            ],
            [
              28396.717373899122,
              1819.4555644515613
            ],
            [
              28402.722177742195,
              1825.4603682946358
            ],
            [
              28474.779823859088,
              1825.4603682946358
            ],
            [
              28480.784627702164,
              1819.4555644515613
            ],
            [
              28564.851881505205,
              1819.4555644515613
            ],
            [
              28570.85668534828,
              1825.4603682946358
            ],
            [
              28576.861489191353,
              1825.4603682946358
            ],
            [
              28600.880704563653,
              1849.4795836669336
            ],
            [
              28600.880704563653,
              1855.4843875100082
            ],
            [
              28636.909527622098,
              1891.513210568455
            ],
            [
              28642.914331465174,
              1891.513210568455
            ],
            [
              28648.91913530825,
              1897.5180144115293
            ],
            [
              28654.923939151322,
              1897.5180144115293
            ],
            [
              28660.928742994398,
              1903.5228182546039
            ],
            [
              28666.93354683747,
              1903.5228182546039
            ],
            [
              28672.938350680546,
              1909.5276220976782
            ],
            [
              28690.95276220977,
              1909.5276220976782
            ],
            [
              28696.957566052843,
              1915.5324259407528
            ],
            [
              28702.96236989592,
              1915.5324259407528
            ],
            [
              28708.967173738994,
              1921.5372297838271
            ],
            [
              28714.971977582067,
              1921.5372297838271
            ],
            [
              28738.991192954367,
              1945.556445156125
            ],
            [
              28744.99599679744,
              1945.556445156125
            ],
            [
              28793.034427542036,
              1993.5948759007206
            ],
            [
              28793.034427542036,
              1999.5996797437951
            ],
            [
              28823.058446757408,
              2029.6236989591675
            ],
            [
              28829.06325060048,
              2029.6236989591675
            ],
            [
              28877.101681345077,
              2077.662129703763
            ],
            [
              28883.106485188153,
              2077.662129703763
            ],
            [
              28889.111289031225,
              2083.6669335468378
            ],
            [
              28907.12570056045,
              2083.6669335468378
            ],
            [
              28913.130504403525,
              2089.671737389912
            ],
            [
              28973.17854283427,
              2089.671737389912
            ],
            [
              28979.183346677342,
              2095.6765412329864
            ],
            [
              28991.192954363494,
              2095.6765412329864
            ],
            [
              28997.197758206567,
              2101.681345076061
            ],
            [
              29009.207365892715,
              2101.681345076061
            ],
            [
              29015.21216973579,
              2107.6861489191356
            ],
            [
              29021.216973578863,
              2107.6861489191356
            ],
            [
              29039.231385108087,
              2125.700560448359
            ],
            [
              29045.236188951163,
              2125.700560448359
            ],
            [
              29069.25540432346,
              2149.7197758206567
            ],
            [
              29069.25540432346,
              2179.743795036029
            ],
            [
              29063.250600480387,
              2185.7485988791036
            ],
            [
              29063.250600480387,
              2209.7678142514014
            ],
            [
              29069.25540432346,
              2215.7726180944755
            ],
            [
              29069.25540432346,
              2221.77742193755
            ],
            [
              29075.260208166535,
              2227.7822257806247
            ],
            [
              29075.260208166535,
              2245.796637309848
            ],
            [
              29081.265012009608,
              2251.8014411529225
            ],
            [
              29081.265012009608,
              2269.8158526821458
            ],
            [
              29087.269815852684,
              2275.8206565252203
            ],
            [
              29087.269815852684,
              2305.8446757405927
            ],
            [
              29093.27461969576,
              2311.8494795836673
            ],
            [
              29093.27461969576,
              2317.8542834267414
            ],
            [
              29111.28903122498,
              2335.868694955965
            ],
            [
              29111.28903122498,
              2341.873498799039
            ],
            [
              29123.298638911132,
              2353.8831064851884
            ],
            [
              29123.298638911132,
              2359.887910328263
            ],
            [
              29141.313050440353,
              2377.902321857486
            ],
            [
              29141.313050440353,
              2383.9071257005608
            ],
            [
              29153.322658126504,
              2395.9167333867094
            ],
            [
              29153.322658126504,
              2401.921537229784
            ],
            [
              29159.327461969577,
              2407.9263410728586
            ],
            [
              29159.327461969577,
              2425.940752602082
            ],
            [
              29165.332265812653,
              2431.9455564451564
            ],
            [
              29165.332265812653,
              2443.955164131305
            ],
            [
              29171.337069655725,
              2449.9599679743797
            ],
            [
              29177.3418734988,
              2449.9599679743797
            ],
            [
              29183.346677341877,
              2455.964771817454
            ],
            [
              29207.365892714173,
              2455.964771817454
            ],
            [
              29213.37069655725,
              2461.969575660529
            ],
            [
              29237.389911929546,
              2461.969575660529
            ],
            [
              29249.399519615694,
              2473.9791833466775
            ],
            [
              29255.40432345877,
              2473.9791833466775
            ],
            [
              29261.409127301842,
              2479.983987189752
            ],
            [
              29267.413931144918,
              2479.983987189752
            ],
            [
              29273.41873498799,
              2485.9887910328266
            ],
            [
              29291.433146517214,
              2485.9887910328266
            ],
            [
              29297.43795036029,
              2491.9935948759007
            ],
            [
              29309.44755804644,
              2491.9935948759007
            ],
            [
              29315.452361889515,
              2497.9983987189753
            ],
            [
              29339.47157726181,
              2497.9983987189753
            ],
            [
              29345.476381104887,
              2491.9935948759007
            ],
            [
              29363.490792634107,
              2491.9935948759007
            ],
            [
              29369.495596477183,
              2497.9983987189753
            ],
            [
              29381.50520416333,
              2497.9983987189753
            ],
            [
              29393.51481184948,
              2510.0080064051244
            ],
            [
              29399.519615692556,
              2510.0080064051244
            ],
            [
              29405.52441953563,
              2516.0128102481985
            ],
            [
              29411.529223378704,
              2516.0128102481985
            ],
            [
              29417.53402722178,
              2522.017614091273
            ],
            [
              29423.538831064852,
              2522.017614091273
            ],
            [
              29435.548438751004,
              2534.0272217774223
            ],
            [
              29441.553242594076,
              2534.0272217774223
            ],
            [
              29471.57726180945,
              2564.051240992794
            ],
            [
              29477.582065652525,
              2564.051240992794
            ],
            [
              29483.586869495597,
              2570.0560448358688
            ],
            [
              29507.606084867897,
              2570.0560448358688
            ],
            [
              29513.61088871097,
              2576.0608486789433
            ],
            [
              29537.63010408327,
              2576.0608486789433
            ],
            [
              29543.634907926342,
              2570.0560448358688
            ],
            [
              29549.639711769418,
              2570.0560448358688
            ],
            [
              29555.64451561249,
              2564.051240992794
            ],
            [
              29561.649319455566,
              2564.051240992794
            ],
            [
              29567.654123298642,
              2558.04643714972
            ],
            [
              29609.687750200163,
              2558.04643714972
            ],
            [
              29615.692554043235,
              2564.051240992794
            ],
            [
              29621.69735788631,
              2564.051240992794
            ],
            [
              29633.70696557246,
              2576.0608486789433
            ],
            [
              29633.70696557246,
              2582.065652522018
            ],
            [
              29657.72618094476,
              2606.0848678943157
            ],
            [
              29657.72618094476,
              2624.099279423539
            ],
            [
              29663.73098478783,
              2630.1040832666135
            ],
            [
              29663.73098478783,
              2642.113690952762
            ],
            [
              29669.735788630907,
              2648.118494795837
            ],
            [
              29669.735788630907,
              2654.1232986389114
            ],
            [
              29675.74059247398,
              2660.128102481986
            ],
            [
              29681.745396317056,
              2660.128102481986
            ],
            [
              29687.75020016013,
              2666.13290632506
            ],
            [
              29699.75980784628,
              2666.13290632506
            ],
            [
              29705.764611689352,
              2660.128102481986
            ],
            [
              29735.788630904724,
              2660.128102481986
            ],
            [
              29741.7934347478,
              2654.1232986389114
            ],
            [
              29771.817453963173,
              2654.1232986389114
            ],
            [
              29777.822257806245,
              2660.128102481986
            ],
            [
              29795.83666933547,
              2660.128102481986
            ],
            [
              29801.841473178545,
              2666.13290632506
            ],
            [
              29807.846277021617,
              2666.13290632506
            ],
            [
              29813.851080864693,
              2672.1377101681346
            ],
            [
              29819.85588470777,
              2672.1377101681346
            ],
            [
              29825.86068855084,
              2678.142514011209
            ],
            [
              29837.87029623699,
              2678.142514011209
            ],
            [
              29843.875100080066,
              2684.1473178542838
            ],
            [
              29861.88951160929,
              2684.1473178542838
            ],
            [
              29867.894315452362,
              2690.152121697358
            ],
            [
              29891.913530824662,
              2690.152121697358
            ],
            [
              29915.93274619696,
              2714.1713370696557
            ],
            [
              29915.93274619696,
              2720.1761409127303
            ],
            [
              29921.937550040035,
              2726.180944755805
            ],
            [
              29921.937550040035,
              2732.1857485988794
            ],
            [
              29927.942353883107,
              2738.1905524419535
            ],
            [
              29927.942353883107,
              2744.195356285028
            ],
            [
              29933.947157726183,
              2750.2001601281027
            ],
            [
              29933.947157726183,
              2762.2097678142513
            ],
            [
              29939.95196156926,
              2768.214571657326
            ],
            [
              29939.95196156926,
              2774.2193755004005
            ],
            [
              29951.961569255407,
              2786.2289831865496
            ],
            [
              29957.96637309848,
              2786.2289831865496
            ],
            [
              29963.971176941555,
              2792.2337870296237
            ],
            [
              29969.975980784628,
              2792.2337870296237
            ],
            [
              29993.995196156928,
              2816.2530024019215
            ],
            [
              29993.995196156928,
              2822.257806244996
            ],
            [
              30018.014411529224,
              2846.277021617294
            ],
            [
              30018.014411529224,
              2852.2818254603685
            ],
            [
              30024.0192153723,
              2858.286629303443
            ],
            [
              30024.0192153723,
              2870.2962369895918
            ],
            [
              30012.009607686152,
              2882.305844675741
            ],
            [
              30006.004803843076,
              2882.305844675741
            ],
            [
              30006.004803843076,
              2888.310648518815
            ],
            [
              30000.0,
              2894.3154523618896
            ],
            [
              30000.0,
              2900.320256204964
            ],
            [
              30006.004803843076,
              2906.3250600480387
            ],
            [
              30006.004803843076,
              2918.3346677341874
            ],
            [
              30000.0,
              2924.339471577262
            ],
            [
              30000.0,
              2930.3442754203365
            ],
            [
              29987.99039231385,
              2942.3538831064852
            ],
            [
              29963.971176941555,
              2942.3538831064852
            ],
            [
              29933.947157726183,
              2912.329863891113
            ],
            [
              29927.942353883107,
              2912.329863891113
            ],
            [
              29921.937550040035,
              2906.3250600480387
            ],
            [
              29915.93274619696,
              2906.3250600480387
            ],
            [
              29903.92313851081,
              2894.3154523618896
            ],
            [
              29897.918334667735,
              2894.3154523618896
            ],
            [
              29891.913530824662,
              2888.310648518815
            ],
            [
              29867.894315452362,
              2888.310648518815
            ],
            [
              29861.88951160929,
              2894.3154523618896
            ],
            [
              29831.865492393918,
              2894.3154523618896
            ],
            [
              29825.86068855084,
              2900.320256204964
            ],
            [
              29819.85588470777,
              2900.320256204964
            ],
            [
              29807.846277021617,
              2912.329863891113
            ],
            [
              29801.841473178545,
              2912.329863891113
            ],
            [
              29753.80304243395,
              2960.368294635709
            ],
            [
              29753.80304243395,
              2966.373098478783
            ],
            [
              29747.798238590873,
              2972.3779023218576
            ],
            [
              29741.7934347478,
              2972.3779023218576
            ],
            [
              29723.779023218576,
              2990.392313851081
            ],
            [
              29717.774219375504,
              2990.392313851081
            ],
            [
              29681.745396317056,
              3026.421136909528
            ],
            [
              29681.745396317056,
              3032.4259407526024
            ],
            [
              29675.74059247398,
              3038.4307445956765
            ],
            [
              29681.745396317056,
              3044.435548438751
            ],
            [
              29681.745396317056,
              3068.454763811049
            ],
            [
              30252.201761409127,
              3068.454763811049
            ],
            [
              30252.201761409127,
              3062.4499599679743
            ],
            [
              30264.21136909528,
              3050.4403522818257
            ],
            [
              30276.220976781427,
              3050.4403522818257
            ],
            [
              30288.230584467576,
              3038.4307445956765
            ],
            [
              30282.2257806245,
              3032.4259407526024
            ],
            [
              30276.220976781427,
              3032.4259407526024
            ],
            [
              30264.21136909528,
              3020.4163330664533
            ],
            [
              30258.206565252203,
              3020.4163330664533
            ],
            [
              30240.19215372298,
              3002.40192153723
            ],
            [
              30228.18254603683,
              3002.40192153723
            ],
            [
              30222.177742193755,
              2996.3971176941554
            ],
            [
              30210.168134507607,
              2996.3971176941554
            ],
            [
              30192.153722978386,
              2978.382706164932
            ],
            [
              30192.153722978386,
              2972.3779023218576
            ],
            [
              30186.14891913531,
              2966.373098478783
            ],
            [
              30186.14891913531,
              2960.368294635709
            ],
            [
              30210.168134507607,
              2936.349079263411
            ],
            [
              30216.172938350683,
              2936.349079263411
            ],
            [
              30216.172938350683,
              2930.3442754203365
            ],
            [
              30222.177742193755,
              2924.339471577262
            ],
            [
              30222.177742193755,
              2912.329863891113
            ],
            [
              30216.172938350683,
              2906.3250600480387
            ],
            [
              30216.172938350683,
              2900.320256204964
            ],
            [
              30210.168134507607,
              2894.3154523618896
            ],
            [
              30210.168134507607,
              2888.310648518815
            ],
            [
              30186.14891913531,
              2864.291433146517
            ],
            [
              30186.14891913531,
              2858.286629303443
            ],
            [
              30174.139311449162,
              2846.277021617294
            ],
            [
              30174.139311449162,
              2840.2722177742194
            ],
            [
              30168.134507606086,
              2834.2674139311453
            ],
            [
              30168.134507606086,
              2828.2626100880707
            ],
            [
              30174.139311449162,
              2822.257806244996
            ],
            [
              30174.139311449162,
              2816.2530024019215
            ],
            [
              30180.144115292234,
              2810.2481985588474
            ],
            [
              30180.144115292234,
              2804.243394715773
            ],
            [
              30198.15852682146,
              2786.2289831865496
            ],
            [
              30204.163330664534,
              2786.2289831865496
            ],
            [
              30210.168134507607,
              2780.224179343475
            ],
            [
              30228.18254603683,
              2780.224179343475
            ],
            [
              30234.187349879907,
              2774.2193755004005
            ],
            [
              30264.21136909528,
              2774.2193755004005
            ],
            [
              30270.21617293835,
              2780.224179343475
            ],
            [
              30270.21617293835,
              2786.2289831865496
            ],
            [
              30282.2257806245,
              2798.2385908726983
            ],
            [
              30288.230584467576,
              2798.2385908726983
            ],
            [
              30294.23538831065,
              2804.243394715773
            ],
            [
              30300.240192153724,
              2804.243394715773
            ],
            [
              30306.2449959968,
              2810.2481985588474
            ],
            [
              30324.259407526024,
              2810.2481985588474
            ],
            [
              30330.264211369096,
              2804.243394715773
            ],
            [
              30330.264211369096,
              2792.2337870296237
            ],
            [
              30318.254603682948,
              2780.224179343475
            ],
            [
              30318.254603682948,
              2756.204963971177
            ],
            [
              30300.240192153724,
              2738.1905524419535
            ],
            [
              30294.23538831065,
              2744.195356285028
            ],
            [
              30276.220976781427,
              2726.180944755805
            ],
            [
              30276.220976781427,
              2720.1761409127303
            ],
            [
              30270.21617293835,
              2714.1713370696557
            ],
            [
              30270.21617293835,
              2708.1665332265816
            ],
            [
              30264.21136909528,
              2702.161729383507
            ],
            [
              30258.206565252203,
              2702.161729383507
            ],
            [
              30228.18254603683,
              2672.1377101681346
            ],
            [
              30222.177742193755,
              2672.1377101681346
            ],
            [
              30204.163330664534,
              2654.1232986389114
            ],
            [
              30198.15852682146,
              2654.1232986389114
            ],
            [
              30156.124899919938,
              2612.08967173739
            ],
            [
              30150.120096076862,
              2612.08967173739
            ],
            [
              30138.110488390714,
              2600.080064051241
            ],
            [
              30132.10568454764,
              2600.080064051241
            ],
            [
              30120.09607686149,
              2588.070456365092
            ],
            [
              30114.091273018417,
              2588.070456365092
            ],
            [
              30102.08166533227,
              2576.0608486789433
            ],
            [
              30096.076861489193,
              2576.0608486789433
            ],
            [
              30090.072057646117,
              2570.0560448358688
            ],
            [
              30084.067253803045,
              2570.0560448358688
            ],
            [
              30078.06244995997,
              2564.051240992794
            ],
            [
              30072.057646116897,
              2564.051240992794
            ],
            [
              30060.048038430745,
              2552.0416333066455
            ],
            [
              30054.043234587672,
              2552.0416333066455
            ],
            [
              30048.038430744597,
              2546.036829463571
            ],
            [
              30042.033626901524,
              2546.036829463571
            ],
            [
              30030.024019215372,
              2534.0272217774223
            ],
            [
              30024.0192153723,
              2534.0272217774223
            ],
            [
              30012.009607686152,
              2522.017614091273
            ],
            [
              30006.004803843076,
              2522.017614091273
            ],
            [
              30000.0,
              2516.0128102481985
            ],
            [
              29993.995196156928,
              2516.0128102481985
            ],
            [
              29987.99039231385,
              2510.0080064051244
            ],
            [
              29981.98558847078,
              2510.0080064051244
            ],
            [
              29975.980784627704,
              2504.00320256205
            ],
            [
              29969.975980784628,
              2504.00320256205
            ],
            [
              29963.971176941555,
              2497.9983987189753
            ],
            [
              29951.961569255407,
              2497.9983987189753
            ],
            [
              29945.95676541233,
              2491.9935948759007
            ],
            [
              29939.95196156926,
              2491.9935948759007
            ],
            [
              29927.942353883107,
              2479.983987189752
            ],
            [
              29921.937550040035,
              2479.983987189752
            ],
            [
              29915.93274619696,
              2473.9791833466775
            ],
            [
              29909.927942353886,
              2473.9791833466775
            ],
            [
              29903.92313851081,
              2467.974379503603
            ],
            [
              29897.918334667735,
              2467.974379503603
            ],
            [
              29891.913530824662,
              2461.969575660529
            ],
            [
              29885.908726981586,
              2461.969575660529
            ],
            [
              29879.903923138514,
              2455.964771817454
            ],
            [
              29873.899119295438,
              2455.964771817454
            ],
            [
              29867.894315452362,
              2449.9599679743797
            ],
            [
              29861.88951160929,
              2449.9599679743797
            ],
            [
              29855.884707766214,
              2443.955164131305
            ],
            [
              29849.87990392314,
              2443.955164131305
            ],
            [
              29843.875100080066,
              2437.9503602882305
            ],
            [
              29831.865492393918,
              2437.9503602882305
            ],
            [
              29825.86068855084,
              2431.9455564451564
            ],
            [
              29819.85588470777,
              2431.9455564451564
            ],
            [
              29813.851080864693,
              2425.940752602082
            ],
            [
              29807.846277021617,
              2425.940752602082
            ],
            [
              29801.841473178545,
              2419.9359487590073
            ],
            [
              29795.83666933547,
              2419.9359487590073
            ],
            [
              29789.831865492397,
              2413.9311449159327
            ],
            [
              29777.822257806245,
              2413.9311449159327
            ],
            [
              29771.817453963173,
              2407.9263410728586
            ],
            [
              29753.80304243395,
              2407.9263410728586
            ],
            [
              29747.798238590873,
              2401.921537229784
            ],
            [
              29735.788630904724,
              2401.921537229784
            ],
            [
              29729.783827061652,
              2395.9167333867094
            ],
            [
              29711.769415532428,
              2395.9167333867094
            ],
            [
              29705.764611689352,
              2389.911929543635
            ],
            [
              29699.75980784628,
              2389.911929543635
            ],
            [
              29693.755004003204,
              2383.9071257005608
            ],
            [
              29681.745396317056,
              2383.9071257005608
            ],
            [
              29675.74059247398,
              2377.902321857486
            ],
            [
              29669.735788630907,
              2377.902321857486
            ],
            [
              29663.73098478783,
              2371.8975180144116
            ],
            [
              29651.721377101683,
              2371.8975180144116
            ],
            [
              29639.711769415535,
              2359.887910328263
            ],
            [
              29633.70696557246,
              2359.887910328263
            ],
            [
              29615.692554043235,
              2341.873498799039
            ],
            [
              29609.687750200163,
              2341.873498799039
            ],
            [
              29603.682946357087,
              2335.868694955965
            ],
            [
              29597.678142514014,
              2335.868694955965
            ],
            [
              29591.67333867094,
              2329.8638911128905
            ],
            [
              29585.668534827862,
              2329.8638911128905
            ],
            [
              29579.66373098479,
              2323.859087269816
            ],
            [
              29567.654123298642,
              2323.859087269816
            ],
            [
              29561.649319455566,
              2317.8542834267414
            ],
            [
              29549.639711769418,
              2317.8542834267414
            ],
            [
              29531.625300240194,
              2299.839871897518
            ],
            [
              29525.620496397118,
              2299.839871897518
            ],
            [
              29519.615692554045,
              2293.8350680544436
            ],
            [
              29513.61088871097,
              2293.8350680544436
            ],
            [
              29501.60128102482,
              2281.825460368295
            ],
            [
              29495.596477181745,
              2281.825460368295
            ],
            [
              29489.591673338673,
              2275.8206565252203
            ],
            [
              29483.586869495597,
              2275.8206565252203
            ],
            [
              29477.582065652525,
              2269.8158526821458
            ],
            [
              29471.57726180945,
              2269.8158526821458
            ],
            [
              29459.5676541233,
              2257.806244995997
            ],
            [
              29453.562850280225,
              2257.806244995997
            ],
            [
              29447.558046437152,
              2251.8014411529225
            ],
            [
              29441.553242594076,
              2251.8014411529225
            ],
            [
              29435.548438751004,
              2245.796637309848
            ],
            [
              29423.538831064852,
              2245.796637309848
            ],
            [
              29417.53402722178,
              2239.7918334667734
            ],
            [
              29411.529223378704,
              2239.7918334667734
            ],
            [
              29405.52441953563,
              2233.7870296236993
            ],
            [
              29399.519615692556,
              2233.7870296236993
            ],
            [
              29381.50520416333,
              2215.7726180944755
            ],
            [
              29381.50520416333,
              2209.7678142514014
            ],
            [
              29333.466773418735,
              2161.729383506806
            ],
            [
              29327.461969575663,
              2161.729383506806
            ],
            [
              29315.452361889515,
              2149.7197758206567
            ],
            [
              29309.44755804644,
              2149.7197758206567
            ],
            [
              29297.43795036029,
              2137.7101681345075
            ],
            [
              29291.433146517214,
              2137.7101681345075
            ],
            [
              29285.428342674142,
              2131.7053642914334
            ],
            [
              29279.423538831066,
              2131.7053642914334
            ],
            [
              29273.41873498799,
              2125.700560448359
            ],
            [
              29261.409127301842,
              2125.700560448359
            ],
            [
              29255.40432345877,
              2119.6957566052843
            ],
            [
              29249.399519615694,
              2119.6957566052843
            ],
            [
              29243.39471577262,
              2113.6909527622097
            ],
            [
              29237.389911929546,
              2113.6909527622097
            ],
            [
              29225.380304243397,
              2101.681345076061
            ],
            [
              29225.380304243397,
              2095.6765412329864
            ],
            [
              29213.37069655725,
              2083.6669335468378
            ],
            [
              29207.365892714173,
              2083.6669335468378
            ],
            [
              29201.361088871097,
              2077.662129703763
            ],
            [
              29189.35148118495,
              2077.662129703763
            ],
            [
              29183.346677341877,
              2071.6573258606886
            ],
            [
              29171.337069655725,
              2071.6573258606886
            ],
            [
              29165.332265812653,
              2065.652522017614
            ],
            [
              29159.327461969577,
              2065.652522017614
            ],
            [
              29153.322658126504,
              2059.64771817454
            ],
            [
              29147.31785428343,
              2059.64771817454
            ],
            [
              29141.313050440353,
              2053.6429143314654
            ],
            [
              29135.30824659728,
              2053.6429143314654
            ],
            [
              29129.303442754204,
              2047.6381104883908
            ],
            [
              29117.293835068056,
              2047.6381104883908
            ],
            [
              29111.28903122498,
              2041.6333066453165
            ],
            [
              29105.284227381908,
              2041.6333066453165
            ],
            [
              29099.279423538832,
              2035.6285028022419
            ],
            [
              29081.265012009608,
              2035.6285028022419
            ],
            [
              29075.260208166535,
              2029.6236989591675
            ],
            [
              29069.25540432346,
              2029.6236989591675
            ],
            [
              29063.250600480387,
              2023.618895116093
            ],
            [
              29057.24579663731,
              2023.618895116093
            ],
            [
              29051.240992794235,
              2017.6140912730186
            ],
            [
              29045.236188951163,
              2017.6140912730186
            ],
            [
              29039.231385108087,
              2011.609287429944
            ],
            [
              29033.226581265015,
              2011.609287429944
            ],
            [
              29027.22177742194,
              2005.6044835868697
            ],
            [
              29021.216973578863,
              2005.6044835868697
            ],
            [
              28997.197758206567,
              1981.5852682145717
            ],
            [
              28991.192954363494,
              1981.5852682145717
            ],
            [
              28967.173738991194,
              1957.5660528422738
            ],
            [
              28961.16893514812,
              1957.5660528422738
            ],
            [
              28931.14491593275,
              1927.5420336269017
            ],
            [
              28925.140112089673,
              1927.5420336269017
            ],
            [
              28865.09207365893,
              1867.4939951961571
            ],
            [
              28859.087269815853,
              1867.4939951961571
            ],
            [
              28817.053642914332,
              1825.4603682946358
            ],
            [
              28811.04883907126,
              1825.4603682946358
            ],
            [
              28793.034427542036,
              1807.4459567654123
            ],
            [
              28787.02962369896,
              1807.4459567654123
            ],
            [
              28781.024819855887,
              1801.441152922338
            ],
            [
              28775.02001601281,
              1801.441152922338
            ],
            [
              28769.01521216974,
              1795.4363490792634
            ],
            [
              28763.010408326663,
              1795.4363490792634
            ],
            [
              28732.98638911129,
              1765.4123298638913
            ],
            [
              28726.981585268215,
              1765.4123298638913
            ],
            [
              28720.976781425143,
              1759.4075260208167
            ],
            [
              28714.971977582067,
              1759.4075260208167
            ],
            [
              28708.967173738994,
              1753.4027221777424
            ],
            [
              28702.96236989592,
              1753.4027221777424
            ],
            [
              28696.957566052843,
              1747.3979183346678
            ],
            [
              28690.95276220977,
              1747.3979183346678
            ],
            [
              28684.947958366694,
              1741.3931144915935
            ],
            [
              28678.943154523622,
              1741.3931144915935
            ],
            [
              28630.904723779026,
              1693.3546837469978
            ],
            [
              28624.89991993595,
              1693.3546837469978
            ],
            [
              28606.885508406725,
              1675.3402722177743
            ],
            [
              28600.880704563653,
              1675.3402722177743
            ],
            [
              28588.871096877505,
              1663.3306645316254
            ],
            [
              28582.86629303443,
              1663.3306645316254
            ],
            [
              28570.85668534828,
              1651.3210568454765
            ],
            [
              28564.851881505205,
              1651.3210568454765
            ],
            [
              28546.83746997598,
              1633.306645316253
            ],
            [
              28540.83266613291,
              1633.306645316253
            ],
            [
              28528.82305844676,
              1621.2970376301041
            ],
            [
              28522.818254603684,
              1621.2970376301041
            ],
            [
              28510.808646917536,
              1609.2874299439552
            ],
            [
              28504.80384307446,
              1609.2874299439552
            ],
            [
              28492.79423538831,
              1597.2778222578063
            ],
            [
              28486.78943154524,
              1597.2778222578063
            ],
            [
              28468.775020016015,
              1579.263410728583
            ],
            [
              28462.77021617294,
              1579.263410728583
            ],
            [
              28450.76060848679,
              1567.2538030424341
            ],
            [
              28438.751000800643,
              1567.2538030424341
            ],
            [
              28426.741393114495,
              1555.2441953562852
            ],
            [
              28420.73658927142,
              1555.2441953562852
            ],
            [
              28414.731785428343,
              1549.2393915132106
            ],
            [
              28408.72698158527,
              1549.2393915132106
            ],
            [
              28396.717373899122,
              1537.2297838270617
            ],
            [
              28390.712570056046,
              1537.2297838270617
            ],
            [
              28384.70776621297,
              1531.2249799839872
            ],
            [
              28378.702962369898,
              1531.2249799839872
            ],
            [
              28366.69335468375,
              1519.2153722978383
            ],
            [
              28360.688550840674,
              1519.2153722978383
            ],
            [
              28354.683746997598,
              1513.210568454764
            ],
            [
              28348.678943154526,
              1513.210568454764
            ],
            [
              28342.67413931145,
              1507.2057646116893
            ],
            [
              28336.669335468378,
              1507.2057646116893
            ],
            [
              28324.659727782226,
              1495.1961569255404
            ],
            [
              28318.654923939153,
              1495.1961569255404
            ],
            [
              28312.650120096077,
              1489.191353082466
            ],
            [
              28306.645316253005,
              1489.191353082466
            ],
            [
              28300.64051240993,
              1483.1865492393915
            ],
            [
              28294.635708566857,
              1483.1865492393915
            ],
            [
              28276.621297037633,
              1465.1721377101683
            ],
            [
              28270.616493194557,
              1465.1721377101683
            ],
            [
              28252.602081665333,
              1447.1577261809448
            ],
            [
              28246.59727782226,
              1447.1577261809448
            ],
            [
              28234.587670136112,
              1435.1481184947959
            ],
            [
              28228.582866293036,
              1435.1481184947959
            ],
            [
              28222.57806244996,
              1429.1433146517215
            ],
            [
              28216.573258606888,
              1429.1433146517215
            ],
            [
              28210.568454763812,
              1423.138510808647
            ],
            [
              28204.56365092074,
              1423.138510808647
            ],
            [
              28198.558847077664,
              1417.1337069655726
            ],
            [
              28192.554043234588,
              1417.1337069655726
            ],
            [
              28180.54443554844,
              1405.1240992794237
            ],
            [
              28174.539631705367,
              1405.1240992794237
            ],
            [
              28168.53482786229,
              1399.1192954363491
            ],
            [
              28162.530024019215,
              1399.1192954363491
            ],
            [
              28156.525220176143,
              1393.1144915932748
            ],
            [
              28150.520416333067,
              1393.1144915932748
            ],
            [
              28144.515612489995,
              1387.1096877502002
            ],
            [
              28138.51080864692,
              1387.1096877502002
            ],
            [
              28126.50120096077,
              1375.1000800640513
            ],
            [
              28120.496397117695,
              1375.1000800640513
            ],
            [
              28114.491593274623,
              1369.0952762209768
            ],
            [
              28108.486789431547,
              1369.0952762209768
            ],
            [
              28096.4771817454,
              1357.0856685348278
            ],
            [
              28090.472377902322,
              1357.0856685348278
            ],
            [
              28078.462770216174,
              1345.076060848679
            ],
            [
              28072.4579663731,
              1345.076060848679
            ],
            [
              28066.453162530026,
              1339.0712570056046
            ],
            [
              28060.44835868695,
              1339.0712570056046
            ],
            [
              28048.438751000802,
              1327.0616493194557
            ],
            [
              28042.43394715773,
              1327.0616493194557
            ],
            [
              28030.424339471578,
              1315.0520416333068
            ],
            [
              28024.419535628505,
              1315.0520416333068
            ],
            [
              28018.41473178543,
              1309.0472377902322
            ],
            [
              28012.409927942357,
              1309.0472377902322
            ],
            [
              28006.40512409928,
              1303.0424339471579
            ],
            [
              28000.400320256205,
              1303.0424339471579
            ],
            [
              27994.395516413133,
              1297.0376301040833
            ],
            [
              27988.390712570057,
              1297.0376301040833
            ],
            [
              27982.385908726985,
              1291.032826261009
            ],
            [
              27976.38110488391,
              1291.032826261009
            ],
            [
              27970.376301040833,
              1285.0280224179344
            ],
            [
              27964.37149719776,
              1285.0280224179344
            ],
            [
              27958.366693354685,
              1279.02321857486
            ],
            [
              27952.361889511612,
              1279.02321857486
            ],
            [
              27940.35228182546,
              1267.0136108887111
            ],
            [
              27934.34747798239,
              1267.0136108887111
            ],
            [
              27922.33787029624,
              1255.0040032025622
            ],
            [
              27916.333066453164,
              1255.0040032025622
            ],
            [
              27898.31865492394,
              1236.9895916733387
            ],
            [
              27892.313851080868,
              1236.9895916733387
            ],
            [
              27886.30904723779,
              1230.9847878302644
            ],
            [
              27880.304243394716,
              1230.9847878302644
            ],
            [
              27874.299439551643,
              1224.9799839871898
            ],
            [
              27868.294635708568,
              1224.9799839871898
            ],
            [
              27856.28502802242,
              1212.970376301041
            ],
            [
              27850.280224179343,
              1212.970376301041
            ],
            [
              27844.27542033627,
              1206.9655724579663
            ],
            [
              27826.261008807047,
              1206.9655724579663
            ],
            [
              27820.25620496397,
              1200.960768614892
            ],
            [
              27808.246597277823,
              1200.960768614892
            ],
            [
              27802.24179343475,
              1194.9559647718174
            ],
            [
              27796.236989591675,
              1194.9559647718174
            ],
            [
              27790.232185748602,
              1188.951160928743
            ],
            [
              27778.22257806245,
              1188.951160928743
            ],
            [
              27772.217774219378,
              1182.9463570856685
            ],
            [
              27766.212970376302,
              1182.9463570856685
            ],
            [
              27760.20816653323,
              1176.9415532425942
            ],
            [
              27748.198558847078,
              1176.9415532425942
            ],
            [
              27742.193755004006,
              1170.9367493995196
            ],
            [
              27736.18895116093,
              1170.9367493995196
            ],
            [
              27730.184147317857,
              1164.9319455564453
            ],
            [
              27718.174539631706,
              1164.9319455564453
            ],
            [
              27712.169735788633,
              1158.9271417133707
            ],
            [
              27700.160128102485,
              1158.9271417133707
            ],
            [
              27694.15532425941,
              1152.9223378702964
            ],
            [
              27682.14571657326,
              1152.9223378702964
            ]
          ]
        ]
      }
    },
    {
      "type": "Feature",
      "properties": {
        "class_id": 6,
        "classification": "OOF",
        "area": 1640.623948317982
      },
      "geometry": {
        "type": "Polygon",
        "coordinates": [
          [
            [
              70988.79103282627,
              68562.85028022419
            ],
            [
              70982.7862289832,
              68568.85508406725
            ],
            [
              70988.79103282627,
              68574.85988791034
            ],
            [
              70988.79103282627,
              68586.86949559647
            ],
            [
              70994.79583666933,
              68592.87429943956
            ],
            [
              70994.79583666933,
              68598.87910328263
            ],
            [
              71018.81505204164,
              68622.89831865493
            ],
            [
              71036.82946357086,
              68622.89831865493
            ],
            [
              71036.82946357086,
              68616.89351481185
            ],
            [
              71030.82465972779,
              68610.88871096878
            ],
            [
              71030.82465972779,
              68598.87910328263
            ],
            [
              71024.8198558847,
              68592.87429943956
            ],
            [
              71024.8198558847,
              68586.86949559647
            ],
            [
              71000.80064051242,
              68562.85028022419
            ],
            [
              70988.79103282627,
              68562.85028022419
            ]
          ]
        ]
      }
    },
    {
      "type": "Feature",
      "properties": {
        "class_id": 6,
        "classification": "OOF",
        "area": 2001.2006402559998
      },
      "geometry": {
        "type": "Polygon",
        "coordinates": [
          [
            [
              24595.676541232988,
              65038.03042433948
            ],
            [
              24595.676541232988,
              65110.08807045637
            ],
            [
              24607.686148919136,
              65110.08807045637
            ],
            [
              24631.705364291436,
              65086.06885508407
            ],
            [
              24631.705364291436,
              65056.0448358687
            ],
            [
              24625.70056044836,
              65050.04003202562
            ],
            [
              24619.695756605284,
              65050.04003202562
            ],
            [
              24613.690952762212,
              65044.03522818255
            ],
            [
              24601.681345076064,
              65044.03522818255
            ],
            [
              24595.676541232988,
              65038.03042433948
            ]
          ]
        ]
      }
    },
    {
      "type": "Feature",
      "properties": {
        "class_id": 6,
        "classification": "OOF",
        "area": 72.1153383876036
      },
      "geometry": {
        "type": "Polygon",
        "coordinates": [
          [
            [
              11409.127301841474,
              64647.71817453964
            ],
            [
              11403.1224979984,
              64653.72297838271
            ],
            [
              11409.127301841474,
              64659.72778222578
            ],
            [
              11415.132105684548,
              64653.72297838271
            ],
            [
              11421.136909527622,
              64653.72297838271
            ],
            [
              11415.132105684548,
              64653.72297838271
            ],
            [
              11409.127301841474,
              64647.71817453964
            ]
          ]
        ]
      }
    },
    {
      "type": "Feature",
      "properties": {
        "class_id": 6,
        "classification": "OOF",
        "area": 288.4613535504144
      },
      "geometry": {
        "type": "Polygon",
        "coordinates": [
          [
            [
              61489.19135308247,
              39229.38350680545
            ],
            [
              61489.19135308247,
              39253.40272217774
            ],
            [
              61495.19615692554,
              39253.40272217774
            ],
            [
              61501.20096076862,
              39259.40752602082
            ],
            [
              61501.20096076862,
              39235.38831064852
            ],
            [
              61495.19615692554,
              39229.38350680545
            ],
            [
              61489.19135308247,
              39229.38350680545
            ]
          ]
        ]
      }
    },
    {
      "type": "Feature",
      "properties": {
        "class_id": 6,
        "classification": "OOF",
        "area": 180.28834596900901
      },
      "geometry": {
        "type": "Polygon",
        "coordinates": [
          [
            [
              83064.451561249,
              37433.94715772619
            ],
            [
              83052.44195356285,
              37445.95676541233
            ],
            [
              83052.44195356285,
              37451.96156925541
            ],
            [
              83058.44675740592,
              37451.96156925541
            ],
            [
              83070.45636509208,
              37439.951961569255
            ],
            [
              83070.45636509208,
              37433.94715772619
            ],
            [
              83064.451561249,
              37433.94715772619
            ]
          ]
        ]
      }
    },
    {
      "type": "Feature",
      "properties": {
        "class_id": 6,
        "classification": "OOF",
        "area": 30612.961145537727
      },
      "geometry": {
        "type": "Polygon",
        "coordinates": [
          [
            [
              63524.819855884714,
              36893.51481184948
            ],
            [
              63524.819855884714,
              36917.53402722178
            ],
            [
              63518.81505204164,
              36923.538831064856
            ],
            [
              63518.81505204164,
              36929.54363490793
            ],
            [
              63500.80064051241,
              36947.55804643715
            ],
            [
              63488.791032826266,
              36947.55804643715
            ],
            [
              63482.78622898319,
              36953.56285028023
            ],
            [
              63476.781425140114,
              36953.56285028023
            ],
            [
              63470.77662129704,
              36959.567654123304
            ],
            [
              63464.77181745397,
              36959.567654123304
            ],
            [
              63458.76701361089,
              36965.57245796637
            ],
            [
              63452.76220976782,
              36965.57245796637
            ],
            [
              63440.752602081666,
              36977.582065652525
            ],
            [
              63434.7477982386,
              36977.582065652525
            ],
            [
              63416.73338670937,
              36995.596477181745
            ],
            [
              63422.738190552445,
              37001.60128102482
            ],
            [
              63422.738190552445,
              37007.6060848679
            ],
            [
              63434.7477982386,
              37019.61569255404
            ],
            [
              63440.752602081666,
              37019.61569255404
            ],
            [
              63446.75740592474,
              37025.62049639712
            ],
            [
              63458.76701361089,
              37025.62049639712
            ],
            [
              63464.77181745397,
              37031.62530024019
            ],
            [
              63548.83907125701,
              37031.62530024019
            ],
            [
              63554.84387510009,
              37037.63010408327
            ],
            [
              63566.85348278623,
              37037.63010408327
            ],
            [
              63572.85828662931,
              37043.634907926345
            ],
            [
              63650.92073658927,
              37043.634907926345
            ],
            [
              63662.930344275424,
              37031.62530024019
            ],
            [
              63662.930344275424,
              37025.62049639712
            ],
            [
              63668.9351481185,
              37019.61569255404
            ],
            [
              63668.9351481185,
              36989.59167333868
            ],
            [
              63674.939951961576,
              36983.5868694956
            ],
            [
              63674.939951961576,
              36977.582065652525
            ],
            [
              63692.9543634908,
              36959.567654123304
            ],
            [
              63692.9543634908,
              36953.56285028023
            ],
            [
              63698.95916733387,
              36947.55804643715
            ],
            [
              63698.95916733387,
              36917.53402722178
            ],
            [
              63704.96397117695,
              36911.529223378704
            ],
            [
              63704.96397117695,
              36893.51481184948
            ],
            [
              63524.819855884714,
              36893.51481184948
            ]
          ]
        ]
      }
    },
    {
      "type": "Feature",
      "properties": {
        "class_id": 6,
        "classification": "OOF",
        "area": 5913.4577477834955
      },
      "geometry": {
        "type": "Polygon",
        "coordinates": [
          [
            [
              74897.91833466775,
              35086.06885508407
            ],
            [
              74885.9087269816,
              35098.078462770216
            ],
            [
              74879.90392313851,
              35098.078462770216
            ],
            [
              74879.90392313851,
              35104.08326661329
            ],
            [
              74867.89431545237,
              35116.092874299444
            ],
            [
              74867.89431545237,
              35122.09767814251
            ],
            [
              74861.88951160929,
              35128.10248198559
            ],
            [
              74861.88951160929,
              35134.107285828664
            ],
            [
              74843.87510008007,
              35152.121697357885
            ],
            [
              74843.87510008007,
              35158.12650120096
            ],
            [
              74855.88470776622,
              35170.13610888711
            ],
            [
              74861.88951160929,
              35170.13610888711
            ],
            [
              74867.89431545237,
              35176.14091273019
            ],
            [
              74879.90392313851,
              35176.14091273019
            ],
            [
              74885.9087269816,
              35170.13610888711
            ],
            [
              74891.91353082466,
              35170.13610888711
            ],
            [
              74897.91833466775,
              35164.13130504404
            ],
            [
              74903.92313851081,
              35164.13130504404
            ],
            [
              74927.94235388312,
              35140.11208967174
            ],
            [
              74933.94715772619,
              35140.11208967174
            ],
            [
              74945.95676541234,
              35128.10248198559
            ],
            [
              74945.95676541234,
              35122.09767814251
            ],
            [
              74951.9615692554,
              35116.092874299444
            ],
            [
              74951.9615692554,
              35104.08326661329
            ],
            [
              74945.95676541234,
              35098.078462770216
            ],
            [
              74945.95676541234,
              35092.07365892715
            ],
            [
              74939.95196156926,
              35086.06885508407
            ],
            [
              74897.91833466775,
              35086.06885508407
            ]
          ]
        ]
      }
    },
    {
      "type": "Feature",
      "properties": {
        "class_id": 6,
        "classification": "OOF",
        "area": 23653.830991133982
      },
      "geometry": {
        "type": "Polygon",
        "coordinates": [
          [
            [
              71481.18494795838,
              33416.73338670937
            ],
            [
              71475.1801441153,
              33422.738190552445
            ],
            [
              71457.16573258607,
              33422.738190552445
            ],
            [
              71451.160928743,
              33428.74299439552
            ],
            [
              71421.13690952763,
              33428.74299439552
            ],
            [
              71415.13210568455,
              33434.74779823859
            ],
            [
              71403.1224979984,
              33434.74779823859
            ],
            [
              71397.11769415533,
              33440.752602081666
            ],
            [
              71391.11289031226,
              33440.752602081666
            ],
            [
              71379.1032826261,
              33452.76220976782
            ],
            [
              71373.09847878302,
              33452.76220976782
            ],
            [
              71343.07445956765,
              33482.78622898319
            ],
            [
              71337.06965572458,
              33482.78622898319
            ],
            [
              71307.04563650921,
              33512.81024819856
            ],
            [
              71307.04563650921,
              33524.81985588471
            ],
            [
              71313.05044035228,
              33530.82465972778
            ],
            [
              71319.05524419536,
              33530.82465972778
            ],
            [
              71325.06004803843,
              33536.82946357086
            ],
            [
              71337.06965572458,
              33536.82946357086
            ],
            [
              71343.07445956765,
              33542.834267413935
            ],
            [
              71349.07926341073,
              33542.834267413935
            ],
            [
              71355.0840672538,
              33548.83907125701
            ],
            [
              71361.08887109689,
              33548.83907125701
            ],
            [
              71367.09367493996,
              33554.84387510008
            ],
            [
              71373.09847878302,
              33548.83907125701
            ],
            [
              71385.10808646918,
              33548.83907125701
            ],
            [
              71391.11289031226,
              33542.834267413935
            ],
            [
              71421.13690952763,
              33542.834267413935
            ],
            [
              71427.1417133707,
              33536.82946357086
            ],
            [
              71439.15132105685,
              33536.82946357086
            ],
            [
              71445.15612489992,
              33530.82465972778
            ],
            [
              71457.16573258607,
              33530.82465972778
            ],
            [
              71487.18975180144,
              33500.80064051241
            ],
            [
              71493.19455564451,
              33500.80064051241
            ],
            [
              71505.20416333067,
              33488.791032826266
            ],
            [
              71517.21377101682,
              33488.791032826266
            ],
            [
              71523.21857485989,
              33482.78622898319
            ],
            [
              71559.24739791834,
              33482.78622898319
            ],
            [
              71565.25220176141,
              33476.781425140114
            ],
            [
              71571.2570056045,
              33476.781425140114
            ],
            [
              71577.26180944756,
              33470.77662129704
            ],
            [
              71583.26661329063,
              33470.77662129704
            ],
            [
              71589.27141713371,
              33464.77181745396
            ],
            [
              71607.28582866293,
              33464.77181745396
            ],
            [
              71613.290632506,
              33458.76701361089
            ],
            [
              71619.29543634909,
              33458.76701361089
            ],
            [
              71625.30024019215,
              33464.77181745396
            ],
            [
              71637.3098478783,
              33464.77181745396
            ],
            [
              71643.31465172138,
              33470.77662129704
            ],
            [
              71655.32425940753,
              33470.77662129704
            ],
            [
              71661.32906325061,
              33476.781425140114
            ],
            [
              71667.33386709368,
              33476.781425140114
            ],
            [
              71673.33867093675,
              33482.78622898319
            ],
            [
              71709.3674939952,
              33482.78622898319
            ],
            [
              71715.37229783827,
              33476.781425140114
            ],
            [
              71733.38670936749,
              33476.781425140114
            ],
            [
              71679.34347477983,
              33476.781425140114
            ],
            [
              71673.33867093675,
              33470.77662129704
            ],
            [
              71661.32906325061,
              33470.77662129704
            ],
            [
              71655.32425940753,
              33464.77181745396
            ],
            [
              71649.31945556446,
              33464.77181745396
            ],
            [
              71643.31465172138,
              33458.76701361089
            ],
            [
              71637.3098478783,
              33458.76701361089
            ],
            [
              71631.30504403524,
              33452.76220976782
            ],
            [
              71625.30024019215,
              33452.76220976782
            ],
            [
              71619.29543634909,
              33446.75740592474
            ],
            [
              71613.290632506,
              33446.75740592474
            ],
            [
              71607.28582866293,
              33440.752602081666
            ],
            [
              71601.28102481987,
              33440.752602081666
            ],
            [
              71577.26180944756,
              33416.73338670937
            ],
            [
              71481.18494795838,
              33416.73338670937
            ]
          ]
        ]
      }
    },
    {
      "type": "Feature",
      "properties": {
        "class_id": 6,
        "classification": "OOF",
        "area": 90.14417298450451
      },
      "geometry": {
        "type": "Polygon",
        "coordinates": [
          [
            [
              75720.57646116894,
              29357.485988791035
            ],
            [
              75738.59087269816,
              29375.50040032026
            ],
            [
              75738.59087269816,
              29369.495596477183
            ],
            [
              75726.58126501202,
              29357.485988791035
            ],
            [
              75720.57646116894,
              29357.485988791035
            ]
          ]
        ]
      }
    }
  ],
  "metadata": {
    "class_mapping": {
      "1": "Normal Tissue",
      "2": "Fold",
      "3": "Darkspot & Foreign Object",
      "4": "PenMarking",
      "5": "Edge & Air Bubble",
      "6": "OOF",
      "7": "Background"
    },
    "scale_factor": 6.00480384307446
  }
}